0,0,0,0,0,9,19,25,21,29
0,0,0,0,0,0,0,0,25,14
0,0,0,0,0,10,0,0,0,11
1250,372,7,0,0,16,15,12,44,36
22,0,0,0,0,376,937,2061,449,38
0,0,0,0,0,25,0,0,45,22
46,0,0,9,0,16,0,0,0,10
57,0,0,0,0,8,0,13,0,5
0,0,0,0,0,10,3,6,53,39
6,4,22,17,6,29,0,0,0,0
1718,485,3,0,0,44,27,32,66,44
13,0,0,0,0,0,0,0,12,10
0,0,0,0,0,8,0,0,0,5
0,1,0,0,0,50,9,25,33,48
0,0,0,0,0,0,1,0,13,13
0,0,0,0,0,0,0,1,0,6
0,0,0,0,0,8,3,10,76,56
0,0,0,0,0,22,5,11,92,59
0,0,0,0,0,40,0,0,0,14
4,1,6,11,14,34,0,0,0,0
11,0,0,0,0,8,0,0,0,18
0,0,0,0,0,1,0,27,0,8
3435,3348,6021,17,10,52,49,60,110,72
4840,9025,20564,39,37,76,45,63,113,74
0,0,0,0,0,9,0,0,0,13
0,0,0,0,0,12,0,0,0,9
0,0,0,0,0,38,15,28,167,84
0,0,1,0,0,99,16,49,61,87
3,0,0,0,1,136,24,87,80,93
3,0,0,0,0,21,19,35,293,66
0,0,0,0,0,0,0,1,5,1
0,0,0,0,0,0,11,28,200,46
0,0,0,0,0,0,0,10,0,30
0,0,0,0,0,46,0,0,0,28
23,0,0,0,0,0,0,0,0,10
1,0,0,0,1,183,34,86,132,135
64,0,0,0,0,1472,3410,7946,1617,138
0,0,0,1,1,145,114,511,10,165
3,0,0,0,0,71,99,84,95,164
1,0,0,0,0,68,21,31,263,175
8,0,0,0,0,324,36,224,246,218
9,0,0,0,0,104,123,583,824,207
0,0,0,0,0,40,37,253,312,107
6,0,0,1,4,540,89,258,354,454
37926,7062,5400,16,18,633,382,546,1093,619
5,0,0,0,0,291,362,311,363,553
250,0,1,0,1,6767,14747,37012,7890,558
17,0,0,2,0,314,157,216,1573,1016
2050,24,97,1006,1437,285029,39393,125319,37319,1933
32,0,1,6,10,2827,496,1571,2048,2302
37,0,0,1,1,1185,1704,1526,1638,2676
49,1,0,1,0,1149,561,728,5728,3713
128,1,1,12,9,10819,1950,6465,8505,9220
260,0,1,18,9,5087,2322,3136,26043,16235
0,0,0,0,0,0,0,1778,0,2349
690,4,5,107,108,50806,8183,28197,38398,39943
22852,35,45,4,53,663505,1374995,3316968,746008,56706
3969,12,45,222,166,116244,153151,139261,162379,258962
22391,70,211,1013,849,510402,206681,295871,2558847,1587758
57657,243,702,6923,8688,4818795,719416,2499814,3481430,3747316
0,0,0,0,4,0,0,8,0,0
0,0,4,1,0,0,0,0,0,0
7,0,0,0,0,0,0,16,0,0
1,0,0,0,0,0,30,6,0,0
0,0,0,0,0,1,8,14,0,0
0,0,0,0,0,9,0,15,0,0
0,4,5,1,0,0,0,0,0,0
0,0,0,0,0,16,0,30,0,0
8,0,0,0,7,12,0,0,0,0
2,7,14,3,0,0,0,0,0,0
2,0,0,0,0,21,0,21,0,0
31,0,0,0,0,0,0,39,0,0
0,3,2,1,0,0,0,0,0,0
7,31,0,0,0,0,0,0,0,0
0,0,0,0,0,0,0,2,6,1
0,0,0,0,0,1,3,1,0,0
0,0,0,0,0,12,21,54,0,0
0,0,0,0,0,7,12,24,0,0
20,0,0,0,0,11,0,28,0,0
1,0,0,0,0,0,48,176,0,0
0,0,0,0,0,0,52,145,0,0
0,0,0,0,0,0,1516,3616,0,0
0,0,0,0,0,0,1820,4037,0,0
1,0,1,4,4,68,0,0,0,0
318,0,0,0,0,0,0,679,0,0
0,0,0,0,0,2275,0,1540,0,0
0,0,5,1,0,0,0,0,0,0
0,1,12,1,0,0,0,0,0,0
2,1,1,1,0,0,0,0,0,0
1,0,13,1,0,0,0,0,0,0
0,0,6,1,0,0,0,0,0,0
0,1,19,28,41,112,0,0,0,0
108,214,666,1,0,0,0,0,0,0
0,0,0,0,0,0,10,0,0,18
0,17,24,1,0,0,0,0,0,0
0,0,4,1,0,0,0,0,0,0
2,0,18,1,0,0,0,0,0,0
0,1,11,1,0,0,0,0,0,0
1,0,11,1,0,0,0,0,0,0
0,0,0,0,0,12,3,5,7,15
0,1,11,1,0,0,0,0,0,0
1,1,13,1,0,0,0,0,0,0
1,0,8,1,0,0,0,0,0,0
88,129,1,0,0,3,1,2,2,1
23,31,0,0,0,0,0,0,0,0
0,25,130,1,0,0,0,0,0,0
0,0,0,0,0,2,1,0,0,8
1,1,19,1,0,0,0,0,0,0
1,1,20,1,0,0,0,0,0,0
1,1,6,1,0,0,0,0,0,0
4,8,76,1,0,0,0,0,0,0
0,0,0,0,0,0,0,0,3,10
0,0,0,0,0,8,0,7,0,0
0,6,1,1,0,0,0,0,0,0
16,31,0,0,0,0,0,0,0,0
3,4,5,1,0,0,0,0,0,0
0,0,4,1,0,0,0,0,0,0
0,1,4,1,0,0,0,0,0,0
1,0,6,1,0,0,0,0,0,0
152,190,8,0,0,1,2,3,8,5
1,0,8,1,0,0,0,0,0,0
1,1,8,1,0,0,0,0,0,0
1,0,5,1,0,0,0,0,0,0
131,142,6,0,0,3,1,0,6,4
4,2,27,3,1,2,0,0,0,0
1,1,16,1,0,0,0,0,0,0
185,191,0,0,0,2,2,1,6,3
4,2,16,1,0,0,0,0,0,0
0,0,4,1,0,0,0,0,0,0
1,0,8,1,0,0,0,0,0,0
0,0,0,0,0,1,1,0,3,3
113,89,5,0,0,6,3,2,6,4
0,1,11,1,0,0,0,0,0,0
0,0,0,0,0,4,0,8,0,0
2,7,29,2,0,0,0,0,0,0
0,2,12,1,0,0,0,0,0,0
314,297,1,0,0,4,3,4,8,5
0,3,16,2,0,0,0,0,0,0
1,2,8,2,0,0,0,0,0,0
3,4,23,1,0,0,0,0,0,0
0,1,8,1,0,0,0,0,0,0
0,1,13,1,0,0,0,0,0,0
0,1,8,1,0,0,0,0,0,0
1,5,7,1,0,0,0,0,0,0
0,1,7,1,0,0,0,0,0,0
0,1,3,1,0,0,0,0,0,0
1,1,11,1,0,0,0,0,0,0
0,0,5,1,0,0,0,0,0,0
2,15,40,1,0,0,0,0,0,0
0,0,0,0,0,6,17,0,0,0
1,1,6,1,0,0,0,0,0,0
16,32,0,0,0,0,0,0,0,0
17,32,0,0,0,0,0,0,0,0
0,3,7,1,0,0,0,0,0,0
32,60,5,0,0,1,0,2,2,2
57,100,1,0,0,0,1,1,1,3
0,5,18,1,0,0,0,0,0,0
1,1,16,1,0,0,0,0,0,0
0,2,17,1,0,0,0,0,0,0
1,1,13,1,0,0,0,0,0,0
1,0,9,1,0,0,0,0,0,0
1,0,4,1,0,0,0,0,0,0
0,5,8,1,0,0,0,0,0,0
0,3,20,1,0,0,0,0,0,0
0,0,4,1,0,0,0,0,0,0
0,2,14,1,0,0,0,0,0,0
0,1,4,1,0,0,0,0,0,0
43,12,0,0,0,0,0,1,4,1
121,115,4,0,0,5,0,5,4,1
0,0,0,0,0,2,2,6,0,0
10,28,0,0,0,0,0,0,0,0
1,3,19,1,0,0,0,0,0,0
0,0,6,1,0,0,0,0,0,0
776,287,7,0,0,8,4,9,19,11
4,1,17,1,0,0,0,0,0,0
374,57,18,0,0,7,5,8,9,3
0,1,7,1,0,0,0,0,0,0
178,177,0,0,0,2,2,1,7,2
0,2,12,1,0,0,0,0,0,0
0,2,14,1,0,0,0,0,0,0
0,2,7,1,0,0,0,0,0,0
0,3,24,1,0,0,0,0,0,0
0,1,12,1,0,0,0,0,0,0
12,31,0,0,0,0,0,0,0,0
0,1,6,0,0,40,1,1,0,0
0,1,8,1,0,0,0,0,0,0
0,3,8,1,0,0,0,0,0,0
0,3,25,1,0,0,0,0,0,0
0,1,7,4,0,0,0,0,0,0
0,1,10,1,0,0,0,0,0,0
1,2,11,1,0,0,0,0,0,0
0,1,4,1,0,0,0,0,0,0
4,4,40,1,0,0,0,0,0,0
333,324,11,0,0,5,1,7,15,11
2,3,11,2,0,0,0,0,0,0
2,1,8,1,0,0,0,0,0,0
242,279,1,0,0,3,3,5,6,9
0,0,0,0,1,0,0,0,0,6
120,7,10,0,0,1,4,1,2,1
0,0,7,4,0,0,0,0,0,0
1,5,11,1,0,0,0,0,0,0
0,0,8,1,1,1,0,0,0,0
0,0,5,1,0,0,0,0,0,0
0,2,9,1,0,0,0,0,0,0
60,76,1,0,0,1,0,1,3,1
14,25,0,0,0,0,0,0,0,0
0,8,12,1,0,0,0,0,0,0
0,1,8,1,0,0,0,0,0,0
0,2,9,1,0,0,0,0,0,0
1,0,4,1,0,0,0,0,0,0
15,33,0,0,0,0,0,0,0,0
29,28,76,1,0,0,0,0,0,0
0,0,4,1,0,0,0,0,0,0
0,1,11,1,0,0,0,0,0,0
0,1,8,1,0,0,0,0,0,0
1,1,7,1,0,0,0,0,0,0
3,0,20,2,0,0,0,0,0,0
280,307,89,0,0,9,3,4,13,6
0,0,8,0,0,64,0,1,3,1
1,1,4,1,0,0,0,0,0,0
1,2,1,1,0,0,0,0,0,0
190,59,80,0,0,4,0,2,2,1
0,0,0,0,0,0,0,10,5,15
0,0,0,0,1,4,0,0,0,0
0,0,0,1,0,20,13,0,0,0
274,250,2,0,0,3,2,3,8,3
1,0,5,1,0,0,0,0,0,0
1,0,0,0,0,5,2,5,21,11
3,7,80,2,0,0,0,0,0,0
0,0,4,1,0,0,0,0,0,0
0,0,5,1,0,0,0,0,0,0
0,0,4,1,0,0,0,0,0,0
172,166,3,0,0,1,0,1,5,2
39,0,0,0,0,0,0,22,0,0
0,2,11,1,0,0,0,0,0,0
0,5,1,1,0,0,0,0,0,0
0,0,6,1,0,0,0,0,0,0
2,5,18,1,0,0,0,0,0,0
6,3,0,0,0,0,0,0,0,0
37,0,0,0,0,0,0,1,2,3
0,0,5,1,0,0,0,0,0,0
0,0,5,1,0,0,0,0,0,0
0,1,12,1,0,0,0,0,0,0
1,2,16,1,0,0,0,0,0,0
1,6,49,1,0,0,0,0,0,0
0,3,15,1,0,0,0,0,0,0
1,2,8,1,0,0,0,0,0,0
0,2,13,1,0,0,0,0,0,0
1,0,8,1,0,0,0,0,0,0
0,5,10,1,0,0,0,0,0,0
1,2,8,1,0,0,0,0,0,0
0,1,11,1,0,0,0,0,0,0
45,1,2,0,0,1,0,2,2,1
0,1,7,1,0,0,0,0,0,0
436,180,9,0,0,6,5,10,9,12
1,1,11,1,0,0,0,0,0,0
0,3,10,1,0,0,0,0,0,0
71,168,3,0,0,3,0,2,1,2
0,3,5,1,0,0,0,0,0,0
2,0,4,1,0,0,0,0,0,0
0,0,5,1,0,0,0,0,0,0
0,1,5,1,0,0,0,0,0,0
0,0,5,1,0,0,0,0,0,0
578,192,6,0,0,5,2,10,15,8
0,0,6,1,0,0,0,0,0,0
0,3,5,1,0,0,0,0,0,0
0,0,6,1,0,0,0,0,0,0
0,0,0,0,0,1,5,4,1,1
0,0,5,1,0,0,0,0,0,0
0,1,3,1,0,0,0,0,0,0
1,1,9,1,0,0,0,0,0,0
1,0,12,1,0,0,0,0,0,0
1,0,11,1,0,0,0,0,0,0
1,1,17,1,0,0,0,0,0,0
611,549,2,0,0,11,4,6,12,14
0,1,4,1,0,0,0,0,0,0
0,1,7,1,0,0,0,0,0,0
1,0,9,3,0,0,0,0,0,0
0,0,4,1,0,0,0,0,0,0
0,0,0,0,0,7,6,3,20,26
3,6,58,1,0,0,0,0,0,0
251,299,1,0,0,5,3,2,5,2
15,162,808,2,0,0,0,0,0,0
1,2,25,1,0,0,0,0,0,0
37,35,0,0,0,0,0,0,0,0
0,0,6,1,0,0,0,0,0,0
2,1,25,1,0,0,0,0,0,0
5,0,0,0,0,42,427,1257,303,11
43,36,0,0,0,0,0,0,0,0
0,2,2,1,0,0,0,0,0,0
341,363,2,0,0,10,3,6,10,6
1,0,10,1,0,0,0,0,0,0
0,0,6,1,0,0,0,0,0,0
2,1,5,1,0,0,0,0,0,0
0,0,6,1,0,0,0,0,0,0
0,0,6,1,0,0,0,0,0,0
1,0,0,0,0,3,1,0,8,10
0,2,10,1,0,0,0,0,0,0
64,247,902,1,2,2,0,0,0,0
0,0,0,0,0,9,1,1,0,0
1,0,4,1,0,0,0,0,0,0
0,0,5,1,0,0,0,0,0,0
1379,1719,1491,3,3,27,14,19,33,25
4,4,33,1,0,0,0,0,0,0
0,0,0,0,0,29,0,6,30,5
412,514,13,0,0,6,0,4,13,9
214,296,5,0,0,3,0,5,6,4
1,2,14,1,0,0,0,0,0,0
174,207,0,0,0,2,0,4,5,4
1,8,12,1,0,0,0,0,0,0
0,0,6,1,0,0,0,0,0,0
0,2,13,1,0,0,0,0,0,0
0,2,5,1,0,0,0,0,0,0
0,3,6,1,0,0,0,0,0,0
0,3,9,1,0,0,0,0,0,0
179,714,1625,6,3,4,1,4,4,2
0,1,7,1,0,0,0,0,0,0
100,116,0,0,0,3,2,1,4,2
10,110,615,2,0,0,0,0,0,0
1,2,3,1,0,0,0,0,0,0
0,0,0,0,0,12,10,0,0,0
0,0,6,1,0,0,0,0,0,0
1,1,11,1,0,0,0,0,0,0
0,2,2,1,0,0,0,0,0,0
0,1,3,1,0,0,0,0,0,0
3,6,25,2,0,0,0,0,0,0
418,492,636,0,0,7,1,3,13,3
0,1,8,1,0,0,0,0,0,0
1,0,5,1,0,0,0,0,0,0
0,1,8,1,0,0,0,0,0,0
2,0,12,1,0,0,0,0,0,0
101,117,1,0,0,3,1,1,3,1
0,0,4,1,0,0,0,0,0,0
0,2,17,1,0,0,0,0,0,0
2,2,16,1,0,0,0,0,0,0
3,6,42,0,0,14,0,8,9,7
1,2,22,1,0,0,0,0,0,0
0,0,4,1,0,0,0,0,0,0
0,0,0,47,57,0,0,0,0,0
1,0,7,1,0,0,0,0,0,0
1,13,8,1,0,0,0,0,0,0
0,4,2,1,0,0,0,0,0,0
31,48,1,0,0,0,0,1,2,3
0,0,0,0,0,3,1,0,3,4
57,183,624,1,0,0,0,0,0,0
24,26,305,2,0,0,0,0,0,0
1,0,8,1,0,0,0,0,0,0
1,0,10,1,0,0,0,0,0,0
0,1,4,1,0,0,0,0,0,0
0,7,3,1,0,0,0,0,0,0
756,885,0,0,0,23,6,9,19,14
26,38,0,0,0,0,0,0,0,0
184,183,1,0,0,4,2,5,4,2
29,38,0,0,0,0,0,0,0,0
188,105,0,0,1,5,1,1,4,5
3,0,11,2,0,0,0,0,0,0
1,10,62,1,0,0,0,0,0,0
0,1,13,1,0,0,0,0,0,0
0,1,10,1,0,0,0,0,0,0
1,4,3,1,0,0,0,0,0,0
22,38,0,0,0,0,0,0,0,0
199,215,0,1,0,3,2,3,4,5
612,634,10,0,0,9,6,10,12,5
0,0,4,1,0,0,0,0,0,0
0,2,2,1,0,0,0,0,0,0
0,1,4,1,0,0,0,0,0,0
8,4,31,1,0,0,0,0,0,0
4,4,15,1,0,0,0,0,0,0
0,1,9,1,0,0,0,0,0,0
0,0,5,1,0,0,0,0,0,0
0,0,5,1,0,0,0,0,0,0
1,13,9,1,0,0,0,0,0,0
0,0,13,2,0,0,0,0,0,0
27,77,21,1,0,0,0,0,0,0
0,0,5,1,0,0,0,0,0,0
49,59,0,0,0,1,1,2,4,3
5,27,0,0,0,0,0,0,0,0
2,6,49,2,0,0,0,0,0,0
0,1,10,1,0,0,0,0,0,0
0,1,7,1,0,0,0,0,0,0
0,0,6,1,0,0,0,0,0,0
1,0,4,3,0,0,0,0,0,0
1,2,25,1,0,0,0,0,0,0
0,0,5,1,0,0,0,0,0,0
1,0,13,1,0,0,0,0,0,0
1,0,5,1,0,0,0,0,0,0
0,1,7,1,0,0,0,0,0,0
0,0,5,1,0,0,0,0,0,0
0,5,13,1,0,0,0,0,0,0
0,0,5,1,0,0,0,0,0,0
0,1,7,1,0,0,0,0,0,0
1,0,0,0,0,7,4,4,18,9
2,6,19,2,0,0,0,0,0,0
56,65,1,0,0,1,1,0,2,3
752,291,127,0,0,15,9,15,35,18
71,19,0,0,0,1,1,4,0,0
0,0,4,1,0,0,0,0,0,0
0,3,2,1,0,0,0,0,0,0
0,0,0,0,0,21,28,0,0,0
0,1,7,1,0,0,0,0,0,0
1,0,7,1,0,0,0,0,0,0
1,0,5,1,0,0,0,0,0,0
0,2,3,1,0,0,0,0,0,0
236,176,0,0,0,3,2,3,6,4
0,1,8,1,0,0,0,0,0,0
56,51,0,0,0,1,2,0,4,3
0,0,0,0,0,0,0,0,4,4
0,0,0,0,0,6,10,10,12,14
0,1,4,1,0,0,0,0,0,0
241,380,7,0,0,4,4,3,12,8
0,3,7,1,0,0,0,0,0,0
0,0,6,1,0,0,0,0,0,0
192,330,0,0,0,2,1,3,5,3
0,4,7,1,0,0,0,0,0,0
1,2,7,1,0,0,0,0,0,0
0,1,9,1,0,0,0,0,0,0
2,0,0,0,0,32,83,368,52,1
0,1,9,1,0,0,0,0,0,0
0,0,5,1,0,0,0,0,0,0
1,0,6,2,0,0,0,0,0,0
0,0,0,0,0,32,60,119,23,3
0,1,7,1,0,0,0,0,0,0
92,27,639,2,1,4,1,0,4,1
832,751,4,0,0,14,6,9,25,16
1,6,6,1,0,0,0,0,0,0
500,572,2,0,0,8,4,11,14,12
0,0,8,2,0,0,0,0,0,0
1282,171,8,0,0,32,19,28,50,25
0,0,6,1,0,0,0,0,0,0
0,1,5,1,0,0,0,0,0,0
1,5,15,1,0,0,0,0,0,0
0,0,6,1,0,0,0,0,0,0
2,2,15,1,0,0,0,0,0,0
0,0,5,2,0,0,0,0,0,0
4,0,0,0,0,78,157,376,84,7
0,2,5,1,0,0,0,0,0,0
0,0,0,0,0,37,8,13,4,2
11,26,0,0,0,0,0,0,0,0
1,0,10,1,0,0,0,0,0,0
3,4,91,5,1,3,0,0,0,0
1,5,68,4,0,10,0,0,0,0
0,2,2,1,0,0,0,0,0,0
1664,7704,28790,41,47,20,16,17,27,21
5,16,86,1,0,0,0,0,0,0
4,4,23,1,0,0,0,0,0,0
534,536,6,0,0,10,2,6,14,9
1,4,15,1,0,0,0,0,0,0
0,1,3,1,0,0,0,0,0,0
1,0,10,1,0,0,0,0,0,0
0,5,4,1,0,0,0,0,0,0
0,0,0,0,0,0,0,0,8,2
2,3,10,2,0,0,0,0,0,0
641,1294,3546,2,7,7,4,11,23,9
0,1,9,1,0,0,0,0,0,0
0,4,7,1,0,0,0,0,0,0
0,0,6,1,0,0,0,0,0,0
1073,109,1,0,0,18,9,8,32,19
0,0,5,1,0,0,0,0,0,0
0,0,0,0,0,3,1,3,5,6
1,1,10,1,0,0,0,0,0,0
1,0,12,1,0,0,0,0,0,0
1,0,0,0,0,0,0,5,0,0
1,3,13,1,0,0,0,0,0,0
0,1,6,1,0,0,0,0,0,0
0,0,0,0,0,23,0,8,13,17
24,41,0,0,0,0,0,0,0,0
929,974,411,0,1,25,11,19,46,20
1,2,5,1,0,0,0,0,0,0
0,1,13,1,0,0,0,0,0,0
0,0,4,1,0,0,0,0,0,0
0,0,86,12,11,0,0,0,0,0
7,1,15,1,0,0,0,0,0,0
6,14,13,0,0,8,5,1,15,4
507,473,2,0,1,13,3,9,17,7
0,1,3,1,0,0,0,0,0,0
0,0,0,54,61,0,0,0,0,0
1,1,3,1,0,0,0,0,0,0
0,0,5,1,0,0,0,0,0,0
123,124,5,0,0,4,0,3,3,3
2,1,15,1,0,0,0,0,0,0
0,0,12,2,0,0,0,0,0,0
0,0,0,0,0,0,3,0,0,5
4,6,35,4,0,0,0,0,0,0
115,151,0,0,0,3,0,2,3,2
0,0,0,0,0,17,3,8,4,17
0,0,5,1,0,0,0,0,0,0
0,3,23,1,0,0,0,0,0,0
182,205,0,0,0,0,0,2,10,4
2,9,64,6,0,0,0,0,0,0
0,0,5,1,0,0,0,0,0,0
0,5,15,1,0,0,0,0,0,0
302,940,3492,11,6,2,1,7,4,5
1036,1329,12,0,0,22,14,14,36,19
0,0,5,2,0,0,0,0,0,0
2,0,11,1,0,0,0,0,0,0
1,0,4,1,0,0,0,0,0,0
0,0,6,1,0,0,0,0,0,0
0,5,25,2,0,0,0,0,0,0
0,5,14,1,0,0,0,0,0,0
0,1,11,1,0,0,0,0,0,0
63,41,0,0,0,0,0,0,0,0
1,1,4,1,0,0,0,0,0,0
3,4,46,1,0,0,0,0,0,0
0,0,0,0,0,0,2,8,7,2
0,1,7,1,0,0,0,0,0,0
0,0,0,0,0,1,3,7,8,7
44,41,0,0,0,1,0,2,3,2
2,3,20,1,0,0,0,0,0,0
0,4,5,1,0,0,0,0,0,0
1,1,12,1,0,0,0,0,0,0
1,2,25,1,0,0,0,0,0,0
0,1,3,1,0,0,0,0,0,0
1,4,3,1,0,0,0,0,0,0
0,0,0,0,1,20,0,10,0,7
0,1,3,1,0,0,0,0,0,0
0,0,4,1,0,0,0,0,0,0
0,2,13,1,0,0,0,0,0,0
0,1,13,1,0,0,0,0,0,0
0,0,0,0,0,0,2,1,1,1
0,0,4,1,0,0,0,0,0,0
0,3,6,1,0,0,0,0,0,0
20,4,1,1,0,0,0,0,0,0
1,0,9,1,0,0,0,0,0,0
0,0,0,0,0,0,8,0,4,11
1,2,1,1,0,0,0,0,0,0
0,1,9,1,0,0,0,0,0,0
0,1,7,1,0,0,0,0,0,0
1,0,0,0,0,36,5,13,14,28
662,642,4,0,0,11,3,7,15,6
1,1,7,1,0,0,0,0,0,0
0,0,0,1,4,190,19,87,21,5
0,0,6,1,0,0,0,0,0,0
1,0,11,1,0,0,0,0,0,0
1,5,0,0,0,0,0,0,0,0
2,2,17,1,0,0,0,0,0,0
0,12,30,1,0,0,0,0,0,0
0,0,0,0,0,4,12,22,5,1
0,0,4,1,0,0,0,0,0,0
95,132,0,0,0,0,1,1,4,4
0,0,6,1,0,0,0,0,0,0
1,0,10,1,0,0,0,0,0,0
0,0,0,0,0,36,10,0,0,0
0,0,4,1,0,0,0,0,0,0
0,3,12,1,0,0,0,0,0,0
62,43,0,0,0,0,0,0,0,0
1,0,8,1,0,0,0,0,0,0
1,0,0,0,0,16,39,97,21,3
0,0,0,0,0,3,2,5,4,6
1,0,0,0,0,16,28,85,9,3
1,0,8,1,0,0,0,0,0,0
27,44,0,0,0,0,0,0,0,0
0,6,5,1,0,0,0,0,0,0
0,0,5,1,0,0,0,0,0,0
0,0,0,0,0,0,4,0,18,7
0,3,16,1,0,0,0,0,0,0
0,0,4,1,0,0,0,0,0,0
0,1,7,1,0,0,0,0,0,0
0,0,4,1,0,0,0,0,0,0
0,12,55,1,0,0,0,0,0,0
8,45,0,0,0,0,0,0,0,0
29,0,0,12,0,0,0,0,0,0
14,46,0,0,0,0,0,0,0,0
0,2,7,1,0,0,0,0,0,0
0,62,40,1,0,0,0,0,0,0
3,0,25,1,0,0,0,0,0,0
0,5,8,1,0,0,0,0,0,0
1,0,7,1,0,0,0,0,0,0
1,4,32,2,0,0,0,0,0,0
0,2,5,1,0,0,0,0,0,0
0,2,7,1,0,0,0,0,0,0
41,543,1954,3,4,1,0,0,0,0
79,25,21,0,0,1,1,1,3,3
0,2,16,1,0,0,0,0,0,0
42,46,0,0,0,0,0,0,0,0
0,8,33,1,0,0,0,0,0,0
0,3,19,1,0,0,0,0,0,0
1661,2437,20113,36,36,25,13,25,35,24
1,0,13,1,0,0,0,0,0,0
73,17,0,0,0,3,3,3,1,3
0,2,20,1,0,0,0,0,0,0
13,1,1,12,11,2952,405,1386,418,13
0,0,0,0,0,2,3,6,4,9
13,46,0,0,0,0,0,0,0,0
6,87,88,1,0,0,0,0,0,0
4,0,12,1,0,0,0,0,0,0
23,7,0,0,0,0,0,0,0,0
0,2,19,1,0,0,0,0,0,0
0,0,9,3,0,0,0,0,0,0
1,0,12,1,0,0,0,0,0,0
319,340,2,0,0,5,5,2,12,6
0,2,11,1,0,0,0,0,0,0
0,1,6,1,0,0,0,0,0,0
0,1,3,1,0,0,0,0,0,0
210,0,1198,96,100,0,0,0,0,0
470,422,2,0,0,15,3,8,8,6
0,3,11,1,0,0,0,0,0,0
1,1,5,1,0,0,0,0,0,0
0,1,9,1,0,0,0,0,0,0
103,94,0,0,0,2,0,2,2,2
1,0,5,1,0,0,0,0,0,0
25,47,0,0,0,0,0,0,0,0
0,5,24,1,0,0,0,0,0,0
67,123,20,0,0,1,1,1,2,3
0,0,19,3,0,0,0,0,0,0
35,47,0,0,0,0,0,0,0,0
7,14,199,2,7,4,0,0,0,0
0,0,4,1,0,0,0,0,0,0
1,1,2,1,0,0,0,0,0,0
0,0,4,2,2,5,0,0,0,0
33,48,0,0,0,0,0,0,0,0
332,355,2,0,0,8,4,10,11,4
50,48,0,0,0,0,0,0,0,0
3,3,29,1,0,0,0,0,0,0
1,1,19,1,0,0,0,0,0,0
0,4,2,1,0,0,0,0,0,0
1,0,5,1,0,0,0,0,0,0
0,0,0,0,0,0,0,0,1,5
0,0,4,1,0,0,0,0,0,0
0,0,0,0,0,0,1,6,0,0
0,3,9,1,0,0,0,0,0,0
0,1,6,1,0,0,0,0,0,0
0,0,4,1,0,0,0,0,0,0
0,3,4,1,0,0,0,0,0,0
137,111,0,0,0,0,0,3,6,6
2,1,9,1,0,0,0,0,0,0
0,0,5,1,0,0,0,0,0,0
0,2,2,1,0,0,0,0,0,0
3,17,124,1,0,0,0,0,0,0
1,2,15,1,0,0,0,0,0,0
0,0,6,1,0,0,0,0,0,0
7,4,38,4,1,18,0,0,0,0
1,2,16,1,0,0,0,0,0,0
2,5,26,1,0,0,0,0,0,0
1,4,15,1,0,0,0,0,0,0
0,0,4,1,0,0,0,0,0,0
0,0,0,0,0,0,0,0,3,2
62,57,10,0,0,1,2,1,1,2
0,1,13,1,0,0,0,0,0,0
78,103,0,0,0,2,0,1,4,1
0,0,4,1,0,0,0,0,0,0
7,31,223,1,0,0,0,0,0,0
0,0,0,0,0,16,2,10,12,15
1,0,9,1,0,0,0,0,0,0
0,0,4,1,0,0,0,0,0,0
0,0,0,0,0,6,0,1,6,2
0,7,2,1,0,0,0,0,0,0
1,1,20,1,0,0,0,0,0,0
0,10,12,1,0,0,0,0,0,0
1,2,8,1,0,0,0,0,0,0
0,2,3,1,0,0,0,0,0,0
0,2,3,2,0,0,0,0,0,0
2,6,9,1,0,0,0,0,0,0
0,1,8,1,0,0,0,0,0,0
0,0,6,1,0,0,0,0,0,0
2,1,20,1,0,0,0,0,0,0
17,50,0,0,0,0,0,0,0,0
0,1,8,1,0,0,0,0,0,0
0,4,5,1,0,0,0,0,0,0
1,1,14,1,0,0,0,0,0,0
0,0,5,1,0,0,0,0,0,0
0,4,8,1,0,0,0,0,0,0
0,1,3,1,0,0,0,0,0,0
1,1,8,1,0,0,0,0,0,0
0,1,10,1,0,0,0,0,0,0
1,1,12,1,0,0,0,0,0,0
1,6,46,1,0,0,0,0,0,0
0,0,0,0,0,0,0,0,2,12
0,3,1,1,0,0,0,0,0,0
0,1,9,1,0,0,0,0,0,0
0,2,15,1,0,0,0,0,0,0
0,2,4,1,0,0,0,0,0,0
0,0,0,1,1,9,0,0,0,0
264,199,0,0,0,2,2,2,12,4
0,0,5,1,0,0,0,0,0,0
0,0,0,0,0,4,0,24,0,0
1,0,6,1,0,0,0,0,0,0
3,2,21,1,0,0,0,0,0,0
0,1,8,1,0,0,0,0,0,0
4,4,52,3,0,5,0,0,0,0
1,0,12,1,0,0,0,0,0,0
0,1,10,1,0,0,0,0,0,0
0,5,14,1,0,0,0,0,0,0
1,1,11,1,0,0,0,0,0,0
1,2,14,1,1,5,0,0,0,0
0,2,2,1,0,0,0,0,0,0
2,2,9,1,0,0,0,0,0,0
0,0,6,1,0,0,0,0,0,0
0,4,19,1,0,0,0,0,0,0
1,0,6,1,0,0,0,0,0,0
6,1,49,1,0,0,0,0,0,0
0,1,17,2,0,0,0,0,0,0
0,0,0,0,0,0,0,1,0,5
32,33,13,0,0,1,0,0,6,1
0,0,4,1,0,0,0,0,0,0
1,1,18,1,0,0,0,0,0,0
44,43,15,0,0,0,1,2,1,1
0,2,9,1,0,0,0,0,0,0
0,7,14,1,0,0,0,0,0,0
1,1,12,1,0,0,0,0,0,0
0,1,7,1,0,0,0,0,0,0
1,0,8,1,0,0,0,0,0,0
0,2,13,1,0,0,0,0,0,0
0,0,4,1,0,0,0,0,0,0
0,1,4,1,0,0,0,0,0,0
2,3,12,1,0,0,0,0,0,0
0,2,19,1,0,0,0,0,0,0
0,3,7,1,0,0,0,0,0,0
1,0,7,1,0,0,0,0,0,0
1,6,3,1,0,0,0,0,0,0
0,9,12,1,0,0,0,0,0,0
0,0,4,1,0,0,0,0,0,0
0,2,13,1,0,0,0,0,0,0
0,1,13,1,0,0,0,0,0,0
0,2,4,1,0,0,0,0,0,0
11,57,0,0,0,0,0,0,0,0
0,2,9,1,0,0,0,0,0,0
0,0,5,1,0,0,0,0,0,0
0,2,6,1,0,0,0,0,0,0
29,181,158,1,0,0,0,0,0,0
1,1,11,1,0,0,0,0,0,0
76,44,1,0,0,0,0,1,2,2
1,1,14,1,0,0,0,0,0,0
5,2,23,0,0,0,0,0,0,0
0,0,6,1,0,0,0,0,0,0
1,2,16,1,0,0,0,0,0,0
6,3,11,1,0,0,0,0,0,0
2,3,45,1,3,10,0,0,0,0
0,0,6,1,0,0,0,0,0,0
0,0,0,0,0,3,0,2,2,5
1,2,23,1,0,0,0,0,0,0
538,744,755,0,4,13,4,9,11,5
0,0,6,1,0,0,0,0,0,0
26,0,0,0,0,0,1,1,1,2
0,3,6,1,0,0,0,0,0,0
0,11,1,1,0,0,0,0,0,0
1,1,9,1,0,0,0,0,0,0
0,0,0,0,0,0,13,0,19,11
0,0,4,1,0,0,0,0,0,0
3,6,30,1,0,0,0,0,0,0
0,0,4,1,0,0,0,0,0,0
0,2,4,1,0,0,0,0,0,0
1,1,13,1,0,0,0,0,0,0
1,1,8,1,0,0,0,0,0,0
41,59,0,0,0,0,0,0,0,0
9,10,75,1,0,0,0,0,0,0
156,119,1,0,0,5,4,2,10,1
190,245,1,0,0,5,2,6,6,1
1,81,134,1,0,0,0,0,0,0
2,0,9,1,0,0,0,0,0,0
0,3,13,1,0,0,0,0,0,0
823,969,18,0,0,10,10,14,22,15
2,3,16,1,0,0,0,0,0,0
2,0,11,2,4,5,0,0,0,0
133,102,2,0,1,1,1,2,3,3
4,22,255,0,0,20,0,0,0,0
1,2,14,1,0,0,0,0,0,0
0,3,20,1,0,0,0,0,0,0
2,4,0,0,0,0,0,0,0,0
61,18,2,0,0,0,0,3,1,1
3,7,9,1,0,0,0,0,0,0
0,2,15,0,0,5,0,0,0,0
1,3,11,1,0,0,0,0,0,0
18,149,721,1,0,0,0,0,0,0
22,60,0,0,0,0,0,0,0,0
3,2,75,2,1,11,0,0,0,0
1,2,8,1,0,0,0,0,0,0
1,9,11,1,0,0,0,0,0,0
0,1,6,1,0,0,0,0,0,0
169,220,1,0,0,3,1,1,5,1
0,1,7,1,0,0,0,0,0,0
1,0,9,1,0,0,0,0,0,0
2,2,30,1,0,0,0,0,0,0
2,5,14,1,0,0,0,0,0,0
0,2,6,1,0,0,0,0,0,0
3,2,15,1,0,0,0,0,0,0
1,0,12,1,0,0,0,0,0,0
0,1,5,1,0,0,0,0,0,0
0,2,2,1,0,0,0,0,0,0
0,3,2,1,0,0,0,0,0,0
3,2,26,1,0,0,0,0,0,0
8,7,0,0,0,0,0,0,0,0
3,1,5,1,0,0,0,0,0,0
1,11,9,1,0,0,0,0,0,0
241,312,249,0,2,3,4,6,5,5
2,3,17,1,0,0,0,0,0,0
0,0,6,1,0,0,0,0,0,0
0,2,9,1,0,0,0,0,0,0
0,4,3,1,0,0,0,0,0,0
33,233,1160,1,0,0,0,0,0,0
0,2,9,1,0,0,0,0,0,0
0,0,5,1,0,0,0,0,0,0
0,0,6,1,0,0,0,0,0,0
1,1,14,1,0,0,0,0,0,0
0,3,25,1,0,0,0,0,0,0
0,4,22,1,0,0,0,0,0,0
1,5,16,1,0,0,0,0,0,0
0,0,6,1,0,0,0,0,0,0
2,7,5,1,0,0,0,0,0,0
0,0,5,1,0,0,0,0,0,0
0,1,13,1,0,0,0,0,0,0
0,17,30,1,0,0,0,0,0,0
1,2,3,1,0,0,0,0,0,0
1,1,20,1,0,0,0,0,0,0
0,2,2,1,0,0,0,0,0,0
3,5,52,1,0,0,0,0,0,0
0,1,9,1,0,0,0,0,0,0
0,7,28,1,0,0,0,0,0,0
2,4,27,2,0,0,0,0,0,0
0,0,4,1,0,0,0,0,0,0
0,1,4,1,0,0,0,0,0,0
0,1,7,1,0,0,0,0,0,0
10,12,102,1,0,0,0,0,0,0
0,0,6,1,0,0,0,0,0,0
50,64,0,0,0,0,0,0,0,0
1,17,64,1,0,0,0,0,0,0
14,66,0,0,0,0,0,0,0,0
0,11,4,1,0,0,0,0,0,0
0,0,4,1,0,0,0,0,0,0
0,0,0,0,0,0,1,3,2,1
0,0,4,1,0,0,0,0,0,0
0,11,3,1,0,0,0,0,0,0
2,2,21,1,0,0,0,0,0,0
3,7,18,2,2,4,0,0,0,0
438,607,5393,36,33,5,0,0,0,0
4,3,31,0,0,0,0,0,0,0
0,0,6,1,0,0,0,0,0,0
0,11,10,2,0,0,0,0,0,0
55,41,2,0,0,1,0,3,1,2
1,1,12,1,0,0,0,0,0,0
5,4,35,1,0,0,0,0,0,0
0,5,20,1,0,0,0,0,0,0
0,1,11,1,0,0,0,0,0,0
0,4,12,1,0,0,0,0,0,0
0,2,5,1,0,0,0,0,0,0
84,0,6,1,0,1,0,1,4,1
0,5,14,1,0,0,0,0,0,0
2,0,8,1,0,0,0,0,0,0
1,1,7,1,0,0,0,0,0,0
2,1,1,1,0,0,0,0,0,0
0,0,5,1,0,0,0,0,0,0
0,0,0,0,0,0,5,0,7,1
46,59,0,0,0,0,0,0,0,0
1,0,9,1,0,0,0,0,0,0
1,0,9,1,0,0,0,0,0,0
1,0,11,1,0,0,0,0,0,0
0,0,6,1,0,0,0,0,0,0
0,0,4,1,0,0,0,0,0,0
1,0,10,1,0,0,0,0,0,0
0,3,4,1,0,0,0,0,0,0
0,0,0,0,0,0,1,0,1,4
0,1,5,1,0,0,0,0,0,0
1,7,22,1,0,0,0,0,0,0
11,8,0,0,0,0,0,0,0,0
1,1,16,1,0,0,0,0,0,0
0,4,2,1,0,0,0,0,0,0
0,3,3,1,0,0,0,0,0,0
0,0,3,2,0,0,0,0,0,0
2,0,14,1,0,0,0,0,0,0
4,2,12,1,0,0,0,0,0,0
1,7,25,1,0,0,0,0,0,0
0,1,13,1,0,0,0,0,0,0
1,0,8,1,0,0,0,0,0,0
49,3,2,0,0,2,0,1,5,1
1,0,9,1,0,0,0,0,0,0
2,0,15,1,0,0,0,0,0,0
6,5,36,1,0,0,0,0,0,0
0,0,4,1,0,0,0,0,0,0
2,0,12,1,0,0,0,0,0,0
42,0,0,0,0,2,1,2,3,1
2,6,41,1,0,0,0,0,0,0
55,65,245,0,0,0,1,1,4,1
0,1,8,1,0,0,0,0,0,0
0,0,6,1,0,0,0,0,0,0
1,1,9,1,0,0,0,0,0,0
1,0,8,1,0,0,0,0,0,0
0,1,7,1,0,0,0,0,0,0
1,0,11,1,0,0,0,0,0,0
0,1,11,1,0,0,0,0,0,0
1,1,2,1,0,0,0,0,0,0
1,3,26,1,0,0,0,0,0,0
1,0,7,1,0,0,0,0,0,0
0,5,8,1,0,0,0,0,0,0
0,1,7,2,0,0,0,0,0,0
3,5,25,1,0,0,0,0,0,0
16,73,0,0,0,0,0,0,0,0
0,2,75,8,7,20,0,0,0,0
0,0,2,0,0,5,0,0,0,0
1,0,12,1,0,0,0,0,0,0
0,0,0,0,0,0,0,0,4,2
0,2,15,1,0,0,0,0,0,0
7,9,97,1,0,0,0,0,0,0
0,3,12,1,0,0,0,0,0,0
0,14,9,1,0,0,0,0,0,0
0,0,5,1,0,0,0,0,0,0
0,0,6,1,0,0,0,0,0,0
0,0,0,0,0,0,2,5,0,0
0,9,38,1,0,0,0,0,0,0
2,4,14,1,0,0,0,0,0,0
0,0,0,0,1,4,0,0,0,0
1,2,13,1,0,0,0,0,0,0
0,1,4,1,0,0,0,0,0,0
0,0,0,0,0,6,2,3,2,10
1,2,7,1,0,0,0,0,0,0
1,1,8,1,0,0,0,0,0,0
1,2,6,1,0,0,0,0,0,0
0,1,9,1,0,0,0,0,0,0
28,60,1,0,0,0,0,1,3,1
0,0,2,0,0,10,0,0,0,0
0,0,10,2,0,0,0,0,0,0
1,1,12,1,0,0,0,0,0,0
0,2,10,1,0,0,0,0,0,0
0,7,47,1,0,0,0,0,0,0
1,0,4,1,0,0,0,0,0,0
2,2,23,1,0,0,0,0,0,0
2,4,28,0,0,0,0,0,0,0
0,1,9,1,0,0,0,0,0,0
3,1,31,1,0,0,0,0,0,0
1,2,24,1,0,0,0,0,0,0
0,3,7,1,0,0,0,0,0,0
0,0,5,1,0,0,0,0,0,0
1,0,0,0,0,0,1,13,8,2
1,1,13,1,0,0,0,0,0,0
0,2,2,1,0,0,0,0,0,0
0,1,12,1,0,0,0,0,0,0
268,193,21,0,0,5,0,2,5,5
3,0,10,1,0,0,0,0,0,0
0,7,47,1,0,0,0,0,0,0
5,75,161,1,0,0,0,0,0,0
1,12,7,1,0,0,0,0,0,0
0,0,5,1,0,0,0,0,0,0
0,4,3,1,0,0,0,0,0,0
0,0,6,1,0,0,0,0,0,0
25,80,0,0,0,0,0,0,0,0
318,3241,14925,23,24,0,1,3,3,1
0,0,6,1,0,0,0,0,0,0
21,0,0,0,0,0,0,0,16,0
0,0,0,0,0,0,0,24,5,0
0,0,0,1,0,0,0,0,6,0
0,0,0,15,0,0,0,9,4,0
0,0,0,0,0,34,15,0,0,0
0,1,0,0,0,136,0,0,21,0
23,0,0,0,0,0,0,18,7,0
0,0,0,0,0,6,0,26,10,0
11,0,0,0,0,0,0,11,22,0
0,0,0,0,0,13,0,34,5,0
0,0,0,0,0,28,0,76,8,0
0,0,0,0,0,0,3,0,6,0
0,0,0,0,0,0,0,0,56,17
0,0,0,0,0,0,9,0,27,0
0,0,0,0,0,0,0,26,16,0
0,0,0,0,0,36,0,0,12,0
0,0,0,0,0,0,0,2,8,0
0,5,0,0,0,0,0,1,12,0
0,0,0,0,0,8,0,0,12,0
4,0,0,1,0,642,103,294,90,0
15,0,0,0,0,0,0,16,22,0
0,0,0,0,0,0,0,36,25,0
0,6,2,0,0,0,0,0,0,0
295,0,0,0,0,0,0,9418,2142,0
170,0,0,0,0,0,0,10148,2273,0
0,0,0,0,20,6325,0,3166,4364,0
1595,0,0,75,68,1464,0,0,953,0
4722,0,0,115,171,2545,0,0,2077,0
2607,0,0,82,119,1483,0,0,981,0
534,0,0,0,0,2904,0,2366,3291,0
0,0,0,0,0,18,0,4006,5159,0
0,0,0,0,0,0,2,8,3,0
12,96,516,1,1,0,0,0,0,0
0,8,31,0,0,0,0,0,0,0
0,0,0,0,0,1,2,10,1,0
1,4,31,0,0,0,0,0,0,0
3,9,31,0,0,0,0,0,0,0
3,2,29,0,0,0,0,0,0,0
39,479,2093,2,3,0,0,0,0,0
2,3,31,0,0,0,0,0,0,0
18,222,870,1,1,0,0,0,0,0
0,14,30,0,0,0,0,0,0,0
0,0,0,0,0,1,0,0,5,0
0,0,5,2,0,0,0,0,0,0
29,29,255,6,2,0,0,0,0,0
0,3,16,1,0,0,0,0,0,0
2,5,30,0,0,0,0,0,0,0
0,11,31,0,0,0,0,0,0,0
1,5,30,0,0,0,0,0,0,0
0,6,53,1,1,0,0,0,0,0
1,5,31,0,0,0,0,0,0,0
34,149,556,1,1,0,0,0,0,0
1,4,30,0,0,0,0,0,0,0
45,52,517,2,2,0,0,0,0,0
0,8,31,0,0,0,0,0,0,0
0,6,1,0,0,0,0,0,0,0
0,0,5,1,0,0,0,0,0,0
5,4,12,1,1,0,0,0,0,0
13,3,1,0,0,1,1,1,2,0
4,38,95,1,2,0,0,0,0,0
1,6,37,1,2,0,0,0,0,0
0,1,0,0,0,0,2,8,1,0
1,4,31,0,0,0,0,0,0,0
0,0,0,0,0,1,2,9,1,0
1,11,31,0,0,0,0,0,0,0
3,7,28,0,0,0,0,0,0,0
0,6,31,0,0,0,0,0,0,0
2,3,31,0,0,0,0,0,0,0
1,0,7,1,0,0,0,0,0,0
2,0,12,0,0,0,0,0,0,0
0,3,12,1,0,0,0,0,0,0
1,8,32,0,0,0,0,0,0,0
2,6,32,0,0,0,0,0,0,0
0,6,31,0,0,0,0,0,0,0
0,7,2,0,0,0,0,0,0,0
0,4,17,1,1,0,0,0,0,0
0,10,2,0,0,0,0,0,0,0
0,0,5,1,0,0,0,0,0,0
48,12,0,0,0,0,0,0,0,0
2,4,32,0,0,0,0,0,0,0
0,23,13,0,0,0,0,0,0,0
0,0,0,0,0,2,0,4,1,0
0,6,10,0,0,0,0,0,0,0
1,0,8,1,0,0,0,0,0,0
1,4,31,0,0,0,0,0,0,0
0,6,1,0,0,0,0,0,0,0
0,5,32,0,0,0,0,0,0,0
0,0,0,0,0,3,0,0,8,0
0,0,0,0,0,27,7,0,0,0
2,0,16,1,0,0,0,0,0,0
1,5,32,0,0,0,0,0,0,0
0,0,4,1,0,0,0,0,0,0
1,6,32,0,0,0,0,0,0,0
0,4,2,0,0,0,0,0,0,0
0,5,5,0,0,0,0,0,0,0
0,5,32,0,0,0,0,0,0,0
1,3,26,1,0,0,0,0,0,0
1,5,32,0,0,0,0,0,0,0
0,5,30,0,0,0,0,0,0,0
0,0,0,0,0,18,6,0,0,0
1,5,29,0,0,0,0,0,0,0
0,0,5,2,3,0,0,0,0,0
5,0,31,0,0,0,0,0,0,0
0,5,31,0,0,0,0,0,0,0
0,6,1,0,0,0,0,0,0,0
4,6,42,1,1,0,0,0,0,0
1,0,8,1,1,0,0,0,0,0
5,1,31,0,0,0,0,0,0,0
0,1,0,0,0,21,6,0,0,0
0,7,32,0,0,0,0,0,0,0
1,8,30,0,0,0,0,0,0,0
2,3,32,0,0,0,0,0,0,0
1,4,32,0,0,0,0,0,0,0
3,3,31,0,0,0,0,0,0,0
0,4,1,0,0,0,0,0,0,0
1,50,32,0,0,0,0,0,0,0
4,1,32,0,0,0,0,0,0,0
0,9,30,0,0,0,0,0,0,0
0,6,1,0,0,0,0,0,0,0
0,0,0,0,0,1,0,11,1,0
1,7,33,0,0,0,0,0,0,0
12,9,154,1,1,0,0,0,0,0
1,8,33,0,0,0,0,0,0,0
0,5,22,1,1,0,0,0,0,0
3,17,33,0,0,0,0,0,0,0
0,6,33,0,0,0,0,0,0,0
4,3,26,0,0,0,0,0,0,0
0,3,8,1,0,0,0,0,0,0
1,2,2,0,0,0,0,0,0,0
2,7,33,0,0,0,0,0,0,0
55,117,596,9,2,0,0,0,0,0
0,2,9,0,0,0,0,0,0,0
0,9,30,1,0,0,0,0,0,0
0,0,0,0,0,0,0,3,3,0
5,6,54,1,0,0,0,0,0,0
0,1,6,1,0,0,0,0,0,0
0,4,1,0,0,0,0,0,0,0
0,0,0,0,0,0,3,0,5,0
0,3,2,1,0,0,0,0,0,0
0,0,0,0,0,1,5,0,0,0
2,30,160,1,2,0,0,0,0,0
2,3,32,0,0,0,0,0,0,0
5,9,25,0,0,0,0,0,0,0
4,1,33,0,0,0,0,0,0,0
2,5,32,0,0,0,0,0,0,0
0,8,33,0,0,0,0,0,0,0
0,5,1,0,0,0,0,0,0,0
2,3,33,0,0,0,0,0,0,0
0,0,0,0,0,0,0,25,6,0
2,5,33,0,0,0,0,0,0,0
6,5,32,0,0,0,0,0,0,0
23,33,280,1,4,0,0,0,0,0
0,2,4,1,0,0,0,0,0,0
34,290,1329,5,4,0,0,0,0,0
8,23,134,1,2,0,0,0,0,0
0,9,32,0,0,0,0,0,0,0
0,5,1,0,0,0,0,0,0,0
1,63,19,0,0,0,0,0,0,0
3,4,28,0,0,0,0,0,0,0
0,0,0,0,0,0,0,2,6,0
0,8,33,0,0,0,0,0,0,0
0,5,32,0,0,0,0,0,0,0
0,7,4,1,0,0,0,0,0,0
1,4,33,0,0,0,0,0,0,0
26,315,1259,5,1,0,0,0,0,0
4,0,24,0,0,0,0,0,0,0
2,10,34,0,0,0,0,0,0,0
168,215,1781,7,11,0,0,0,0,0
0,4,1,0,0,0,0,0,0,0
0,6,34,0,0,0,0,0,0,0
6,0,0,0,0,0,11,0,0,0
0,20,32,1,1,0,0,0,0,0
66,80,1043,3,7,0,0,0,0,0
387,2759,17803,36,28,0,0,0,0,0
0,5,2,0,0,0,0,0,0,0
3,4,34,0,0,0,0,0,0,0
66,69,34,0,0,0,0,0,0,0
2,4,33,0,0,0,0,0,0,0
1,3,25,0,0,0,0,0,0,0
1,7,33,0,0,0,0,0,0,0
0,0,0,0,0,13,6,0,0,0
0,7,34,0,0,0,0,0,0,0
100,1248,4891,7,10,0,0,0,0,0
0,0,0,0,0,5,2,0,0,0
0,1,4,1,1,0,0,0,0,0
1,6,34,0,0,0,0,0,0,0
1,5,34,0,0,0,0,0,0,0
152,663,3953,6,9,0,0,1,4,0
0,16,34,0,0,0,0,0,0,0
3,2,34,0,0,0,0,0,0,0
4,2,15,0,0,0,0,0,0,0
14,18,34,0,0,0,0,0,0,0
2,6,33,0,0,0,0,0,0,0
1,4,32,0,0,0,0,0,0,0
70,858,3427,10,9,0,0,0,0,0
0,0,0,0,0,6,1,0,0,0
2,1,29,1,1,0,0,0,0,0
0,6,33,0,0,0,0,0,0,0
351,518,5330,33,28,0,0,0,0,0
0,0,0,0,0,16,18,45,18,0
3,6,23,0,0,0,0,0,0,0
3,3,34,0,0,0,0,0,0,0
0,3,6,1,0,0,0,0,0,0
23,316,1428,1,1,0,0,0,0,0
10,48,34,0,0,0,0,0,0,0
0,0,0,0,0,2,0,0,5,0
58,508,2848,6,9,0,0,0,0,0
2,4,34,0,0,0,0,0,0,0
10,97,458,1,1,0,0,0,0,0
0,5,1,0,0,0,0,0,0,0
0,12,34,0,0,0,0,0,0,0
21,311,1286,2,2,0,0,0,0,0
0,0,0,0,0,0,7,18,6,0
0,1,6,1,0,0,0,0,0,0
0,9,16,0,0,0,0,0,0,0
28,36,1,0,0,2,1,2,2,0
0,6,5,0,0,0,0,0,0,0
1,4,1,0,0,0,0,0,0,0
1,5,34,0,0,0,0,0,0,0
18,28,272,2,3,0,0,0,0,0
0,0,0,0,0,12,9,37,9,0
1,8,34,0,0,0,0,0,0,0
19,280,1399,2,2,0,0,0,0,0
246,1844,9300,16,14,0,0,0,0,0
24,305,1262,5,2,0,0,0,0,0
141,1406,6144,10,11,0,0,0,0,0
0,1,4,0,0,0,0,0,0,0
7,24,29,1,2,0,0,0,0,0
0,3,2,0,0,0,0,0,0,0
1,5,34,0,0,0,0,0,0,0
16,30,217,2,1,0,0,0,0,0
0,10,2,0,0,0,0,0,0,0
0,0,5,1,0,0,0,0,0,0
0,15,35,0,0,0,0,0,0,0
483,598,6031,37,30,0,0,0,0,0
162,379,1571,2,3,1,1,0,0,0
211,277,2669,20,16,0,0,0,0,0
5,82,278,1,1,0,0,0,0,0
60,496,2749,6,2,0,0,0,0,0
135,1032,5491,12,7,0,0,0,0,0
35,59,520,3,2,0,0,0,0,0
3,3,34,0,0,0,0,0,0,0
28,323,2150,2,1,0,0,0,0,0
0,0,11,1,1,0,0,0,0,0
2,76,29,0,0,0,0,0,0,0
2,5,34,0,0,0,0,0,0,0
2,4,34,0,0,0,0,0,0,0
31,35,3,0,0,0,1,3,1,0
3,3,34,0,0,0,0,0,0,0
70,612,2753,6,7,0,0,0,0,0
2,4,34,0,0,0,0,0,0,0
1,7,27,0,0,0,0,0,0,0
1,21,34,0,0,0,0,0,0,0
152,49,9,0,0,1,1,2,7,0
1,7,35,0,0,0,0,0,0,0
2,6,55,1,0,0,0,0,0,0
0,2,6,0,0,0,0,0,0,0
4,5,72,1,1,0,0,0,0,0
0,2,19,1,0,0,0,0,0,0
0,9,32,0,0,0,0,0,0,0
2,3,34,0,0,0,0,0,0,0
0,0,6,1,0,0,0,0,0,0
1,6,35,0,0,0,0,0,0,0
27,167,107,1,0,0,0,0,0,0
0,0,0,0,0,2,0,0,10,0
37,403,1753,2,3,0,0,0,0,0
3,3,34,0,0,0,0,0,0,0
19,63,122,1,0,0,0,0,0,0
0,1,6,1,0,0,0,0,0,0
0,0,0,0,0,0,0,24,7,0
1,0,8,1,0,0,0,0,0,0
0,0,5,1,0,0,0,0,0,0
0,0,4,1,0,0,0,0,0,0
1,2,18,1,0,0,0,0,0,0
4,12,18,1,0,0,0,0,0,0
3,0,31,5,0,5,0,0,0,0
0,0,5,1,0,0,0,0,0,0
0,3,12,1,0,0,0,0,0,0
0,0,5,1,0,0,0,0,0,0
0,2,14,1,0,0,0,0,0,0
0,0,4,1,0,0,0,0,0,0
0,19,9,1,0,0,0,0,0,0
1,0,5,1,0,0,0,0,0,0
0,2,11,1,0,0,0,0,0,0
3,2,11,1,0,0,0,0,0,0
0,0,4,1,0,0,0,0,0,0
0,0,0,0,0,4,10,12,5,0
1,0,9,1,0,0,0,0,0,0
1,2,9,1,0,0,0,0,0,0
0,0,5,1,0,0,0,0,0,0
0,0,5,1,0,0,0,0,0,0
0,3,18,1,0,0,0,0,0,0
0,1,13,1,0,0,0,0,0,0
2,0,7,1,0,0,0,0,0,0
2,2,24,0,0,5,0,0,0,0
0,1,4,1,0,0,0,0,0,0
2,7,59,1,0,0,0,0,0,0
1,3,13,2,4,7,0,0,0,0
0,0,6,1,0,0,0,0,0,0
1,13,31,1,0,0,0,0,0,0
0,1,5,1,0,0,0,0,0,0
1,0,4,1,0,0,0,0,0,0
1,3,8,1,0,0,0,0,0,0
1,0,13,1,0,0,0,0,0,0
3,2,17,1,0,0,0,0,0,0
3,36,121,1,0,0,0,0,0,0
1,72,33,1,0,0,0,0,0,0
0,0,0,0,0,2,4,10,3,0
0,1,3,1,0,0,0,0,0,0
0,0,4,1,0,0,0,0,0,0
0,3,18,1,0,0,0,0,0,0
2,12,31,1,0,0,0,0,0,0
0,1,12,1,0,0,0,0,0,0
2,1,11,1,0,0,0,0,0,0
1,0,7,1,0,0,0,0,0,0
2,1,10,1,0,0,0,0,0,0
0,0,5,1,0,0,0,0,0,0
53,99,0,0,0,0,0,0,0,0
2,1,21,1,0,0,0,0,0,0
1,1,12,1,0,0,0,0,0,0
68,78,0,0,0,0,0,1,5,0
5,25,5,1,0,0,0,0,0,0
0,1,6,1,0,0,0,0,0,0
53,5,1,0,0,0,0,0,5,0
3,3,4,1,0,0,0,0,0,0
0,0,4,1,0,0,0,0,0,0
0,1,13,1,0,0,0,0,0,0
3,0,16,0,6,11,0,0,0,0
2,0,17,1,0,0,0,0,0,0
0,4,15,1,0,0,0,0,0,0
0,5,3,1,0,0,0,0,0,0
0,2,4,1,0,0,0,0,0,0
0,0,6,1,0,0,0,0,0,0
0,0,4,1,0,0,0,0,0,0
0,0,4,1,0,0,0,0,0,0
0,2,3,1,0,0,0,0,0,0
0,0,5,1,0,0,0,0,0,0
0,1,3,1,0,0,0,0,0,0
1,6,51,1,0,0,0,0,0,0
2,11,88,1,0,0,0,0,0,0
134,112,0,0,0,0,0,0,0,0
0,0,5,1,0,0,0,0,0,0
0,0,0,0,0,5,0,0,25,0
0,6,11,1,0,0,0,0,0,0
2,2,11,1,0,0,0,0,0,0
1,0,11,1,0,0,0,0,0,0
1,3,14,1,0,0,0,0,0,0
0,2,14,1,0,0,0,0,0,0
2,3,17,1,0,0,0,0,0,0
1,1,7,1,0,0,0,0,0,0
1,0,5,1,0,0,0,0,0,0
0,1,11,1,0,0,0,0,0,0
1,3,1,1,0,0,0,0,0,0
1,3,20,1,0,0,0,0,0,0
0,3,24,1,0,0,0,0,0,0
2,4,30,0,0,0,0,0,0,0
4,7,36,0,0,0,0,0,0,0
2,6,34,0,0,0,0,0,0,0
1,6,30,0,0,0,0,0,0,0
0,3,2,0,0,0,0,0,0,0
1,3,1,0,0,0,0,0,0,0
0,5,10,0,0,0,0,0,0,0
0,6,1,0,0,0,0,0,0,0
3,18,36,0,0,0,0,0,0,0
8,19,27,0,0,0,0,0,0,0
0,0,0,0,0,0,3,6,1,0
1,5,36,0,0,0,0,0,0,0
8,6,28,0,0,0,0,0,0,0
0,7,36,0,0,0,0,0,0,0
7,127,33,0,0,0,0,0,0,0
1,5,26,0,0,0,0,0,0,0
110,82,0,0,0,1,1,2,4,0
5,1,37,0,0,0,0,0,0,0
0,4,1,0,0,0,0,0,0,0
1,5,37,0,0,0,0,0,0,0
5,7,35,0,0,0,0,0,0,0
0,12,37,0,0,0,0,0,0,0
1,6,37,0,0,0,0,0,0,0
0,0,0,0,0,0,0,3,4,0
0,4,1,0,0,0,0,0,0,0
1,9,1,0,0,0,0,0,0,0
2,10,37,0,0,0,0,0,0,0
4,2,37,0,0,0,0,0,0,0
1,5,36,0,0,0,0,0,0,0
3,5,37,0,0,0,0,0,0,0
1,2,3,0,0,0,0,0,0,0
0,0,0,0,0,0,0,8,2,0
2,6,37,0,0,0,0,0,0,0
7,1,37,0,0,0,0,0,0,0
2,2,48,4,2,11,0,0,0,0
1,11,38,0,0,0,0,0,0,0
1,8,36,0,0,0,0,0,0,0
1,5,27,0,0,0,0,0,0,0
10,1,37,0,0,0,0,0,0,0
5,6,35,0,0,0,0,0,0,0
3,4,38,0,0,0,0,0,0,0
0,1,4,0,0,0,0,0,0,0
0,8,11,0,0,0,0,0,0,0
0,6,38,0,0,0,0,0,0,0
1,5,1,0,0,0,0,0,0,0
2,12,36,0,0,0,0,0,0,0
3,4,38,0,0,0,0,0,0,0
0,14,38,0,0,0,0,0,0,0
1,5,37,0,0,0,0,0,0,0
1,6,39,0,0,0,0,0,0,0
0,7,39,0,0,0,0,0,0,0
0,7,37,0,0,0,0,0,0,0
0,6,39,0,0,0,0,0,0,0
1,7,23,0,0,0,0,0,0,0
3,6,39,0,0,0,0,0,0,0
0,6,39,0,0,0,0,0,0,0
0,5,2,0,0,0,0,0,0,0
0,16,39,0,0,0,0,0,0,0
1,5,39,0,0,0,0,0,0,0
0,6,39,0,0,0,0,0,0,0
2,6,39,0,0,0,0,0,0,0
1,5,38,0,0,0,0,0,0,0
1,67,39,0,0,0,0,0,0,0
0,10,24,0,0,0,0,0,0,0
3,4,36,0,0,0,0,0,0,0
2,5,39,0,0,0,0,0,0,0
3,13,39,0,0,0,0,0,0,0
0,5,1,0,0,0,0,0,0,0
3,3,40,0,0,0,0,0,0,0
0,0,0,0,0,21,2,10,1,0
2,5,38,0,0,0,0,0,0,0
4,0,22,0,0,0,0,0,0,0
226,41,0,0,0,3,2,2,3,0
1,5,39,0,0,0,0,0,0,0
0,0,0,0,0,7,0,0,20,0
1,5,35,0,0,0,0,0,0,0
0,10,40,0,0,0,0,0,0,0
194,348,2438,10,19,0,0,0,0,0
22,262,1177,2,3,0,0,0,0,0
3,11,35,1,1,0,0,0,0,0
2,4,40,0,0,0,0,0,0,0
69,86,1089,4,5,0,0,0,0,0
1,6,40,0,0,0,0,0,0,0
0,9,40,0,0,0,0,0,0,0
0,0,0,0,0,0,0,4,4,0
5,4,47,1,1,0,0,0,0,0
0,6,38,0,0,0,0,0,0,0
2,4,39,0,0,0,0,0,0,0
2,5,34,0,0,0,0,0,0,0
1,1,3,0,0,0,0,0,0,0
5,0,7,0,0,0,0,0,0,0
1,15,41,0,0,0,0,0,0,0
1,6,40,0,0,0,0,0,0,0
0,8,11,0,0,0,0,0,0,0
0,10,5,0,0,0,0,0,0,0
0,3,3,0,0,0,0,0,0,0
1,0,0,0,0,0,5,21,3,0
1,6,38,0,0,0,0,0,0,0
1,21,40,0,0,0,0,0,0,0
2,5,30,0,0,0,0,0,0,0
3,5,41,0,0,0,0,0,0,0
2,5,41,0,0,0,0,0,0,0
19,56,41,0,0,0,0,0,0,0
1,9,41,0,0,0,0,0,0,0
0,6,39,0,0,0,0,0,0,0
2,4,40,0,0,0,0,0,0,0
0,0,8,1,1,0,0,0,0,0
2,4,35,0,0,0,0,0,0,0
0,9,40,0,0,0,0,0,0,0
1,12,41,0,0,0,0,0,0,0
25,44,276,4,7,0,0,0,0,0
0,7,36,0,0,0,0,0,0,0
0,4,1,0,0,0,0,0,0,0
2,4,37,0,0,0,0,0,0,0
0,5,1,0,0,0,0,0,0,0
0,0,0,0,0,12,0,5,0,0
67,1148,3580,5,7,0,0,0,0,0
5,0,1,1,6,0,0,0,0,0
5,3,41,0,0,0,0,0,0,0
2,2,29,1,1,0,0,0,0,0
21,31,335,1,4,0,0,0,0,0
6,3,41,0,0,0,0,0,0,0
3,3,40,0,0,0,0,0,0,0
0,10,42,0,0,0,0,0,0,0
2,7,33,0,0,0,0,0,0,0
79,105,2,0,0,0,3,2,0,0
202,391,2449,16,17,0,0,0,0,0
1,9,42,0,0,0,0,0,0,0
3,0,13,0,0,0,0,0,0,0
2,1,17,1,1,0,0,0,0,0
2,0,23,1,1,0,0,0,0,0
17,18,61,1,5,0,0,0,0,0
32,385,1518,6,2,0,0,0,0,0
0,1,20,1,1,0,0,0,0,0
50,418,2115,3,1,0,0,0,0,0
24,267,1297,3,3,0,0,0,0,0
3,4,43,0,0,0,0,0,0,0
0,12,42,0,0,0,0,0,0,0
0,22,42,0,0,0,0,0,0,0
12,5,43,0,0,0,0,0,0,0
3,4,42,0,0,0,0,0,0,0
4,1,30,0,0,0,0,0,0,0
4,13,44,0,0,0,0,0,0,0
0,9,30,0,0,0,0,0,0,0
0,3,10,0,0,0,0,0,0,0
0,5,1,0,0,0,0,0,0,0
0,29,42,0,0,0,0,0,0,0
0,31,43,0,0,0,0,0,0,0
0,4,1,0,0,0,0,0,0,0
1,8,43,0,0,0,0,0,0,0
0,4,1,0,0,0,0,0,0,0
8,8,44,0,0,0,0,0,0,0
3,4,45,0,0,0,0,0,0,0
4,4,44,0,0,0,0,0,0,0
2,7,45,0,0,0,0,0,0,0
0,4,2,0,0,0,0,0,0,0
0,13,45,0,0,0,0,0,0,0
0,8,45,0,0,0,0,0,0,0
0,5,1,0,0,0,0,0,0,0
3,4,45,0,0,0,0,0,0,0
2,5,46,0,0,0,0,0,0,0
0,45,45,0,0,0,0,0,0,0
0,10,46,0,0,0,0,0,0,0
0,6,8,0,0,0,0,0,0,0
2,5,25,0,0,0,0,0,0,0
0,6,2,0,0,0,0,0,0,0
2,11,45,0,0,0,0,0,0,0
2,14,47,0,0,0,0,0,0,0
0,17,46,0,0,0,0,0,0,0
2,7,45,0,0,0,0,0,0,0
1,13,46,0,0,0,0,0,0,0
0,2,3,0,0,0,0,0,0,0
0,4,1,0,0,0,0,0,0,0
0,6,1,0,0,0,0,0,0,0
0,4,2,0,0,0,0,0,0,0
0,4,1,0,0,0,0,0,0,0
3,15,40,0,0,0,0,0,0,0
28,0,12,0,0,0,0,0,0,0
4,13,47,0,0,0,0,0,0,0
1,4,1,0,0,0,0,0,0,0
1,5,2,0,0,0,0,0,0,0
3,5,49,0,0,0,0,0,0,0
0,5,1,0,0,0,0,0,0,0
1,4,1,0,0,0,0,0,0,0
2,10,1,0,0,0,0,0,0,0
0,5,1,0,0,0,0,0,0,0
4,3,45,0,0,0,0,0,0,0
3,5,35,0,0,0,0,0,0,0
0,8,49,0,0,0,0,0,0,0
0,2,3,0,0,0,0,0,0,0
0,1,4,0,0,0,0,0,0,0
10,2,49,0,0,0,0,0,0,0
3,4,46,0,0,0,0,0,0,0
0,7,3,0,0,0,0,0,0,0
1,7,49,0,0,0,0,0,0,0
0,9,49,0,0,0,0,0,0,0
2,7,50,0,0,0,0,0,0,0
0,18,13,0,0,0,0,0,0,0
4,5,50,0,0,0,0,0,0,0
0,11,50,0,0,0,0,0,0,0
2,9,51,0,0,0,0,0,0,0
2,7,51,0,0,0,0,0,0,0
0,4,1,0,0,0,0,0,0,0
0,4,1,0,0,0,0,0,0,0
0,4,1,0,0,0,0,0,0,0
1,7,50,0,0,0,0,0,0,0
2,32,52,0,0,0,0,0,0,0
1,11,52,0,0,0,0,0,0,0
0,10,51,0,0,0,0,0,0,0
0,18,19,0,0,0,0,0,0,0
0,7,13,0,0,0,0,0,0,0
0,8,49,0,0,0,0,0,0,0
1,7,53,0,0,0,0,0,0,0
3,12,53,0,0,0,0,0,0,0
5,3,51,0,0,0,0,0,0,0
0,6,6,0,0,0,0,0,0,0
1,8,54,0,0,0,0,0,0,0
0,3,2,0,0,0,0,0,0,0
0,18,55,0,0,0,0,0,0,0
0,14,55,0,0,0,0,0,0,0
4,6,56,0,0,0,0,0,0,0
0,5,1,0,0,0,0,0,0,0
8,6,54,0,0,0,0,0,0,0
3,7,57,0,0,0,0,0,0,0
4,4,1,0,0,0,0,0,0,0
3,6,57,0,0,0,0,0,0,0
0,24,55,0,0,0,0,0,0,0
1,8,57,0,0,0,0,0,0,0
11,4,55,0,0,0,0,0,0,0
4,9,57,0,0,0,0,0,0,0
0,16,16,0,0,0,0,0,0,0
0,6,1,0,0,0,0,0,0,0
0,9,2,0,0,0,0,0,0,0
2,45,57,0,0,0,0,0,0,0
1,4,21,0,0,0,0,0,0,0
1,12,1,0,0,0,0,0,0,0
7,5,58,0,0,0,0,0,0,0
1,8,58,0,0,0,0,0,0,0
2,3,1,0,0,0,0,0,0,0
1,8,58,0,0,0,0,0,0,0
0,19,59,0,0,0,0,0,0,0
0,4,1,0,0,0,0,0,0,0
10,33,55,0,0,0,0,0,0,0
2,19,60,0,0,0,0,0,0,0
1,15,59,0,0,0,0,0,0,0
0,5,1,0,0,0,0,0,0,0
1,12,60,0,0,0,0,0,0,0
2,9,61,0,0,0,0,0,0,0
3,8,60,0,0,0,0,0,0,0
0,6,1,0,0,0,0,0,0,0
10,3,59,0,0,0,0,0,0,0
21,0,13,0,0,0,0,0,0,0
0,5,1,0,0,0,0,0,0,0
3,0,8,0,0,0,0,0,0,0
0,5,2,0,0,0,0,0,0,0
2,14,62,0,0,0,0,0,0,0
0,6,2,0,0,0,0,0,0,0
0,4,1,0,0,0,0,0,0,0
0,28,62,0,0,0,0,0,0,0
6,10,60,0,0,0,0,0,0,0
5,29,60,0,0,0,0,0,0,0
2,7,60,0,0,0,0,0,0,0
4,4,51,0,0,0,0,0,0,0
1,1,3,0,0,0,0,0,0,0
5,5,57,0,0,0,0,0,0,0
0,17,63,0,0,0,0,0,0,0
1,11,64,0,0,0,0,0,0,0
0,6,2,0,0,0,0,0,0,0
1,34,64,0,0,0,0,0,0,0
10,19,65,0,0,0,0,0,0,0
0,4,1,0,0,0,0,0,0,0
0,2,3,0,0,0,0,0,0,0
1,9,64,0,0,0,0,0,0,0
0,32,66,0,0,0,0,0,0,0
8,9,66,0,0,0,0,0,0,0
0,12,30,0,0,0,0,0,0,0
6,47,65,0,0,0,0,0,0,0
0,5,1,0,0,0,0,0,0,0
0,5,1,0,0,0,0,0,0,0
1,29,64,0,0,0,0,0,0,0
20,0,12,0,0,0,0,0,0,0
3,8,58,0,0,0,0,0,0,0
6,2,48,0,0,0,0,0,0,0
0,6,20,0,0,0,0,0,0,0
4,17,70,0,0,0,0,0,0,0
1,12,68,0,0,0,0,0,0,0
9,14,70,0,0,0,0,0,0,0
0,4,2,0,0,0,0,0,0,0
0,4,13,0,0,0,0,0,0,0
1,3,1,0,0,0,0,0,0,0
2,10,72,0,0,0,0,0,0,0
0,4,1,0,0,0,0,0,0,0
0,4,1,0,0,0,0,0,0,0
0,49,72,0,0,0,0,0,0,0
4,10,74,0,0,0,0,0,0,0
0,14,71,0,0,0,0,0,0,0
0,5,1,0,0,0,0,0,0,0
3,25,74,0,0,0,0,0,0,0
0,4,1,0,0,0,0,0,0,0
0,12,74,0,0,0,0,0,0,0
0,4,1,0,0,0,0,0,0,0
1,4,3,0,0,0,0,0,0,0
6,6,74,0,0,0,0,0,0,0
44,74,75,0,0,0,0,0,0,0
0,5,1,0,0,0,0,0,0,0
3,23,77,0,0,0,0,0,0,0
3,41,78,0,0,0,0,0,0,0
1,29,78,0,0,0,0,0,0,0
1,24,78,0,0,0,0,0,0,0
0,6,1,0,0,0,0,0,0,0
0,6,1,0,0,0,0,0,0,0
5,9,79,0,0,0,0,0,0,0
5,17,78,0,0,0,0,0,0,0
0,4,1,0,0,0,0,0,0,0
4,9,81,0,0,0,0,0,0,0
0,6,1,0,0,0,0,0,0,0
0,12,2,0,0,0,0,0,0,0
0,3,2,0,0,0,0,0,0,0
4,30,83,0,0,0,0,0,0,0
0,76,84,0,0,0,0,0,0,0
0,6,1,0,0,0,0,0,0,0
17,1,83,0,0,0,0,0,0,0
2,14,83,0,0,0,0,0,0,0
2,23,85,0,0,0,0,0,0,0
3,1,1,0,0,0,0,0,0,0
0,19,85,0,0,0,0,0,0,0
0,20,65,0,0,0,0,0,0,0
0,2,9,0,0,0,0,0,0,0
2,11,86,0,0,0,0,0,0,0
0,30,69,0,0,0,0,0,0,0
0,7,18,0,0,0,0,0,0,0
0,2,4,0,0,0,0,0,0,0
2,16,87,0,0,0,0,0,0,0
3,11,89,0,0,0,0,0,0,0
4,10,88,0,0,0,0,0,0,0
3,19,88,0,0,0,0,0,0,0
0,5,15,0,0,0,0,0,0,0
2,25,91,0,0,0,0,0,0,0
4,17,91,0,0,0,0,0,0,0
0,4,1,0,0,0,0,0,0,0
5,9,92,0,0,0,0,0,0,0
2,13,91,0,0,0,0,0,0,0
6,8,93,0,0,0,0,0,0,0
4,10,92,0,0,0,0,0,0,0
12,0,58,0,0,0,0,0,0,0
14,0,13,0,0,0,0,0,0,0
24,3,98,0,0,0,0,0,0,0
1,3,1,0,0,0,0,0,0,0
3,31,103,0,0,0,0,0,0,0
1,7,2,0,0,0,0,0,0,0
0,4,1,0,0,0,0,0,0,0
2,8,49,0,0,0,0,0,0,0
0,13,21,0,0,0,0,0,0,0
0,9,18,0,0,0,0,0,0,0
0,17,106,0,0,0,0,0,0,0
0,28,13,0,0,0,0,0,0,0
1,4,1,0,0,0,0,0,0,0
0,6,1,0,0,0,0,0,0,0
1,2,3,0,0,0,0,0,0,0
2,39,114,0,0,0,0,0,0,0
1,3,1,0,0,0,0,0,0,0
0,6,1,0,0,0,0,0,0,0
0,3,18,0,0,0,0,0,0,0
4,40,116,0,0,0,0,0,0,0
2,18,118,0,0,0,0,0,0,0
1,3,1,0,0,0,0,0,0,0
4,0,11,0,0,0,0,0,0,0
11,206,122,0,0,0,0,0,0,0
0,3,2,0,0,0,0,0,0,0
13,22,126,0,0,0,0,0,0,0
0,21,17,0,0,0,0,0,0,0
3,19,130,0,0,0,0,0,0,0
11,91,138,0,0,0,0,0,0,0
0,5,1,0,0,0,0,0,0,0
1,11,2,0,0,0,0,0,0,0
0,7,2,0,0,0,0,0,0,0
1,8,2,0,0,0,0,0,0,0
3,34,153,0,0,0,0,0,0,0
3,48,150,0,0,0,0,0,0,0
0,24,60,0,0,0,0,0,0,0
9,20,75,0,0,0,0,0,0,0
11,18,153,0,0,0,0,0,0,0
0,5,1,0,0,0,0,0,0,0
10,13,132,0,0,0,0,0,0,0
0,5,1,0,0,0,0,0,0,0
0,29,108,0,0,0,0,0,0,0
0,67,33,0,0,0,0,0,0,0
3,48,167,0,0,0,0,0,0,0
4,27,165,0,0,0,0,0,0,0
0,6,1,0,0,0,0,0,0,0
0,53,60,0,0,0,0,0,0,0
19,108,186,0,0,0,0,0,0,0
11,20,187,0,0,0,0,0,0,0
4,37,192,0,0,0,0,0,0,0
2,63,195,0,0,0,0,0,0,0
0,12,23,0,0,0,0,0,0,0
0,101,179,0,0,0,0,0,0,0
4,36,205,0,0,0,0,0,0,0
59,0,114,0,0,0,0,0,0,0
8,45,210,0,0,0,0,0,0,0
4,26,133,0,0,0,0,0,0,0
2,5,1,0,0,0,0,0,0,0
0,4,1,0,0,0,0,0,0,0
2,73,236,0,0,0,0,0,0,0
47,4,237,0,0,0,0,0,0,0
1,3,1,0,0,0,0,0,0,0
4,49,252,0,0,0,0,0,0,0
22,28,263,0,0,0,0,0,0,0
0,3,2,0,0,0,0,0,0,0
0,8,14,0,0,0,0,0,0,0
0,34,36,0,0,0,0,0,0,0
6,74,278,0,0,0,0,0,0,0
14,174,281,0,0,0,0,0,0,0
36,0,119,0,0,0,0,0,0,0
0,43,68,0,0,0,0,0,0,0
0,21,43,0,0,0,0,0,0,0
10,75,326,0,0,0,0,0,0,0
6,61,328,0,0,0,0,0,0,0
0,4,1,0,0,0,0,0,0,0
2,11,1,0,0,0,0,0,0,0
1,2,2,0,0,0,0,0,0,0
0,23,60,0,0,0,0,0,0,0
93,0,79,0,0,0,0,0,0,0
0,247,62,0,0,0,0,0,0,0
0,53,46,0,0,0,0,0,0,0
0,50,40,0,0,0,0,0,0,0
11,85,459,0,0,0,0,0,0,0
16,102,461,0,0,0,0,0,0,0
264,0,444,0,0,0,0,0,0,0
1,5,1,0,0,0,0,0,0,0
41,56,80,0,0,0,0,0,0,0
21,200,842,0,0,0,0,0,0,0
151,287,121,0,0,0,0,0,0,0
122,23,480,0,0,0,0,0,0,0
22,204,1141,0,0,0,0,0,0,0
19,197,1166,0,0,0,0,0,0,0
0,259,781,0,0,0,0,0,0,0
25,283,1239,0,0,0,0,0,0,0
0,431,812,0,0,0,0,0,0,0
1,3,1,0,0,0,0,0,0,0
0,127,775,0,0,0,0,0,0,0
0,6,1,0,0,0,0,0,0,0
0,3,2,0,0,0,0,0,0,0
0,3,2,0,0,0,0,0,0,0
0,5,1,0,0,0,0,0,0,0
0,5,1,0,0,0,0,0,0,0
2,3,1,0,0,0,0,0,0,0
0,5,1,0,0,0,0,0,0,0
0,11,3,0,0,0,0,0,0,0
0,4,1,0,0,0,0,0,0,0
0,9,2,0,0,0,0,0,0,0
1,4,1,0,0,0,0,0,0,0
32,5,1,0,0,0,0,0,0,0
2,11,1,0,0,0,0,0,0,0
0,4,1,0,0,0,0,0,0,0
0,3,2,0,0,0,0,0,0,0
0,4,1,0,0,0,0,0,0,0
2,1,2,0,0,0,0,0,0,0
0,3,2,0,0,0,0,0,0,0
0,4,2,0,0,0,0,0,0,0
0,3,4,0,0,0,0,0,0,0
1,3,1,0,0,0,0,0,0,0
0,4,1,0,0,0,0,0,0,0
0,3,2,0,0,0,0,0,0,0
0,10,3,0,0,0,0,0,0,0
2,3,1,0,0,0,0,0,0,0
2,2,1,0,0,0,0,0,0,0
0,3,2,0,0,0,0,0,0,0
2,5,1,0,0,0,0,0,0,0
0,4,1,0,0,0,0,0,0,0
0,6,3,0,0,0,0,0,0,0
1,3,1,0,0,0,0,0,0,0
0,5,1,0,0,0,0,0,0,0
0,2,3,0,0,0,0,0,0,0
0,3,2,0,0,0,0,0,0,0
2,2,1,0,0,0,0,0,0,0
0,4,1,0,0,0,0,0,0,0
1,1,4,0,0,0,0,0,0,0
0,3,2,0,0,0,0,0,0,0
1,2,2,0,0,0,0,0,0,0
0,4,1,0,0,0,0,0,0,0
0,4,1,0,0,0,0,0,0,0
0,4,2,0,0,0,0,0,0,0
3,5,2,0,0,0,0,0,0,0
0,4,1,0,0,0,0,0,0,0
0,7,2,0,0,0,0,0,0,0
0,8,2,0,0,0,0,0,0,0
0,4,1,0,0,0,0,0,0,0
0,4,1,0,0,0,0,0,0,0
0,9,2,0,0,0,0,0,0,0
0,9,2,0,0,0,0,0,0,0
0,5,1,0,0,0,0,0,0,0
0,4,2,0,0,0,0,0,0,0
0,4,1,0,0,0,0,0,0,0
0,6,1,0,0,0,0,0,0,0
0,3,2,0,0,0,0,0,0,0
0,4,2,0,0,0,0,0,0,0
1,2,2,0,0,0,0,0,0,0
0,3,2,0,0,0,0,0,0,0
0,6,1,0,0,0,0,0,0,0
0,7,3,0,0,0,0,0,0,0
0,4,1,0,0,0,0,0,0,0
0,3,2,0,0,0,0,0,0,0
0,2,3,0,0,0,0,0,0,0
0,3,2,0,0,0,0,0,0,0
0,2,3,0,0,0,0,0,0,0
0,10,2,0,0,0,0,0,0,0
1,12,1,0,0,0,0,0,0,0
0,4,1,0,0,0,0,0,0,0
0,6,1,0,0,0,0,0,0,0
0,1,4,0,0,0,0,0,0,0
0,4,1,0,0,0,0,0,0,0
0,3,2,0,0,0,0,0,0,0
2,3,1,0,0,0,0,0,0,0
0,4,2,0,0,0,0,0,0,0
0,6,1,0,0,0,0,0,0,0
0,4,1,0,0,0,0,0,0,0
0,3,2,0,0,0,0,0,0,0
0,7,2,0,0,0,0,0,0,0
0,11,2,0,0,0,0,0,0,0
0,5,1,0,0,0,0,0,0,0
0,6,1,0,0,0,0,0,0,0
2,13,1,0,0,0,0,0,0,0
0,4,1,0,0,0,0,0,0,0
0,5,1,0,0,0,0,0,0,0
0,3,2,0,0,0,0,0,0,0
1,9,2,0,0,0,0,0,0,0
0,6,1,0,0,0,0,0,0,0
1,4,1,0,0,0,0,0,0,0
2,4,1,0,0,0,0,0,0,0
0,3,3,0,0,0,0,0,0,0
0,6,1,0,0,0,0,0,0,0
0,3,2,0,0,0,0,0,0,0
0,6,1,0,0,0,0,0,0,0
1,2,2,0,0,0,0,0,0,0
0,5,1,0,0,0,0,0,0,0
0,5,1,0,0,0,0,0,0,0
0,4,1,0,0,0,0,0,0,0
1,7,2,0,0,0,0,0,0,0
2,9,1,0,0,0,0,0,0,0
0,6,2,0,0,0,0,0,0,0
0,7,3,0,0,0,0,0,0,0
0,2,3,0,0,0,0,0,0,0
2,6,1,0,0,0,0,0,0,0
0,5,2,0,0,0,0,0,0,0
0,2,5,0,0,0,0,0,0,0
0,6,1,0,0,0,0,0,0,0
58,77,1,0,0,0,0,0,0,0
1,4,1,0,0,0,0,0,0,0
2,4,1,0,0,0,0,0,0,0
0,4,1,0,0,0,0,0,0,0
1,4,1,0,0,0,0,0,0,0
0,4,1,0,0,0,0,0,0,0
0,6,1,0,0,0,0,0,0,0
0,4,1,0,0,0,0,0,0,0
0,4,1,0,0,0,0,0,0,0
0,11,2,0,0,0,0,0,0,0
0,3,2,0,0,0,0,0,0,0
0,4,2,0,0,0,0,0,0,0
0,6,1,0,0,0,0,0,0,0
0,3,2,0,0,0,0,0,0,0
1,8,1,0,0,0,0,0,0,0
0,4,1,0,0,0,0,0,0,0
1,8,2,0,0,0,0,0,0,0
0,2,3,0,0,0,0,0,0,0
1,8,3,0,0,0,0,0,0,0
0,1,4,0,0,0,0,0,0,0
0,11,2,0,0,0,0,0,0,0
0,5,2,0,0,0,0,0,0,0
0,7,3,0,0,0,0,0,0,0
0,5,2,0,0,0,0,0,0,0
0,5,1,0,0,0,0,0,0,0
0,4,1,0,0,0,0,0,0,0
0,6,1,0,0,0,0,0,0,0
0,4,1,0,0,0,0,0,0,0
0,4,1,0,0,0,0,0,0,0
1,5,1,0,0,0,0,0,0,0
1,2,3,0,0,0,0,0,0,0
1,10,1,0,0,0,0,0,0,0
1,7,1,0,0,0,0,0,0,0
0,4,1,0,0,0,0,0,0,0
0,5,1,0,0,0,0,0,0,0
0,6,1,0,0,0,0,0,0,0
6,1,2,0,0,0,0,0,0,0
0,9,4,0,0,0,0,0,0,0
1,1,3,0,0,0,0,0,0,0
1,4,1,0,0,0,0,0,0,0
0,5,2,0,0,0,0,0,0,0
1,8,1,0,0,0,0,0,0,0
6,3,1,0,0,0,0,0,0,0
1,5,1,0,0,0,0,0,0,0
0,5,1,0,0,0,0,0,0,0
2,2,1,0,0,0,0,0,0,0
0,5,2,0,0,0,0,0,0,0
2,2,1,0,0,0,0,0,0,0
0,5,1,0,0,0,0,0,0,0
0,1,4,0,0,0,0,0,0,0
0,10,2,0,0,0,0,0,0,0
0,3,2,0,0,0,0,0,0,0
0,3,2,0,0,0,0,0,0,0
0,4,3,0,0,0,0,0,0,0
0,4,1,0,0,0,0,0,0,0
0,6,2,0,0,0,0,0,0,0
0,5,1,0,0,0,0,0,0,0
1,2,2,0,0,0,0,0,0,0
0,11,2,0,0,0,0,0,0,0
3,3,1,0,0,0,0,0,0,0
1,1,3,0,0,0,0,0,0,0
0,7,2,0,0,0,0,0,0,0
0,4,1,0,0,0,0,0,0,0
0,5,2,0,0,0,0,0,0,0
1,1,3,0,0,0,0,0,0,0
0,5,1,0,0,0,0,0,0,0
0,3,2,0,0,0,0,0,0,0
0,4,1,0,0,0,0,0,0,0
3,7,1,0,0,0,0,0,0,0
0,3,2,0,0,0,0,0,0,0
0,3,3,0,0,0,0,0,0,0
0,4,1,0,0,0,0,0,0,0
1,4,2,0,0,0,0,0,0,0
0,4,2,0,0,0,0,0,0,0
0,4,1,0,0,0,0,0,0,0
0,4,2,0,0,0,0,0,0,0
2,4,2,0,0,0,0,0,0,0
0,5,1,0,0,0,0,0,0,0
0,5,1,0,0,0,0,0,0,0
0,4,1,0,0,0,0,0,0,0
0,6,1,0,0,0,0,0,0,0
0,5,1,0,0,0,0,0,0,0
0,4,1,0,0,0,0,0,0,0
1,2,4,0,0,0,0,0,0,0
0,3,2,0,0,0,0,0,0,0
0,4,1,0,0,0,0,0,0,0
14,12,1,0,0,0,0,0,0,0
2,2,3,0,0,0,0,0,0,0
0,4,1,0,0,0,0,0,0,0
0,5,1,0,0,0,0,0,0,0
2,1,2,0,0,0,0,0,0,0
1,3,1,0,0,0,0,0,0,0
0,4,1,0,0,0,0,0,0,0
0,3,2,0,0,0,0,0,0,0
2,1,2,0,0,0,0,0,0,0
0,4,1,0,0,0,0,0,0,0
0,1,4,0,0,0,0,0,0,0
0,3,4,0,0,0,0,0,0,0
1,4,2,0,0,0,0,0,0,0
0,1,4,0,0,0,0,0,0,0
0,5,1,0,0,0,0,0,0,0
2,9,1,0,0,0,0,0,0,0
0,2,3,0,0,0,0,0,0,0
1,8,1,0,0,0,0,0,0,0
1,4,1,0,0,0,0,0,0,0
0,4,1,0,0,0,0,0,0,0
5,1,2,0,0,0,0,0,0,0
0,6,1,0,0,0,0,0,0,0
0,5,1,0,0,0,0,0,0,0
1,3,3,0,0,0,0,0,0,0
0,4,2,0,0,0,0,0,0,0
0,4,2,0,0,0,0,0,0,0
0,4,1,0,0,0,0,0,0,0
2,3,1,0,0,0,0,0,0,0
0,5,1,0,0,0,0,0,0,0
0,14,3,0,0,0,0,0,0,0
1,12,1,0,0,0,0,0,0,0
1,2,2,0,0,0,0,0,0,0
9,4,5,0,0,0,0,0,0,0
0,6,1,0,0,0,0,0,0,0
0,4,2,0,0,0,0,0,0,0
0,5,1,0,0,0,0,0,0,0
0,2,3,0,0,0,0,0,0,0
0,4,1,0,0,0,0,0,0,0
0,6,1,0,0,0,0,0,0,0
0,3,2,0,0,0,0,0,0,0
0,5,1,0,0,0,0,0,0,0
0,3,2,0,0,0,0,0,0,0
1,9,2,0,0,0,0,0,0,0
0,4,1,0,0,0,0,0,0,0
0,4,1,0,0,0,0,0,0,0
2,5,1,0,0,0,0,0,0,0
0,2,3,0,0,0,0,0,0,0
0,5,1,0,0,0,0,0,0,0
0,6,1,0,0,0,0,0,0,0
0,4,1,0,0,0,0,0,0,0
0,5,2,0,0,0,0,0,0,0
0,8,2,0,0,0,0,0,0,0
0,3,2,0,0,0,0,0,0,0
4,12,1,0,0,0,0,0,0,0
0,4,1,0,0,0,0,0,0,0
0,4,1,0,0,0,0,0,0,0
1,3,1,0,0,0,0,0,0,0
0,11,2,0,0,0,0,0,0,0
1,8,1,0,0,0,0,0,0,0
0,6,1,0,0,0,0,0,0,0
0,3,2,0,0,0,0,0,0,0
0,5,1,0,0,0,0,0,0,0
1,6,1,0,0,0,0,0,0,0
0,6,2,0,0,0,0,0,0,0
1,6,1,0,0,0,0,0,0,0
0,9,3,0,0,0,0,0,0,0
0,5,1,0,0,0,0,0,0,0
0,6,3,0,0,0,0,0,0,0
0,4,1,0,0,0,0,0,0,0
15,13,1,0,0,0,0,0,0,0
0,7,3,0,0,0,0,0,0,0
0,4,1,0,0,0,0,0,0,0
0,7,2,0,0,0,0,0,0,0
1,4,1,0,0,0,0,0,0,0
1,7,1,0,0,0,0,0,0,0
1,7,2,0,0,0,0,0,0,0
0,4,2,0,0,0,0,0,0,0
0,7,2,0,0,0,0,0,0,0
0,4,1,0,0,0,0,0,0,0
0,3,2,0,0,0,0,0,0,0
0,6,1,0,0,0,0,0,0,0
0,6,1,0,0,0,0,0,0,0
2,2,1,0,0,0,0,0,0,0
0,4,1,0,0,0,0,0,0,0
0,5,1,0,0,0,0,0,0,0
0,6,2,0,0,0,0,0,0,0
0,3,2,0,0,0,0,0,0,0
0,5,1,0,0,0,0,0,0,0
0,4,2,0,0,0,0,0,0,0
0,19,3,0,0,0,0,0,0,0
0,3,2,0,0,0,0,0,0,0
1,3,4,0,0,0,0,0,0,0
0,4,1,0,0,0,0,0,0,0
0,4,1,0,0,0,0,0,0,0
1,4,2,0,0,0,0,0,0,0
3,2,1,0,0,0,0,0,0,0
0,4,1,0,0,0,0,0,0,0
0,6,2,0,0,0,0,0,0,0
0,4,1,0,0,0,0,0,0,0
0,5,1,0,0,0,0,0,0,0
0,5,2,0,0,0,0,0,0,0
0,3,2,0,0,0,0,0,0,0
1,4,2,0,0,0,0,0,0,0
0,6,1,0,0,0,0,0,0,0
0,1,4,0,0,0,0,0,0,0
1,8,3,0,0,0,0,0,0,0
0,5,1,0,0,0,0,0,0,0
1,4,1,0,0,0,0,0,0,0
0,3,2,0,0,0,0,0,0,0
0,1,4,0,0,0,0,0,0,0
0,4,1,0,0,0,0,0,0,0
0,6,3,0,0,0,0,0,0,0
0,11,2,0,0,0,0,0,0,0
0,4,1,0,0,0,0,0,0,0
0,5,2,0,0,0,0,0,0,0
0,4,2,0,0,0,0,0,0,0
0,10,2,0,0,0,0,0,0,0
1,10,2,0,0,0,0,0,0,0
6,2,2,0,0,0,0,0,0,0
1,7,1,0,0,0,0,0,0,0
1,0,6,0,0,0,0,0,0,0
0,3,3,0,0,0,0,0,0,0
0,4,1,0,0,0,0,0,0,0
1,3,1,0,0,0,0,0,0,0
0,4,1,0,0,0,0,0,0,0
0,4,2,0,0,0,0,0,0,0
0,4,1,0,0,0,0,0,0,0
1,4,1,0,0,0,0,0,0,0
0,5,1,0,0,0,0,0,0,0
0,3,2,0,0,0,0,0,0,0
0,4,1,0,0,0,0,0,0,0
1,1,3,0,0,0,0,0,0,0
0,4,1,0,0,0,0,0,0,0
39,78,2,0,0,0,0,0,0,0
1,11,1,0,0,0,0,0,0,0
0,5,1,0,0,0,0,0,0,0
1,6,2,0,0,0,0,0,0,0
6,18,2,0,0,0,0,0,0,0
1,8,1,0,0,0,0,0,0,0
1,14,2,0,0,0,0,0,0,0
1,6,2,0,0,0,0,0,0,0
32,4,1,0,0,0,0,0,0,0
0,4,1,0,0,0,0,0,0,0
0,6,1,0,0,0,0,0,0,0
0,3,4,0,0,0,0,0,0,0
0,4,3,0,0,0,0,0,0,0
0,3,2,0,0,0,0,0,0,0
0,1,4,0,0,0,0,0,0,0
0,4,1,0,0,0,0,0,0,0
1,8,1,0,0,0,0,0,0,0
0,2,4,0,0,0,0,0,0,0
0,6,2,0,0,0,0,0,0,0
0,9,2,0,0,0,0,0,0,0
0,6,1,0,0,0,0,0,0,0
0,6,3,0,0,0,0,0,0,0
0,3,2,0,0,0,0,0,0,0
1,2,2,0,0,0,0,0,0,0
0,4,1,0,0,0,0,0,0,0
0,4,1,0,0,0,0,0,0,0
0,3,2,0,0,0,0,0,0,0
0,5,1,0,0,0,0,0,0,0
0,3,2,0,0,0,0,0,0,0
0,6,2,0,0,0,0,0,0,0
0,4,1,0,0,0,0,0,0,0
0,10,3,0,0,0,0,0,0,0
2,3,1,0,0,0,0,0,0,0
1,5,2,0,0,0,0,0,0,0
0,3,2,0,0,0,0,0,0,0
3,2,1,0,0,0,0,0,0,0
0,4,3,0,0,0,0,0,0,0
0,5,3,0,0,0,0,0,0,0
0,6,1,0,0,0,0,0,0,0
0,4,1,0,0,0,0,0,0,0
0,8,3,0,0,0,0,0,0,0
0,6,1,0,0,0,0,0,0,0
0,6,4,0,0,0,0,0,0,0
0,3,2,0,0,0,0,0,0,0
0,3,2,0,0,0,0,0,0,0
0,5,1,0,0,0,0,0,0,0
0,3,2,0,0,0,0,0,0,0
0,3,2,0,0,0,0,0,0,0
3,1,1,0,0,0,0,0,0,0
0,4,2,0,0,0,0,0,0,0
0,5,2,0,0,0,0,0,0,0
0,6,2,0,0,0,0,0,0,0
1,1,4,0,0,0,0,0,0,0
0,1,4,0,0,0,0,0,0,0
0,4,1,0,0,0,0,0,0,0
1,1,3,0,0,0,0,0,0,0
0,5,1,0,0,0,0,0,0,0
0,3,2,0,0,0,0,0,0,0
0,4,1,0,0,0,0,0,0,0
0,5,1,0,0,0,0,0,0,0
0,2,3,0,0,0,0,0,0,0
1,4,3,0,0,0,0,0,0,0
3,2,2,0,0,0,0,0,0,0
0,4,2,0,0,0,0,0,0,0
0,5,2,0,0,0,0,0,0,0
0,4,3,0,0,0,0,0,0,0
0,3,3,0,0,0,0,0,0,0
0,3,2,0,0,0,0,0,0,0
0,3,3,0,0,0,0,0,0,0
0,6,1,0,0,0,0,0,0,0
2,2,2,0,0,0,0,0,0,0
0,6,1,0,0,0,0,0,0,0
2,7,1,0,0,0,0,0,0,0
1,9,1,0,0,0,0,0,0,0
1,2,2,0,0,0,0,0,0,0
1,11,2,0,0,0,0,0,0,0
0,2,3,0,0,0,0,0,0,0
0,5,1,0,0,0,0,0,0,0
4,10,1,0,0,0,0,0,0,0
0,5,2,0,0,0,0,0,0,0
0,6,1,0,0,0,0,0,0,0
0,7,3,0,0,0,0,0,0,0
0,1,4,0,0,0,0,0,0,0
0,3,2,0,0,0,0,0,0,0
1,12,2,0,0,0,0,0,0,0
1,6,1,0,0,0,0,0,0,0
1,7,2,0,0,0,0,0,0,0
0,3,3,0,0,0,0,0,0,0
0,4,1,0,0,0,0,0,0,0
0,1,4,0,0,0,0,0,0,0
2,18,1,0,0,0,0,0,0,0
0,4,1,0,0,0,0,0,0,0
1,5,1,0,0,0,0,0,0,0
0,4,1,0,0,0,0,0,0,0
0,1,4,0,0,0,0,0,0,0
0,4,2,0,0,0,0,0,0,0
1,2,3,0,0,0,0,0,0,0
0,5,1,0,0,0,0,0,0,0
0,4,4,0,0,0,0,0,0,0
0,4,1,0,0,0,0,0,0,0
2,1,5,0,0,0,0,0,0,0
0,2,3,0,0,0,0,0,0,0
0,4,1,0,0,0,0,0,0,0
21,33,1,0,0,0,0,0,0,0
1,4,2,0,0,0,0,0,0,0
0,1,4,0,0,0,0,0,0,0
0,4,1,0,0,0,0,0,0,0
0,3,3,0,0,0,0,0,0,0
0,4,1,0,0,0,0,0,0,0
1,7,1,0,0,0,0,0,0,0
0,7,2,0,0,0,0,0,0,0
0,3,2,0,0,0,0,0,0,0
0,5,4,0,0,0,0,0,0,0
2,10,1,0,0,0,0,0,0,0
2,11,2,0,0,0,0,0,0,0
0,6,2,0,0,0,0,0,0,0
0,4,1,0,0,0,0,0,0,0
7,1,2,0,0,0,0,0,0,0
0,9,2,0,0,0,0,0,0,0
0,4,2,0,0,0,0,0,0,0
1,8,1,0,0,0,0,0,0,0
0,4,1,0,0,0,0,0,0,0
0,1,4,0,0,0,0,0,0,0
0,2,3,0,0,0,0,0,0,0
0,2,3,0,0,0,0,0,0,0
0,4,1,0,0,0,0,0,0,0
0,3,2,0,0,0,0,0,0,0
1,4,1,0,0,0,0,0,0,0
1,7,1,0,0,0,0,0,0,0
1,5,2,0,0,0,0,0,0,0
0,4,1,0,0,0,0,0,0,0
0,4,1,0,0,0,0,0,0,0
0,3,2,0,0,0,0,0,0,0
0,6,1,0,0,0,0,0,0,0
0,4,1,0,0,0,0,0,0,0
0,3,2,0,0,0,0,0,0,0
0,3,6,0,0,0,0,0,0,0
0,5,1,0,0,0,0,0,0,0
0,3,2,0,0,0,0,0,0,0
0,5,1,0,0,0,0,0,0,0
2,1,2,0,0,0,0,0,0,0
0,4,2,0,0,0,0,0,0,0
0,6,2,0,0,0,0,0,0,0
0,3,3,0,0,0,0,0,0,0
13,5,1,0,0,0,0,0,0,0
0,6,1,0,0,0,0,0,0,0
1,14,3,0,0,0,0,0,0,0
1,8,1,0,0,0,0,0,0,0
0,1,4,0,0,0,0,0,0,0
0,1,4,0,0,0,0,0,0,0
0,1,4,0,0,0,0,0,0,0
0,4,1,0,0,0,0,0,0,0
0,3,3,0,0,0,0,0,0,0
0,4,1,0,0,0,0,0,0,0
0,6,1,0,0,0,0,0,0,0
0,2,3,0,0,0,0,0,0,0
0,4,1,0,0,0,0,0,0,0
1,7,2,0,0,0,0,0,0,0
0,3,3,0,0,0,0,0,0,0
0,1,4,0,0,0,0,0,0,0
0,4,2,0,0,0,0,0,0,0
0,6,1,0,0,0,0,0,0,0
0,2,4,0,0,0,0,0,0,0
0,3,2,0,0,0,0,0,0,0
1,1,3,0,0,0,0,0,0,0
0,4,2,0,0,0,0,0,0,0
0,2,3,0,0,0,0,0,0,0
0,5,2,0,0,0,0,0,0,0
0,4,1,0,0,0,0,0,0,0
0,5,1,0,0,0,0,0,0,0
0,5,2,0,0,0,0,0,0,0
1,2,2,0,0,0,0,0,0,0
0,8,2,0,0,0,0,0,0,0
0,5,1,0,0,0,0,0,0,0
1,9,1,0,0,0,0,0,0,0
1,5,2,0,0,0,0,0,0,0
1,7,1,0,0,0,0,0,0,0
0,8,2,0,0,0,0,0,0,0
0,8,3,0,0,0,0,0,0,0
1,2,2,0,0,0,0,0,0,0
0,5,1,0,0,0,0,0,0,0
7,11,1,0,0,0,0,0,0,0
0,12,2,0,0,0,0,0,0,0
0,2,3,0,0,0,0,0,0,0
0,2,3,0,0,0,0,0,0,0
2,1,2,0,0,0,0,0,0,0
18,22,2,0,0,0,0,0,0,0
1,0,6,0,0,0,0,0,0,0
0,2,3,0,0,0,0,0,0,0
0,3,2,0,0,0,0,0,0,0
0,6,1,0,0,0,0,0,0,0
0,5,1,0,0,0,0,0,0,0
0,12,2,0,0,0,0,0,0,0
0,3,2,0,0,0,0,0,0,0
0,5,2,0,0,0,0,0,0,0
1,4,2,0,0,0,0,0,0,0
4,6,2,0,0,0,0,0,0,0
0,4,1,0,0,0,0,0,0,0
0,6,1,0,0,0,0,0,0,0
0,4,1,0,0,0,0,0,0,0
0,5,1,0,0,0,0,0,0,0
1,3,1,0,0,0,0,0,0,0
0,3,2,0,0,0,0,0,0,0
0,5,2,0,0,0,0,0,0,0
0,4,3,0,0,0,0,0,0,0
0,5,2,0,0,0,0,0,0,0
0,4,2,0,0,0,0,0,0,0
0,4,1,0,0,0,0,0,0,0
1,2,2,0,0,0,0,0,0,0
0,4,1,0,0,0,0,0,0,0
0,7,2,0,0,0,0,0,0,0
0,5,1,0,0,0,0,0,0,0
0,4,1,0,0,0,0,0,0,0
0,5,1,0,0,0,0,0,0,0
2,2,1,0,0,0,0,0,0,0
0,1,4,0,0,0,0,0,0,0
0,5,2,0,0,0,0,0,0,0
0,10,2,0,0,0,0,0,0,0
0,6,2,0,0,0,0,0,0,0
7,8,2,0,0,0,0,0,0,0
0,8,3,0,0,0,0,0,0,0
0,3,4,0,0,0,0,0,0,0
1,4,1,0,0,0,0,0,0,0
0,6,1,0,0,0,0,0,0,0
1,3,1,0,0,0,0,0,0,0
0,4,1,0,0,0,0,0,0,0
0,4,1,0,0,0,0,0,0,0
2,2,8,0,0,0,0,0,0,0
0,1,4,0,0,0,0,0,0,0
0,5,2,0,0,0,0,0,0,0
2,2,1,0,0,0,0,0,0,0
0,3,2,0,0,0,0,0,0,0
0,2,3,0,0,0,0,0,0,0
0,5,2,0,0,0,0,0,0,0
0,5,1,0,0,0,0,0,0,0
0,6,1,0,0,0,0,0,0,0
0,1,6,0,0,0,0,0,0,0
1,2,3,0,0,0,0,0,0,0
0,3,2,0,0,0,0,0,0,0
0,8,3,0,0,0,0,0,0,0
2,4,1,0,0,0,0,0,0,0
2,8,1,0,0,0,0,0,0,0
0,3,3,0,0,0,0,0,0,0
0,6,1,0,0,0,0,0,0,0
1,2,4,0,0,0,0,0,0,0
0,1,4,0,0,0,0,0,0,0
3,5,4,0,0,0,0,0,0,0
0,10,2,0,0,0,0,0,0,0
1,3,1,0,0,0,0,0,0,0
1,9,2,0,0,0,0,0,0,0
0,3,2,0,0,0,0,0,0,0
0,3,2,0,0,0,0,0,0,0
0,6,2,0,0,0,0,0,0,0
0,1,4,0,0,0,0,0,0,0
0,6,2,0,0,0,0,0,0,0
0,4,1,0,0,0,0,0,0,0
1,4,2,0,0,0,0,0,0,0
0,3,2,0,0,0,0,0,0,0
1,4,1,0,0,0,0,0,0,0
0,1,4,0,0,0,0,0,0,0
0,1,4,0,0,0,0,0,0,0
1,1,3,0,0,0,0,0,0,0
0,4,1,0,0,0,0,0,0,0
0,4,1,0,0,0,0,0,0,0
0,2,3,0,0,0,0,0,0,0
0,4,1,0,0,0,0,0,0,0
0,8,2,0,0,0,0,0,0,0
0,6,1,0,0,0,0,0,0,0
0,4,1,0,0,0,0,0,0,0
1,2,2,0,0,0,0,0,0,0
0,2,4,0,0,0,0,0,0,0
0,5,1,0,0,0,0,0,0,0
1,13,1,0,0,0,0,0,0,0
1,0,5,0,0,0,0,0,0,0
0,4,1,0,0,0,0,0,0,0
0,5,2,0,0,0,0,0,0,0
1,15,2,0,0,0,0,0,0,0
1,8,1,0,0,0,0,0,0,0
0,3,2,0,0,0,0,0,0,0
0,18,3,0,0,0,0,0,0,0
0,4,2,0,0,0,0,0,0,0
1,5,2,0,0,0,0,0,0,0
0,2,3,0,0,0,0,0,0,0
0,4,2,0,0,0,0,0,0,0
1,2,2,0,0,0,0,0,0,0
0,3,2,0,0,0,0,0,0,0
0,3,2,0,0,0,0,0,0,0
1,2,4,0,0,0,0,0,0,0
0,5,1,0,0,0,0,0,0,0
0,5,1,0,0,0,0,0,0,0
0,1,4,0,0,0,0,0,0,0
0,4,1,0,0,0,0,0,0,0
0,9,2,0,0,0,0,0,0,0
1,5,1,0,0,0,0,0,0,0
5,2,1,0,0,0,0,0,0,0
0,4,2,0,0,0,0,0,0,0
0,4,1,0,0,0,0,0,0,0
2,5,1,0,0,0,0,0,0,0
1,2,2,0,0,0,0,0,0,0
0,1,4,0,0,0,0,0,0,0
0,11,2,0,0,0,0,0,0,0
2,1,4,0,0,0,0,0,0,0
0,3,2,0,0,0,0,0,0,0
0,1,5,0,0,0,0,0,0,0
0,1,4,0,0,0,0,0,0,0
1,3,1,0,0,0,0,0,0,0
1,11,1,0,0,0,0,0,0,0
0,2,4,0,0,0,0,0,0,0
0,6,1,0,0,0,0,0,0,0
1,2,3,0,0,0,0,0,0,0
0,6,2,0,0,0,0,0,0,0
0,3,3,0,0,0,0,0,0,0
2,2,1,0,0,0,0,0,0,0
0,6,1,0,0,0,0,0,0,0
0,1,5,0,0,0,0,0,0,0
0,5,1,0,0,0,0,0,0,0
0,6,1,0,0,0,0,0,0,0
1,8,1,0,0,0,0,0,0,0
0,6,1,0,0,0,0,0,0,0
1,5,1,0,0,0,0,0,0,0
0,6,1,0,0,0,0,0,0,0
12,20,1,0,0,0,0,0,0,0
0,5,2,0,0,0,0,0,0,0
6,12,1,0,0,0,0,0,0,0
0,3,2,0,0,0,0,0,0,0
0,4,1,0,0,0,0,0,0,0
0,1,5,0,0,0,0,0,0,0
1,3,1,0,0,0,0,0,0,0
0,1,5,0,0,0,0,0,0,0
0,5,1,0,0,0,0,0,0,0
0,5,4,0,0,0,0,0,0,0
0,6,2,0,0,0,0,0,0,0
0,3,3,0,0,0,0,0,0,0
0,3,3,0,0,0,0,0,0,0
1,4,1,0,0,0,0,0,0,0
2,3,2,0,0,0,0,0,0,0
0,2,5,0,0,0,0,0,0,0
0,2,4,0,0,0,0,0,0,0
0,6,1,0,0,0,0,0,0,0
0,4,1,0,0,0,0,0,0,0
0,2,3,0,0,0,0,0,0,0
1,4,2,0,0,0,0,0,0,0
0,3,2,0,0,0,0,0,0,0
0,5,1,0,0,0,0,0,0,0
0,7,2,0,0,0,0,0,0,0
0,6,1,0,0,0,0,0,0,0
1,3,4,0,0,0,0,0,0,0
0,5,1,0,0,0,0,0,0,0
14,3,2,0,0,0,0,0,0,0
2,2,5,0,0,0,0,0,0,0
0,6,1,0,0,0,0,0,0,0
0,5,1,0,0,0,0,0,0,0
0,5,1,0,0,0,0,0,0,0
0,3,3,0,0,0,0,0,0,0
9,0,5,0,0,0,0,0,0,0
0,8,2,0,0,0,0,0,0,0
2,2,1,0,0,0,0,0,0,0
0,4,1,0,0,0,0,0,0,0
2,2,4,0,0,0,0,0,0,0
0,5,2,0,0,0,0,0,0,0
0,6,4,0,0,0,0,0,0,0
0,3,5,0,0,0,0,0,0,0
0,3,2,0,0,0,0,0,0,0
0,6,2,0,0,0,0,0,0,0
0,6,1,0,0,0,0,0,0,0
0,5,1,0,0,0,0,0,0,0
0,4,1,0,0,0,0,0,0,0
1,6,3,0,0,0,0,0,0,0
0,6,1,0,0,0,0,0,0,0
0,2,3,0,0,0,0,0,0,0
0,5,4,0,0,0,0,0,0,0
1,1,3,0,0,0,0,0,0,0
1,2,3,0,0,0,0,0,0,0
0,4,1,0,0,0,0,0,0,0
0,1,5,0,0,0,0,0,0,0
1,5,1,0,0,0,0,0,0,0
1,9,1,0,0,0,0,0,0,0
1,13,2,0,0,0,0,0,0,0
0,3,2,0,0,0,0,0,0,0
0,4,1,0,0,0,0,0,0,0
0,4,1,0,0,0,0,0,0,0
0,5,1,0,0,0,0,0,0,0
0,4,2,0,0,0,0,0,0,0
0,3,5,0,0,0,0,0,0,0
0,3,3,0,0,0,0,0,0,0
0,4,3,0,0,0,0,0,0,0
1,1,3,0,0,0,0,0,0,0
2,7,1,0,0,0,0,0,0,0
0,4,1,0,0,0,0,0,0,0
0,5,2,0,0,0,0,0,0,0
0,4,1,0,0,0,0,0,0,0
0,4,4,0,0,0,0,0,0,0
0,4,3,0,0,0,0,0,0,0
1,1,3,0,0,0,0,0,0,0
0,5,2,0,0,0,0,0,0,0
15,1,2,0,0,0,0,0,0,0
0,5,1,0,0,0,0,0,0,0
1,1,4,0,0,0,0,0,0,0
0,4,2,0,0,0,0,0,0,0
0,3,3,0,0,0,0,0,0,0
1,9,2,0,0,0,0,0,0,0
1,6,1,0,0,0,0,0,0,0
0,5,1,0,0,0,0,0,0,0
0,17,3,0,0,0,0,0,0,0
1,10,1,0,0,0,0,0,0,0
0,4,1,0,0,0,0,0,0,0
3,1,1,0,0,0,0,0,0,0
1,2,2,0,0,0,0,0,0,0
0,5,1,0,0,0,0,0,0,0
1,9,2,0,0,0,0,0,0,0
0,4,1,0,0,0,0,0,0,0
0,4,3,0,0,0,0,0,0,0
0,6,3,0,0,0,0,0,0,0
1,4,1,0,0,0,0,0,0,0
0,4,1,0,0,0,0,0,0,0
1,13,1,0,0,0,0,0,0,0
2,1,3,0,0,0,0,0,0,0
0,5,1,0,0,0,0,0,0,0
0,5,2,0,0,0,0,0,0,0
0,4,1,0,0,0,0,0,0,0
0,5,1,0,0,0,0,0,0,0
0,4,1,0,0,0,0,0,0,0
0,10,3,0,0,0,0,0,0,0
0,10,3,0,0,0,0,0,0,0
0,4,1,0,0,0,0,0,0,0
0,1,6,0,0,0,0,0,0,0
0,6,2,0,0,0,0,0,0,0
2,8,1,0,0,0,0,0,0,0
0,3,4,0,0,0,0,0,0,0
11,5,1,0,0,0,0,0,0,0
1,5,1,0,0,0,0,0,0,0
0,6,2,0,0,0,0,0,0,0
1,2,3,0,0,0,0,0,0,0
0,4,2,0,0,0,0,0,0,0
0,4,1,0,0,0,0,0,0,0
0,5,1,0,0,0,0,0,0,0
0,6,1,0,0,0,0,0,0,0
0,4,1,0,0,0,0,0,0,0
0,5,1,0,0,0,0,0,0,0
1,2,4,0,0,0,0,0,0,0
0,6,1,0,0,0,0,0,0,0
1,1,3,0,0,0,0,0,0,0
0,4,1,0,0,0,0,0,0,0
0,5,1,0,0,0,0,0,0,0
0,3,3,0,0,0,0,0,0,0
0,1,4,0,0,0,0,0,0,0
2,6,2,0,0,0,0,0,0,0
1,2,3,0,0,0,0,0,0,0
0,3,2,0,0,0,0,0,0,0
1,8,1,0,0,0,0,0,0,0
6,5,1,0,0,0,0,0,0,0
0,4,1,0,0,0,0,0,0,0
1,2,4,0,0,0,0,0,0,0
0,2,3,0,0,0,0,0,0,0
0,3,3,0,0,0,0,0,0,0
1,2,4,0,0,0,0,0,0,0
2,1,2,0,0,0,0,0,0,0
0,5,1,0,0,0,0,0,0,0
0,9,2,0,0,0,0,0,0,0
0,5,2,0,0,0,0,0,0,0
1,5,1,0,0,0,0,0,0,0
0,8,2,0,0,0,0,0,0,0
0,2,3,0,0,0,0,0,0,0
3,2,3,0,0,0,0,0,0,0
0,5,1,0,0,0,0,0,0,0
0,5,1,0,0,0,0,0,0,0
0,6,1,0,0,0,0,0,0,0
0,5,1,0,0,0,0,0,0,0
0,4,1,0,0,0,0,0,0,0
0,1,5,0,0,0,0,0,0,0
0,3,2,0,0,0,0,0,0,0
1,2,4,0,0,0,0,0,0,0
0,4,2,0,0,0,0,0,0,0
0,3,2,0,0,0,0,0,0,0
0,4,2,0,0,0,0,0,0,0
2,2,1,0,0,0,0,0,0,0
1,3,1,0,0,0,0,0,0,0
0,9,3,0,0,0,0,0,0,0
0,5,1,0,0,0,0,0,0,0
0,3,2,0,0,0,0,0,0,0
1,1,3,0,0,0,0,0,0,0
4,1,1,0,0,0,0,0,0,0
0,5,1,0,0,0,0,0,0,0
0,3,2,0,0,0,0,0,0,0
2,12,1,0,0,0,0,0,0,0
0,6,2,0,0,0,0,0,0,0
0,1,4,0,0,0,0,0,0,0
1,3,4,0,0,0,0,0,0,0
1,7,2,0,0,0,0,0,0,0
0,5,1,0,0,0,0,0,0,0
0,4,1,0,0,0,0,0,0,0
0,1,4,0,0,0,0,0,0,0
1,1,5,0,0,0,0,0,0,0
0,3,2,0,0,0,0,0,0,0
0,2,3,0,0,0,0,0,0,0
0,8,2,0,0,0,0,0,0,0
1,4,2,0,0,0,0,0,0,0
1,3,1,0,0,0,0,0,0,0
1,11,2,0,0,0,0,0,0,0
0,1,4,0,0,0,0,0,0,0
2,2,1,0,0,0,0,0,0,0
0,2,3,0,0,0,0,0,0,0
1,3,1,0,0,0,0,0,0,0
0,1,5,0,0,0,0,0,0,0
0,4,2,0,0,0,0,0,0,0
0,2,5,0,0,0,0,0,0,0
0,6,1,0,0,0,0,0,0,0
0,2,4,0,0,0,0,0,0,0
0,4,1,0,0,0,0,0,0,0
0,2,3,0,0,0,0,0,0,0
0,5,3,0,0,0,0,0,0,0
1,5,2,0,0,0,0,0,0,0
0,3,3,0,0,0,0,0,0,0
1,6,1,0,0,0,0,0,0,0
0,1,5,0,0,0,0,0,0,0
1,9,1,0,0,0,0,0,0,0
1,2,2,0,0,0,0,0,0,0
1,2,2,0,0,0,0,0,0,0
0,4,1,0,0,0,0,0,0,0
1,5,1,0,0,0,0,0,0,0
0,3,3,0,0,0,0,0,0,0
0,3,3,0,0,0,0,0,0,0
0,4,1,0,0,0,0,0,0,0
0,4,3,0,0,0,0,0,0,0
1,1,3,0,0,0,0,0,0,0
0,5,1,0,0,0,0,0,0,0
0,5,1,0,0,0,0,0,0,0
0,7,3,0,0,0,0,0,0,0
0,4,2,0,0,0,0,0,0,0
1,10,1,0,0,0,0,0,0,0
0,13,2,0,0,0,0,0,0,0
0,1,4,0,0,0,0,0,0,0
0,2,5,0,0,0,0,0,0,0
0,2,3,0,0,0,0,0,0,0
0,5,1,0,0,0,0,0,0,0
0,4,1,0,0,0,0,0,0,0
0,8,2,0,0,0,0,0,0,0
0,1,4,0,0,0,0,0,0,0
3,1,1,0,0,0,0,0,0,0
0,3,2,0,0,0,0,0,0,0
1,3,1,0,0,0,0,0,0,0
0,1,4,0,0,0,0,0,0,0
0,4,1,0,0,0,0,0,0,0
1,3,3,0,0,0,0,0,0,0
0,2,3,0,0,0,0,0,0,0
0,3,2,0,0,0,0,0,0,0
0,7,3,0,0,0,0,0,0,0
0,4,2,0,0,0,0,0,0,0
0,4,1,0,0,0,0,0,0,0
0,6,1,0,0,0,0,0,0,0
0,4,3,0,0,0,0,0,0,0
1,2,2,0,0,0,0,0,0,0
0,2,3,0,0,0,0,0,0,0
0,4,1,0,0,0,0,0,0,0
5,1,2,0,0,0,0,0,0,0
0,7,3,0,0,0,0,0,0,0
0,4,1,0,0,0,0,0,0,0
0,2,3,0,0,0,0,0,0,0
0,1,5,0,0,0,0,0,0,0
4,8,1,0,0,0,0,0,0,0
0,2,3,0,0,0,0,0,0,0
0,10,2,0,0,0,0,0,0,0
0,4,1,0,0,0,0,0,0,0
0,6,1,0,0,0,0,0,0,0
0,1,4,0,0,0,0,0,0,0
2,2,2,0,0,0,0,0,0,0
0,4,2,0,0,0,0,0,0,0
0,4,1,0,0,0,0,0,0,0
0,4,1,0,0,0,0,0,0,0
1,0,5,0,0,0,0,0,0,0
3,4,1,0,0,0,0,0,0,0
0,6,1,0,0,0,0,0,0,0
0,5,1,0,0,0,0,0,0,0
0,8,2,0,0,0,0,0,0,0
0,4,2,0,0,0,0,0,0,0
1,9,1,0,0,0,0,0,0,0
0,2,3,0,0,0,0,0,0,0
0,4,1,0,0,0,0,0,0,0
0,6,2,0,0,0,0,0,0,0
0,4,2,0,0,0,0,0,0,0
0,1,6,0,0,0,0,0,0,0
1,10,1,0,0,0,0,0,0,0
3,1,1,0,0,0,0,0,0,0
1,3,1,0,0,0,0,0,0,0
0,3,3,0,0,0,0,0,0,0
0,6,2,0,0,0,0,0,0,0
0,9,4,0,0,0,0,0,0,0
1,8,2,0,0,0,0,0,0,0
2,2,1,0,0,0,0,0,0,0
0,4,1,0,0,0,0,0,0,0
0,4,1,0,0,0,0,0,0,0
0,1,4,0,0,0,0,0,0,0
1,3,1,0,0,0,0,0,0,0
0,3,2,0,0,0,0,0,0,0
6,0,16,0,0,0,0,0,0,0
0,3,3,0,0,0,0,0,0,0
0,1,4,0,0,0,0,0,0,0
0,6,1,0,0,0,0,0,0,0
0,5,1,0,0,0,0,0,0,0
0,3,7,0,0,0,0,0,0,0
0,3,5,0,0,0,0,0,0,0
1,0,6,0,0,0,0,0,0,0
0,4,1,0,0,0,0,0,0,0
0,4,1,0,0,0,0,0,0,0
0,4,3,0,0,0,0,0,0,0
1,4,1,0,0,0,0,0,0,0
0,1,4,0,0,0,0,0,0,0
0,4,2,0,0,0,0,0,0,0
0,5,1,0,0,0,0,0,0,0
0,3,2,0,0,0,0,0,0,0
0,1,4,0,0,0,0,0,0,0
0,7,2,0,0,0,0,0,0,0
0,4,1,0,0,0,0,0,0,0
3,1,1,0,0,0,0,0,0,0
0,9,2,0,0,0,0,0,0,0
0,3,3,0,0,0,0,0,0,0
0,5,1,0,0,0,0,0,0,0
0,7,2,0,0,0,0,0,0,0
0,4,3,0,0,0,0,0,0,0
1,12,1,0,0,0,0,0,0,0
0,3,2,0,0,0,0,0,0,0
2,1,4,0,0,0,0,0,0,0
0,2,3,0,0,0,0,0,0,0
1,2,2,0,0,0,0,0,0,0
0,5,1,0,0,0,0,0,0,0
0,4,4,0,0,0,0,0,0,0
0,2,3,0,0,0,0,0,0,0
0,1,5,0,0,0,0,0,0,0
0,4,1,0,0,0,0,0,0,0
0,1,4,0,0,0,0,0,0,0
0,3,2,0,0,0,0,0,0,0
2,1,2,0,0,0,0,0,0,0
0,2,3,0,0,0,0,0,0,0
0,10,3,0,0,0,0,0,0,0
0,1,4,0,0,0,0,0,0,0
0,5,2,0,0,0,0,0,0,0
0,6,2,0,0,0,0,0,0,0
0,3,2,0,0,0,0,0,0,0
0,6,2,0,0,0,0,0,0,0
1,0,5,0,0,0,0,0,0,0
0,4,2,0,0,0,0,0,0,0
0,3,2,0,0,0,0,0,0,0
0,3,3,0,0,0,0,0,0,0
0,4,2,0,0,0,0,0,0,0
1,3,1,0,0,0,0,0,0,0
0,3,2,0,0,0,0,0,0,0
1,3,1,0,0,0,0,0,0,0
0,6,1,0,0,0,0,0,0,0
0,5,3,0,0,0,0,0,0,0
1,0,6,0,0,0,0,0,0,0
0,3,3,0,0,0,0,0,0,0
1,2,6,0,0,0,0,0,0,0
0,4,3,0,0,0,0,0,0,0
0,7,2,0,0,0,0,0,0,0
0,4,1,0,0,0,0,0,0,0
0,5,1,0,0,0,0,0,0,0
1,2,2,0,0,0,0,0,0,0
0,14,5,0,0,0,0,0,0,0
0,4,1,0,0,0,0,0,0,0
1,2,6,0,0,0,0,0,0,0
0,3,3,0,0,0,0,0,0,0
1,4,1,0,0,0,0,0,0,0
0,10,3,0,0,0,0,0,0,0
0,2,4,0,0,0,0,0,0,0
0,2,3,0,0,0,0,0,0,0
0,5,1,0,0,0,0,0,0,0
1,3,2,0,0,0,0,0,0,0
0,6,1,0,0,0,0,0,0,0
1,1,10,0,0,0,0,0,0,0
0,6,1,0,0,0,0,0,0,0
1,1,3,0,0,0,0,0,0,0
0,1,4,0,0,0,0,0,0,0
1,3,4,0,0,0,0,0,0,0
0,3,2,0,0,0,0,0,0,0
0,3,2,0,0,0,0,0,0,0
29,40,1,0,0,0,0,0,0,0
1,2,3,0,0,0,0,0,0,0
0,1,5,0,0,0,0,0,0,0
1,1,4,0,0,0,0,0,0,0
0,6,4,0,0,0,0,0,0,0
0,4,3,0,0,0,0,0,0,0
1,2,3,0,0,0,0,0,0,0
0,5,2,0,0,0,0,0,0,0
0,2,3,0,0,0,0,0,0,0
1,1,4,0,0,0,0,0,0,0
1,3,2,0,0,0,0,0,0,0
1,3,2,0,0,0,0,0,0,0
0,4,3,0,0,0,0,0,0,0
1,3,1,0,0,0,0,0,0,0
0,5,1,0,0,0,0,0,0,0
0,1,4,0,0,0,0,0,0,0
0,3,2,0,0,0,0,0,0,0
2,2,3,0,0,0,0,0,0,0
0,4,2,0,0,0,0,0,0,0
0,6,3,0,0,0,0,0,0,0
1,8,1,0,0,0,0,0,0,0
0,3,2,0,0,0,0,0,0,0
0,2,3,0,0,0,0,0,0,0
1,2,2,0,0,0,0,0,0,0
0,4,1,0,0,0,0,0,0,0
0,4,2,0,0,0,0,0,0,0
0,4,1,0,0,0,0,0,0,0
0,3,3,0,0,0,0,0,0,0
0,7,5,0,0,0,0,0,0,0
0,3,2,0,0,0,0,0,0,0
1,0,6,0,0,0,0,0,0,0
1,0,5,0,0,0,0,0,0,0
1,3,2,0,0,0,0,0,0,0
0,3,2,0,0,0,0,0,0,0
1,1,3,0,0,0,0,0,0,0
0,2,4,0,0,0,0,0,0,0
1,5,2,0,0,0,0,0,0,0
0,3,2,0,0,0,0,0,0,0
0,1,5,0,0,0,0,0,0,0
0,3,2,0,0,0,0,0,0,0
0,2,3,0,0,0,0,0,0,0
0,3,2,0,0,0,0,0,0,0
1,8,1,0,0,0,0,0,0,0
1,8,1,0,0,0,0,0,0,0
2,3,3,0,0,0,0,0,0,0
1,3,1,0,0,0,0,0,0,0
0,1,6,0,0,0,0,0,0,0
0,1,5,0,0,0,0,0,0,0
0,4,8,0,0,0,0,0,0,0
0,3,2,0,0,0,0,0,0,0
1,1,4,0,0,0,0,0,0,0
0,6,2,0,0,0,0,0,0,0
0,5,3,0,0,0,0,0,0,0
0,4,2,0,0,0,0,0,0,0
2,1,2,0,0,0,0,0,0,0
0,4,2,0,0,0,0,0,0,0
0,4,1,0,0,0,0,0,0,0
0,2,3,0,0,0,0,0,0,0
2,1,2,0,0,0,0,0,0,0
0,1,5,0,0,0,0,0,0,0
0,5,1,0,0,0,0,0,0,0
0,8,2,0,0,0,0,0,0,0
0,2,4,0,0,0,0,0,0,0
1,0,6,0,0,0,0,0,0,0
30,47,1,0,0,0,0,0,0,0
0,3,2,0,0,0,0,0,0,0
0,1,4,0,0,0,0,0,0,0
0,5,1,0,0,0,0,0,0,0
1,13,1,0,0,0,0,0,0,0
0,4,5,0,0,0,0,0,0,0
1,2,2,0,0,0,0,0,0,0
1,4,3,0,0,0,0,0,0,0
1,1,3,0,0,0,0,0,0,0
1,7,1,0,0,0,0,0,0,0
1,3,4,0,0,0,0,0,0,0
1,5,2,0,0,0,0,0,0,0
0,4,1,0,0,0,0,0,0,0
1,6,2,0,0,0,0,0,0,0
0,7,2,0,0,0,0,0,0,0
1,0,5,0,0,0,0,0,0,0
0,7,3,0,0,0,0,0,0,0
1,2,2,0,0,0,0,0,0,0
0,3,4,0,0,0,0,0,0,0
0,4,2,0,0,0,0,0,0,0
0,3,2,0,0,0,0,0,0,0
1,6,3,0,0,0,0,0,0,0
2,18,1,0,0,0,0,0,0,0
0,5,1,0,0,0,0,0,0,0
4,21,1,0,0,0,0,0,0,0
0,6,2,0,0,0,0,0,0,0
0,3,4,0,0,0,0,0,0,0
0,6,1,0,0,0,0,0,0,0
0,5,3,0,0,0,0,0,0,0
0,1,4,0,0,0,0,0,0,0
0,3,2,0,0,0,0,0,0,0
2,0,6,0,0,0,0,0,0,0
0,5,2,0,0,0,0,0,0,0
0,3,2,0,0,0,0,0,0,0
1,3,2,0,0,0,0,0,0,0
0,6,2,0,0,0,0,0,0,0
0,8,3,0,0,0,0,0,0,0
0,3,2,0,0,0,0,0,0,0
0,6,5,0,0,0,0,0,0,0
0,1,4,0,0,0,0,0,0,0
0,2,3,0,0,0,0,0,0,0
0,5,3,0,0,0,0,0,0,0
0,1,5,0,0,0,0,0,0,0
0,5,7,0,0,0,0,0,0,0
0,1,5,0,0,0,0,0,0,0
0,6,1,0,0,0,0,0,0,0
0,8,2,0,0,0,0,0,0,0
0,3,3,0,0,0,0,0,0,0
0,15,4,0,0,0,0,0,0,0
1,2,5,0,0,0,0,0,0,0
0,4,1,0,0,0,0,0,0,0
0,5,3,0,0,0,0,0,0,0
0,6,1,0,0,0,0,0,0,0
1,4,3,0,0,0,0,0,0,0
0,4,4,0,0,0,0,0,0,0
0,2,3,0,0,0,0,0,0,0
0,1,4,0,0,0,0,0,0,0
0,4,1,0,0,0,0,0,0,0
0,5,1,0,0,0,0,0,0,0
1,1,3,0,0,0,0,0,0,0
0,4,1,0,0,0,0,0,0,0
1,5,2,0,0,0,0,0,0,0
0,4,1,0,0,0,0,0,0,0
1,0,5,0,0,0,0,0,0,0
0,8,2,0,0,0,0,0,0,0
1,8,4,0,0,0,0,0,0,0
1,3,1,0,0,0,0,0,0,0
0,5,1,0,0,0,0,0,0,0
0,4,1,0,0,0,0,0,0,0
0,5,2,0,0,0,0,0,0,0
0,6,2,0,0,0,0,0,0,0
1,4,2,0,0,0,0,0,0,0
0,1,4,0,0,0,0,0,0,0
2,2,1,0,0,0,0,0,0,0
0,1,4,0,0,0,0,0,0,0
0,4,2,0,0,0,0,0,0,0
0,5,3,0,0,0,0,0,0,0
1,7,1,0,0,0,0,0,0,0
0,4,1,0,0,0,0,0,0,0
0,3,2,0,0,0,0,0,0,0
1,3,2,0,0,0,0,0,0,0
0,3,3,0,0,0,0,0,0,0
0,1,5,0,0,0,0,0,0,0
1,0,5,0,0,0,0,0,0,0
15,20,1,0,0,0,0,0,0,0
0,2,3,0,0,0,0,0,0,0
0,4,1,0,0,0,0,0,0,0
0,2,6,0,0,0,0,0,0,0
0,4,4,0,0,0,0,0,0,0
0,2,3,0,0,0,0,0,0,0
0,2,6,0,0,0,0,0,0,0
0,3,3,0,0,0,0,0,0,0
0,5,1,0,0,0,0,0,0,0
18,1,3,0,0,0,0,0,0,0
0,6,2,0,0,0,0,0,0,0
0,1,6,0,0,0,0,0,0,0
1,1,4,0,0,0,0,0,0,0
0,7,3,0,0,0,0,0,0,0
0,7,2,0,0,0,0,0,0,0
0,3,2,0,0,0,0,0,0,0
0,2,3,0,0,0,0,0,0,0
1,2,2,0,0,0,0,0,0,0
3,1,1,0,0,0,0,0,0,0
3,1,1,0,0,0,0,0,0,0
0,5,1,0,0,0,0,0,0,0
0,6,1,0,0,0,0,0,0,0
1,4,2,0,0,0,0,0,0,0
0,5,1,0,0,0,0,0,0,0
0,4,1,0,0,0,0,0,0,0
1,3,1,0,0,0,0,0,0,0
0,1,4,0,0,0,0,0,0,0
0,4,1,0,0,0,0,0,0,0
0,4,1,0,0,0,0,0,0,0
0,1,4,0,0,0,0,0,0,0
1,1,3,0,0,0,0,0,0,0
0,4,1,0,0,0,0,0,0,0
1,8,2,0,0,0,0,0,0,0
1,6,1,0,0,0,0,0,0,0
2,2,1,0,0,0,0,0,0,0
1,1,3,0,0,0,0,0,0,0
0,2,4,0,0,0,0,0,0,0
0,1,4,0,0,0,0,0,0,0
0,6,2,0,0,0,0,0,0,0
0,2,3,0,0,0,0,0,0,0
0,4,2,0,0,0,0,0,0,0
0,1,4,0,0,0,0,0,0,0
0,3,3,0,0,0,0,0,0,0
0,3,4,0,0,0,0,0,0,0
0,5,1,0,0,0,0,0,0,0
0,1,4,0,0,0,0,0,0,0
0,4,1,0,0,0,0,0,0,0
0,4,2,0,0,0,0,0,0,0
1,3,1,0,0,0,0,0,0,0
0,2,5,0,0,0,0,0,0,0
0,3,2,0,0,0,0,0,0,0
0,4,2,0,0,0,0,0,0,0
0,4,1,0,0,0,0,0,0,0
0,3,3,0,0,0,0,0,0,0
1,2,2,0,0,0,0,0,0,0
1,12,1,0,0,0,0,0,0,0
0,6,2,0,0,0,0,0,0,0
0,2,3,0,0,0,0,0,0,0
0,3,2,0,0,0,0,0,0,0
0,3,3,0,0,0,0,0,0,0
0,6,2,0,0,0,0,0,0,0
0,4,3,0,0,0,0,0,0,0
2,0,5,0,0,0,0,0,0,0
1,0,5,0,0,0,0,0,0,0
1,3,2,0,0,0,0,0,0,0
1,2,2,0,0,0,0,0,0,0
0,6,1,0,0,0,0,0,0,0
0,1,4,0,0,0,0,0,0,0
1,1,9,0,0,0,0,0,0,0
0,1,5,0,0,0,0,0,0,0
1,10,1,0,0,0,0,0,0,0
0,6,2,0,0,0,0,0,0,0
1,1,4,0,0,0,0,0,0,0
2,3,4,0,0,0,0,0,0,0
0,5,2,0,0,0,0,0,0,0
0,2,3,0,0,0,0,0,0,0
1,2,2,0,0,0,0,0,0,0
0,4,4,0,0,0,0,0,0,0
0,2,3,0,0,0,0,0,0,0
1,1,3,0,0,0,0,0,0,0
0,4,1,0,0,0,0,0,0,0
0,4,1,0,0,0,0,0,0,0
0,4,1,0,0,0,0,0,0,0
0,9,2,0,0,0,0,0,0,0
1,1,3,0,0,0,0,0,0,0
1,2,2,0,0,0,0,0,0,0
0,9,4,0,0,0,0,0,0,0
0,6,4,0,0,0,0,0,0,0
0,5,7,0,0,0,0,0,0,0
1,0,6,0,0,0,0,0,0,0
0,4,3,0,0,0,0,0,0,0
0,4,1,0,0,0,0,0,0,0
0,1,5,0,0,0,0,0,0,0
0,3,2,0,0,0,0,0,0,0
0,3,2,0,0,0,0,0,0,0
0,3,3,0,0,0,0,0,0,0
0,6,1,0,0,0,0,0,0,0
0,2,7,0,0,0,0,0,0,0
0,3,2,0,0,0,0,0,0,0
0,3,2,0,0,0,0,0,0,0
0,5,3,0,0,0,0,0,0,0
0,3,3,0,0,0,0,0,0,0
0,5,1,0,0,0,0,0,0,0
0,8,2,0,0,0,0,0,0,0
2,4,1,0,0,0,0,0,0,0
0,1,6,0,0,0,0,0,0,0
0,2,3,0,0,0,0,0,0,0
0,6,1,0,0,0,0,0,0,0
0,4,2,0,0,0,0,0,0,0
0,1,4,0,0,0,0,0,0,0
0,1,5,0,0,0,0,0,0,0
0,1,4,0,0,0,0,0,0,0
0,5,1,0,0,0,0,0,0,0
0,1,4,0,0,0,0,0,0,0
0,7,2,0,0,0,0,0,0,0
0,2,4,0,0,0,0,0,0,0
0,13,2,0,0,0,0,0,0,0
4,1,3,0,0,0,0,0,0,0
0,3,3,0,0,0,0,0,0,0
1,0,5,0,0,0,0,0,0,0
0,4,1,0,0,0,0,0,0,0
0,2,3,0,0,0,0,0,0,0
0,7,3,0,0,0,0,0,0,0
0,4,2,0,0,0,0,0,0,0
0,5,1,0,0,0,0,0,0,0
0,5,1,0,0,0,0,0,0,0
2,1,2,0,0,0,0,0,0,0
0,4,2,0,0,0,0,0,0,0
0,2,4,0,0,0,0,0,0,0
0,5,2,0,0,0,0,0,0,0
0,1,6,0,0,0,0,0,0,0
0,3,2,0,0,0,0,0,0,0
0,11,3,0,0,0,0,0,0,0
0,3,2,0,0,0,0,0,0,0
0,8,5,0,0,0,0,0,0,0
0,4,3,0,0,0,0,0,0,0
1,0,5,0,0,0,0,0,0,0
0,4,1,0,0,0,0,0,0,0
0,7,2,0,0,0,0,0,0,0
0,3,5,0,0,0,0,0,0,0
0,3,2,0,0,0,0,0,0,0
0,1,4,0,0,0,0,0,0,0
0,10,3,0,0,0,0,0,0,0
6,15,1,0,0,0,0,0,0,0
0,1,4,0,0,0,0,0,0,0
0,9,2,0,0,0,0,0,0,0
0,5,1,0,0,0,0,0,0,0
1,10,1,0,0,0,0,0,0,0
0,12,3,0,0,0,0,0,0,0
0,4,3,0,0,0,0,0,0,0
0,12,2,0,0,0,0,0,0,0
0,4,2,0,0,0,0,0,0,0
0,1,4,0,0,0,0,0,0,0
0,3,3,0,0,0,0,0,0,0
0,3,2,0,0,0,0,0,0,0
1,1,7,0,0,0,0,0,0,0
0,5,1,0,0,0,0,0,0,0
0,3,2,0,0,0,0,0,0,0
1,4,1,0,0,0,0,0,0,0
1,6,1,0,0,0,0,0,0,0
0,1,6,0,0,0,0,0,0,0
2,7,4,0,0,0,0,0,0,0
0,2,3,0,0,0,0,0,0,0
0,4,1,0,0,0,0,0,0,0
0,2,3,0,0,0,0,0,0,0
0,3,4,0,0,0,0,0,0,0
0,4,2,0,0,0,0,0,0,0
0,1,4,0,0,0,0,0,0,0
1,5,3,0,0,0,0,0,0,0
1,2,2,0,0,0,0,0,0,0
0,2,3,0,0,0,0,0,0,0
1,3,1,0,0,0,0,0,0,0
1,1,5,0,0,0,0,0,0,0
0,5,2,0,0,0,0,0,0,0
0,11,5,0,0,0,0,0,0,0
0,1,5,0,0,0,0,0,0,0
3,6,4,0,0,0,0,0,0,0
1,3,1,0,0,0,0,0,0,0
0,4,3,0,0,0,0,0,0,0
0,1,5,0,0,0,0,0,0,0
0,3,3,0,0,0,0,0,0,0
0,4,2,0,0,0,0,0,0,0
0,3,2,0,0,0,0,0,0,0
0,4,2,0,0,0,0,0,0,0
1,1,3,0,0,0,0,0,0,0
0,5,1,0,0,0,0,0,0,0
0,8,2,0,0,0,0,0,0,0
0,6,1,0,0,0,0,0,0,0
1,0,6,0,0,0,0,0,0,0
0,9,2,0,0,0,0,0,0,0
1,7,3,0,0,0,0,0,0,0
0,6,1,0,0,0,0,0,0,0
1,9,1,0,0,0,0,0,0,0
1,11,3,0,0,0,0,0,0,0
1,0,5,0,0,0,0,0,0,0
0,6,2,0,0,0,0,0,0,0
0,6,3,0,0,0,0,0,0,0
0,4,2,0,0,0,0,0,0,0
0,2,3,0,0,0,0,0,0,0
0,4,1,0,0,0,0,0,0,0
0,4,2,0,0,0,0,0,0,0
0,1,4,0,0,0,0,0,0,0
0,1,5,0,0,0,0,0,0,0
0,6,1,0,0,0,0,0,0,0
0,5,2,0,0,0,0,0,0,0
0,3,3,0,0,0,0,0,0,0
0,3,2,0,0,0,0,0,0,0
2,0,7,0,0,0,0,0,0,0
3,0,5,0,0,0,0,0,0,0
0,1,5,0,0,0,0,0,0,0
0,4,4,0,0,0,0,0,0,0
0,1,4,0,0,0,0,0,0,0
0,1,6,0,0,0,0,0,0,0
0,4,1,0,0,0,0,0,0,0
0,1,4,0,0,0,0,0,0,0
26,1,3,0,0,0,0,0,0,0
2,5,1,0,0,0,0,0,0,0
0,2,3,0,0,0,0,0,0,0
1,12,2,0,0,0,0,0,0,0
0,1,5,0,0,0,0,0,0,0
1,2,2,0,0,0,0,0,0,0
0,9,3,0,0,0,0,0,0,0
0,2,6,0,0,0,0,0,0,0
0,6,1,0,0,0,0,0,0,0
0,2,8,0,0,0,0,0,0,0
0,7,3,0,0,0,0,0,0,0
0,4,1,0,0,0,0,0,0,0
0,4,1,0,0,0,0,0,0,0
1,4,4,0,0,0,0,0,0,0
0,7,2,0,0,0,0,0,0,0
0,3,2,0,0,0,0,0,0,0
1,2,3,0,0,0,0,0,0,0
0,1,4,0,0,0,0,0,0,0
0,4,1,0,0,0,0,0,0,0
0,4,1,0,0,0,0,0,0,0
0,4,2,0,0,0,0,0,0,0
0,5,1,0,0,0,0,0,0,0
0,13,4,0,0,0,0,0,0,0
0,4,6,0,0,0,0,0,0,0
2,4,1,0,0,0,0,0,0,0
0,4,1,0,0,0,0,0,0,0
0,8,2,0,0,0,0,0,0,0
0,11,3,0,0,0,0,0,0,0
1,3,3,0,0,0,0,0,0,0
0,2,4,0,0,0,0,0,0,0
1,3,1,0,0,0,0,0,0,0
1,4,1,0,0,0,0,0,0,0
1,1,3,0,0,0,0,0,0,0
0,3,2,0,0,0,0,0,0,0
0,4,2,0,0,0,0,0,0,0
0,3,2,0,0,0,0,0,0,0
0,2,3,0,0,0,0,0,0,0
0,3,4,0,0,0,0,0,0,0
0,2,3,0,0,0,0,0,0,0
0,3,2,0,0,0,0,0,0,0
0,18,4,0,0,0,0,0,0,0
4,2,1,0,0,0,0,0,0,0
0,8,3,0,0,0,0,0,0,0
0,6,1,0,0,0,0,0,0,0
0,3,2,0,0,0,0,0,0,0
1,2,4,0,0,0,0,0,0,0
1,0,6,0,0,0,0,0,0,0
0,4,1,0,0,0,0,0,0,0
0,3,2,0,0,0,0,0,0,0
1,3,4,0,0,0,0,0,0,0
1,1,3,0,0,0,0,0,0,0
0,1,4,0,0,0,0,0,0,0
0,6,2,0,0,0,0,0,0,0
0,4,3,0,0,0,0,0,0,0
0,2,6,0,0,0,0,0,0,0
0,1,4,0,0,0,0,0,0,0
0,2,5,0,0,0,0,0,0,0
0,3,3,0,0,0,0,0,0,0
1,3,1,0,0,0,0,0,0,0
2,5,1,0,0,0,0,0,0,0
0,4,1,0,0,0,0,0,0,0
0,1,6,0,0,0,0,0,0,0
1,3,1,0,0,0,0,0,0,0
0,2,3,0,0,0,0,0,0,0
0,2,3,0,0,0,0,0,0,0
1,8,4,0,0,0,0,0,0,0
0,4,2,0,0,0,0,0,0,0
0,6,1,0,0,0,0,0,0,0
0,5,1,0,0,0,0,0,0,0
1,0,5,0,0,0,0,0,0,0
0,4,2,0,0,0,0,0,0,0
1,3,1,0,0,0,0,0,0,0
0,4,1,0,0,0,0,0,0,0
0,4,2,0,0,0,0,0,0,0
2,1,5,0,0,0,0,0,0,0
0,1,4,0,0,0,0,0,0,0
0,1,4,0,0,0,0,0,0,0
1,1,3,0,0,0,0,0,0,0
0,6,1,0,0,0,0,0,0,0
1,1,3,0,0,0,0,0,0,0
1,2,2,0,0,0,0,0,0,0
0,1,4,0,0,0,0,0,0,0
1,0,6,0,0,0,0,0,0,0
0,4,2,0,0,0,0,0,0,0
0,5,3,0,0,0,0,0,0,0
1,0,5,0,0,0,0,0,0,0
0,3,6,0,0,0,0,0,0,0
0,4,3,0,0,0,0,0,0,0
0,3,3,0,0,0,0,0,0,0
1,4,1,0,0,0,0,0,0,0
0,2,4,0,0,0,0,0,0,0
1,4,1,0,0,0,0,0,0,0
0,8,2,0,0,0,0,0,0,0
0,3,2,0,0,0,0,0,0,0
0,5,2,0,0,0,0,0,0,0
1,5,1,0,0,0,0,0,0,0
0,4,1,0,0,0,0,0,0,0
0,4,1,0,0,0,0,0,0,0
0,3,2,0,0,0,0,0,0,0
0,3,2,0,0,0,0,0,0,0
2,0,5,0,0,0,0,0,0,0
2,1,2,0,0,0,0,0,0,0
0,3,2,0,0,0,0,0,0,0
0,1,5,0,0,0,0,0,0,0
0,4,1,0,0,0,0,0,0,0
1,1,4,0,0,0,0,0,0,0
0,4,6,0,0,0,0,0,0,0
0,4,2,0,0,0,0,0,0,0
0,2,4,0,0,0,0,0,0,0
0,3,2,0,0,0,0,0,0,0
2,4,1,0,0,0,0,0,0,0
0,1,4,0,0,0,0,0,0,0
1,3,2,0,0,0,0,0,0,0
0,3,2,0,0,0,0,0,0,0
0,7,4,0,0,0,0,0,0,0
1,7,1,0,0,0,0,0,0,0
0,7,2,0,0,0,0,0,0,0
0,10,2,0,0,0,0,0,0,0
1,3,1,0,0,0,0,0,0,0
0,2,4,0,0,0,0,0,0,0
0,4,2,0,0,0,0,0,0,0
0,3,3,0,0,0,0,0,0,0
0,1,4,0,0,0,0,0,0,0
2,16,1,0,0,0,0,0,0,0
0,1,4,0,0,0,0,0,0,0
0,5,1,0,0,0,0,0,0,0
0,2,3,0,0,0,0,0,0,0
0,2,3,0,0,0,0,0,0,0
0,4,2,0,0,0,0,0,0,0
1,2,3,0,0,0,0,0,0,0
1,4,2,0,0,0,0,0,0,0
0,5,1,0,0,0,0,0,0,0
6,8,1,0,0,0,0,0,0,0
2,1,2,0,0,0,0,0,0,0
0,7,2,0,0,0,0,0,0,0
0,5,2,0,0,0,0,0,0,0
0,6,3,0,0,0,0,0,0,0
0,3,2,0,0,0,0,0,0,0
0,6,1,0,0,0,0,0,0,0
7,7,1,0,0,0,0,0,0,0
0,4,2,0,0,0,0,0,0,0
0,3,2,0,0,0,0,0,0,0
0,1,4,0,0,0,0,0,0,0
0,2,3,0,0,0,0,0,0,0
0,13,3,0,0,0,0,0,0,0
0,1,4,0,0,0,0,0,0,0
0,1,4,0,0,0,0,0,0,0
0,5,2,0,0,0,0,0,0,0
0,1,4,0,0,0,0,0,0,0
1,1,4,0,0,0,0,0,0,0
0,2,4,0,0,0,0,0,0,0
0,3,4,0,0,0,0,0,0,0
0,2,3,0,0,0,0,0,0,0
0,2,5,0,0,0,0,0,0,0
0,5,1,0,0,0,0,0,0,0
0,4,4,0,0,0,0,0,0,0
0,4,1,0,0,0,0,0,0,0
1,4,1,0,0,0,0,0,0,0
0,3,3,0,0,0,0,0,0,0
0,1,5,0,0,0,0,0,0,0
0,7,3,0,0,0,0,0,0,0
0,4,3,0,0,0,0,0,0,0
0,1,5,0,0,0,0,0,0,0
0,9,2,0,0,0,0,0,0,0
0,3,2,0,0,0,0,0,0,0
0,6,2,0,0,0,0,0,0,0
0,2,3,0,0,0,0,0,0,0
1,1,9,0,0,0,0,0,0,0
0,3,4,0,0,0,0,0,0,0
2,7,1,0,0,0,0,0,0,0
1,1,3,0,0,0,0,0,0,0
0,1,4,0,0,0,0,0,0,0
2,5,1,0,0,0,0,0,0,0
1,1,3,0,0,0,0,0,0,0
0,4,2,0,0,0,0,0,0,0
0,5,1,0,0,0,0,0,0,0
1,2,2,0,0,0,0,0,0,0
0,1,4,0,0,0,0,0,0,0
0,3,2,0,0,0,0,0,0,0
0,5,2,0,0,0,0,0,0,0
0,3,3,0,0,0,0,0,0,0
1,7,3,0,0,0,0,0,0,0
0,2,3,0,0,0,0,0,0,0
0,4,1,0,0,0,0,0,0,0
0,7,2,0,0,0,0,0,0,0
0,2,3,0,0,0,0,0,0,0
0,3,2,0,0,0,0,0,0,0
0,1,4,0,0,0,0,0,0,0
0,3,2,0,0,0,0,0,0,0
0,5,2,0,0,0,0,0,0,0
2,1,2,0,0,0,0,0,0,0
1,0,6,0,0,0,0,0,0,0
0,3,2,0,0,0,0,0,0,0
1,3,2,0,0,0,0,0,0,0
0,3,4,0,0,0,0,0,0,0
0,10,3,0,0,0,0,0,0,0
0,1,4,0,0,0,0,0,0,0
0,2,3,0,0,0,0,0,0,0
0,3,3,0,0,0,0,0,0,0
1,2,2,0,0,0,0,0,0,0
2,13,1,0,0,0,0,0,0,0
12,3,1,0,0,0,0,0,0,0
0,3,2,0,0,0,0,0,0,0
0,1,5,0,0,0,0,0,0,0
0,1,5,0,0,0,0,0,0,0
1,3,4,0,0,0,0,0,0,0
0,1,5,0,0,0,0,0,0,0
0,1,4,0,0,0,0,0,0,0
0,7,2,0,0,0,0,0,0,0
0,9,2,0,0,0,0,0,0,0
10,3,1,0,0,0,0,0,0,0
0,3,4,0,0,0,0,0,0,0
0,1,4,0,0,0,0,0,0,0
0,5,2,0,0,0,0,0,0,0
0,4,1,0,0,0,0,0,0,0
0,1,4,0,0,0,0,0,0,0
0,4,2,0,0,0,0,0,0,0
0,5,1,0,0,0,0,0,0,0
0,1,5,0,0,0,0,0,0,0
0,3,2,0,0,0,0,0,0,0
0,3,2,0,0,0,0,0,0,0
0,2,3,0,0,0,0,0,0,0
1,1,4,0,0,0,0,0,0,0
0,3,3,0,0,0,0,0,0,0
1,1,4,0,0,0,0,0,0,0
0,5,2,0,0,0,0,0,0,0
0,6,2,0,0,0,0,0,0,0
0,4,2,0,0,0,0,0,0,0
0,4,2,0,0,0,0,0,0,0
1,4,1,0,0,0,0,0,0,0
0,1,4,0,0,0,0,0,0,0
0,1,4,0,0,0,0,0,0,0
0,5,1,0,0,0,0,0,0,0
0,5,3,0,0,0,0,0,0,0
2,6,4,0,0,0,0,0,0,0
0,3,4,0,0,0,0,0,0,0
0,2,3,0,0,0,0,0,0,0
0,3,3,0,0,0,0,0,0,0
0,1,5,0,0,0,0,0,0,0
0,3,2,0,0,0,0,0,0,0
0,4,2,0,0,0,0,0,0,0
0,3,3,0,0,0,0,0,0,0
0,5,1,0,0,0,0,0,0,0
3,28,2,0,0,0,0,0,0,0
2,1,2,0,0,0,0,0,0,0
0,3,2,0,0,0,0,0,0,0
0,4,1,0,0,0,0,0,0,0
3,3,3,0,0,0,0,0,0,0
0,5,2,0,0,0,0,0,0,0
0,10,4,0,0,0,0,0,0,0
0,7,2,0,0,0,0,0,0,0
1,5,1,0,0,0,0,0,0,0
1,3,1,0,0,0,0,0,0,0
0,5,5,0,0,0,0,0,0,0
0,7,3,0,0,0,0,0,0,0
1,2,4,0,0,0,0,0,0,0
0,4,2,0,0,0,0,0,0,0
0,3,3,0,0,0,0,0,0,0
0,6,2,0,0,0,0,0,0,0
0,4,7,0,0,0,0,0,0,0
1,13,3,0,0,0,0,0,0,0
0,1,5,0,0,0,0,0,0,0
19,19,1,0,0,0,0,0,0,0
0,5,2,0,0,0,0,0,0,0
0,1,6,0,0,0,0,0,0,0
0,9,2,0,0,0,0,0,0,0
2,1,2,0,0,0,0,0,0,0
0,6,1,0,0,0,0,0,0,0
0,1,5,0,0,0,0,0,0,0
0,5,1,0,0,0,0,0,0,0
0,4,1,0,0,0,0,0,0,0
0,7,3,0,0,0,0,0,0,0
1,2,3,0,0,0,0,0,0,0
0,10,2,0,0,0,0,0,0,0
0,2,3,0,0,0,0,0,0,0
0,10,2,0,0,0,0,0,0,0
0,2,3,0,0,0,0,0,0,0
0,1,5,0,0,0,0,0,0,0
0,3,3,0,0,0,0,0,0,0
1,1,5,0,0,0,0,0,0,0
0,2,3,0,0,0,0,0,0,0
0,3,2,0,0,0,0,0,0,0
1,1,4,0,0,0,0,0,0,0
0,5,2,0,0,0,0,0,0,0
0,7,7,0,0,0,0,0,0,0
1,1,6,0,0,0,0,0,0,0
4,8,2,0,0,0,0,0,0,0
0,4,1,0,0,0,0,0,0,0
0,3,2,0,0,0,0,0,0,0
2,1,3,0,0,0,0,0,0,0
0,5,1,0,0,0,0,0,0,0
2,1,3,0,0,0,0,0,0,0
0,1,4,0,0,0,0,0,0,0
0,4,2,0,0,0,0,0,0,0
0,5,1,0,0,0,0,0,0,0
0,4,1,0,0,0,0,0,0,0
1,7,2,0,0,0,0,0,0,0
1,2,4,0,0,0,0,0,0,0
13,0,5,0,0,0,0,0,0,0
0,6,1,0,0,0,0,0,0,0
0,5,1,0,0,0,0,0,0,0
0,3,2,0,0,0,0,0,0,0
0,5,5,0,0,0,0,0,0,0
1,5,1,0,0,0,0,0,0,0
0,3,2,0,0,0,0,0,0,0
0,4,5,0,0,0,0,0,0,0
0,9,2,0,0,0,0,0,0,0
0,6,1,0,0,0,0,0,0,0
1,2,2,0,0,0,0,0,0,0
0,7,2,0,0,0,0,0,0,0
0,3,3,0,0,0,0,0,0,0
0,3,2,0,0,0,0,0,0,0
1,7,2,0,0,0,0,0,0,0
2,3,1,0,0,0,0,0,0,0
0,1,5,0,0,0,0,0,0,0
0,1,4,0,0,0,0,0,0,0
0,1,4,0,0,0,0,0,0,0
0,4,1,0,0,0,0,0,0,0
0,3,2,0,0,0,0,0,0,0
0,1,5,0,0,0,0,0,0,0
0,6,1,0,0,0,0,0,0,0
0,2,3,0,0,0,0,0,0,0
1,4,1,0,0,0,0,0,0,0
0,4,1,0,0,0,0,0,0,0
0,3,3,0,0,0,0,0,0,0
0,2,5,0,0,0,0,0,0,0
0,1,4,0,0,0,0,0,0,0
0,2,3,0,0,0,0,0,0,0
0,3,2,0,0,0,0,0,0,0
0,4,4,0,0,0,0,0,0,0
0,3,4,0,0,0,0,0,0,0
0,5,4,0,0,0,0,0,0,0
0,4,2,0,0,0,0,0,0,0
0,4,2,0,0,0,0,0,0,0
0,1,5,0,0,0,0,0,0,0
1,6,3,0,0,0,0,0,0,0
3,1,8,0,0,0,0,0,0,0
0,4,1,0,0,0,0,0,0,0
0,5,1,0,0,0,0,0,0,0
0,1,5,0,0,0,0,0,0,0
0,1,5,0,0,0,0,0,0,0
0,6,1,0,0,0,0,0,0,0
0,2,3,0,0,0,0,0,0,0
0,4,1,0,0,0,0,0,0,0
0,2,5,0,0,0,0,0,0,0
0,3,2,0,0,0,0,0,0,0
0,7,4,0,0,0,0,0,0,0
0,2,4,0,0,0,0,0,0,0
0,1,4,0,0,0,0,0,0,0
0,12,4,0,0,0,0,0,0,0
0,1,6,0,0,0,0,0,0,0
0,6,2,0,0,0,0,0,0,0
0,2,3,0,0,0,0,0,0,0
0,4,1,0,0,0,0,0,0,0
0,7,3,0,0,0,0,0,0,0
0,3,2,0,0,0,0,0,0,0
0,4,2,0,0,0,0,0,0,0
0,2,5,0,0,0,0,0,0,0
0,5,2,0,0,0,0,0,0,0
0,4,5,0,0,0,0,0,0,0
0,3,2,0,0,0,0,0,0,0
1,2,3,0,0,0,0,0,0,0
0,8,2,0,0,0,0,0,0,0
0,1,4,0,0,0,0,0,0,0
0,5,1,0,0,0,0,0,0,0
0,4,2,0,0,0,0,0,0,0
1,3,4,0,0,0,0,0,0,0
0,3,2,0,0,0,0,0,0,0
0,4,1,0,0,0,0,0,0,0
0,5,1,0,0,0,0,0,0,0
1,11,4,0,0,0,0,0,0,0
0,2,5,0,0,0,0,0,0,0
0,1,4,0,0,0,0,0,0,0
1,3,2,0,0,0,0,0,0,0
2,1,5,0,0,0,0,0,0,0
0,1,4,0,0,0,0,0,0,0
0,5,1,0,0,0,0,0,0,0
0,4,3,0,0,0,0,0,0,0
1,4,1,0,0,0,0,0,0,0
0,4,1,0,0,0,0,0,0,0
1,2,3,0,0,0,0,0,0,0
0,2,3,0,0,0,0,0,0,0
0,1,6,0,0,0,0,0,0,0
0,5,3,0,0,0,0,0,0,0
0,1,5,0,0,0,0,0,0,0
0,1,4,0,0,0,0,0,0,0
0,5,1,0,0,0,0,0,0,0
0,1,5,0,0,0,0,0,0,0
2,1,3,0,0,0,0,0,0,0
0,4,1,0,0,0,0,0,0,0
0,8,3,0,0,0,0,0,0,0
0,2,3,0,0,0,0,0,0,0
0,1,4,0,0,0,0,0,0,0
1,0,5,0,0,0,0,0,0,0
0,4,1,0,0,0,0,0,0,0
3,5,1,0,0,0,0,0,0,0
0,4,5,0,0,0,0,0,0,0
4,1,1,0,0,0,0,0,0,0
0,7,3,0,0,0,0,0,0,0
0,6,4,0,0,0,0,0,0,0
0,7,3,0,0,0,0,0,0,0
1,3,2,0,0,0,0,0,0,0
0,4,2,0,0,0,0,0,0,0
0,3,3,0,0,0,0,0,0,0
0,6,1,0,0,0,0,0,0,0
1,4,1,0,0,0,0,0,0,0
0,3,2,0,0,0,0,0,0,0
0,4,2,0,0,0,0,0,0,0
0,2,4,0,0,0,0,0,0,0
1,2,3,0,0,0,0,0,0,0
0,2,4,0,0,0,0,0,0,0
1,7,2,0,0,0,0,0,0,0
1,1,3,0,0,0,0,0,0,0
0,1,4,0,0,0,0,0,0,0
4,2,2,0,0,0,0,0,0,0
0,3,3,0,0,0,0,0,0,0
1,4,2,0,0,0,0,0,0,0
0,4,1,0,0,0,0,0,0,0
0,5,1,0,0,0,0,0,0,0
0,3,2,0,0,0,0,0,0,0
0,13,2,0,0,0,0,0,0,0
0,5,1,0,0,0,0,0,0,0
0,1,4,0,0,0,0,0,0,0
0,5,1,0,0,0,0,0,0,0
0,3,5,0,0,0,0,0,0,0
0,5,1,0,0,0,0,0,0,0
0,5,1,0,0,0,0,0,0,0
0,1,4,0,0,0,0,0,0,0
1,2,4,0,0,0,0,0,0,0
0,4,1,0,0,0,0,0,0,0
0,1,4,0,0,0,0,0,0,0
0,10,2,0,0,0,0,0,0,0
0,9,3,0,0,0,0,0,0,0
0,2,4,0,0,0,0,0,0,0
0,2,4,0,0,0,0,0,0,0
0,16,5,0,0,0,0,0,0,0
0,4,1,0,0,0,0,0,0,0
2,2,3,0,0,0,0,0,0,0
1,3,1,0,0,0,0,0,0,0
1,0,5,0,0,0,0,0,0,0
1,16,2,0,0,0,0,0,0,0
1,2,2,0,0,0,0,0,0,0
0,1,4,0,0,0,0,0,0,0
0,12,4,0,0,0,0,0,0,0
0,3,2,0,0,0,0,0,0,0
0,6,1,0,0,0,0,0,0,0
0,4,1,0,0,0,0,0,0,0
3,12,3,0,0,0,0,0,0,0
0,2,3,0,0,0,0,0,0,0
0,3,2,0,0,0,0,0,0,0
0,6,1,0,0,0,0,0,0,0
0,5,1,0,0,0,0,0,0,0
0,4,3,0,0,0,0,0,0,0
1,3,3,0,0,0,0,0,0,0
1,2,5,0,0,0,0,0,0,0
0,3,4,0,0,0,0,0,0,0
0,5,5,0,0,0,0,0,0,0
0,8,2,0,0,0,0,0,0,0
0,5,2,0,0,0,0,0,0,0
0,2,4,0,0,0,0,0,0,0
0,2,3,0,0,0,0,0,0,0
0,4,1,0,0,0,0,0,0,0
1,5,1,0,0,0,0,0,0,0
0,6,2,0,0,0,0,0,0,0
34,1,6,0,0,0,0,0,0,0
0,4,1,0,0,0,0,0,0,0
1,7,1,0,0,0,0,0,0,0
0,1,4,0,0,0,0,0,0,0
20,15,1,0,0,0,0,0,0,0
1,2,4,0,0,0,0,0,0,0
1,8,4,0,0,0,0,0,0,0
2,5,2,0,0,0,0,0,0,0
0,2,4,0,0,0,0,0,0,0
0,3,3,0,0,0,0,0,0,0
0,1,5,0,0,0,0,0,0,0
1,0,5,0,0,0,0,0,0,0
0,2,5,0,0,0,0,0,0,0
0,6,4,0,0,0,0,0,0,0
1,1,4,0,0,0,0,0,0,0
0,1,5,0,0,0,0,0,0,0
0,2,7,0,0,0,0,0,0,0
0,2,3,0,0,0,0,0,0,0
0,2,3,0,0,0,0,0,0,0
1,1,4,0,0,0,0,0,0,0
2,0,7,0,0,0,0,0,0,0
0,5,5,0,0,0,0,0,0,0
0,1,4,0,0,0,0,0,0,0
8,3,2,0,0,0,0,0,0,0
0,2,3,0,0,0,0,0,0,0
0,5,1,0,0,0,0,0,0,0
1,4,2,0,0,0,0,0,0,0
1,10,1,0,0,0,0,0,0,0
0,1,4,0,0,0,0,0,0,0
0,3,5,0,0,0,0,0,0,0
0,1,4,0,0,0,0,0,0,0
0,4,2,0,0,0,0,0,0,0
0,2,3,0,0,0,0,0,0,0
0,1,4,0,0,0,0,0,0,0
0,1,4,0,0,0,0,0,0,0
0,8,12,0,0,0,0,0,0,0
0,3,4,0,0,0,0,0,0,0
0,2,3,0,0,0,0,0,0,0
0,5,4,0,0,0,0,0,0,0
0,4,1,0,0,0,0,0,0,0
28,9,1,0,0,0,0,0,0,0
0,5,1,0,0,0,0,0,0,0
0,3,4,0,0,0,0,0,0,0
0,3,2,0,0,0,0,0,0,0
0,2,3,0,0,0,0,0,0,0
0,7,3,0,0,0,0,0,0,0
1,4,1,0,0,0,0,0,0,0
14,26,4,0,0,0,0,0,0,0
4,1,1,0,0,0,0,0,0,0
0,4,4,0,0,0,0,0,0,0
0,7,8,0,0,0,0,0,0,0
1,5,2,0,0,0,0,0,0,0
1,7,3,0,0,0,0,0,0,0
0,1,4,0,0,0,0,0,0,0
0,1,6,0,0,0,0,0,0,0
1,2,3,0,0,0,0,0,0,0
0,4,3,0,0,0,0,0,0,0
1,2,2,0,0,0,0,0,0,0
0,18,3,0,0,0,0,0,0,0
1,6,6,0,0,0,0,0,0,0
0,2,4,0,0,0,0,0,0,0
1,2,5,0,0,0,0,0,0,0
1,2,5,0,0,0,0,0,0,0
0,6,3,0,0,0,0,0,0,0
0,3,2,0,0,0,0,0,0,0
1,3,1,0,0,0,0,0,0,0
0,5,1,0,0,0,0,0,0,0
1,1,6,0,0,0,0,0,0,0
0,15,3,0,0,0,0,0,0,0
0,5,4,0,0,0,0,0,0,0
0,5,1,0,0,0,0,0,0,0
0,4,2,0,0,0,0,0,0,0
0,8,3,0,0,0,0,0,0,0
1,6,1,0,0,0,0,0,0,0
0,1,4,0,0,0,0,0,0,0
0,2,3,0,0,0,0,0,0,0
0,5,1,0,0,0,0,0,0,0
0,1,4,0,0,0,0,0,0,0
0,3,5,0,0,0,0,0,0,0
0,5,2,0,0,0,0,0,0,0
0,1,5,0,0,0,0,0,0,0
0,3,4,0,0,0,0,0,0,0
0,4,1,0,0,0,0,0,0,0
0,4,1,0,0,0,0,0,0,0
2,3,2,0,0,0,0,0,0,0
2,8,1,0,0,0,0,0,0,0
0,3,2,0,0,0,0,0,0,0
0,5,2,0,0,0,0,0,0,0
0,1,6,0,0,0,0,0,0,0
0,2,3,0,0,0,0,0,0,0
0,1,5,0,0,0,0,0,0,0
0,1,4,0,0,0,0,0,0,0
1,5,2,0,0,0,0,0,0,0
0,8,3,0,0,0,0,0,0,0
3,14,2,0,0,0,0,0,0,0
1,3,3,0,0,0,0,0,0,0
0,3,2,0,0,0,0,0,0,0
0,3,2,0,0,0,0,0,0,0
0,4,3,0,0,0,0,0,0,0
2,2,2,0,0,0,0,0,0,0
1,3,1,0,0,0,0,0,0,0
0,3,2,0,0,0,0,0,0,0
0,5,1,0,0,0,0,0,0,0
0,6,1,0,0,0,0,0,0,0
1,0,5,0,0,0,0,0,0,0
1,2,3,0,0,0,0,0,0,0
0,3,2,0,0,0,0,0,0,0
1,5,2,0,0,0,0,0,0,0
1,3,2,0,0,0,0,0,0,0
0,1,5,0,0,0,0,0,0,0
0,4,1,0,0,0,0,0,0,0
0,1,5,0,0,0,0,0,0,0
1,0,5,0,0,0,0,0,0,0
0,4,3,0,0,0,0,0,0,0
0,6,1,0,0,0,0,0,0,0
0,6,2,0,0,0,0,0,0,0
3,1,2,0,0,0,0,0,0,0
0,7,2,0,0,0,0,0,0,0
0,1,4,0,0,0,0,0,0,0
0,5,3,0,0,0,0,0,0,0
0,7,3,0,0,0,0,0,0,0
0,2,3,0,0,0,0,0,0,0
2,2,1,0,0,0,0,0,0,0
0,9,4,0,0,0,0,0,0,0
0,11,2,0,0,0,0,0,0,0
0,1,4,0,0,0,0,0,0,0
0,4,2,0,0,0,0,0,0,0
0,3,7,0,0,0,0,0,0,0
2,8,1,0,0,0,0,0,0,0
1,8,1,0,0,0,0,0,0,0
0,4,1,0,0,0,0,0,0,0
0,3,3,0,0,0,0,0,0,0
1,1,4,0,0,0,0,0,0,0
0,3,3,0,0,0,0,0,0,0
0,4,1,0,0,0,0,0,0,0
0,1,4,0,0,0,0,0,0,0
0,1,5,0,0,0,0,0,0,0
0,12,2,0,0,0,0,0,0,0
2,1,3,0,0,0,0,0,0,0
0,4,1,0,0,0,0,0,0,0
0,6,2,0,0,0,0,0,0,0
5,1,3,0,0,0,0,0,0,0
0,5,2,0,0,0,0,0,0,0
0,8,2,0,0,0,0,0,0,0
0,2,5,0,0,0,0,0,0,0
1,1,8,0,0,0,0,0,0,0
0,3,7,0,0,0,0,0,0,0
0,15,3,0,0,0,0,0,0,0
1,4,1,0,0,0,0,0,0,0
0,3,2,0,0,0,0,0,0,0
0,4,1,0,0,0,0,0,0,0
5,7,3,0,0,0,0,0,0,0
0,4,3,0,0,0,0,0,0,0
0,6,1,0,0,0,0,0,0,0
0,4,3,0,0,0,0,0,0,0
0,2,4,0,0,0,0,0,0,0
0,5,2,0,0,0,0,0,0,0
0,3,2,0,0,0,0,0,0,0
0,1,6,0,0,0,0,0,0,0
0,1,6,0,0,0,0,0,0,0
1,1,4,0,0,0,0,0,0,0
0,5,1,0,0,0,0,0,0,0
0,5,7,0,0,0,0,0,0,0
0,3,2,0,0,0,0,0,0,0
0,2,6,0,0,0,0,0,0,0
1,1,3,0,0,0,0,0,0,0
0,8,2,0,0,0,0,0,0,0
0,1,4,0,0,0,0,0,0,0
1,0,6,0,0,0,0,0,0,0
0,4,2,0,0,0,0,0,0,0
0,1,5,0,0,0,0,0,0,0
1,2,2,0,0,0,0,0,0,0
0,2,3,0,0,0,0,0,0,0
2,4,1,0,0,0,0,0,0,0
0,1,4,0,0,0,0,0,0,0
0,3,3,0,0,0,0,0,0,0
0,6,1,0,0,0,0,0,0,0
1,3,2,0,0,0,0,0,0,0
0,5,4,0,0,0,0,0,0,0
0,4,2,0,0,0,0,0,0,0
1,2,2,0,0,0,0,0,0,0
0,4,8,0,0,0,0,0,0,0
10,1,1,0,0,0,0,0,0,0
0,2,5,0,0,0,0,0,0,0
0,3,2,0,0,0,0,0,0,0
0,2,4,0,0,0,0,0,0,0
0,3,4,0,0,0,0,0,0,0
1,4,1,0,0,0,0,0,0,0
0,12,4,0,0,0,0,0,0,0
0,4,1,0,0,0,0,0,0,0
0,4,2,0,0,0,0,0,0,0
2,1,4,0,0,0,0,0,0,0
0,6,2,0,0,0,0,0,0,0
0,1,5,0,0,0,0,0,0,0
0,4,2,0,0,0,0,0,0,0
0,4,13,0,0,0,0,0,0,0
0,4,2,0,0,0,0,0,0,0
0,3,3,0,0,0,0,0,0,0
0,1,4,0,0,0,0,0,0,0
1,0,6,0,0,0,0,0,0,0
0,4,1,0,0,0,0,0,0,0
0,7,6,0,0,0,0,0,0,0
1,0,5,0,0,0,0,0,0,0
0,3,2,0,0,0,0,0,0,0
0,5,6,0,0,0,0,0,0,0
0,10,2,0,0,0,0,0,0,0
0,3,3,0,0,0,0,0,0,0
1,4,5,0,0,0,0,0,0,0
6,1,1,0,0,0,0,0,0,0
0,3,2,0,0,0,0,0,0,0
0,1,4,0,0,0,0,0,0,0
0,3,11,0,0,0,0,0,0,0
0,3,2,0,0,0,0,0,0,0
0,6,2,0,0,0,0,0,0,0
1,5,2,0,0,0,0,0,0,0
0,6,2,0,0,0,0,0,0,0
0,5,1,0,0,0,0,0,0,0
0,2,4,0,0,0,0,0,0,0
0,2,5,0,0,0,0,0,0,0
1,8,1,0,0,0,0,0,0,0
0,1,4,0,0,0,0,0,0,0
0,5,2,0,0,0,0,0,0,0
2,3,1,0,0,0,0,0,0,0
1,4,4,0,0,0,0,0,0,0
0,3,2,0,0,0,0,0,0,0
0,4,1,0,0,0,0,0,0,0
0,5,3,0,0,0,0,0,0,0
0,15,7,0,0,0,0,0,0,0
0,2,3,0,0,0,0,0,0,0
0,5,1,0,0,0,0,0,0,0
1,2,3,0,0,0,0,0,0,0
1,1,3,0,0,0,0,0,0,0
1,5,2,0,0,0,0,0,0,0
0,5,6,0,0,0,0,0,0,0
0,3,7,0,0,0,0,0,0,0
1,4,7,0,0,0,0,0,0,0
0,5,1,0,0,0,0,0,0,0
0,2,4,0,0,0,0,0,0,0
0,6,2,0,0,0,0,0,0,0
5,41,3,0,0,0,0,0,0,0
0,6,1,0,0,0,0,0,0,0
0,1,5,0,0,0,0,0,0,0
0,4,2,0,0,0,0,0,0,0
0,2,3,0,0,0,0,0,0,0
0,6,5,0,0,0,0,0,0,0
1,4,1,0,0,0,0,0,0,0
0,6,1,0,0,0,0,0,0,0
0,2,5,0,0,0,0,0,0,0
1,1,3,0,0,0,0,0,0,0
0,5,1,0,0,0,0,0,0,0
0,2,5,0,0,0,0,0,0,0
1,7,2,0,0,0,0,0,0,0
0,1,4,0,0,0,0,0,0,0
0,1,6,0,0,0,0,0,0,0
0,5,4,0,0,0,0,0,0,0
0,3,3,0,0,0,0,0,0,0
0,2,4,0,0,0,0,0,0,0
1,1,3,0,0,0,0,0,0,0
0,5,1,0,0,0,0,0,0,0
8,1,4,0,0,0,0,0,0,0
0,4,2,0,0,0,0,0,0,0
0,2,8,0,0,0,0,0,0,0
0,9,4,0,0,0,0,0,0,0
0,4,1,0,0,0,0,0,0,0
3,2,3,0,0,0,0,0,0,0
1,2,2,0,0,0,0,0,0,0
0,4,1,0,0,0,0,0,0,0
0,6,1,0,0,0,0,0,0,0
1,4,1,0,0,0,0,0,0,0
0,6,12,0,0,0,0,0,0,0
0,4,3,0,0,0,0,0,0,0
0,1,5,0,0,0,0,0,0,0
0,4,1,0,0,0,0,0,0,0
0,12,2,0,0,0,0,0,0,0
0,4,3,0,0,0,0,0,0,0
0,2,4,0,0,0,0,0,0,0
0,5,1,0,0,0,0,0,0,0
0,5,2,0,0,0,0,0,0,0
0,4,2,0,0,0,0,0,0,0
0,3,3,0,0,0,0,0,0,0
0,2,4,0,0,0,0,0,0,0
1,1,4,0,0,0,0,0,0,0
0,3,4,0,0,0,0,0,0,0
0,2,6,0,0,0,0,0,0,0
0,1,4,0,0,0,0,0,0,0
0,10,2,0,0,0,0,0,0,0
1,3,1,0,0,0,0,0,0,0
0,2,3,0,0,0,0,0,0,0
0,4,1,0,0,0,0,0,0,0
0,6,2,0,0,0,0,0,0,0
0,2,7,0,0,0,0,0,0,0
0,13,3,0,0,0,0,0,0,0
0,8,2,0,0,0,0,0,0,0
0,1,5,0,0,0,0,0,0,0
2,4,2,0,0,0,0,0,0,0
0,3,2,0,0,0,0,0,0,0
0,1,4,0,0,0,0,0,0,0
0,4,2,0,0,0,0,0,0,0
0,4,9,0,0,0,0,0,0,0
1,1,6,0,0,0,0,0,0,0
0,2,6,0,0,0,0,0,0,0
0,6,1,0,0,0,0,0,0,0
0,1,6,0,0,0,0,0,0,0
0,4,2,0,0,0,0,0,0,0
0,2,3,0,0,0,0,0,0,0
1,3,1,0,0,0,0,0,0,0
0,8,2,0,0,0,0,0,0,0
0,3,2,0,0,0,0,0,0,0
0,4,1,0,0,0,0,0,0,0
0,2,4,0,0,0,0,0,0,0
1,4,1,0,0,0,0,0,0,0
1,2,5,0,0,0,0,0,0,0
0,6,1,0,0,0,0,0,0,0
1,1,6,0,0,0,0,0,0,0
0,1,4,0,0,0,0,0,0,0
0,1,4,0,0,0,0,0,0,0
0,5,2,0,0,0,0,0,0,0
0,5,9,0,0,0,0,0,0,0
0,2,11,0,0,0,0,0,0,0
0,4,2,0,0,0,0,0,0,0
0,4,1,0,0,0,0,0,0,0
0,2,3,0,0,0,0,0,0,0
1,1,6,0,0,0,0,0,0,0
0,2,4,0,0,0,0,0,0,0
0,3,3,0,0,0,0,0,0,0
0,1,4,0,0,0,0,0,0,0
0,3,2,0,0,0,0,0,0,0
0,6,2,0,0,0,0,0,0,0
0,2,4,0,0,0,0,0,0,0
0,2,3,0,0,0,0,0,0,0
1,3,2,0,0,0,0,0,0,0
1,4,1,0,0,0,0,0,0,0
2,1,2,0,0,0,0,0,0,0
0,3,3,0,0,0,0,0,0,0
0,3,2,0,0,0,0,0,0,0
0,2,4,0,0,0,0,0,0,0
0,1,5,0,0,0,0,0,0,0
12,1,3,0,0,0,0,0,0,0
0,1,4,0,0,0,0,0,0,0
1,7,1,0,0,0,0,0,0,0
0,6,5,0,0,0,0,0,0,0
0,1,5,0,0,0,0,0,0,0
0,6,2,0,0,0,0,0,0,0
0,1,5,0,0,0,0,0,0,0
0,1,6,0,0,0,0,0,0,0
0,2,3,0,0,0,0,0,0,0
0,1,4,0,0,0,0,0,0,0
0,2,4,0,0,0,0,0,0,0
0,1,6,0,0,0,0,0,0,0
0,2,3,0,0,0,0,0,0,0
0,1,6,0,0,0,0,0,0,0
0,1,5,0,0,0,0,0,0,0
0,6,2,0,0,0,0,0,0,0
0,5,2,0,0,0,0,0,0,0
0,6,1,0,0,0,0,0,0,0
0,11,3,0,0,0,0,0,0,0
0,6,1,0,0,0,0,0,0,0
0,2,3,0,0,0,0,0,0,0
1,0,5,0,0,0,0,0,0,0
2,2,1,0,0,0,0,0,0,0
1,1,3,0,0,0,0,0,0,0
0,2,3,0,0,0,0,0,0,0
0,3,3,0,0,0,0,0,0,0
0,1,4,0,0,0,0,0,0,0
0,1,6,0,0,0,0,0,0,0
0,3,2,0,0,0,0,0,0,0
0,3,2,0,0,0,0,0,0,0
1,3,2,0,0,0,0,0,0,0
0,3,4,0,0,0,0,0,0,0
0,4,1,0,0,0,0,0,0,0
0,1,6,0,0,0,0,0,0,0
0,10,3,0,0,0,0,0,0,0
0,3,3,0,0,0,0,0,0,0
0,4,2,0,0,0,0,0,0,0
0,1,4,0,0,0,0,0,0,0
0,3,2,0,0,0,0,0,0,0
1,8,1,0,0,0,0,0,0,0
1,2,3,0,0,0,0,0,0,0
0,2,6,0,0,0,0,0,0,0
1,3,2,0,0,0,0,0,0,0
0,5,1,0,0,0,0,0,0,0
0,8,2,0,0,0,0,0,0,0
0,7,3,0,0,0,0,0,0,0
0,2,3,0,0,0,0,0,0,0
0,2,4,0,0,0,0,0,0,0
0,13,6,0,0,0,0,0,0,0
0,1,5,0,0,0,0,0,0,0
0,4,1,0,0,0,0,0,0,0
0,2,7,0,0,0,0,0,0,0
0,2,6,0,0,0,0,0,0,0
1,2,2,0,0,0,0,0,0,0
0,3,2,0,0,0,0,0,0,0
0,3,3,0,0,0,0,0,0,0
1,0,5,0,0,0,0,0,0,0
0,4,1,0,0,0,0,0,0,0
0,1,5,0,0,0,0,0,0,0
0,2,3,0,0,0,0,0,0,0
0,2,3,0,0,0,0,0,0,0
1,0,5,0,0,0,0,0,0,0
0,4,1,0,0,0,0,0,0,0
0,2,4,0,0,0,0,0,0,0
0,5,2,0,0,0,0,0,0,0
0,1,4,0,0,0,0,0,0,0
2,8,1,0,0,0,0,0,0,0
10,19,3,0,0,0,0,0,0,0
0,3,2,0,0,0,0,0,0,0
0,1,5,0,0,0,0,0,0,0
0,6,2,0,0,0,0,0,0,0
0,3,2,0,0,0,0,0,0,0
1,0,5,0,0,0,0,0,0,0
0,13,3,0,0,0,0,0,0,0
0,1,4,0,0,0,0,0,0,0
0,1,5,0,0,0,0,0,0,0
0,4,3,0,0,0,0,0,0,0
0,2,4,0,0,0,0,0,0,0
2,7,1,0,0,0,0,0,0,0
1,0,6,0,0,0,0,0,0,0
0,1,5,0,0,0,0,0,0,0
2,1,2,0,0,0,0,0,0,0
0,5,4,0,0,0,0,0,0,0
0,4,4,0,0,0,0,0,0,0
1,1,7,0,0,0,0,0,0,0
0,1,5,0,0,0,0,0,0,0
1,3,1,0,0,0,0,0,0,0
0,4,1,0,0,0,0,0,0,0
0,2,3,0,0,0,0,0,0,0
0,1,4,0,0,0,0,0,0,0
0,1,4,0,0,0,0,0,0,0
1,1,5,0,0,0,0,0,0,0
0,5,1,0,0,0,0,0,0,0
0,1,4,0,0,0,0,0,0,0
0,1,4,0,0,0,0,0,0,0
1,3,3,0,0,0,0,0,0,0
0,6,1,0,0,0,0,0,0,0
0,2,3,0,0,0,0,0,0,0
0,6,1,0,0,0,0,0,0,0
0,3,2,0,0,0,0,0,0,0
1,5,9,0,0,0,0,0,0,0
1,4,1,0,0,0,0,0,0,0
0,2,3,0,0,0,0,0,0,0
1,0,5,0,0,0,0,0,0,0
0,3,3,0,0,0,0,0,0,0
1,3,1,0,0,0,0,0,0,0
0,3,5,0,0,0,0,0,0,0
0,9,2,0,0,0,0,0,0,0
0,4,1,0,0,0,0,0,0,0
0,4,1,0,0,0,0,0,0,0
0,1,5,0,0,0,0,0,0,0
1,7,7,0,0,0,0,0,0,0
0,1,5,0,0,0,0,0,0,0
6,29,3,0,0,0,0,0,0,0
0,13,4,0,0,0,0,0,0,0
0,10,7,0,0,0,0,0,0,0
2,0,6,0,0,0,0,0,0,0
0,1,4,0,0,0,0,0,0,0
0,5,1,0,0,0,0,0,0,0
0,6,3,0,0,0,0,0,0,0
1,1,11,0,0,0,0,0,0,0
0,3,2,0,0,0,0,0,0,0
1,5,5,0,0,0,0,0,0,0
0,1,6,0,0,0,0,0,0,0
0,6,1,0,0,0,0,0,0,0
1,9,1,0,0,0,0,0,0,0
1,3,3,0,0,0,0,0,0,0
1,0,5,0,0,0,0,0,0,0
0,4,1,0,0,0,0,0,0,0
0,2,8,0,0,0,0,0,0,0
0,3,2,0,0,0,0,0,0,0
0,11,4,0,0,0,0,0,0,0
0,10,4,0,0,0,0,0,0,0
0,5,2,0,0,0,0,0,0,0
0,4,1,0,0,0,0,0,0,0
1,1,4,0,0,0,0,0,0,0
0,1,6,0,0,0,0,0,0,0
0,1,4,0,0,0,0,0,0,0
0,2,3,0,0,0,0,0,0,0
0,3,4,0,0,0,0,0,0,0
0,4,1,0,0,0,0,0,0,0
0,1,4,0,0,0,0,0,0,0
0,5,2,0,0,0,0,0,0,0
1,2,6,0,0,0,0,0,0,0
1,3,3,0,0,0,0,0,0,0
0,3,2,0,0,0,0,0,0,0
0,3,8,0,0,0,0,0,0,0
0,2,3,0,0,0,0,0,0,0
2,0,6,0,0,0,0,0,0,0
0,4,4,0,0,0,0,0,0,0
0,3,6,0,0,0,0,0,0,0
0,1,5,0,0,0,0,0,0,0
1,0,6,0,0,0,0,0,0,0
0,1,5,0,0,0,0,0,0,0
0,2,4,0,0,0,0,0,0,0
1,1,3,0,0,0,0,0,0,0
2,8,2,0,0,0,0,0,0,0
0,2,3,0,0,0,0,0,0,0
0,4,3,0,0,0,0,0,0,0
2,3,1,0,0,0,0,0,0,0
0,2,4,0,0,0,0,0,0,0
0,3,5,0,0,0,0,0,0,0
0,2,5,0,0,0,0,0,0,0
0,5,2,0,0,0,0,0,0,0
0,2,6,0,0,0,0,0,0,0
0,4,3,0,0,0,0,0,0,0
0,5,4,0,0,0,0,0,0,0
0,4,2,0,0,0,0,0,0,0
0,4,2,0,0,0,0,0,0,0
0,4,1,0,0,0,0,0,0,0
0,4,1,0,0,0,0,0,0,0
0,4,1,0,0,0,0,0,0,0
0,1,4,0,0,0,0,0,0,0
1,1,11,0,0,0,0,0,0,0
0,3,4,0,0,0,0,0,0,0
0,10,2,0,0,0,0,0,0,0
0,8,3,0,0,0,0,0,0,0
0,3,2,0,0,0,0,0,0,0
0,2,4,0,0,0,0,0,0,0
0,1,4,0,0,0,0,0,0,0
1,2,2,0,0,0,0,0,0,0
0,4,2,0,0,0,0,0,0,0
0,2,4,0,0,0,0,0,0,0
1,1,10,0,0,0,0,0,0,0
0,6,1,0,0,0,0,0,0,0
0,1,4,0,0,0,0,0,0,0
0,1,6,0,0,0,0,0,0,0
0,2,5,0,0,0,0,0,0,0
0,6,2,0,0,0,0,0,0,0
1,1,3,0,0,0,0,0,0,0
0,2,4,0,0,0,0,0,0,0
0,4,1,0,0,0,0,0,0,0
1,2,2,0,0,0,0,0,0,0
0,3,2,0,0,0,0,0,0,0
0,5,3,0,0,0,0,0,0,0
0,1,5,0,0,0,0,0,0,0
0,11,2,0,0,0,0,0,0,0
0,2,5,0,0,0,0,0,0,0
0,4,2,0,0,0,0,0,0,0
1,1,3,0,0,0,0,0,0,0
0,1,4,0,0,0,0,0,0,0
0,4,1,0,0,0,0,0,0,0
0,2,3,0,0,0,0,0,0,0
0,6,4,0,0,0,0,0,0,0
0,3,2,0,0,0,0,0,0,0
0,3,4,0,0,0,0,0,0,0
1,3,4,0,0,0,0,0,0,0
0,3,2,0,0,0,0,0,0,0
0,3,6,0,0,0,0,0,0,0
1,1,5,0,0,0,0,0,0,0
2,7,2,0,0,0,0,0,0,0
0,1,5,0,0,0,0,0,0,0
0,1,6,0,0,0,0,0,0,0
0,5,1,0,0,0,0,0,0,0
1,2,2,0,0,0,0,0,0,0
0,13,3,0,0,0,0,0,0,0
0,1,5,0,0,0,0,0,0,0
0,3,2,0,0,0,0,0,0,0
11,19,2,0,0,0,0,0,0,0
0,4,1,0,0,0,0,0,0,0
3,1,1,0,0,0,0,0,0,0
1,0,5,0,0,0,0,0,0,0
0,1,5,0,0,0,0,0,0,0
1,0,6,0,0,0,0,0,0,0
0,8,2,0,0,0,0,0,0,0
1,3,1,0,0,0,0,0,0,0
1,0,5,0,0,0,0,0,0,0
0,4,1,0,0,0,0,0,0,0
0,2,5,0,0,0,0,0,0,0
1,1,3,0,0,0,0,0,0,0
0,4,1,0,0,0,0,0,0,0
1,0,6,0,0,0,0,0,0,0
0,4,3,0,0,0,0,0,0,0
0,3,4,0,0,0,0,0,0,0
1,2,6,0,0,0,0,0,0,0
0,3,3,0,0,0,0,0,0,0
1,3,7,0,0,0,0,0,0,0
1,15,2,0,0,0,0,0,0,0
2,8,4,0,0,0,0,0,0,0
0,2,3,0,0,0,0,0,0,0
1,18,7,0,0,0,0,0,0,0
2,1,8,0,0,0,0,0,0,0
0,2,9,0,0,0,0,0,0,0
0,2,5,0,0,0,0,0,0,0
0,3,2,0,0,0,0,0,0,0
0,3,6,0,0,0,0,0,0,0
0,5,3,0,0,0,0,0,0,0
1,1,5,0,0,0,0,0,0,0
1,5,1,0,0,0,0,0,0,0
0,4,9,0,0,0,0,0,0,0
0,1,4,0,0,0,0,0,0,0
1,6,4,0,0,0,0,0,0,0
0,2,3,0,0,0,0,0,0,0
0,9,2,0,0,0,0,0,0,0
0,6,1,0,0,0,0,0,0,0
0,3,3,0,0,0,0,0,0,0
0,1,6,0,0,0,0,0,0,0
1,0,5,0,0,0,0,0,0,0
0,2,6,0,0,0,0,0,0,0
0,4,2,0,0,0,0,0,0,0
0,3,2,0,0,0,0,0,0,0
0,2,6,0,0,0,0,0,0,0
0,6,4,0,0,0,0,0,0,0
0,2,4,0,0,0,0,0,0,0
0,2,3,0,0,0,0,0,0,0
0,2,3,0,0,0,0,0,0,0
0,5,2,0,0,0,0,0,0,0
1,1,4,0,0,0,0,0,0,0
0,2,6,0,0,0,0,0,0,0
0,1,6,0,0,0,0,0,0,0
0,1,4,0,0,0,0,0,0,0
0,3,2,0,0,0,0,0,0,0
1,0,6,0,0,0,0,0,0,0
0,1,5,0,0,0,0,0,0,0
0,2,3,0,0,0,0,0,0,0
0,1,4,0,0,0,0,0,0,0
0,8,3,0,0,0,0,0,0,0
0,2,3,0,0,0,0,0,0,0
0,1,4,0,0,0,0,0,0,0
0,1,4,0,0,0,0,0,0,0
1,2,4,0,0,0,0,0,0,0
0,3,3,0,0,0,0,0,0,0
0,4,2,0,0,0,0,0,0,0
0,3,2,0,0,0,0,0,0,0
0,4,2,0,0,0,0,0,0,0
0,4,3,0,0,0,0,0,0,0
0,3,2,0,0,0,0,0,0,0
0,12,4,0,0,0,0,0,0,0
0,7,5,0,0,0,0,0,0,0
0,4,1,0,0,0,0,0,0,0
0,6,2,0,0,0,0,0,0,0
0,1,4,0,0,0,0,0,0,0
0,3,5,0,0,0,0,0,0,0
2,1,5,0,0,0,0,0,0,0
1,2,4,0,0,0,0,0,0,0
1,3,3,0,0,0,0,0,0,0
1,2,3,0,0,0,0,0,0,0
2,3,1,0,0,0,0,0,0,0
0,4,3,0,0,0,0,0,0,0
0,1,4,0,0,0,0,0,0,0
0,3,5,0,0,0,0,0,0,0
0,1,4,0,0,0,0,0,0,0
1,1,3,0,0,0,0,0,0,0
0,2,6,0,0,0,0,0,0,0
0,2,4,0,0,0,0,0,0,0
0,1,4,0,0,0,0,0,0,0
0,5,1,0,0,0,0,0,0,0
0,5,1,0,0,0,0,0,0,0
0,1,4,0,0,0,0,0,0,0
1,8,2,0,0,0,0,0,0,0
0,2,6,0,0,0,0,0,0,0
0,10,2,0,0,0,0,0,0,0
0,4,3,0,0,0,0,0,0,0
0,5,1,0,0,0,0,0,0,0
3,2,1,0,0,0,0,0,0,0
1,7,3,0,0,0,0,0,0,0
0,5,3,0,0,0,0,0,0,0
1,4,7,0,0,0,0,0,0,0
0,5,1,0,0,0,0,0,0,0
1,7,3,0,0,0,0,0,0,0
1,6,1,0,0,0,0,0,0,0
0,2,4,0,0,0,0,0,0,0
0,3,2,0,0,0,0,0,0,0
0,3,2,0,0,0,0,0,0,0
0,3,2,0,0,0,0,0,0,0
0,1,6,0,0,0,0,0,0,0
0,3,2,0,0,0,0,0,0,0
0,3,3,0,0,0,0,0,0,0
1,9,1,0,0,0,0,0,0,0
0,3,4,0,0,0,0,0,0,0
1,4,3,0,0,0,0,0,0,0
0,4,1,0,0,0,0,0,0,0
0,1,4,0,0,0,0,0,0,0
0,5,1,0,0,0,0,0,0,0
0,1,4,0,0,0,0,0,0,0
1,1,3,0,0,0,0,0,0,0
0,4,2,0,0,0,0,0,0,0
0,1,5,0,0,0,0,0,0,0
0,1,4,0,0,0,0,0,0,0
0,1,5,0,0,0,0,0,0,0
0,2,4,0,0,0,0,0,0,0
0,2,4,0,0,0,0,0,0,0
0,6,6,0,0,0,0,0,0,0
0,1,6,0,0,0,0,0,0,0
1,3,14,0,0,0,0,0,0,0
0,1,4,0,0,0,0,0,0,0
3,1,11,0,0,0,0,0,0,0
1,2,10,0,0,0,0,0,0,0
1,3,7,0,0,0,0,0,0,0
0,2,5,0,0,0,0,0,0,0
0,4,2,0,0,0,0,0,0,0
1,2,19,0,0,0,0,0,0,0
0,5,8,0,0,0,0,0,0,0
1,1,13,0,0,0,0,0,0,0
0,4,4,0,0,0,0,0,0,0
0,5,7,0,0,0,0,0,0,0
0,8,5,0,0,0,0,0,0,0
0,8,2,0,0,0,0,0,0,0
1,1,12,0,0,0,0,0,0,0
0,1,5,0,0,0,0,0,0,0
0,2,6,0,0,0,0,0,0,0
0,2,4,0,0,0,0,0,0,0
1,1,13,0,0,0,0,0,0,0
7,1,7,0,0,0,0,0,0,0
0,1,4,0,0,0,0,0,0,0
2,0,7,0,0,0,0,0,0,0
0,1,5,0,0,0,0,0,0,0
0,1,4,0,0,0,0,0,0,0
0,1,5,0,0,0,0,0,0,0
0,6,9,0,0,0,0,0,0,0
0,1,4,0,0,0,0,0,0,0
0,2,4,0,0,0,0,0,0,0
0,2,3,0,0,0,0,0,0,0
0,4,5,0,0,0,0,0,0,0
0,1,4,0,0,0,0,0,0,0
1,1,7,0,0,0,0,0,0,0
1,1,8,0,0,0,0,0,0,0
2,5,3,0,0,0,0,0,0,0
0,1,4,0,0,0,0,0,0,0
0,2,6,0,0,0,0,0,0,0
0,7,11,0,0,0,0,0,0,0
0,1,6,0,0,0,0,0,0,0
1,1,3,0,0,0,0,0,0,0
3,13,9,0,0,0,0,0,0,0
0,1,4,0,0,0,0,0,0,0
0,10,22,0,0,0,0,0,0,0
1,3,8,0,0,0,0,0,0,0
0,1,5,0,0,0,0,0,0,0
1,0,5,0,0,0,0,0,0,0
1,2,4,0,0,0,0,0,0,0
0,1,5,0,0,0,0,0,0,0
1,1,5,0,0,0,0,0,0,0
1,2,9,0,0,0,0,0,0,0
0,6,1,0,0,0,0,0,0,0
0,1,6,0,0,0,0,0,0,0
0,6,2,0,0,0,0,0,0,0
0,6,11,0,0,0,0,0,0,0
0,8,2,0,0,0,0,0,0,0
0,1,4,0,0,0,0,0,0,0
1,0,6,0,0,0,0,0,0,0
0,1,5,0,0,0,0,0,0,0
0,8,17,0,0,0,0,0,0,0
0,1,6,0,0,0,0,0,0,0
1,8,7,0,0,0,0,0,0,0
0,1,4,0,0,0,0,0,0,0
0,2,9,0,0,0,0,0,0,0
1,1,4,0,0,0,0,0,0,0
0,6,1,0,0,0,0,0,0,0
0,2,7,0,0,0,0,0,0,0
0,2,11,0,0,0,0,0,0,0
0,3,7,0,0,0,0,0,0,0
0,6,1,0,0,0,0,0,0,0
1,1,11,0,0,0,0,0,0,0
0,2,5,0,0,0,0,0,0,0
0,3,5,0,0,0,0,0,0,0
0,4,15,0,0,0,0,0,0,0
0,1,4,0,0,0,0,0,0,0
0,5,1,0,0,0,0,0,0,0
0,5,2,0,0,0,0,0,0,0
1,1,3,0,0,0,0,0,0,0
2,1,19,0,0,0,0,0,0,0
1,0,5,0,0,0,0,0,0,0
1,3,25,0,0,0,0,0,0,0
0,6,5,0,0,0,0,0,0,0
1,5,4,0,0,0,0,0,0,0
0,3,4,0,0,0,0,0,0,0
0,4,1,0,0,0,0,0,0,0
1,1,3,0,0,0,0,0,0,0
0,1,4,0,0,0,0,0,0,0
0,4,2,0,0,0,0,0,0,0
0,2,4,0,0,0,0,0,0,0
0,2,6,0,0,0,0,0,0,0
0,10,3,0,0,0,0,0,0,0
2,3,9,0,0,0,0,0,0,0
0,4,4,0,0,0,0,0,0,0
0,3,2,0,0,0,0,0,0,0
0,1,5,0,0,0,0,0,0,0
0,2,11,0,0,0,0,0,0,0
1,2,14,0,0,0,0,0,0,0
1,6,5,0,0,0,0,0,0,0
0,2,10,0,0,0,0,0,0,0
0,3,4,0,0,0,0,0,0,0
0,1,6,0,0,0,0,0,0,0
9,0,11,0,0,0,0,0,0,0
0,1,5,0,0,0,0,0,0,0
0,6,1,0,0,0,0,0,0,0
1,1,7,0,0,0,0,0,0,0
0,2,9,0,0,0,0,0,0,0
2,1,2,0,0,0,0,0,0,0
2,7,1,0,0,0,0,0,0,0
0,1,5,0,0,0,0,0,0,0
1,5,27,0,0,0,0,0,0,0
0,2,7,0,0,0,0,0,0,0
0,5,6,0,0,0,0,0,0,0
1,6,1,0,0,0,0,0,0,0
0,2,4,0,0,0,0,0,0,0
0,2,6,0,0,0,0,0,0,0
0,13,2,0,0,0,0,0,0,0
0,2,4,0,0,0,0,0,0,0
0,3,18,0,0,0,0,0,0,0
0,18,10,0,0,0,0,0,0,0
1,2,18,0,0,0,0,0,0,0
0,5,1,0,0,0,0,0,0,0
0,3,12,0,0,0,0,0,0,0
0,6,3,0,0,0,0,0,0,0
0,2,7,0,0,0,0,0,0,0
1,4,7,0,0,0,0,0,0,0
2,3,13,0,0,0,0,0,0,0
0,2,8,0,0,0,0,0,0,0
1,0,5,0,0,0,0,0,0,0
0,4,1,0,0,0,0,0,0,0
0,2,7,0,0,0,0,0,0,0
0,1,4,0,0,0,0,0,0,0
0,1,4,0,0,0,0,0,0,0
1,0,5,0,0,0,0,0,0,0
0,5,14,0,0,0,0,0,0,0
0,7,8,0,0,0,0,0,0,0
1,1,13,0,0,0,0,0,0,0
1,2,8,0,0,0,0,0,0,0
0,4,11,0,0,0,0,0,0,0
1,7,3,0,0,0,0,0,0,0
0,2,3,0,0,0,0,0,0,0
0,2,4,0,0,0,0,0,0,0
0,3,8,0,0,0,0,0,0,0
1,0,6,0,0,0,0,0,0,0
0,5,3,0,0,0,0,0,0,0
0,2,3,0,0,0,0,0,0,0
1,1,11,0,0,0,0,0,0,0
0,5,3,0,0,0,0,0,0,0
1,19,2,0,0,0,0,0,0,0
1,0,6,0,0,0,0,0,0,0
0,1,4,0,0,0,0,0,0,0
0,2,11,0,0,0,0,0,0,0
0,2,9,0,0,0,0,0,0,0
1,2,13,0,0,0,0,0,0,0
0,5,1,0,0,0,0,0,0,0
0,3,7,0,0,0,0,0,0,0
1,2,2,0,0,0,0,0,0,0
0,26,7,0,0,0,0,0,0,0
0,3,7,0,0,0,0,0,0,0
0,4,3,0,0,0,0,0,0,0
1,2,3,0,0,0,0,0,0,0
0,1,4,0,0,0,0,0,0,0
1,1,6,0,0,0,0,0,0,0
0,6,16,0,0,0,0,0,0,0
0,6,27,0,0,0,0,0,0,0
0,5,1,0,0,0,0,0,0,0
0,11,19,0,0,0,0,0,0,0
0,1,4,0,0,0,0,0,0,0
0,1,5,0,0,0,0,0,0,0
0,12,4,0,0,0,0,0,0,0
0,4,1,0,0,0,0,0,0,0
0,2,3,0,0,0,0,0,0,0
1,2,2,0,0,0,0,0,0,0
1,3,2,0,0,0,0,0,0,0
0,1,5,0,0,0,0,0,0,0
1,1,3,0,0,0,0,0,0,0
0,6,2,0,0,0,0,0,0,0
0,2,5,0,0,0,0,0,0,0
0,2,9,0,0,0,0,0,0,0
0,4,3,0,0,0,0,0,0,0
1,6,6,0,0,0,0,0,0,0
0,2,7,0,0,0,0,0,0,0
0,3,8,0,0,0,0,0,0,0
1,2,7,0,0,0,0,0,0,0
0,3,9,0,0,0,0,0,0,0
0,5,4,0,0,0,0,0,0,0
2,0,9,0,0,0,0,0,0,0
2,1,4,0,0,0,0,0,0,0
0,3,5,0,0,0,0,0,0,0
2,1,19,0,0,0,0,0,0,0
1,3,1,0,0,0,0,0,0,0
0,15,13,0,0,0,0,0,0,0
1,1,5,0,0,0,0,0,0,0
0,4,2,0,0,0,0,0,0,0
1,0,6,0,0,0,0,0,0,0
0,6,1,0,0,0,0,0,0,0
0,1,5,0,0,0,0,0,0,0
0,2,3,0,0,0,0,0,0,0
1,2,11,0,0,0,0,0,0,0
1,0,6,0,0,0,0,0,0,0
0,4,22,0,0,0,0,0,0,0
0,3,2,0,0,0,0,0,0,0
1,0,5,0,0,0,0,0,0,0
0,10,2,0,0,0,0,0,0,0
0,2,13,0,0,0,0,0,0,0
0,10,13,0,0,0,0,0,0,0
1,11,3,0,0,0,0,0,0,0
1,1,6,0,0,0,0,0,0,0
1,1,13,0,0,0,0,0,0,0
1,1,5,0,0,0,0,0,0,0
0,12,5,0,0,0,0,0,0,0
0,2,3,0,0,0,0,0,0,0
0,1,4,0,0,0,0,0,0,0
0,3,6,0,0,0,0,0,0,0
1,6,7,0,0,0,0,0,0,0
0,1,4,0,0,0,0,0,0,0
0,5,1,0,0,0,0,0,0,0
1,1,13,0,0,0,0,0,0,0
0,1,6,0,0,0,0,0,0,0
0,2,3,0,0,0,0,0,0,0
2,2,1,0,0,0,0,0,0,0
0,5,2,0,0,0,0,0,0,0
1,5,2,0,0,0,0,0,0,0
0,1,4,0,0,0,0,0,0,0
0,1,4,0,0,0,0,0,0,0
0,2,8,0,0,0,0,0,0,0
0,6,2,0,0,0,0,0,0,0
0,3,5,0,0,0,0,0,0,0
0,1,5,0,0,0,0,0,0,0
3,2,10,0,0,0,0,0,0,0
1,1,9,0,0,0,0,0,0,0
0,3,3,0,0,0,0,0,0,0
0,1,5,0,0,0,0,0,0,0
1,1,7,0,0,0,0,0,0,0
0,6,1,0,0,0,0,0,0,0
0,1,5,0,0,0,0,0,0,0
0,1,5,0,0,0,0,0,0,0
0,4,4,0,0,0,0,0,0,0
0,4,5,0,0,0,0,0,0,0
1,1,5,0,0,0,0,0,0,0
0,7,2,0,0,0,0,0,0,0
1,0,5,0,0,0,0,0,0,0
1,2,15,0,0,0,0,0,0,0
0,8,7,0,0,0,0,0,0,0
0,4,9,0,0,0,0,0,0,0
0,5,4,0,0,0,0,0,0,0
0,1,6,0,0,0,0,0,0,0
1,2,10,0,0,0,0,0,0,0
0,6,1,0,0,0,0,0,0,0
0,1,4,0,0,0,0,0,0,0
0,1,6,0,0,0,0,0,0,0
0,2,11,0,0,0,0,0,0,0
9,16,3,0,0,0,0,0,0,0
0,6,1,0,0,0,0,0,0,0
0,1,5,0,0,0,0,0,0,0
1,7,13,0,0,0,0,0,0,0
1,2,10,0,0,0,0,0,0,0
0,4,4,0,0,0,0,0,0,0
0,1,4,0,0,0,0,0,0,0
0,7,12,0,0,0,0,0,0,0
1,3,4,0,0,0,0,0,0,0
0,5,1,0,0,0,0,0,0,0
1,2,2,0,0,0,0,0,0,0
1,1,10,0,0,0,0,0,0,0
1,7,1,0,0,0,0,0,0,0
0,3,5,0,0,0,0,0,0,0
1,3,1,0,0,0,0,0,0,0
0,3,2,0,0,0,0,0,0,0
1,5,3,0,0,0,0,0,0,0
0,1,5,0,0,0,0,0,0,0
0,2,8,0,0,0,0,0,0,0
1,8,8,0,0,0,0,0,0,0
0,2,9,0,0,0,0,0,0,0
0,2,12,0,0,0,0,0,0,0
0,1,5,0,0,0,0,0,0,0
1,0,6,0,0,0,0,0,0,0
0,2,5,0,0,0,0,0,0,0
0,8,5,0,0,0,0,0,0,0
1,4,8,0,0,0,0,0,0,0
1,1,8,0,0,0,0,0,0,0
0,4,3,0,0,0,0,0,0,0
0,3,2,0,0,0,0,0,0,0
0,2,3,0,0,0,0,0,0,0
0,2,5,0,0,0,0,0,0,0
0,6,1,0,0,0,0,0,0,0
0,3,7,0,0,0,0,0,0,0
2,1,2,0,0,0,0,0,0,0
0,2,4,0,0,0,0,0,0,0
0,3,3,0,0,0,0,0,0,0
1,0,5,0,0,0,0,0,0,0
0,11,3,0,0,0,0,0,0,0
0,4,14,0,0,0,0,0,0,0
1,2,3,0,0,0,0,0,0,0
0,3,7,0,0,0,0,0,0,0
0,3,2,0,0,0,0,0,0,0
0,1,4,0,0,0,0,0,0,0
0,6,1,0,0,0,0,0,0,0
0,1,6,0,0,0,0,0,0,0
0,1,4,0,0,0,0,0,0,0
0,4,3,0,0,0,0,0,0,0
1,0,5,0,0,0,0,0,0,0
0,2,10,0,0,0,0,0,0,0
0,2,4,0,0,0,0,0,0,0
0,1,6,0,0,0,0,0,0,0
2,14,5,0,0,0,0,0,0,0
0,3,2,0,0,0,0,0,0,0
0,2,5,0,0,0,0,0,0,0
0,8,3,0,0,0,0,0,0,0
0,5,5,0,0,0,0,0,0,0
0,3,13,0,0,0,0,0,0,0
0,1,5,0,0,0,0,0,0,0
0,5,4,0,0,0,0,0,0,0
0,6,1,0,0,0,0,0,0,0
0,5,4,0,0,0,0,0,0,0
0,1,6,0,0,0,0,0,0,0
1,2,13,0,0,0,0,0,0,0
0,2,3,0,0,0,0,0,0,0
0,4,4,0,0,0,0,0,0,0
1,0,5,0,0,0,0,0,0,0
0,2,3,0,0,0,0,0,0,0
0,1,6,0,0,0,0,0,0,0
1,1,9,0,0,0,0,0,0,0
0,5,3,0,0,0,0,0,0,0
0,7,7,0,0,0,0,0,0,0
0,2,9,0,0,0,0,0,0,0
0,4,2,0,0,0,0,0,0,0
1,0,6,0,0,0,0,0,0,0
0,1,5,0,0,0,0,0,0,0
0,3,3,0,0,0,0,0,0,0
0,2,9,0,0,0,0,0,0,0
0,4,5,0,0,0,0,0,0,0
0,4,1,0,0,0,0,0,0,0
2,0,5,0,0,0,0,0,0,0
1,3,1,0,0,0,0,0,0,0
2,1,19,0,0,0,0,0,0,0
0,6,14,0,0,0,0,0,0,0
0,1,5,0,0,0,0,0,0,0
0,2,7,0,0,0,0,0,0,0
1,0,6,0,0,0,0,0,0,0
0,12,3,0,0,0,0,0,0,0
0,1,6,0,0,0,0,0,0,0
1,0,6,0,0,0,0,0,0,0
0,3,4,0,0,0,0,0,0,0
0,4,1,0,0,0,0,0,0,0
0,5,2,0,0,0,0,0,0,0
0,3,2,0,0,0,0,0,0,0
1,1,6,0,0,0,0,0,0,0
0,1,4,0,0,0,0,0,0,0
0,2,3,0,0,0,0,0,0,0
0,4,3,0,0,0,0,0,0,0
4,1,13,0,0,0,0,0,0,0
0,3,8,0,0,0,0,0,0,0
0,6,4,0,0,0,0,0,0,0
0,3,2,0,0,0,0,0,0,0
0,1,5,0,0,0,0,0,0,0
1,6,2,0,0,0,0,0,0,0
0,6,11,0,0,0,0,0,0,0
0,1,5,0,0,0,0,0,0,0
1,2,9,0,0,0,0,0,0,0
1,0,6,0,0,0,0,0,0,0
0,1,4,0,0,0,0,0,0,0
0,1,4,0,0,0,0,0,0,0
0,3,2,0,0,0,0,0,0,0
0,6,16,0,0,0,0,0,0,0
0,1,4,0,0,0,0,0,0,0
2,0,5,0,0,0,0,0,0,0
0,7,26,0,0,0,0,0,0,0
1,0,5,0,0,0,0,0,0,0
2,0,7,0,0,0,0,0,0,0
1,0,5,0,0,0,0,0,0,0
1,9,7,0,0,0,0,0,0,0
1,4,1,0,0,0,0,0,0,0
0,13,7,0,0,0,0,0,0,0
0,1,6,0,0,0,0,0,0,0
0,1,5,0,0,0,0,0,0,0
0,1,5,0,0,0,0,0,0,0
2,1,15,0,0,0,0,0,0,0
0,3,2,0,0,0,0,0,0,0
3,2,6,0,0,0,0,0,0,0
0,6,6,0,0,0,0,0,0,0
0,8,6,0,0,0,0,0,0,0
1,1,6,0,0,0,0,0,0,0
0,8,2,0,0,0,0,0,0,0
1,0,6,0,0,0,0,0,0,0
2,1,5,0,0,0,0,0,0,0
0,1,6,0,0,0,0,0,0,0
0,1,4,0,0,0,0,0,0,0
0,1,4,0,0,0,0,0,0,0
0,4,1,0,0,0,0,0,0,0
0,1,5,0,0,0,0,0,0,0
0,11,20,0,0,0,0,0,0,0
1,4,9,0,0,0,0,0,0,0
1,2,4,0,0,0,0,0,0,0
0,4,2,0,0,0,0,0,0,0
1,6,7,0,0,0,0,0,0,0
0,3,3,0,0,0,0,0,0,0
1,1,4,0,0,0,0,0,0,0
2,1,8,0,0,0,0,0,0,0
0,2,5,0,0,0,0,0,0,0
1,8,1,0,0,0,0,0,0,0
3,2,2,0,0,0,0,0,0,0
2,1,4,0,0,0,0,0,0,0
1,2,10,0,0,0,0,0,0,0
1,2,7,0,0,0,0,0,0,0
0,1,6,0,0,0,0,0,0,0
0,4,14,0,0,0,0,0,0,0
2,1,12,0,0,0,0,0,0,0
0,1,6,0,0,0,0,0,0,0
1,6,1,0,0,0,0,0,0,0
0,1,4,0,0,0,0,0,0,0
0,2,3,0,0,0,0,0,0,0
1,1,10,0,0,0,0,0,0,0
0,9,5,0,0,0,0,0,0,0
0,2,7,0,0,0,0,0,0,0
1,2,18,0,0,0,0,0,0,0
0,1,5,0,0,0,0,0,0,0
1,4,10,0,0,0,0,0,0,0
0,5,1,0,0,0,0,0,0,0
3,4,3,0,0,0,0,0,0,0
0,2,6,0,0,0,0,0,0,0
0,11,3,0,0,0,0,0,0,0
2,11,9,0,0,0,0,0,0,0
3,0,15,0,0,0,0,0,0,0
3,2,19,0,0,0,0,0,0,0
1,2,19,0,0,0,0,0,0,0
1,2,9,0,0,0,0,0,0,0
0,5,6,0,0,0,0,0,0,0
2,4,10,0,0,0,0,0,0,0
0,5,3,0,0,0,0,0,0,0
0,5,20,0,0,0,0,0,0,0
1,1,6,0,0,0,0,0,0,0
1,5,1,0,0,0,0,0,0,0
0,2,4,0,0,0,0,0,0,0
0,3,5,0,0,0,0,0,0,0
1,6,7,0,0,0,0,0,0,0
0,16,10,0,0,0,0,0,0,0
1,1,9,0,0,0,0,0,0,0
0,6,4,0,0,0,0,0,0,0
2,0,9,0,0,0,0,0,0,0
0,1,6,0,0,0,0,0,0,0
0,4,1,0,0,0,0,0,0,0
0,6,3,0,0,0,0,0,0,0
0,3,5,0,0,0,0,0,0,0
0,7,2,0,0,0,0,0,0,0
0,5,3,0,0,0,0,0,0,0
1,1,8,0,0,0,0,0,0,0
0,4,9,0,0,0,0,0,0,0
0,4,3,0,0,0,0,0,0,0
0,2,11,0,0,0,0,0,0,0
0,4,9,0,0,0,0,0,0,0
0,11,13,0,0,0,0,0,0,0
0,3,17,0,0,0,0,0,0,0
0,15,3,0,0,0,0,0,0,0
1,3,9,0,0,0,0,0,0,0
0,2,4,0,0,0,0,0,0,0
0,10,4,0,0,0,0,0,0,0
2,1,6,0,0,0,0,0,0,0
0,1,4,0,0,0,0,0,0,0
0,2,4,0,0,0,0,0,0,0
0,4,1,0,0,0,0,0,0,0
0,4,5,0,0,0,0,0,0,0
1,4,2,0,0,0,0,0,0,0
0,4,1,0,0,0,0,0,0,0
0,6,6,0,0,0,0,0,0,0
2,10,3,0,0,0,0,0,0,0
0,2,3,0,0,0,0,0,0,0
1,4,24,0,0,0,0,0,0,0
1,2,2,0,0,0,0,0,0,0
0,6,2,0,0,0,0,0,0,0
0,2,12,0,0,0,0,0,0,0
0,8,3,0,0,0,0,0,0,0
2,2,2,0,0,0,0,0,0,0
0,11,2,0,0,0,0,0,0,0
0,1,4,0,0,0,0,0,0,0
0,2,7,0,0,0,0,0,0,0
4,0,6,0,0,0,0,0,0,0
2,0,5,0,0,0,0,0,0,0
0,5,6,0,0,0,0,0,0,0
0,2,4,0,0,0,0,0,0,0
0,3,14,0,0,0,0,0,0,0
0,3,7,0,0,0,0,0,0,0
0,1,5,0,0,0,0,0,0,0
0,2,9,0,0,0,0,0,0,0
0,4,1,0,0,0,0,0,0,0
0,3,7,0,0,0,0,0,0,0
1,0,6,0,0,0,0,0,0,0
0,1,4,0,0,0,0,0,0,0
2,0,10,0,0,0,0,0,0,0
1,9,10,0,0,0,0,0,0,0
1,0,6,0,0,0,0,0,0,0
1,1,8,0,0,0,0,0,0,0
0,3,2,0,0,0,0,0,0,0
2,1,9,0,0,0,0,0,0,0
0,1,6,0,0,0,0,0,0,0
0,1,4,0,0,0,0,0,0,0
0,4,2,0,0,0,0,0,0,0
0,3,2,0,0,0,0,0,0,0
0,2,8,0,0,0,0,0,0,0
1,0,5,0,0,0,0,0,0,0
0,3,12,0,0,0,0,0,0,0
1,2,10,0,0,0,0,0,0,0
0,10,3,0,0,0,0,0,0,0
0,2,4,0,0,0,0,0,0,0
0,9,6,0,0,0,0,0,0,0
0,2,5,0,0,0,0,0,0,0
0,4,15,0,0,0,0,0,0,0
0,6,1,0,0,0,0,0,0,0
0,4,2,0,0,0,0,0,0,0
2,5,2,0,0,0,0,0,0,0
0,2,3,0,0,0,0,0,0,0
1,2,14,0,0,0,0,0,0,0
1,1,3,0,0,0,0,0,0,0
0,5,4,0,0,0,0,0,0,0
0,1,4,0,0,0,0,0,0,0
1,1,4,0,0,0,0,0,0,0
0,1,4,0,0,0,0,0,0,0
3,1,24,0,0,0,0,0,0,0
1,5,9,0,0,0,0,0,0,0
0,2,3,0,0,0,0,0,0,0
1,0,6,0,0,0,0,0,0,0
0,1,4,0,0,0,0,0,0,0
0,2,4,0,0,0,0,0,0,0
0,1,4,0,0,0,0,0,0,0
5,0,6,0,0,0,0,0,0,0
1,1,4,0,0,0,0,0,0,0
8,2,1,0,0,0,0,0,0,0
0,1,5,0,0,0,0,0,0,0
1,1,7,0,0,0,0,0,0,0
0,2,4,0,0,0,0,0,0,0
0,6,2,0,0,0,0,0,0,0
0,4,26,0,0,0,0,0,0,0
0,7,2,0,0,0,0,0,0,0
1,1,13,0,0,0,0,0,0,0
0,3,3,0,0,0,0,0,0,0
0,1,5,0,0,0,0,0,0,0
0,6,1,0,0,0,0,0,0,0
1,0,5,0,0,0,0,0,0,0
0,2,4,0,0,0,0,0,0,0
1,5,17,0,0,0,0,0,0,0
1,1,9,0,0,0,0,0,0,0
1,5,1,0,0,0,0,0,0,0
0,7,3,0,0,0,0,0,0,0
0,5,7,0,0,0,0,0,0,0
0,5,11,0,0,0,0,0,0,0
0,5,10,0,0,0,0,0,0,0
0,1,5,0,0,0,0,0,0,0
0,3,11,0,0,0,0,0,0,0
3,1,27,0,0,0,0,0,0,0
1,2,5,0,0,0,0,0,0,0
2,1,9,0,0,0,0,0,0,0
1,6,12,0,0,0,0,0,0,0
0,9,8,0,0,0,0,0,0,0
0,2,9,0,0,0,0,0,0,0
2,1,6,0,0,0,0,0,0,0
0,1,5,0,0,0,0,0,0,0
0,2,10,0,0,0,0,0,0,0
0,2,7,0,0,0,0,0,0,0
0,2,9,0,0,0,0,0,0,0
0,4,9,0,0,0,0,0,0,0
2,1,18,0,0,0,0,0,0,0
0,3,5,0,0,0,0,0,0,0
0,4,5,0,0,0,0,0,0,0
0,3,15,0,0,0,0,0,0,0
1,1,9,0,0,0,0,0,0,0
0,1,4,0,0,0,0,0,0,0
0,3,11,0,0,0,0,0,0,0
0,3,6,0,0,0,0,0,0,0
0,2,6,0,0,0,0,0,0,0
0,3,8,0,0,0,0,0,0,0
0,3,4,0,0,0,0,0,0,0
0,3,2,0,0,0,0,0,0,0
1,0,6,0,0,0,0,0,0,0
0,2,5,0,0,0,0,0,0,0
1,4,11,0,0,0,0,0,0,0
1,1,12,0,0,0,0,0,0,0
0,1,4,0,0,0,0,0,0,0
0,1,5,0,0,0,0,0,0,0
0,3,2,0,0,0,0,0,0,0
0,2,3,0,0,0,0,0,0,0
2,3,4,0,0,0,0,0,0,0
3,2,9,0,0,0,0,0,0,0
4,1,9,0,0,0,0,0,0,0
1,0,6,0,0,0,0,0,0,0
0,3,2,0,0,0,0,0,0,0
0,3,5,0,0,0,0,0,0,0
1,1,3,0,0,0,0,0,0,0
2,0,9,0,0,0,0,0,0,0
0,2,9,0,0,0,0,0,0,0
0,3,5,0,0,0,0,0,0,0
0,3,2,0,0,0,0,0,0,0
0,6,3,0,0,0,0,0,0,0
0,4,8,0,0,0,0,0,0,0
0,1,6,0,0,0,0,0,0,0
0,1,6,0,0,0,0,0,0,0
1,2,3,0,0,0,0,0,0,0
0,2,9,0,0,0,0,0,0,0
0,5,1,0,0,0,0,0,0,0
0,5,1,0,0,0,0,0,0,0
1,1,3,0,0,0,0,0,0,0
0,3,10,0,0,0,0,0,0,0
1,4,25,0,0,0,0,0,0,0
0,4,10,0,0,0,0,0,0,0
1,0,5,0,0,0,0,0,0,0
2,5,2,0,0,0,0,0,0,0
0,4,6,0,0,0,0,0,0,0
1,0,6,0,0,0,0,0,0,0
2,9,19,0,0,0,0,0,0,0
0,1,4,0,0,0,0,0,0,0
1,4,15,0,0,0,0,0,0,0
0,2,8,0,0,0,0,0,0,0
0,6,1,0,0,0,0,0,0,0
0,2,9,0,0,0,0,0,0,0
2,3,9,0,0,0,0,0,0,0
0,2,9,0,0,0,0,0,0,0
1,1,6,0,0,0,0,0,0,0
0,1,5,0,0,0,0,0,0,0
0,3,5,0,0,0,0,0,0,0
0,8,8,0,0,0,0,0,0,0
0,5,3,0,0,0,0,0,0,0
0,1,4,0,0,0,0,0,0,0
0,1,4,0,0,0,0,0,0,0
0,1,5,0,0,0,0,0,0,0
0,2,11,0,0,0,0,0,0,0
1,3,2,0,0,0,0,0,0,0
2,2,5,0,0,0,0,0,0,0
3,3,1,0,0,0,0,0,0,0
2,0,12,0,0,0,0,0,0,0
0,9,13,0,0,0,0,0,0,0
0,10,3,0,0,0,0,0,0,0
0,2,4,0,0,0,0,0,0,0
1,2,6,0,0,0,0,0,0,0
0,7,3,0,0,0,0,0,0,0
0,5,7,0,0,0,0,0,0,0
1,2,2,0,0,0,0,0,0,0
1,12,2,0,0,0,0,0,0,0
0,5,5,0,0,0,0,0,0,0
1,2,2,0,0,0,0,0,0,0
0,1,4,0,0,0,0,0,0,0
0,1,5,0,0,0,0,0,0,0
0,6,5,0,0,0,0,0,0,0
0,7,7,0,0,0,0,0,0,0
0,4,20,0,0,0,0,0,0,0
0,1,4,0,0,0,0,0,0,0
1,6,1,0,0,0,0,0,0,0
0,2,4,0,0,0,0,0,0,0
1,1,3,0,0,0,0,0,0,0
1,2,9,0,0,0,0,0,0,0
0,3,2,0,0,0,0,0,0,0
2,1,7,0,0,0,0,0,0,0
0,4,4,0,0,0,0,0,0,0
0,2,6,0,0,0,0,0,0,0
1,1,3,0,0,0,0,0,0,0
2,2,17,0,0,0,0,0,0,0
0,10,3,0,0,0,0,0,0,0
1,2,2,0,0,0,0,0,0,0
0,2,12,0,0,0,0,0,0,0
0,1,4,0,0,0,0,0,0,0
0,8,3,0,0,0,0,0,0,0
0,17,10,0,0,0,0,0,0,0
3,1,13,0,0,0,0,0,0,0
2,0,11,0,0,0,0,0,0,0
0,1,5,0,0,0,0,0,0,0
0,4,1,0,0,0,0,0,0,0
0,3,10,0,0,0,0,0,0,0
0,1,5,0,0,0,0,0,0,0
1,2,4,0,0,0,0,0,0,0
0,8,2,0,0,0,0,0,0,0
2,1,19,0,0,0,0,0,0,0
0,2,4,0,0,0,0,0,0,0
0,1,4,0,0,0,0,0,0,0
0,4,8,0,0,0,0,0,0,0
1,3,7,0,0,0,0,0,0,0
0,2,4,0,0,0,0,0,0,0
1,5,7,0,0,0,0,0,0,0
2,1,16,0,0,0,0,0,0,0
0,1,5,0,0,0,0,0,0,0
0,2,3,0,0,0,0,0,0,0
1,3,1,0,0,0,0,0,0,0
1,2,13,0,0,0,0,0,0,0
0,7,2,0,0,0,0,0,0,0
0,5,2,0,0,0,0,0,0,0
0,3,10,0,0,0,0,0,0,0
0,1,4,0,0,0,0,0,0,0
0,6,2,0,0,0,0,0,0,0
0,3,3,0,0,0,0,0,0,0
0,1,4,0,0,0,0,0,0,0
0,1,6,0,0,0,0,0,0,0
0,3,4,0,0,0,0,0,0,0
0,2,6,0,0,0,0,0,0,0
0,1,5,0,0,0,0,0,0,0
0,1,4,0,0,0,0,0,0,0
0,2,5,0,0,0,0,0,0,0
0,1,4,0,0,0,0,0,0,0
0,8,3,0,0,0,0,0,0,0
1,1,11,0,0,0,0,0,0,0
0,1,6,0,0,0,0,0,0,0
0,15,12,0,0,0,0,0,0,0
0,2,5,0,0,0,0,0,0,0
0,2,7,0,0,0,0,0,0,0
0,4,4,0,0,0,0,0,0,0
0,2,3,0,0,0,0,0,0,0
1,0,6,0,0,0,0,0,0,0
1,4,10,0,0,0,0,0,0,0
1,1,3,0,0,0,0,0,0,0
0,1,6,0,0,0,0,0,0,0
0,1,5,0,0,0,0,0,0,0
1,4,10,0,0,0,0,0,0,0
0,3,7,0,0,0,0,0,0,0
0,1,6,0,0,0,0,0,0,0
0,1,6,0,0,0,0,0,0,0
0,1,4,0,0,0,0,0,0,0
0,9,3,0,0,0,0,0,0,0
0,4,2,0,0,0,0,0,0,0
0,2,6,0,0,0,0,0,0,0
0,4,1,0,0,0,0,0,0,0
0,2,7,0,0,0,0,0,0,0
1,3,1,0,0,0,0,0,0,0
0,1,4,0,0,0,0,0,0,0
0,5,2,0,0,0,0,0,0,0
0,1,5,0,0,0,0,0,0,0
0,2,6,0,0,0,0,0,0,0
0,1,6,0,0,0,0,0,0,0
0,1,5,0,0,0,0,0,0,0
1,9,6,0,0,0,0,0,0,0
0,2,8,0,0,0,0,0,0,0
0,3,4,0,0,0,0,0,0,0
0,2,3,0,0,0,0,0,0,0
1,7,2,0,0,0,0,0,0,0
0,1,5,0,0,0,0,0,0,0
1,2,12,0,0,0,0,0,0,0
1,12,3,0,0,0,0,0,0,0
0,1,6,0,0,0,0,0,0,0
0,9,2,0,0,0,0,0,0,0
1,1,3,0,0,0,0,0,0,0
1,1,6,0,0,0,0,0,0,0
0,2,4,0,0,0,0,0,0,0
3,6,22,0,0,0,0,0,0,0
0,9,3,0,0,0,0,0,0,0
0,2,3,0,0,0,0,0,0,0
9,20,6,0,0,0,0,0,0,0
1,2,8,0,0,0,0,0,0,0
0,4,2,0,0,0,0,0,0,0
10,1,1,0,0,0,0,0,0,0
0,1,4,0,0,0,0,0,0,0
1,1,3,0,0,0,0,0,0,0
0,6,3,0,0,0,0,0,0,0
1,0,6,0,0,0,0,0,0,0
0,2,5,0,0,0,0,0,0,0
0,3,6,0,0,0,0,0,0,0
0,3,3,0,0,0,0,0,0,0
0,2,4,0,0,0,0,0,0,0
0,13,5,0,0,0,0,0,0,0
0,2,4,0,0,0,0,0,0,0
0,1,4,0,0,0,0,0,0,0
1,3,4,0,0,0,0,0,0,0
0,1,4,0,0,0,0,0,0,0
5,0,16,0,0,0,0,0,0,0
0,5,10,0,0,0,0,0,0,0
0,7,9,0,0,0,0,0,0,0
2,3,25,0,0,0,0,0,0,0
1,2,18,0,0,0,0,0,0,0
0,9,10,0,0,0,0,0,0,0
0,4,6,0,0,0,0,0,0,0
1,2,15,0,0,0,0,0,0,0
1,3,9,0,0,0,0,0,0,0
0,1,4,0,0,0,0,0,0,0
1,1,3,0,0,0,0,0,0,0
0,2,5,0,0,0,0,0,0,0
0,1,6,0,0,0,0,0,0,0
1,8,1,0,0,0,0,0,0,0
0,4,2,0,0,0,0,0,0,0
2,4,14,0,0,0,0,0,0,0
1,1,5,0,0,0,0,0,0,0
0,12,7,0,0,0,0,0,0,0
0,1,4,0,0,0,0,0,0,0
0,9,16,0,0,0,0,0,0,0
0,6,8,0,0,0,0,0,0,0
0,3,10,0,0,0,0,0,0,0
0,13,8,0,0,0,0,0,0,0
0,6,4,0,0,0,0,0,0,0
0,3,2,0,0,0,0,0,0,0
0,1,5,0,0,0,0,0,0,0
1,0,6,0,0,0,0,0,0,0
0,1,5,0,0,0,0,0,0,0
0,5,5,0,0,0,0,0,0,0
0,7,4,0,0,0,0,0,0,0
0,3,18,0,0,0,0,0,0,0
1,1,6,0,0,0,0,0,0,0
0,1,6,0,0,0,0,0,0,0
1,0,5,0,0,0,0,0,0,0
1,0,6,0,0,0,0,0,0,0
1,3,6,0,0,0,0,0,0,0
0,12,9,0,0,0,0,0,0,0
0,2,3,0,0,0,0,0,0,0
0,5,1,0,0,0,0,0,0,0
0,2,4,0,0,0,0,0,0,0
1,2,2,0,0,0,0,0,0,0
0,1,4,0,0,0,0,0,0,0
0,3,8,0,0,0,0,0,0,0
1,1,4,0,0,0,0,0,0,0
0,2,3,0,0,0,0,0,0,0
1,7,2,0,0,0,0,0,0,0
1,3,1,0,0,0,0,0,0,0
0,3,2,0,0,0,0,0,0,0
0,3,2,0,0,0,0,0,0,0
1,0,5,0,0,0,0,0,0,0
0,1,6,0,0,0,0,0,0,0
0,1,5,0,0,0,0,0,0,0
4,3,24,0,0,0,0,0,0,0
0,2,3,0,0,0,0,0,0,0
0,3,5,0,0,0,0,0,0,0
0,6,2,0,0,0,0,0,0,0
1,3,1,0,0,0,0,0,0,0
0,5,1,0,0,0,0,0,0,0
0,2,10,0,0,0,0,0,0,0
0,1,4,0,0,0,0,0,0,0
0,2,4,0,0,0,0,0,0,0
1,11,1,0,0,0,0,0,0,0
1,1,7,0,0,0,0,0,0,0
0,1,5,0,0,0,0,0,0,0
0,3,19,0,0,0,0,0,0,0
1,0,5,0,0,0,0,0,0,0
0,1,4,0,0,0,0,0,0,0
0,16,3,0,0,0,0,0,0,0
0,4,8,0,0,0,0,0,0,0
0,8,2,0,0,0,0,0,0,0
0,1,4,0,0,0,0,0,0,0
1,6,12,0,0,0,0,0,0,0
0,8,2,0,0,0,0,0,0,0
1,1,11,0,0,0,0,0,0,0
0,4,1,0,0,0,0,0,0,0
0,1,4,0,0,0,0,0,0,0
0,1,4,0,0,0,0,0,0,0
1,0,6,0,0,0,0,0,0,0
1,2,16,0,0,0,0,0,0,0
0,4,3,0,0,0,0,0,0,0
1,2,15,0,0,0,0,0,0,0
0,4,8,0,0,0,0,0,0,0
0,3,5,0,0,0,0,0,0,0
0,3,2,0,0,0,0,0,0,0
0,2,6,0,0,0,0,0,0,0
1,2,12,0,0,0,0,0,0,0
0,3,6,0,0,0,0,0,0,0
0,8,3,0,0,0,0,0,0,0
0,2,3,0,0,0,0,0,0,0
2,0,8,0,0,0,0,0,0,0
0,3,10,0,0,0,0,0,0,0
1,4,8,0,0,0,0,0,0,0
0,1,5,0,0,0,0,0,0,0
1,2,11,0,0,0,0,0,0,0
0,3,3,0,0,0,0,0,0,0
0,5,1,0,0,0,0,0,0,0
0,5,4,0,0,0,0,0,0,0
3,0,9,0,0,0,0,0,0,0
0,6,2,0,0,0,0,0,0,0
1,3,25,0,0,0,0,0,0,0
0,9,3,0,0,0,0,0,0,0
0,2,11,0,0,0,0,0,0,0
1,1,10,0,0,0,0,0,0,0
0,2,6,0,0,0,0,0,0,0
0,1,5,0,0,0,0,0,0,0
1,1,12,0,0,0,0,0,0,0
1,2,2,0,0,0,0,0,0,0
0,2,8,0,0,0,0,0,0,0
1,0,6,0,0,0,0,0,0,0
1,2,4,0,0,0,0,0,0,0
0,3,2,0,0,0,0,0,0,0
2,1,4,0,0,0,0,0,0,0
2,1,6,0,0,0,0,0,0,0
0,5,1,0,0,0,0,0,0,0
3,4,3,0,0,0,0,0,0,0
0,1,4,0,0,0,0,0,0,0
1,11,2,0,0,0,0,0,0,0
0,3,15,0,0,0,0,0,0,0
0,4,4,0,0,0,0,0,0,0
0,3,2,0,0,0,0,0,0,0
0,5,1,0,0,0,0,0,0,0
2,1,4,0,0,0,0,0,0,0
1,2,13,0,0,0,0,0,0,0
32,77,3,0,0,0,0,0,0,0
4,0,18,0,0,0,0,0,0,0
0,2,3,0,0,0,0,0,0,0
0,3,7,0,0,0,0,0,0,0
0,3,3,0,0,0,0,0,0,0
0,4,2,0,0,0,0,0,0,0
0,10,3,0,0,0,0,0,0,0
0,2,4,0,0,0,0,0,0,0
1,0,6,0,0,0,0,0,0,0
0,3,2,0,0,0,0,0,0,0
1,12,2,0,0,0,0,0,0,0
0,1,4,0,0,0,0,0,0,0
2,3,9,0,0,0,0,0,0,0
0,2,5,0,0,0,0,0,0,0
0,2,7,0,0,0,0,0,0,0
0,4,6,0,0,0,0,0,0,0
1,0,5,0,0,0,0,0,0,0
1,1,3,0,0,0,0,0,0,0
0,14,10,0,0,0,0,0,0,0
0,1,5,0,0,0,0,0,0,0
1,3,6,0,0,0,0,0,0,0
0,6,4,0,0,0,0,0,0,0
0,2,4,0,0,0,0,0,0,0
0,4,15,0,0,0,0,0,0,0
0,2,9,0,0,0,0,0,0,0
1,0,6,0,0,0,0,0,0,0
0,3,7,0,0,0,0,0,0,0
0,2,7,0,0,0,0,0,0,0
0,2,3,0,0,0,0,0,0,0
0,5,1,0,0,0,0,0,0,0
1,3,5,0,0,0,0,0,0,0
1,9,3,0,0,0,0,0,0,0
1,5,10,0,0,0,0,0,0,0
1,3,16,0,0,0,0,0,0,0
0,6,3,0,0,0,0,0,0,0
0,1,4,0,0,0,0,0,0,0
0,5,2,0,0,0,0,0,0,0
0,4,2,0,0,0,0,0,0,0
0,3,4,0,0,0,0,0,0,0
0,1,5,0,0,0,0,0,0,0
0,2,9,0,0,0,0,0,0,0
0,3,5,0,0,0,0,0,0,0
1,6,12,0,0,0,0,0,0,0
1,4,4,0,0,0,0,0,0,0
0,3,8,0,0,0,0,0,0,0
0,2,9,0,0,0,0,0,0,0
0,2,3,0,0,0,0,0,0,0
1,1,5,0,0,0,0,0,0,0
0,4,10,0,0,0,0,0,0,0
0,2,3,0,0,0,0,0,0,0
1,1,13,0,0,0,0,0,0,0
1,3,2,0,0,0,0,0,0,0
0,10,3,0,0,0,0,0,0,0
0,6,5,0,0,0,0,0,0,0
0,1,5,0,0,0,0,0,0,0
5,1,5,0,0,0,0,0,0,0
0,6,6,0,0,0,0,0,0,0
0,4,6,0,0,0,0,0,0,0
0,6,2,0,0,0,0,0,0,0
1,1,6,0,0,0,0,0,0,0
1,2,13,0,0,0,0,0,0,0
0,1,5,0,0,0,0,0,0,0
0,2,6,0,0,0,0,0,0,0
1,0,6,0,0,0,0,0,0,0
1,13,8,0,0,0,0,0,0,0
1,0,5,0,0,0,0,0,0,0
1,2,19,0,0,0,0,0,0,0
1,2,8,0,0,0,0,0,0,0
0,4,4,0,0,0,0,0,0,0
0,1,6,0,0,0,0,0,0,0
0,3,2,0,0,0,0,0,0,0
0,5,2,0,0,0,0,0,0,0
0,3,7,0,0,0,0,0,0,0
1,0,6,0,0,0,0,0,0,0
0,10,3,0,0,0,0,0,0,0
1,4,8,0,0,0,0,0,0,0
2,4,2,0,0,0,0,0,0,0
0,5,2,0,0,0,0,0,0,0
0,4,1,0,0,0,0,0,0,0
11,37,3,0,0,0,0,0,0,0
0,4,2,0,0,0,0,0,0,0
1,1,12,0,0,0,0,0,0,0
0,1,5,0,0,0,0,0,0,0
0,2,3,0,0,0,0,0,0,0
0,2,9,0,0,0,0,0,0,0
1,1,4,0,0,0,0,0,0,0
1,3,5,0,0,0,0,0,0,0
0,1,4,0,0,0,0,0,0,0
1,2,4,0,0,0,0,0,0,0
0,7,3,0,0,0,0,0,0,0
0,4,1,0,0,0,0,0,0,0
2,2,9,0,0,0,0,0,0,0
2,4,1,0,0,0,0,0,0,0
2,2,16,0,0,0,0,0,0,0
0,3,14,0,0,0,0,0,0,0
0,3,3,0,0,0,0,0,0,0
0,3,7,0,0,0,0,0,0,0
1,1,6,0,0,0,0,0,0,0
0,2,6,0,0,0,0,0,0,0
3,0,16,0,0,0,0,0,0,0
0,2,3,0,0,0,0,0,0,0
0,2,4,0,0,0,0,0,0,0
1,4,16,0,0,0,0,0,0,0
1,3,2,0,0,0,0,0,0,0
1,7,1,0,0,0,0,0,0,0
2,0,6,0,0,0,0,0,0,0
0,1,4,0,0,0,0,0,0,0
1,12,10,0,0,0,0,0,0,0
1,1,9,0,0,0,0,0,0,0
0,1,6,0,0,0,0,0,0,0
0,1,6,0,0,0,0,0,0,0
1,1,5,0,0,0,0,0,0,0
0,2,5,0,0,0,0,0,0,0
0,4,8,0,0,0,0,0,0,0
0,4,1,0,0,0,0,0,0,0
1,2,20,0,0,0,0,0,0,0
0,1,4,0,0,0,0,0,0,0
0,1,5,0,0,0,0,0,0,0
0,2,3,0,0,0,0,0,0,0
1,1,9,0,0,0,0,0,0,0
0,1,4,0,0,0,0,0,0,0
0,1,4,0,0,0,0,0,0,0
0,4,8,0,0,0,0,0,0,0
0,7,3,0,0,0,0,0,0,0
0,2,4,0,0,0,0,0,0,0
0,1,5,0,0,0,0,0,0,0
2,18,14,0,0,0,0,0,0,0
0,1,4,0,0,0,0,0,0,0
0,2,10,0,0,0,0,0,0,0
0,4,14,0,0,0,0,0,0,0
0,6,8,0,0,0,0,0,0,0
0,5,1,0,0,0,0,0,0,0
0,2,7,0,0,0,0,0,0,0
0,2,5,0,0,0,0,0,0,0
0,1,4,0,0,0,0,0,0,0
1,1,6,0,0,0,0,0,0,0
0,2,13,0,0,0,0,0,0,0
0,2,6,0,0,0,0,0,0,0
0,1,5,0,0,0,0,0,0,0
0,1,4,0,0,0,0,0,0,0
0,4,21,0,0,0,0,0,0,0
0,3,2,0,0,0,0,0,0,0
2,1,2,0,0,0,0,0,0,0
0,3,2,0,0,0,0,0,0,0
0,2,6,0,0,0,0,0,0,0
0,4,2,0,0,0,0,0,0,0
0,1,4,0,0,0,0,0,0,0
0,1,6,0,0,0,0,0,0,0
0,6,17,0,0,0,0,0,0,0
2,1,3,0,0,0,0,0,0,0
0,5,6,0,0,0,0,0,0,0
0,1,6,0,0,0,0,0,0,0
0,3,4,0,0,0,0,0,0,0
1,10,21,0,0,0,0,0,0,0
0,8,10,0,0,0,0,0,0,0
0,1,5,0,0,0,0,0,0,0
0,1,5,0,0,0,0,0,0,0
1,1,5,0,0,0,0,0,0,0
0,2,9,0,0,0,0,0,0,0
0,1,4,0,0,0,0,0,0,0
0,2,12,0,0,0,0,0,0,0
1,1,5,0,0,0,0,0,0,0
0,10,4,0,0,0,0,0,0,0
1,1,6,0,0,0,0,0,0,0
0,3,2,0,0,0,0,0,0,0
1,2,19,0,0,0,0,0,0,0
1,0,6,0,0,0,0,0,0,0
0,12,2,0,0,0,0,0,0,0
0,1,5,0,0,0,0,0,0,0
0,4,2,0,0,0,0,0,0,0
0,3,12,0,0,0,0,0,0,0
1,6,11,0,0,0,0,0,0,0
0,5,1,0,0,0,0,0,0,0
0,8,13,0,0,0,0,0,0,0
0,3,2,0,0,0,0,0,0,0
1,5,4,0,0,0,0,0,0,0
0,9,6,0,0,0,0,0,0,0
2,0,9,0,0,0,0,0,0,0
4,2,5,0,0,0,0,0,0,0
3,2,1,0,0,0,0,0,0,0
3,0,13,0,0,0,0,0,0,0
0,3,5,0,0,0,0,0,0,0
0,5,1,0,0,0,0,0,0,0
2,1,4,0,0,0,0,0,0,0
0,3,8,0,0,0,0,0,0,0
0,4,4,0,0,0,0,0,0,0
1,1,11,0,0,0,0,0,0,0
0,1,5,0,0,0,0,0,0,0
2,0,12,0,0,0,0,0,0,0
1,0,5,0,0,0,0,0,0,0
0,4,13,0,0,0,0,0,0,0
1,1,4,0,0,0,0,0,0,0
0,13,2,0,0,0,0,0,0,0
3,0,7,0,0,0,0,0,0,0
0,8,4,0,0,0,0,0,0,0
0,4,4,0,0,0,0,0,0,0
1,2,3,0,0,0,0,0,0,0
0,8,3,0,0,0,0,0,0,0
0,4,3,0,0,0,0,0,0,0
3,1,3,0,0,0,0,0,0,0
0,3,2,0,0,0,0,0,0,0
2,1,5,0,0,0,0,0,0,0
0,4,2,0,0,0,0,0,0,0
1,3,10,0,0,0,0,0,0,0
0,1,5,0,0,0,0,0,0,0
0,1,4,0,0,0,0,0,0,0
0,1,6,0,0,0,0,0,0,0
0,3,16,0,0,0,0,0,0,0
0,6,1,0,0,0,0,0,0,0
1,3,3,0,0,0,0,0,0,0
0,2,7,0,0,0,0,0,0,0
0,1,5,0,0,0,0,0,0,0
0,6,14,0,0,0,0,0,0,0
0,2,11,0,0,0,0,0,0,0
0,6,3,0,0,0,0,0,0,0
0,7,2,0,0,0,0,0,0,0
0,1,4,0,0,0,0,0,0,0
0,10,5,0,0,0,0,0,0,0
0,2,4,0,0,0,0,0,0,0
1,5,1,0,0,0,0,0,0,0
1,1,11,0,0,0,0,0,0,0
0,18,6,0,0,0,0,0,0,0
14,8,1,0,0,0,0,0,0,0
2,2,12,0,0,0,0,0,0,0
0,3,2,0,0,0,0,0,0,0
0,1,6,0,0,0,0,0,0,0
1,1,8,0,0,0,0,0,0,0
0,5,1,0,0,0,0,0,0,0
0,1,6,0,0,0,0,0,0,0
0,2,3,0,0,0,0,0,0,0
1,2,15,0,0,0,0,0,0,0
0,6,7,0,0,0,0,0,0,0
0,2,5,0,0,0,0,0,0,0
1,2,20,0,0,0,0,0,0,0
0,6,1,0,0,0,0,0,0,0
0,3,2,0,0,0,0,0,0,0
1,0,6,0,0,0,0,0,0,0
0,1,6,0,0,0,0,0,0,0
2,4,2,0,0,0,0,0,0,0
2,3,22,0,0,0,0,0,0,0
0,5,5,0,0,0,0,0,0,0
0,1,4,0,0,0,0,0,0,0
1,2,5,0,0,0,0,0,0,0
0,1,6,0,0,0,0,0,0,0
0,2,4,0,0,0,0,0,0,0
1,11,13,0,0,0,0,0,0,0
0,14,4,0,0,0,0,0,0,0
3,0,6,0,0,0,0,0,0,0
1,5,2,0,0,0,0,0,0,0
0,2,5,0,0,0,0,0,0,0
1,1,3,0,0,0,0,0,0,0
0,4,11,0,0,0,0,0,0,0
0,3,3,0,0,0,0,0,0,0
0,5,2,0,0,0,0,0,0,0
0,1,4,0,0,0,0,0,0,0
0,1,4,0,0,0,0,0,0,0
0,2,5,0,0,0,0,0,0,0
0,5,4,0,0,0,0,0,0,0
1,2,5,0,0,0,0,0,0,0
0,3,4,0,0,0,0,0,0,0
0,2,4,0,0,0,0,0,0,0
0,5,3,0,0,0,0,0,0,0
0,3,4,0,0,0,0,0,0,0
0,1,5,0,0,0,0,0,0,0
1,0,5,0,0,0,0,0,0,0
0,4,1,0,0,0,0,0,0,0
0,2,3,0,0,0,0,0,0,0
1,3,3,0,0,0,0,0,0,0
0,6,20,0,0,0,0,0,0,0
0,1,4,0,0,0,0,0,0,0
0,4,3,0,0,0,0,0,0,0
0,5,4,0,0,0,0,0,0,0
0,1,5,0,0,0,0,0,0,0
1,3,12,0,0,0,0,0,0,0
1,2,9,0,0,0,0,0,0,0
0,1,6,0,0,0,0,0,0,0
0,2,4,0,0,0,0,0,0,0
1,7,3,0,0,0,0,0,0,0
14,21,1,0,0,0,0,0,0,0
0,1,5,0,0,0,0,0,0,0
0,1,4,0,0,0,0,0,0,0
0,1,6,0,0,0,0,0,0,0
0,6,3,0,0,0,0,0,0,0
0,5,9,0,0,0,0,0,0,0
0,4,1,0,0,0,0,0,0,0
1,0,6,0,0,0,0,0,0,0
1,3,18,0,0,0,0,0,0,0
2,6,5,0,0,0,0,0,0,0
2,0,8,0,0,0,0,0,0,0
1,1,12,0,0,0,0,0,0,0
1,0,6,0,0,0,0,0,0,0
0,2,5,0,0,0,0,0,0,0
0,2,4,0,0,0,0,0,0,0
0,2,3,0,0,0,0,0,0,0
0,10,2,0,0,0,0,0,0,0
0,11,24,0,0,0,0,0,0,0
2,2,1,0,0,0,0,0,0,0
0,9,8,0,0,0,0,0,0,0
0,1,5,0,0,0,0,0,0,0
0,6,4,0,0,0,0,0,0,0
0,1,4,0,0,0,0,0,0,0
1,2,3,0,0,0,0,0,0,0
0,2,10,0,0,0,0,0,0,0
0,1,4,0,0,0,0,0,0,0
1,3,9,0,0,0,0,0,0,0
0,1,6,0,0,0,0,0,0,0
0,2,12,0,0,0,0,0,0,0
0,5,12,0,0,0,0,0,0,0
0,7,4,0,0,0,0,0,0,0
1,1,6,0,0,0,0,0,0,0
0,2,8,0,0,0,0,0,0,0
0,9,8,0,0,0,0,0,0,0
3,2,12,0,0,0,0,0,0,0
1,0,6,0,0,0,0,0,0,0
0,2,7,0,0,0,0,0,0,0
0,1,6,0,0,0,0,0,0,0
1,3,11,0,0,0,0,0,0,0
0,2,11,0,0,0,0,0,0,0
1,1,5,0,0,0,0,0,0,0
0,8,9,0,0,0,0,0,0,0
1,1,13,0,0,0,0,0,0,0
0,1,6,0,0,0,0,0,0,0
0,4,1,0,0,0,0,0,0,0
0,1,6,0,0,0,0,0,0,0
0,4,6,0,0,0,0,0,0,0
1,2,16,0,0,0,0,0,0,0
1,1,11,0,0,0,0,0,0,0
0,8,6,0,0,0,0,0,0,0
0,3,3,0,0,0,0,0,0,0
0,3,4,0,0,0,0,0,0,0
0,2,3,0,0,0,0,0,0,0
0,7,3,0,0,0,0,0,0,0
1,0,6,0,0,0,0,0,0,0
1,2,9,0,0,0,0,0,0,0
0,4,4,0,0,0,0,0,0,0
0,7,2,0,0,0,0,0,0,0
0,1,6,0,0,0,0,0,0,0
0,5,1,0,0,0,0,0,0,0
0,1,5,0,0,0,0,0,0,0
0,1,4,0,0,0,0,0,0,0
0,5,3,0,0,0,0,0,0,0
1,1,3,0,0,0,0,0,0,0
0,2,13,0,0,0,0,0,0,0
1,1,5,0,0,0,0,0,0,0
0,2,11,0,0,0,0,0,0,0
0,2,13,0,0,0,0,0,0,0
5,0,17,0,0,0,0,0,0,0
0,1,5,0,0,0,0,0,0,0
1,2,9,0,0,0,0,0,0,0
0,1,4,0,0,0,0,0,0,0
1,3,27,0,0,0,0,0,0,0
1,5,11,0,0,0,0,0,0,0
0,2,11,0,0,0,0,0,0,0
2,0,10,0,0,0,0,0,0,0
1,1,6,0,0,0,0,0,0,0
1,2,2,0,0,0,0,0,0,0
2,6,20,0,0,0,0,0,0,0
1,0,6,0,0,0,0,0,0,0
0,1,5,0,0,0,0,0,0,0
0,5,2,0,0,0,0,0,0,0
0,3,3,0,0,0,0,0,0,0
0,1,6,0,0,0,0,0,0,0
1,2,4,0,0,0,0,0,0,0
0,2,13,0,0,0,0,0,0,0
0,4,11,0,0,0,0,0,0,0
0,2,3,0,0,0,0,0,0,0
1,1,6,0,0,0,0,0,0,0
1,4,15,0,0,0,0,0,0,0
2,0,13,0,0,0,0,0,0,0
1,1,3,0,0,0,0,0,0,0
0,2,8,0,0,0,0,0,0,0
1,0,5,0,0,0,0,0,0,0
0,2,10,0,0,0,0,0,0,0
0,2,3,0,0,0,0,0,0,0
1,10,9,0,0,0,0,0,0,0
0,4,11,0,0,0,0,0,0,0
0,6,10,0,0,0,0,0,0,0
0,7,8,0,0,0,0,0,0,0
0,7,2,0,0,0,0,0,0,0
0,3,6,0,0,0,0,0,0,0
0,3,2,0,0,0,0,0,0,0
1,1,11,0,0,0,0,0,0,0
0,1,5,0,0,0,0,0,0,0
0,2,7,0,0,0,0,0,0,0
7,1,3,0,0,0,0,0,0,0
1,1,6,0,0,0,0,0,0,0
0,4,3,0,0,0,0,0,0,0
0,24,4,0,0,0,0,0,0,0
1,1,7,0,0,0,0,0,0,0
0,3,3,0,0,0,0,0,0,0
0,1,4,0,0,0,0,0,0,0
0,8,4,0,0,0,0,0,0,0
0,2,6,0,0,0,0,0,0,0
2,22,4,0,0,0,0,0,0,0
0,1,5,0,0,0,0,0,0,0
0,4,13,0,0,0,0,0,0,0
0,7,2,0,0,0,0,0,0,0
2,7,5,0,0,0,0,0,0,0
0,4,1,0,0,0,0,0,0,0
0,1,4,0,0,0,0,0,0,0
0,3,10,0,0,0,0,0,0,0
0,1,5,0,0,0,0,0,0,0
0,1,4,0,0,0,0,0,0,0
1,2,2,0,0,0,0,0,0,0
0,3,10,0,0,0,0,0,0,0
1,3,8,0,0,0,0,0,0,0
0,8,3,0,0,0,0,0,0,0
0,1,4,0,0,0,0,0,0,0
0,1,4,0,0,0,0,0,0,0
0,3,8,0,0,0,0,0,0,0
1,3,1,0,0,0,0,0,0,0
0,12,7,0,0,0,0,0,0,0
0,2,9,0,0,0,0,0,0,0
0,3,5,0,0,0,0,0,0,0
2,1,16,0,0,0,0,0,0,0
1,5,3,0,0,0,0,0,0,0
0,2,8,0,0,0,0,0,0,0
0,3,2,0,0,0,0,0,0,0
0,4,2,0,0,0,0,0,0,0
0,1,4,0,0,0,0,0,0,0
0,4,6,0,0,0,0,0,0,0
0,3,6,0,0,0,0,0,0,0
0,11,2,0,0,0,0,0,0,0
2,0,8,0,0,0,0,0,0,0
0,4,2,0,0,0,0,0,0,0
0,2,5,0,0,0,0,0,0,0
0,4,3,0,0,0,0,0,0,0
0,3,6,0,0,0,0,0,0,0
0,11,13,0,0,0,0,0,0,0
0,2,9,0,0,0,0,0,0,0
0,2,4,0,0,0,0,0,0,0
0,1,4,0,0,0,0,0,0,0
0,1,4,0,0,0,0,0,0,0
0,5,19,0,0,0,0,0,0,0
0,11,10,0,0,0,0,0,0,0
0,5,2,0,0,0,0,0,0,0
1,0,5,0,0,0,0,0,0,0
1,1,7,0,0,0,0,0,0,0
1,1,7,0,0,0,0,0,0,0
0,2,3,0,0,0,0,0,0,0
2,0,13,0,0,0,0,0,0,0
0,7,3,0,0,0,0,0,0,0
0,3,3,0,0,0,0,0,0,0
0,3,2,0,0,0,0,0,0,0
2,12,14,0,0,0,0,0,0,0
0,3,2,0,0,0,0,0,0,0
1,0,5,0,0,0,0,0,0,0
3,9,15,0,0,0,0,0,0,0
1,0,5,0,0,0,0,0,0,0
0,3,8,0,0,0,0,0,0,0
0,2,6,0,0,0,0,0,0,0
1,3,5,0,0,0,0,0,0,0
2,2,10,0,0,0,0,0,0,0
0,9,4,0,0,0,0,0,0,0
1,2,2,0,0,0,0,0,0,0
0,1,5,0,0,0,0,0,0,0
0,1,6,0,0,0,0,0,0,0
0,1,5,0,0,0,0,0,0,0
0,1,4,0,0,0,0,0,0,0
0,3,15,0,0,0,0,0,0,0
1,3,6,0,0,0,0,0,0,0
1,3,22,0,0,0,0,0,0,0
1,3,8,0,0,0,0,0,0,0
0,1,4,0,0,0,0,0,0,0
0,4,5,0,0,0,0,0,0,0
0,4,3,0,0,0,0,0,0,0
0,1,4,0,0,0,0,0,0,0
1,1,13,0,0,0,0,0,0,0
2,6,6,0,0,0,0,0,0,0
2,6,29,0,0,0,0,0,0,0
8,4,5,0,0,0,0,0,0,0
0,5,1,0,0,0,0,0,0,0
0,2,5,0,0,0,0,0,0,0
0,3,4,0,0,0,0,0,0,0
2,0,6,0,0,0,0,0,0,0
0,3,2,0,0,0,0,0,0,0
0,1,5,0,0,0,0,0,0,0
0,2,3,0,0,0,0,0,0,0
1,1,13,0,0,0,0,0,0,0
1,1,7,0,0,0,0,0,0,0
0,8,11,0,0,0,0,0,0,0
3,1,16,0,0,0,0,0,0,0
1,0,6,0,0,0,0,0,0,0
0,1,6,0,0,0,0,0,0,0
0,1,5,0,0,0,0,0,0,0
1,1,3,0,0,0,0,0,0,0
0,2,8,0,0,0,0,0,0,0
1,1,5,0,0,0,0,0,0,0
0,4,5,0,0,0,0,0,0,0
2,5,18,0,0,0,0,0,0,0
0,1,4,0,0,0,0,0,0,0
1,12,16,0,0,0,0,0,0,0
0,3,4,0,0,0,0,0,0,0
0,4,3,0,0,0,0,0,0,0
0,2,3,0,0,0,0,0,0,0
0,1,4,0,0,0,0,0,0,0
0,1,5,0,0,0,0,0,0,0
0,3,7,0,0,0,0,0,0,0
0,2,8,0,0,0,0,0,0,0
0,3,2,0,0,0,0,0,0,0
0,14,9,0,0,0,0,0,0,0
1,8,4,0,0,0,0,0,0,0
0,4,11,0,0,0,0,0,0,0
0,1,4,0,0,0,0,0,0,0
0,5,6,0,0,0,0,0,0,0
0,4,3,0,0,0,0,0,0,0
0,1,4,0,0,0,0,0,0,0
2,0,6,0,0,0,0,0,0,0
0,3,2,0,0,0,0,0,0,0
1,5,26,0,0,0,0,0,0,0
1,0,6,0,0,0,0,0,0,0
0,1,4,0,0,0,0,0,0,0
0,1,6,0,0,0,0,0,0,0
0,2,9,0,0,0,0,0,0,0
0,2,3,0,0,0,0,0,0,0
0,1,4,0,0,0,0,0,0,0
0,1,5,0,0,0,0,0,0,0
0,2,3,0,0,0,0,0,0,0
0,1,4,0,0,0,0,0,0,0
0,1,6,0,0,0,0,0,0,0
0,1,5,0,0,0,0,0,0,0
1,11,8,0,0,0,0,0,0,0
0,4,1,0,0,0,0,0,0,0
0,1,4,0,0,0,0,0,0,0
2,0,6,0,0,0,0,0,0,0
0,2,9,0,0,0,0,0,0,0
0,4,3,0,0,0,0,0,0,0
3,4,9,0,0,0,0,0,0,0
0,1,6,0,0,0,0,0,0,0
1,13,3,0,0,0,0,0,0,0
0,1,4,0,0,0,0,0,0,0
0,1,5,0,0,0,0,0,0,0
1,9,1,0,0,0,0,0,0,0
0,1,6,0,0,0,0,0,0,0
1,7,1,0,0,0,0,0,0,0
1,2,13,0,0,0,0,0,0,0
0,3,16,0,0,0,0,0,0,0
0,1,5,0,0,0,0,0,0,0
0,1,5,0,0,0,0,0,0,0
0,2,8,0,0,0,0,0,0,0
2,0,7,0,0,0,0,0,0,0
0,1,5,0,0,0,0,0,0,0
1,1,5,0,0,0,0,0,0,0
1,1,9,0,0,0,0,0,0,0
1,1,4,0,0,0,0,0,0,0
0,3,2,0,0,0,0,0,0,0
0,14,13,0,0,0,0,0,0,0
0,1,5,0,0,0,0,0,0,0
0,3,5,0,0,0,0,0,0,0
1,1,10,0,0,0,0,0,0,0
0,2,4,0,0,0,0,0,0,0
0,4,1,0,0,0,0,0,0,0
1,2,4,0,0,0,0,0,0,0
0,4,2,0,0,0,0,0,0,0
1,0,6,0,0,0,0,0,0,0
1,2,3,0,0,0,0,0,0,0
0,3,2,0,0,0,0,0,0,0
0,12,15,0,0,0,0,0,0,0
1,2,7,0,0,0,0,0,0,0
1,0,5,0,0,0,0,0,0,0
0,2,3,0,0,0,0,0,0,0
0,4,13,0,0,0,0,0,0,0
0,1,6,0,0,0,0,0,0,0
1,7,4,0,0,0,0,0,0,0
0,1,5,0,0,0,0,0,0,0
0,4,1,0,0,0,0,0,0,0
1,0,5,0,0,0,0,0,0,0
1,1,4,0,0,0,0,0,0,0
0,1,6,0,0,0,0,0,0,0
0,5,3,0,0,0,0,0,0,0
1,1,7,0,0,0,0,0,0,0
0,1,5,0,0,0,0,0,0,0
0,3,9,0,0,0,0,0,0,0
1,2,7,0,0,0,0,0,0,0
0,6,3,0,0,0,0,0,0,0
0,3,7,0,0,0,0,0,0,0
0,1,4,0,0,0,0,0,0,0
0,2,4,0,0,0,0,0,0,0
1,1,5,0,0,0,0,0,0,0
0,2,9,0,0,0,0,0,0,0
0,5,1,0,0,0,0,0,0,0
0,1,4,0,0,0,0,0,0,0
0,5,1,0,0,0,0,0,0,0
0,1,4,0,0,0,0,0,0,0
0,4,8,0,0,0,0,0,0,0
0,4,1,0,0,0,0,0,0,0
0,3,13,0,0,0,0,0,0,0
1,1,3,0,0,0,0,0,0,0
0,11,3,0,0,0,0,0,0,0
2,1,12,0,0,0,0,0,0,0
0,31,17,0,0,0,0,0,0,0
0,1,5,0,0,0,0,0,0,0
0,2,4,0,0,0,0,0,0,0
0,3,3,0,0,0,0,0,0,0
0,5,5,0,0,0,0,0,0,0
0,1,4,0,0,0,0,0,0,0
1,3,4,0,0,0,0,0,0,0
1,1,13,0,0,0,0,0,0,0
1,2,15,0,0,0,0,0,0,0
0,4,9,0,0,0,0,0,0,0
0,4,9,0,0,0,0,0,0,0
0,4,9,0,0,0,0,0,0,0
0,1,4,0,0,0,0,0,0,0
0,3,3,0,0,0,0,0,0,0
0,2,8,0,0,0,0,0,0,0
0,3,2,0,0,0,0,0,0,0
3,2,7,0,0,0,0,0,0,0
1,2,13,0,0,0,0,0,0,0
1,3,12,0,0,0,0,0,0,0
0,1,5,0,0,0,0,0,0,0
1,7,1,0,0,0,0,0,0,0
1,0,5,0,0,0,0,0,0,0
0,1,4,0,0,0,0,0,0,0
0,4,7,0,0,0,0,0,0,0
2,2,15,0,0,0,0,0,0,0
1,3,13,0,0,0,0,0,0,0
0,7,2,0,0,0,0,0,0,0
1,1,6,0,0,0,0,0,0,0
0,1,5,0,0,0,0,0,0,0
2,1,10,0,0,0,0,0,0,0
0,1,4,0,0,0,0,0,0,0
0,1,6,0,0,0,0,0,0,0
0,6,3,0,0,0,0,0,0,0
0,1,4,0,0,0,0,0,0,0
0,5,1,0,0,0,0,0,0,0
0,5,15,0,0,0,0,0,0,0
0,2,4,0,0,0,0,0,0,0
0,3,5,0,0,0,0,0,0,0
1,1,3,0,0,0,0,0,0,0
0,2,11,0,0,0,0,0,0,0
0,7,3,0,0,0,0,0,0,0
0,1,4,0,0,0,0,0,0,0
0,4,2,0,0,0,0,0,0,0
0,2,5,0,0,0,0,0,0,0
1,4,11,0,0,0,0,0,0,0
0,2,4,0,0,0,0,0,0,0
2,1,17,0,0,0,0,0,0,0
1,6,18,0,0,0,0,0,0,0
0,2,5,0,0,0,0,0,0,0
0,3,8,0,0,0,0,0,0,0
0,1,4,0,0,0,0,0,0,0
2,6,26,0,0,0,0,0,0,0
0,2,4,0,0,0,0,0,0,0
0,1,5,0,0,0,0,0,0,0
1,1,6,0,0,0,0,0,0,0
0,2,3,0,0,0,0,0,0,0
1,0,5,0,0,0,0,0,0,0
0,4,7,0,0,0,0,0,0,0
0,3,12,0,0,0,0,0,0,0
0,2,6,0,0,0,0,0,0,0
0,1,5,0,0,0,0,0,0,0
0,3,4,0,0,0,0,0,0,0
0,3,2,0,0,0,0,0,0,0
0,2,6,0,0,0,0,0,0,0
0,3,3,0,0,0,0,0,0,0
22,18,1,0,0,0,0,0,0,0
0,4,5,0,0,0,0,0,0,0
0,9,2,0,0,0,0,0,0,0
1,7,4,0,0,0,0,0,0,0
0,1,4,0,0,0,0,0,0,0
2,0,8,0,0,0,0,0,0,0
0,2,3,0,0,0,0,0,0,0
0,3,5,0,0,0,0,0,0,0
0,6,4,0,0,0,0,0,0,0
1,3,17,0,0,0,0,0,0,0
2,1,2,0,0,0,0,0,0,0
2,7,6,0,0,0,0,0,0,0
0,6,7,0,0,0,0,0,0,0
0,3,3,0,0,0,0,0,0,0
0,1,6,0,0,0,0,0,0,0
2,0,13,0,0,0,0,0,0,0
1,2,14,0,0,0,0,0,0,0
0,5,24,0,0,0,0,0,0,0
0,2,8,0,0,0,0,0,0,0
0,2,6,0,0,0,0,0,0,0
0,4,3,0,0,0,0,0,0,0
1,4,6,0,0,0,0,0,0,0
1,16,3,0,0,0,0,0,0,0
0,4,2,0,0,0,0,0,0,0
0,7,5,0,0,0,0,0,0,0
1,1,10,0,0,0,0,0,0,0
0,12,9,0,0,0,0,0,0,0
1,2,2,0,0,0,0,0,0,0
0,4,12,0,0,0,0,0,0,0
0,5,1,0,0,0,0,0,0,0
1,5,4,0,0,0,0,0,0,0
0,3,10,0,0,0,0,0,0,0
1,4,7,0,0,0,0,0,0,0
0,12,16,0,0,0,0,0,0,0
0,1,4,0,0,0,0,0,0,0
0,15,5,0,0,0,0,0,0,0
0,3,8,0,0,0,0,0,0,0
0,2,7,0,0,0,0,0,0,0
1,0,5,0,0,0,0,0,0,0
0,2,4,0,0,0,0,0,0,0
0,3,5,0,0,0,0,0,0,0
0,8,3,0,0,0,0,0,0,0
0,2,6,0,0,0,0,0,0,0
0,3,2,0,0,0,0,0,0,0
0,6,3,0,0,0,0,0,0,0
0,5,1,0,0,0,0,0,0,0
1,0,6,0,0,0,0,0,0,0
0,1,4,0,0,0,0,0,0,0
0,7,2,0,0,0,0,0,0,0
1,0,5,0,0,0,0,0,0,0
0,4,7,0,0,0,0,0,0,0
0,1,5,0,0,0,0,0,0,0
0,13,3,0,0,0,0,0,0,0
0,3,3,0,0,0,0,0,0,0
0,4,9,0,0,0,0,0,0,0
1,11,2,0,0,0,0,0,0,0
1,1,13,0,0,0,0,0,0,0
2,1,16,0,0,0,0,0,0,0
1,0,5,0,0,0,0,0,0,0
0,1,4,0,0,0,0,0,0,0
1,1,4,0,0,0,0,0,0,0
1,1,3,0,0,0,0,0,0,0
0,2,9,0,0,0,0,0,0,0
0,2,3,0,0,0,0,0,0,0
0,13,2,0,0,0,0,0,0,0
0,3,2,0,0,0,0,0,0,0
0,5,3,0,0,0,0,0,0,0
0,2,8,0,0,0,0,0,0,0
0,1,5,0,0,0,0,0,0,0
0,1,4,0,0,0,0,0,0,0
1,0,5,0,0,0,0,0,0,0
0,6,2,0,0,0,0,0,0,0
14,23,14,0,0,0,0,0,0,0
1,1,3,0,0,0,0,0,0,0
0,3,2,0,0,0,0,0,0,0
1,1,4,0,0,0,0,0,0,0
1,1,7,0,0,0,0,0,0,0
0,2,7,0,0,0,0,0,0,0
0,5,2,0,0,0,0,0,0,0
0,1,4,0,0,0,0,0,0,0
1,0,5,0,0,0,0,0,0,0
1,0,5,0,0,0,0,0,0,0
0,5,1,0,0,0,0,0,0,0
1,4,5,0,0,0,0,0,0,0
0,3,7,0,0,0,0,0,0,0
0,4,7,0,0,0,0,0,0,0
1,0,5,0,0,0,0,0,0,0
1,1,11,0,0,0,0,0,0,0
0,1,6,0,0,0,0,0,0,0
0,1,6,0,0,0,0,0,0,0
0,1,5,0,0,0,0,0,0,0
1,0,5,0,0,0,0,0,0,0
0,8,6,0,0,0,0,0,0,0
0,1,4,0,0,0,0,0,0,0
1,7,6,0,0,0,0,0,0,0
1,2,6,0,0,0,0,0,0,0
0,3,3,0,0,0,0,0,0,0
0,1,4,0,0,0,0,0,0,0
0,1,4,0,0,0,0,0,0,0
0,2,4,0,0,0,0,0,0,0
0,5,14,0,0,0,0,0,0,0
0,2,13,0,0,0,0,0,0,0
0,2,5,0,0,0,0,0,0,0
1,6,2,0,0,0,0,0,0,0
1,9,16,0,0,0,0,0,0,0
1,11,10,0,0,0,0,0,0,0
0,3,3,0,0,0,0,0,0,0
1,1,4,0,0,0,0,0,0,0
2,0,7,0,0,0,0,0,0,0
0,1,4,0,0,0,0,0,0,0
0,1,5,0,0,0,0,0,0,0
0,6,1,0,0,0,0,0,0,0
1,5,1,0,0,0,0,0,0,0
0,3,3,0,0,0,0,0,0,0
0,2,3,0,0,0,0,0,0,0
2,4,1,0,0,0,0,0,0,0
0,2,7,0,0,0,0,0,0,0
0,9,2,0,0,0,0,0,0,0
0,5,3,0,0,0,0,0,0,0
0,5,1,0,0,0,0,0,0,0
0,4,2,0,0,0,0,0,0,0
0,12,2,0,0,0,0,0,0,0
1,2,6,0,0,0,0,0,0,0
0,2,10,0,0,0,0,0,0,0
0,2,9,0,0,0,0,0,0,0
0,1,4,0,0,0,0,0,0,0
1,1,8,0,0,0,0,0,0,0
0,20,7,0,0,0,0,0,0,0
2,0,9,0,0,0,0,0,0,0
0,5,3,0,0,0,0,0,0,0
1,12,3,0,0,0,0,0,0,0
7,1,1,0,0,0,0,0,0,0
0,5,1,0,0,0,0,0,0,0
0,1,4,0,0,0,0,0,0,0
0,6,1,0,0,0,0,0,0,0
1,1,7,0,0,0,0,0,0,0
1,0,6,0,0,0,0,0,0,0
1,2,2,0,0,0,0,0,0,0
1,2,15,0,0,0,0,0,0,0
0,1,4,0,0,0,0,0,0,0
2,0,10,0,0,0,0,0,0,0
0,6,4,0,0,0,0,0,0,0
0,1,4,0,0,0,0,0,0,0
0,4,8,0,0,0,0,0,0,0
1,0,5,0,0,0,0,0,0,0
0,3,8,0,0,0,0,0,0,0
0,6,6,0,0,0,0,0,0,0
0,2,10,0,0,0,0,0,0,0
0,6,2,0,0,0,0,0,0,0
0,2,5,0,0,0,0,0,0,0
0,3,3,0,0,0,0,0,0,0
1,0,5,0,0,0,0,0,0,0
0,17,17,0,0,0,0,0,0,0
0,2,4,0,0,0,0,0,0,0
0,1,5,0,0,0,0,0,0,0
0,5,7,0,0,0,0,0,0,0
1,0,5,0,0,0,0,0,0,0
0,4,10,0,0,0,0,0,0,0
0,4,1,0,0,0,0,0,0,0
1,2,5,0,0,0,0,0,0,0
1,3,22,0,0,0,0,0,0,0
0,1,4,0,0,0,0,0,0,0
1,0,6,0,0,0,0,0,0,0
0,5,15,0,0,0,0,0,0,0
0,4,1,0,0,0,0,0,0,0
1,1,12,0,0,0,0,0,0,0
0,1,4,0,0,0,0,0,0,0
1,3,2,0,0,0,0,0,0,0
1,11,9,0,0,0,0,0,0,0
2,1,12,0,0,0,0,0,0,0
0,6,5,0,0,0,0,0,0,0
0,1,5,0,0,0,0,0,0,0
0,3,2,0,0,0,0,0,0,0
1,2,15,0,0,0,0,0,0,0
0,2,9,0,0,0,0,0,0,0
0,2,9,0,0,0,0,0,0,0
0,4,2,0,0,0,0,0,0,0
1,0,5,0,0,0,0,0,0,0
0,1,5,0,0,0,0,0,0,0
1,1,6,0,0,0,0,0,0,0
0,3,7,0,0,0,0,0,0,0
0,1,6,0,0,0,0,0,0,0
1,2,9,0,0,0,0,0,0,0
0,10,9,0,0,0,0,0,0,0
1,1,4,0,0,0,0,0,0,0
1,3,16,0,0,0,0,0,0,0
3,0,5,0,0,0,0,0,0,0
0,2,5,0,0,0,0,0,0,0
2,6,22,0,0,0,0,0,0,0
0,6,6,0,0,0,0,0,0,0
2,0,6,0,0,0,0,0,0,0
1,2,9,0,0,0,0,0,0,0
0,1,6,0,0,0,0,0,0,0
0,4,5,0,0,0,0,0,0,0
1,0,6,0,0,0,0,0,0,0
0,1,4,0,0,0,0,0,0,0
0,2,11,0,0,0,0,0,0,0
1,0,5,0,0,0,0,0,0,0
0,3,7,0,0,0,0,0,0,0
3,0,7,0,0,0,0,0,0,0
0,4,11,0,0,0,0,0,0,0
1,8,1,0,0,0,0,0,0,0
0,4,1,0,0,0,0,0,0,0
0,2,3,0,0,0,0,0,0,0
2,0,8,0,0,0,0,0,0,0
2,3,9,0,0,0,0,0,0,0
0,6,2,0,0,0,0,0,0,0
1,2,14,0,0,0,0,0,0,0
0,1,4,0,0,0,0,0,0,0
0,2,3,0,0,0,0,0,0,0
1,6,1,0,0,0,0,0,0,0
13,0,15,0,0,0,0,0,0,0
0,1,6,0,0,0,0,0,0,0
0,5,6,0,0,0,0,0,0,0
0,2,9,0,0,0,0,0,0,0
1,2,19,0,0,0,0,0,0,0
1,0,5,0,0,0,0,0,0,0
0,14,6,0,0,0,0,0,0,0
2,6,15,0,0,0,0,0,0,0
0,2,13,0,0,0,0,0,0,0
0,12,4,0,0,0,0,0,0,0
1,6,1,0,0,0,0,0,0,0
0,2,11,0,0,0,0,0,0,0
0,5,1,0,0,0,0,0,0,0
0,2,6,0,0,0,0,0,0,0
0,3,4,0,0,0,0,0,0,0
0,3,5,0,0,0,0,0,0,0
1,1,6,0,0,0,0,0,0,0
0,5,1,0,0,0,0,0,0,0
2,0,11,0,0,0,0,0,0,0
0,6,2,0,0,0,0,0,0,0
0,4,3,0,0,0,0,0,0,0
0,4,1,0,0,0,0,0,0,0
0,2,10,0,0,0,0,0,0,0
0,4,1,0,0,0,0,0,0,0
0,3,19,0,0,0,0,0,0,0
1,2,16,0,0,0,0,0,0,0
0,4,4,0,0,0,0,0,0,0
0,6,3,0,0,0,0,0,0,0
0,2,6,0,0,0,0,0,0,0
0,5,9,0,0,0,0,0,0,0
0,2,3,0,0,0,0,0,0,0
1,0,5,0,0,0,0,0,0,0
1,0,6,0,0,0,0,0,0,0
0,6,5,0,0,0,0,0,0,0
0,5,1,0,0,0,0,0,0,0
1,0,6,0,0,0,0,0,0,0
1,0,5,0,0,0,0,0,0,0
1,2,5,0,0,0,0,0,0,0
1,7,8,0,0,0,0,0,0,0
1,0,6,0,0,0,0,0,0,0
0,8,3,0,0,0,0,0,0,0
0,2,11,0,0,0,0,0,0,0
1,1,3,0,0,0,0,0,0,0
0,5,16,0,0,0,0,0,0,0
0,3,14,0,0,0,0,0,0,0
0,3,15,0,0,0,0,0,0,0
0,1,6,0,0,0,0,0,0,0
1,0,5,0,0,0,0,0,0,0
0,1,4,0,0,0,0,0,0,0
1,2,7,0,0,0,0,0,0,0
0,2,11,0,0,0,0,0,0,0
1,1,8,0,0,0,0,0,0,0
0,3,2,0,0,0,0,0,0,0
1,2,20,0,0,0,0,0,0,0
0,9,4,0,0,0,0,0,0,0
2,4,8,0,0,0,0,0,0,0
0,1,4,0,0,0,0,0,0,0
1,1,3,0,0,0,0,0,0,0
1,3,2,0,0,0,0,0,0,0
2,8,8,0,0,0,0,0,0,0
0,4,5,0,0,0,0,0,0,0
0,4,1,0,0,0,0,0,0,0
0,2,3,0,0,0,0,0,0,0
0,1,4,0,0,0,0,0,0,0
1,2,12,0,0,0,0,0,0,0
0,1,5,0,0,0,0,0,0,0
1,1,7,0,0,0,0,0,0,0
0,3,13,0,0,0,0,0,0,0
0,7,2,0,0,0,0,0,0,0
1,6,8,0,0,0,0,0,0,0
0,4,2,0,0,0,0,0,0,0
0,2,3,0,0,0,0,0,0,0
0,7,2,0,0,0,0,0,0,0
0,3,12,0,0,0,0,0,0,0
1,0,6,0,0,0,0,0,0,0
0,21,9,0,0,0,0,0,0,0
0,1,4,0,0,0,0,0,0,0
0,2,7,0,0,0,0,0,0,0
0,1,4,0,0,0,0,0,0,0
2,0,5,0,0,0,0,0,0,0
0,1,4,0,0,0,0,0,0,0
0,3,5,0,0,0,0,0,0,0
0,1,4,0,0,0,0,0,0,0
1,2,11,0,0,0,0,0,0,0
0,6,2,0,0,0,0,0,0,0
0,2,5,0,0,0,0,0,0,0
0,1,4,0,0,0,0,0,0,0
1,1,10,0,0,0,0,0,0,0
0,5,6,0,0,0,0,0,0,0
1,4,11,0,0,0,0,0,0,0
1,0,6,0,0,0,0,0,0,0
1,1,3,0,0,0,0,0,0,0
0,1,6,0,0,0,0,0,0,0
0,2,3,0,0,0,0,0,0,0
0,3,17,0,0,0,0,0,0,0
0,5,17,0,0,0,0,0,0,0
0,1,4,0,0,0,0,0,0,0
0,2,3,0,0,0,0,0,0,0
1,0,5,0,0,0,0,0,0,0
0,1,5,0,0,0,0,0,0,0
1,11,11,0,0,0,0,0,0,0
1,1,5,0,0,0,0,0,0,0
0,6,1,0,0,0,0,0,0,0
0,1,5,0,0,0,0,0,0,0
0,5,4,0,0,0,0,0,0,0
0,5,10,0,0,0,0,0,0,0
0,4,7,0,0,0,0,0,0,0
0,2,4,0,0,0,0,0,0,0
0,2,3,0,0,0,0,0,0,0
1,0,5,0,0,0,0,0,0,0
0,2,3,0,0,0,0,0,0,0
0,1,4,0,0,0,0,0,0,0
0,14,5,0,0,0,0,0,0,0
0,1,4,0,0,0,0,0,0,0
0,1,6,0,0,0,0,0,0,0
0,2,6,0,0,0,0,0,0,0
0,3,2,0,0,0,0,0,0,0
2,2,7,0,0,0,0,0,0,0
0,3,2,0,0,0,0,0,0,0
0,2,7,0,0,0,0,0,0,0
0,2,8,0,0,0,0,0,0,0
0,9,2,0,0,0,0,0,0,0
1,5,11,0,0,0,0,0,0,0
0,5,5,0,0,0,0,0,0,0
0,2,6,0,0,0,0,0,0,0
1,2,4,0,0,0,0,0,0,0
0,4,3,0,0,0,0,0,0,0
0,1,4,0,0,0,0,0,0,0
1,7,3,0,0,0,0,0,0,0
0,6,1,0,0,0,0,0,0,0
0,1,5,0,0,0,0,0,0,0
12,20,1,0,0,0,0,0,0,0
0,5,13,0,0,0,0,0,0,0
0,2,7,0,0,0,0,0,0,0
0,8,7,0,0,0,0,0,0,0
0,2,3,0,0,0,0,0,0,0
0,2,3,0,0,0,0,0,0,0
0,1,4,0,0,0,0,0,0,0
0,2,3,0,0,0,0,0,0,0
0,1,5,0,0,0,0,0,0,0
0,2,10,0,0,0,0,0,0,0
1,0,5,0,0,0,0,0,0,0
0,1,4,0,0,0,0,0,0,0
0,1,4,0,0,0,0,0,0,0
0,6,5,0,0,0,0,0,0,0
0,8,15,0,0,0,0,0,0,0
0,5,8,0,0,0,0,0,0,0
0,2,3,0,0,0,0,0,0,0
5,12,15,0,0,0,0,0,0,0
0,3,2,0,0,0,0,0,0,0
0,2,7,0,0,0,0,0,0,0
1,2,16,0,0,0,0,0,0,0
0,17,3,0,0,0,0,0,0,0
1,3,1,0,0,0,0,0,0,0
6,0,10,0,0,0,0,0,0,0
0,3,11,0,0,0,0,0,0,0
0,7,8,0,0,0,0,0,0,0
0,2,6,0,0,0,0,0,0,0
0,2,6,0,0,0,0,0,0,0
0,3,10,0,0,0,0,0,0,0
1,1,3,0,0,0,0,0,0,0
1,10,3,0,0,0,0,0,0,0
0,3,9,0,0,0,0,0,0,0
0,4,1,0,0,0,0,0,0,0
1,0,5,0,0,0,0,0,0,0
0,1,5,0,0,0,0,0,0,0
1,0,5,0,0,0,0,0,0,0
0,2,5,0,0,0,0,0,0,0
1,1,4,0,0,0,0,0,0,0
1,2,8,0,0,0,0,0,0,0
0,1,6,0,0,0,0,0,0,0
0,1,4,0,0,0,0,0,0,0
1,2,4,0,0,0,0,0,0,0
0,1,6,0,0,0,0,0,0,0
0,1,5,0,0,0,0,0,0,0
1,4,2,0,0,0,0,0,0,0
1,1,4,0,0,0,0,0,0,0
0,3,2,0,0,0,0,0,0,0
1,0,5,0,0,0,0,0,0,0
0,5,4,0,0,0,0,0,0,0
1,0,5,0,0,0,0,0,0,0
0,5,1,0,0,0,0,0,0,0
20,12,2,0,0,0,0,0,0,0
1,4,8,0,0,0,0,0,0,0
2,2,6,0,0,0,0,0,0,0
3,0,12,0,0,0,0,0,0,0
1,0,6,0,0,0,0,0,0,0
0,4,1,0,0,0,0,0,0,0
2,1,2,0,0,0,0,0,0,0
1,1,5,0,0,0,0,0,0,0
2,0,12,0,0,0,0,0,0,0
0,2,4,0,0,0,0,0,0,0
3,0,9,0,0,0,0,0,0,0
0,6,4,0,0,0,0,0,0,0
0,6,1,0,0,0,0,0,0,0
0,1,6,0,0,0,0,0,0,0
1,2,3,0,0,0,0,0,0,0
0,4,6,0,0,0,0,0,0,0
0,6,3,0,0,0,0,0,0,0
0,2,4,0,0,0,0,0,0,0
0,4,2,0,0,0,0,0,0,0
0,4,1,0,0,0,0,0,0,0
19,2,3,0,0,0,0,0,0,0
0,3,7,0,0,0,0,0,0,0
0,3,4,0,0,0,0,0,0,0
0,4,4,0,0,0,0,0,0,0
1,3,12,0,0,0,0,0,0,0
1,1,13,0,0,0,0,0,0,0
1,0,6,0,0,0,0,0,0,0
0,1,4,0,0,0,0,0,0,0
1,1,5,0,0,0,0,0,0,0
1,3,5,0,0,0,0,0,0,0
1,5,3,0,0,0,0,0,0,0
0,2,8,0,0,0,0,0,0,0
0,3,6,0,0,0,0,0,0,0
0,1,4,0,0,0,0,0,0,0
0,1,4,0,0,0,0,0,0,0
2,6,21,0,0,0,0,0,0,0
2,1,3,0,0,0,0,0,0,0
1,0,6,0,0,0,0,0,0,0
0,3,13,0,0,0,0,0,0,0
0,3,9,0,0,0,0,0,0,0
1,0,5,0,0,0,0,0,0,0
1,0,5,0,0,0,0,0,0,0
0,1,4,0,0,0,0,0,0,0
0,6,1,0,0,0,0,0,0,0
0,8,5,0,0,0,0,0,0,0
0,5,1,0,0,0,0,0,0,0
0,1,4,0,0,0,0,0,0,0
0,1,4,0,0,0,0,0,0,0
1,7,8,0,0,0,0,0,0,0
0,2,3,0,0,0,0,0,0,0
0,2,3,0,0,0,0,0,0,0
0,3,3,0,0,0,0,0,0,0
0,10,4,0,0,0,0,0,0,0
0,1,5,0,0,0,0,0,0,0
1,6,5,0,0,0,0,0,0,0
0,4,8,0,0,0,0,0,0,0
0,10,5,0,0,0,0,0,0,0
1,1,7,0,0,0,0,0,0,0
0,2,12,0,0,0,0,0,0,0
1,5,3,0,0,0,0,0,0,0
0,8,3,0,0,0,0,0,0,0
0,2,3,0,0,0,0,0,0,0
0,3,7,0,0,0,0,0,0,0
2,9,2,0,0,0,0,0,0,0
0,1,5,0,0,0,0,0,0,0
1,1,3,0,0,0,0,0,0,0
0,3,10,0,0,0,0,0,0,0
0,1,6,0,0,0,0,0,0,0
0,2,8,0,0,0,0,0,0,0
2,0,12,0,0,0,0,0,0,0
1,2,4,0,0,0,0,0,0,0
0,2,9,0,0,0,0,0,0,0
0,2,3,0,0,0,0,0,0,0
0,2,3,0,0,0,0,0,0,0
1,2,6,0,0,0,0,0,0,0
1,1,10,0,0,0,0,0,0,0
0,4,2,0,0,0,0,0,0,0
0,2,11,0,0,0,0,0,0,0
0,3,7,0,0,0,0,0,0,0
0,3,2,0,0,0,0,0,0,0
0,1,6,0,0,0,0,0,0,0
1,0,5,0,0,0,0,0,0,0
0,2,3,0,0,0,0,0,0,0
0,2,12,0,0,0,0,0,0,0
2,10,6,0,0,0,0,0,0,0
1,9,17,0,0,0,0,0,0,0
1,8,2,0,0,0,0,0,0,0
0,7,4,0,0,0,0,0,0,0
0,3,3,0,0,0,0,0,0,0
1,0,5,0,0,0,0,0,0,0
0,4,1,0,0,0,0,0,0,0
0,6,2,0,0,0,0,0,0,0
22,0,7,0,0,0,0,0,0,0
0,10,7,0,0,0,0,0,0,0
0,5,4,0,0,0,0,0,0,0
0,4,1,0,0,0,0,0,0,0
1,2,2,0,0,0,0,0,0,0
1,1,11,0,0,0,0,0,0,0
0,3,10,0,0,0,0,0,0,0
0,2,10,0,0,0,0,0,0,0
2,0,11,0,0,0,0,0,0,0
0,2,7,0,0,0,0,0,0,0
0,3,2,0,0,0,0,0,0,0
1,8,4,0,0,0,0,0,0,0
0,5,4,0,0,0,0,0,0,0
1,5,11,0,0,0,0,0,0,0
0,3,4,0,0,0,0,0,0,0
0,12,8,0,0,0,0,0,0,0
0,5,17,0,0,0,0,0,0,0
4,0,6,0,0,0,0,0,0,0
1,18,11,0,0,0,0,0,0,0
0,3,4,0,0,0,0,0,0,0
1,2,11,0,0,0,0,0,0,0
0,4,2,0,0,0,0,0,0,0
0,5,5,0,0,0,0,0,0,0
0,1,6,0,0,0,0,0,0,0
0,4,1,0,0,0,0,0,0,0
0,1,4,0,0,0,0,0,0,0
1,5,13,0,0,0,0,0,0,0
0,1,4,0,0,0,0,0,0,0
0,2,6,0,0,0,0,0,0,0
0,2,9,0,0,0,0,0,0,0
0,2,5,0,0,0,0,0,0,0
0,9,3,0,0,0,0,0,0,0
0,1,6,0,0,0,0,0,0,0
0,6,16,0,0,0,0,0,0,0
1,6,9,0,0,0,0,0,0,0
0,6,7,0,0,0,0,0,0,0
1,1,3,0,0,0,0,0,0,0
3,8,1,0,0,0,0,0,0,0
1,1,12,0,0,0,0,0,0,0
1,4,7,0,0,0,0,0,0,0
0,4,4,0,0,0,0,0,0,0
2,1,5,0,0,0,0,0,0,0
0,3,7,0,0,0,0,0,0,0
0,7,4,0,0,0,0,0,0,0
1,5,1,0,0,0,0,0,0,0
0,19,5,0,0,0,0,0,0,0
0,4,5,0,0,0,0,0,0,0
1,8,3,0,0,0,0,0,0,0
0,4,4,0,0,0,0,0,0,0
1,1,7,0,0,0,0,0,0,0
3,1,11,0,0,0,0,0,0,0
0,2,4,0,0,0,0,0,0,0
0,7,11,0,0,0,0,0,0,0
0,2,6,0,0,0,0,0,0,0
1,1,11,0,0,0,0,0,0,0
0,16,9,0,0,0,0,0,0,0
0,6,5,0,0,0,0,0,0,0
0,8,2,0,0,0,0,0,0,0
0,1,5,0,0,0,0,0,0,0
1,11,4,0,0,0,0,0,0,0
0,1,4,0,0,0,0,0,0,0
2,5,2,0,0,0,0,0,0,0
1,2,2,0,0,0,0,0,0,0
0,2,4,0,0,0,0,0,0,0
0,2,4,0,0,0,0,0,0,0
0,10,2,0,0,0,0,0,0,0
0,4,5,0,0,0,0,0,0,0
0,1,6,0,0,0,0,0,0,0
0,3,4,0,0,0,0,0,0,0
0,6,1,0,0,0,0,0,0,0
0,4,3,0,0,0,0,0,0,0
0,1,6,0,0,0,0,0,0,0
0,1,4,0,0,0,0,0,0,0
0,2,4,0,0,0,0,0,0,0
0,3,8,0,0,0,0,0,0,0
0,1,6,0,0,0,0,0,0,0
3,3,2,0,0,0,0,0,0,0
0,2,7,0,0,0,0,0,0,0
0,2,6,0,0,0,0,0,0,0
0,3,10,0,0,0,0,0,0,0
0,4,21,0,0,0,0,0,0,0
0,3,4,0,0,0,0,0,0,0
1,2,2,0,0,0,0,0,0,0
1,1,4,0,0,0,0,0,0,0
0,3,10,0,0,0,0,0,0,0
1,6,10,0,0,0,0,0,0,0
0,4,14,0,0,0,0,0,0,0
0,4,3,0,0,0,0,0,0,0
1,1,3,0,0,0,0,0,0,0
0,7,9,0,0,0,0,0,0,0
0,7,3,0,0,0,0,0,0,0
0,2,13,0,0,0,0,0,0,0
0,3,4,0,0,0,0,0,0,0
0,2,10,0,0,0,0,0,0,0
0,2,6,0,0,0,0,0,0,0
1,1,10,0,0,0,0,0,0,0
0,9,7,0,0,0,0,0,0,0
0,2,4,0,0,0,0,0,0,0
0,1,4,0,0,0,0,0,0,0
2,2,11,0,0,0,0,0,0,0
0,4,2,0,0,0,0,0,0,0
0,5,1,0,0,0,0,0,0,0
2,1,3,0,0,0,0,0,0,0
1,0,5,0,0,0,0,0,0,0
1,0,5,0,0,0,0,0,0,0
0,1,5,0,0,0,0,0,0,0
1,0,5,0,0,0,0,0,0,0
1,3,12,0,0,0,0,0,0,0
0,3,8,0,0,0,0,0,0,0
0,7,13,0,0,0,0,0,0,0
1,0,6,0,0,0,0,0,0,0
3,3,12,0,0,0,0,0,0,0
0,1,4,0,0,0,0,0,0,0
4,1,13,0,0,0,0,0,0,0
1,1,11,0,0,0,0,0,0,0
1,0,5,0,0,0,0,0,0,0
1,1,8,0,0,0,0,0,0,0
0,13,2,0,0,0,0,0,0,0
0,1,4,0,0,0,0,0,0,0
0,2,3,0,0,0,0,0,0,0
1,10,8,0,0,0,0,0,0,0
1,3,10,0,0,0,0,0,0,0
0,4,8,0,0,0,0,0,0,0
0,10,9,0,0,0,0,0,0,0
1,1,8,0,0,0,0,0,0,0
0,5,1,0,0,0,0,0,0,0
0,1,5,0,0,0,0,0,0,0
0,2,5,0,0,0,0,0,0,0
0,3,8,0,0,0,0,0,0,0
2,2,12,0,0,0,0,0,0,0
0,2,10,0,0,0,0,0,0,0
1,3,3,0,0,0,0,0,0,0
0,5,1,0,0,0,0,0,0,0
0,7,3,0,0,0,0,0,0,0
0,5,1,0,0,0,0,0,0,0
1,2,5,0,0,0,0,0,0,0
0,5,1,0,0,0,0,0,0,0
0,1,4,0,0,0,0,0,0,0
0,1,4,0,0,0,0,0,0,0
0,5,1,0,0,0,0,0,0,0
0,4,3,0,0,0,0,0,0,0
0,3,3,0,0,0,0,0,0,0
0,3,17,0,0,0,0,0,0,0
0,2,3,0,0,0,0,0,0,0
0,1,5,0,0,0,0,0,0,0
0,1,6,0,0,0,0,0,0,0
0,7,3,0,0,0,0,0,0,0
0,4,7,0,0,0,0,0,0,0
0,2,4,0,0,0,0,0,0,0
2,15,2,0,0,0,0,0,0,0
0,4,5,0,0,0,0,0,0,0
1,8,4,0,0,0,0,0,0,0
0,2,7,0,0,0,0,0,0,0
0,1,6,0,0,0,0,0,0,0
1,4,1,0,0,0,0,0,0,0
0,1,5,0,0,0,0,0,0,0
0,1,4,0,0,0,0,0,0,0
0,10,22,0,0,0,0,0,0,0
0,3,2,0,0,0,0,0,0,0
0,5,1,0,0,0,0,0,0,0
2,1,6,0,0,0,0,0,0,0
0,1,4,0,0,0,0,0,0,0
0,5,1,0,0,0,0,0,0,0
0,6,7,0,0,0,0,0,0,0
0,7,6,0,0,0,0,0,0,0
1,2,10,0,0,0,0,0,0,0
0,4,1,0,0,0,0,0,0,0
1,14,12,0,0,0,0,0,0,0
1,1,4,0,0,0,0,0,0,0
0,4,14,0,0,0,0,0,0,0
0,2,12,0,0,0,0,0,0,0
0,1,4,0,0,0,0,0,0,0
1,5,6,0,0,0,0,0,0,0
0,2,3,0,0,0,0,0,0,0
4,1,8,0,0,0,0,0,0,0
0,3,8,0,0,0,0,0,0,0
1,2,3,0,0,0,0,0,0,0
0,1,6,0,0,0,0,0,0,0
0,10,13,0,0,0,0,0,0,0
0,3,13,0,0,0,0,0,0,0
0,2,10,0,0,0,0,0,0,0
0,1,4,0,0,0,0,0,0,0
0,1,4,0,0,0,0,0,0,0
2,1,7,0,0,0,0,0,0,0
1,2,18,0,0,0,0,0,0,0
0,2,3,0,0,0,0,0,0,0
0,6,11,0,0,0,0,0,0,0
0,1,4,0,0,0,0,0,0,0
2,3,5,0,0,0,0,0,0,0
0,2,11,0,0,0,0,0,0,0
0,7,4,0,0,0,0,0,0,0
0,2,7,0,0,0,0,0,0,0
1,10,1,0,0,0,0,0,0,0
0,1,4,0,0,0,0,0,0,0
1,1,3,0,0,0,0,0,0,0
0,1,4,0,0,0,0,0,0,0
1,0,6,0,0,0,0,0,0,0
2,1,15,0,0,0,0,0,0,0
1,1,9,0,0,0,0,0,0,0
0,1,4,0,0,0,0,0,0,0
0,3,10,0,0,0,0,0,0,0
0,1,5,0,0,0,0,0,0,0
0,3,2,0,0,0,0,0,0,0
0,3,2,0,0,0,0,0,0,0
0,2,9,0,0,0,0,0,0,0
0,1,4,0,0,0,0,0,0,0
1,7,9,0,0,0,0,0,0,0
7,1,11,0,0,0,0,0,0,0
0,5,13,0,0,0,0,0,0,0
0,2,8,0,0,0,0,0,0,0
0,2,4,0,0,0,0,0,0,0
0,4,15,0,0,0,0,0,0,0
0,3,2,0,0,0,0,0,0,0
0,4,4,0,0,0,0,0,0,0
0,3,13,0,0,0,0,0,0,0
0,5,4,0,0,0,0,0,0,0
0,11,19,0,0,0,0,0,0,0
0,4,3,0,0,0,0,0,0,0
0,2,3,0,0,0,0,0,0,0
0,2,3,0,0,0,0,0,0,0
0,2,10,0,0,0,0,0,0,0
0,7,19,0,0,0,0,0,0,0
1,1,4,0,0,0,0,0,0,0
0,13,2,0,0,0,0,0,0,0
0,2,3,0,0,0,0,0,0,0
0,10,10,0,0,0,0,0,0,0
5,18,6,0,0,0,0,0,0,0
1,1,7,0,0,0,0,0,0,0
1,0,6,0,0,0,0,0,0,0
0,2,4,0,0,0,0,0,0,0
0,1,6,0,0,0,0,0,0,0
0,5,2,0,0,0,0,0,0,0
3,0,6,0,0,0,0,0,0,0
0,2,3,0,0,0,0,0,0,0
0,14,4,0,0,0,0,0,0,0
0,3,18,0,0,0,0,0,0,0
0,4,2,0,0,0,0,0,0,0
1,3,1,0,0,0,0,0,0,0
1,1,11,0,0,0,0,0,0,0
1,2,6,0,0,0,0,0,0,0
1,1,4,0,0,0,0,0,0,0
0,10,4,0,0,0,0,0,0,0
0,1,4,0,0,0,0,0,0,0
0,5,4,0,0,0,0,0,0,0
0,8,10,0,0,0,0,0,0,0
0,1,6,0,0,0,0,0,0,0
1,2,2,0,0,0,0,0,0,0
0,3,17,0,0,0,0,0,0,0
0,1,5,0,0,0,0,0,0,0
22,0,14,0,0,0,0,0,0,0
0,4,4,0,0,0,0,0,0,0
0,2,7,0,0,0,0,0,0,0
1,2,6,0,0,0,0,0,0,0
1,3,3,0,0,0,0,0,0,0
0,5,1,0,0,0,0,0,0,0
0,7,2,0,0,0,0,0,0,0
0,2,4,0,0,0,0,0,0,0
0,2,3,0,0,0,0,0,0,0
0,4,14,0,0,0,0,0,0,0
0,3,2,0,0,0,0,0,0,0
1,0,5,0,0,0,0,0,0,0
0,5,9,0,0,0,0,0,0,0
0,2,9,0,0,0,0,0,0,0
1,1,10,0,0,0,0,0,0,0
0,1,5,0,0,0,0,0,0,0
0,3,5,0,0,0,0,0,0,0
0,1,4,0,0,0,0,0,0,0
0,1,5,0,0,0,0,0,0,0
0,1,4,0,0,0,0,0,0,0
0,3,3,0,0,0,0,0,0,0
0,2,5,0,0,0,0,0,0,0
0,3,3,0,0,0,0,0,0,0
1,2,12,0,0,0,0,0,0,0
1,4,8,0,0,0,0,0,0,0
1,1,4,0,0,0,0,0,0,0
0,2,11,0,0,0,0,0,0,0
0,2,8,0,0,0,0,0,0,0
0,5,2,0,0,0,0,0,0,0
0,3,2,0,0,0,0,0,0,0
0,6,5,0,0,0,0,0,0,0
1,1,8,0,0,0,0,0,0,0
0,2,3,0,0,0,0,0,0,0
1,3,3,0,0,0,0,0,0,0
0,8,3,0,0,0,0,0,0,0
1,14,4,0,0,0,0,0,0,0
1,1,9,0,0,0,0,0,0,0
0,2,12,0,0,0,0,0,0,0
0,6,2,0,0,0,0,0,0,0
0,4,1,0,0,0,0,0,0,0
1,2,11,0,0,0,0,0,0,0
0,3,8,0,0,0,0,0,0,0
0,4,1,0,0,0,0,0,0,0
0,45,14,0,0,0,0,0,0,0
0,5,1,0,0,0,0,0,0,0
0,2,7,0,0,0,0,0,0,0
2,3,19,0,0,0,0,0,0,0
0,7,3,0,0,0,0,0,0,0
0,2,12,0,0,0,0,0,0,0
17,25,9,0,0,0,0,0,0,0
7,7,12,0,0,0,0,0,0,0
0,2,3,0,0,0,0,0,0,0
0,1,4,0,0,0,0,0,0,0
0,1,4,0,0,0,0,0,0,0
0,1,4,0,0,0,0,0,0,0
1,0,6,0,0,0,0,0,0,0
2,2,15,0,0,0,0,0,0,0
0,2,11,0,0,0,0,0,0,0
1,6,8,0,0,0,0,0,0,0
1,11,14,0,0,0,0,0,0,0
0,3,5,0,0,0,0,0,0,0
0,2,6,0,0,0,0,0,0,0
0,3,8,0,0,0,0,0,0,0
1,1,9,0,0,0,0,0,0,0
0,2,7,0,0,0,0,0,0,0
0,1,6,0,0,0,0,0,0,0
0,4,10,0,0,0,0,0,0,0
1,1,6,0,0,0,0,0,0,0
2,1,6,0,0,0,0,0,0,0
0,1,4,0,0,0,0,0,0,0
0,3,3,0,0,0,0,0,0,0
0,6,7,0,0,0,0,0,0,0
1,4,3,0,0,0,0,0,0,0
0,1,4,0,0,0,0,0,0,0
0,2,5,0,0,0,0,0,0,0
2,1,9,0,0,0,0,0,0,0
2,1,7,0,0,0,0,0,0,0
2,2,14,0,0,0,0,0,0,0
1,2,11,0,0,0,0,0,0,0
0,5,1,0,0,0,0,0,0,0
1,6,8,0,0,0,0,0,0,0
0,3,2,0,0,0,0,0,0,0
1,0,6,0,0,0,0,0,0,0
0,3,4,0,0,0,0,0,0,0
0,7,2,0,0,0,0,0,0,0
1,3,1,0,0,0,0,0,0,0
0,1,6,0,0,0,0,0,0,0
0,2,4,0,0,0,0,0,0,0
0,9,7,0,0,0,0,0,0,0
1,9,19,0,0,0,0,0,0,0
0,3,2,0,0,0,0,0,0,0
0,7,2,0,0,0,0,0,0,0
0,2,8,0,0,0,0,0,0,0
0,3,10,0,0,0,0,0,0,0
1,6,23,0,0,0,0,0,0,0
1,2,12,0,0,0,0,0,0,0
0,2,3,0,0,0,0,0,0,0
1,1,13,0,0,0,0,0,0,0
3,6,7,0,0,0,0,0,0,0
1,3,1,0,0,0,0,0,0,0
0,10,2,0,0,0,0,0,0,0
3,4,15,0,0,0,0,0,0,0
0,1,4,0,0,0,0,0,0,0
1,1,5,0,0,0,0,0,0,0
0,2,5,0,0,0,0,0,0,0
0,1,6,0,0,0,0,0,0,0
0,4,1,0,0,0,0,0,0,0
2,5,4,0,0,0,0,0,0,0
1,2,2,0,0,0,0,0,0,0
0,1,6,0,0,0,0,0,0,0
0,1,5,0,0,0,0,0,0,0
0,4,11,0,0,0,0,0,0,0
1,14,2,0,0,0,0,0,0,0
0,1,6,0,0,0,0,0,0,0
2,2,22,0,0,0,0,0,0,0
1,13,8,0,0,0,0,0,0,0
0,5,3,0,0,0,0,0,0,0
0,2,7,0,0,0,0,0,0,0
0,2,3,0,0,0,0,0,0,0
0,2,7,0,0,0,0,0,0,0
1,1,4,0,0,0,0,0,0,0
0,2,3,0,0,0,0,0,0,0
0,2,6,0,0,0,0,0,0,0
0,6,3,0,0,0,0,0,0,0
0,3,2,0,0,0,0,0,0,0
0,2,3,0,0,0,0,0,0,0
0,2,12,0,0,0,0,0,0,0
0,8,6,0,0,0,0,0,0,0
1,0,5,0,0,0,0,0,0,0
1,1,3,0,0,0,0,0,0,0
0,1,6,0,0,0,0,0,0,0
0,3,11,0,0,0,0,0,0,0
0,2,3,0,0,0,0,0,0,0
0,1,6,0,0,0,0,0,0,0
1,7,14,0,0,0,0,0,0,0
2,1,5,0,0,0,0,0,0,0
0,2,6,0,0,0,0,0,0,0
4,0,6,0,0,0,0,0,0,0
1,2,7,0,0,0,0,0,0,0
0,2,6,0,0,0,0,0,0,0
1,4,1,0,0,0,0,0,0,0
0,11,4,0,0,0,0,0,0,0
2,0,7,0,0,0,0,0,0,0
0,4,7,0,0,0,0,0,0,0
1,1,5,0,0,0,0,0,0,0
0,13,4,0,0,0,0,0,0,0
0,3,7,0,0,0,0,0,0,0
1,0,5,0,0,0,0,0,0,0
0,1,4,0,0,0,0,0,0,0
0,5,21,0,0,0,0,0,0,0
0,4,5,0,0,0,0,0,0,0
0,8,5,0,0,0,0,0,0,0
0,1,4,0,0,0,0,0,0,0
2,1,10,0,0,0,0,0,0,0
1,1,5,0,0,0,0,0,0,0
0,6,2,0,0,0,0,0,0,0
1,0,5,0,0,0,0,0,0,0
0,5,2,0,0,0,0,0,0,0
0,4,2,0,0,0,0,0,0,0
0,15,16,0,0,0,0,0,0,0
1,1,4,0,0,0,0,0,0,0
0,4,1,0,0,0,0,0,0,0
0,1,5,0,0,0,0,0,0,0
0,3,11,0,0,0,0,0,0,0
0,5,1,0,0,0,0,0,0,0
0,10,3,0,0,0,0,0,0,0
0,3,8,0,0,0,0,0,0,0
0,2,3,0,0,0,0,0,0,0
1,4,4,0,0,0,0,0,0,0
0,3,14,0,0,0,0,0,0,0
0,8,6,0,0,0,0,0,0,0
1,2,11,0,0,0,0,0,0,0
1,2,5,0,0,0,0,0,0,0
0,4,2,0,0,0,0,0,0,0
0,1,6,0,0,0,0,0,0,0
0,2,3,0,0,0,0,0,0,0
1,12,19,0,0,0,0,0,0,0
0,3,2,0,0,0,0,0,0,0
0,3,5,0,0,0,0,0,0,0
3,0,6,0,0,0,0,0,0,0
1,4,13,0,0,0,0,0,0,0
0,4,2,0,0,0,0,0,0,0
0,1,4,0,0,0,0,0,0,0
1,3,21,0,0,0,0,0,0,0
2,1,2,0,0,0,0,0,0,0
0,2,4,0,0,0,0,0,0,0
2,6,5,0,0,0,0,0,0,0
0,4,1,0,0,0,0,0,0,0
0,4,1,0,0,0,0,0,0,0
3,1,14,0,0,0,0,0,0,0
0,1,4,0,0,0,0,0,0,0
1,2,3,0,0,0,0,0,0,0
1,1,7,0,0,0,0,0,0,0
0,1,4,0,0,0,0,0,0,0
1,10,12,0,0,0,0,0,0,0
1,2,15,0,0,0,0,0,0,0
3,4,3,0,0,0,0,0,0,0
1,1,13,0,0,0,0,0,0,0
0,1,4,0,0,0,0,0,0,0
0,5,12,0,0,0,0,0,0,0
0,5,9,0,0,0,0,0,0,0
1,2,7,0,0,0,0,0,0,0
1,1,5,0,0,0,0,0,0,0
0,3,6,0,0,0,0,0,0,0
0,5,20,0,0,0,0,0,0,0
1,1,13,0,0,0,0,0,0,0
0,3,3,0,0,0,0,0,0,0
0,2,7,0,0,0,0,0,0,0
0,1,6,0,0,0,0,0,0,0
0,1,4,0,0,0,0,0,0,0
0,9,14,0,0,0,0,0,0,0
0,2,4,0,0,0,0,0,0,0
0,3,2,0,0,0,0,0,0,0
3,2,24,0,0,0,0,0,0,0
0,3,2,0,0,0,0,0,0,0
1,4,5,0,0,0,0,0,0,0
0,4,7,0,0,0,0,0,0,0
0,5,5,0,0,0,0,0,0,0
0,2,8,0,0,0,0,0,0,0
1,0,5,0,0,0,0,0,0,0
0,3,3,0,0,0,0,0,0,0
0,5,1,0,0,0,0,0,0,0
0,5,11,0,0,0,0,0,0,0
1,3,5,0,0,0,0,0,0,0
1,0,5,0,0,0,0,0,0,0
1,1,8,0,0,0,0,0,0,0
1,2,9,0,0,0,0,0,0,0
0,1,4,0,0,0,0,0,0,0
0,4,3,0,0,0,0,0,0,0
0,1,4,0,0,0,0,0,0,0
0,1,5,0,0,0,0,0,0,0
0,4,2,0,0,0,0,0,0,0
0,2,4,0,0,0,0,0,0,0
0,1,5,0,0,0,0,0,0,0
0,5,2,0,0,0,0,0,0,0
1,11,13,0,0,0,0,0,0,0
0,1,5,0,0,0,0,0,0,0
0,3,5,0,0,0,0,0,0,0
1,2,17,0,0,0,0,0,0,0
0,11,5,0,0,0,0,0,0,0
1,1,13,0,0,0,0,0,0,0
1,1,6,0,0,0,0,0,0,0
0,4,5,0,0,0,0,0,0,0
0,2,4,0,0,0,0,0,0,0
3,0,9,0,0,0,0,0,0,0
0,5,8,0,0,0,0,0,0,0
0,1,4,0,0,0,0,0,0,0
1,1,7,0,0,0,0,0,0,0
0,8,2,0,0,0,0,0,0,0
1,3,7,0,0,0,0,0,0,0
0,1,6,0,0,0,0,0,0,0
0,3,5,0,0,0,0,0,0,0
1,0,5,0,0,0,0,0,0,0
1,0,5,0,0,0,0,0,0,0
2,2,6,0,0,0,0,0,0,0
0,2,4,0,0,0,0,0,0,0
0,3,9,0,0,0,0,0,0,0
1,0,6,0,0,0,0,0,0,0
0,4,3,0,0,0,0,0,0,0
1,3,16,0,0,0,0,0,0,0
1,3,1,0,0,0,0,0,0,0
0,1,4,0,0,0,0,0,0,0
0,3,2,0,0,0,0,0,0,0
0,1,4,0,0,0,0,0,0,0
1,0,6,0,0,0,0,0,0,0
0,2,6,0,0,0,0,0,0,0
1,8,3,0,0,0,0,0,0,0
0,1,4,0,0,0,0,0,0,0
3,1,2,0,0,0,0,0,0,0
0,5,6,0,0,0,0,0,0,0
4,4,5,0,0,0,0,0,0,0
0,3,3,0,0,0,0,0,0,0
0,6,8,0,0,0,0,0,0,0
1,6,3,0,0,0,0,0,0,0
1,1,3,0,0,0,0,0,0,0
0,3,2,0,0,0,0,0,0,0
1,1,6,0,0,0,0,0,0,0
0,1,4,0,0,0,0,0,0,0
0,3,8,0,0,0,0,0,0,0
0,4,6,0,0,0,0,0,0,0
0,2,6,0,0,0,0,0,0,0
1,0,6,0,0,0,0,0,0,0
7,0,9,0,0,0,0,0,0,0
0,4,2,0,0,0,0,0,0,0
0,9,8,0,0,0,0,0,0,0
0,5,7,0,0,0,0,0,0,0
0,1,5,0,0,0,0,0,0,0
0,6,3,0,0,0,0,0,0,0
1,2,20,0,0,0,0,0,0,0
1,3,4,0,0,0,0,0,0,0
1,1,4,0,0,0,0,0,0,0
0,6,1,0,0,0,0,0,0,0
2,2,15,0,0,0,0,0,0,0
18,15,10,0,0,0,0,0,0,0
2,1,3,0,0,0,0,0,0,0
0,1,5,0,0,0,0,0,0,0
0,4,2,0,0,0,0,0,0,0
2,1,11,0,0,0,0,0,0,0
0,3,3,0,0,0,0,0,0,0
0,5,2,0,0,0,0,0,0,0
1,7,2,0,0,0,0,0,0,0
0,5,14,0,0,0,0,0,0,0
1,1,11,0,0,0,0,0,0,0
0,4,2,0,0,0,0,0,0,0
0,6,1,0,0,0,0,0,0,0
1,0,6,0,0,0,0,0,0,0
0,7,2,0,0,0,0,0,0,0
0,14,4,0,0,0,0,0,0,0
0,4,6,0,0,0,0,0,0,0
0,6,1,0,0,0,0,0,0,0
0,16,7,0,0,0,0,0,0,0
0,6,4,0,0,0,0,0,0,0
0,1,5,0,0,0,0,0,0,0
0,1,5,0,0,0,0,0,0,0
0,1,6,0,0,0,0,0,0,0
1,1,12,0,0,0,0,0,0,0
0,3,2,0,0,0,0,0,0,0
0,3,2,0,0,0,0,0,0,0
1,1,11,0,0,0,0,0,0,0
0,6,8,0,0,0,0,0,0,0
0,2,9,0,0,0,0,0,0,0
2,23,5,0,0,0,0,0,0,0
0,2,9,0,0,0,0,0,0,0
1,1,12,0,0,0,0,0,0,0
0,2,4,0,0,0,0,0,0,0
2,1,2,0,0,0,0,0,0,0
0,4,15,0,0,0,0,0,0,0
1,7,13,0,0,0,0,0,0,0
0,1,6,0,0,0,0,0,0,0
0,1,4,0,0,0,0,0,0,0
0,1,6,0,0,0,0,0,0,0
1,1,8,0,0,0,0,0,0,0
0,6,1,0,0,0,0,0,0,0
0,3,4,0,0,0,0,0,0,0
0,1,4,0,0,0,0,0,0,0
0,1,6,0,0,0,0,0,0,0
0,2,3,0,0,0,0,0,0,0
0,3,2,0,0,0,0,0,0,0
0,5,20,0,0,0,0,0,0,0
0,5,12,0,0,0,0,0,0,0
0,1,5,0,0,0,0,0,0,0
6,1,8,0,0,0,0,0,0,0
4,0,14,0,0,0,0,0,0,0
0,2,4,0,0,0,0,0,0,0
0,1,5,0,0,0,0,0,0,0
0,3,4,0,0,0,0,0,0,0
0,4,10,0,0,0,0,0,0,0
0,4,1,0,0,0,0,0,0,0
0,1,4,0,0,0,0,0,0,0
0,2,13,0,0,0,0,0,0,0
2,3,2,0,0,0,0,0,0,0
0,3,2,0,0,0,0,0,0,0
0,1,6,0,0,0,0,0,0,0
1,4,9,0,0,0,0,0,0,0
1,2,8,0,0,0,0,0,0,0
0,6,7,0,0,0,0,0,0,0
0,4,3,0,0,0,0,0,0,0
1,2,3,0,0,0,0,0,0,0
0,5,22,0,0,0,0,0,0,0
1,0,5,0,0,0,0,0,0,0
1,3,1,0,0,0,0,0,0,0
1,5,10,0,0,0,0,0,0,0
0,2,5,0,0,0,0,0,0,0
0,5,3,0,0,0,0,0,0,0
1,0,5,0,0,0,0,0,0,0
2,5,2,0,0,0,0,0,0,0
0,5,1,0,0,0,0,0,0,0
0,1,6,0,0,0,0,0,0,0
2,4,17,0,0,0,0,0,0,0
0,1,6,0,0,0,0,0,0,0
2,3,2,0,0,0,0,0,0,0
1,0,5,0,0,0,0,0,0,0
0,3,5,0,0,0,0,0,0,0
1,1,10,0,0,0,0,0,0,0
0,2,9,0,0,0,0,0,0,0
0,1,5,0,0,0,0,0,0,0
0,2,10,0,0,0,0,0,0,0
1,2,7,0,0,0,0,0,0,0
1,5,9,0,0,0,0,0,0,0
1,4,6,0,0,0,0,0,0,0
1,1,5,0,0,0,0,0,0,0
0,2,7,0,0,0,0,0,0,0
2,4,26,0,0,0,0,0,0,0
0,1,4,0,0,0,0,0,0,0
1,1,6,0,0,0,0,0,0,0
1,1,7,0,0,0,0,0,0,0
0,2,4,0,0,0,0,0,0,0
0,2,7,0,0,0,0,0,0,0
0,3,10,0,0,0,0,0,0,0
1,7,2,0,0,0,0,0,0,0
0,2,11,0,0,0,0,0,0,0
0,6,2,0,0,0,0,0,0,0
0,5,13,0,0,0,0,0,0,0
1,1,5,0,0,0,0,0,0,0
1,0,6,0,0,0,0,0,0,0
0,18,4,0,0,0,0,0,0,0
1,3,11,0,0,0,0,0,0,0
0,6,3,0,0,0,0,0,0,0
0,4,2,0,0,0,0,0,0,0
0,5,1,0,0,0,0,0,0,0
0,2,7,0,0,0,0,0,0,0
0,4,7,0,0,0,0,0,0,0
1,2,5,0,0,0,0,0,0,0
0,4,6,0,0,0,0,0,0,0
1,1,3,0,0,0,0,0,0,0
4,16,2,0,0,0,0,0,0,0
0,1,4,0,0,0,0,0,0,0
0,2,6,0,0,0,0,0,0,0
1,0,6,0,0,0,0,0,0,0
3,1,1,0,0,0,0,0,0,0
0,5,2,0,0,0,0,0,0,0
0,4,15,0,0,0,0,0,0,0
1,14,10,0,0,0,0,0,0,0
1,6,3,0,0,0,0,0,0,0
0,2,6,0,0,0,0,0,0,0
0,4,13,0,0,0,0,0,0,0
0,3,9,0,0,0,0,0,0,0
0,4,4,0,0,0,0,0,0,0
0,4,6,0,0,0,0,0,0,0
1,0,5,0,0,0,0,0,0,0
1,0,6,0,0,0,0,0,0,0
0,10,2,0,0,0,0,0,0,0
0,6,4,0,0,0,0,0,0,0
0,2,3,0,0,0,0,0,0,0
0,1,4,0,0,0,0,0,0,0
0,2,4,0,0,0,0,0,0,0
3,5,4,0,0,0,0,0,0,0
0,3,15,0,0,0,0,0,0,0
0,4,5,0,0,0,0,0,0,0
0,10,3,0,0,0,0,0,0,0
0,1,4,0,0,0,0,0,0,0
1,0,5,0,0,0,0,0,0,0
2,2,13,0,0,0,0,0,0,0
0,8,13,0,0,0,0,0,0,0
0,3,2,0,0,0,0,0,0,0
0,1,5,0,0,0,0,0,0,0
0,1,5,0,0,0,0,0,0,0
0,2,10,0,0,0,0,0,0,0
1,7,20,0,0,0,0,0,0,0
0,5,1,0,0,0,0,0,0,0
1,3,1,0,0,0,0,0,0,0
0,1,4,0,0,0,0,0,0,0
0,1,4,0,0,0,0,0,0,0
1,1,4,0,0,0,0,0,0,0
0,1,6,0,0,0,0,0,0,0
0,3,6,0,0,0,0,0,0,0
19,1,15,0,0,0,0,0,0,0
0,1,4,0,0,0,0,0,0,0
0,2,6,0,0,0,0,0,0,0
0,1,6,0,0,0,0,0,0,0
1,2,15,0,0,0,0,0,0,0
0,4,3,0,0,0,0,0,0,0
2,0,9,0,0,0,0,0,0,0
0,6,9,0,0,0,0,0,0,0
2,1,13,0,0,0,0,0,0,0
0,1,4,0,0,0,0,0,0,0
0,1,4,0,0,0,0,0,0,0
0,4,1,0,0,0,0,0,0,0
0,11,13,0,0,0,0,0,0,0
0,1,6,0,0,0,0,0,0,0
1,3,5,0,0,0,0,0,0,0
2,1,11,0,0,0,0,0,0,0
2,8,13,0,0,0,0,0,0,0
0,1,4,0,0,0,0,0,0,0
1,4,21,0,0,0,0,0,0,0
0,3,15,0,0,0,0,0,0,0
0,5,7,0,0,0,0,0,0,0
0,1,4,0,0,0,0,0,0,0
0,4,25,0,0,0,0,0,0,0
0,11,3,0,0,0,0,0,0,0
0,4,13,0,0,0,0,0,0,0
2,1,3,0,0,0,0,0,0,0
0,1,4,0,0,0,0,0,0,0
0,2,4,0,0,0,0,0,0,0
2,4,2,0,0,0,0,0,0,0
0,2,9,0,0,0,0,0,0,0
0,2,7,0,0,0,0,0,0,0
0,3,5,0,0,0,0,0,0,0
9,2,2,0,0,0,0,0,0,0
0,2,4,0,0,0,0,0,0,0
1,1,13,0,0,0,0,0,0,0
0,5,25,0,0,0,0,0,0,0
1,1,11,0,0,0,0,0,0,0
0,4,5,0,0,0,0,0,0,0
0,1,5,0,0,0,0,0,0,0
1,0,6,0,0,0,0,0,0,0
0,3,3,0,0,0,0,0,0,0
0,1,6,0,0,0,0,0,0,0
0,1,6,0,0,0,0,0,0,0
1,2,12,0,0,0,0,0,0,0
0,3,4,0,0,0,0,0,0,0
3,2,8,0,0,0,0,0,0,0
0,2,9,0,0,0,0,0,0,0
0,1,4,0,0,0,0,0,0,0
0,3,18,0,0,0,0,0,0,0
0,2,6,0,0,0,0,0,0,0
1,4,5,0,0,0,0,0,0,0
1,2,14,0,0,0,0,0,0,0
0,6,16,0,0,0,0,0,0,0
0,1,5,0,0,0,0,0,0,0
0,2,6,0,0,0,0,0,0,0
1,1,7,0,0,0,0,0,0,0
1,0,5,0,0,0,0,0,0,0
1,0,6,0,0,0,0,0,0,0
2,1,18,0,0,0,0,0,0,0
2,1,12,0,0,0,0,0,0,0
0,1,5,0,0,0,0,0,0,0
0,2,9,0,0,0,0,0,0,0
0,5,3,0,0,0,0,0,0,0
1,18,5,0,0,0,0,0,0,0
0,3,3,0,0,0,0,0,0,0
2,2,7,0,0,0,0,0,0,0
0,2,4,0,0,0,0,0,0,0
0,2,11,0,0,0,0,0,0,0
0,6,10,0,0,0,0,0,0,0
1,1,3,0,0,0,0,0,0,0
0,3,5,0,0,0,0,0,0,0
0,3,3,0,0,0,0,0,0,0
0,4,8,0,0,0,0,0,0,0
0,2,3,0,0,0,0,0,0,0
0,2,7,0,0,0,0,0,0,0
0,1,5,0,0,0,0,0,0,0
2,0,10,0,0,0,0,0,0,0
0,2,7,0,0,0,0,0,0,0
0,4,2,0,0,0,0,0,0,0
0,5,8,0,0,0,0,0,0,0
0,2,6,0,0,0,0,0,0,0
0,1,6,0,0,0,0,0,0,0
2,0,5,0,0,0,0,0,0,0
0,7,11,0,0,0,0,0,0,0
2,4,25,0,0,0,0,0,0,0
0,7,4,0,0,0,0,0,0,0
0,1,6,0,0,0,0,0,0,0
0,3,2,0,0,0,0,0,0,0
2,0,12,0,0,0,0,0,0,0
0,8,5,0,0,0,0,0,0,0
0,2,3,0,0,0,0,0,0,0
0,4,1,0,0,0,0,0,0,0
0,9,4,0,0,0,0,0,0,0
0,4,17,0,0,0,0,0,0,0
0,2,6,0,0,0,0,0,0,0
1,4,5,0,0,0,0,0,0,0
0,1,6,0,0,0,0,0,0,0
0,2,5,0,0,0,0,0,0,0
0,6,7,0,0,0,0,0,0,0
1,6,3,0,0,0,0,0,0,0
0,3,2,0,0,0,0,0,0,0
0,4,15,0,0,0,0,0,0,0
1,1,10,0,0,0,0,0,0,0
1,6,1,0,0,0,0,0,0,0
0,1,5,0,0,0,0,0,0,0
0,1,4,0,0,0,0,0,0,0
0,2,9,0,0,0,0,0,0,0
0,1,4,0,0,0,0,0,0,0
3,2,6,0,0,0,0,0,0,0
1,0,5,0,0,0,0,0,0,0
0,2,10,0,0,0,0,0,0,0
0,1,4,0,0,0,0,0,0,0
0,4,4,0,0,0,0,0,0,0
0,1,4,0,0,0,0,0,0,0
0,7,16,0,0,0,0,0,0,0
0,1,5,0,0,0,0,0,0,0
0,6,1,0,0,0,0,0,0,0
0,2,3,0,0,0,0,0,0,0
1,3,24,0,0,0,0,0,0,0
0,4,14,0,0,0,0,0,0,0
0,2,4,0,0,0,0,0,0,0
0,4,2,0,0,0,0,0,0,0
0,5,1,0,0,0,0,0,0,0
0,3,6,0,0,0,0,0,0,0
0,2,12,0,0,0,0,0,0,0
1,2,16,0,0,0,0,0,0,0
1,5,6,0,0,0,0,0,0,0
0,1,4,0,0,0,0,0,0,0
0,4,2,0,0,0,0,0,0,0
0,4,2,0,0,0,0,0,0,0
0,2,4,0,0,0,0,0,0,0
0,7,13,0,0,0,0,0,0,0
2,4,8,0,0,0,0,0,0,0
1,3,2,0,0,0,0,0,0,0
2,1,18,0,0,0,0,0,0,0
0,1,4,0,0,0,0,0,0,0
0,7,7,0,0,0,0,0,0,0
0,6,2,0,0,0,0,0,0,0
0,2,10,0,0,0,0,0,0,0
2,1,6,0,0,0,0,0,0,0
1,2,2,0,0,0,0,0,0,0
1,0,5,0,0,0,0,0,0,0
0,1,4,0,0,0,0,0,0,0
0,4,2,0,0,0,0,0,0,0
0,5,7,0,0,0,0,0,0,0
20,1,13,0,0,0,0,0,0,0
0,1,4,0,0,0,0,0,0,0
0,3,8,0,0,0,0,0,0,0
1,1,3,0,0,0,0,0,0,0
2,0,11,0,0,0,0,0,0,0
0,5,1,0,0,0,0,0,0,0
0,1,6,0,0,0,0,0,0,0
0,3,6,0,0,0,0,0,0,0
0,3,3,0,0,0,0,0,0,0
0,1,6,0,0,0,0,0,0,0
0,5,3,0,0,0,0,0,0,0
4,27,6,0,0,0,0,0,0,0
0,3,2,0,0,0,0,0,0,0
0,4,2,0,0,0,0,0,0,0
1,1,11,0,0,0,0,0,0,0
0,2,7,0,0,0,0,0,0,0
0,2,7,0,0,0,0,0,0,0
0,4,1,0,0,0,0,0,0,0
0,2,5,0,0,0,0,0,0,0
0,3,6,0,0,0,0,0,0,0
1,1,5,0,0,0,0,0,0,0
0,2,6,0,0,0,0,0,0,0
1,0,5,0,0,0,0,0,0,0
0,2,7,0,0,0,0,0,0,0
0,2,7,0,0,0,0,0,0,0
2,1,7,0,0,0,0,0,0,0
1,0,6,0,0,0,0,0,0,0
1,15,6,0,0,0,0,0,0,0
0,4,21,0,0,0,0,0,0,0
0,3,6,0,0,0,0,0,0,0
0,3,6,0,0,0,0,0,0,0
0,1,4,0,0,0,0,0,0,0
2,4,11,0,0,0,0,0,0,0
0,1,6,0,0,0,0,0,0,0
0,2,13,0,0,0,0,0,0,0
1,0,5,0,0,0,0,0,0,0
0,1,4,0,0,0,0,0,0,0
0,1,4,0,0,0,0,0,0,0
1,0,6,0,0,0,0,0,0,0
0,4,14,0,0,0,0,0,0,0
0,2,3,0,0,0,0,0,0,0
0,2,3,0,0,0,0,0,0,0
0,1,4,0,0,0,0,0,0,0
0,3,3,0,0,0,0,0,0,0
0,2,8,0,0,0,0,0,0,0
1,2,5,0,0,0,0,0,0,0
0,6,1,0,0,0,0,0,0,0
0,6,1,0,0,0,0,0,0,0
0,10,2,0,0,0,0,0,0,0
0,1,4,0,0,0,0,0,0,0
1,2,7,0,0,0,0,0,0,0
2,2,4,0,0,0,0,0,0,0
0,4,3,0,0,0,0,0,0,0
0,5,2,0,0,0,0,0,0,0
1,2,14,0,0,0,0,0,0,0
5,3,10,0,0,0,0,0,0,0
0,1,6,0,0,0,0,0,0,0
0,1,5,0,0,0,0,0,0,0
0,3,3,0,0,0,0,0,0,0
0,4,2,0,0,0,0,0,0,0
0,2,10,0,0,0,0,0,0,0
0,2,3,0,0,0,0,0,0,0
1,1,4,0,0,0,0,0,0,0
0,7,2,0,0,0,0,0,0,0
0,3,2,0,0,0,0,0,0,0
0,1,6,0,0,0,0,0,0,0
1,3,8,0,0,0,0,0,0,0
2,2,15,0,0,0,0,0,0,0
1,3,1,0,0,0,0,0,0,0
0,2,6,0,0,0,0,0,0,0
2,4,7,0,0,0,0,0,0,0
0,1,5,0,0,0,0,0,0,0
1,3,1,0,0,0,0,0,0,0
0,2,8,0,0,0,0,0,0,0
0,1,4,0,0,0,0,0,0,0
0,2,3,0,0,0,0,0,0,0
0,3,14,0,0,0,0,0,0,0
2,6,2,0,0,0,0,0,0,0
1,1,8,0,0,0,0,0,0,0
1,1,7,0,0,0,0,0,0,0
0,1,4,0,0,0,0,0,0,0
1,2,6,0,0,0,0,0,0,0
0,1,6,0,0,0,0,0,0,0
0,2,7,0,0,0,0,0,0,0
0,1,6,0,0,0,0,0,0,0
0,13,10,0,0,0,0,0,0,0
1,1,9,0,0,0,0,0,0,0
0,6,4,0,0,0,0,0,0,0
1,9,9,0,0,0,0,0,0,0
0,1,5,0,0,0,0,0,0,0
0,6,1,0,0,0,0,0,0,0
1,0,6,0,0,0,0,0,0,0
0,2,13,0,0,0,0,0,0,0
1,14,2,0,0,0,0,0,0,0
0,5,1,0,0,0,0,0,0,0
0,2,8,0,0,0,0,0,0,0
0,5,2,0,0,0,0,0,0,0
0,3,7,0,0,0,0,0,0,0
1,2,15,0,0,0,0,0,0,0
0,2,10,0,0,0,0,0,0,0
0,12,4,0,0,0,0,0,0,0
1,0,5,0,0,0,0,0,0,0
0,6,6,0,0,0,0,0,0,0
0,18,11,0,0,0,0,0,0,0
0,2,3,0,0,0,0,0,0,0
0,2,10,0,0,0,0,0,0,0
0,2,3,0,0,0,0,0,0,0
0,10,3,0,0,0,0,0,0,0
2,0,11,0,0,0,0,0,0,0
1,6,4,0,0,0,0,0,0,0
1,2,6,0,0,0,0,0,0,0
0,2,4,0,0,0,0,0,0,0
0,12,5,0,0,0,0,0,0,0
1,0,6,0,0,0,0,0,0,0
0,2,4,0,0,0,0,0,0,0
3,5,2,0,0,0,0,0,0,0
0,5,9,0,0,0,0,0,0,0
1,2,14,0,0,0,0,0,0,0
1,0,6,0,0,0,0,0,0,0
0,3,6,0,0,0,0,0,0,0
0,1,6,0,0,0,0,0,0,0
2,0,12,0,0,0,0,0,0,0
0,2,4,0,0,0,0,0,0,0
0,4,1,0,0,0,0,0,0,0
2,1,3,0,0,0,0,0,0,0
1,3,6,0,0,0,0,0,0,0
0,1,4,0,0,0,0,0,0,0
0,5,1,0,0,0,0,0,0,0
0,7,8,0,0,0,0,0,0,0
5,21,27,0,0,0,0,0,0,0
0,2,4,0,0,0,0,0,0,0
1,0,5,0,0,0,0,0,0,0
0,4,1,0,0,0,0,0,0,0
0,4,1,0,0,0,0,0,0,0
0,5,8,0,0,0,0,0,0,0
2,9,1,0,0,0,0,0,0,0
1,2,7,0,0,0,0,0,0,0
3,2,7,0,0,0,0,0,0,0
0,1,4,0,0,0,0,0,0,0
0,5,1,0,0,0,0,0,0,0
0,5,1,0,0,0,0,0,0,0
0,5,9,0,0,0,0,0,0,0
1,2,3,0,0,0,0,0,0,0
0,17,19,0,0,0,0,0,0,0
1,0,5,0,0,0,0,0,0,0
0,3,9,0,0,0,0,0,0,0
0,1,5,0,0,0,0,0,0,0
0,2,10,0,0,0,0,0,0,0
0,15,3,0,0,0,0,0,0,0
2,0,5,0,0,0,0,0,0,0
1,9,12,0,0,0,0,0,0,0
0,7,3,0,0,0,0,0,0,0
0,3,18,0,0,0,0,0,0,0
2,0,6,0,0,0,0,0,0,0
0,1,6,0,0,0,0,0,0,0
0,1,4,0,0,0,0,0,0,0
0,1,5,0,0,0,0,0,0,0
0,1,5,0,0,0,0,0,0,0
0,2,13,0,0,0,0,0,0,0
1,1,12,0,0,0,0,0,0,0
0,3,2,0,0,0,0,0,0,0
0,4,2,0,0,0,0,0,0,0
0,2,3,0,0,0,0,0,0,0
0,2,3,0,0,0,0,0,0,0
0,9,4,0,0,0,0,0,0,0
1,1,6,0,0,0,0,0,0,0
2,1,4,0,0,0,0,0,0,0
0,5,7,0,0,0,0,0,0,0
2,3,5,0,0,0,0,0,0,0
0,3,2,0,0,0,0,0,0,0
0,8,3,0,0,0,0,0,0,0
0,1,6,0,0,0,0,0,0,0
0,4,16,0,0,0,0,0,0,0
1,1,3,0,0,0,0,0,0,0
0,3,3,0,0,0,0,0,0,0
0,2,6,0,0,0,0,0,0,0
1,6,6,0,0,0,0,0,0,0
0,3,4,0,0,0,0,0,0,0
16,0,6,0,0,0,0,0,0,0
0,2,5,0,0,0,0,0,0,0
0,4,7,0,0,0,0,0,0,0
0,4,14,0,0,0,0,0,0,0
0,2,6,0,0,0,0,0,0,0
1,4,2,0,0,0,0,0,0,0
0,2,11,0,0,0,0,0,0,0
0,4,11,0,0,0,0,0,0,0
0,1,4,0,0,0,0,0,0,0
0,1,5,0,0,0,0,0,0,0
1,1,12,0,0,0,0,0,0,0
0,3,3,0,0,0,0,0,0,0
0,1,4,0,0,0,0,0,0,0
0,1,4,0,0,0,0,0,0,0
0,5,2,0,0,0,0,0,0,0
0,1,5,0,0,0,0,0,0,0
6,0,14,0,0,0,0,0,0,0
0,1,6,0,0,0,0,0,0,0
1,2,18,0,0,0,0,0,0,0
0,1,6,0,0,0,0,0,0,0
0,1,4,0,0,0,0,0,0,0
0,5,1,0,0,0,0,0,0,0
0,3,2,0,0,0,0,0,0,0
1,1,13,0,0,0,0,0,0,0
0,7,2,0,0,0,0,0,0,0
1,7,11,0,0,0,0,0,0,0
0,12,2,0,0,0,0,0,0,0
1,1,9,0,0,0,0,0,0,0
2,5,3,0,0,0,0,0,0,0
0,9,3,0,0,0,0,0,0,0
0,3,10,0,0,0,0,0,0,0
0,13,7,0,0,0,0,0,0,0
0,1,5,0,0,0,0,0,0,0
0,1,6,0,0,0,0,0,0,0
0,2,8,0,0,0,0,0,0,0
1,1,5,0,0,0,0,0,0,0
0,8,2,0,0,0,0,0,0,0
2,2,27,0,0,0,0,0,0,0
0,1,4,0,0,0,0,0,0,0
0,6,1,0,0,0,0,0,0,0
1,2,5,0,0,0,0,0,0,0
0,4,1,0,0,0,0,0,0,0
0,1,4,0,0,0,0,0,0,0
0,1,4,0,0,0,0,0,0,0
0,4,1,0,0,0,0,0,0,0
0,4,2,0,0,0,0,0,0,0
1,5,9,0,0,0,0,0,0,0
0,2,12,0,0,0,0,0,0,0
0,5,1,0,0,0,0,0,0,0
2,2,1,0,0,0,0,0,0,0
0,1,5,0,0,0,0,0,0,0
1,1,11,0,0,0,0,0,0,0
0,1,4,0,0,0,0,0,0,0
0,1,5,0,0,0,0,0,0,0
0,2,3,0,0,0,0,0,0,0
1,4,1,0,0,0,0,0,0,0
0,2,6,0,0,0,0,0,0,0
0,1,4,0,0,0,0,0,0,0
0,1,6,0,0,0,0,0,0,0
1,9,27,0,0,0,0,0,0,0
1,9,2,0,0,0,0,0,0,0
1,1,11,0,0,0,0,0,0,0
0,1,4,0,0,0,0,0,0,0
2,1,9,0,0,0,0,0,0,0
1,1,8,0,0,0,0,0,0,0
0,1,6,0,0,0,0,0,0,0
0,11,2,0,0,0,0,0,0,0
0,2,10,0,0,0,0,0,0,0
0,2,4,0,0,0,0,0,0,0
1,0,5,0,0,0,0,0,0,0
2,1,3,0,0,0,0,0,0,0
7,19,5,0,0,0,0,0,0,0
1,1,13,0,0,0,0,0,0,0
1,4,1,0,0,0,0,0,0,0
0,7,6,0,0,0,0,0,0,0
0,2,9,0,0,0,0,0,0,0
0,4,1,0,0,0,0,0,0,0
0,1,5,0,0,0,0,0,0,0
1,0,5,0,0,0,0,0,0,0
0,3,11,0,0,0,0,0,0,0
0,4,4,0,0,0,0,0,0,0
0,4,2,0,0,0,0,0,0,0
0,2,11,0,0,0,0,0,0,0
0,3,14,0,0,0,0,0,0,0
0,4,6,0,0,0,0,0,0,0
0,2,13,0,0,0,0,0,0,0
1,2,12,0,0,0,0,0,0,0
2,0,6,0,0,0,0,0,0,0
0,4,9,0,0,0,0,0,0,0
0,2,3,0,0,0,0,0,0,0
0,3,5,0,0,0,0,0,0,0
1,0,5,0,0,0,0,0,0,0
2,2,27,0,0,0,0,0,0,0
0,2,6,0,0,0,0,0,0,0
0,2,8,0,0,0,0,0,0,0
0,2,5,0,0,0,0,0,0,0
0,2,9,0,0,0,0,0,0,0
0,4,1,0,0,0,0,0,0,0
1,0,6,0,0,0,0,0,0,0
0,2,6,0,0,0,0,0,0,0
0,2,10,0,0,0,0,0,0,0
1,2,6,0,0,0,0,0,0,0
0,4,6,0,0,0,0,0,0,0
0,5,1,0,0,0,0,0,0,0
0,11,7,0,0,0,0,0,0,0
0,1,4,0,0,0,0,0,0,0
0,1,4,0,0,0,0,0,0,0
3,0,6,0,0,0,0,0,0,0
0,3,6,0,0,0,0,0,0,0
0,1,6,0,0,0,0,0,0,0
0,1,4,0,0,0,0,0,0,0
0,11,2,0,0,0,0,0,0,0
0,3,6,0,0,0,0,0,0,0
0,6,3,0,0,0,0,0,0,0
0,6,8,0,0,0,0,0,0,0
2,6,6,0,0,0,0,0,0,0
0,3,2,0,0,0,0,0,0,0
1,2,4,0,0,0,0,0,0,0
0,4,4,0,0,0,0,0,0,0
0,3,11,0,0,0,0,0,0,0
2,2,7,0,0,0,0,0,0,0
0,1,5,0,0,0,0,0,0,0
0,1,5,0,0,0,0,0,0,0
2,0,7,0,0,0,0,0,0,0
16,1,3,0,0,0,0,0,0,0
0,3,6,0,0,0,0,0,0,0
0,1,6,0,0,0,0,0,0,0
0,2,9,0,0,0,0,0,0,0
0,20,4,0,0,0,0,0,0,0
0,1,4,0,0,0,0,0,0,0
1,0,5,0,0,0,0,0,0,0
0,2,3,0,0,0,0,0,0,0
5,8,1,0,0,0,0,0,0,0
0,3,3,0,0,0,0,0,0,0
0,1,5,0,0,0,0,0,0,0
1,11,2,0,0,0,0,0,0,0
0,2,8,0,0,0,0,0,0,0
0,2,6,0,0,0,0,0,0,0
0,4,1,0,0,0,0,0,0,0
5,0,13,0,0,0,0,0,0,0
0,2,5,0,0,0,0,0,0,0
0,16,3,0,0,0,0,0,0,0
0,3,15,0,0,0,0,0,0,0
1,3,1,0,0,0,0,0,0,0
1,6,5,0,0,0,0,0,0,0
1,3,11,0,0,0,0,0,0,0
0,2,3,0,0,0,0,0,0,0
0,3,6,0,0,0,0,0,0,0
1,1,13,0,0,0,0,0,0,0
1,3,5,0,0,0,0,0,0,0
1,1,5,0,0,0,0,0,0,0
0,6,9,0,0,0,0,0,0,0
7,5,7,0,0,0,0,0,0,0
1,3,1,0,0,0,0,0,0,0
1,10,1,0,0,0,0,0,0,0
1,2,2,0,0,0,0,0,0,0
0,7,4,0,0,0,0,0,0,0
0,1,5,0,0,0,0,0,0,0
1,2,6,0,0,0,0,0,0,0
0,7,3,0,0,0,0,0,0,0
0,1,5,0,0,0,0,0,0,0
0,4,1,0,0,0,0,0,0,0
0,1,4,0,0,0,0,0,0,0
0,5,18,0,0,0,0,0,0,0
0,2,9,0,0,0,0,0,0,0
0,9,5,0,0,0,0,0,0,0
0,3,2,0,0,0,0,0,0,0
2,1,7,0,0,0,0,0,0,0
0,2,5,0,0,0,0,0,0,0
1,0,5,0,0,0,0,0,0,0
0,7,8,0,0,0,0,0,0,0
0,5,4,0,0,0,0,0,0,0
0,1,4,0,0,0,0,0,0,0
0,1,5,0,0,0,0,0,0,0
0,1,6,0,0,0,0,0,0,0
0,2,6,0,0,0,0,0,0,0
1,0,5,0,0,0,0,0,0,0
1,5,1,0,0,0,0,0,0,0
2,3,2,0,0,0,0,0,0,0
0,1,5,0,0,0,0,0,0,0
0,5,18,0,0,0,0,0,0,0
0,8,5,0,0,0,0,0,0,0
0,3,10,0,0,0,0,0,0,0
0,5,3,0,0,0,0,0,0,0
0,4,4,0,0,0,0,0,0,0
1,0,6,0,0,0,0,0,0,0
2,11,5,0,0,0,0,0,0,0
2,3,12,0,0,0,0,0,0,0
1,3,8,0,0,0,0,0,0,0
0,3,8,0,0,0,0,0,0,0
0,2,3,0,0,0,0,0,0,0
0,3,2,0,0,0,0,0,0,0
0,6,3,0,0,0,0,0,0,0
1,0,5,0,0,0,0,0,0,0
2,1,14,0,0,0,0,0,0,0
0,3,3,0,0,0,0,0,0,0
0,3,6,0,0,0,0,0,0,0
0,2,4,0,0,0,0,0,0,0
0,4,2,0,0,0,0,0,0,0
0,1,6,0,0,0,0,0,0,0
1,0,5,0,0,0,0,0,0,0
0,9,3,0,0,0,0,0,0,0
1,2,15,0,0,0,0,0,0,0
0,3,4,0,0,0,0,0,0,0
1,8,13,0,0,0,0,0,0,0
1,4,6,0,0,0,0,0,0,0
0,1,4,0,0,0,0,0,0,0
0,2,5,0,0,0,0,0,0,0
0,10,6,0,0,0,0,0,0,0
1,1,9,0,0,0,0,0,0,0
0,1,6,0,0,0,0,0,0,0
1,0,6,0,0,0,0,0,0,0
2,1,11,0,0,0,0,0,0,0
0,7,2,0,0,0,0,0,0,0
30,33,1,0,0,0,0,0,0,0
1,2,2,0,0,0,0,0,0,0
1,4,4,0,0,0,0,0,0,0
1,1,4,0,0,0,0,0,0,0
14,0,10,0,0,0,0,0,0,0
0,1,4,0,0,0,0,0,0,0
9,22,10,0,0,0,0,0,0,0
1,6,13,0,0,0,0,0,0,0
1,5,3,0,0,0,0,0,0,0
0,1,6,0,0,0,0,0,0,0
1,2,4,0,0,0,0,0,0,0
0,3,13,0,0,0,0,0,0,0
0,5,13,0,0,0,0,0,0,0
0,1,4,0,0,0,0,0,0,0
0,5,1,0,0,0,0,0,0,0
1,1,3,0,0,0,0,0,0,0
1,1,6,0,0,0,0,0,0,0
2,1,13,0,0,0,0,0,0,0
0,6,12,0,0,0,0,0,0,0
0,1,5,0,0,0,0,0,0,0
0,7,3,0,0,0,0,0,0,0
1,7,4,0,0,0,0,0,0,0
1,4,1,0,0,0,0,0,0,0
0,13,9,0,0,0,0,0,0,0
1,3,5,0,0,0,0,0,0,0
0,2,10,0,0,0,0,0,0,0
0,3,2,0,0,0,0,0,0,0
0,8,16,0,0,0,0,0,0,0
1,1,3,0,0,0,0,0,0,0
0,2,5,0,0,0,0,0,0,0
0,9,2,0,0,0,0,0,0,0
1,0,6,0,0,0,0,0,0,0
0,3,4,0,0,0,0,0,0,0
1,1,10,0,0,0,0,0,0,0
1,1,11,0,0,0,0,0,0,0
0,3,18,0,0,0,0,0,0,0
0,3,2,0,0,0,0,0,0,0
1,10,8,0,0,0,0,0,0,0
0,2,3,0,0,0,0,0,0,0
0,3,2,0,0,0,0,0,0,0
0,2,3,0,0,0,0,0,0,0
0,1,6,0,0,0,0,0,0,0
1,1,9,0,0,0,0,0,0,0
11,28,10,0,0,0,0,0,0,0
0,2,8,0,0,0,0,0,0,0
0,6,4,0,0,0,0,0,0,0
0,1,4,0,0,0,0,0,0,0
0,1,5,0,0,0,0,0,0,0
2,2,14,0,0,0,0,0,0,0
6,0,14,0,0,0,0,0,0,0
0,1,6,0,0,0,0,0,0,0
1,8,4,0,0,0,0,0,0,0
0,2,3,0,0,0,0,0,0,0
1,0,5,0,0,0,0,0,0,0
2,0,12,0,0,0,0,0,0,0
1,0,6,0,0,0,0,0,0,0
0,2,10,0,0,0,0,0,0,0
0,3,14,0,0,0,0,0,0,0
1,3,27,0,0,0,0,0,0,0
1,0,6,0,0,0,0,0,0,0
0,5,3,0,0,0,0,0,0,0
0,4,7,0,0,0,0,0,0,0
0,2,3,0,0,0,0,0,0,0
0,1,4,0,0,0,0,0,0,0
0,5,1,0,0,0,0,0,0,0
1,1,3,0,0,0,0,0,0,0
1,4,16,0,0,0,0,0,0,0
1,3,9,0,0,0,0,0,0,0
2,0,5,0,0,0,0,0,0,0
0,4,2,0,0,0,0,0,0,0
1,0,6,0,0,0,0,0,0,0
0,2,3,0,0,0,0,0,0,0
1,14,16,0,0,0,0,0,0,0
0,1,4,0,0,0,0,0,0,0
1,11,2,0,0,0,0,0,0,0
1,0,6,0,0,0,0,0,0,0
0,2,4,0,0,0,0,0,0,0
1,2,7,0,0,0,0,0,0,0
0,4,2,0,0,0,0,0,0,0
0,2,12,0,0,0,0,0,0,0
0,5,1,0,0,0,0,0,0,0
0,6,5,0,0,0,0,0,0,0
0,2,3,0,0,0,0,0,0,0
1,0,6,0,0,0,0,0,0,0
0,5,5,0,0,0,0,0,0,0
0,1,6,0,0,0,0,0,0,0
1,2,7,0,0,0,0,0,0,0
0,5,1,0,0,0,0,0,0,0
0,1,4,0,0,0,0,0,0,0
0,6,22,0,0,0,0,0,0,0
0,1,6,0,0,0,0,0,0,0
0,4,15,0,0,0,0,0,0,0
1,1,7,0,0,0,0,0,0,0
1,1,10,0,0,0,0,0,0,0
0,2,6,0,0,0,0,0,0,0
9,47,8,0,0,0,0,0,0,0
0,6,1,0,0,0,0,0,0,0
0,1,4,0,0,0,0,0,0,0
0,1,6,0,0,0,0,0,0,0
1,4,5,0,0,0,0,0,0,0
1,2,8,0,0,0,0,0,0,0
0,2,6,0,0,0,0,0,0,0
0,2,6,0,0,0,0,0,0,0
0,5,6,0,0,0,0,0,0,0
0,3,18,0,0,0,0,0,0,0
0,2,5,0,0,0,0,0,0,0
1,1,7,0,0,0,0,0,0,0
0,4,3,0,0,0,0,0,0,0
0,2,6,0,0,0,0,0,0,0
0,3,9,0,0,0,0,0,0,0
0,2,10,0,0,0,0,0,0,0
0,11,7,0,0,0,0,0,0,0
0,1,5,0,0,0,0,0,0,0
0,2,3,0,0,0,0,0,0,0
0,2,6,0,0,0,0,0,0,0
0,1,4,0,0,0,0,0,0,0
0,4,4,0,0,0,0,0,0,0
0,5,4,0,0,0,0,0,0,0
1,0,6,0,0,0,0,0,0,0
0,3,4,0,0,0,0,0,0,0
0,7,2,0,0,0,0,0,0,0
0,6,1,0,0,0,0,0,0,0
0,5,2,0,0,0,0,0,0,0
0,3,5,0,0,0,0,0,0,0
0,1,5,0,0,0,0,0,0,0
2,8,9,0,0,0,0,0,0,0
1,3,2,0,0,0,0,0,0,0
0,5,19,0,0,0,0,0,0,0
0,1,4,0,0,0,0,0,0,0
0,5,2,0,0,0,0,0,0,0
0,1,4,0,0,0,0,0,0,0
1,1,4,0,0,0,0,0,0,0
1,2,9,0,0,0,0,0,0,0
1,3,1,0,0,0,0,0,0,0
0,3,10,0,0,0,0,0,0,0
0,6,2,0,0,0,0,0,0,0
0,2,5,0,0,0,0,0,0,0
0,2,3,0,0,0,0,0,0,0
2,1,7,0,0,0,0,0,0,0
1,1,5,0,0,0,0,0,0,0
0,2,6,0,0,0,0,0,0,0
1,5,10,0,0,0,0,0,0,0
0,3,10,0,0,0,0,0,0,0
1,2,13,0,0,0,0,0,0,0
1,5,20,0,0,0,0,0,0,0
0,3,8,0,0,0,0,0,0,0
0,1,4,0,0,0,0,0,0,0
0,2,3,0,0,0,0,0,0,0
0,1,6,0,0,0,0,0,0,0
1,0,5,0,0,0,0,0,0,0
0,2,5,0,0,0,0,0,0,0
1,5,1,0,0,0,0,0,0,0
1,3,20,0,0,0,0,0,0,0
0,2,8,0,0,0,0,0,0,0
0,3,8,0,0,0,0,0,0,0
0,5,4,0,0,0,0,0,0,0
2,0,9,0,0,0,0,0,0,0
0,6,1,0,0,0,0,0,0,0
2,0,7,0,0,0,0,0,0,0
2,16,14,0,0,0,0,0,0,0
0,3,8,0,0,0,0,0,0,0
0,1,5,0,0,0,0,0,0,0
0,2,5,0,0,0,0,0,0,0
2,1,16,0,0,0,0,0,0,0
2,13,1,0,0,0,0,0,0,0
0,1,6,0,0,0,0,0,0,0
3,1,25,0,0,0,0,0,0,0
0,2,10,0,0,0,0,0,0,0
0,2,3,0,0,0,0,0,0,0
0,1,4,0,0,0,0,0,0,0
0,2,11,0,0,0,0,0,0,0
0,5,4,0,0,0,0,0,0,0
0,3,6,0,0,0,0,0,0,0
0,1,5,0,0,0,0,0,0,0
0,3,16,0,0,0,0,0,0,0
0,1,6,0,0,0,0,0,0,0
0,2,8,0,0,0,0,0,0,0
2,1,8,0,0,0,0,0,0,0
0,4,2,0,0,0,0,0,0,0
0,3,4,0,0,0,0,0,0,0
0,1,6,0,0,0,0,0,0,0
0,2,3,0,0,0,0,0,0,0
1,0,6,0,0,0,0,0,0,0
1,4,1,0,0,0,0,0,0,0
0,2,3,0,0,0,0,0,0,0
1,2,2,0,0,0,0,0,0,0
0,10,12,0,0,0,0,0,0,0
3,0,14,0,0,0,0,0,0,0
2,0,11,0,0,0,0,0,0,0
1,1,6,0,0,0,0,0,0,0
1,10,9,0,0,0,0,0,0,0
0,2,6,0,0,0,0,0,0,0
0,2,3,0,0,0,0,0,0,0
0,1,6,0,0,0,0,0,0,0
3,4,3,0,0,0,0,0,0,0
0,2,4,0,0,0,0,0,0,0
0,3,12,0,0,0,0,0,0,0
0,1,5,0,0,0,0,0,0,0
0,12,5,0,0,0,0,0,0,0
0,2,3,0,0,0,0,0,0,0
1,2,2,0,0,0,0,0,0,0
0,1,4,0,0,0,0,0,0,0
1,0,5,0,0,0,0,0,0,0
0,1,5,0,0,0,0,0,0,0
0,13,4,0,0,0,0,0,0,0
0,1,6,0,0,0,0,0,0,0
0,2,4,0,0,0,0,0,0,0
1,4,8,0,0,0,0,0,0,0
0,17,3,0,0,0,0,0,0,0
0,3,19,0,0,0,0,0,0,0
16,0,5,0,0,0,0,0,0,0
1,0,6,0,0,0,0,0,0,0
1,1,5,0,0,0,0,0,0,0
0,1,4,0,0,0,0,0,0,0
0,16,3,0,0,0,0,0,0,0
2,1,9,0,0,0,0,0,0,0
0,1,5,0,0,0,0,0,0,0
0,1,5,0,0,0,0,0,0,0
0,3,6,0,0,0,0,0,0,0
0,5,5,0,0,0,0,0,0,0
1,1,11,0,0,0,0,0,0,0
0,2,10,0,0,0,0,0,0,0
5,1,16,0,0,0,0,0,0,0
0,3,8,0,0,0,0,0,0,0
0,3,2,0,0,0,0,0,0,0
0,3,2,0,0,0,0,0,0,0
3,0,12,0,0,0,0,0,0,0
1,1,9,0,0,0,0,0,0,0
1,1,13,0,0,0,0,0,0,0
1,2,18,0,0,0,0,0,0,0
0,15,4,0,0,0,0,0,0,0
0,1,4,0,0,0,0,0,0,0
0,1,5,0,0,0,0,0,0,0
1,2,9,0,0,0,0,0,0,0
0,1,6,0,0,0,0,0,0,0
0,1,6,0,0,0,0,0,0,0
0,2,9,0,0,0,0,0,0,0
2,0,10,0,0,0,0,0,0,0
1,3,11,0,0,0,0,0,0,0
1,5,6,0,0,0,0,0,0,0
0,8,7,0,0,0,0,0,0,0
0,3,2,0,0,0,0,0,0,0
0,2,5,0,0,0,0,0,0,0
1,14,14,0,0,0,0,0,0,0
1,2,10,0,0,0,0,0,0,0
1,2,8,0,0,0,0,0,0,0
0,10,4,0,0,0,0,0,0,0
0,4,2,0,0,0,0,0,0,0
0,6,2,0,0,0,0,0,0,0
0,1,5,0,0,0,0,0,0,0
1,12,4,0,0,0,0,0,0,0
0,7,13,0,0,0,0,0,0,0
0,2,4,0,0,0,0,0,0,0
0,3,11,0,0,0,0,0,0,0
17,31,2,0,0,0,0,0,0,0
0,1,4,0,0,0,0,0,0,0
0,10,5,0,0,0,0,0,0,0
0,7,6,0,0,0,0,0,0,0
0,1,6,0,0,0,0,0,0,0
0,3,3,0,0,0,0,0,0,0
0,3,17,0,0,0,0,0,0,0
1,4,13,0,0,0,0,0,0,0
0,3,2,0,0,0,0,0,0,0
0,3,10,0,0,0,0,0,0,0
0,2,11,0,0,0,0,0,0,0
1,5,12,0,0,0,0,0,0,0
1,1,7,0,0,0,0,0,0,0
0,3,9,0,0,0,0,0,0,0
0,1,4,0,0,0,0,0,0,0
1,2,6,0,0,0,0,0,0,0
0,2,4,0,0,0,0,0,0,0
1,15,5,0,0,0,0,0,0,0
3,1,2,0,0,0,0,0,0,0
0,1,4,0,0,0,0,0,0,0
0,5,1,0,0,0,0,0,0,0
0,1,4,0,0,0,0,0,0,0
0,1,4,0,0,0,0,0,0,0
0,1,5,0,0,0,0,0,0,0
0,2,8,0,0,0,0,0,0,0
0,3,9,0,0,0,0,0,0,0
0,4,2,0,0,0,0,0,0,0
1,0,6,0,0,0,0,0,0,0
0,5,22,0,0,0,0,0,0,0
0,3,14,0,0,0,0,0,0,0
0,1,5,0,0,0,0,0,0,0
0,4,19,0,0,0,0,0,0,0
0,4,1,0,0,0,0,0,0,0
1,2,7,0,0,0,0,0,0,0
0,2,10,0,0,0,0,0,0,0
0,10,7,0,0,0,0,0,0,0
0,3,10,0,0,0,0,0,0,0
1,2,9,0,0,0,0,0,0,0
0,1,6,0,0,0,0,0,0,0
0,11,7,0,0,0,0,0,0,0
0,2,7,0,0,0,0,0,0,0
2,1,20,0,0,0,0,0,0,0
3,0,9,0,0,0,0,0,0,0
0,2,3,0,0,0,0,0,0,0
0,3,11,0,0,0,0,0,0,0
0,2,8,0,0,0,0,0,0,0
0,2,8,0,0,0,0,0,0,0
1,11,20,0,0,0,0,0,0,0
0,1,5,0,0,0,0,0,0,0
0,1,5,0,0,0,0,0,0,0
0,1,5,0,0,0,0,0,0,0
0,1,4,0,0,0,0,0,0,0
1,2,4,0,0,0,0,0,0,0
1,1,11,0,0,0,0,0,0,0
1,5,5,0,0,0,0,0,0,0
1,1,5,0,0,0,0,0,0,0
0,3,14,0,0,0,0,0,0,0
0,3,6,0,0,0,0,0,0,0
0,11,3,0,0,0,0,0,0,0
0,1,4,0,0,0,0,0,0,0
0,5,1,0,0,0,0,0,0,0
0,2,6,0,0,0,0,0,0,0
0,6,2,0,0,0,0,0,0,0
1,1,3,0,0,0,0,0,0,0
1,7,1,0,0,0,0,0,0,0
0,7,10,0,0,0,0,0,0,0
1,1,12,0,0,0,0,0,0,0
1,0,6,0,0,0,0,0,0,0
2,4,23,0,0,0,0,0,0,0
0,7,12,0,0,0,0,0,0,0
0,1,4,0,0,0,0,0,0,0
0,3,2,0,0,0,0,0,0,0
0,1,4,0,0,0,0,0,0,0
0,3,9,0,0,0,0,0,0,0
0,2,4,0,0,0,0,0,0,0
0,2,5,0,0,0,0,0,0,0
2,2,21,0,0,0,0,0,0,0
0,2,12,0,0,0,0,0,0,0
0,1,4,0,0,0,0,0,0,0
1,0,5,0,0,0,0,0,0,0
2,1,14,0,0,0,0,0,0,0
1,1,4,0,0,0,0,0,0,0
1,2,9,0,0,0,0,0,0,0
2,0,8,0,0,0,0,0,0,0
1,13,1,0,0,0,0,0,0,0
0,4,2,0,0,0,0,0,0,0
2,1,10,0,0,0,0,0,0,0
0,3,5,0,0,0,0,0,0,0
0,1,4,0,0,0,0,0,0,0
0,3,19,0,0,0,0,0,0,0
0,2,5,0,0,0,0,0,0,0
1,2,14,0,0,0,0,0,0,0
2,3,4,0,0,0,0,0,0,0
0,10,4,0,0,0,0,0,0,0
0,2,3,0,0,0,0,0,0,0
0,2,8,0,0,0,0,0,0,0
0,4,7,0,0,0,0,0,0,0
0,1,5,0,0,0,0,0,0,0
1,1,11,0,0,0,0,0,0,0
0,7,5,0,0,0,0,0,0,0
0,3,2,0,0,0,0,0,0,0
0,1,5,0,0,0,0,0,0,0
0,1,6,0,0,0,0,0,0,0
0,3,5,0,0,0,0,0,0,0
2,2,21,0,0,0,0,0,0,0
0,9,4,0,0,0,0,0,0,0
0,2,5,0,0,0,0,0,0,0
1,1,10,0,0,0,0,0,0,0
0,8,2,0,0,0,0,0,0,0
2,2,7,0,0,0,0,0,0,0
1,6,5,0,0,0,0,0,0,0
1,2,8,0,0,0,0,0,0,0
1,3,18,0,0,0,0,0,0,0
0,4,7,0,0,0,0,0,0,0
0,3,4,0,0,0,0,0,0,0
1,2,5,0,0,0,0,0,0,0
0,5,2,0,0,0,0,0,0,0
1,4,7,0,0,0,0,0,0,0
0,3,4,0,0,0,0,0,0,0
0,4,1,0,0,0,0,0,0,0
0,1,6,0,0,0,0,0,0,0
0,3,6,0,0,0,0,0,0,0
0,8,2,0,0,0,0,0,0,0
2,19,12,0,0,0,0,0,0,0
1,0,6,0,0,0,0,0,0,0
0,2,3,0,0,0,0,0,0,0
0,2,4,0,0,0,0,0,0,0
0,3,11,0,0,0,0,0,0,0
0,7,2,0,0,0,0,0,0,0
1,1,10,0,0,0,0,0,0,0
0,1,5,0,0,0,0,0,0,0
2,2,10,0,0,0,0,0,0,0
0,1,4,0,0,0,0,0,0,0
1,2,11,0,0,0,0,0,0,0
3,6,17,0,0,0,0,0,0,0
1,1,3,0,0,0,0,0,0,0
0,3,2,0,0,0,0,0,0,0
0,2,8,0,0,0,0,0,0,0
0,7,4,0,0,0,0,0,0,0
1,1,4,0,0,0,0,0,0,0
0,3,5,0,0,0,0,0,0,0
0,12,2,0,0,0,0,0,0,0
2,0,7,0,0,0,0,0,0,0
0,1,4,0,0,0,0,0,0,0
1,1,11,0,0,0,0,0,0,0
0,3,3,0,0,0,0,0,0,0
0,3,12,0,0,0,0,0,0,0
1,2,17,0,0,0,0,0,0,0
0,8,13,0,0,0,0,0,0,0
0,4,10,0,0,0,0,0,0,0
0,1,5,0,0,0,0,0,0,0
0,5,3,0,0,0,0,0,0,0
1,1,5,0,0,0,0,0,0,0
0,4,5,0,0,0,0,0,0,0
0,1,4,0,0,0,0,0,0,0
0,1,5,0,0,0,0,0,0,0
0,4,6,0,0,0,0,0,0,0
0,1,5,0,0,0,0,0,0,0
0,3,3,0,0,0,0,0,0,0
1,2,10,0,0,0,0,0,0,0
0,6,13,0,0,0,0,0,0,0
0,4,4,0,0,0,0,0,0,0
0,1,4,0,0,0,0,0,0,0
0,3,10,0,0,0,0,0,0,0
0,4,1,0,0,0,0,0,0,0
0,2,5,0,0,0,0,0,0,0
2,6,5,0,0,0,0,0,0,0
0,5,4,0,0,0,0,0,0,0
0,4,1,0,0,0,0,0,0,0
0,2,6,0,0,0,0,0,0,0
1,4,3,0,0,0,0,0,0,0
0,4,6,0,0,0,0,0,0,0
1,4,1,0,0,0,0,0,0,0
2,0,6,0,0,0,0,0,0,0
0,3,6,0,0,0,0,0,0,0
0,3,14,0,0,0,0,0,0,0
0,1,5,0,0,0,0,0,0,0
0,2,11,0,0,0,0,0,0,0
2,1,2,0,0,0,0,0,0,0
0,15,3,0,0,0,0,0,0,0
0,2,3,0,0,0,0,0,0,0
0,6,12,0,0,0,0,0,0,0
0,1,5,0,0,0,0,0,0,0
0,2,11,0,0,0,0,0,0,0
0,2,10,0,0,0,0,0,0,0
0,1,5,0,0,0,0,0,0,0
0,5,4,0,0,0,0,0,0,0
2,4,9,0,0,0,0,0,0,0
0,6,18,0,0,0,0,0,0,0
0,3,15,0,0,0,0,0,0,0
0,6,4,0,0,0,0,0,0,0
0,1,4,0,0,0,0,0,0,0
3,1,18,0,0,0,0,0,0,0
2,0,6,0,0,0,0,0,0,0
0,1,5,0,0,0,0,0,0,0
0,1,6,0,0,0,0,0,0,0
0,5,5,0,0,0,0,0,0,0
0,3,3,0,0,0,0,0,0,0
0,2,9,0,0,0,0,0,0,0
0,1,4,0,0,0,0,0,0,0
1,1,9,0,0,0,0,0,0,0
0,7,3,0,0,0,0,0,0,0
2,0,5,0,0,0,0,0,0,0
0,1,5,0,0,0,0,0,0,0
0,2,6,0,0,0,0,0,0,0
0,2,8,0,0,0,0,0,0,0
0,1,5,0,0,0,0,0,0,0
3,2,12,0,0,0,0,0,0,0
0,1,5,0,0,0,0,0,0,0
1,0,6,0,0,0,0,0,0,0
2,12,10,0,0,0,0,0,0,0
1,0,5,0,0,0,0,0,0,0
0,6,5,0,0,0,0,0,0,0
0,2,3,0,0,0,0,0,0,0
1,2,11,0,0,0,0,0,0,0
0,2,13,0,0,0,0,0,0,0
0,5,1,0,0,0,0,0,0,0
0,6,2,0,0,0,0,0,0,0
0,2,12,0,0,0,0,0,0,0
1,3,1,0,0,0,0,0,0,0
2,3,23,0,0,0,0,0,0,0
0,2,5,0,0,0,0,0,0,0
0,3,7,0,0,0,0,0,0,0
0,1,6,0,0,0,0,0,0,0
1,5,15,0,0,0,0,0,0,0
1,7,7,0,0,0,0,0,0,0
0,5,12,0,0,0,0,0,0,0
0,1,5,0,0,0,0,0,0,0
0,4,2,0,0,0,0,0,0,0
0,2,6,0,0,0,0,0,0,0
9,31,8,0,0,0,0,0,0,0
0,1,5,0,0,0,0,0,0,0
0,1,6,0,0,0,0,0,0,0
1,3,18,0,0,0,0,0,0,0
0,2,7,0,0,0,0,0,0,0
0,6,5,0,0,0,0,0,0,0
0,8,2,0,0,0,0,0,0,0
4,1,19,0,0,0,0,0,0,0
0,1,6,0,0,0,0,0,0,0
1,1,5,0,0,0,0,0,0,0
0,3,2,0,0,0,0,0,0,0
0,1,4,0,0,0,0,0,0,0
0,4,1,0,0,0,0,0,0,0
1,11,26,0,0,0,0,0,0,0
0,1,5,0,0,0,0,0,0,0
3,0,8,0,0,0,0,0,0,0
0,2,7,0,0,0,0,0,0,0
1,10,7,0,0,0,0,0,0,0
1,2,16,0,0,0,0,0,0,0
5,1,3,0,0,0,0,0,0,0
0,3,13,0,0,0,0,0,0,0
1,1,4,0,0,0,0,0,0,0
0,2,4,0,0,0,0,0,0,0
0,1,4,0,0,0,0,0,0,0
1,2,9,0,0,0,0,0,0,0
1,1,3,0,0,0,0,0,0,0
0,6,2,0,0,0,0,0,0,0
2,10,4,0,0,0,0,0,0,0
1,3,2,0,0,0,0,0,0,0
1,0,5,0,0,0,0,0,0,0
0,4,9,0,0,0,0,0,0,0
0,4,2,0,0,0,0,0,0,0
1,0,5,0,0,0,0,0,0,0
0,4,2,0,0,0,0,0,0,0
0,2,6,0,0,0,0,0,0,0
0,2,4,0,0,0,0,0,0,0
0,6,1,0,0,0,0,0,0,0
0,5,9,0,0,0,0,0,0,0
4,11,5,0,0,0,0,0,0,0
2,3,8,0,0,0,0,0,0,0
0,6,2,0,0,0,0,0,0,0
2,0,12,0,0,0,0,0,0,0
0,6,1,0,0,0,0,0,0,0
0,4,3,0,0,0,0,0,0,0
0,2,6,0,0,0,0,0,0,0
1,1,3,0,0,0,0,0,0,0
0,63,11,0,0,0,0,0,0,0
1,4,3,0,0,0,0,0,0,0
1,1,8,0,0,0,0,0,0,0
0,2,4,0,0,0,0,0,0,0
0,14,9,0,0,0,0,0,0,0
0,3,5,0,0,0,0,0,0,0
0,10,4,0,0,0,0,0,0,0
2,14,8,0,0,0,0,0,0,0
0,3,8,0,0,0,0,0,0,0
0,5,2,0,0,0,0,0,0,0
1,1,10,0,0,0,0,0,0,0
0,4,5,0,0,0,0,0,0,0
8,2,1,0,0,0,0,0,0,0
0,2,4,0,0,0,0,0,0,0
0,3,5,0,0,0,0,0,0,0
0,1,5,0,0,0,0,0,0,0
6,0,6,0,0,0,0,0,0,0
0,2,3,0,0,0,0,0,0,0
1,1,7,0,0,0,0,0,0,0
1,2,2,0,0,0,0,0,0,0
0,3,8,0,0,0,0,0,0,0
1,1,10,0,0,0,0,0,0,0
0,4,1,0,0,0,0,0,0,0
1,9,1,0,0,0,0,0,0,0
0,2,7,0,0,0,0,0,0,0
1,1,3,0,0,0,0,0,0,0
0,2,4,0,0,0,0,0,0,0
0,1,5,0,0,0,0,0,0,0
0,1,5,0,0,0,0,0,0,0
1,2,16,0,0,0,0,0,0,0
0,1,5,0,0,0,0,0,0,0
0,6,4,0,0,0,0,0,0,0
0,1,6,0,0,0,0,0,0,0
0,3,4,0,0,0,0,0,0,0
0,1,5,0,0,0,0,0,0,0
2,1,7,0,0,0,0,0,0,0
0,8,6,0,0,0,0,0,0,0
1,6,11,0,0,0,0,0,0,0
0,2,11,0,0,0,0,0,0,0
0,1,5,0,0,0,0,0,0,0
0,2,8,0,0,0,0,0,0,0
1,11,9,0,0,0,0,0,0,0
0,6,3,0,0,0,0,0,0,0
0,4,12,0,0,0,0,0,0,0
0,2,10,0,0,0,0,0,0,0
1,7,12,0,0,0,0,0,0,0
1,4,12,0,0,0,0,0,0,0
2,24,6,0,0,0,0,0,0,0
0,2,3,0,0,0,0,0,0,0
1,12,8,0,0,0,0,0,0,0
0,6,3,0,0,0,0,0,0,0
0,5,5,0,0,0,0,0,0,0
0,3,3,0,0,0,0,0,0,0
0,5,5,0,0,0,0,0,0,0
1,8,6,0,0,0,0,0,0,0
1,8,2,0,0,0,0,0,0,0
0,2,7,0,0,0,0,0,0,0
0,1,5,0,0,0,0,0,0,0
0,4,1,0,0,0,0,0,0,0
0,2,4,0,0,0,0,0,0,0
0,9,10,0,0,0,0,0,0,0
1,2,12,0,0,0,0,0,0,0
4,0,6,0,0,0,0,0,0,0
0,2,12,0,0,0,0,0,0,0
1,1,8,0,0,0,0,0,0,0
0,2,5,0,0,0,0,0,0,0
0,4,18,0,0,0,0,0,0,0
0,1,4,0,0,0,0,0,0,0
0,4,17,0,0,0,0,0,0,0
0,4,4,0,0,0,0,0,0,0
0,3,2,0,0,0,0,0,0,0
0,1,5,0,0,0,0,0,0,0
3,5,1,0,0,0,0,0,0,0
1,1,8,0,0,0,0,0,0,0
3,5,1,0,0,0,0,0,0,0
0,1,5,0,0,0,0,0,0,0
1,0,5,0,0,0,0,0,0,0
0,1,4,0,0,0,0,0,0,0
0,2,10,0,0,0,0,0,0,0
1,0,6,0,0,0,0,0,0,0
0,2,4,0,0,0,0,0,0,0
1,7,6,0,0,0,0,0,0,0
1,1,3,0,0,0,0,0,0,0
0,3,4,0,0,0,0,0,0,0
0,2,10,0,0,0,0,0,0,0
0,3,2,0,0,0,0,0,0,0
2,15,24,0,0,0,0,0,0,0
0,2,12,0,0,0,0,0,0,0
0,3,2,0,0,0,0,0,0,0
0,1,5,0,0,0,0,0,0,0
0,1,5,0,0,0,0,0,0,0
0,8,11,0,0,0,0,0,0,0
1,3,2,0,0,0,0,0,0,0
0,1,5,0,0,0,0,0,0,0
0,3,2,0,0,0,0,0,0,0
0,4,25,0,0,0,0,0,0,0
1,3,6,0,0,0,0,0,0,0
0,2,7,0,0,0,0,0,0,0
0,2,4,0,0,0,0,0,0,0
1,0,5,0,0,0,0,0,0,0
0,8,5,0,0,0,0,0,0,0
0,4,8,0,0,0,0,0,0,0
0,4,10,0,0,0,0,0,0,0
0,6,1,0,0,0,0,0,0,0
0,1,6,0,0,0,0,0,0,0
0,7,10,0,0,0,0,0,0,0
0,1,4,0,0,0,0,0,0,0
2,0,7,0,0,0,0,0,0,0
2,0,6,0,0,0,0,0,0,0
1,2,18,0,0,0,0,0,0,0
0,5,1,0,0,0,0,0,0,0
1,2,6,0,0,0,0,0,0,0
0,3,10,0,0,0,0,0,0,0
0,3,14,0,0,0,0,0,0,0
0,1,5,0,0,0,0,0,0,0
0,4,2,0,0,0,0,0,0,0
0,3,7,0,0,0,0,0,0,0
2,1,17,0,0,0,0,0,0,0
0,3,2,0,0,0,0,0,0,0
0,4,7,0,0,0,0,0,0,0
1,1,4,0,0,0,0,0,0,0
0,8,3,0,0,0,0,0,0,0
2,0,12,0,0,0,0,0,0,0
5,0,5,0,0,0,0,0,0,0
0,1,4,0,0,0,0,0,0,0
0,9,2,0,0,0,0,0,0,0
0,1,4,0,0,0,0,0,0,0
0,1,4,0,0,0,0,0,0,0
2,0,12,0,0,0,0,0,0,0
0,2,10,0,0,0,0,0,0,0
0,2,9,0,0,0,0,0,0,0
1,2,13,0,0,0,0,0,0,0
3,1,1,0,0,0,0,0,0,0
1,2,8,0,0,0,0,0,0,0
0,3,4,0,0,0,0,0,0,0
1,1,3,0,0,0,0,0,0,0
0,1,6,0,0,0,0,0,0,0
0,4,1,0,0,0,0,0,0,0
1,3,19,0,0,0,0,0,0,0
1,2,12,0,0,0,0,0,0,0
0,2,5,0,0,0,0,0,0,0
0,4,3,0,0,0,0,0,0,0
1,1,6,0,0,0,0,0,0,0
0,1,6,0,0,0,0,0,0,0
1,0,6,0,0,0,0,0,0,0
0,3,10,0,0,0,0,0,0,0
0,3,2,0,0,0,0,0,0,0
0,1,5,0,0,0,0,0,0,0
0,3,7,0,0,0,0,0,0,0
0,2,3,0,0,0,0,0,0,0
1,1,10,0,0,0,0,0,0,0
0,11,2,0,0,0,0,0,0,0
1,2,7,0,0,0,0,0,0,0
1,7,8,0,0,0,0,0,0,0
2,1,11,0,0,0,0,0,0,0
0,2,3,0,0,0,0,0,0,0
0,1,4,0,0,0,0,0,0,0
0,2,4,0,0,0,0,0,0,0
1,11,4,0,0,0,0,0,0,0
1,1,4,0,0,0,0,0,0,0
0,3,5,0,0,0,0,0,0,0
2,0,13,0,0,0,0,0,0,0
0,2,11,0,0,0,0,0,0,0
4,2,12,0,0,0,0,0,0,0
0,2,6,0,0,0,0,0,0,0
0,1,6,0,0,0,0,0,0,0
2,11,18,0,0,0,0,0,0,0
0,12,2,0,0,0,0,0,0,0
0,1,4,0,0,0,0,0,0,0
0,6,4,0,0,0,0,0,0,0
13,5,15,0,0,0,0,0,0,0
1,1,4,0,0,0,0,0,0,0
0,2,4,0,0,0,0,0,0,0
2,0,10,0,0,0,0,0,0,0
2,1,12,0,0,0,0,0,0,0
1,2,4,0,0,0,0,0,0,0
0,2,7,0,0,0,0,0,0,0
2,7,5,0,0,0,0,0,0,0
0,4,16,0,0,0,0,0,0,0
1,1,6,0,0,0,0,0,0,0
1,1,8,0,0,0,0,0,0,0
0,5,1,0,0,0,0,0,0,0
1,2,18,0,0,0,0,0,0,0
0,2,4,0,0,0,0,0,0,0
0,1,4,0,0,0,0,0,0,0
0,1,6,0,0,0,0,0,0,0
0,1,4,0,0,0,0,0,0,0
1,3,1,0,0,0,0,0,0,0
2,0,7,0,0,0,0,0,0,0
0,2,5,0,0,0,0,0,0,0
1,0,6,0,0,0,0,0,0,0
0,3,2,0,0,0,0,0,0,0
0,1,5,0,0,0,0,0,0,0
0,1,6,0,0,0,0,0,0,0
0,2,9,0,0,0,0,0,0,0
1,1,3,0,0,0,0,0,0,0
2,1,7,0,0,0,0,0,0,0
2,0,13,0,0,0,0,0,0,0
0,6,3,0,0,0,0,0,0,0
0,6,1,0,0,0,0,0,0,0
0,5,3,0,0,0,0,0,0,0
0,3,2,0,0,0,0,0,0,0
0,4,1,0,0,0,0,0,0,0
0,1,5,0,0,0,0,0,0,0
1,1,4,0,0,0,0,0,0,0
0,2,6,0,0,0,0,0,0,0
1,0,5,0,0,0,0,0,0,0
0,7,5,0,0,0,0,0,0,0
0,3,3,0,0,0,0,0,0,0
0,3,10,0,0,0,0,0,0,0
0,1,4,0,0,0,0,0,0,0
0,1,4,0,0,0,0,0,0,0
0,4,3,0,0,0,0,0,0,0
0,2,3,0,0,0,0,0,0,0
0,14,17,0,0,0,0,0,0,0
1,10,5,0,0,0,0,0,0,0
0,9,6,0,0,0,0,0,0,0
0,2,3,0,0,0,0,0,0,0
1,1,3,0,0,0,0,0,0,0
0,3,12,0,0,0,0,0,0,0
0,1,5,0,0,0,0,0,0,0
0,6,6,0,0,0,0,0,0,0
0,3,2,0,0,0,0,0,0,0
2,2,9,0,0,0,0,0,0,0
0,11,9,0,0,0,0,0,0,0
1,3,6,0,0,0,0,0,0,0
1,7,1,0,0,0,0,0,0,0
0,3,8,0,0,0,0,0,0,0
0,1,4,0,0,0,0,0,0,0
0,4,7,0,0,0,0,0,0,0
1,4,1,0,0,0,0,0,0,0
1,2,9,0,0,0,0,0,0,0
0,2,12,0,0,0,0,0,0,0
2,3,11,0,0,0,0,0,0,0
0,8,8,0,0,0,0,0,0,0
0,4,5,0,0,0,0,0,0,0
0,1,5,0,0,0,0,0,0,0
1,0,5,0,0,0,0,0,0,0
1,12,8,0,0,0,0,0,0,0
0,1,4,0,0,0,0,0,0,0
0,1,4,0,0,0,0,0,0,0
0,1,5,0,0,0,0,0,0,0
2,10,1,0,0,0,0,0,0,0
0,3,2,0,0,0,0,0,0,0
0,1,5,0,0,0,0,0,0,0
0,4,1,0,0,0,0,0,0,0
0,5,4,0,0,0,0,0,0,0
0,2,3,0,0,0,0,0,0,0
1,1,8,0,0,0,0,0,0,0
0,4,6,0,0,0,0,0,0,0
0,1,5,0,0,0,0,0,0,0
1,2,8,0,0,0,0,0,0,0
0,1,4,0,0,0,0,0,0,0
1,1,4,0,0,0,0,0,0,0
1,3,1,0,0,0,0,0,0,0
0,3,5,0,0,0,0,0,0,0
1,2,9,0,0,0,0,0,0,0
1,2,5,0,0,0,0,0,0,0
0,2,4,0,0,0,0,0,0,0
0,3,12,0,0,0,0,0,0,0
1,1,3,0,0,0,0,0,0,0
0,1,6,0,0,0,0,0,0,0
1,1,13,0,0,0,0,0,0,0
1,1,9,0,0,0,0,0,0,0
0,2,4,0,0,0,0,0,0,0
0,1,4,0,0,0,0,0,0,0
0,3,19,0,0,0,0,0,0,0
1,1,10,0,0,0,0,0,0,0
0,4,1,0,0,0,0,0,0,0
1,2,14,0,0,0,0,0,0,0
0,1,4,0,0,0,0,0,0,0
0,7,4,0,0,0,0,0,0,0
0,1,6,0,0,0,0,0,0,0
0,3,4,0,0,0,0,0,0,0
2,2,2,0,0,0,0,0,0,0
1,0,6,0,0,0,0,0,0,0
0,11,2,0,0,0,0,0,0,0
0,2,3,0,0,0,0,0,0,0
0,4,1,0,0,0,0,0,0,0
2,1,3,0,0,0,0,0,0,0
0,1,4,0,0,0,0,0,0,0
0,2,5,0,0,0,0,0,0,0
1,1,9,0,0,0,0,0,0,0
0,1,6,0,0,0,0,0,0,0
0,1,4,0,0,0,0,0,0,0
0,3,13,0,0,0,0,0,0,0
1,3,1,0,0,0,0,0,0,0
0,2,7,0,0,0,0,0,0,0
1,1,11,0,0,0,0,0,0,0
1,3,3,0,0,0,0,0,0,0
0,3,14,0,0,0,0,0,0,0
0,1,5,0,0,0,0,0,0,0
0,2,5,0,0,0,0,0,0,0
1,0,5,0,0,0,0,0,0,0
0,3,6,0,0,0,0,0,0,0
0,5,19,0,0,0,0,0,0,0
0,4,3,0,0,0,0,0,0,0
0,4,9,0,0,0,0,0,0,0
0,1,4,0,0,0,0,0,0,0
0,1,6,0,0,0,0,0,0,0
4,3,19,0,0,0,0,0,0,0
1,5,2,0,0,0,0,0,0,0
0,9,2,0,0,0,0,0,0,0
0,1,4,0,0,0,0,0,0,0
1,1,11,0,0,0,0,0,0,0
2,0,12,0,0,0,0,0,0,0
1,3,18,0,0,0,0,0,0,0
1,8,9,0,0,0,0,0,0,0
0,4,3,0,0,0,0,0,0,0
0,2,3,0,0,0,0,0,0,0
0,2,10,0,0,0,0,0,0,0
1,0,5,0,0,0,0,0,0,0
1,3,2,0,0,0,0,0,0,0
0,2,3,0,0,0,0,0,0,0
1,9,16,0,0,0,0,0,0,0
1,2,3,0,0,0,0,0,0,0
1,1,3,0,0,0,0,0,0,0
1,0,5,0,0,0,0,0,0,0
3,0,5,0,0,0,0,0,0,0
0,2,3,0,0,0,0,0,0,0
0,1,6,0,0,0,0,0,0,0
0,1,4,0,0,0,0,0,0,0
0,5,15,0,0,0,0,0,0,0
0,2,10,0,0,0,0,0,0,0
1,3,3,0,0,0,0,0,0,0
0,4,6,0,0,0,0,0,0,0
0,4,5,0,0,0,0,0,0,0
0,1,4,0,0,0,0,0,0,0
0,1,4,0,0,0,0,0,0,0
1,0,6,0,0,0,0,0,0,0
0,3,3,0,0,0,0,0,0,0
1,1,10,0,0,0,0,0,0,0
0,7,10,0,0,0,0,0,0,0
0,8,4,0,0,0,0,0,0,0
1,2,2,0,0,0,0,0,0,0
1,1,5,0,0,0,0,0,0,0
0,1,4,0,0,0,0,0,0,0
0,4,7,0,0,0,0,0,0,0
1,0,6,0,0,0,0,0,0,0
0,3,10,0,0,0,0,0,0,0
0,2,4,0,0,0,0,0,0,0
3,1,3,0,0,0,0,0,0,0
1,6,29,0,0,0,0,0,0,0
0,4,2,0,0,0,0,0,0,0
0,4,19,0,0,0,0,0,0,0
1,1,3,0,0,0,0,0,0,0
0,4,2,0,0,0,0,0,0,0
0,1,4,0,0,0,0,0,0,0
0,2,7,0,0,0,0,0,0,0
0,3,10,0,0,0,0,0,0,0
0,2,6,0,0,0,0,0,0,0
0,2,4,0,0,0,0,0,0,0
1,2,2,0,0,0,0,0,0,0
0,16,9,0,0,0,0,0,0,0
0,1,6,0,0,0,0,0,0,0
0,2,3,0,0,0,0,0,0,0
2,0,6,0,0,0,0,0,0,0
0,5,13,0,0,0,0,0,0,0
0,1,6,0,0,0,0,0,0,0
0,10,5,0,0,0,0,0,0,0
0,2,4,0,0,0,0,0,0,0
0,1,4,0,0,0,0,0,0,0
1,0,5,0,0,0,0,0,0,0
0,1,6,0,0,0,0,0,0,0
0,2,9,0,0,0,0,0,0,0
2,0,13,0,0,0,0,0,0,0
0,4,2,0,0,0,0,0,0,0
0,4,3,0,0,0,0,0,0,0
0,1,6,0,0,0,0,0,0,0
0,1,4,0,0,0,0,0,0,0
0,2,3,0,0,0,0,0,0,0
0,10,16,0,0,0,0,0,0,0
1,2,8,0,0,0,0,0,0,0
1,4,12,0,0,0,0,0,0,0
0,5,3,0,0,0,0,0,0,0
0,2,9,0,0,0,0,0,0,0
0,1,4,0,0,0,0,0,0,0
2,0,11,0,0,0,0,0,0,0
1,0,5,0,0,0,0,0,0,0
2,1,16,0,0,0,0,0,0,0
0,5,18,0,0,0,0,0,0,0
0,5,8,0,0,0,0,0,0,0
0,2,5,0,0,0,0,0,0,0
0,6,9,0,0,0,0,0,0,0
1,1,5,0,0,0,0,0,0,0
0,2,10,0,0,0,0,0,0,0
1,6,8,0,0,0,0,0,0,0
0,5,5,0,0,0,0,0,0,0
2,2,17,0,0,0,0,0,0,0
1,0,6,0,0,0,0,0,0,0
0,2,7,0,0,0,0,0,0,0
1,2,5,0,0,0,0,0,0,0
1,4,13,0,0,0,0,0,0,0
1,5,7,0,0,0,0,0,0,0
3,0,15,0,0,0,0,0,0,0
1,8,15,0,0,0,0,0,0,0
0,5,7,0,0,0,0,0,0,0
1,1,4,0,0,0,0,0,0,0
0,1,4,0,0,0,0,0,0,0
2,1,4,0,0,0,0,0,0,0
0,1,5,0,0,0,0,0,0,0
0,8,6,0,0,0,0,0,0,0
0,3,8,0,0,0,0,0,0,0
0,5,1,0,0,0,0,0,0,0
0,8,2,0,0,0,0,0,0,0
1,1,3,0,0,0,0,0,0,0
1,3,4,0,0,0,0,0,0,0
0,4,3,0,0,0,0,0,0,0
0,5,17,0,0,0,0,0,0,0
0,3,10,0,0,0,0,0,0,0
0,2,3,0,0,0,0,0,0,0
0,2,3,0,0,0,0,0,0,0
1,1,4,0,0,0,0,0,0,0
2,5,2,0,0,0,0,0,0,0
1,2,6,0,0,0,0,0,0,0
0,3,4,0,0,0,0,0,0,0
0,1,5,0,0,0,0,0,0,0
1,4,1,0,0,0,0,0,0,0
1,0,6,0,0,0,0,0,0,0
3,1,1,0,0,0,0,0,0,0
1,4,6,0,0,0,0,0,0,0
0,5,1,0,0,0,0,0,0,0
0,5,2,0,0,0,0,0,0,0
1,0,6,0,0,0,0,0,0,0
0,4,3,0,0,0,0,0,0,0
0,6,4,0,0,0,0,0,0,0
5,0,6,0,0,0,0,0,0,0
0,6,3,0,0,0,0,0,0,0
0,1,5,0,0,0,0,0,0,0
3,4,4,0,0,0,0,0,0,0
0,2,3,0,0,0,0,0,0,0
0,1,5,0,0,0,0,0,0,0
0,3,4,0,0,0,0,0,0,0
0,3,3,0,0,0,0,0,0,0
0,2,4,0,0,0,0,0,0,0
0,4,2,0,0,0,0,0,0,0
0,2,4,0,0,0,0,0,0,0
0,1,6,0,0,0,0,0,0,0
2,1,9,0,0,0,0,0,0,0
0,1,4,0,0,0,0,0,0,0
0,7,2,0,0,0,0,0,0,0
0,2,6,0,0,0,0,0,0,0
0,6,5,0,0,0,0,0,0,0
0,3,2,0,0,0,0,0,0,0
0,4,2,0,0,0,0,0,0,0
0,7,7,0,0,0,0,0,0,0
0,1,5,0,0,0,0,0,0,0
23,1,5,0,0,0,0,0,0,0
1,3,17,0,0,0,0,0,0,0
0,2,12,0,0,0,0,0,0,0
0,1,4,0,0,0,0,0,0,0
1,15,6,0,0,0,0,0,0,0
0,5,6,0,0,0,0,0,0,0
0,3,8,0,0,0,0,0,0,0
1,0,5,0,0,0,0,0,0,0
1,0,6,0,0,0,0,0,0,0
0,5,9,0,0,0,0,0,0,0
2,0,10,0,0,0,0,0,0,0
0,1,4,0,0,0,0,0,0,0
0,7,9,0,0,0,0,0,0,0
0,4,1,0,0,0,0,0,0,0
1,2,12,0,0,0,0,0,0,0
0,1,4,0,0,0,0,0,0,0
0,2,5,0,0,0,0,0,0,0
0,3,2,0,0,0,0,0,0,0
0,3,5,0,0,0,0,0,0,0
1,1,13,0,0,0,0,0,0,0
1,4,19,0,0,0,0,0,0,0
0,7,5,0,0,0,0,0,0,0
0,13,3,0,0,0,0,0,0,0
0,2,4,0,0,0,0,0,0,0
0,6,1,0,0,0,0,0,0,0
1,2,17,0,0,0,0,0,0,0
0,2,11,0,0,0,0,0,0,0
1,2,16,0,0,0,0,0,0,0
1,0,6,0,0,0,0,0,0,0
1,2,3,0,0,0,0,0,0,0
0,4,2,0,0,0,0,0,0,0
1,10,5,0,0,0,0,0,0,0
0,4,17,0,0,0,0,0,0,0
1,10,1,0,0,0,0,0,0,0
0,3,5,0,0,0,0,0,0,0
1,1,12,0,0,0,0,0,0,0
0,4,3,0,0,0,0,0,0,0
0,2,3,0,0,0,0,0,0,0
0,2,10,0,0,0,0,0,0,0
0,1,4,0,0,0,0,0,0,0
0,2,4,0,0,0,0,0,0,0
1,0,6,0,0,0,0,0,0,0
0,3,8,0,0,0,0,0,0,0
1,2,9,0,0,0,0,0,0,0
1,1,9,0,0,0,0,0,0,0
0,6,1,0,0,0,0,0,0,0
0,3,7,0,0,0,0,0,0,0
0,9,2,0,0,0,0,0,0,0
1,3,5,0,0,0,0,0,0,0
1,1,5,0,0,0,0,0,0,0
0,3,5,0,0,0,0,0,0,0
1,2,7,0,0,0,0,0,0,0
2,2,19,0,0,0,0,0,0,0
0,3,6,0,0,0,0,0,0,0
0,1,4,0,0,0,0,0,0,0
0,6,2,0,0,0,0,0,0,0
2,1,7,0,0,0,0,0,0,0
2,0,6,0,0,0,0,0,0,0
0,2,12,0,0,0,0,0,0,0
1,1,9,0,0,0,0,0,0,0
2,3,4,0,0,0,0,0,0,0
1,1,7,0,0,0,0,0,0,0
0,2,5,0,0,0,0,0,0,0
1,2,9,0,0,0,0,0,0,0
0,1,5,0,0,0,0,0,0,0
0,2,5,0,0,0,0,0,0,0
0,6,7,0,0,0,0,0,0,0
0,5,3,0,0,0,0,0,0,0
0,5,2,0,0,0,0,0,0,0
0,1,5,0,0,0,0,0,0,0
0,1,5,0,0,0,0,0,0,0
0,2,10,0,0,0,0,0,0,0
0,2,3,0,0,0,0,0,0,0
0,1,5,0,0,0,0,0,0,0
0,2,3,0,0,0,0,0,0,0
0,12,6,0,0,0,0,0,0,0
2,2,3,0,0,0,0,0,0,0
0,2,9,0,0,0,0,0,0,0
0,2,4,0,0,0,0,0,0,0
1,1,10,0,0,0,0,0,0,0
1,0,6,0,0,0,0,0,0,0
1,1,4,0,0,0,0,0,0,0
0,2,7,0,0,0,0,0,0,0
0,2,3,0,0,0,0,0,0,0
11,0,10,0,0,0,0,0,0,0
0,4,4,0,0,0,0,0,0,0
0,2,12,0,0,0,0,0,0,0
0,4,9,0,0,0,0,0,0,0
0,3,9,0,0,0,0,0,0,0
5,5,2,0,0,0,0,0,0,0
0,2,7,0,0,0,0,0,0,0
0,2,6,0,0,0,0,0,0,0
0,3,2,0,0,0,0,0,0,0
0,5,4,0,0,0,0,0,0,0
0,14,4,0,0,0,0,0,0,0
2,1,2,0,0,0,0,0,0,0
0,5,4,0,0,0,0,0,0,0
0,3,4,0,0,0,0,0,0,0
3,1,18,0,0,0,0,0,0,0
0,2,11,0,0,0,0,0,0,0
0,1,4,0,0,0,0,0,0,0
0,6,2,0,0,0,0,0,0,0
0,1,6,0,0,0,0,0,0,0
0,3,3,0,0,0,0,0,0,0
2,1,15,0,0,0,0,0,0,0
0,2,13,0,0,0,0,0,0,0
0,2,13,0,0,0,0,0,0,0
2,1,8,0,0,0,0,0,0,0
0,1,4,0,0,0,0,0,0,0
0,1,5,0,0,0,0,0,0,0
0,3,5,0,0,0,0,0,0,0
0,2,3,0,0,0,0,0,0,0
0,4,2,0,0,0,0,0,0,0
0,1,4,0,0,0,0,0,0,0
0,1,5,0,0,0,0,0,0,0
2,5,23,0,0,0,0,0,0,0
0,1,6,0,0,0,0,0,0,0
0,1,4,0,0,0,0,0,0,0
0,1,4,0,0,0,0,0,0,0
1,4,3,0,0,0,0,0,0,0
2,1,6,0,0,0,0,0,0,0
2,9,6,0,0,0,0,0,0,0
0,3,2,0,0,0,0,0,0,0
1,0,5,0,0,0,0,0,0,0
2,0,8,0,0,0,0,0,0,0
2,0,12,0,0,0,0,0,0,0
0,1,5,0,0,0,0,0,0,0
0,3,2,0,0,0,0,0,0,0
0,3,10,0,0,0,0,0,0,0
4,2,18,0,0,0,0,0,0,0
1,2,2,0,0,0,0,0,0,0
0,8,8,0,0,0,0,0,0,0
2,0,12,0,0,0,0,0,0,0
2,2,21,0,0,0,0,0,0,0
0,3,11,0,0,0,0,0,0,0
2,2,25,0,0,0,0,0,0,0
0,3,3,0,0,0,0,0,0,0
0,4,17,0,0,0,0,0,0,0
0,2,3,0,0,0,0,0,0,0
0,5,4,0,0,0,0,0,0,0
0,7,4,0,0,0,0,0,0,0
0,3,8,0,0,0,0,0,0,0
0,6,3,0,0,0,0,0,0,0
0,2,4,0,0,0,0,0,0,0
2,0,9,0,0,0,0,0,0,0
1,4,7,0,0,0,0,0,0,0
1,21,14,0,0,0,0,0,0,0
0,1,5,0,0,0,0,0,0,0
0,9,2,0,0,0,0,0,0,0
0,2,8,0,0,0,0,0,0,0
0,4,5,0,0,0,0,0,0,0
12,15,7,0,0,0,0,0,0,0
1,4,5,0,0,0,0,0,0,0
2,0,6,0,0,0,0,0,0,0
2,4,15,0,0,0,0,0,0,0
0,9,8,0,0,0,0,0,0,0
0,6,8,0,0,0,0,0,0,0
0,2,3,0,0,0,0,0,0,0
1,0,5,0,0,0,0,0,0,0
0,5,4,0,0,0,0,0,0,0
0,6,3,0,0,0,0,0,0,0
0,1,4,0,0,0,0,0,0,0
0,5,11,0,0,0,0,0,0,0
0,6,2,0,0,0,0,0,0,0
0,4,4,0,0,0,0,0,0,0
0,3,6,0,0,0,0,0,0,0
0,1,6,0,0,0,0,0,0,0
0,2,9,0,0,0,0,0,0,0
0,7,5,0,0,0,0,0,0,0
0,4,1,0,0,0,0,0,0,0
1,2,9,0,0,0,0,0,0,0
1,2,9,0,0,0,0,0,0,0
0,1,6,0,0,0,0,0,0,0
0,1,5,0,0,0,0,0,0,0
1,3,6,0,0,0,0,0,0,0
1,6,6,0,0,0,0,0,0,0
0,16,24,0,0,0,0,0,0,0
1,0,6,0,0,0,0,0,0,0
0,3,13,0,0,0,0,0,0,0
0,1,4,0,0,0,0,0,0,0
0,4,21,0,0,0,0,0,0,0
0,1,5,0,0,0,0,0,0,0
0,10,15,0,0,0,0,0,0,0
0,1,6,0,0,0,0,0,0,0
0,8,10,0,0,0,0,0,0,0
0,2,10,0,0,0,0,0,0,0
0,5,3,0,0,0,0,0,0,0
3,0,12,0,0,0,0,0,0,0
0,2,3,0,0,0,0,0,0,0
1,3,1,0,0,0,0,0,0,0
0,4,1,0,0,0,0,0,0,0
0,5,2,0,0,0,0,0,0,0
0,3,2,0,0,0,0,0,0,0
0,4,2,0,0,0,0,0,0,0
0,2,5,0,0,0,0,0,0,0
0,4,12,0,0,0,0,0,0,0
0,1,4,0,0,0,0,0,0,0
1,1,6,0,0,0,0,0,0,0
0,2,3,0,0,0,0,0,0,0
0,4,8,0,0,0,0,0,0,0
0,1,6,0,0,0,0,0,0,0
3,4,10,0,0,0,0,0,0,0
0,9,2,0,0,0,0,0,0,0
0,1,4,0,0,0,0,0,0,0
0,5,1,0,0,0,0,0,0,0
0,1,5,0,0,0,0,0,0,0
1,1,9,0,0,0,0,0,0,0
1,1,10,0,0,0,0,0,0,0
0,2,5,0,0,0,0,0,0,0
0,3,10,0,0,0,0,0,0,0
1,2,5,0,0,0,0,0,0,0
0,1,4,0,0,0,0,0,0,0
0,1,5,0,0,0,0,0,0,0
6,1,3,0,0,0,0,0,0,0
1,1,11,0,0,0,0,0,0,0
0,1,5,0,0,0,0,0,0,0
1,2,4,0,0,0,0,0,0,0
0,5,1,0,0,0,0,0,0,0
1,3,2,0,0,0,0,0,0,0
1,9,5,0,0,0,0,0,0,0
0,4,2,0,0,0,0,0,0,0
2,0,10,0,0,0,0,0,0,0
1,3,24,0,0,0,0,0,0,0
0,3,8,0,0,0,0,0,0,0
0,1,5,0,0,0,0,0,0,0
0,2,3,0,0,0,0,0,0,0
0,5,17,0,0,0,0,0,0,0
1,1,13,0,0,0,0,0,0,0
0,3,4,0,0,0,0,0,0,0
1,2,5,0,0,0,0,0,0,0
0,2,11,0,0,0,0,0,0,0
0,6,3,0,0,0,0,0,0,0
0,4,5,0,0,0,0,0,0,0
2,13,7,0,0,0,0,0,0,0
0,2,10,0,0,0,0,0,0,0
0,2,4,0,0,0,0,0,0,0
3,3,12,0,0,0,0,0,0,0
0,2,3,0,0,0,0,0,0,0
1,1,11,0,0,0,0,0,0,0
3,5,5,0,0,0,0,0,0,0
1,2,14,0,0,0,0,0,0,0
0,1,5,0,0,0,0,0,0,0
2,21,19,0,0,0,0,0,0,0
3,1,5,0,0,0,0,0,0,0
0,3,3,0,0,0,0,0,0,0
0,2,5,0,0,0,0,0,0,0
0,4,6,0,0,0,0,0,0,0
2,0,5,0,0,0,0,0,0,0
0,3,10,0,0,0,0,0,0,0
0,2,11,0,0,0,0,0,0,0
2,1,8,0,0,0,0,0,0,0
0,7,3,0,0,0,0,0,0,0
4,0,16,0,0,0,0,0,0,0
1,7,2,0,0,0,0,0,0,0
1,1,7,0,0,0,0,0,0,0
2,1,7,0,0,0,0,0,0,0
0,3,3,0,0,0,0,0,0,0
0,4,2,0,0,0,0,0,0,0
1,3,3,0,0,0,0,0,0,0
0,1,4,0,0,0,0,0,0,0
0,3,5,0,0,0,0,0,0,0
0,3,18,0,0,0,0,0,0,0
0,2,5,0,0,0,0,0,0,0
1,5,13,0,0,0,0,0,0,0
2,3,1,0,0,0,0,0,0,0
0,6,2,0,0,0,0,0,0,0
0,5,14,0,0,0,0,0,0,0
0,4,4,0,0,0,0,0,0,0
2,0,6,0,0,0,0,0,0,0
0,1,4,0,0,0,0,0,0,0
0,1,6,0,0,0,0,0,0,0
0,5,9,0,0,0,0,0,0,0
0,1,4,0,0,0,0,0,0,0
1,4,17,0,0,0,0,0,0,0
0,2,12,0,0,0,0,0,0,0
0,8,2,0,0,0,0,0,0,0
0,4,13,0,0,0,0,0,0,0
1,3,26,0,0,0,0,0,0,0
0,3,6,0,0,0,0,0,0,0
0,3,8,0,0,0,0,0,0,0
0,3,3,0,0,0,0,0,0,0
1,1,3,0,0,0,0,0,0,0
0,1,5,0,0,0,0,0,0,0
1,1,13,0,0,0,0,0,0,0
0,3,2,0,0,0,0,0,0,0
0,4,6,0,0,0,0,0,0,0
0,7,2,0,0,0,0,0,0,0
0,5,4,0,0,0,0,0,0,0
0,1,6,0,0,0,0,0,0,0
1,7,4,0,0,0,0,0,0,0
0,6,24,0,0,0,0,0,0,0
0,3,10,0,0,0,0,0,0,0
1,1,7,0,0,0,0,0,0,0
2,0,7,0,0,0,0,0,0,0
0,2,12,0,0,0,0,0,0,0
0,3,7,0,0,0,0,0,0,0
9,13,8,0,0,0,0,0,0,0
0,3,3,0,0,0,0,0,0,0
0,4,2,0,0,0,0,0,0,0
0,2,5,0,0,0,0,0,0,0
0,2,11,0,0,0,0,0,0,0
0,1,4,0,0,0,0,0,0,0
1,1,7,0,0,0,0,0,0,0
0,5,1,0,0,0,0,0,0,0
0,2,11,0,0,0,0,0,0,0
0,4,18,0,0,0,0,0,0,0
0,1,5,0,0,0,0,0,0,0
0,3,3,0,0,0,0,0,0,0
0,1,6,0,0,0,0,0,0,0
1,3,11,0,0,0,0,0,0,0
0,2,4,0,0,0,0,0,0,0
0,4,7,0,0,0,0,0,0,0
0,7,6,0,0,0,0,0,0,0
1,5,6,0,0,0,0,0,0,0
0,1,4,0,0,0,0,0,0,0
0,15,3,0,0,0,0,0,0,0
0,1,5,0,0,0,0,0,0,0
0,6,14,0,0,0,0,0,0,0
1,3,9,0,0,0,0,0,0,0
0,1,5,0,0,0,0,0,0,0
0,3,3,0,0,0,0,0,0,0
0,5,1,0,0,0,0,0,0,0
1,11,1,0,0,0,0,0,0,0
0,1,6,0,0,0,0,0,0,0
0,1,5,0,0,0,0,0,0,0
0,2,12,0,0,0,0,0,0,0
0,5,3,0,0,0,0,0,0,0
0,3,18,0,0,0,0,0,0,0
0,9,3,0,0,0,0,0,0,0
0,4,9,0,0,0,0,0,0,0
0,4,3,0,0,0,0,0,0,0
0,5,6,0,0,0,0,0,0,0
0,5,8,0,0,0,0,0,0,0
0,1,5,0,0,0,0,0,0,0
1,3,10,0,0,0,0,0,0,0
1,13,3,0,0,0,0,0,0,0
0,4,2,0,0,0,0,0,0,0
0,2,8,0,0,0,0,0,0,0
2,3,11,0,0,0,0,0,0,0
0,2,3,0,0,0,0,0,0,0
0,1,4,0,0,0,0,0,0,0
2,1,8,0,0,0,0,0,0,0
0,1,4,0,0,0,0,0,0,0
0,3,10,0,0,0,0,0,0,0
0,5,1,0,0,0,0,0,0,0
0,2,6,0,0,0,0,0,0,0
2,2,16,0,0,0,0,0,0,0
2,51,25,0,0,0,0,0,0,0
0,9,2,0,0,0,0,0,0,0
0,1,5,0,0,0,0,0,0,0
2,2,3,0,0,0,0,0,0,0
1,3,8,0,0,0,0,0,0,0
5,18,1,0,0,0,0,0,0,0
0,2,3,0,0,0,0,0,0,0
4,1,6,0,0,0,0,0,0,0
0,4,1,0,0,0,0,0,0,0
0,2,4,0,0,0,0,0,0,0
0,1,5,0,0,0,0,0,0,0
1,0,6,0,0,0,0,0,0,0
2,3,11,0,0,0,0,0,0,0
0,14,3,0,0,0,0,0,0,0
0,1,5,0,0,0,0,0,0,0
1,4,15,0,0,0,0,0,0,0
0,2,3,0,0,0,0,0,0,0
0,2,10,0,0,0,0,0,0,0
2,2,8,0,0,0,0,0,0,0
0,1,6,0,0,0,0,0,0,0
0,4,3,0,0,0,0,0,0,0
0,4,1,0,0,0,0,0,0,0
0,1,4,0,0,0,0,0,0,0
3,2,20,0,0,0,0,0,0,0
0,2,3,0,0,0,0,0,0,0
0,2,13,0,0,0,0,0,0,0
0,1,4,0,0,0,0,0,0,0
1,3,22,0,0,0,0,0,0,0
2,1,9,0,0,0,0,0,0,0
0,15,7,0,0,0,0,0,0,0
0,1,4,0,0,0,0,0,0,0
0,15,5,0,0,0,0,0,0,0
0,4,1,0,0,0,0,0,0,0
0,8,18,0,0,0,0,0,0,0
0,4,3,0,0,0,0,0,0,0
6,1,7,0,0,0,0,0,0,0
0,4,2,0,0,0,0,0,0,0
0,4,10,0,0,0,0,0,0,0
1,1,8,0,0,0,0,0,0,0
0,1,5,0,0,0,0,0,0,0
0,5,6,0,0,0,0,0,0,0
1,3,8,0,0,0,0,0,0,0
0,2,12,0,0,0,0,0,0,0
1,1,7,0,0,0,0,0,0,0
0,1,5,0,0,0,0,0,0,0
0,1,4,0,0,0,0,0,0,0
0,3,3,0,0,0,0,0,0,0
1,2,4,0,0,0,0,0,0,0
1,0,6,0,0,0,0,0,0,0
1,1,7,0,0,0,0,0,0,0
0,1,6,0,0,0,0,0,0,0
1,1,3,0,0,0,0,0,0,0
0,2,4,0,0,0,0,0,0,0
0,5,2,0,0,0,0,0,0,0
5,0,10,0,0,0,0,0,0,0
0,1,5,0,0,0,0,0,0,0
1,1,4,0,0,0,0,0,0,0
0,8,2,0,0,0,0,0,0,0
1,2,4,0,0,0,0,0,0,0
0,2,3,0,0,0,0,0,0,0
1,6,2,0,0,0,0,0,0,0
0,5,7,0,0,0,0,0,0,0
0,2,4,0,0,0,0,0,0,0
0,1,4,0,0,0,0,0,0,0
1,3,8,0,0,0,0,0,0,0
2,1,7,0,0,0,0,0,0,0
0,3,14,0,0,0,0,0,0,0
0,2,6,0,0,0,0,0,0,0
1,1,11,0,0,0,0,0,0,0
1,3,4,0,0,0,0,0,0,0
11,110,6,0,0,0,0,0,0,0
0,3,2,0,0,0,0,0,0,0
0,1,4,0,0,0,0,0,0,0
0,6,2,0,0,0,0,0,0,0
1,1,6,0,0,0,0,0,0,0
0,1,4,0,0,0,0,0,0,0
1,0,5,0,0,0,0,0,0,0
1,2,4,0,0,0,0,0,0,0
0,5,9,0,0,0,0,0,0,0
1,1,3,0,0,0,0,0,0,0
0,2,6,0,0,0,0,0,0,0
5,0,18,0,0,0,0,0,0,0
1,1,3,0,0,0,0,0,0,0
0,1,5,0,0,0,0,0,0,0
3,1,19,0,0,0,0,0,0,0
1,2,13,0,0,0,0,0,0,0
0,4,8,0,0,0,0,0,0,0
0,1,4,0,0,0,0,0,0,0
0,4,6,0,0,0,0,0,0,0
1,2,12,0,0,0,0,0,0,0
0,6,1,0,0,0,0,0,0,0
0,4,11,0,0,0,0,0,0,0
0,4,6,0,0,0,0,0,0,0
1,1,9,0,0,0,0,0,0,0
1,2,3,0,0,0,0,0,0,0
2,0,8,0,0,0,0,0,0,0
0,3,8,0,0,0,0,0,0,0
0,10,7,0,0,0,0,0,0,0
0,2,3,0,0,0,0,0,0,0
0,6,4,0,0,0,0,0,0,0
1,1,6,0,0,0,0,0,0,0
0,5,2,0,0,0,0,0,0,0
0,6,12,0,0,0,0,0,0,0
0,4,2,0,0,0,0,0,0,0
0,1,6,0,0,0,0,0,0,0
0,3,2,0,0,0,0,0,0,0
0,3,2,0,0,0,0,0,0,0
0,2,3,0,0,0,0,0,0,0
0,2,13,0,0,0,0,0,0,0
0,4,1,0,0,0,0,0,0,0
0,1,6,0,0,0,0,0,0,0
0,1,4,0,0,0,0,0,0,0
0,1,4,0,0,0,0,0,0,0
0,3,8,0,0,0,0,0,0,0
0,2,9,0,0,0,0,0,0,0
0,6,8,0,0,0,0,0,0,0
0,3,7,0,0,0,0,0,0,0
0,3,3,0,0,0,0,0,0,0
3,2,14,0,0,0,0,0,0,0
0,2,8,0,0,0,0,0,0,0
1,1,12,0,0,0,0,0,0,0
0,1,5,0,0,0,0,0,0,0
0,1,4,0,0,0,0,0,0,0
0,1,4,0,0,0,0,0,0,0
1,8,6,0,0,0,0,0,0,0
1,1,12,0,0,0,0,0,0,0
3,3,9,0,0,0,0,0,0,0
5,4,19,0,0,0,0,0,0,0
0,1,6,0,0,0,0,0,0,0
2,0,13,0,0,0,0,0,0,0
0,1,6,0,0,0,0,0,0,0
0,7,3,0,0,0,0,0,0,0
0,1,6,0,0,0,0,0,0,0
1,2,12,0,0,0,0,0,0,0
0,3,5,0,0,0,0,0,0,0
0,4,9,0,0,0,0,0,0,0
0,8,6,0,0,0,0,0,0,0
0,1,6,0,0,0,0,0,0,0
8,0,9,0,0,0,0,0,0,0
2,1,17,0,0,0,0,0,0,0
3,3,1,0,0,0,0,0,0,0
0,11,18,0,0,0,0,0,0,0
0,6,15,0,0,0,0,0,0,0
0,5,1,0,0,0,0,0,0,0
0,6,2,0,0,0,0,0,0,0
0,5,2,0,0,0,0,0,0,0
0,1,5,0,0,0,0,0,0,0
0,3,8,0,0,0,0,0,0,0
0,13,11,0,0,0,0,0,0,0
0,2,4,0,0,0,0,0,0,0
0,4,1,0,0,0,0,0,0,0
1,1,11,0,0,0,0,0,0,0
0,6,6,0,0,0,0,0,0,0
0,2,10,0,0,0,0,0,0,0
0,2,4,0,0,0,0,0,0,0
0,1,5,0,0,0,0,0,0,0
0,3,3,0,0,0,0,0,0,0
0,10,7,0,0,0,0,0,0,0
0,3,5,0,0,0,0,0,0,0
1,0,6,0,0,0,0,0,0,0
0,3,11,0,0,0,0,0,0,0
0,2,4,0,0,0,0,0,0,0
0,2,4,0,0,0,0,0,0,0
1,3,3,0,0,0,0,0,0,0
0,4,13,0,0,0,0,0,0,0
0,1,6,0,0,0,0,0,0,0
0,2,8,0,0,0,0,0,0,0
2,3,6,0,0,0,0,0,0,0
1,6,11,0,0,0,0,0,0,0
0,4,11,0,0,0,0,0,0,0
0,4,20,0,0,0,0,0,0,0
1,0,6,0,0,0,0,0,0,0
1,2,4,0,0,0,0,0,0,0
0,2,9,0,0,0,0,0,0,0
0,6,1,0,0,0,0,0,0,0
1,1,8,0,0,0,0,0,0,0
0,1,4,0,0,0,0,0,0,0
0,3,3,0,0,0,0,0,0,0
0,6,1,0,0,0,0,0,0,0
0,3,14,0,0,0,0,0,0,0
0,5,2,0,0,0,0,0,0,0
0,3,5,0,0,0,0,0,0,0
4,2,3,0,0,0,0,0,0,0
0,1,6,0,0,0,0,0,0,0
1,8,2,0,0,0,0,0,0,0
2,2,11,0,0,0,0,0,0,0
0,1,4,0,0,0,0,0,0,0
1,0,5,0,0,0,0,0,0,0
1,1,10,0,0,0,0,0,0,0
0,1,5,0,0,0,0,0,0,0
0,4,14,0,0,0,0,0,0,0
3,2,16,0,0,0,0,0,0,0
0,15,10,0,0,0,0,0,0,0
0,1,5,0,0,0,0,0,0,0
0,2,5,0,0,0,0,0,0,0
1,1,11,0,0,0,0,0,0,0
0,2,5,0,0,0,0,0,0,0
0,2,4,0,0,0,0,0,0,0
1,1,7,0,0,0,0,0,0,0
2,3,2,0,0,0,0,0,0,0
2,0,6,0,0,0,0,0,0,0
1,3,10,0,0,0,0,0,0,0
1,8,8,0,0,0,0,0,0,0
1,0,6,0,0,0,0,0,0,0
0,3,3,0,0,0,0,0,0,0
0,4,14,0,0,0,0,0,0,0
0,1,6,0,0,0,0,0,0,0
2,7,5,0,0,0,0,0,0,0
0,2,7,0,0,0,0,0,0,0
0,3,2,0,0,0,0,0,0,0
0,5,1,0,0,0,0,0,0,0
0,10,5,0,0,0,0,0,0,0
0,2,13,0,0,0,0,0,0,0
1,1,4,0,0,0,0,0,0,0
2,4,3,0,0,0,0,0,0,0
1,3,9,0,0,0,0,0,0,0
0,3,3,0,0,0,0,0,0,0
0,1,5,0,0,0,0,0,0,0
0,1,4,0,0,0,0,0,0,0
0,1,4,0,0,0,0,0,0,0
0,1,6,0,0,0,0,0,0,0
0,7,3,0,0,0,0,0,0,0
0,3,12,0,0,0,0,0,0,0
0,2,6,0,0,0,0,0,0,0
0,4,2,0,0,0,0,0,0,0
0,8,17,0,0,0,0,0,0,0
0,3,8,0,0,0,0,0,0,0
0,2,8,0,0,0,0,0,0,0
0,1,5,0,0,0,0,0,0,0
0,1,6,0,0,0,0,0,0,0
0,4,2,0,0,0,0,0,0,0
0,2,6,0,0,0,0,0,0,0
2,3,20,0,0,0,0,0,0,0
1,5,20,0,0,0,0,0,0,0
1,2,13,0,0,0,0,0,0,0
2,1,12,0,0,0,0,0,0,0
2,0,5,0,0,0,0,0,0,0
0,8,10,0,0,0,0,0,0,0
0,4,1,0,0,0,0,0,0,0
0,2,5,0,0,0,0,0,0,0
0,3,8,0,0,0,0,0,0,0
1,2,10,0,0,0,0,0,0,0
1,3,20,0,0,0,0,0,0,0
0,4,2,0,0,0,0,0,0,0
0,1,5,0,0,0,0,0,0,0
0,2,7,0,0,0,0,0,0,0
0,2,12,0,0,0,0,0,0,0
0,1,4,0,0,0,0,0,0,0
0,2,10,0,0,0,0,0,0,0
0,6,5,0,0,0,0,0,0,0
0,4,1,0,0,0,0,0,0,0
0,19,7,0,0,0,0,0,0,0
0,2,3,0,0,0,0,0,0,0
1,1,4,0,0,0,0,0,0,0
0,3,11,0,0,0,0,0,0,0
0,4,4,0,0,0,0,0,0,0
1,0,5,0,0,0,0,0,0,0
1,1,13,0,0,0,0,0,0,0
0,2,4,0,0,0,0,0,0,0
0,6,3,0,0,0,0,0,0,0
2,0,10,0,0,0,0,0,0,0
0,5,4,0,0,0,0,0,0,0
1,0,5,0,0,0,0,0,0,0
1,4,1,0,0,0,0,0,0,0
0,2,4,0,0,0,0,0,0,0
0,1,4,0,0,0,0,0,0,0
0,1,5,0,0,0,0,0,0,0
0,7,7,0,0,0,0,0,0,0
0,1,5,0,0,0,0,0,0,0
1,1,13,0,0,0,0,0,0,0
0,4,2,0,0,0,0,0,0,0
0,2,3,0,0,0,0,0,0,0
1,4,12,0,0,0,0,0,0,0
2,0,13,0,0,0,0,0,0,0
0,2,8,0,0,0,0,0,0,0
0,4,1,0,0,0,0,0,0,0
0,18,7,0,0,0,0,0,0,0
0,1,4,0,0,0,0,0,0,0
0,2,9,0,0,0,0,0,0,0
1,7,10,0,0,0,0,0,0,0
0,3,2,0,0,0,0,0,0,0
0,1,4,0,0,0,0,0,0,0
0,4,12,0,0,0,0,0,0,0
0,3,3,0,0,0,0,0,0,0
0,2,9,0,0,0,0,0,0,0
0,1,4,0,0,0,0,0,0,0
0,9,2,0,0,0,0,0,0,0
0,1,4,0,0,0,0,0,0,0
1,7,2,0,0,0,0,0,0,0
0,2,3,0,0,0,0,0,0,0
1,5,4,0,0,0,0,0,0,0
1,1,4,0,0,0,0,0,0,0
0,3,4,0,0,0,0,0,0,0
0,3,4,0,0,0,0,0,0,0
1,1,13,0,0,0,0,0,0,0
0,3,11,0,0,0,0,0,0,0
0,4,17,0,0,0,0,0,0,0
0,5,17,0,0,0,0,0,0,0
0,3,6,0,0,0,0,0,0,0
0,1,6,0,0,0,0,0,0,0
1,0,5,0,0,0,0,0,0,0
2,3,17,0,0,0,0,0,0,0
0,5,5,0,0,0,0,0,0,0
1,2,4,0,0,0,0,0,0,0
1,1,9,0,0,0,0,0,0,0
0,8,2,0,0,0,0,0,0,0
1,1,6,0,0,0,0,0,0,0
1,4,12,0,0,0,0,0,0,0
1,0,6,0,0,0,0,0,0,0
0,2,4,0,0,0,0,0,0,0
1,5,16,0,0,0,0,0,0,0
0,4,3,0,0,0,0,0,0,0
0,3,8,0,0,0,0,0,0,0
0,4,1,0,0,0,0,0,0,0
0,9,11,0,0,0,0,0,0,0
2,3,13,0,0,0,0,0,0,0
0,5,15,0,0,0,0,0,0,0
0,2,5,0,0,0,0,0,0,0
0,2,5,0,0,0,0,0,0,0
0,5,1,0,0,0,0,0,0,0
0,4,5,0,0,0,0,0,0,0
0,1,4,0,0,0,0,0,0,0
0,2,9,0,0,0,0,0,0,0
1,3,13,0,0,0,0,0,0,0
1,1,5,0,0,0,0,0,0,0
0,13,14,0,0,0,0,0,0,0
0,2,10,0,0,0,0,0,0,0
0,2,4,0,0,0,0,0,0,0
0,6,9,0,0,0,0,0,0,0
1,0,5,0,0,0,0,0,0,0
1,0,5,0,0,0,0,0,0,0
0,1,5,0,0,0,0,0,0,0
1,3,16,0,0,0,0,0,0,0
2,1,3,0,0,0,0,0,0,0
20,62,9,0,0,0,0,0,0,0
0,1,5,0,0,0,0,0,0,0
1,0,6,0,0,0,0,0,0,0
0,2,5,0,0,0,0,0,0,0
0,2,12,0,0,0,0,0,0,0
1,2,17,0,0,0,0,0,0,0
1,2,14,0,0,0,0,0,0,0
0,4,18,0,0,0,0,0,0,0
2,5,2,0,0,0,0,0,0,0
0,6,3,0,0,0,0,0,0,0
2,1,8,0,0,0,0,0,0,0
0,2,9,0,0,0,0,0,0,0
0,2,8,0,0,0,0,0,0,0
1,0,6,0,0,0,0,0,0,0
1,1,7,0,0,0,0,0,0,0
0,1,6,0,0,0,0,0,0,0
0,6,7,0,0,0,0,0,0,0
0,8,8,0,0,0,0,0,0,0
2,3,4,0,0,0,0,0,0,0
0,2,10,0,0,0,0,0,0,0
1,1,8,0,0,0,0,0,0,0
1,4,13,0,0,0,0,0,0,0
1,2,5,0,0,0,0,0,0,0
0,2,5,0,0,0,0,0,0,0
0,2,13,0,0,0,0,0,0,0
0,12,3,0,0,0,0,0,0,0
0,4,3,0,0,0,0,0,0,0
0,4,7,0,0,0,0,0,0,0
0,3,11,0,0,0,0,0,0,0
0,6,4,0,0,0,0,0,0,0
0,1,5,0,0,0,0,0,0,0
1,3,11,0,0,0,0,0,0,0
0,14,3,0,0,0,0,0,0,0
1,1,13,0,0,0,0,0,0,0
0,2,11,0,0,0,0,0,0,0
1,3,25,0,0,0,0,0,0,0
1,1,9,0,0,0,0,0,0,0
0,4,10,0,0,0,0,0,0,0
0,3,9,0,0,0,0,0,0,0
0,2,8,0,0,0,0,0,0,0
0,16,4,0,0,0,0,0,0,0
0,1,4,0,0,0,0,0,0,0
0,10,6,0,0,0,0,0,0,0
0,1,5,0,0,0,0,0,0,0
0,2,11,0,0,0,0,0,0,0
0,2,12,0,0,0,0,0,0,0
1,0,6,0,0,0,0,0,0,0
0,4,1,0,0,0,0,0,0,0
1,1,5,0,0,0,0,0,0,0
1,2,10,0,0,0,0,0,0,0
1,3,1,0,0,0,0,0,0,0
1,0,6,0,0,0,0,0,0,0
1,0,6,0,0,0,0,0,0,0
1,2,4,0,0,0,0,0,0,0
2,0,10,0,0,0,0,0,0,0
1,10,2,0,0,0,0,0,0,0
0,2,4,0,0,0,0,0,0,0
1,1,5,0,0,0,0,0,0,0
1,2,7,0,0,0,0,0,0,0
0,1,6,0,0,0,0,0,0,0
0,2,3,0,0,0,0,0,0,0
1,2,3,0,0,0,0,0,0,0
0,4,10,0,0,0,0,0,0,0
0,1,4,0,0,0,0,0,0,0
0,3,9,0,0,0,0,0,0,0
0,1,4,0,0,0,0,0,0,0
1,0,6,0,0,0,0,0,0,0
0,2,4,0,0,0,0,0,0,0
1,2,19,0,0,0,0,0,0,0
1,1,10,0,0,0,0,0,0,0
0,4,7,0,0,0,0,0,0,0
1,5,12,0,0,0,0,0,0,0
0,1,6,0,0,0,0,0,0,0
3,1,2,0,0,0,0,0,0,0
0,3,3,0,0,0,0,0,0,0
0,1,4,0,0,0,0,0,0,0
0,3,2,0,0,0,0,0,0,0
0,1,6,0,0,0,0,0,0,0
0,3,2,0,0,0,0,0,0,0
2,1,2,0,0,0,0,0,0,0
1,0,5,0,0,0,0,0,0,0
0,1,5,0,0,0,0,0,0,0
0,1,6,0,0,0,0,0,0,0
2,0,13,0,0,0,0,0,0,0
0,6,5,0,0,0,0,0,0,0
1,1,9,0,0,0,0,0,0,0
0,2,8,0,0,0,0,0,0,0
0,3,11,0,0,0,0,0,0,0
0,2,11,0,0,0,0,0,0,0
0,2,7,0,0,0,0,0,0,0
0,1,4,0,0,0,0,0,0,0
0,8,2,0,0,0,0,0,0,0
3,2,1,0,0,0,0,0,0,0
0,3,7,0,0,0,0,0,0,0
0,5,13,0,0,0,0,0,0,0
0,1,6,0,0,0,0,0,0,0
2,0,8,0,0,0,0,0,0,0
1,2,6,0,0,0,0,0,0,0
0,1,5,0,0,0,0,0,0,0
0,1,4,0,0,0,0,0,0,0
0,1,4,0,0,0,0,0,0,0
0,4,1,0,0,0,0,0,0,0
0,2,10,0,0,0,0,0,0,0
9,2,3,0,0,0,0,0,0,0
0,3,5,0,0,0,0,0,0,0
0,6,2,0,0,0,0,0,0,0
0,2,11,0,0,0,0,0,0,0
0,3,8,0,0,0,0,0,0,0
1,5,11,0,0,0,0,0,0,0
2,0,10,0,0,0,0,0,0,0
0,4,13,0,0,0,0,0,0,0
0,3,7,0,0,0,0,0,0,0
0,3,2,0,0,0,0,0,0,0
1,1,3,0,0,0,0,0,0,0
1,1,11,0,0,0,0,0,0,0
1,1,5,0,0,0,0,0,0,0
0,1,5,0,0,0,0,0,0,0
0,13,4,0,0,0,0,0,0,0
0,2,12,0,0,0,0,0,0,0
1,21,8,0,0,0,0,0,0,0
0,2,7,0,0,0,0,0,0,0
0,10,3,0,0,0,0,0,0,0
0,3,14,0,0,0,0,0,0,0
1,6,2,0,0,0,0,0,0,0
0,1,4,0,0,0,0,0,0,0
1,2,9,0,0,0,0,0,0,0
1,6,4,0,0,0,0,0,0,0
0,4,1,0,0,0,0,0,0,0
0,1,5,0,0,0,0,0,0,0
0,1,6,0,0,0,0,0,0,0
1,0,5,0,0,0,0,0,0,0
0,3,6,0,0,0,0,0,0,0
1,9,16,0,0,0,0,0,0,0
0,2,4,0,0,0,0,0,0,0
1,3,2,0,0,0,0,0,0,0
2,1,7,0,0,0,0,0,0,0
2,7,2,0,0,0,0,0,0,0
0,2,8,0,0,0,0,0,0,0
0,1,4,0,0,0,0,0,0,0
0,6,9,0,0,0,0,0,0,0
0,9,11,0,0,0,0,0,0,0
0,4,2,0,0,0,0,0,0,0
0,1,6,0,0,0,0,0,0,0
0,3,4,0,0,0,0,0,0,0
0,2,4,0,0,0,0,0,0,0
0,1,4,0,0,0,0,0,0,0
4,10,2,0,0,0,0,0,0,0
1,4,1,0,0,0,0,0,0,0
21,20,1,0,0,0,0,0,0,0
0,1,6,0,0,0,0,0,0,0
0,1,5,0,0,0,0,0,0,0
2,1,16,0,0,0,0,0,0,0
0,5,5,0,0,0,0,0,0,0
0,3,15,0,0,0,0,0,0,0
0,1,4,0,0,0,0,0,0,0
0,2,4,0,0,0,0,0,0,0
0,2,5,0,0,0,0,0,0,0
0,1,6,0,0,0,0,0,0,0
2,1,20,0,0,0,0,0,0,0
0,2,4,0,0,0,0,0,0,0
0,3,13,0,0,0,0,0,0,0
1,1,4,0,0,0,0,0,0,0
1,7,12,0,0,0,0,0,0,0
1,1,8,0,0,0,0,0,0,0
0,2,7,0,0,0,0,0,0,0
0,1,4,0,0,0,0,0,0,0
1,1,10,0,0,0,0,0,0,0
1,1,9,0,0,0,0,0,0,0
0,1,4,0,0,0,0,0,0,0
0,3,2,0,0,0,0,0,0,0
0,7,2,0,0,0,0,0,0,0
0,5,1,0,0,0,0,0,0,0
1,3,23,0,0,0,0,0,0,0
0,1,6,0,0,0,0,0,0,0
0,2,10,0,0,0,0,0,0,0
0,2,12,0,0,0,0,0,0,0
0,6,3,0,0,0,0,0,0,0
1,4,7,0,0,0,0,0,0,0
0,3,10,0,0,0,0,0,0,0
0,4,1,0,0,0,0,0,0,0
0,2,7,0,0,0,0,0,0,0
0,1,4,0,0,0,0,0,0,0
0,1,4,0,0,0,0,0,0,0
0,2,5,0,0,0,0,0,0,0
0,2,10,0,0,0,0,0,0,0
0,3,18,0,0,0,0,0,0,0
2,1,10,0,0,0,0,0,0,0
1,7,3,0,0,0,0,0,0,0
0,1,6,0,0,0,0,0,0,0
1,0,6,0,0,0,0,0,0,0
0,1,5,0,0,0,0,0,0,0
0,4,11,0,0,0,0,0,0,0
1,1,11,0,0,0,0,0,0,0
0,1,5,0,0,0,0,0,0,0
0,1,5,0,0,0,0,0,0,0
0,6,18,0,0,0,0,0,0,0
7,25,2,0,0,0,0,0,0,0
1,1,6,0,0,0,0,0,0,0
1,0,6,0,0,0,0,0,0,0
1,1,10,0,0,0,0,0,0,0
1,4,7,0,0,0,0,0,0,0
0,2,4,0,0,0,0,0,0,0
0,9,9,0,0,0,0,0,0,0
1,3,6,0,0,0,0,0,0,0
2,0,13,0,0,0,0,0,0,0
0,4,8,0,0,0,0,0,0,0
0,3,2,0,0,0,0,0,0,0
0,6,3,0,0,0,0,0,0,0
0,5,3,0,0,0,0,0,0,0
1,2,8,0,0,0,0,0,0,0
0,1,4,0,0,0,0,0,0,0
0,6,14,0,0,0,0,0,0,0
0,6,1,0,0,0,0,0,0,0
0,8,3,0,0,0,0,0,0,0
0,4,8,0,0,0,0,0,0,0
0,2,5,0,0,0,0,0,0,0
0,2,5,0,0,0,0,0,0,0
0,1,4,0,0,0,0,0,0,0
1,1,11,0,0,0,0,0,0,0
0,8,4,0,0,0,0,0,0,0
1,7,2,0,0,0,0,0,0,0
1,1,7,0,0,0,0,0,0,0
0,2,7,0,0,0,0,0,0,0
0,4,9,0,0,0,0,0,0,0
0,2,4,0,0,0,0,0,0,0
1,3,6,0,0,0,0,0,0,0
0,1,4,0,0,0,0,0,0,0
0,4,19,0,0,0,0,0,0,0
0,1,4,0,0,0,0,0,0,0
1,14,6,0,0,0,0,0,0,0
0,2,5,0,0,0,0,0,0,0
0,2,3,0,0,0,0,0,0,0
0,3,12,0,0,0,0,0,0,0
0,3,2,0,0,0,0,0,0,0
0,1,4,0,0,0,0,0,0,0
0,1,6,0,0,0,0,0,0,0
1,0,5,0,0,0,0,0,0,0
0,11,5,0,0,0,0,0,0,0
1,2,4,0,0,0,0,0,0,0
1,2,20,0,0,0,0,0,0,0
0,3,19,0,0,0,0,0,0,0
0,1,5,0,0,0,0,0,0,0
0,2,9,0,0,0,0,0,0,0
0,2,10,0,0,0,0,0,0,0
2,2,19,0,0,0,0,0,0,0
0,1,6,0,0,0,0,0,0,0
1,1,3,0,0,0,0,0,0,0
0,10,3,0,0,0,0,0,0,0
0,1,5,0,0,0,0,0,0,0
1,2,3,0,0,0,0,0,0,0
0,2,8,0,0,0,0,0,0,0
0,5,3,0,0,0,0,0,0,0
1,3,7,0,0,0,0,0,0,0
0,5,2,0,0,0,0,0,0,0
0,2,12,0,0,0,0,0,0,0
4,3,11,0,0,0,0,0,0,0
0,1,4,0,0,0,0,0,0,0
0,3,12,0,0,0,0,0,0,0
1,3,2,0,0,0,0,0,0,0
1,2,6,0,0,0,0,0,0,0
1,2,17,0,0,0,0,0,0,0
1,4,5,0,0,0,0,0,0,0
1,2,14,0,0,0,0,0,0,0
0,2,3,0,0,0,0,0,0,0
2,0,13,0,0,0,0,0,0,0
0,1,5,0,0,0,0,0,0,0
0,2,10,0,0,0,0,0,0,0
0,8,2,0,0,0,0,0,0,0
1,1,13,0,0,0,0,0,0,0
0,5,3,0,0,0,0,0,0,0
0,4,3,0,0,0,0,0,0,0
0,4,9,0,0,0,0,0,0,0
1,1,3,0,0,0,0,0,0,0
0,1,4,0,0,0,0,0,0,0
0,2,7,0,0,0,0,0,0,0
0,7,5,0,0,0,0,0,0,0
0,2,13,0,0,0,0,0,0,0
0,1,6,0,0,0,0,0,0,0
0,1,5,0,0,0,0,0,0,0
0,1,6,0,0,0,0,0,0,0
0,2,9,0,0,0,0,0,0,0
0,3,17,0,0,0,0,0,0,0
0,1,6,0,0,0,0,0,0,0
0,9,6,0,0,0,0,0,0,0
0,5,1,0,0,0,0,0,0,0
0,1,6,0,0,0,0,0,0,0
1,3,7,0,0,0,0,0,0,0
1,2,4,0,0,0,0,0,0,0
0,12,4,0,0,0,0,0,0,0
2,3,8,0,0,0,0,0,0,0
0,12,5,0,0,0,0,0,0,0
3,14,15,0,0,0,0,0,0,0
1,2,10,0,0,0,0,0,0,0
0,1,5,0,0,0,0,0,0,0
1,1,8,0,0,0,0,0,0,0
0,2,8,0,0,0,0,0,0,0
1,2,12,0,0,0,0,0,0,0
0,1,4,0,0,0,0,0,0,0
1,0,5,0,0,0,0,0,0,0
31,77,7,0,0,0,0,0,0,0
0,2,6,0,0,0,0,0,0,0
0,2,3,0,0,0,0,0,0,0
0,5,9,0,0,0,0,0,0,0
0,1,6,0,0,0,0,0,0,0
0,2,12,0,0,0,0,0,0,0
2,3,9,0,0,0,0,0,0,0
0,1,5,0,0,0,0,0,0,0
0,7,8,0,0,0,0,0,0,0
0,11,2,0,0,0,0,0,0,0
0,2,3,0,0,0,0,0,0,0
0,3,5,0,0,0,0,0,0,0
0,2,4,0,0,0,0,0,0,0
2,1,10,0,0,0,0,0,0,0
2,4,7,0,0,0,0,0,0,0
0,1,6,0,0,0,0,0,0,0
3,1,10,0,0,0,0,0,0,0
1,1,9,0,0,0,0,0,0,0
0,13,5,0,0,0,0,0,0,0
1,0,6,0,0,0,0,0,0,0
1,4,6,0,0,0,0,0,0,0
0,1,4,0,0,0,0,0,0,0
0,2,13,0,0,0,0,0,0,0
1,2,2,0,0,0,0,0,0,0
0,1,6,0,0,0,0,0,0,0
0,4,1,0,0,0,0,0,0,0
0,18,4,0,0,0,0,0,0,0
2,2,3,0,0,0,0,0,0,0
0,4,14,0,0,0,0,0,0,0
0,3,5,0,0,0,0,0,0,0
0,2,7,0,0,0,0,0,0,0
0,1,4,0,0,0,0,0,0,0
0,2,4,0,0,0,0,0,0,0
0,2,13,0,0,0,0,0,0,0
1,1,7,0,0,0,0,0,0,0
1,14,10,0,0,0,0,0,0,0
3,1,13,0,0,0,0,0,0,0
0,2,5,0,0,0,0,0,0,0
0,22,13,0,0,0,0,0,0,0
1,6,7,0,0,0,0,0,0,0
1,1,11,0,0,0,0,0,0,0
0,7,3,0,0,0,0,0,0,0
0,1,5,0,0,0,0,0,0,0
0,2,4,0,0,0,0,0,0,0
0,2,3,0,0,0,0,0,0,0
0,3,5,0,0,0,0,0,0,0
0,4,10,0,0,0,0,0,0,0
0,1,5,0,0,0,0,0,0,0
0,3,4,0,0,0,0,0,0,0
0,3,2,0,0,0,0,0,0,0
2,1,11,0,0,0,0,0,0,0
1,3,2,0,0,0,0,0,0,0
0,2,6,0,0,0,0,0,0,0
0,9,6,0,0,0,0,0,0,0
0,4,6,0,0,0,0,0,0,0
3,18,4,0,0,0,0,0,0,0
1,1,8,0,0,0,0,0,0,0
0,3,9,0,0,0,0,0,0,0
0,4,1,0,0,0,0,0,0,0
2,2,4,0,0,0,0,0,0,0
2,2,6,0,0,0,0,0,0,0
0,3,2,0,0,0,0,0,0,0
0,3,8,0,0,0,0,0,0,0
0,3,4,0,0,0,0,0,0,0
1,3,3,0,0,0,0,0,0,0
1,7,4,0,0,0,0,0,0,0
0,3,12,0,0,0,0,0,0,0
0,7,7,0,0,0,0,0,0,0
1,0,6,0,0,0,0,0,0,0
0,8,5,0,0,0,0,0,0,0
0,1,6,0,0,0,0,0,0,0
0,5,1,0,0,0,0,0,0,0
1,4,4,0,0,0,0,0,0,0
0,3,9,0,0,0,0,0,0,0
0,5,17,0,0,0,0,0,0,0
0,1,6,0,0,0,0,0,0,0
0,1,5,0,0,0,0,0,0,0
0,2,4,0,0,0,0,0,0,0
0,9,3,0,0,0,0,0,0,0
0,6,15,0,0,0,0,0,0,0
1,6,1,0,0,0,0,0,0,0
0,7,4,0,0,0,0,0,0,0
0,1,5,0,0,0,0,0,0,0
3,2,1,0,0,0,0,0,0,0
0,3,8,0,0,0,0,0,0,0
1,12,8,0,0,0,0,0,0,0
1,0,6,0,0,0,0,0,0,0
0,3,16,0,0,0,0,0,0,0
1,1,5,0,0,0,0,0,0,0
0,3,7,0,0,0,0,0,0,0
0,1,4,0,0,0,0,0,0,0
0,6,4,0,0,0,0,0,0,0
0,2,11,0,0,0,0,0,0,0
1,18,2,0,0,0,0,0,0,0
0,1,6,0,0,0,0,0,0,0
0,2,5,0,0,0,0,0,0,0
0,1,6,0,0,0,0,0,0,0
0,6,6,0,0,0,0,0,0,0
0,2,4,0,0,0,0,0,0,0
0,1,5,0,0,0,0,0,0,0
0,2,3,0,0,0,0,0,0,0
0,1,6,0,0,0,0,0,0,0
0,10,3,0,0,0,0,0,0,0
0,3,2,0,0,0,0,0,0,0
0,1,5,0,0,0,0,0,0,0
0,1,6,0,0,0,0,0,0,0
0,1,4,0,0,0,0,0,0,0
2,0,11,0,0,0,0,0,0,0
2,33,25,0,0,0,0,0,0,0
2,3,11,0,0,0,0,0,0,0
1,0,5,0,0,0,0,0,0,0
1,1,4,0,0,0,0,0,0,0
0,4,12,0,0,0,0,0,0,0
0,12,4,0,0,0,0,0,0,0
0,1,5,0,0,0,0,0,0,0
0,5,1,0,0,0,0,0,0,0
0,6,7,0,0,0,0,0,0,0
0,4,1,0,0,0,0,0,0,0
2,0,5,0,0,0,0,0,0,0
0,4,9,0,0,0,0,0,0,0
0,1,5,0,0,0,0,0,0,0
0,1,5,0,0,0,0,0,0,0
0,2,5,0,0,0,0,0,0,0
1,3,10,0,0,0,0,0,0,0
0,3,2,0,0,0,0,0,0,0
1,2,3,0,0,0,0,0,0,0
0,6,11,0,0,0,0,0,0,0
0,1,4,0,0,0,0,0,0,0
0,5,6,0,0,0,0,0,0,0
0,1,6,0,0,0,0,0,0,0
1,2,5,0,0,0,0,0,0,0
1,15,24,0,0,0,0,0,0,0
1,1,9,0,0,0,0,0,0,0
0,1,6,0,0,0,0,0,0,0
0,1,4,0,0,0,0,0,0,0
0,2,5,0,0,0,0,0,0,0
0,1,6,0,0,0,0,0,0,0
0,2,4,0,0,0,0,0,0,0
4,5,9,0,0,0,0,0,0,0
0,3,2,0,0,0,0,0,0,0
0,7,13,0,0,0,0,0,0,0
0,14,3,0,0,0,0,0,0,0
0,1,4,0,0,0,0,0,0,0
0,2,4,0,0,0,0,0,0,0
5,4,17,0,0,0,0,0,0,0
1,1,3,0,0,0,0,0,0,0
1,0,6,0,0,0,0,0,0,0
0,3,7,0,0,0,0,0,0,0
0,1,5,0,0,0,0,0,0,0
1,2,9,0,0,0,0,0,0,0
0,3,8,0,0,0,0,0,0,0
2,1,5,0,0,0,0,0,0,0
0,4,1,0,0,0,0,0,0,0
2,4,28,0,0,0,0,0,0,0
0,2,6,0,0,0,0,0,0,0
0,1,5,0,0,0,0,0,0,0
0,9,3,0,0,0,0,0,0,0
1,0,5,0,0,0,0,0,0,0
0,3,5,0,0,0,0,0,0,0
0,4,1,0,0,0,0,0,0,0
0,6,7,0,0,0,0,0,0,0
0,5,1,0,0,0,0,0,0,0
0,2,10,0,0,0,0,0,0,0
0,4,5,0,0,0,0,0,0,0
0,2,5,0,0,0,0,0,0,0
1,1,4,0,0,0,0,0,0,0
1,2,2,0,0,0,0,0,0,0
1,1,10,0,0,0,0,0,0,0
0,1,4,0,0,0,0,0,0,0
0,8,2,0,0,0,0,0,0,0
0,2,5,0,0,0,0,0,0,0
0,4,9,0,0,0,0,0,0,0
1,1,7,0,0,0,0,0,0,0
0,1,6,0,0,0,0,0,0,0
0,5,12,0,0,0,0,0,0,0
1,14,3,0,0,0,0,0,0,0
0,51,19,0,0,0,0,0,0,0
2,3,2,0,0,0,0,0,0,0
0,1,5,0,0,0,0,0,0,0
0,6,15,0,0,0,0,0,0,0
1,1,4,0,0,0,0,0,0,0
0,4,5,0,0,0,0,0,0,0
1,0,6,0,0,0,0,0,0,0
0,4,2,0,0,0,0,0,0,0
0,3,2,0,0,0,0,0,0,0
0,2,3,0,0,0,0,0,0,0
0,3,4,0,0,0,0,0,0,0
0,4,7,0,0,0,0,0,0,0
0,2,4,0,0,0,0,0,0,0
0,3,13,0,0,0,0,0,0,0
0,2,3,0,0,0,0,0,0,0
1,0,6,0,0,0,0,0,0,0
0,9,7,0,0,0,0,0,0,0
0,1,6,0,0,0,0,0,0,0
2,1,20,0,0,0,0,0,0,0
0,9,4,0,0,0,0,0,0,0
2,5,17,0,0,0,0,0,0,0
0,1,4,0,0,0,0,0,0,0
1,3,8,0,0,0,0,0,0,0
0,1,5,0,0,0,0,0,0,0
0,6,1,0,0,0,0,0,0,0
0,5,3,0,0,0,0,0,0,0
0,2,10,0,0,0,0,0,0,0
1,0,5,0,0,0,0,0,0,0
0,7,11,0,0,0,0,0,0,0
2,3,16,0,0,0,0,0,0,0
0,2,3,0,0,0,0,0,0,0
1,1,10,0,0,0,0,0,0,0
2,0,7,0,0,0,0,0,0,0
1,2,8,0,0,0,0,0,0,0
1,4,7,0,0,0,0,0,0,0
2,0,5,0,0,0,0,0,0,0
3,1,23,0,0,0,0,0,0,0
0,2,3,0,0,0,0,0,0,0
0,6,12,0,0,0,0,0,0,0
2,0,8,0,0,0,0,0,0,0
2,0,6,0,0,0,0,0,0,0
0,6,2,0,0,0,0,0,0,0
0,4,5,0,0,0,0,0,0,0
2,0,6,0,0,0,0,0,0,0
2,0,9,0,0,0,0,0,0,0
1,0,6,0,0,0,0,0,0,0
0,2,4,0,0,0,0,0,0,0
0,4,1,0,0,0,0,0,0,0
1,1,10,0,0,0,0,0,0,0
1,1,11,0,0,0,0,0,0,0
0,3,3,0,0,0,0,0,0,0
1,6,9,0,0,0,0,0,0,0
0,2,6,0,0,0,0,0,0,0
0,10,2,0,0,0,0,0,0,0
1,3,9,0,0,0,0,0,0,0
0,3,9,0,0,0,0,0,0,0
1,3,3,0,0,0,0,0,0,0
1,4,7,0,0,0,0,0,0,0
0,3,16,0,0,0,0,0,0,0
3,1,3,0,0,0,0,0,0,0
1,3,15,0,0,0,0,0,0,0
0,1,5,0,0,0,0,0,0,0
0,2,13,0,0,0,0,0,0,0
0,6,3,0,0,0,0,0,0,0
0,3,3,0,0,0,0,0,0,0
1,2,16,0,0,0,0,0,0,0
1,1,3,0,0,0,0,0,0,0
0,1,4,0,0,0,0,0,0,0
0,2,4,0,0,0,0,0,0,0
0,6,1,0,0,0,0,0,0,0
0,6,1,0,0,0,0,0,0,0
0,6,6,0,0,0,0,0,0,0
1,0,6,0,0,0,0,0,0,0
0,2,6,0,0,0,0,0,0,0
0,4,7,0,0,0,0,0,0,0
0,2,13,0,0,0,0,0,0,0
0,9,7,0,0,0,0,0,0,0
1,2,13,0,0,0,0,0,0,0
0,8,5,0,0,0,0,0,0,0
0,5,1,0,0,0,0,0,0,0
0,6,1,0,0,0,0,0,0,0
1,1,8,0,0,0,0,0,0,0
0,3,2,0,0,0,0,0,0,0
1,1,9,0,0,0,0,0,0,0
0,1,5,0,0,0,0,0,0,0
0,2,8,0,0,0,0,0,0,0
2,9,3,0,0,0,0,0,0,0
2,0,10,0,0,0,0,0,0,0
10,22,5,0,0,0,0,0,0,0
1,1,6,0,0,0,0,0,0,0
2,1,4,0,0,0,0,0,0,0
1,2,6,0,0,0,0,0,0,0
0,2,6,0,0,0,0,0,0,0
1,2,11,0,0,0,0,0,0,0
0,5,4,0,0,0,0,0,0,0
2,2,1,0,0,0,0,0,0,0
1,2,19,0,0,0,0,0,0,0
0,2,4,0,0,0,0,0,0,0
0,6,1,0,0,0,0,0,0,0
0,1,5,0,0,0,0,0,0,0
1,3,20,0,0,0,0,0,0,0
0,1,6,0,0,0,0,0,0,0
0,2,3,0,0,0,0,0,0,0
0,3,11,0,0,0,0,0,0,0
2,1,8,0,0,0,0,0,0,0
0,2,8,0,0,0,0,0,0,0
0,2,10,0,0,0,0,0,0,0
1,3,4,0,0,0,0,0,0,0
1,2,19,0,0,0,0,0,0,0
0,7,14,0,0,0,0,0,0,0
0,4,15,0,0,0,0,0,0,0
1,0,6,0,0,0,0,0,0,0
0,6,3,0,0,0,0,0,0,0
0,5,2,0,0,0,0,0,0,0
0,2,4,0,0,0,0,0,0,0
0,3,2,0,0,0,0,0,0,0
0,3,8,0,0,0,0,0,0,0
0,10,3,0,0,0,0,0,0,0
0,3,10,0,0,0,0,0,0,0
0,3,2,0,0,0,0,0,0,0
1,6,12,0,0,0,0,0,0,0
0,5,2,0,0,0,0,0,0,0
0,2,6,0,0,0,0,0,0,0
0,2,5,0,0,0,0,0,0,0
0,5,1,0,0,0,0,0,0,0
0,1,5,0,0,0,0,0,0,0
1,1,7,0,0,0,0,0,0,0
1,0,6,0,0,0,0,0,0,0
0,1,5,0,0,0,0,0,0,0
1,1,7,0,0,0,0,0,0,0
0,2,7,0,0,0,0,0,0,0
0,2,7,0,0,0,0,0,0,0
0,6,1,0,0,0,0,0,0,0
1,12,9,0,0,0,0,0,0,0
0,2,5,0,0,0,0,0,0,0
0,2,8,0,0,0,0,0,0,0
1,0,6,0,0,0,0,0,0,0
0,3,15,0,0,0,0,0,0,0
0,2,6,0,0,0,0,0,0,0
0,2,3,0,0,0,0,0,0,0
1,1,3,0,0,0,0,0,0,0
0,1,4,0,0,0,0,0,0,0
0,3,8,0,0,0,0,0,0,0
0,3,2,0,0,0,0,0,0,0
2,2,19,0,0,0,0,0,0,0
1,3,3,0,0,0,0,0,0,0
1,1,12,0,0,0,0,0,0,0
1,4,7,0,0,0,0,0,0,0
0,8,5,0,0,0,0,0,0,0
1,2,16,0,0,0,0,0,0,0
0,4,1,0,0,0,0,0,0,0
0,4,1,0,0,0,0,0,0,0
1,2,5,0,0,0,0,0,0,0
0,2,5,0,0,0,0,0,0,0
1,3,10,0,0,0,0,0,0,0
1,1,10,0,0,0,0,0,0,0
1,1,11,0,0,0,0,0,0,0
0,1,4,0,0,0,0,0,0,0
0,4,2,0,0,0,0,0,0,0
2,3,3,0,0,0,0,0,0,0
0,5,14,0,0,0,0,0,0,0
0,3,11,0,0,0,0,0,0,0
1,0,6,0,0,0,0,0,0,0
0,1,4,0,0,0,0,0,0,0
2,1,2,0,0,0,0,0,0,0
1,2,9,0,0,0,0,0,0,0
0,5,8,0,0,0,0,0,0,0
0,4,4,0,0,0,0,0,0,0
1,0,6,0,0,0,0,0,0,0
0,1,4,0,0,0,0,0,0,0
0,4,5,0,0,0,0,0,0,0
0,1,4,0,0,0,0,0,0,0
0,3,3,0,0,0,0,0,0,0
0,3,5,0,0,0,0,0,0,0
0,3,6,0,0,0,0,0,0,0
0,2,10,0,0,0,0,0,0,0
0,7,4,0,0,0,0,0,0,0
0,8,21,0,0,0,0,0,0,0
1,0,5,0,0,0,0,0,0,0
0,1,6,0,0,0,0,0,0,0
1,1,13,0,0,0,0,0,0,0
0,2,3,0,0,0,0,0,0,0
2,6,2,0,0,0,0,0,0,0
0,1,4,0,0,0,0,0,0,0
1,2,5,0,0,0,0,0,0,0
1,0,5,0,0,0,0,0,0,0
0,2,5,0,0,0,0,0,0,0
2,0,5,0,0,0,0,0,0,0
0,1,4,0,0,0,0,0,0,0
0,3,7,0,0,0,0,0,0,0
0,2,9,0,0,0,0,0,0,0
1,1,3,0,0,0,0,0,0,0
0,1,6,0,0,0,0,0,0,0
0,1,4,0,0,0,0,0,0,0
0,23,5,0,0,0,0,0,0,0
0,1,4,0,0,0,0,0,0,0
1,3,4,0,0,0,0,0,0,0
1,2,4,0,0,0,0,0,0,0
1,0,6,0,0,0,0,0,0,0
0,1,5,0,0,0,0,0,0,0
1,1,13,0,0,0,0,0,0,0
0,16,3,0,0,0,0,0,0,0
1,1,11,0,0,0,0,0,0,0
0,6,13,0,0,0,0,0,0,0
1,3,14,0,0,0,0,0,0,0
4,0,18,0,0,0,0,0,0,0
1,7,2,0,0,0,0,0,0,0
1,1,7,0,0,0,0,0,0,0
1,2,18,0,0,0,0,0,0,0
4,0,8,0,0,0,0,0,0,0
1,0,6,0,0,0,0,0,0,0
0,1,6,0,0,0,0,0,0,0
1,1,4,0,0,0,0,0,0,0
0,2,5,0,0,0,0,0,0,0
0,10,5,0,0,0,0,0,0,0
0,2,3,0,0,0,0,0,0,0
0,3,6,0,0,0,0,0,0,0
0,5,6,0,0,0,0,0,0,0
0,1,4,0,0,0,0,0,0,0
0,5,8,0,0,0,0,0,0,0
1,3,1,0,0,0,0,0,0,0
1,1,4,0,0,0,0,0,0,0
0,4,4,0,0,0,0,0,0,0
1,5,2,0,0,0,0,0,0,0
0,1,5,0,0,0,0,0,0,0
2,18,3,0,0,0,0,0,0,0
0,11,3,0,0,0,0,0,0,0
0,2,5,0,0,0,0,0,0,0
1,1,10,0,0,0,0,0,0,0
1,0,5,0,0,0,0,0,0,0
0,2,4,0,0,0,0,0,0,0
0,1,4,0,0,0,0,0,0,0
0,4,4,0,0,0,0,0,0,0
0,1,4,0,0,0,0,0,0,0
0,6,1,0,0,0,0,0,0,0
0,2,5,0,0,0,0,0,0,0
0,1,4,0,0,0,0,0,0,0
1,8,12,0,0,0,0,0,0,0
2,0,7,0,0,0,0,0,0,0
2,1,9,0,0,0,0,0,0,0
1,0,6,0,0,0,0,0,0,0
2,11,4,0,0,0,0,0,0,0
1,0,5,0,0,0,0,0,0,0
0,1,6,0,0,0,0,0,0,0
0,2,3,0,0,0,0,0,0,0
1,3,4,0,0,0,0,0,0,0
0,4,15,0,0,0,0,0,0,0
0,9,3,0,0,0,0,0,0,0
0,2,3,0,0,0,0,0,0,0
3,1,11,0,0,0,0,0,0,0
0,9,8,0,0,0,0,0,0,0
1,1,6,0,0,0,0,0,0,0
1,0,6,0,0,0,0,0,0,0
0,1,5,0,0,0,0,0,0,0
0,2,4,0,0,0,0,0,0,0
0,3,10,0,0,0,0,0,0,0
0,3,15,0,0,0,0,0,0,0
1,1,7,0,0,0,0,0,0,0
1,2,2,0,0,0,0,0,0,0
0,5,7,0,0,0,0,0,0,0
0,2,3,0,0,0,0,0,0,0
0,3,10,0,0,0,0,0,0,0
0,1,4,0,0,0,0,0,0,0
1,2,2,0,0,0,0,0,0,0
0,2,11,0,0,0,0,0,0,0
1,5,1,0,0,0,0,0,0,0
1,0,5,0,0,0,0,0,0,0
2,1,4,0,0,0,0,0,0,0
1,2,11,0,0,0,0,0,0,0
0,4,3,0,0,0,0,0,0,0
1,3,3,0,0,0,0,0,0,0
0,1,6,0,0,0,0,0,0,0
0,1,4,0,0,0,0,0,0,0
0,2,10,0,0,0,0,0,0,0
0,3,7,0,0,0,0,0,0,0
0,3,6,0,0,0,0,0,0,0
0,5,15,0,0,0,0,0,0,0
0,3,14,0,0,0,0,0,0,0
1,3,3,0,0,0,0,0,0,0
0,1,4,0,0,0,0,0,0,0
1,0,6,0,0,0,0,0,0,0
1,0,5,0,0,0,0,0,0,0
0,5,16,0,0,0,0,0,0,0
0,5,3,0,0,0,0,0,0,0
0,1,5,0,0,0,0,0,0,0
2,1,7,0,0,0,0,0,0,0
0,3,2,0,0,0,0,0,0,0
0,2,5,0,0,0,0,0,0,0
1,2,5,0,0,0,0,0,0,0
0,3,18,0,0,0,0,0,0,0
0,1,6,0,0,0,0,0,0,0
0,6,1,0,0,0,0,0,0,0
0,8,6,0,0,0,0,0,0,0
1,2,2,0,0,0,0,0,0,0
1,1,7,0,0,0,0,0,0,0
0,1,5,0,0,0,0,0,0,0
2,4,19,0,0,0,0,0,0,0
1,0,6,0,0,0,0,0,0,0
0,7,2,0,0,0,0,0,0,0
1,2,12,0,0,0,0,0,0,0
2,2,7,0,0,0,0,0,0,0
0,4,22,0,0,0,0,0,0,0
1,1,5,0,0,0,0,0,0,0
0,2,12,0,0,0,0,0,0,0
0,2,7,0,0,0,0,0,0,0
0,2,3,0,0,0,0,0,0,0
0,4,6,0,0,0,0,0,0,0
0,2,4,0,0,0,0,0,0,0
1,8,25,0,0,0,0,0,0,0
1,0,6,0,0,0,0,0,0,0
0,3,8,0,0,0,0,0,0,0
0,5,6,0,0,0,0,0,0,0
0,3,4,0,0,0,0,0,0,0
0,1,6,0,0,0,0,0,0,0
1,0,5,0,0,0,0,0,0,0
0,4,4,0,0,0,0,0,0,0
1,4,5,0,0,0,0,0,0,0
0,4,3,0,0,0,0,0,0,0
0,2,5,0,0,0,0,0,0,0
1,0,5,0,0,0,0,0,0,0
0,2,3,0,0,0,0,0,0,0
0,3,2,0,0,0,0,0,0,0
0,5,7,0,0,0,0,0,0,0
0,1,6,0,0,0,0,0,0,0
0,3,6,0,0,0,0,0,0,0
0,4,1,0,0,0,0,0,0,0
2,2,5,0,0,0,0,0,0,0
2,2,21,0,0,0,0,0,0,0
1,2,3,0,0,0,0,0,0,0
0,3,3,0,0,0,0,0,0,0
1,6,2,0,0,0,0,0,0,0
1,0,6,0,0,0,0,0,0,0
0,4,16,0,0,0,0,0,0,0
1,2,5,0,0,0,0,0,0,0
0,1,5,0,0,0,0,0,0,0
0,4,2,0,0,0,0,0,0,0
0,1,5,0,0,0,0,0,0,0
1,6,6,0,0,0,0,0,0,0
0,2,5,0,0,0,0,0,0,0
0,2,6,0,0,0,0,0,0,0
0,2,6,0,0,0,0,0,0,0
0,6,1,0,0,0,0,0,0,0
0,2,12,0,0,0,0,0,0,0
1,0,5,0,0,0,0,0,0,0
0,7,6,0,0,0,0,0,0,0
0,1,4,0,0,0,0,0,0,0
2,2,22,0,0,0,0,0,0,0
3,0,19,0,0,0,0,0,0,0
6,0,13,0,0,0,0,0,0,0
1,1,3,0,0,0,0,0,0,0
1,2,2,0,0,0,0,0,0,0
1,2,13,0,0,0,0,0,0,0
0,1,4,0,0,0,0,0,0,0
0,1,4,0,0,0,0,0,0,0
0,1,6,0,0,0,0,0,0,0
0,3,12,0,0,0,0,0,0,0
0,1,4,0,0,0,0,0,0,0
0,5,2,0,0,0,0,0,0,0
1,3,4,0,0,0,0,0,0,0
1,2,6,0,0,0,0,0,0,0
0,4,11,0,0,0,0,0,0,0
1,2,20,0,0,0,0,0,0,0
0,10,17,0,0,0,0,0,0,0
0,2,13,0,0,0,0,0,0,0
0,4,1,0,0,0,0,0,0,0
0,3,2,0,0,0,0,0,0,0
0,3,3,0,0,0,0,0,0,0
0,1,4,0,0,0,0,0,0,0
0,2,11,0,0,0,0,0,0,0
1,0,5,0,0,0,0,0,0,0
0,2,4,0,0,0,0,0,0,0
0,3,7,0,0,0,0,0,0,0
0,2,3,0,0,0,0,0,0,0
0,2,4,0,0,0,0,0,0,0
1,1,9,0,0,0,0,0,0,0
0,4,1,0,0,0,0,0,0,0
0,3,2,0,0,0,0,0,0,0
0,1,5,0,0,0,0,0,0,0
4,0,14,0,0,0,0,0,0,0
3,2,14,0,0,0,0,0,0,0
0,4,3,0,0,0,0,0,0,0
0,1,4,0,0,0,0,0,0,0
0,1,5,0,0,0,0,0,0,0
0,1,6,0,0,0,0,0,0,0
2,1,3,0,0,0,0,0,0,0
0,2,7,0,0,0,0,0,0,0
1,1,13,0,0,0,0,0,0,0
0,1,4,0,0,0,0,0,0,0
0,3,5,0,0,0,0,0,0,0
0,3,10,0,0,0,0,0,0,0
2,1,6,0,0,0,0,0,0,0
1,3,2,0,0,0,0,0,0,0
1,2,2,0,0,0,0,0,0,0
0,2,8,0,0,0,0,0,0,0
0,4,1,0,0,0,0,0,0,0
0,3,18,0,0,0,0,0,0,0
0,3,14,0,0,0,0,0,0,0
0,2,6,0,0,0,0,0,0,0
0,2,8,0,0,0,0,0,0,0
0,4,3,0,0,0,0,0,0,0
1,1,7,0,0,0,0,0,0,0
0,2,8,0,0,0,0,0,0,0
1,1,13,0,0,0,0,0,0,0
0,6,17,0,0,0,0,0,0,0
1,1,3,0,0,0,0,0,0,0
0,3,7,0,0,0,0,0,0,0
3,41,24,0,0,0,0,0,0,0
0,2,10,0,0,0,0,0,0,0
1,2,3,0,0,0,0,0,0,0
1,3,8,0,0,0,0,0,0,0
0,2,4,0,0,0,0,0,0,0
0,5,8,0,0,0,0,0,0,0
0,13,6,0,0,0,0,0,0,0
0,7,15,0,0,0,0,0,0,0
0,12,7,0,0,0,0,0,0,0
0,2,9,0,0,0,0,0,0,0
0,2,4,0,0,0,0,0,0,0
1,2,19,0,0,0,0,0,0,0
0,5,1,0,0,0,0,0,0,0
0,1,4,0,0,0,0,0,0,0
0,6,11,0,0,0,0,0,0,0
1,1,5,0,0,0,0,0,0,0
0,2,10,0,0,0,0,0,0,0
2,4,25,0,0,0,0,0,0,0
0,4,1,0,0,0,0,0,0,0
0,5,1,0,0,0,0,0,0,0
2,0,12,0,0,0,0,0,0,0
0,2,9,0,0,0,0,0,0,0
0,2,3,0,0,0,0,0,0,0
0,1,4,0,0,0,0,0,0,0
0,2,11,0,0,0,0,0,0,0
0,5,1,0,0,0,0,0,0,0
0,3,2,0,0,0,0,0,0,0
0,4,2,0,0,0,0,0,0,0
0,1,4,0,0,0,0,0,0,0
0,1,4,0,0,0,0,0,0,0
1,8,2,0,0,0,0,0,0,0
1,1,10,0,0,0,0,0,0,0
0,2,5,0,0,0,0,0,0,0
0,1,4,0,0,0,0,0,0,0
0,4,2,0,0,0,0,0,0,0
1,1,5,0,0,0,0,0,0,0
0,1,4,0,0,0,0,0,0,0
0,1,5,0,0,0,0,0,0,0
0,3,11,0,0,0,0,0,0,0
1,1,11,0,0,0,0,0,0,0
0,3,19,0,0,0,0,0,0,0
0,5,1,0,0,0,0,0,0,0
2,0,9,0,0,0,0,0,0,0
3,4,23,0,0,0,0,0,0,0
0,2,3,0,0,0,0,0,0,0
0,2,3,0,0,0,0,0,0,0
1,4,2,0,0,0,0,0,0,0
2,1,17,0,0,0,0,0,0,0
0,3,4,0,0,0,0,0,0,0
0,3,5,0,0,0,0,0,0,0
1,4,28,0,0,0,0,0,0,0
0,1,6,0,0,0,0,0,0,0
0,5,1,0,0,0,0,0,0,0
0,1,5,0,0,0,0,0,0,0
0,4,1,0,0,0,0,0,0,0
0,4,14,0,0,0,0,0,0,0
2,1,7,0,0,0,0,0,0,0
0,6,3,0,0,0,0,0,0,0
0,2,4,0,0,0,0,0,0,0
1,0,6,0,0,0,0,0,0,0
1,1,11,0,0,0,0,0,0,0
0,2,10,0,0,0,0,0,0,0
0,11,7,0,0,0,0,0,0,0
1,0,5,0,0,0,0,0,0,0
0,9,3,0,0,0,0,0,0,0
1,1,11,0,0,0,0,0,0,0
2,11,1,0,0,0,0,0,0,0
1,3,1,0,0,0,0,0,0,0
0,6,1,0,0,0,0,0,0,0
0,5,9,0,0,0,0,0,0,0
0,4,22,0,0,0,0,0,0,0
0,4,3,0,0,0,0,0,0,0
0,1,6,0,0,0,0,0,0,0
1,4,4,0,0,0,0,0,0,0
0,4,3,0,0,0,0,0,0,0
2,0,7,0,0,0,0,0,0,0
0,3,10,0,0,0,0,0,0,0
0,12,28,0,0,0,0,0,0,0
0,7,3,0,0,0,0,0,0,0
0,4,4,0,0,0,0,0,0,0
0,6,5,0,0,0,0,0,0,0
1,5,11,0,0,0,0,0,0,0
0,4,3,0,0,0,0,0,0,0
0,5,1,0,0,0,0,0,0,0
1,1,9,0,0,0,0,0,0,0
2,1,13,0,0,0,0,0,0,0
0,1,5,0,0,0,0,0,0,0
0,1,5,0,0,0,0,0,0,0
0,1,5,0,0,0,0,0,0,0
1,1,11,0,0,0,0,0,0,0
0,1,5,0,0,0,0,0,0,0
0,1,4,0,0,0,0,0,0,0
1,5,14,0,0,0,0,0,0,0
0,1,5,0,0,0,0,0,0,0
0,7,10,0,0,0,0,0,0,0
0,3,17,0,0,0,0,0,0,0
1,1,10,0,0,0,0,0,0,0
1,10,1,0,0,0,0,0,0,0
0,5,21,0,0,0,0,0,0,0
0,2,3,0,0,0,0,0,0,0
1,1,10,0,0,0,0,0,0,0
0,2,8,0,0,0,0,0,0,0
0,15,4,0,0,0,0,0,0,0
0,1,6,0,0,0,0,0,0,0
2,5,1,0,0,0,0,0,0,0
0,7,7,0,0,0,0,0,0,0
1,1,10,0,0,0,0,0,0,0
1,3,4,0,0,0,0,0,0,0
2,1,4,0,0,0,0,0,0,0
0,4,17,0,0,0,0,0,0,0
0,2,4,0,0,0,0,0,0,0
0,1,5,0,0,0,0,0,0,0
0,4,5,0,0,0,0,0,0,0
1,4,5,0,0,0,0,0,0,0
0,1,4,0,0,0,0,0,0,0
0,3,2,0,0,0,0,0,0,0
0,4,20,0,0,0,0,0,0,0
0,2,10,0,0,0,0,0,0,0
0,3,7,0,0,0,0,0,0,0
0,2,3,0,0,0,0,0,0,0
0,6,1,0,0,0,0,0,0,0
1,1,3,0,0,0,0,0,0,0
1,7,8,0,0,0,0,0,0,0
0,5,28,0,0,0,0,0,0,0
0,1,5,0,0,0,0,0,0,0
1,1,7,0,0,0,0,0,0,0
0,2,5,0,0,0,0,0,0,0
0,2,7,0,0,0,0,0,0,0
0,2,7,0,0,0,0,0,0,0
0,4,4,0,0,0,0,0,0,0
0,11,13,0,0,0,0,0,0,0
0,2,12,0,0,0,0,0,0,0
1,1,11,0,0,0,0,0,0,0
0,1,4,0,0,0,0,0,0,0
0,2,5,0,0,0,0,0,0,0
0,3,16,0,0,0,0,0,0,0
1,0,5,0,0,0,0,0,0,0
1,1,12,0,0,0,0,0,0,0
1,1,5,0,0,0,0,0,0,0
0,2,13,0,0,0,0,0,0,0
0,5,2,0,0,0,0,0,0,0
0,9,12,0,0,0,0,0,0,0
0,3,8,0,0,0,0,0,0,0
0,3,10,0,0,0,0,0,0,0
1,2,12,0,0,0,0,0,0,0
1,3,6,0,0,0,0,0,0,0
2,0,10,0,0,0,0,0,0,0
0,4,4,0,0,0,0,0,0,0
0,5,9,0,0,0,0,0,0,0
0,2,8,0,0,0,0,0,0,0
0,1,5,0,0,0,0,0,0,0
4,1,8,0,0,0,0,0,0,0
0,1,5,0,0,0,0,0,0,0
1,0,6,0,0,0,0,0,0,0
1,0,6,0,0,0,0,0,0,0
1,1,8,0,0,0,0,0,0,0
0,1,4,0,0,0,0,0,0,0
0,4,4,0,0,0,0,0,0,0
0,1,4,0,0,0,0,0,0,0
1,9,13,0,0,0,0,0,0,0
0,3,2,0,0,0,0,0,0,0
1,1,4,0,0,0,0,0,0,0
1,2,3,0,0,0,0,0,0,0
0,2,5,0,0,0,0,0,0,0
1,2,7,0,0,0,0,0,0,0
1,1,9,0,0,0,0,0,0,0
0,2,10,0,0,0,0,0,0,0
0,1,4,0,0,0,0,0,0,0
1,11,3,0,0,0,0,0,0,0
1,1,4,0,0,0,0,0,0,0
0,4,2,0,0,0,0,0,0,0
0,3,14,0,0,0,0,0,0,0
1,1,5,0,0,0,0,0,0,0
1,1,12,0,0,0,0,0,0,0
0,1,5,0,0,0,0,0,0,0
0,4,2,0,0,0,0,0,0,0
1,4,2,0,0,0,0,0,0,0
0,4,2,0,0,0,0,0,0,0
0,1,6,0,0,0,0,0,0,0
0,2,9,0,0,0,0,0,0,0
1,4,13,0,0,0,0,0,0,0
0,2,4,0,0,0,0,0,0,0
0,3,5,0,0,0,0,0,0,0
0,7,5,0,0,0,0,0,0,0
1,0,6,0,0,0,0,0,0,0
0,3,7,0,0,0,0,0,0,0
0,6,2,0,0,0,0,0,0,0
0,10,21,0,0,0,0,0,0,0
0,2,7,0,0,0,0,0,0,0
0,1,5,0,0,0,0,0,0,0
0,1,4,0,0,0,0,0,0,0
0,5,2,0,0,0,0,0,0,0
2,1,4,0,0,0,0,0,0,0
2,1,9,0,0,0,0,0,0,0
0,6,6,0,0,0,0,0,0,0
0,1,4,0,0,0,0,0,0,0
0,9,9,0,0,0,0,0,0,0
0,4,6,0,0,0,0,0,0,0
0,7,24,0,0,0,0,0,0,0
1,5,7,0,0,0,0,0,0,0
1,1,9,0,0,0,0,0,0,0
0,6,2,0,0,0,0,0,0,0
1,2,17,0,0,0,0,0,0,0
0,7,14,0,0,0,0,0,0,0
0,1,4,0,0,0,0,0,0,0
0,5,8,0,0,0,0,0,0,0
1,0,5,0,0,0,0,0,0,0
0,2,3,0,0,0,0,0,0,0
0,1,4,0,0,0,0,0,0,0
0,1,4,0,0,0,0,0,0,0
0,2,3,0,0,0,0,0,0,0
1,0,5,0,0,0,0,0,0,0
0,1,4,0,0,0,0,0,0,0
0,2,6,0,0,0,0,0,0,0
1,0,6,0,0,0,0,0,0,0
0,4,6,0,0,0,0,0,0,0
0,2,9,0,0,0,0,0,0,0
3,2,10,0,0,0,0,0,0,0
0,3,8,0,0,0,0,0,0,0
0,2,3,0,0,0,0,0,0,0
0,3,18,0,0,0,0,0,0,0
0,4,2,0,0,0,0,0,0,0
0,2,5,0,0,0,0,0,0,0
0,3,2,0,0,0,0,0,0,0
0,4,13,0,0,0,0,0,0,0
0,5,1,0,0,0,0,0,0,0
0,1,6,0,0,0,0,0,0,0
1,3,20,0,0,0,0,0,0,0
1,1,4,0,0,0,0,0,0,0
1,1,12,0,0,0,0,0,0,0
0,3,3,0,0,0,0,0,0,0
0,9,5,0,0,0,0,0,0,0
4,4,12,0,0,0,0,0,0,0
0,7,6,0,0,0,0,0,0,0
1,3,1,0,0,0,0,0,0,0
2,2,19,0,0,0,0,0,0,0
0,1,4,0,0,0,0,0,0,0
0,1,5,0,0,0,0,0,0,0
0,3,7,0,0,0,0,0,0,0
0,1,5,0,0,0,0,0,0,0
0,1,4,0,0,0,0,0,0,0
0,3,9,0,0,0,0,0,0,0
0,2,3,0,0,0,0,0,0,0
0,2,3,0,0,0,0,0,0,0
0,2,5,0,0,0,0,0,0,0
0,4,14,0,0,0,0,0,0,0
0,3,17,0,0,0,0,0,0,0
0,5,2,0,0,0,0,0,0,0
1,2,15,0,0,0,0,0,0,0
0,6,2,0,0,0,0,0,0,0
1,3,18,0,0,0,0,0,0,0
0,8,5,0,0,0,0,0,0,0
0,3,11,0,0,0,0,0,0,0
0,3,18,0,0,0,0,0,0,0
1,0,6,0,0,0,0,0,0,0
1,1,6,0,0,0,0,0,0,0
3,6,11,0,0,0,0,0,0,0
0,1,5,0,0,0,0,0,0,0
1,0,5,0,0,0,0,0,0,0
0,3,4,0,0,0,0,0,0,0
1,1,4,0,0,0,0,0,0,0
0,2,3,0,0,0,0,0,0,0
1,2,14,0,0,0,0,0,0,0
1,5,23,0,0,0,0,0,0,0
1,2,10,0,0,0,0,0,0,0
0,3,19,0,0,0,0,0,0,0
1,5,13,0,0,0,0,0,0,0
1,1,7,0,0,0,0,0,0,0
1,1,5,0,0,0,0,0,0,0
0,5,6,0,0,0,0,0,0,0
1,14,7,0,0,0,0,0,0,0
0,1,4,0,0,0,0,0,0,0
1,5,6,0,0,0,0,0,0,0
1,1,6,0,0,0,0,0,0,0
1,13,3,0,0,0,0,0,0,0
1,1,3,0,0,0,0,0,0,0
0,2,11,0,0,0,0,0,0,0
0,2,11,0,0,0,0,0,0,0
0,2,9,0,0,0,0,0,0,0
1,1,10,0,0,0,0,0,0,0
1,1,3,0,0,0,0,0,0,0
0,4,1,0,0,0,0,0,0,0
1,0,6,0,0,0,0,0,0,0
0,1,5,0,0,0,0,0,0,0
0,1,5,0,0,0,0,0,0,0
1,1,6,0,0,0,0,0,0,0
0,3,11,0,0,0,0,0,0,0
0,7,2,0,0,0,0,0,0,0
0,3,11,0,0,0,0,0,0,0
0,1,5,0,0,0,0,0,0,0
2,0,6,0,0,0,0,0,0,0
2,0,9,0,0,0,0,0,0,0
0,4,3,0,0,0,0,0,0,0
1,3,20,0,0,0,0,0,0,0
0,3,12,0,0,0,0,0,0,0
0,2,7,0,0,0,0,0,0,0
0,1,6,0,0,0,0,0,0,0
1,0,6,0,0,0,0,0,0,0
1,0,5,0,0,0,0,0,0,0
1,1,4,0,0,0,0,0,0,0
0,1,6,0,0,0,0,0,0,0
0,2,3,0,0,0,0,0,0,0
1,4,24,0,0,0,0,0,0,0
0,1,4,0,0,0,0,0,0,0
0,2,3,0,0,0,0,0,0,0
0,4,21,0,0,0,0,0,0,0
1,2,6,0,0,0,0,0,0,0
2,5,13,0,0,0,0,0,0,0
0,1,6,0,0,0,0,0,0,0
0,1,6,0,0,0,0,0,0,0
0,6,3,0,0,0,0,0,0,0
0,10,2,0,0,0,0,0,0,0
1,3,8,0,0,0,0,0,0,0
0,1,5,0,0,0,0,0,0,0
1,0,6,0,0,0,0,0,0,0
1,3,4,0,0,0,0,0,0,0
1,1,6,0,0,0,0,0,0,0
0,2,4,0,0,0,0,0,0,0
0,2,3,0,0,0,0,0,0,0
0,6,17,0,0,0,0,0,0,0
0,3,3,0,0,0,0,0,0,0
3,1,23,0,0,0,0,0,0,0
0,1,5,0,0,0,0,0,0,0
0,2,3,0,0,0,0,0,0,0
1,2,13,0,0,0,0,0,0,0
1,2,8,0,0,0,0,0,0,0
1,6,5,0,0,0,0,0,0,0
0,2,12,0,0,0,0,0,0,0
0,2,12,0,0,0,0,0,0,0
2,0,13,0,0,0,0,0,0,0
0,2,3,0,0,0,0,0,0,0
0,5,13,0,0,0,0,0,0,0
0,1,6,0,0,0,0,0,0,0
1,0,6,0,0,0,0,0,0,0
1,0,5,0,0,0,0,0,0,0
0,5,5,0,0,0,0,0,0,0
0,2,5,0,0,0,0,0,0,0
0,3,7,0,0,0,0,0,0,0
0,1,4,0,0,0,0,0,0,0
3,1,3,0,0,0,0,0,0,0
0,2,3,0,0,0,0,0,0,0
1,5,1,0,0,0,0,0,0,0
0,10,2,0,0,0,0,0,0,0
0,4,19,0,0,0,0,0,0,0
0,7,13,0,0,0,0,0,0,0
1,0,5,0,0,0,0,0,0,0
1,6,22,0,0,0,0,0,0,0
0,3,16,0,0,0,0,0,0,0
0,6,2,0,0,0,0,0,0,0
1,1,9,0,0,0,0,0,0,0
0,2,5,0,0,0,0,0,0,0
0,1,5,0,0,0,0,0,0,0
0,2,3,0,0,0,0,0,0,0
0,1,4,0,0,0,0,0,0,0
0,6,7,0,0,0,0,0,0,0
0,1,5,0,0,0,0,0,0,0
0,2,8,0,0,0,0,0,0,0
2,12,27,0,0,0,0,0,0,0
0,2,7,0,0,0,0,0,0,0
2,2,12,0,0,0,0,0,0,0
0,6,5,0,0,0,0,0,0,0
1,2,8,0,0,0,0,0,0,0
0,1,4,0,0,0,0,0,0,0
0,3,6,0,0,0,0,0,0,0
1,3,2,0,0,0,0,0,0,0
1,1,8,0,0,0,0,0,0,0
0,2,5,0,0,0,0,0,0,0
1,1,9,0,0,0,0,0,0,0
0,4,9,0,0,0,0,0,0,0
2,5,10,0,0,0,0,0,0,0
0,1,5,0,0,0,0,0,0,0
1,2,4,0,0,0,0,0,0,0
3,0,7,0,0,0,0,0,0,0
0,3,5,0,0,0,0,0,0,0
1,4,14,0,0,0,0,0,0,0
0,5,2,0,0,0,0,0,0,0
1,2,19,0,0,0,0,0,0,0
0,1,6,0,0,0,0,0,0,0
0,11,2,0,0,0,0,0,0,0
0,1,6,0,0,0,0,0,0,0
1,1,10,0,0,0,0,0,0,0
0,2,6,0,0,0,0,0,0,0
1,0,5,0,0,0,0,0,0,0
0,4,1,0,0,0,0,0,0,0
0,3,4,0,0,0,0,0,0,0
1,1,10,0,0,0,0,0,0,0
0,4,4,0,0,0,0,0,0,0
1,7,29,0,0,0,0,0,0,0
0,2,4,0,0,0,0,0,0,0
1,1,4,0,0,0,0,0,0,0
2,4,1,0,0,0,0,0,0,0
0,5,5,0,0,0,0,0,0,0
0,10,4,0,0,0,0,0,0,0
2,0,8,0,0,0,0,0,0,0
0,1,6,0,0,0,0,0,0,0
0,3,2,0,0,0,0,0,0,0
0,11,2,0,0,0,0,0,0,0
0,2,6,0,0,0,0,0,0,0
1,2,15,0,0,0,0,0,0,0
0,2,13,0,0,0,0,0,0,0
1,2,2,0,0,0,0,0,0,0
0,3,7,0,0,0,0,0,0,0
0,2,9,0,0,0,0,0,0,0
0,8,4,0,0,0,0,0,0,0
0,1,5,0,0,0,0,0,0,0
2,2,8,0,0,0,0,0,0,0
1,4,15,0,0,0,0,0,0,0
0,3,10,0,0,0,0,0,0,0
0,1,5,0,0,0,0,0,0,0
0,1,6,0,0,0,0,0,0,0
0,1,5,0,0,0,0,0,0,0
1,6,7,0,0,0,0,0,0,0
1,3,8,0,0,0,0,0,0,0
1,0,6,0,0,0,0,0,0,0
0,3,5,0,0,0,0,0,0,0
0,6,2,0,0,0,0,0,0,0
1,2,4,0,0,0,0,0,0,0
1,4,14,0,0,0,0,0,0,0
1,1,3,0,0,0,0,0,0,0
0,1,4,0,0,0,0,0,0,0
1,12,13,0,0,0,0,0,0,0
0,2,4,0,0,0,0,0,0,0
1,0,6,0,0,0,0,0,0,0
0,3,2,0,0,0,0,0,0,0
0,13,4,0,0,0,0,0,0,0
0,5,6,0,0,0,0,0,0,0
0,7,2,0,0,0,0,0,0,0
0,4,1,0,0,0,0,0,0,0
0,2,5,0,0,0,0,0,0,0
4,5,21,0,0,0,0,0,0,0
1,1,6,0,0,0,0,0,0,0
0,4,12,0,0,0,0,0,0,0
3,4,3,0,0,0,0,0,0,0
0,1,6,0,0,0,0,0,0,0
1,2,3,0,0,0,0,0,0,0
0,1,5,0,0,0,0,0,0,0
0,1,4,0,0,0,0,0,0,0
0,1,6,0,0,0,0,0,0,0
1,2,4,0,0,0,0,0,0,0
0,1,5,0,0,0,0,0,0,0
0,2,13,0,0,0,0,0,0,0
0,2,8,0,0,0,0,0,0,0
0,1,5,0,0,0,0,0,0,0
0,3,2,0,0,0,0,0,0,0
0,6,4,0,0,0,0,0,0,0
0,2,4,0,0,0,0,0,0,0
0,1,5,0,0,0,0,0,0,0
1,4,20,0,0,0,0,0,0,0
0,1,5,0,0,0,0,0,0,0
2,2,1,0,0,0,0,0,0,0
0,2,6,0,0,0,0,0,0,0
0,1,5,0,0,0,0,0,0,0
0,8,2,0,0,0,0,0,0,0
1,12,1,0,0,0,0,0,0,0
2,0,12,0,0,0,0,0,0,0
0,1,5,0,0,0,0,0,0,0
0,3,5,0,0,0,0,0,0,0
0,1,4,0,0,0,0,0,0,0
0,2,13,0,0,0,0,0,0,0
0,2,5,0,0,0,0,0,0,0
1,1,12,0,0,0,0,0,0,0
1,4,17,0,0,0,0,0,0,0
0,2,5,0,0,0,0,0,0,0
0,4,9,0,0,0,0,0,0,0
0,3,2,0,0,0,0,0,0,0
0,1,6,0,0,0,0,0,0,0
0,13,6,0,0,0,0,0,0,0
0,1,5,0,0,0,0,0,0,0
0,18,28,0,0,0,0,0,0,0
0,3,2,0,0,0,0,0,0,0
2,2,13,0,0,0,0,0,0,0
0,4,5,0,0,0,0,0,0,0
0,6,24,0,0,0,0,0,0,0
0,5,4,0,0,0,0,0,0,0
0,3,10,0,0,0,0,0,0,0
0,2,10,0,0,0,0,0,0,0
0,1,6,0,0,0,0,0,0,0
1,1,12,0,0,0,0,0,0,0
0,4,11,0,0,0,0,0,0,0
0,3,2,0,0,0,0,0,0,0
0,2,7,0,0,0,0,0,0,0
1,0,6,0,0,0,0,0,0,0
2,1,2,0,0,0,0,0,0,0
0,2,10,0,0,0,0,0,0,0
1,0,5,0,0,0,0,0,0,0
0,2,4,0,0,0,0,0,0,0
1,2,16,0,0,0,0,0,0,0
2,9,2,0,0,0,0,0,0,0
0,5,1,0,0,0,0,0,0,0
1,1,8,0,0,0,0,0,0,0
0,5,1,0,0,0,0,0,0,0
0,4,6,0,0,0,0,0,0,0
1,0,6,0,0,0,0,0,0,0
0,1,4,0,0,0,0,0,0,0
0,4,7,0,0,0,0,0,0,0
0,1,5,0,0,0,0,0,0,0
0,2,9,0,0,0,0,0,0,0
6,1,2,0,0,0,0,0,0,0
1,7,12,0,0,0,0,0,0,0
1,1,13,0,0,0,0,0,0,0
0,2,7,0,0,0,0,0,0,0
0,1,5,0,0,0,0,0,0,0
0,2,7,0,0,0,0,0,0,0
0,3,17,0,0,0,0,0,0,0
0,1,6,0,0,0,0,0,0,0
0,1,6,0,0,0,0,0,0,0
0,1,4,0,0,0,0,0,0,0
1,3,14,0,0,0,0,0,0,0
1,1,3,0,0,0,0,0,0,0
0,11,10,0,0,0,0,0,0,0
0,3,19,0,0,0,0,0,0,0
1,6,3,0,0,0,0,0,0,0
0,2,12,0,0,0,0,0,0,0
0,1,4,0,0,0,0,0,0,0
0,1,5,0,0,0,0,0,0,0
0,1,6,0,0,0,0,0,0,0
0,2,11,0,0,0,0,0,0,0
1,11,20,0,0,0,0,0,0,0
0,1,4,0,0,0,0,0,0,0
0,2,6,0,0,0,0,0,0,0
1,1,3,0,0,0,0,0,0,0
2,0,11,0,0,0,0,0,0,0
0,3,3,0,0,0,0,0,0,0
0,2,8,0,0,0,0,0,0,0
1,5,22,0,0,0,0,0,0,0
0,8,28,0,0,0,0,0,0,0
0,4,1,0,0,0,0,0,0,0
0,13,2,0,0,0,0,0,0,0
0,1,4,0,0,0,0,0,0,0
0,12,19,0,0,0,0,0,0,0
0,2,7,0,0,0,0,0,0,0
1,1,11,0,0,0,0,0,0,0
0,1,4,0,0,0,0,0,0,0
1,1,12,0,0,0,0,0,0,0
0,2,6,0,0,0,0,0,0,0
0,4,1,0,0,0,0,0,0,0
0,2,6,0,0,0,0,0,0,0
0,4,2,0,0,0,0,0,0,0
0,8,3,0,0,0,0,0,0,0
2,1,5,0,0,0,0,0,0,0
0,2,5,0,0,0,0,0,0,0
1,1,5,0,0,0,0,0,0,0
0,7,11,0,0,0,0,0,0,0
0,1,5,0,0,0,0,0,0,0
0,1,5,0,0,0,0,0,0,0
2,3,12,0,0,0,0,0,0,0
0,3,13,0,0,0,0,0,0,0
0,2,5,0,0,0,0,0,0,0
1,7,2,0,0,0,0,0,0,0
0,11,4,0,0,0,0,0,0,0
1,0,5,0,0,0,0,0,0,0
1,0,5,0,0,0,0,0,0,0
0,4,4,0,0,0,0,0,0,0
0,2,5,0,0,0,0,0,0,0
1,4,5,0,0,0,0,0,0,0
1,9,6,0,0,0,0,0,0,0
0,10,3,0,0,0,0,0,0,0
0,2,6,0,0,0,0,0,0,0
1,1,3,0,0,0,0,0,0,0
0,4,5,0,0,0,0,0,0,0
0,3,17,0,0,0,0,0,0,0
3,1,3,0,0,0,0,0,0,0
0,1,4,0,0,0,0,0,0,0
1,4,13,0,0,0,0,0,0,0
0,1,4,0,0,0,0,0,0,0
0,2,9,0,0,0,0,0,0,0
1,3,14,0,0,0,0,0,0,0
2,6,27,0,0,0,0,0,0,0
0,6,2,0,0,0,0,0,0,0
0,8,2,0,0,0,0,0,0,0
0,2,10,0,0,0,0,0,0,0
0,7,5,0,0,0,0,0,0,0
0,1,4,0,0,0,0,0,0,0
2,0,11,0,0,0,0,0,0,0
2,3,6,0,0,0,0,0,0,0
0,3,5,0,0,0,0,0,0,0
1,1,4,0,0,0,0,0,0,0
0,4,2,0,0,0,0,0,0,0
3,1,18,0,0,0,0,0,0,0
2,8,1,0,0,0,0,0,0,0
0,2,3,0,0,0,0,0,0,0
0,1,6,0,0,0,0,0,0,0
1,1,3,0,0,0,0,0,0,0
1,2,7,0,0,0,0,0,0,0
0,17,6,0,0,0,0,0,0,0
0,4,4,0,0,0,0,0,0,0
3,1,10,0,0,0,0,0,0,0
1,1,7,0,0,0,0,0,0,0
2,1,11,0,0,0,0,0,0,0
0,1,6,0,0,0,0,0,0,0
0,1,6,0,0,0,0,0,0,0
1,1,9,0,0,0,0,0,0,0
0,4,3,0,0,0,0,0,0,0
2,3,7,0,0,0,0,0,0,0
2,1,16,0,0,0,0,0,0,0
2,0,6,0,0,0,0,0,0,0
0,4,1,0,0,0,0,0,0,0
1,5,16,0,0,0,0,0,0,0
0,4,2,0,0,0,0,0,0,0
3,16,24,0,0,0,0,0,0,0
0,2,3,0,0,0,0,0,0,0
0,1,5,0,0,0,0,0,0,0
0,11,2,0,0,0,0,0,0,0
3,3,24,0,0,0,0,0,0,0
0,7,13,0,0,0,0,0,0,0
0,7,2,0,0,0,0,0,0,0
0,1,6,0,0,0,0,0,0,0
0,1,6,0,0,0,0,0,0,0
2,2,12,0,0,0,0,0,0,0
1,1,11,0,0,0,0,0,0,0
0,2,10,0,0,0,0,0,0,0
1,1,12,0,0,0,0,0,0,0
0,6,1,0,0,0,0,0,0,0
0,2,6,0,0,0,0,0,0,0
1,1,10,0,0,0,0,0,0,0
0,6,8,0,0,0,0,0,0,0
0,1,4,0,0,0,0,0,0,0
0,5,1,0,0,0,0,0,0,0
0,1,4,0,0,0,0,0,0,0
4,13,15,0,0,0,0,0,0,0
0,2,10,0,0,0,0,0,0,0
1,1,9,0,0,0,0,0,0,0
0,2,6,0,0,0,0,0,0,0
0,4,12,0,0,0,0,0,0,0
0,3,8,0,0,0,0,0,0,0
0,2,10,0,0,0,0,0,0,0
0,8,3,0,0,0,0,0,0,0
2,20,9,0,0,0,0,0,0,0
0,1,5,0,0,0,0,0,0,0
0,3,2,0,0,0,0,0,0,0
0,3,2,0,0,0,0,0,0,0
1,0,5,0,0,0,0,0,0,0
1,2,14,0,0,0,0,0,0,0
0,1,6,0,0,0,0,0,0,0
0,2,13,0,0,0,0,0,0,0
0,5,2,0,0,0,0,0,0,0
1,1,7,0,0,0,0,0,0,0
0,2,5,0,0,0,0,0,0,0
1,8,1,0,0,0,0,0,0,0
0,2,5,0,0,0,0,0,0,0
0,8,7,0,0,0,0,0,0,0
0,9,6,0,0,0,0,0,0,0
0,1,4,0,0,0,0,0,0,0
0,2,4,0,0,0,0,0,0,0
1,1,3,0,0,0,0,0,0,0
0,5,1,0,0,0,0,0,0,0
0,4,1,0,0,0,0,0,0,0
0,2,9,0,0,0,0,0,0,0
0,2,13,0,0,0,0,0,0,0
1,0,6,0,0,0,0,0,0,0
0,5,1,0,0,0,0,0,0,0
0,3,2,0,0,0,0,0,0,0
1,1,10,0,0,0,0,0,0,0
0,4,2,0,0,0,0,0,0,0
1,3,6,0,0,0,0,0,0,0
1,1,7,0,0,0,0,0,0,0
1,2,17,0,0,0,0,0,0,0
1,31,7,0,0,0,0,0,0,0
0,6,7,0,0,0,0,0,0,0
0,4,3,0,0,0,0,0,0,0
4,3,6,0,0,0,0,0,0,0
0,6,1,0,0,0,0,0,0,0
0,4,1,0,0,0,0,0,0,0
2,10,13,0,0,0,0,0,0,0
0,2,8,0,0,0,0,0,0,0
0,1,4,0,0,0,0,0,0,0
1,10,2,0,0,0,0,0,0,0
0,2,3,0,0,0,0,0,0,0
2,20,2,0,0,0,0,0,0,0
2,1,20,0,0,0,0,0,0,0
0,7,2,0,0,0,0,0,0,0
1,3,5,0,0,0,0,0,0,0
0,2,9,0,0,0,0,0,0,0
1,2,5,0,0,0,0,0,0,0
0,2,5,0,0,0,0,0,0,0
2,0,7,0,0,0,0,0,0,0
0,2,12,0,0,0,0,0,0,0
0,3,9,0,0,0,0,0,0,0
1,1,5,0,0,0,0,0,0,0
0,4,14,0,0,0,0,0,0,0
0,24,4,0,0,0,0,0,0,0
0,2,6,0,0,0,0,0,0,0
12,85,1,0,0,0,0,0,0,0
0,2,5,0,0,0,0,0,0,0
0,1,5,0,0,0,0,0,0,0
1,1,4,0,0,0,0,0,0,0
0,5,10,0,0,0,0,0,0,0
1,0,6,0,0,0,0,0,0,0
1,0,5,0,0,0,0,0,0,0
1,0,6,0,0,0,0,0,0,0
1,3,10,0,0,0,0,0,0,0
1,1,8,0,0,0,0,0,0,0
0,5,2,0,0,0,0,0,0,0
0,2,5,0,0,0,0,0,0,0
0,1,4,0,0,0,0,0,0,0
0,4,4,0,0,0,0,0,0,0
1,11,9,0,0,0,0,0,0,0
1,1,4,0,0,0,0,0,0,0
2,1,9,0,0,0,0,0,0,0
0,5,7,0,0,0,0,0,0,0
2,14,1,0,0,0,0,0,0,0
0,4,2,0,0,0,0,0,0,0
0,2,10,0,0,0,0,0,0,0
0,1,5,0,0,0,0,0,0,0
0,6,11,0,0,0,0,0,0,0
0,4,15,0,0,0,0,0,0,0
0,2,7,0,0,0,0,0,0,0
1,0,6,0,0,0,0,0,0,0
0,2,6,0,0,0,0,0,0,0
1,3,25,0,0,0,0,0,0,0
0,9,21,0,0,0,0,0,0,0
3,2,27,0,0,0,0,0,0,0
0,2,4,0,0,0,0,0,0,0
4,35,4,0,0,0,0,0,0,0
0,3,14,0,0,0,0,0,0,0
0,7,11,0,0,0,0,0,0,0
0,7,4,0,0,0,0,0,0,0
0,2,13,0,0,0,0,0,0,0
1,1,12,0,0,0,0,0,0,0
1,10,20,0,0,0,0,0,0,0
1,3,5,0,0,0,0,0,0,0
11,0,9,0,0,0,0,0,0,0
0,1,4,0,0,0,0,0,0,0
1,0,5,0,0,0,0,0,0,0
1,2,11,0,0,0,0,0,0,0
3,14,24,0,0,0,0,0,0,0
0,4,4,0,0,0,0,0,0,0
0,3,5,0,0,0,0,0,0,0
0,6,3,0,0,0,0,0,0,0
0,2,11,0,0,0,0,0,0,0
3,5,28,0,0,0,0,0,0,0
0,7,11,0,0,0,0,0,0,0
0,2,10,0,0,0,0,0,0,0
0,1,6,0,0,0,0,0,0,0
0,2,13,0,0,0,0,0,0,0
3,0,7,0,0,0,0,0,0,0
1,1,3,0,0,0,0,0,0,0
0,1,6,0,0,0,0,0,0,0
0,4,2,0,0,0,0,0,0,0
0,5,9,0,0,0,0,0,0,0
0,3,4,0,0,0,0,0,0,0
1,3,11,0,0,0,0,0,0,0
1,3,9,0,0,0,0,0,0,0
1,0,5,0,0,0,0,0,0,0
1,1,7,0,0,0,0,0,0,0
1,1,10,0,0,0,0,0,0,0
0,2,10,0,0,0,0,0,0,0
1,2,9,0,0,0,0,0,0,0
1,3,9,0,0,0,0,0,0,0
1,0,5,0,0,0,0,0,0,0
0,3,13,0,0,0,0,0,0,0
0,1,5,0,0,0,0,0,0,0
0,5,13,0,0,0,0,0,0,0
1,0,6,0,0,0,0,0,0,0
3,1,16,0,0,0,0,0,0,0
0,3,12,0,0,0,0,0,0,0
2,3,15,0,0,0,0,0,0,0
0,1,5,0,0,0,0,0,0,0
0,3,3,0,0,0,0,0,0,0
0,3,9,0,0,0,0,0,0,0
0,2,5,0,0,0,0,0,0,0
1,1,3,0,0,0,0,0,0,0
0,3,2,0,0,0,0,0,0,0
1,0,5,0,0,0,0,0,0,0
1,0,6,0,0,0,0,0,0,0
0,4,2,0,0,0,0,0,0,0
1,18,2,0,0,0,0,0,0,0
1,5,1,0,0,0,0,0,0,0
0,1,5,0,0,0,0,0,0,0
0,5,1,0,0,0,0,0,0,0
0,6,6,0,0,0,0,0,0,0
0,4,9,0,0,0,0,0,0,0
0,3,2,0,0,0,0,0,0,0
0,1,5,0,0,0,0,0,0,0
0,4,20,0,0,0,0,0,0,0
0,17,5,0,0,0,0,0,0,0
0,4,15,0,0,0,0,0,0,0
0,1,6,0,0,0,0,0,0,0
0,5,18,0,0,0,0,0,0,0
0,1,5,0,0,0,0,0,0,0
1,0,5,0,0,0,0,0,0,0
0,6,15,0,0,0,0,0,0,0
0,6,1,0,0,0,0,0,0,0
0,1,6,0,0,0,0,0,0,0
3,1,13,0,0,0,0,0,0,0
1,6,12,0,0,0,0,0,0,0
0,3,2,0,0,0,0,0,0,0
0,5,16,0,0,0,0,0,0,0
0,1,4,0,0,0,0,0,0,0
0,1,5,0,0,0,0,0,0,0
0,2,13,0,0,0,0,0,0,0
0,6,9,0,0,0,0,0,0,0
1,12,1,0,0,0,0,0,0,0
1,1,11,0,0,0,0,0,0,0
1,1,12,0,0,0,0,0,0,0
1,4,11,0,0,0,0,0,0,0
0,1,4,0,0,0,0,0,0,0
1,0,6,0,0,0,0,0,0,0
0,2,9,0,0,0,0,0,0,0
0,1,6,0,0,0,0,0,0,0
0,5,2,0,0,0,0,0,0,0
0,1,5,0,0,0,0,0,0,0
0,2,12,0,0,0,0,0,0,0
0,6,21,0,0,0,0,0,0,0
0,3,8,0,0,0,0,0,0,0
1,1,9,0,0,0,0,0,0,0
0,1,4,0,0,0,0,0,0,0
1,1,11,0,0,0,0,0,0,0
0,1,5,0,0,0,0,0,0,0
0,3,10,0,0,0,0,0,0,0
19,32,12,0,0,0,0,0,0,0
0,3,9,0,0,0,0,0,0,0
0,1,4,0,0,0,0,0,0,0
0,2,11,0,0,0,0,0,0,0
1,1,6,0,0,0,0,0,0,0
0,11,7,0,0,0,0,0,0,0
1,13,4,0,0,0,0,0,0,0
2,1,19,0,0,0,0,0,0,0
0,2,7,0,0,0,0,0,0,0
0,11,29,0,0,0,0,0,0,0
0,2,3,0,0,0,0,0,0,0
2,1,18,0,0,0,0,0,0,0
0,2,3,0,0,0,0,0,0,0
0,6,14,0,0,0,0,0,0,0
0,5,4,0,0,0,0,0,0,0
1,10,22,0,0,0,0,0,0,0
0,2,8,0,0,0,0,0,0,0
0,1,6,0,0,0,0,0,0,0
0,4,1,0,0,0,0,0,0,0
0,1,6,0,0,0,0,0,0,0
1,3,3,0,0,0,0,0,0,0
2,3,1,0,0,0,0,0,0,0
1,2,17,0,0,0,0,0,0,0
1,1,3,0,0,0,0,0,0,0
0,1,4,0,0,0,0,0,0,0
2,1,17,0,0,0,0,0,0,0
1,3,1,0,0,0,0,0,0,0
1,2,13,0,0,0,0,0,0,0
1,4,13,0,0,0,0,0,0,0
0,2,7,0,0,0,0,0,0,0
1,4,3,0,0,0,0,0,0,0
1,2,4,0,0,0,0,0,0,0
2,3,5,0,0,0,0,0,0,0
1,2,10,0,0,0,0,0,0,0
0,3,16,0,0,0,0,0,0,0
0,5,1,0,0,0,0,0,0,0
1,1,7,0,0,0,0,0,0,0
1,2,9,0,0,0,0,0,0,0
0,1,4,0,0,0,0,0,0,0
0,14,6,0,0,0,0,0,0,0
2,1,18,0,0,0,0,0,0,0
0,2,5,0,0,0,0,0,0,0
2,0,6,0,0,0,0,0,0,0
0,2,4,0,0,0,0,0,0,0
1,1,4,0,0,0,0,0,0,0
2,4,15,0,0,0,0,0,0,0
1,2,16,0,0,0,0,0,0,0
0,7,21,0,0,0,0,0,0,0
1,1,5,0,0,0,0,0,0,0
0,4,1,0,0,0,0,0,0,0
0,7,2,0,0,0,0,0,0,0
0,1,6,0,0,0,0,0,0,0
0,4,13,0,0,0,0,0,0,0
1,1,5,0,0,0,0,0,0,0
0,4,7,0,0,0,0,0,0,0
0,4,4,0,0,0,0,0,0,0
1,7,7,0,0,0,0,0,0,0
2,3,8,0,0,0,0,0,0,0
0,4,23,0,0,0,0,0,0,0
1,4,1,0,0,0,0,0,0,0
0,1,4,0,0,0,0,0,0,0
0,2,12,0,0,0,0,0,0,0
1,3,19,0,0,0,0,0,0,0
0,4,12,0,0,0,0,0,0,0
0,2,9,0,0,0,0,0,0,0
1,3,15,0,0,0,0,0,0,0
0,2,6,0,0,0,0,0,0,0
1,2,5,0,0,0,0,0,0,0
0,4,17,0,0,0,0,0,0,0
0,1,4,0,0,0,0,0,0,0
3,3,17,0,0,0,0,0,0,0
0,2,7,0,0,0,0,0,0,0
0,4,3,0,0,0,0,0,0,0
1,0,5,0,0,0,0,0,0,0
1,3,7,0,0,0,0,0,0,0
12,0,5,0,0,0,0,0,0,0
0,1,4,0,0,0,0,0,0,0
5,1,9,0,0,0,0,0,0,0
0,9,3,0,0,0,0,0,0,0
2,1,9,0,0,0,0,0,0,0
0,2,7,0,0,0,0,0,0,0
2,2,25,0,0,0,0,0,0,0
0,6,4,0,0,0,0,0,0,0
1,1,11,0,0,0,0,0,0,0
4,1,9,0,0,0,0,0,0,0
2,2,1,0,0,0,0,0,0,0
0,1,4,0,0,0,0,0,0,0
0,3,15,0,0,0,0,0,0,0
0,3,4,0,0,0,0,0,0,0
0,6,15,0,0,0,0,0,0,0
0,8,17,0,0,0,0,0,0,0
0,3,9,0,0,0,0,0,0,0
2,0,10,0,0,0,0,0,0,0
0,1,4,0,0,0,0,0,0,0
0,4,1,0,0,0,0,0,0,0
0,3,3,0,0,0,0,0,0,0
1,6,1,0,0,0,0,0,0,0
1,2,2,0,0,0,0,0,0,0
0,1,6,0,0,0,0,0,0,0
3,6,9,0,0,0,0,0,0,0
0,4,3,0,0,0,0,0,0,0
1,1,3,0,0,0,0,0,0,0
0,1,5,0,0,0,0,0,0,0
1,3,12,0,0,0,0,0,0,0
0,4,9,0,0,0,0,0,0,0
0,5,14,0,0,0,0,0,0,0
0,1,6,0,0,0,0,0,0,0
1,3,10,0,0,0,0,0,0,0
3,16,23,0,0,0,0,0,0,0
1,1,3,0,0,0,0,0,0,0
2,52,8,0,0,0,0,0,0,0
1,3,8,0,0,0,0,0,0,0
1,5,5,0,0,0,0,0,0,0
0,2,7,0,0,0,0,0,0,0
0,4,1,0,0,0,0,0,0,0
2,0,5,0,0,0,0,0,0,0
0,4,1,0,0,0,0,0,0,0
5,0,28,0,0,0,0,0,0,0
3,4,11,0,0,0,0,0,0,0
0,9,9,0,0,0,0,0,0,0
0,3,3,0,0,0,0,0,0,0
2,4,22,0,0,0,0,0,0,0
1,1,12,0,0,0,0,0,0,0
0,3,14,0,0,0,0,0,0,0
1,1,8,0,0,0,0,0,0,0
0,1,5,0,0,0,0,0,0,0
0,2,10,0,0,0,0,0,0,0
0,2,11,0,0,0,0,0,0,0
0,5,4,0,0,0,0,0,0,0
0,3,5,0,0,0,0,0,0,0
0,3,3,0,0,0,0,0,0,0
0,3,11,0,0,0,0,0,0,0
0,3,5,0,0,0,0,0,0,0
2,1,7,0,0,0,0,0,0,0
0,2,10,0,0,0,0,0,0,0
0,4,3,0,0,0,0,0,0,0
1,1,4,0,0,0,0,0,0,0
1,6,4,0,0,0,0,0,0,0
1,1,3,0,0,0,0,0,0,0
0,3,9,0,0,0,0,0,0,0
0,9,12,0,0,0,0,0,0,0
0,3,7,0,0,0,0,0,0,0
0,2,8,0,0,0,0,0,0,0
0,1,6,0,0,0,0,0,0,0
1,5,11,0,0,0,0,0,0,0
1,1,8,0,0,0,0,0,0,0
0,2,8,0,0,0,0,0,0,0
0,2,4,0,0,0,0,0,0,0
1,1,11,0,0,0,0,0,0,0
0,6,5,0,0,0,0,0,0,0
1,1,9,0,0,0,0,0,0,0
0,2,13,0,0,0,0,0,0,0
1,1,7,0,0,0,0,0,0,0
0,7,3,0,0,0,0,0,0,0
1,1,3,0,0,0,0,0,0,0
1,5,5,0,0,0,0,0,0,0
0,2,7,0,0,0,0,0,0,0
2,3,16,0,0,0,0,0,0,0
1,1,12,0,0,0,0,0,0,0
0,2,3,0,0,0,0,0,0,0
0,2,8,0,0,0,0,0,0,0
0,4,10,0,0,0,0,0,0,0
1,0,6,0,0,0,0,0,0,0
0,1,5,0,0,0,0,0,0,0
1,1,4,0,0,0,0,0,0,0
0,6,1,0,0,0,0,0,0,0
0,1,4,0,0,0,0,0,0,0
0,1,6,0,0,0,0,0,0,0
0,1,6,0,0,0,0,0,0,0
0,10,2,0,0,0,0,0,0,0
0,3,5,0,0,0,0,0,0,0
0,10,3,0,0,0,0,0,0,0
0,1,6,0,0,0,0,0,0,0
0,3,15,0,0,0,0,0,0,0
0,2,5,0,0,0,0,0,0,0
0,5,1,0,0,0,0,0,0,0
1,1,6,0,0,0,0,0,0,0
0,3,7,0,0,0,0,0,0,0
1,1,9,0,0,0,0,0,0,0
0,3,2,0,0,0,0,0,0,0
0,1,5,0,0,0,0,0,0,0
0,2,10,0,0,0,0,0,0,0
1,1,7,0,0,0,0,0,0,0
2,1,2,0,0,0,0,0,0,0
0,3,19,0,0,0,0,0,0,0
0,2,6,0,0,0,0,0,0,0
0,4,1,0,0,0,0,0,0,0
0,2,3,0,0,0,0,0,0,0
1,0,5,0,0,0,0,0,0,0
0,4,2,0,0,0,0,0,0,0
0,3,17,0,0,0,0,0,0,0
0,6,7,0,0,0,0,0,0,0
0,12,3,0,0,0,0,0,0,0
0,4,14,0,0,0,0,0,0,0
1,2,13,0,0,0,0,0,0,0
0,3,14,0,0,0,0,0,0,0
0,11,2,0,0,0,0,0,0,0
1,2,4,0,0,0,0,0,0,0
3,2,8,0,0,0,0,0,0,0
2,0,10,0,0,0,0,0,0,0
2,0,13,0,0,0,0,0,0,0
1,4,2,0,0,0,0,0,0,0
0,2,10,0,0,0,0,0,0,0
0,3,12,0,0,0,0,0,0,0
0,3,2,0,0,0,0,0,0,0
1,1,4,0,0,0,0,0,0,0
0,4,11,0,0,0,0,0,0,0
1,3,23,0,0,0,0,0,0,0
0,2,10,0,0,0,0,0,0,0
1,1,13,0,0,0,0,0,0,0
0,1,4,0,0,0,0,0,0,0
1,0,5,0,0,0,0,0,0,0
0,2,3,0,0,0,0,0,0,0
2,1,3,0,0,0,0,0,0,0
0,1,4,0,0,0,0,0,0,0
1,2,8,0,0,0,0,0,0,0
0,3,4,0,0,0,0,0,0,0
1,1,6,0,0,0,0,0,0,0
2,4,12,0,0,0,0,0,0,0
1,2,6,0,0,0,0,0,0,0
21,20,6,0,0,0,0,0,0,0
0,1,6,0,0,0,0,0,0,0
1,1,3,0,0,0,0,0,0,0
0,12,4,0,0,0,0,0,0,0
1,0,5,0,0,0,0,0,0,0
0,2,8,0,0,0,0,0,0,0
6,1,2,0,0,0,0,0,0,0
0,6,1,0,0,0,0,0,0,0
1,2,5,0,0,0,0,0,0,0
0,6,1,0,0,0,0,0,0,0
0,1,6,0,0,0,0,0,0,0
0,4,5,0,0,0,0,0,0,0
2,0,6,0,0,0,0,0,0,0
0,4,3,0,0,0,0,0,0,0
0,2,7,0,0,0,0,0,0,0
1,1,9,0,0,0,0,0,0,0
0,4,1,0,0,0,0,0,0,0
4,3,15,0,0,0,0,0,0,0
0,1,5,0,0,0,0,0,0,0
0,2,6,0,0,0,0,0,0,0
0,39,13,0,0,0,0,0,0,0
7,22,12,0,0,0,0,0,0,0
4,1,14,0,0,0,0,0,0,0
2,0,6,0,0,0,0,0,0,0
1,1,13,0,0,0,0,0,0,0
1,2,4,0,0,0,0,0,0,0
1,2,7,0,0,0,0,0,0,0
0,4,2,0,0,0,0,0,0,0
3,0,7,0,0,0,0,0,0,0
0,4,7,0,0,0,0,0,0,0
0,1,5,0,0,0,0,0,0,0
2,0,10,0,0,0,0,0,0,0
0,4,3,0,0,0,0,0,0,0
0,4,9,0,0,0,0,0,0,0
1,0,6,0,0,0,0,0,0,0
0,1,6,0,0,0,0,0,0,0
0,2,12,0,0,0,0,0,0,0
1,2,15,0,0,0,0,0,0,0
0,1,6,0,0,0,0,0,0,0
0,1,5,0,0,0,0,0,0,0
2,0,11,0,0,0,0,0,0,0
2,1,2,0,0,0,0,0,0,0
0,6,2,0,0,0,0,0,0,0
2,0,8,0,0,0,0,0,0,0
1,7,10,0,0,0,0,0,0,0
1,2,18,0,0,0,0,0,0,0
0,8,16,0,0,0,0,0,0,0
0,1,5,0,0,0,0,0,0,0
0,5,5,0,0,0,0,0,0,0
0,3,4,0,0,0,0,0,0,0
0,1,4,0,0,0,0,0,0,0
0,1,5,0,0,0,0,0,0,0
0,7,3,0,0,0,0,0,0,0
0,9,9,0,0,0,0,0,0,0
0,2,12,0,0,0,0,0,0,0
0,1,5,0,0,0,0,0,0,0
1,4,10,0,0,0,0,0,0,0
0,2,5,0,0,0,0,0,0,0
1,3,17,0,0,0,0,0,0,0
3,0,18,0,0,0,0,0,0,0
0,5,9,0,0,0,0,0,0,0
0,6,20,0,0,0,0,0,0,0
1,4,29,0,0,0,0,0,0,0
0,3,6,0,0,0,0,0,0,0
2,0,8,0,0,0,0,0,0,0
0,2,6,0,0,0,0,0,0,0
0,2,12,0,0,0,0,0,0,0
1,1,8,0,0,0,0,0,0,0
1,10,1,0,0,0,0,0,0,0
2,0,9,0,0,0,0,0,0,0
0,1,5,0,0,0,0,0,0,0
0,1,5,0,0,0,0,0,0,0
2,0,12,0,0,0,0,0,0,0
0,3,3,0,0,0,0,0,0,0
1,1,5,0,0,0,0,0,0,0
0,1,4,0,0,0,0,0,0,0
2,4,16,0,0,0,0,0,0,0
1,1,7,0,0,0,0,0,0,0
0,3,2,0,0,0,0,0,0,0
0,3,12,0,0,0,0,0,0,0
0,2,3,0,0,0,0,0,0,0
0,1,4,0,0,0,0,0,0,0
0,3,9,0,0,0,0,0,0,0
0,4,10,0,0,0,0,0,0,0
0,2,5,0,0,0,0,0,0,0
1,1,3,0,0,0,0,0,0,0
2,1,17,0,0,0,0,0,0,0
2,2,18,0,0,0,0,0,0,0
0,3,2,0,0,0,0,0,0,0
0,13,25,0,0,0,0,0,0,0
1,1,9,0,0,0,0,0,0,0
0,2,5,0,0,0,0,0,0,0
2,0,9,0,0,0,0,0,0,0
0,4,7,0,0,0,0,0,0,0
1,1,12,0,0,0,0,0,0,0
0,1,5,0,0,0,0,0,0,0
0,1,5,0,0,0,0,0,0,0
0,3,7,0,0,0,0,0,0,0
0,4,14,0,0,0,0,0,0,0
0,1,4,0,0,0,0,0,0,0
1,2,9,0,0,0,0,0,0,0
1,0,6,0,0,0,0,0,0,0
0,1,5,0,0,0,0,0,0,0
2,5,18,0,0,0,0,0,0,0
0,10,3,0,0,0,0,0,0,0
0,4,4,0,0,0,0,0,0,0
0,1,4,0,0,0,0,0,0,0
0,1,5,0,0,0,0,0,0,0
2,1,16,0,0,0,0,0,0,0
1,1,13,0,0,0,0,0,0,0
1,4,13,0,0,0,0,0,0,0
0,1,5,0,0,0,0,0,0,0
1,2,15,0,0,0,0,0,0,0
0,3,2,0,0,0,0,0,0,0
1,4,6,0,0,0,0,0,0,0
0,2,12,0,0,0,0,0,0,0
0,3,17,0,0,0,0,0,0,0
1,1,10,0,0,0,0,0,0,0
0,17,3,0,0,0,0,0,0,0
1,0,5,0,0,0,0,0,0,0
0,1,4,0,0,0,0,0,0,0
1,2,17,0,0,0,0,0,0,0
1,4,26,0,0,0,0,0,0,0
1,2,8,0,0,0,0,0,0,0
0,1,6,0,0,0,0,0,0,0
0,3,3,0,0,0,0,0,0,0
0,4,10,0,0,0,0,0,0,0
1,3,1,0,0,0,0,0,0,0
0,2,10,0,0,0,0,0,0,0
2,4,2,0,0,0,0,0,0,0
0,2,11,0,0,0,0,0,0,0
0,4,3,0,0,0,0,0,0,0
0,2,8,0,0,0,0,0,0,0
8,1,2,0,0,0,0,0,0,0
0,1,4,0,0,0,0,0,0,0
0,2,5,0,0,0,0,0,0,0
1,2,14,0,0,0,0,0,0,0
2,0,13,0,0,0,0,0,0,0
1,1,5,0,0,0,0,0,0,0
0,5,3,0,0,0,0,0,0,0
2,0,8,0,0,0,0,0,0,0
1,0,5,0,0,0,0,0,0,0
0,20,4,0,0,0,0,0,0,0
1,2,20,0,0,0,0,0,0,0
2,1,16,0,0,0,0,0,0,0
1,1,3,0,0,0,0,0,0,0
0,15,7,0,0,0,0,0,0,0
0,2,5,0,0,0,0,0,0,0
1,2,15,0,0,0,0,0,0,0
0,4,2,0,0,0,0,0,0,0
1,2,12,0,0,0,0,0,0,0
0,2,9,0,0,0,0,0,0,0
0,3,19,0,0,0,0,0,0,0
1,2,20,0,0,0,0,0,0,0
0,5,6,0,0,0,0,0,0,0
2,0,10,0,0,0,0,0,0,0
1,2,5,0,0,0,0,0,0,0
0,1,5,0,0,0,0,0,0,0
4,6,18,0,0,0,0,0,0,0
0,1,4,0,0,0,0,0,0,0
0,3,4,0,0,0,0,0,0,0
0,20,6,0,0,0,0,0,0,0
0,2,7,0,0,0,0,0,0,0
0,3,2,0,0,0,0,0,0,0
0,11,5,0,0,0,0,0,0,0
3,4,8,0,0,0,0,0,0,0
0,2,8,0,0,0,0,0,0,0
0,4,6,0,0,0,0,0,0,0
0,3,2,0,0,0,0,0,0,0
0,2,4,0,0,0,0,0,0,0
1,1,3,0,0,0,0,0,0,0
1,1,3,0,0,0,0,0,0,0
1,0,5,0,0,0,0,0,0,0
0,9,10,0,0,0,0,0,0,0
1,1,3,0,0,0,0,0,0,0
0,3,3,0,0,0,0,0,0,0
0,5,5,0,0,0,0,0,0,0
0,1,4,0,0,0,0,0,0,0
0,1,6,0,0,0,0,0,0,0
0,2,10,0,0,0,0,0,0,0
0,3,9,0,0,0,0,0,0,0
1,0,5,0,0,0,0,0,0,0
0,2,4,0,0,0,0,0,0,0
1,9,8,0,0,0,0,0,0,0
0,2,8,0,0,0,0,0,0,0
0,6,11,0,0,0,0,0,0,0
1,1,6,0,0,0,0,0,0,0
0,1,4,0,0,0,0,0,0,0
0,1,5,0,0,0,0,0,0,0
0,2,5,0,0,0,0,0,0,0
0,1,4,0,0,0,0,0,0,0
1,1,11,0,0,0,0,0,0,0
3,31,3,0,0,0,0,0,0,0
0,3,3,0,0,0,0,0,0,0
1,2,9,0,0,0,0,0,0,0
0,5,9,0,0,0,0,0,0,0
0,2,7,0,0,0,0,0,0,0
0,1,5,0,0,0,0,0,0,0
0,6,6,0,0,0,0,0,0,0
0,2,9,0,0,0,0,0,0,0
1,0,6,0,0,0,0,0,0,0
0,1,4,0,0,0,0,0,0,0
0,4,1,0,0,0,0,0,0,0
0,16,5,0,0,0,0,0,0,0
0,3,2,0,0,0,0,0,0,0
0,5,12,0,0,0,0,0,0,0
1,1,4,0,0,0,0,0,0,0
2,1,13,0,0,0,0,0,0,0
2,1,13,0,0,0,0,0,0,0
1,1,7,0,0,0,0,0,0,0
0,1,4,0,0,0,0,0,0,0
0,1,6,0,0,0,0,0,0,0
1,0,6,0,0,0,0,0,0,0
1,1,4,0,0,0,0,0,0,0
1,0,5,0,0,0,0,0,0,0
1,2,13,0,0,0,0,0,0,0
0,3,17,0,0,0,0,0,0,0
0,3,3,0,0,0,0,0,0,0
1,7,23,0,0,0,0,0,0,0
0,4,19,0,0,0,0,0,0,0
1,3,2,0,0,0,0,0,0,0
2,0,12,0,0,0,0,0,0,0
0,9,5,0,0,0,0,0,0,0
1,16,7,0,0,0,0,0,0,0
1,1,4,0,0,0,0,0,0,0
0,5,1,0,0,0,0,0,0,0
1,3,7,0,0,0,0,0,0,0
0,1,4,0,0,0,0,0,0,0
0,18,3,0,0,0,0,0,0,0
0,4,7,0,0,0,0,0,0,0
1,0,5,0,0,0,0,0,0,0
0,2,4,0,0,0,0,0,0,0
0,1,4,0,0,0,0,0,0,0
1,5,4,0,0,0,0,0,0,0
0,2,12,0,0,0,0,0,0,0
0,3,7,0,0,0,0,0,0,0
0,1,4,0,0,0,0,0,0,0
1,3,19,0,0,0,0,0,0,0
0,11,16,0,0,0,0,0,0,0
0,6,2,0,0,0,0,0,0,0
0,4,1,0,0,0,0,0,0,0
2,3,17,0,0,0,0,0,0,0
0,2,3,0,0,0,0,0,0,0
0,2,6,0,0,0,0,0,0,0
0,4,13,0,0,0,0,0,0,0
0,1,4,0,0,0,0,0,0,0
3,1,3,0,0,0,0,0,0,0
0,2,9,0,0,0,0,0,0,0
0,6,4,0,0,0,0,0,0,0
1,0,5,0,0,0,0,0,0,0
1,2,3,0,0,0,0,0,0,0
2,1,18,0,0,0,0,0,0,0
1,3,12,0,0,0,0,0,0,0
0,2,3,0,0,0,0,0,0,0
0,12,2,0,0,0,0,0,0,0
0,7,2,0,0,0,0,0,0,0
0,1,4,0,0,0,0,0,0,0
0,3,5,0,0,0,0,0,0,0
1,0,6,0,0,0,0,0,0,0
0,2,12,0,0,0,0,0,0,0
1,1,7,0,0,0,0,0,0,0
0,4,2,0,0,0,0,0,0,0
0,2,3,0,0,0,0,0,0,0
0,5,3,0,0,0,0,0,0,0
0,6,3,0,0,0,0,0,0,0
1,5,21,0,0,0,0,0,0,0
0,2,8,0,0,0,0,0,0,0
0,7,17,0,0,0,0,0,0,0
0,2,3,0,0,0,0,0,0,0
0,3,14,0,0,0,0,0,0,0
0,5,1,0,0,0,0,0,0,0
0,2,5,0,0,0,0,0,0,0
2,10,1,0,0,0,0,0,0,0
0,3,4,0,0,0,0,0,0,0
0,3,12,0,0,0,0,0,0,0
0,1,4,0,0,0,0,0,0,0
1,1,9,0,0,0,0,0,0,0
0,3,7,0,0,0,0,0,0,0
0,4,2,0,0,0,0,0,0,0
0,2,7,0,0,0,0,0,0,0
0,1,5,0,0,0,0,0,0,0
1,5,3,0,0,0,0,0,0,0
0,3,5,0,0,0,0,0,0,0
0,4,7,0,0,0,0,0,0,0
0,4,4,0,0,0,0,0,0,0
0,1,5,0,0,0,0,0,0,0
0,2,5,0,0,0,0,0,0,0
0,3,7,0,0,0,0,0,0,0
0,3,14,0,0,0,0,0,0,0
0,5,3,0,0,0,0,0,0,0
0,2,8,0,0,0,0,0,0,0
1,3,4,0,0,0,0,0,0,0
1,2,2,0,0,0,0,0,0,0
2,5,1,0,0,0,0,0,0,0
1,2,6,0,0,0,0,0,0,0
0,2,4,0,0,0,0,0,0,0
0,7,2,0,0,0,0,0,0,0
0,4,14,0,0,0,0,0,0,0
1,3,3,0,0,0,0,0,0,0
1,3,7,0,0,0,0,0,0,0
1,0,5,0,0,0,0,0,0,0
0,2,3,0,0,0,0,0,0,0
0,3,6,0,0,0,0,0,0,0
20,1,15,0,0,0,0,0,0,0
4,2,16,0,0,0,0,0,0,0
0,4,1,0,0,0,0,0,0,0
0,6,13,0,0,0,0,0,0,0
0,1,5,0,0,0,0,0,0,0
0,1,6,0,0,0,0,0,0,0
2,1,17,0,0,0,0,0,0,0
1,0,6,0,0,0,0,0,0,0
1,0,6,0,0,0,0,0,0,0
1,2,4,0,0,0,0,0,0,0
3,1,8,0,0,0,0,0,0,0
0,3,5,0,0,0,0,0,0,0
0,2,5,0,0,0,0,0,0,0
0,4,5,0,0,0,0,0,0,0
0,2,5,0,0,0,0,0,0,0
0,1,5,0,0,0,0,0,0,0
0,1,6,0,0,0,0,0,0,0
0,2,5,0,0,0,0,0,0,0
1,1,7,0,0,0,0,0,0,0
1,1,10,0,0,0,0,0,0,0
0,7,20,0,0,0,0,0,0,0
1,1,10,0,0,0,0,0,0,0
0,3,14,0,0,0,0,0,0,0
0,2,6,0,0,0,0,0,0,0
1,1,8,0,0,0,0,0,0,0
0,2,10,0,0,0,0,0,0,0
1,7,6,0,0,0,0,0,0,0
0,3,6,0,0,0,0,0,0,0
1,1,4,0,0,0,0,0,0,0
0,1,4,0,0,0,0,0,0,0
0,1,4,0,0,0,0,0,0,0
0,3,8,0,0,0,0,0,0,0
0,2,13,0,0,0,0,0,0,0
0,2,13,0,0,0,0,0,0,0
0,1,5,0,0,0,0,0,0,0
1,1,12,0,0,0,0,0,0,0
0,1,6,0,0,0,0,0,0,0
0,4,9,0,0,0,0,0,0,0
1,4,4,0,0,0,0,0,0,0
1,5,1,0,0,0,0,0,0,0
0,1,6,0,0,0,0,0,0,0
1,1,4,0,0,0,0,0,0,0
1,4,1,0,0,0,0,0,0,0
0,6,13,0,0,0,0,0,0,0
0,7,4,0,0,0,0,0,0,0
1,0,5,0,0,0,0,0,0,0
4,3,22,0,0,0,0,0,0,0
1,10,1,0,0,0,0,0,0,0
0,2,8,0,0,0,0,0,0,0
0,2,4,0,0,0,0,0,0,0
2,0,5,0,0,0,0,0,0,0
0,2,8,0,0,0,0,0,0,0
0,11,2,0,0,0,0,0,0,0
0,2,10,0,0,0,0,0,0,0
0,4,1,0,0,0,0,0,0,0
0,2,10,0,0,0,0,0,0,0
0,2,6,0,0,0,0,0,0,0
0,5,1,0,0,0,0,0,0,0
0,4,4,0,0,0,0,0,0,0
0,7,17,0,0,0,0,0,0,0
1,1,13,0,0,0,0,0,0,0
0,3,12,0,0,0,0,0,0,0
1,1,5,0,0,0,0,0,0,0
1,2,2,0,0,0,0,0,0,0
2,0,10,0,0,0,0,0,0,0
1,6,6,0,0,0,0,0,0,0
1,2,2,0,0,0,0,0,0,0
1,2,16,0,0,0,0,0,0,0
0,1,4,0,0,0,0,0,0,0
1,1,6,0,0,0,0,0,0,0
0,5,4,0,0,0,0,0,0,0
0,2,13,0,0,0,0,0,0,0
0,2,3,0,0,0,0,0,0,0
0,10,2,0,0,0,0,0,0,0
1,0,6,0,0,0,0,0,0,0
0,16,5,0,0,0,0,0,0,0
1,1,4,0,0,0,0,0,0,0
0,2,4,0,0,0,0,0,0,0
1,2,2,0,0,0,0,0,0,0
0,4,12,0,0,0,0,0,0,0
0,1,5,0,0,0,0,0,0,0
1,3,14,0,0,0,0,0,0,0
0,1,6,0,0,0,0,0,0,0
0,2,3,0,0,0,0,0,0,0
0,3,4,0,0,0,0,0,0,0
0,10,10,0,0,0,0,0,0,0
0,2,8,0,0,0,0,0,0,0
1,0,6,0,0,0,0,0,0,0
0,4,3,0,0,0,0,0,0,0
2,0,6,0,0,0,0,0,0,0
0,2,3,0,0,0,0,0,0,0
1,1,13,0,0,0,0,0,0,0
0,10,12,0,0,0,0,0,0,0
1,0,6,0,0,0,0,0,0,0
2,1,10,0,0,0,0,0,0,0
0,4,9,0,0,0,0,0,0,0
0,1,4,0,0,0,0,0,0,0
0,1,4,0,0,0,0,0,0,0
1,1,8,0,0,0,0,0,0,0
0,2,6,0,0,0,0,0,0,0
0,3,11,0,0,0,0,0,0,0
0,2,11,0,0,0,0,0,0,0
0,1,4,0,0,0,0,0,0,0
0,1,4,0,0,0,0,0,0,0
1,3,3,0,0,0,0,0,0,0
0,4,1,0,0,0,0,0,0,0
0,4,4,0,0,0,0,0,0,0
0,3,7,0,0,0,0,0,0,0
0,1,4,0,0,0,0,0,0,0
2,2,3,0,0,0,0,0,0,0
0,3,2,0,0,0,0,0,0,0
2,1,7,0,0,0,0,0,0,0
0,1,5,0,0,0,0,0,0,0
1,3,10,0,0,0,0,0,0,0
1,1,13,0,0,0,0,0,0,0
0,2,12,0,0,0,0,0,0,0
0,12,8,0,0,0,0,0,0,0
0,5,2,0,0,0,0,0,0,0
0,1,6,0,0,0,0,0,0,0
0,3,7,0,0,0,0,0,0,0
0,1,5,0,0,0,0,0,0,0
2,2,9,0,0,0,0,0,0,0
2,8,18,0,0,0,0,0,0,0
1,0,6,0,0,0,0,0,0,0
0,1,4,0,0,0,0,0,0,0
3,2,12,0,0,0,0,0,0,0
0,3,11,0,0,0,0,0,0,0
0,4,6,0,0,0,0,0,0,0
0,4,3,0,0,0,0,0,0,0
0,1,5,0,0,0,0,0,0,0
0,1,4,0,0,0,0,0,0,0
0,1,5,0,0,0,0,0,0,0
1,3,2,0,0,0,0,0,0,0
1,1,6,0,0,0,0,0,0,0
0,2,3,0,0,0,0,0,0,0
0,8,13,0,0,0,0,0,0,0
1,4,15,0,0,0,0,0,0,0
1,0,5,0,0,0,0,0,0,0
0,6,6,0,0,0,0,0,0,0
1,2,9,0,0,0,0,0,0,0
2,0,8,0,0,0,0,0,0,0
0,5,1,0,0,0,0,0,0,0
0,4,7,0,0,0,0,0,0,0
0,4,3,0,0,0,0,0,0,0
0,3,6,0,0,0,0,0,0,0
0,2,6,0,0,0,0,0,0,0
1,1,6,0,0,0,0,0,0,0
0,7,3,0,0,0,0,0,0,0
1,0,5,0,0,0,0,0,0,0
0,2,6,0,0,0,0,0,0,0
2,0,6,0,0,0,0,0,0,0
0,5,1,0,0,0,0,0,0,0
0,1,4,0,0,0,0,0,0,0
0,5,13,0,0,0,0,0,0,0
1,4,6,0,0,0,0,0,0,0
1,0,6,0,0,0,0,0,0,0
1,4,14,0,0,0,0,0,0,0
0,1,6,0,0,0,0,0,0,0
0,3,11,0,0,0,0,0,0,0
1,1,12,0,0,0,0,0,0,0
0,4,3,0,0,0,0,0,0,0
0,6,7,0,0,0,0,0,0,0
6,4,3,0,0,0,0,0,0,0
0,2,7,0,0,0,0,0,0,0
0,1,6,0,0,0,0,0,0,0
1,1,3,0,0,0,0,0,0,0
0,3,7,0,0,0,0,0,0,0
0,6,2,0,0,0,0,0,0,0
0,1,6,0,0,0,0,0,0,0
1,2,6,0,0,0,0,0,0,0
1,1,9,0,0,0,0,0,0,0
1,3,23,0,0,0,0,0,0,0
1,3,5,0,0,0,0,0,0,0
0,2,5,0,0,0,0,0,0,0
0,3,3,0,0,0,0,0,0,0
0,10,13,0,0,0,0,0,0,0
0,3,5,0,0,0,0,0,0,0
1,1,9,0,0,0,0,0,0,0
1,1,5,0,0,0,0,0,0,0
1,10,3,0,0,0,0,0,0,0
0,1,4,0,0,0,0,0,0,0
0,3,9,0,0,0,0,0,0,0
1,0,5,0,0,0,0,0,0,0
1,1,11,0,0,0,0,0,0,0
0,2,13,0,0,0,0,0,0,0
4,10,6,0,0,0,0,0,0,0
2,0,12,0,0,0,0,0,0,0
0,11,7,0,0,0,0,0,0,0
0,4,11,0,0,0,0,0,0,0
0,13,7,0,0,0,0,0,0,0
0,1,6,0,0,0,0,0,0,0
11,4,3,0,0,0,0,0,0,0
2,1,2,0,0,0,0,0,0,0
1,1,4,0,0,0,0,0,0,0
1,9,19,0,0,0,0,0,0,0
0,3,11,0,0,0,0,0,0,0
0,6,3,0,0,0,0,0,0,0
0,1,5,0,0,0,0,0,0,0
0,1,4,0,0,0,0,0,0,0
0,10,2,0,0,0,0,0,0,0
1,1,8,0,0,0,0,0,0,0
0,14,14,0,0,0,0,0,0,0
0,1,4,0,0,0,0,0,0,0
1,3,2,0,0,0,0,0,0,0
0,3,2,0,0,0,0,0,0,0
0,2,6,0,0,0,0,0,0,0
2,2,4,0,0,0,0,0,0,0
0,5,2,0,0,0,0,0,0,0
0,4,4,0,0,0,0,0,0,0
1,0,5,0,0,0,0,0,0,0
0,1,4,0,0,0,0,0,0,0
0,9,11,0,0,0,0,0,0,0
0,7,13,0,0,0,0,0,0,0
0,3,13,0,0,0,0,0,0,0
1,1,5,0,0,0,0,0,0,0
0,2,3,0,0,0,0,0,0,0
0,1,5,0,0,0,0,0,0,0
0,3,2,0,0,0,0,0,0,0
0,1,5,0,0,0,0,0,0,0
2,0,7,0,0,0,0,0,0,0
0,1,6,0,0,0,0,0,0,0
1,2,10,0,0,0,0,0,0,0
4,7,5,0,0,0,0,0,0,0
0,5,7,0,0,0,0,0,0,0
0,2,3,0,0,0,0,0,0,0
1,1,8,0,0,0,0,0,0,0
0,4,2,0,0,0,0,0,0,0
0,2,3,0,0,0,0,0,0,0
0,1,5,0,0,0,0,0,0,0
0,3,12,0,0,0,0,0,0,0
0,3,3,0,0,0,0,0,0,0
0,7,2,0,0,0,0,0,0,0
2,2,21,0,0,0,0,0,0,0
0,1,6,0,0,0,0,0,0,0
6,0,9,0,0,0,0,0,0,0
2,2,13,0,0,0,0,0,0,0
1,3,20,0,0,0,0,0,0,0
3,1,2,0,0,0,0,0,0,0
0,5,1,0,0,0,0,0,0,0
1,0,6,0,0,0,0,0,0,0
0,3,4,0,0,0,0,0,0,0
0,7,2,0,0,0,0,0,0,0
0,2,13,0,0,0,0,0,0,0
0,1,5,0,0,0,0,0,0,0
0,1,4,0,0,0,0,0,0,0
2,1,11,0,0,0,0,0,0,0
2,0,5,0,0,0,0,0,0,0
1,2,17,0,0,0,0,0,0,0
0,1,6,0,0,0,0,0,0,0
0,1,5,0,0,0,0,0,0,0
0,4,8,0,0,0,0,0,0,0
0,1,6,0,0,0,0,0,0,0
1,1,5,0,0,0,0,0,0,0
0,2,7,0,0,0,0,0,0,0
0,7,6,0,0,0,0,0,0,0
0,1,4,0,0,0,0,0,0,0
0,1,5,0,0,0,0,0,0,0
0,10,5,0,0,0,0,0,0,0
0,2,6,0,0,0,0,0,0,0
0,3,15,0,0,0,0,0,0,0
0,4,18,0,0,0,0,0,0,0
1,2,7,0,0,0,0,0,0,0
0,2,12,0,0,0,0,0,0,0
1,1,6,0,0,0,0,0,0,0
0,3,3,0,0,0,0,0,0,0
1,2,6,0,0,0,0,0,0,0
0,1,4,0,0,0,0,0,0,0
1,0,5,0,0,0,0,0,0,0
0,1,5,0,0,0,0,0,0,0
1,1,3,0,0,0,0,0,0,0
0,5,4,0,0,0,0,0,0,0
0,3,3,0,0,0,0,0,0,0
1,1,7,0,0,0,0,0,0,0
1,0,5,0,0,0,0,0,0,0
1,2,10,0,0,0,0,0,0,0
0,1,6,0,0,0,0,0,0,0
0,3,2,0,0,0,0,0,0,0
0,2,6,0,0,0,0,0,0,0
1,3,5,0,0,0,0,0,0,0
0,3,5,0,0,0,0,0,0,0
0,9,2,0,0,0,0,0,0,0
2,2,15,0,0,0,0,0,0,0
0,8,3,0,0,0,0,0,0,0
1,0,6,0,0,0,0,0,0,0
3,1,1,0,0,0,0,0,0,0
0,1,5,0,0,0,0,0,0,0
1,0,6,0,0,0,0,0,0,0
0,1,4,0,0,0,0,0,0,0
0,1,5,0,0,0,0,0,0,0
2,1,7,0,0,0,0,0,0,0
0,2,3,0,0,0,0,0,0,0
2,0,7,0,0,0,0,0,0,0
0,1,4,0,0,0,0,0,0,0
0,3,3,0,0,0,0,0,0,0
2,7,5,0,0,0,0,0,0,0
1,3,14,0,0,0,0,0,0,0
0,1,6,0,0,0,0,0,0,0
0,1,5,0,0,0,0,0,0,0
1,0,6,0,0,0,0,0,0,0
0,1,4,0,0,0,0,0,0,0
0,8,3,0,0,0,0,0,0,0
0,2,6,0,0,0,0,0,0,0
0,2,4,0,0,0,0,0,0,0
1,0,5,0,0,0,0,0,0,0
1,1,12,0,0,0,0,0,0,0
0,3,14,0,0,0,0,0,0,0
0,8,3,0,0,0,0,0,0,0
0,9,16,0,0,0,0,0,0,0
1,2,13,0,0,0,0,0,0,0
1,0,6,0,0,0,0,0,0,0
1,3,3,0,0,0,0,0,0,0
0,5,4,0,0,0,0,0,0,0
0,4,1,0,0,0,0,0,0,0
0,1,4,0,0,0,0,0,0,0
6,0,13,0,0,0,0,0,0,0
1,7,8,0,0,0,0,0,0,0
1,1,6,0,0,0,0,0,0,0
1,0,6,0,0,0,0,0,0,0
1,10,11,0,0,0,0,0,0,0
0,1,6,0,0,0,0,0,0,0
4,0,14,0,0,0,0,0,0,0
0,4,6,0,0,0,0,0,0,0
0,5,14,0,0,0,0,0,0,0
0,6,1,0,0,0,0,0,0,0
1,3,1,0,0,0,0,0,0,0
0,2,4,0,0,0,0,0,0,0
0,7,5,0,0,0,0,0,0,0
2,5,8,0,0,0,0,0,0,0
0,6,6,0,0,0,0,0,0,0
1,2,12,0,0,0,0,0,0,0
0,1,5,0,0,0,0,0,0,0
2,2,11,0,0,0,0,0,0,0
0,2,9,0,0,0,0,0,0,0
1,0,5,0,0,0,0,0,0,0
3,6,8,0,0,0,0,0,0,0
1,1,10,0,0,0,0,0,0,0
9,6,23,0,0,0,0,0,0,0
1,1,4,0,0,0,0,0,0,0
0,1,5,0,0,0,0,0,0,0
0,1,4,0,0,0,0,0,0,0
0,2,8,0,0,0,0,0,0,0
1,3,21,0,0,0,0,0,0,0
1,3,1,0,0,0,0,0,0,0
1,1,8,0,0,0,0,0,0,0
0,3,3,0,0,0,0,0,0,0
0,5,2,0,0,0,0,0,0,0
0,1,6,0,0,0,0,0,0,0
0,5,5,0,0,0,0,0,0,0
0,2,13,0,0,0,0,0,0,0
1,0,6,0,0,0,0,0,0,0
0,7,2,0,0,0,0,0,0,0
0,2,7,0,0,0,0,0,0,0
0,2,9,0,0,0,0,0,0,0
2,0,13,0,0,0,0,0,0,0
1,2,2,0,0,0,0,0,0,0
0,3,11,0,0,0,0,0,0,0
1,1,13,0,0,0,0,0,0,0
0,5,1,0,0,0,0,0,0,0
0,2,7,0,0,0,0,0,0,0
0,11,4,0,0,0,0,0,0,0
0,1,4,0,0,0,0,0,0,0
0,2,4,0,0,0,0,0,0,0
1,1,9,0,0,0,0,0,0,0
1,0,5,0,0,0,0,0,0,0
1,5,17,0,0,0,0,0,0,0
0,5,4,0,0,0,0,0,0,0
2,1,3,0,0,0,0,0,0,0
13,0,9,0,0,0,0,0,0,0
3,1,19,0,0,0,0,0,0,0
0,3,7,0,0,0,0,0,0,0
3,2,30,0,0,0,0,0,0,0
1,0,5,0,0,0,0,0,0,0
1,0,6,0,0,0,0,0,0,0
0,3,3,0,0,0,0,0,0,0
0,4,1,0,0,0,0,0,0,0
0,3,5,0,0,0,0,0,0,0
0,4,12,0,0,0,0,0,0,0
0,1,4,0,0,0,0,0,0,0
0,2,4,0,0,0,0,0,0,0
0,1,6,0,0,0,0,0,0,0
2,2,16,0,0,0,0,0,0,0
0,4,3,0,0,0,0,0,0,0
1,3,21,0,0,0,0,0,0,0
0,10,2,0,0,0,0,0,0,0
0,4,1,0,0,0,0,0,0,0
0,7,13,0,0,0,0,0,0,0
1,4,4,0,0,0,0,0,0,0
0,3,18,0,0,0,0,0,0,0
0,2,4,0,0,0,0,0,0,0
1,2,19,0,0,0,0,0,0,0
2,8,18,0,0,0,0,0,0,0
1,1,12,0,0,0,0,0,0,0
0,1,5,0,0,0,0,0,0,0
1,5,2,0,0,0,0,0,0,0
1,1,12,0,0,0,0,0,0,0
1,0,5,0,0,0,0,0,0,0
0,2,8,0,0,0,0,0,0,0
0,5,2,0,0,0,0,0,0,0
0,1,4,0,0,0,0,0,0,0
1,0,5,0,0,0,0,0,0,0
0,1,4,0,0,0,0,0,0,0
0,2,7,0,0,0,0,0,0,0
0,4,15,0,0,0,0,0,0,0
1,4,8,0,0,0,0,0,0,0
1,1,13,0,0,0,0,0,0,0
0,4,9,0,0,0,0,0,0,0
0,7,9,0,0,0,0,0,0,0
0,3,7,0,0,0,0,0,0,0
0,2,10,0,0,0,0,0,0,0
1,1,5,0,0,0,0,0,0,0
0,1,4,0,0,0,0,0,0,0
0,2,3,0,0,0,0,0,0,0
0,3,3,0,0,0,0,0,0,0
1,2,8,0,0,0,0,0,0,0
0,2,13,0,0,0,0,0,0,0
0,1,4,0,0,0,0,0,0,0
0,6,4,0,0,0,0,0,0,0
1,0,6,0,0,0,0,0,0,0
1,1,13,0,0,0,0,0,0,0
1,2,12,0,0,0,0,0,0,0
0,4,4,0,0,0,0,0,0,0
0,3,2,0,0,0,0,0,0,0
0,2,9,0,0,0,0,0,0,0
1,0,6,0,0,0,0,0,0,0
1,1,9,0,0,0,0,0,0,0
0,2,10,0,0,0,0,0,0,0
0,4,1,0,0,0,0,0,0,0
2,0,10,0,0,0,0,0,0,0
0,3,13,0,0,0,0,0,0,0
1,4,2,0,0,0,0,0,0,0
0,6,7,0,0,0,0,0,0,0
1,2,2,0,0,0,0,0,0,0
1,0,5,0,0,0,0,0,0,0
0,4,24,0,0,0,0,0,0,0
0,2,8,0,0,0,0,0,0,0
0,1,5,0,0,0,0,0,0,0
1,7,23,0,0,0,0,0,0,0
0,2,3,0,0,0,0,0,0,0
1,8,21,0,0,0,0,0,0,0
0,2,4,0,0,0,0,0,0,0
0,6,1,0,0,0,0,0,0,0
0,3,12,0,0,0,0,0,0,0
0,6,1,0,0,0,0,0,0,0
0,1,5,0,0,0,0,0,0,0
1,1,5,0,0,0,0,0,0,0
0,5,1,0,0,0,0,0,0,0
1,3,9,0,0,0,0,0,0,0
9,18,1,0,0,0,0,0,0,0
0,2,6,0,0,0,0,0,0,0
0,3,10,0,0,0,0,0,0,0
0,2,10,0,0,0,0,0,0,0
0,16,3,0,0,0,0,0,0,0
2,1,18,0,0,0,0,0,0,0
1,1,10,0,0,0,0,0,0,0
1,0,6,0,0,0,0,0,0,0
0,3,10,0,0,0,0,0,0,0
1,0,5,0,0,0,0,0,0,0
0,1,6,0,0,0,0,0,0,0
0,1,6,0,0,0,0,0,0,0
0,2,11,0,0,0,0,0,0,0
0,1,4,0,0,0,0,0,0,0
0,1,4,0,0,0,0,0,0,0
1,3,19,0,0,0,0,0,0,0
0,1,5,0,0,0,0,0,0,0
0,2,13,0,0,0,0,0,0,0
0,1,5,0,0,0,0,0,0,0
1,1,5,0,0,0,0,0,0,0
1,3,6,0,0,0,0,0,0,0
0,1,5,0,0,0,0,0,0,0
0,5,2,0,0,0,0,0,0,0
0,3,14,0,0,0,0,0,0,0
1,2,10,0,0,0,0,0,0,0
1,1,10,0,0,0,0,0,0,0
2,7,8,0,0,0,0,0,0,0
0,4,3,0,0,0,0,0,0,0
0,1,5,0,0,0,0,0,0,0
0,2,7,0,0,0,0,0,0,0
0,3,3,0,0,0,0,0,0,0
0,1,6,0,0,0,0,0,0,0
0,2,4,0,0,0,0,0,0,0
0,7,22,0,0,0,0,0,0,0
0,2,7,0,0,0,0,0,0,0
0,4,17,0,0,0,0,0,0,0
1,0,5,0,0,0,0,0,0,0
0,6,1,0,0,0,0,0,0,0
1,1,5,0,0,0,0,0,0,0
0,2,10,0,0,0,0,0,0,0
1,11,5,0,0,0,0,0,0,0
1,4,5,0,0,0,0,0,0,0
0,1,6,0,0,0,0,0,0,0
0,2,3,0,0,0,0,0,0,0
9,3,28,0,0,0,0,0,0,0
0,8,7,0,0,0,0,0,0,0
1,1,13,0,0,0,0,0,0,0
0,2,5,0,0,0,0,0,0,0
0,5,1,0,0,0,0,0,0,0
2,2,1,0,0,0,0,0,0,0
1,3,2,0,0,0,0,0,0,0
0,4,12,0,0,0,0,0,0,0
0,3,3,0,0,0,0,0,0,0
1,2,2,0,0,0,0,0,0,0
0,6,1,0,0,0,0,0,0,0
0,5,23,0,0,0,0,0,0,0
0,2,6,0,0,0,0,0,0,0
0,7,15,0,0,0,0,0,0,0
0,17,3,0,0,0,0,0,0,0
1,9,5,0,0,0,0,0,0,0
0,2,13,0,0,0,0,0,0,0
0,2,11,0,0,0,0,0,0,0
1,1,3,0,0,0,0,0,0,0
0,2,10,0,0,0,0,0,0,0
0,9,9,0,0,0,0,0,0,0
12,47,1,0,0,0,0,0,0,0
0,6,3,0,0,0,0,0,0,0
0,6,8,0,0,0,0,0,0,0
1,1,10,0,0,0,0,0,0,0
0,2,10,0,0,0,0,0,0,0
0,2,4,0,0,0,0,0,0,0
2,1,19,0,0,0,0,0,0,0
0,1,6,0,0,0,0,0,0,0
1,0,5,0,0,0,0,0,0,0
3,1,14,0,0,0,0,0,0,0
0,3,2,0,0,0,0,0,0,0
1,1,5,0,0,0,0,0,0,0
0,1,5,0,0,0,0,0,0,0
2,1,2,0,0,0,0,0,0,0
1,2,17,0,0,0,0,0,0,0
0,3,6,0,0,0,0,0,0,0
1,3,13,0,0,0,0,0,0,0
0,1,5,0,0,0,0,0,0,0
0,2,4,0,0,0,0,0,0,0
6,2,14,0,0,0,0,0,0,0
0,7,14,0,0,0,0,0,0,0
0,4,6,0,0,0,0,0,0,0
0,6,6,0,0,0,0,0,0,0
1,3,3,0,0,0,0,0,0,0
0,5,1,0,0,0,0,0,0,0
1,2,6,0,0,0,0,0,0,0
1,1,10,0,0,0,0,0,0,0
0,5,3,0,0,0,0,0,0,0
1,3,2,0,0,0,0,0,0,0
0,1,5,0,0,0,0,0,0,0
24,26,1,0,0,0,0,0,0,0
0,2,5,0,0,0,0,0,0,0
0,1,4,0,0,0,0,0,0,0
1,1,3,0,0,0,0,0,0,0
0,1,5,0,0,0,0,0,0,0
0,5,1,0,0,0,0,0,0,0
0,3,6,0,0,0,0,0,0,0
5,2,2,0,0,0,0,0,0,0
1,4,18,0,0,0,0,0,0,0
0,5,18,0,0,0,0,0,0,0
1,1,9,0,0,0,0,0,0,0
0,10,2,0,0,0,0,0,0,0
1,1,7,0,0,0,0,0,0,0
0,3,3,0,0,0,0,0,0,0
1,0,6,0,0,0,0,0,0,0
2,1,5,0,0,0,0,0,0,0
1,0,5,0,0,0,0,0,0,0
0,1,4,0,0,0,0,0,0,0
0,1,4,0,0,0,0,0,0,0
2,0,5,0,0,0,0,0,0,0
0,4,19,0,0,0,0,0,0,0
1,3,20,0,0,0,0,0,0,0
0,3,8,0,0,0,0,0,0,0
1,1,8,0,0,0,0,0,0,0
0,4,16,0,0,0,0,0,0,0
0,1,6,0,0,0,0,0,0,0
1,4,1,0,0,0,0,0,0,0
2,2,21,0,0,0,0,0,0,0
0,12,10,0,0,0,0,0,0,0
0,5,1,0,0,0,0,0,0,0
0,1,4,0,0,0,0,0,0,0
2,1,4,0,0,0,0,0,0,0
1,1,6,0,0,0,0,0,0,0
0,7,9,0,0,0,0,0,0,0
0,2,10,0,0,0,0,0,0,0
0,3,14,0,0,0,0,0,0,0
0,2,5,0,0,0,0,0,0,0
0,3,2,0,0,0,0,0,0,0
1,1,10,0,0,0,0,0,0,0
0,1,6,0,0,0,0,0,0,0
0,7,2,0,0,0,0,0,0,0
1,5,14,0,0,0,0,0,0,0
0,1,6,0,0,0,0,0,0,0
1,1,9,0,0,0,0,0,0,0
0,1,4,0,0,0,0,0,0,0
0,12,2,0,0,0,0,0,0,0
0,1,6,0,0,0,0,0,0,0
0,1,6,0,0,0,0,0,0,0
0,1,5,0,0,0,0,0,0,0
0,2,7,0,0,0,0,0,0,0
0,1,4,0,0,0,0,0,0,0
1,1,6,0,0,0,0,0,0,0
1,2,14,0,0,0,0,0,0,0
1,1,4,0,0,0,0,0,0,0
0,1,4,0,0,0,0,0,0,0
1,4,2,0,0,0,0,0,0,0
1,10,25,0,0,0,0,0,0,0
1,2,3,0,0,0,0,0,0,0
0,1,6,0,0,0,0,0,0,0
0,2,9,0,0,0,0,0,0,0
1,3,23,0,0,0,0,0,0,0
1,0,5,0,0,0,0,0,0,0
1,1,10,0,0,0,0,0,0,0
0,1,5,0,0,0,0,0,0,0
1,2,19,0,0,0,0,0,0,0
0,2,13,0,0,0,0,0,0,0
1,1,10,0,0,0,0,0,0,0
1,0,5,0,0,0,0,0,0,0
0,1,5,0,0,0,0,0,0,0
2,2,21,0,0,0,0,0,0,0
2,30,10,0,0,0,0,0,0,0
0,2,8,0,0,0,0,0,0,0
1,3,4,0,0,0,0,0,0,0
0,1,6,0,0,0,0,0,0,0
2,2,3,0,0,0,0,0,0,0
0,4,5,0,0,0,0,0,0,0
0,2,6,0,0,0,0,0,0,0
0,1,6,0,0,0,0,0,0,0
2,1,9,0,0,0,0,0,0,0
0,2,3,0,0,0,0,0,0,0
0,2,5,0,0,0,0,0,0,0
0,4,14,0,0,0,0,0,0,0
1,1,9,0,0,0,0,0,0,0
1,1,8,0,0,0,0,0,0,0
1,3,4,0,0,0,0,0,0,0
12,1,3,0,0,0,0,0,0,0
2,0,5,0,0,0,0,0,0,0
1,2,2,0,0,0,0,0,0,0
1,0,5,0,0,0,0,0,0,0
0,3,4,0,0,0,0,0,0,0
0,2,6,0,0,0,0,0,0,0
0,1,4,0,0,0,0,0,0,0
0,1,4,0,0,0,0,0,0,0
0,3,12,0,0,0,0,0,0,0
0,4,8,0,0,0,0,0,0,0
1,5,8,0,0,0,0,0,0,0
0,8,14,0,0,0,0,0,0,0
0,2,8,0,0,0,0,0,0,0
0,1,6,0,0,0,0,0,0,0
1,9,16,0,0,0,0,0,0,0
0,7,7,0,0,0,0,0,0,0
2,0,10,0,0,0,0,0,0,0
0,5,6,0,0,0,0,0,0,0
0,2,7,0,0,0,0,0,0,0
1,2,9,0,0,0,0,0,0,0
1,1,3,0,0,0,0,0,0,0
1,3,3,0,0,0,0,0,0,0
1,3,7,0,0,0,0,0,0,0
0,1,5,0,0,0,0,0,0,0
0,1,6,0,0,0,0,0,0,0
0,1,4,0,0,0,0,0,0,0
2,5,16,0,0,0,0,0,0,0
0,1,5,0,0,0,0,0,0,0
1,1,4,0,0,0,0,0,0,0
0,4,1,0,0,0,0,0,0,0
1,1,5,0,0,0,0,0,0,0
0,19,3,0,0,0,0,0,0,0
1,3,3,0,0,0,0,0,0,0
0,1,6,0,0,0,0,0,0,0
0,4,1,0,0,0,0,0,0,0
2,2,14,0,0,0,0,0,0,0
0,1,6,0,0,0,0,0,0,0
3,1,11,0,0,0,0,0,0,0
2,1,15,0,0,0,0,0,0,0
0,4,1,0,0,0,0,0,0,0
0,2,8,0,0,0,0,0,0,0
6,0,19,0,0,0,0,0,0,0
20,0,11,0,0,0,0,0,0,0
0,13,2,0,0,0,0,0,0,0
1,2,18,0,0,0,0,0,0,0
1,2,9,0,0,0,0,0,0,0
1,0,6,0,0,0,0,0,0,0
1,3,7,0,0,0,0,0,0,0
2,2,13,0,0,0,0,0,0,0
1,2,3,0,0,0,0,0,0,0
0,4,4,0,0,0,0,0,0,0
0,3,2,0,0,0,0,0,0,0
0,1,4,0,0,0,0,0,0,0
0,2,12,0,0,0,0,0,0,0
0,3,3,0,0,0,0,0,0,0
0,1,4,0,0,0,0,0,0,0
0,7,11,0,0,0,0,0,0,0
1,1,3,0,0,0,0,0,0,0
0,1,5,0,0,0,0,0,0,0
1,2,20,0,0,0,0,0,0,0
1,0,5,0,0,0,0,0,0,0
0,3,6,0,0,0,0,0,0,0
0,2,6,0,0,0,0,0,0,0
0,2,5,0,0,0,0,0,0,0
0,3,9,0,0,0,0,0,0,0
1,3,14,0,0,0,0,0,0,0
0,1,5,0,0,0,0,0,0,0
2,0,5,0,0,0,0,0,0,0
0,18,3,0,0,0,0,0,0,0
0,10,2,0,0,0,0,0,0,0
0,2,7,0,0,0,0,0,0,0
1,1,9,0,0,0,0,0,0,0
0,3,15,0,0,0,0,0,0,0
0,3,15,0,0,0,0,0,0,0
0,1,6,0,0,0,0,0,0,0
0,6,4,0,0,0,0,0,0,0
0,3,4,0,0,0,0,0,0,0
0,5,9,0,0,0,0,0,0,0
2,1,13,0,0,0,0,0,0,0
1,1,3,0,0,0,0,0,0,0
0,2,6,0,0,0,0,0,0,0
0,1,6,0,0,0,0,0,0,0
1,1,7,0,0,0,0,0,0,0
0,2,6,0,0,0,0,0,0,0
0,2,9,0,0,0,0,0,0,0
1,9,2,0,0,0,0,0,0,0
0,2,3,0,0,0,0,0,0,0
0,4,9,0,0,0,0,0,0,0
1,0,5,0,0,0,0,0,0,0
0,2,8,0,0,0,0,0,0,0
0,8,5,0,0,0,0,0,0,0
1,1,3,0,0,0,0,0,0,0
1,0,5,0,0,0,0,0,0,0
1,1,11,0,0,0,0,0,0,0
2,1,17,0,0,0,0,0,0,0
0,4,3,0,0,0,0,0,0,0
0,1,4,0,0,0,0,0,0,0
0,4,6,0,0,0,0,0,0,0
0,3,10,0,0,0,0,0,0,0
1,1,13,0,0,0,0,0,0,0
0,3,4,0,0,0,0,0,0,0
1,1,4,0,0,0,0,0,0,0
1,3,6,0,0,0,0,0,0,0
0,4,3,0,0,0,0,0,0,0
0,1,4,0,0,0,0,0,0,0
0,3,2,0,0,0,0,0,0,0
0,8,3,0,0,0,0,0,0,0
3,0,14,0,0,0,0,0,0,0
1,0,6,0,0,0,0,0,0,0
0,2,6,0,0,0,0,0,0,0
0,4,11,0,0,0,0,0,0,0
0,11,6,0,0,0,0,0,0,0
1,1,5,0,0,0,0,0,0,0
1,0,6,0,0,0,0,0,0,0
2,0,9,0,0,0,0,0,0,0
0,2,7,0,0,0,0,0,0,0
0,1,5,0,0,0,0,0,0,0
0,1,6,0,0,0,0,0,0,0
0,1,6,0,0,0,0,0,0,0
0,6,1,0,0,0,0,0,0,0
0,14,6,0,0,0,0,0,0,0
0,2,3,0,0,0,0,0,0,0
1,0,5,0,0,0,0,0,0,0
0,1,4,0,0,0,0,0,0,0
0,2,5,0,0,0,0,0,0,0
1,3,19,0,0,0,0,0,0,0
0,4,4,0,0,0,0,0,0,0
0,5,29,0,0,0,0,0,0,0
0,2,6,0,0,0,0,0,0,0
2,1,13,0,0,0,0,0,0,0
1,2,9,0,0,0,0,0,0,0
2,2,16,0,0,0,0,0,0,0
0,9,3,0,0,0,0,0,0,0
4,1,4,0,0,0,0,0,0,0
2,4,15,0,0,0,0,0,0,0
0,9,13,0,0,0,0,0,0,0
0,5,1,0,0,0,0,0,0,0
1,0,6,0,0,0,0,0,0,0
2,1,20,0,0,0,0,0,0,0
0,1,6,0,0,0,0,0,0,0
0,2,11,0,0,0,0,0,0,0
0,7,3,0,0,0,0,0,0,0
1,2,15,0,0,0,0,0,0,0
1,1,4,0,0,0,0,0,0,0
1,1,5,0,0,0,0,0,0,0
10,0,9,0,0,0,0,0,0,0
0,8,3,0,0,0,0,0,0,0
2,1,19,0,0,0,0,0,0,0
0,1,5,0,0,0,0,0,0,0
0,5,6,0,0,0,0,0,0,0
1,1,3,0,0,0,0,0,0,0
0,2,9,0,0,0,0,0,0,0
0,1,4,0,0,0,0,0,0,0
0,2,3,0,0,0,0,0,0,0
0,3,2,0,0,0,0,0,0,0
1,1,3,0,0,0,0,0,0,0
1,3,2,0,0,0,0,0,0,0
0,2,5,0,0,0,0,0,0,0
6,1,14,0,0,0,0,0,0,0
1,9,5,0,0,0,0,0,0,0
0,1,6,0,0,0,0,0,0,0
2,5,9,0,0,0,0,0,0,0
0,2,12,0,0,0,0,0,0,0
2,2,14,0,0,0,0,0,0,0
2,1,9,0,0,0,0,0,0,0
0,10,3,0,0,0,0,0,0,0
0,6,4,0,0,0,0,0,0,0
0,1,6,0,0,0,0,0,0,0
2,2,27,0,0,0,0,0,0,0
2,0,7,0,0,0,0,0,0,0
0,4,4,0,0,0,0,0,0,0
0,7,3,0,0,0,0,0,0,0
0,6,4,0,0,0,0,0,0,0
0,2,12,0,0,0,0,0,0,0
0,3,7,0,0,0,0,0,0,0
0,4,7,0,0,0,0,0,0,0
0,3,6,0,0,0,0,0,0,0
0,13,16,0,0,0,0,0,0,0
0,2,7,0,0,0,0,0,0,0
0,1,5,0,0,0,0,0,0,0
3,2,23,0,0,0,0,0,0,0
0,6,7,0,0,0,0,0,0,0
0,3,2,0,0,0,0,0,0,0
0,1,4,0,0,0,0,0,0,0
0,1,4,0,0,0,0,0,0,0
22,11,1,0,0,0,0,0,0,0
0,4,17,0,0,0,0,0,0,0
9,4,11,0,0,0,0,0,0,0
1,4,1,0,0,0,0,0,0,0
0,2,3,0,0,0,0,0,0,0
1,9,8,0,0,0,0,0,0,0
2,2,5,0,0,0,0,0,0,0
1,5,3,0,0,0,0,0,0,0
0,2,7,0,0,0,0,0,0,0
0,1,4,0,0,0,0,0,0,0
0,2,4,0,0,0,0,0,0,0
0,5,13,0,0,0,0,0,0,0
0,8,12,0,0,0,0,0,0,0
0,12,12,0,0,0,0,0,0,0
0,3,2,0,0,0,0,0,0,0
0,6,21,0,0,0,0,0,0,0
0,5,1,0,0,0,0,0,0,0
0,2,4,0,0,0,0,0,0,0
0,1,5,0,0,0,0,0,0,0
1,0,6,0,0,0,0,0,0,0
2,3,7,0,0,0,0,0,0,0
0,12,2,0,0,0,0,0,0,0
2,2,1,0,0,0,0,0,0,0
0,1,4,0,0,0,0,0,0,0
2,1,5,0,0,0,0,0,0,0
0,3,17,0,0,0,0,0,0,0
0,2,7,0,0,0,0,0,0,0
0,3,5,0,0,0,0,0,0,0
1,0,6,0,0,0,0,0,0,0
3,0,5,0,0,0,0,0,0,0
0,5,1,0,0,0,0,0,0,0
1,2,6,0,0,0,0,0,0,0
0,6,3,0,0,0,0,0,0,0
0,1,5,0,0,0,0,0,0,0
1,1,3,0,0,0,0,0,0,0
0,1,4,0,0,0,0,0,0,0
1,7,2,0,0,0,0,0,0,0
0,2,12,0,0,0,0,0,0,0
0,1,4,0,0,0,0,0,0,0
0,2,3,0,0,0,0,0,0,0
0,3,5,0,0,0,0,0,0,0
0,3,19,0,0,0,0,0,0,0
0,2,3,0,0,0,0,0,0,0
2,9,24,0,0,0,0,0,0,0
1,1,5,0,0,0,0,0,0,0
0,6,1,0,0,0,0,0,0,0
0,5,4,0,0,0,0,0,0,0
1,2,11,0,0,0,0,0,0,0
0,3,12,0,0,0,0,0,0,0
1,3,4,0,0,0,0,0,0,0
0,8,17,0,0,0,0,0,0,0
0,6,3,0,0,0,0,0,0,0
0,5,11,0,0,0,0,0,0,0
1,4,19,0,0,0,0,0,0,0
0,1,6,0,0,0,0,0,0,0
0,2,7,0,0,0,0,0,0,0
0,2,5,0,0,0,0,0,0,0
1,13,2,0,0,0,0,0,0,0
0,3,6,0,0,0,0,0,0,0
1,5,3,0,0,0,0,0,0,0
0,1,6,0,0,0,0,0,0,0
0,2,4,0,0,0,0,0,0,0
0,5,1,0,0,0,0,0,0,0
0,4,1,0,0,0,0,0,0,0
1,1,6,0,0,0,0,0,0,0
0,3,4,0,0,0,0,0,0,0
3,1,11,0,0,0,0,0,0,0
0,12,14,0,0,0,0,0,0,0
0,1,4,0,0,0,0,0,0,0
1,2,3,0,0,0,0,0,0,0
2,5,2,0,0,0,0,0,0,0
0,4,22,0,0,0,0,0,0,0
0,2,7,0,0,0,0,0,0,0
0,2,13,0,0,0,0,0,0,0
1,1,3,0,0,0,0,0,0,0
2,3,7,0,0,0,0,0,0,0
0,3,3,0,0,0,0,0,0,0
1,5,13,0,0,0,0,0,0,0
2,0,11,0,0,0,0,0,0,0
0,6,15,0,0,0,0,0,0,0
0,1,5,0,0,0,0,0,0,0
0,2,5,0,0,0,0,0,0,0
0,3,3,0,0,0,0,0,0,0
1,1,12,0,0,0,0,0,0,0
1,2,16,0,0,0,0,0,0,0
1,1,11,0,0,0,0,0,0,0
0,2,7,0,0,0,0,0,0,0
0,6,4,0,0,0,0,0,0,0
0,8,8,0,0,0,0,0,0,0
1,3,8,0,0,0,0,0,0,0
1,7,26,0,0,0,0,0,0,0
6,5,1,0,0,0,0,0,0,0
0,13,2,0,0,0,0,0,0,0
1,2,9,0,0,0,0,0,0,0
0,1,4,0,0,0,0,0,0,0
0,5,2,0,0,0,0,0,0,0
1,1,9,0,0,0,0,0,0,0
1,1,13,0,0,0,0,0,0,0
0,2,11,0,0,0,0,0,0,0
0,3,14,0,0,0,0,0,0,0
1,1,8,0,0,0,0,0,0,0
2,2,18,0,0,0,0,0,0,0
0,1,6,0,0,0,0,0,0,0
0,8,2,0,0,0,0,0,0,0
0,4,6,0,0,0,0,0,0,0
0,11,27,0,0,0,0,0,0,0
0,3,3,0,0,0,0,0,0,0
0,2,13,0,0,0,0,0,0,0
0,1,4,0,0,0,0,0,0,0
0,8,8,0,0,0,0,0,0,0
1,0,5,0,0,0,0,0,0,0
0,5,2,0,0,0,0,0,0,0
1,0,6,0,0,0,0,0,0,0
0,3,3,0,0,0,0,0,0,0
1,3,10,0,0,0,0,0,0,0
0,5,1,0,0,0,0,0,0,0
0,2,10,0,0,0,0,0,0,0
0,11,4,0,0,0,0,0,0,0
1,0,6,0,0,0,0,0,0,0
1,4,17,0,0,0,0,0,0,0
0,2,8,0,0,0,0,0,0,0
2,2,11,0,0,0,0,0,0,0
3,2,11,0,0,0,0,0,0,0
1,7,15,0,0,0,0,0,0,0
0,6,10,0,0,0,0,0,0,0
0,3,11,0,0,0,0,0,0,0
0,7,12,0,0,0,0,0,0,0
3,1,9,0,0,0,0,0,0,0
0,5,2,0,0,0,0,0,0,0
0,3,3,0,0,0,0,0,0,0
0,4,3,0,0,0,0,0,0,0
2,0,11,0,0,0,0,0,0,0
0,2,4,0,0,0,0,0,0,0
1,10,4,0,0,0,0,0,0,0
0,2,12,0,0,0,0,0,0,0
1,5,9,0,0,0,0,0,0,0
1,0,6,0,0,0,0,0,0,0
2,1,18,0,0,0,0,0,0,0
1,49,16,0,0,0,0,0,0,0
0,8,2,0,0,0,0,0,0,0
0,4,7,0,0,0,0,0,0,0
0,2,6,0,0,0,0,0,0,0
1,3,8,0,0,0,0,0,0,0
0,1,6,0,0,0,0,0,0,0
0,2,8,0,0,0,0,0,0,0
0,1,4,0,0,0,0,0,0,0
0,4,9,0,0,0,0,0,0,0
2,0,12,0,0,0,0,0,0,0
0,6,3,0,0,0,0,0,0,0
1,4,1,0,0,0,0,0,0,0
1,2,10,0,0,0,0,0,0,0
22,30,5,0,0,0,0,0,0,0
0,2,3,0,0,0,0,0,0,0
0,3,6,0,0,0,0,0,0,0
0,1,5,0,0,0,0,0,0,0
3,6,16,0,0,0,0,0,0,0
2,1,15,0,0,0,0,0,0,0
1,2,12,0,0,0,0,0,0,0
1,1,6,0,0,0,0,0,0,0
1,0,5,0,0,0,0,0,0,0
7,1,21,0,0,0,0,0,0,0
0,6,21,0,0,0,0,0,0,0
0,3,17,0,0,0,0,0,0,0
1,1,6,0,0,0,0,0,0,0
1,2,9,0,0,0,0,0,0,0
1,8,20,0,0,0,0,0,0,0
0,2,9,0,0,0,0,0,0,0
1,18,10,0,0,0,0,0,0,0
0,4,15,0,0,0,0,0,0,0
0,2,7,0,0,0,0,0,0,0
9,26,1,0,0,0,0,0,0,0
1,0,5,0,0,0,0,0,0,0
0,8,15,0,0,0,0,0,0,0
0,2,3,0,0,0,0,0,0,0
2,17,17,0,0,0,0,0,0,0
0,2,7,0,0,0,0,0,0,0
0,3,18,0,0,0,0,0,0,0
1,1,9,0,0,0,0,0,0,0
0,6,9,0,0,0,0,0,0,0
0,1,6,0,0,0,0,0,0,0
1,5,1,0,0,0,0,0,0,0
1,9,1,0,0,0,0,0,0,0
1,2,14,0,0,0,0,0,0,0
0,1,5,0,0,0,0,0,0,0
0,4,24,0,0,0,0,0,0,0
0,1,4,0,0,0,0,0,0,0
0,1,6,0,0,0,0,0,0,0
0,3,5,0,0,0,0,0,0,0
1,0,5,0,0,0,0,0,0,0
0,1,6,0,0,0,0,0,0,0
1,1,11,0,0,0,0,0,0,0
0,1,5,0,0,0,0,0,0,0
0,1,4,0,0,0,0,0,0,0
0,4,13,0,0,0,0,0,0,0
1,1,6,0,0,0,0,0,0,0
0,3,6,0,0,0,0,0,0,0
1,3,18,0,0,0,0,0,0,0
0,1,5,0,0,0,0,0,0,0
0,2,12,0,0,0,0,0,0,0
2,0,5,0,0,0,0,0,0,0
0,1,6,0,0,0,0,0,0,0
0,3,4,0,0,0,0,0,0,0
0,5,19,0,0,0,0,0,0,0
1,2,17,0,0,0,0,0,0,0
0,2,8,0,0,0,0,0,0,0
0,3,4,0,0,0,0,0,0,0
0,5,7,0,0,0,0,0,0,0
2,1,17,0,0,0,0,0,0,0
0,1,6,0,0,0,0,0,0,0
1,1,3,0,0,0,0,0,0,0
0,6,5,0,0,0,0,0,0,0
0,1,4,0,0,0,0,0,0,0
0,1,6,0,0,0,0,0,0,0
1,1,7,0,0,0,0,0,0,0
0,4,3,0,0,0,0,0,0,0
1,1,5,0,0,0,0,0,0,0
0,1,4,0,0,0,0,0,0,0
0,2,13,0,0,0,0,0,0,0
0,2,4,0,0,0,0,0,0,0
0,3,3,0,0,0,0,0,0,0
1,1,7,0,0,0,0,0,0,0
0,2,6,0,0,0,0,0,0,0
0,2,5,0,0,0,0,0,0,0
2,1,7,0,0,0,0,0,0,0
0,1,4,0,0,0,0,0,0,0
1,10,18,0,0,0,0,0,0,0
0,3,3,0,0,0,0,0,0,0
1,1,6,0,0,0,0,0,0,0
2,0,5,0,0,0,0,0,0,0
0,2,4,0,0,0,0,0,0,0
0,1,5,0,0,0,0,0,0,0
1,10,5,0,0,0,0,0,0,0
28,0,5,0,0,0,0,0,0,0
0,3,13,0,0,0,0,0,0,0
0,4,13,0,0,0,0,0,0,0
0,3,6,0,0,0,0,0,0,0
0,4,5,0,0,0,0,0,0,0
0,1,6,0,0,0,0,0,0,0
1,1,3,0,0,0,0,0,0,0
1,1,4,0,0,0,0,0,0,0
0,5,2,0,0,0,0,0,0,0
0,3,3,0,0,0,0,0,0,0
1,4,5,0,0,0,0,0,0,0
1,1,5,0,0,0,0,0,0,0
0,5,15,0,0,0,0,0,0,0
1,0,6,0,0,0,0,0,0,0
1,1,6,0,0,0,0,0,0,0
0,1,4,0,0,0,0,0,0,0
0,3,3,0,0,0,0,0,0,0
0,2,3,0,0,0,0,0,0,0
1,5,17,0,0,0,0,0,0,0
0,4,2,0,0,0,0,0,0,0
0,3,3,0,0,0,0,0,0,0
0,1,6,0,0,0,0,0,0,0
1,16,2,0,0,0,0,0,0,0
0,3,8,0,0,0,0,0,0,0
0,3,4,0,0,0,0,0,0,0
0,2,10,0,0,0,0,0,0,0
0,1,4,0,0,0,0,0,0,0
0,2,7,0,0,0,0,0,0,0
0,1,4,0,0,0,0,0,0,0
2,4,16,0,0,0,0,0,0,0
0,4,19,0,0,0,0,0,0,0
1,3,1,0,0,0,0,0,0,0
0,7,3,0,0,0,0,0,0,0
2,6,20,0,0,0,0,0,0,0
0,4,5,0,0,0,0,0,0,0
0,2,4,0,0,0,0,0,0,0
0,2,6,0,0,0,0,0,0,0
0,4,5,0,0,0,0,0,0,0
0,4,1,0,0,0,0,0,0,0
0,4,2,0,0,0,0,0,0,0
0,2,6,0,0,0,0,0,0,0
1,1,12,0,0,0,0,0,0,0
0,2,3,0,0,0,0,0,0,0
2,1,3,0,0,0,0,0,0,0
2,0,7,0,0,0,0,0,0,0
3,1,6,0,0,0,0,0,0,0
0,6,9,0,0,0,0,0,0,0
1,1,4,0,0,0,0,0,0,0
0,2,3,0,0,0,0,0,0,0
2,5,13,0,0,0,0,0,0,0
2,2,1,0,0,0,0,0,0,0
0,1,5,0,0,0,0,0,0,0
0,3,5,0,0,0,0,0,0,0
1,1,8,0,0,0,0,0,0,0
2,9,1,0,0,0,0,0,0,0
0,8,5,0,0,0,0,0,0,0
4,1,7,0,0,0,0,0,0,0
0,3,12,0,0,0,0,0,0,0
1,2,3,0,0,0,0,0,0,0
1,9,2,0,0,0,0,0,0,0
1,2,6,0,0,0,0,0,0,0
0,4,7,0,0,0,0,0,0,0
1,2,15,0,0,0,0,0,0,0
0,3,16,0,0,0,0,0,0,0
0,4,4,0,0,0,0,0,0,0
1,14,3,0,0,0,0,0,0,0
2,9,17,0,0,0,0,0,0,0
0,1,6,0,0,0,0,0,0,0
0,3,6,0,0,0,0,0,0,0
0,10,4,0,0,0,0,0,0,0
0,2,8,0,0,0,0,0,0,0
2,15,4,0,0,0,0,0,0,0
2,1,17,0,0,0,0,0,0,0
1,2,7,0,0,0,0,0,0,0
1,3,13,0,0,0,0,0,0,0
0,17,10,0,0,0,0,0,0,0
0,4,3,0,0,0,0,0,0,0
0,1,5,0,0,0,0,0,0,0
1,0,6,0,0,0,0,0,0,0
2,2,26,0,0,0,0,0,0,0
1,1,7,0,0,0,0,0,0,0
3,2,10,0,0,0,0,0,0,0
1,1,8,0,0,0,0,0,0,0
0,2,5,0,0,0,0,0,0,0
0,4,8,0,0,0,0,0,0,0
0,10,3,0,0,0,0,0,0,0
0,1,5,0,0,0,0,0,0,0
0,2,13,0,0,0,0,0,0,0
1,1,8,0,0,0,0,0,0,0
0,6,5,0,0,0,0,0,0,0
0,4,7,0,0,0,0,0,0,0
0,1,6,0,0,0,0,0,0,0
1,0,6,0,0,0,0,0,0,0
0,3,6,0,0,0,0,0,0,0
0,2,11,0,0,0,0,0,0,0
1,1,4,0,0,0,0,0,0,0
1,1,11,0,0,0,0,0,0,0
1,0,6,0,0,0,0,0,0,0
0,2,4,0,0,0,0,0,0,0
0,3,11,0,0,0,0,0,0,0
0,7,2,0,0,0,0,0,0,0
0,8,12,0,0,0,0,0,0,0
2,7,14,0,0,0,0,0,0,0
0,3,11,0,0,0,0,0,0,0
2,1,5,0,0,0,0,0,0,0
0,2,3,0,0,0,0,0,0,0
0,2,10,0,0,0,0,0,0,0
0,5,21,0,0,0,0,0,0,0
0,1,4,0,0,0,0,0,0,0
1,7,1,0,0,0,0,0,0,0
1,1,4,0,0,0,0,0,0,0
0,2,3,0,0,0,0,0,0,0
0,7,3,0,0,0,0,0,0,0
0,2,3,0,0,0,0,0,0,0
1,1,9,0,0,0,0,0,0,0
2,4,19,0,0,0,0,0,0,0
0,5,4,0,0,0,0,0,0,0
1,0,5,0,0,0,0,0,0,0
2,0,7,0,0,0,0,0,0,0
1,2,6,0,0,0,0,0,0,0
0,5,19,0,0,0,0,0,0,0
0,1,6,0,0,0,0,0,0,0
0,5,1,0,0,0,0,0,0,0
0,3,16,0,0,0,0,0,0,0
0,2,5,0,0,0,0,0,0,0
0,2,7,0,0,0,0,0,0,0
1,3,3,0,0,0,0,0,0,0
1,11,3,0,0,0,0,0,0,0
0,1,4,0,0,0,0,0,0,0
0,1,6,0,0,0,0,0,0,0
0,6,6,0,0,0,0,0,0,0
0,1,6,0,0,0,0,0,0,0
1,1,11,0,0,0,0,0,0,0
0,1,5,0,0,0,0,0,0,0
1,0,6,0,0,0,0,0,0,0
0,1,5,0,0,0,0,0,0,0
0,3,10,0,0,0,0,0,0,0
0,11,8,0,0,0,0,0,0,0
0,8,28,0,0,0,0,0,0,0
2,2,11,0,0,0,0,0,0,0
0,4,1,0,0,0,0,0,0,0
0,1,5,0,0,0,0,0,0,0
0,4,18,0,0,0,0,0,0,0
0,2,9,0,0,0,0,0,0,0
1,1,8,0,0,0,0,0,0,0
0,6,22,0,0,0,0,0,0,0
0,1,4,0,0,0,0,0,0,0
0,1,4,0,0,0,0,0,0,0
10,3,8,0,0,0,0,0,0,0
0,8,7,0,0,0,0,0,0,0
2,2,11,0,0,0,0,0,0,0
0,13,5,0,0,0,0,0,0,0
1,0,6,0,0,0,0,0,0,0
0,4,16,0,0,0,0,0,0,0
0,5,11,0,0,0,0,0,0,0
0,4,6,0,0,0,0,0,0,0
0,1,5,0,0,0,0,0,0,0
0,2,13,0,0,0,0,0,0,0
1,4,5,0,0,0,0,0,0,0
0,1,6,0,0,0,0,0,0,0
0,5,2,0,0,0,0,0,0,0
0,4,2,0,0,0,0,0,0,0
1,7,2,0,0,0,0,0,0,0
1,1,8,0,0,0,0,0,0,0
0,1,6,0,0,0,0,0,0,0
0,3,4,0,0,0,0,0,0,0
0,2,4,0,0,0,0,0,0,0
0,1,6,0,0,0,0,0,0,0
2,1,18,0,0,0,0,0,0,0
2,0,10,0,0,0,0,0,0,0
3,7,17,0,0,0,0,0,0,0
0,1,6,0,0,0,0,0,0,0
0,2,9,0,0,0,0,0,0,0
0,5,10,0,0,0,0,0,0,0
0,7,5,0,0,0,0,0,0,0
2,0,9,0,0,0,0,0,0,0
0,2,8,0,0,0,0,0,0,0
0,3,4,0,0,0,0,0,0,0
2,0,5,0,0,0,0,0,0,0
0,1,5,0,0,0,0,0,0,0
1,3,13,0,0,0,0,0,0,0
7,0,6,0,0,0,0,0,0,0
1,3,1,0,0,0,0,0,0,0
0,3,3,0,0,0,0,0,0,0
1,0,6,0,0,0,0,0,0,0
0,6,3,0,0,0,0,0,0,0
0,5,17,0,0,0,0,0,0,0
0,2,7,0,0,0,0,0,0,0
0,2,3,0,0,0,0,0,0,0
0,1,5,0,0,0,0,0,0,0
1,1,12,0,0,0,0,0,0,0
1,0,6,0,0,0,0,0,0,0
1,2,10,0,0,0,0,0,0,0
1,1,9,0,0,0,0,0,0,0
0,12,6,0,0,0,0,0,0,0
0,3,7,0,0,0,0,0,0,0
0,3,7,0,0,0,0,0,0,0
1,6,4,0,0,0,0,0,0,0
0,5,15,0,0,0,0,0,0,0
0,5,4,0,0,0,0,0,0,0
1,3,9,0,0,0,0,0,0,0
0,4,7,0,0,0,0,0,0,0
0,1,4,0,0,0,0,0,0,0
1,5,1,0,0,0,0,0,0,0
1,6,12,0,0,0,0,0,0,0
1,1,10,0,0,0,0,0,0,0
0,1,4,0,0,0,0,0,0,0
0,11,7,0,0,0,0,0,0,0
0,6,6,0,0,0,0,0,0,0
1,9,27,0,0,0,0,0,0,0
2,5,8,0,0,0,0,0,0,0
0,6,5,0,0,0,0,0,0,0
0,2,11,0,0,0,0,0,0,0
0,2,3,0,0,0,0,0,0,0
0,2,3,0,0,0,0,0,0,0
0,1,5,0,0,0,0,0,0,0
5,4,10,0,0,0,0,0,0,0
0,1,6,0,0,0,0,0,0,0
1,1,11,0,0,0,0,0,0,0
0,17,3,0,0,0,0,0,0,0
0,1,6,0,0,0,0,0,0,0
0,4,1,0,0,0,0,0,0,0
0,2,6,0,0,0,0,0,0,0
0,1,4,0,0,0,0,0,0,0
0,2,6,0,0,0,0,0,0,0
1,0,6,0,0,0,0,0,0,0
0,5,5,0,0,0,0,0,0,0
0,6,2,0,0,0,0,0,0,0
0,5,9,0,0,0,0,0,0,0
0,1,6,0,0,0,0,0,0,0
1,8,12,0,0,0,0,0,0,0
1,2,6,0,0,0,0,0,0,0
0,1,4,0,0,0,0,0,0,0
0,1,5,0,0,0,0,0,0,0
2,1,13,0,0,0,0,0,0,0
1,6,14,0,0,0,0,0,0,0
1,1,11,0,0,0,0,0,0,0
1,11,28,0,0,0,0,0,0,0
1,8,28,0,0,0,0,0,0,0
0,2,7,0,0,0,0,0,0,0
0,2,8,0,0,0,0,0,0,0
1,72,22,0,0,0,0,0,0,0
0,3,11,0,0,0,0,0,0,0
0,4,6,0,0,0,0,0,0,0
0,1,4,0,0,0,0,0,0,0
1,1,5,0,0,0,0,0,0,0
31,0,29,0,0,0,0,0,0,0
0,5,2,0,0,0,0,0,0,0
0,13,28,0,0,0,0,0,0,0
1,1,4,0,0,0,0,0,0,0
0,3,16,0,0,0,0,0,0,0
0,3,13,0,0,0,0,0,0,0
1,0,5,0,0,0,0,0,0,0
0,3,6,0,0,0,0,0,0,0
1,2,9,0,0,0,0,0,0,0
0,4,3,0,0,0,0,0,0,0
1,1,9,0,0,0,0,0,0,0
0,5,7,0,0,0,0,0,0,0
2,1,2,0,0,0,0,0,0,0
1,2,12,0,0,0,0,0,0,0
0,1,4,0,0,0,0,0,0,0
5,0,5,0,0,0,0,0,0,0
1,2,6,0,0,0,0,0,0,0
0,2,10,0,0,0,0,0,0,0
0,1,6,0,0,0,0,0,0,0
0,3,4,0,0,0,0,0,0,0
0,2,9,0,0,0,0,0,0,0
0,5,6,0,0,0,0,0,0,0
1,2,9,0,0,0,0,0,0,0
0,8,2,0,0,0,0,0,0,0
0,1,4,0,0,0,0,0,0,0
1,1,8,0,0,0,0,0,0,0
0,2,10,0,0,0,0,0,0,0
0,1,5,0,0,0,0,0,0,0
0,2,6,0,0,0,0,0,0,0
0,3,14,0,0,0,0,0,0,0
1,1,7,0,0,0,0,0,0,0
1,2,17,0,0,0,0,0,0,0
2,2,27,0,0,0,0,0,0,0
0,4,2,0,0,0,0,0,0,0
0,3,4,0,0,0,0,0,0,0
0,3,2,0,0,0,0,0,0,0
1,3,4,0,0,0,0,0,0,0
0,2,5,0,0,0,0,0,0,0
0,2,4,0,0,0,0,0,0,0
1,0,6,0,0,0,0,0,0,0
1,13,9,0,0,0,0,0,0,0
0,7,2,0,0,0,0,0,0,0
0,2,13,0,0,0,0,0,0,0
0,5,2,0,0,0,0,0,0,0
2,1,4,0,0,0,0,0,0,0
0,1,6,0,0,0,0,0,0,0
0,2,3,0,0,0,0,0,0,0
3,2,19,0,0,0,0,0,0,0
0,8,22,0,0,0,0,0,0,0
1,2,10,0,0,0,0,0,0,0
1,0,5,0,0,0,0,0,0,0
0,2,5,0,0,0,0,0,0,0
0,2,10,0,0,0,0,0,0,0
1,5,12,0,0,0,0,0,0,0
0,5,9,0,0,0,0,0,0,0
0,5,18,0,0,0,0,0,0,0
0,3,5,0,0,0,0,0,0,0
1,3,11,0,0,0,0,0,0,0
0,2,5,0,0,0,0,0,0,0
0,4,1,0,0,0,0,0,0,0
1,0,5,0,0,0,0,0,0,0
0,5,1,0,0,0,0,0,0,0
1,1,6,0,0,0,0,0,0,0
1,1,3,0,0,0,0,0,0,0
0,2,5,0,0,0,0,0,0,0
0,3,2,0,0,0,0,0,0,0
0,8,13,0,0,0,0,0,0,0
0,4,19,0,0,0,0,0,0,0
0,1,4,0,0,0,0,0,0,0
1,2,18,0,0,0,0,0,0,0
1,1,3,0,0,0,0,0,0,0
0,2,8,0,0,0,0,0,0,0
0,1,6,0,0,0,0,0,0,0
0,6,2,0,0,0,0,0,0,0
0,6,1,0,0,0,0,0,0,0
0,2,3,0,0,0,0,0,0,0
3,1,18,0,0,0,0,0,0,0
1,5,5,0,0,0,0,0,0,0
1,2,8,0,0,0,0,0,0,0
2,1,11,0,0,0,0,0,0,0
1,1,7,0,0,0,0,0,0,0
0,3,12,0,0,0,0,0,0,0
1,5,8,0,0,0,0,0,0,0
0,6,3,0,0,0,0,0,0,0
0,4,1,0,0,0,0,0,0,0
3,3,3,0,0,0,0,0,0,0
0,3,4,0,0,0,0,0,0,0
0,4,10,0,0,0,0,0,0,0
0,2,6,0,0,0,0,0,0,0
2,0,5,0,0,0,0,0,0,0
1,4,18,0,0,0,0,0,0,0
0,3,9,0,0,0,0,0,0,0
0,2,3,0,0,0,0,0,0,0
2,0,8,0,0,0,0,0,0,0
1,2,12,0,0,0,0,0,0,0
0,2,12,0,0,0,0,0,0,0
0,2,10,0,0,0,0,0,0,0
1,1,11,0,0,0,0,0,0,0
1,0,5,0,0,0,0,0,0,0
2,11,21,0,0,0,0,0,0,0
2,0,7,0,0,0,0,0,0,0
0,2,7,0,0,0,0,0,0,0
0,1,5,0,0,0,0,0,0,0
0,2,3,0,0,0,0,0,0,0
0,2,4,0,0,0,0,0,0,0
0,6,2,0,0,0,0,0,0,0
0,2,6,0,0,0,0,0,0,0
0,11,16,0,0,0,0,0,0,0
0,5,3,0,0,0,0,0,0,0
0,1,5,0,0,0,0,0,0,0
0,5,11,0,0,0,0,0,0,0
0,3,2,0,0,0,0,0,0,0
0,2,8,0,0,0,0,0,0,0
2,2,7,0,0,0,0,0,0,0
1,9,1,0,0,0,0,0,0,0
0,1,4,0,0,0,0,0,0,0
1,1,5,0,0,0,0,0,0,0
2,1,16,0,0,0,0,0,0,0
0,5,16,0,0,0,0,0,0,0
0,1,6,0,0,0,0,0,0,0
1,3,14,0,0,0,0,0,0,0
0,2,6,0,0,0,0,0,0,0
1,4,3,0,0,0,0,0,0,0
0,5,6,0,0,0,0,0,0,0
0,2,6,0,0,0,0,0,0,0
0,5,6,0,0,0,0,0,0,0
0,5,1,0,0,0,0,0,0,0
1,1,12,0,0,0,0,0,0,0
2,0,5,0,0,0,0,0,0,0
0,2,13,0,0,0,0,0,0,0
0,5,4,0,0,0,0,0,0,0
0,4,7,0,0,0,0,0,0,0
0,1,4,0,0,0,0,0,0,0
1,0,5,0,0,0,0,0,0,0
0,1,6,0,0,0,0,0,0,0
0,1,4,0,0,0,0,0,0,0
0,2,4,0,0,0,0,0,0,0
0,3,6,0,0,0,0,0,0,0
0,6,10,0,0,0,0,0,0,0
3,2,12,0,0,0,0,0,0,0
0,3,4,0,0,0,0,0,0,0
0,3,2,0,0,0,0,0,0,0
0,3,4,0,0,0,0,0,0,0
0,1,5,0,0,0,0,0,0,0
1,3,26,0,0,0,0,0,0,0
1,2,2,0,0,0,0,0,0,0
2,3,2,0,0,0,0,0,0,0
0,2,3,0,0,0,0,0,0,0
0,6,6,0,0,0,0,0,0,0
0,4,8,0,0,0,0,0,0,0
2,0,5,0,0,0,0,0,0,0
0,4,18,0,0,0,0,0,0,0
0,1,5,0,0,0,0,0,0,0
0,5,7,0,0,0,0,0,0,0
0,3,11,0,0,0,0,0,0,0
0,1,5,0,0,0,0,0,0,0
0,1,4,0,0,0,0,0,0,0
0,1,5,0,0,0,0,0,0,0
0,1,4,0,0,0,0,0,0,0
1,1,10,0,0,0,0,0,0,0
0,3,2,0,0,0,0,0,0,0
1,1,3,0,0,0,0,0,0,0
0,1,4,0,0,0,0,0,0,0
0,4,2,0,0,0,0,0,0,0
0,1,4,0,0,0,0,0,0,0
1,1,5,0,0,0,0,0,0,0
0,2,5,0,0,0,0,0,0,0
2,0,9,0,0,0,0,0,0,0
0,3,6,0,0,0,0,0,0,0
0,9,4,0,0,0,0,0,0,0
0,3,4,0,0,0,0,0,0,0
1,1,6,0,0,0,0,0,0,0
0,1,4,0,0,0,0,0,0,0
0,4,8,0,0,0,0,0,0,0
1,8,10,0,0,0,0,0,0,0
0,1,5,0,0,0,0,0,0,0
2,0,10,0,0,0,0,0,0,0
0,4,2,0,0,0,0,0,0,0
1,0,5,0,0,0,0,0,0,0
0,2,4,0,0,0,0,0,0,0
0,5,5,0,0,0,0,0,0,0
1,2,9,0,0,0,0,0,0,0
0,2,12,0,0,0,0,0,0,0
0,8,3,0,0,0,0,0,0,0
0,2,5,0,0,0,0,0,0,0
1,1,3,0,0,0,0,0,0,0
1,9,3,0,0,0,0,0,0,0
0,4,8,0,0,0,0,0,0,0
0,2,3,0,0,0,0,0,0,0
0,1,4,0,0,0,0,0,0,0
0,2,5,0,0,0,0,0,0,0
1,2,17,0,0,0,0,0,0,0
0,1,6,0,0,0,0,0,0,0
0,1,5,0,0,0,0,0,0,0
0,4,4,0,0,0,0,0,0,0
1,9,8,0,0,0,0,0,0,0
2,2,11,0,0,0,0,0,0,0
1,0,5,0,0,0,0,0,0,0
0,3,10,0,0,0,0,0,0,0
7,0,14,0,0,0,0,0,0,0
1,0,6,0,0,0,0,0,0,0
0,3,3,0,0,0,0,0,0,0
2,2,10,0,0,0,0,0,0,0
0,1,6,0,0,0,0,0,0,0
2,1,12,0,0,0,0,0,0,0
0,9,5,0,0,0,0,0,0,0
0,3,14,0,0,0,0,0,0,0
1,2,3,0,0,0,0,0,0,0
0,4,9,0,0,0,0,0,0,0
0,6,5,0,0,0,0,0,0,0
2,2,19,0,0,0,0,0,0,0
0,2,6,0,0,0,0,0,0,0
1,1,4,0,0,0,0,0,0,0
1,1,3,0,0,0,0,0,0,0
0,2,12,0,0,0,0,0,0,0
6,0,16,0,0,0,0,0,0,0
0,5,4,0,0,0,0,0,0,0
0,3,6,0,0,0,0,0,0,0
1,1,9,0,0,0,0,0,0,0
0,1,6,0,0,0,0,0,0,0
0,6,1,0,0,0,0,0,0,0
1,2,5,0,0,0,0,0,0,0
0,4,4,0,0,0,0,0,0,0
0,4,2,0,0,0,0,0,0,0
0,4,9,0,0,0,0,0,0,0
1,1,5,0,0,0,0,0,0,0
0,2,3,0,0,0,0,0,0,0
0,5,4,0,0,0,0,0,0,0
1,0,5,0,0,0,0,0,0,0
0,1,4,0,0,0,0,0,0,0
1,1,6,0,0,0,0,0,0,0
0,3,8,0,0,0,0,0,0,0
1,4,5,0,0,0,0,0,0,0
1,13,13,0,0,0,0,0,0,0
1,2,4,0,0,0,0,0,0,0
0,2,9,0,0,0,0,0,0,0
42,2,7,0,0,0,0,0,0,0
2,10,7,0,0,0,0,0,0,0
0,6,12,0,0,0,0,0,0,0
7,0,5,0,0,0,0,0,0,0
1,7,1,0,0,0,0,0,0,0
1,0,5,0,0,0,0,0,0,0
2,1,5,0,0,0,0,0,0,0
0,2,3,0,0,0,0,0,0,0
2,0,13,0,0,0,0,0,0,0
0,2,5,0,0,0,0,0,0,0
0,4,4,0,0,0,0,0,0,0
0,1,4,0,0,0,0,0,0,0
4,5,6,0,0,0,0,0,0,0
0,3,10,0,0,0,0,0,0,0
0,5,1,0,0,0,0,0,0,0
0,2,3,0,0,0,0,0,0,0
0,2,11,0,0,0,0,0,0,0
1,1,4,0,0,0,0,0,0,0
0,3,5,0,0,0,0,0,0,0
0,3,13,0,0,0,0,0,0,0
0,7,9,0,0,0,0,0,0,0
0,1,4,0,0,0,0,0,0,0
0,2,4,0,0,0,0,0,0,0
2,2,6,0,0,0,0,0,0,0
2,0,11,0,0,0,0,0,0,0
0,1,5,0,0,0,0,0,0,0
2,1,3,0,0,0,0,0,0,0
2,3,10,0,0,0,0,0,0,0
0,7,9,0,0,0,0,0,0,0
0,1,5,0,0,0,0,0,0,0
0,4,10,0,0,0,0,0,0,0
0,7,3,0,0,0,0,0,0,0
0,4,1,0,0,0,0,0,0,0
1,2,3,0,0,0,0,0,0,0
0,1,6,0,0,0,0,0,0,0
0,3,3,0,0,0,0,0,0,0
0,3,2,0,0,0,0,0,0,0
0,1,5,0,0,0,0,0,0,0
1,0,6,0,0,0,0,0,0,0
1,2,8,0,0,0,0,0,0,0
0,1,4,0,0,0,0,0,0,0
0,1,6,0,0,0,0,0,0,0
0,3,2,0,0,0,0,0,0,0
0,3,2,0,0,0,0,0,0,0
1,0,5,0,0,0,0,0,0,0
0,4,1,0,0,0,0,0,0,0
3,4,10,0,0,0,0,0,0,0
0,2,6,0,0,0,0,0,0,0
1,2,10,0,0,0,0,0,0,0
0,2,11,0,0,0,0,0,0,0
0,2,3,0,0,0,0,0,0,0
1,4,5,0,0,0,0,0,0,0
0,7,11,0,0,0,0,0,0,0
0,4,2,0,0,0,0,0,0,0
0,1,6,0,0,0,0,0,0,0
1,3,18,0,0,0,0,0,0,0
0,5,4,0,0,0,0,0,0,0
2,2,9,0,0,0,0,0,0,0
1,1,13,0,0,0,0,0,0,0
0,1,5,0,0,0,0,0,0,0
0,3,8,0,0,0,0,0,0,0
0,18,18,0,0,0,0,0,0,0
1,1,11,0,0,0,0,0,0,0
0,6,1,0,0,0,0,0,0,0
0,1,4,0,0,0,0,0,0,0
0,3,11,0,0,0,0,0,0,0
1,10,4,0,0,0,0,0,0,0
0,4,1,0,0,0,0,0,0,0
0,5,5,0,0,0,0,0,0,0
1,1,9,0,0,0,0,0,0,0
0,5,1,0,0,0,0,0,0,0
0,1,4,0,0,0,0,0,0,0
0,2,7,0,0,0,0,0,0,0
0,7,2,0,0,0,0,0,0,0
0,6,8,0,0,0,0,0,0,0
2,2,8,0,0,0,0,0,0,0
0,10,2,0,0,0,0,0,0,0
0,1,6,0,0,0,0,0,0,0
1,0,6,0,0,0,0,0,0,0
1,5,6,0,0,0,0,0,0,0
2,1,12,0,0,0,0,0,0,0
0,11,2,0,0,0,0,0,0,0
0,2,8,0,0,0,0,0,0,0
0,4,5,0,0,0,0,0,0,0
0,2,8,0,0,0,0,0,0,0
1,2,17,0,0,0,0,0,0,0
0,1,4,0,0,0,0,0,0,0
1,0,5,0,0,0,0,0,0,0
0,5,7,0,0,0,0,0,0,0
0,3,5,0,0,0,0,0,0,0
0,3,8,0,0,0,0,0,0,0
0,1,5,0,0,0,0,0,0,0
0,6,3,0,0,0,0,0,0,0
0,1,4,0,0,0,0,0,0,0
0,3,19,0,0,0,0,0,0,0
0,2,4,0,0,0,0,0,0,0
1,1,6,0,0,0,0,0,0,0
0,1,6,0,0,0,0,0,0,0
0,1,5,0,0,0,0,0,0,0
1,1,5,0,0,0,0,0,0,0
0,1,6,0,0,0,0,0,0,0
0,3,14,0,0,0,0,0,0,0
1,1,11,0,0,0,0,0,0,0
1,2,15,0,0,0,0,0,0,0
0,2,13,0,0,0,0,0,0,0
1,2,15,0,0,0,0,0,0,0
2,0,5,0,0,0,0,0,0,0
2,1,2,0,0,0,0,0,0,0
1,0,6,0,0,0,0,0,0,0
3,0,6,0,0,0,0,0,0,0
3,1,20,0,0,0,0,0,0,0
0,2,11,0,0,0,0,0,0,0
1,2,8,0,0,0,0,0,0,0
0,1,4,0,0,0,0,0,0,0
0,6,8,0,0,0,0,0,0,0
0,9,2,0,0,0,0,0,0,0
1,1,11,0,0,0,0,0,0,0
0,2,9,0,0,0,0,0,0,0
0,4,3,0,0,0,0,0,0,0
1,0,6,0,0,0,0,0,0,0
0,2,6,0,0,0,0,0,0,0
1,2,7,0,0,0,0,0,0,0
0,1,6,0,0,0,0,0,0,0
1,3,9,0,0,0,0,0,0,0
0,2,6,0,0,0,0,0,0,0
2,5,15,0,0,0,0,0,0,0
0,1,4,0,0,0,0,0,0,0
0,3,3,0,0,0,0,0,0,0
0,4,4,0,0,0,0,0,0,0
1,8,21,0,0,0,0,0,0,0
0,1,6,0,0,0,0,0,0,0
0,2,4,0,0,0,0,0,0,0
0,1,4,0,0,0,0,0,0,0
0,2,13,0,0,0,0,0,0,0
0,6,1,0,0,0,0,0,0,0
1,1,8,0,0,0,0,0,0,0
1,1,5,0,0,0,0,0,0,0
2,0,9,0,0,0,0,0,0,0
0,6,5,0,0,0,0,0,0,0
1,4,13,0,0,0,0,0,0,0
0,11,7,0,0,0,0,0,0,0
0,5,1,0,0,0,0,0,0,0
0,1,4,0,0,0,0,0,0,0
1,0,5,0,0,0,0,0,0,0
0,1,5,0,0,0,0,0,0,0
2,0,7,0,0,0,0,0,0,0
1,3,2,0,0,0,0,0,0,0
1,1,3,0,0,0,0,0,0,0
0,11,3,0,0,0,0,0,0,0
0,2,8,0,0,0,0,0,0,0
1,0,5,0,0,0,0,0,0,0
0,1,4,0,0,0,0,0,0,0
0,4,22,0,0,0,0,0,0,0
0,11,3,0,0,0,0,0,0,0
1,1,12,0,0,0,0,0,0,0
2,0,5,0,0,0,0,0,0,0
0,1,4,0,0,0,0,0,0,0
0,11,3,0,0,0,0,0,0,0
0,4,3,0,0,0,0,0,0,0
0,6,5,0,0,0,0,0,0,0
0,5,5,0,0,0,0,0,0,0
1,0,5,0,0,0,0,0,0,0
0,2,8,0,0,0,0,0,0,0
1,0,6,0,0,0,0,0,0,0
0,2,4,0,0,0,0,0,0,0
2,4,11,0,0,0,0,0,0,0
1,4,4,0,0,0,0,0,0,0
0,1,6,0,0,0,0,0,0,0
1,3,8,0,0,0,0,0,0,0
0,4,11,0,0,0,0,0,0,0
0,3,3,0,0,0,0,0,0,0
0,3,3,0,0,0,0,0,0,0
0,6,6,0,0,0,0,0,0,0
1,1,4,0,0,0,0,0,0,0
0,4,9,0,0,0,0,0,0,0
1,1,4,0,0,0,0,0,0,0
0,1,6,0,0,0,0,0,0,0
0,1,4,0,0,0,0,0,0,0
0,3,2,0,0,0,0,0,0,0
1,8,3,0,0,0,0,0,0,0
0,4,4,0,0,0,0,0,0,0
1,2,7,0,0,0,0,0,0,0
0,3,11,0,0,0,0,0,0,0
0,4,1,0,0,0,0,0,0,0
1,0,5,0,0,0,0,0,0,0
0,7,4,0,0,0,0,0,0,0
1,0,6,0,0,0,0,0,0,0
1,4,1,0,0,0,0,0,0,0
0,1,6,0,0,0,0,0,0,0
0,4,7,0,0,0,0,0,0,0
0,2,13,0,0,0,0,0,0,0
0,2,5,0,0,0,0,0,0,0
2,1,12,0,0,0,0,0,0,0
0,1,5,0,0,0,0,0,0,0
0,5,7,0,0,0,0,0,0,0
0,2,10,0,0,0,0,0,0,0
0,1,4,0,0,0,0,0,0,0
0,2,6,0,0,0,0,0,0,0
0,1,5,0,0,0,0,0,0,0
0,9,14,0,0,0,0,0,0,0
0,1,6,0,0,0,0,0,0,0
0,7,2,0,0,0,0,0,0,0
0,7,8,0,0,0,0,0,0,0
1,0,5,0,0,0,0,0,0,0
1,2,7,0,0,0,0,0,0,0
0,3,3,0,0,0,0,0,0,0
1,0,5,0,0,0,0,0,0,0
0,7,2,0,0,0,0,0,0,0
2,2,9,0,0,0,0,0,0,0
0,1,4,0,0,0,0,0,0,0
0,2,9,0,0,0,0,0,0,0
2,0,8,0,0,0,0,0,0,0
0,4,2,0,0,0,0,0,0,0
1,3,6,0,0,0,0,0,0,0
1,2,13,0,0,0,0,0,0,0
2,1,8,0,0,0,0,0,0,0
0,1,6,0,0,0,0,0,0,0
2,6,1,0,0,0,0,0,0,0
0,2,8,0,0,0,0,0,0,0
0,7,7,0,0,0,0,0,0,0
1,6,21,0,0,0,0,0,0,0
0,6,7,0,0,0,0,0,0,0
1,1,7,0,0,0,0,0,0,0
0,4,4,0,0,0,0,0,0,0
0,3,4,0,0,0,0,0,0,0
0,2,9,0,0,0,0,0,0,0
0,2,3,0,0,0,0,0,0,0
0,4,1,0,0,0,0,0,0,0
0,3,13,0,0,0,0,0,0,0
0,6,13,0,0,0,0,0,0,0
0,3,2,0,0,0,0,0,0,0
1,0,5,0,0,0,0,0,0,0
0,2,9,0,0,0,0,0,0,0
0,7,9,0,0,0,0,0,0,0
0,2,10,0,0,0,0,0,0,0
0,4,10,0,0,0,0,0,0,0
0,7,8,0,0,0,0,0,0,0
1,2,2,0,0,0,0,0,0,0
1,6,8,0,0,0,0,0,0,0
0,3,9,0,0,0,0,0,0,0
0,1,6,0,0,0,0,0,0,0
0,3,17,0,0,0,0,0,0,0
1,5,8,0,0,0,0,0,0,0
2,0,6,0,0,0,0,0,0,0
2,1,11,0,0,0,0,0,0,0
1,1,4,0,0,0,0,0,0,0
1,35,16,0,0,0,0,0,0,0
0,5,4,0,0,0,0,0,0,0
0,1,4,0,0,0,0,0,0,0
0,6,6,0,0,0,0,0,0,0
3,2,18,0,0,0,0,0,0,0
1,3,11,0,0,0,0,0,0,0
0,1,5,0,0,0,0,0,0,0
2,2,5,0,0,0,0,0,0,0
0,15,13,0,0,0,0,0,0,0
18,2,3,0,0,0,0,0,0,0
2,1,16,0,0,0,0,0,0,0
0,1,5,0,0,0,0,0,0,0
1,0,5,0,0,0,0,0,0,0
0,4,3,0,0,0,0,0,0,0
0,3,3,0,0,0,0,0,0,0
0,2,3,0,0,0,0,0,0,0
0,7,14,0,0,0,0,0,0,0
0,3,3,0,0,0,0,0,0,0
0,2,8,0,0,0,0,0,0,0
0,2,7,0,0,0,0,0,0,0
0,4,7,0,0,0,0,0,0,0
0,4,2,0,0,0,0,0,0,0
1,2,20,0,0,0,0,0,0,0
1,0,5,0,0,0,0,0,0,0
2,2,10,0,0,0,0,0,0,0
0,1,4,0,0,0,0,0,0,0
1,3,2,0,0,0,0,0,0,0
5,0,18,0,0,0,0,0,0,0
0,4,2,0,0,0,0,0,0,0
0,2,11,0,0,0,0,0,0,0
1,2,6,0,0,0,0,0,0,0
0,8,8,0,0,0,0,0,0,0
1,0,5,0,0,0,0,0,0,0
0,3,7,0,0,0,0,0,0,0
0,28,13,0,0,0,0,0,0,0
0,3,7,0,0,0,0,0,0,0
1,7,4,0,0,0,0,0,0,0
0,3,4,0,0,0,0,0,0,0
0,1,6,0,0,0,0,0,0,0
0,4,3,0,0,0,0,0,0,0
0,2,3,0,0,0,0,0,0,0
0,7,11,0,0,0,0,0,0,0
1,2,7,0,0,0,0,0,0,0
0,3,2,0,0,0,0,0,0,0
1,1,9,0,0,0,0,0,0,0
2,0,9,0,0,0,0,0,0,0
0,4,17,0,0,0,0,0,0,0
0,3,11,0,0,0,0,0,0,0
0,1,4,0,0,0,0,0,0,0
0,2,11,0,0,0,0,0,0,0
28,148,10,0,0,0,0,0,0,0
0,7,4,0,0,0,0,0,0,0
1,1,5,0,0,0,0,0,0,0
0,2,6,0,0,0,0,0,0,0
0,1,6,0,0,0,0,0,0,0
3,4,10,0,0,0,0,0,0,0
0,6,7,0,0,0,0,0,0,0
1,1,13,0,0,0,0,0,0,0
0,3,6,0,0,0,0,0,0,0
0,1,5,0,0,0,0,0,0,0
0,2,9,0,0,0,0,0,0,0
0,3,14,0,0,0,0,0,0,0
0,1,4,0,0,0,0,0,0,0
0,3,3,0,0,0,0,0,0,0
1,0,5,0,0,0,0,0,0,0
0,2,8,0,0,0,0,0,0,0
0,3,6,0,0,0,0,0,0,0
0,2,8,0,0,0,0,0,0,0
0,1,5,0,0,0,0,0,0,0
0,6,10,0,0,0,0,0,0,0
0,3,14,0,0,0,0,0,0,0
2,1,8,0,0,0,0,0,0,0
1,3,1,0,0,0,0,0,0,0
0,3,9,0,0,0,0,0,0,0
3,1,4,0,0,0,0,0,0,0
0,2,8,0,0,0,0,0,0,0
4,2,2,0,0,0,0,0,0,0
1,7,4,0,0,0,0,0,0,0
0,9,2,0,0,0,0,0,0,0
0,2,11,0,0,0,0,0,0,0
0,2,8,0,0,0,0,0,0,0
6,1,3,0,0,0,0,0,0,0
0,2,6,0,0,0,0,0,0,0
1,3,1,0,0,0,0,0,0,0
0,3,7,0,0,0,0,0,0,0
0,1,4,0,0,0,0,0,0,0
0,1,4,0,0,0,0,0,0,0
0,3,19,0,0,0,0,0,0,0
0,2,13,0,0,0,0,0,0,0
0,1,6,0,0,0,0,0,0,0
1,3,4,0,0,0,0,0,0,0
0,2,5,0,0,0,0,0,0,0
1,7,2,0,0,0,0,0,0,0
0,1,5,0,0,0,0,0,0,0
0,1,4,0,0,0,0,0,0,0
0,3,6,0,0,0,0,0,0,0
2,1,4,0,0,0,0,0,0,0
1,5,9,0,0,0,0,0,0,0
1,0,5,0,0,0,0,0,0,0
0,2,10,0,0,0,0,0,0,0
0,3,15,0,0,0,0,0,0,0
0,1,5,0,0,0,0,0,0,0
0,1,5,0,0,0,0,0,0,0
1,1,5,0,0,0,0,0,0,0
0,2,3,0,0,0,0,0,0,0
0,1,5,0,0,0,0,0,0,0
2,5,2,0,0,0,0,0,0,0
0,3,4,0,0,0,0,0,0,0
0,3,17,0,0,0,0,0,0,0
2,1,17,0,0,0,0,0,0,0
0,4,1,0,0,0,0,0,0,0
0,2,4,0,0,0,0,0,0,0
1,1,4,0,0,0,0,0,0,0
0,4,2,0,0,0,0,0,0,0
0,2,6,0,0,0,0,0,0,0
0,4,6,0,0,0,0,0,0,0
0,3,9,0,0,0,0,0,0,0
0,4,10,0,0,0,0,0,0,0
2,1,9,0,0,0,0,0,0,0
0,4,6,0,0,0,0,0,0,0
1,1,7,0,0,0,0,0,0,0
1,5,4,0,0,0,0,0,0,0
0,1,5,0,0,0,0,0,0,0
0,8,2,0,0,0,0,0,0,0
0,11,12,0,0,0,0,0,0,0
0,2,3,0,0,0,0,0,0,0
1,1,4,0,0,0,0,0,0,0
1,7,1,0,0,0,0,0,0,0
0,2,4,0,0,0,0,0,0,0
2,0,12,0,0,0,0,0,0,0
1,1,11,0,0,0,0,0,0,0
1,1,5,0,0,0,0,0,0,0
2,0,7,0,0,0,0,0,0,0
0,2,8,0,0,0,0,0,0,0
0,5,2,0,0,0,0,0,0,0
0,1,4,0,0,0,0,0,0,0
1,2,2,0,0,0,0,0,0,0
0,1,6,0,0,0,0,0,0,0
0,2,11,0,0,0,0,0,0,0
0,3,2,0,0,0,0,0,0,0
0,2,3,0,0,0,0,0,0,0
54,52,2,0,0,0,0,0,0,0
1,1,9,0,0,0,0,0,0,0
0,5,7,0,0,0,0,0,0,0
1,2,20,0,0,0,0,0,0,0
0,1,5,0,0,0,0,0,0,0
0,16,11,0,0,0,0,0,0,0
0,9,2,0,0,0,0,0,0,0
0,1,5,0,0,0,0,0,0,0
1,0,6,0,0,0,0,0,0,0
2,2,13,0,0,0,0,0,0,0
1,1,13,0,0,0,0,0,0,0
0,4,1,0,0,0,0,0,0,0
0,1,4,0,0,0,0,0,0,0
2,1,2,0,0,0,0,0,0,0
13,33,1,0,0,0,0,0,0,0
2,12,1,0,0,0,0,0,0,0
0,1,5,0,0,0,0,0,0,0
0,2,4,0,0,0,0,0,0,0
0,1,6,0,0,0,0,0,0,0
4,1,24,0,0,0,0,0,0,0
0,1,5,0,0,0,0,0,0,0
0,2,4,0,0,0,0,0,0,0
6,1,4,0,0,0,0,0,0,0
2,0,12,0,0,0,0,0,0,0
1,1,8,0,0,0,0,0,0,0
1,1,9,0,0,0,0,0,0,0
0,1,4,0,0,0,0,0,0,0
0,1,5,0,0,0,0,0,0,0
0,1,6,0,0,0,0,0,0,0
1,3,10,0,0,0,0,0,0,0
0,1,4,0,0,0,0,0,0,0
0,7,2,0,0,0,0,0,0,0
1,0,6,0,0,0,0,0,0,0
0,7,7,0,0,0,0,0,0,0
0,4,16,0,0,0,0,0,0,0
0,5,13,0,0,0,0,0,0,0
0,2,3,0,0,0,0,0,0,0
0,2,4,0,0,0,0,0,0,0
0,4,7,0,0,0,0,0,0,0
1,0,6,0,0,0,0,0,0,0
0,3,14,0,0,0,0,0,0,0
0,4,17,0,0,0,0,0,0,0
2,5,3,0,0,0,0,0,0,0
0,1,4,0,0,0,0,0,0,0
0,2,4,0,0,0,0,0,0,0
2,0,5,0,0,0,0,0,0,0
0,2,4,0,0,0,0,0,0,0
0,2,4,0,0,0,0,0,0,0
0,4,1,0,0,0,0,0,0,0
0,4,3,0,0,0,0,0,0,0
0,11,19,0,0,0,0,0,0,0
0,2,12,0,0,0,0,0,0,0
1,2,15,0,0,0,0,0,0,0
0,10,2,0,0,0,0,0,0,0
0,1,4,0,0,0,0,0,0,0
0,1,5,0,0,0,0,0,0,0
0,1,6,0,0,0,0,0,0,0
0,8,12,0,0,0,0,0,0,0
0,1,4,0,0,0,0,0,0,0
0,1,4,0,0,0,0,0,0,0
1,1,7,0,0,0,0,0,0,0
1,5,2,0,0,0,0,0,0,0
0,1,4,0,0,0,0,0,0,0
0,2,7,0,0,0,0,0,0,0
0,3,8,0,0,0,0,0,0,0
1,11,14,0,0,0,0,0,0,0
0,3,3,0,0,0,0,0,0,0
0,4,11,0,0,0,0,0,0,0
1,1,7,0,0,0,0,0,0,0
0,6,11,0,0,0,0,0,0,0
0,4,3,0,0,0,0,0,0,0
0,3,12,0,0,0,0,0,0,0
1,1,12,0,0,0,0,0,0,0
1,1,10,0,0,0,0,0,0,0
0,2,9,0,0,0,0,0,0,0
0,1,5,0,0,0,0,0,0,0
0,2,3,0,0,0,0,0,0,0
0,8,6,0,0,0,0,0,0,0
0,2,8,0,0,0,0,0,0,0
0,2,13,0,0,0,0,0,0,0
1,2,15,0,0,0,0,0,0,0
1,1,6,0,0,0,0,0,0,0
0,3,2,0,0,0,0,0,0,0
1,1,5,0,0,0,0,0,0,0
2,0,5,0,0,0,0,0,0,0
1,1,4,0,0,0,0,0,0,0
0,2,6,0,0,0,0,0,0,0
0,2,9,0,0,0,0,0,0,0
0,3,5,0,0,0,0,0,0,0
0,1,5,0,0,0,0,0,0,0
2,2,27,0,0,0,0,0,0,0
0,8,6,0,0,0,0,0,0,0
1,1,5,0,0,0,0,0,0,0
0,10,19,0,0,0,0,0,0,0
0,1,5,0,0,0,0,0,0,0
2,1,2,0,0,0,0,0,0,0
0,1,5,0,0,0,0,0,0,0
0,2,8,0,0,0,0,0,0,0
0,3,5,0,0,0,0,0,0,0
0,1,5,0,0,0,0,0,0,0
0,6,13,0,0,0,0,0,0,0
1,2,9,0,0,0,0,0,0,0
1,3,15,0,0,0,0,0,0,0
0,9,7,0,0,0,0,0,0,0
1,2,2,0,0,0,0,0,0,0
0,1,4,0,0,0,0,0,0,0
0,3,12,0,0,0,0,0,0,0
0,6,9,0,0,0,0,0,0,0
1,2,14,0,0,0,0,0,0,0
1,2,6,0,0,0,0,0,0,0
2,1,3,0,0,0,0,0,0,0
0,1,5,0,0,0,0,0,0,0
0,2,5,0,0,0,0,0,0,0
0,4,6,0,0,0,0,0,0,0
1,2,2,0,0,0,0,0,0,0
0,5,2,0,0,0,0,0,0,0
0,3,4,0,0,0,0,0,0,0
0,2,6,0,0,0,0,0,0,0
0,1,6,0,0,0,0,0,0,0
0,5,18,0,0,0,0,0,0,0
1,1,12,0,0,0,0,0,0,0
0,3,8,0,0,0,0,0,0,0
0,3,4,0,0,0,0,0,0,0
0,1,4,0,0,0,0,0,0,0
1,8,14,0,0,0,0,0,0,0
0,9,22,0,0,0,0,0,0,0
0,2,3,0,0,0,0,0,0,0
0,2,3,0,0,0,0,0,0,0
1,2,5,0,0,0,0,0,0,0
2,0,9,0,0,0,0,0,0,0
0,1,5,0,0,0,0,0,0,0
0,5,12,0,0,0,0,0,0,0
0,2,4,0,0,0,0,0,0,0
0,1,5,0,0,0,0,0,0,0
0,1,5,0,0,0,0,0,0,0
2,0,7,0,0,0,0,0,0,0
0,30,9,0,0,0,0,0,0,0
2,3,12,0,0,0,0,0,0,0
1,2,5,0,0,0,0,0,0,0
0,3,7,0,0,0,0,0,0,0
0,5,3,0,0,0,0,0,0,0
0,5,3,0,0,0,0,0,0,0
0,3,3,0,0,0,0,0,0,0
0,1,5,0,0,0,0,0,0,0
0,2,8,0,0,0,0,0,0,0
1,8,3,0,0,0,0,0,0,0
1,3,14,0,0,0,0,0,0,0
0,1,6,0,0,0,0,0,0,0
1,1,5,0,0,0,0,0,0,0
0,2,9,0,0,0,0,0,0,0
0,2,9,0,0,0,0,0,0,0
0,3,19,0,0,0,0,0,0,0
0,1,6,0,0,0,0,0,0,0
1,0,5,0,0,0,0,0,0,0
1,7,5,0,0,0,0,0,0,0
1,2,13,0,0,0,0,0,0,0
0,2,3,0,0,0,0,0,0,0
1,2,3,0,0,0,0,0,0,0
3,2,4,0,0,0,0,0,0,0
0,4,1,0,0,0,0,0,0,0
0,5,1,0,0,0,0,0,0,0
0,10,2,0,0,0,0,0,0,0
0,2,12,0,0,0,0,0,0,0
0,1,4,0,0,0,0,0,0,0
2,1,19,0,0,0,0,0,0,0
0,2,7,0,0,0,0,0,0,0
1,1,8,0,0,0,0,0,0,0
1,1,7,0,0,0,0,0,0,0
1,8,2,0,0,0,0,0,0,0
1,0,6,0,0,0,0,0,0,0
4,10,3,0,0,0,0,0,0,0
2,2,2,0,0,0,0,0,0,0
2,11,5,0,0,0,0,0,0,0
0,4,1,0,0,0,0,0,0,0
0,1,4,0,0,0,0,0,0,0
1,8,13,0,0,0,0,0,0,0
0,4,9,0,0,0,0,0,0,0
0,5,9,0,0,0,0,0,0,0
0,4,9,0,0,0,0,0,0,0
0,9,7,0,0,0,0,0,0,0
2,1,17,0,0,0,0,0,0,0
12,2,7,0,0,0,0,0,0,0
1,8,1,0,0,0,0,0,0,0
0,2,13,0,0,0,0,0,0,0
0,2,12,0,0,0,0,0,0,0
0,1,6,0,0,0,0,0,0,0
0,4,3,0,0,0,0,0,0,0
2,1,7,0,0,0,0,0,0,0
0,4,8,0,0,0,0,0,0,0
0,4,4,0,0,0,0,0,0,0
2,3,6,0,0,0,0,0,0,0
0,3,4,0,0,0,0,0,0,0
1,1,5,0,0,0,0,0,0,0
1,4,8,0,0,0,0,0,0,0
0,5,8,0,0,0,0,0,0,0
0,1,5,0,0,0,0,0,0,0
0,2,7,0,0,0,0,0,0,0
0,4,3,0,0,0,0,0,0,0
0,3,7,0,0,0,0,0,0,0
0,2,5,0,0,0,0,0,0,0
0,1,6,0,0,0,0,0,0,0
0,2,13,0,0,0,0,0,0,0
0,5,5,0,0,0,0,0,0,0
0,1,4,0,0,0,0,0,0,0
0,2,8,0,0,0,0,0,0,0
0,2,13,0,0,0,0,0,0,0
0,1,6,0,0,0,0,0,0,0
0,1,4,0,0,0,0,0,0,0
0,2,12,0,0,0,0,0,0,0
0,7,5,0,0,0,0,0,0,0
5,15,8,0,0,0,0,0,0,0
1,1,10,0,0,0,0,0,0,0
0,2,4,0,0,0,0,0,0,0
0,1,4,0,0,0,0,0,0,0
1,0,6,0,0,0,0,0,0,0
0,1,6,0,0,0,0,0,0,0
0,4,1,0,0,0,0,0,0,0
0,9,4,0,0,0,0,0,0,0
2,2,7,0,0,0,0,0,0,0
26,0,7,0,0,0,0,0,0,0
0,4,16,0,0,0,0,0,0,0
0,1,4,0,0,0,0,0,0,0
1,3,12,0,0,0,0,0,0,0
1,1,6,0,0,0,0,0,0,0
2,2,16,0,0,0,0,0,0,0
0,3,3,0,0,0,0,0,0,0
0,2,9,0,0,0,0,0,0,0
0,7,9,0,0,0,0,0,0,0
0,1,6,0,0,0,0,0,0,0
0,3,3,0,0,0,0,0,0,0
0,2,4,0,0,0,0,0,0,0
0,6,2,0,0,0,0,0,0,0
0,2,5,0,0,0,0,0,0,0
0,2,5,0,0,0,0,0,0,0
0,1,4,0,0,0,0,0,0,0
0,2,5,0,0,0,0,0,0,0
0,3,5,0,0,0,0,0,0,0
1,1,10,0,0,0,0,0,0,0
0,3,2,0,0,0,0,0,0,0
0,2,13,0,0,0,0,0,0,0
0,7,12,0,0,0,0,0,0,0
2,0,10,0,0,0,0,0,0,0
0,1,6,0,0,0,0,0,0,0
0,1,4,0,0,0,0,0,0,0
0,2,4,0,0,0,0,0,0,0
3,1,11,0,0,0,0,0,0,0
1,4,4,0,0,0,0,0,0,0
0,2,3,0,0,0,0,0,0,0
3,1,12,0,0,0,0,0,0,0
0,2,6,0,0,0,0,0,0,0
2,10,4,0,0,0,0,0,0,0
0,2,8,0,0,0,0,0,0,0
0,2,3,0,0,0,0,0,0,0
0,2,7,0,0,0,0,0,0,0
1,0,6,0,0,0,0,0,0,0
1,1,10,0,0,0,0,0,0,0
0,4,16,0,0,0,0,0,0,0
1,3,7,0,0,0,0,0,0,0
0,1,6,0,0,0,0,0,0,0
1,3,26,0,0,0,0,0,0,0
0,1,5,0,0,0,0,0,0,0
1,1,6,0,0,0,0,0,0,0
0,7,3,0,0,0,0,0,0,0
0,1,4,0,0,0,0,0,0,0
0,4,1,0,0,0,0,0,0,0
0,1,5,0,0,0,0,0,0,0
1,0,6,0,0,0,0,0,0,0
0,7,10,0,0,0,0,0,0,0
0,4,10,0,0,0,0,0,0,0
1,2,8,0,0,0,0,0,0,0
0,4,9,0,0,0,0,0,0,0
2,1,17,0,0,0,0,0,0,0
0,2,8,0,0,0,0,0,0,0
0,3,2,0,0,0,0,0,0,0
0,2,7,0,0,0,0,0,0,0
0,4,1,0,0,0,0,0,0,0
2,0,7,0,0,0,0,0,0,0
2,6,4,0,0,0,0,0,0,0
0,6,2,0,0,0,0,0,0,0
0,1,5,0,0,0,0,0,0,0
0,3,3,0,0,0,0,0,0,0
1,4,18,0,0,0,0,0,0,0
0,6,1,0,0,0,0,0,0,0
0,5,3,0,0,0,0,0,0,0
0,1,4,0,0,0,0,0,0,0
1,1,6,0,0,0,0,0,0,0
0,5,4,0,0,0,0,0,0,0
2,3,1,0,0,0,0,0,0,0
0,5,6,0,0,0,0,0,0,0
1,4,11,0,0,0,0,0,0,0
0,17,9,0,0,0,0,0,0,0
0,4,1,0,0,0,0,0,0,0
0,2,3,0,0,0,0,0,0,0
0,7,2,0,0,0,0,0,0,0
0,2,3,0,0,0,0,0,0,0
0,6,8,0,0,0,0,0,0,0
0,2,5,0,0,0,0,0,0,0
0,4,13,0,0,0,0,0,0,0
0,2,5,0,0,0,0,0,0,0
0,1,4,0,0,0,0,0,0,0
1,1,5,0,0,0,0,0,0,0
0,3,2,0,0,0,0,0,0,0
0,3,3,0,0,0,0,0,0,0
0,3,5,0,0,0,0,0,0,0
1,12,26,0,0,0,0,0,0,0
0,3,10,0,0,0,0,0,0,0
3,4,24,0,0,0,0,0,0,0
1,1,3,0,0,0,0,0,0,0
0,9,15,0,0,0,0,0,0,0
0,2,3,0,0,0,0,0,0,0
0,1,5,0,0,0,0,0,0,0
0,7,2,0,0,0,0,0,0,0
2,0,13,0,0,0,0,0,0,0
0,4,7,0,0,0,0,0,0,0
1,5,1,0,0,0,0,0,0,0
0,2,3,0,0,0,0,0,0,0
0,1,6,0,0,0,0,0,0,0
2,1,12,0,0,0,0,0,0,0
1,3,13,0,0,0,0,0,0,0
0,1,5,0,0,0,0,0,0,0
0,2,3,0,0,0,0,0,0,0
0,1,4,0,0,0,0,0,0,0
1,2,9,0,0,0,0,0,0,0
14,1,2,0,0,0,0,0,0,0
0,9,21,0,0,0,0,0,0,0
0,4,8,0,0,0,0,0,0,0
0,6,8,0,0,0,0,0,0,0
4,21,18,0,0,0,0,0,0,0
0,4,3,0,0,0,0,0,0,0
1,2,12,0,0,0,0,0,0,0
0,4,2,0,0,0,0,0,0,0
1,10,2,0,0,0,0,0,0,0
2,1,6,0,0,0,0,0,0,0
1,1,8,0,0,0,0,0,0,0
1,3,8,0,0,0,0,0,0,0
0,2,4,0,0,0,0,0,0,0
0,1,5,0,0,0,0,0,0,0
0,2,6,0,0,0,0,0,0,0
1,8,6,0,0,0,0,0,0,0
0,18,19,0,0,0,0,0,0,0
0,6,1,0,0,0,0,0,0,0
1,1,4,0,0,0,0,0,0,0
0,1,6,0,0,0,0,0,0,0
0,5,5,0,0,0,0,0,0,0
3,1,12,0,0,0,0,0,0,0
0,5,14,0,0,0,0,0,0,0
0,7,5,0,0,0,0,0,0,0
0,1,5,0,0,0,0,0,0,0
0,11,9,0,0,0,0,0,0,0
0,9,10,0,0,0,0,0,0,0
0,1,6,0,0,0,0,0,0,0
0,1,4,0,0,0,0,0,0,0
0,3,4,0,0,0,0,0,0,0
1,1,4,0,0,0,0,0,0,0
0,4,9,0,0,0,0,0,0,0
0,6,4,0,0,0,0,0,0,0
1,1,13,0,0,0,0,0,0,0
0,12,10,0,0,0,0,0,0,0
1,2,10,0,0,0,0,0,0,0
0,2,10,0,0,0,0,0,0,0
3,1,4,0,0,0,0,0,0,0
0,2,6,0,0,0,0,0,0,0
1,3,12,0,0,0,0,0,0,0
0,1,4,0,0,0,0,0,0,0
0,1,5,0,0,0,0,0,0,0
2,25,3,0,0,0,0,0,0,0
0,3,11,0,0,0,0,0,0,0
2,1,9,0,0,0,0,0,0,0
0,1,4,0,0,0,0,0,0,0
1,0,6,0,0,0,0,0,0,0
1,2,17,0,0,0,0,0,0,0
0,1,4,0,0,0,0,0,0,0
0,2,4,0,0,0,0,0,0,0
0,2,10,0,0,0,0,0,0,0
0,4,20,0,0,0,0,0,0,0
0,4,6,0,0,0,0,0,0,0
0,1,4,0,0,0,0,0,0,0
1,0,6,0,0,0,0,0,0,0
0,8,5,0,0,0,0,0,0,0
0,2,13,0,0,0,0,0,0,0
1,2,19,0,0,0,0,0,0,0
0,15,16,0,0,0,0,0,0,0
0,5,3,0,0,0,0,0,0,0
0,2,10,0,0,0,0,0,0,0
1,2,7,0,0,0,0,0,0,0
0,1,6,0,0,0,0,0,0,0
0,2,4,0,0,0,0,0,0,0
0,5,7,0,0,0,0,0,0,0
1,14,23,0,0,0,0,0,0,0
0,1,4,0,0,0,0,0,0,0
0,2,9,0,0,0,0,0,0,0
1,2,19,0,0,0,0,0,0,0
3,0,11,0,0,0,0,0,0,0
0,2,5,0,0,0,0,0,0,0
0,3,5,0,0,0,0,0,0,0
0,3,6,0,0,0,0,0,0,0
0,3,11,0,0,0,0,0,0,0
0,1,6,0,0,0,0,0,0,0
0,1,6,0,0,0,0,0,0,0
0,4,2,0,0,0,0,0,0,0
0,3,8,0,0,0,0,0,0,0
0,4,22,0,0,0,0,0,0,0
0,4,4,0,0,0,0,0,0,0
1,1,5,0,0,0,0,0,0,0
2,1,7,0,0,0,0,0,0,0
0,4,8,0,0,0,0,0,0,0
0,1,4,0,0,0,0,0,0,0
0,1,5,0,0,0,0,0,0,0
0,1,6,0,0,0,0,0,0,0
0,2,11,0,0,0,0,0,0,0
0,2,4,0,0,0,0,0,0,0
0,1,6,0,0,0,0,0,0,0
0,15,3,0,0,0,0,0,0,0
0,4,1,0,0,0,0,0,0,0
0,2,6,0,0,0,0,0,0,0
0,5,8,0,0,0,0,0,0,0
1,2,7,0,0,0,0,0,0,0
0,1,4,0,0,0,0,0,0,0
0,2,13,0,0,0,0,0,0,0
1,2,4,0,0,0,0,0,0,0
1,0,5,0,0,0,0,0,0,0
0,4,7,0,0,0,0,0,0,0
0,2,7,0,0,0,0,0,0,0
0,4,15,0,0,0,0,0,0,0
0,4,23,0,0,0,0,0,0,0
1,1,6,0,0,0,0,0,0,0
0,2,3,0,0,0,0,0,0,0
1,4,3,0,0,0,0,0,0,0
0,10,5,0,0,0,0,0,0,0
0,2,11,0,0,0,0,0,0,0
1,0,6,0,0,0,0,0,0,0
0,1,5,0,0,0,0,0,0,0
0,2,9,0,0,0,0,0,0,0
0,2,4,0,0,0,0,0,0,0
1,6,2,0,0,0,0,0,0,0
2,4,23,0,0,0,0,0,0,0
0,4,5,0,0,0,0,0,0,0
1,2,3,0,0,0,0,0,0,0
1,1,3,0,0,0,0,0,0,0
0,3,10,0,0,0,0,0,0,0
0,7,12,0,0,0,0,0,0,0
0,2,4,0,0,0,0,0,0,0
3,2,7,0,0,0,0,0,0,0
1,1,5,0,0,0,0,0,0,0
1,0,5,0,0,0,0,0,0,0
0,2,13,0,0,0,0,0,0,0
0,10,2,0,0,0,0,0,0,0
1,2,3,0,0,0,0,0,0,0
0,1,6,0,0,0,0,0,0,0
0,3,2,0,0,0,0,0,0,0
0,2,9,0,0,0,0,0,0,0
1,0,6,0,0,0,0,0,0,0
0,2,9,0,0,0,0,0,0,0
0,3,3,0,0,0,0,0,0,0
1,8,2,0,0,0,0,0,0,0
0,2,6,0,0,0,0,0,0,0
2,1,11,0,0,0,0,0,0,0
0,2,12,0,0,0,0,0,0,0
0,1,4,0,0,0,0,0,0,0
0,2,3,0,0,0,0,0,0,0
1,1,11,0,0,0,0,0,0,0
0,3,12,0,0,0,0,0,0,0
0,2,5,0,0,0,0,0,0,0
0,1,6,0,0,0,0,0,0,0
0,3,3,0,0,0,0,0,0,0
0,2,12,0,0,0,0,0,0,0
0,1,5,0,0,0,0,0,0,0
1,3,7,0,0,0,0,0,0,0
0,4,3,0,0,0,0,0,0,0
0,4,2,0,0,0,0,0,0,0
0,3,11,0,0,0,0,0,0,0
0,2,4,0,0,0,0,0,0,0
0,3,11,0,0,0,0,0,0,0
0,1,6,0,0,0,0,0,0,0
0,5,5,0,0,0,0,0,0,0
1,0,6,0,0,0,0,0,0,0
0,1,4,0,0,0,0,0,0,0
1,0,5,0,0,0,0,0,0,0
0,3,5,0,0,0,0,0,0,0
0,3,3,0,0,0,0,0,0,0
0,8,7,0,0,0,0,0,0,0
1,5,12,0,0,0,0,0,0,0
0,2,9,0,0,0,0,0,0,0
0,10,4,0,0,0,0,0,0,0
1,2,5,0,0,0,0,0,0,0
0,1,4,0,0,0,0,0,0,0
0,2,3,0,0,0,0,0,0,0
0,1,4,0,0,0,0,0,0,0
3,2,14,0,0,0,0,0,0,0
0,1,6,0,0,0,0,0,0,0
0,3,13,0,0,0,0,0,0,0
0,3,14,0,0,0,0,0,0,0
1,2,6,0,0,0,0,0,0,0
0,1,5,0,0,0,0,0,0,0
0,3,10,0,0,0,0,0,0,0
1,1,6,0,0,0,0,0,0,0
0,5,1,0,0,0,0,0,0,0
1,2,11,0,0,0,0,0,0,0
1,2,16,0,0,0,0,0,0,0
0,4,8,0,0,0,0,0,0,0
0,10,3,0,0,0,0,0,0,0
1,0,6,0,0,0,0,0,0,0
0,2,8,0,0,0,0,0,0,0
0,1,4,0,0,0,0,0,0,0
2,9,7,0,0,0,0,0,0,0
0,2,7,0,0,0,0,0,0,0
0,1,6,0,0,0,0,0,0,0
0,4,4,0,0,0,0,0,0,0
0,2,12,0,0,0,0,0,0,0
1,2,9,0,0,0,0,0,0,0
1,1,3,0,0,0,0,0,0,0
0,6,3,0,0,0,0,0,0,0
1,1,8,0,0,0,0,0,0,0
0,15,22,0,0,0,0,0,0,0
0,2,4,0,0,0,0,0,0,0
1,6,25,0,0,0,0,0,0,0
1,0,5,0,0,0,0,0,0,0
1,1,6,0,0,0,0,0,0,0
0,1,4,0,0,0,0,0,0,0
0,19,8,0,0,0,0,0,0,0
1,2,9,0,0,0,0,0,0,0
0,2,3,0,0,0,0,0,0,0
0,1,4,0,0,0,0,0,0,0
2,1,19,0,0,0,0,0,0,0
0,1,4,0,0,0,0,0,0,0
0,2,5,0,0,0,0,0,0,0
0,8,24,0,0,0,0,0,0,0
1,0,5,0,0,0,0,0,0,0
0,7,9,0,0,0,0,0,0,0
0,4,21,0,0,0,0,0,0,0
0,6,7,0,0,0,0,0,0,0
0,4,1,0,0,0,0,0,0,0
0,8,13,0,0,0,0,0,0,0
2,2,4,0,0,0,0,0,0,0
1,1,12,0,0,0,0,0,0,0
0,7,4,0,0,0,0,0,0,0
0,1,6,0,0,0,0,0,0,0
0,3,18,0,0,0,0,0,0,0
1,2,3,0,0,0,0,0,0,0
0,1,4,0,0,0,0,0,0,0
0,2,8,0,0,0,0,0,0,0
4,8,22,0,0,0,0,0,0,0
0,12,6,0,0,0,0,0,0,0
0,1,4,0,0,0,0,0,0,0
0,2,5,0,0,0,0,0,0,0
0,10,3,0,0,0,0,0,0,0
0,5,4,0,0,0,0,0,0,0
1,1,3,0,0,0,0,0,0,0
0,7,26,0,0,0,0,0,0,0
2,6,4,0,0,0,0,0,0,0
0,2,4,0,0,0,0,0,0,0
3,0,11,0,0,0,0,0,0,0
0,10,2,0,0,0,0,0,0,0
1,7,1,0,0,0,0,0,0,0
0,1,5,0,0,0,0,0,0,0
0,2,9,0,0,0,0,0,0,0
1,3,24,0,0,0,0,0,0,0
1,3,16,0,0,0,0,0,0,0
0,4,2,0,0,0,0,0,0,0
2,0,6,0,0,0,0,0,0,0
1,1,10,0,0,0,0,0,0,0
1,0,6,0,0,0,0,0,0,0
2,2,3,0,0,0,0,0,0,0
0,3,6,0,0,0,0,0,0,0
1,3,10,0,0,0,0,0,0,0
0,2,4,0,0,0,0,0,0,0
2,4,3,0,0,0,0,0,0,0
0,3,12,0,0,0,0,0,0,0
0,1,5,0,0,0,0,0,0,0
2,3,2,0,0,0,0,0,0,0
0,6,1,0,0,0,0,0,0,0
1,1,10,0,0,0,0,0,0,0
1,0,6,0,0,0,0,0,0,0
2,1,19,0,0,0,0,0,0,0
0,6,11,0,0,0,0,0,0,0
1,2,14,0,0,0,0,0,0,0
0,3,2,0,0,0,0,0,0,0
0,2,7,0,0,0,0,0,0,0
0,1,6,0,0,0,0,0,0,0
0,4,3,0,0,0,0,0,0,0
0,2,13,0,0,0,0,0,0,0
1,2,11,0,0,0,0,0,0,0
0,3,15,0,0,0,0,0,0,0
1,1,6,0,0,0,0,0,0,0
0,2,3,0,0,0,0,0,0,0
0,2,5,0,0,0,0,0,0,0
3,19,9,0,0,0,0,0,0,0
8,2,14,0,0,0,0,0,0,0
0,3,13,0,0,0,0,0,0,0
5,0,8,0,0,0,0,0,0,0
1,4,1,0,0,0,0,0,0,0
1,2,6,0,0,0,0,0,0,0
1,2,10,0,0,0,0,0,0,0
0,1,6,0,0,0,0,0,0,0
1,1,11,0,0,0,0,0,0,0
8,0,9,0,0,0,0,0,0,0
0,5,2,0,0,0,0,0,0,0
0,4,4,0,0,0,0,0,0,0
0,1,5,0,0,0,0,0,0,0
0,2,13,0,0,0,0,0,0,0
1,1,3,0,0,0,0,0,0,0
0,12,9,0,0,0,0,0,0,0
1,0,5,0,0,0,0,0,0,0
1,2,12,0,0,0,0,0,0,0
1,3,22,0,0,0,0,0,0,0
1,2,2,0,0,0,0,0,0,0
1,2,7,0,0,0,0,0,0,0
0,3,2,0,0,0,0,0,0,0
0,1,4,0,0,0,0,0,0,0
0,5,1,0,0,0,0,0,0,0
1,4,1,0,0,0,0,0,0,0
8,0,6,0,0,0,0,0,0,0
0,2,7,0,0,0,0,0,0,0
0,6,13,0,0,0,0,0,0,0
0,5,1,0,0,0,0,0,0,0
0,2,13,0,0,0,0,0,0,0
0,2,7,0,0,0,0,0,0,0
1,2,5,0,0,0,0,0,0,0
0,3,4,0,0,0,0,0,0,0
0,15,5,0,0,0,0,0,0,0
0,3,3,0,0,0,0,0,0,0
0,5,2,0,0,0,0,0,0,0
0,5,1,0,0,0,0,0,0,0
1,1,9,0,0,0,0,0,0,0
1,7,2,0,0,0,0,0,0,0
1,2,14,0,0,0,0,0,0,0
0,9,6,0,0,0,0,0,0,0
0,2,9,0,0,0,0,0,0,0
0,1,4,0,0,0,0,0,0,0
1,1,4,0,0,0,0,0,0,0
1,9,2,0,0,0,0,0,0,0
0,2,4,0,0,0,0,0,0,0
0,1,4,0,0,0,0,0,0,0
0,7,4,0,0,0,0,0,0,0
1,1,5,0,0,0,0,0,0,0
0,7,6,0,0,0,0,0,0,0
2,0,13,0,0,0,0,0,0,0
0,3,3,0,0,0,0,0,0,0
0,7,3,0,0,0,0,0,0,0
0,1,5,0,0,0,0,0,0,0
0,1,5,0,0,0,0,0,0,0
0,5,1,0,0,0,0,0,0,0
1,4,2,0,0,0,0,0,0,0
0,2,9,0,0,0,0,0,0,0
4,9,7,0,0,0,0,0,0,0
0,10,6,0,0,0,0,0,0,0
2,4,6,0,0,0,0,0,0,0
0,3,12,0,0,0,0,0,0,0
0,4,11,0,0,0,0,0,0,0
0,4,1,0,0,0,0,0,0,0
0,6,4,0,0,0,0,0,0,0
0,2,6,0,0,0,0,0,0,0
0,9,13,0,0,0,0,0,0,0
1,3,11,0,0,0,0,0,0,0
0,4,2,0,0,0,0,0,0,0
0,9,2,0,0,0,0,0,0,0
1,0,6,0,0,0,0,0,0,0
1,3,4,0,0,0,0,0,0,0
0,1,4,0,0,0,0,0,0,0
0,2,4,0,0,0,0,0,0,0
0,1,4,0,0,0,0,0,0,0
0,1,5,0,0,0,0,0,0,0
1,4,28,0,0,0,0,0,0,0
1,7,21,0,0,0,0,0,0,0
0,2,7,0,0,0,0,0,0,0
0,4,5,0,0,0,0,0,0,0
1,1,9,0,0,0,0,0,0,0
0,1,5,0,0,0,0,0,0,0
1,0,5,0,0,0,0,0,0,0
1,0,5,0,0,0,0,0,0,0
2,0,6,0,0,0,0,0,0,0
1,10,9,0,0,0,0,0,0,0
1,4,2,0,0,0,0,0,0,0
1,3,1,0,0,0,0,0,0,0
0,4,4,0,0,0,0,0,0,0
1,3,27,0,0,0,0,0,0,0
2,2,1,0,0,0,0,0,0,0
0,2,8,0,0,0,0,0,0,0
0,1,6,0,0,0,0,0,0,0
0,2,7,0,0,0,0,0,0,0
0,4,2,0,0,0,0,0,0,0
4,0,9,0,0,0,0,0,0,0
2,1,9,0,0,0,0,0,0,0
1,3,19,0,0,0,0,0,0,0
27,0,10,0,0,0,0,0,0,0
0,1,4,0,0,0,0,0,0,0
0,3,4,0,0,0,0,0,0,0
0,1,4,0,0,0,0,0,0,0
0,4,2,0,0,0,0,0,0,0
0,1,6,0,0,0,0,0,0,0
0,1,6,0,0,0,0,0,0,0
0,1,5,0,0,0,0,0,0,0
0,2,5,0,0,0,0,0,0,0
0,4,11,0,0,0,0,0,0,0
0,1,4,0,0,0,0,0,0,0
1,3,6,0,0,0,0,0,0,0
0,7,12,0,0,0,0,0,0,0
0,1,4,0,0,0,0,0,0,0
2,1,6,0,0,0,0,0,0,0
0,1,4,0,0,0,0,0,0,0
0,1,5,0,0,0,0,0,0,0
0,4,3,0,0,0,0,0,0,0
0,2,9,0,0,0,0,0,0,0
0,2,9,0,0,0,0,0,0,0
2,0,5,0,0,0,0,0,0,0
0,8,2,0,0,0,0,0,0,0
0,3,2,0,0,0,0,0,0,0
2,0,10,0,0,0,0,0,0,0
0,13,2,0,0,0,0,0,0,0
0,3,8,0,0,0,0,0,0,0
0,3,10,0,0,0,0,0,0,0
1,2,13,0,0,0,0,0,0,0
2,1,5,0,0,0,0,0,0,0
0,1,5,0,0,0,0,0,0,0
0,1,4,0,0,0,0,0,0,0
0,11,22,0,0,0,0,0,0,0
1,2,20,0,0,0,0,0,0,0
0,4,20,0,0,0,0,0,0,0
2,0,11,0,0,0,0,0,0,0
0,8,3,0,0,0,0,0,0,0
1,0,6,0,0,0,0,0,0,0
1,3,9,0,0,0,0,0,0,0
0,4,4,0,0,0,0,0,0,0
2,2,5,0,0,0,0,0,0,0
0,2,8,0,0,0,0,0,0,0
0,4,3,0,0,0,0,0,0,0
0,5,3,0,0,0,0,0,0,0
1,2,12,0,0,0,0,0,0,0
0,2,3,0,0,0,0,0,0,0
0,1,5,0,0,0,0,0,0,0
0,1,4,0,0,0,0,0,0,0
0,1,6,0,0,0,0,0,0,0
1,2,12,0,0,0,0,0,0,0
0,5,7,0,0,0,0,0,0,0
0,4,3,0,0,0,0,0,0,0
0,2,10,0,0,0,0,0,0,0
2,2,4,0,0,0,0,0,0,0
0,2,5,0,0,0,0,0,0,0
0,1,4,0,0,0,0,0,0,0
0,2,3,0,0,0,0,0,0,0
2,0,11,0,0,0,0,0,0,0
0,2,13,0,0,0,0,0,0,0
0,2,4,0,0,0,0,0,0,0
0,1,4,0,0,0,0,0,0,0
0,1,4,0,0,0,0,0,0,0
1,1,3,0,0,0,0,0,0,0
0,3,19,0,0,0,0,0,0,0
1,1,12,0,0,0,0,0,0,0
1,4,9,0,0,0,0,0,0,0
0,5,2,0,0,0,0,0,0,0
0,2,3,0,0,0,0,0,0,0
5,2,7,0,0,0,0,0,0,0
0,1,6,0,0,0,0,0,0,0
0,2,4,0,0,0,0,0,0,0
5,3,19,0,0,0,0,0,0,0
0,5,4,0,0,0,0,0,0,0
0,1,6,0,0,0,0,0,0,0
0,4,5,0,0,0,0,0,0,0
3,10,8,0,0,0,0,0,0,0
1,1,12,0,0,0,0,0,0,0
0,2,6,0,0,0,0,0,0,0
0,13,6,0,0,0,0,0,0,0
0,6,8,0,0,0,0,0,0,0
0,3,8,0,0,0,0,0,0,0
0,1,4,0,0,0,0,0,0,0
3,3,1,0,0,0,0,0,0,0
0,1,6,0,0,0,0,0,0,0
1,5,1,0,0,0,0,0,0,0
0,2,5,0,0,0,0,0,0,0
1,1,9,0,0,0,0,0,0,0
1,1,9,0,0,0,0,0,0,0
1,2,8,0,0,0,0,0,0,0
0,5,1,0,0,0,0,0,0,0
1,2,9,0,0,0,0,0,0,0
0,2,9,0,0,0,0,0,0,0
30,4,4,0,0,0,0,0,0,0
3,0,17,0,0,0,0,0,0,0
1,4,10,0,0,0,0,0,0,0
0,2,12,0,0,0,0,0,0,0
1,9,4,0,0,0,0,0,0,0
0,4,9,0,0,0,0,0,0,0
1,11,2,0,0,0,0,0,0,0
1,1,9,0,0,0,0,0,0,0
0,5,9,0,0,0,0,0,0,0
0,1,6,0,0,0,0,0,0,0
0,1,6,0,0,0,0,0,0,0
0,3,3,0,0,0,0,0,0,0
1,2,2,0,0,0,0,0,0,0
0,4,1,0,0,0,0,0,0,0
1,1,12,0,0,0,0,0,0,0
1,11,6,0,0,0,0,0,0,0
1,0,6,0,0,0,0,0,0,0
2,1,19,0,0,0,0,0,0,0
0,5,5,0,0,0,0,0,0,0
1,1,12,0,0,0,0,0,0,0
1,0,5,0,0,0,0,0,0,0
0,2,7,0,0,0,0,0,0,0
0,5,1,0,0,0,0,0,0,0
0,2,10,0,0,0,0,0,0,0
0,1,4,0,0,0,0,0,0,0
1,0,5,0,0,0,0,0,0,0
1,3,7,0,0,0,0,0,0,0
0,4,9,0,0,0,0,0,0,0
1,3,13,0,0,0,0,0,0,0
18,2,12,0,0,0,0,0,0,0
0,3,2,0,0,0,0,0,0,0
0,2,6,0,0,0,0,0,0,0
0,3,3,0,0,0,0,0,0,0
2,1,14,0,0,0,0,0,0,0
0,10,24,0,0,0,0,0,0,0
0,13,4,0,0,0,0,0,0,0
1,6,23,0,0,0,0,0,0,0
0,2,4,0,0,0,0,0,0,0
0,2,8,0,0,0,0,0,0,0
2,2,10,0,0,0,0,0,0,0
1,6,2,0,0,0,0,0,0,0
0,2,12,0,0,0,0,0,0,0
0,1,4,0,0,0,0,0,0,0
2,0,9,0,0,0,0,0,0,0
1,0,5,0,0,0,0,0,0,0
1,5,5,0,0,0,0,0,0,0
0,1,4,0,0,0,0,0,0,0
0,1,4,0,0,0,0,0,0,0
1,11,6,0,0,0,0,0,0,0
0,2,3,0,0,0,0,0,0,0
1,2,19,0,0,0,0,0,0,0
0,2,11,0,0,0,0,0,0,0
0,2,3,0,0,0,0,0,0,0
0,3,4,0,0,0,0,0,0,0
1,2,4,0,0,0,0,0,0,0
0,7,17,0,0,0,0,0,0,0
0,11,2,0,0,0,0,0,0,0
2,1,16,0,0,0,0,0,0,0
0,4,11,0,0,0,0,0,0,0
0,2,3,0,0,0,0,0,0,0
1,1,4,0,0,0,0,0,0,0
0,2,5,0,0,0,0,0,0,0
0,3,5,0,0,0,0,0,0,0
1,10,6,0,0,0,0,0,0,0
2,1,15,0,0,0,0,0,0,0
0,6,4,0,0,0,0,0,0,0
0,1,4,0,0,0,0,0,0,0
0,1,5,0,0,0,0,0,0,0
2,0,12,0,0,0,0,0,0,0
1,1,4,0,0,0,0,0,0,0
1,0,6,0,0,0,0,0,0,0
0,2,5,0,0,0,0,0,0,0
0,1,4,0,0,0,0,0,0,0
0,2,11,0,0,0,0,0,0,0
0,4,1,0,0,0,0,0,0,0
0,5,10,0,0,0,0,0,0,0
0,4,1,0,0,0,0,0,0,0
1,5,16,0,0,0,0,0,0,0
0,1,5,0,0,0,0,0,0,0
0,4,7,0,0,0,0,0,0,0
0,7,16,0,0,0,0,0,0,0
0,3,2,0,0,0,0,0,0,0
1,5,14,0,0,0,0,0,0,0
1,2,3,0,0,0,0,0,0,0
0,3,11,0,0,0,0,0,0,0
0,1,4,0,0,0,0,0,0,0
3,5,21,0,0,0,0,0,0,0
0,5,12,0,0,0,0,0,0,0
0,1,6,0,0,0,0,0,0,0
0,10,12,0,0,0,0,0,0,0
0,13,23,0,0,0,0,0,0,0
0,1,5,0,0,0,0,0,0,0
0,2,3,0,0,0,0,0,0,0
3,0,14,0,0,0,0,0,0,0
1,21,16,0,0,0,0,0,0,0
0,1,6,0,0,0,0,0,0,0
0,2,9,0,0,0,0,0,0,0
3,0,8,0,0,0,0,0,0,0
1,1,11,0,0,0,0,0,0,0
0,8,7,0,0,0,0,0,0,0
2,4,1,0,0,0,0,0,0,0
0,1,4,0,0,0,0,0,0,0
0,2,13,0,0,0,0,0,0,0
0,6,2,0,0,0,0,0,0,0
0,2,3,0,0,0,0,0,0,0
1,1,11,0,0,0,0,0,0,0
0,7,8,0,0,0,0,0,0,0
0,2,9,0,0,0,0,0,0,0
0,9,3,0,0,0,0,0,0,0
0,1,5,0,0,0,0,0,0,0
0,4,12,0,0,0,0,0,0,0
0,2,6,0,0,0,0,0,0,0
0,6,11,0,0,0,0,0,0,0
0,2,4,0,0,0,0,0,0,0
1,1,11,0,0,0,0,0,0,0
0,3,10,0,0,0,0,0,0,0
0,2,5,0,0,0,0,0,0,0
0,2,3,0,0,0,0,0,0,0
0,1,5,0,0,0,0,0,0,0
0,2,7,0,0,0,0,0,0,0
1,0,5,0,0,0,0,0,0,0
0,2,11,0,0,0,0,0,0,0
0,6,1,0,0,0,0,0,0,0
0,1,5,0,0,0,0,0,0,0
0,3,5,0,0,0,0,0,0,0
0,4,11,0,0,0,0,0,0,0
0,1,6,0,0,0,0,0,0,0
0,3,5,0,0,0,0,0,0,0
2,4,26,0,0,0,0,0,0,0
1,1,4,0,0,0,0,0,0,0
2,1,3,0,0,0,0,0,0,0
0,3,2,0,0,0,0,0,0,0
0,5,2,0,0,0,0,0,0,0
0,3,15,0,0,0,0,0,0,0
0,4,6,0,0,0,0,0,0,0
0,4,2,0,0,0,0,0,0,0
0,4,11,0,0,0,0,0,0,0
1,0,5,0,0,0,0,0,0,0
0,2,8,0,0,0,0,0,0,0
1,2,3,0,0,0,0,0,0,0
2,7,8,0,0,0,0,0,0,0
1,1,4,0,0,0,0,0,0,0
0,2,4,0,0,0,0,0,0,0
3,1,12,0,0,0,0,0,0,0
0,15,8,0,0,0,0,0,0,0
0,3,4,0,0,0,0,0,0,0
0,2,4,0,0,0,0,0,0,0
3,65,18,0,0,0,0,0,0,0
0,3,7,0,0,0,0,0,0,0
0,2,6,0,0,0,0,0,0,0
0,2,12,0,0,0,0,0,0,0
0,1,4,0,0,0,0,0,0,0
0,1,6,0,0,0,0,0,0,0
0,3,5,0,0,0,0,0,0,0
0,2,5,0,0,0,0,0,0,0
0,5,1,0,0,0,0,0,0,0
1,4,30,0,0,0,0,0,0,0
0,3,3,0,0,0,0,0,0,0
1,0,6,0,0,0,0,0,0,0
0,2,3,0,0,0,0,0,0,0
1,0,5,0,0,0,0,0,0,0
0,1,4,0,0,0,0,0,0,0
2,1,15,0,0,0,0,0,0,0
0,7,2,0,0,0,0,0,0,0
0,1,4,0,0,0,0,0,0,0
3,1,9,0,0,0,0,0,0,0
0,1,4,0,0,0,0,0,0,0
1,3,2,0,0,0,0,0,0,0
1,9,1,0,0,0,0,0,0,0
0,3,4,0,0,0,0,0,0,0
2,0,13,0,0,0,0,0,0,0
0,5,4,0,0,0,0,0,0,0
2,0,5,0,0,0,0,0,0,0
2,1,13,0,0,0,0,0,0,0
0,2,6,0,0,0,0,0,0,0
1,3,5,0,0,0,0,0,0,0
0,5,5,0,0,0,0,0,0,0
0,1,6,0,0,0,0,0,0,0
0,3,5,0,0,0,0,0,0,0
0,1,4,0,0,0,0,0,0,0
1,0,6,0,0,0,0,0,0,0
1,1,3,0,0,0,0,0,0,0
0,4,2,0,0,0,0,0,0,0
0,1,6,0,0,0,0,0,0,0
3,14,20,0,0,0,0,0,0,0
0,2,10,0,0,0,0,0,0,0
0,2,5,0,0,0,0,0,0,0
0,2,6,0,0,0,0,0,0,0
0,3,2,0,0,0,0,0,0,0
1,3,19,0,0,0,0,0,0,0
0,1,5,0,0,0,0,0,0,0
0,7,2,0,0,0,0,0,0,0
0,2,4,0,0,0,0,0,0,0
0,9,5,0,0,0,0,0,0,0
0,3,15,0,0,0,0,0,0,0
63,68,3,0,0,0,0,0,0,0
1,3,27,0,0,0,0,0,0,0
1,0,6,0,0,0,0,0,0,0
0,1,5,0,0,0,0,0,0,0
0,2,5,0,0,0,0,0,0,0
0,1,4,0,0,0,0,0,0,0
1,0,6,0,0,0,0,0,0,0
0,2,10,0,0,0,0,0,0,0
0,2,12,0,0,0,0,0,0,0
0,1,6,0,0,0,0,0,0,0
0,1,4,0,0,0,0,0,0,0
0,7,5,0,0,0,0,0,0,0
0,6,2,0,0,0,0,0,0,0
0,2,3,0,0,0,0,0,0,0
0,3,7,0,0,0,0,0,0,0
1,0,6,0,0,0,0,0,0,0
0,3,5,0,0,0,0,0,0,0
0,4,9,0,0,0,0,0,0,0
1,5,11,0,0,0,0,0,0,0
0,3,3,0,0,0,0,0,0,0
1,0,6,0,0,0,0,0,0,0
0,1,6,0,0,0,0,0,0,0
1,6,2,0,0,0,0,0,0,0
0,1,5,0,0,0,0,0,0,0
0,1,5,0,0,0,0,0,0,0
1,2,12,0,0,0,0,0,0,0
1,2,2,0,0,0,0,0,0,0
1,3,1,0,0,0,0,0,0,0
0,3,5,0,0,0,0,0,0,0
0,2,7,0,0,0,0,0,0,0
1,3,1,0,0,0,0,0,0,0
2,0,6,0,0,0,0,0,0,0
2,0,7,0,0,0,0,0,0,0
1,0,5,0,0,0,0,0,0,0
0,3,3,0,0,0,0,0,0,0
0,1,5,0,0,0,0,0,0,0
0,3,3,0,0,0,0,0,0,0
1,1,7,0,0,0,0,0,0,0
0,1,4,0,0,0,0,0,0,0
0,2,7,0,0,0,0,0,0,0
0,5,5,0,0,0,0,0,0,0
0,3,3,0,0,0,0,0,0,0
0,2,10,0,0,0,0,0,0,0
0,2,7,0,0,0,0,0,0,0
0,1,6,0,0,0,0,0,0,0
9,0,7,0,0,0,0,0,0,0
0,4,13,0,0,0,0,0,0,0
0,1,6,0,0,0,0,0,0,0
2,5,18,0,0,0,0,0,0,0
1,6,3,0,0,0,0,0,0,0
2,4,6,0,0,0,0,0,0,0
0,5,1,0,0,0,0,0,0,0
0,6,1,0,0,0,0,0,0,0
0,2,6,0,0,0,0,0,0,0
1,1,10,0,0,0,0,0,0,0
0,6,4,0,0,0,0,0,0,0
0,2,6,0,0,0,0,0,0,0
2,3,10,0,0,0,0,0,0,0
0,7,2,0,0,0,0,0,0,0
1,0,6,0,0,0,0,0,0,0
1,6,5,0,0,0,0,0,0,0
0,2,10,0,0,0,0,0,0,0
2,2,14,0,0,0,0,0,0,0
0,3,2,0,0,0,0,0,0,0
0,7,2,0,0,0,0,0,0,0
0,5,15,0,0,0,0,0,0,0
0,6,3,0,0,0,0,0,0,0
1,0,6,0,0,0,0,0,0,0
0,4,22,0,0,0,0,0,0,0
0,1,5,0,0,0,0,0,0,0
1,1,12,0,0,0,0,0,0,0
1,1,8,0,0,0,0,0,0,0
2,3,9,0,0,0,0,0,0,0
0,2,11,0,0,0,0,0,0,0
1,0,5,0,0,0,0,0,0,0
1,20,12,0,0,0,0,0,0,0
0,4,9,0,0,0,0,0,0,0
0,3,2,0,0,0,0,0,0,0
0,5,2,0,0,0,0,0,0,0
1,0,6,0,0,0,0,0,0,0
0,1,5,0,0,0,0,0,0,0
1,2,2,0,0,0,0,0,0,0
1,7,2,0,0,0,0,0,0,0
0,1,5,0,0,0,0,0,0,0
0,6,7,0,0,0,0,0,0,0
1,0,5,0,0,0,0,0,0,0
1,4,10,0,0,0,0,0,0,0
0,1,4,0,0,0,0,0,0,0
1,0,6,0,0,0,0,0,0,0
0,2,11,0,0,0,0,0,0,0
0,2,8,0,0,0,0,0,0,0
1,1,9,0,0,0,0,0,0,0
0,5,1,0,0,0,0,0,0,0
0,1,4,0,0,0,0,0,0,0
0,2,8,0,0,0,0,0,0,0
0,1,4,0,0,0,0,0,0,0
0,2,7,0,0,0,0,0,0,0
1,8,6,0,0,0,0,0,0,0
0,7,8,0,0,0,0,0,0,0
2,1,2,0,0,0,0,0,0,0
0,4,14,0,0,0,0,0,0,0
0,2,4,0,0,0,0,0,0,0
1,3,26,0,0,0,0,0,0,0
0,3,3,0,0,0,0,0,0,0
1,2,14,0,0,0,0,0,0,0
0,1,5,0,0,0,0,0,0,0
0,6,15,0,0,0,0,0,0,0
0,3,16,0,0,0,0,0,0,0
3,0,5,0,0,0,0,0,0,0
0,2,10,0,0,0,0,0,0,0
0,5,7,0,0,0,0,0,0,0
1,3,6,0,0,0,0,0,0,0
0,1,6,0,0,0,0,0,0,0
2,0,10,0,0,0,0,0,0,0
0,1,4,0,0,0,0,0,0,0
1,0,6,0,0,0,0,0,0,0
1,0,6,0,0,0,0,0,0,0
0,1,5,0,0,0,0,0,0,0
2,1,6,0,0,0,0,0,0,0
1,0,6,0,0,0,0,0,0,0
0,7,21,0,0,0,0,0,0,0
0,6,14,0,0,0,0,0,0,0
1,1,6,0,0,0,0,0,0,0
0,2,8,0,0,0,0,0,0,0
0,3,4,0,0,0,0,0,0,0
2,1,11,0,0,0,0,0,0,0
1,1,7,0,0,0,0,0,0,0
1,2,5,0,0,0,0,0,0,0
0,2,3,0,0,0,0,0,0,0
2,2,8,0,0,0,0,0,0,0
0,1,5,0,0,0,0,0,0,0
2,1,13,0,0,0,0,0,0,0
0,8,3,0,0,0,0,0,0,0
0,2,3,0,0,0,0,0,0,0
0,2,12,0,0,0,0,0,0,0
0,3,15,0,0,0,0,0,0,0
1,2,9,0,0,0,0,0,0,0
1,0,5,0,0,0,0,0,0,0
1,1,6,0,0,0,0,0,0,0
0,1,4,0,0,0,0,0,0,0
0,1,6,0,0,0,0,0,0,0
1,1,8,0,0,0,0,0,0,0
0,3,4,0,0,0,0,0,0,0
0,1,4,0,0,0,0,0,0,0
2,0,6,0,0,0,0,0,0,0
0,2,11,0,0,0,0,0,0,0
0,4,1,0,0,0,0,0,0,0
1,0,6,0,0,0,0,0,0,0
0,4,1,0,0,0,0,0,0,0
2,1,16,0,0,0,0,0,0,0
1,2,5,0,0,0,0,0,0,0
0,3,3,0,0,0,0,0,0,0
1,1,3,0,0,0,0,0,0,0
0,4,1,0,0,0,0,0,0,0
0,2,3,0,0,0,0,0,0,0
0,8,20,0,0,0,0,0,0,0
0,6,1,0,0,0,0,0,0,0
1,15,2,0,0,0,0,0,0,0
0,5,2,0,0,0,0,0,0,0
1,4,20,0,0,0,0,0,0,0
0,1,4,0,0,0,0,0,0,0
1,5,2,0,0,0,0,0,0,0
0,3,2,0,0,0,0,0,0,0
1,4,12,0,0,0,0,0,0,0
22,33,9,0,0,0,0,0,0,0
1,0,5,0,0,0,0,0,0,0
1,1,13,0,0,0,0,0,0,0
1,2,11,0,0,0,0,0,0,0
0,2,6,0,0,0,0,0,0,0
1,3,15,0,0,0,0,0,0,0
0,1,6,0,0,0,0,0,0,0
1,3,3,0,0,0,0,0,0,0
0,2,5,0,0,0,0,0,0,0
0,7,15,0,0,0,0,0,0,0
1,3,8,0,0,0,0,0,0,0
0,4,1,0,0,0,0,0,0,0
1,1,3,0,0,0,0,0,0,0
1,1,8,0,0,0,0,0,0,0
0,1,5,0,0,0,0,0,0,0
1,7,26,0,0,0,0,0,0,0
1,1,3,0,0,0,0,0,0,0
2,1,6,0,0,0,0,0,0,0
0,7,19,0,0,0,0,0,0,0
1,10,2,0,0,0,0,0,0,0
0,2,6,0,0,0,0,0,0,0
0,2,3,0,0,0,0,0,0,0
0,3,4,0,0,0,0,0,0,0
2,0,13,0,0,0,0,0,0,0
0,1,5,0,0,0,0,0,0,0
0,4,4,0,0,0,0,0,0,0
0,2,8,0,0,0,0,0,0,0
2,12,17,0,0,0,0,0,0,0
0,1,6,0,0,0,0,0,0,0
0,10,7,0,0,0,0,0,0,0
0,2,7,0,0,0,0,0,0,0
0,3,19,0,0,0,0,0,0,0
0,1,4,0,0,0,0,0,0,0
0,22,8,0,0,0,0,0,0,0
0,1,5,0,0,0,0,0,0,0
1,1,11,0,0,0,0,0,0,0
0,2,10,0,0,0,0,0,0,0
0,1,5,0,0,0,0,0,0,0
0,3,8,0,0,0,0,0,0,0
0,6,1,0,0,0,0,0,0,0
1,7,1,0,0,0,0,0,0,0
0,12,2,0,0,0,0,0,0,0
0,4,2,0,0,0,0,0,0,0
0,1,5,0,0,0,0,0,0,0
0,4,9,0,0,0,0,0,0,0
2,0,6,0,0,0,0,0,0,0
0,3,2,0,0,0,0,0,0,0
1,1,5,0,0,0,0,0,0,0
0,2,11,0,0,0,0,0,0,0
0,3,4,0,0,0,0,0,0,0
0,2,9,0,0,0,0,0,0,0
0,2,8,0,0,0,0,0,0,0
2,0,9,0,0,0,0,0,0,0
0,1,5,0,0,0,0,0,0,0
1,1,13,0,0,0,0,0,0,0
2,0,6,0,0,0,0,0,0,0
0,1,5,0,0,0,0,0,0,0
2,5,1,0,0,0,0,0,0,0
0,6,24,0,0,0,0,0,0,0
2,3,3,0,0,0,0,0,0,0
0,4,8,0,0,0,0,0,0,0
0,4,17,0,0,0,0,0,0,0
0,5,9,0,0,0,0,0,0,0
0,1,4,0,0,0,0,0,0,0
0,1,5,0,0,0,0,0,0,0
0,1,6,0,0,0,0,0,0,0
2,1,12,0,0,0,0,0,0,0
0,1,5,0,0,0,0,0,0,0
1,1,3,0,0,0,0,0,0,0
0,5,12,0,0,0,0,0,0,0
0,9,6,0,0,0,0,0,0,0
3,29,17,0,0,0,0,0,0,0
1,7,2,0,0,0,0,0,0,0
0,1,5,0,0,0,0,0,0,0
0,3,4,0,0,0,0,0,0,0
0,14,21,0,0,0,0,0,0,0
2,1,14,0,0,0,0,0,0,0
1,6,2,0,0,0,0,0,0,0
0,1,4,0,0,0,0,0,0,0
0,1,6,0,0,0,0,0,0,0
0,1,4,0,0,0,0,0,0,0
0,3,4,0,0,0,0,0,0,0
1,3,18,0,0,0,0,0,0,0
0,3,7,0,0,0,0,0,0,0
1,1,9,0,0,0,0,0,0,0
1,1,5,0,0,0,0,0,0,0
0,2,7,0,0,0,0,0,0,0
2,1,7,0,0,0,0,0,0,0
1,1,4,0,0,0,0,0,0,0
2,8,11,0,0,0,0,0,0,0
0,2,10,0,0,0,0,0,0,0
0,6,1,0,0,0,0,0,0,0
1,2,2,0,0,0,0,0,0,0
1,1,12,0,0,0,0,0,0,0
1,11,1,0,0,0,0,0,0,0
0,6,1,0,0,0,0,0,0,0
0,1,4,0,0,0,0,0,0,0
0,2,3,0,0,0,0,0,0,0
0,1,5,0,0,0,0,0,0,0
0,2,9,0,0,0,0,0,0,0
0,3,3,0,0,0,0,0,0,0
0,1,4,0,0,0,0,0,0,0
0,1,5,0,0,0,0,0,0,0
0,2,4,0,0,0,0,0,0,0
1,1,13,0,0,0,0,0,0,0
1,9,14,0,0,0,0,0,0,0
3,23,5,0,0,0,0,0,0,0
2,12,1,0,0,0,0,0,0,0
0,2,5,0,0,0,0,0,0,0
1,1,9,0,0,0,0,0,0,0
0,1,4,0,0,0,0,0,0,0
0,3,7,0,0,0,0,0,0,0
1,0,6,0,0,0,0,0,0,0
0,1,5,0,0,0,0,0,0,0
0,1,6,0,0,0,0,0,0,0
3,0,12,0,0,0,0,0,0,0
3,3,7,0,0,0,0,0,0,0
3,3,2,0,0,0,0,0,0,0
0,13,5,0,0,0,0,0,0,0
0,2,9,0,0,0,0,0,0,0
0,4,4,0,0,0,0,0,0,0
1,1,4,0,0,0,0,0,0,0
1,2,13,0,0,0,0,0,0,0
0,1,6,0,0,0,0,0,0,0
1,1,3,0,0,0,0,0,0,0
0,5,2,0,0,0,0,0,0,0
1,3,12,0,0,0,0,0,0,0
0,2,3,0,0,0,0,0,0,0
0,35,7,0,0,0,0,0,0,0
0,1,6,0,0,0,0,0,0,0
0,4,3,0,0,0,0,0,0,0
0,2,3,0,0,0,0,0,0,0
2,4,1,0,0,0,0,0,0,0
0,1,4,0,0,0,0,0,0,0
0,11,13,0,0,0,0,0,0,0
1,11,13,0,0,0,0,0,0,0
0,4,17,0,0,0,0,0,0,0
0,1,4,0,0,0,0,0,0,0
1,1,5,0,0,0,0,0,0,0
0,2,9,0,0,0,0,0,0,0
0,1,5,0,0,0,0,0,0,0
0,2,3,0,0,0,0,0,0,0
0,1,6,0,0,0,0,0,0,0
0,1,5,0,0,0,0,0,0,0
2,1,13,0,0,0,0,0,0,0
0,3,4,0,0,0,0,0,0,0
0,2,7,0,0,0,0,0,0,0
0,3,2,0,0,0,0,0,0,0
0,3,15,0,0,0,0,0,0,0
0,2,7,0,0,0,0,0,0,0
0,5,6,0,0,0,0,0,0,0
0,20,20,0,0,0,0,0,0,0
1,2,10,0,0,0,0,0,0,0
0,3,13,0,0,0,0,0,0,0
0,2,8,0,0,0,0,0,0,0
0,12,3,0,0,0,0,0,0,0
0,1,4,0,0,0,0,0,0,0
0,3,13,0,0,0,0,0,0,0
0,1,6,0,0,0,0,0,0,0
0,3,9,0,0,0,0,0,0,0
2,2,22,0,0,0,0,0,0,0
0,3,16,0,0,0,0,0,0,0
0,1,4,0,0,0,0,0,0,0
0,2,8,0,0,0,0,0,0,0
0,1,6,0,0,0,0,0,0,0
0,2,8,0,0,0,0,0,0,0
1,1,9,0,0,0,0,0,0,0
0,1,5,0,0,0,0,0,0,0
1,3,3,0,0,0,0,0,0,0
0,3,4,0,0,0,0,0,0,0
1,1,8,0,0,0,0,0,0,0
0,5,4,0,0,0,0,0,0,0
1,3,24,0,0,0,0,0,0,0
0,4,8,0,0,0,0,0,0,0
1,3,2,0,0,0,0,0,0,0
0,1,5,0,0,0,0,0,0,0
0,4,10,0,0,0,0,0,0,0
0,3,13,0,0,0,0,0,0,0
8,1,1,0,0,0,0,0,0,0
0,2,3,0,0,0,0,0,0,0
0,5,6,0,0,0,0,0,0,0
1,1,4,0,0,0,0,0,0,0
0,4,1,0,0,0,0,0,0,0
0,1,5,0,0,0,0,0,0,0
0,2,10,0,0,0,0,0,0,0
2,1,4,0,0,0,0,0,0,0
0,1,6,0,0,0,0,0,0,0
1,2,12,0,0,0,0,0,0,0
1,3,13,0,0,0,0,0,0,0
0,4,1,0,0,0,0,0,0,0
0,1,5,0,0,0,0,0,0,0
0,2,11,0,0,0,0,0,0,0
2,1,9,0,0,0,0,0,0,0
1,0,5,0,0,0,0,0,0,0
0,4,13,0,0,0,0,0,0,0
0,1,4,0,0,0,0,0,0,0
0,3,8,0,0,0,0,0,0,0
3,0,15,0,0,0,0,0,0,0
0,1,5,0,0,0,0,0,0,0
0,2,4,0,0,0,0,0,0,0
0,3,3,0,0,0,0,0,0,0
0,5,1,0,0,0,0,0,0,0
0,5,1,0,0,0,0,0,0,0
3,1,11,0,0,0,0,0,0,0
0,2,6,0,0,0,0,0,0,0
0,1,4,0,0,0,0,0,0,0
0,1,4,0,0,0,0,0,0,0
1,3,10,0,0,0,0,0,0,0
1,3,3,0,0,0,0,0,0,0
1,1,3,0,0,0,0,0,0,0
0,1,4,0,0,0,0,0,0,0
1,3,5,0,0,0,0,0,0,0
0,1,4,0,0,0,0,0,0,0
0,5,23,0,0,0,0,0,0,0
1,2,2,0,0,0,0,0,0,0
0,3,8,0,0,0,0,0,0,0
1,0,5,0,0,0,0,0,0,0
1,13,2,0,0,0,0,0,0,0
0,2,8,0,0,0,0,0,0,0
1,8,9,0,0,0,0,0,0,0
1,1,13,0,0,0,0,0,0,0
1,1,12,0,0,0,0,0,0,0
0,1,4,0,0,0,0,0,0,0
0,2,11,0,0,0,0,0,0,0
1,3,12,0,0,0,0,0,0,0
0,1,5,0,0,0,0,0,0,0
0,4,3,0,0,0,0,0,0,0
0,4,22,0,0,0,0,0,0,0
1,3,21,0,0,0,0,0,0,0
1,0,5,0,0,0,0,0,0,0
0,9,8,0,0,0,0,0,0,0
0,1,5,0,0,0,0,0,0,0
1,2,8,0,0,0,0,0,0,0
1,1,6,0,0,0,0,0,0,0
0,2,6,0,0,0,0,0,0,0
1,1,4,0,0,0,0,0,0,0
12,19,8,0,0,0,0,0,0,0
0,6,1,0,0,0,0,0,0,0
0,6,3,0,0,0,0,0,0,0
0,17,17,0,0,0,0,0,0,0
0,4,9,0,0,0,0,0,0,0
0,2,3,0,0,0,0,0,0,0
0,9,6,0,0,0,0,0,0,0
0,6,5,0,0,0,0,0,0,0
1,4,1,0,0,0,0,0,0,0
0,3,4,0,0,0,0,0,0,0
0,8,2,0,0,0,0,0,0,0
0,1,5,0,0,0,0,0,0,0
0,1,4,0,0,0,0,0,0,0
0,3,10,0,0,0,0,0,0,0
1,2,7,0,0,0,0,0,0,0
0,3,6,0,0,0,0,0,0,0
0,3,7,0,0,0,0,0,0,0
0,4,2,0,0,0,0,0,0,0
1,0,5,0,0,0,0,0,0,0
0,4,2,0,0,0,0,0,0,0
0,1,4,0,0,0,0,0,0,0
0,2,4,0,0,0,0,0,0,0
0,1,5,0,0,0,0,0,0,0
0,4,5,0,0,0,0,0,0,0
5,15,14,0,0,0,0,0,0,0
1,13,14,0,0,0,0,0,0,0
0,2,13,0,0,0,0,0,0,0
0,1,6,0,0,0,0,0,0,0
0,7,2,0,0,0,0,0,0,0
0,5,8,0,0,0,0,0,0,0
0,1,6,0,0,0,0,0,0,0
1,3,21,0,0,0,0,0,0,0
0,3,3,0,0,0,0,0,0,0
0,9,4,0,0,0,0,0,0,0
0,1,4,0,0,0,0,0,0,0
1,2,2,0,0,0,0,0,0,0
3,1,15,0,0,0,0,0,0,0
1,0,6,0,0,0,0,0,0,0
1,1,7,0,0,0,0,0,0,0
0,1,6,0,0,0,0,0,0,0
7,3,27,0,0,0,0,0,0,0
0,4,1,0,0,0,0,0,0,0
1,3,5,0,0,0,0,0,0,0
0,2,6,0,0,0,0,0,0,0
0,5,2,0,0,0,0,0,0,0
2,4,19,0,0,0,0,0,0,0
0,1,4,0,0,0,0,0,0,0
3,2,21,0,0,0,0,0,0,0
0,4,2,0,0,0,0,0,0,0
0,6,3,0,0,0,0,0,0,0
0,8,2,0,0,0,0,0,0,0
0,2,13,0,0,0,0,0,0,0
1,1,6,0,0,0,0,0,0,0
0,16,4,0,0,0,0,0,0,0
2,1,3,0,0,0,0,0,0,0
0,6,1,0,0,0,0,0,0,0
0,4,13,0,0,0,0,0,0,0
0,4,5,0,0,0,0,0,0,0
1,1,7,0,0,0,0,0,0,0
1,1,3,0,0,0,0,0,0,0
0,3,4,0,0,0,0,0,0,0
0,1,6,0,0,0,0,0,0,0
0,3,3,0,0,0,0,0,0,0
0,2,4,0,0,0,0,0,0,0
0,1,5,0,0,0,0,0,0,0
0,6,1,0,0,0,0,0,0,0
0,2,6,0,0,0,0,0,0,0
0,5,6,0,0,0,0,0,0,0
0,2,3,0,0,0,0,0,0,0
0,1,4,0,0,0,0,0,0,0
0,3,16,0,0,0,0,0,0,0
0,1,4,0,0,0,0,0,0,0
1,3,13,0,0,0,0,0,0,0
0,11,22,0,0,0,0,0,0,0
1,5,2,0,0,0,0,0,0,0
0,1,6,0,0,0,0,0,0,0
0,1,5,0,0,0,0,0,0,0
1,1,10,0,0,0,0,0,0,0
0,4,10,0,0,0,0,0,0,0
0,2,8,0,0,0,0,0,0,0
1,2,6,0,0,0,0,0,0,0
0,1,6,0,0,0,0,0,0,0
0,8,16,0,0,0,0,0,0,0
1,24,4,0,0,0,0,0,0,0
1,2,5,0,0,0,0,0,0,0
0,3,13,0,0,0,0,0,0,0
0,5,17,0,0,0,0,0,0,0
1,6,6,0,0,0,0,0,0,0
2,0,13,0,0,0,0,0,0,0
0,3,4,0,0,0,0,0,0,0
1,0,5,0,0,0,0,0,0,0
1,1,4,0,0,0,0,0,0,0
1,0,5,0,0,0,0,0,0,0
0,4,3,0,0,0,0,0,0,0
1,0,6,0,0,0,0,0,0,0
0,1,5,0,0,0,0,0,0,0
5,0,10,0,0,0,0,0,0,0
0,3,4,0,0,0,0,0,0,0
0,2,7,0,0,0,0,0,0,0
0,4,9,0,0,0,0,0,0,0
1,1,6,0,0,0,0,0,0,0
1,1,5,0,0,0,0,0,0,0
0,5,7,0,0,0,0,0,0,0
0,1,5,0,0,0,0,0,0,0
0,5,3,0,0,0,0,0,0,0
0,2,12,0,0,0,0,0,0,0
1,3,5,0,0,0,0,0,0,0
0,1,5,0,0,0,0,0,0,0
0,6,1,0,0,0,0,0,0,0
0,4,10,0,0,0,0,0,0,0
1,1,13,0,0,0,0,0,0,0
1,1,7,0,0,0,0,0,0,0
0,3,15,0,0,0,0,0,0,0
1,0,5,0,0,0,0,0,0,0
0,2,5,0,0,0,0,0,0,0
0,1,4,0,0,0,0,0,0,0
0,2,10,0,0,0,0,0,0,0
0,5,2,0,0,0,0,0,0,0
1,1,13,0,0,0,0,0,0,0
0,6,4,0,0,0,0,0,0,0
6,6,7,0,0,0,0,0,0,0
0,2,7,0,0,0,0,0,0,0
0,2,5,0,0,0,0,0,0,0
1,9,6,0,0,0,0,0,0,0
3,0,7,0,0,0,0,0,0,0
0,2,11,0,0,0,0,0,0,0
0,1,6,0,0,0,0,0,0,0
0,2,4,0,0,0,0,0,0,0
0,7,19,0,0,0,0,0,0,0
2,0,10,0,0,0,0,0,0,0
2,1,16,0,0,0,0,0,0,0
0,4,9,0,0,0,0,0,0,0
1,0,5,0,0,0,0,0,0,0
1,1,6,0,0,0,0,0,0,0
0,8,5,0,0,0,0,0,0,0
0,4,1,0,0,0,0,0,0,0
0,1,4,0,0,0,0,0,0,0
0,5,1,0,0,0,0,0,0,0
0,1,6,0,0,0,0,0,0,0
0,2,5,0,0,0,0,0,0,0
1,1,11,0,0,0,0,0,0,0
0,2,6,0,0,0,0,0,0,0
0,2,4,0,0,0,0,0,0,0
2,2,27,0,0,0,0,0,0,0
1,4,20,0,0,0,0,0,0,0
0,2,7,0,0,0,0,0,0,0
0,3,2,0,0,0,0,0,0,0
1,2,9,0,0,0,0,0,0,0
3,0,10,0,0,0,0,0,0,0
0,2,3,0,0,0,0,0,0,0
1,1,11,0,0,0,0,0,0,0
0,5,14,0,0,0,0,0,0,0
0,4,2,0,0,0,0,0,0,0
1,0,5,0,0,0,0,0,0,0
0,9,5,0,0,0,0,0,0,0
0,5,1,0,0,0,0,0,0,0
0,3,3,0,0,0,0,0,0,0
0,3,3,0,0,0,0,0,0,0
0,5,4,0,0,0,0,0,0,0
2,0,6,0,0,0,0,0,0,0
2,4,22,0,0,0,0,0,0,0
1,18,2,0,0,0,0,0,0,0
1,2,10,0,0,0,0,0,0,0
2,0,7,0,0,0,0,0,0,0
0,1,5,0,0,0,0,0,0,0
0,1,6,0,0,0,0,0,0,0
0,12,6,0,0,0,0,0,0,0
1,1,13,0,0,0,0,0,0,0
0,3,8,0,0,0,0,0,0,0
0,2,6,0,0,0,0,0,0,0
0,4,5,0,0,0,0,0,0,0
0,2,9,0,0,0,0,0,0,0
0,5,1,0,0,0,0,0,0,0
2,1,14,0,0,0,0,0,0,0
1,0,5,0,0,0,0,0,0,0
1,1,7,0,0,0,0,0,0,0
0,1,6,0,0,0,0,0,0,0
0,8,7,0,0,0,0,0,0,0
2,1,19,0,0,0,0,0,0,0
1,0,5,0,0,0,0,0,0,0
1,1,5,0,0,0,0,0,0,0
1,1,7,0,0,0,0,0,0,0
0,1,5,0,0,0,0,0,0,0
1,1,3,0,0,0,0,0,0,0
0,2,9,0,0,0,0,0,0,0
0,6,1,0,0,0,0,0,0,0
0,1,6,0,0,0,0,0,0,0
0,2,6,0,0,0,0,0,0,0
0,5,20,0,0,0,0,0,0,0
0,3,18,0,0,0,0,0,0,0
0,1,5,0,0,0,0,0,0,0
0,2,3,0,0,0,0,0,0,0
0,3,9,0,0,0,0,0,0,0
0,3,3,0,0,0,0,0,0,0
0,1,5,0,0,0,0,0,0,0
2,1,20,0,0,0,0,0,0,0
1,0,5,0,0,0,0,0,0,0
0,4,1,0,0,0,0,0,0,0
0,1,4,0,0,0,0,0,0,0
2,0,8,0,0,0,0,0,0,0
0,3,4,0,0,0,0,0,0,0
0,2,4,0,0,0,0,0,0,0
0,3,3,0,0,0,0,0,0,0
2,4,6,0,0,0,0,0,0,0
1,2,14,0,0,0,0,0,0,0
0,1,4,0,0,0,0,0,0,0
0,3,18,0,0,0,0,0,0,0
0,2,3,0,0,0,0,0,0,0
1,1,3,0,0,0,0,0,0,0
0,3,11,0,0,0,0,0,0,0
1,0,5,0,0,0,0,0,0,0
0,6,4,0,0,0,0,0,0,0
0,5,3,0,0,0,0,0,0,0
0,4,1,0,0,0,0,0,0,0
0,5,1,0,0,0,0,0,0,0
0,9,2,0,0,0,0,0,0,0
0,4,4,0,0,0,0,0,0,0
0,1,6,0,0,0,0,0,0,0
0,4,1,0,0,0,0,0,0,0
1,5,1,0,0,0,0,0,0,0
0,2,12,0,0,0,0,0,0,0
0,3,7,0,0,0,0,0,0,0
0,1,6,0,0,0,0,0,0,0
0,3,3,0,0,0,0,0,0,0
0,2,13,0,0,0,0,0,0,0
0,5,1,0,0,0,0,0,0,0
0,4,10,0,0,0,0,0,0,0
2,2,11,0,0,0,0,0,0,0
2,4,1,0,0,0,0,0,0,0
1,3,8,0,0,0,0,0,0,0
0,1,4,0,0,0,0,0,0,0
1,0,5,0,0,0,0,0,0,0
1,11,7,0,0,0,0,0,0,0
1,3,27,0,0,0,0,0,0,0
0,8,21,0,0,0,0,0,0,0
0,1,4,0,0,0,0,0,0,0
0,1,6,0,0,0,0,0,0,0
0,9,8,0,0,0,0,0,0,0
1,0,5,0,0,0,0,0,0,0
3,0,8,0,0,0,0,0,0,0
0,1,4,0,0,0,0,0,0,0
0,5,8,0,0,0,0,0,0,0
0,7,9,0,0,0,0,0,0,0
0,3,6,0,0,0,0,0,0,0
1,1,3,0,0,0,0,0,0,0
0,2,8,0,0,0,0,0,0,0
0,1,6,0,0,0,0,0,0,0
0,3,5,0,0,0,0,0,0,0
1,0,6,0,0,0,0,0,0,0
8,10,13,0,0,0,0,0,0,0
0,3,17,0,0,0,0,0,0,0
1,0,5,0,0,0,0,0,0,0
1,1,6,0,0,0,0,0,0,0
0,5,4,0,0,0,0,0,0,0
2,0,9,0,0,0,0,0,0,0
0,1,4,0,0,0,0,0,0,0
1,0,6,0,0,0,0,0,0,0
0,2,5,0,0,0,0,0,0,0
1,1,4,0,0,0,0,0,0,0
1,1,4,0,0,0,0,0,0,0
0,6,13,0,0,0,0,0,0,0
0,3,5,0,0,0,0,0,0,0
0,5,5,0,0,0,0,0,0,0
2,1,4,0,0,0,0,0,0,0
7,2,8,0,0,0,0,0,0,0
0,3,4,0,0,0,0,0,0,0
0,7,7,0,0,0,0,0,0,0
0,5,7,0,0,0,0,0,0,0
0,2,4,0,0,0,0,0,0,0
0,2,9,0,0,0,0,0,0,0
2,3,15,0,0,0,0,0,0,0
0,2,10,0,0,0,0,0,0,0
9,22,22,0,0,0,0,0,0,0
1,2,5,0,0,0,0,0,0,0
1,0,5,0,0,0,0,0,0,0
0,2,7,0,0,0,0,0,0,0
0,7,5,0,0,0,0,0,0,0
0,4,1,0,0,0,0,0,0,0
0,1,6,0,0,0,0,0,0,0
0,5,5,0,0,0,0,0,0,0
0,4,4,0,0,0,0,0,0,0
0,2,3,0,0,0,0,0,0,0
0,1,5,0,0,0,0,0,0,0
0,5,4,0,0,0,0,0,0,0
0,2,6,0,0,0,0,0,0,0
0,2,11,0,0,0,0,0,0,0
0,1,6,0,0,0,0,0,0,0
0,1,6,0,0,0,0,0,0,0
0,1,5,0,0,0,0,0,0,0
0,1,5,0,0,0,0,0,0,0
0,2,13,0,0,0,0,0,0,0
1,0,6,0,0,0,0,0,0,0
0,1,6,0,0,0,0,0,0,0
1,1,6,0,0,0,0,0,0,0
0,1,5,0,0,0,0,0,0,0
1,0,6,0,0,0,0,0,0,0
1,0,5,0,0,0,0,0,0,0
0,2,5,0,0,0,0,0,0,0
0,1,5,0,0,0,0,0,0,0
0,13,2,0,0,0,0,0,0,0
1,2,17,0,0,0,0,0,0,0
0,1,4,0,0,0,0,0,0,0
2,2,6,0,0,0,0,0,0,0
0,2,4,0,0,0,0,0,0,0
0,7,3,0,0,0,0,0,0,0
0,2,5,0,0,0,0,0,0,0
3,1,8,0,0,0,0,0,0,0
0,1,5,0,0,0,0,0,0,0
1,2,5,0,0,0,0,0,0,0
0,1,6,0,0,0,0,0,0,0
0,4,1,0,0,0,0,0,0,0
1,4,1,0,0,0,0,0,0,0
0,2,3,0,0,0,0,0,0,0
0,3,6,0,0,0,0,0,0,0
0,3,11,0,0,0,0,0,0,0
0,1,6,0,0,0,0,0,0,0
1,0,6,0,0,0,0,0,0,0
0,5,3,0,0,0,0,0,0,0
2,30,4,0,0,0,0,0,0,0
1,0,5,0,0,0,0,0,0,0
0,2,11,0,0,0,0,0,0,0
0,1,5,0,0,0,0,0,0,0
1,4,12,0,0,0,0,0,0,0
0,2,8,0,0,0,0,0,0,0
0,2,4,0,0,0,0,0,0,0
1,1,10,0,0,0,0,0,0,0
2,1,12,0,0,0,0,0,0,0
0,2,6,0,0,0,0,0,0,0
0,2,6,0,0,0,0,0,0,0
1,0,6,0,0,0,0,0,0,0
1,1,6,0,0,0,0,0,0,0
1,3,2,0,0,0,0,0,0,0
1,1,4,0,0,0,0,0,0,0
0,2,5,0,0,0,0,0,0,0
1,0,5,0,0,0,0,0,0,0
1,1,13,0,0,0,0,0,0,0
0,6,2,0,0,0,0,0,0,0
0,4,6,0,0,0,0,0,0,0
0,1,4,0,0,0,0,0,0,0
1,0,6,0,0,0,0,0,0,0
0,8,17,0,0,0,0,0,0,0
0,4,3,0,0,0,0,0,0,0
1,2,10,0,0,0,0,0,0,0
1,6,9,0,0,0,0,0,0,0
0,1,6,0,0,0,0,0,0,0
1,1,4,0,0,0,0,0,0,0
2,0,9,0,0,0,0,0,0,0
0,3,6,0,0,0,0,0,0,0
1,1,3,0,0,0,0,0,0,0
0,7,30,0,0,0,0,0,0,0
0,8,2,0,0,0,0,0,0,0
2,1,4,0,0,0,0,0,0,0
0,9,2,0,0,0,0,0,0,0
0,2,4,0,0,0,0,0,0,0
0,1,6,0,0,0,0,0,0,0
0,2,7,0,0,0,0,0,0,0
1,5,15,0,0,0,0,0,0,0
0,2,10,0,0,0,0,0,0,0
0,1,6,0,0,0,0,0,0,0
0,2,10,0,0,0,0,0,0,0
0,1,6,0,0,0,0,0,0,0
0,5,19,0,0,0,0,0,0,0
0,2,3,0,0,0,0,0,0,0
0,2,9,0,0,0,0,0,0,0
1,17,23,0,0,0,0,0,0,0
1,3,6,0,0,0,0,0,0,0
1,0,6,0,0,0,0,0,0,0
1,0,6,0,0,0,0,0,0,0
1,1,6,0,0,0,0,0,0,0
0,2,5,0,0,0,0,0,0,0
0,9,9,0,0,0,0,0,0,0
0,9,2,0,0,0,0,0,0,0
0,11,3,0,0,0,0,0,0,0
0,1,6,0,0,0,0,0,0,0
1,3,1,0,0,0,0,0,0,0
0,11,8,0,0,0,0,0,0,0
2,2,7,0,0,0,0,0,0,0
2,0,8,0,0,0,0,0,0,0
0,3,7,0,0,0,0,0,0,0
1,3,21,0,0,0,0,0,0,0
0,2,7,0,0,0,0,0,0,0
0,1,5,0,0,0,0,0,0,0
1,4,10,0,0,0,0,0,0,0
0,2,7,0,0,0,0,0,0,0
3,1,15,0,0,0,0,0,0,0
3,10,10,0,0,0,0,0,0,0
0,1,5,0,0,0,0,0,0,0
1,8,8,0,0,0,0,0,0,0
1,1,5,0,0,0,0,0,0,0
0,1,6,0,0,0,0,0,0,0
0,3,14,0,0,0,0,0,0,0
1,1,6,0,0,0,0,0,0,0
0,1,5,0,0,0,0,0,0,0
0,5,1,0,0,0,0,0,0,0
1,0,6,0,0,0,0,0,0,0
0,3,15,0,0,0,0,0,0,0
2,1,12,0,0,0,0,0,0,0
0,10,4,0,0,0,0,0,0,0
0,4,8,0,0,0,0,0,0,0
4,12,3,0,0,0,0,0,0,0
0,11,8,0,0,0,0,0,0,0
0,5,9,0,0,0,0,0,0,0
0,15,19,0,0,0,0,0,0,0
1,4,2,0,0,0,0,0,0,0
0,1,5,0,0,0,0,0,0,0
0,1,4,0,0,0,0,0,0,0
0,2,6,0,0,0,0,0,0,0
0,3,11,0,0,0,0,0,0,0
0,3,15,0,0,0,0,0,0,0
0,4,1,0,0,0,0,0,0,0
0,6,5,0,0,0,0,0,0,0
0,1,4,0,0,0,0,0,0,0
0,3,3,0,0,0,0,0,0,0
1,1,3,0,0,0,0,0,0,0
0,1,6,0,0,0,0,0,0,0
0,1,6,0,0,0,0,0,0,0
0,1,6,0,0,0,0,0,0,0
1,6,7,0,0,0,0,0,0,0
0,3,15,0,0,0,0,0,0,0
1,1,12,0,0,0,0,0,0,0
0,4,6,0,0,0,0,0,0,0
0,3,18,0,0,0,0,0,0,0
0,8,10,0,0,0,0,0,0,0
1,5,10,0,0,0,0,0,0,0
0,1,5,0,0,0,0,0,0,0
0,2,5,0,0,0,0,0,0,0
0,17,3,0,0,0,0,0,0,0
1,3,7,0,0,0,0,0,0,0
0,9,5,0,0,0,0,0,0,0
1,0,5,0,0,0,0,0,0,0
42,8,1,0,0,0,0,0,0,0
0,1,6,0,0,0,0,0,0,0
0,3,7,0,0,0,0,0,0,0
0,10,6,0,0,0,0,0,0,0
0,6,1,0,0,0,0,0,0,0
1,2,7,0,0,0,0,0,0,0
0,2,5,0,0,0,0,0,0,0
0,3,6,0,0,0,0,0,0,0
0,3,6,0,0,0,0,0,0,0
1,13,11,0,0,0,0,0,0,0
3,4,9,0,0,0,0,0,0,0
0,7,19,0,0,0,0,0,0,0
0,1,4,0,0,0,0,0,0,0
3,0,6,0,0,0,0,0,0,0
0,4,11,0,0,0,0,0,0,0
0,1,5,0,0,0,0,0,0,0
0,2,6,0,0,0,0,0,0,0
2,1,11,0,0,0,0,0,0,0
0,1,5,0,0,0,0,0,0,0
1,2,8,0,0,0,0,0,0,0
0,1,6,0,0,0,0,0,0,0
1,1,5,0,0,0,0,0,0,0
0,1,5,0,0,0,0,0,0,0
0,1,5,0,0,0,0,0,0,0
1,7,12,0,0,0,0,0,0,0
0,4,14,0,0,0,0,0,0,0
0,2,8,0,0,0,0,0,0,0
0,2,3,0,0,0,0,0,0,0
1,2,7,0,0,0,0,0,0,0
0,1,5,0,0,0,0,0,0,0
0,5,14,0,0,0,0,0,0,0
0,1,4,0,0,0,0,0,0,0
0,2,12,0,0,0,0,0,0,0
0,1,6,0,0,0,0,0,0,0
2,1,14,0,0,0,0,0,0,0
0,1,4,0,0,0,0,0,0,0
0,7,2,0,0,0,0,0,0,0
0,4,2,0,0,0,0,0,0,0
0,2,5,0,0,0,0,0,0,0
1,1,5,0,0,0,0,0,0,0
2,0,12,0,0,0,0,0,0,0
0,5,12,0,0,0,0,0,0,0
1,1,4,0,0,0,0,0,0,0
0,2,4,0,0,0,0,0,0,0
0,1,4,0,0,0,0,0,0,0
0,2,9,0,0,0,0,0,0,0
0,2,10,0,0,0,0,0,0,0
0,1,5,0,0,0,0,0,0,0
0,3,15,0,0,0,0,0,0,0
0,6,8,0,0,0,0,0,0,0
0,24,11,0,0,0,0,0,0,0
0,2,8,0,0,0,0,0,0,0
0,3,6,0,0,0,0,0,0,0
2,0,11,0,0,0,0,0,0,0
1,2,2,0,0,0,0,0,0,0
1,3,27,0,0,0,0,0,0,0
0,4,1,0,0,0,0,0,0,0
0,4,14,0,0,0,0,0,0,0
0,3,13,0,0,0,0,0,0,0
1,2,6,0,0,0,0,0,0,0
1,3,1,0,0,0,0,0,0,0
0,1,4,0,0,0,0,0,0,0
1,2,11,0,0,0,0,0,0,0
1,4,7,0,0,0,0,0,0,0
0,10,4,0,0,0,0,0,0,0
0,1,6,0,0,0,0,0,0,0
0,3,15,0,0,0,0,0,0,0
0,4,9,0,0,0,0,0,0,0
0,7,30,0,0,0,0,0,0,0
1,2,6,0,0,0,0,0,0,0
1,1,4,0,0,0,0,0,0,0
1,0,5,0,0,0,0,0,0,0
0,3,8,0,0,0,0,0,0,0
1,4,10,0,0,0,0,0,0,0
0,2,13,0,0,0,0,0,0,0
0,2,3,0,0,0,0,0,0,0
0,1,5,0,0,0,0,0,0,0
0,10,15,0,0,0,0,0,0,0
0,4,4,0,0,0,0,0,0,0
0,5,1,0,0,0,0,0,0,0
1,4,1,0,0,0,0,0,0,0
1,5,10,0,0,0,0,0,0,0
1,0,5,0,0,0,0,0,0,0
1,1,3,0,0,0,0,0,0,0
0,1,4,0,0,0,0,0,0,0
1,1,11,0,0,0,0,0,0,0
0,2,3,0,0,0,0,0,0,0
0,2,10,0,0,0,0,0,0,0
1,13,14,0,0,0,0,0,0,0
0,1,5,0,0,0,0,0,0,0
1,1,6,0,0,0,0,0,0,0
0,5,14,0,0,0,0,0,0,0
0,8,17,0,0,0,0,0,0,0
0,1,4,0,0,0,0,0,0,0
0,2,3,0,0,0,0,0,0,0
0,4,9,0,0,0,0,0,0,0
0,5,1,0,0,0,0,0,0,0
1,2,7,0,0,0,0,0,0,0
1,1,12,0,0,0,0,0,0,0
0,1,5,0,0,0,0,0,0,0
0,2,4,0,0,0,0,0,0,0
0,1,4,0,0,0,0,0,0,0
1,1,3,0,0,0,0,0,0,0
3,5,17,0,0,0,0,0,0,0
0,1,6,0,0,0,0,0,0,0
0,2,12,0,0,0,0,0,0,0
2,1,3,0,0,0,0,0,0,0
2,0,12,0,0,0,0,0,0,0
0,8,3,0,0,0,0,0,0,0
0,5,5,0,0,0,0,0,0,0
0,1,4,0,0,0,0,0,0,0
2,3,17,0,0,0,0,0,0,0
0,4,21,0,0,0,0,0,0,0
0,2,6,0,0,0,0,0,0,0
1,9,3,0,0,0,0,0,0,0
1,0,5,0,0,0,0,0,0,0
1,4,19,0,0,0,0,0,0,0
3,1,11,0,0,0,0,0,0,0
0,7,3,0,0,0,0,0,0,0
0,1,5,0,0,0,0,0,0,0
0,1,6,0,0,0,0,0,0,0
0,2,5,0,0,0,0,0,0,0
0,1,5,0,0,0,0,0,0,0
1,12,8,0,0,0,0,0,0,0
0,3,2,0,0,0,0,0,0,0
2,1,9,0,0,0,0,0,0,0
1,1,12,0,0,0,0,0,0,0
0,8,20,0,0,0,0,0,0,0
2,0,8,0,0,0,0,0,0,0
0,6,7,0,0,0,0,0,0,0
1,3,1,0,0,0,0,0,0,0
0,2,4,0,0,0,0,0,0,0
0,2,10,0,0,0,0,0,0,0
1,12,2,0,0,0,0,0,0,0
0,2,5,0,0,0,0,0,0,0
1,2,14,0,0,0,0,0,0,0
2,1,16,0,0,0,0,0,0,0
1,3,7,0,0,0,0,0,0,0
0,6,14,0,0,0,0,0,0,0
0,4,1,0,0,0,0,0,0,0
1,4,2,0,0,0,0,0,0,0
0,2,3,0,0,0,0,0,0,0
0,2,11,0,0,0,0,0,0,0
1,3,20,0,0,0,0,0,0,0
0,3,8,0,0,0,0,0,0,0
1,9,12,0,0,0,0,0,0,0
1,0,6,0,0,0,0,0,0,0
0,2,4,0,0,0,0,0,0,0
0,11,2,0,0,0,0,0,0,0
1,3,16,0,0,0,0,0,0,0
0,3,2,0,0,0,0,0,0,0
2,1,6,0,0,0,0,0,0,0
0,7,4,0,0,0,0,0,0,0
0,1,6,0,0,0,0,0,0,0
0,4,5,0,0,0,0,0,0,0
1,1,10,0,0,0,0,0,0,0
1,2,6,0,0,0,0,0,0,0
0,1,5,0,0,0,0,0,0,0
2,1,11,0,0,0,0,0,0,0
0,2,13,0,0,0,0,0,0,0
0,8,2,0,0,0,0,0,0,0
1,6,2,0,0,0,0,0,0,0
0,4,5,0,0,0,0,0,0,0
1,4,6,0,0,0,0,0,0,0
1,5,17,0,0,0,0,0,0,0
4,0,5,0,0,0,0,0,0,0
1,3,14,0,0,0,0,0,0,0
2,2,20,0,0,0,0,0,0,0
0,8,2,0,0,0,0,0,0,0
0,2,12,0,0,0,0,0,0,0
0,1,6,0,0,0,0,0,0,0
0,5,2,0,0,0,0,0,0,0
1,4,8,0,0,0,0,0,0,0
0,4,12,0,0,0,0,0,0,0
1,2,15,0,0,0,0,0,0,0
0,1,6,0,0,0,0,0,0,0
0,1,4,0,0,0,0,0,0,0
1,7,1,0,0,0,0,0,0,0
0,7,18,0,0,0,0,0,0,0
0,5,1,0,0,0,0,0,0,0
1,3,2,0,0,0,0,0,0,0
0,5,9,0,0,0,0,0,0,0
0,1,5,0,0,0,0,0,0,0
0,1,5,0,0,0,0,0,0,0
0,3,9,0,0,0,0,0,0,0
0,6,1,0,0,0,0,0,0,0
0,2,6,0,0,0,0,0,0,0
0,2,10,0,0,0,0,0,0,0
0,9,3,0,0,0,0,0,0,0
1,1,9,0,0,0,0,0,0,0
0,2,10,0,0,0,0,0,0,0
0,1,4,0,0,0,0,0,0,0
0,2,4,0,0,0,0,0,0,0
0,2,4,0,0,0,0,0,0,0
1,0,5,0,0,0,0,0,0,0
2,1,16,0,0,0,0,0,0,0
0,3,2,0,0,0,0,0,0,0
2,0,9,0,0,0,0,0,0,0
0,2,3,0,0,0,0,0,0,0
0,2,4,0,0,0,0,0,0,0
0,2,7,0,0,0,0,0,0,0
0,2,4,0,0,0,0,0,0,0
0,2,12,0,0,0,0,0,0,0
2,0,7,0,0,0,0,0,0,0
0,1,4,0,0,0,0,0,0,0
0,1,4,0,0,0,0,0,0,0
1,4,24,0,0,0,0,0,0,0
0,3,2,0,0,0,0,0,0,0
0,3,2,0,0,0,0,0,0,0
0,2,3,0,0,0,0,0,0,0
1,7,3,0,0,0,0,0,0,0
1,0,6,0,0,0,0,0,0,0
1,1,8,0,0,0,0,0,0,0
0,5,8,0,0,0,0,0,0,0
0,9,7,0,0,0,0,0,0,0
0,1,6,0,0,0,0,0,0,0
0,2,7,0,0,0,0,0,0,0
2,1,4,0,0,0,0,0,0,0
1,2,11,0,0,0,0,0,0,0
0,5,4,0,0,0,0,0,0,0
0,3,3,0,0,0,0,0,0,0
0,2,6,0,0,0,0,0,0,0
0,2,13,0,0,0,0,0,0,0
1,2,2,0,0,0,0,0,0,0
0,4,15,0,0,0,0,0,0,0
1,0,6,0,0,0,0,0,0,0
0,3,2,0,0,0,0,0,0,0
0,3,3,0,0,0,0,0,0,0
2,3,9,0,0,0,0,0,0,0
0,4,19,0,0,0,0,0,0,0
0,3,4,0,0,0,0,0,0,0
2,1,2,0,0,0,0,0,0,0
0,4,17,0,0,0,0,0,0,0
0,3,2,0,0,0,0,0,0,0
0,1,5,0,0,0,0,0,0,0
0,2,3,0,0,0,0,0,0,0
0,2,12,0,0,0,0,0,0,0
0,1,4,0,0,0,0,0,0,0
0,1,6,0,0,0,0,0,0,0
0,7,3,0,0,0,0,0,0,0
0,3,5,0,0,0,0,0,0,0
3,6,12,0,0,0,0,0,0,0
0,2,5,0,0,0,0,0,0,0
0,13,29,0,0,0,0,0,0,0
1,1,6,0,0,0,0,0,0,0
0,2,6,0,0,0,0,0,0,0
0,2,5,0,0,0,0,0,0,0
1,1,11,0,0,0,0,0,0,0
0,1,6,0,0,0,0,0,0,0
0,2,6,0,0,0,0,0,0,0
0,3,15,0,0,0,0,0,0,0
0,6,11,0,0,0,0,0,0,0
0,4,1,0,0,0,0,0,0,0
1,1,12,0,0,0,0,0,0,0
0,4,6,0,0,0,0,0,0,0
1,1,5,0,0,0,0,0,0,0
1,2,3,0,0,0,0,0,0,0
1,1,9,0,0,0,0,0,0,0
1,2,4,0,0,0,0,0,0,0
39,4,7,0,0,0,0,0,0,0
0,1,5,0,0,0,0,0,0,0
0,1,4,0,0,0,0,0,0,0
1,0,5,0,0,0,0,0,0,0
0,2,12,0,0,0,0,0,0,0
0,4,7,0,0,0,0,0,0,0
0,1,4,0,0,0,0,0,0,0
1,0,5,0,0,0,0,0,0,0
0,1,4,0,0,0,0,0,0,0
0,6,5,0,0,0,0,0,0,0
0,2,6,0,0,0,0,0,0,0
0,8,18,0,0,0,0,0,0,0
0,1,5,0,0,0,0,0,0,0
0,3,6,0,0,0,0,0,0,0
0,1,5,0,0,0,0,0,0,0
1,2,7,0,0,0,0,0,0,0
0,12,10,0,0,0,0,0,0,0
2,2,3,0,0,0,0,0,0,0
0,2,12,0,0,0,0,0,0,0
0,3,9,0,0,0,0,0,0,0
0,2,6,0,0,0,0,0,0,0
1,5,2,0,0,0,0,0,0,0
0,1,5,0,0,0,0,0,0,0
0,1,6,0,0,0,0,0,0,0
0,16,21,0,0,0,0,0,0,0
0,2,4,0,0,0,0,0,0,0
0,3,13,0,0,0,0,0,0,0
0,3,19,0,0,0,0,0,0,0
1,0,6,0,0,0,0,0,0,0
0,2,7,0,0,0,0,0,0,0
0,4,8,0,0,0,0,0,0,0
0,6,5,0,0,0,0,0,0,0
0,2,13,0,0,0,0,0,0,0
0,1,4,0,0,0,0,0,0,0
0,5,4,0,0,0,0,0,0,0
0,1,5,0,0,0,0,0,0,0
0,4,1,0,0,0,0,0,0,0
0,3,5,0,0,0,0,0,0,0
5,0,13,0,0,0,0,0,0,0
0,5,3,0,0,0,0,0,0,0
1,0,5,0,0,0,0,0,0,0
0,2,6,0,0,0,0,0,0,0
0,4,5,0,0,0,0,0,0,0
0,3,15,0,0,0,0,0,0,0
0,2,13,0,0,0,0,0,0,0
0,1,5,0,0,0,0,0,0,0
2,0,6,0,0,0,0,0,0,0
0,3,5,0,0,0,0,0,0,0
0,1,6,0,0,0,0,0,0,0
0,4,5,0,0,0,0,0,0,0
0,2,3,0,0,0,0,0,0,0
0,1,5,0,0,0,0,0,0,0
1,0,6,0,0,0,0,0,0,0
0,3,11,0,0,0,0,0,0,0
0,2,3,0,0,0,0,0,0,0
2,1,19,0,0,0,0,0,0,0
0,1,4,0,0,0,0,0,0,0
2,0,13,0,0,0,0,0,0,0
1,3,2,0,0,0,0,0,0,0
0,8,2,0,0,0,0,0,0,0
2,1,6,0,0,0,0,0,0,0
0,7,17,0,0,0,0,0,0,0
1,2,3,0,0,0,0,0,0,0
0,7,3,0,0,0,0,0,0,0
0,6,2,0,0,0,0,0,0,0
0,3,11,0,0,0,0,0,0,0
0,2,5,0,0,0,0,0,0,0
4,61,16,0,0,0,0,0,0,0
1,1,12,0,0,0,0,0,0,0
0,1,5,0,0,0,0,0,0,0
0,1,4,0,0,0,0,0,0,0
0,2,4,0,0,0,0,0,0,0
0,1,4,0,0,0,0,0,0,0
2,3,30,0,0,0,0,0,0,0
0,5,7,0,0,0,0,0,0,0
0,2,8,0,0,0,0,0,0,0
0,2,11,0,0,0,0,0,0,0
1,1,8,0,0,0,0,0,0,0
3,1,14,0,0,0,0,0,0,0
0,4,12,0,0,0,0,0,0,0
1,0,6,0,0,0,0,0,0,0
0,1,6,0,0,0,0,0,0,0
1,2,12,0,0,0,0,0,0,0
0,2,6,0,0,0,0,0,0,0
0,12,2,0,0,0,0,0,0,0
1,0,5,0,0,0,0,0,0,0
0,6,1,0,0,0,0,0,0,0
2,2,6,0,0,0,0,0,0,0
0,2,6,0,0,0,0,0,0,0
1,0,5,0,0,0,0,0,0,0
2,15,8,0,0,0,0,0,0,0
1,1,3,0,0,0,0,0,0,0
0,2,7,0,0,0,0,0,0,0
1,1,10,0,0,0,0,0,0,0
0,1,5,0,0,0,0,0,0,0
1,7,5,0,0,0,0,0,0,0
0,2,8,0,0,0,0,0,0,0
0,1,6,0,0,0,0,0,0,0
1,2,8,0,0,0,0,0,0,0
0,1,4,0,0,0,0,0,0,0
0,1,6,0,0,0,0,0,0,0
0,3,9,0,0,0,0,0,0,0
1,2,10,0,0,0,0,0,0,0
0,2,3,0,0,0,0,0,0,0
0,5,3,0,0,0,0,0,0,0
2,1,18,0,0,0,0,0,0,0
5,0,7,0,0,0,0,0,0,0
4,2,5,0,0,0,0,0,0,0
1,0,6,0,0,0,0,0,0,0
0,3,6,0,0,0,0,0,0,0
1,1,7,0,0,0,0,0,0,0
0,3,2,0,0,0,0,0,0,0
1,2,2,0,0,0,0,0,0,0
0,1,6,0,0,0,0,0,0,0
1,1,6,0,0,0,0,0,0,0
1,1,8,0,0,0,0,0,0,0
1,2,18,0,0,0,0,0,0,0
0,1,5,0,0,0,0,0,0,0
4,3,30,0,0,0,0,0,0,0
0,2,4,0,0,0,0,0,0,0
0,1,5,0,0,0,0,0,0,0
1,9,20,0,0,0,0,0,0,0
0,4,1,0,0,0,0,0,0,0
3,0,11,0,0,0,0,0,0,0
0,3,11,0,0,0,0,0,0,0
0,3,13,0,0,0,0,0,0,0
0,1,5,0,0,0,0,0,0,0
0,2,5,0,0,0,0,0,0,0
2,0,8,0,0,0,0,0,0,0
0,2,3,0,0,0,0,0,0,0
0,2,5,0,0,0,0,0,0,0
0,2,4,0,0,0,0,0,0,0
0,2,3,0,0,0,0,0,0,0
0,1,5,0,0,0,0,0,0,0
0,1,4,0,0,0,0,0,0,0
0,7,7,0,0,0,0,0,0,0
0,1,5,0,0,0,0,0,0,0
0,4,4,0,0,0,0,0,0,0
0,1,4,0,0,0,0,0,0,0
1,0,6,0,0,0,0,0,0,0
0,7,21,0,0,0,0,0,0,0
2,1,17,0,0,0,0,0,0,0
0,2,4,0,0,0,0,0,0,0
1,6,2,0,0,0,0,0,0,0
1,1,4,0,0,0,0,0,0,0
1,3,16,0,0,0,0,0,0,0
0,4,1,0,0,0,0,0,0,0
0,2,9,0,0,0,0,0,0,0
1,0,5,0,0,0,0,0,0,0
0,1,4,0,0,0,0,0,0,0
1,1,10,0,0,0,0,0,0,0
0,1,6,0,0,0,0,0,0,0
0,1,5,0,0,0,0,0,0,0
0,4,1,0,0,0,0,0,0,0
1,0,6,0,0,0,0,0,0,0
0,19,5,0,0,0,0,0,0,0
0,3,4,0,0,0,0,0,0,0
0,4,1,0,0,0,0,0,0,0
1,1,5,0,0,0,0,0,0,0
0,3,2,0,0,0,0,0,0,0
1,0,6,0,0,0,0,0,0,0
1,0,5,0,0,0,0,0,0,0
1,0,5,0,0,0,0,0,0,0
1,10,25,0,0,0,0,0,0,0
0,3,5,0,0,0,0,0,0,0
1,6,9,0,0,0,0,0,0,0
0,2,10,0,0,0,0,0,0,0
0,1,6,0,0,0,0,0,0,0
0,3,7,0,0,0,0,0,0,0
1,1,11,0,0,0,0,0,0,0
0,3,13,0,0,0,0,0,0,0
0,1,5,0,0,0,0,0,0,0
0,6,3,0,0,0,0,0,0,0
0,3,5,0,0,0,0,0,0,0
21,0,12,0,0,0,0,0,0,0
0,1,6,0,0,0,0,0,0,0
0,2,6,0,0,0,0,0,0,0
0,2,13,0,0,0,0,0,0,0
0,2,6,0,0,0,0,0,0,0
0,1,5,0,0,0,0,0,0,0
1,1,7,0,0,0,0,0,0,0
0,5,20,0,0,0,0,0,0,0
1,3,9,0,0,0,0,0,0,0
0,3,3,0,0,0,0,0,0,0
0,8,8,0,0,0,0,0,0,0
0,2,11,0,0,0,0,0,0,0
2,3,1,0,0,0,0,0,0,0
3,4,6,0,0,0,0,0,0,0
3,3,8,0,0,0,0,0,0,0
2,1,2,0,0,0,0,0,0,0
0,1,4,0,0,0,0,0,0,0
0,4,1,0,0,0,0,0,0,0
0,2,10,0,0,0,0,0,0,0
0,3,9,0,0,0,0,0,0,0
0,1,5,0,0,0,0,0,0,0
0,11,25,0,0,0,0,0,0,0
1,1,5,0,0,0,0,0,0,0
0,3,4,0,0,0,0,0,0,0
1,1,5,0,0,0,0,0,0,0
0,5,2,0,0,0,0,0,0,0
1,1,10,0,0,0,0,0,0,0
2,1,16,0,0,0,0,0,0,0
0,1,4,0,0,0,0,0,0,0
1,2,18,0,0,0,0,0,0,0
1,1,4,0,0,0,0,0,0,0
2,1,4,0,0,0,0,0,0,0
0,2,6,0,0,0,0,0,0,0
0,10,3,0,0,0,0,0,0,0
0,2,6,0,0,0,0,0,0,0
0,3,7,0,0,0,0,0,0,0
0,5,15,0,0,0,0,0,0,0
0,3,3,0,0,0,0,0,0,0
1,1,11,0,0,0,0,0,0,0
0,5,10,0,0,0,0,0,0,0
0,2,6,0,0,0,0,0,0,0
1,7,15,0,0,0,0,0,0,0
1,2,2,0,0,0,0,0,0,0
1,5,13,0,0,0,0,0,0,0
18,12,6,0,0,0,0,0,0,0
1,1,9,0,0,0,0,0,0,0
1,1,10,0,0,0,0,0,0,0
0,4,5,0,0,0,0,0,0,0
1,1,3,0,0,0,0,0,0,0
0,1,4,0,0,0,0,0,0,0
0,5,15,0,0,0,0,0,0,0
0,1,4,0,0,0,0,0,0,0
0,9,2,0,0,0,0,0,0,0
0,8,4,0,0,0,0,0,0,0
1,4,6,0,0,0,0,0,0,0
1,3,7,0,0,0,0,0,0,0
0,2,6,0,0,0,0,0,0,0
0,2,10,0,0,0,0,0,0,0
1,3,23,0,0,0,0,0,0,0
2,0,5,0,0,0,0,0,0,0
1,3,18,0,0,0,0,0,0,0
1,4,1,0,0,0,0,0,0,0
0,5,3,0,0,0,0,0,0,0
1,0,6,0,0,0,0,0,0,0
0,1,6,0,0,0,0,0,0,0
0,3,14,0,0,0,0,0,0,0
0,2,6,0,0,0,0,0,0,0
0,16,9,0,0,0,0,0,0,0
0,12,4,0,0,0,0,0,0,0
14,94,4,0,0,0,0,0,0,0
0,13,4,0,0,0,0,0,0,0
1,5,26,0,0,0,0,0,0,0
2,2,15,0,0,0,0,0,0,0
0,1,5,0,0,0,0,0,0,0
0,6,2,0,0,0,0,0,0,0
0,1,6,0,0,0,0,0,0,0
1,9,2,0,0,0,0,0,0,0
1,1,6,0,0,0,0,0,0,0
1,12,4,0,0,0,0,0,0,0
0,1,4,0,0,0,0,0,0,0
0,4,2,0,0,0,0,0,0,0
0,2,9,0,0,0,0,0,0,0
1,4,20,0,0,0,0,0,0,0
1,1,7,0,0,0,0,0,0,0
0,5,1,0,0,0,0,0,0,0
1,5,5,0,0,0,0,0,0,0
0,5,1,0,0,0,0,0,0,0
2,12,4,0,0,0,0,0,0,0
0,1,5,0,0,0,0,0,0,0
2,0,5,0,0,0,0,0,0,0
0,1,6,0,0,0,0,0,0,0
0,5,14,0,0,0,0,0,0,0
0,1,5,0,0,0,0,0,0,0
2,6,12,0,0,0,0,0,0,0
0,1,4,0,0,0,0,0,0,0
0,6,6,0,0,0,0,0,0,0
0,1,4,0,0,0,0,0,0,0
0,2,8,0,0,0,0,0,0,0
0,1,5,0,0,0,0,0,0,0
0,1,4,0,0,0,0,0,0,0
0,2,12,0,0,0,0,0,0,0
0,3,2,0,0,0,0,0,0,0
0,2,3,0,0,0,0,0,0,0
0,4,14,0,0,0,0,0,0,0
0,9,13,0,0,0,0,0,0,0
0,1,6,0,0,0,0,0,0,0
1,8,5,0,0,0,0,0,0,0
1,4,16,0,0,0,0,0,0,0
0,2,11,0,0,0,0,0,0,0
1,3,14,0,0,0,0,0,0,0
0,8,13,0,0,0,0,0,0,0
1,7,5,0,0,0,0,0,0,0
1,0,5,0,0,0,0,0,0,0
1,0,5,0,0,0,0,0,0,0
0,2,9,0,0,0,0,0,0,0
0,3,4,0,0,0,0,0,0,0
0,5,9,0,0,0,0,0,0,0
1,0,5,0,0,0,0,0,0,0
0,3,2,0,0,0,0,0,0,0
0,5,4,0,0,0,0,0,0,0
0,2,9,0,0,0,0,0,0,0
2,10,1,0,0,0,0,0,0,0
1,1,3,0,0,0,0,0,0,0
1,3,3,0,0,0,0,0,0,0
0,1,6,0,0,0,0,0,0,0
1,1,3,0,0,0,0,0,0,0
0,4,3,0,0,0,0,0,0,0
2,0,10,0,0,0,0,0,0,0
0,17,5,0,0,0,0,0,0,0
0,8,12,0,0,0,0,0,0,0
0,7,4,0,0,0,0,0,0,0
0,2,5,0,0,0,0,0,0,0
0,3,12,0,0,0,0,0,0,0
3,0,17,0,0,0,0,0,0,0
2,0,10,0,0,0,0,0,0,0
0,1,6,0,0,0,0,0,0,0
0,9,7,0,0,0,0,0,0,0
0,3,2,0,0,0,0,0,0,0
0,2,10,0,0,0,0,0,0,0
0,2,10,0,0,0,0,0,0,0
0,2,3,0,0,0,0,0,0,0
0,1,4,0,0,0,0,0,0,0
1,2,9,0,0,0,0,0,0,0
1,0,6,0,0,0,0,0,0,0
1,1,9,0,0,0,0,0,0,0
0,2,4,0,0,0,0,0,0,0
1,2,19,0,0,0,0,0,0,0
0,9,2,0,0,0,0,0,0,0
1,1,5,0,0,0,0,0,0,0
0,1,4,0,0,0,0,0,0,0
0,4,21,0,0,0,0,0,0,0
0,5,5,0,0,0,0,0,0,0
1,1,6,0,0,0,0,0,0,0
0,2,3,0,0,0,0,0,0,0
0,4,7,0,0,0,0,0,0,0
1,2,20,0,0,0,0,0,0,0
0,2,3,0,0,0,0,0,0,0
1,2,12,0,0,0,0,0,0,0
0,3,4,0,0,0,0,0,0,0
0,1,6,0,0,0,0,0,0,0
1,5,6,0,0,0,0,0,0,0
0,1,5,0,0,0,0,0,0,0
0,2,6,0,0,0,0,0,0,0
0,1,5,0,0,0,0,0,0,0
3,0,10,0,0,0,0,0,0,0
1,11,11,0,0,0,0,0,0,0
0,1,4,0,0,0,0,0,0,0
0,1,4,0,0,0,0,0,0,0
0,11,15,0,0,0,0,0,0,0
0,3,2,0,0,0,0,0,0,0
1,1,8,0,0,0,0,0,0,0
6,2,1,0,0,0,0,0,0,0
0,2,4,0,0,0,0,0,0,0
0,1,4,0,0,0,0,0,0,0
0,4,4,0,0,0,0,0,0,0
1,0,5,0,0,0,0,0,0,0
1,1,5,0,0,0,0,0,0,0
0,3,17,0,0,0,0,0,0,0
0,1,6,0,0,0,0,0,0,0
2,0,10,0,0,0,0,0,0,0
0,1,4,0,0,0,0,0,0,0
41,67,5,0,0,0,0,0,0,0
0,3,10,0,0,0,0,0,0,0
32,28,10,0,0,0,0,0,0,0
0,2,7,0,0,0,0,0,0,0
1,2,8,0,0,0,0,0,0,0
0,1,5,0,0,0,0,0,0,0
0,1,4,0,0,0,0,0,0,0
0,2,7,0,0,0,0,0,0,0
2,4,1,0,0,0,0,0,0,0
2,2,6,0,0,0,0,0,0,0
1,3,3,0,0,0,0,0,0,0
0,1,4,0,0,0,0,0,0,0
0,4,1,0,0,0,0,0,0,0
1,0,5,0,0,0,0,0,0,0
0,6,13,0,0,0,0,0,0,0
0,5,1,0,0,0,0,0,0,0
2,2,5,0,0,0,0,0,0,0
0,3,17,0,0,0,0,0,0,0
0,1,4,0,0,0,0,0,0,0
0,2,10,0,0,0,0,0,0,0
1,23,10,0,0,0,0,0,0,0
0,6,5,0,0,0,0,0,0,0
0,3,19,0,0,0,0,0,0,0
0,1,4,0,0,0,0,0,0,0
0,1,5,0,0,0,0,0,0,0
1,2,12,0,0,0,0,0,0,0
1,8,6,0,0,0,0,0,0,0
0,3,8,0,0,0,0,0,0,0
0,5,4,0,0,0,0,0,0,0
0,1,6,0,0,0,0,0,0,0
1,2,13,0,0,0,0,0,0,0
0,2,4,0,0,0,0,0,0,0
0,2,4,0,0,0,0,0,0,0
0,10,4,0,0,0,0,0,0,0
0,2,13,0,0,0,0,0,0,0
0,5,4,0,0,0,0,0,0,0
0,2,11,0,0,0,0,0,0,0
1,1,3,0,0,0,0,0,0,0
1,0,5,0,0,0,0,0,0,0
1,2,12,0,0,0,0,0,0,0
0,2,13,0,0,0,0,0,0,0
0,5,7,0,0,0,0,0,0,0
11,6,7,0,0,0,0,0,0,0
1,2,12,0,0,0,0,0,0,0
4,0,5,0,0,0,0,0,0,0
0,1,4,0,0,0,0,0,0,0
0,3,2,0,0,0,0,0,0,0
3,5,3,0,0,0,0,0,0,0
1,1,3,0,0,0,0,0,0,0
0,1,5,0,0,0,0,0,0,0
0,1,6,0,0,0,0,0,0,0
2,2,7,0,0,0,0,0,0,0
0,3,9,0,0,0,0,0,0,0
1,5,5,0,0,0,0,0,0,0
0,3,6,0,0,0,0,0,0,0
0,6,13,0,0,0,0,0,0,0
1,1,5,0,0,0,0,0,0,0
0,4,23,0,0,0,0,0,0,0
2,3,9,0,0,0,0,0,0,0
0,4,7,0,0,0,0,0,0,0
0,5,2,0,0,0,0,0,0,0
0,2,9,0,0,0,0,0,0,0
0,2,4,0,0,0,0,0,0,0
1,4,5,0,0,0,0,0,0,0
0,4,25,0,0,0,0,0,0,0
0,1,4,0,0,0,0,0,0,0
1,1,4,0,0,0,0,0,0,0
1,9,3,0,0,0,0,0,0,0
0,4,12,0,0,0,0,0,0,0
0,5,1,0,0,0,0,0,0,0
0,5,8,0,0,0,0,0,0,0
1,2,5,0,0,0,0,0,0,0
1,4,9,0,0,0,0,0,0,0
0,1,5,0,0,0,0,0,0,0
1,2,7,0,0,0,0,0,0,0
2,2,13,0,0,0,0,0,0,0
0,3,11,0,0,0,0,0,0,0
0,2,3,0,0,0,0,0,0,0
0,4,18,0,0,0,0,0,0,0
1,7,8,0,0,0,0,0,0,0
0,6,9,0,0,0,0,0,0,0
0,5,1,0,0,0,0,0,0,0
0,1,4,0,0,0,0,0,0,0
0,4,6,0,0,0,0,0,0,0
0,4,4,0,0,0,0,0,0,0
2,2,2,0,0,0,0,0,0,0
0,5,1,0,0,0,0,0,0,0
0,4,2,0,0,0,0,0,0,0
0,3,4,0,0,0,0,0,0,0
0,1,6,0,0,0,0,0,0,0
0,7,2,0,0,0,0,0,0,0
0,2,6,0,0,0,0,0,0,0
0,3,18,0,0,0,0,0,0,0
3,1,4,0,0,0,0,0,0,0
0,2,6,0,0,0,0,0,0,0
1,3,5,0,0,0,0,0,0,0
0,6,10,0,0,0,0,0,0,0
1,3,13,0,0,0,0,0,0,0
1,1,5,0,0,0,0,0,0,0
0,2,3,0,0,0,0,0,0,0
1,3,6,0,0,0,0,0,0,0
0,2,5,0,0,0,0,0,0,0
0,3,5,0,0,0,0,0,0,0
0,1,5,0,0,0,0,0,0,0
1,0,5,0,0,0,0,0,0,0
1,1,4,0,0,0,0,0,0,0
3,0,10,0,0,0,0,0,0,0
0,4,13,0,0,0,0,0,0,0
1,2,4,0,0,0,0,0,0,0
0,1,6,0,0,0,0,0,0,0
0,3,5,0,0,0,0,0,0,0
0,1,5,0,0,0,0,0,0,0
1,3,19,0,0,0,0,0,0,0
1,2,9,0,0,0,0,0,0,0
1,5,2,0,0,0,0,0,0,0
2,0,5,0,0,0,0,0,0,0
1,0,5,0,0,0,0,0,0,0
14,4,10,0,0,0,0,0,0,0
4,5,7,0,0,0,0,0,0,0
0,4,25,0,0,0,0,0,0,0
1,2,2,0,0,0,0,0,0,0
0,3,2,0,0,0,0,0,0,0
0,1,4,0,0,0,0,0,0,0
1,0,6,0,0,0,0,0,0,0
0,1,4,0,0,0,0,0,0,0
1,2,8,0,0,0,0,0,0,0
0,3,5,0,0,0,0,0,0,0
0,1,5,0,0,0,0,0,0,0
0,6,8,0,0,0,0,0,0,0
2,3,1,0,0,0,0,0,0,0
0,4,23,0,0,0,0,0,0,0
6,0,10,0,0,0,0,0,0,0
0,3,2,0,0,0,0,0,0,0
1,10,1,0,0,0,0,0,0,0
0,3,3,0,0,0,0,0,0,0
0,4,11,0,0,0,0,0,0,0
0,2,11,0,0,0,0,0,0,0
0,3,9,0,0,0,0,0,0,0
0,2,13,0,0,0,0,0,0,0
0,8,3,0,0,0,0,0,0,0
2,1,11,0,0,0,0,0,0,0
0,2,13,0,0,0,0,0,0,0
29,21,22,0,0,0,0,0,0,0
1,0,5,0,0,0,0,0,0,0
22,2,2,0,0,0,0,0,0,0
0,2,3,0,0,0,0,0,0,0
0,5,2,0,0,0,0,0,0,0
0,5,5,0,0,0,0,0,0,0
0,2,7,0,0,0,0,0,0,0
1,1,6,0,0,0,0,0,0,0
1,1,6,0,0,0,0,0,0,0
0,3,3,0,0,0,0,0,0,0
0,4,5,0,0,0,0,0,0,0
0,5,24,0,0,0,0,0,0,0
0,9,7,0,0,0,0,0,0,0
0,1,6,0,0,0,0,0,0,0
0,8,4,0,0,0,0,0,0,0
0,2,5,0,0,0,0,0,0,0
0,1,5,0,0,0,0,0,0,0
0,1,6,0,0,0,0,0,0,0
0,1,6,0,0,0,0,0,0,0
0,3,2,0,0,0,0,0,0,0
2,2,25,0,0,0,0,0,0,0
0,1,5,0,0,0,0,0,0,0
9,0,5,0,0,0,0,0,0,0
0,3,11,0,0,0,0,0,0,0
1,1,3,0,0,0,0,0,0,0
1,1,10,0,0,0,0,0,0,0
0,7,14,0,0,0,0,0,0,0
0,2,7,0,0,0,0,0,0,0
1,6,2,0,0,0,0,0,0,0
1,2,17,0,0,0,0,0,0,0
2,0,8,0,0,0,0,0,0,0
0,1,5,0,0,0,0,0,0,0
0,6,1,0,0,0,0,0,0,0
0,3,18,0,0,0,0,0,0,0
0,4,3,0,0,0,0,0,0,0
0,1,6,0,0,0,0,0,0,0
1,1,5,0,0,0,0,0,0,0
0,5,3,0,0,0,0,0,0,0
0,1,5,0,0,0,0,0,0,0
0,4,2,0,0,0,0,0,0,0
0,4,2,0,0,0,0,0,0,0
0,1,4,0,0,0,0,0,0,0
0,3,3,0,0,0,0,0,0,0
0,5,1,0,0,0,0,0,0,0
0,7,2,0,0,0,0,0,0,0
0,4,2,0,0,0,0,0,0,0
1,7,8,0,0,0,0,0,0,0
0,2,5,0,0,0,0,0,0,0
0,4,3,0,0,0,0,0,0,0
2,0,7,0,0,0,0,0,0,0
1,19,11,0,0,0,0,0,0,0
1,9,14,0,0,0,0,0,0,0
1,2,14,0,0,0,0,0,0,0
0,6,4,0,0,0,0,0,0,0
0,4,25,0,0,0,0,0,0,0
1,3,26,0,0,0,0,0,0,0
1,2,8,0,0,0,0,0,0,0
1,0,6,0,0,0,0,0,0,0
0,1,4,0,0,0,0,0,0,0
2,1,18,0,0,0,0,0,0,0
0,3,6,0,0,0,0,0,0,0
0,11,2,0,0,0,0,0,0,0
1,0,6,0,0,0,0,0,0,0
0,8,2,0,0,0,0,0,0,0
0,1,6,0,0,0,0,0,0,0
0,3,7,0,0,0,0,0,0,0
0,2,10,0,0,0,0,0,0,0
0,4,3,0,0,0,0,0,0,0
0,7,24,0,0,0,0,0,0,0
0,8,17,0,0,0,0,0,0,0
0,2,3,0,0,0,0,0,0,0
0,2,5,0,0,0,0,0,0,0
0,5,1,0,0,0,0,0,0,0
1,0,6,0,0,0,0,0,0,0
0,4,4,0,0,0,0,0,0,0
0,8,10,0,0,0,0,0,0,0
0,2,7,0,0,0,0,0,0,0
0,1,5,0,0,0,0,0,0,0
0,2,8,0,0,0,0,0,0,0
3,0,17,0,0,0,0,0,0,0
1,1,3,0,0,0,0,0,0,0
0,2,6,0,0,0,0,0,0,0
0,4,12,0,0,0,0,0,0,0
0,4,2,0,0,0,0,0,0,0
0,2,3,0,0,0,0,0,0,0
1,2,7,0,0,0,0,0,0,0
0,2,7,0,0,0,0,0,0,0
3,2,7,0,0,0,0,0,0,0
1,8,9,0,0,0,0,0,0,0
0,5,1,0,0,0,0,0,0,0
0,3,3,0,0,0,0,0,0,0
0,2,6,0,0,0,0,0,0,0
0,4,4,0,0,0,0,0,0,0
0,1,5,0,0,0,0,0,0,0
0,1,6,0,0,0,0,0,0,0
1,4,20,0,0,0,0,0,0,0
0,1,5,0,0,0,0,0,0,0
0,1,5,0,0,0,0,0,0,0
0,13,5,0,0,0,0,0,0,0
0,1,5,0,0,0,0,0,0,0
2,2,3,0,0,0,0,0,0,0
0,3,2,0,0,0,0,0,0,0
3,0,8,0,0,0,0,0,0,0
3,1,17,0,0,0,0,0,0,0
0,4,19,0,0,0,0,0,0,0
0,1,6,0,0,0,0,0,0,0
0,1,4,0,0,0,0,0,0,0
1,4,7,0,0,0,0,0,0,0
1,0,6,0,0,0,0,0,0,0
0,1,4,0,0,0,0,0,0,0
0,2,9,0,0,0,0,0,0,0
3,2,13,0,0,0,0,0,0,0
2,1,2,0,0,0,0,0,0,0
2,15,16,0,0,0,0,0,0,0
0,2,3,0,0,0,0,0,0,0
2,3,2,0,0,0,0,0,0,0
0,3,4,0,0,0,0,0,0,0
0,2,3,0,0,0,0,0,0,0
1,12,6,0,0,0,0,0,0,0
0,2,4,0,0,0,0,0,0,0
0,14,6,0,0,0,0,0,0,0
1,14,2,0,0,0,0,0,0,0
1,1,12,0,0,0,0,0,0,0
1,2,2,0,0,0,0,0,0,0
2,2,9,0,0,0,0,0,0,0
0,2,13,0,0,0,0,0,0,0
2,1,16,0,0,0,0,0,0,0
2,9,8,0,0,0,0,0,0,0
0,7,5,0,0,0,0,0,0,0
0,3,2,0,0,0,0,0,0,0
1,7,4,0,0,0,0,0,0,0
0,2,3,0,0,0,0,0,0,0
0,6,5,0,0,0,0,0,0,0
1,1,9,0,0,0,0,0,0,0
0,1,4,0,0,0,0,0,0,0
0,1,5,0,0,0,0,0,0,0
0,3,8,0,0,0,0,0,0,0
1,1,12,0,0,0,0,0,0,0
0,1,6,0,0,0,0,0,0,0
1,1,12,0,0,0,0,0,0,0
0,2,4,0,0,0,0,0,0,0
1,2,12,0,0,0,0,0,0,0
0,6,7,0,0,0,0,0,0,0
0,3,2,0,0,0,0,0,0,0
1,2,6,0,0,0,0,0,0,0
0,5,1,0,0,0,0,0,0,0
1,1,6,0,0,0,0,0,0,0
0,3,13,0,0,0,0,0,0,0
0,3,2,0,0,0,0,0,0,0
0,3,2,0,0,0,0,0,0,0
0,1,5,0,0,0,0,0,0,0
1,18,8,0,0,0,0,0,0,0
3,1,12,0,0,0,0,0,0,0
0,3,5,0,0,0,0,0,0,0
0,2,9,0,0,0,0,0,0,0
1,2,4,0,0,0,0,0,0,0
0,2,5,0,0,0,0,0,0,0
0,2,7,0,0,0,0,0,0,0
0,1,5,0,0,0,0,0,0,0
0,8,8,0,0,0,0,0,0,0
0,6,1,0,0,0,0,0,0,0
1,2,5,0,0,0,0,0,0,0
0,2,5,0,0,0,0,0,0,0
0,1,5,0,0,0,0,0,0,0
0,2,3,0,0,0,0,0,0,0
0,2,13,0,0,0,0,0,0,0
0,1,5,0,0,0,0,0,0,0
0,1,5,0,0,0,0,0,0,0
0,2,7,0,0,0,0,0,0,0
3,7,3,0,0,0,0,0,0,0
0,4,2,0,0,0,0,0,0,0
0,2,4,0,0,0,0,0,0,0
1,2,5,0,0,0,0,0,0,0
0,2,3,0,0,0,0,0,0,0
0,5,5,0,0,0,0,0,0,0
0,3,5,0,0,0,0,0,0,0
3,0,5,0,0,0,0,0,0,0
0,5,2,0,0,0,0,0,0,0
0,2,4,0,0,0,0,0,0,0
0,2,12,0,0,0,0,0,0,0
0,5,11,0,0,0,0,0,0,0
0,4,6,0,0,0,0,0,0,0
0,8,2,0,0,0,0,0,0,0
0,3,18,0,0,0,0,0,0,0
0,4,9,0,0,0,0,0,0,0
0,2,7,0,0,0,0,0,0,0
1,2,2,0,0,0,0,0,0,0
0,5,8,0,0,0,0,0,0,0
0,3,3,0,0,0,0,0,0,0
1,2,12,0,0,0,0,0,0,0
1,0,6,0,0,0,0,0,0,0
1,2,3,0,0,0,0,0,0,0
0,1,4,0,0,0,0,0,0,0
0,2,9,0,0,0,0,0,0,0
0,6,6,0,0,0,0,0,0,0
0,3,10,0,0,0,0,0,0,0
0,2,12,0,0,0,0,0,0,0
0,6,1,0,0,0,0,0,0,0
0,8,2,0,0,0,0,0,0,0
0,1,6,0,0,0,0,0,0,0
0,1,6,0,0,0,0,0,0,0
0,3,9,0,0,0,0,0,0,0
0,5,23,0,0,0,0,0,0,0
0,6,3,0,0,0,0,0,0,0
2,2,7,0,0,0,0,0,0,0
1,0,5,0,0,0,0,0,0,0
48,5,8,0,0,0,0,0,0,0
1,6,9,0,0,0,0,0,0,0
0,1,6,0,0,0,0,0,0,0
2,1,16,0,0,0,0,0,0,0
0,4,1,0,0,0,0,0,0,0
0,4,2,0,0,0,0,0,0,0
0,1,6,0,0,0,0,0,0,0
0,4,2,0,0,0,0,0,0,0
0,5,5,0,0,0,0,0,0,0
5,13,20,0,0,0,0,0,0,0
2,2,26,0,0,0,0,0,0,0
1,1,10,0,0,0,0,0,0,0
1,2,10,0,0,0,0,0,0,0
0,1,6,0,0,0,0,0,0,0
1,2,2,0,0,0,0,0,0,0
0,1,6,0,0,0,0,0,0,0
1,1,6,0,0,0,0,0,0,0
0,1,6,0,0,0,0,0,0,0
0,2,9,0,0,0,0,0,0,0
1,5,9,0,0,0,0,0,0,0
1,2,12,0,0,0,0,0,0,0
0,1,5,0,0,0,0,0,0,0
0,1,6,0,0,0,0,0,0,0
0,1,4,0,0,0,0,0,0,0
2,5,6,0,0,0,0,0,0,0
0,1,5,0,0,0,0,0,0,0
0,1,4,0,0,0,0,0,0,0
0,2,12,0,0,0,0,0,0,0
2,1,4,0,0,0,0,0,0,0
0,2,11,0,0,0,0,0,0,0
0,2,4,0,0,0,0,0,0,0
0,6,1,0,0,0,0,0,0,0
1,2,12,0,0,0,0,0,0,0
0,1,4,0,0,0,0,0,0,0
1,3,23,0,0,0,0,0,0,0
0,2,3,0,0,0,0,0,0,0
1,0,6,0,0,0,0,0,0,0
0,4,11,0,0,0,0,0,0,0
1,4,22,0,0,0,0,0,0,0
1,0,5,0,0,0,0,0,0,0
0,2,10,0,0,0,0,0,0,0
3,2,18,0,0,0,0,0,0,0
0,6,5,0,0,0,0,0,0,0
0,2,5,0,0,0,0,0,0,0
1,1,6,0,0,0,0,0,0,0
0,1,4,0,0,0,0,0,0,0
0,4,2,0,0,0,0,0,0,0
0,2,9,0,0,0,0,0,0,0
0,3,8,0,0,0,0,0,0,0
0,2,4,0,0,0,0,0,0,0
0,1,4,0,0,0,0,0,0,0
1,1,4,0,0,0,0,0,0,0
0,1,6,0,0,0,0,0,0,0
0,2,4,0,0,0,0,0,0,0
0,1,6,0,0,0,0,0,0,0
1,0,5,0,0,0,0,0,0,0
0,1,4,0,0,0,0,0,0,0
0,2,6,0,0,0,0,0,0,0
0,1,4,0,0,0,0,0,0,0
0,4,4,0,0,0,0,0,0,0
0,1,6,0,0,0,0,0,0,0
0,1,5,0,0,0,0,0,0,0
0,2,3,0,0,0,0,0,0,0
1,7,24,0,0,0,0,0,0,0
0,2,3,0,0,0,0,0,0,0
1,2,3,0,0,0,0,0,0,0
0,4,1,0,0,0,0,0,0,0
1,2,5,0,0,0,0,0,0,0
1,3,14,0,0,0,0,0,0,0
0,1,4,0,0,0,0,0,0,0
0,1,4,0,0,0,0,0,0,0
0,5,12,0,0,0,0,0,0,0
1,0,6,0,0,0,0,0,0,0
0,1,4,0,0,0,0,0,0,0
0,1,6,0,0,0,0,0,0,0
0,2,6,0,0,0,0,0,0,0
0,13,4,0,0,0,0,0,0,0
3,1,23,0,0,0,0,0,0,0
0,4,19,0,0,0,0,0,0,0
0,1,6,0,0,0,0,0,0,0
0,2,12,0,0,0,0,0,0,0
0,2,7,0,0,0,0,0,0,0
0,1,5,0,0,0,0,0,0,0
0,1,5,0,0,0,0,0,0,0
0,3,7,0,0,0,0,0,0,0
1,1,4,0,0,0,0,0,0,0
0,2,3,0,0,0,0,0,0,0
1,0,6,0,0,0,0,0,0,0
0,4,7,0,0,0,0,0,0,0
0,3,4,0,0,0,0,0,0,0
3,1,4,0,0,0,0,0,0,0
1,2,18,0,0,0,0,0,0,0
2,3,4,0,0,0,0,0,0,0
0,13,2,0,0,0,0,0,0,0
0,3,3,0,0,0,0,0,0,0
0,2,3,0,0,0,0,0,0,0
2,0,10,0,0,0,0,0,0,0
0,3,2,0,0,0,0,0,0,0
0,2,4,0,0,0,0,0,0,0
0,7,13,0,0,0,0,0,0,0
0,4,4,0,0,0,0,0,0,0
0,4,1,0,0,0,0,0,0,0
1,3,10,0,0,0,0,0,0,0
1,0,6,0,0,0,0,0,0,0
0,2,3,0,0,0,0,0,0,0
0,11,12,0,0,0,0,0,0,0
0,5,5,0,0,0,0,0,0,0
0,3,4,0,0,0,0,0,0,0
0,6,7,0,0,0,0,0,0,0
0,4,12,0,0,0,0,0,0,0
1,2,17,0,0,0,0,0,0,0
2,1,9,0,0,0,0,0,0,0
1,1,9,0,0,0,0,0,0,0
0,2,4,0,0,0,0,0,0,0
0,4,1,0,0,0,0,0,0,0
0,2,9,0,0,0,0,0,0,0
0,4,5,0,0,0,0,0,0,0
0,2,3,0,0,0,0,0,0,0
0,3,8,0,0,0,0,0,0,0
0,1,4,0,0,0,0,0,0,0
0,2,6,0,0,0,0,0,0,0
0,2,10,0,0,0,0,0,0,0
1,2,3,0,0,0,0,0,0,0
0,8,7,0,0,0,0,0,0,0
3,2,11,0,0,0,0,0,0,0
0,3,7,0,0,0,0,0,0,0
0,3,16,0,0,0,0,0,0,0
0,3,9,0,0,0,0,0,0,0
1,5,10,0,0,0,0,0,0,0
0,1,4,0,0,0,0,0,0,0
0,7,18,0,0,0,0,0,0,0
0,4,6,0,0,0,0,0,0,0
0,4,5,0,0,0,0,0,0,0
0,4,6,0,0,0,0,0,0,0
2,0,10,0,0,0,0,0,0,0
0,1,5,0,0,0,0,0,0,0
0,1,4,0,0,0,0,0,0,0
0,3,3,0,0,0,0,0,0,0
0,5,12,0,0,0,0,0,0,0
2,10,1,0,0,0,0,0,0,0
34,103,9,0,0,0,0,0,0,0
0,2,4,0,0,0,0,0,0,0
0,2,12,0,0,0,0,0,0,0
0,2,8,0,0,0,0,0,0,0
0,3,2,0,0,0,0,0,0,0
0,5,15,0,0,0,0,0,0,0
0,2,6,0,0,0,0,0,0,0
0,3,11,0,0,0,0,0,0,0
2,1,4,0,0,0,0,0,0,0
0,4,2,0,0,0,0,0,0,0
1,2,13,0,0,0,0,0,0,0
0,1,4,0,0,0,0,0,0,0
1,0,6,0,0,0,0,0,0,0
0,6,3,0,0,0,0,0,0,0
0,2,8,0,0,0,0,0,0,0
5,7,22,0,0,0,0,0,0,0
1,7,16,0,0,0,0,0,0,0
0,4,12,0,0,0,0,0,0,0
0,2,12,0,0,0,0,0,0,0
2,2,1,0,0,0,0,0,0,0
1,2,14,0,0,0,0,0,0,0
0,3,2,0,0,0,0,0,0,0
2,22,3,0,0,0,0,0,0,0
0,1,4,0,0,0,0,0,0,0
0,10,13,0,0,0,0,0,0,0
0,2,13,0,0,0,0,0,0,0
0,5,21,0,0,0,0,0,0,0
1,1,4,0,0,0,0,0,0,0
0,4,16,0,0,0,0,0,0,0
0,3,8,0,0,0,0,0,0,0
0,2,8,0,0,0,0,0,0,0
0,3,2,0,0,0,0,0,0,0
0,2,3,0,0,0,0,0,0,0
1,1,5,0,0,0,0,0,0,0
0,1,4,0,0,0,0,0,0,0
0,8,25,0,0,0,0,0,0,0
1,2,17,0,0,0,0,0,0,0
2,4,6,0,0,0,0,0,0,0
1,0,6,0,0,0,0,0,0,0
2,10,5,0,0,0,0,0,0,0
0,5,13,0,0,0,0,0,0,0
2,10,1,0,0,0,0,0,0,0
0,1,4,0,0,0,0,0,0,0
1,11,7,0,0,0,0,0,0,0
0,4,3,0,0,0,0,0,0,0
0,2,10,0,0,0,0,0,0,0
4,2,8,0,0,0,0,0,0,0
0,5,5,0,0,0,0,0,0,0
1,1,11,0,0,0,0,0,0,0
1,1,12,0,0,0,0,0,0,0
0,3,8,0,0,0,0,0,0,0
0,2,4,0,0,0,0,0,0,0
0,3,5,0,0,0,0,0,0,0
0,1,5,0,0,0,0,0,0,0
1,0,6,0,0,0,0,0,0,0
0,1,4,0,0,0,0,0,0,0
2,2,17,0,0,0,0,0,0,0
0,5,2,0,0,0,0,0,0,0
0,10,11,0,0,0,0,0,0,0
0,3,2,0,0,0,0,0,0,0
0,1,5,0,0,0,0,0,0,0
1,4,4,0,0,0,0,0,0,0
1,1,10,0,0,0,0,0,0,0
5,1,26,0,0,0,0,0,0,0
0,6,10,0,0,0,0,0,0,0
0,2,7,0,0,0,0,0,0,0
0,1,4,0,0,0,0,0,0,0
1,1,5,0,0,0,0,0,0,0
1,0,5,0,0,0,0,0,0,0
1,2,10,0,0,0,0,0,0,0
1,1,13,0,0,0,0,0,0,0
1,2,7,0,0,0,0,0,0,0
1,1,4,0,0,0,0,0,0,0
3,3,12,0,0,0,0,0,0,0
1,2,9,0,0,0,0,0,0,0
1,2,12,0,0,0,0,0,0,0
0,5,10,0,0,0,0,0,0,0
0,7,2,0,0,0,0,0,0,0
2,7,3,0,0,0,0,0,0,0
0,2,5,0,0,0,0,0,0,0
1,2,12,0,0,0,0,0,0,0
1,1,6,0,0,0,0,0,0,0
0,1,4,0,0,0,0,0,0,0
1,3,4,0,0,0,0,0,0,0
0,2,8,0,0,0,0,0,0,0
0,1,4,0,0,0,0,0,0,0
2,1,6,0,0,0,0,0,0,0
0,3,17,0,0,0,0,0,0,0
1,3,19,0,0,0,0,0,0,0
0,1,5,0,0,0,0,0,0,0
0,5,4,0,0,0,0,0,0,0
2,0,13,0,0,0,0,0,0,0
1,4,19,0,0,0,0,0,0,0
0,3,3,0,0,0,0,0,0,0
0,3,2,0,0,0,0,0,0,0
0,3,8,0,0,0,0,0,0,0
0,1,4,0,0,0,0,0,0,0
1,3,20,0,0,0,0,0,0,0
0,3,3,0,0,0,0,0,0,0
1,1,6,0,0,0,0,0,0,0
3,3,12,0,0,0,0,0,0,0
1,1,7,0,0,0,0,0,0,0
1,4,9,0,0,0,0,0,0,0
1,0,6,0,0,0,0,0,0,0
1,7,1,0,0,0,0,0,0,0
1,2,12,0,0,0,0,0,0,0
0,9,5,0,0,0,0,0,0,0
0,2,3,0,0,0,0,0,0,0
0,1,5,0,0,0,0,0,0,0
0,5,13,0,0,0,0,0,0,0
0,2,6,0,0,0,0,0,0,0
1,2,9,0,0,0,0,0,0,0
2,1,4,0,0,0,0,0,0,0
0,1,6,0,0,0,0,0,0,0
0,1,5,0,0,0,0,0,0,0
0,1,5,0,0,0,0,0,0,0
1,0,5,0,0,0,0,0,0,0
0,21,10,0,0,0,0,0,0,0
2,3,8,0,0,0,0,0,0,0
0,2,12,0,0,0,0,0,0,0
0,3,2,0,0,0,0,0,0,0
0,2,11,0,0,0,0,0,0,0
0,1,6,0,0,0,0,0,0,0
1,0,5,0,0,0,0,0,0,0
1,1,12,0,0,0,0,0,0,0
0,1,5,0,0,0,0,0,0,0
0,4,5,0,0,0,0,0,0,0
0,1,4,0,0,0,0,0,0,0
1,1,6,0,0,0,0,0,0,0
0,2,6,0,0,0,0,0,0,0
0,3,2,0,0,0,0,0,0,0
0,4,1,0,0,0,0,0,0,0
1,0,5,0,0,0,0,0,0,0
0,1,5,0,0,0,0,0,0,0
0,10,11,0,0,0,0,0,0,0
0,3,10,0,0,0,0,0,0,0
0,2,3,0,0,0,0,0,0,0
0,1,4,0,0,0,0,0,0,0
0,3,12,0,0,0,0,0,0,0
0,2,6,0,0,0,0,0,0,0
0,6,2,0,0,0,0,0,0,0
0,6,1,0,0,0,0,0,0,0
1,0,5,0,0,0,0,0,0,0
1,2,7,0,0,0,0,0,0,0
3,11,5,0,0,0,0,0,0,0
0,4,1,0,0,0,0,0,0,0
0,4,1,0,0,0,0,0,0,0
0,5,12,0,0,0,0,0,0,0
0,3,4,0,0,0,0,0,0,0
0,6,3,0,0,0,0,0,0,0
0,4,3,0,0,0,0,0,0,0
0,3,11,0,0,0,0,0,0,0
0,1,6,0,0,0,0,0,0,0
0,1,4,0,0,0,0,0,0,0
0,4,1,0,0,0,0,0,0,0
0,1,5,0,0,0,0,0,0,0
0,1,5,0,0,0,0,0,0,0
0,1,4,0,0,0,0,0,0,0
0,4,1,0,0,0,0,0,0,0
1,1,5,0,0,0,0,0,0,0
1,2,12,0,0,0,0,0,0,0
0,2,10,0,0,0,0,0,0,0
0,5,4,0,0,0,0,0,0,0
0,1,5,0,0,0,0,0,0,0
0,2,8,0,0,0,0,0,0,0
0,3,2,0,0,0,0,0,0,0
0,7,28,0,0,0,0,0,0,0
0,1,4,0,0,0,0,0,0,0
0,6,13,0,0,0,0,0,0,0
1,4,5,0,0,0,0,0,0,0
0,5,8,0,0,0,0,0,0,0
0,5,13,0,0,0,0,0,0,0
0,1,4,0,0,0,0,0,0,0
0,3,4,0,0,0,0,0,0,0
1,6,10,0,0,0,0,0,0,0
0,3,18,0,0,0,0,0,0,0
2,4,29,0,0,0,0,0,0,0
0,3,11,0,0,0,0,0,0,0
0,3,13,0,0,0,0,0,0,0
0,5,18,0,0,0,0,0,0,0
0,4,13,0,0,0,0,0,0,0
1,1,8,0,0,0,0,0,0,0
0,2,4,0,0,0,0,0,0,0
1,4,1,0,0,0,0,0,0,0
0,1,4,0,0,0,0,0,0,0
0,4,3,0,0,0,0,0,0,0
0,1,6,0,0,0,0,0,0,0
0,1,5,0,0,0,0,0,0,0
0,6,11,0,0,0,0,0,0,0
0,1,5,0,0,0,0,0,0,0
0,2,10,0,0,0,0,0,0,0
1,2,11,0,0,0,0,0,0,0
1,1,8,0,0,0,0,0,0,0
0,5,1,0,0,0,0,0,0,0
0,3,3,0,0,0,0,0,0,0
0,3,2,0,0,0,0,0,0,0
0,4,6,0,0,0,0,0,0,0
2,2,5,0,0,0,0,0,0,0
1,4,2,0,0,0,0,0,0,0
1,3,3,0,0,0,0,0,0,0
0,4,3,0,0,0,0,0,0,0
3,2,6,0,0,0,0,0,0,0
0,1,4,0,0,0,0,0,0,0
0,8,7,0,0,0,0,0,0,0
0,1,5,0,0,0,0,0,0,0
0,2,5,0,0,0,0,0,0,0
0,5,2,0,0,0,0,0,0,0
6,15,7,0,0,0,0,0,0,0
0,9,4,0,0,0,0,0,0,0
0,10,8,0,0,0,0,0,0,0
1,0,5,0,0,0,0,0,0,0
0,1,5,0,0,0,0,0,0,0
0,2,12,0,0,0,0,0,0,0
0,4,5,0,0,0,0,0,0,0
0,3,17,0,0,0,0,0,0,0
0,1,4,0,0,0,0,0,0,0
0,1,4,0,0,0,0,0,0,0
0,2,13,0,0,0,0,0,0,0
0,2,3,0,0,0,0,0,0,0
0,1,6,0,0,0,0,0,0,0
1,2,3,0,0,0,0,0,0,0
0,1,6,0,0,0,0,0,0,0
0,1,4,0,0,0,0,0,0,0
1,4,16,0,0,0,0,0,0,0
0,2,13,0,0,0,0,0,0,0
0,3,2,0,0,0,0,0,0,0
0,3,2,0,0,0,0,0,0,0
0,1,5,0,0,0,0,0,0,0
0,2,12,0,0,0,0,0,0,0
1,8,8,0,0,0,0,0,0,0
0,11,15,0,0,0,0,0,0,0
0,5,2,0,0,0,0,0,0,0
1,0,5,0,0,0,0,0,0,0
0,2,3,0,0,0,0,0,0,0
0,2,10,0,0,0,0,0,0,0
1,1,9,0,0,0,0,0,0,0
1,1,9,0,0,0,0,0,0,0
0,5,1,0,0,0,0,0,0,0
0,4,25,0,0,0,0,0,0,0
2,2,10,0,0,0,0,0,0,0
2,1,4,0,0,0,0,0,0,0
5,2,14,0,0,0,0,0,0,0
0,2,6,0,0,0,0,0,0,0
0,4,11,0,0,0,0,0,0,0
0,3,4,0,0,0,0,0,0,0
0,2,11,0,0,0,0,0,0,0
0,11,5,0,0,0,0,0,0,0
2,0,10,0,0,0,0,0,0,0
1,1,5,0,0,0,0,0,0,0
2,8,19,0,0,0,0,0,0,0
0,3,4,0,0,0,0,0,0,0
0,2,4,0,0,0,0,0,0,0
0,1,6,0,0,0,0,0,0,0
0,5,2,0,0,0,0,0,0,0
2,1,15,0,0,0,0,0,0,0
0,3,5,0,0,0,0,0,0,0
0,1,6,0,0,0,0,0,0,0
0,4,10,0,0,0,0,0,0,0
0,1,4,0,0,0,0,0,0,0
0,5,18,0,0,0,0,0,0,0
2,1,18,0,0,0,0,0,0,0
0,1,4,0,0,0,0,0,0,0
1,1,10,0,0,0,0,0,0,0
1,13,7,0,0,0,0,0,0,0
1,1,8,0,0,0,0,0,0,0
1,3,14,0,0,0,0,0,0,0
0,5,5,0,0,0,0,0,0,0
0,4,1,0,0,0,0,0,0,0
0,4,2,0,0,0,0,0,0,0
0,4,12,0,0,0,0,0,0,0
0,3,11,0,0,0,0,0,0,0
0,1,4,0,0,0,0,0,0,0
0,3,9,0,0,0,0,0,0,0
1,0,6,0,0,0,0,0,0,0
0,1,5,0,0,0,0,0,0,0
0,2,11,0,0,0,0,0,0,0
0,1,5,0,0,0,0,0,0,0
1,8,14,0,0,0,0,0,0,0
0,4,7,0,0,0,0,0,0,0
1,1,5,0,0,0,0,0,0,0
0,1,4,0,0,0,0,0,0,0
0,6,4,0,0,0,0,0,0,0
0,6,2,0,0,0,0,0,0,0
0,2,5,0,0,0,0,0,0,0
1,7,5,0,0,0,0,0,0,0
3,0,14,0,0,0,0,0,0,0
1,0,6,0,0,0,0,0,0,0
0,2,7,0,0,0,0,0,0,0
2,6,6,0,0,0,0,0,0,0
1,3,25,0,0,0,0,0,0,0
0,2,10,0,0,0,0,0,0,0
0,1,4,0,0,0,0,0,0,0
0,2,6,0,0,0,0,0,0,0
0,1,6,0,0,0,0,0,0,0
0,1,4,0,0,0,0,0,0,0
0,2,12,0,0,0,0,0,0,0
2,1,4,0,0,0,0,0,0,0
1,2,7,0,0,0,0,0,0,0
1,0,5,0,0,0,0,0,0,0
1,7,7,0,0,0,0,0,0,0
0,2,8,0,0,0,0,0,0,0
0,8,2,0,0,0,0,0,0,0
2,1,11,0,0,0,0,0,0,0
1,6,4,0,0,0,0,0,0,0
0,3,4,0,0,0,0,0,0,0
0,1,4,0,0,0,0,0,0,0
3,1,4,0,0,0,0,0,0,0
4,9,7,0,0,0,0,0,0,0
0,1,5,0,0,0,0,0,0,0
0,6,2,0,0,0,0,0,0,0
0,4,6,0,0,0,0,0,0,0
0,5,2,0,0,0,0,0,0,0
0,1,6,0,0,0,0,0,0,0
0,5,4,0,0,0,0,0,0,0
0,1,5,0,0,0,0,0,0,0
0,1,6,0,0,0,0,0,0,0
0,10,11,0,0,0,0,0,0,0
0,1,6,0,0,0,0,0,0,0
0,5,1,0,0,0,0,0,0,0
1,4,5,0,0,0,0,0,0,0
0,1,5,0,0,0,0,0,0,0
0,2,12,0,0,0,0,0,0,0
0,9,19,0,0,0,0,0,0,0
0,3,2,0,0,0,0,0,0,0
0,2,4,0,0,0,0,0,0,0
1,0,6,0,0,0,0,0,0,0
1,1,10,0,0,0,0,0,0,0
3,3,28,0,0,0,0,0,0,0
0,1,5,0,0,0,0,0,0,0
2,0,6,0,0,0,0,0,0,0
0,2,7,0,0,0,0,0,0,0
0,1,4,0,0,0,0,0,0,0
0,3,2,0,0,0,0,0,0,0
0,7,11,0,0,0,0,0,0,0
3,1,7,0,0,0,0,0,0,0
0,2,13,0,0,0,0,0,0,0
1,3,22,0,0,0,0,0,0,0
1,1,12,0,0,0,0,0,0,0
2,0,11,0,0,0,0,0,0,0
0,6,2,0,0,0,0,0,0,0
0,4,16,0,0,0,0,0,0,0
9,31,9,0,0,0,0,0,0,0
1,3,4,0,0,0,0,0,0,0
0,5,3,0,0,0,0,0,0,0
0,4,4,0,0,0,0,0,0,0
0,5,21,0,0,0,0,0,0,0
1,3,24,0,0,0,0,0,0,0
0,3,19,0,0,0,0,0,0,0
0,10,5,0,0,0,0,0,0,0
0,2,3,0,0,0,0,0,0,0
1,2,2,0,0,0,0,0,0,0
0,1,4,0,0,0,0,0,0,0
0,6,1,0,0,0,0,0,0,0
1,7,9,0,0,0,0,0,0,0
3,0,8,0,0,0,0,0,0,0
0,6,15,0,0,0,0,0,0,0
0,5,3,0,0,0,0,0,0,0
0,1,6,0,0,0,0,0,0,0
0,13,3,0,0,0,0,0,0,0
1,1,7,0,0,0,0,0,0,0
2,0,6,0,0,0,0,0,0,0
13,0,11,0,0,0,0,0,0,0
1,0,5,0,0,0,0,0,0,0
1,0,5,0,0,0,0,0,0,0
0,1,6,0,0,0,0,0,0,0
0,3,6,0,0,0,0,0,0,0
0,18,16,0,0,0,0,0,0,0
0,1,5,0,0,0,0,0,0,0
0,10,4,0,0,0,0,0,0,0
1,1,5,0,0,0,0,0,0,0
1,1,8,0,0,0,0,0,0,0
0,2,3,0,0,0,0,0,0,0
0,1,4,0,0,0,0,0,0,0
0,1,5,0,0,0,0,0,0,0
0,2,13,0,0,0,0,0,0,0
0,2,5,0,0,0,0,0,0,0
0,5,5,0,0,0,0,0,0,0
1,13,17,0,0,0,0,0,0,0
0,2,5,0,0,0,0,0,0,0
0,3,3,0,0,0,0,0,0,0
0,2,10,0,0,0,0,0,0,0
1,3,6,0,0,0,0,0,0,0
0,3,4,0,0,0,0,0,0,0
0,1,5,0,0,0,0,0,0,0
1,1,9,0,0,0,0,0,0,0
1,0,5,0,0,0,0,0,0,0
0,5,1,0,0,0,0,0,0,0
1,3,1,0,0,0,0,0,0,0
0,1,5,0,0,0,0,0,0,0
0,2,5,0,0,0,0,0,0,0
1,3,20,0,0,0,0,0,0,0
0,14,5,0,0,0,0,0,0,0
0,6,3,0,0,0,0,0,0,0
0,9,2,0,0,0,0,0,0,0
0,3,8,0,0,0,0,0,0,0
0,1,4,0,0,0,0,0,0,0
0,3,3,0,0,0,0,0,0,0
0,2,3,0,0,0,0,0,0,0
1,1,6,0,0,0,0,0,0,0
0,15,5,0,0,0,0,0,0,0
0,2,3,0,0,0,0,0,0,0
0,15,3,0,0,0,0,0,0,0
1,3,4,0,0,0,0,0,0,0
1,1,8,0,0,0,0,0,0,0
0,1,6,0,0,0,0,0,0,0
0,1,4,0,0,0,0,0,0,0
0,2,6,0,0,0,0,0,0,0
0,2,4,0,0,0,0,0,0,0
0,12,6,0,0,0,0,0,0,0
0,8,12,0,0,0,0,0,0,0
0,7,28,0,0,0,0,0,0,0
1,2,19,0,0,0,0,0,0,0
0,3,5,0,0,0,0,0,0,0
1,3,3,0,0,0,0,0,0,0
0,2,3,0,0,0,0,0,0,0
1,1,8,0,0,0,0,0,0,0
0,6,2,0,0,0,0,0,0,0
0,2,11,0,0,0,0,0,0,0
1,1,6,0,0,0,0,0,0,0
1,2,8,0,0,0,0,0,0,0
0,2,12,0,0,0,0,0,0,0
1,4,27,0,0,0,0,0,0,0
0,3,6,0,0,0,0,0,0,0
0,1,6,0,0,0,0,0,0,0
0,6,22,0,0,0,0,0,0,0
0,6,8,0,0,0,0,0,0,0
0,1,4,0,0,0,0,0,0,0
0,1,5,0,0,0,0,0,0,0
9,78,17,0,0,0,0,0,0,0
0,1,6,0,0,0,0,0,0,0
1,8,1,0,0,0,0,0,0,0
0,1,4,0,0,0,0,0,0,0
0,8,4,0,0,0,0,0,0,0
0,7,8,0,0,0,0,0,0,0
2,1,12,0,0,0,0,0,0,0
1,5,12,0,0,0,0,0,0,0
0,4,14,0,0,0,0,0,0,0
1,1,9,0,0,0,0,0,0,0
0,3,11,0,0,0,0,0,0,0
0,2,3,0,0,0,0,0,0,0
0,4,5,0,0,0,0,0,0,0
0,2,8,0,0,0,0,0,0,0
1,4,25,0,0,0,0,0,0,0
1,0,6,0,0,0,0,0,0,0
2,1,3,0,0,0,0,0,0,0
0,2,3,0,0,0,0,0,0,0
4,6,16,0,0,0,0,0,0,0
0,6,1,0,0,0,0,0,0,0
0,1,5,0,0,0,0,0,0,0
0,1,4,0,0,0,0,0,0,0
1,13,4,0,0,0,0,0,0,0
1,1,8,0,0,0,0,0,0,0
1,5,11,0,0,0,0,0,0,0
0,8,9,0,0,0,0,0,0,0
1,0,6,0,0,0,0,0,0,0
0,1,6,0,0,0,0,0,0,0
0,4,1,0,0,0,0,0,0,0
0,3,3,0,0,0,0,0,0,0
1,1,13,0,0,0,0,0,0,0
0,2,9,0,0,0,0,0,0,0
1,1,5,0,0,0,0,0,0,0
2,7,10,0,0,0,0,0,0,0
1,1,7,0,0,0,0,0,0,0
82,6,28,0,0,0,0,0,0,0
0,2,5,0,0,0,0,0,0,0
0,2,12,0,0,0,0,0,0,0
0,1,5,0,0,0,0,0,0,0
1,1,10,0,0,0,0,0,0,0
1,1,10,0,0,0,0,0,0,0
1,4,28,0,0,0,0,0,0,0
0,15,16,0,0,0,0,0,0,0
0,3,13,0,0,0,0,0,0,0
0,2,12,0,0,0,0,0,0,0
0,1,5,0,0,0,0,0,0,0
0,6,12,0,0,0,0,0,0,0
0,11,8,0,0,0,0,0,0,0
0,2,6,0,0,0,0,0,0,0
0,5,3,0,0,0,0,0,0,0
0,1,5,0,0,0,0,0,0,0
2,0,12,0,0,0,0,0,0,0
0,2,3,0,0,0,0,0,0,0
0,5,3,0,0,0,0,0,0,0
0,4,4,0,0,0,0,0,0,0
0,1,4,0,0,0,0,0,0,0
0,1,5,0,0,0,0,0,0,0
10,1,13,0,0,0,0,0,0,0
0,1,4,0,0,0,0,0,0,0
0,4,10,0,0,0,0,0,0,0
0,1,5,0,0,0,0,0,0,0
0,4,2,0,0,0,0,0,0,0
0,8,11,0,0,0,0,0,0,0
1,10,10,0,0,0,0,0,0,0
1,1,3,0,0,0,0,0,0,0
2,0,6,0,0,0,0,0,0,0
6,0,10,0,0,0,0,0,0,0
0,32,23,0,0,0,0,0,0,0
1,1,9,0,0,0,0,0,0,0
3,1,4,0,0,0,0,0,0,0
0,4,10,0,0,0,0,0,0,0
1,1,9,0,0,0,0,0,0,0
0,4,1,0,0,0,0,0,0,0
0,1,6,0,0,0,0,0,0,0
0,1,5,0,0,0,0,0,0,0
1,7,2,0,0,0,0,0,0,0
0,4,1,0,0,0,0,0,0,0
0,7,3,0,0,0,0,0,0,0
0,2,9,0,0,0,0,0,0,0
0,2,13,0,0,0,0,0,0,0
0,2,4,0,0,0,0,0,0,0
0,1,5,0,0,0,0,0,0,0
1,8,8,0,0,0,0,0,0,0
0,3,2,0,0,0,0,0,0,0
0,1,6,0,0,0,0,0,0,0
1,2,5,0,0,0,0,0,0,0
0,1,4,0,0,0,0,0,0,0
0,3,6,0,0,0,0,0,0,0
2,1,17,0,0,0,0,0,0,0
2,1,10,0,0,0,0,0,0,0
2,0,11,0,0,0,0,0,0,0
0,11,3,0,0,0,0,0,0,0
0,2,5,0,0,0,0,0,0,0
0,1,5,0,0,0,0,0,0,0
0,2,10,0,0,0,0,0,0,0
0,5,9,0,0,0,0,0,0,0
0,10,3,0,0,0,0,0,0,0
0,1,5,0,0,0,0,0,0,0
1,2,15,0,0,0,0,0,0,0
3,2,13,0,0,0,0,0,0,0
0,12,17,0,0,0,0,0,0,0
0,6,1,0,0,0,0,0,0,0
0,5,12,0,0,0,0,0,0,0
1,1,13,0,0,0,0,0,0,0
0,2,4,0,0,0,0,0,0,0
0,2,13,0,0,0,0,0,0,0
0,46,17,0,0,0,0,0,0,0
1,2,9,0,0,0,0,0,0,0
0,9,5,0,0,0,0,0,0,0
0,6,2,0,0,0,0,0,0,0
1,1,5,0,0,0,0,0,0,0
1,2,4,0,0,0,0,0,0,0
2,2,3,0,0,0,0,0,0,0
0,8,3,0,0,0,0,0,0,0
8,1,14,0,0,0,0,0,0,0
0,11,4,0,0,0,0,0,0,0
1,2,2,0,0,0,0,0,0,0
0,1,6,0,0,0,0,0,0,0
0,9,2,0,0,0,0,0,0,0
0,5,9,0,0,0,0,0,0,0
0,3,19,0,0,0,0,0,0,0
0,2,3,0,0,0,0,0,0,0
2,3,15,0,0,0,0,0,0,0
0,2,5,0,0,0,0,0,0,0
0,7,11,0,0,0,0,0,0,0
0,3,6,0,0,0,0,0,0,0
0,9,4,0,0,0,0,0,0,0
2,1,2,0,0,0,0,0,0,0
0,2,8,0,0,0,0,0,0,0
0,2,10,0,0,0,0,0,0,0
0,1,4,0,0,0,0,0,0,0
0,5,4,0,0,0,0,0,0,0
0,3,2,0,0,0,0,0,0,0
0,2,8,0,0,0,0,0,0,0
1,2,8,0,0,0,0,0,0,0
1,0,5,0,0,0,0,0,0,0
1,2,2,0,0,0,0,0,0,0
0,5,5,0,0,0,0,0,0,0
1,1,13,0,0,0,0,0,0,0
0,3,10,0,0,0,0,0,0,0
0,4,1,0,0,0,0,0,0,0
0,2,9,0,0,0,0,0,0,0
1,1,6,0,0,0,0,0,0,0
4,4,1,0,0,0,0,0,0,0
0,11,5,0,0,0,0,0,0,0
2,0,10,0,0,0,0,0,0,0
1,1,10,0,0,0,0,0,0,0
0,4,5,0,0,0,0,0,0,0
2,0,6,0,0,0,0,0,0,0
0,8,10,0,0,0,0,0,0,0
1,2,4,0,0,0,0,0,0,0
0,2,6,0,0,0,0,0,0,0
1,1,11,0,0,0,0,0,0,0
0,7,10,0,0,0,0,0,0,0
1,3,10,0,0,0,0,0,0,0
6,0,13,0,0,0,0,0,0,0
0,4,1,0,0,0,0,0,0,0
2,2,4,0,0,0,0,0,0,0
0,5,2,0,0,0,0,0,0,0
0,6,1,0,0,0,0,0,0,0
0,1,6,0,0,0,0,0,0,0
3,4,6,0,0,0,0,0,0,0
2,0,7,0,0,0,0,0,0,0
0,4,2,0,0,0,0,0,0,0
0,5,4,0,0,0,0,0,0,0
0,3,18,0,0,0,0,0,0,0
0,2,10,0,0,0,0,0,0,0
0,2,3,0,0,0,0,0,0,0
0,5,2,0,0,0,0,0,0,0
0,4,16,0,0,0,0,0,0,0
1,0,6,0,0,0,0,0,0,0
0,4,14,0,0,0,0,0,0,0
1,2,2,0,0,0,0,0,0,0
0,1,6,0,0,0,0,0,0,0
0,9,3,0,0,0,0,0,0,0
0,5,4,0,0,0,0,0,0,0
0,1,6,0,0,0,0,0,0,0
0,2,13,0,0,0,0,0,0,0
0,1,6,0,0,0,0,0,0,0
3,12,9,0,0,0,0,0,0,0
1,2,8,0,0,0,0,0,0,0
0,3,6,0,0,0,0,0,0,0
2,2,24,0,0,0,0,0,0,0
0,1,5,0,0,0,0,0,0,0
1,1,3,0,0,0,0,0,0,0
0,4,5,0,0,0,0,0,0,0
11,0,6,0,0,0,0,0,0,0
1,0,5,0,0,0,0,0,0,0
1,1,13,0,0,0,0,0,0,0
0,4,12,0,0,0,0,0,0,0
0,3,4,0,0,0,0,0,0,0
0,3,3,0,0,0,0,0,0,0
2,0,6,0,0,0,0,0,0,0
0,2,3,0,0,0,0,0,0,0
3,0,6,0,0,0,0,0,0,0
0,3,3,0,0,0,0,0,0,0
0,2,5,0,0,0,0,0,0,0
0,2,9,0,0,0,0,0,0,0
1,2,4,0,0,0,0,0,0,0
3,6,1,0,0,0,0,0,0,0
0,2,6,0,0,0,0,0,0,0
0,3,8,0,0,0,0,0,0,0
0,1,6,0,0,0,0,0,0,0
2,0,11,0,0,0,0,0,0,0
0,5,1,0,0,0,0,0,0,0
0,3,10,0,0,0,0,0,0,0
1,0,5,0,0,0,0,0,0,0
1,1,8,0,0,0,0,0,0,0
0,2,13,0,0,0,0,0,0,0
0,4,3,0,0,0,0,0,0,0
0,3,3,0,0,0,0,0,0,0
0,3,2,0,0,0,0,0,0,0
0,2,4,0,0,0,0,0,0,0
0,2,4,0,0,0,0,0,0,0
1,0,6,0,0,0,0,0,0,0
1,1,13,0,0,0,0,0,0,0
2,5,5,0,0,0,0,0,0,0
0,2,6,0,0,0,0,0,0,0
1,1,6,0,0,0,0,0,0,0
2,1,16,0,0,0,0,0,0,0
2,1,14,0,0,0,0,0,0,0
0,1,4,0,0,0,0,0,0,0
1,7,3,0,0,0,0,0,0,0
0,7,11,0,0,0,0,0,0,0
0,4,2,0,0,0,0,0,0,0
0,3,10,0,0,0,0,0,0,0
0,3,3,0,0,0,0,0,0,0
0,5,8,0,0,0,0,0,0,0
1,2,16,0,0,0,0,0,0,0
0,2,9,0,0,0,0,0,0,0
0,2,11,0,0,0,0,0,0,0
0,5,4,0,0,0,0,0,0,0
0,4,2,0,0,0,0,0,0,0
0,1,5,0,0,0,0,0,0,0
1,2,7,0,0,0,0,0,0,0
0,2,3,0,0,0,0,0,0,0
1,1,11,0,0,0,0,0,0,0
0,1,6,0,0,0,0,0,0,0
0,1,4,0,0,0,0,0,0,0
0,2,3,0,0,0,0,0,0,0
0,8,7,0,0,0,0,0,0,0
1,2,7,0,0,0,0,0,0,0
1,2,6,0,0,0,0,0,0,0
0,3,9,0,0,0,0,0,0,0
1,8,3,0,0,0,0,0,0,0
1,1,3,0,0,0,0,0,0,0
0,10,13,0,0,0,0,0,0,0
0,2,13,0,0,0,0,0,0,0
0,2,8,0,0,0,0,0,0,0
1,1,12,0,0,0,0,0,0,0
6,0,5,0,0,0,0,0,0,0
0,9,2,0,0,0,0,0,0,0
0,10,4,0,0,0,0,0,0,0
0,2,11,0,0,0,0,0,0,0
0,9,3,0,0,0,0,0,0,0
1,1,8,0,0,0,0,0,0,0
2,0,8,0,0,0,0,0,0,0
0,1,5,0,0,0,0,0,0,0
1,1,4,0,0,0,0,0,0,0
0,2,5,0,0,0,0,0,0,0
1,2,6,0,0,0,0,0,0,0
0,1,6,0,0,0,0,0,0,0
0,6,2,0,0,0,0,0,0,0
0,3,3,0,0,0,0,0,0,0
1,0,5,0,0,0,0,0,0,0
1,2,5,0,0,0,0,0,0,0
0,8,12,0,0,0,0,0,0,0
2,1,9,0,0,0,0,0,0,0
0,2,4,0,0,0,0,0,0,0
0,2,3,0,0,0,0,0,0,0
0,1,4,0,0,0,0,0,0,0
0,3,5,0,0,0,0,0,0,0
0,4,1,0,0,0,0,0,0,0
0,2,11,0,0,0,0,0,0,0
1,1,11,0,0,0,0,0,0,0
0,11,10,0,0,0,0,0,0,0
1,4,14,0,0,0,0,0,0,0
1,0,5,0,0,0,0,0,0,0
1,12,11,0,0,0,0,0,0,0
0,5,2,0,0,0,0,0,0,0
2,0,5,0,0,0,0,0,0,0
0,1,5,0,0,0,0,0,0,0
1,8,21,0,0,0,0,0,0,0
0,8,9,0,0,0,0,0,0,0
0,2,13,0,0,0,0,0,0,0
2,0,7,0,0,0,0,0,0,0
0,3,3,0,0,0,0,0,0,0
1,0,6,0,0,0,0,0,0,0
0,2,7,0,0,0,0,0,0,0
0,1,6,0,0,0,0,0,0,0
1,0,5,0,0,0,0,0,0,0
0,5,15,0,0,0,0,0,0,0
2,0,9,0,0,0,0,0,0,0
1,1,7,0,0,0,0,0,0,0
4,0,5,0,0,0,0,0,0,0
0,1,4,0,0,0,0,0,0,0
0,4,1,0,0,0,0,0,0,0
2,1,18,0,0,0,0,0,0,0
0,7,3,0,0,0,0,0,0,0
1,1,7,0,0,0,0,0,0,0
1,1,10,0,0,0,0,0,0,0
0,3,2,0,0,0,0,0,0,0
3,13,3,0,0,0,0,0,0,0
0,4,3,0,0,0,0,0,0,0
0,8,26,0,0,0,0,0,0,0
0,3,15,0,0,0,0,0,0,0
1,7,10,0,0,0,0,0,0,0
0,1,6,0,0,0,0,0,0,0
0,2,6,0,0,0,0,0,0,0
1,3,6,0,0,0,0,0,0,0
0,3,2,0,0,0,0,0,0,0
4,14,2,0,0,0,0,0,0,0
0,1,4,0,0,0,0,0,0,0
1,0,5,0,0,0,0,0,0,0
2,2,16,0,0,0,0,0,0,0
3,27,23,0,0,0,0,0,0,0
0,2,9,0,0,0,0,0,0,0
0,1,4,0,0,0,0,0,0,0
1,0,5,0,0,0,0,0,0,0
0,3,2,0,0,0,0,0,0,0
1,1,4,0,0,0,0,0,0,0
1,20,2,0,0,0,0,0,0,0
0,2,9,0,0,0,0,0,0,0
0,4,4,0,0,0,0,0,0,0
1,1,12,0,0,0,0,0,0,0
0,1,6,0,0,0,0,0,0,0
0,1,5,0,0,0,0,0,0,0
1,2,8,0,0,0,0,0,0,0
0,3,14,0,0,0,0,0,0,0
2,1,5,0,0,0,0,0,0,0
56,72,11,0,0,0,0,0,0,0
0,1,4,0,0,0,0,0,0,0
1,0,6,0,0,0,0,0,0,0
0,2,5,0,0,0,0,0,0,0
1,2,5,0,0,0,0,0,0,0
0,4,4,0,0,0,0,0,0,0
0,3,5,0,0,0,0,0,0,0
0,4,9,0,0,0,0,0,0,0
1,1,8,0,0,0,0,0,0,0
1,1,4,0,0,0,0,0,0,0
1,0,5,0,0,0,0,0,0,0
3,3,19,0,0,0,0,0,0,0
0,1,4,0,0,0,0,0,0,0
1,2,18,0,0,0,0,0,0,0
0,7,2,0,0,0,0,0,0,0
0,6,1,0,0,0,0,0,0,0
1,0,6,0,0,0,0,0,0,0
2,0,5,0,0,0,0,0,0,0
0,2,3,0,0,0,0,0,0,0
1,1,8,0,0,0,0,0,0,0
0,2,3,0,0,0,0,0,0,0
0,2,5,0,0,0,0,0,0,0
0,2,3,0,0,0,0,0,0,0
0,4,1,0,0,0,0,0,0,0
0,1,4,0,0,0,0,0,0,0
0,2,11,0,0,0,0,0,0,0
0,7,14,0,0,0,0,0,0,0
0,3,2,0,0,0,0,0,0,0
0,3,16,0,0,0,0,0,0,0
1,7,6,0,0,0,0,0,0,0
1,3,6,0,0,0,0,0,0,0
0,4,6,0,0,0,0,0,0,0
0,10,4,0,0,0,0,0,0,0
1,1,5,0,0,0,0,0,0,0
0,3,12,0,0,0,0,0,0,0
0,7,9,0,0,0,0,0,0,0
0,3,13,0,0,0,0,0,0,0
1,0,5,0,0,0,0,0,0,0
0,1,5,0,0,0,0,0,0,0
0,1,5,0,0,0,0,0,0,0
5,9,2,0,0,0,0,0,0,0
0,2,4,0,0,0,0,0,0,0
3,0,8,0,0,0,0,0,0,0
0,2,8,0,0,0,0,0,0,0
0,4,2,0,0,0,0,0,0,0
0,15,3,0,0,0,0,0,0,0
0,3,8,0,0,0,0,0,0,0
1,3,1,0,0,0,0,0,0,0
1,4,24,0,0,0,0,0,0,0
0,1,5,0,0,0,0,0,0,0
0,2,7,0,0,0,0,0,0,0
1,1,11,0,0,0,0,0,0,0
0,2,10,0,0,0,0,0,0,0
0,1,6,0,0,0,0,0,0,0
0,2,4,0,0,0,0,0,0,0
0,6,6,0,0,0,0,0,0,0
0,1,5,0,0,0,0,0,0,0
0,3,8,0,0,0,0,0,0,0
0,3,16,0,0,0,0,0,0,0
0,1,4,0,0,0,0,0,0,0
0,1,6,0,0,0,0,0,0,0
1,4,7,0,0,0,0,0,0,0
1,1,5,0,0,0,0,0,0,0
0,1,5,0,0,0,0,0,0,0
1,2,16,0,0,0,0,0,0,0
2,10,13,0,0,0,0,0,0,0
2,1,15,0,0,0,0,0,0,0
0,2,6,0,0,0,0,0,0,0
0,5,2,0,0,0,0,0,0,0
0,1,5,0,0,0,0,0,0,0
0,5,3,0,0,0,0,0,0,0
0,2,13,0,0,0,0,0,0,0
2,1,14,0,0,0,0,0,0,0
0,2,13,0,0,0,0,0,0,0
0,6,4,0,0,0,0,0,0,0
2,2,11,0,0,0,0,0,0,0
1,4,6,0,0,0,0,0,0,0
0,2,11,0,0,0,0,0,0,0
1,2,8,0,0,0,0,0,0,0
2,0,11,0,0,0,0,0,0,0
1,11,1,0,0,0,0,0,0,0
0,2,11,0,0,0,0,0,0,0
0,4,5,0,0,0,0,0,0,0
1,3,3,0,0,0,0,0,0,0
1,0,5,0,0,0,0,0,0,0
0,1,4,0,0,0,0,0,0,0
0,2,3,0,0,0,0,0,0,0
0,2,13,0,0,0,0,0,0,0
0,7,2,0,0,0,0,0,0,0
1,0,5,0,0,0,0,0,0,0
1,6,14,0,0,0,0,0,0,0
0,2,8,0,0,0,0,0,0,0
1,0,6,0,0,0,0,0,0,0
1,6,3,0,0,0,0,0,0,0
2,0,5,0,0,0,0,0,0,0
1,2,4,0,0,0,0,0,0,0
0,1,5,0,0,0,0,0,0,0
0,3,8,0,0,0,0,0,0,0
0,5,2,0,0,0,0,0,0,0
0,5,1,0,0,0,0,0,0,0
0,3,17,0,0,0,0,0,0,0
0,1,4,0,0,0,0,0,0,0
0,1,5,0,0,0,0,0,0,0
0,5,1,0,0,0,0,0,0,0
0,3,16,0,0,0,0,0,0,0
2,4,25,0,0,0,0,0,0,0
0,2,4,0,0,0,0,0,0,0
0,5,6,0,0,0,0,0,0,0
0,2,5,0,0,0,0,0,0,0
1,2,7,0,0,0,0,0,0,0
0,1,5,0,0,0,0,0,0,0
1,8,1,0,0,0,0,0,0,0
1,8,21,0,0,0,0,0,0,0
0,3,12,0,0,0,0,0,0,0
2,1,3,0,0,0,0,0,0,0
0,2,3,0,0,0,0,0,0,0
0,2,9,0,0,0,0,0,0,0
2,0,7,0,0,0,0,0,0,0
0,3,16,0,0,0,0,0,0,0
0,4,23,0,0,0,0,0,0,0
0,1,5,0,0,0,0,0,0,0
1,2,5,0,0,0,0,0,0,0
1,5,6,0,0,0,0,0,0,0
0,1,5,0,0,0,0,0,0,0
1,2,11,0,0,0,0,0,0,0
0,3,15,0,0,0,0,0,0,0
0,4,1,0,0,0,0,0,0,0
0,1,6,0,0,0,0,0,0,0
0,9,3,0,0,0,0,0,0,0
0,1,6,0,0,0,0,0,0,0
0,1,4,0,0,0,0,0,0,0
0,4,9,0,0,0,0,0,0,0
0,1,5,0,0,0,0,0,0,0
0,3,2,0,0,0,0,0,0,0
0,3,17,0,0,0,0,0,0,0
1,7,1,0,0,0,0,0,0,0
0,1,4,0,0,0,0,0,0,0
0,19,8,0,0,0,0,0,0,0
0,5,9,0,0,0,0,0,0,0
0,2,4,0,0,0,0,0,0,0
1,1,7,0,0,0,0,0,0,0
1,2,2,0,0,0,0,0,0,0
0,4,2,0,0,0,0,0,0,0
1,2,7,0,0,0,0,0,0,0
0,1,4,0,0,0,0,0,0,0
2,4,19,0,0,0,0,0,0,0
0,2,8,0,0,0,0,0,0,0
0,5,4,0,0,0,0,0,0,0
0,1,5,0,0,0,0,0,0,0
1,1,6,0,0,0,0,0,0,0
1,1,3,0,0,0,0,0,0,0
0,3,12,0,0,0,0,0,0,0
0,1,5,0,0,0,0,0,0,0
5,8,14,0,0,0,0,0,0,0
0,2,11,0,0,0,0,0,0,0
0,1,6,0,0,0,0,0,0,0
0,1,4,0,0,0,0,0,0,0
0,5,3,0,0,0,0,0,0,0
0,2,10,0,0,0,0,0,0,0
0,6,13,0,0,0,0,0,0,0
1,1,3,0,0,0,0,0,0,0
0,1,6,0,0,0,0,0,0,0
0,3,3,0,0,0,0,0,0,0
0,1,4,0,0,0,0,0,0,0
1,4,7,0,0,0,0,0,0,0
1,0,5,0,0,0,0,0,0,0
1,1,7,0,0,0,0,0,0,0
1,3,7,0,0,0,0,0,0,0
1,1,6,0,0,0,0,0,0,0
1,2,13,0,0,0,0,0,0,0
0,2,6,0,0,0,0,0,0,0
1,3,7,0,0,0,0,0,0,0
0,2,9,0,0,0,0,0,0,0
1,6,4,0,0,0,0,0,0,0
1,3,9,0,0,0,0,0,0,0
0,4,8,0,0,0,0,0,0,0
0,1,6,0,0,0,0,0,0,0
1,12,27,0,0,0,0,0,0,0
0,5,6,0,0,0,0,0,0,0
1,1,8,0,0,0,0,0,0,0
0,4,6,0,0,0,0,0,0,0
2,0,11,0,0,0,0,0,0,0
0,2,3,0,0,0,0,0,0,0
0,2,4,0,0,0,0,0,0,0
1,1,10,0,0,0,0,0,0,0
0,1,5,0,0,0,0,0,0,0
0,3,18,0,0,0,0,0,0,0
0,1,5,0,0,0,0,0,0,0
0,8,5,0,0,0,0,0,0,0
0,11,14,0,0,0,0,0,0,0
2,0,9,0,0,0,0,0,0,0
0,1,6,0,0,0,0,0,0,0
0,5,1,0,0,0,0,0,0,0
0,2,4,0,0,0,0,0,0,0
0,1,6,0,0,0,0,0,0,0
0,3,2,0,0,0,0,0,0,0
2,0,5,0,0,0,0,0,0,0
0,1,4,0,0,0,0,0,0,0
0,13,9,0,0,0,0,0,0,0
0,2,9,0,0,0,0,0,0,0
12,5,8,0,0,0,0,0,0,0
0,1,6,0,0,0,0,0,0,0
1,1,4,0,0,0,0,0,0,0
0,5,5,0,0,0,0,0,0,0
3,0,18,0,0,0,0,0,0,0
0,1,5,0,0,0,0,0,0,0
0,2,11,0,0,0,0,0,0,0
0,4,26,0,0,0,0,0,0,0
0,1,4,0,0,0,0,0,0,0
0,2,12,0,0,0,0,0,0,0
0,2,6,0,0,0,0,0,0,0
0,1,4,0,0,0,0,0,0,0
0,2,3,0,0,0,0,0,0,0
0,4,3,0,0,0,0,0,0,0
1,1,7,0,0,0,0,0,0,0
0,3,6,0,0,0,0,0,0,0
0,3,5,0,0,0,0,0,0,0
0,6,1,0,0,0,0,0,0,0
0,1,5,0,0,0,0,0,0,0
1,5,12,0,0,0,0,0,0,0
0,4,9,0,0,0,0,0,0,0
0,10,2,0,0,0,0,0,0,0
1,1,11,0,0,0,0,0,0,0
3,4,6,0,0,0,0,0,0,0
3,0,10,0,0,0,0,0,0,0
1,7,19,0,0,0,0,0,0,0
1,0,6,0,0,0,0,0,0,0
1,12,7,0,0,0,0,0,0,0
0,3,13,0,0,0,0,0,0,0
1,0,5,0,0,0,0,0,0,0
0,4,1,0,0,0,0,0,0,0
0,2,5,0,0,0,0,0,0,0
1,2,2,0,0,0,0,0,0,0
1,0,5,0,0,0,0,0,0,0
1,2,2,0,0,0,0,0,0,0
1,1,13,0,0,0,0,0,0,0
2,1,9,0,0,0,0,0,0,0
1,2,2,0,0,0,0,0,0,0
0,6,7,0,0,0,0,0,0,0
0,2,9,0,0,0,0,0,0,0
0,1,5,0,0,0,0,0,0,0
0,1,6,0,0,0,0,0,0,0
1,1,10,0,0,0,0,0,0,0
0,2,9,0,0,0,0,0,0,0
0,3,3,0,0,0,0,0,0,0
0,10,5,0,0,0,0,0,0,0
36,7,12,0,0,0,0,0,0,0
2,1,10,0,0,0,0,0,0,0
0,1,6,0,0,0,0,0,0,0
1,0,6,0,0,0,0,0,0,0
1,7,23,0,0,0,0,0,0,0
0,3,4,0,0,0,0,0,0,0
0,14,5,0,0,0,0,0,0,0
0,3,4,0,0,0,0,0,0,0
1,2,18,0,0,0,0,0,0,0
2,0,11,0,0,0,0,0,0,0
1,1,9,0,0,0,0,0,0,0
0,4,1,0,0,0,0,0,0,0
2,12,4,0,0,0,0,0,0,0
0,1,5,0,0,0,0,0,0,0
0,2,10,0,0,0,0,0,0,0
1,1,3,0,0,0,0,0,0,0
0,1,5,0,0,0,0,0,0,0
0,1,5,0,0,0,0,0,0,0
3,0,10,0,0,0,0,0,0,0
1,1,3,0,0,0,0,0,0,0
0,3,7,0,0,0,0,0,0,0
0,6,12,0,0,0,0,0,0,0
0,9,15,0,0,0,0,0,0,0
0,4,10,0,0,0,0,0,0,0
0,4,1,0,0,0,0,0,0,0
0,1,5,0,0,0,0,0,0,0
2,1,11,0,0,0,0,0,0,0
1,3,24,0,0,0,0,0,0,0
0,3,8,0,0,0,0,0,0,0
0,2,5,0,0,0,0,0,0,0
1,10,2,0,0,0,0,0,0,0
0,5,3,0,0,0,0,0,0,0
1,1,7,0,0,0,0,0,0,0
0,2,6,0,0,0,0,0,0,0
1,2,17,0,0,0,0,0,0,0
1,1,6,0,0,0,0,0,0,0
0,6,9,0,0,0,0,0,0,0
0,2,3,0,0,0,0,0,0,0
0,1,5,0,0,0,0,0,0,0
0,3,6,0,0,0,0,0,0,0
0,2,4,0,0,0,0,0,0,0
0,3,6,0,0,0,0,0,0,0
0,1,4,0,0,0,0,0,0,0
2,0,9,0,0,0,0,0,0,0
1,1,7,0,0,0,0,0,0,0
2,1,18,0,0,0,0,0,0,0
0,4,7,0,0,0,0,0,0,0
0,4,4,0,0,0,0,0,0,0
1,1,10,0,0,0,0,0,0,0
0,1,4,0,0,0,0,0,0,0
0,3,11,0,0,0,0,0,0,0
0,10,6,0,0,0,0,0,0,0
0,2,3,0,0,0,0,0,0,0
0,2,8,0,0,0,0,0,0,0
0,1,6,0,0,0,0,0,0,0
0,3,3,0,0,0,0,0,0,0
0,5,8,0,0,0,0,0,0,0
0,6,5,0,0,0,0,0,0,0
0,4,5,0,0,0,0,0,0,0
0,8,29,0,0,0,0,0,0,0
0,6,3,0,0,0,0,0,0,0
0,6,2,0,0,0,0,0,0,0
1,1,5,0,0,0,0,0,0,0
0,1,6,0,0,0,0,0,0,0
0,4,3,0,0,0,0,0,0,0
1,5,1,0,0,0,0,0,0,0
0,3,11,0,0,0,0,0,0,0
0,3,5,0,0,0,0,0,0,0
0,13,15,0,0,0,0,0,0,0
1,0,6,0,0,0,0,0,0,0
0,2,8,0,0,0,0,0,0,0
1,18,3,0,0,0,0,0,0,0
0,1,4,0,0,0,0,0,0,0
0,2,9,0,0,0,0,0,0,0
0,2,8,0,0,0,0,0,0,0
0,3,4,0,0,0,0,0,0,0
1,2,12,0,0,0,0,0,0,0
0,3,3,0,0,0,0,0,0,0
0,2,4,0,0,0,0,0,0,0
1,5,13,0,0,0,0,0,0,0
0,3,15,0,0,0,0,0,0,0
0,2,13,0,0,0,0,0,0,0
0,2,6,0,0,0,0,0,0,0
0,1,6,0,0,0,0,0,0,0
0,5,3,0,0,0,0,0,0,0
0,2,4,0,0,0,0,0,0,0
0,2,3,0,0,0,0,0,0,0
1,0,6,0,0,0,0,0,0,0
0,4,9,0,0,0,0,0,0,0
0,1,6,0,0,0,0,0,0,0
0,1,5,0,0,0,0,0,0,0
0,6,3,0,0,0,0,0,0,0
0,8,4,0,0,0,0,0,0,0
0,7,2,0,0,0,0,0,0,0
0,6,1,0,0,0,0,0,0,0
0,1,5,0,0,0,0,0,0,0
1,1,3,0,0,0,0,0,0,0
1,1,12,0,0,0,0,0,0,0
0,3,4,0,0,0,0,0,0,0
1,7,5,0,0,0,0,0,0,0
0,2,9,0,0,0,0,0,0,0
0,11,3,0,0,0,0,0,0,0
1,0,6,0,0,0,0,0,0,0
2,0,12,0,0,0,0,0,0,0
0,4,4,0,0,0,0,0,0,0
2,2,20,0,0,0,0,0,0,0
3,0,14,0,0,0,0,0,0,0
1,1,9,0,0,0,0,0,0,0
0,3,16,0,0,0,0,0,0,0
1,2,14,0,0,0,0,0,0,0
0,6,7,0,0,0,0,0,0,0
0,3,6,0,0,0,0,0,0,0
0,6,6,0,0,0,0,0,0,0
1,3,2,0,0,0,0,0,0,0
0,3,15,0,0,0,0,0,0,0
1,2,2,0,0,0,0,0,0,0
1,2,18,0,0,0,0,0,0,0
0,2,6,0,0,0,0,0,0,0
0,4,4,0,0,0,0,0,0,0
0,6,2,0,0,0,0,0,0,0
0,3,3,0,0,0,0,0,0,0
0,1,5,0,0,0,0,0,0,0
0,2,11,0,0,0,0,0,0,0
0,1,5,0,0,0,0,0,0,0
0,3,7,0,0,0,0,0,0,0
0,2,3,0,0,0,0,0,0,0
0,2,8,0,0,0,0,0,0,0
0,4,8,0,0,0,0,0,0,0
0,2,5,0,0,0,0,0,0,0
0,5,2,0,0,0,0,0,0,0
0,1,6,0,0,0,0,0,0,0
1,3,2,0,0,0,0,0,0,0
0,3,3,0,0,0,0,0,0,0
0,5,7,0,0,0,0,0,0,0
0,2,11,0,0,0,0,0,0,0
0,7,8,0,0,0,0,0,0,0
0,1,4,0,0,0,0,0,0,0
2,0,7,0,0,0,0,0,0,0
0,4,10,0,0,0,0,0,0,0
1,8,3,0,0,0,0,0,0,0
1,2,5,0,0,0,0,0,0,0
1,11,3,0,0,0,0,0,0,0
0,1,4,0,0,0,0,0,0,0
0,4,5,0,0,0,0,0,0,0
2,2,26,0,0,0,0,0,0,0
1,2,13,0,0,0,0,0,0,0
0,1,4,0,0,0,0,0,0,0
0,2,5,0,0,0,0,0,0,0
0,4,5,0,0,0,0,0,0,0
0,1,4,0,0,0,0,0,0,0
0,3,7,0,0,0,0,0,0,0
0,10,21,0,0,0,0,0,0,0
0,2,10,0,0,0,0,0,0,0
1,0,6,0,0,0,0,0,0,0
0,2,8,0,0,0,0,0,0,0
1,1,8,0,0,0,0,0,0,0
0,2,3,0,0,0,0,0,0,0
1,1,13,0,0,0,0,0,0,0
0,2,3,0,0,0,0,0,0,0
0,1,6,0,0,0,0,0,0,0
1,6,10,0,0,0,0,0,0,0
0,2,3,0,0,0,0,0,0,0
0,4,2,0,0,0,0,0,0,0
0,1,6,0,0,0,0,0,0,0
0,9,4,0,0,0,0,0,0,0
1,8,10,0,0,0,0,0,0,0
0,5,1,0,0,0,0,0,0,0
0,7,27,0,0,0,0,0,0,0
0,4,4,0,0,0,0,0,0,0
1,1,7,0,0,0,0,0,0,0
0,7,11,0,0,0,0,0,0,0
3,1,23,0,0,0,0,0,0,0
0,5,3,0,0,0,0,0,0,0
1,0,5,0,0,0,0,0,0,0
0,5,1,0,0,0,0,0,0,0
0,3,9,0,0,0,0,0,0,0
1,0,6,0,0,0,0,0,0,0
1,3,1,0,0,0,0,0,0,0
0,3,6,0,0,0,0,0,0,0
1,3,10,0,0,0,0,0,0,0
0,3,15,0,0,0,0,0,0,0
0,7,11,0,0,0,0,0,0,0
0,1,4,0,0,0,0,0,0,0
2,2,18,0,0,0,0,0,0,0
0,4,1,0,0,0,0,0,0,0
0,6,2,0,0,0,0,0,0,0
0,2,5,0,0,0,0,0,0,0
1,0,5,0,0,0,0,0,0,0
6,1,5,0,0,0,0,0,0,0
0,2,3,0,0,0,0,0,0,0
0,4,1,0,0,0,0,0,0,0
0,3,4,0,0,0,0,0,0,0
1,3,8,0,0,0,0,0,0,0
0,10,2,0,0,0,0,0,0,0
0,5,8,0,0,0,0,0,0,0
5,3,8,0,0,0,0,0,0,0
2,13,3,0,0,0,0,0,0,0
0,2,13,0,0,0,0,0,0,0
0,1,4,0,0,0,0,0,0,0
2,2,17,0,0,0,0,0,0,0
0,7,10,0,0,0,0,0,0,0
0,1,5,0,0,0,0,0,0,0
0,7,2,0,0,0,0,0,0,0
0,1,6,0,0,0,0,0,0,0
0,4,3,0,0,0,0,0,0,0
1,0,6,0,0,0,0,0,0,0
1,0,5,0,0,0,0,0,0,0
0,8,8,0,0,0,0,0,0,0
1,10,21,0,0,0,0,0,0,0
0,2,7,0,0,0,0,0,0,0
0,1,5,0,0,0,0,0,0,0
1,1,4,0,0,0,0,0,0,0
0,5,21,0,0,0,0,0,0,0
0,3,5,0,0,0,0,0,0,0
0,3,3,0,0,0,0,0,0,0
0,6,13,0,0,0,0,0,0,0
0,3,3,0,0,0,0,0,0,0
1,2,12,0,0,0,0,0,0,0
0,5,2,0,0,0,0,0,0,0
0,1,4,0,0,0,0,0,0,0
0,2,8,0,0,0,0,0,0,0
3,0,10,0,0,0,0,0,0,0
16,6,4,0,0,0,0,0,0,0
1,2,3,0,0,0,0,0,0,0
1,5,9,0,0,0,0,0,0,0
2,2,7,0,0,0,0,0,0,0
0,4,4,0,0,0,0,0,0,0
0,5,7,0,0,0,0,0,0,0
1,0,6,0,0,0,0,0,0,0
0,3,12,0,0,0,0,0,0,0
2,1,4,0,0,0,0,0,0,0
0,3,6,0,0,0,0,0,0,0
1,1,11,0,0,0,0,0,0,0
0,5,5,0,0,0,0,0,0,0
0,1,6,0,0,0,0,0,0,0
0,1,4,0,0,0,0,0,0,0
1,1,6,0,0,0,0,0,0,0
0,1,4,0,0,0,0,0,0,0
0,2,13,0,0,0,0,0,0,0
0,1,4,0,0,0,0,0,0,0
0,1,5,0,0,0,0,0,0,0
1,1,5,0,0,0,0,0,0,0
0,2,3,0,0,0,0,0,0,0
1,3,1,0,0,0,0,0,0,0
0,1,6,0,0,0,0,0,0,0
1,1,10,0,0,0,0,0,0,0
1,6,1,0,0,0,0,0,0,0
0,2,9,0,0,0,0,0,0,0
0,3,4,0,0,0,0,0,0,0
0,10,4,0,0,0,0,0,0,0
0,2,5,0,0,0,0,0,0,0
0,4,8,0,0,0,0,0,0,0
5,0,7,0,0,0,0,0,0,0
1,0,6,0,0,0,0,0,0,0
2,1,3,0,0,0,0,0,0,0
0,3,7,0,0,0,0,0,0,0
0,1,5,0,0,0,0,0,0,0
0,2,8,0,0,0,0,0,0,0
0,2,11,0,0,0,0,0,0,0
0,6,2,0,0,0,0,0,0,0
0,1,5,0,0,0,0,0,0,0
14,5,29,0,0,0,0,0,0,0
1,2,5,0,0,0,0,0,0,0
0,2,11,0,0,0,0,0,0,0
2,2,16,0,0,0,0,0,0,0
0,5,2,0,0,0,0,0,0,0
0,3,2,0,0,0,0,0,0,0
0,9,8,0,0,0,0,0,0,0
0,1,5,0,0,0,0,0,0,0
0,5,12,0,0,0,0,0,0,0
0,6,8,0,0,0,0,0,0,0
0,3,18,0,0,0,0,0,0,0
0,4,3,0,0,0,0,0,0,0
0,7,2,0,0,0,0,0,0,0
0,8,2,0,0,0,0,0,0,0
0,7,12,0,0,0,0,0,0,0
0,3,2,0,0,0,0,0,0,0
0,1,4,0,0,0,0,0,0,0
0,1,5,0,0,0,0,0,0,0
0,3,16,0,0,0,0,0,0,0
1,0,5,0,0,0,0,0,0,0
0,5,1,0,0,0,0,0,0,0
1,3,7,0,0,0,0,0,0,0
1,1,5,0,0,0,0,0,0,0
0,6,7,0,0,0,0,0,0,0
0,2,11,0,0,0,0,0,0,0
0,1,5,0,0,0,0,0,0,0
2,2,6,0,0,0,0,0,0,0
0,2,8,0,0,0,0,0,0,0
2,0,12,0,0,0,0,0,0,0
0,1,4,0,0,0,0,0,0,0
0,5,11,0,0,0,0,0,0,0
1,0,6,0,0,0,0,0,0,0
0,2,8,0,0,0,0,0,0,0
0,5,5,0,0,0,0,0,0,0
1,2,3,0,0,0,0,0,0,0
0,4,2,0,0,0,0,0,0,0
0,1,5,0,0,0,0,0,0,0
0,3,8,0,0,0,0,0,0,0
0,6,10,0,0,0,0,0,0,0
5,6,14,0,0,0,0,0,0,0
0,2,4,0,0,0,0,0,0,0
0,6,3,0,0,0,0,0,0,0
1,4,16,0,0,0,0,0,0,0
0,3,2,0,0,0,0,0,0,0
2,2,20,0,0,0,0,0,0,0
0,2,8,0,0,0,0,0,0,0
0,2,5,0,0,0,0,0,0,0
1,3,1,0,0,0,0,0,0,0
2,0,8,0,0,0,0,0,0,0
0,4,3,0,0,0,0,0,0,0
0,4,4,0,0,0,0,0,0,0
1,0,6,0,0,0,0,0,0,0
3,1,4,0,0,0,0,0,0,0
0,10,7,0,0,0,0,0,0,0
0,3,2,0,0,0,0,0,0,0
0,7,3,0,0,0,0,0,0,0
0,2,5,0,0,0,0,0,0,0
0,2,10,0,0,0,0,0,0,0
0,1,5,0,0,0,0,0,0,0
0,6,8,0,0,0,0,0,0,0
0,1,4,0,0,0,0,0,0,0
1,1,6,0,0,0,0,0,0,0
0,1,5,0,0,0,0,0,0,0
0,4,4,0,0,0,0,0,0,0
1,14,9,0,0,0,0,0,0,0
0,3,12,0,0,0,0,0,0,0
0,2,10,0,0,0,0,0,0,0
0,4,8,0,0,0,0,0,0,0
2,0,8,0,0,0,0,0,0,0
0,1,6,0,0,0,0,0,0,0
0,3,3,0,0,0,0,0,0,0
0,2,5,0,0,0,0,0,0,0
0,3,12,0,0,0,0,0,0,0
0,3,3,0,0,0,0,0,0,0
0,1,4,0,0,0,0,0,0,0
2,1,10,0,0,0,0,0,0,0
0,1,6,0,0,0,0,0,0,0
1,3,8,0,0,0,0,0,0,0
0,14,3,0,0,0,0,0,0,0
1,0,5,0,0,0,0,0,0,0
0,1,6,0,0,0,0,0,0,0
0,6,2,0,0,0,0,0,0,0
0,2,8,0,0,0,0,0,0,0
1,4,10,0,0,0,0,0,0,0
2,0,7,0,0,0,0,0,0,0
0,4,4,0,0,0,0,0,0,0
1,9,17,0,0,0,0,0,0,0
1,8,1,0,0,0,0,0,0,0
0,1,4,0,0,0,0,0,0,0
1,3,16,0,0,0,0,0,0,0
1,3,3,0,0,0,0,0,0,0
2,3,11,0,0,0,0,0,0,0
3,0,10,0,0,0,0,0,0,0
0,3,5,0,0,0,0,0,0,0
2,0,6,0,0,0,0,0,0,0
1,2,2,0,0,0,0,0,0,0
0,2,9,0,0,0,0,0,0,0
0,1,6,0,0,0,0,0,0,0
1,3,6,0,0,0,0,0,0,0
1,1,4,0,0,0,0,0,0,0
1,2,10,0,0,0,0,0,0,0
0,2,4,0,0,0,0,0,0,0
0,1,5,0,0,0,0,0,0,0
1,0,5,0,0,0,0,0,0,0
0,4,2,0,0,0,0,0,0,0
0,7,4,0,0,0,0,0,0,0
1,7,3,0,0,0,0,0,0,0
0,2,12,0,0,0,0,0,0,0
0,3,19,0,0,0,0,0,0,0
1,3,13,0,0,0,0,0,0,0
0,1,4,0,0,0,0,0,0,0
0,13,23,0,0,0,0,0,0,0
0,1,4,0,0,0,0,0,0,0
2,5,11,0,0,0,0,0,0,0
0,3,2,0,0,0,0,0,0,0
1,0,6,0,0,0,0,0,0,0
0,4,1,0,0,0,0,0,0,0
1,5,17,0,0,0,0,0,0,0
1,2,15,0,0,0,0,0,0,0
0,2,13,0,0,0,0,0,0,0
0,2,6,0,0,0,0,0,0,0
0,1,6,0,0,0,0,0,0,0
0,2,6,0,0,0,0,0,0,0
0,2,7,0,0,0,0,0,0,0
0,1,5,0,0,0,0,0,0,0
0,7,3,0,0,0,0,0,0,0
0,2,3,0,0,0,0,0,0,0
1,0,6,0,0,0,0,0,0,0
0,3,15,0,0,0,0,0,0,0
1,1,10,0,0,0,0,0,0,0
0,3,3,0,0,0,0,0,0,0
0,2,10,0,0,0,0,0,0,0
1,1,10,0,0,0,0,0,0,0
0,2,6,0,0,0,0,0,0,0
0,2,7,0,0,0,0,0,0,0
1,1,4,0,0,0,0,0,0,0
0,18,4,0,0,0,0,0,0,0
1,1,13,0,0,0,0,0,0,0
2,0,10,0,0,0,0,0,0,0
0,3,8,0,0,0,0,0,0,0
3,11,7,0,0,0,0,0,0,0
0,1,4,0,0,0,0,0,0,0
1,1,8,0,0,0,0,0,0,0
0,4,4,0,0,0,0,0,0,0
1,1,13,0,0,0,0,0,0,0
2,1,12,0,0,0,0,0,0,0
0,3,15,0,0,0,0,0,0,0
0,2,5,0,0,0,0,0,0,0
0,7,2,0,0,0,0,0,0,0
1,1,5,0,0,0,0,0,0,0
0,1,4,0,0,0,0,0,0,0
0,4,7,0,0,0,0,0,0,0
2,3,1,0,0,0,0,0,0,0
0,4,1,0,0,0,0,0,0,0
0,10,6,0,0,0,0,0,0,0
1,2,9,0,0,0,0,0,0,0
0,4,14,0,0,0,0,0,0,0
0,3,14,0,0,0,0,0,0,0
0,4,1,0,0,0,0,0,0,0
2,0,7,0,0,0,0,0,0,0
1,8,19,0,0,0,0,0,0,0
0,3,3,0,0,0,0,0,0,0
3,1,10,0,0,0,0,0,0,0
0,1,6,0,0,0,0,0,0,0
0,11,2,0,0,0,0,0,0,0
1,1,6,0,0,0,0,0,0,0
4,1,14,0,0,0,0,0,0,0
0,1,6,0,0,0,0,0,0,0
0,4,13,0,0,0,0,0,0,0
0,2,4,0,0,0,0,0,0,0
0,2,4,0,0,0,0,0,0,0
0,1,5,0,0,0,0,0,0,0
0,40,29,0,0,0,0,0,0,0
1,0,6,0,0,0,0,0,0,0
3,2,17,0,0,0,0,0,0,0
0,6,5,0,0,0,0,0,0,0
1,2,18,0,0,0,0,0,0,0
1,1,10,0,0,0,0,0,0,0
0,8,14,0,0,0,0,0,0,0
1,0,5,0,0,0,0,0,0,0
0,1,6,0,0,0,0,0,0,0
2,1,13,0,0,0,0,0,0,0
1,6,4,0,0,0,0,0,0,0
0,9,3,0,0,0,0,0,0,0
0,1,5,0,0,0,0,0,0,0
2,4,3,0,0,0,0,0,0,0
0,5,1,0,0,0,0,0,0,0
1,1,7,0,0,0,0,0,0,0
1,2,2,0,0,0,0,0,0,0
0,4,2,0,0,0,0,0,0,0
0,3,3,0,0,0,0,0,0,0
1,1,13,0,0,0,0,0,0,0
1,1,6,0,0,0,0,0,0,0
0,4,8,0,0,0,0,0,0,0
0,1,4,0,0,0,0,0,0,0
0,4,1,0,0,0,0,0,0,0
0,1,4,0,0,0,0,0,0,0
0,6,6,0,0,0,0,0,0,0
0,8,11,0,0,0,0,0,0,0
3,8,11,0,0,0,0,0,0,0
1,1,3,0,0,0,0,0,0,0
0,1,5,0,0,0,0,0,0,0
4,13,15,0,0,0,0,0,0,0
0,4,3,0,0,0,0,0,0,0
0,1,6,0,0,0,0,0,0,0
1,1,8,0,0,0,0,0,0,0
1,1,12,0,0,0,0,0,0,0
0,2,11,0,0,0,0,0,0,0
0,3,2,0,0,0,0,0,0,0
0,1,4,0,0,0,0,0,0,0
1,1,13,0,0,0,0,0,0,0
0,9,3,0,0,0,0,0,0,0
0,2,4,0,0,0,0,0,0,0
0,2,8,0,0,0,0,0,0,0
0,4,1,0,0,0,0,0,0,0
0,1,6,0,0,0,0,0,0,0
0,2,4,0,0,0,0,0,0,0
1,2,15,0,0,0,0,0,0,0
0,1,4,0,0,0,0,0,0,0
0,1,6,0,0,0,0,0,0,0
0,11,4,0,0,0,0,0,0,0
1,1,9,0,0,0,0,0,0,0
0,1,4,0,0,0,0,0,0,0
1,2,6,0,0,0,0,0,0,0
1,3,5,0,0,0,0,0,0,0
3,5,20,0,0,0,0,0,0,0
0,1,5,0,0,0,0,0,0,0
1,7,6,0,0,0,0,0,0,0
0,2,6,0,0,0,0,0,0,0
0,2,7,0,0,0,0,0,0,0
1,1,3,0,0,0,0,0,0,0
0,1,4,0,0,0,0,0,0,0
2,0,6,0,0,0,0,0,0,0
0,2,7,0,0,0,0,0,0,0
1,0,5,0,0,0,0,0,0,0
0,2,4,0,0,0,0,0,0,0
0,3,9,0,0,0,0,0,0,0
0,5,27,0,0,0,0,0,0,0
0,1,4,0,0,0,0,0,0,0
1,4,19,0,0,0,0,0,0,0
0,2,6,0,0,0,0,0,0,0
1,2,3,0,0,0,0,0,0,0
4,2,14,0,0,0,0,0,0,0
0,1,4,0,0,0,0,0,0,0
1,8,10,0,0,0,0,0,0,0
1,2,15,0,0,0,0,0,0,0
5,0,21,0,0,0,0,0,0,0
0,2,8,0,0,0,0,0,0,0
1,0,6,0,0,0,0,0,0,0
1,2,3,0,0,0,0,0,0,0
1,5,4,0,0,0,0,0,0,0
0,3,3,0,0,0,0,0,0,0
2,1,19,0,0,0,0,0,0,0
0,5,1,0,0,0,0,0,0,0
0,6,21,0,0,0,0,0,0,0
0,7,7,0,0,0,0,0,0,0
0,3,6,0,0,0,0,0,0,0
0,7,3,0,0,0,0,0,0,0
1,3,13,0,0,0,0,0,0,0
1,2,13,0,0,0,0,0,0,0
1,6,24,0,0,0,0,0,0,0
1,1,11,0,0,0,0,0,0,0
1,1,6,0,0,0,0,0,0,0
0,3,3,0,0,0,0,0,0,0
1,1,13,0,0,0,0,0,0,0
0,1,4,0,0,0,0,0,0,0
0,5,1,0,0,0,0,0,0,0
0,2,5,0,0,0,0,0,0,0
0,1,4,0,0,0,0,0,0,0
1,12,1,0,0,0,0,0,0,0
0,1,5,0,0,0,0,0,0,0
0,2,10,0,0,0,0,0,0,0
0,3,2,0,0,0,0,0,0,0
1,12,4,0,0,0,0,0,0,0
1,2,13,0,0,0,0,0,0,0
0,3,7,0,0,0,0,0,0,0
0,2,12,0,0,0,0,0,0,0
0,1,4,0,0,0,0,0,0,0
0,9,18,0,0,0,0,0,0,0
1,0,6,0,0,0,0,0,0,0
0,3,2,0,0,0,0,0,0,0
0,1,5,0,0,0,0,0,0,0
1,2,14,0,0,0,0,0,0,0
1,1,12,0,0,0,0,0,0,0
1,0,6,0,0,0,0,0,0,0
1,0,6,0,0,0,0,0,0,0
4,2,14,0,0,0,0,0,0,0
0,2,11,0,0,0,0,0,0,0
0,4,4,0,0,0,0,0,0,0
1,1,4,0,0,0,0,0,0,0
0,1,6,0,0,0,0,0,0,0
0,3,3,0,0,0,0,0,0,0
0,5,27,0,0,0,0,0,0,0
0,2,4,0,0,0,0,0,0,0
0,2,13,0,0,0,0,0,0,0
0,1,5,0,0,0,0,0,0,0
1,11,7,0,0,0,0,0,0,0
1,3,13,0,0,0,0,0,0,0
0,4,3,0,0,0,0,0,0,0
1,3,11,0,0,0,0,0,0,0
0,2,3,0,0,0,0,0,0,0
0,2,3,0,0,0,0,0,0,0
1,12,7,0,0,0,0,0,0,0
2,0,9,0,0,0,0,0,0,0
1,0,6,0,0,0,0,0,0,0
1,3,10,0,0,0,0,0,0,0
0,4,2,0,0,0,0,0,0,0
0,1,4,0,0,0,0,0,0,0
0,1,4,0,0,0,0,0,0,0
1,1,7,0,0,0,0,0,0,0
1,6,13,0,0,0,0,0,0,0
2,0,6,0,0,0,0,0,0,0
1,3,5,0,0,0,0,0,0,0
1,1,13,0,0,0,0,0,0,0
1,0,6,0,0,0,0,0,0,0
0,5,18,0,0,0,0,0,0,0
0,1,4,0,0,0,0,0,0,0
0,3,2,0,0,0,0,0,0,0
2,3,14,0,0,0,0,0,0,0
0,3,11,0,0,0,0,0,0,0
2,1,3,0,0,0,0,0,0,0
0,6,9,0,0,0,0,0,0,0
0,2,12,0,0,0,0,0,0,0
0,6,1,0,0,0,0,0,0,0
2,0,8,0,0,0,0,0,0,0
0,3,5,0,0,0,0,0,0,0
0,5,4,0,0,0,0,0,0,0
3,1,10,0,0,0,0,0,0,0
0,15,16,0,0,0,0,0,0,0
0,2,10,0,0,0,0,0,0,0
0,1,5,0,0,0,0,0,0,0
0,2,3,0,0,0,0,0,0,0
0,3,10,0,0,0,0,0,0,0
0,3,12,0,0,0,0,0,0,0
0,3,7,0,0,0,0,0,0,0
0,3,9,0,0,0,0,0,0,0
1,2,3,0,0,0,0,0,0,0
1,0,5,0,0,0,0,0,0,0
12,67,3,0,0,0,0,0,0,0
0,2,3,0,0,0,0,0,0,0
0,3,8,0,0,0,0,0,0,0
0,4,7,0,0,0,0,0,0,0
1,0,5,0,0,0,0,0,0,0
0,3,15,0,0,0,0,0,0,0
1,3,24,0,0,0,0,0,0,0
0,5,3,0,0,0,0,0,0,0
0,5,21,0,0,0,0,0,0,0
0,2,10,0,0,0,0,0,0,0
0,2,7,0,0,0,0,0,0,0
0,2,4,0,0,0,0,0,0,0
0,2,4,0,0,0,0,0,0,0
3,0,6,0,0,0,0,0,0,0
0,4,18,0,0,0,0,0,0,0
0,1,6,0,0,0,0,0,0,0
0,2,4,0,0,0,0,0,0,0
2,2,1,0,0,0,0,0,0,0
1,3,8,0,0,0,0,0,0,0
0,4,11,0,0,0,0,0,0,0
2,1,4,0,0,0,0,0,0,0
1,1,12,0,0,0,0,0,0,0
0,1,6,0,0,0,0,0,0,0
0,1,6,0,0,0,0,0,0,0
0,3,7,0,0,0,0,0,0,0
0,1,6,0,0,0,0,0,0,0
0,1,5,0,0,0,0,0,0,0
0,6,1,0,0,0,0,0,0,0
1,1,6,0,0,0,0,0,0,0
0,1,4,0,0,0,0,0,0,0
0,5,15,0,0,0,0,0,0,0
0,2,13,0,0,0,0,0,0,0
0,1,6,0,0,0,0,0,0,0
0,4,5,0,0,0,0,0,0,0
0,2,5,0,0,0,0,0,0,0
2,8,19,0,0,0,0,0,0,0
0,2,4,0,0,0,0,0,0,0
0,3,7,0,0,0,0,0,0,0
0,3,13,0,0,0,0,0,0,0
0,3,10,0,0,0,0,0,0,0
0,1,6,0,0,0,0,0,0,0
1,1,8,0,0,0,0,0,0,0
1,6,26,0,0,0,0,0,0,0
0,3,7,0,0,0,0,0,0,0
0,2,5,0,0,0,0,0,0,0
0,13,4,0,0,0,0,0,0,0
1,2,7,0,0,0,0,0,0,0
0,6,7,0,0,0,0,0,0,0
1,3,7,0,0,0,0,0,0,0
2,1,20,0,0,0,0,0,0,0
0,2,4,0,0,0,0,0,0,0
0,2,7,0,0,0,0,0,0,0
0,2,9,0,0,0,0,0,0,0
1,3,10,0,0,0,0,0,0,0
2,1,3,0,0,0,0,0,0,0
0,5,5,0,0,0,0,0,0,0
2,1,6,0,0,0,0,0,0,0
3,0,14,0,0,0,0,0,0,0
1,0,5,0,0,0,0,0,0,0
0,4,1,0,0,0,0,0,0,0
0,5,5,0,0,0,0,0,0,0
0,1,5,0,0,0,0,0,0,0
2,0,12,0,0,0,0,0,0,0
1,1,3,0,0,0,0,0,0,0
0,4,5,0,0,0,0,0,0,0
1,2,16,0,0,0,0,0,0,0
0,2,13,0,0,0,0,0,0,0
0,5,1,0,0,0,0,0,0,0
0,5,6,0,0,0,0,0,0,0
0,2,5,0,0,0,0,0,0,0
1,2,4,0,0,0,0,0,0,0
2,12,3,0,0,0,0,0,0,0
1,4,14,0,0,0,0,0,0,0
0,2,3,0,0,0,0,0,0,0
0,3,3,0,0,0,0,0,0,0
0,3,5,0,0,0,0,0,0,0
0,8,4,0,0,0,0,0,0,0
2,1,2,0,0,0,0,0,0,0
0,1,5,0,0,0,0,0,0,0
0,1,6,0,0,0,0,0,0,0
0,2,7,0,0,0,0,0,0,0
0,1,5,0,0,0,0,0,0,0
0,3,12,0,0,0,0,0,0,0
1,2,9,0,0,0,0,0,0,0
0,2,13,0,0,0,0,0,0,0
0,24,7,0,0,0,0,0,0,0
1,1,8,0,0,0,0,0,0,0
0,1,4,0,0,0,0,0,0,0
1,1,9,0,0,0,0,0,0,0
0,3,5,0,0,0,0,0,0,0
0,2,9,0,0,0,0,0,0,0
1,4,17,0,0,0,0,0,0,0
0,2,3,0,0,0,0,0,0,0
0,1,4,0,0,0,0,0,0,0
1,1,12,0,0,0,0,0,0,0
1,4,16,0,0,0,0,0,0,0
0,2,13,0,0,0,0,0,0,0
1,2,2,0,0,0,0,0,0,0
0,4,2,0,0,0,0,0,0,0
1,0,5,0,0,0,0,0,0,0
0,1,5,0,0,0,0,0,0,0
0,5,5,0,0,0,0,0,0,0
1,2,8,0,0,0,0,0,0,0
1,1,7,0,0,0,0,0,0,0
1,2,20,0,0,0,0,0,0,0
0,2,10,0,0,0,0,0,0,0
3,0,13,0,0,0,0,0,0,0
1,0,6,0,0,0,0,0,0,0
1,2,19,0,0,0,0,0,0,0
0,3,18,0,0,0,0,0,0,0
0,4,2,0,0,0,0,0,0,0
0,4,1,0,0,0,0,0,0,0
0,2,6,0,0,0,0,0,0,0
3,0,17,0,0,0,0,0,0,0
1,3,15,0,0,0,0,0,0,0
0,5,1,0,0,0,0,0,0,0
0,9,11,0,0,0,0,0,0,0
1,0,6,0,0,0,0,0,0,0
1,3,19,0,0,0,0,0,0,0
0,4,24,0,0,0,0,0,0,0
0,2,9,0,0,0,0,0,0,0
0,3,9,0,0,0,0,0,0,0
0,6,2,0,0,0,0,0,0,0
0,2,12,0,0,0,0,0,0,0
5,7,17,0,0,0,0,0,0,0
0,1,5,0,0,0,0,0,0,0
0,5,1,0,0,0,0,0,0,0
2,1,7,0,0,0,0,0,0,0
1,10,2,0,0,0,0,0,0,0
0,3,7,0,0,0,0,0,0,0
0,2,5,0,0,0,0,0,0,0
0,4,24,0,0,0,0,0,0,0
0,8,9,0,0,0,0,0,0,0
0,5,12,0,0,0,0,0,0,0
0,4,6,0,0,0,0,0,0,0
2,2,11,0,0,0,0,0,0,0
0,2,13,0,0,0,0,0,0,0
3,0,8,0,0,0,0,0,0,0
0,2,5,0,0,0,0,0,0,0
0,1,6,0,0,0,0,0,0,0
1,3,1,0,0,0,0,0,0,0
0,1,4,0,0,0,0,0,0,0
1,14,14,0,0,0,0,0,0,0
0,1,6,0,0,0,0,0,0,0
0,1,4,0,0,0,0,0,0,0
0,1,5,0,0,0,0,0,0,0
0,4,4,0,0,0,0,0,0,0
0,9,5,0,0,0,0,0,0,0
1,1,3,0,0,0,0,0,0,0
4,1,7,0,0,0,0,0,0,0
0,4,2,0,0,0,0,0,0,0
0,2,11,0,0,0,0,0,0,0
2,4,4,0,0,0,0,0,0,0
0,2,11,0,0,0,0,0,0,0
0,1,5,0,0,0,0,0,0,0
0,4,24,0,0,0,0,0,0,0
0,3,3,0,0,0,0,0,0,0
1,5,4,0,0,0,0,0,0,0
0,6,14,0,0,0,0,0,0,0
0,1,4,0,0,0,0,0,0,0
0,6,2,0,0,0,0,0,0,0
0,1,4,0,0,0,0,0,0,0
1,0,5,0,0,0,0,0,0,0
2,1,7,0,0,0,0,0,0,0
0,8,4,0,0,0,0,0,0,0
0,2,11,0,0,0,0,0,0,0
0,2,8,0,0,0,0,0,0,0
0,7,3,0,0,0,0,0,0,0
0,1,4,0,0,0,0,0,0,0
0,2,9,0,0,0,0,0,0,0
1,0,5,0,0,0,0,0,0,0
0,2,9,0,0,0,0,0,0,0
1,2,3,0,0,0,0,0,0,0
0,1,5,0,0,0,0,0,0,0
0,3,15,0,0,0,0,0,0,0
0,1,5,0,0,0,0,0,0,0
1,6,5,0,0,0,0,0,0,0
1,2,8,0,0,0,0,0,0,0
0,1,4,0,0,0,0,0,0,0
0,4,9,0,0,0,0,0,0,0
0,6,5,0,0,0,0,0,0,0
0,5,4,0,0,0,0,0,0,0
0,2,8,0,0,0,0,0,0,0
1,12,6,0,0,0,0,0,0,0
0,2,5,0,0,0,0,0,0,0
0,2,4,0,0,0,0,0,0,0
1,1,3,0,0,0,0,0,0,0
1,3,11,0,0,0,0,0,0,0
1,1,3,0,0,0,0,0,0,0
0,1,5,0,0,0,0,0,0,0
0,2,6,0,0,0,0,0,0,0
0,5,3,0,0,0,0,0,0,0
0,4,1,0,0,0,0,0,0,0
1,3,5,0,0,0,0,0,0,0
0,2,13,0,0,0,0,0,0,0
1,1,5,0,0,0,0,0,0,0
1,20,3,0,0,0,0,0,0,0
0,1,5,0,0,0,0,0,0,0
0,3,2,0,0,0,0,0,0,0
1,0,6,0,0,0,0,0,0,0
0,1,5,0,0,0,0,0,0,0
0,2,3,0,0,0,0,0,0,0
0,4,5,0,0,0,0,0,0,0
4,5,26,0,0,0,0,0,0,0
0,2,9,0,0,0,0,0,0,0
0,2,11,0,0,0,0,0,0,0
0,4,5,0,0,0,0,0,0,0
2,1,17,0,0,0,0,0,0,0
0,5,16,0,0,0,0,0,0,0
1,2,15,0,0,0,0,0,0,0
0,8,7,0,0,0,0,0,0,0
0,5,15,0,0,0,0,0,0,0
2,2,17,0,0,0,0,0,0,0
1,2,12,0,0,0,0,0,0,0
0,2,12,0,0,0,0,0,0,0
0,5,4,0,0,0,0,0,0,0
3,3,13,0,0,0,0,0,0,0
0,4,5,0,0,0,0,0,0,0
0,9,10,0,0,0,0,0,0,0
0,1,6,0,0,0,0,0,0,0
0,2,12,0,0,0,0,0,0,0
2,1,10,0,0,0,0,0,0,0
1,3,15,0,0,0,0,0,0,0
0,7,4,0,0,0,0,0,0,0
0,3,11,0,0,0,0,0,0,0
0,3,2,0,0,0,0,0,0,0
2,0,7,0,0,0,0,0,0,0
0,5,2,0,0,0,0,0,0,0
3,1,5,0,0,0,0,0,0,0
0,3,7,0,0,0,0,0,0,0
0,1,4,0,0,0,0,0,0,0
2,0,9,0,0,0,0,0,0,0
0,4,3,0,0,0,0,0,0,0
0,2,8,0,0,0,0,0,0,0
0,6,17,0,0,0,0,0,0,0
0,20,8,0,0,0,0,0,0,0
0,1,6,0,0,0,0,0,0,0
1,0,5,0,0,0,0,0,0,0
0,2,8,0,0,0,0,0,0,0
1,2,20,0,0,0,0,0,0,0
1,0,6,0,0,0,0,0,0,0
0,4,14,0,0,0,0,0,0,0
0,5,11,0,0,0,0,0,0,0
2,1,17,0,0,0,0,0,0,0
0,3,2,0,0,0,0,0,0,0
0,3,4,0,0,0,0,0,0,0
1,1,9,0,0,0,0,0,0,0
0,32,12,0,0,0,0,0,0,0
1,1,7,0,0,0,0,0,0,0
1,1,6,0,0,0,0,0,0,0
0,6,3,0,0,0,0,0,0,0
4,5,25,0,0,0,0,0,0,0
0,4,4,0,0,0,0,0,0,0
3,7,1,0,0,0,0,0,0,0
0,5,5,0,0,0,0,0,0,0
0,2,9,0,0,0,0,0,0,0
0,3,4,0,0,0,0,0,0,0
3,1,3,0,0,0,0,0,0,0
0,1,6,0,0,0,0,0,0,0
0,1,4,0,0,0,0,0,0,0
0,3,9,0,0,0,0,0,0,0
0,6,3,0,0,0,0,0,0,0
0,1,5,0,0,0,0,0,0,0
0,2,5,0,0,0,0,0,0,0
2,0,7,0,0,0,0,0,0,0
1,7,5,0,0,0,0,0,0,0
1,3,1,0,0,0,0,0,0,0
0,2,12,0,0,0,0,0,0,0
0,4,10,0,0,0,0,0,0,0
0,3,7,0,0,0,0,0,0,0
9,0,14,0,0,0,0,0,0,0
0,1,4,0,0,0,0,0,0,0
0,1,4,0,0,0,0,0,0,0
1,0,6,0,0,0,0,0,0,0
2,6,13,0,0,0,0,0,0,0
0,4,4,0,0,0,0,0,0,0
0,1,6,0,0,0,0,0,0,0
1,3,14,0,0,0,0,0,0,0
0,3,4,0,0,0,0,0,0,0
0,1,5,0,0,0,0,0,0,0
0,1,5,0,0,0,0,0,0,0
0,1,5,0,0,0,0,0,0,0
1,3,5,0,0,0,0,0,0,0
0,1,6,0,0,0,0,0,0,0
1,1,12,0,0,0,0,0,0,0
1,17,4,0,0,0,0,0,0,0
0,4,14,0,0,0,0,0,0,0
0,2,9,0,0,0,0,0,0,0
0,3,10,0,0,0,0,0,0,0
0,15,18,0,0,0,0,0,0,0
0,2,11,0,0,0,0,0,0,0
0,3,9,0,0,0,0,0,0,0
1,1,3,0,0,0,0,0,0,0
0,3,13,0,0,0,0,0,0,0
0,4,2,0,0,0,0,0,0,0
0,3,5,0,0,0,0,0,0,0
0,4,7,0,0,0,0,0,0,0
1,3,3,0,0,0,0,0,0,0
0,5,1,0,0,0,0,0,0,0
0,3,2,0,0,0,0,0,0,0
0,3,6,0,0,0,0,0,0,0
0,1,5,0,0,0,0,0,0,0
1,8,2,0,0,0,0,0,0,0
1,1,4,0,0,0,0,0,0,0
0,4,3,0,0,0,0,0,0,0
0,1,5,0,0,0,0,0,0,0
0,5,4,0,0,0,0,0,0,0
1,1,8,0,0,0,0,0,0,0
1,1,5,0,0,0,0,0,0,0
1,2,12,0,0,0,0,0,0,0
0,5,7,0,0,0,0,0,0,0
1,1,12,0,0,0,0,0,0,0
24,161,17,0,0,0,0,0,0,0
0,2,11,0,0,0,0,0,0,0
1,1,6,0,0,0,0,0,0,0
0,2,7,0,0,0,0,0,0,0
0,4,9,0,0,0,0,0,0,0
0,2,7,0,0,0,0,0,0,0
0,3,19,0,0,0,0,0,0,0
0,2,8,0,0,0,0,0,0,0
0,10,14,0,0,0,0,0,0,0
1,3,2,0,0,0,0,0,0,0
0,3,12,0,0,0,0,0,0,0
0,1,6,0,0,0,0,0,0,0
0,3,5,0,0,0,0,0,0,0
0,3,3,0,0,0,0,0,0,0
0,5,2,0,0,0,0,0,0,0
1,1,11,0,0,0,0,0,0,0
0,7,12,0,0,0,0,0,0,0
0,8,18,0,0,0,0,0,0,0
1,4,15,0,0,0,0,0,0,0
0,1,6,0,0,0,0,0,0,0
0,4,3,0,0,0,0,0,0,0
1,1,11,0,0,0,0,0,0,0
0,12,5,0,0,0,0,0,0,0
1,2,3,0,0,0,0,0,0,0
1,2,4,0,0,0,0,0,0,0
0,3,4,0,0,0,0,0,0,0
0,3,4,0,0,0,0,0,0,0
0,3,2,0,0,0,0,0,0,0
0,2,6,0,0,0,0,0,0,0
2,1,19,0,0,0,0,0,0,0
0,3,4,0,0,0,0,0,0,0
1,1,11,0,0,0,0,0,0,0
0,1,5,0,0,0,0,0,0,0
0,6,2,0,0,0,0,0,0,0
1,2,17,0,0,0,0,0,0,0
0,1,4,0,0,0,0,0,0,0
0,1,5,0,0,0,0,0,0,0
1,1,4,0,0,0,0,0,0,0
0,1,4,0,0,0,0,0,0,0
1,1,3,0,0,0,0,0,0,0
1,2,13,0,0,0,0,0,0,0
0,10,3,0,0,0,0,0,0,0
1,3,8,0,0,0,0,0,0,0
0,4,4,0,0,0,0,0,0,0
0,7,2,0,0,0,0,0,0,0
2,0,9,0,0,0,0,0,0,0
0,2,8,0,0,0,0,0,0,0
2,11,19,0,0,0,0,0,0,0
0,10,2,0,0,0,0,0,0,0
0,1,6,0,0,0,0,0,0,0
0,1,4,0,0,0,0,0,0,0
0,1,6,0,0,0,0,0,0,0
0,2,13,0,0,0,0,0,0,0
0,2,9,0,0,0,0,0,0,0
1,7,2,0,0,0,0,0,0,0
1,1,11,0,0,0,0,0,0,0
0,4,8,0,0,0,0,0,0,0
0,1,5,0,0,0,0,0,0,0
0,1,6,0,0,0,0,0,0,0
0,2,7,0,0,0,0,0,0,0
0,2,12,0,0,0,0,0,0,0
0,4,17,0,0,0,0,0,0,0
1,14,30,0,0,0,0,0,0,0
1,14,8,0,0,0,0,0,0,0
2,1,6,0,0,0,0,0,0,0
0,1,5,0,0,0,0,0,0,0
1,1,4,0,0,0,0,0,0,0
1,4,12,0,0,0,0,0,0,0
0,1,6,0,0,0,0,0,0,0
1,0,6,0,0,0,0,0,0,0
1,0,5,0,0,0,0,0,0,0
0,5,2,0,0,0,0,0,0,0
2,2,9,0,0,0,0,0,0,0
0,1,6,0,0,0,0,0,0,0
0,2,10,0,0,0,0,0,0,0
0,7,8,0,0,0,0,0,0,0
0,1,6,0,0,0,0,0,0,0
1,0,6,0,0,0,0,0,0,0
0,1,6,0,0,0,0,0,0,0
1,9,10,0,0,0,0,0,0,0
0,3,6,0,0,0,0,0,0,0
0,7,3,0,0,0,0,0,0,0
0,4,18,0,0,0,0,0,0,0
1,1,11,0,0,0,0,0,0,0
1,1,5,0,0,0,0,0,0,0
0,2,9,0,0,0,0,0,0,0
1,2,7,0,0,0,0,0,0,0
0,1,4,0,0,0,0,0,0,0
0,1,5,0,0,0,0,0,0,0
1,3,2,0,0,0,0,0,0,0
0,1,5,0,0,0,0,0,0,0
1,1,12,0,0,0,0,0,0,0
1,2,5,0,0,0,0,0,0,0
0,2,12,0,0,0,0,0,0,0
1,9,10,0,0,0,0,0,0,0
1,2,14,0,0,0,0,0,0,0
0,3,13,0,0,0,0,0,0,0
0,1,6,0,0,0,0,0,0,0
0,3,4,0,0,0,0,0,0,0
0,1,6,0,0,0,0,0,0,0
0,3,13,0,0,0,0,0,0,0
0,1,5,0,0,0,0,0,0,0
0,2,6,0,0,0,0,0,0,0
0,1,4,0,0,0,0,0,0,0
1,2,7,0,0,0,0,0,0,0
1,1,7,0,0,0,0,0,0,0
0,2,4,0,0,0,0,0,0,0
0,3,9,0,0,0,0,0,0,0
1,4,15,0,0,0,0,0,0,0
1,7,3,0,0,0,0,0,0,0
3,12,9,0,0,0,0,0,0,0
0,24,13,0,0,0,0,0,0,0
0,6,20,0,0,0,0,0,0,0
0,2,13,0,0,0,0,0,0,0
0,1,4,0,0,0,0,0,0,0
0,4,7,0,0,0,0,0,0,0
1,4,12,0,0,0,0,0,0,0
0,1,5,0,0,0,0,0,0,0
0,1,4,0,0,0,0,0,0,0
1,1,10,0,0,0,0,0,0,0
0,3,4,0,0,0,0,0,0,0
0,3,10,0,0,0,0,0,0,0
0,1,4,0,0,0,0,0,0,0
0,2,9,0,0,0,0,0,0,0
0,11,10,0,0,0,0,0,0,0
0,2,11,0,0,0,0,0,0,0
0,4,4,0,0,0,0,0,0,0
0,2,4,0,0,0,0,0,0,0
0,10,12,0,0,0,0,0,0,0
0,2,5,0,0,0,0,0,0,0
0,1,5,0,0,0,0,0,0,0
0,2,10,0,0,0,0,0,0,0
1,1,12,0,0,0,0,0,0,0
0,1,6,0,0,0,0,0,0,0
1,12,11,0,0,0,0,0,0,0
2,10,12,0,0,0,0,0,0,0
0,2,10,0,0,0,0,0,0,0
3,6,10,0,0,0,0,0,0,0
0,2,3,0,0,0,0,0,0,0
26,0,5,0,0,0,0,0,0,0
1,1,9,0,0,0,0,0,0,0
0,4,1,0,0,0,0,0,0,0
1,1,10,0,0,0,0,0,0,0
2,0,11,0,0,0,0,0,0,0
3,1,26,0,0,0,0,0,0,0
0,12,9,0,0,0,0,0,0,0
0,1,4,0,0,0,0,0,0,0
0,4,1,0,0,0,0,0,0,0
0,3,6,0,0,0,0,0,0,0
5,21,9,0,0,0,0,0,0,0
0,3,4,0,0,0,0,0,0,0
0,3,3,0,0,0,0,0,0,0
1,4,15,0,0,0,0,0,0,0
0,1,4,0,0,0,0,0,0,0
1,0,6,0,0,0,0,0,0,0
2,1,13,0,0,0,0,0,0,0
1,5,5,0,0,0,0,0,0,0
0,4,23,0,0,0,0,0,0,0
0,1,5,0,0,0,0,0,0,0
1,10,3,0,0,0,0,0,0,0
3,1,8,0,0,0,0,0,0,0
0,2,5,0,0,0,0,0,0,0
0,1,5,0,0,0,0,0,0,0
0,7,8,0,0,0,0,0,0,0
0,2,13,0,0,0,0,0,0,0
0,7,15,0,0,0,0,0,0,0
0,2,7,0,0,0,0,0,0,0
0,1,4,0,0,0,0,0,0,0
0,4,10,0,0,0,0,0,0,0
0,2,10,0,0,0,0,0,0,0
3,17,21,0,0,0,0,0,0,0
0,1,5,0,0,0,0,0,0,0
1,1,3,0,0,0,0,0,0,0
0,2,13,0,0,0,0,0,0,0
0,1,6,0,0,0,0,0,0,0
0,8,4,0,0,0,0,0,0,0
0,2,6,0,0,0,0,0,0,0
0,12,5,0,0,0,0,0,0,0
0,1,6,0,0,0,0,0,0,0
0,2,5,0,0,0,0,0,0,0
1,2,3,0,0,0,0,0,0,0
0,2,3,0,0,0,0,0,0,0
0,3,4,0,0,0,0,0,0,0
14,7,3,0,0,0,0,0,0,0
0,2,5,0,0,0,0,0,0,0
1,3,1,0,0,0,0,0,0,0
0,1,4,0,0,0,0,0,0,0
0,9,3,0,0,0,0,0,0,0
0,3,18,0,0,0,0,0,0,0
0,3,7,0,0,0,0,0,0,0
0,1,6,0,0,0,0,0,0,0
0,2,5,0,0,0,0,0,0,0
0,4,1,0,0,0,0,0,0,0
0,21,4,0,0,0,0,0,0,0
0,10,2,0,0,0,0,0,0,0
0,2,6,0,0,0,0,0,0,0
0,2,6,0,0,0,0,0,0,0
0,17,6,0,0,0,0,0,0,0
1,10,10,0,0,0,0,0,0,0
0,1,5,0,0,0,0,0,0,0
1,4,8,0,0,0,0,0,0,0
0,3,4,0,0,0,0,0,0,0
1,1,5,0,0,0,0,0,0,0
1,10,13,0,0,0,0,0,0,0
0,1,6,0,0,0,0,0,0,0
1,10,7,0,0,0,0,0,0,0
0,5,2,0,0,0,0,0,0,0
0,14,10,0,0,0,0,0,0,0
1,0,5,0,0,0,0,0,0,0
0,4,5,0,0,0,0,0,0,0
2,0,8,0,0,0,0,0,0,0
1,2,2,0,0,0,0,0,0,0
1,0,6,0,0,0,0,0,0,0
0,1,5,0,0,0,0,0,0,0
0,6,6,0,0,0,0,0,0,0
0,4,10,0,0,0,0,0,0,0
1,2,9,0,0,0,0,0,0,0
1,0,5,0,0,0,0,0,0,0
0,3,3,0,0,0,0,0,0,0
0,3,3,0,0,0,0,0,0,0
1,2,20,0,0,0,0,0,0,0
0,1,4,0,0,0,0,0,0,0
1,4,3,0,0,0,0,0,0,0
2,5,15,0,0,0,0,0,0,0
0,6,1,0,0,0,0,0,0,0
1,1,6,0,0,0,0,0,0,0
1,5,14,0,0,0,0,0,0,0
0,1,6,0,0,0,0,0,0,0
0,3,5,0,0,0,0,0,0,0
13,3,14,0,0,0,0,0,0,0
4,0,9,0,0,0,0,0,0,0
0,7,4,0,0,0,0,0,0,0
0,1,5,0,0,0,0,0,0,0
1,1,11,0,0,0,0,0,0,0
0,1,5,0,0,0,0,0,0,0
0,6,1,0,0,0,0,0,0,0
1,2,16,0,0,0,0,0,0,0
0,1,5,0,0,0,0,0,0,0
2,1,11,0,0,0,0,0,0,0
0,6,1,0,0,0,0,0,0,0
0,2,4,0,0,0,0,0,0,0
0,2,5,0,0,0,0,0,0,0
1,4,3,0,0,0,0,0,0,0
0,7,2,0,0,0,0,0,0,0
0,2,6,0,0,0,0,0,0,0
2,2,2,0,0,0,0,0,0,0
0,5,27,0,0,0,0,0,0,0
0,2,4,0,0,0,0,0,0,0
1,1,6,0,0,0,0,0,0,0
1,3,12,0,0,0,0,0,0,0
0,1,5,0,0,0,0,0,0,0
0,3,13,0,0,0,0,0,0,0
1,11,13,0,0,0,0,0,0,0
1,3,4,0,0,0,0,0,0,0
0,4,1,0,0,0,0,0,0,0
0,3,8,0,0,0,0,0,0,0
19,16,5,0,0,0,0,0,0,0
1,0,5,0,0,0,0,0,0,0
0,5,24,0,0,0,0,0,0,0
0,3,6,0,0,0,0,0,0,0
0,7,5,0,0,0,0,0,0,0
0,4,10,0,0,0,0,0,0,0
0,1,4,0,0,0,0,0,0,0
0,1,5,0,0,0,0,0,0,0
1,5,6,0,0,0,0,0,0,0
0,4,7,0,0,0,0,0,0,0
0,3,14,0,0,0,0,0,0,0
0,2,10,0,0,0,0,0,0,0
0,4,1,0,0,0,0,0,0,0
0,1,6,0,0,0,0,0,0,0
3,3,10,0,0,0,0,0,0,0
2,13,24,0,0,0,0,0,0,0
0,3,10,0,0,0,0,0,0,0
0,3,8,0,0,0,0,0,0,0
0,2,3,0,0,0,0,0,0,0
1,7,27,0,0,0,0,0,0,0
2,10,1,0,0,0,0,0,0,0
0,3,4,0,0,0,0,0,0,0
1,3,14,0,0,0,0,0,0,0
0,1,5,0,0,0,0,0,0,0
1,3,3,0,0,0,0,0,0,0
0,1,4,0,0,0,0,0,0,0
0,7,2,0,0,0,0,0,0,0
0,3,5,0,0,0,0,0,0,0
0,5,6,0,0,0,0,0,0,0
1,1,5,0,0,0,0,0,0,0
1,7,1,0,0,0,0,0,0,0
0,12,2,0,0,0,0,0,0,0
1,3,8,0,0,0,0,0,0,0
0,3,4,0,0,0,0,0,0,0
0,2,6,0,0,0,0,0,0,0
1,1,3,0,0,0,0,0,0,0
1,3,7,0,0,0,0,0,0,0
0,5,8,0,0,0,0,0,0,0
0,6,1,0,0,0,0,0,0,0
2,3,9,0,0,0,0,0,0,0
2,7,21,0,0,0,0,0,0,0
0,1,4,0,0,0,0,0,0,0
0,4,4,0,0,0,0,0,0,0
0,4,2,0,0,0,0,0,0,0
1,3,12,0,0,0,0,0,0,0
0,2,3,0,0,0,0,0,0,0
0,4,2,0,0,0,0,0,0,0
0,4,4,0,0,0,0,0,0,0
1,2,18,0,0,0,0,0,0,0
0,1,4,0,0,0,0,0,0,0
1,2,9,0,0,0,0,0,0,0
0,1,5,0,0,0,0,0,0,0
0,2,12,0,0,0,0,0,0,0
2,0,13,0,0,0,0,0,0,0
0,1,4,0,0,0,0,0,0,0
1,2,9,0,0,0,0,0,0,0
0,11,2,0,0,0,0,0,0,0
1,0,6,0,0,0,0,0,0,0
3,0,7,0,0,0,0,0,0,0
1,3,11,0,0,0,0,0,0,0
2,1,7,0,0,0,0,0,0,0
3,0,9,0,0,0,0,0,0,0
2,5,6,0,0,0,0,0,0,0
0,2,12,0,0,0,0,0,0,0
1,0,5,0,0,0,0,0,0,0
1,0,6,0,0,0,0,0,0,0
0,1,4,0,0,0,0,0,0,0
0,1,6,0,0,0,0,0,0,0
0,3,14,0,0,0,0,0,0,0
1,1,12,0,0,0,0,0,0,0
1,2,20,0,0,0,0,0,0,0
0,3,8,0,0,0,0,0,0,0
0,8,3,0,0,0,0,0,0,0
1,4,13,0,0,0,0,0,0,0
0,2,4,0,0,0,0,0,0,0
0,3,3,0,0,0,0,0,0,0
0,1,5,0,0,0,0,0,0,0
0,3,9,0,0,0,0,0,0,0
2,2,13,0,0,0,0,0,0,0
0,1,6,0,0,0,0,0,0,0
2,4,13,0,0,0,0,0,0,0
0,4,1,0,0,0,0,0,0,0
0,3,16,0,0,0,0,0,0,0
0,1,4,0,0,0,0,0,0,0
1,1,7,0,0,0,0,0,0,0
2,0,9,0,0,0,0,0,0,0
0,1,5,0,0,0,0,0,0,0
0,2,7,0,0,0,0,0,0,0
0,2,11,0,0,0,0,0,0,0
0,7,2,0,0,0,0,0,0,0
1,9,12,0,0,0,0,0,0,0
0,3,2,0,0,0,0,0,0,0
0,1,4,0,0,0,0,0,0,0
1,0,6,0,0,0,0,0,0,0
1,3,8,0,0,0,0,0,0,0
0,10,4,0,0,0,0,0,0,0
1,0,6,0,0,0,0,0,0,0
0,2,3,0,0,0,0,0,0,0
14,1,17,0,0,0,0,0,0,0
0,2,8,0,0,0,0,0,0,0
0,4,13,0,0,0,0,0,0,0
0,3,11,0,0,0,0,0,0,0
0,6,9,0,0,0,0,0,0,0
0,2,11,0,0,0,0,0,0,0
3,3,10,0,0,0,0,0,0,0
1,1,8,0,0,0,0,0,0,0
33,31,7,0,0,0,0,0,0,0
1,1,13,0,0,0,0,0,0,0
0,4,4,0,0,0,0,0,0,0
1,0,5,0,0,0,0,0,0,0
0,2,3,0,0,0,0,0,0,0
1,0,6,0,0,0,0,0,0,0
0,6,2,0,0,0,0,0,0,0
0,1,4,0,0,0,0,0,0,0
0,3,8,0,0,0,0,0,0,0
0,3,4,0,0,0,0,0,0,0
1,1,8,0,0,0,0,0,0,0
1,2,10,0,0,0,0,0,0,0
0,2,5,0,0,0,0,0,0,0
1,1,3,0,0,0,0,0,0,0
1,0,5,0,0,0,0,0,0,0
1,1,8,0,0,0,0,0,0,0
1,3,6,0,0,0,0,0,0,0
0,3,10,0,0,0,0,0,0,0
1,3,13,0,0,0,0,0,0,0
0,2,5,0,0,0,0,0,0,0
0,3,18,0,0,0,0,0,0,0
0,3,19,0,0,0,0,0,0,0
1,0,6,0,0,0,0,0,0,0
0,1,4,0,0,0,0,0,0,0
1,1,13,0,0,0,0,0,0,0
0,1,4,0,0,0,0,0,0,0
0,1,4,0,0,0,0,0,0,0
0,2,4,0,0,0,0,0,0,0
0,4,13,0,0,0,0,0,0,0
1,3,8,0,0,0,0,0,0,0
1,0,5,0,0,0,0,0,0,0
0,3,15,0,0,0,0,0,0,0
1,0,5,0,0,0,0,0,0,0
0,8,16,0,0,0,0,0,0,0
0,6,1,0,0,0,0,0,0,0
1,2,7,0,0,0,0,0,0,0
0,1,5,0,0,0,0,0,0,0
0,3,4,0,0,0,0,0,0,0
0,5,2,0,0,0,0,0,0,0
0,1,4,0,0,0,0,0,0,0
0,7,7,0,0,0,0,0,0,0
0,3,2,0,0,0,0,0,0,0
1,2,3,0,0,0,0,0,0,0
0,1,5,0,0,0,0,0,0,0
2,3,11,0,0,0,0,0,0,0
0,1,6,0,0,0,0,0,0,0
0,8,6,0,0,0,0,0,0,0
0,1,4,0,0,0,0,0,0,0
0,1,6,0,0,0,0,0,0,0
0,7,3,0,0,0,0,0,0,0
0,4,12,0,0,0,0,0,0,0
0,1,5,0,0,0,0,0,0,0
0,4,4,0,0,0,0,0,0,0
1,1,8,0,0,0,0,0,0,0
0,6,1,0,0,0,0,0,0,0
0,1,6,0,0,0,0,0,0,0
0,1,6,0,0,0,0,0,0,0
0,2,3,0,0,0,0,0,0,0
1,4,2,0,0,0,0,0,0,0
0,10,4,0,0,0,0,0,0,0
0,5,7,0,0,0,0,0,0,0
0,3,2,0,0,0,0,0,0,0
1,1,13,0,0,0,0,0,0,0
1,0,5,0,0,0,0,0,0,0
0,3,3,0,0,0,0,0,0,0
0,4,1,0,0,0,0,0,0,0
0,3,5,0,0,0,0,0,0,0
0,2,11,0,0,0,0,0,0,0
0,1,4,0,0,0,0,0,0,0
0,2,11,0,0,0,0,0,0,0
0,1,6,0,0,0,0,0,0,0
0,1,5,0,0,0,0,0,0,0
0,7,2,0,0,0,0,0,0,0
1,1,5,0,0,0,0,0,0,0
0,7,11,0,0,0,0,0,0,0
2,3,19,0,0,0,0,0,0,0
1,2,17,0,0,0,0,0,0,0
0,1,4,0,0,0,0,0,0,0
0,1,4,0,0,0,0,0,0,0
1,1,7,0,0,0,0,0,0,0
1,2,3,0,0,0,0,0,0,0
9,0,5,0,0,0,0,0,0,0
0,2,12,0,0,0,0,0,0,0
0,1,4,0,0,0,0,0,0,0
1,1,8,0,0,0,0,0,0,0
0,3,4,0,0,0,0,0,0,0
0,5,20,0,0,0,0,0,0,0
1,1,4,0,0,0,0,0,0,0
0,4,8,0,0,0,0,0,0,0
0,2,3,0,0,0,0,0,0,0
0,1,4,0,0,0,0,0,0,0
0,5,6,0,0,0,0,0,0,0
1,0,5,0,0,0,0,0,0,0
0,2,3,0,0,0,0,0,0,0
2,0,6,0,0,0,0,0,0,0
0,2,5,0,0,0,0,0,0,0
0,3,2,0,0,0,0,0,0,0
0,2,4,0,0,0,0,0,0,0
0,2,4,0,0,0,0,0,0,0
0,1,4,0,0,0,0,0,0,0
2,1,9,0,0,0,0,0,0,0
0,3,2,0,0,0,0,0,0,0
0,14,12,0,0,0,0,0,0,0
0,3,8,0,0,0,0,0,0,0
0,10,7,0,0,0,0,0,0,0
1,2,16,0,0,0,0,0,0,0
1,2,16,0,0,0,0,0,0,0
1,1,3,0,0,0,0,0,0,0
0,1,6,0,0,0,0,0,0,0
1,2,7,0,0,0,0,0,0,0
1,1,4,0,0,0,0,0,0,0
0,1,4,0,0,0,0,0,0,0
0,1,4,0,0,0,0,0,0,0
1,11,5,0,0,0,0,0,0,0
1,0,5,0,0,0,0,0,0,0
1,1,5,0,0,0,0,0,0,0
0,14,17,0,0,0,0,0,0,0
0,2,11,0,0,0,0,0,0,0
0,1,5,0,0,0,0,0,0,0
1,2,5,0,0,0,0,0,0,0
1,2,5,0,0,0,0,0,0,0
0,4,7,0,0,0,0,0,0,0
4,2,9,0,0,0,0,0,0,0
4,14,24,0,0,0,0,0,0,0
0,5,6,0,0,0,0,0,0,0
0,4,3,0,0,0,0,0,0,0
2,0,5,0,0,0,0,0,0,0
0,1,6,0,0,0,0,0,0,0
1,1,9,0,0,0,0,0,0,0
2,1,10,0,0,0,0,0,0,0
1,0,5,0,0,0,0,0,0,0
0,5,10,0,0,0,0,0,0,0
0,7,3,0,0,0,0,0,0,0
1,1,5,0,0,0,0,0,0,0
8,3,3,0,0,0,0,0,0,0
0,10,10,0,0,0,0,0,0,0
1,4,10,0,0,0,0,0,0,0
0,1,6,0,0,0,0,0,0,0
1,2,17,0,0,0,0,0,0,0
0,16,3,0,0,0,0,0,0,0
0,1,4,0,0,0,0,0,0,0
0,3,9,0,0,0,0,0,0,0
1,0,5,0,0,0,0,0,0,0
2,0,8,0,0,0,0,0,0,0
3,0,9,0,0,0,0,0,0,0
2,1,17,0,0,0,0,0,0,0
0,22,6,0,0,0,0,0,0,0
1,1,3,0,0,0,0,0,0,0
0,2,4,0,0,0,0,0,0,0
0,2,8,0,0,0,0,0,0,0
0,2,11,0,0,0,0,0,0,0
1,1,10,0,0,0,0,0,0,0
0,8,6,0,0,0,0,0,0,0
0,1,5,0,0,0,0,0,0,0
1,1,11,0,0,0,0,0,0,0
0,5,2,0,0,0,0,0,0,0
0,2,5,0,0,0,0,0,0,0
2,0,12,0,0,0,0,0,0,0
0,2,4,0,0,0,0,0,0,0
0,1,6,0,0,0,0,0,0,0
1,6,7,0,0,0,0,0,0,0
1,3,14,0,0,0,0,0,0,0
1,0,6,0,0,0,0,0,0,0
1,1,4,0,0,0,0,0,0,0
0,6,2,0,0,0,0,0,0,0
0,1,6,0,0,0,0,0,0,0
0,5,1,0,0,0,0,0,0,0
2,3,15,0,0,0,0,0,0,0
2,3,9,0,0,0,0,0,0,0
1,2,19,0,0,0,0,0,0,0
1,0,6,0,0,0,0,0,0,0
0,4,1,0,0,0,0,0,0,0
0,10,6,0,0,0,0,0,0,0
0,1,6,0,0,0,0,0,0,0
0,3,2,0,0,0,0,0,0,0
1,7,2,0,0,0,0,0,0,0
2,0,10,0,0,0,0,0,0,0
0,3,2,0,0,0,0,0,0,0
0,3,4,0,0,0,0,0,0,0
0,11,2,0,0,0,0,0,0,0
3,4,12,0,0,0,0,0,0,0
0,1,4,0,0,0,0,0,0,0
2,0,6,0,0,0,0,0,0,0
2,5,21,0,0,0,0,0,0,0
1,1,4,0,0,0,0,0,0,0
0,2,10,0,0,0,0,0,0,0
1,1,8,0,0,0,0,0,0,0
0,1,6,0,0,0,0,0,0,0
0,6,3,0,0,0,0,0,0,0
1,1,3,0,0,0,0,0,0,0
0,5,3,0,0,0,0,0,0,0
1,5,10,0,0,0,0,0,0,0
1,2,7,0,0,0,0,0,0,0
0,7,2,0,0,0,0,0,0,0
0,3,3,0,0,0,0,0,0,0
1,2,10,0,0,0,0,0,0,0
2,1,14,0,0,0,0,0,0,0
0,2,4,0,0,0,0,0,0,0
0,4,2,0,0,0,0,0,0,0
0,3,2,0,0,0,0,0,0,0
2,1,10,0,0,0,0,0,0,0
5,0,11,0,0,0,0,0,0,0
1,0,5,0,0,0,0,0,0,0
1,1,7,0,0,0,0,0,0,0
0,1,6,0,0,0,0,0,0,0
1,3,4,0,0,0,0,0,0,0
0,2,5,0,0,0,0,0,0,0
0,1,6,0,0,0,0,0,0,0
1,2,10,0,0,0,0,0,0,0
2,7,10,0,0,0,0,0,0,0
0,2,3,0,0,0,0,0,0,0
1,4,2,0,0,0,0,0,0,0
0,3,11,0,0,0,0,0,0,0
0,2,3,0,0,0,0,0,0,0
0,3,5,0,0,0,0,0,0,0
0,6,3,0,0,0,0,0,0,0
0,4,1,0,0,0,0,0,0,0
0,2,12,0,0,0,0,0,0,0
1,0,5,0,0,0,0,0,0,0
1,8,14,0,0,0,0,0,0,0
0,2,9,0,0,0,0,0,0,0
0,1,5,0,0,0,0,0,0,0
0,3,3,0,0,0,0,0,0,0
0,1,6,0,0,0,0,0,0,0
0,3,7,0,0,0,0,0,0,0
0,3,19,0,0,0,0,0,0,0
0,5,2,0,0,0,0,0,0,0
3,1,18,0,0,0,0,0,0,0
0,6,7,0,0,0,0,0,0,0
1,0,6,0,0,0,0,0,0,0
0,3,5,0,0,0,0,0,0,0
0,6,5,0,0,0,0,0,0,0
0,2,8,0,0,0,0,0,0,0
1,11,5,0,0,0,0,0,0,0
1,1,11,0,0,0,0,0,0,0
1,10,16,0,0,0,0,0,0,0
0,1,4,0,0,0,0,0,0,0
1,0,5,0,0,0,0,0,0,0
0,2,4,0,0,0,0,0,0,0
0,1,4,0,0,0,0,0,0,0
1,2,8,0,0,0,0,0,0,0
0,6,24,0,0,0,0,0,0,0
1,1,4,0,0,0,0,0,0,0
0,10,9,0,0,0,0,0,0,0
0,7,8,0,0,0,0,0,0,0
0,4,2,0,0,0,0,0,0,0
0,1,5,0,0,0,0,0,0,0
1,3,1,0,0,0,0,0,0,0
0,8,19,0,0,0,0,0,0,0
3,27,10,0,0,0,0,0,0,0
0,1,4,0,0,0,0,0,0,0
0,3,4,0,0,0,0,0,0,0
2,2,10,0,0,0,0,0,0,0
2,1,4,0,0,0,0,0,0,0
1,0,6,0,0,0,0,0,0,0
0,3,16,0,0,0,0,0,0,0
2,1,6,0,0,0,0,0,0,0
0,2,4,0,0,0,0,0,0,0
0,2,6,0,0,0,0,0,0,0
0,13,2,0,0,0,0,0,0,0
0,2,10,0,0,0,0,0,0,0
0,4,9,0,0,0,0,0,0,0
0,1,4,0,0,0,0,0,0,0
0,5,9,0,0,0,0,0,0,0
0,2,10,0,0,0,0,0,0,0
0,11,7,0,0,0,0,0,0,0
1,0,5,0,0,0,0,0,0,0
0,2,6,0,0,0,0,0,0,0
0,4,4,0,0,0,0,0,0,0
1,9,1,0,0,0,0,0,0,0
1,13,3,0,0,0,0,0,0,0
0,4,4,0,0,0,0,0,0,0
12,38,7,0,0,0,0,0,0,0
0,5,11,0,0,0,0,0,0,0
0,8,9,0,0,0,0,0,0,0
1,1,9,0,0,0,0,0,0,0
0,2,4,0,0,0,0,0,0,0
0,7,2,0,0,0,0,0,0,0
0,4,4,0,0,0,0,0,0,0
0,1,5,0,0,0,0,0,0,0
1,7,22,0,0,0,0,0,0,0
0,1,6,0,0,0,0,0,0,0
0,4,4,0,0,0,0,0,0,0
0,4,5,0,0,0,0,0,0,0
0,1,5,0,0,0,0,0,0,0
2,0,12,0,0,0,0,0,0,0
1,0,6,0,0,0,0,0,0,0
0,3,8,0,0,0,0,0,0,0
0,8,2,0,0,0,0,0,0,0
0,1,4,0,0,0,0,0,0,0
20,21,5,0,0,0,0,0,0,0
0,3,3,0,0,0,0,0,0,0
0,6,1,0,0,0,0,0,0,0
0,2,4,0,0,0,0,0,0,0
0,3,14,0,0,0,0,0,0,0
0,2,5,0,0,0,0,0,0,0
4,1,19,0,0,0,0,0,0,0
0,6,1,0,0,0,0,0,0,0
0,3,2,0,0,0,0,0,0,0
3,1,21,0,0,0,0,0,0,0
2,2,7,0,0,0,0,0,0,0
1,0,6,0,0,0,0,0,0,0
5,15,13,0,0,0,0,0,0,0
0,5,1,0,0,0,0,0,0,0
2,5,6,0,0,0,0,0,0,0
1,0,5,0,0,0,0,0,0,0
0,2,6,0,0,0,0,0,0,0
1,1,10,0,0,0,0,0,0,0
0,1,4,0,0,0,0,0,0,0
2,0,12,0,0,0,0,0,0,0
0,3,12,0,0,0,0,0,0,0
0,2,11,0,0,0,0,0,0,0
1,0,5,0,0,0,0,0,0,0
1,3,8,0,0,0,0,0,0,0
1,1,10,0,0,0,0,0,0,0
0,2,9,0,0,0,0,0,0,0
0,4,1,0,0,0,0,0,0,0
0,4,10,0,0,0,0,0,0,0
0,4,7,0,0,0,0,0,0,0
1,1,11,0,0,0,0,0,0,0
1,1,10,0,0,0,0,0,0,0
1,1,11,0,0,0,0,0,0,0
0,2,6,0,0,0,0,0,0,0
1,1,11,0,0,0,0,0,0,0
1,0,5,0,0,0,0,0,0,0
0,1,5,0,0,0,0,0,0,0
0,1,4,0,0,0,0,0,0,0
0,4,4,0,0,0,0,0,0,0
2,1,9,0,0,0,0,0,0,0
2,0,9,0,0,0,0,0,0,0
0,1,4,0,0,0,0,0,0,0
0,4,18,0,0,0,0,0,0,0
0,5,21,0,0,0,0,0,0,0
0,2,11,0,0,0,0,0,0,0
1,3,8,0,0,0,0,0,0,0
0,9,7,0,0,0,0,0,0,0
1,1,11,0,0,0,0,0,0,0
0,2,7,0,0,0,0,0,0,0
0,1,4,0,0,0,0,0,0,0
3,1,10,0,0,0,0,0,0,0
0,2,8,0,0,0,0,0,0,0
0,3,19,0,0,0,0,0,0,0
0,4,10,0,0,0,0,0,0,0
0,1,4,0,0,0,0,0,0,0
0,2,4,0,0,0,0,0,0,0
2,1,3,0,0,0,0,0,0,0
6,1,22,0,0,0,0,0,0,0
2,1,4,0,0,0,0,0,0,0
1,0,6,0,0,0,0,0,0,0
0,2,4,0,0,0,0,0,0,0
0,1,6,0,0,0,0,0,0,0
2,7,6,0,0,0,0,0,0,0
0,8,6,0,0,0,0,0,0,0
0,1,4,0,0,0,0,0,0,0
0,1,6,0,0,0,0,0,0,0
0,1,5,0,0,0,0,0,0,0
0,2,7,0,0,0,0,0,0,0
0,1,4,0,0,0,0,0,0,0
0,1,4,0,0,0,0,0,0,0
0,4,11,0,0,0,0,0,0,0
0,2,3,0,0,0,0,0,0,0
1,1,8,0,0,0,0,0,0,0
0,1,6,0,0,0,0,0,0,0
0,4,2,0,0,0,0,0,0,0
0,3,4,0,0,0,0,0,0,0
0,3,2,0,0,0,0,0,0,0
2,1,4,0,0,0,0,0,0,0
6,20,4,0,0,0,0,0,0,0
0,1,4,0,0,0,0,0,0,0
1,3,2,0,0,0,0,0,0,0
0,4,3,0,0,0,0,0,0,0
0,1,6,0,0,0,0,0,0,0
1,3,5,0,0,0,0,0,0,0
0,3,14,0,0,0,0,0,0,0
0,5,6,0,0,0,0,0,0,0
4,4,7,0,0,0,0,0,0,0
0,4,1,0,0,0,0,0,0,0
0,3,2,0,0,0,0,0,0,0
0,1,6,0,0,0,0,0,0,0
1,2,14,0,0,0,0,0,0,0
0,1,4,0,0,0,0,0,0,0
0,4,14,0,0,0,0,0,0,0
2,1,14,0,0,0,0,0,0,0
0,2,4,0,0,0,0,0,0,0
0,1,4,0,0,0,0,0,0,0
1,1,7,0,0,0,0,0,0,0
1,2,8,0,0,0,0,0,0,0
0,4,8,0,0,0,0,0,0,0
0,1,4,0,0,0,0,0,0,0
0,5,13,0,0,0,0,0,0,0
0,6,2,0,0,0,0,0,0,0
1,7,5,0,0,0,0,0,0,0
1,1,9,0,0,0,0,0,0,0
0,2,4,0,0,0,0,0,0,0
2,3,1,0,0,0,0,0,0,0
1,1,9,0,0,0,0,0,0,0
0,2,6,0,0,0,0,0,0,0
0,15,16,0,0,0,0,0,0,0
0,6,2,0,0,0,0,0,0,0
1,1,6,0,0,0,0,0,0,0
1,1,9,0,0,0,0,0,0,0
0,5,3,0,0,0,0,0,0,0
0,6,2,0,0,0,0,0,0,0
0,3,10,0,0,0,0,0,0,0
0,14,4,0,0,0,0,0,0,0
0,3,7,0,0,0,0,0,0,0
1,2,2,0,0,0,0,0,0,0
2,2,1,0,0,0,0,0,0,0
3,0,5,0,0,0,0,0,0,0
1,0,5,0,0,0,0,0,0,0
0,1,6,0,0,0,0,0,0,0
2,1,20,0,0,0,0,0,0,0
0,2,3,0,0,0,0,0,0,0
0,4,2,0,0,0,0,0,0,0
1,1,10,0,0,0,0,0,0,0
0,9,7,0,0,0,0,0,0,0
1,2,18,0,0,0,0,0,0,0
1,0,6,0,0,0,0,0,0,0
0,11,2,0,0,0,0,0,0,0
2,0,6,0,0,0,0,0,0,0
0,2,9,0,0,0,0,0,0,0
0,3,2,0,0,0,0,0,0,0
2,2,5,0,0,0,0,0,0,0
0,7,13,0,0,0,0,0,0,0
0,15,5,0,0,0,0,0,0,0
1,3,12,0,0,0,0,0,0,0
0,2,4,0,0,0,0,0,0,0
1,4,4,0,0,0,0,0,0,0
0,4,24,0,0,0,0,0,0,0
0,3,13,0,0,0,0,0,0,0
0,3,5,0,0,0,0,0,0,0
0,3,14,0,0,0,0,0,0,0
1,5,3,0,0,0,0,0,0,0
1,1,4,0,0,0,0,0,0,0
1,1,6,0,0,0,0,0,0,0
0,9,3,0,0,0,0,0,0,0
1,6,1,0,0,0,0,0,0,0
0,1,6,0,0,0,0,0,0,0
0,5,3,0,0,0,0,0,0,0
0,5,6,0,0,0,0,0,0,0
1,3,9,0,0,0,0,0,0,0
0,2,8,0,0,0,0,0,0,0
0,1,5,0,0,0,0,0,0,0
0,3,2,0,0,0,0,0,0,0
1,4,19,0,0,0,0,0,0,0
0,4,9,0,0,0,0,0,0,0
1,1,3,0,0,0,0,0,0,0
0,5,2,0,0,0,0,0,0,0
1,3,2,0,0,0,0,0,0,0
0,8,4,0,0,0,0,0,0,0
0,1,6,0,0,0,0,0,0,0
0,3,17,0,0,0,0,0,0,0
0,2,7,0,0,0,0,0,0,0
0,2,6,0,0,0,0,0,0,0
0,4,1,0,0,0,0,0,0,0
0,2,3,0,0,0,0,0,0,0
1,4,15,0,0,0,0,0,0,0
0,9,2,0,0,0,0,0,0,0
0,2,4,0,0,0,0,0,0,0
0,1,4,0,0,0,0,0,0,0
0,1,5,0,0,0,0,0,0,0
0,2,5,0,0,0,0,0,0,0
2,1,7,0,0,0,0,0,0,0
0,2,4,0,0,0,0,0,0,0
0,4,12,0,0,0,0,0,0,0
5,10,4,0,0,0,0,0,0,0
0,1,6,0,0,0,0,0,0,0
1,1,5,0,0,0,0,0,0,0
1,3,20,0,0,0,0,0,0,0
0,2,5,0,0,0,0,0,0,0
0,2,12,0,0,0,0,0,0,0
0,1,6,0,0,0,0,0,0,0
1,2,3,0,0,0,0,0,0,0
0,2,8,0,0,0,0,0,0,0
0,7,2,0,0,0,0,0,0,0
1,1,6,0,0,0,0,0,0,0
0,5,26,0,0,0,0,0,0,0
1,9,14,0,0,0,0,0,0,0
1,4,9,0,0,0,0,0,0,0
0,3,7,0,0,0,0,0,0,0
0,2,3,0,0,0,0,0,0,0
1,3,6,0,0,0,0,0,0,0
3,1,15,0,0,0,0,0,0,0
2,0,9,0,0,0,0,0,0,0
0,3,8,0,0,0,0,0,0,0
1,2,20,0,0,0,0,0,0,0
0,3,6,0,0,0,0,0,0,0
2,1,13,0,0,0,0,0,0,0
0,1,4,0,0,0,0,0,0,0
0,1,4,0,0,0,0,0,0,0
0,3,3,0,0,0,0,0,0,0
0,5,24,0,0,0,0,0,0,0
0,2,3,0,0,0,0,0,0,0
1,1,13,0,0,0,0,0,0,0
0,2,11,0,0,0,0,0,0,0
1,0,6,0,0,0,0,0,0,0
0,1,4,0,0,0,0,0,0,0
0,2,10,0,0,0,0,0,0,0
2,8,11,0,0,0,0,0,0,0
0,3,7,0,0,0,0,0,0,0
0,5,1,0,0,0,0,0,0,0
2,2,15,0,0,0,0,0,0,0
1,3,3,0,0,0,0,0,0,0
0,4,6,0,0,0,0,0,0,0
1,10,1,0,0,0,0,0,0,0
0,1,6,0,0,0,0,0,0,0
0,1,6,0,0,0,0,0,0,0
0,2,5,0,0,0,0,0,0,0
0,2,4,0,0,0,0,0,0,0
0,2,6,0,0,0,0,0,0,0
1,6,23,0,0,0,0,0,0,0
0,11,2,0,0,0,0,0,0,0
0,4,22,0,0,0,0,0,0,0
0,10,2,0,0,0,0,0,0,0
1,5,4,0,0,0,0,0,0,0
0,10,17,0,0,0,0,0,0,0
3,0,5,0,0,0,0,0,0,0
1,3,26,0,0,0,0,0,0,0
0,5,22,0,0,0,0,0,0,0
1,0,6,0,0,0,0,0,0,0
0,9,13,0,0,0,0,0,0,0
0,4,5,0,0,0,0,0,0,0
0,6,10,0,0,0,0,0,0,0
1,1,5,0,0,0,0,0,0,0
0,1,4,0,0,0,0,0,0,0
0,1,6,0,0,0,0,0,0,0
0,1,6,0,0,0,0,0,0,0
0,1,4,0,0,0,0,0,0,0
0,3,14,0,0,0,0,0,0,0
0,1,4,0,0,0,0,0,0,0
0,3,7,0,0,0,0,0,0,0
1,1,6,0,0,0,0,0,0,0
0,2,4,0,0,0,0,0,0,0
1,3,5,0,0,0,0,0,0,0
0,1,5,0,0,0,0,0,0,0
0,5,8,0,0,0,0,0,0,0
1,0,5,0,0,0,0,0,0,0
1,2,2,0,0,0,0,0,0,0
1,0,5,0,0,0,0,0,0,0
1,0,6,0,0,0,0,0,0,0
1,1,3,0,0,0,0,0,0,0
0,6,10,0,0,0,0,0,0,0
0,3,5,0,0,0,0,0,0,0
1,0,6,0,0,0,0,0,0,0
0,4,1,0,0,0,0,0,0,0
0,2,4,0,0,0,0,0,0,0
2,3,12,0,0,0,0,0,0,0
0,4,4,0,0,0,0,0,0,0
1,1,8,0,0,0,0,0,0,0
0,1,4,0,0,0,0,0,0,0
0,2,4,0,0,0,0,0,0,0
1,1,6,0,0,0,0,0,0,0
0,5,27,0,0,0,0,0,0,0
0,2,6,0,0,0,0,0,0,0
0,5,1,0,0,0,0,0,0,0
0,5,2,0,0,0,0,0,0,0
0,2,3,0,0,0,0,0,0,0
1,2,8,0,0,0,0,0,0,0
0,1,6,0,0,0,0,0,0,0
1,1,3,0,0,0,0,0,0,0
2,0,13,0,0,0,0,0,0,0
20,4,8,0,0,0,0,0,0,0
0,1,6,0,0,0,0,0,0,0
0,1,4,0,0,0,0,0,0,0
1,1,3,0,0,0,0,0,0,0
1,0,5,0,0,0,0,0,0,0
0,8,23,0,0,0,0,0,0,0
0,1,5,0,0,0,0,0,0,0
1,1,8,0,0,0,0,0,0,0
0,3,9,0,0,0,0,0,0,0
0,4,11,0,0,0,0,0,0,0
2,2,14,0,0,0,0,0,0,0
4,0,8,0,0,0,0,0,0,0
0,5,2,0,0,0,0,0,0,0
0,1,5,0,0,0,0,0,0,0
0,3,8,0,0,0,0,0,0,0
0,2,9,0,0,0,0,0,0,0
0,1,4,0,0,0,0,0,0,0
0,1,4,0,0,0,0,0,0,0
0,3,19,0,0,0,0,0,0,0
0,3,7,0,0,0,0,0,0,0
1,2,14,0,0,0,0,0,0,0
0,6,15,0,0,0,0,0,0,0
0,2,8,0,0,0,0,0,0,0
0,2,7,0,0,0,0,0,0,0
0,3,16,0,0,0,0,0,0,0
0,1,6,0,0,0,0,0,0,0
0,1,4,0,0,0,0,0,0,0
0,4,2,0,0,0,0,0,0,0
1,2,13,0,0,0,0,0,0,0
0,8,8,0,0,0,0,0,0,0
3,23,4,0,0,0,0,0,0,0
5,2,8,0,0,0,0,0,0,0
0,3,8,0,0,0,0,0,0,0
0,10,2,0,0,0,0,0,0,0
0,3,4,0,0,0,0,0,0,0
0,3,6,0,0,0,0,0,0,0
0,2,4,0,0,0,0,0,0,0
0,3,18,0,0,0,0,0,0,0
1,2,9,0,0,0,0,0,0,0
1,3,5,0,0,0,0,0,0,0
1,1,5,0,0,0,0,0,0,0
0,4,1,0,0,0,0,0,0,0
0,3,7,0,0,0,0,0,0,0
1,2,10,0,0,0,0,0,0,0
2,3,23,0,0,0,0,0,0,0
1,1,13,0,0,0,0,0,0,0
0,14,5,0,0,0,0,0,0,0
1,1,5,0,0,0,0,0,0,0
0,7,2,0,0,0,0,0,0,0
1,1,9,0,0,0,0,0,0,0
0,2,9,0,0,0,0,0,0,0
0,1,5,0,0,0,0,0,0,0
6,1,2,0,0,0,0,0,0,0
0,2,7,0,0,0,0,0,0,0
0,7,12,0,0,0,0,0,0,0
0,1,4,0,0,0,0,0,0,0
2,1,15,0,0,0,0,0,0,0
0,16,4,0,0,0,0,0,0,0
1,4,8,0,0,0,0,0,0,0
1,1,10,0,0,0,0,0,0,0
0,6,14,0,0,0,0,0,0,0
0,2,13,0,0,0,0,0,0,0
0,3,9,0,0,0,0,0,0,0
0,1,6,0,0,0,0,0,0,0
0,2,13,0,0,0,0,0,0,0
0,13,26,0,0,0,0,0,0,0
1,4,4,0,0,0,0,0,0,0
0,1,5,0,0,0,0,0,0,0
0,3,2,0,0,0,0,0,0,0
0,1,5,0,0,0,0,0,0,0
1,2,11,0,0,0,0,0,0,0
0,3,6,0,0,0,0,0,0,0
0,4,3,0,0,0,0,0,0,0
0,2,12,0,0,0,0,0,0,0
0,3,2,0,0,0,0,0,0,0
0,2,8,0,0,0,0,0,0,0
1,8,8,0,0,0,0,0,0,0
0,6,1,0,0,0,0,0,0,0
1,1,5,0,0,0,0,0,0,0
0,4,8,0,0,0,0,0,0,0
1,3,1,0,0,0,0,0,0,0
0,3,2,0,0,0,0,0,0,0
1,7,25,0,0,0,0,0,0,0
0,4,2,0,0,0,0,0,0,0
3,4,3,0,0,0,0,0,0,0
0,1,6,0,0,0,0,0,0,0
0,2,11,0,0,0,0,0,0,0
0,1,5,0,0,0,0,0,0,0
0,3,2,0,0,0,0,0,0,0
0,3,6,0,0,0,0,0,0,0
0,1,5,0,0,0,0,0,0,0
0,6,5,0,0,0,0,0,0,0
0,1,5,0,0,0,0,0,0,0
0,4,2,0,0,0,0,0,0,0
0,4,2,0,0,0,0,0,0,0
0,1,4,0,0,0,0,0,0,0
0,2,3,0,0,0,0,0,0,0
2,1,4,0,0,0,0,0,0,0
1,1,6,0,0,0,0,0,0,0
1,1,4,0,0,0,0,0,0,0
0,6,1,0,0,0,0,0,0,0
1,0,6,0,0,0,0,0,0,0
0,3,15,0,0,0,0,0,0,0
0,2,4,0,0,0,0,0,0,0
0,3,2,0,0,0,0,0,0,0
0,2,6,0,0,0,0,0,0,0
1,0,6,0,0,0,0,0,0,0
1,4,6,0,0,0,0,0,0,0
0,2,5,0,0,0,0,0,0,0
0,6,6,0,0,0,0,0,0,0
0,12,10,0,0,0,0,0,0,0
0,6,8,0,0,0,0,0,0,0
1,0,5,0,0,0,0,0,0,0
0,1,6,0,0,0,0,0,0,0
1,1,13,0,0,0,0,0,0,0
0,3,11,0,0,0,0,0,0,0
0,1,4,0,0,0,0,0,0,0
0,1,5,0,0,0,0,0,0,0
0,3,19,0,0,0,0,0,0,0
2,1,17,0,0,0,0,0,0,0
3,0,11,0,0,0,0,0,0,0
1,8,19,0,0,0,0,0,0,0
0,1,4,0,0,0,0,0,0,0
2,3,5,0,0,0,0,0,0,0
2,0,11,0,0,0,0,0,0,0
0,5,4,0,0,0,0,0,0,0
0,1,5,0,0,0,0,0,0,0
0,3,12,0,0,0,0,0,0,0
0,2,13,0,0,0,0,0,0,0
0,1,4,0,0,0,0,0,0,0
5,2,6,0,0,0,0,0,0,0
0,21,11,0,0,0,0,0,0,0
1,1,3,0,0,0,0,0,0,0
2,2,1,0,0,0,0,0,0,0
0,1,4,0,0,0,0,0,0,0
0,1,5,0,0,0,0,0,0,0
1,1,5,0,0,0,0,0,0,0
0,1,6,0,0,0,0,0,0,0
1,1,4,0,0,0,0,0,0,0
1,5,3,0,0,0,0,0,0,0
0,2,6,0,0,0,0,0,0,0
0,1,4,0,0,0,0,0,0,0
2,2,19,0,0,0,0,0,0,0
0,4,7,0,0,0,0,0,0,0
0,3,9,0,0,0,0,0,0,0
1,1,10,0,0,0,0,0,0,0
0,3,10,0,0,0,0,0,0,0
1,1,8,0,0,0,0,0,0,0
3,14,8,0,0,0,0,0,0,0
1,0,5,0,0,0,0,0,0,0
0,2,5,0,0,0,0,0,0,0
2,1,6,0,0,0,0,0,0,0
0,2,5,0,0,0,0,0,0,0
0,11,2,0,0,0,0,0,0,0
2,1,2,0,0,0,0,0,0,0
1,0,6,0,0,0,0,0,0,0
0,4,4,0,0,0,0,0,0,0
0,4,15,0,0,0,0,0,0,0
3,3,9,0,0,0,0,0,0,0
0,5,9,0,0,0,0,0,0,0
2,3,1,0,0,0,0,0,0,0
0,1,4,0,0,0,0,0,0,0
0,2,3,0,0,0,0,0,0,0
0,17,12,0,0,0,0,0,0,0
0,5,3,0,0,0,0,0,0,0
0,1,5,0,0,0,0,0,0,0
1,3,18,0,0,0,0,0,0,0
3,2,23,0,0,0,0,0,0,0
0,7,5,0,0,0,0,0,0,0
0,6,13,0,0,0,0,0,0,0
0,2,4,0,0,0,0,0,0,0
1,1,6,0,0,0,0,0,0,0
0,2,5,0,0,0,0,0,0,0
0,3,4,0,0,0,0,0,0,0
0,1,4,0,0,0,0,0,0,0
1,1,10,0,0,0,0,0,0,0
2,0,7,0,0,0,0,0,0,0
1,15,3,0,0,0,0,0,0,0
0,2,6,0,0,0,0,0,0,0
0,12,9,0,0,0,0,0,0,0
0,2,4,0,0,0,0,0,0,0
0,1,4,0,0,0,0,0,0,0
0,10,3,0,0,0,0,0,0,0
0,3,2,0,0,0,0,0,0,0
1,1,3,0,0,0,0,0,0,0
3,0,7,0,0,0,0,0,0,0
1,5,13,0,0,0,0,0,0,0
1,2,18,0,0,0,0,0,0,0
0,4,13,0,0,0,0,0,0,0
0,2,6,0,0,0,0,0,0,0
0,2,10,0,0,0,0,0,0,0
0,4,15,0,0,0,0,0,0,0
0,1,5,0,0,0,0,0,0,0
0,1,5,0,0,0,0,0,0,0
9,9,5,0,0,0,0,0,0,0
2,3,2,0,0,0,0,0,0,0
1,6,25,0,0,0,0,0,0,0
1,0,5,0,0,0,0,0,0,0
0,1,6,0,0,0,0,0,0,0
0,3,4,0,0,0,0,0,0,0
1,23,23,0,0,0,0,0,0,0
1,2,5,0,0,0,0,0,0,0
0,3,2,0,0,0,0,0,0,0
0,2,5,0,0,0,0,0,0,0
0,3,19,0,0,0,0,0,0,0
0,3,2,0,0,0,0,0,0,0
1,15,2,0,0,0,0,0,0,0
1,3,24,0,0,0,0,0,0,0
0,3,13,0,0,0,0,0,0,0
0,4,3,0,0,0,0,0,0,0
1,1,11,0,0,0,0,0,0,0
2,14,3,0,0,0,0,0,0,0
0,2,9,0,0,0,0,0,0,0
0,3,4,0,0,0,0,0,0,0
0,2,6,0,0,0,0,0,0,0
1,1,4,0,0,0,0,0,0,0
0,2,5,0,0,0,0,0,0,0
0,2,3,0,0,0,0,0,0,0
0,6,6,0,0,0,0,0,0,0
0,1,5,0,0,0,0,0,0,0
3,2,10,0,0,0,0,0,0,0
0,1,4,0,0,0,0,0,0,0
0,1,4,0,0,0,0,0,0,0
0,1,5,0,0,0,0,0,0,0
3,5,9,0,0,0,0,0,0,0
0,2,12,0,0,0,0,0,0,0
0,3,8,0,0,0,0,0,0,0
2,0,12,0,0,0,0,0,0,0
0,1,4,0,0,0,0,0,0,0
0,1,4,0,0,0,0,0,0,0
0,1,4,0,0,0,0,0,0,0
0,14,16,0,0,0,0,0,0,0
0,1,6,0,0,0,0,0,0,0
1,6,1,0,0,0,0,0,0,0
0,7,12,0,0,0,0,0,0,0
0,1,5,0,0,0,0,0,0,0
1,9,11,0,0,0,0,0,0,0
0,2,13,0,0,0,0,0,0,0
2,1,20,0,0,0,0,0,0,0
5,1,6,0,0,0,0,0,0,0
0,3,2,0,0,0,0,0,0,0
0,1,5,0,0,0,0,0,0,0
0,1,4,0,0,0,0,0,0,0
1,2,3,0,0,0,0,0,0,0
0,1,4,0,0,0,0,0,0,0
0,4,2,0,0,0,0,0,0,0
1,1,7,0,0,0,0,0,0,0
0,3,4,0,0,0,0,0,0,0
1,2,8,0,0,0,0,0,0,0
0,2,3,0,0,0,0,0,0,0
1,5,1,0,0,0,0,0,0,0
2,7,8,0,0,0,0,0,0,0
1,1,9,0,0,0,0,0,0,0
3,0,11,0,0,0,0,0,0,0
1,11,5,0,0,0,0,0,0,0
0,2,3,0,0,0,0,0,0,0
1,2,7,0,0,0,0,0,0,0
1,2,4,0,0,0,0,0,0,0
0,2,8,0,0,0,0,0,0,0
1,0,5,0,0,0,0,0,0,0
0,2,5,0,0,0,0,0,0,0
0,4,6,0,0,0,0,0,0,0
0,3,8,0,0,0,0,0,0,0
0,3,2,0,0,0,0,0,0,0
1,0,5,0,0,0,0,0,0,0
3,0,16,0,0,0,0,0,0,0
0,1,4,0,0,0,0,0,0,0
0,7,2,0,0,0,0,0,0,0
0,2,8,0,0,0,0,0,0,0
3,1,4,0,0,0,0,0,0,0
0,2,3,0,0,0,0,0,0,0
0,2,8,0,0,0,0,0,0,0
1,1,7,0,0,0,0,0,0,0
0,2,5,0,0,0,0,0,0,0
0,4,2,0,0,0,0,0,0,0
2,3,20,0,0,0,0,0,0,0
0,3,4,0,0,0,0,0,0,0
0,2,12,0,0,0,0,0,0,0
0,5,8,0,0,0,0,0,0,0
0,6,1,0,0,0,0,0,0,0
0,8,4,0,0,0,0,0,0,0
2,1,20,0,0,0,0,0,0,0
0,2,4,0,0,0,0,0,0,0
0,1,4,0,0,0,0,0,0,0
1,1,6,0,0,0,0,0,0,0
0,3,2,0,0,0,0,0,0,0
0,4,7,0,0,0,0,0,0,0
0,6,1,0,0,0,0,0,0,0
0,1,6,0,0,0,0,0,0,0
0,9,10,0,0,0,0,0,0,0
0,3,8,0,0,0,0,0,0,0
0,2,3,0,0,0,0,0,0,0
1,1,9,0,0,0,0,0,0,0
0,11,5,0,0,0,0,0,0,0
0,4,1,0,0,0,0,0,0,0
0,2,7,0,0,0,0,0,0,0
0,4,2,0,0,0,0,0,0,0
0,5,2,0,0,0,0,0,0,0
3,74,10,0,0,0,0,0,0,0
0,1,4,0,0,0,0,0,0,0
0,1,4,0,0,0,0,0,0,0
0,1,4,0,0,0,0,0,0,0
0,4,7,0,0,0,0,0,0,0
0,7,13,0,0,0,0,0,0,0
0,1,4,0,0,0,0,0,0,0
2,2,10,0,0,0,0,0,0,0
1,1,3,0,0,0,0,0,0,0
0,2,4,0,0,0,0,0,0,0
1,0,5,0,0,0,0,0,0,0
1,1,12,0,0,0,0,0,0,0
0,2,7,0,0,0,0,0,0,0
0,2,9,0,0,0,0,0,0,0
0,1,5,0,0,0,0,0,0,0
0,1,4,0,0,0,0,0,0,0
1,2,11,0,0,0,0,0,0,0
0,1,5,0,0,0,0,0,0,0
0,2,3,0,0,0,0,0,0,0
1,0,6,0,0,0,0,0,0,0
1,4,4,0,0,0,0,0,0,0
0,6,9,0,0,0,0,0,0,0
0,2,12,0,0,0,0,0,0,0
0,2,7,0,0,0,0,0,0,0
0,3,14,0,0,0,0,0,0,0
0,3,6,0,0,0,0,0,0,0
0,1,4,0,0,0,0,0,0,0
0,2,4,0,0,0,0,0,0,0
1,5,10,0,0,0,0,0,0,0
1,2,12,0,0,0,0,0,0,0
1,1,6,0,0,0,0,0,0,0
0,11,3,0,0,0,0,0,0,0
2,1,7,0,0,0,0,0,0,0
1,3,15,0,0,0,0,0,0,0
0,1,4,0,0,0,0,0,0,0
0,1,4,0,0,0,0,0,0,0
0,1,4,0,0,0,0,0,0,0
3,5,2,0,0,0,0,0,0,0
1,7,11,0,0,0,0,0,0,0
3,6,23,0,0,0,0,0,0,0
0,4,3,0,0,0,0,0,0,0
0,1,6,0,0,0,0,0,0,0
1,4,28,0,0,0,0,0,0,0
1,0,6,0,0,0,0,0,0,0
1,0,5,0,0,0,0,0,0,0
1,1,5,0,0,0,0,0,0,0
1,4,12,0,0,0,0,0,0,0
1,1,3,0,0,0,0,0,0,0
6,4,9,0,0,0,0,0,0,0
0,2,4,0,0,0,0,0,0,0
2,3,7,0,0,0,0,0,0,0
3,0,19,0,0,0,0,0,0,0
1,0,6,0,0,0,0,0,0,0
0,3,11,0,0,0,0,0,0,0
2,1,2,0,0,0,0,0,0,0
0,19,10,0,0,0,0,0,0,0
6,2,6,0,0,0,0,0,0,0
1,3,18,0,0,0,0,0,0,0
0,3,4,0,0,0,0,0,0,0
1,1,4,0,0,0,0,0,0,0
0,2,8,0,0,0,0,0,0,0
1,2,16,0,0,0,0,0,0,0
0,1,4,0,0,0,0,0,0,0
0,2,6,0,0,0,0,0,0,0
0,2,4,0,0,0,0,0,0,0
0,2,11,0,0,0,0,0,0,0
0,3,7,0,0,0,0,0,0,0
0,5,1,0,0,0,0,0,0,0
1,1,7,0,0,0,0,0,0,0
1,0,5,0,0,0,0,0,0,0
1,0,6,0,0,0,0,0,0,0
2,1,14,0,0,0,0,0,0,0
0,2,6,0,0,0,0,0,0,0
2,1,2,0,0,0,0,0,0,0
0,2,9,0,0,0,0,0,0,0
1,3,2,0,0,0,0,0,0,0
1,0,5,0,0,0,0,0,0,0
0,2,10,0,0,0,0,0,0,0
0,4,6,0,0,0,0,0,0,0
0,9,4,0,0,0,0,0,0,0
0,2,7,0,0,0,0,0,0,0
0,1,6,0,0,0,0,0,0,0
0,4,6,0,0,0,0,0,0,0
1,0,6,0,0,0,0,0,0,0
1,1,10,0,0,0,0,0,0,0
0,6,6,0,0,0,0,0,0,0
0,1,5,0,0,0,0,0,0,0
0,1,4,0,0,0,0,0,0,0
0,3,18,0,0,0,0,0,0,0
2,0,6,0,0,0,0,0,0,0
1,2,10,0,0,0,0,0,0,0
0,1,4,0,0,0,0,0,0,0
0,3,6,0,0,0,0,0,0,0
2,0,8,0,0,0,0,0,0,0
0,2,3,0,0,0,0,0,0,0
1,1,5,0,0,0,0,0,0,0
0,5,2,0,0,0,0,0,0,0
0,2,8,0,0,0,0,0,0,0
0,2,10,0,0,0,0,0,0,0
1,5,1,0,0,0,0,0,0,0
0,4,2,0,0,0,0,0,0,0
1,1,12,0,0,0,0,0,0,0
1,6,2,0,0,0,0,0,0,0
0,1,4,0,0,0,0,0,0,0
0,3,3,0,0,0,0,0,0,0
0,4,1,0,0,0,0,0,0,0
1,10,14,0,0,0,0,0,0,0
0,12,2,0,0,0,0,0,0,0
1,2,15,0,0,0,0,0,0,0
1,1,9,0,0,0,0,0,0,0
2,11,6,0,0,0,0,0,0,0
5,1,11,0,0,0,0,0,0,0
2,0,10,0,0,0,0,0,0,0
0,2,5,0,0,0,0,0,0,0
0,1,5,0,0,0,0,0,0,0
1,4,8,0,0,0,0,0,0,0
2,12,2,0,0,0,0,0,0,0
0,9,2,0,0,0,0,0,0,0
0,4,6,0,0,0,0,0,0,0
0,1,4,0,0,0,0,0,0,0
0,4,3,0,0,0,0,0,0,0
2,0,12,0,0,0,0,0,0,0
0,4,16,0,0,0,0,0,0,0
1,1,9,0,0,0,0,0,0,0
1,1,6,0,0,0,0,0,0,0
2,2,19,0,0,0,0,0,0,0
1,1,8,0,0,0,0,0,0,0
1,4,28,0,0,0,0,0,0,0
0,1,6,0,0,0,0,0,0,0
1,10,3,0,0,0,0,0,0,0
1,0,6,0,0,0,0,0,0,0
1,1,6,0,0,0,0,0,0,0
5,6,15,0,0,0,0,0,0,0
1,17,6,0,0,0,0,0,0,0
0,4,4,0,0,0,0,0,0,0
0,3,18,0,0,0,0,0,0,0
0,5,3,0,0,0,0,0,0,0
1,2,17,0,0,0,0,0,0,0
0,5,19,0,0,0,0,0,0,0
1,1,9,0,0,0,0,0,0,0
0,12,2,0,0,0,0,0,0,0
0,2,3,0,0,0,0,0,0,0
1,7,21,0,0,0,0,0,0,0
0,2,3,0,0,0,0,0,0,0
1,2,2,0,0,0,0,0,0,0
1,7,6,0,0,0,0,0,0,0
1,1,12,0,0,0,0,0,0,0
0,2,3,0,0,0,0,0,0,0
0,4,1,0,0,0,0,0,0,0
1,2,2,0,0,0,0,0,0,0
0,2,3,0,0,0,0,0,0,0
1,3,10,0,0,0,0,0,0,0
0,1,4,0,0,0,0,0,0,0
0,2,7,0,0,0,0,0,0,0
0,1,4,0,0,0,0,0,0,0
0,3,12,0,0,0,0,0,0,0
0,2,4,0,0,0,0,0,0,0
3,3,9,0,0,0,0,0,0,0
0,4,6,0,0,0,0,0,0,0
0,10,24,0,0,0,0,0,0,0
0,4,5,0,0,0,0,0,0,0
0,2,6,0,0,0,0,0,0,0
0,6,1,0,0,0,0,0,0,0
1,3,7,0,0,0,0,0,0,0
0,3,13,0,0,0,0,0,0,0
1,3,1,0,0,0,0,0,0,0
1,3,5,0,0,0,0,0,0,0
1,0,5,0,0,0,0,0,0,0
0,1,5,0,0,0,0,0,0,0
0,2,6,0,0,0,0,0,0,0
0,4,7,0,0,0,0,0,0,0
0,4,1,0,0,0,0,0,0,0
0,1,4,0,0,0,0,0,0,0
0,2,8,0,0,0,0,0,0,0
0,1,6,0,0,0,0,0,0,0
1,5,7,0,0,0,0,0,0,0
0,1,5,0,0,0,0,0,0,0
0,2,8,0,0,0,0,0,0,0
1,3,24,0,0,0,0,0,0,0
0,1,5,0,0,0,0,0,0,0
2,1,2,0,0,0,0,0,0,0
0,2,11,0,0,0,0,0,0,0
0,1,6,0,0,0,0,0,0,0
0,8,18,0,0,0,0,0,0,0
0,3,9,0,0,0,0,0,0,0
1,2,17,0,0,0,0,0,0,0
0,1,5,0,0,0,0,0,0,0
0,1,4,0,0,0,0,0,0,0
2,4,3,0,0,0,0,0,0,0
1,2,5,0,0,0,0,0,0,0
0,1,6,0,0,0,0,0,0,0
0,1,5,0,0,0,0,0,0,0
0,2,9,0,0,0,0,0,0,0
0,2,4,0,0,0,0,0,0,0
0,6,2,0,0,0,0,0,0,0
0,1,6,0,0,0,0,0,0,0
0,3,4,0,0,0,0,0,0,0
1,5,10,0,0,0,0,0,0,0
1,7,2,0,0,0,0,0,0,0
0,6,2,0,0,0,0,0,0,0
0,6,18,0,0,0,0,0,0,0
2,1,5,0,0,0,0,0,0,0
50,3,15,0,0,0,0,0,0,0
0,1,4,0,0,0,0,0,0,0
1,7,19,0,0,0,0,0,0,0
1,0,6,0,0,0,0,0,0,0
2,0,10,0,0,0,0,0,0,0
0,2,4,0,0,0,0,0,0,0
1,3,7,0,0,0,0,0,0,0
0,2,10,0,0,0,0,0,0,0
18,16,12,0,0,0,0,0,0,0
1,1,5,0,0,0,0,0,0,0
1,1,8,0,0,0,0,0,0,0
0,6,3,0,0,0,0,0,0,0
1,5,5,0,0,0,0,0,0,0
0,1,6,0,0,0,0,0,0,0
0,2,3,0,0,0,0,0,0,0
1,2,13,0,0,0,0,0,0,0
0,5,8,0,0,0,0,0,0,0
0,1,5,0,0,0,0,0,0,0
2,3,14,0,0,0,0,0,0,0
2,1,11,0,0,0,0,0,0,0
0,6,18,0,0,0,0,0,0,0
1,8,9,0,0,0,0,0,0,0
1,4,29,0,0,0,0,0,0,0
0,2,13,0,0,0,0,0,0,0
1,2,5,0,0,0,0,0,0,0
0,2,7,0,0,0,0,0,0,0
0,6,7,0,0,0,0,0,0,0
2,0,13,0,0,0,0,0,0,0
1,1,6,0,0,0,0,0,0,0
0,6,12,0,0,0,0,0,0,0
0,1,6,0,0,0,0,0,0,0
0,2,4,0,0,0,0,0,0,0
0,1,6,0,0,0,0,0,0,0
1,0,5,0,0,0,0,0,0,0
1,9,4,0,0,0,0,0,0,0
0,4,18,0,0,0,0,0,0,0
1,0,5,0,0,0,0,0,0,0
0,4,24,0,0,0,0,0,0,0
0,4,2,0,0,0,0,0,0,0
2,2,1,0,0,0,0,0,0,0
0,11,3,0,0,0,0,0,0,0
0,6,1,0,0,0,0,0,0,0
1,2,2,0,0,0,0,0,0,0
1,1,13,0,0,0,0,0,0,0
0,1,5,0,0,0,0,0,0,0
0,4,13,0,0,0,0,0,0,0
0,3,10,0,0,0,0,0,0,0
1,3,13,0,0,0,0,0,0,0
1,3,6,0,0,0,0,0,0,0
0,4,4,0,0,0,0,0,0,0
2,2,16,0,0,0,0,0,0,0
1,2,14,0,0,0,0,0,0,0
0,2,4,0,0,0,0,0,0,0
0,1,4,0,0,0,0,0,0,0
0,6,7,0,0,0,0,0,0,0
0,4,4,0,0,0,0,0,0,0
0,2,13,0,0,0,0,0,0,0
0,9,3,0,0,0,0,0,0,0
0,1,4,0,0,0,0,0,0,0
0,3,2,0,0,0,0,0,0,0
1,1,6,0,0,0,0,0,0,0
0,1,4,0,0,0,0,0,0,0
0,2,5,0,0,0,0,0,0,0
0,3,17,0,0,0,0,0,0,0
0,1,5,0,0,0,0,0,0,0
0,3,6,0,0,0,0,0,0,0
0,1,4,0,0,0,0,0,0,0
0,1,4,0,0,0,0,0,0,0
0,3,10,0,0,0,0,0,0,0
1,1,3,0,0,0,0,0,0,0
1,0,6,0,0,0,0,0,0,0
0,5,18,0,0,0,0,0,0,0
0,1,4,0,0,0,0,0,0,0
0,2,3,0,0,0,0,0,0,0
0,2,7,0,0,0,0,0,0,0
1,4,7,0,0,0,0,0,0,0
0,1,4,0,0,0,0,0,0,0
0,1,5,0,0,0,0,0,0,0
1,2,2,0,0,0,0,0,0,0
0,2,4,0,0,0,0,0,0,0
0,2,10,0,0,0,0,0,0,0
2,3,21,0,0,0,0,0,0,0
0,1,4,0,0,0,0,0,0,0
0,1,6,0,0,0,0,0,0,0
0,1,5,0,0,0,0,0,0,0
0,4,11,0,0,0,0,0,0,0
0,4,4,0,0,0,0,0,0,0
1,8,19,0,0,0,0,0,0,0
0,2,11,0,0,0,0,0,0,0
0,2,5,0,0,0,0,0,0,0
0,2,5,0,0,0,0,0,0,0
1,8,28,0,0,0,0,0,0,0
0,5,12,0,0,0,0,0,0,0
0,3,5,0,0,0,0,0,0,0
0,1,5,0,0,0,0,0,0,0
0,3,8,0,0,0,0,0,0,0
0,2,4,0,0,0,0,0,0,0
1,2,12,0,0,0,0,0,0,0
0,3,14,0,0,0,0,0,0,0
0,2,7,0,0,0,0,0,0,0
1,3,2,0,0,0,0,0,0,0
0,2,5,0,0,0,0,0,0,0
0,1,6,0,0,0,0,0,0,0
1,3,5,0,0,0,0,0,0,0
1,57,21,0,0,0,0,0,0,0
0,13,2,0,0,0,0,0,0,0
1,1,7,0,0,0,0,0,0,0
1,0,5,0,0,0,0,0,0,0
0,3,14,0,0,0,0,0,0,0
0,6,1,0,0,0,0,0,0,0
0,6,17,0,0,0,0,0,0,0
0,3,6,0,0,0,0,0,0,0
0,1,5,0,0,0,0,0,0,0
0,1,5,0,0,0,0,0,0,0
0,6,4,0,0,0,0,0,0,0
1,3,2,0,0,0,0,0,0,0
0,17,3,0,0,0,0,0,0,0
0,1,4,0,0,0,0,0,0,0
0,2,6,0,0,0,0,0,0,0
1,0,5,0,0,0,0,0,0,0
0,1,5,0,0,0,0,0,0,0
0,4,4,0,0,0,0,0,0,0
0,13,8,0,0,0,0,0,0,0
0,2,10,0,0,0,0,0,0,0
2,5,13,0,0,0,0,0,0,0
0,2,7,0,0,0,0,0,0,0
0,8,4,0,0,0,0,0,0,0
0,1,4,0,0,0,0,0,0,0
0,4,3,0,0,0,0,0,0,0
0,5,2,0,0,0,0,0,0,0
1,0,6,0,0,0,0,0,0,0
0,2,3,0,0,0,0,0,0,0
0,3,2,0,0,0,0,0,0,0
1,1,12,0,0,0,0,0,0,0
0,2,4,0,0,0,0,0,0,0
0,6,3,0,0,0,0,0,0,0
1,13,6,0,0,0,0,0,0,0
1,1,11,0,0,0,0,0,0,0
0,3,2,0,0,0,0,0,0,0
0,3,4,0,0,0,0,0,0,0
0,5,12,0,0,0,0,0,0,0
0,3,9,0,0,0,0,0,0,0
0,3,14,0,0,0,0,0,0,0
0,1,5,0,0,0,0,0,0,0
0,11,3,0,0,0,0,0,0,0
1,2,16,0,0,0,0,0,0,0
1,2,2,0,0,0,0,0,0,0
1,2,7,0,0,0,0,0,0,0
0,4,11,0,0,0,0,0,0,0
0,2,13,0,0,0,0,0,0,0
0,2,5,0,0,0,0,0,0,0
0,1,6,0,0,0,0,0,0,0
2,5,2,0,0,0,0,0,0,0
2,1,13,0,0,0,0,0,0,0
0,1,6,0,0,0,0,0,0,0
0,3,7,0,0,0,0,0,0,0
0,1,5,0,0,0,0,0,0,0
2,1,12,0,0,0,0,0,0,0
0,2,11,0,0,0,0,0,0,0
0,4,1,0,0,0,0,0,0,0
1,6,1,0,0,0,0,0,0,0
0,4,8,0,0,0,0,0,0,0
0,4,9,0,0,0,0,0,0,0
1,3,19,0,0,0,0,0,0,0
0,1,4,0,0,0,0,0,0,0
0,6,27,0,0,0,0,0,0,0
0,4,1,0,0,0,0,0,0,0
2,1,6,0,0,0,0,0,0,0
0,4,5,0,0,0,0,0,0,0
1,0,5,0,0,0,0,0,0,0
0,4,14,0,0,0,0,0,0,0
0,1,4,0,0,0,0,0,0,0
2,1,12,0,0,0,0,0,0,0
1,3,6,0,0,0,0,0,0,0
0,1,4,0,0,0,0,0,0,0
0,2,7,0,0,0,0,0,0,0
0,2,5,0,0,0,0,0,0,0
0,15,4,0,0,0,0,0,0,0
0,2,3,0,0,0,0,0,0,0
1,3,10,0,0,0,0,0,0,0
1,1,3,0,0,0,0,0,0,0
0,2,5,0,0,0,0,0,0,0
0,2,9,0,0,0,0,0,0,0
0,1,4,0,0,0,0,0,0,0
0,2,3,0,0,0,0,0,0,0
0,7,11,0,0,0,0,0,0,0
0,6,5,0,0,0,0,0,0,0
1,1,5,0,0,0,0,0,0,0
2,2,23,0,0,0,0,0,0,0
1,2,8,0,0,0,0,0,0,0
0,1,6,0,0,0,0,0,0,0
0,3,10,0,0,0,0,0,0,0
0,3,12,0,0,0,0,0,0,0
0,5,5,0,0,0,0,0,0,0
1,3,12,0,0,0,0,0,0,0
0,2,5,0,0,0,0,0,0,0
0,2,6,0,0,0,0,0,0,0
0,1,5,0,0,0,0,0,0,0
1,9,1,0,0,0,0,0,0,0
0,3,2,0,0,0,0,0,0,0
0,1,5,0,0,0,0,0,0,0
1,2,15,0,0,0,0,0,0,0
0,3,7,0,0,0,0,0,0,0
0,1,6,0,0,0,0,0,0,0
1,0,6,0,0,0,0,0,0,0
0,4,7,0,0,0,0,0,0,0
0,1,4,0,0,0,0,0,0,0
0,3,2,0,0,0,0,0,0,0
1,4,9,0,0,0,0,0,0,0
0,2,11,0,0,0,0,0,0,0
0,4,7,0,0,0,0,0,0,0
0,1,4,0,0,0,0,0,0,0
0,8,10,0,0,0,0,0,0,0
11,0,5,0,0,0,0,0,0,0
0,6,10,0,0,0,0,0,0,0
0,1,4,0,0,0,0,0,0,0
0,1,4,0,0,0,0,0,0,0
3,0,5,0,0,0,0,0,0,0
2,0,8,0,0,0,0,0,0,0
0,5,1,0,0,0,0,0,0,0
1,0,5,0,0,0,0,0,0,0
0,3,10,0,0,0,0,0,0,0
1,1,7,0,0,0,0,0,0,0
0,4,22,0,0,0,0,0,0,0
0,2,9,0,0,0,0,0,0,0
3,1,17,0,0,0,0,0,0,0
1,2,3,0,0,0,0,0,0,0
0,1,6,0,0,0,0,0,0,0
0,8,4,0,0,0,0,0,0,0
0,1,4,0,0,0,0,0,0,0
2,3,3,0,0,0,0,0,0,0
0,2,3,0,0,0,0,0,0,0
0,5,5,0,0,0,0,0,0,0
0,2,7,0,0,0,0,0,0,0
1,2,16,0,0,0,0,0,0,0
0,2,3,0,0,0,0,0,0,0
0,4,4,0,0,0,0,0,0,0
0,1,5,0,0,0,0,0,0,0
0,2,4,0,0,0,0,0,0,0
0,1,6,0,0,0,0,0,0,0
28,34,3,0,0,0,0,0,0,0
1,3,7,0,0,0,0,0,0,0
0,5,2,0,0,0,0,0,0,0
0,1,5,0,0,0,0,0,0,0
0,3,6,0,0,0,0,0,0,0
0,1,5,0,0,0,0,0,0,0
1,0,6,0,0,0,0,0,0,0
0,1,6,0,0,0,0,0,0,0
0,4,2,0,0,0,0,0,0,0
1,0,5,0,0,0,0,0,0,0
1,1,10,0,0,0,0,0,0,0
0,4,8,0,0,0,0,0,0,0
0,4,1,0,0,0,0,0,0,0
0,4,3,0,0,0,0,0,0,0
0,1,4,0,0,0,0,0,0,0
0,3,11,0,0,0,0,0,0,0
0,1,4,0,0,0,0,0,0,0
0,12,5,0,0,0,0,0,0,0
0,5,1,0,0,0,0,0,0,0
0,7,4,0,0,0,0,0,0,0
1,0,6,0,0,0,0,0,0,0
1,3,18,0,0,0,0,0,0,0
0,3,6,0,0,0,0,0,0,0
0,2,3,0,0,0,0,0,0,0
1,1,8,0,0,0,0,0,0,0
1,1,7,0,0,0,0,0,0,0
0,3,15,0,0,0,0,0,0,0
0,3,18,0,0,0,0,0,0,0
0,2,6,0,0,0,0,0,0,0
0,4,11,0,0,0,0,0,0,0
0,2,7,0,0,0,0,0,0,0
0,2,6,0,0,0,0,0,0,0
0,3,17,0,0,0,0,0,0,0
1,2,18,0,0,0,0,0,0,0
1,1,7,0,0,0,0,0,0,0
0,4,14,0,0,0,0,0,0,0
1,1,3,0,0,0,0,0,0,0
1,1,12,0,0,0,0,0,0,0
0,2,11,0,0,0,0,0,0,0
0,4,15,0,0,0,0,0,0,0
0,10,3,0,0,0,0,0,0,0
0,3,4,0,0,0,0,0,0,0
0,9,8,0,0,0,0,0,0,0
1,1,7,0,0,0,0,0,0,0
0,1,6,0,0,0,0,0,0,0
0,12,2,0,0,0,0,0,0,0
0,3,2,0,0,0,0,0,0,0
0,2,11,0,0,0,0,0,0,0
1,1,8,0,0,0,0,0,0,0
0,7,2,0,0,0,0,0,0,0
1,2,12,0,0,0,0,0,0,0
0,4,7,0,0,0,0,0,0,0
2,36,13,0,0,0,0,0,0,0
2,0,9,0,0,0,0,0,0,0
0,3,2,0,0,0,0,0,0,0
0,1,4,0,0,0,0,0,0,0
1,2,4,0,0,0,0,0,0,0
0,2,3,0,0,0,0,0,0,0
0,5,11,0,0,0,0,0,0,0
0,5,5,0,0,0,0,0,0,0
0,2,11,0,0,0,0,0,0,0
0,3,3,0,0,0,0,0,0,0
0,7,4,0,0,0,0,0,0,0
1,5,16,0,0,0,0,0,0,0
0,4,2,0,0,0,0,0,0,0
2,7,6,0,0,0,0,0,0,0
1,11,20,0,0,0,0,0,0,0
1,11,16,0,0,0,0,0,0,0
0,4,10,0,0,0,0,0,0,0
0,6,2,0,0,0,0,0,0,0
0,1,4,0,0,0,0,0,0,0
0,2,4,0,0,0,0,0,0,0
0,4,8,0,0,0,0,0,0,0
0,4,2,0,0,0,0,0,0,0
0,2,3,0,0,0,0,0,0,0
0,2,4,0,0,0,0,0,0,0
0,7,17,0,0,0,0,0,0,0
0,2,4,0,0,0,0,0,0,0
0,1,5,0,0,0,0,0,0,0
0,2,7,0,0,0,0,0,0,0
0,4,4,0,0,0,0,0,0,0
0,1,5,0,0,0,0,0,0,0
0,1,5,0,0,0,0,0,0,0
1,1,13,0,0,0,0,0,0,0
0,2,13,0,0,0,0,0,0,0
1,4,1,0,0,0,0,0,0,0
0,2,6,0,0,0,0,0,0,0
1,1,9,0,0,0,0,0,0,0
1,2,6,0,0,0,0,0,0,0
1,1,9,0,0,0,0,0,0,0
1,2,2,0,0,0,0,0,0,0
2,1,14,0,0,0,0,0,0,0
0,3,2,0,0,0,0,0,0,0
0,2,13,0,0,0,0,0,0,0
0,1,6,0,0,0,0,0,0,0
1,2,12,0,0,0,0,0,0,0
0,1,5,0,0,0,0,0,0,0
0,10,4,0,0,0,0,0,0,0
0,2,5,0,0,0,0,0,0,0
0,1,4,0,0,0,0,0,0,0
0,2,5,0,0,0,0,0,0,0
1,11,1,0,0,0,0,0,0,0
0,1,5,0,0,0,0,0,0,0
0,1,5,0,0,0,0,0,0,0
0,1,4,0,0,0,0,0,0,0
2,1,3,0,0,0,0,0,0,0
0,1,5,0,0,0,0,0,0,0
0,1,6,0,0,0,0,0,0,0
0,3,2,0,0,0,0,0,0,0
2,4,4,0,0,0,0,0,0,0
0,1,5,0,0,0,0,0,0,0
0,3,7,0,0,0,0,0,0,0
0,4,4,0,0,0,0,0,0,0
1,2,12,0,0,0,0,0,0,0
0,2,11,0,0,0,0,0,0,0
1,1,8,0,0,0,0,0,0,0
0,5,2,0,0,0,0,0,0,0
0,1,6,0,0,0,0,0,0,0
1,4,1,0,0,0,0,0,0,0
3,3,10,0,0,0,0,0,0,0
0,7,3,0,0,0,0,0,0,0
0,3,3,0,0,0,0,0,0,0
8,15,13,0,0,0,0,0,0,0
0,4,19,0,0,0,0,0,0,0
1,1,4,0,0,0,0,0,0,0
0,8,3,0,0,0,0,0,0,0
0,1,4,0,0,0,0,0,0,0
4,1,2,0,0,0,0,0,0,0
0,2,6,0,0,0,0,0,0,0
0,6,7,0,0,0,0,0,0,0
0,3,7,0,0,0,0,0,0,0
0,3,13,0,0,0,0,0,0,0
1,1,9,0,0,0,0,0,0,0
1,2,6,0,0,0,0,0,0,0
0,4,7,0,0,0,0,0,0,0
0,1,6,0,0,0,0,0,0,0
2,1,7,0,0,0,0,0,0,0
1,2,6,0,0,0,0,0,0,0
0,2,4,0,0,0,0,0,0,0
1,1,4,0,0,0,0,0,0,0
1,3,23,0,0,0,0,0,0,0
1,3,1,0,0,0,0,0,0,0
2,1,13,0,0,0,0,0,0,0
0,3,12,0,0,0,0,0,0,0
1,1,9,0,0,0,0,0,0,0
0,1,5,0,0,0,0,0,0,0
0,2,6,0,0,0,0,0,0,0
0,7,4,0,0,0,0,0,0,0
0,2,4,0,0,0,0,0,0,0
0,2,11,0,0,0,0,0,0,0
3,2,2,0,0,0,0,0,0,0
0,1,5,0,0,0,0,0,0,0
1,4,6,0,0,0,0,0,0,0
1,2,18,0,0,0,0,0,0,0
1,6,1,0,0,0,0,0,0,0
1,3,1,0,0,0,0,0,0,0
3,0,6,0,0,0,0,0,0,0
0,3,9,0,0,0,0,0,0,0
0,1,6,0,0,0,0,0,0,0
1,3,15,0,0,0,0,0,0,0
2,1,7,0,0,0,0,0,0,0
2,1,4,0,0,0,0,0,0,0
1,1,8,0,0,0,0,0,0,0
0,7,8,0,0,0,0,0,0,0
0,3,14,0,0,0,0,0,0,0
0,1,6,0,0,0,0,0,0,0
0,3,8,0,0,0,0,0,0,0
0,3,11,0,0,0,0,0,0,0
1,0,6,0,0,0,0,0,0,0
0,1,6,0,0,0,0,0,0,0
1,2,18,0,0,0,0,0,0,0
1,1,13,0,0,0,0,0,0,0
0,2,10,0,0,0,0,0,0,0
0,3,2,0,0,0,0,0,0,0
0,4,11,0,0,0,0,0,0,0
1,1,7,0,0,0,0,0,0,0
0,3,6,0,0,0,0,0,0,0
0,1,6,0,0,0,0,0,0,0
0,1,4,0,0,0,0,0,0,0
2,1,10,0,0,0,0,0,0,0
0,4,21,0,0,0,0,0,0,0
0,1,4,0,0,0,0,0,0,0
0,6,8,0,0,0,0,0,0,0
0,3,8,0,0,0,0,0,0,0
1,1,3,0,0,0,0,0,0,0
0,2,6,0,0,0,0,0,0,0
0,3,8,0,0,0,0,0,0,0
0,2,5,0,0,0,0,0,0,0
2,1,17,0,0,0,0,0,0,0
1,1,7,0,0,0,0,0,0,0
0,1,4,0,0,0,0,0,0,0
0,2,10,0,0,0,0,0,0,0
0,4,2,0,0,0,0,0,0,0
0,4,20,0,0,0,0,0,0,0
0,13,9,0,0,0,0,0,0,0
0,2,6,0,0,0,0,0,0,0
0,3,13,0,0,0,0,0,0,0
1,1,10,0,0,0,0,0,0,0
1,1,7,0,0,0,0,0,0,0
0,2,11,0,0,0,0,0,0,0
1,0,6,0,0,0,0,0,0,0
0,6,5,0,0,0,0,0,0,0
0,4,2,0,0,0,0,0,0,0
0,6,25,0,0,0,0,0,0,0
1,1,4,0,0,0,0,0,0,0
1,1,4,0,0,0,0,0,0,0
0,9,12,0,0,0,0,0,0,0
1,0,5,0,0,0,0,0,0,0
0,4,14,0,0,0,0,0,0,0
0,2,9,0,0,0,0,0,0,0
1,2,6,0,0,0,0,0,0,0
0,3,2,0,0,0,0,0,0,0
0,2,3,0,0,0,0,0,0,0
1,0,5,0,0,0,0,0,0,0
1,3,6,0,0,0,0,0,0,0
0,4,3,0,0,0,0,0,0,0
1,1,11,0,0,0,0,0,0,0
0,2,9,0,0,0,0,0,0,0
0,7,6,0,0,0,0,0,0,0
0,3,4,0,0,0,0,0,0,0
0,5,2,0,0,0,0,0,0,0
0,4,2,0,0,0,0,0,0,0
0,3,6,0,0,0,0,0,0,0
1,1,13,0,0,0,0,0,0,0
1,1,5,0,0,0,0,0,0,0
0,2,5,0,0,0,0,0,0,0
0,5,12,0,0,0,0,0,0,0
1,4,16,0,0,0,0,0,0,0
1,1,9,0,0,0,0,0,0,0
0,1,5,0,0,0,0,0,0,0
0,9,10,0,0,0,0,0,0,0
0,4,17,0,0,0,0,0,0,0
0,6,4,0,0,0,0,0,0,0
0,3,18,0,0,0,0,0,0,0
0,1,5,0,0,0,0,0,0,0
1,1,11,0,0,0,0,0,0,0
0,2,7,0,0,0,0,0,0,0
0,6,1,0,0,0,0,0,0,0
0,1,4,0,0,0,0,0,0,0
0,4,11,0,0,0,0,0,0,0
1,1,7,0,0,0,0,0,0,0
0,1,4,0,0,0,0,0,0,0
0,6,1,0,0,0,0,0,0,0
0,2,8,0,0,0,0,0,0,0
0,4,24,0,0,0,0,0,0,0
0,5,5,0,0,0,0,0,0,0
1,2,2,0,0,0,0,0,0,0
1,9,5,0,0,0,0,0,0,0
0,4,1,0,0,0,0,0,0,0
2,1,8,0,0,0,0,0,0,0
0,2,4,0,0,0,0,0,0,0
0,3,4,0,0,0,0,0,0,0
0,2,3,0,0,0,0,0,0,0
1,2,3,0,0,0,0,0,0,0
0,4,2,0,0,0,0,0,0,0
0,4,19,0,0,0,0,0,0,0
0,3,2,0,0,0,0,0,0,0
1,12,18,0,0,0,0,0,0,0
0,2,5,0,0,0,0,0,0,0
0,1,4,0,0,0,0,0,0,0
1,1,8,0,0,0,0,0,0,0
2,0,5,0,0,0,0,0,0,0
0,8,19,0,0,0,0,0,0,0
1,3,6,0,0,0,0,0,0,0
1,0,5,0,0,0,0,0,0,0
0,1,6,0,0,0,0,0,0,0
0,3,7,0,0,0,0,0,0,0
0,3,9,0,0,0,0,0,0,0
1,0,5,0,0,0,0,0,0,0
0,9,12,0,0,0,0,0,0,0
1,1,3,0,0,0,0,0,0,0
1,2,12,0,0,0,0,0,0,0
1,1,6,0,0,0,0,0,0,0
0,6,7,0,0,0,0,0,0,0
0,1,4,0,0,0,0,0,0,0
0,3,2,0,0,0,0,0,0,0
0,6,16,0,0,0,0,0,0,0
0,1,6,0,0,0,0,0,0,0
5,1,10,0,0,0,0,0,0,0
0,1,6,0,0,0,0,0,0,0
0,2,6,0,0,0,0,0,0,0
1,5,13,0,0,0,0,0,0,0
0,2,9,0,0,0,0,0,0,0
0,1,5,0,0,0,0,0,0,0
0,1,5,0,0,0,0,0,0,0
0,1,5,0,0,0,0,0,0,0
0,6,3,0,0,0,0,0,0,0
0,10,2,0,0,0,0,0,0,0
1,2,8,0,0,0,0,0,0,0
0,4,21,0,0,0,0,0,0,0
0,6,4,0,0,0,0,0,0,0
0,1,4,0,0,0,0,0,0,0
1,2,5,0,0,0,0,0,0,0
0,1,6,0,0,0,0,0,0,0
2,1,20,0,0,0,0,0,0,0
0,1,4,0,0,0,0,0,0,0
0,5,16,0,0,0,0,0,0,0
0,5,10,0,0,0,0,0,0,0
0,2,4,0,0,0,0,0,0,0
1,0,5,0,0,0,0,0,0,0
1,3,5,0,0,0,0,0,0,0
1,2,14,0,0,0,0,0,0,0
0,2,12,0,0,0,0,0,0,0
0,1,5,0,0,0,0,0,0,0
6,15,1,0,0,0,0,0,0,0
0,7,25,0,0,0,0,0,0,0
1,4,1,0,0,0,0,0,0,0
0,8,2,0,0,0,0,0,0,0
1,7,14,0,0,0,0,0,0,0
13,1,20,0,0,0,0,0,0,0
0,2,12,0,0,0,0,0,0,0
0,3,2,0,0,0,0,0,0,0
0,1,6,0,0,0,0,0,0,0
0,3,16,0,0,0,0,0,0,0
0,2,9,0,0,0,0,0,0,0
0,3,5,0,0,0,0,0,0,0
0,6,5,0,0,0,0,0,0,0
0,8,17,0,0,0,0,0,0,0
0,2,8,0,0,0,0,0,0,0
0,3,18,0,0,0,0,0,0,0
0,2,8,0,0,0,0,0,0,0
1,13,8,0,0,0,0,0,0,0
0,1,5,0,0,0,0,0,0,0
2,1,14,0,0,0,0,0,0,0
5,4,24,0,0,0,0,0,0,0
0,3,2,0,0,0,0,0,0,0
0,3,3,0,0,0,0,0,0,0
2,1,18,0,0,0,0,0,0,0
0,2,6,0,0,0,0,0,0,0
1,4,18,0,0,0,0,0,0,0
0,1,4,0,0,0,0,0,0,0
0,2,4,0,0,0,0,0,0,0
0,4,7,0,0,0,0,0,0,0
0,1,4,0,0,0,0,0,0,0
1,1,12,0,0,0,0,0,0,0
0,4,4,0,0,0,0,0,0,0
0,4,4,0,0,0,0,0,0,0
1,7,5,0,0,0,0,0,0,0
1,0,5,0,0,0,0,0,0,0
0,5,15,0,0,0,0,0,0,0
1,2,5,0,0,0,0,0,0,0
1,3,2,0,0,0,0,0,0,0
1,1,6,0,0,0,0,0,0,0
1,1,12,0,0,0,0,0,0,0
0,2,11,0,0,0,0,0,0,0
1,6,11,0,0,0,0,0,0,0
0,6,3,0,0,0,0,0,0,0
0,4,3,0,0,0,0,0,0,0
1,1,8,0,0,0,0,0,0,0
0,5,1,0,0,0,0,0,0,0
1,1,7,0,0,0,0,0,0,0
0,1,6,0,0,0,0,0,0,0
0,2,3,0,0,0,0,0,0,0
1,1,4,0,0,0,0,0,0,0
0,4,3,0,0,0,0,0,0,0
0,4,1,0,0,0,0,0,0,0
0,3,2,0,0,0,0,0,0,0
0,4,3,0,0,0,0,0,0,0
0,2,8,0,0,0,0,0,0,0
1,6,5,0,0,0,0,0,0,0
0,4,2,0,0,0,0,0,0,0
1,0,6,0,0,0,0,0,0,0
0,4,1,0,0,0,0,0,0,0
0,2,10,0,0,0,0,0,0,0
0,1,5,0,0,0,0,0,0,0
0,1,4,0,0,0,0,0,0,0
1,1,11,0,0,0,0,0,0,0
0,3,2,0,0,0,0,0,0,0
0,2,3,0,0,0,0,0,0,0
1,6,1,0,0,0,0,0,0,0
0,1,6,0,0,0,0,0,0,0
0,1,5,0,0,0,0,0,0,0
0,5,6,0,0,0,0,0,0,0
0,1,4,0,0,0,0,0,0,0
0,1,4,0,0,0,0,0,0,0
0,2,7,0,0,0,0,0,0,0
0,2,9,0,0,0,0,0,0,0
0,1,5,0,0,0,0,0,0,0
0,5,3,0,0,0,0,0,0,0
0,1,4,0,0,0,0,0,0,0
0,2,5,0,0,0,0,0,0,0
0,1,4,0,0,0,0,0,0,0
0,4,8,0,0,0,0,0,0,0
0,1,6,0,0,0,0,0,0,0
0,3,19,0,0,0,0,0,0,0
0,1,4,0,0,0,0,0,0,0
0,2,9,0,0,0,0,0,0,0
1,2,7,0,0,0,0,0,0,0
0,3,2,0,0,0,0,0,0,0
0,5,5,0,0,0,0,0,0,0
0,1,6,0,0,0,0,0,0,0
0,2,7,0,0,0,0,0,0,0
0,7,3,0,0,0,0,0,0,0
2,0,9,0,0,0,0,0,0,0
0,1,5,0,0,0,0,0,0,0
0,1,5,0,0,0,0,0,0,0
1,1,13,0,0,0,0,0,0,0
0,1,5,0,0,0,0,0,0,0
1,4,5,0,0,0,0,0,0,0
0,2,7,0,0,0,0,0,0,0
0,3,4,0,0,0,0,0,0,0
1,0,6,0,0,0,0,0,0,0
0,7,4,0,0,0,0,0,0,0
1,4,1,0,0,0,0,0,0,0
1,1,4,0,0,0,0,0,0,0
0,1,6,0,0,0,0,0,0,0
0,13,2,0,0,0,0,0,0,0
1,0,5,0,0,0,0,0,0,0
0,3,14,0,0,0,0,0,0,0
1,0,5,0,0,0,0,0,0,0
0,2,11,0,0,0,0,0,0,0
0,4,4,0,0,0,0,0,0,0
3,2,2,0,0,0,0,0,0,0
0,10,10,0,0,0,0,0,0,0
0,3,7,0,0,0,0,0,0,0
6,0,27,0,0,0,0,0,0,0
0,4,2,0,0,0,0,0,0,0
1,6,1,0,0,0,0,0,0,0
1,2,4,0,0,0,0,0,0,0
0,4,1,0,0,0,0,0,0,0
0,6,15,0,0,0,0,0,0,0
0,1,6,0,0,0,0,0,0,0
0,5,11,0,0,0,0,0,0,0
0,3,5,0,0,0,0,0,0,0
0,3,3,0,0,0,0,0,0,0
0,4,7,0,0,0,0,0,0,0
0,2,3,0,0,0,0,0,0,0
0,9,12,0,0,0,0,0,0,0
2,0,13,0,0,0,0,0,0,0
0,1,4,0,0,0,0,0,0,0
0,6,14,0,0,0,0,0,0,0
0,2,5,0,0,0,0,0,0,0
3,10,14,0,0,0,0,0,0,0
1,2,6,0,0,0,0,0,0,0
1,2,15,0,0,0,0,0,0,0
1,1,7,0,0,0,0,0,0,0
1,8,1,0,0,0,0,0,0,0
0,4,8,0,0,0,0,0,0,0
6,31,3,0,0,0,0,0,0,0
0,3,8,0,0,0,0,0,0,0
0,3,9,0,0,0,0,0,0,0
0,1,6,0,0,0,0,0,0,0
2,1,2,0,0,0,0,0,0,0
0,6,7,0,0,0,0,0,0,0
0,1,6,0,0,0,0,0,0,0
0,4,5,0,0,0,0,0,0,0
1,2,6,0,0,0,0,0,0,0
0,3,4,0,0,0,0,0,0,0
0,8,6,0,0,0,0,0,0,0
2,1,8,0,0,0,0,0,0,0
0,1,4,0,0,0,0,0,0,0
0,1,4,0,0,0,0,0,0,0
0,13,14,0,0,0,0,0,0,0
0,1,4,0,0,0,0,0,0,0
0,5,1,0,0,0,0,0,0,0
0,3,11,0,0,0,0,0,0,0
0,3,14,0,0,0,0,0,0,0
0,3,8,0,0,0,0,0,0,0
0,1,6,0,0,0,0,0,0,0
1,2,6,0,0,0,0,0,0,0
0,1,4,0,0,0,0,0,0,0
0,2,9,0,0,0,0,0,0,0
0,2,12,0,0,0,0,0,0,0
1,1,6,0,0,0,0,0,0,0
0,3,5,0,0,0,0,0,0,0
0,2,5,0,0,0,0,0,0,0
0,2,3,0,0,0,0,0,0,0
2,0,8,0,0,0,0,0,0,0
1,0,6,0,0,0,0,0,0,0
2,1,8,0,0,0,0,0,0,0
1,1,11,0,0,0,0,0,0,0
3,2,11,0,0,0,0,0,0,0
1,4,26,0,0,0,0,0,0,0
0,6,6,0,0,0,0,0,0,0
7,5,4,0,0,0,0,0,0,0
2,0,5,0,0,0,0,0,0,0
1,0,5,0,0,0,0,0,0,0
0,1,5,0,0,0,0,0,0,0
0,1,5,0,0,0,0,0,0,0
0,1,4,0,0,0,0,0,0,0
0,6,2,0,0,0,0,0,0,0
2,0,7,0,0,0,0,0,0,0
0,6,3,0,0,0,0,0,0,0
0,3,4,0,0,0,0,0,0,0
0,6,5,0,0,0,0,0,0,0
0,3,13,0,0,0,0,0,0,0
0,1,4,0,0,0,0,0,0,0
0,12,5,0,0,0,0,0,0,0
1,2,12,0,0,0,0,0,0,0
2,1,12,0,0,0,0,0,0,0
0,7,2,0,0,0,0,0,0,0
0,5,2,0,0,0,0,0,0,0
0,9,7,0,0,0,0,0,0,0
11,3,17,0,0,0,0,0,0,0
0,2,13,0,0,0,0,0,0,0
0,5,1,0,0,0,0,0,0,0
0,1,5,0,0,0,0,0,0,0
1,0,6,0,0,0,0,0,0,0
0,1,6,0,0,0,0,0,0,0
0,7,9,0,0,0,0,0,0,0
0,2,10,0,0,0,0,0,0,0
3,0,10,0,0,0,0,0,0,0
0,2,3,0,0,0,0,0,0,0
0,2,3,0,0,0,0,0,0,0
1,0,5,0,0,0,0,0,0,0
0,1,4,0,0,0,0,0,0,0
0,3,16,0,0,0,0,0,0,0
0,2,9,0,0,0,0,0,0,0
1,0,5,0,0,0,0,0,0,0
0,5,2,0,0,0,0,0,0,0
1,2,20,0,0,0,0,0,0,0
0,3,7,0,0,0,0,0,0,0
0,3,2,0,0,0,0,0,0,0
0,6,6,0,0,0,0,0,0,0
0,1,4,0,0,0,0,0,0,0
1,1,9,0,0,0,0,0,0,0
0,7,13,0,0,0,0,0,0,0
0,4,6,0,0,0,0,0,0,0
0,4,2,0,0,0,0,0,0,0
0,3,12,0,0,0,0,0,0,0
1,1,4,0,0,0,0,0,0,0
1,7,3,0,0,0,0,0,0,0
2,0,13,0,0,0,0,0,0,0
0,1,4,0,0,0,0,0,0,0
3,0,15,0,0,0,0,0,0,0
0,3,2,0,0,0,0,0,0,0
0,5,14,0,0,0,0,0,0,0
0,4,3,0,0,0,0,0,0,0
1,4,2,0,0,0,0,0,0,0
0,7,11,0,0,0,0,0,0,0
1,4,3,0,0,0,0,0,0,0
1,5,5,0,0,0,0,0,0,0
0,3,5,0,0,0,0,0,0,0
1,1,5,0,0,0,0,0,0,0
0,1,4,0,0,0,0,0,0,0
0,1,5,0,0,0,0,0,0,0
2,1,20,0,0,0,0,0,0,0
0,13,16,0,0,0,0,0,0,0
0,1,4,0,0,0,0,0,0,0
0,6,1,0,0,0,0,0,0,0
1,0,5,0,0,0,0,0,0,0
0,1,6,0,0,0,0,0,0,0
0,2,10,0,0,0,0,0,0,0
4,2,30,0,0,0,0,0,0,0
1,3,2,0,0,0,0,0,0,0
0,1,4,0,0,0,0,0,0,0
0,4,3,0,0,0,0,0,0,0
2,2,17,0,0,0,0,0,0,0
1,6,24,0,0,0,0,0,0,0
0,3,10,0,0,0,0,0,0,0
1,1,4,0,0,0,0,0,0,0
0,4,17,0,0,0,0,0,0,0
2,0,10,0,0,0,0,0,0,0
0,4,4,0,0,0,0,0,0,0
0,5,2,0,0,0,0,0,0,0
0,2,5,0,0,0,0,0,0,0
0,1,4,0,0,0,0,0,0,0
0,3,3,0,0,0,0,0,0,0
0,4,12,0,0,0,0,0,0,0
1,1,3,0,0,0,0,0,0,0
1,1,12,0,0,0,0,0,0,0
0,7,3,0,0,0,0,0,0,0
1,6,2,0,0,0,0,0,0,0
1,3,7,0,0,0,0,0,0,0
1,0,6,0,0,0,0,0,0,0
0,1,6,0,0,0,0,0,0,0
2,2,14,0,0,0,0,0,0,0
0,2,3,0,0,0,0,0,0,0
0,6,1,0,0,0,0,0,0,0
0,1,4,0,0,0,0,0,0,0
2,0,12,0,0,0,0,0,0,0
0,3,3,0,0,0,0,0,0,0
0,4,21,0,0,0,0,0,0,0
0,2,6,0,0,0,0,0,0,0
0,13,2,0,0,0,0,0,0,0
0,4,6,0,0,0,0,0,0,0
0,3,9,0,0,0,0,0,0,0
0,4,14,0,0,0,0,0,0,0
1,1,11,0,0,0,0,0,0,0
0,4,6,0,0,0,0,0,0,0
2,0,8,0,0,0,0,0,0,0
1,1,10,0,0,0,0,0,0,0
1,1,3,0,0,0,0,0,0,0
1,1,8,0,0,0,0,0,0,0
0,5,3,0,0,0,0,0,0,0
0,8,3,0,0,0,0,0,0,0
0,1,4,0,0,0,0,0,0,0
0,3,2,0,0,0,0,0,0,0
0,1,5,0,0,0,0,0,0,0
0,2,4,0,0,0,0,0,0,0
0,11,3,0,0,0,0,0,0,0
1,2,16,0,0,0,0,0,0,0
3,6,25,0,0,0,0,0,0,0
0,9,2,0,0,0,0,0,0,0
1,1,3,0,0,0,0,0,0,0
2,5,5,0,0,0,0,0,0,0
1,5,1,0,0,0,0,0,0,0
1,2,5,0,0,0,0,0,0,0
3,1,5,0,0,0,0,0,0,0
0,2,4,0,0,0,0,0,0,0
1,3,4,0,0,0,0,0,0,0
1,0,6,0,0,0,0,0,0,0
0,1,5,0,0,0,0,0,0,0
0,3,8,0,0,0,0,0,0,0
0,4,1,0,0,0,0,0,0,0
0,1,6,0,0,0,0,0,0,0
6,2,18,0,0,0,0,0,0,0
0,3,3,0,0,0,0,0,0,0
0,1,4,0,0,0,0,0,0,0
0,16,4,0,0,0,0,0,0,0
0,2,5,0,0,0,0,0,0,0
0,2,11,0,0,0,0,0,0,0
1,3,18,0,0,0,0,0,0,0
0,2,5,0,0,0,0,0,0,0
0,3,2,0,0,0,0,0,0,0
0,1,5,0,0,0,0,0,0,0
0,7,22,0,0,0,0,0,0,0
0,4,18,0,0,0,0,0,0,0
0,2,8,0,0,0,0,0,0,0
0,3,2,0,0,0,0,0,0,0
30,2,11,0,0,0,0,0,0,0
0,12,2,0,0,0,0,0,0,0
1,2,6,0,0,0,0,0,0,0
0,1,5,0,0,0,0,0,0,0
1,4,10,0,0,0,0,0,0,0
0,8,4,0,0,0,0,0,0,0
0,5,1,0,0,0,0,0,0,0
2,5,13,0,0,0,0,0,0,0
2,1,10,0,0,0,0,0,0,0
1,1,12,0,0,0,0,0,0,0
1,4,9,0,0,0,0,0,0,0
0,2,4,0,0,0,0,0,0,0
0,5,1,0,0,0,0,0,0,0
0,7,7,0,0,0,0,0,0,0
0,10,8,0,0,0,0,0,0,0
1,1,11,0,0,0,0,0,0,0
3,1,7,0,0,0,0,0,0,0
1,3,5,0,0,0,0,0,0,0
0,1,4,0,0,0,0,0,0,0
0,1,5,0,0,0,0,0,0,0
0,11,6,0,0,0,0,0,0,0
0,3,9,0,0,0,0,0,0,0
0,3,2,0,0,0,0,0,0,0
1,2,2,0,0,0,0,0,0,0
0,4,11,0,0,0,0,0,0,0
0,1,6,0,0,0,0,0,0,0
0,1,5,0,0,0,0,0,0,0
0,2,3,0,0,0,0,0,0,0
0,2,6,0,0,0,0,0,0,0
1,0,6,0,0,0,0,0,0,0
0,3,8,0,0,0,0,0,0,0
1,1,8,0,0,0,0,0,0,0
0,2,7,0,0,0,0,0,0,0
0,6,9,0,0,0,0,0,0,0
0,2,4,0,0,0,0,0,0,0
1,4,2,0,0,0,0,0,0,0
3,0,6,0,0,0,0,0,0,0
0,6,4,0,0,0,0,0,0,0
0,3,2,0,0,0,0,0,0,0
0,6,2,0,0,0,0,0,0,0
1,4,9,0,0,0,0,0,0,0
0,2,12,0,0,0,0,0,0,0
0,1,6,0,0,0,0,0,0,0
0,2,7,0,0,0,0,0,0,0
0,7,2,0,0,0,0,0,0,0
0,6,1,0,0,0,0,0,0,0
1,1,4,0,0,0,0,0,0,0
0,3,2,0,0,0,0,0,0,0
0,3,7,0,0,0,0,0,0,0
1,5,22,0,0,0,0,0,0,0
1,1,9,0,0,0,0,0,0,0
1,1,3,0,0,0,0,0,0,0
1,3,1,0,0,0,0,0,0,0
1,2,4,0,0,0,0,0,0,0
1,3,16,0,0,0,0,0,0,0
1,2,15,0,0,0,0,0,0,0
0,2,9,0,0,0,0,0,0,0
0,2,12,0,0,0,0,0,0,0
0,2,9,0,0,0,0,0,0,0
0,5,2,0,0,0,0,0,0,0
0,4,2,0,0,0,0,0,0,0
0,2,5,0,0,0,0,0,0,0
0,1,6,0,0,0,0,0,0,0
1,2,2,0,0,0,0,0,0,0
0,1,4,0,0,0,0,0,0,0
0,3,15,0,0,0,0,0,0,0
0,3,3,0,0,0,0,0,0,0
0,2,8,0,0,0,0,0,0,0
0,6,4,0,0,0,0,0,0,0
0,1,5,0,0,0,0,0,0,0
0,1,6,0,0,0,0,0,0,0
0,1,5,0,0,0,0,0,0,0
1,3,10,0,0,0,0,0,0,0
0,1,4,0,0,0,0,0,0,0
0,2,9,0,0,0,0,0,0,0
0,1,5,0,0,0,0,0,0,0
0,2,5,0,0,0,0,0,0,0
0,1,5,0,0,0,0,0,0,0
1,0,5,0,0,0,0,0,0,0
2,5,1,0,0,0,0,0,0,0
0,1,4,0,0,0,0,0,0,0
0,4,8,0,0,0,0,0,0,0
0,3,6,0,0,0,0,0,0,0
2,3,17,0,0,0,0,0,0,0
1,0,6,0,0,0,0,0,0,0
0,2,3,0,0,0,0,0,0,0
0,3,2,0,0,0,0,0,0,0
0,3,9,0,0,0,0,0,0,0
0,10,3,0,0,0,0,0,0,0
1,0,5,0,0,0,0,0,0,0
5,4,1,0,0,0,0,0,0,0
0,1,6,0,0,0,0,0,0,0
0,2,7,0,0,0,0,0,0,0
0,1,4,0,0,0,0,0,0,0
0,5,10,0,0,0,0,0,0,0
0,3,6,0,0,0,0,0,0,0
0,1,4,0,0,0,0,0,0,0
0,1,5,0,0,0,0,0,0,0
0,2,8,0,0,0,0,0,0,0
3,8,1,0,0,0,0,0,0,0
8,2,18,0,0,0,0,0,0,0
1,0,5,0,0,0,0,0,0,0
0,8,16,0,0,0,0,0,0,0
0,3,15,0,0,0,0,0,0,0
1,0,6,0,0,0,0,0,0,0
0,2,9,0,0,0,0,0,0,0
0,2,4,0,0,0,0,0,0,0
1,3,10,0,0,0,0,0,0,0
0,4,2,0,0,0,0,0,0,0
0,3,3,0,0,0,0,0,0,0
0,3,10,0,0,0,0,0,0,0
0,2,12,0,0,0,0,0,0,0
0,10,12,0,0,0,0,0,0,0
0,2,7,0,0,0,0,0,0,0
0,2,4,0,0,0,0,0,0,0
0,6,15,0,0,0,0,0,0,0
0,2,4,0,0,0,0,0,0,0
0,4,2,0,0,0,0,0,0,0
0,3,18,0,0,0,0,0,0,0
0,2,13,0,0,0,0,0,0,0
0,6,2,0,0,0,0,0,0,0
1,10,2,0,0,0,0,0,0,0
0,2,4,0,0,0,0,0,0,0
0,1,5,0,0,0,0,0,0,0
0,4,2,0,0,0,0,0,0,0
0,17,3,0,0,0,0,0,0,0
1,1,3,0,0,0,0,0,0,0
3,24,7,0,0,0,0,0,0,0
0,1,4,0,0,0,0,0,0,0
0,4,2,0,0,0,0,0,0,0
0,2,4,0,0,0,0,0,0,0
0,2,3,0,0,0,0,0,0,0
1,1,3,0,0,0,0,0,0,0
0,3,5,0,0,0,0,0,0,0
0,2,3,0,0,0,0,0,0,0
0,7,3,0,0,0,0,0,0,0
1,0,6,0,0,0,0,0,0,0
0,2,4,0,0,0,0,0,0,0
0,1,4,0,0,0,0,0,0,0
1,10,25,0,0,0,0,0,0,0
0,2,5,0,0,0,0,0,0,0
2,0,10,0,0,0,0,0,0,0
0,2,6,0,0,0,0,0,0,0
0,4,3,0,0,0,0,0,0,0
0,1,6,0,0,0,0,0,0,0
1,4,7,0,0,0,0,0,0,0
0,2,10,0,0,0,0,0,0,0
1,0,6,0,0,0,0,0,0,0
1,0,5,0,0,0,0,0,0,0
0,4,7,0,0,0,0,0,0,0
0,2,7,0,0,0,0,0,0,0
1,8,28,0,0,0,0,0,0,0
0,3,2,0,0,0,0,0,0,0
0,2,12,0,0,0,0,0,0,0
1,0,6,0,0,0,0,0,0,0
0,2,3,0,0,0,0,0,0,0
0,5,8,0,0,0,0,0,0,0
1,3,5,0,0,0,0,0,0,0
0,2,3,0,0,0,0,0,0,0
0,2,13,0,0,0,0,0,0,0
0,1,4,0,0,0,0,0,0,0
5,2,10,0,0,0,0,0,0,0
0,5,1,0,0,0,0,0,0,0
0,4,9,0,0,0,0,0,0,0
0,6,1,0,0,0,0,0,0,0
1,6,19,0,0,0,0,0,0,0
0,11,10,0,0,0,0,0,0,0
0,6,1,0,0,0,0,0,0,0
0,2,9,0,0,0,0,0,0,0
0,3,8,0,0,0,0,0,0,0
0,10,8,0,0,0,0,0,0,0
1,3,2,0,0,0,0,0,0,0
1,0,5,0,0,0,0,0,0,0
0,4,3,0,0,0,0,0,0,0
0,2,5,0,0,0,0,0,0,0
0,5,2,0,0,0,0,0,0,0
0,2,8,0,0,0,0,0,0,0
1,1,8,0,0,0,0,0,0,0
0,2,6,0,0,0,0,0,0,0
0,1,5,0,0,0,0,0,0,0
0,3,8,0,0,0,0,0,0,0
0,6,19,0,0,0,0,0,0,0
1,3,19,0,0,0,0,0,0,0
0,2,8,0,0,0,0,0,0,0
0,3,11,0,0,0,0,0,0,0
0,3,3,0,0,0,0,0,0,0
2,2,16,0,0,0,0,0,0,0
0,7,11,0,0,0,0,0,0,0
2,2,6,0,0,0,0,0,0,0
0,4,10,0,0,0,0,0,0,0
1,1,7,0,0,0,0,0,0,0
2,1,8,0,0,0,0,0,0,0
0,5,1,0,0,0,0,0,0,0
0,8,7,0,0,0,0,0,0,0
0,2,7,0,0,0,0,0,0,0
1,1,3,0,0,0,0,0,0,0
0,5,5,0,0,0,0,0,0,0
0,1,4,0,0,0,0,0,0,0
0,1,6,0,0,0,0,0,0,0
2,4,27,0,0,0,0,0,0,0
0,2,3,0,0,0,0,0,0,0
0,4,1,0,0,0,0,0,0,0
0,3,16,0,0,0,0,0,0,0
0,7,8,0,0,0,0,0,0,0
0,3,3,0,0,0,0,0,0,0
0,6,1,0,0,0,0,0,0,0
0,2,10,0,0,0,0,0,0,0
0,9,3,0,0,0,0,0,0,0
0,2,7,0,0,0,0,0,0,0
1,2,9,0,0,0,0,0,0,0
0,2,13,0,0,0,0,0,0,0
1,2,5,0,0,0,0,0,0,0
3,9,4,0,0,0,0,0,0,0
1,1,6,0,0,0,0,0,0,0
1,11,11,0,0,0,0,0,0,0
1,1,12,0,0,0,0,0,0,0
1,1,5,0,0,0,0,0,0,0
0,1,5,0,0,0,0,0,0,0
2,0,6,0,0,0,0,0,0,0
0,1,4,0,0,0,0,0,0,0
0,3,3,0,0,0,0,0,0,0
0,2,3,0,0,0,0,0,0,0
1,2,2,0,0,0,0,0,0,0
0,1,6,0,0,0,0,0,0,0
0,5,1,0,0,0,0,0,0,0
3,2,8,0,0,0,0,0,0,0
0,2,4,0,0,0,0,0,0,0
0,3,15,0,0,0,0,0,0,0
0,1,4,0,0,0,0,0,0,0
2,10,14,0,0,0,0,0,0,0
1,1,4,0,0,0,0,0,0,0
0,3,12,0,0,0,0,0,0,0
0,1,4,0,0,0,0,0,0,0
0,3,12,0,0,0,0,0,0,0
0,2,3,0,0,0,0,0,0,0
0,2,7,0,0,0,0,0,0,0
1,2,11,0,0,0,0,0,0,0
2,9,2,0,0,0,0,0,0,0
1,36,8,0,0,0,0,0,0,0
0,5,2,0,0,0,0,0,0,0
1,12,2,0,0,0,0,0,0,0
0,2,4,0,0,0,0,0,0,0
4,1,8,0,0,0,0,0,0,0
1,0,5,0,0,0,0,0,0,0
0,2,5,0,0,0,0,0,0,0
1,6,10,0,0,0,0,0,0,0
0,2,3,0,0,0,0,0,0,0
0,5,9,0,0,0,0,0,0,0
0,4,8,0,0,0,0,0,0,0
0,3,3,0,0,0,0,0,0,0
0,3,3,0,0,0,0,0,0,0
0,1,6,0,0,0,0,0,0,0
0,2,7,0,0,0,0,0,0,0
0,4,4,0,0,0,0,0,0,0
0,3,5,0,0,0,0,0,0,0
0,7,6,0,0,0,0,0,0,0
0,6,9,0,0,0,0,0,0,0
0,1,5,0,0,0,0,0,0,0
0,2,12,0,0,0,0,0,0,0
0,3,14,0,0,0,0,0,0,0
1,1,3,0,0,0,0,0,0,0
0,7,18,0,0,0,0,0,0,0
1,1,4,0,0,0,0,0,0,0
0,6,1,0,0,0,0,0,0,0
0,1,6,0,0,0,0,0,0,0
3,1,23,0,0,0,0,0,0,0
0,2,6,0,0,0,0,0,0,0
0,1,5,0,0,0,0,0,0,0
0,2,4,0,0,0,0,0,0,0
1,1,11,0,0,0,0,0,0,0
0,1,6,0,0,0,0,0,0,0
0,1,4,0,0,0,0,0,0,0
0,5,1,0,0,0,0,0,0,0
2,2,27,0,0,0,0,0,0,0
0,2,10,0,0,0,0,0,0,0
2,3,1,0,0,0,0,0,0,0
1,2,15,0,0,0,0,0,0,0
1,4,1,0,0,0,0,0,0,0
0,2,5,0,0,0,0,0,0,0
0,1,4,0,0,0,0,0,0,0
0,1,6,0,0,0,0,0,0,0
0,6,19,0,0,0,0,0,0,0
1,3,2,0,0,0,0,0,0,0
1,1,9,0,0,0,0,0,0,0
0,2,3,0,0,0,0,0,0,0
0,2,8,0,0,0,0,0,0,0
0,3,2,0,0,0,0,0,0,0
0,1,4,0,0,0,0,0,0,0
0,7,2,0,0,0,0,0,0,0
0,4,1,0,0,0,0,0,0,0
0,3,3,0,0,0,0,0,0,0
0,1,5,0,0,0,0,0,0,0
0,4,23,0,0,0,0,0,0,0
0,4,3,0,0,0,0,0,0,0
0,2,3,0,0,0,0,0,0,0
1,3,17,0,0,0,0,0,0,0
0,4,11,0,0,0,0,0,0,0
0,5,4,0,0,0,0,0,0,0
0,1,5,0,0,0,0,0,0,0
0,3,7,0,0,0,0,0,0,0
1,2,14,0,0,0,0,0,0,0
1,2,3,0,0,0,0,0,0,0
1,1,8,0,0,0,0,0,0,0
0,3,2,0,0,0,0,0,0,0
0,1,5,0,0,0,0,0,0,0
0,2,12,0,0,0,0,0,0,0
0,4,2,0,0,0,0,0,0,0
1,6,3,0,0,0,0,0,0,0
0,10,2,0,0,0,0,0,0,0
0,1,5,0,0,0,0,0,0,0
4,0,8,0,0,0,0,0,0,0
0,4,2,0,0,0,0,0,0,0
1,2,13,0,0,0,0,0,0,0
1,17,5,0,0,0,0,0,0,0
2,1,11,0,0,0,0,0,0,0
0,1,4,0,0,0,0,0,0,0
0,6,2,0,0,0,0,0,0,0
0,3,2,0,0,0,0,0,0,0
0,2,4,0,0,0,0,0,0,0
0,2,3,0,0,0,0,0,0,0
0,3,6,0,0,0,0,0,0,0
0,2,13,0,0,0,0,0,0,0
1,6,14,0,0,0,0,0,0,0
1,1,6,0,0,0,0,0,0,0
2,10,26,0,0,0,0,0,0,0
0,2,7,0,0,0,0,0,0,0
0,5,2,0,0,0,0,0,0,0
0,4,11,0,0,0,0,0,0,0
0,4,1,0,0,0,0,0,0,0
0,2,5,0,0,0,0,0,0,0
0,2,4,0,0,0,0,0,0,0
0,11,3,0,0,0,0,0,0,0
0,2,13,0,0,0,0,0,0,0
0,3,2,0,0,0,0,0,0,0
0,3,5,0,0,0,0,0,0,0
0,7,2,0,0,0,0,0,0,0
0,3,9,0,0,0,0,0,0,0
0,2,6,0,0,0,0,0,0,0
1,1,3,0,0,0,0,0,0,0
0,2,3,0,0,0,0,0,0,0
2,1,20,0,0,0,0,0,0,0
0,1,4,0,0,0,0,0,0,0
0,2,3,0,0,0,0,0,0,0
0,1,4,0,0,0,0,0,0,0
1,5,16,0,0,0,0,0,0,0
1,1,7,0,0,0,0,0,0,0
0,1,4,0,0,0,0,0,0,0
0,1,5,0,0,0,0,0,0,0
2,2,19,0,0,0,0,0,0,0
0,2,5,0,0,0,0,0,0,0
0,1,5,0,0,0,0,0,0,0
0,2,8,0,0,0,0,0,0,0
1,0,5,0,0,0,0,0,0,0
1,1,6,0,0,0,0,0,0,0
0,5,1,0,0,0,0,0,0,0
0,7,8,0,0,0,0,0,0,0
0,5,4,0,0,0,0,0,0,0
2,1,13,0,0,0,0,0,0,0
2,2,10,0,0,0,0,0,0,0
0,1,4,0,0,0,0,0,0,0
0,2,9,0,0,0,0,0,0,0
1,2,6,0,0,0,0,0,0,0
0,1,5,0,0,0,0,0,0,0
1,0,6,0,0,0,0,0,0,0
1,1,10,0,0,0,0,0,0,0
1,0,6,0,0,0,0,0,0,0
0,2,3,0,0,0,0,0,0,0
1,4,13,0,0,0,0,0,0,0
0,7,4,0,0,0,0,0,0,0
0,1,4,0,0,0,0,0,0,0
1,2,3,0,0,0,0,0,0,0
0,5,4,0,0,0,0,0,0,0
1,0,5,0,0,0,0,0,0,0
1,1,13,0,0,0,0,0,0,0
1,4,2,0,0,0,0,0,0,0
0,2,4,0,0,0,0,0,0,0
0,7,7,0,0,0,0,0,0,0
0,1,6,0,0,0,0,0,0,0
0,3,12,0,0,0,0,0,0,0
1,7,7,0,0,0,0,0,0,0
0,1,4,0,0,0,0,0,0,0
0,2,9,0,0,0,0,0,0,0
0,5,1,0,0,0,0,0,0,0
0,4,3,0,0,0,0,0,0,0
1,2,2,0,0,0,0,0,0,0
1,1,5,0,0,0,0,0,0,0
0,2,6,0,0,0,0,0,0,0
0,4,12,0,0,0,0,0,0,0
1,2,7,0,0,0,0,0,0,0
0,1,4,0,0,0,0,0,0,0
0,6,2,0,0,0,0,0,0,0
0,1,6,0,0,0,0,0,0,0
0,2,9,0,0,0,0,0,0,0
0,2,3,0,0,0,0,0,0,0
0,1,6,0,0,0,0,0,0,0
0,1,6,0,0,0,0,0,0,0
0,2,4,0,0,0,0,0,0,0
0,2,8,0,0,0,0,0,0,0
0,4,6,0,0,0,0,0,0,0
0,1,5,0,0,0,0,0,0,0
0,2,12,0,0,0,0,0,0,0
1,0,6,0,0,0,0,0,0,0
0,2,12,0,0,0,0,0,0,0
0,3,2,0,0,0,0,0,0,0
0,4,10,0,0,0,0,0,0,0
0,1,6,0,0,0,0,0,0,0
0,1,6,0,0,0,0,0,0,0
0,6,5,0,0,0,0,0,0,0
0,4,1,0,0,0,0,0,0,0
0,1,6,0,0,0,0,0,0,0
0,2,12,0,0,0,0,0,0,0
0,1,5,0,0,0,0,0,0,0
1,8,6,0,0,0,0,0,0,0
3,0,16,0,0,0,0,0,0,0
1,7,4,0,0,0,0,0,0,0
0,6,3,0,0,0,0,0,0,0
0,2,7,0,0,0,0,0,0,0
0,1,6,0,0,0,0,0,0,0
0,1,4,0,0,0,0,0,0,0
2,5,2,0,0,0,0,0,0,0
1,4,17,0,0,0,0,0,0,0
1,1,12,0,0,0,0,0,0,0
1,5,6,0,0,0,0,0,0,0
1,6,1,0,0,0,0,0,0,0
0,3,17,0,0,0,0,0,0,0
0,2,5,0,0,0,0,0,0,0
1,3,13,0,0,0,0,0,0,0
2,2,7,0,0,0,0,0,0,0
0,2,10,0,0,0,0,0,0,0
0,28,10,0,0,0,0,0,0,0
0,5,1,0,0,0,0,0,0,0
0,7,29,0,0,0,0,0,0,0
0,6,8,0,0,0,0,0,0,0
0,4,24,0,0,0,0,0,0,0
2,2,18,0,0,0,0,0,0,0
1,1,10,0,0,0,0,0,0,0
0,1,5,0,0,0,0,0,0,0
1,2,3,0,0,0,0,0,0,0
0,4,2,0,0,0,0,0,0,0
0,4,3,0,0,0,0,0,0,0
0,2,6,0,0,0,0,0,0,0
0,1,6,0,0,0,0,0,0,0
1,6,5,0,0,0,0,0,0,0
0,1,5,0,0,0,0,0,0,0
1,3,7,0,0,0,0,0,0,0
4,9,1,0,0,0,0,0,0,0
0,3,2,0,0,0,0,0,0,0
2,2,9,0,0,0,0,0,0,0
0,5,1,0,0,0,0,0,0,0
0,2,10,0,0,0,0,0,0,0
0,3,11,0,0,0,0,0,0,0
1,1,6,0,0,0,0,0,0,0
1,8,1,0,0,0,0,0,0,0
0,1,5,0,0,0,0,0,0,0
1,1,8,0,0,0,0,0,0,0
0,4,1,0,0,0,0,0,0,0
4,0,7,0,0,0,0,0,0,0
1,4,4,0,0,0,0,0,0,0
0,5,2,0,0,0,0,0,0,0
1,1,7,0,0,0,0,0,0,0
0,1,4,0,0,0,0,0,0,0
0,3,2,0,0,0,0,0,0,0
0,2,12,0,0,0,0,0,0,0
0,3,2,0,0,0,0,0,0,0
1,6,3,0,0,0,0,0,0,0
0,3,3,0,0,0,0,0,0,0
1,2,10,0,0,0,0,0,0,0
0,7,2,0,0,0,0,0,0,0
0,3,12,0,0,0,0,0,0,0
0,1,6,0,0,0,0,0,0,0
0,3,2,0,0,0,0,0,0,0
2,2,13,0,0,0,0,0,0,0
0,2,4,0,0,0,0,0,0,0
1,1,8,0,0,0,0,0,0,0
3,0,10,0,0,0,0,0,0,0
0,1,5,0,0,0,0,0,0,0
1,0,6,0,0,0,0,0,0,0
1,2,20,0,0,0,0,0,0,0
2,1,19,0,0,0,0,0,0,0
1,2,4,0,0,0,0,0,0,0
2,1,11,0,0,0,0,0,0,0
1,3,6,0,0,0,0,0,0,0
0,8,8,0,0,0,0,0,0,0
0,5,2,0,0,0,0,0,0,0
0,5,9,0,0,0,0,0,0,0
0,2,4,0,0,0,0,0,0,0
0,1,5,0,0,0,0,0,0,0
0,2,3,0,0,0,0,0,0,0
0,7,2,0,0,0,0,0,0,0
1,3,4,0,0,0,0,0,0,0
1,6,12,0,0,0,0,0,0,0
1,1,13,0,0,0,0,0,0,0
1,4,14,0,0,0,0,0,0,0
0,2,5,0,0,0,0,0,0,0
1,0,6,0,0,0,0,0,0,0
0,2,6,0,0,0,0,0,0,0
0,6,2,0,0,0,0,0,0,0
0,6,10,0,0,0,0,0,0,0
0,2,3,0,0,0,0,0,0,0
0,4,2,0,0,0,0,0,0,0
0,1,4,0,0,0,0,0,0,0
0,3,9,0,0,0,0,0,0,0
0,2,6,0,0,0,0,0,0,0
1,1,6,0,0,0,0,0,0,0
2,2,1,0,0,0,0,0,0,0
1,13,1,0,0,0,0,0,0,0
0,5,2,0,0,0,0,0,0,0
3,1,2,0,0,0,0,0,0,0
1,1,9,0,0,0,0,0,0,0
1,5,6,0,0,0,0,0,0,0
0,1,5,0,0,0,0,0,0,0
0,1,4,0,0,0,0,0,0,0
0,10,14,0,0,0,0,0,0,0
0,4,3,0,0,0,0,0,0,0
2,1,2,0,0,0,0,0,0,0
0,4,5,0,0,0,0,0,0,0
0,2,11,0,0,0,0,0,0,0
0,7,3,0,0,0,0,0,0,0
0,6,6,0,0,0,0,0,0,0
1,1,6,0,0,0,0,0,0,0
3,0,9,0,0,0,0,0,0,0
2,4,20,0,0,0,0,0,0,0
0,2,7,0,0,0,0,0,0,0
0,2,7,0,0,0,0,0,0,0
1,0,6,0,0,0,0,0,0,0
0,1,4,0,0,0,0,0,0,0
0,2,6,0,0,0,0,0,0,0
1,5,10,0,0,0,0,0,0,0
0,2,10,0,0,0,0,0,0,0
0,1,4,0,0,0,0,0,0,0
0,2,13,0,0,0,0,0,0,0
1,14,19,0,0,0,0,0,0,0
0,1,5,0,0,0,0,0,0,0
1,1,5,0,0,0,0,0,0,0
0,2,12,0,0,0,0,0,0,0
1,1,7,0,0,0,0,0,0,0
0,1,4,0,0,0,0,0,0,0
0,1,4,0,0,0,0,0,0,0
0,2,12,0,0,0,0,0,0,0
1,1,8,0,0,0,0,0,0,0
0,3,2,0,0,0,0,0,0,0
1,6,10,0,0,0,0,0,0,0
2,1,4,0,0,0,0,0,0,0
0,1,4,0,0,0,0,0,0,0
1,4,28,0,0,0,0,0,0,0
0,9,2,0,0,0,0,0,0,0
0,4,5,0,0,0,0,0,0,0
0,3,10,0,0,0,0,0,0,0
0,3,14,0,0,0,0,0,0,0
0,5,4,0,0,0,0,0,0,0
0,3,2,0,0,0,0,0,0,0
1,1,5,0,0,0,0,0,0,0
0,2,10,0,0,0,0,0,0,0
0,2,6,0,0,0,0,0,0,0
1,11,4,0,0,0,0,0,0,0
0,3,10,0,0,0,0,0,0,0
1,1,11,0,0,0,0,0,0,0
0,2,5,0,0,0,0,0,0,0
0,3,2,0,0,0,0,0,0,0
0,2,12,0,0,0,0,0,0,0
0,2,3,0,0,0,0,0,0,0
0,23,12,0,0,0,0,0,0,0
1,3,5,0,0,0,0,0,0,0
3,4,8,0,0,0,0,0,0,0
0,1,6,0,0,0,0,0,0,0
0,2,8,0,0,0,0,0,0,0
3,1,1,0,0,0,0,0,0,0
3,2,16,0,0,0,0,0,0,0
0,12,14,0,0,0,0,0,0,0
1,1,5,0,0,0,0,0,0,0
0,1,4,0,0,0,0,0,0,0
0,2,3,0,0,0,0,0,0,0
1,2,10,0,0,0,0,0,0,0
0,4,1,0,0,0,0,0,0,0
0,1,5,0,0,0,0,0,0,0
0,1,5,0,0,0,0,0,0,0
1,13,1,0,0,0,0,0,0,0
1,6,11,0,0,0,0,0,0,0
0,6,4,0,0,0,0,0,0,0
0,1,4,0,0,0,0,0,0,0
0,1,4,0,0,0,0,0,0,0
2,0,7,0,0,0,0,0,0,0
1,0,5,0,0,0,0,0,0,0
1,1,9,0,0,0,0,0,0,0
0,3,3,0,0,0,0,0,0,0
0,3,3,0,0,0,0,0,0,0
1,2,17,0,0,0,0,0,0,0
0,6,2,0,0,0,0,0,0,0
2,0,8,0,0,0,0,0,0,0
2,2,2,0,0,0,0,0,0,0
0,1,6,0,0,0,0,0,0,0
1,1,4,0,0,0,0,0,0,0
0,8,16,0,0,0,0,0,0,0
1,1,3,0,0,0,0,0,0,0
0,3,2,0,0,0,0,0,0,0
1,2,7,0,0,0,0,0,0,0
1,0,6,0,0,0,0,0,0,0
0,1,6,0,0,0,0,0,0,0
0,5,26,0,0,0,0,0,0,0
1,1,4,0,0,0,0,0,0,0
0,6,8,0,0,0,0,0,0,0
0,5,13,0,0,0,0,0,0,0
0,5,15,0,0,0,0,0,0,0
2,1,14,0,0,0,0,0,0,0
1,3,20,0,0,0,0,0,0,0
1,4,3,0,0,0,0,0,0,0
0,2,10,0,0,0,0,0,0,0
0,1,4,0,0,0,0,0,0,0
0,2,7,0,0,0,0,0,0,0
2,2,23,0,0,0,0,0,0,0
0,1,4,0,0,0,0,0,0,0
1,1,12,0,0,0,0,0,0,0
0,4,2,0,0,0,0,0,0,0
0,3,4,0,0,0,0,0,0,0
0,1,5,0,0,0,0,0,0,0
0,3,10,0,0,0,0,0,0,0
0,4,4,0,0,0,0,0,0,0
0,1,4,0,0,0,0,0,0,0
0,7,5,0,0,0,0,0,0,0
2,0,5,0,0,0,0,0,0,0
0,1,4,0,0,0,0,0,0,0
0,3,11,0,0,0,0,0,0,0
2,3,10,0,0,0,0,0,0,0
0,3,5,0,0,0,0,0,0,0
0,1,4,0,0,0,0,0,0,0
1,1,11,0,0,0,0,0,0,0
0,6,14,0,0,0,0,0,0,0
0,3,10,0,0,0,0,0,0,0
0,2,3,0,0,0,0,0,0,0
3,0,8,0,0,0,0,0,0,0
0,1,6,0,0,0,0,0,0,0
1,1,5,0,0,0,0,0,0,0
1,9,8,0,0,0,0,0,0,0
1,11,11,0,0,0,0,0,0,0
0,4,4,0,0,0,0,0,0,0
1,1,7,0,0,0,0,0,0,0
0,2,6,0,0,0,0,0,0,0
1,0,5,0,0,0,0,0,0,0
0,3,4,0,0,0,0,0,0,0
4,40,3,0,0,0,0,0,0,0
1,0,5,0,0,0,0,0,0,0
0,4,1,0,0,0,0,0,0,0
0,2,5,0,0,0,0,0,0,0
0,2,3,0,0,0,0,0,0,0
1,2,8,0,0,0,0,0,0,0
0,3,7,0,0,0,0,0,0,0
1,1,12,0,0,0,0,0,0,0
0,1,6,0,0,0,0,0,0,0
0,2,5,0,0,0,0,0,0,0
2,1,16,0,0,0,0,0,0,0
0,6,12,0,0,0,0,0,0,0
9,1,29,0,0,0,0,0,0,0
0,2,5,0,0,0,0,0,0,0
0,1,6,0,0,0,0,0,0,0
0,3,2,0,0,0,0,0,0,0
0,2,3,0,0,0,0,0,0,0
0,2,4,0,0,0,0,0,0,0
1,1,3,0,0,0,0,0,0,0
1,2,12,0,0,0,0,0,0,0
1,3,10,0,0,0,0,0,0,0
0,2,8,0,0,0,0,0,0,0
1,4,20,0,0,0,0,0,0,0
0,1,6,0,0,0,0,0,0,0
1,1,8,0,0,0,0,0,0,0
0,11,13,0,0,0,0,0,0,0
2,1,14,0,0,0,0,0,0,0
0,3,4,0,0,0,0,0,0,0
1,6,17,0,0,0,0,0,0,0
0,4,4,0,0,0,0,0,0,0
1,0,6,0,0,0,0,0,0,0
1,3,5,0,0,0,0,0,0,0
1,2,4,0,0,0,0,0,0,0
0,6,2,0,0,0,0,0,0,0
0,8,5,0,0,0,0,0,0,0
1,2,14,0,0,0,0,0,0,0
0,12,16,0,0,0,0,0,0,0
0,4,2,0,0,0,0,0,0,0
0,2,13,0,0,0,0,0,0,0
0,3,15,0,0,0,0,0,0,0
0,1,6,0,0,0,0,0,0,0
0,2,11,0,0,0,0,0,0,0
1,7,29,0,0,0,0,0,0,0
0,2,5,0,0,0,0,0,0,0
0,11,3,0,0,0,0,0,0,0
0,2,11,0,0,0,0,0,0,0
3,0,13,0,0,0,0,0,0,0
0,4,20,0,0,0,0,0,0,0
1,0,6,0,0,0,0,0,0,0
0,5,1,0,0,0,0,0,0,0
2,5,11,0,0,0,0,0,0,0
0,5,10,0,0,0,0,0,0,0
1,2,6,0,0,0,0,0,0,0
0,5,1,0,0,0,0,0,0,0
2,4,22,0,0,0,0,0,0,0
1,2,3,0,0,0,0,0,0,0
1,2,10,0,0,0,0,0,0,0
0,3,2,0,0,0,0,0,0,0
1,1,13,0,0,0,0,0,0,0
0,5,7,0,0,0,0,0,0,0
1,0,6,0,0,0,0,0,0,0
1,0,6,0,0,0,0,0,0,0
1,3,23,0,0,0,0,0,0,0
1,5,2,0,0,0,0,0,0,0
0,2,3,0,0,0,0,0,0,0
0,3,2,0,0,0,0,0,0,0
0,2,4,0,0,0,0,0,0,0
1,2,3,0,0,0,0,0,0,0
0,3,6,0,0,0,0,0,0,0
0,1,5,0,0,0,0,0,0,0
0,2,7,0,0,0,0,0,0,0
0,2,10,0,0,0,0,0,0,0
5,3,29,0,0,0,0,0,0,0
3,0,10,0,0,0,0,0,0,0
1,2,13,0,0,0,0,0,0,0
0,4,6,0,0,0,0,0,0,0
1,1,12,0,0,0,0,0,0,0
0,1,6,0,0,0,0,0,0,0
1,0,5,0,0,0,0,0,0,0
0,2,3,0,0,0,0,0,0,0
0,4,3,0,0,0,0,0,0,0
1,3,8,0,0,0,0,0,0,0
1,1,13,0,0,0,0,0,0,0
0,4,11,0,0,0,0,0,0,0
0,2,6,0,0,0,0,0,0,0
0,2,3,0,0,0,0,0,0,0
0,2,12,0,0,0,0,0,0,0
0,6,11,0,0,0,0,0,0,0
0,3,3,0,0,0,0,0,0,0
0,2,13,0,0,0,0,0,0,0
0,5,2,0,0,0,0,0,0,0
1,2,4,0,0,0,0,0,0,0
0,7,20,0,0,0,0,0,0,0
0,3,5,0,0,0,0,0,0,0
0,1,4,0,0,0,0,0,0,0
0,2,6,0,0,0,0,0,0,0
0,2,3,0,0,0,0,0,0,0
1,0,5,0,0,0,0,0,0,0
0,4,6,0,0,0,0,0,0,0
0,7,8,0,0,0,0,0,0,0
1,16,4,0,0,0,0,0,0,0
0,2,12,0,0,0,0,0,0,0
0,2,9,0,0,0,0,0,0,0
0,2,12,0,0,0,0,0,0,0
0,4,21,0,0,0,0,0,0,0
0,3,13,0,0,0,0,0,0,0
0,1,6,0,0,0,0,0,0,0
0,1,4,0,0,0,0,0,0,0
0,19,9,0,0,0,0,0,0,0
1,3,1,0,0,0,0,0,0,0
0,2,3,0,0,0,0,0,0,0
1,0,6,0,0,0,0,0,0,0
1,0,5,0,0,0,0,0,0,0
2,3,8,0,0,0,0,0,0,0
0,3,5,0,0,0,0,0,0,0
0,2,8,0,0,0,0,0,0,0
2,2,26,0,0,0,0,0,0,0
1,0,5,0,0,0,0,0,0,0
1,2,7,0,0,0,0,0,0,0
0,2,5,0,0,0,0,0,0,0
0,18,10,0,0,0,0,0,0,0
0,2,8,0,0,0,0,0,0,0
0,2,3,0,0,0,0,0,0,0
1,3,16,0,0,0,0,0,0,0
0,2,7,0,0,0,0,0,0,0
0,4,10,0,0,0,0,0,0,0
0,2,8,0,0,0,0,0,0,0
0,2,3,0,0,0,0,0,0,0
0,9,26,0,0,0,0,0,0,0
0,2,4,0,0,0,0,0,0,0
2,4,6,0,0,0,0,0,0,0
1,2,2,0,0,0,0,0,0,0
0,7,3,0,0,0,0,0,0,0
0,2,5,0,0,0,0,0,0,0
0,1,4,0,0,0,0,0,0,0
0,2,10,0,0,0,0,0,0,0
0,2,6,0,0,0,0,0,0,0
1,0,6,0,0,0,0,0,0,0
1,1,6,0,0,0,0,0,0,0
0,3,9,0,0,0,0,0,0,0
0,4,9,0,0,0,0,0,0,0
0,1,5,0,0,0,0,0,0,0
0,2,3,0,0,0,0,0,0,0
0,4,2,0,0,0,0,0,0,0
0,10,4,0,0,0,0,0,0,0
0,3,9,0,0,0,0,0,0,0
0,12,4,0,0,0,0,0,0,0
1,2,5,0,0,0,0,0,0,0
3,1,20,0,0,0,0,0,0,0
0,1,5,0,0,0,0,0,0,0
1,1,4,0,0,0,0,0,0,0
0,1,4,0,0,0,0,0,0,0
1,3,4,0,0,0,0,0,0,0
0,2,9,0,0,0,0,0,0,0
0,2,4,0,0,0,0,0,0,0
0,11,15,0,0,0,0,0,0,0
0,5,8,0,0,0,0,0,0,0
4,0,10,0,0,0,0,0,0,0
0,3,3,0,0,0,0,0,0,0
0,2,4,0,0,0,0,0,0,0
0,3,2,0,0,0,0,0,0,0
0,6,5,0,0,0,0,0,0,0
0,1,4,0,0,0,0,0,0,0
0,3,8,0,0,0,0,0,0,0
0,11,3,0,0,0,0,0,0,0
1,2,3,0,0,0,0,0,0,0
0,5,1,0,0,0,0,0,0,0
0,3,3,0,0,0,0,0,0,0
1,0,6,0,0,0,0,0,0,0
0,4,1,0,0,0,0,0,0,0
0,6,3,0,0,0,0,0,0,0
0,2,3,0,0,0,0,0,0,0
0,5,3,0,0,0,0,0,0,0
0,2,3,0,0,0,0,0,0,0
0,2,4,0,0,0,0,0,0,0
3,0,12,0,0,0,0,0,0,0
0,1,5,0,0,0,0,0,0,0
0,2,5,0,0,0,0,0,0,0
1,2,3,0,0,0,0,0,0,0
0,1,6,0,0,0,0,0,0,0
0,4,2,0,0,0,0,0,0,0
0,1,4,0,0,0,0,0,0,0
5,4,3,0,0,0,0,0,0,0
1,0,5,0,0,0,0,0,0,0
2,1,12,0,0,0,0,0,0,0
0,5,5,0,0,0,0,0,0,0
1,1,10,0,0,0,0,0,0,0
0,4,2,0,0,0,0,0,0,0
0,1,4,0,0,0,0,0,0,0
1,4,2,0,0,0,0,0,0,0
0,1,6,0,0,0,0,0,0,0
0,6,3,0,0,0,0,0,0,0
0,1,6,0,0,0,0,0,0,0
0,2,3,0,0,0,0,0,0,0
0,1,4,0,0,0,0,0,0,0
1,1,13,0,0,0,0,0,0,0
1,0,6,0,0,0,0,0,0,0
1,1,5,0,0,0,0,0,0,0
1,7,10,0,0,0,0,0,0,0
0,6,6,0,0,0,0,0,0,0
0,4,16,0,0,0,0,0,0,0
1,0,5,0,0,0,0,0,0,0
1,2,11,0,0,0,0,0,0,0
0,1,6,0,0,0,0,0,0,0
2,12,2,0,0,0,0,0,0,0
0,2,3,0,0,0,0,0,0,0
1,3,6,0,0,0,0,0,0,0
0,2,9,0,0,0,0,0,0,0
1,7,1,0,0,0,0,0,0,0
0,1,5,0,0,0,0,0,0,0
0,1,4,0,0,0,0,0,0,0
0,1,5,0,0,0,0,0,0,0
1,1,10,0,0,0,0,0,0,0
0,2,11,0,0,0,0,0,0,0
1,1,5,0,0,0,0,0,0,0
1,2,7,0,0,0,0,0,0,0
0,1,4,0,0,0,0,0,0,0
0,5,5,0,0,0,0,0,0,0
0,7,13,0,0,0,0,0,0,0
0,2,8,0,0,0,0,0,0,0
0,3,18,0,0,0,0,0,0,0
1,2,12,0,0,0,0,0,0,0
0,1,5,0,0,0,0,0,0,0
1,2,17,0,0,0,0,0,0,0
2,0,11,0,0,0,0,0,0,0
0,13,2,0,0,0,0,0,0,0
0,4,1,0,0,0,0,0,0,0
0,1,4,0,0,0,0,0,0,0
0,1,6,0,0,0,0,0,0,0
1,0,6,0,0,0,0,0,0,0
0,3,2,0,0,0,0,0,0,0
0,12,18,0,0,0,0,0,0,0
0,5,7,0,0,0,0,0,0,0
0,2,7,0,0,0,0,0,0,0
0,3,13,0,0,0,0,0,0,0
0,2,6,0,0,0,0,0,0,0
0,3,16,0,0,0,0,0,0,0
0,2,8,0,0,0,0,0,0,0
0,3,2,0,0,0,0,0,0,0
0,8,2,0,0,0,0,0,0,0
1,23,12,0,0,0,0,0,0,0
1,1,13,0,0,0,0,0,0,0
0,2,4,0,0,0,0,0,0,0
0,1,4,0,0,0,0,0,0,0
0,11,7,0,0,0,0,0,0,0
0,3,4,0,0,0,0,0,0,0
0,9,29,0,0,0,0,0,0,0
0,2,10,0,0,0,0,0,0,0
0,2,6,0,0,0,0,0,0,0
0,2,3,0,0,0,0,0,0,0
1,5,14,0,0,0,0,0,0,0
0,1,5,0,0,0,0,0,0,0
0,1,4,0,0,0,0,0,0,0
0,4,26,0,0,0,0,0,0,0
0,1,6,0,0,0,0,0,0,0
0,1,5,0,0,0,0,0,0,0
0,1,5,0,0,0,0,0,0,0
0,8,5,0,0,0,0,0,0,0
0,6,10,0,0,0,0,0,0,0
0,2,12,0,0,0,0,0,0,0
0,3,4,0,0,0,0,0,0,0
1,2,14,0,0,0,0,0,0,0
0,3,9,0,0,0,0,0,0,0
0,4,1,0,0,0,0,0,0,0
0,5,9,0,0,0,0,0,0,0
0,2,9,0,0,0,0,0,0,0
6,3,24,0,0,0,0,0,0,0
0,6,1,0,0,0,0,0,0,0
1,1,11,0,0,0,0,0,0,0
0,1,5,0,0,0,0,0,0,0
2,9,6,0,0,0,0,0,0,0
0,3,13,0,0,0,0,0,0,0
0,1,5,0,0,0,0,0,0,0
0,1,4,0,0,0,0,0,0,0
1,0,5,0,0,0,0,0,0,0
1,1,4,0,0,0,0,0,0,0
0,1,5,0,0,0,0,0,0,0
1,0,6,0,0,0,0,0,0,0
1,1,9,0,0,0,0,0,0,0
1,1,11,0,0,0,0,0,0,0
0,3,2,0,0,0,0,0,0,0
1,1,3,0,0,0,0,0,0,0
1,0,6,0,0,0,0,0,0,0
1,3,12,0,0,0,0,0,0,0
0,6,6,0,0,0,0,0,0,0
0,1,5,0,0,0,0,0,0,0
0,1,6,0,0,0,0,0,0,0
0,2,12,0,0,0,0,0,0,0
0,9,18,0,0,0,0,0,0,0
0,3,6,0,0,0,0,0,0,0
1,1,10,0,0,0,0,0,0,0
0,5,6,0,0,0,0,0,0,0
0,11,11,0,0,0,0,0,0,0
0,5,18,0,0,0,0,0,0,0
0,4,4,0,0,0,0,0,0,0
0,3,2,0,0,0,0,0,0,0
0,2,7,0,0,0,0,0,0,0
0,6,1,0,0,0,0,0,0,0
0,4,18,0,0,0,0,0,0,0
3,0,8,0,0,0,0,0,0,0
0,4,1,0,0,0,0,0,0,0
0,3,2,0,0,0,0,0,0,0
2,25,4,0,0,0,0,0,0,0
0,1,6,0,0,0,0,0,0,0
0,3,2,0,0,0,0,0,0,0
1,1,4,0,0,0,0,0,0,0
0,4,1,0,0,0,0,0,0,0
0,2,4,0,0,0,0,0,0,0
1,0,5,0,0,0,0,0,0,0
1,0,5,0,0,0,0,0,0,0
0,1,4,0,0,0,0,0,0,0
0,1,4,0,0,0,0,0,0,0
0,1,5,0,0,0,0,0,0,0
1,1,7,0,0,0,0,0,0,0
1,1,6,0,0,0,0,0,0,0
1,2,7,0,0,0,0,0,0,0
1,1,3,0,0,0,0,0,0,0
0,1,6,0,0,0,0,0,0,0
1,1,13,0,0,0,0,0,0,0
0,3,3,0,0,0,0,0,0,0
0,19,12,0,0,0,0,0,0,0
0,3,3,0,0,0,0,0,0,0
0,5,14,0,0,0,0,0,0,0
0,2,12,0,0,0,0,0,0,0
1,3,1,0,0,0,0,0,0,0
0,2,6,0,0,0,0,0,0,0
1,1,8,0,0,0,0,0,0,0
0,4,4,0,0,0,0,0,0,0
1,1,12,0,0,0,0,0,0,0
1,0,6,0,0,0,0,0,0,0
0,4,2,0,0,0,0,0,0,0
0,2,9,0,0,0,0,0,0,0
0,6,1,0,0,0,0,0,0,0
0,1,5,0,0,0,0,0,0,0
0,9,11,0,0,0,0,0,0,0
0,2,7,0,0,0,0,0,0,0
1,1,5,0,0,0,0,0,0,0
0,6,18,0,0,0,0,0,0,0
0,6,1,0,0,0,0,0,0,0
0,5,15,0,0,0,0,0,0,0
0,5,8,0,0,0,0,0,0,0
0,7,2,0,0,0,0,0,0,0
0,1,4,0,0,0,0,0,0,0
0,4,6,0,0,0,0,0,0,0
0,2,12,0,0,0,0,0,0,0
3,1,8,0,0,0,0,0,0,0
0,2,8,0,0,0,0,0,0,0
0,3,11,0,0,0,0,0,0,0
0,1,5,0,0,0,0,0,0,0
0,2,10,0,0,0,0,0,0,0
0,1,4,0,0,0,0,0,0,0
0,5,12,0,0,0,0,0,0,0
1,4,21,0,0,0,0,0,0,0
2,2,16,0,0,0,0,0,0,0
0,5,4,0,0,0,0,0,0,0
1,4,7,0,0,0,0,0,0,0
41,6,5,0,0,0,0,0,0,0
0,1,4,0,0,0,0,0,0,0
0,1,4,0,0,0,0,0,0,0
0,4,10,0,0,0,0,0,0,0
0,3,11,0,0,0,0,0,0,0
0,3,14,0,0,0,0,0,0,0
1,4,2,0,0,0,0,0,0,0
1,2,8,0,0,0,0,0,0,0
2,3,12,0,0,0,0,0,0,0
0,6,11,0,0,0,0,0,0,0
1,0,5,0,0,0,0,0,0,0
50,0,24,0,0,0,0,0,0,0
0,2,4,0,0,0,0,0,0,0
1,7,1,0,0,0,0,0,0,0
0,1,5,0,0,0,0,0,0,0
0,6,7,0,0,0,0,0,0,0
0,6,8,0,0,0,0,0,0,0
1,7,18,0,0,0,0,0,0,0
2,2,3,0,0,0,0,0,0,0
0,7,15,0,0,0,0,0,0,0
0,5,2,0,0,0,0,0,0,0
1,6,1,0,0,0,0,0,0,0
1,0,6,0,0,0,0,0,0,0
1,1,13,0,0,0,0,0,0,0
0,1,4,0,0,0,0,0,0,0
1,2,8,0,0,0,0,0,0,0
0,3,3,0,0,0,0,0,0,0
1,3,4,0,0,0,0,0,0,0
1,1,5,0,0,0,0,0,0,0
0,2,7,0,0,0,0,0,0,0
1,0,5,0,0,0,0,0,0,0
0,2,11,0,0,0,0,0,0,0
0,2,5,0,0,0,0,0,0,0
0,1,4,0,0,0,0,0,0,0
0,2,13,0,0,0,0,0,0,0
0,3,8,0,0,0,0,0,0,0
0,1,6,0,0,0,0,0,0,0
0,2,3,0,0,0,0,0,0,0
0,1,4,0,0,0,0,0,0,0
0,1,4,0,0,0,0,0,0,0
0,3,9,0,0,0,0,0,0,0
1,1,8,0,0,0,0,0,0,0
0,4,2,0,0,0,0,0,0,0
0,2,6,0,0,0,0,0,0,0
0,4,16,0,0,0,0,0,0,0
3,3,20,0,0,0,0,0,0,0
0,3,4,0,0,0,0,0,0,0
0,3,5,0,0,0,0,0,0,0
0,6,8,0,0,0,0,0,0,0
0,9,6,0,0,0,0,0,0,0
0,2,3,0,0,0,0,0,0,0
1,1,9,0,0,0,0,0,0,0
0,1,5,0,0,0,0,0,0,0
1,3,4,0,0,0,0,0,0,0
0,4,12,0,0,0,0,0,0,0
0,8,3,0,0,0,0,0,0,0
1,2,9,0,0,0,0,0,0,0
1,0,6,0,0,0,0,0,0,0
1,3,7,0,0,0,0,0,0,0
1,1,10,0,0,0,0,0,0,0
2,13,1,0,0,0,0,0,0,0
1,7,17,0,0,0,0,0,0,0
0,1,5,0,0,0,0,0,0,0
1,4,19,0,0,0,0,0,0,0
0,4,26,0,0,0,0,0,0,0
0,1,6,0,0,0,0,0,0,0
0,8,5,0,0,0,0,0,0,0
0,8,3,0,0,0,0,0,0,0
1,4,15,0,0,0,0,0,0,0
2,7,16,0,0,0,0,0,0,0
1,1,10,0,0,0,0,0,0,0
1,1,10,0,0,0,0,0,0,0
0,1,6,0,0,0,0,0,0,0
0,3,4,0,0,0,0,0,0,0
0,6,2,0,0,0,0,0,0,0
0,1,5,0,0,0,0,0,0,0
0,1,4,0,0,0,0,0,0,0
0,2,5,0,0,0,0,0,0,0
0,4,1,0,0,0,0,0,0,0
1,3,3,0,0,0,0,0,0,0
1,1,6,0,0,0,0,0,0,0
0,2,8,0,0,0,0,0,0,0
2,0,13,0,0,0,0,0,0,0
2,10,2,0,0,0,0,0,0,0
1,1,8,0,0,0,0,0,0,0
0,1,6,0,0,0,0,0,0,0
0,1,6,0,0,0,0,0,0,0
0,2,11,0,0,0,0,0,0,0
0,2,3,0,0,0,0,0,0,0
0,9,13,0,0,0,0,0,0,0
0,1,5,0,0,0,0,0,0,0
0,3,4,0,0,0,0,0,0,0
0,1,5,0,0,0,0,0,0,0
0,4,7,0,0,0,0,0,0,0
0,1,5,0,0,0,0,0,0,0
1,2,4,0,0,0,0,0,0,0
0,3,4,0,0,0,0,0,0,0
0,3,3,0,0,0,0,0,0,0
2,2,21,0,0,0,0,0,0,0
0,2,12,0,0,0,0,0,0,0
0,4,18,0,0,0,0,0,0,0
0,2,5,0,0,0,0,0,0,0
0,4,1,0,0,0,0,0,0,0
0,3,10,0,0,0,0,0,0,0
5,0,7,0,0,0,0,0,0,0
1,2,7,0,0,0,0,0,0,0
0,11,2,0,0,0,0,0,0,0
0,1,6,0,0,0,0,0,0,0
1,1,7,0,0,0,0,0,0,0
0,3,4,0,0,0,0,0,0,0
0,2,12,0,0,0,0,0,0,0
1,1,13,0,0,0,0,0,0,0
0,4,3,0,0,0,0,0,0,0
0,5,2,0,0,0,0,0,0,0
0,4,2,0,0,0,0,0,0,0
0,1,6,0,0,0,0,0,0,0
0,4,4,0,0,0,0,0,0,0
0,2,10,0,0,0,0,0,0,0
0,2,12,0,0,0,0,0,0,0
0,1,6,0,0,0,0,0,0,0
0,3,5,0,0,0,0,0,0,0
0,1,4,0,0,0,0,0,0,0
1,1,10,0,0,0,0,0,0,0
0,2,4,0,0,0,0,0,0,0
0,2,7,0,0,0,0,0,0,0
0,2,10,0,0,0,0,0,0,0
0,2,4,0,0,0,0,0,0,0
51,42,6,0,0,0,0,0,0,0
0,3,10,0,0,0,0,0,0,0
0,4,13,0,0,0,0,0,0,0
0,7,5,0,0,0,0,0,0,0
1,2,2,0,0,0,0,0,0,0
0,2,7,0,0,0,0,0,0,0
0,7,2,0,0,0,0,0,0,0
0,2,3,0,0,0,0,0,0,0
0,3,9,0,0,0,0,0,0,0
0,4,3,0,0,0,0,0,0,0
1,1,5,0,0,0,0,0,0,0
1,1,8,0,0,0,0,0,0,0
0,1,6,0,0,0,0,0,0,0
0,1,5,0,0,0,0,0,0,0
2,0,10,0,0,0,0,0,0,0
0,2,3,0,0,0,0,0,0,0
2,5,5,0,0,0,0,0,0,0
1,0,6,0,0,0,0,0,0,0
0,11,8,0,0,0,0,0,0,0
0,1,4,0,0,0,0,0,0,0
0,1,4,0,0,0,0,0,0,0
2,8,10,0,0,0,0,0,0,0
0,2,12,0,0,0,0,0,0,0
0,5,13,0,0,0,0,0,0,0
2,0,7,0,0,0,0,0,0,0
0,2,4,0,0,0,0,0,0,0
5,0,5,0,0,0,0,0,0,0
0,3,5,0,0,0,0,0,0,0
0,6,5,0,0,0,0,0,0,0
2,1,12,0,0,0,0,0,0,0
1,1,9,0,0,0,0,0,0,0
0,4,2,0,0,0,0,0,0,0
0,4,1,0,0,0,0,0,0,0
0,2,3,0,0,0,0,0,0,0
2,1,3,0,0,0,0,0,0,0
0,4,4,0,0,0,0,0,0,0
0,2,3,0,0,0,0,0,0,0
1,13,5,0,0,0,0,0,0,0
1,27,16,0,0,0,0,0,0,0
0,5,16,0,0,0,0,0,0,0
0,2,8,0,0,0,0,0,0,0
0,3,6,0,0,0,0,0,0,0
1,1,5,0,0,0,0,0,0,0
2,2,4,0,0,0,0,0,0,0
0,1,5,0,0,0,0,0,0,0
0,2,9,0,0,0,0,0,0,0
5,0,15,0,0,0,0,0,0,0
0,2,13,0,0,0,0,0,0,0
0,8,25,0,0,0,0,0,0,0
0,1,4,0,0,0,0,0,0,0
1,2,12,0,0,0,0,0,0,0
0,3,12,0,0,0,0,0,0,0
0,3,7,0,0,0,0,0,0,0
1,1,6,0,0,0,0,0,0,0
1,4,8,0,0,0,0,0,0,0
0,4,2,0,0,0,0,0,0,0
1,7,13,0,0,0,0,0,0,0
0,5,2,0,0,0,0,0,0,0
0,2,8,0,0,0,0,0,0,0
0,3,2,0,0,0,0,0,0,0
2,0,9,0,0,0,0,0,0,0
0,6,9,0,0,0,0,0,0,0
0,4,2,0,0,0,0,0,0,0
0,2,8,0,0,0,0,0,0,0
0,3,2,0,0,0,0,0,0,0
0,1,5,0,0,0,0,0,0,0
0,8,8,0,0,0,0,0,0,0
1,2,9,0,0,0,0,0,0,0
1,0,6,0,0,0,0,0,0,0
0,1,5,0,0,0,0,0,0,0
0,4,11,0,0,0,0,0,0,0
0,2,6,0,0,0,0,0,0,0
1,1,7,0,0,0,0,0,0,0
0,5,16,0,0,0,0,0,0,0
0,8,14,0,0,0,0,0,0,0
2,1,12,0,0,0,0,0,0,0
0,1,4,0,0,0,0,0,0,0
0,1,5,0,0,0,0,0,0,0
0,3,13,0,0,0,0,0,0,0
0,3,2,0,0,0,0,0,0,0
0,3,3,0,0,0,0,0,0,0
0,3,9,0,0,0,0,0,0,0
0,9,2,0,0,0,0,0,0,0
0,1,5,0,0,0,0,0,0,0
0,1,5,0,0,0,0,0,0,0
0,3,7,0,0,0,0,0,0,0
0,9,10,0,0,0,0,0,0,0
0,3,3,0,0,0,0,0,0,0
1,1,10,0,0,0,0,0,0,0
1,1,6,0,0,0,0,0,0,0
6,6,16,0,0,0,0,0,0,0
0,1,5,0,0,0,0,0,0,0
0,1,4,0,0,0,0,0,0,0
1,7,8,0,0,0,0,0,0,0
0,3,8,0,0,0,0,0,0,0
0,2,9,0,0,0,0,0,0,0
0,1,4,0,0,0,0,0,0,0
0,11,10,0,0,0,0,0,0,0
1,1,6,0,0,0,0,0,0,0
0,5,4,0,0,0,0,0,0,0
0,6,5,0,0,0,0,0,0,0
1,0,6,0,0,0,0,0,0,0
0,1,4,0,0,0,0,0,0,0
0,2,3,0,0,0,0,0,0,0
0,2,7,0,0,0,0,0,0,0
0,4,8,0,0,0,0,0,0,0
0,4,10,0,0,0,0,0,0,0
2,6,2,0,0,0,0,0,0,0
1,6,5,0,0,0,0,0,0,0
0,2,11,0,0,0,0,0,0,0
2,0,9,0,0,0,0,0,0,0
0,3,10,0,0,0,0,0,0,0
0,3,4,0,0,0,0,0,0,0
0,1,5,0,0,0,0,0,0,0
0,8,5,0,0,0,0,0,0,0
0,1,6,0,0,0,0,0,0,0
0,1,4,0,0,0,0,0,0,0
2,1,5,0,0,0,0,0,0,0
0,3,3,0,0,0,0,0,0,0
3,0,11,0,0,0,0,0,0,0
0,2,12,0,0,0,0,0,0,0
0,4,1,0,0,0,0,0,0,0
0,1,4,0,0,0,0,0,0,0
1,0,5,0,0,0,0,0,0,0
0,1,6,0,0,0,0,0,0,0
0,2,4,0,0,0,0,0,0,0
1,1,12,0,0,0,0,0,0,0
2,3,16,0,0,0,0,0,0,0
1,4,4,0,0,0,0,0,0,0
0,3,2,0,0,0,0,0,0,0
0,5,2,0,0,0,0,0,0,0
0,5,4,0,0,0,0,0,0,0
1,26,14,0,0,0,0,0,0,0
0,3,4,0,0,0,0,0,0,0
0,9,28,0,0,0,0,0,0,0
1,5,8,0,0,0,0,0,0,0
0,3,6,0,0,0,0,0,0,0
1,3,14,0,0,0,0,0,0,0
0,1,5,0,0,0,0,0,0,0
0,1,4,0,0,0,0,0,0,0
3,9,2,0,0,0,0,0,0,0
1,1,7,0,0,0,0,0,0,0
0,14,4,0,0,0,0,0,0,0
1,1,10,0,0,0,0,0,0,0
1,12,1,0,0,0,0,0,0,0
0,1,4,0,0,0,0,0,0,0
0,2,7,0,0,0,0,0,0,0
2,9,14,0,0,0,0,0,0,0
0,2,6,0,0,0,0,0,0,0
1,2,12,0,0,0,0,0,0,0
0,12,3,0,0,0,0,0,0,0
0,2,4,0,0,0,0,0,0,0
0,2,9,0,0,0,0,0,0,0
3,26,2,0,0,0,0,0,0,0
0,3,12,0,0,0,0,0,0,0
1,5,2,0,0,0,0,0,0,0
0,3,9,0,0,0,0,0,0,0
0,3,2,0,0,0,0,0,0,0
0,3,2,0,0,0,0,0,0,0
0,2,4,0,0,0,0,0,0,0
2,2,3,0,0,0,0,0,0,0
0,4,12,0,0,0,0,0,0,0
1,3,2,0,0,0,0,0,0,0
0,6,13,0,0,0,0,0,0,0
0,12,6,0,0,0,0,0,0,0
0,3,5,0,0,0,0,0,0,0
0,3,3,0,0,0,0,0,0,0
0,3,4,0,0,0,0,0,0,0
0,10,12,0,0,0,0,0,0,0
1,1,7,0,0,0,0,0,0,0
0,4,4,0,0,0,0,0,0,0
0,5,2,0,0,0,0,0,0,0
0,3,2,0,0,0,0,0,0,0
0,4,7,0,0,0,0,0,0,0
0,3,2,0,0,0,0,0,0,0
0,3,7,0,0,0,0,0,0,0
0,4,2,0,0,0,0,0,0,0
0,2,3,0,0,0,0,0,0,0
0,2,11,0,0,0,0,0,0,0
0,2,3,0,0,0,0,0,0,0
0,3,3,0,0,0,0,0,0,0
0,2,8,0,0,0,0,0,0,0
0,1,5,0,0,0,0,0,0,0
0,5,1,0,0,0,0,0,0,0
0,1,4,0,0,0,0,0,0,0
0,4,9,0,0,0,0,0,0,0
2,2,11,0,0,0,0,0,0,0
0,11,11,0,0,0,0,0,0,0
0,2,7,0,0,0,0,0,0,0
0,2,11,0,0,0,0,0,0,0
0,4,12,0,0,0,0,0,0,0
0,1,5,0,0,0,0,0,0,0
0,12,3,0,0,0,0,0,0,0
0,6,1,0,0,0,0,0,0,0
0,3,11,0,0,0,0,0,0,0
0,4,1,0,0,0,0,0,0,0
0,1,6,0,0,0,0,0,0,0
1,6,1,0,0,0,0,0,0,0
0,9,9,0,0,0,0,0,0,0
0,3,14,0,0,0,0,0,0,0
1,1,9,0,0,0,0,0,0,0
0,1,6,0,0,0,0,0,0,0
0,8,3,0,0,0,0,0,0,0
0,4,2,0,0,0,0,0,0,0
0,1,4,0,0,0,0,0,0,0
0,2,5,0,0,0,0,0,0,0
0,2,4,0,0,0,0,0,0,0
2,0,7,0,0,0,0,0,0,0
0,1,6,0,0,0,0,0,0,0
1,1,6,0,0,0,0,0,0,0
0,5,4,0,0,0,0,0,0,0
0,2,4,0,0,0,0,0,0,0
0,7,2,0,0,0,0,0,0,0
2,0,13,0,0,0,0,0,0,0
2,6,7,0,0,0,0,0,0,0
1,2,6,0,0,0,0,0,0,0
0,2,9,0,0,0,0,0,0,0
0,1,5,0,0,0,0,0,0,0
0,5,10,0,0,0,0,0,0,0
1,1,13,0,0,0,0,0,0,0
0,4,1,0,0,0,0,0,0,0
0,3,12,0,0,0,0,0,0,0
1,2,20,0,0,0,0,0,0,0
0,2,3,0,0,0,0,0,0,0
0,4,1,0,0,0,0,0,0,0
2,0,13,0,0,0,0,0,0,0
0,18,4,0,0,0,0,0,0,0
0,1,5,0,0,0,0,0,0,0
0,1,5,0,0,0,0,0,0,0
0,4,4,0,0,0,0,0,0,0
0,3,2,0,0,0,0,0,0,0
0,1,4,0,0,0,0,0,0,0
0,3,2,0,0,0,0,0,0,0
0,7,4,0,0,0,0,0,0,0
0,2,7,0,0,0,0,0,0,0
1,3,1,0,0,0,0,0,0,0
0,3,7,0,0,0,0,0,0,0
0,5,12,0,0,0,0,0,0,0
0,7,4,0,0,0,0,0,0,0
2,0,5,0,0,0,0,0,0,0
1,1,9,0,0,0,0,0,0,0
0,3,3,0,0,0,0,0,0,0
1,1,6,0,0,0,0,0,0,0
1,0,6,0,0,0,0,0,0,0
0,1,6,0,0,0,0,0,0,0
1,4,5,0,0,0,0,0,0,0
0,3,16,0,0,0,0,0,0,0
0,2,13,0,0,0,0,0,0,0
0,1,6,0,0,0,0,0,0,0
2,1,17,0,0,0,0,0,0,0
1,1,7,0,0,0,0,0,0,0
3,1,2,0,0,0,0,0,0,0
0,1,4,0,0,0,0,0,0,0
0,1,4,0,0,0,0,0,0,0
1,1,10,0,0,0,0,0,0,0
0,4,1,0,0,0,0,0,0,0
1,11,9,0,0,0,0,0,0,0
0,6,8,0,0,0,0,0,0,0
1,1,3,0,0,0,0,0,0,0
0,3,2,0,0,0,0,0,0,0
0,2,3,0,0,0,0,0,0,0
0,1,4,0,0,0,0,0,0,0
0,1,4,0,0,0,0,0,0,0
0,2,8,0,0,0,0,0,0,0
1,2,3,0,0,0,0,0,0,0
0,6,26,0,0,0,0,0,0,0
0,4,16,0,0,0,0,0,0,0
1,1,13,0,0,0,0,0,0,0
1,1,12,0,0,0,0,0,0,0
3,0,15,0,0,0,0,0,0,0
0,2,4,0,0,0,0,0,0,0
0,5,1,0,0,0,0,0,0,0
0,6,2,0,0,0,0,0,0,0
1,2,4,0,0,0,0,0,0,0
1,0,5,0,0,0,0,0,0,0
0,11,9,0,0,0,0,0,0,0
0,6,17,0,0,0,0,0,0,0
0,13,2,0,0,0,0,0,0,0
0,2,10,0,0,0,0,0,0,0
1,0,5,0,0,0,0,0,0,0
1,0,6,0,0,0,0,0,0,0
0,1,5,0,0,0,0,0,0,0
0,3,9,0,0,0,0,0,0,0
0,5,11,0,0,0,0,0,0,0
0,5,2,0,0,0,0,0,0,0
2,1,16,0,0,0,0,0,0,0
0,1,4,0,0,0,0,0,0,0
0,7,5,0,0,0,0,0,0,0
2,0,10,0,0,0,0,0,0,0
0,3,3,0,0,0,0,0,0,0
1,1,6,0,0,0,0,0,0,0
0,3,3,0,0,0,0,0,0,0
0,1,4,0,0,0,0,0,0,0
1,1,4,0,0,0,0,0,0,0
0,3,7,0,0,0,0,0,0,0
1,5,6,0,0,0,0,0,0,0
0,3,10,0,0,0,0,0,0,0
0,5,15,0,0,0,0,0,0,0
0,7,8,0,0,0,0,0,0,0
0,4,4,0,0,0,0,0,0,0
0,2,5,0,0,0,0,0,0,0
0,15,5,0,0,0,0,0,0,0
1,9,24,0,0,0,0,0,0,0
0,3,3,0,0,0,0,0,0,0
0,1,6,0,0,0,0,0,0,0
0,2,6,0,0,0,0,0,0,0
0,4,26,0,0,0,0,0,0,0
1,2,13,0,0,0,0,0,0,0
0,2,13,0,0,0,0,0,0,0
0,10,2,0,0,0,0,0,0,0
1,1,4,0,0,0,0,0,0,0
1,1,9,0,0,0,0,0,0,0
1,3,8,0,0,0,0,0,0,0
0,1,5,0,0,0,0,0,0,0
0,5,1,0,0,0,0,0,0,0
0,1,5,0,0,0,0,0,0,0
0,2,7,0,0,0,0,0,0,0
0,3,8,0,0,0,0,0,0,0
0,1,6,0,0,0,0,0,0,0
1,15,13,0,0,0,0,0,0,0
0,1,6,0,0,0,0,0,0,0
1,0,5,0,0,0,0,0,0,0
0,2,4,0,0,0,0,0,0,0
0,3,12,0,0,0,0,0,0,0
0,1,4,0,0,0,0,0,0,0
0,4,2,0,0,0,0,0,0,0
0,2,4,0,0,0,0,0,0,0
1,2,8,0,0,0,0,0,0,0
1,5,3,0,0,0,0,0,0,0
0,2,6,0,0,0,0,0,0,0
0,4,3,0,0,0,0,0,0,0
9,28,14,0,0,0,0,0,0,0
2,6,2,0,0,0,0,0,0,0
2,3,30,0,0,0,0,0,0,0
0,2,8,0,0,0,0,0,0,0
1,1,10,0,0,0,0,0,0,0
1,1,11,0,0,0,0,0,0,0
1,1,8,0,0,0,0,0,0,0
1,1,10,0,0,0,0,0,0,0
1,7,14,0,0,0,0,0,0,0
0,8,9,0,0,0,0,0,0,0
1,1,4,0,0,0,0,0,0,0
0,3,3,0,0,0,0,0,0,0
0,14,6,0,0,0,0,0,0,0
1,1,11,0,0,0,0,0,0,0
0,4,2,0,0,0,0,0,0,0
0,4,1,0,0,0,0,0,0,0
0,2,10,0,0,0,0,0,0,0
1,2,9,0,0,0,0,0,0,0
1,1,10,0,0,0,0,0,0,0
0,1,4,0,0,0,0,0,0,0
0,3,14,0,0,0,0,0,0,0
0,5,3,0,0,0,0,0,0,0
1,2,2,0,0,0,0,0,0,0
0,5,11,0,0,0,0,0,0,0
1,6,6,0,0,0,0,0,0,0
0,4,1,0,0,0,0,0,0,0
0,3,4,0,0,0,0,0,0,0
1,6,27,0,0,0,0,0,0,0
0,1,5,0,0,0,0,0,0,0
1,4,9,0,0,0,0,0,0,0
1,2,9,0,0,0,0,0,0,0
3,0,7,0,0,0,0,0,0,0
1,0,6,0,0,0,0,0,0,0
0,5,8,0,0,0,0,0,0,0
0,2,4,0,0,0,0,0,0,0
2,1,8,0,0,0,0,0,0,0
1,3,22,0,0,0,0,0,0,0
0,5,14,0,0,0,0,0,0,0
0,5,1,0,0,0,0,0,0,0
0,2,11,0,0,0,0,0,0,0
0,2,4,0,0,0,0,0,0,0
0,3,2,0,0,0,0,0,0,0
0,1,4,0,0,0,0,0,0,0
0,2,9,0,0,0,0,0,0,0
0,5,7,0,0,0,0,0,0,0
0,3,3,0,0,0,0,0,0,0
0,1,4,0,0,0,0,0,0,0
0,1,6,0,0,0,0,0,0,0
0,1,6,0,0,0,0,0,0,0
0,4,19,0,0,0,0,0,0,0
0,1,5,0,0,0,0,0,0,0
0,1,5,0,0,0,0,0,0,0
0,2,13,0,0,0,0,0,0,0
0,1,5,0,0,0,0,0,0,0
0,4,4,0,0,0,0,0,0,0
0,1,5,0,0,0,0,0,0,0
3,2,4,0,0,0,0,0,0,0
0,1,4,0,0,0,0,0,0,0
0,3,16,0,0,0,0,0,0,0
0,1,5,0,0,0,0,0,0,0
1,0,6,0,0,0,0,0,0,0
0,12,7,0,0,0,0,0,0,0
0,3,12,0,0,0,0,0,0,0
0,4,4,0,0,0,0,0,0,0
0,3,4,0,0,0,0,0,0,0
0,1,6,0,0,0,0,0,0,0
0,1,4,0,0,0,0,0,0,0
0,1,4,0,0,0,0,0,0,0
1,2,19,0,0,0,0,0,0,0
1,2,13,0,0,0,0,0,0,0
0,4,6,0,0,0,0,0,0,0
2,1,3,0,0,0,0,0,0,0
1,3,8,0,0,0,0,0,0,0
0,14,4,0,0,0,0,0,0,0
1,0,5,0,0,0,0,0,0,0
0,3,5,0,0,0,0,0,0,0
0,5,14,0,0,0,0,0,0,0
0,4,5,0,0,0,0,0,0,0
0,1,5,0,0,0,0,0,0,0
0,1,4,0,0,0,0,0,0,0
0,4,5,0,0,0,0,0,0,0
0,8,11,0,0,0,0,0,0,0
0,6,1,0,0,0,0,0,0,0
0,3,3,0,0,0,0,0,0,0
0,1,5,0,0,0,0,0,0,0
0,2,3,0,0,0,0,0,0,0
0,3,6,0,0,0,0,0,0,0
6,0,15,0,0,0,0,0,0,0
1,1,12,0,0,0,0,0,0,0
0,3,5,0,0,0,0,0,0,0
1,3,8,0,0,0,0,0,0,0
1,0,6,0,0,0,0,0,0,0
0,2,10,0,0,0,0,0,0,0
0,2,12,0,0,0,0,0,0,0
0,4,1,0,0,0,0,0,0,0
0,1,5,0,0,0,0,0,0,0
0,10,3,0,0,0,0,0,0,0
0,13,3,0,0,0,0,0,0,0
0,5,1,0,0,0,0,0,0,0
2,9,3,0,0,0,0,0,0,0
0,2,5,0,0,0,0,0,0,0
0,15,30,0,0,0,0,0,0,0
0,3,4,0,0,0,0,0,0,0
0,1,5,0,0,0,0,0,0,0
4,12,6,0,0,0,0,0,0,0
1,3,1,0,0,0,0,0,0,0
1,1,7,0,0,0,0,0,0,0
0,4,12,0,0,0,0,0,0,0
0,4,1,0,0,0,0,0,0,0
0,2,3,0,0,0,0,0,0,0
0,2,13,0,0,0,0,0,0,0
0,6,10,0,0,0,0,0,0,0
0,1,5,0,0,0,0,0,0,0
0,3,16,0,0,0,0,0,0,0
4,1,17,0,0,0,0,0,0,0
1,5,3,0,0,0,0,0,0,0
0,2,7,0,0,0,0,0,0,0
0,3,12,0,0,0,0,0,0,0
0,1,4,0,0,0,0,0,0,0
0,2,6,0,0,0,0,0,0,0
0,2,11,0,0,0,0,0,0,0
0,4,1,0,0,0,0,0,0,0
1,2,6,0,0,0,0,0,0,0
0,9,5,0,0,0,0,0,0,0
1,0,5,0,0,0,0,0,0,0
1,1,12,0,0,0,0,0,0,0
0,2,8,0,0,0,0,0,0,0
1,1,7,0,0,0,0,0,0,0
0,4,17,0,0,0,0,0,0,0
1,0,6,0,0,0,0,0,0,0
0,8,26,0,0,0,0,0,0,0
0,1,6,0,0,0,0,0,0,0
0,3,6,0,0,0,0,0,0,0
1,12,2,0,0,0,0,0,0,0
0,6,7,0,0,0,0,0,0,0
2,0,5,0,0,0,0,0,0,0
0,5,15,0,0,0,0,0,0,0
1,6,2,0,0,0,0,0,0,0
0,1,4,0,0,0,0,0,0,0
0,3,2,0,0,0,0,0,0,0
0,3,8,0,0,0,0,0,0,0
0,19,3,0,0,0,0,0,0,0
19,0,7,0,0,0,0,0,0,0
0,2,3,0,0,0,0,0,0,0
0,2,12,0,0,0,0,0,0,0
1,3,11,0,0,0,0,0,0,0
3,0,8,0,0,0,0,0,0,0
1,1,12,0,0,0,0,0,0,0
1,2,7,0,0,0,0,0,0,0
0,1,4,0,0,0,0,0,0,0
0,4,8,0,0,0,0,0,0,0
0,2,3,0,0,0,0,0,0,0
1,1,8,0,0,0,0,0,0,0
0,2,10,0,0,0,0,0,0,0
1,0,6,0,0,0,0,0,0,0
1,3,7,0,0,0,0,0,0,0
0,2,7,0,0,0,0,0,0,0
0,2,4,0,0,0,0,0,0,0
1,1,6,0,0,0,0,0,0,0
0,1,4,0,0,0,0,0,0,0
0,1,4,0,0,0,0,0,0,0
0,6,2,0,0,0,0,0,0,0
1,2,4,0,0,0,0,0,0,0
1,68,10,0,0,0,0,0,0,0
0,1,6,0,0,0,0,0,0,0
0,1,6,0,0,0,0,0,0,0
1,0,6,0,0,0,0,0,0,0
1,1,5,0,0,0,0,0,0,0
0,1,4,0,0,0,0,0,0,0
1,3,22,0,0,0,0,0,0,0
0,3,4,0,0,0,0,0,0,0
0,2,4,0,0,0,0,0,0,0
0,3,4,0,0,0,0,0,0,0
0,2,5,0,0,0,0,0,0,0
0,1,5,0,0,0,0,0,0,0
2,2,8,0,0,0,0,0,0,0
1,2,15,0,0,0,0,0,0,0
0,4,3,0,0,0,0,0,0,0
0,2,3,0,0,0,0,0,0,0
0,3,17,0,0,0,0,0,0,0
1,8,9,0,0,0,0,0,0,0
0,2,8,0,0,0,0,0,0,0
0,9,25,0,0,0,0,0,0,0
0,14,4,0,0,0,0,0,0,0
0,4,7,0,0,0,0,0,0,0
1,9,17,0,0,0,0,0,0,0
0,1,6,0,0,0,0,0,0,0
0,1,5,0,0,0,0,0,0,0
1,2,2,0,0,0,0,0,0,0
0,2,12,0,0,0,0,0,0,0
2,0,11,0,0,0,0,0,0,0
0,2,11,0,0,0,0,0,0,0
2,0,5,0,0,0,0,0,0,0
0,2,6,0,0,0,0,0,0,0
0,6,4,0,0,0,0,0,0,0
0,20,5,0,0,0,0,0,0,0
0,6,2,0,0,0,0,0,0,0
2,3,9,0,0,0,0,0,0,0
1,1,7,0,0,0,0,0,0,0
1,2,13,0,0,0,0,0,0,0
0,5,16,0,0,0,0,0,0,0
1,1,10,0,0,0,0,0,0,0
1,5,17,0,0,0,0,0,0,0
1,1,7,0,0,0,0,0,0,0
1,2,4,0,0,0,0,0,0,0
0,4,1,0,0,0,0,0,0,0
1,0,5,0,0,0,0,0,0,0
0,3,16,0,0,0,0,0,0,0
0,3,11,0,0,0,0,0,0,0
0,2,5,0,0,0,0,0,0,0
0,1,5,0,0,0,0,0,0,0
0,5,1,0,0,0,0,0,0,0
0,9,3,0,0,0,0,0,0,0
0,1,6,0,0,0,0,0,0,0
0,2,4,0,0,0,0,0,0,0
0,6,5,0,0,0,0,0,0,0
0,5,20,0,0,0,0,0,0,0
0,4,1,0,0,0,0,0,0,0
0,2,4,0,0,0,0,0,0,0
0,6,12,0,0,0,0,0,0,0
0,1,4,0,0,0,0,0,0,0
0,3,6,0,0,0,0,0,0,0
0,8,11,0,0,0,0,0,0,0
0,2,4,0,0,0,0,0,0,0
1,0,6,0,0,0,0,0,0,0
1,1,3,0,0,0,0,0,0,0
0,2,5,0,0,0,0,0,0,0
0,1,4,0,0,0,0,0,0,0
2,1,7,0,0,0,0,0,0,0
0,9,11,0,0,0,0,0,0,0
0,2,13,0,0,0,0,0,0,0
0,3,3,0,0,0,0,0,0,0
0,3,3,0,0,0,0,0,0,0
0,2,11,0,0,0,0,0,0,0
0,1,4,0,0,0,0,0,0,0
0,5,1,0,0,0,0,0,0,0
2,1,12,0,0,0,0,0,0,0
0,1,6,0,0,0,0,0,0,0
0,2,3,0,0,0,0,0,0,0
1,1,4,0,0,0,0,0,0,0
0,3,3,0,0,0,0,0,0,0
0,5,1,0,0,0,0,0,0,0
1,9,4,0,0,0,0,0,0,0
0,5,1,0,0,0,0,0,0,0
0,5,4,0,0,0,0,0,0,0
1,4,1,0,0,0,0,0,0,0
0,3,5,0,0,0,0,0,0,0
0,11,4,0,0,0,0,0,0,0
0,1,4,0,0,0,0,0,0,0
0,5,5,0,0,0,0,0,0,0
0,2,12,0,0,0,0,0,0,0
0,1,5,0,0,0,0,0,0,0
0,2,4,0,0,0,0,0,0,0
0,5,1,0,0,0,0,0,0,0
1,1,6,0,0,0,0,0,0,0
0,2,7,0,0,0,0,0,0,0
0,2,12,0,0,0,0,0,0,0
0,1,4,0,0,0,0,0,0,0
1,4,1,0,0,0,0,0,0,0
1,1,3,0,0,0,0,0,0,0
0,2,5,0,0,0,0,0,0,0
0,7,3,0,0,0,0,0,0,0
1,1,11,0,0,0,0,0,0,0
2,5,3,0,0,0,0,0,0,0
0,2,8,0,0,0,0,0,0,0
1,1,12,0,0,0,0,0,0,0
1,2,6,0,0,0,0,0,0,0
2,0,8,0,0,0,0,0,0,0
0,5,17,0,0,0,0,0,0,0
0,4,1,0,0,0,0,0,0,0
1,4,22,0,0,0,0,0,0,0
1,1,4,0,0,0,0,0,0,0
1,2,14,0,0,0,0,0,0,0
1,0,5,0,0,0,0,0,0,0
0,14,5,0,0,0,0,0,0,0
0,5,14,0,0,0,0,0,0,0
0,4,1,0,0,0,0,0,0,0
0,4,1,0,0,0,0,0,0,0
0,1,5,0,0,0,0,0,0,0
0,3,5,0,0,0,0,0,0,0
0,4,1,0,0,0,0,0,0,0
1,0,6,0,0,0,0,0,0,0
0,1,6,0,0,0,0,0,0,0
5,10,2,0,0,0,0,0,0,0
1,0,5,0,0,0,0,0,0,0
0,6,6,0,0,0,0,0,0,0
2,2,2,0,0,0,0,0,0,0
0,2,5,0,0,0,0,0,0,0
0,6,6,0,0,0,0,0,0,0
0,1,5,0,0,0,0,0,0,0
1,1,6,0,0,0,0,0,0,0
0,4,3,0,0,0,0,0,0,0
2,3,11,0,0,0,0,0,0,0
1,2,5,0,0,0,0,0,0,0
0,1,4,0,0,0,0,0,0,0
0,3,8,0,0,0,0,0,0,0
0,2,11,0,0,0,0,0,0,0
2,0,5,0,0,0,0,0,0,0
1,0,6,0,0,0,0,0,0,0
0,9,9,0,0,0,0,0,0,0
0,2,5,0,0,0,0,0,0,0
0,1,5,0,0,0,0,0,0,0
0,8,5,0,0,0,0,0,0,0
0,3,5,0,0,0,0,0,0,0
0,5,8,0,0,0,0,0,0,0
0,1,4,0,0,0,0,0,0,0
0,4,10,0,0,0,0,0,0,0
0,1,4,0,0,0,0,0,0,0
1,3,11,0,0,0,0,0,0,0
1,3,12,0,0,0,0,0,0,0
0,3,3,0,0,0,0,0,0,0
0,1,6,0,0,0,0,0,0,0
6,2,24,0,0,0,0,0,0,0
0,1,6,0,0,0,0,0,0,0
1,1,6,0,0,0,0,0,0,0
1,3,3,0,0,0,0,0,0,0
0,3,10,0,0,0,0,0,0,0
0,1,4,0,0,0,0,0,0,0
0,1,6,0,0,0,0,0,0,0
0,14,9,0,0,0,0,0,0,0
0,3,5,0,0,0,0,0,0,0
0,5,5,0,0,0,0,0,0,0
0,1,6,0,0,0,0,0,0,0
1,1,12,0,0,0,0,0,0,0
1,1,8,0,0,0,0,0,0,0
1,1,8,0,0,0,0,0,0,0
0,2,10,0,0,0,0,0,0,0
0,1,6,0,0,0,0,0,0,0
0,2,6,0,0,0,0,0,0,0
1,20,7,0,0,0,0,0,0,0
0,3,2,0,0,0,0,0,0,0
0,1,6,0,0,0,0,0,0,0
0,4,6,0,0,0,0,0,0,0
1,2,4,0,0,0,0,0,0,0
1,2,6,0,0,0,0,0,0,0
2,1,6,0,0,0,0,0,0,0
1,1,9,0,0,0,0,0,0,0
0,3,3,0,0,0,0,0,0,0
0,2,3,0,0,0,0,0,0,0
1,0,5,0,0,0,0,0,0,0
0,6,2,0,0,0,0,0,0,0
0,1,6,0,0,0,0,0,0,0
0,2,5,0,0,0,0,0,0,0
0,2,7,0,0,0,0,0,0,0
0,6,29,0,0,0,0,0,0,0
0,2,7,0,0,0,0,0,0,0
0,2,12,0,0,0,0,0,0,0
0,3,16,0,0,0,0,0,0,0
0,7,14,0,0,0,0,0,0,0
0,1,4,0,0,0,0,0,0,0
1,6,16,0,0,0,0,0,0,0
0,2,12,0,0,0,0,0,0,0
2,0,9,0,0,0,0,0,0,0
1,1,4,0,0,0,0,0,0,0
23,1,5,0,0,0,0,0,0,0
0,1,5,0,0,0,0,0,0,0
0,3,6,0,0,0,0,0,0,0
2,0,5,0,0,0,0,0,0,0
0,2,4,0,0,0,0,0,0,0
0,1,5,0,0,0,0,0,0,0
0,3,3,0,0,0,0,0,0,0
1,0,5,0,0,0,0,0,0,0
1,0,6,0,0,0,0,0,0,0
0,1,5,0,0,0,0,0,0,0
2,1,3,0,0,0,0,0,0,0
0,3,4,0,0,0,0,0,0,0
1,2,9,0,0,0,0,0,0,0
1,3,10,0,0,0,0,0,0,0
0,4,4,0,0,0,0,0,0,0
1,1,10,0,0,0,0,0,0,0
0,2,3,0,0,0,0,0,0,0
0,2,5,0,0,0,0,0,0,0
1,3,27,0,0,0,0,0,0,0
3,1,14,0,0,0,0,0,0,0
0,23,6,0,0,0,0,0,0,0
1,1,4,0,0,0,0,0,0,0
0,2,4,0,0,0,0,0,0,0
15,10,5,0,0,0,0,0,0,0
0,3,8,0,0,0,0,0,0,0
0,2,4,0,0,0,0,0,0,0
0,3,11,0,0,0,0,0,0,0
0,3,4,0,0,0,0,0,0,0
0,4,7,0,0,0,0,0,0,0
0,1,6,0,0,0,0,0,0,0
0,1,5,0,0,0,0,0,0,0
0,3,5,0,0,0,0,0,0,0
0,8,7,0,0,0,0,0,0,0
0,1,4,0,0,0,0,0,0,0
1,5,4,0,0,0,0,0,0,0
0,4,7,0,0,0,0,0,0,0
1,1,3,0,0,0,0,0,0,0
0,2,6,0,0,0,0,0,0,0
1,3,3,0,0,0,0,0,0,0
1,1,5,0,0,0,0,0,0,0
0,6,11,0,0,0,0,0,0,0
0,3,11,0,0,0,0,0,0,0
0,4,16,0,0,0,0,0,0,0
1,0,6,0,0,0,0,0,0,0
0,1,5,0,0,0,0,0,0,0
1,0,5,0,0,0,0,0,0,0
1,7,1,0,0,0,0,0,0,0
2,13,1,0,0,0,0,0,0,0
0,11,2,0,0,0,0,0,0,0
0,2,5,0,0,0,0,0,0,0
0,2,7,0,0,0,0,0,0,0
0,4,1,0,0,0,0,0,0,0
2,0,5,0,0,0,0,0,0,0
0,2,3,0,0,0,0,0,0,0
1,1,9,0,0,0,0,0,0,0
2,0,7,0,0,0,0,0,0,0
2,10,10,0,0,0,0,0,0,0
2,0,13,0,0,0,0,0,0,0
2,0,8,0,0,0,0,0,0,0
1,2,19,0,0,0,0,0,0,0
0,6,1,0,0,0,0,0,0,0
0,2,7,0,0,0,0,0,0,0
1,4,16,0,0,0,0,0,0,0
0,3,3,0,0,0,0,0,0,0
0,1,4,0,0,0,0,0,0,0
1,2,6,0,0,0,0,0,0,0
0,1,5,0,0,0,0,0,0,0
0,3,13,0,0,0,0,0,0,0
0,5,19,0,0,0,0,0,0,0
0,7,16,0,0,0,0,0,0,0
0,2,3,0,0,0,0,0,0,0
1,1,7,0,0,0,0,0,0,0
1,1,12,0,0,0,0,0,0,0
0,1,4,0,0,0,0,0,0,0
0,3,13,0,0,0,0,0,0,0
0,5,1,0,0,0,0,0,0,0
2,10,17,0,0,0,0,0,0,0
0,2,5,0,0,0,0,0,0,0
0,1,6,0,0,0,0,0,0,0
0,6,5,0,0,0,0,0,0,0
0,1,5,0,0,0,0,0,0,0
1,1,8,0,0,0,0,0,0,0
3,4,11,0,0,0,0,0,0,0
24,33,2,0,0,0,0,0,0,0
0,2,9,0,0,0,0,0,0,0
0,3,2,0,0,0,0,0,0,0
0,1,4,0,0,0,0,0,0,0
0,5,10,0,0,0,0,0,0,0
0,6,5,0,0,0,0,0,0,0
0,3,12,0,0,0,0,0,0,0
2,0,10,0,0,0,0,0,0,0
0,1,6,0,0,0,0,0,0,0
0,4,7,0,0,0,0,0,0,0
0,6,10,0,0,0,0,0,0,0
0,2,3,0,0,0,0,0,0,0
1,1,6,0,0,0,0,0,0,0
1,2,11,0,0,0,0,0,0,0
1,2,12,0,0,0,0,0,0,0
0,1,6,0,0,0,0,0,0,0
0,1,4,0,0,0,0,0,0,0
0,10,3,0,0,0,0,0,0,0
0,15,8,0,0,0,0,0,0,0
0,6,16,0,0,0,0,0,0,0
1,3,7,0,0,0,0,0,0,0
1,8,10,0,0,0,0,0,0,0
0,4,8,0,0,0,0,0,0,0
0,3,16,0,0,0,0,0,0,0
0,1,6,0,0,0,0,0,0,0
0,3,3,0,0,0,0,0,0,0
0,2,6,0,0,0,0,0,0,0
0,1,5,0,0,0,0,0,0,0
0,10,6,0,0,0,0,0,0,0
2,6,5,0,0,0,0,0,0,0
0,2,4,0,0,0,0,0,0,0
0,6,3,0,0,0,0,0,0,0
0,2,5,0,0,0,0,0,0,0
1,2,2,0,0,0,0,0,0,0
0,3,4,0,0,0,0,0,0,0
0,4,11,0,0,0,0,0,0,0
0,2,5,0,0,0,0,0,0,0
0,5,1,0,0,0,0,0,0,0
1,3,10,0,0,0,0,0,0,0
0,1,5,0,0,0,0,0,0,0
0,6,7,0,0,0,0,0,0,0
0,2,4,0,0,0,0,0,0,0
1,3,6,0,0,0,0,0,0,0
0,9,3,0,0,0,0,0,0,0
1,4,21,0,0,0,0,0,0,0
0,2,9,0,0,0,0,0,0,0
1,2,12,0,0,0,0,0,0,0
7,8,21,0,0,0,0,0,0,0
2,0,12,0,0,0,0,0,0,0
1,7,4,0,0,0,0,0,0,0
0,16,7,0,0,0,0,0,0,0
1,4,12,0,0,0,0,0,0,0
1,1,11,0,0,0,0,0,0,0
0,5,8,0,0,0,0,0,0,0
0,4,3,0,0,0,0,0,0,0
0,6,1,0,0,0,0,0,0,0
0,7,6,0,0,0,0,0,0,0
0,4,1,0,0,0,0,0,0,0
0,3,14,0,0,0,0,0,0,0
0,1,5,0,0,0,0,0,0,0
0,1,5,0,0,0,0,0,0,0
0,1,4,0,0,0,0,0,0,0
0,2,7,0,0,0,0,0,0,0
0,3,3,0,0,0,0,0,0,0
1,0,5,0,0,0,0,0,0,0
0,1,4,0,0,0,0,0,0,0
0,12,2,0,0,0,0,0,0,0
0,3,2,0,0,0,0,0,0,0
0,2,6,0,0,0,0,0,0,0
1,3,12,0,0,0,0,0,0,0
0,3,2,0,0,0,0,0,0,0
1,0,6,0,0,0,0,0,0,0
10,10,4,0,0,0,0,0,0,0
0,2,3,0,0,0,0,0,0,0
0,2,5,0,0,0,0,0,0,0
0,2,3,0,0,0,0,0,0,0
0,5,1,0,0,0,0,0,0,0
0,1,6,0,0,0,0,0,0,0
0,1,6,0,0,0,0,0,0,0
0,5,2,0,0,0,0,0,0,0
1,1,3,0,0,0,0,0,0,0
1,1,4,0,0,0,0,0,0,0
0,4,4,0,0,0,0,0,0,0
0,6,3,0,0,0,0,0,0,0
0,2,3,0,0,0,0,0,0,0
0,1,6,0,0,0,0,0,0,0
0,2,4,0,0,0,0,0,0,0
1,1,6,0,0,0,0,0,0,0
0,4,2,0,0,0,0,0,0,0
0,8,8,0,0,0,0,0,0,0
0,3,3,0,0,0,0,0,0,0
0,5,6,0,0,0,0,0,0,0
0,1,4,0,0,0,0,0,0,0
0,7,3,0,0,0,0,0,0,0
0,4,15,0,0,0,0,0,0,0
0,3,4,0,0,0,0,0,0,0
0,1,4,0,0,0,0,0,0,0
0,3,5,0,0,0,0,0,0,0
0,3,3,0,0,0,0,0,0,0
0,5,3,0,0,0,0,0,0,0
0,1,4,0,0,0,0,0,0,0
0,5,2,0,0,0,0,0,0,0
0,2,4,0,0,0,0,0,0,0
11,88,10,0,0,0,0,0,0,0
0,2,3,0,0,0,0,0,0,0
0,2,6,0,0,0,0,0,0,0
0,1,6,0,0,0,0,0,0,0
1,3,1,0,0,0,0,0,0,0
0,7,7,0,0,0,0,0,0,0
0,3,8,0,0,0,0,0,0,0
0,2,7,0,0,0,0,0,0,0
0,9,7,0,0,0,0,0,0,0
0,9,4,0,0,0,0,0,0,0
1,2,2,0,0,0,0,0,0,0
0,2,4,0,0,0,0,0,0,0
0,4,2,0,0,0,0,0,0,0
2,4,1,0,0,0,0,0,0,0
1,1,3,0,0,0,0,0,0,0
1,0,6,0,0,0,0,0,0,0
0,1,6,0,0,0,0,0,0,0
0,1,4,0,0,0,0,0,0,0
0,4,2,0,0,0,0,0,0,0
0,7,7,0,0,0,0,0,0,0
0,2,13,0,0,0,0,0,0,0
1,0,6,0,0,0,0,0,0,0
1,1,6,0,0,0,0,0,0,0
1,3,2,0,0,0,0,0,0,0
0,1,5,0,0,0,0,0,0,0
0,4,7,0,0,0,0,0,0,0
0,1,4,0,0,0,0,0,0,0
1,4,9,0,0,0,0,0,0,0
1,2,12,0,0,0,0,0,0,0
2,4,1,0,0,0,0,0,0,0
1,0,6,0,0,0,0,0,0,0
3,2,25,0,0,0,0,0,0,0
0,1,5,0,0,0,0,0,0,0
0,2,3,0,0,0,0,0,0,0
1,5,19,0,0,0,0,0,0,0
2,0,10,0,0,0,0,0,0,0
0,2,3,0,0,0,0,0,0,0
0,1,6,0,0,0,0,0,0,0
1,0,5,0,0,0,0,0,0,0
2,0,11,0,0,0,0,0,0,0
2,1,8,0,0,0,0,0,0,0
4,1,20,0,0,0,0,0,0,0
0,4,11,0,0,0,0,0,0,0
0,1,4,0,0,0,0,0,0,0
1,2,16,0,0,0,0,0,0,0
0,9,13,0,0,0,0,0,0,0
1,8,6,0,0,0,0,0,0,0
0,5,18,0,0,0,0,0,0,0
0,25,19,0,0,0,0,0,0,0
0,5,18,0,0,0,0,0,0,0
1,0,5,0,0,0,0,0,0,0
2,4,12,0,0,0,0,0,0,0
0,4,4,0,0,0,0,0,0,0
0,5,8,0,0,0,0,0,0,0
1,1,10,0,0,0,0,0,0,0
1,3,6,0,0,0,0,0,0,0
0,5,1,0,0,0,0,0,0,0
1,2,18,0,0,0,0,0,0,0
0,1,6,0,0,0,0,0,0,0
0,1,6,0,0,0,0,0,0,0
0,3,2,0,0,0,0,0,0,0
1,1,10,0,0,0,0,0,0,0
0,5,9,0,0,0,0,0,0,0
0,1,5,0,0,0,0,0,0,0
1,2,12,0,0,0,0,0,0,0
0,2,7,0,0,0,0,0,0,0
0,7,8,0,0,0,0,0,0,0
2,1,14,0,0,0,0,0,0,0
2,2,5,0,0,0,0,0,0,0
0,5,3,0,0,0,0,0,0,0
0,4,3,0,0,0,0,0,0,0
0,7,12,0,0,0,0,0,0,0
0,1,4,0,0,0,0,0,0,0
0,1,6,0,0,0,0,0,0,0
0,1,4,0,0,0,0,0,0,0
0,2,4,0,0,0,0,0,0,0
0,1,6,0,0,0,0,0,0,0
0,3,2,0,0,0,0,0,0,0
0,5,25,0,0,0,0,0,0,0
1,0,6,0,0,0,0,0,0,0
0,4,11,0,0,0,0,0,0,0
0,4,6,0,0,0,0,0,0,0
0,1,4,0,0,0,0,0,0,0
0,1,4,0,0,0,0,0,0,0
3,2,9,0,0,0,0,0,0,0
0,2,3,0,0,0,0,0,0,0
0,1,5,0,0,0,0,0,0,0
0,4,1,0,0,0,0,0,0,0
0,11,9,0,0,0,0,0,0,0
0,2,9,0,0,0,0,0,0,0
0,1,6,0,0,0,0,0,0,0
0,2,5,0,0,0,0,0,0,0
0,2,6,0,0,0,0,0,0,0
0,6,3,0,0,0,0,0,0,0
0,4,5,0,0,0,0,0,0,0
0,12,15,0,0,0,0,0,0,0
0,1,4,0,0,0,0,0,0,0
0,12,4,0,0,0,0,0,0,0
0,2,8,0,0,0,0,0,0,0
1,5,7,0,0,0,0,0,0,0
0,1,6,0,0,0,0,0,0,0
2,3,24,0,0,0,0,0,0,0
2,8,22,0,0,0,0,0,0,0
2,2,12,0,0,0,0,0,0,0
1,1,9,0,0,0,0,0,0,0
0,5,3,0,0,0,0,0,0,0
0,6,17,0,0,0,0,0,0,0
1,1,11,0,0,0,0,0,0,0
1,2,13,0,0,0,0,0,0,0
0,12,3,0,0,0,0,0,0,0
1,2,2,0,0,0,0,0,0,0
0,2,3,0,0,0,0,0,0,0
1,0,5,0,0,0,0,0,0,0
1,11,12,0,0,0,0,0,0,0
1,7,9,0,0,0,0,0,0,0
0,1,4,0,0,0,0,0,0,0
0,1,6,0,0,0,0,0,0,0
0,7,12,0,0,0,0,0,0,0
0,6,2,0,0,0,0,0,0,0
0,3,3,0,0,0,0,0,0,0
0,2,3,0,0,0,0,0,0,0
1,2,17,0,0,0,0,0,0,0
0,3,5,0,0,0,0,0,0,0
1,1,9,0,0,0,0,0,0,0
0,1,5,0,0,0,0,0,0,0
1,0,5,0,0,0,0,0,0,0
1,2,16,0,0,0,0,0,0,0
0,1,5,0,0,0,0,0,0,0
0,3,9,0,0,0,0,0,0,0
0,11,8,0,0,0,0,0,0,0
0,6,3,0,0,0,0,0,0,0
0,4,19,0,0,0,0,0,0,0
0,1,5,0,0,0,0,0,0,0
0,1,6,0,0,0,0,0,0,0
0,2,7,0,0,0,0,0,0,0
0,4,3,0,0,0,0,0,0,0
0,4,2,0,0,0,0,0,0,0
0,1,4,0,0,0,0,0,0,0
0,4,4,0,0,0,0,0,0,0
0,1,4,0,0,0,0,0,0,0
2,2,12,0,0,0,0,0,0,0
1,11,10,0,0,0,0,0,0,0
0,6,3,0,0,0,0,0,0,0
0,2,6,0,0,0,0,0,0,0
0,7,2,0,0,0,0,0,0,0
1,1,5,0,0,0,0,0,0,0
0,1,4,0,0,0,0,0,0,0
0,2,13,0,0,0,0,0,0,0
1,1,4,0,0,0,0,0,0,0
0,4,5,0,0,0,0,0,0,0
0,4,26,0,0,0,0,0,0,0
1,1,10,0,0,0,0,0,0,0
0,1,4,0,0,0,0,0,0,0
0,5,4,0,0,0,0,0,0,0
0,3,4,0,0,0,0,0,0,0
0,1,4,0,0,0,0,0,0,0
0,2,4,0,0,0,0,0,0,0
0,1,4,0,0,0,0,0,0,0
1,1,7,0,0,0,0,0,0,0
2,2,1,0,0,0,0,0,0,0
0,4,10,0,0,0,0,0,0,0
0,11,4,0,0,0,0,0,0,0
4,2,1,0,0,0,0,0,0,0
0,6,16,0,0,0,0,0,0,0
0,2,7,0,0,0,0,0,0,0
0,3,5,0,0,0,0,0,0,0
1,6,2,0,0,0,0,0,0,0
1,0,6,0,0,0,0,0,0,0
0,2,6,0,0,0,0,0,0,0
0,2,3,0,0,0,0,0,0,0
0,2,3,0,0,0,0,0,0,0
1,1,3,0,0,0,0,0,0,0
2,1,10,0,0,0,0,0,0,0
0,4,1,0,0,0,0,0,0,0
0,1,5,0,0,0,0,0,0,0
0,2,3,0,0,0,0,0,0,0
0,2,4,0,0,0,0,0,0,0
0,2,5,0,0,0,0,0,0,0
1,0,5,0,0,0,0,0,0,0
1,3,24,0,0,0,0,0,0,0
0,3,5,0,0,0,0,0,0,0
0,2,8,0,0,0,0,0,0,0
0,2,3,0,0,0,0,0,0,0
0,1,6,0,0,0,0,0,0,0
0,2,3,0,0,0,0,0,0,0
0,3,10,0,0,0,0,0,0,0
0,2,9,0,0,0,0,0,0,0
1,3,11,0,0,0,0,0,0,0
0,2,5,0,0,0,0,0,0,0
0,4,8,0,0,0,0,0,0,0
1,1,5,0,0,0,0,0,0,0
0,1,4,0,0,0,0,0,0,0
1,3,9,0,0,0,0,0,0,0
1,1,13,0,0,0,0,0,0,0
0,4,2,0,0,0,0,0,0,0
1,2,9,0,0,0,0,0,0,0
0,1,5,0,0,0,0,0,0,0
4,2,11,0,0,0,0,0,0,0
0,3,8,0,0,0,0,0,0,0
4,11,7,0,0,0,0,0,0,0
0,1,5,0,0,0,0,0,0,0
1,2,3,0,0,0,0,0,0,0
1,1,5,0,0,0,0,0,0,0
0,4,4,0,0,0,0,0,0,0
1,2,7,0,0,0,0,0,0,0
1,4,1,0,0,0,0,0,0,0
2,0,12,0,0,0,0,0,0,0
0,6,1,0,0,0,0,0,0,0
0,4,2,0,0,0,0,0,0,0
0,2,8,0,0,0,0,0,0,0
0,4,26,0,0,0,0,0,0,0
3,1,12,0,0,0,0,0,0,0
0,5,2,0,0,0,0,0,0,0
0,10,2,0,0,0,0,0,0,0
1,1,11,0,0,0,0,0,0,0
0,14,11,0,0,0,0,0,0,0
0,1,6,0,0,0,0,0,0,0
0,2,4,0,0,0,0,0,0,0
1,2,6,0,0,0,0,0,0,0
0,1,6,0,0,0,0,0,0,0
0,4,1,0,0,0,0,0,0,0
1,10,2,0,0,0,0,0,0,0
0,9,6,0,0,0,0,0,0,0
0,4,7,0,0,0,0,0,0,0
1,1,3,0,0,0,0,0,0,0
0,1,4,0,0,0,0,0,0,0
0,2,9,0,0,0,0,0,0,0
3,0,17,0,0,0,0,0,0,0
0,6,1,0,0,0,0,0,0,0
0,1,6,0,0,0,0,0,0,0
0,7,3,0,0,0,0,0,0,0
1,2,7,0,0,0,0,0,0,0
0,1,4,0,0,0,0,0,0,0
0,1,6,0,0,0,0,0,0,0
0,4,6,0,0,0,0,0,0,0
0,5,3,0,0,0,0,0,0,0
0,2,3,0,0,0,0,0,0,0
1,6,10,0,0,0,0,0,0,0
0,2,9,0,0,0,0,0,0,0
0,2,3,0,0,0,0,0,0,0
0,1,6,0,0,0,0,0,0,0
1,1,11,0,0,0,0,0,0,0
0,5,19,0,0,0,0,0,0,0
1,4,16,0,0,0,0,0,0,0
0,1,4,0,0,0,0,0,0,0
3,0,7,0,0,0,0,0,0,0
0,3,3,0,0,0,0,0,0,0
1,0,5,0,0,0,0,0,0,0
0,1,4,0,0,0,0,0,0,0
0,1,6,0,0,0,0,0,0,0
0,4,4,0,0,0,0,0,0,0
0,6,4,0,0,0,0,0,0,0
1,4,10,0,0,0,0,0,0,0
0,2,4,0,0,0,0,0,0,0
0,5,18,0,0,0,0,0,0,0
0,1,5,0,0,0,0,0,0,0
2,0,7,0,0,0,0,0,0,0
0,1,6,0,0,0,0,0,0,0
0,1,5,0,0,0,0,0,0,0
0,2,3,0,0,0,0,0,0,0
2,1,14,0,0,0,0,0,0,0
0,4,8,0,0,0,0,0,0,0
0,4,5,0,0,0,0,0,0,0
0,1,4,0,0,0,0,0,0,0
2,7,15,0,0,0,0,0,0,0
1,5,6,0,0,0,0,0,0,0
0,1,6,0,0,0,0,0,0,0
0,2,3,0,0,0,0,0,0,0
1,3,21,0,0,0,0,0,0,0
1,1,11,0,0,0,0,0,0,0
2,0,13,0,0,0,0,0,0,0
0,1,6,0,0,0,0,0,0,0
0,1,5,0,0,0,0,0,0,0
1,1,3,0,0,0,0,0,0,0
0,11,3,0,0,0,0,0,0,0
0,2,7,0,0,0,0,0,0,0
0,3,16,0,0,0,0,0,0,0
2,5,16,0,0,0,0,0,0,0
1,3,10,0,0,0,0,0,0,0
1,1,9,0,0,0,0,0,0,0
0,2,8,0,0,0,0,0,0,0
0,3,6,0,0,0,0,0,0,0
0,4,2,0,0,0,0,0,0,0
1,2,13,0,0,0,0,0,0,0
0,7,2,0,0,0,0,0,0,0
1,1,3,0,0,0,0,0,0,0
0,2,13,0,0,0,0,0,0,0
0,5,11,0,0,0,0,0,0,0
0,1,5,0,0,0,0,0,0,0
0,10,7,0,0,0,0,0,0,0
0,4,3,0,0,0,0,0,0,0
0,7,10,0,0,0,0,0,0,0
1,0,5,0,0,0,0,0,0,0
2,1,14,0,0,0,0,0,0,0
1,2,2,0,0,0,0,0,0,0
1,2,3,0,0,0,0,0,0,0
0,1,6,0,0,0,0,0,0,0
0,3,12,0,0,0,0,0,0,0
1,0,5,0,0,0,0,0,0,0
0,6,2,0,0,0,0,0,0,0
0,2,7,0,0,0,0,0,0,0
1,0,5,0,0,0,0,0,0,0
0,3,12,0,0,0,0,0,0,0
0,6,4,0,0,0,0,0,0,0
1,2,7,0,0,0,0,0,0,0
0,2,4,0,0,0,0,0,0,0
0,2,5,0,0,0,0,0,0,0
0,3,4,0,0,0,0,0,0,0
1,0,5,0,0,0,0,0,0,0
0,3,12,0,0,0,0,0,0,0
0,1,5,0,0,0,0,0,0,0
0,3,6,0,0,0,0,0,0,0
0,3,4,0,0,0,0,0,0,0
0,1,6,0,0,0,0,0,0,0
1,1,7,0,0,0,0,0,0,0
0,1,6,0,0,0,0,0,0,0
1,1,4,0,0,0,0,0,0,0
0,1,5,0,0,0,0,0,0,0
1,1,5,0,0,0,0,0,0,0
0,4,5,0,0,0,0,0,0,0
0,3,3,0,0,0,0,0,0,0
0,4,5,0,0,0,0,0,0,0
0,5,26,0,0,0,0,0,0,0
0,2,8,0,0,0,0,0,0,0
0,1,5,0,0,0,0,0,0,0
0,2,6,0,0,0,0,0,0,0
1,0,5,0,0,0,0,0,0,0
0,3,16,0,0,0,0,0,0,0
0,3,2,0,0,0,0,0,0,0
0,9,8,0,0,0,0,0,0,0
0,1,6,0,0,0,0,0,0,0
0,2,10,0,0,0,0,0,0,0
0,5,2,0,0,0,0,0,0,0
0,1,6,0,0,0,0,0,0,0
2,2,17,0,0,0,0,0,0,0
0,2,4,0,0,0,0,0,0,0
0,1,5,0,0,0,0,0,0,0
1,20,4,0,0,0,0,0,0,0
1,1,6,0,0,0,0,0,0,0
0,6,14,0,0,0,0,0,0,0
1,1,13,0,0,0,0,0,0,0
0,3,2,0,0,0,0,0,0,0
0,1,6,0,0,0,0,0,0,0
6,1,9,0,0,0,0,0,0,0
0,1,4,0,0,0,0,0,0,0
1,5,12,0,0,0,0,0,0,0
0,1,6,0,0,0,0,0,0,0
0,3,3,0,0,0,0,0,0,0
2,0,7,0,0,0,0,0,0,0
0,2,11,0,0,0,0,0,0,0
1,0,6,0,0,0,0,0,0,0
0,3,2,0,0,0,0,0,0,0
0,6,5,0,0,0,0,0,0,0
0,2,8,0,0,0,0,0,0,0
2,9,3,0,0,0,0,0,0,0
1,1,13,0,0,0,0,0,0,0
0,1,5,0,0,0,0,0,0,0
0,1,6,0,0,0,0,0,0,0
0,5,6,0,0,0,0,0,0,0
0,5,21,0,0,0,0,0,0,0
0,6,8,0,0,0,0,0,0,0
0,4,1,0,0,0,0,0,0,0
0,8,4,0,0,0,0,0,0,0
0,2,6,0,0,0,0,0,0,0
1,8,14,0,0,0,0,0,0,0
2,0,11,0,0,0,0,0,0,0
0,2,7,0,0,0,0,0,0,0
0,3,5,0,0,0,0,0,0,0
1,7,4,0,0,0,0,0,0,0
0,3,4,0,0,0,0,0,0,0
1,0,6,0,0,0,0,0,0,0
1,1,4,0,0,0,0,0,0,0
0,2,5,0,0,0,0,0,0,0
0,1,4,0,0,0,0,0,0,0
1,3,15,0,0,0,0,0,0,0
0,1,4,0,0,0,0,0,0,0
0,3,2,0,0,0,0,0,0,0
0,1,4,0,0,0,0,0,0,0
0,1,6,0,0,0,0,0,0,0
1,1,11,0,0,0,0,0,0,0
8,0,13,0,0,0,0,0,0,0
0,8,3,0,0,0,0,0,0,0
0,10,5,0,0,0,0,0,0,0
1,2,3,0,0,0,0,0,0,0
1,2,2,0,0,0,0,0,0,0
2,3,19,0,0,0,0,0,0,0
0,1,6,0,0,0,0,0,0,0
0,4,1,0,0,0,0,0,0,0
1,3,10,0,0,0,0,0,0,0
1,1,5,0,0,0,0,0,0,0
0,1,4,0,0,0,0,0,0,0
0,7,9,0,0,0,0,0,0,0
0,3,2,0,0,0,0,0,0,0
0,2,4,0,0,0,0,0,0,0
3,2,19,0,0,0,0,0,0,0
0,4,1,0,0,0,0,0,0,0
1,0,5,0,0,0,0,0,0,0
0,2,9,0,0,0,0,0,0,0
1,2,3,0,0,0,0,0,0,0
1,8,1,0,0,0,0,0,0,0
1,6,5,0,0,0,0,0,0,0
1,2,8,0,0,0,0,0,0,0
1,0,5,0,0,0,0,0,0,0
0,3,2,0,0,0,0,0,0,0
2,0,8,0,0,0,0,0,0,0
0,6,7,0,0,0,0,0,0,0
0,21,12,0,0,0,0,0,0,0
11,15,3,0,0,0,0,0,0,0
0,1,4,0,0,0,0,0,0,0
0,5,15,0,0,0,0,0,0,0
1,1,4,0,0,0,0,0,0,0
1,3,24,0,0,0,0,0,0,0
1,9,4,0,0,0,0,0,0,0
0,3,2,0,0,0,0,0,0,0
0,1,4,0,0,0,0,0,0,0
1,0,6,0,0,0,0,0,0,0
0,1,6,0,0,0,0,0,0,0
0,16,3,0,0,0,0,0,0,0
0,1,4,0,0,0,0,0,0,0
10,17,1,0,0,0,0,0,0,0
1,1,6,0,0,0,0,0,0,0
2,1,8,0,0,0,0,0,0,0
0,1,5,0,0,0,0,0,0,0
1,6,12,0,0,0,0,0,0,0
0,2,9,0,0,0,0,0,0,0
0,2,10,0,0,0,0,0,0,0
0,1,4,0,0,0,0,0,0,0
3,1,2,0,0,0,0,0,0,0
0,2,5,0,0,0,0,0,0,0
1,18,28,0,0,0,0,0,0,0
0,1,5,0,0,0,0,0,0,0
0,3,4,0,0,0,0,0,0,0
0,3,18,0,0,0,0,0,0,0
2,8,13,0,0,0,0,0,0,0
0,4,6,0,0,0,0,0,0,0
1,0,6,0,0,0,0,0,0,0
5,11,7,0,0,0,0,0,0,0
1,0,6,0,0,0,0,0,0,0
0,1,5,0,0,0,0,0,0,0
0,3,19,0,0,0,0,0,0,0
2,0,11,0,0,0,0,0,0,0
1,2,3,0,0,0,0,0,0,0
0,2,9,0,0,0,0,0,0,0
2,0,6,0,0,0,0,0,0,0
0,1,4,0,0,0,0,0,0,0
1,5,10,0,0,0,0,0,0,0
1,1,6,0,0,0,0,0,0,0
0,2,5,0,0,0,0,0,0,0
0,1,6,0,0,0,0,0,0,0
2,1,3,0,0,0,0,0,0,0
0,2,11,0,0,0,0,0,0,0
8,0,6,0,0,0,0,0,0,0
1,1,8,0,0,0,0,0,0,0
2,2,23,0,0,0,0,0,0,0
1,1,6,0,0,0,0,0,0,0
0,2,5,0,0,0,0,0,0,0
2,9,1,0,0,0,0,0,0,0
0,1,4,0,0,0,0,0,0,0
4,1,2,0,0,0,0,0,0,0
0,3,4,0,0,0,0,0,0,0
0,2,7,0,0,0,0,0,0,0
0,3,9,0,0,0,0,0,0,0
0,11,11,0,0,0,0,0,0,0
0,1,6,0,0,0,0,0,0,0
1,3,13,0,0,0,0,0,0,0
2,1,3,0,0,0,0,0,0,0
0,6,13,0,0,0,0,0,0,0
1,2,3,0,0,0,0,0,0,0
0,5,1,0,0,0,0,0,0,0
1,3,5,0,0,0,0,0,0,0
1,1,11,0,0,0,0,0,0,0
1,1,3,0,0,0,0,0,0,0
0,7,8,0,0,0,0,0,0,0
0,1,6,0,0,0,0,0,0,0
0,4,2,0,0,0,0,0,0,0
0,2,4,0,0,0,0,0,0,0
5,1,5,0,0,0,0,0,0,0
0,2,7,0,0,0,0,0,0,0
0,2,7,0,0,0,0,0,0,0
0,2,3,0,0,0,0,0,0,0
1,2,8,0,0,0,0,0,0,0
0,2,5,0,0,0,0,0,0,0
0,8,6,0,0,0,0,0,0,0
0,1,6,0,0,0,0,0,0,0
0,3,7,0,0,0,0,0,0,0
0,3,7,0,0,0,0,0,0,0
0,2,13,0,0,0,0,0,0,0
0,2,3,0,0,0,0,0,0,0
0,1,4,0,0,0,0,0,0,0
1,2,12,0,0,0,0,0,0,0
1,3,9,0,0,0,0,0,0,0
0,15,4,0,0,0,0,0,0,0
0,2,12,0,0,0,0,0,0,0
0,1,6,0,0,0,0,0,0,0
0,2,10,0,0,0,0,0,0,0
0,2,12,0,0,0,0,0,0,0
0,2,3,0,0,0,0,0,0,0
0,1,4,0,0,0,0,0,0,0
0,3,6,0,0,0,0,0,0,0
0,3,10,0,0,0,0,0,0,0
0,2,10,0,0,0,0,0,0,0
0,3,15,0,0,0,0,0,0,0
0,5,3,0,0,0,0,0,0,0
0,1,5,0,0,0,0,0,0,0
1,2,12,0,0,0,0,0,0,0
0,3,2,0,0,0,0,0,0,0
0,4,2,0,0,0,0,0,0,0
1,1,8,0,0,0,0,0,0,0
1,1,13,0,0,0,0,0,0,0
2,11,10,0,0,0,0,0,0,0
0,1,4,0,0,0,0,0,0,0
0,4,2,0,0,0,0,0,0,0
1,5,1,0,0,0,0,0,0,0
0,3,13,0,0,0,0,0,0,0
0,4,20,0,0,0,0,0,0,0
0,3,4,0,0,0,0,0,0,0
1,0,5,0,0,0,0,0,0,0
0,1,5,0,0,0,0,0,0,0
1,2,16,0,0,0,0,0,0,0
0,1,6,0,0,0,0,0,0,0
0,1,4,0,0,0,0,0,0,0
0,1,6,0,0,0,0,0,0,0
1,4,15,0,0,0,0,0,0,0
1,1,5,0,0,0,0,0,0,0
0,2,10,0,0,0,0,0,0,0
0,2,9,0,0,0,0,0,0,0
2,2,17,0,0,0,0,0,0,0
5,5,26,0,0,0,0,0,0,0
0,4,12,0,0,0,0,0,0,0
1,7,1,0,0,0,0,0,0,0
0,2,9,0,0,0,0,0,0,0
0,2,9,0,0,0,0,0,0,0
1,3,2,0,0,0,0,0,0,0
0,4,1,0,0,0,0,0,0,0
0,8,16,0,0,0,0,0,0,0
0,9,6,0,0,0,0,0,0,0
3,12,4,0,0,0,0,0,0,0
2,1,4,0,0,0,0,0,0,0
1,0,6,0,0,0,0,0,0,0
0,5,1,0,0,0,0,0,0,0
1,7,1,0,0,0,0,0,0,0
0,2,6,0,0,0,0,0,0,0
0,1,5,0,0,0,0,0,0,0
0,4,4,0,0,0,0,0,0,0
0,7,4,0,0,0,0,0,0,0
0,3,10,0,0,0,0,0,0,0
0,2,11,0,0,0,0,0,0,0
2,0,13,0,0,0,0,0,0,0
0,4,8,0,0,0,0,0,0,0
0,2,5,0,0,0,0,0,0,0
0,1,4,0,0,0,0,0,0,0
1,1,5,0,0,0,0,0,0,0
0,1,4,0,0,0,0,0,0,0
0,4,6,0,0,0,0,0,0,0
0,1,5,0,0,0,0,0,0,0
0,1,5,0,0,0,0,0,0,0
1,1,9,0,0,0,0,0,0,0
0,2,6,0,0,0,0,0,0,0
0,1,4,0,0,0,0,0,0,0
0,3,12,0,0,0,0,0,0,0
1,2,2,0,0,0,0,0,0,0
0,1,5,0,0,0,0,0,0,0
0,1,5,0,0,0,0,0,0,0
2,2,3,0,0,0,0,0,0,0
1,0,5,0,0,0,0,0,0,0
0,1,4,0,0,0,0,0,0,0
0,2,8,0,0,0,0,0,0,0
0,2,9,0,0,0,0,0,0,0
0,1,4,0,0,0,0,0,0,0
0,3,17,0,0,0,0,0,0,0
1,7,4,0,0,0,0,0,0,0
1,2,3,0,0,0,0,0,0,0
0,1,4,0,0,0,0,0,0,0
0,3,6,0,0,0,0,0,0,0
0,1,6,0,0,0,0,0,0,0
0,15,8,0,0,0,0,0,0,0
1,1,5,0,0,0,0,0,0,0
0,1,4,0,0,0,0,0,0,0
0,1,4,0,0,0,0,0,0,0
1,1,5,0,0,0,0,0,0,0
2,1,3,0,0,0,0,0,0,0
0,2,7,0,0,0,0,0,0,0
0,12,4,0,0,0,0,0,0,0
1,2,6,0,0,0,0,0,0,0
0,5,15,0,0,0,0,0,0,0
0,1,6,0,0,0,0,0,0,0
0,2,9,0,0,0,0,0,0,0
1,0,5,0,0,0,0,0,0,0
0,8,4,0,0,0,0,0,0,0
1,6,4,0,0,0,0,0,0,0
0,2,6,0,0,0,0,0,0,0
0,5,1,0,0,0,0,0,0,0
1,4,12,0,0,0,0,0,0,0
0,5,9,0,0,0,0,0,0,0
0,3,7,0,0,0,0,0,0,0
0,4,3,0,0,0,0,0,0,0
0,3,7,0,0,0,0,0,0,0
1,5,2,0,0,0,0,0,0,0
0,1,4,0,0,0,0,0,0,0
0,4,16,0,0,0,0,0,0,0
1,1,11,0,0,0,0,0,0,0
0,3,5,0,0,0,0,0,0,0
1,0,5,0,0,0,0,0,0,0
0,4,2,0,0,0,0,0,0,0
0,6,17,0,0,0,0,0,0,0
1,2,11,0,0,0,0,0,0,0
1,2,16,0,0,0,0,0,0,0
0,7,3,0,0,0,0,0,0,0
0,4,1,0,0,0,0,0,0,0
1,1,7,0,0,0,0,0,0,0
0,1,4,0,0,0,0,0,0,0
0,4,4,0,0,0,0,0,0,0
0,2,5,0,0,0,0,0,0,0
4,4,1,0,0,0,0,0,0,0
0,8,2,0,0,0,0,0,0,0
1,1,8,0,0,0,0,0,0,0
0,1,6,0,0,0,0,0,0,0
0,3,6,0,0,0,0,0,0,0
0,6,1,0,0,0,0,0,0,0
1,1,5,0,0,0,0,0,0,0
1,4,1,0,0,0,0,0,0,0
1,3,1,0,0,0,0,0,0,0
0,1,6,0,0,0,0,0,0,0
0,2,7,0,0,0,0,0,0,0
1,0,6,0,0,0,0,0,0,0
0,2,6,0,0,0,0,0,0,0
1,14,4,0,0,0,0,0,0,0
3,3,16,0,0,0,0,0,0,0
0,5,5,0,0,0,0,0,0,0
0,2,9,0,0,0,0,0,0,0
0,3,17,0,0,0,0,0,0,0
0,3,2,0,0,0,0,0,0,0
1,2,13,0,0,0,0,0,0,0
0,4,25,0,0,0,0,0,0,0
0,2,11,0,0,0,0,0,0,0
0,2,9,0,0,0,0,0,0,0
0,1,4,0,0,0,0,0,0,0
0,4,3,0,0,0,0,0,0,0
1,0,5,0,0,0,0,0,0,0
0,2,8,0,0,0,0,0,0,0
0,1,5,0,0,0,0,0,0,0
0,2,12,0,0,0,0,0,0,0
0,1,5,0,0,0,0,0,0,0
0,1,6,0,0,0,0,0,0,0
0,9,4,0,0,0,0,0,0,0
0,10,3,0,0,0,0,0,0,0
1,0,6,0,0,0,0,0,0,0
0,3,3,0,0,0,0,0,0,0
2,0,5,0,0,0,0,0,0,0
0,1,6,0,0,0,0,0,0,0
0,2,5,0,0,0,0,0,0,0
2,1,14,0,0,0,0,0,0,0
0,2,7,0,0,0,0,0,0,0
0,8,2,0,0,0,0,0,0,0
1,0,5,0,0,0,0,0,0,0
0,1,6,0,0,0,0,0,0,0
0,3,13,0,0,0,0,0,0,0
0,6,1,0,0,0,0,0,0,0
0,2,5,0,0,0,0,0,0,0
2,0,5,0,0,0,0,0,0,0
1,7,5,0,0,0,0,0,0,0
0,16,6,0,0,0,0,0,0,0
0,1,6,0,0,0,0,0,0,0
0,5,1,0,0,0,0,0,0,0
0,4,2,0,0,0,0,0,0,0
1,0,5,0,0,0,0,0,0,0
0,2,11,0,0,0,0,0,0,0
1,0,5,0,0,0,0,0,0,0
0,2,3,0,0,0,0,0,0,0
0,3,5,0,0,0,0,0,0,0
1,2,20,0,0,0,0,0,0,0
0,9,6,0,0,0,0,0,0,0
0,4,2,0,0,0,0,0,0,0
0,1,4,0,0,0,0,0,0,0
0,2,7,0,0,0,0,0,0,0
0,5,2,0,0,0,0,0,0,0
3,34,13,0,0,0,0,0,0,0
1,2,4,0,0,0,0,0,0,0
0,3,3,0,0,0,0,0,0,0
0,1,6,0,0,0,0,0,0,0
2,3,11,0,0,0,0,0,0,0
1,1,6,0,0,0,0,0,0,0
1,0,6,0,0,0,0,0,0,0
0,10,11,0,0,0,0,0,0,0
0,4,1,0,0,0,0,0,0,0
0,1,5,0,0,0,0,0,0,0
0,4,2,0,0,0,0,0,0,0
0,2,9,0,0,0,0,0,0,0
2,1,2,0,0,0,0,0,0,0
1,0,6,0,0,0,0,0,0,0
0,4,2,0,0,0,0,0,0,0
0,3,3,0,0,0,0,0,0,0
1,2,9,0,0,0,0,0,0,0
0,1,6,0,0,0,0,0,0,0
0,4,3,0,0,0,0,0,0,0
0,3,7,0,0,0,0,0,0,0
0,1,6,0,0,0,0,0,0,0
1,1,5,0,0,0,0,0,0,0
0,2,5,0,0,0,0,0,0,0
0,1,5,0,0,0,0,0,0,0
0,2,4,0,0,0,0,0,0,0
0,4,1,0,0,0,0,0,0,0
1,2,2,0,0,0,0,0,0,0
0,5,12,0,0,0,0,0,0,0
1,2,3,0,0,0,0,0,0,0
2,1,11,0,0,0,0,0,0,0
1,1,13,0,0,0,0,0,0,0
0,2,10,0,0,0,0,0,0,0
0,2,4,0,0,0,0,0,0,0
0,1,4,0,0,0,0,0,0,0
1,0,5,0,0,0,0,0,0,0
1,0,6,0,0,0,0,0,0,0
1,1,6,0,0,0,0,0,0,0
0,2,4,0,0,0,0,0,0,0
0,1,5,0,0,0,0,0,0,0
1,2,10,0,0,0,0,0,0,0
0,2,4,0,0,0,0,0,0,0
2,0,9,0,0,0,0,0,0,0
0,1,5,0,0,0,0,0,0,0
1,2,14,0,0,0,0,0,0,0
1,3,6,0,0,0,0,0,0,0
1,1,7,0,0,0,0,0,0,0
0,2,8,0,0,0,0,0,0,0
1,1,9,0,0,0,0,0,0,0
0,1,5,0,0,0,0,0,0,0
0,2,9,0,0,0,0,0,0,0
0,1,4,0,0,0,0,0,0,0
0,1,5,0,0,0,0,0,0,0
0,2,7,0,0,0,0,0,0,0
0,1,5,0,0,0,0,0,0,0
0,2,6,0,0,0,0,0,0,0
6,1,3,0,0,0,0,0,0,0
0,1,6,0,0,0,0,0,0,0
0,2,3,0,0,0,0,0,0,0
0,1,4,0,0,0,0,0,0,0
0,1,5,0,0,0,0,0,0,0
0,4,1,0,0,0,0,0,0,0
0,1,4,0,0,0,0,0,0,0
1,0,5,0,0,0,0,0,0,0
1,7,1,0,0,0,0,0,0,0
0,1,4,0,0,0,0,0,0,0
0,4,8,0,0,0,0,0,0,0
2,1,2,0,0,0,0,0,0,0
7,1,2,0,0,0,0,0,0,0
0,1,5,0,0,0,0,0,0,0
1,1,8,0,0,0,0,0,0,0
1,2,3,0,0,0,0,0,0,0
1,6,7,0,0,0,0,0,0,0
0,9,4,0,0,0,0,0,0,0
1,5,3,0,0,0,0,0,0,0
0,4,3,0,0,0,0,0,0,0
0,1,5,0,0,0,0,0,0,0
0,2,4,0,0,0,0,0,0,0
0,5,3,0,0,0,0,0,0,0
0,2,4,0,0,0,0,0,0,0
0,4,11,0,0,0,0,0,0,0
0,11,6,0,0,0,0,0,0,0
1,0,5,0,0,0,0,0,0,0
0,3,10,0,0,0,0,0,0,0
0,6,4,0,0,0,0,0,0,0
0,5,9,0,0,0,0,0,0,0
0,4,3,0,0,0,0,0,0,0
1,4,1,0,0,0,0,0,0,0
0,4,9,0,0,0,0,0,0,0
0,2,3,0,0,0,0,0,0,0
0,5,1,0,0,0,0,0,0,0
0,8,10,0,0,0,0,0,0,0
1,1,10,0,0,0,0,0,0,0
1,0,6,0,0,0,0,0,0,0
0,1,5,0,0,0,0,0,0,0
0,2,3,0,0,0,0,0,0,0
0,3,2,0,0,0,0,0,0,0
0,2,5,0,0,0,0,0,0,0
0,5,2,0,0,0,0,0,0,0
0,6,5,0,0,0,0,0,0,0
0,1,5,0,0,0,0,0,0,0
0,3,5,0,0,0,0,0,0,0
0,11,2,0,0,0,0,0,0,0
0,1,4,0,0,0,0,0,0,0
0,2,13,0,0,0,0,0,0,0
2,0,7,0,0,0,0,0,0,0
0,1,4,0,0,0,0,0,0,0
0,1,6,0,0,0,0,0,0,0
1,0,5,0,0,0,0,0,0,0
1,0,5,0,0,0,0,0,0,0
0,5,1,0,0,0,0,0,0,0
0,1,5,0,0,0,0,0,0,0
0,7,2,0,0,0,0,0,0,0
0,1,4,0,0,0,0,0,0,0
1,4,1,0,0,0,0,0,0,0
0,6,8,0,0,0,0,0,0,0
0,3,2,0,0,0,0,0,0,0
0,3,5,0,0,0,0,0,0,0
0,5,2,0,0,0,0,0,0,0
1,2,18,0,0,0,0,0,0,0
0,1,4,0,0,0,0,0,0,0
0,10,7,0,0,0,0,0,0,0
0,5,9,0,0,0,0,0,0,0
0,7,2,0,0,0,0,0,0,0
0,3,2,0,0,0,0,0,0,0
0,2,9,0,0,0,0,0,0,0
1,1,9,0,0,0,0,0,0,0
0,5,2,0,0,0,0,0,0,0
1,2,11,0,0,0,0,0,0,0
0,4,19,0,0,0,0,0,0,0
0,4,5,0,0,0,0,0,0,0
1,1,9,0,0,0,0,0,0,0
0,2,3,0,0,0,0,0,0,0
1,3,19,0,0,0,0,0,0,0
3,2,12,0,0,0,0,0,0,0
0,1,6,0,0,0,0,0,0,0
0,3,4,0,0,0,0,0,0,0
1,10,2,0,0,0,0,0,0,0
0,7,4,0,0,0,0,0,0,0
0,1,5,0,0,0,0,0,0,0
0,2,5,0,0,0,0,0,0,0
1,0,5,0,0,0,0,0,0,0
0,1,5,0,0,0,0,0,0,0
0,3,2,0,0,0,0,0,0,0
0,1,4,0,0,0,0,0,0,0
7,1,1,0,0,0,0,0,0,0
0,6,10,0,0,0,0,0,0,0
2,1,2,0,0,0,0,0,0,0
0,7,10,0,0,0,0,0,0,0
1,2,2,0,0,0,0,0,0,0
2,0,8,0,0,0,0,0,0,0
1,4,5,0,0,0,0,0,0,0
0,3,12,0,0,0,0,0,0,0
2,0,6,0,0,0,0,0,0,0
0,1,5,0,0,0,0,0,0,0
1,4,3,0,0,0,0,0,0,0
0,2,6,0,0,0,0,0,0,0
2,1,13,0,0,0,0,0,0,0
0,2,5,0,0,0,0,0,0,0
0,5,2,0,0,0,0,0,0,0
0,6,4,0,0,0,0,0,0,0
0,2,4,0,0,0,0,0,0,0
1,0,6,0,0,0,0,0,0,0
0,3,4,0,0,0,0,0,0,0
0,6,12,0,0,0,0,0,0,0
1,1,4,0,0,0,0,0,0,0
1,9,2,0,0,0,0,0,0,0
1,3,3,0,0,0,0,0,0,0
0,6,4,0,0,0,0,0,0,0
0,1,6,0,0,0,0,0,0,0
2,1,7,0,0,0,0,0,0,0
0,4,4,0,0,0,0,0,0,0
0,1,6,0,0,0,0,0,0,0
1,0,5,0,0,0,0,0,0,0
0,1,6,0,0,0,0,0,0,0
2,6,3,0,0,0,0,0,0,0
0,1,6,0,0,0,0,0,0,0
0,2,5,0,0,0,0,0,0,0
0,19,3,0,0,0,0,0,0,0
3,0,12,0,0,0,0,0,0,0
0,2,6,0,0,0,0,0,0,0
0,2,9,0,0,0,0,0,0,0
0,2,10,0,0,0,0,0,0,0
0,1,4,0,0,0,0,0,0,0
1,1,5,0,0,0,0,0,0,0
0,4,1,0,0,0,0,0,0,0
3,0,6,0,0,0,0,0,0,0
0,1,4,0,0,0,0,0,0,0
1,2,11,0,0,0,0,0,0,0
1,4,1,0,0,0,0,0,0,0
1,1,10,0,0,0,0,0,0,0
1,0,6,0,0,0,0,0,0,0
0,3,10,0,0,0,0,0,0,0
0,2,5,0,0,0,0,0,0,0
0,2,5,0,0,0,0,0,0,0
0,1,5,0,0,0,0,0,0,0
0,2,10,0,0,0,0,0,0,0
0,1,4,0,0,0,0,0,0,0
1,3,3,0,0,0,0,0,0,0
0,5,2,0,0,0,0,0,0,0
0,1,6,0,0,0,0,0,0,0
1,3,1,0,0,0,0,0,0,0
1,2,11,0,0,0,0,0,0,0
1,3,4,0,0,0,0,0,0,0
0,1,4,0,0,0,0,0,0,0
0,4,1,0,0,0,0,0,0,0
0,3,7,0,0,0,0,0,0,0
0,1,6,0,0,0,0,0,0,0
0,1,5,0,0,0,0,0,0,0
0,14,15,0,0,0,0,0,0,0
0,1,6,0,0,0,0,0,0,0
0,1,5,0,0,0,0,0,0,0
0,1,5,0,0,0,0,0,0,0
0,3,4,0,0,0,0,0,0,0
1,1,6,0,0,0,0,0,0,0
0,1,6,0,0,0,0,0,0,0
0,5,2,0,0,0,0,0,0,0
2,4,3,0,0,0,0,0,0,0
1,3,24,0,0,0,0,0,0,0
1,1,8,0,0,0,0,0,0,0
0,8,4,0,0,0,0,0,0,0
0,1,5,0,0,0,0,0,0,0
0,9,5,0,0,0,0,0,0,0
0,4,2,0,0,0,0,0,0,0
0,6,3,0,0,0,0,0,0,0
0,1,4,0,0,0,0,0,0,0
1,3,8,0,0,0,0,0,0,0
2,0,13,0,0,0,0,0,0,0
0,2,4,0,0,0,0,0,0,0
1,7,1,0,0,0,0,0,0,0
1,2,5,0,0,0,0,0,0,0
1,2,16,0,0,0,0,0,0,0
1,1,4,0,0,0,0,0,0,0
1,5,1,0,0,0,0,0,0,0
0,2,7,0,0,0,0,0,0,0
0,3,7,0,0,0,0,0,0,0
4,2,7,0,0,0,0,0,0,0
1,2,16,0,0,0,0,0,0,0
0,2,7,0,0,0,0,0,0,0
0,3,3,0,0,0,0,0,0,0
0,3,4,0,0,0,0,0,0,0
0,6,5,0,0,0,0,0,0,0
0,5,10,0,0,0,0,0,0,0
1,0,6,0,0,0,0,0,0,0
0,1,6,0,0,0,0,0,0,0
0,1,5,0,0,0,0,0,0,0
0,1,4,0,0,0,0,0,0,0
0,1,5,0,0,0,0,0,0,0
0,2,13,0,0,0,0,0,0,0
0,1,4,0,0,0,0,0,0,0
2,2,25,0,0,0,0,0,0,0
0,2,3,0,0,0,0,0,0,0
1,0,5,0,0,0,0,0,0,0
0,2,4,0,0,0,0,0,0,0
1,12,1,0,0,0,0,0,0,0
0,4,2,0,0,0,0,0,0,0
0,3,4,0,0,0,0,0,0,0
2,1,14,0,0,0,0,0,0,0
0,3,5,0,0,0,0,0,0,0
0,16,6,0,0,0,0,0,0,0
0,4,3,0,0,0,0,0,0,0
0,2,6,0,0,0,0,0,0,0
0,4,13,0,0,0,0,0,0,0
0,1,5,0,0,0,0,0,0,0
0,2,7,0,0,0,0,0,0,0
0,2,8,0,0,0,0,0,0,0
0,5,8,0,0,0,0,0,0,0
0,3,4,0,0,0,0,0,0,0
0,2,3,0,0,0,0,0,0,0
0,6,6,0,0,0,0,0,0,0
0,2,12,0,0,0,0,0,0,0
0,3,11,0,0,0,0,0,0,0
2,20,27,0,0,0,0,0,0,0
0,6,2,0,0,0,0,0,0,0
1,1,11,0,0,0,0,0,0,0
1,0,5,0,0,0,0,0,0,0
1,6,1,0,0,0,0,0,0,0
0,4,6,0,0,0,0,0,0,0
0,4,1,0,0,0,0,0,0,0
1,1,10,0,0,0,0,0,0,0
0,11,19,0,0,0,0,0,0,0
0,6,4,0,0,0,0,0,0,0
5,2,5,0,0,0,0,0,0,0
0,2,5,0,0,0,0,0,0,0
0,2,5,0,0,0,0,0,0,0
0,9,9,0,0,0,0,0,0,0
0,1,4,0,0,0,0,0,0,0
0,1,4,0,0,0,0,0,0,0
3,1,5,0,0,0,0,0,0,0
0,2,5,0,0,0,0,0,0,0
0,1,6,0,0,0,0,0,0,0
0,1,5,0,0,0,0,0,0,0
1,0,5,0,0,0,0,0,0,0
0,4,5,0,0,0,0,0,0,0
0,1,5,0,0,0,0,0,0,0
0,1,6,0,0,0,0,0,0,0
1,1,12,0,0,0,0,0,0,0
0,3,5,0,0,0,0,0,0,0
0,13,9,0,0,0,0,0,0,0
0,4,1,0,0,0,0,0,0,0
0,1,4,0,0,0,0,0,0,0
0,3,12,0,0,0,0,0,0,0
0,4,11,0,0,0,0,0,0,0
0,1,4,0,0,0,0,0,0,0
0,5,5,0,0,0,0,0,0,0
0,1,5,0,0,0,0,0,0,0
0,2,6,0,0,0,0,0,0,0
0,12,3,0,0,0,0,0,0,0
0,4,8,0,0,0,0,0,0,0
0,3,6,0,0,0,0,0,0,0
0,2,8,0,0,0,0,0,0,0
0,3,14,0,0,0,0,0,0,0
0,3,10,0,0,0,0,0,0,0
2,0,7,0,0,0,0,0,0,0
1,0,5,0,0,0,0,0,0,0
1,1,10,0,0,0,0,0,0,0
2,1,7,0,0,0,0,0,0,0
0,3,2,0,0,0,0,0,0,0
0,2,5,0,0,0,0,0,0,0
0,6,13,0,0,0,0,0,0,0
2,10,15,0,0,0,0,0,0,0
0,2,3,0,0,0,0,0,0,0
2,1,12,0,0,0,0,0,0,0
1,7,1,0,0,0,0,0,0,0
0,1,4,0,0,0,0,0,0,0
0,3,12,0,0,0,0,0,0,0
1,0,6,0,0,0,0,0,0,0
0,1,4,0,0,0,0,0,0,0
0,3,5,0,0,0,0,0,0,0
2,0,12,0,0,0,0,0,0,0
0,3,8,0,0,0,0,0,0,0
0,3,4,0,0,0,0,0,0,0
0,3,3,0,0,0,0,0,0,0
0,1,5,0,0,0,0,0,0,0
0,1,6,0,0,0,0,0,0,0
0,2,5,0,0,0,0,0,0,0
0,1,5,0,0,0,0,0,0,0
1,2,17,0,0,0,0,0,0,0
0,2,13,0,0,0,0,0,0,0
0,5,13,0,0,0,0,0,0,0
0,2,9,0,0,0,0,0,0,0
0,4,2,0,0,0,0,0,0,0
1,3,11,0,0,0,0,0,0,0
0,9,2,0,0,0,0,0,0,0
0,6,1,0,0,0,0,0,0,0
1,3,1,0,0,0,0,0,0,0
0,6,6,0,0,0,0,0,0,0
0,5,4,0,0,0,0,0,0,0
1,0,6,0,0,0,0,0,0,0
0,1,4,0,0,0,0,0,0,0
0,2,3,0,0,0,0,0,0,0
2,0,13,0,0,0,0,0,0,0
0,1,4,0,0,0,0,0,0,0
0,2,11,0,0,0,0,0,0,0
1,1,3,0,0,0,0,0,0,0
0,3,3,0,0,0,0,0,0,0
1,1,3,0,0,0,0,0,0,0
1,2,12,0,0,0,0,0,0,0
5,0,10,0,0,0,0,0,0,0
0,2,4,0,0,0,0,0,0,0
0,9,14,0,0,0,0,0,0,0
0,5,3,0,0,0,0,0,0,0
0,16,9,0,0,0,0,0,0,0
1,1,8,0,0,0,0,0,0,0
0,4,16,0,0,0,0,0,0,0
0,5,3,0,0,0,0,0,0,0
2,1,18,0,0,0,0,0,0,0
0,2,6,0,0,0,0,0,0,0
0,6,2,0,0,0,0,0,0,0
2,1,13,0,0,0,0,0,0,0
0,7,5,0,0,0,0,0,0,0
1,1,7,0,0,0,0,0,0,0
0,4,4,0,0,0,0,0,0,0
0,3,6,0,0,0,0,0,0,0
1,1,3,0,0,0,0,0,0,0
0,3,5,0,0,0,0,0,0,0
0,4,1,0,0,0,0,0,0,0
0,3,9,0,0,0,0,0,0,0
0,2,6,0,0,0,0,0,0,0
1,0,6,0,0,0,0,0,0,0
0,2,6,0,0,0,0,0,0,0
0,2,10,0,0,0,0,0,0,0
0,4,2,0,0,0,0,0,0,0
1,0,5,0,0,0,0,0,0,0
1,0,6,0,0,0,0,0,0,0
1,1,4,0,0,0,0,0,0,0
0,2,9,0,0,0,0,0,0,0
0,2,3,0,0,0,0,0,0,0
0,3,2,0,0,0,0,0,0,0
1,3,10,0,0,0,0,0,0,0
0,2,9,0,0,0,0,0,0,0
0,6,1,0,0,0,0,0,0,0
2,0,6,0,0,0,0,0,0,0
0,4,1,0,0,0,0,0,0,0
1,1,6,0,0,0,0,0,0,0
3,2,16,0,0,0,0,0,0,0
0,3,4,0,0,0,0,0,0,0
0,5,11,0,0,0,0,0,0,0
20,27,1,0,0,0,0,0,0,0
0,4,1,0,0,0,0,0,0,0
0,1,4,0,0,0,0,0,0,0
0,3,2,0,0,0,0,0,0,0
0,2,4,0,0,0,0,0,0,0
0,8,3,0,0,0,0,0,0,0
1,0,6,0,0,0,0,0,0,0
0,1,4,0,0,0,0,0,0,0
0,5,7,0,0,0,0,0,0,0
0,4,2,0,0,0,0,0,0,0
0,1,6,0,0,0,0,0,0,0
0,2,3,0,0,0,0,0,0,0
1,2,5,0,0,0,0,0,0,0
1,2,3,0,0,0,0,0,0,0
0,1,6,0,0,0,0,0,0,0
0,4,2,0,0,0,0,0,0,0
0,2,7,0,0,0,0,0,0,0
0,4,1,0,0,0,0,0,0,0
0,4,2,0,0,0,0,0,0,0
2,1,5,0,0,0,0,0,0,0
0,10,2,0,0,0,0,0,0,0
0,3,2,0,0,0,0,0,0,0
0,7,2,0,0,0,0,0,0,0
0,4,13,0,0,0,0,0,0,0
1,1,6,0,0,0,0,0,0,0
0,4,2,0,0,0,0,0,0,0
1,2,2,0,0,0,0,0,0,0
0,4,1,0,0,0,0,0,0,0
2,1,5,0,0,0,0,0,0,0
0,2,11,0,0,0,0,0,0,0
0,5,8,0,0,0,0,0,0,0
0,1,6,0,0,0,0,0,0,0
0,6,1,0,0,0,0,0,0,0
0,5,13,0,0,0,0,0,0,0
0,1,4,0,0,0,0,0,0,0
0,1,4,0,0,0,0,0,0,0
1,0,6,0,0,0,0,0,0,0
0,1,6,0,0,0,0,0,0,0
0,2,3,0,0,0,0,0,0,0
0,1,5,0,0,0,0,0,0,0
0,1,5,0,0,0,0,0,0,0
4,4,12,0,0,0,0,0,0,0
0,2,4,0,0,0,0,0,0,0
0,9,2,0,0,0,0,0,0,0
0,3,3,0,0,0,0,0,0,0
0,2,8,0,0,0,0,0,0,0
0,3,3,0,0,0,0,0,0,0
0,2,3,0,0,0,0,0,0,0
0,2,5,0,0,0,0,0,0,0
1,1,9,0,0,0,0,0,0,0
0,1,4,0,0,0,0,0,0,0
0,6,2,0,0,0,0,0,0,0
0,6,1,0,0,0,0,0,0,0
1,2,5,0,0,0,0,0,0,0
0,5,7,0,0,0,0,0,0,0
0,4,22,0,0,0,0,0,0,0
0,2,3,0,0,0,0,0,0,0
1,1,4,0,0,0,0,0,0,0
3,0,18,0,0,0,0,0,0,0
0,3,3,0,0,0,0,0,0,0
1,1,4,0,0,0,0,0,0,0
0,3,5,0,0,0,0,0,0,0
1,8,1,0,0,0,0,0,0,0
1,0,5,0,0,0,0,0,0,0
0,3,2,0,0,0,0,0,0,0
1,0,5,0,0,0,0,0,0,0
1,5,3,0,0,0,0,0,0,0
0,2,3,0,0,0,0,0,0,0
0,6,3,0,0,0,0,0,0,0
0,4,1,0,0,0,0,0,0,0
0,1,5,0,0,0,0,0,0,0
0,1,6,0,0,0,0,0,0,0
0,7,3,0,0,0,0,0,0,0
2,4,12,0,0,0,0,0,0,0
0,1,6,0,0,0,0,0,0,0
0,11,5,0,0,0,0,0,0,0
0,1,5,0,0,0,0,0,0,0
0,4,4,0,0,0,0,0,0,0
1,6,8,0,0,0,0,0,0,0
0,1,5,0,0,0,0,0,0,0
0,2,9,0,0,0,0,0,0,0
2,0,8,0,0,0,0,0,0,0
0,2,7,0,0,0,0,0,0,0
0,3,4,0,0,0,0,0,0,0
1,0,5,0,0,0,0,0,0,0
1,2,2,0,0,0,0,0,0,0
0,3,2,0,0,0,0,0,0,0
0,3,3,0,0,0,0,0,0,0
0,3,3,0,0,0,0,0,0,0
1,0,5,0,0,0,0,0,0,0
0,2,5,0,0,0,0,0,0,0
1,3,5,0,0,0,0,0,0,0
2,3,1,0,0,0,0,0,0,0
2,3,7,0,0,0,0,0,0,0
0,3,5,0,0,0,0,0,0,0
0,1,4,0,0,0,0,0,0,0
0,3,6,0,0,0,0,0,0,0
5,7,6,0,0,0,0,0,0,0
1,2,9,0,0,0,0,0,0,0
0,3,5,0,0,0,0,0,0,0
0,1,6,0,0,0,0,0,0,0
0,6,2,0,0,0,0,0,0,0
1,3,9,0,0,0,0,0,0,0
0,5,1,0,0,0,0,0,0,0
0,1,5,0,0,0,0,0,0,0
0,8,3,0,0,0,0,0,0,0
0,7,3,0,0,0,0,0,0,0
0,3,4,0,0,0,0,0,0,0
0,1,4,0,0,0,0,0,0,0
0,1,4,0,0,0,0,0,0,0
0,3,2,0,0,0,0,0,0,0
1,5,4,0,0,0,0,0,0,0
0,10,2,0,0,0,0,0,0,0
3,1,13,0,0,0,0,0,0,0
0,1,4,0,0,0,0,0,0,0
0,11,14,0,0,0,0,0,0,0
0,2,3,0,0,0,0,0,0,0
0,2,5,0,0,0,0,0,0,0
0,2,3,0,0,0,0,0,0,0
0,3,12,0,0,0,0,0,0,0
0,3,8,0,0,0,0,0,0,0
0,7,4,0,0,0,0,0,0,0
1,0,5,0,0,0,0,0,0,0
0,4,1,0,0,0,0,0,0,0
0,5,4,0,0,0,0,0,0,0
0,2,4,0,0,0,0,0,0,0
0,9,8,0,0,0,0,0,0,0
0,2,4,0,0,0,0,0,0,0
0,5,2,0,0,0,0,0,0,0
0,5,6,0,0,0,0,0,0,0
1,19,6,0,0,0,0,0,0,0
0,1,5,0,0,0,0,0,0,0
1,13,20,0,0,0,0,0,0,0
0,14,7,0,0,0,0,0,0,0
0,2,7,0,0,0,0,0,0,0
1,1,5,0,0,0,0,0,0,0
1,3,1,0,0,0,0,0,0,0
0,1,5,0,0,0,0,0,0,0
1,1,11,0,0,0,0,0,0,0
1,0,5,0,0,0,0,0,0,0
0,1,4,0,0,0,0,0,0,0
1,1,8,0,0,0,0,0,0,0
0,2,4,0,0,0,0,0,0,0
1,1,9,0,0,0,0,0,0,0
0,1,4,0,0,0,0,0,0,0
0,3,2,0,0,0,0,0,0,0
1,7,2,0,0,0,0,0,0,0
0,1,6,0,0,0,0,0,0,0
1,0,6,0,0,0,0,0,0,0
0,1,4,0,0,0,0,0,0,0
1,3,8,0,0,0,0,0,0,0
1,0,5,0,0,0,0,0,0,0
2,8,2,0,0,0,0,0,0,0
0,2,6,0,0,0,0,0,0,0
2,0,9,0,0,0,0,0,0,0
0,2,4,0,0,0,0,0,0,0
0,4,2,0,0,0,0,0,0,0
0,2,6,0,0,0,0,0,0,0
0,1,6,0,0,0,0,0,0,0
3,0,6,0,0,0,0,0,0,0
1,0,5,0,0,0,0,0,0,0
2,2,1,0,0,0,0,0,0,0
1,10,3,0,0,0,0,0,0,0
0,4,11,0,0,0,0,0,0,0
0,4,4,0,0,0,0,0,0,0
0,2,4,0,0,0,0,0,0,0
0,1,5,0,0,0,0,0,0,0
2,1,14,0,0,0,0,0,0,0
0,3,3,0,0,0,0,0,0,0
1,1,10,0,0,0,0,0,0,0
0,4,15,0,0,0,0,0,0,0
0,1,4,0,0,0,0,0,0,0
0,2,5,0,0,0,0,0,0,0
0,2,3,0,0,0,0,0,0,0
2,4,6,0,0,0,0,0,0,0
1,4,10,0,0,0,0,0,0,0
1,0,6,0,0,0,0,0,0,0
0,5,9,0,0,0,0,0,0,0
0,2,7,0,0,0,0,0,0,0
0,6,1,0,0,0,0,0,0,0
0,3,2,0,0,0,0,0,0,0
0,5,4,0,0,0,0,0,0,0
2,2,6,0,0,0,0,0,0,0
7,1,1,0,0,0,0,0,0,0
1,0,5,0,0,0,0,0,0,0
0,4,4,0,0,0,0,0,0,0
0,1,4,0,0,0,0,0,0,0
0,4,3,0,0,0,0,0,0,0
0,1,5,0,0,0,0,0,0,0
1,1,5,0,0,0,0,0,0,0
2,1,8,0,0,0,0,0,0,0
1,8,3,0,0,0,0,0,0,0
0,2,6,0,0,0,0,0,0,0
0,1,4,0,0,0,0,0,0,0
0,6,2,0,0,0,0,0,0,0
0,1,4,0,0,0,0,0,0,0
1,2,9,0,0,0,0,0,0,0
1,0,5,0,0,0,0,0,0,0
0,6,6,0,0,0,0,0,0,0
0,6,7,0,0,0,0,0,0,0
1,0,6,0,0,0,0,0,0,0
0,2,8,0,0,0,0,0,0,0
1,1,6,0,0,0,0,0,0,0
0,7,7,0,0,0,0,0,0,0
0,2,5,0,0,0,0,0,0,0
2,1,11,0,0,0,0,0,0,0
0,5,1,0,0,0,0,0,0,0
1,3,16,0,0,0,0,0,0,0
0,3,6,0,0,0,0,0,0,0
0,1,4,0,0,0,0,0,0,0
0,1,5,0,0,0,0,0,0,0
0,1,4,0,0,0,0,0,0,0
0,3,4,0,0,0,0,0,0,0
1,1,9,0,0,0,0,0,0,0
1,1,3,0,0,0,0,0,0,0
1,0,5,0,0,0,0,0,0,0
1,0,5,0,0,0,0,0,0,0
0,3,6,0,0,0,0,0,0,0
0,1,4,0,0,0,0,0,0,0
1,3,5,0,0,0,0,0,0,0
2,0,9,0,0,0,0,0,0,0
0,3,2,0,0,0,0,0,0,0
1,6,2,0,0,0,0,0,0,0
0,2,4,0,0,0,0,0,0,0
0,3,19,0,0,0,0,0,0,0
3,1,1,0,0,0,0,0,0,0
1,1,12,0,0,0,0,0,0,0
0,4,1,0,0,0,0,0,0,0
3,1,12,0,0,0,0,0,0,0
0,4,3,0,0,0,0,0,0,0
1,2,13,0,0,0,0,0,0,0
0,2,5,0,0,0,0,0,0,0
0,4,2,0,0,0,0,0,0,0
1,0,5,0,0,0,0,0,0,0
0,5,21,0,0,0,0,0,0,0
1,1,6,0,0,0,0,0,0,0
0,1,4,0,0,0,0,0,0,0
1,2,10,0,0,0,0,0,0,0
1,1,6,0,0,0,0,0,0,0
0,7,6,0,0,0,0,0,0,0
0,1,4,0,0,0,0,0,0,0
0,1,4,0,0,0,0,0,0,0
1,7,3,0,0,0,0,0,0,0
0,4,2,0,0,0,0,0,0,0
0,3,2,0,0,0,0,0,0,0
1,0,5,0,0,0,0,0,0,0
0,1,6,0,0,0,0,0,0,0
2,8,3,0,0,0,0,0,0,0
0,1,6,0,0,0,0,0,0,0
0,2,11,0,0,0,0,0,0,0
1,2,9,0,0,0,0,0,0,0
0,3,11,0,0,0,0,0,0,0
1,5,13,0,0,0,0,0,0,0
1,2,8,0,0,0,0,0,0,0
1,3,19,0,0,0,0,0,0,0
0,2,3,0,0,0,0,0,0,0
0,1,5,0,0,0,0,0,0,0
1,2,15,0,0,0,0,0,0,0
1,1,12,0,0,0,0,0,0,0
0,7,2,0,0,0,0,0,0,0
1,2,4,0,0,0,0,0,0,0
0,1,6,0,0,0,0,0,0,0
1,3,24,0,0,0,0,0,0,0
0,3,6,0,0,0,0,0,0,0
1,2,2,0,0,0,0,0,0,0
0,6,2,0,0,0,0,0,0,0
1,0,5,0,0,0,0,0,0,0
1,1,3,0,0,0,0,0,0,0
0,3,5,0,0,0,0,0,0,0
0,5,7,0,0,0,0,0,0,0
0,5,1,0,0,0,0,0,0,0
0,6,9,0,0,0,0,0,0,0
2,1,6,0,0,0,0,0,0,0
1,10,1,0,0,0,0,0,0,0
0,1,5,0,0,0,0,0,0,0
1,2,2,0,0,0,0,0,0,0
0,2,3,0,0,0,0,0,0,0
0,1,4,0,0,0,0,0,0,0
0,8,12,0,0,0,0,0,0,0
1,10,3,0,0,0,0,0,0,0
0,2,4,0,0,0,0,0,0,0
0,5,9,0,0,0,0,0,0,0
0,3,2,0,0,0,0,0,0,0
0,3,3,0,0,0,0,0,0,0
0,2,3,0,0,0,0,0,0,0
1,1,6,0,0,0,0,0,0,0
0,1,4,0,0,0,0,0,0,0
0,5,1,0,0,0,0,0,0,0
0,2,4,0,0,0,0,0,0,0
0,3,16,0,0,0,0,0,0,0
0,2,5,0,0,0,0,0,0,0
0,3,2,0,0,0,0,0,0,0
0,3,2,0,0,0,0,0,0,0
0,1,5,0,0,0,0,0,0,0
1,8,7,0,0,0,0,0,0,0
0,4,1,0,0,0,0,0,0,0
2,1,2,0,0,0,0,0,0,0
1,2,2,0,0,0,0,0,0,0
0,4,7,0,0,0,0,0,0,0
1,6,8,0,0,0,0,0,0,0
3,7,4,0,0,0,0,0,0,0
1,3,4,0,0,0,0,0,0,0
1,2,4,0,0,0,0,0,0,0
0,3,8,0,0,0,0,0,0,0
0,7,9,0,0,0,0,0,0,0
0,2,6,0,0,0,0,0,0,0
1,1,9,0,0,0,0,0,0,0
0,4,7,0,0,0,0,0,0,0
1,1,8,0,0,0,0,0,0,0
0,2,8,0,0,0,0,0,0,0
0,2,11,0,0,0,0,0,0,0
0,4,1,0,0,0,0,0,0,0
1,4,17,0,0,0,0,0,0,0
0,7,2,0,0,0,0,0,0,0
0,3,5,0,0,0,0,0,0,0
1,0,6,0,0,0,0,0,0,0
0,2,11,0,0,0,0,0,0,0
0,4,4,0,0,0,0,0,0,0
1,0,5,0,0,0,0,0,0,0
0,5,6,0,0,0,0,0,0,0
0,2,5,0,0,0,0,0,0,0
0,4,1,0,0,0,0,0,0,0
0,3,4,0,0,0,0,0,0,0
0,6,2,0,0,0,0,0,0,0
0,4,1,0,0,0,0,0,0,0
0,5,6,0,0,0,0,0,0,0
0,2,3,0,0,0,0,0,0,0
0,1,5,0,0,0,0,0,0,0
0,7,11,0,0,0,0,0,0,0
0,5,1,0,0,0,0,0,0,0
0,10,8,0,0,0,0,0,0,0
0,2,5,0,0,0,0,0,0,0
1,1,11,0,0,0,0,0,0,0
0,5,1,0,0,0,0,0,0,0
1,2,9,0,0,0,0,0,0,0
0,8,4,0,0,0,0,0,0,0
1,3,3,0,0,0,0,0,0,0
1,1,10,0,0,0,0,0,0,0
0,9,11,0,0,0,0,0,0,0
0,1,5,0,0,0,0,0,0,0
1,1,6,0,0,0,0,0,0,0
1,2,5,0,0,0,0,0,0,0
0,1,4,0,0,0,0,0,0,0
0,1,5,0,0,0,0,0,0,0
1,4,5,0,0,0,0,0,0,0
1,0,5,0,0,0,0,0,0,0
0,3,9,0,0,0,0,0,0,0
0,1,5,0,0,0,0,0,0,0
8,39,4,0,0,0,0,0,0,0
0,1,6,0,0,0,0,0,0,0
2,6,6,0,0,0,0,0,0,0
5,5,18,0,0,0,0,0,0,0
1,1,3,0,0,0,0,0,0,0
0,1,6,0,0,0,0,0,0,0
0,1,6,0,0,0,0,0,0,0
1,1,12,0,0,0,0,0,0,0
0,6,1,0,0,0,0,0,0,0
1,4,5,0,0,0,0,0,0,0
0,7,2,0,0,0,0,0,0,0
0,1,4,0,0,0,0,0,0,0
0,1,6,0,0,0,0,0,0,0
0,2,7,0,0,0,0,0,0,0
1,0,6,0,0,0,0,0,0,0
1,0,5,0,0,0,0,0,0,0
0,2,5,0,0,0,0,0,0,0
1,1,5,0,0,0,0,0,0,0
1,2,9,0,0,0,0,0,0,0
0,1,4,0,0,0,0,0,0,0
1,0,6,0,0,0,0,0,0,0
1,2,18,0,0,0,0,0,0,0
0,5,1,0,0,0,0,0,0,0
0,4,5,0,0,0,0,0,0,0
0,1,6,0,0,0,0,0,0,0
1,6,9,0,0,0,0,0,0,0
1,2,4,0,0,0,0,0,0,0
0,3,4,0,0,0,0,0,0,0
0,3,2,0,0,0,0,0,0,0
0,1,5,0,0,0,0,0,0,0
2,0,5,0,0,0,0,0,0,0
1,2,11,0,0,0,0,0,0,0
0,7,4,0,0,0,0,0,0,0
0,4,5,0,0,0,0,0,0,0
0,1,4,0,0,0,0,0,0,0
0,2,3,0,0,0,0,0,0,0
0,4,2,0,0,0,0,0,0,0
0,2,7,0,0,0,0,0,0,0
0,3,5,0,0,0,0,0,0,0
1,1,4,0,0,0,0,0,0,0
0,6,5,0,0,0,0,0,0,0
0,1,6,0,0,0,0,0,0,0
1,0,5,0,0,0,0,0,0,0
0,2,7,0,0,0,0,0,0,0
0,1,4,0,0,0,0,0,0,0
0,1,5,0,0,0,0,0,0,0
0,4,2,0,0,0,0,0,0,0
0,1,5,0,0,0,0,0,0,0
0,2,4,0,0,0,0,0,0,0
1,6,1,0,0,0,0,0,0,0
0,2,5,0,0,0,0,0,0,0
1,1,4,0,0,0,0,0,0,0
0,1,6,0,0,0,0,0,0,0
0,4,8,0,0,0,0,0,0,0
0,3,5,0,0,0,0,0,0,0
0,3,2,0,0,0,0,0,0,0
0,11,3,0,0,0,0,0,0,0
2,2,4,0,0,0,0,0,0,0
0,1,4,0,0,0,0,0,0,0
0,3,14,0,0,0,0,0,0,0
1,2,6,0,0,0,0,0,0,0
1,0,5,0,0,0,0,0,0,0
1,1,3,0,0,0,0,0,0,0
0,2,8,0,0,0,0,0,0,0
0,6,1,0,0,0,0,0,0,0
1,0,5,0,0,0,0,0,0,0
2,3,24,0,0,0,0,0,0,0
0,12,12,0,0,0,0,0,0,0
1,0,5,0,0,0,0,0,0,0
0,3,3,0,0,0,0,0,0,0
0,6,1,0,0,0,0,0,0,0
0,3,4,0,0,0,0,0,0,0
0,3,9,0,0,0,0,0,0,0
2,1,7,0,0,0,0,0,0,0
1,12,2,0,0,0,0,0,0,0
1,1,11,0,0,0,0,0,0,0
0,3,3,0,0,0,0,0,0,0
0,2,8,0,0,0,0,0,0,0
1,0,5,0,0,0,0,0,0,0
0,1,5,0,0,0,0,0,0,0
1,10,9,0,0,0,0,0,0,0
0,2,7,0,0,0,0,0,0,0
0,3,7,0,0,0,0,0,0,0
2,2,10,0,0,0,0,0,0,0
0,1,5,0,0,0,0,0,0,0
0,1,5,0,0,0,0,0,0,0
0,2,8,0,0,0,0,0,0,0
1,2,4,0,0,0,0,0,0,0
1,2,11,0,0,0,0,0,0,0
1,9,4,0,0,0,0,0,0,0
1,3,4,0,0,0,0,0,0,0
0,5,1,0,0,0,0,0,0,0
0,3,6,0,0,0,0,0,0,0
0,2,4,0,0,0,0,0,0,0
0,4,2,0,0,0,0,0,0,0
0,1,4,0,0,0,0,0,0,0
0,2,9,0,0,0,0,0,0,0
0,2,6,0,0,0,0,0,0,0
0,3,4,0,0,0,0,0,0,0
0,1,5,0,0,0,0,0,0,0
0,2,7,0,0,0,0,0,0,0
2,3,16,0,0,0,0,0,0,0
0,1,4,0,0,0,0,0,0,0
0,8,4,0,0,0,0,0,0,0
0,4,3,0,0,0,0,0,0,0
0,3,10,0,0,0,0,0,0,0
1,4,3,0,0,0,0,0,0,0
1,0,5,0,0,0,0,0,0,0
0,1,5,0,0,0,0,0,0,0
0,3,4,0,0,0,0,0,0,0
0,6,22,0,0,0,0,0,0,0
1,1,11,0,0,0,0,0,0,0
0,4,1,0,0,0,0,0,0,0
0,1,6,0,0,0,0,0,0,0
0,2,3,0,0,0,0,0,0,0
0,4,3,0,0,0,0,0,0,0
1,2,17,0,0,0,0,0,0,0
0,3,12,0,0,0,0,0,0,0
1,1,4,0,0,0,0,0,0,0
1,0,5,0,0,0,0,0,0,0
0,2,7,0,0,0,0,0,0,0
0,5,9,0,0,0,0,0,0,0
1,3,8,0,0,0,0,0,0,0
0,2,4,0,0,0,0,0,0,0
1,1,10,0,0,0,0,0,0,0
0,3,7,0,0,0,0,0,0,0
0,3,2,0,0,0,0,0,0,0
0,2,9,0,0,0,0,0,0,0
1,2,6,0,0,0,0,0,0,0
0,3,2,0,0,0,0,0,0,0
0,2,3,0,0,0,0,0,0,0
0,1,6,0,0,0,0,0,0,0
0,3,5,0,0,0,0,0,0,0
0,14,4,0,0,0,0,0,0,0
0,2,8,0,0,0,0,0,0,0
2,1,2,0,0,0,0,0,0,0
0,2,5,0,0,0,0,0,0,0
1,0,5,0,0,0,0,0,0,0
2,1,4,0,0,0,0,0,0,0
0,2,11,0,0,0,0,0,0,0
0,3,6,0,0,0,0,0,0,0
0,5,3,0,0,0,0,0,0,0
0,1,5,0,0,0,0,0,0,0
1,4,8,0,0,0,0,0,0,0
0,3,2,0,0,0,0,0,0,0
1,0,5,0,0,0,0,0,0,0
1,6,3,0,0,0,0,0,0,0
0,3,7,0,0,0,0,0,0,0
1,7,1,0,0,0,0,0,0,0
0,2,4,0,0,0,0,0,0,0
0,5,2,0,0,0,0,0,0,0
1,5,7,0,0,0,0,0,0,0
1,0,5,0,0,0,0,0,0,0
0,2,4,0,0,0,0,0,0,0
0,3,9,0,0,0,0,0,0,0
2,0,6,0,0,0,0,0,0,0
0,3,2,0,0,0,0,0,0,0
1,3,6,0,0,0,0,0,0,0
0,1,4,0,0,0,0,0,0,0
0,10,7,0,0,0,0,0,0,0
7,24,1,0,0,0,0,0,0,0
1,3,1,0,0,0,0,0,0,0
0,2,6,0,0,0,0,0,0,0
0,2,4,0,0,0,0,0,0,0
0,2,3,0,0,0,0,0,0,0
0,2,6,0,0,0,0,0,0,0
0,12,4,0,0,0,0,0,0,0
0,2,6,0,0,0,0,0,0,0
0,4,5,0,0,0,0,0,0,0
0,5,2,0,0,0,0,0,0,0
1,1,3,0,0,0,0,0,0,0
1,1,12,0,0,0,0,0,0,0
0,1,4,0,0,0,0,0,0,0
0,2,4,0,0,0,0,0,0,0
0,1,4,0,0,0,0,0,0,0
0,6,7,0,0,0,0,0,0,0
0,1,6,0,0,0,0,0,0,0
0,2,4,0,0,0,0,0,0,0
1,2,6,0,0,0,0,0,0,0
0,5,3,0,0,0,0,0,0,0
0,2,8,0,0,0,0,0,0,0
0,7,20,0,0,0,0,0,0,0
1,1,6,0,0,0,0,0,0,0
1,0,6,0,0,0,0,0,0,0
0,2,11,0,0,0,0,0,0,0
1,9,4,0,0,0,0,0,0,0
0,5,2,0,0,0,0,0,0,0
0,1,4,0,0,0,0,0,0,0
1,4,3,0,0,0,0,0,0,0
3,0,6,0,0,0,0,0,0,0
0,4,1,0,0,0,0,0,0,0
0,8,3,0,0,0,0,0,0,0
0,4,2,0,0,0,0,0,0,0
1,2,2,0,0,0,0,0,0,0
1,2,6,0,0,0,0,0,0,0
0,6,2,0,0,0,0,0,0,0
1,0,5,0,0,0,0,0,0,0
1,0,5,0,0,0,0,0,0,0
0,2,10,0,0,0,0,0,0,0
0,3,4,0,0,0,0,0,0,0
1,4,8,0,0,0,0,0,0,0
0,3,4,0,0,0,0,0,0,0
1,2,11,0,0,0,0,0,0,0
0,1,5,0,0,0,0,0,0,0
0,1,6,0,0,0,0,0,0,0
0,4,3,0,0,0,0,0,0,0
0,3,6,0,0,0,0,0,0,0
1,2,2,0,0,0,0,0,0,0
0,2,3,0,0,0,0,0,0,0
0,2,9,0,0,0,0,0,0,0
0,3,2,0,0,0,0,0,0,0
0,1,5,0,0,0,0,0,0,0
1,0,5,0,0,0,0,0,0,0
0,1,4,0,0,0,0,0,0,0
0,3,2,0,0,0,0,0,0,0
0,2,7,0,0,0,0,0,0,0
0,2,3,0,0,0,0,0,0,0
0,3,6,0,0,0,0,0,0,0
0,2,5,0,0,0,0,0,0,0
1,3,7,0,0,0,0,0,0,0
0,3,2,0,0,0,0,0,0,0
0,4,8,0,0,0,0,0,0,0
0,1,6,0,0,0,0,0,0,0
0,1,5,0,0,0,0,0,0,0
0,1,5,0,0,0,0,0,0,0
0,2,3,0,0,0,0,0,0,0
1,0,6,0,0,0,0,0,0,0
0,4,5,0,0,0,0,0,0,0
1,3,3,0,0,0,0,0,0,0
1,0,6,0,0,0,0,0,0,0
0,10,2,0,0,0,0,0,0,0
0,3,2,0,0,0,0,0,0,0
0,2,9,0,0,0,0,0,0,0
0,4,2,0,0,0,0,0,0,0
0,1,4,0,0,0,0,0,0,0
1,1,6,0,0,0,0,0,0,0
0,3,17,0,0,0,0,0,0,0
3,3,20,0,0,0,0,0,0,0
1,1,7,0,0,0,0,0,0,0
1,7,10,0,0,0,0,0,0,0
0,1,6,0,0,0,0,0,0,0
0,1,5,0,0,0,0,0,0,0
0,5,2,0,0,0,0,0,0,0
0,3,2,0,0,0,0,0,0,0
4,3,3,0,0,0,0,0,0,0
1,2,10,0,0,0,0,0,0,0
0,3,6,0,0,0,0,0,0,0
1,0,6,0,0,0,0,0,0,0
0,7,20,0,0,0,0,0,0,0
1,2,3,0,0,0,0,0,0,0
0,1,5,0,0,0,0,0,0,0
0,3,2,0,0,0,0,0,0,0
1,2,7,0,0,0,0,0,0,0
0,1,4,0,0,0,0,0,0,0
0,6,7,0,0,0,0,0,0,0
1,2,4,0,0,0,0,0,0,0
1,0,5,0,0,0,0,0,0,0
0,1,4,0,0,0,0,0,0,0
0,1,5,0,0,0,0,0,0,0
0,1,5,0,0,0,0,0,0,0
0,4,1,0,0,0,0,0,0,0
1,1,11,0,0,0,0,0,0,0
0,10,3,0,0,0,0,0,0,0
0,2,7,0,0,0,0,0,0,0
0,4,2,0,0,0,0,0,0,0
5,1,19,0,0,0,0,0,0,0
0,5,7,0,0,0,0,0,0,0
0,1,4,0,0,0,0,0,0,0
0,1,6,0,0,0,0,0,0,0
1,3,4,0,0,0,0,0,0,0
2,0,9,0,0,0,0,0,0,0
0,1,4,0,0,0,0,0,0,0
1,0,6,0,0,0,0,0,0,0
0,2,5,0,0,0,0,0,0,0
0,1,6,0,0,0,0,0,0,0
0,2,3,0,0,0,0,0,0,0
0,3,5,0,0,0,0,0,0,0
1,1,4,0,0,0,0,0,0,0
0,8,6,0,0,0,0,0,0,0
0,2,4,0,0,0,0,0,0,0
0,6,5,0,0,0,0,0,0,0
1,1,4,0,0,0,0,0,0,0
0,2,11,0,0,0,0,0,0,0
1,0,5,0,0,0,0,0,0,0
0,1,4,0,0,0,0,0,0,0
0,1,5,0,0,0,0,0,0,0
0,6,3,0,0,0,0,0,0,0
1,4,3,0,0,0,0,0,0,0
0,6,2,0,0,0,0,0,0,0
1,0,5,0,0,0,0,0,0,0
0,2,4,0,0,0,0,0,0,0
1,1,7,0,0,0,0,0,0,0
0,9,2,0,0,0,0,0,0,0
1,2,3,0,0,0,0,0,0,0
1,0,5,0,0,0,0,0,0,0
1,0,5,0,0,0,0,0,0,0
0,5,1,0,0,0,0,0,0,0
2,2,1,0,0,0,0,0,0,0
0,7,4,0,0,0,0,0,0,0
1,5,16,0,0,0,0,0,0,0
0,1,4,0,0,0,0,0,0,0
0,3,2,0,0,0,0,0,0,0
0,2,8,0,0,0,0,0,0,0
0,10,5,0,0,0,0,0,0,0
1,0,5,0,0,0,0,0,0,0
1,1,4,0,0,0,0,0,0,0
0,1,5,0,0,0,0,0,0,0
13,15,2,0,0,0,0,0,0,0
1,5,4,0,0,0,0,0,0,0
0,1,5,0,0,0,0,0,0,0
1,1,4,0,0,0,0,0,0,0
1,1,3,0,0,0,0,0,0,0
0,2,3,0,0,0,0,0,0,0
1,2,3,0,0,0,0,0,0,0
0,1,6,0,0,0,0,0,0,0
0,4,1,0,0,0,0,0,0,0
1,1,4,0,0,0,0,0,0,0
1,0,5,0,0,0,0,0,0,0
0,1,4,0,0,0,0,0,0,0
0,3,6,0,0,0,0,0,0,0
0,1,4,0,0,0,0,0,0,0
0,1,6,0,0,0,0,0,0,0
0,1,5,0,0,0,0,0,0,0
0,4,4,0,0,0,0,0,0,0
0,5,14,0,0,0,0,0,0,0
0,3,6,0,0,0,0,0,0,0
0,1,4,0,0,0,0,0,0,0
0,3,3,0,0,0,0,0,0,0
0,4,3,0,0,0,0,0,0,0
1,0,5,0,0,0,0,0,0,0
0,3,7,0,0,0,0,0,0,0
2,3,4,0,0,0,0,0,0,0
0,1,5,0,0,0,0,0,0,0
0,2,11,0,0,0,0,0,0,0
33,42,4,0,0,0,0,0,0,0
1,3,7,0,0,0,0,0,0,0
0,9,4,0,0,0,0,0,0,0
0,7,12,0,0,0,0,0,0,0
0,6,3,0,0,0,0,0,0,0
0,1,5,0,0,0,0,0,0,0
0,5,1,0,0,0,0,0,0,0
0,8,5,0,0,0,0,0,0,0
1,2,2,0,0,0,0,0,0,0
0,4,3,0,0,0,0,0,0,0
0,1,5,0,0,0,0,0,0,0
4,0,5,0,0,0,0,0,0,0
0,5,6,0,0,0,0,0,0,0
1,3,9,0,0,0,0,0,0,0
0,1,4,0,0,0,0,0,0,0
0,5,2,0,0,0,0,0,0,0
0,2,4,0,0,0,0,0,0,0
0,1,4,0,0,0,0,0,0,0
0,3,2,0,0,0,0,0,0,0
0,3,4,0,0,0,0,0,0,0
0,1,4,0,0,0,0,0,0,0
1,6,3,0,0,0,0,0,0,0
2,2,3,0,0,0,0,0,0,0
1,1,3,0,0,0,0,0,0,0
0,4,2,0,0,0,0,0,0,0
1,1,7,0,0,0,0,0,0,0
0,1,5,0,0,0,0,0,0,0
1,0,6,0,0,0,0,0,0,0
0,4,5,0,0,0,0,0,0,0
0,2,3,0,0,0,0,0,0,0
1,0,5,0,0,0,0,0,0,0
0,3,4,0,0,0,0,0,0,0
1,2,3,0,0,0,0,0,0,0
0,2,3,0,0,0,0,0,0,0
3,0,11,0,0,0,0,0,0,0
0,2,5,0,0,0,0,0,0,0
0,1,5,0,0,0,0,0,0,0
0,1,5,0,0,0,0,0,0,0
0,6,4,0,0,0,0,0,0,0
0,2,4,0,0,0,0,0,0,0
0,5,6,0,0,0,0,0,0,0
0,4,6,0,0,0,0,0,0,0
0,1,4,0,0,0,0,0,0,0
0,1,6,0,0,0,0,0,0,0
2,2,6,0,0,0,0,0,0,0
0,6,2,0,0,0,0,0,0,0
1,1,10,0,0,0,0,0,0,0
0,3,4,0,0,0,0,0,0,0
0,5,1,0,0,0,0,0,0,0
1,4,3,0,0,0,0,0,0,0
0,1,4,0,0,0,0,0,0,0
2,1,13,0,0,0,0,0,0,0
1,0,6,0,0,0,0,0,0,0
0,7,4,0,0,0,0,0,0,0
0,1,6,0,0,0,0,0,0,0
2,1,2,0,0,0,0,0,0,0
0,8,3,0,0,0,0,0,0,0
0,1,5,0,0,0,0,0,0,0
0,5,8,0,0,0,0,0,0,0
0,4,3,0,0,0,0,0,0,0
0,1,4,0,0,0,0,0,0,0
0,1,6,0,0,0,0,0,0,0
0,3,11,0,0,0,0,0,0,0
3,1,4,0,0,0,0,0,0,0
0,5,3,0,0,0,0,0,0,0
0,6,2,0,0,0,0,0,0,0
0,1,6,0,0,0,0,0,0,0
1,3,1,0,0,0,0,0,0,0
0,7,10,0,0,0,0,0,0,0
0,1,6,0,0,0,0,0,0,0
0,1,4,0,0,0,0,0,0,0
0,5,4,0,0,0,0,0,0,0
1,7,9,0,0,0,0,0,0,0
0,2,6,0,0,0,0,0,0,0
0,1,5,0,0,0,0,0,0,0
0,8,2,0,0,0,0,0,0,0
1,1,5,0,0,0,0,0,0,0
0,9,4,0,0,0,0,0,0,0
0,4,8,0,0,0,0,0,0,0
0,1,4,0,0,0,0,0,0,0
1,0,5,0,0,0,0,0,0,0
0,5,4,0,0,0,0,0,0,0
1,2,2,0,0,0,0,0,0,0
1,1,5,0,0,0,0,0,0,0
0,3,5,0,0,0,0,0,0,0
0,2,3,0,0,0,0,0,0,0
1,4,1,0,0,0,0,0,0,0
0,25,6,0,0,0,0,0,0,0
0,1,5,0,0,0,0,0,0,0
0,11,2,0,0,0,0,0,0,0
1,2,5,0,0,0,0,0,0,0
1,1,7,0,0,0,0,0,0,0
0,2,10,0,0,0,0,0,0,0
0,5,1,0,0,0,0,0,0,0
0,2,11,0,0,0,0,0,0,0
0,2,4,0,0,0,0,0,0,0
0,7,7,0,0,0,0,0,0,0
1,1,12,0,0,0,0,0,0,0
0,12,6,0,0,0,0,0,0,0
1,2,10,0,0,0,0,0,0,0
2,0,12,0,0,0,0,0,0,0
0,3,6,0,0,0,0,0,0,0
1,9,5,0,0,0,0,0,0,0
9,67,5,0,0,0,0,0,0,0
0,3,16,0,0,0,0,0,0,0
0,4,3,0,0,0,0,0,0,0
0,5,4,0,0,0,0,0,0,0
0,2,12,0,0,0,0,0,0,0
1,0,5,0,0,0,0,0,0,0
0,5,1,0,0,0,0,0,0,0
1,3,1,0,0,0,0,0,0,0
0,1,6,0,0,0,0,0,0,0
14,16,8,0,0,0,0,0,0,0
0,5,2,0,0,0,0,0,0,0
0,3,7,0,0,0,0,0,0,0
0,2,3,0,0,0,0,0,0,0
0,5,1,0,0,0,0,0,0,0
1,1,6,0,0,0,0,0,0,0
0,3,3,0,0,0,0,0,0,0
0,2,3,0,0,0,0,0,0,0
0,6,2,0,0,0,0,0,0,0
1,2,14,0,0,0,0,0,0,0
2,1,6,0,0,0,0,0,0,0
0,3,17,0,0,0,0,0,0,0
0,4,2,0,0,0,0,0,0,0
1,0,6,0,0,0,0,0,0,0
0,3,8,0,0,0,0,0,0,0
2,4,8,0,0,0,0,0,0,0
2,3,14,0,0,0,0,0,0,0
0,4,3,0,0,0,0,0,0,0
0,6,1,0,0,0,0,0,0,0
0,5,3,0,0,0,0,0,0,0
0,4,16,0,0,0,0,0,0,0
0,5,8,0,0,0,0,0,0,0
0,4,2,0,0,0,0,0,0,0
1,1,11,0,0,0,0,0,0,0
0,6,2,0,0,0,0,0,0,0
0,2,5,0,0,0,0,0,0,0
1,5,9,0,0,0,0,0,0,0
0,2,4,0,0,0,0,0,0,0
1,3,3,0,0,0,0,0,0,0
0,2,4,0,0,0,0,0,0,0
0,1,5,0,0,0,0,0,0,0
0,1,6,0,0,0,0,0,0,0
0,1,5,0,0,0,0,0,0,0
0,3,12,0,0,0,0,0,0,0
0,2,6,0,0,0,0,0,0,0
0,1,4,0,0,0,0,0,0,0
0,1,4,0,0,0,0,0,0,0
1,2,5,0,0,0,0,0,0,0
1,12,2,0,0,0,0,0,0,0
0,6,5,0,0,0,0,0,0,0
0,1,6,0,0,0,0,0,0,0
0,4,2,0,0,0,0,0,0,0
0,1,5,0,0,0,0,0,0,0
0,1,6,0,0,0,0,0,0,0
1,4,3,0,0,0,0,0,0,0
25,41,15,0,0,0,0,0,0,0
0,11,8,0,0,0,0,0,0,0
0,5,1,0,0,0,0,0,0,0
0,1,4,0,0,0,0,0,0,0
1,4,4,0,0,0,0,0,0,0
0,3,4,0,0,0,0,0,0,0
1,15,10,0,0,0,0,0,0,0
0,2,5,0,0,0,0,0,0,0
1,20,13,0,0,0,0,0,0,0
0,1,4,0,0,0,0,0,0,0
2,3,7,0,0,0,0,0,0,0
2,7,4,0,0,0,0,0,0,0
2,11,1,0,0,0,0,0,0,0
2,0,6,0,0,0,0,0,0,0
0,8,10,0,0,0,0,0,0,0
1,1,9,0,0,0,0,0,0,0
0,2,5,0,0,0,0,0,0,0
1,0,5,0,0,0,0,0,0,0
0,4,1,0,0,0,0,0,0,0
0,2,4,0,0,0,0,0,0,0
0,1,6,0,0,0,0,0,0,0
0,2,6,0,0,0,0,0,0,0
0,1,6,0,0,0,0,0,0,0
0,4,1,0,0,0,0,0,0,0
0,5,1,0,0,0,0,0,0,0
0,2,5,0,0,0,0,0,0,0
0,12,11,0,0,0,0,0,0,0
0,1,5,0,0,0,0,0,0,0
1,1,3,0,0,0,0,0,0,0
0,2,4,0,0,0,0,0,0,0
0,2,10,0,0,0,0,0,0,0
1,1,7,0,0,0,0,0,0,0
0,5,19,0,0,0,0,0,0,0
0,1,5,0,0,0,0,0,0,0
1,3,3,0,0,0,0,0,0,0
1,0,5,0,0,0,0,0,0,0
0,2,7,0,0,0,0,0,0,0
1,0,5,0,0,0,0,0,0,0
1,1,11,0,0,0,0,0,0,0
0,5,28,0,0,0,0,0,0,0
0,3,13,0,0,0,0,0,0,0
0,1,4,0,0,0,0,0,0,0
1,1,6,0,0,0,0,0,0,0
0,1,4,0,0,0,0,0,0,0
1,10,3,0,0,0,0,0,0,0
0,2,5,0,0,0,0,0,0,0
0,1,5,0,0,0,0,0,0,0
0,3,2,0,0,0,0,0,0,0
0,7,8,0,0,0,0,0,0,0
0,1,4,0,0,0,0,0,0,0
0,4,8,0,0,0,0,0,0,0
4,18,4,0,0,0,0,0,0,0
0,1,5,0,0,0,0,0,0,0
0,3,5,0,0,0,0,0,0,0
0,3,9,0,0,0,0,0,0,0
1,1,6,0,0,0,0,0,0,0
0,4,3,0,0,0,0,0,0,0
0,8,5,0,0,0,0,0,0,0
0,4,6,0,0,0,0,0,0,0
0,1,4,0,0,0,0,0,0,0
0,2,4,0,0,0,0,0,0,0
0,2,10,0,0,0,0,0,0,0
2,1,10,0,0,0,0,0,0,0
0,2,13,0,0,0,0,0,0,0
1,0,5,0,0,0,0,0,0,0
0,1,4,0,0,0,0,0,0,0
0,2,7,0,0,0,0,0,0,0
0,3,4,0,0,0,0,0,0,0
0,4,3,0,0,0,0,0,0,0
1,2,5,0,0,0,0,0,0,0
1,3,1,0,0,0,0,0,0,0
1,6,8,0,0,0,0,0,0,0
0,1,4,0,0,0,0,0,0,0
0,4,2,0,0,0,0,0,0,0
0,5,3,0,0,0,0,0,0,0
0,7,6,0,0,0,0,0,0,0
0,2,4,0,0,0,0,0,0,0
0,2,6,0,0,0,0,0,0,0
2,1,18,0,0,0,0,0,0,0
0,6,7,0,0,0,0,0,0,0
0,3,3,0,0,0,0,0,0,0
0,4,1,0,0,0,0,0,0,0
1,2,3,0,0,0,0,0,0,0
0,5,6,0,0,0,0,0,0,0
1,1,3,0,0,0,0,0,0,0
1,1,3,0,0,0,0,0,0,0
0,1,6,0,0,0,0,0,0,0
1,1,10,0,0,0,0,0,0,0
0,1,4,0,0,0,0,0,0,0
0,2,10,0,0,0,0,0,0,0
0,3,5,0,0,0,0,0,0,0
0,3,2,0,0,0,0,0,0,0
0,10,3,0,0,0,0,0,0,0
0,2,9,0,0,0,0,0,0,0
0,1,4,0,0,0,0,0,0,0
0,15,22,0,0,0,0,0,0,0
0,3,2,0,0,0,0,0,0,0
0,12,2,0,0,0,0,0,0,0
1,0,5,0,0,0,0,0,0,0
0,2,3,0,0,0,0,0,0,0
0,1,6,0,0,0,0,0,0,0
1,5,7,0,0,0,0,0,0,0
1,0,6,0,0,0,0,0,0,0
1,1,6,0,0,0,0,0,0,0
0,2,6,0,0,0,0,0,0,0
0,3,3,0,0,0,0,0,0,0
0,5,5,0,0,0,0,0,0,0
1,2,2,0,0,0,0,0,0,0
0,4,1,0,0,0,0,0,0,0
0,1,5,0,0,0,0,0,0,0
0,4,3,0,0,0,0,0,0,0
0,12,3,0,0,0,0,0,0,0
1,3,3,0,0,0,0,0,0,0
1,1,9,0,0,0,0,0,0,0
0,6,7,0,0,0,0,0,0,0
0,1,5,0,0,0,0,0,0,0
0,5,10,0,0,0,0,0,0,0
2,2,11,0,0,0,0,0,0,0
1,2,2,0,0,0,0,0,0,0
0,5,2,0,0,0,0,0,0,0
7,1,10,0,0,0,0,0,0,0
0,6,3,0,0,0,0,0,0,0
1,6,1,0,0,0,0,0,0,0
0,5,1,0,0,0,0,0,0,0
1,0,5,0,0,0,0,0,0,0
0,1,6,0,0,0,0,0,0,0
0,5,8,0,0,0,0,0,0,0
0,2,7,0,0,0,0,0,0,0
0,3,2,0,0,0,0,0,0,0
0,7,4,0,0,0,0,0,0,0
0,3,5,0,0,0,0,0,0,0
1,0,5,0,0,0,0,0,0,0
0,2,7,0,0,0,0,0,0,0
0,4,4,0,0,0,0,0,0,0
10,25,15,0,0,0,0,0,0,0
0,5,2,0,0,0,0,0,0,0
0,5,9,0,0,0,0,0,0,0
0,3,7,0,0,0,0,0,0,0
1,1,3,0,0,0,0,0,0,0
0,1,6,0,0,0,0,0,0,0
0,1,4,0,0,0,0,0,0,0
1,1,8,0,0,0,0,0,0,0
0,9,3,0,0,0,0,0,0,0
0,1,4,0,0,0,0,0,0,0
0,7,3,0,0,0,0,0,0,0
1,1,4,0,0,0,0,0,0,0
0,2,6,0,0,0,0,0,0,0
0,2,3,0,0,0,0,0,0,0
1,1,12,0,0,0,0,0,0,0
0,3,2,0,0,0,0,0,0,0
0,2,4,0,0,0,0,0,0,0
1,1,8,0,0,0,0,0,0,0
1,0,6,0,0,0,0,0,0,0
0,2,6,0,0,0,0,0,0,0
0,4,7,0,0,0,0,0,0,0
0,1,6,0,0,0,0,0,0,0
1,0,5,0,0,0,0,0,0,0
2,1,4,0,0,0,0,0,0,0
4,1,1,0,0,0,0,0,0,0
0,1,6,0,0,0,0,0,0,0
1,0,6,0,0,0,0,0,0,0
0,2,8,0,0,0,0,0,0,0
0,1,4,0,0,0,0,0,0,0
0,2,4,0,0,0,0,0,0,0
1,0,6,0,0,0,0,0,0,0
0,1,5,0,0,0,0,0,0,0
1,1,3,0,0,0,0,0,0,0
1,1,10,0,0,0,0,0,0,0
0,2,10,0,0,0,0,0,0,0
1,1,4,0,0,0,0,0,0,0
0,4,4,0,0,0,0,0,0,0
0,4,2,0,0,0,0,0,0,0
0,8,3,0,0,0,0,0,0,0
0,8,10,0,0,0,0,0,0,0
0,2,3,0,0,0,0,0,0,0
0,1,5,0,0,0,0,0,0,0
0,1,5,0,0,0,0,0,0,0
0,2,3,0,0,0,0,0,0,0
0,1,4,0,0,0,0,0,0,0
0,6,1,0,0,0,0,0,0,0
0,4,16,0,0,0,0,0,0,0
0,3,11,0,0,0,0,0,0,0
19,1,3,0,0,0,0,0,0,0
0,1,5,0,0,0,0,0,0,0
0,6,2,0,0,0,0,0,0,0
0,1,5,0,0,0,0,0,0,0
0,2,4,0,0,0,0,0,0,0
0,6,1,0,0,0,0,0,0,0
2,2,8,0,0,0,0,0,0,0
3,0,15,0,0,0,0,0,0,0
0,2,6,0,0,0,0,0,0,0
0,2,3,0,0,0,0,0,0,0
0,1,5,0,0,0,0,0,0,0
0,1,4,0,0,0,0,0,0,0
2,1,5,0,0,0,0,0,0,0
1,0,5,0,0,0,0,0,0,0
1,2,4,0,0,0,0,0,0,0
0,4,1,0,0,0,0,0,0,0
0,3,3,0,0,0,0,0,0,0
0,3,3,0,0,0,0,0,0,0
1,1,4,0,0,0,0,0,0,0
0,3,5,0,0,0,0,0,0,0
1,1,9,0,0,0,0,0,0,0
1,2,9,0,0,0,0,0,0,0
0,2,3,0,0,0,0,0,0,0
1,3,9,0,0,0,0,0,0,0
0,3,2,0,0,0,0,0,0,0
0,5,1,0,0,0,0,0,0,0
0,9,2,0,0,0,0,0,0,0
0,4,4,0,0,0,0,0,0,0
0,1,5,0,0,0,0,0,0,0
1,0,6,0,0,0,0,0,0,0
0,6,3,0,0,0,0,0,0,0
1,1,6,0,0,0,0,0,0,0
0,2,3,0,0,0,0,0,0,0
0,8,2,0,0,0,0,0,0,0
1,1,3,0,0,0,0,0,0,0
0,3,3,0,0,0,0,0,0,0
2,4,15,0,0,0,0,0,0,0
1,3,3,0,0,0,0,0,0,0
0,2,5,0,0,0,0,0,0,0
2,4,10,0,0,0,0,0,0,0
0,12,4,0,0,0,0,0,0,0
0,8,7,0,0,0,0,0,0,0
1,13,3,0,0,0,0,0,0,0
1,0,5,0,0,0,0,0,0,0
0,2,13,0,0,0,0,0,0,0
0,2,12,0,0,0,0,0,0,0
1,1,3,0,0,0,0,0,0,0
0,2,5,0,0,0,0,0,0,0
0,7,4,0,0,0,0,0,0,0
0,1,4,0,0,0,0,0,0,0
0,3,5,0,0,0,0,0,0,0
0,8,14,0,0,0,0,0,0,0
1,1,10,0,0,0,0,0,0,0
1,2,8,0,0,0,0,0,0,0
0,2,6,0,0,0,0,0,0,0
0,2,4,0,0,0,0,0,0,0
2,1,4,0,0,0,0,0,0,0
2,3,6,0,0,0,0,0,0,0
0,5,2,0,0,0,0,0,0,0
0,2,7,0,0,0,0,0,0,0
0,2,7,0,0,0,0,0,0,0
0,4,2,0,0,0,0,0,0,0
2,0,7,0,0,0,0,0,0,0
0,2,13,0,0,0,0,0,0,0
0,3,2,0,0,0,0,0,0,0
0,1,6,0,0,0,0,0,0,0
0,3,2,0,0,0,0,0,0,0
0,1,5,0,0,0,0,0,0,0
0,1,5,0,0,0,0,0,0,0
0,4,4,0,0,0,0,0,0,0
0,2,9,0,0,0,0,0,0,0
0,2,7,0,0,0,0,0,0,0
0,2,4,0,0,0,0,0,0,0
1,1,3,0,0,0,0,0,0,0
1,0,6,0,0,0,0,0,0,0
0,7,5,0,0,0,0,0,0,0
0,2,4,0,0,0,0,0,0,0
1,1,12,0,0,0,0,0,0,0
0,4,13,0,0,0,0,0,0,0
0,5,3,0,0,0,0,0,0,0
1,2,3,0,0,0,0,0,0,0
0,4,11,0,0,0,0,0,0,0
0,1,4,0,0,0,0,0,0,0
0,6,7,0,0,0,0,0,0,0
0,5,3,0,0,0,0,0,0,0
0,4,2,0,0,0,0,0,0,0
0,2,6,0,0,0,0,0,0,0
0,5,2,0,0,0,0,0,0,0
1,4,6,0,0,0,0,0,0,0
0,2,4,0,0,0,0,0,0,0
0,1,4,0,0,0,0,0,0,0
0,2,6,0,0,0,0,0,0,0
0,4,10,0,0,0,0,0,0,0
0,6,11,0,0,0,0,0,0,0
0,3,6,0,0,0,0,0,0,0
5,1,5,0,0,0,0,0,0,0
0,3,2,0,0,0,0,0,0,0
0,3,6,0,0,0,0,0,0,0
0,1,4,0,0,0,0,0,0,0
1,1,13,0,0,0,0,0,0,0
1,2,11,0,0,0,0,0,0,0
0,2,7,0,0,0,0,0,0,0
0,4,8,0,0,0,0,0,0,0
0,4,8,0,0,0,0,0,0,0
0,2,3,0,0,0,0,0,0,0
1,0,6,0,0,0,0,0,0,0
1,1,3,0,0,0,0,0,0,0
0,5,3,0,0,0,0,0,0,0
0,1,4,0,0,0,0,0,0,0
1,0,6,0,0,0,0,0,0,0
0,9,2,0,0,0,0,0,0,0
1,2,2,0,0,0,0,0,0,0
1,1,9,0,0,0,0,0,0,0
0,6,4,0,0,0,0,0,0,0
0,2,6,0,0,0,0,0,0,0
0,2,11,0,0,0,0,0,0,0
0,1,4,0,0,0,0,0,0,0
0,4,2,0,0,0,0,0,0,0
0,1,5,0,0,0,0,0,0,0
0,1,5,0,0,0,0,0,0,0
0,5,5,0,0,0,0,0,0,0
1,3,2,0,0,0,0,0,0,0
0,2,3,0,0,0,0,0,0,0
2,27,7,0,0,0,0,0,0,0
0,6,1,0,0,0,0,0,0,0
0,1,5,0,0,0,0,0,0,0
0,1,5,0,0,0,0,0,0,0
0,2,5,0,0,0,0,0,0,0
2,3,14,0,0,0,0,0,0,0
2,0,11,0,0,0,0,0,0,0
3,2,13,0,0,0,0,0,0,0
0,3,5,0,0,0,0,0,0,0
0,4,1,0,0,0,0,0,0,0
1,1,3,0,0,0,0,0,0,0
0,1,4,0,0,0,0,0,0,0
1,8,15,0,0,0,0,0,0,0
0,1,4,0,0,0,0,0,0,0
0,3,15,0,0,0,0,0,0,0
0,1,4,0,0,0,0,0,0,0
0,2,9,0,0,0,0,0,0,0
0,1,5,0,0,0,0,0,0,0
1,0,6,0,0,0,0,0,0,0
0,1,6,0,0,0,0,0,0,0
2,2,5,0,0,0,0,0,0,0
1,0,5,0,0,0,0,0,0,0
0,6,3,0,0,0,0,0,0,0
0,3,12,0,0,0,0,0,0,0
0,2,4,0,0,0,0,0,0,0
0,1,6,0,0,0,0,0,0,0
0,4,1,0,0,0,0,0,0,0
2,0,9,0,0,0,0,0,0,0
0,4,1,0,0,0,0,0,0,0
0,2,5,0,0,0,0,0,0,0
1,10,8,0,0,0,0,0,0,0
0,2,6,0,0,0,0,0,0,0
0,2,4,0,0,0,0,0,0,0
4,1,5,0,0,0,0,0,0,0
0,1,6,0,0,0,0,0,0,0
0,2,12,0,0,0,0,0,0,0
0,4,3,0,0,0,0,0,0,0
0,2,11,0,0,0,0,0,0,0
0,2,4,0,0,0,0,0,0,0
0,11,27,0,0,0,0,0,0,0
0,7,2,0,0,0,0,0,0,0
0,4,1,0,0,0,0,0,0,0
0,3,17,0,0,0,0,0,0,0
2,3,2,0,0,0,0,0,0,0
0,3,3,0,0,0,0,0,0,0
0,1,4,0,0,0,0,0,0,0
0,2,5,0,0,0,0,0,0,0
0,3,3,0,0,0,0,0,0,0
0,2,5,0,0,0,0,0,0,0
0,2,11,0,0,0,0,0,0,0
3,1,16,0,0,0,0,0,0,0
0,4,1,0,0,0,0,0,0,0
0,1,5,0,0,0,0,0,0,0
0,1,5,0,0,0,0,0,0,0
0,6,18,0,0,0,0,0,0,0
0,1,6,0,0,0,0,0,0,0
0,1,5,0,0,0,0,0,0,0
0,4,8,0,0,0,0,0,0,0
0,1,4,0,0,0,0,0,0,0
0,1,4,0,0,0,0,0,0,0
2,0,6,0,0,0,0,0,0,0
0,6,4,0,0,0,0,0,0,0
0,5,2,0,0,0,0,0,0,0
0,9,8,0,0,0,0,0,0,0
1,1,3,0,0,0,0,0,0,0
0,1,5,0,0,0,0,0,0,0
0,6,2,0,0,0,0,0,0,0
0,2,7,0,0,0,0,0,0,0
0,4,5,0,0,0,0,0,0,0
0,7,2,0,0,0,0,0,0,0
0,4,11,0,0,0,0,0,0,0
3,7,13,0,0,0,0,0,0,0
0,3,15,0,0,0,0,0,0,0
1,4,3,0,0,0,0,0,0,0
0,3,7,0,0,0,0,0,0,0
1,1,11,0,0,0,0,0,0,0
1,10,1,0,0,0,0,0,0,0
0,5,8,0,0,0,0,0,0,0
1,1,11,0,0,0,0,0,0,0
1,3,1,0,0,0,0,0,0,0
1,0,6,0,0,0,0,0,0,0
0,4,9,0,0,0,0,0,0,0
1,6,1,0,0,0,0,0,0,0
0,1,5,0,0,0,0,0,0,0
0,3,3,0,0,0,0,0,0,0
0,5,16,0,0,0,0,0,0,0
0,5,6,0,0,0,0,0,0,0
0,4,14,0,0,0,0,0,0,0
1,3,3,0,0,0,0,0,0,0
0,6,12,0,0,0,0,0,0,0
0,1,5,0,0,0,0,0,0,0
0,2,6,0,0,0,0,0,0,0
0,2,13,0,0,0,0,0,0,0
0,1,6,0,0,0,0,0,0,0
0,3,4,0,0,0,0,0,0,0
2,3,7,0,0,0,0,0,0,0
0,2,9,0,0,0,0,0,0,0
0,3,17,0,0,0,0,0,0,0
1,2,20,0,0,0,0,0,0,0
0,6,2,0,0,0,0,0,0,0
0,7,10,0,0,0,0,0,0,0
0,4,6,0,0,0,0,0,0,0
0,3,2,0,0,0,0,0,0,0
1,1,9,0,0,0,0,0,0,0
0,1,5,0,0,0,0,0,0,0
0,1,5,0,0,0,0,0,0,0
1,5,5,0,0,0,0,0,0,0
1,1,10,0,0,0,0,0,0,0
0,4,13,0,0,0,0,0,0,0
0,1,6,0,0,0,0,0,0,0
0,9,8,0,0,0,0,0,0,0
1,0,6,0,0,0,0,0,0,0
0,2,12,0,0,0,0,0,0,0
0,9,2,0,0,0,0,0,0,0
0,2,7,0,0,0,0,0,0,0
0,4,13,0,0,0,0,0,0,0
0,1,5,0,0,0,0,0,0,0
0,1,5,0,0,0,0,0,0,0
0,5,3,0,0,0,0,0,0,0
0,1,4,0,0,0,0,0,0,0
1,1,6,0,0,0,0,0,0,0
0,1,5,0,0,0,0,0,0,0
0,4,11,0,0,0,0,0,0,0
0,1,4,0,0,0,0,0,0,0
0,4,7,0,0,0,0,0,0,0
2,5,18,0,0,0,0,0,0,0
0,2,5,0,0,0,0,0,0,0
0,5,4,0,0,0,0,0,0,0
2,34,8,0,0,0,0,0,0,0
1,0,5,0,0,0,0,0,0,0
1,1,6,0,0,0,0,0,0,0
0,5,9,0,0,0,0,0,0,0
0,8,9,0,0,0,0,0,0,0
1,2,3,0,0,0,0,0,0,0
0,2,5,0,0,0,0,0,0,0
0,7,4,0,0,0,0,0,0,0
0,5,1,0,0,0,0,0,0,0
0,2,6,0,0,0,0,0,0,0
0,2,5,0,0,0,0,0,0,0
0,2,3,0,0,0,0,0,0,0
0,2,6,0,0,0,0,0,0,0
0,10,3,0,0,0,0,0,0,0
0,6,2,0,0,0,0,0,0,0
1,5,6,0,0,0,0,0,0,0
0,5,2,0,0,0,0,0,0,0
0,3,8,0,0,0,0,0,0,0
2,4,10,0,0,0,0,0,0,0
0,1,6,0,0,0,0,0,0,0
0,1,5,0,0,0,0,0,0,0
0,1,5,0,0,0,0,0,0,0
1,3,12,0,0,0,0,0,0,0
0,3,16,0,0,0,0,0,0,0
2,0,10,0,0,0,0,0,0,0
0,1,5,0,0,0,0,0,0,0
2,2,6,0,0,0,0,0,0,0
0,2,8,0,0,0,0,0,0,0
1,1,7,0,0,0,0,0,0,0
0,1,4,0,0,0,0,0,0,0
0,3,3,0,0,0,0,0,0,0
0,2,6,0,0,0,0,0,0,0
1,0,5,0,0,0,0,0,0,0
0,2,3,0,0,0,0,0,0,0
0,2,9,0,0,0,0,0,0,0
1,0,6,0,0,0,0,0,0,0
0,1,4,0,0,0,0,0,0,0
0,8,7,0,0,0,0,0,0,0
1,1,7,0,0,0,0,0,0,0
0,2,8,0,0,0,0,0,0,0
0,1,5,0,0,0,0,0,0,0
0,4,1,0,0,0,0,0,0,0
0,4,1,0,0,0,0,0,0,0
0,1,4,0,0,0,0,0,0,0
0,14,15,0,0,0,0,0,0,0
0,2,5,0,0,0,0,0,0,0
0,1,4,0,0,0,0,0,0,0
0,3,4,0,0,0,0,0,0,0
0,1,5,0,0,0,0,0,0,0
0,1,5,0,0,0,0,0,0,0
1,2,16,0,0,0,0,0,0,0
0,1,6,0,0,0,0,0,0,0
0,9,4,0,0,0,0,0,0,0
0,5,5,0,0,0,0,0,0,0
0,1,5,0,0,0,0,0,0,0
1,0,6,0,0,0,0,0,0,0
0,4,3,0,0,0,0,0,0,0
0,3,7,0,0,0,0,0,0,0
0,1,5,0,0,0,0,0,0,0
0,2,3,0,0,0,0,0,0,0
0,1,5,0,0,0,0,0,0,0
0,4,4,0,0,0,0,0,0,0
0,4,10,0,0,0,0,0,0,0
0,4,8,0,0,0,0,0,0,0
3,0,6,0,0,0,0,0,0,0
0,12,5,0,0,0,0,0,0,0
0,1,5,0,0,0,0,0,0,0
0,4,1,0,0,0,0,0,0,0
1,7,23,0,0,0,0,0,0,0
1,3,6,0,0,0,0,0,0,0
0,1,4,0,0,0,0,0,0,0
0,3,9,0,0,0,0,0,0,0
9,19,1,0,0,0,0,0,0,0
0,1,5,0,0,0,0,0,0,0
1,2,12,0,0,0,0,0,0,0
0,1,4,0,0,0,0,0,0,0
8,0,9,0,0,0,0,0,0,0
0,1,4,0,0,0,0,0,0,0
0,1,6,0,0,0,0,0,0,0
0,12,8,0,0,0,0,0,0,0
1,1,10,0,0,0,0,0,0,0
0,1,4,0,0,0,0,0,0,0
1,4,3,0,0,0,0,0,0,0
1,1,12,0,0,0,0,0,0,0
0,1,6,0,0,0,0,0,0,0
0,2,5,0,0,0,0,0,0,0
0,2,7,0,0,0,0,0,0,0
0,3,3,0,0,0,0,0,0,0
0,6,1,0,0,0,0,0,0,0
0,1,6,0,0,0,0,0,0,0
3,1,6,0,0,0,0,0,0,0
1,1,6,0,0,0,0,0,0,0
1,1,9,0,0,0,0,0,0,0
0,3,5,0,0,0,0,0,0,0
3,1,12,0,0,0,0,0,0,0
0,4,2,0,0,0,0,0,0,0
7,9,1,0,0,0,0,0,0,0
0,1,4,0,0,0,0,0,0,0
1,4,1,0,0,0,0,0,0,0
0,2,9,0,0,0,0,0,0,0
1,1,6,0,0,0,0,0,0,0
0,2,7,0,0,0,0,0,0,0
1,0,5,0,0,0,0,0,0,0
1,6,4,0,0,0,0,0,0,0
1,1,7,0,0,0,0,0,0,0
0,2,12,0,0,0,0,0,0,0
0,2,4,0,0,0,0,0,0,0
1,1,9,0,0,0,0,0,0,0
0,5,11,0,0,0,0,0,0,0
0,4,19,0,0,0,0,0,0,0
0,2,3,0,0,0,0,0,0,0
0,4,4,0,0,0,0,0,0,0
0,1,6,0,0,0,0,0,0,0
0,6,1,0,0,0,0,0,0,0
1,1,10,0,0,0,0,0,0,0
0,1,6,0,0,0,0,0,0,0
0,3,5,0,0,0,0,0,0,0
0,2,10,0,0,0,0,0,0,0
0,5,9,0,0,0,0,0,0,0
0,2,7,0,0,0,0,0,0,0
0,10,3,0,0,0,0,0,0,0
0,2,12,0,0,0,0,0,0,0
0,5,1,0,0,0,0,0,0,0
0,2,5,0,0,0,0,0,0,0
0,7,7,0,0,0,0,0,0,0
0,6,2,0,0,0,0,0,0,0
1,2,5,0,0,0,0,0,0,0
12,12,1,0,0,0,0,0,0,0
0,2,3,0,0,0,0,0,0,0
1,3,7,0,0,0,0,0,0,0
0,9,2,0,0,0,0,0,0,0
1,1,6,0,0,0,0,0,0,0
0,4,3,0,0,0,0,0,0,0
1,3,1,0,0,0,0,0,0,0
0,5,1,0,0,0,0,0,0,0
0,3,3,0,0,0,0,0,0,0
0,1,4,0,0,0,0,0,0,0
0,1,4,0,0,0,0,0,0,0
0,2,6,0,0,0,0,0,0,0
0,1,4,0,0,0,0,0,0,0
1,0,5,0,0,0,0,0,0,0
0,1,4,0,0,0,0,0,0,0
1,1,8,0,0,0,0,0,0,0
0,4,6,0,0,0,0,0,0,0
1,4,1,0,0,0,0,0,0,0
0,1,4,0,0,0,0,0,0,0
0,1,4,0,0,0,0,0,0,0
0,3,3,0,0,0,0,0,0,0
1,0,6,0,0,0,0,0,0,0
0,3,8,0,0,0,0,0,0,0
0,1,6,0,0,0,0,0,0,0
0,3,3,0,0,0,0,0,0,0
0,1,4,0,0,0,0,0,0,0
0,3,2,0,0,0,0,0,0,0
1,4,6,0,0,0,0,0,0,0
2,2,8,0,0,0,0,0,0,0
0,7,3,0,0,0,0,0,0,0
0,4,13,0,0,0,0,0,0,0
0,1,4,0,0,0,0,0,0,0
0,4,3,0,0,0,0,0,0,0
0,2,6,0,0,0,0,0,0,0
0,3,2,0,0,0,0,0,0,0
0,3,5,0,0,0,0,0,0,0
1,0,5,0,0,0,0,0,0,0
0,2,10,0,0,0,0,0,0,0
1,4,5,0,0,0,0,0,0,0
0,2,4,0,0,0,0,0,0,0
0,1,6,0,0,0,0,0,0,0
0,9,2,0,0,0,0,0,0,0
2,0,10,0,0,0,0,0,0,0
1,0,6,0,0,0,0,0,0,0
0,3,2,0,0,0,0,0,0,0
0,2,5,0,0,0,0,0,0,0
0,2,3,0,0,0,0,0,0,0
2,1,3,0,0,0,0,0,0,0
1,3,2,0,0,0,0,0,0,0
0,1,4,0,0,0,0,0,0,0
0,4,1,0,0,0,0,0,0,0
1,1,7,0,0,0,0,0,0,0
0,2,3,0,0,0,0,0,0,0
1,3,6,0,0,0,0,0,0,0
0,2,3,0,0,0,0,0,0,0
0,3,2,0,0,0,0,0,0,0
0,1,6,0,0,0,0,0,0,0
0,3,3,0,0,0,0,0,0,0
0,1,6,0,0,0,0,0,0,0
0,6,1,0,0,0,0,0,0,0
0,3,4,0,0,0,0,0,0,0
0,1,5,0,0,0,0,0,0,0
1,1,9,0,0,0,0,0,0,0
0,1,5,0,0,0,0,0,0,0
0,1,5,0,0,0,0,0,0,0
0,2,11,0,0,0,0,0,0,0
0,3,3,0,0,0,0,0,0,0
0,2,5,0,0,0,0,0,0,0
0,2,4,0,0,0,0,0,0,0
1,0,5,0,0,0,0,0,0,0
1,2,12,0,0,0,0,0,0,0
0,2,5,0,0,0,0,0,0,0
1,0,5,0,0,0,0,0,0,0
0,3,3,0,0,0,0,0,0,0
0,1,5,0,0,0,0,0,0,0
1,4,18,0,0,0,0,0,0,0
1,0,5,0,0,0,0,0,0,0
1,3,17,0,0,0,0,0,0,0
1,1,8,0,0,0,0,0,0,0
0,2,5,0,0,0,0,0,0,0
2,4,10,0,0,0,0,0,0,0
1,1,3,0,0,0,0,0,0,0
0,1,6,0,0,0,0,0,0,0
0,2,3,0,0,0,0,0,0,0
0,5,1,0,0,0,0,0,0,0
2,0,5,0,0,0,0,0,0,0
0,6,3,0,0,0,0,0,0,0
0,4,10,0,0,0,0,0,0,0
0,4,12,0,0,0,0,0,0,0
1,2,2,0,0,0,0,0,0,0
1,1,7,0,0,0,0,0,0,0
0,1,5,0,0,0,0,0,0,0
0,2,11,0,0,0,0,0,0,0
0,2,3,0,0,0,0,0,0,0
0,6,1,0,0,0,0,0,0,0
1,4,5,0,0,0,0,0,0,0
13,21,4,0,0,0,0,0,0,0
1,1,12,0,0,0,0,0,0,0
0,3,7,0,0,0,0,0,0,0
16,2,2,0,0,0,0,0,0,0
0,1,5,0,0,0,0,0,0,0
1,1,6,0,0,0,0,0,0,0
1,0,5,0,0,0,0,0,0,0
4,2,19,0,0,0,0,0,0,0
0,2,5,0,0,0,0,0,0,0
0,3,3,0,0,0,0,0,0,0
10,16,2,0,0,0,0,0,0,0
0,2,4,0,0,0,0,0,0,0
0,1,5,0,0,0,0,0,0,0
0,10,9,0,0,0,0,0,0,0
0,9,3,0,0,0,0,0,0,0
0,4,1,0,0,0,0,0,0,0
3,1,4,0,0,0,0,0,0,0
0,1,4,0,0,0,0,0,0,0
0,5,14,0,0,0,0,0,0,0
0,1,4,0,0,0,0,0,0,0
1,1,3,0,0,0,0,0,0,0
1,4,8,0,0,0,0,0,0,0
1,1,3,0,0,0,0,0,0,0
0,9,2,0,0,0,0,0,0,0
0,4,1,0,0,0,0,0,0,0
0,6,1,0,0,0,0,0,0,0
0,3,2,0,0,0,0,0,0,0
0,3,4,0,0,0,0,0,0,0
0,2,4,0,0,0,0,0,0,0
0,3,16,0,0,0,0,0,0,0
1,2,2,0,0,0,0,0,0,0
0,5,5,0,0,0,0,0,0,0
1,1,12,0,0,0,0,0,0,0
0,5,9,0,0,0,0,0,0,0
0,4,4,0,0,0,0,0,0,0
0,17,4,0,0,0,0,0,0,0
1,3,19,0,0,0,0,0,0,0
2,4,1,0,0,0,0,0,0,0
1,4,20,0,0,0,0,0,0,0
0,1,4,0,0,0,0,0,0,0
1,4,16,0,0,0,0,0,0,0
2,0,11,0,0,0,0,0,0,0
24,18,2,0,0,0,0,0,0,0
0,2,10,0,0,0,0,0,0,0
0,12,4,0,0,0,0,0,0,0
0,5,1,0,0,0,0,0,0,0
0,6,2,0,0,0,0,0,0,0
1,0,5,0,0,0,0,0,0,0
0,2,3,0,0,0,0,0,0,0
0,1,6,0,0,0,0,0,0,0
1,1,7,0,0,0,0,0,0,0
0,3,2,0,0,0,0,0,0,0
0,5,8,0,0,0,0,0,0,0
0,3,4,0,0,0,0,0,0,0
0,1,4,0,0,0,0,0,0,0
1,1,13,0,0,0,0,0,0,0
0,2,3,0,0,0,0,0,0,0
2,2,21,0,0,0,0,0,0,0
1,2,15,0,0,0,0,0,0,0
0,2,11,0,0,0,0,0,0,0
1,0,5,0,0,0,0,0,0,0
3,0,11,0,0,0,0,0,0,0
1,1,9,0,0,0,0,0,0,0
0,2,8,0,0,0,0,0,0,0
0,5,12,0,0,0,0,0,0,0
0,5,4,0,0,0,0,0,0,0
2,0,10,0,0,0,0,0,0,0
0,1,4,0,0,0,0,0,0,0
0,1,4,0,0,0,0,0,0,0
0,3,3,0,0,0,0,0,0,0
0,2,4,0,0,0,0,0,0,0
0,6,1,0,0,0,0,0,0,0
0,2,4,0,0,0,0,0,0,0
2,2,4,0,0,0,0,0,0,0
1,1,3,0,0,0,0,0,0,0
0,4,12,0,0,0,0,0,0,0
0,6,2,0,0,0,0,0,0,0
0,1,4,0,0,0,0,0,0,0
0,2,4,0,0,0,0,0,0,0
1,0,6,0,0,0,0,0,0,0
0,3,11,0,0,0,0,0,0,0
1,5,1,0,0,0,0,0,0,0
1,0,5,0,0,0,0,0,0,0
0,2,7,0,0,0,0,0,0,0
1,2,4,0,0,0,0,0,0,0
0,1,5,0,0,0,0,0,0,0
0,5,4,0,0,0,0,0,0,0
2,2,5,0,0,0,0,0,0,0
1,2,6,0,0,0,0,0,0,0
0,4,3,0,0,0,0,0,0,0
1,2,3,0,0,0,0,0,0,0
0,2,4,0,0,0,0,0,0,0
0,4,5,0,0,0,0,0,0,0
3,6,8,0,0,0,0,0,0,0
1,1,9,0,0,0,0,0,0,0
0,2,3,0,0,0,0,0,0,0
0,2,11,0,0,0,0,0,0,0
1,1,10,0,0,0,0,0,0,0
0,3,3,0,0,0,0,0,0,0
0,1,5,0,0,0,0,0,0,0
0,2,4,0,0,0,0,0,0,0
6,9,2,0,0,0,0,0,0,0
0,14,4,0,0,0,0,0,0,0
0,11,3,0,0,0,0,0,0,0
0,7,3,0,0,0,0,0,0,0
3,6,7,0,0,0,0,0,0,0
0,3,2,0,0,0,0,0,0,0
3,1,8,0,0,0,0,0,0,0
0,4,7,0,0,0,0,0,0,0
0,3,2,0,0,0,0,0,0,0
1,0,5,0,0,0,0,0,0,0
0,6,1,0,0,0,0,0,0,0
0,2,4,0,0,0,0,0,0,0
0,2,4,0,0,0,0,0,0,0
2,20,13,0,0,0,0,0,0,0
0,2,3,0,0,0,0,0,0,0
1,2,12,0,0,0,0,0,0,0
1,0,5,0,0,0,0,0,0,0
0,2,7,0,0,0,0,0,0,0
2,0,9,0,0,0,0,0,0,0
1,3,5,0,0,0,0,0,0,0
0,5,1,0,0,0,0,0,0,0
1,4,5,0,0,0,0,0,0,0
0,5,3,0,0,0,0,0,0,0
0,5,1,0,0,0,0,0,0,0
1,1,4,0,0,0,0,0,0,0
1,1,5,0,0,0,0,0,0,0
2,2,17,0,0,0,0,0,0,0
0,4,1,0,0,0,0,0,0,0
0,3,4,0,0,0,0,0,0,0
0,2,7,0,0,0,0,0,0,0
1,1,6,0,0,0,0,0,0,0
0,5,8,0,0,0,0,0,0,0
0,3,4,0,0,0,0,0,0,0
0,5,4,0,0,0,0,0,0,0
2,0,5,0,0,0,0,0,0,0
1,0,6,0,0,0,0,0,0,0
0,2,4,0,0,0,0,0,0,0
0,8,2,0,0,0,0,0,0,0
0,5,1,0,0,0,0,0,0,0
0,6,3,0,0,0,0,0,0,0
1,2,5,0,0,0,0,0,0,0
0,1,5,0,0,0,0,0,0,0
0,1,6,0,0,0,0,0,0,0
1,3,22,0,0,0,0,0,0,0
0,8,2,0,0,0,0,0,0,0
1,2,3,0,0,0,0,0,0,0
0,1,6,0,0,0,0,0,0,0
0,1,4,0,0,0,0,0,0,0
0,5,4,0,0,0,0,0,0,0
0,3,6,0,0,0,0,0,0,0
0,1,4,0,0,0,0,0,0,0
1,4,1,0,0,0,0,0,0,0
0,1,5,0,0,0,0,0,0,0
0,11,9,0,0,0,0,0,0,0
1,4,11,0,0,0,0,0,0,0
1,8,5,0,0,0,0,0,0,0
0,7,2,0,0,0,0,0,0,0
1,3,24,0,0,0,0,0,0,0
0,4,1,0,0,0,0,0,0,0
0,1,5,0,0,0,0,0,0,0
0,2,9,0,0,0,0,0,0,0
8,2,5,0,0,0,0,0,0,0
0,2,4,0,0,0,0,0,0,0
2,0,7,0,0,0,0,0,0,0
1,3,6,0,0,0,0,0,0,0
0,3,8,0,0,0,0,0,0,0
1,1,11,0,0,0,0,0,0,0
2,0,8,0,0,0,0,0,0,0
0,4,2,0,0,0,0,0,0,0
0,6,1,0,0,0,0,0,0,0
0,1,4,0,0,0,0,0,0,0
1,1,4,0,0,0,0,0,0,0
0,1,4,0,0,0,0,0,0,0
1,1,10,0,0,0,0,0,0,0
0,1,6,0,0,0,0,0,0,0
1,3,1,0,0,0,0,0,0,0
2,14,1,0,0,0,0,0,0,0
2,1,7,0,0,0,0,0,0,0
0,2,3,0,0,0,0,0,0,0
0,1,5,0,0,0,0,0,0,0
4,3,11,0,0,0,0,0,0,0
0,3,6,0,0,0,0,0,0,0
0,1,5,0,0,0,0,0,0,0
0,3,3,0,0,0,0,0,0,0
1,5,3,0,0,0,0,0,0,0
1,6,4,0,0,0,0,0,0,0
0,1,5,0,0,0,0,0,0,0
0,1,6,0,0,0,0,0,0,0
0,2,10,0,0,0,0,0,0,0
1,2,2,0,0,0,0,0,0,0
0,1,5,0,0,0,0,0,0,0
0,1,4,0,0,0,0,0,0,0
2,4,9,0,0,0,0,0,0,0
0,8,2,0,0,0,0,0,0,0
0,2,9,0,0,0,0,0,0,0
0,2,6,0,0,0,0,0,0,0
0,5,1,0,0,0,0,0,0,0
0,1,4,0,0,0,0,0,0,0
1,5,6,0,0,0,0,0,0,0
1,1,4,0,0,0,0,0,0,0
0,1,4,0,0,0,0,0,0,0
1,8,8,0,0,0,0,0,0,0
0,2,3,0,0,0,0,0,0,0
0,2,8,0,0,0,0,0,0,0
1,2,4,0,0,0,0,0,0,0
0,2,5,0,0,0,0,0,0,0
1,1,4,0,0,0,0,0,0,0
3,1,20,0,0,0,0,0,0,0
1,1,3,0,0,0,0,0,0,0
0,5,1,0,0,0,0,0,0,0
1,12,5,0,0,0,0,0,0,0
0,1,4,0,0,0,0,0,0,0
0,1,5,0,0,0,0,0,0,0
1,0,5,0,0,0,0,0,0,0
0,1,6,0,0,0,0,0,0,0
0,6,7,0,0,0,0,0,0,0
0,1,5,0,0,0,0,0,0,0
0,1,4,0,0,0,0,0,0,0
1,0,6,0,0,0,0,0,0,0
0,1,6,0,0,0,0,0,0,0
1,0,5,0,0,0,0,0,0,0
1,1,7,0,0,0,0,0,0,0
0,2,6,0,0,0,0,0,0,0
0,6,7,0,0,0,0,0,0,0
0,12,3,0,0,0,0,0,0,0
0,2,6,0,0,0,0,0,0,0
0,2,3,0,0,0,0,0,0,0
0,1,4,0,0,0,0,0,0,0
0,2,11,0,0,0,0,0,0,0
0,2,6,0,0,0,0,0,0,0
15,2,15,0,0,0,0,0,0,0
0,1,6,0,0,0,0,0,0,0
0,3,7,0,0,0,0,0,0,0
1,2,18,0,0,0,0,0,0,0
1,4,1,0,0,0,0,0,0,0
2,4,10,0,0,0,0,0,0,0
0,3,2,0,0,0,0,0,0,0
0,7,2,0,0,0,0,0,0,0
1,0,5,0,0,0,0,0,0,0
0,2,13,0,0,0,0,0,0,0
0,1,4,0,0,0,0,0,0,0
0,1,6,0,0,0,0,0,0,0
0,11,19,0,0,0,0,0,0,0
1,0,5,0,0,0,0,0,0,0
4,4,2,0,0,0,0,0,0,0
0,11,8,0,0,0,0,0,0,0
0,11,10,0,0,0,0,0,0,0
2,1,6,0,0,0,0,0,0,0
0,1,6,0,0,0,0,0,0,0
0,9,7,0,0,0,0,0,0,0
0,2,3,0,0,0,0,0,0,0
1,2,2,0,0,0,0,0,0,0
1,6,4,0,0,0,0,0,0,0
0,4,2,0,0,0,0,0,0,0
1,2,5,0,0,0,0,0,0,0
0,4,3,0,0,0,0,0,0,0
0,2,5,0,0,0,0,0,0,0
1,3,6,0,0,0,0,0,0,0
0,1,6,0,0,0,0,0,0,0
0,5,1,0,0,0,0,0,0,0
0,2,4,0,0,0,0,0,0,0
0,4,10,0,0,0,0,0,0,0
0,1,4,0,0,0,0,0,0,0
0,3,2,0,0,0,0,0,0,0
0,1,5,0,0,0,0,0,0,0
1,4,2,0,0,0,0,0,0,0
0,11,11,0,0,0,0,0,0,0
1,1,6,0,0,0,0,0,0,0
0,2,12,0,0,0,0,0,0,0
0,2,5,0,0,0,0,0,0,0
0,3,6,0,0,0,0,0,0,0
0,4,1,0,0,0,0,0,0,0
0,1,6,0,0,0,0,0,0,0
1,2,6,0,0,0,0,0,0,0
0,10,9,0,0,0,0,0,0,0
1,3,12,0,0,0,0,0,0,0
0,1,4,0,0,0,0,0,0,0
0,1,5,0,0,0,0,0,0,0
2,0,5,0,0,0,0,0,0,0
1,24,5,0,0,0,0,0,0,0
0,2,3,0,0,0,0,0,0,0
1,3,4,0,0,0,0,0,0,0
0,5,3,0,0,0,0,0,0,0
0,1,4,0,0,0,0,0,0,0
0,11,15,0,0,0,0,0,0,0
0,1,4,0,0,0,0,0,0,0
0,5,6,0,0,0,0,0,0,0
0,2,3,0,0,0,0,0,0,0
0,4,4,0,0,0,0,0,0,0
0,5,4,0,0,0,0,0,0,0
0,3,3,0,0,0,0,0,0,0
0,2,5,0,0,0,0,0,0,0
0,1,5,0,0,0,0,0,0,0
0,1,4,0,0,0,0,0,0,0
0,9,2,0,0,0,0,0,0,0
0,3,2,0,0,0,0,0,0,0
0,6,2,0,0,0,0,0,0,0
1,6,1,0,0,0,0,0,0,0
0,1,4,0,0,0,0,0,0,0
0,2,9,0,0,0,0,0,0,0
0,1,4,0,0,0,0,0,0,0
0,3,2,0,0,0,0,0,0,0
0,3,7,0,0,0,0,0,0,0
3,1,8,0,0,0,0,0,0,0
1,2,6,0,0,0,0,0,0,0
0,4,1,0,0,0,0,0,0,0
1,5,3,0,0,0,0,0,0,0
3,16,5,0,0,0,0,0,0,0
0,2,9,0,0,0,0,0,0,0
0,1,4,0,0,0,0,0,0,0
0,2,4,0,0,0,0,0,0,0
0,1,5,0,0,0,0,0,0,0
0,9,8,0,0,0,0,0,0,0
1,2,5,0,0,0,0,0,0,0
0,2,11,0,0,0,0,0,0,0
0,3,15,0,0,0,0,0,0,0
0,3,5,0,0,0,0,0,0,0
0,2,5,0,0,0,0,0,0,0
0,3,3,0,0,0,0,0,0,0
0,2,3,0,0,0,0,0,0,0
0,1,6,0,0,0,0,0,0,0
0,3,5,0,0,0,0,0,0,0
0,12,7,0,0,0,0,0,0,0
1,2,4,0,0,0,0,0,0,0
0,1,5,0,0,0,0,0,0,0
0,1,4,0,0,0,0,0,0,0
0,6,1,0,0,0,0,0,0,0
0,9,7,0,0,0,0,0,0,0
0,4,3,0,0,0,0,0,0,0
1,0,5,0,0,0,0,0,0,0
1,1,7,0,0,0,0,0,0,0
0,2,4,0,0,0,0,0,0,0
0,1,4,0,0,0,0,0,0,0
1,1,9,0,0,0,0,0,0,0
0,1,4,0,0,0,0,0,0,0
1,6,12,0,0,0,0,0,0,0
1,2,4,0,0,0,0,0,0,0
0,1,5,0,0,0,0,0,0,0
1,1,6,0,0,0,0,0,0,0
1,2,16,0,0,0,0,0,0,0
1,2,6,0,0,0,0,0,0,0
0,1,5,0,0,0,0,0,0,0
0,3,2,0,0,0,0,0,0,0
1,1,4,0,0,0,0,0,0,0
0,4,5,0,0,0,0,0,0,0
0,2,5,0,0,0,0,0,0,0
0,2,10,0,0,0,0,0,0,0
0,2,4,0,0,0,0,0,0,0
0,1,4,0,0,0,0,0,0,0
0,4,6,0,0,0,0,0,0,0
0,16,3,0,0,0,0,0,0,0
1,2,7,0,0,0,0,0,0,0
29,64,1,0,0,0,0,0,0,0
1,1,6,0,0,0,0,0,0,0
0,3,4,0,0,0,0,0,0,0
1,0,5,0,0,0,0,0,0,0
0,2,6,0,0,0,0,0,0,0
0,1,5,0,0,0,0,0,0,0
0,3,6,0,0,0,0,0,0,0
0,5,1,0,0,0,0,0,0,0
0,5,1,0,0,0,0,0,0,0
0,6,8,0,0,0,0,0,0,0
0,3,3,0,0,0,0,0,0,0
0,6,3,0,0,0,0,0,0,0
0,3,2,0,0,0,0,0,0,0
0,3,4,0,0,0,0,0,0,0
0,2,4,0,0,0,0,0,0,0
0,1,6,0,0,0,0,0,0,0
0,1,5,0,0,0,0,0,0,0
0,3,7,0,0,0,0,0,0,0
0,5,9,0,0,0,0,0,0,0
2,9,1,0,0,0,0,0,0,0
1,2,14,0,0,0,0,0,0,0
0,1,6,0,0,0,0,0,0,0
0,3,2,0,0,0,0,0,0,0
1,1,6,0,0,0,0,0,0,0
0,1,4,0,0,0,0,0,0,0
0,2,3,0,0,0,0,0,0,0
0,1,4,0,0,0,0,0,0,0
11,18,1,0,0,0,0,0,0,0
2,6,1,0,0,0,0,0,0,0
0,3,18,0,0,0,0,0,0,0
0,2,3,0,0,0,0,0,0,0
0,5,3,0,0,0,0,0,0,0
1,0,5,0,0,0,0,0,0,0
1,1,3,0,0,0,0,0,0,0
2,0,6,0,0,0,0,0,0,0
0,4,7,0,0,0,0,0,0,0
0,3,2,0,0,0,0,0,0,0
0,2,6,0,0,0,0,0,0,0
0,2,7,0,0,0,0,0,0,0
0,4,3,0,0,0,0,0,0,0
6,0,6,0,0,0,0,0,0,0
0,5,4,0,0,0,0,0,0,0
0,8,2,0,0,0,0,0,0,0
0,2,4,0,0,0,0,0,0,0
0,13,3,0,0,0,0,0,0,0
0,1,4,0,0,0,0,0,0,0
0,2,3,0,0,0,0,0,0,0
0,3,2,0,0,0,0,0,0,0
0,2,7,0,0,0,0,0,0,0
1,9,6,0,0,0,0,0,0,0
0,2,3,0,0,0,0,0,0,0
1,3,17,0,0,0,0,0,0,0
0,1,4,0,0,0,0,0,0,0
0,1,4,0,0,0,0,0,0,0
1,3,23,0,0,0,0,0,0,0
0,1,6,0,0,0,0,0,0,0
1,0,5,0,0,0,0,0,0,0
1,0,6,0,0,0,0,0,0,0
0,3,3,0,0,0,0,0,0,0
0,6,5,0,0,0,0,0,0,0
0,1,4,0,0,0,0,0,0,0
1,0,6,0,0,0,0,0,0,0
1,7,1,0,0,0,0,0,0,0
0,1,6,0,0,0,0,0,0,0
0,1,5,0,0,0,0,0,0,0
1,0,5,0,0,0,0,0,0,0
0,1,4,0,0,0,0,0,0,0
0,6,9,0,0,0,0,0,0,0
2,1,2,0,0,0,0,0,0,0
0,4,1,0,0,0,0,0,0,0
1,0,6,0,0,0,0,0,0,0
0,1,4,0,0,0,0,0,0,0
2,1,7,0,0,0,0,0,0,0
0,5,5,0,0,0,0,0,0,0
1,2,17,0,0,0,0,0,0,0
0,1,4,0,0,0,0,0,0,0
0,2,8,0,0,0,0,0,0,0
1,3,8,0,0,0,0,0,0,0
0,5,13,0,0,0,0,0,0,0
1,2,8,0,0,0,0,0,0,0
0,1,6,0,0,0,0,0,0,0
0,2,6,0,0,0,0,0,0,0
0,3,3,0,0,0,0,0,0,0
0,6,2,0,0,0,0,0,0,0
0,3,5,0,0,0,0,0,0,0
0,9,2,0,0,0,0,0,0,0
1,3,6,0,0,0,0,0,0,0
1,4,1,0,0,0,0,0,0,0
1,5,6,0,0,0,0,0,0,0
1,1,3,0,0,0,0,0,0,0
0,3,14,0,0,0,0,0,0,0
0,1,5,0,0,0,0,0,0,0
0,1,5,0,0,0,0,0,0,0
1,3,1,0,0,0,0,0,0,0
1,2,5,0,0,0,0,0,0,0
1,2,8,0,0,0,0,0,0,0
1,2,5,0,0,0,0,0,0,0
0,1,5,0,0,0,0,0,0,0
0,1,6,0,0,0,0,0,0,0
1,0,5,0,0,0,0,0,0,0
1,0,5,0,0,0,0,0,0,0
1,5,10,0,0,0,0,0,0,0
2,2,2,0,0,0,0,0,0,0
0,3,8,0,0,0,0,0,0,0
1,2,8,0,0,0,0,0,0,0
0,6,2,0,0,0,0,0,0,0
0,2,3,0,0,0,0,0,0,0
0,1,5,0,0,0,0,0,0,0
2,4,2,0,0,0,0,0,0,0
1,4,3,0,0,0,0,0,0,0
0,2,6,0,0,0,0,0,0,0
0,3,16,0,0,0,0,0,0,0
0,3,4,0,0,0,0,0,0,0
0,3,2,0,0,0,0,0,0,0
0,1,4,0,0,0,0,0,0,0
0,4,1,0,0,0,0,0,0,0
0,4,12,0,0,0,0,0,0,0
2,19,1,0,0,0,0,0,0,0
1,2,11,0,0,0,0,0,0,0
0,2,5,0,0,0,0,0,0,0
1,3,5,0,0,0,0,0,0,0
0,7,8,0,0,0,0,0,0,0
0,4,1,0,0,0,0,0,0,0
0,2,12,0,0,0,0,0,0,0
0,3,5,0,0,0,0,0,0,0
0,2,3,0,0,0,0,0,0,0
0,1,6,0,0,0,0,0,0,0
0,8,4,0,0,0,0,0,0,0
1,1,3,0,0,0,0,0,0,0
0,1,4,0,0,0,0,0,0,0
0,1,5,0,0,0,0,0,0,0
0,3,2,0,0,0,0,0,0,0
1,3,4,0,0,0,0,0,0,0
0,2,10,0,0,0,0,0,0,0
0,1,6,0,0,0,0,0,0,0
1,8,21,0,0,0,0,0,0,0
0,6,5,0,0,0,0,0,0,0
0,2,3,0,0,0,0,0,0,0
2,0,13,0,0,0,0,0,0,0
0,1,4,0,0,0,0,0,0,0
1,5,1,0,0,0,0,0,0,0
0,2,13,0,0,0,0,0,0,0
0,1,4,0,0,0,0,0,0,0
0,2,5,0,0,0,0,0,0,0
0,4,4,0,0,0,0,0,0,0
0,1,4,0,0,0,0,0,0,0
7,1,5,0,0,0,0,0,0,0
0,1,6,0,0,0,0,0,0,0
0,2,5,0,0,0,0,0,0,0
1,3,19,0,0,0,0,0,0,0
2,1,9,0,0,0,0,0,0,0
0,2,12,0,0,0,0,0,0,0
0,3,2,0,0,0,0,0,0,0
1,0,5,0,0,0,0,0,0,0
2,1,4,0,0,0,0,0,0,0
0,1,5,0,0,0,0,0,0,0
0,4,3,0,0,0,0,0,0,0
0,4,2,0,0,0,0,0,0,0
0,2,3,0,0,0,0,0,0,0
1,2,4,0,0,0,0,0,0,0
0,1,4,0,0,0,0,0,0,0
1,1,5,0,0,0,0,0,0,0
29,2,7,0,0,0,0,0,0,0
1,2,2,0,0,0,0,0,0,0
0,1,4,0,0,0,0,0,0,0
0,1,4,0,0,0,0,0,0,0
0,2,4,0,0,0,0,0,0,0
0,2,7,0,0,0,0,0,0,0
1,1,7,0,0,0,0,0,0,0
0,1,4,0,0,0,0,0,0,0
1,1,5,0,0,0,0,0,0,0
0,3,2,0,0,0,0,0,0,0
1,3,14,0,0,0,0,0,0,0
2,4,5,0,0,0,0,0,0,0
1,2,6,0,0,0,0,0,0,0
1,15,14,0,0,0,0,0,0,0
0,2,3,0,0,0,0,0,0,0
0,3,3,0,0,0,0,0,0,0
0,5,3,0,0,0,0,0,0,0
0,1,4,0,0,0,0,0,0,0
0,5,3,0,0,0,0,0,0,0
2,2,8,0,0,0,0,0,0,0
0,2,8,0,0,0,0,0,0,0
0,5,19,0,0,0,0,0,0,0
0,1,6,0,0,0,0,0,0,0
1,2,2,0,0,0,0,0,0,0
1,1,6,0,0,0,0,0,0,0
0,6,2,0,0,0,0,0,0,0
1,0,5,0,0,0,0,0,0,0
0,2,3,0,0,0,0,0,0,0
0,3,12,0,0,0,0,0,0,0
3,1,5,0,0,0,0,0,0,0
0,1,5,0,0,0,0,0,0,0
0,3,5,0,0,0,0,0,0,0
0,1,6,0,0,0,0,0,0,0
0,2,4,0,0,0,0,0,0,0
0,3,2,0,0,0,0,0,0,0
0,1,4,0,0,0,0,0,0,0
0,1,5,0,0,0,0,0,0,0
0,9,4,0,0,0,0,0,0,0
0,7,3,0,0,0,0,0,0,0
1,10,3,0,0,0,0,0,0,0
0,1,6,0,0,0,0,0,0,0
1,1,13,0,0,0,0,0,0,0
0,6,2,0,0,0,0,0,0,0
0,5,2,0,0,0,0,0,0,0
1,16,2,0,0,0,0,0,0,0
2,1,5,0,0,0,0,0,0,0
1,0,6,0,0,0,0,0,0,0
1,1,3,0,0,0,0,0,0,0
1,1,3,0,0,0,0,0,0,0
0,2,7,0,0,0,0,0,0,0
0,2,5,0,0,0,0,0,0,0
0,1,5,0,0,0,0,0,0,0
0,3,3,0,0,0,0,0,0,0
1,0,5,0,0,0,0,0,0,0
0,3,3,0,0,0,0,0,0,0
1,4,22,0,0,0,0,0,0,0
0,2,7,0,0,0,0,0,0,0
0,3,2,0,0,0,0,0,0,0
0,2,13,0,0,0,0,0,0,0
0,2,10,0,0,0,0,0,0,0
0,1,6,0,0,0,0,0,0,0
0,1,5,0,0,0,0,0,0,0
0,1,4,0,0,0,0,0,0,0
0,2,3,0,0,0,0,0,0,0
2,0,7,0,0,0,0,0,0,0
0,6,2,0,0,0,0,0,0,0
0,2,5,0,0,0,0,0,0,0
0,4,2,0,0,0,0,0,0,0
0,5,4,0,0,0,0,0,0,0
0,6,7,0,0,0,0,0,0,0
27,3,4,0,0,0,0,0,0,0
0,3,3,0,0,0,0,0,0,0
0,4,1,0,0,0,0,0,0,0
0,2,3,0,0,0,0,0,0,0
1,5,1,0,0,0,0,0,0,0
0,3,3,0,0,0,0,0,0,0
0,4,5,0,0,0,0,0,0,0
1,7,3,0,0,0,0,0,0,0
0,5,7,0,0,0,0,0,0,0
0,3,15,0,0,0,0,0,0,0
0,2,5,0,0,0,0,0,0,0
0,2,3,0,0,0,0,0,0,0
0,4,1,0,0,0,0,0,0,0
0,7,6,0,0,0,0,0,0,0
0,1,6,0,0,0,0,0,0,0
0,3,5,0,0,0,0,0,0,0
2,1,12,0,0,0,0,0,0,0
0,4,4,0,0,0,0,0,0,0
0,6,4,0,0,0,0,0,0,0
0,8,6,0,0,0,0,0,0,0
0,3,5,0,0,0,0,0,0,0
0,2,11,0,0,0,0,0,0,0
4,1,26,0,0,0,0,0,0,0
0,3,3,0,0,0,0,0,0,0
1,5,11,0,0,0,0,0,0,0
0,10,4,0,0,0,0,0,0,0
0,6,5,0,0,0,0,0,0,0
2,7,1,0,0,0,0,0,0,0
0,5,1,0,0,0,0,0,0,0
1,2,16,0,0,0,0,0,0,0
0,8,20,0,0,0,0,0,0,0
0,10,4,0,0,0,0,0,0,0
0,5,1,0,0,0,0,0,0,0
0,6,3,0,0,0,0,0,0,0
0,4,5,0,0,0,0,0,0,0
0,1,4,0,0,0,0,0,0,0
0,1,4,0,0,0,0,0,0,0
1,1,7,0,0,0,0,0,0,0
1,14,4,0,0,0,0,0,0,0
1,3,3,0,0,0,0,0,0,0
0,2,10,0,0,0,0,0,0,0
1,1,7,0,0,0,0,0,0,0
0,5,2,0,0,0,0,0,0,0
1,1,4,0,0,0,0,0,0,0
0,4,1,0,0,0,0,0,0,0
0,4,4,0,0,0,0,0,0,0
1,0,6,0,0,0,0,0,0,0
1,4,3,0,0,0,0,0,0,0
0,2,3,0,0,0,0,0,0,0
0,8,15,0,0,0,0,0,0,0
0,1,4,0,0,0,0,0,0,0
0,7,5,0,0,0,0,0,0,0
0,4,3,0,0,0,0,0,0,0
0,1,5,0,0,0,0,0,0,0
0,2,3,0,0,0,0,0,0,0
0,1,5,0,0,0,0,0,0,0
0,4,1,0,0,0,0,0,0,0
1,5,6,0,0,0,0,0,0,0
0,3,2,0,0,0,0,0,0,0
0,1,5,0,0,0,0,0,0,0
0,1,5,0,0,0,0,0,0,0
0,2,5,0,0,0,0,0,0,0
0,3,7,0,0,0,0,0,0,0
0,4,4,0,0,0,0,0,0,0
0,3,10,0,0,0,0,0,0,0
0,8,14,0,0,0,0,0,0,0
0,2,4,0,0,0,0,0,0,0
0,4,7,0,0,0,0,0,0,0
0,2,7,0,0,0,0,0,0,0
0,2,4,0,0,0,0,0,0,0
1,0,6,0,0,0,0,0,0,0
2,6,1,0,0,0,0,0,0,0
0,3,2,0,0,0,0,0,0,0
0,4,2,0,0,0,0,0,0,0
0,1,6,0,0,0,0,0,0,0
0,15,4,0,0,0,0,0,0,0
0,3,4,0,0,0,0,0,0,0
0,3,2,0,0,0,0,0,0,0
34,1,5,0,0,0,0,0,0,0
0,1,4,0,0,0,0,0,0,0
1,1,4,0,0,0,0,0,0,0
2,2,5,0,0,0,0,0,0,0
0,13,2,0,0,0,0,0,0,0
0,3,13,0,0,0,0,0,0,0
0,2,8,0,0,0,0,0,0,0
0,1,6,0,0,0,0,0,0,0
1,8,7,0,0,0,0,0,0,0
1,1,4,0,0,0,0,0,0,0
1,1,5,0,0,0,0,0,0,0
0,4,1,0,0,0,0,0,0,0
0,2,3,0,0,0,0,0,0,0
0,1,5,0,0,0,0,0,0,0
1,1,4,0,0,0,0,0,0,0
2,1,3,0,0,0,0,0,0,0
0,5,3,0,0,0,0,0,0,0
0,3,5,0,0,0,0,0,0,0
1,37,5,0,0,0,0,0,0,0
0,5,5,0,0,0,0,0,0,0
0,2,3,0,0,0,0,0,0,0
1,3,2,0,0,0,0,0,0,0
0,1,4,0,0,0,0,0,0,0
0,2,8,0,0,0,0,0,0,0
0,2,8,0,0,0,0,0,0,0
0,3,2,0,0,0,0,0,0,0
0,9,3,0,0,0,0,0,0,0
1,3,14,0,0,0,0,0,0,0
0,6,4,0,0,0,0,0,0,0
0,3,5,0,0,0,0,0,0,0
0,1,5,0,0,0,0,0,0,0
1,2,5,0,0,0,0,0,0,0
11,8,2,0,0,0,0,0,0,0
1,10,1,0,0,0,0,0,0,0
1,3,2,0,0,0,0,0,0,0
0,2,8,0,0,0,0,0,0,0
0,1,5,0,0,0,0,0,0,0
0,3,5,0,0,0,0,0,0,0
0,4,8,0,0,0,0,0,0,0
0,2,5,0,0,0,0,0,0,0
0,5,11,0,0,0,0,0,0,0
0,2,5,0,0,0,0,0,0,0
0,7,6,0,0,0,0,0,0,0
1,4,6,0,0,0,0,0,0,0
1,1,3,0,0,0,0,0,0,0
0,3,10,0,0,0,0,0,0,0
0,1,4,0,0,0,0,0,0,0
1,2,4,0,0,0,0,0,0,0
1,3,6,0,0,0,0,0,0,0
3,2,1,0,0,0,0,0,0,0
0,2,13,0,0,0,0,0,0,0
0,2,4,0,0,0,0,0,0,0
0,1,4,0,0,0,0,0,0,0
0,1,5,0,0,0,0,0,0,0
1,3,1,0,0,0,0,0,0,0
0,1,5,0,0,0,0,0,0,0
2,36,26,0,0,0,0,0,0,0
0,3,10,0,0,0,0,0,0,0
0,6,2,0,0,0,0,0,0,0
0,4,22,0,0,0,0,0,0,0
0,6,3,0,0,0,0,0,0,0
0,1,4,0,0,0,0,0,0,0
2,1,2,0,0,0,0,0,0,0
1,11,3,0,0,0,0,0,0,0
0,1,4,0,0,0,0,0,0,0
0,5,9,0,0,0,0,0,0,0
1,1,8,0,0,0,0,0,0,0
0,6,4,0,0,0,0,0,0,0
0,2,8,0,0,0,0,0,0,0
0,4,1,0,0,0,0,0,0,0
1,3,1,0,0,0,0,0,0,0
0,2,3,0,0,0,0,0,0,0
0,4,2,0,0,0,0,0,0,0
0,1,5,0,0,0,0,0,0,0
0,4,25,0,0,0,0,0,0,0
1,0,6,0,0,0,0,0,0,0
1,19,2,0,0,0,0,0,0,0
0,2,13,0,0,0,0,0,0,0
1,2,3,0,0,0,0,0,0,0
2,3,1,0,0,0,0,0,0,0
0,6,1,0,0,0,0,0,0,0
0,3,5,0,0,0,0,0,0,0
0,2,8,0,0,0,0,0,0,0
0,1,5,0,0,0,0,0,0,0
1,5,5,0,0,0,0,0,0,0
0,5,4,0,0,0,0,0,0,0
0,2,7,0,0,0,0,0,0,0
0,4,2,0,0,0,0,0,0,0
1,0,5,0,0,0,0,0,0,0
1,1,9,0,0,0,0,0,0,0
2,2,9,0,0,0,0,0,0,0
1,8,4,0,0,0,0,0,0,0
0,5,1,0,0,0,0,0,0,0
1,4,1,0,0,0,0,0,0,0
7,1,8,0,0,0,0,0,0,0
0,2,3,0,0,0,0,0,0,0
2,0,7,0,0,0,0,0,0,0
0,6,4,0,0,0,0,0,0,0
1,13,15,0,0,0,0,0,0,0
0,1,4,0,0,0,0,0,0,0
1,5,19,0,0,0,0,0,0,0
0,1,4,0,0,0,0,0,0,0
0,1,4,0,0,0,0,0,0,0
0,1,4,0,0,0,0,0,0,0
0,1,5,0,0,0,0,0,0,0
0,3,2,0,0,0,0,0,0,0
0,1,5,0,0,0,0,0,0,0
0,1,4,0,0,0,0,0,0,0
0,2,3,0,0,0,0,0,0,0
2,1,5,0,0,0,0,0,0,0
0,3,6,0,0,0,0,0,0,0
1,4,15,0,0,0,0,0,0,0
0,6,1,0,0,0,0,0,0,0
0,3,3,0,0,0,0,0,0,0
0,1,6,0,0,0,0,0,0,0
0,4,1,0,0,0,0,0,0,0
0,1,6,0,0,0,0,0,0,0
2,0,5,0,0,0,0,0,0,0
0,2,10,0,0,0,0,0,0,0
0,2,5,0,0,0,0,0,0,0
0,1,5,0,0,0,0,0,0,0
1,0,5,0,0,0,0,0,0,0
0,2,10,0,0,0,0,0,0,0
1,1,10,0,0,0,0,0,0,0
0,8,7,0,0,0,0,0,0,0
0,3,18,0,0,0,0,0,0,0
0,7,13,0,0,0,0,0,0,0
1,8,2,0,0,0,0,0,0,0
2,1,6,0,0,0,0,0,0,0
2,3,5,0,0,0,0,0,0,0
0,1,4,0,0,0,0,0,0,0
1,0,5,0,0,0,0,0,0,0
0,3,2,0,0,0,0,0,0,0
0,1,4,0,0,0,0,0,0,0
0,1,5,0,0,0,0,0,0,0
0,2,4,0,0,0,0,0,0,0
0,4,3,0,0,0,0,0,0,0
3,2,3,0,0,0,0,0,0,0
0,1,6,0,0,0,0,0,0,0
1,2,5,0,0,0,0,0,0,0
5,0,10,0,0,0,0,0,0,0
2,3,19,0,0,0,0,0,0,0
0,4,1,0,0,0,0,0,0,0
1,1,7,0,0,0,0,0,0,0
0,5,3,0,0,0,0,0,0,0
1,5,1,0,0,0,0,0,0,0
1,2,2,0,0,0,0,0,0,0
0,3,2,0,0,0,0,0,0,0
1,0,5,0,0,0,0,0,0,0
0,3,3,0,0,0,0,0,0,0
1,1,5,0,0,0,0,0,0,0
0,2,4,0,0,0,0,0,0,0
0,2,4,0,0,0,0,0,0,0
3,2,7,0,0,0,0,0,0,0
1,2,3,0,0,0,0,0,0,0
0,1,4,0,0,0,0,0,0,0
1,2,16,0,0,0,0,0,0,0
0,5,7,0,0,0,0,0,0,0
0,7,4,0,0,0,0,0,0,0
1,3,5,0,0,0,0,0,0,0
0,2,7,0,0,0,0,0,0,0
0,2,6,0,0,0,0,0,0,0
2,2,1,0,0,0,0,0,0,0
0,2,4,0,0,0,0,0,0,0
0,5,4,0,0,0,0,0,0,0
0,3,18,0,0,0,0,0,0,0
0,1,4,0,0,0,0,0,0,0
0,5,3,0,0,0,0,0,0,0
0,1,4,0,0,0,0,0,0,0
0,6,2,0,0,0,0,0,0,0
0,1,4,0,0,0,0,0,0,0
0,2,13,0,0,0,0,0,0,0
0,2,11,0,0,0,0,0,0,0
0,5,9,0,0,0,0,0,0,0
0,4,10,0,0,0,0,0,0,0
0,1,5,0,0,0,0,0,0,0
0,1,4,0,0,0,0,0,0,0
0,1,4,0,0,0,0,0,0,0
0,2,3,0,0,0,0,0,0,0
1,3,21,0,0,0,0,0,0,0
1,1,4,0,0,0,0,0,0,0
0,5,1,0,0,0,0,0,0,0
0,7,5,0,0,0,0,0,0,0
0,1,5,0,0,0,0,0,0,0
0,3,5,0,0,0,0,0,0,0
1,2,14,0,0,0,0,0,0,0
0,1,6,0,0,0,0,0,0,0
1,1,9,0,0,0,0,0,0,0
0,2,4,0,0,0,0,0,0,0
0,2,3,0,0,0,0,0,0,0
0,1,5,0,0,0,0,0,0,0
0,3,10,0,0,0,0,0,0,0
0,1,4,0,0,0,0,0,0,0
0,1,4,0,0,0,0,0,0,0
1,0,5,0,0,0,0,0,0,0
0,4,1,0,0,0,0,0,0,0
1,6,8,0,0,0,0,0,0,0
23,16,3,0,0,0,0,0,0,0
0,3,6,0,0,0,0,0,0,0
2,21,2,0,0,0,0,0,0,0
0,2,6,0,0,0,0,0,0,0
1,7,11,0,0,0,0,0,0,0
0,1,4,0,0,0,0,0,0,0
1,1,4,0,0,0,0,0,0,0
1,6,10,0,0,0,0,0,0,0
0,1,4,0,0,0,0,0,0,0
0,2,12,0,0,0,0,0,0,0
0,11,4,0,0,0,0,0,0,0
0,8,2,0,0,0,0,0,0,0
3,1,4,0,0,0,0,0,0,0
1,3,1,0,0,0,0,0,0,0
2,3,22,0,0,0,0,0,0,0
9,1,1,0,0,0,0,0,0,0
3,3,5,0,0,0,0,0,0,0
1,1,4,0,0,0,0,0,0,0
2,2,2,0,0,0,0,0,0,0
1,3,1,0,0,0,0,0,0,0
1,1,6,0,0,0,0,0,0,0
0,3,2,0,0,0,0,0,0,0
0,2,5,0,0,0,0,0,0,0
0,4,2,0,0,0,0,0,0,0
0,8,3,0,0,0,0,0,0,0
1,1,5,0,0,0,0,0,0,0
0,1,5,0,0,0,0,0,0,0
0,3,2,0,0,0,0,0,0,0
0,5,2,0,0,0,0,0,0,0
0,3,11,0,0,0,0,0,0,0
1,2,2,0,0,0,0,0,0,0
2,1,12,0,0,0,0,0,0,0
0,1,5,0,0,0,0,0,0,0
0,2,4,0,0,0,0,0,0,0
2,1,12,0,0,0,0,0,0,0
5,6,5,0,0,0,0,0,0,0
0,5,9,0,0,0,0,0,0,0
0,1,4,0,0,0,0,0,0,0
0,7,9,0,0,0,0,0,0,0
2,4,2,0,0,0,0,0,0,0
1,0,5,0,0,0,0,0,0,0
0,2,4,0,0,0,0,0,0,0
0,4,12,0,0,0,0,0,0,0
0,1,4,0,0,0,0,0,0,0
1,4,8,0,0,0,0,0,0,0
0,2,4,0,0,0,0,0,0,0
0,3,5,0,0,0,0,0,0,0
0,2,3,0,0,0,0,0,0,0
0,2,5,0,0,0,0,0,0,0
0,2,5,0,0,0,0,0,0,0
0,2,6,0,0,0,0,0,0,0
1,1,7,0,0,0,0,0,0,0
18,60,3,0,0,0,0,0,0,0
3,1,4,0,0,0,0,0,0,0
0,4,9,0,0,0,0,0,0,0
4,2,15,0,0,0,0,0,0,0
0,1,5,0,0,0,0,0,0,0
0,2,4,0,0,0,0,0,0,0
0,1,5,0,0,0,0,0,0,0
0,1,4,0,0,0,0,0,0,0
1,1,3,0,0,0,0,0,0,0
0,1,6,0,0,0,0,0,0,0
0,2,3,0,0,0,0,0,0,0
2,2,1,0,0,0,0,0,0,0
0,1,5,0,0,0,0,0,0,0
0,1,4,0,0,0,0,0,0,0
0,1,6,0,0,0,0,0,0,0
0,1,5,0,0,0,0,0,0,0
0,1,6,0,0,0,0,0,0,0
0,4,6,0,0,0,0,0,0,0
1,4,18,0,0,0,0,0,0,0
0,16,4,0,0,0,0,0,0,0
0,1,4,0,0,0,0,0,0,0
0,5,11,0,0,0,0,0,0,0
2,1,10,0,0,0,0,0,0,0
0,6,4,0,0,0,0,0,0,0
0,1,4,0,0,0,0,0,0,0
0,3,2,0,0,0,0,0,0,0
0,2,8,0,0,0,0,0,0,0
6,1,5,0,0,0,0,0,0,0
2,0,6,0,0,0,0,0,0,0
1,0,5,0,0,0,0,0,0,0
1,0,5,0,0,0,0,0,0,0
8,12,28,0,0,0,0,0,0,0
0,4,5,0,0,0,0,0,0,0
1,6,11,0,0,0,0,0,0,0
0,1,5,0,0,0,0,0,0,0
0,3,5,0,0,0,0,0,0,0
1,2,8,0,0,0,0,0,0,0
0,1,6,0,0,0,0,0,0,0
0,3,3,0,0,0,0,0,0,0
0,1,4,0,0,0,0,0,0,0
0,3,8,0,0,0,0,0,0,0
1,3,12,0,0,0,0,0,0,0
1,3,6,0,0,0,0,0,0,0
0,3,2,0,0,0,0,0,0,0
0,10,8,0,0,0,0,0,0,0
0,2,10,0,0,0,0,0,0,0
0,1,4,0,0,0,0,0,0,0
1,2,4,0,0,0,0,0,0,0
0,1,5,0,0,0,0,0,0,0
0,2,6,0,0,0,0,0,0,0
0,1,5,0,0,0,0,0,0,0
0,4,1,0,0,0,0,0,0,0
1,4,8,0,0,0,0,0,0,0
0,11,5,0,0,0,0,0,0,0
0,6,4,0,0,0,0,0,0,0
0,6,1,0,0,0,0,0,0,0
0,2,4,0,0,0,0,0,0,0
0,2,3,0,0,0,0,0,0,0
1,5,9,0,0,0,0,0,0,0
0,1,6,0,0,0,0,0,0,0
0,2,7,0,0,0,0,0,0,0
0,1,4,0,0,0,0,0,0,0
0,2,4,0,0,0,0,0,0,0
1,1,3,0,0,0,0,0,0,0
2,0,8,0,0,0,0,0,0,0
0,4,20,0,0,0,0,0,0,0
1,4,2,0,0,0,0,0,0,0
0,2,3,0,0,0,0,0,0,0
0,2,6,0,0,0,0,0,0,0
0,6,1,0,0,0,0,0,0,0
0,10,2,0,0,0,0,0,0,0
0,4,1,0,0,0,0,0,0,0
1,2,3,0,0,0,0,0,0,0
0,1,4,0,0,0,0,0,0,0
4,0,5,0,0,0,0,0,0,0
1,0,5,0,0,0,0,0,0,0
0,1,5,0,0,0,0,0,0,0
0,1,6,0,0,0,0,0,0,0
0,5,3,0,0,0,0,0,0,0
0,3,3,0,0,0,0,0,0,0
0,11,7,0,0,0,0,0,0,0
0,2,6,0,0,0,0,0,0,0
1,2,5,0,0,0,0,0,0,0
0,1,4,0,0,0,0,0,0,0
0,2,10,0,0,0,0,0,0,0
0,1,6,0,0,0,0,0,0,0
1,0,5,0,0,0,0,0,0,0
0,9,13,0,0,0,0,0,0,0
1,0,5,0,0,0,0,0,0,0
0,6,4,0,0,0,0,0,0,0
0,2,4,0,0,0,0,0,0,0
0,1,6,0,0,0,0,0,0,0
0,2,7,0,0,0,0,0,0,0
0,1,4,0,0,0,0,0,0,0
0,1,4,0,0,0,0,0,0,0
0,1,4,0,0,0,0,0,0,0
0,2,3,0,0,0,0,0,0,0
0,3,8,0,0,0,0,0,0,0
0,4,3,0,0,0,0,0,0,0
3,8,2,0,0,0,0,0,0,0
6,9,6,0,0,0,0,0,0,0
0,3,6,0,0,0,0,0,0,0
1,2,5,0,0,0,0,0,0,0
1,6,5,0,0,0,0,0,0,0
2,1,10,0,0,0,0,0,0,0
0,2,11,0,0,0,0,0,0,0
0,2,6,0,0,0,0,0,0,0
2,0,7,0,0,0,0,0,0,0
1,3,2,0,0,0,0,0,0,0
1,1,9,0,0,0,0,0,0,0
0,2,5,0,0,0,0,0,0,0
0,3,3,0,0,0,0,0,0,0
1,0,5,0,0,0,0,0,0,0
0,8,2,0,0,0,0,0,0,0
0,1,5,0,0,0,0,0,0,0
2,1,6,0,0,0,0,0,0,0
0,9,5,0,0,0,0,0,0,0
0,1,4,0,0,0,0,0,0,0
0,1,5,0,0,0,0,0,0,0
0,1,6,0,0,0,0,0,0,0
1,2,2,0,0,0,0,0,0,0
1,1,4,0,0,0,0,0,0,0
1,0,5,0,0,0,0,0,0,0
1,1,6,0,0,0,0,0,0,0
0,1,5,0,0,0,0,0,0,0
0,4,1,0,0,0,0,0,0,0
0,2,4,0,0,0,0,0,0,0
0,5,5,0,0,0,0,0,0,0
1,0,6,0,0,0,0,0,0,0
0,1,4,0,0,0,0,0,0,0
0,2,12,0,0,0,0,0,0,0
0,1,6,0,0,0,0,0,0,0
0,1,5,0,0,0,0,0,0,0
0,1,5,0,0,0,0,0,0,0
0,3,19,0,0,0,0,0,0,0
0,2,3,0,0,0,0,0,0,0
0,4,1,0,0,0,0,0,0,0
0,1,5,0,0,0,0,0,0,0
1,0,6,0,0,0,0,0,0,0
0,5,14,0,0,0,0,0,0,0
2,1,2,0,0,0,0,0,0,0
0,1,6,0,0,0,0,0,0,0
2,1,3,0,0,0,0,0,0,0
1,1,3,0,0,0,0,0,0,0
0,11,7,0,0,0,0,0,0,0
0,1,5,0,0,0,0,0,0,0
0,10,7,0,0,0,0,0,0,0
0,6,3,0,0,0,0,0,0,0
0,1,5,0,0,0,0,0,0,0
1,0,5,0,0,0,0,0,0,0
1,0,6,0,0,0,0,0,0,0
1,1,3,0,0,0,0,0,0,0
0,2,4,0,0,0,0,0,0,0
0,4,8,0,0,0,0,0,0,0
0,9,2,0,0,0,0,0,0,0
0,2,3,0,0,0,0,0,0,0
1,1,6,0,0,0,0,0,0,0
0,1,4,0,0,0,0,0,0,0
1,2,5,0,0,0,0,0,0,0
1,3,6,0,0,0,0,0,0,0
0,4,4,0,0,0,0,0,0,0
1,2,6,0,0,0,0,0,0,0
0,9,10,0,0,0,0,0,0,0
0,11,6,0,0,0,0,0,0,0
0,8,2,0,0,0,0,0,0,0
1,1,5,0,0,0,0,0,0,0
0,3,3,0,0,0,0,0,0,0
0,1,6,0,0,0,0,0,0,0
0,1,5,0,0,0,0,0,0,0
3,1,3,0,0,0,0,0,0,0
1,4,10,0,0,0,0,0,0,0
0,2,5,0,0,0,0,0,0,0
4,1,1,0,0,0,0,0,0,0
2,0,6,0,0,0,0,0,0,0
2,2,2,0,0,0,0,0,0,0
0,4,3,0,0,0,0,0,0,0
0,2,3,0,0,0,0,0,0,0
0,1,6,0,0,0,0,0,0,0
0,3,3,0,0,0,0,0,0,0
0,1,5,0,0,0,0,0,0,0
0,3,9,0,0,0,0,0,0,0
1,4,15,0,0,0,0,0,0,0
0,5,1,0,0,0,0,0,0,0
0,2,3,0,0,0,0,0,0,0
0,1,6,0,0,0,0,0,0,0
1,0,5,0,0,0,0,0,0,0
0,1,4,0,0,0,0,0,0,0
1,2,2,0,0,0,0,0,0,0
0,4,2,0,0,0,0,0,0,0
0,4,1,0,0,0,0,0,0,0
1,3,4,0,0,0,0,0,0,0
1,1,6,0,0,0,0,0,0,0
0,7,2,0,0,0,0,0,0,0
0,2,3,0,0,0,0,0,0,0
0,1,4,0,0,0,0,0,0,0
1,6,11,0,0,0,0,0,0,0
0,2,4,0,0,0,0,0,0,0
0,1,6,0,0,0,0,0,0,0
0,2,8,0,0,0,0,0,0,0
0,2,5,0,0,0,0,0,0,0
0,2,3,0,0,0,0,0,0,0
0,2,4,0,0,0,0,0,0,0
1,2,11,0,0,0,0,0,0,0
0,2,10,0,0,0,0,0,0,0
1,3,11,0,0,0,0,0,0,0
1,0,5,0,0,0,0,0,0,0
0,1,4,0,0,0,0,0,0,0
0,2,4,0,0,0,0,0,0,0
3,34,4,0,0,0,0,0,0,0
1,1,10,0,0,0,0,0,0,0
1,9,9,0,0,0,0,0,0,0
1,6,2,0,0,0,0,0,0,0
0,5,5,0,0,0,0,0,0,0
0,7,2,0,0,0,0,0,0,0
0,7,4,0,0,0,0,0,0,0
1,1,6,0,0,0,0,0,0,0
0,4,2,0,0,0,0,0,0,0
0,4,1,0,0,0,0,0,0,0
0,5,7,0,0,0,0,0,0,0
0,2,7,0,0,0,0,0,0,0
1,5,2,0,0,0,0,0,0,0
0,4,3,0,0,0,0,0,0,0
0,4,2,0,0,0,0,0,0,0
0,2,3,0,0,0,0,0,0,0
1,0,5,0,0,0,0,0,0,0
0,3,2,0,0,0,0,0,0,0
0,5,1,0,0,0,0,0,0,0
0,2,10,0,0,0,0,0,0,0
0,2,8,0,0,0,0,0,0,0
0,4,2,0,0,0,0,0,0,0
0,2,6,0,0,0,0,0,0,0
0,2,8,0,0,0,0,0,0,0
1,0,5,0,0,0,0,0,0,0
0,4,4,0,0,0,0,0,0,0
0,2,5,0,0,0,0,0,0,0
0,1,6,0,0,0,0,0,0,0
0,1,5,0,0,0,0,0,0,0
0,1,5,0,0,0,0,0,0,0
0,4,1,0,0,0,0,0,0,0
0,2,11,0,0,0,0,0,0,0
2,1,10,0,0,0,0,0,0,0
1,12,3,0,0,0,0,0,0,0
0,8,3,0,0,0,0,0,0,0
0,4,1,0,0,0,0,0,0,0
1,0,5,0,0,0,0,0,0,0
0,2,9,0,0,0,0,0,0,0
0,3,2,0,0,0,0,0,0,0
0,2,3,0,0,0,0,0,0,0
0,2,3,0,0,0,0,0,0,0
0,1,4,0,0,0,0,0,0,0
1,0,6,0,0,0,0,0,0,0
1,1,5,0,0,0,0,0,0,0
0,1,5,0,0,0,0,0,0,0
2,2,2,0,0,0,0,0,0,0
1,3,22,0,0,0,0,0,0,0
1,2,8,0,0,0,0,0,0,0
0,2,5,0,0,0,0,0,0,0
0,2,12,0,0,0,0,0,0,0
1,0,5,0,0,0,0,0,0,0
0,1,6,0,0,0,0,0,0,0
1,2,4,0,0,0,0,0,0,0
0,4,2,0,0,0,0,0,0,0
0,1,6,0,0,0,0,0,0,0
1,4,5,0,0,0,0,0,0,0
0,4,15,0,0,0,0,0,0,0
1,1,7,0,0,0,0,0,0,0
1,1,9,0,0,0,0,0,0,0
1,5,10,0,0,0,0,0,0,0
0,4,13,0,0,0,0,0,0,0
0,1,4,0,0,0,0,0,0,0
2,0,8,0,0,0,0,0,0,0
0,4,1,0,0,0,0,0,0,0
0,2,3,0,0,0,0,0,0,0
0,1,4,0,0,0,0,0,0,0
1,4,3,0,0,0,0,0,0,0
0,3,7,0,0,0,0,0,0,0
0,4,3,0,0,0,0,0,0,0
0,2,12,0,0,0,0,0,0,0
1,3,8,0,0,0,0,0,0,0
1,0,6,0,0,0,0,0,0,0
0,8,4,0,0,0,0,0,0,0
1,4,9,0,0,0,0,0,0,0
1,1,8,0,0,0,0,0,0,0
0,3,2,0,0,0,0,0,0,0
0,2,6,0,0,0,0,0,0,0
0,8,13,0,0,0,0,0,0,0
2,1,7,0,0,0,0,0,0,0
0,9,7,0,0,0,0,0,0,0
0,5,1,0,0,0,0,0,0,0
0,3,4,0,0,0,0,0,0,0
0,5,2,0,0,0,0,0,0,0
0,2,6,0,0,0,0,0,0,0
0,10,3,0,0,0,0,0,0,0
2,2,6,0,0,0,0,0,0,0
0,1,6,0,0,0,0,0,0,0
0,2,3,0,0,0,0,0,0,0
1,0,6,0,0,0,0,0,0,0
0,2,7,0,0,0,0,0,0,0
0,11,2,0,0,0,0,0,0,0
0,3,10,0,0,0,0,0,0,0
0,1,5,0,0,0,0,0,0,0
2,0,7,0,0,0,0,0,0,0
0,2,7,0,0,0,0,0,0,0
0,3,3,0,0,0,0,0,0,0
0,3,3,0,0,0,0,0,0,0
1,3,3,0,0,0,0,0,0,0
0,4,5,0,0,0,0,0,0,0
1,0,6,0,0,0,0,0,0,0
0,2,12,0,0,0,0,0,0,0
0,3,3,0,0,0,0,0,0,0
0,3,2,0,0,0,0,0,0,0
0,8,4,0,0,0,0,0,0,0
0,2,5,0,0,0,0,0,0,0
0,1,6,0,0,0,0,0,0,0
1,3,11,0,0,0,0,0,0,0
0,4,4,0,0,0,0,0,0,0
0,11,3,0,0,0,0,0,0,0
0,2,4,0,0,0,0,0,0,0
0,8,8,0,0,0,0,0,0,0
0,3,7,0,0,0,0,0,0,0
0,8,3,0,0,0,0,0,0,0
1,3,3,0,0,0,0,0,0,0
0,8,7,0,0,0,0,0,0,0
0,1,6,0,0,0,0,0,0,0
0,7,9,0,0,0,0,0,0,0
1,4,8,0,0,0,0,0,0,0
1,1,3,0,0,0,0,0,0,0
1,17,2,0,0,0,0,0,0,0
1,1,11,0,0,0,0,0,0,0
0,1,5,0,0,0,0,0,0,0
0,2,5,0,0,0,0,0,0,0
0,1,5,0,0,0,0,0,0,0
0,1,4,0,0,0,0,0,0,0
0,3,2,0,0,0,0,0,0,0
1,1,9,0,0,0,0,0,0,0
0,1,6,0,0,0,0,0,0,0
1,0,5,0,0,0,0,0,0,0
0,2,6,0,0,0,0,0,0,0
0,3,2,0,0,0,0,0,0,0
1,0,6,0,0,0,0,0,0,0
0,4,1,0,0,0,0,0,0,0
0,1,4,0,0,0,0,0,0,0
0,2,3,0,0,0,0,0,0,0
1,2,12,0,0,0,0,0,0,0
0,2,6,0,0,0,0,0,0,0
1,4,2,0,0,0,0,0,0,0
0,2,5,0,0,0,0,0,0,0
0,2,4,0,0,0,0,0,0,0
0,3,8,0,0,0,0,0,0,0
0,2,4,0,0,0,0,0,0,0
0,6,5,0,0,0,0,0,0,0
1,1,3,0,0,0,0,0,0,0
1,1,3,0,0,0,0,0,0,0
1,1,5,0,0,0,0,0,0,0
2,7,3,0,0,0,0,0,0,0
3,6,4,0,0,0,0,0,0,0
0,4,1,0,0,0,0,0,0,0
0,1,4,0,0,0,0,0,0,0
0,1,5,0,0,0,0,0,0,0
6,16,4,0,0,0,0,0,0,0
6,8,2,0,0,0,0,0,0,0
0,3,3,0,0,0,0,0,0,0
2,1,5,0,0,0,0,0,0,0
0,3,3,0,0,0,0,0,0,0
0,2,3,0,0,0,0,0,0,0
1,4,14,0,0,0,0,0,0,0
0,6,8,0,0,0,0,0,0,0
0,3,4,0,0,0,0,0,0,0
0,3,4,0,0,0,0,0,0,0
2,13,5,0,0,0,0,0,0,0
0,14,6,0,0,0,0,0,0,0
1,1,8,0,0,0,0,0,0,0
0,1,5,0,0,0,0,0,0,0
1,1,4,0,0,0,0,0,0,0
0,1,4,0,0,0,0,0,0,0
0,1,4,0,0,0,0,0,0,0
0,2,5,0,0,0,0,0,0,0
0,2,7,0,0,0,0,0,0,0
0,3,7,0,0,0,0,0,0,0
0,3,5,0,0,0,0,0,0,0
2,1,7,0,0,0,0,0,0,0
0,3,9,0,0,0,0,0,0,0
0,2,3,0,0,0,0,0,0,0
1,0,5,0,0,0,0,0,0,0
2,1,10,0,0,0,0,0,0,0
0,2,5,0,0,0,0,0,0,0
1,1,5,0,0,0,0,0,0,0
0,1,5,0,0,0,0,0,0,0
0,2,7,0,0,0,0,0,0,0
0,1,4,0,0,0,0,0,0,0
0,1,4,0,0,0,0,0,0,0
0,1,5,0,0,0,0,0,0,0
6,1,5,0,0,0,0,0,0,0
0,1,6,0,0,0,0,0,0,0
1,1,6,0,0,0,0,0,0,0
1,2,2,0,0,0,0,0,0,0
1,1,4,0,0,0,0,0,0,0
2,0,11,0,0,0,0,0,0,0
0,3,2,0,0,0,0,0,0,0
1,1,7,0,0,0,0,0,0,0
0,6,1,0,0,0,0,0,0,0
0,1,4,0,0,0,0,0,0,0
1,3,15,0,0,0,0,0,0,0
1,1,4,0,0,0,0,0,0,0
1,3,14,0,0,0,0,0,0,0
0,2,7,0,0,0,0,0,0,0
0,2,5,0,0,0,0,0,0,0
0,1,5,0,0,0,0,0,0,0
0,3,3,0,0,0,0,0,0,0
1,0,5,0,0,0,0,0,0,0
0,3,7,0,0,0,0,0,0,0
0,4,1,0,0,0,0,0,0,0
1,2,2,0,0,0,0,0,0,0
1,2,7,0,0,0,0,0,0,0
0,2,5,0,0,0,0,0,0,0
1,0,5,0,0,0,0,0,0,0
0,1,5,0,0,0,0,0,0,0
0,3,5,0,0,0,0,0,0,0
0,2,5,0,0,0,0,0,0,0
0,2,6,0,0,0,0,0,0,0
2,1,4,0,0,0,0,0,0,0
1,0,5,0,0,0,0,0,0,0
0,2,9,0,0,0,0,0,0,0
1,3,8,0,0,0,0,0,0,0
0,2,3,0,0,0,0,0,0,0
1,1,12,0,0,0,0,0,0,0
1,0,5,0,0,0,0,0,0,0
1,1,6,0,0,0,0,0,0,0
0,6,3,0,0,0,0,0,0,0
0,1,5,0,0,0,0,0,0,0
0,7,3,0,0,0,0,0,0,0
0,5,6,0,0,0,0,0,0,0
1,1,3,0,0,0,0,0,0,0
0,1,6,0,0,0,0,0,0,0
0,9,3,0,0,0,0,0,0,0
0,6,1,0,0,0,0,0,0,0
0,10,12,0,0,0,0,0,0,0
1,0,6,0,0,0,0,0,0,0
0,1,4,0,0,0,0,0,0,0
0,2,4,0,0,0,0,0,0,0
1,2,10,0,0,0,0,0,0,0
0,2,3,0,0,0,0,0,0,0
1,2,14,0,0,0,0,0,0,0
0,6,2,0,0,0,0,0,0,0
0,2,6,0,0,0,0,0,0,0
1,1,8,0,0,0,0,0,0,0
1,1,9,0,0,0,0,0,0,0
1,1,4,0,0,0,0,0,0,0
0,3,2,0,0,0,0,0,0,0
0,2,4,0,0,0,0,0,0,0
1,0,6,0,0,0,0,0,0,0
0,1,5,0,0,0,0,0,0,0
1,1,13,0,0,0,0,0,0,0
1,1,4,0,0,0,0,0,0,0
0,2,3,0,0,0,0,0,0,0
1,0,5,0,0,0,0,0,0,0
0,2,10,0,0,0,0,0,0,0
0,1,5,0,0,0,0,0,0,0
0,2,4,0,0,0,0,0,0,0
1,3,5,0,0,0,0,0,0,0
1,2,2,0,0,0,0,0,0,0
1,0,5,0,0,0,0,0,0,0
0,2,3,0,0,0,0,0,0,0
0,2,3,0,0,0,0,0,0,0
2,0,9,0,0,0,0,0,0,0
0,4,1,0,0,0,0,0,0,0
0,4,2,0,0,0,0,0,0,0
0,2,11,0,0,0,0,0,0,0
0,1,4,0,0,0,0,0,0,0
0,3,4,0,0,0,0,0,0,0
0,2,5,0,0,0,0,0,0,0
0,1,5,0,0,0,0,0,0,0
1,1,3,0,0,0,0,0,0,0
0,3,3,0,0,0,0,0,0,0
0,4,2,0,0,0,0,0,0,0
0,8,2,0,0,0,0,0,0,0
0,3,3,0,0,0,0,0,0,0
0,1,4,0,0,0,0,0,0,0
0,1,4,0,0,0,0,0,0,0
0,2,4,0,0,0,0,0,0,0
1,1,9,0,0,0,0,0,0,0
0,1,5,0,0,0,0,0,0,0
2,1,7,0,0,0,0,0,0,0
0,4,1,0,0,0,0,0,0,0
0,6,1,0,0,0,0,0,0,0
0,6,1,0,0,0,0,0,0,0
0,12,6,0,0,0,0,0,0,0
1,5,3,0,0,0,0,0,0,0
0,3,2,0,0,0,0,0,0,0
0,3,6,0,0,0,0,0,0,0
0,3,2,0,0,0,0,0,0,0
0,3,4,0,0,0,0,0,0,0
0,7,2,0,0,0,0,0,0,0
1,1,3,0,0,0,0,0,0,0
0,2,4,0,0,0,0,0,0,0
1,3,2,0,0,0,0,0,0,0
1,8,5,0,0,0,0,0,0,0
19,0,5,0,0,0,0,0,0,0
0,2,4,0,0,0,0,0,0,0
0,4,11,0,0,0,0,0,0,0
0,6,1,0,0,0,0,0,0,0
1,1,7,0,0,0,0,0,0,0
0,4,3,0,0,0,0,0,0,0
1,10,12,0,0,0,0,0,0,0
1,0,6,0,0,0,0,0,0,0
0,13,3,0,0,0,0,0,0,0
1,2,4,0,0,0,0,0,0,0
0,5,1,0,0,0,0,0,0,0
0,6,1,0,0,0,0,0,0,0
0,9,3,0,0,0,0,0,0,0
0,1,4,0,0,0,0,0,0,0
0,4,8,0,0,0,0,0,0,0
0,3,9,0,0,0,0,0,0,0
0,10,5,0,0,0,0,0,0,0
0,6,1,0,0,0,0,0,0,0
0,3,2,0,0,0,0,0,0,0
1,1,8,0,0,0,0,0,0,0
1,1,6,0,0,0,0,0,0,0
1,2,2,0,0,0,0,0,0,0
0,1,4,0,0,0,0,0,0,0
1,1,6,0,0,0,0,0,0,0
0,2,5,0,0,0,0,0,0,0
0,4,6,0,0,0,0,0,0,0
0,1,5,0,0,0,0,0,0,0
0,1,4,0,0,0,0,0,0,0
0,4,2,0,0,0,0,0,0,0
0,2,6,0,0,0,0,0,0,0
0,3,12,0,0,0,0,0,0,0
0,4,4,0,0,0,0,0,0,0
0,3,12,0,0,0,0,0,0,0
0,5,1,0,0,0,0,0,0,0
0,1,5,0,0,0,0,0,0,0
0,4,1,0,0,0,0,0,0,0
0,5,5,0,0,0,0,0,0,0
0,17,8,0,0,0,0,0,0,0
0,4,2,0,0,0,0,0,0,0
0,9,6,0,0,0,0,0,0,0
0,4,18,0,0,0,0,0,0,0
0,5,11,0,0,0,0,0,0,0
1,1,9,0,0,0,0,0,0,0
0,4,5,0,0,0,0,0,0,0
0,2,9,0,0,0,0,0,0,0
0,1,4,0,0,0,0,0,0,0
2,2,1,0,0,0,0,0,0,0
0,7,3,0,0,0,0,0,0,0
1,19,27,0,0,0,0,0,0,0
0,1,4,0,0,0,0,0,0,0
2,0,6,0,0,0,0,0,0,0
0,2,11,0,0,0,0,0,0,0
0,3,2,0,0,0,0,0,0,0
1,5,3,0,0,0,0,0,0,0
0,6,1,0,0,0,0,0,0,0
0,4,2,0,0,0,0,0,0,0
0,7,2,0,0,0,0,0,0,0
0,4,1,0,0,0,0,0,0,0
0,2,5,0,0,0,0,0,0,0
0,3,7,0,0,0,0,0,0,0
0,14,22,0,0,0,0,0,0,0
1,5,6,0,0,0,0,0,0,0
0,1,6,0,0,0,0,0,0,0
0,5,2,0,0,0,0,0,0,0
0,7,23,0,0,0,0,0,0,0
1,0,5,0,0,0,0,0,0,0
0,3,4,0,0,0,0,0,0,0
0,1,5,0,0,0,0,0,0,0
2,1,5,0,0,0,0,0,0,0
1,4,1,0,0,0,0,0,0,0
1,4,1,0,0,0,0,0,0,0
13,1,11,0,0,0,0,0,0,0
3,5,1,0,0,0,0,0,0,0
0,6,1,0,0,0,0,0,0,0
0,1,5,0,0,0,0,0,0,0
1,1,7,0,0,0,0,0,0,0
0,2,3,0,0,0,0,0,0,0
0,3,11,0,0,0,0,0,0,0
0,1,4,0,0,0,0,0,0,0
0,3,6,0,0,0,0,0,0,0
0,2,4,0,0,0,0,0,0,0
1,10,4,0,0,0,0,0,0,0
0,2,8,0,0,0,0,0,0,0
0,2,9,0,0,0,0,0,0,0
1,3,1,0,0,0,0,0,0,0
0,2,11,0,0,0,0,0,0,0
0,2,4,0,0,0,0,0,0,0
0,3,4,0,0,0,0,0,0,0
28,25,6,0,0,0,0,0,0,0
0,3,2,0,0,0,0,0,0,0
0,3,18,0,0,0,0,0,0,0
0,1,6,0,0,0,0,0,0,0
1,6,13,0,0,0,0,0,0,0
4,2,9,0,0,0,0,0,0,0
1,2,2,0,0,0,0,0,0,0
0,6,8,0,0,0,0,0,0,0
0,1,6,0,0,0,0,0,0,0
0,4,7,0,0,0,0,0,0,0
0,3,3,0,0,0,0,0,0,0
0,1,4,0,0,0,0,0,0,0
1,4,8,0,0,0,0,0,0,0
0,10,23,0,0,0,0,0,0,0
0,2,3,0,0,0,0,0,0,0
0,1,4,0,0,0,0,0,0,0
1,2,3,0,0,0,0,0,0,0
2,0,5,0,0,0,0,0,0,0
1,1,3,0,0,0,0,0,0,0
0,1,5,0,0,0,0,0,0,0
3,2,1,0,0,0,0,0,0,0
0,4,7,0,0,0,0,0,0,0
2,2,12,0,0,0,0,0,0,0
0,4,8,0,0,0,0,0,0,0
0,2,3,0,0,0,0,0,0,0
0,3,6,0,0,0,0,0,0,0
0,10,7,0,0,0,0,0,0,0
0,5,2,0,0,0,0,0,0,0
0,3,2,0,0,0,0,0,0,0
1,1,3,0,0,0,0,0,0,0
0,4,1,0,0,0,0,0,0,0
1,0,5,0,0,0,0,0,0,0
1,6,13,0,0,0,0,0,0,0
0,4,1,0,0,0,0,0,0,0
1,2,5,0,0,0,0,0,0,0
0,2,6,0,0,0,0,0,0,0
1,1,12,0,0,0,0,0,0,0
0,6,1,0,0,0,0,0,0,0
0,5,3,0,0,0,0,0,0,0
0,2,13,0,0,0,0,0,0,0
1,8,1,0,0,0,0,0,0,0
0,2,5,0,0,0,0,0,0,0
0,3,2,0,0,0,0,0,0,0
0,3,2,0,0,0,0,0,0,0
1,3,4,0,0,0,0,0,0,0
0,6,1,0,0,0,0,0,0,0
0,6,10,0,0,0,0,0,0,0
2,7,4,0,0,0,0,0,0,0
0,10,4,0,0,0,0,0,0,0
0,2,6,0,0,0,0,0,0,0
0,2,7,0,0,0,0,0,0,0
0,1,4,0,0,0,0,0,0,0
0,1,6,0,0,0,0,0,0,0
0,2,5,0,0,0,0,0,0,0
1,4,2,0,0,0,0,0,0,0
0,5,1,0,0,0,0,0,0,0
0,2,10,0,0,0,0,0,0,0
0,1,6,0,0,0,0,0,0,0
1,1,3,0,0,0,0,0,0,0
1,1,7,0,0,0,0,0,0,0
1,3,1,0,0,0,0,0,0,0
0,2,4,0,0,0,0,0,0,0
0,5,4,0,0,0,0,0,0,0
0,1,6,0,0,0,0,0,0,0
2,2,14,0,0,0,0,0,0,0
0,1,4,0,0,0,0,0,0,0
0,3,9,0,0,0,0,0,0,0
0,2,12,0,0,0,0,0,0,0
0,1,6,0,0,0,0,0,0,0
0,2,11,0,0,0,0,0,0,0
0,8,2,0,0,0,0,0,0,0
1,1,3,0,0,0,0,0,0,0
0,1,4,0,0,0,0,0,0,0
0,3,2,0,0,0,0,0,0,0
0,5,4,0,0,0,0,0,0,0
0,4,5,0,0,0,0,0,0,0
1,2,18,0,0,0,0,0,0,0
1,5,4,0,0,0,0,0,0,0
1,4,1,0,0,0,0,0,0,0
0,2,3,0,0,0,0,0,0,0
0,1,5,0,0,0,0,0,0,0
2,1,20,0,0,0,0,0,0,0
0,4,2,0,0,0,0,0,0,0
1,0,6,0,0,0,0,0,0,0
0,1,4,0,0,0,0,0,0,0
4,1,4,0,0,0,0,0,0,0
0,1,5,0,0,0,0,0,0,0
2,3,9,0,0,0,0,0,0,0
0,2,5,0,0,0,0,0,0,0
1,6,17,0,0,0,0,0,0,0
1,1,10,0,0,0,0,0,0,0
1,2,19,0,0,0,0,0,0,0
1,5,2,0,0,0,0,0,0,0
2,3,1,0,0,0,0,0,0,0
0,2,5,0,0,0,0,0,0,0
0,1,4,0,0,0,0,0,0,0
1,0,6,0,0,0,0,0,0,0
0,3,2,0,0,0,0,0,0,0
0,1,6,0,0,0,0,0,0,0
0,1,4,0,0,0,0,0,0,0
0,2,6,0,0,0,0,0,0,0
0,6,3,0,0,0,0,0,0,0
1,4,3,0,0,0,0,0,0,0
0,1,6,0,0,0,0,0,0,0
0,2,3,0,0,0,0,0,0,0
2,0,9,0,0,0,0,0,0,0
0,7,3,0,0,0,0,0,0,0
0,7,9,0,0,0,0,0,0,0
0,9,2,0,0,0,0,0,0,0
0,4,9,0,0,0,0,0,0,0
0,2,5,0,0,0,0,0,0,0
0,4,1,0,0,0,0,0,0,0
1,3,18,0,0,0,0,0,0,0
0,5,4,0,0,0,0,0,0,0
1,0,6,0,0,0,0,0,0,0
0,12,14,0,0,0,0,0,0,0
0,6,1,0,0,0,0,0,0,0
0,2,13,0,0,0,0,0,0,0
15,14,1,0,0,0,0,0,0,0
0,3,4,0,0,0,0,0,0,0
0,2,3,0,0,0,0,0,0,0
0,10,5,0,0,0,0,0,0,0
1,0,5,0,0,0,0,0,0,0
0,9,6,0,0,0,0,0,0,0
0,4,1,0,0,0,0,0,0,0
0,2,3,0,0,0,0,0,0,0
1,7,2,0,0,0,0,0,0,0
0,3,3,0,0,0,0,0,0,0
1,4,13,0,0,0,0,0,0,0
0,1,6,0,0,0,0,0,0,0
1,1,8,0,0,0,0,0,0,0
1,0,5,0,0,0,0,0,0,0
2,2,6,0,0,0,0,0,0,0
0,5,1,0,0,0,0,0,0,0
2,0,8,0,0,0,0,0,0,0
0,1,4,0,0,0,0,0,0,0
6,2,1,0,0,0,0,0,0,0
1,3,1,0,0,0,0,0,0,0
1,6,9,0,0,0,0,0,0,0
1,0,6,0,0,0,0,0,0,0
0,4,3,0,0,0,0,0,0,0
0,1,4,0,0,0,0,0,0,0
0,4,10,0,0,0,0,0,0,0
0,4,4,0,0,0,0,0,0,0
0,3,3,0,0,0,0,0,0,0
0,5,8,0,0,0,0,0,0,0
0,2,7,0,0,0,0,0,0,0
1,0,5,0,0,0,0,0,0,0
0,1,5,0,0,0,0,0,0,0
0,1,6,0,0,0,0,0,0,0
0,7,3,0,0,0,0,0,0,0
2,1,2,0,0,0,0,0,0,0
0,2,10,0,0,0,0,0,0,0
0,2,3,0,0,0,0,0,0,0
0,3,18,0,0,0,0,0,0,0
0,1,5,0,0,0,0,0,0,0
1,1,5,0,0,0,0,0,0,0
0,1,5,0,0,0,0,0,0,0
0,2,6,0,0,0,0,0,0,0
0,1,5,0,0,0,0,0,0,0
1,1,10,0,0,0,0,0,0,0
0,2,4,0,0,0,0,0,0,0
0,2,9,0,0,0,0,0,0,0
0,3,3,0,0,0,0,0,0,0
0,4,4,0,0,0,0,0,0,0
0,9,5,0,0,0,0,0,0,0
1,10,4,0,0,0,0,0,0,0
0,3,2,0,0,0,0,0,0,0
0,2,4,0,0,0,0,0,0,0
0,3,11,0,0,0,0,0,0,0
3,9,24,0,0,0,0,0,0,0
2,1,18,0,0,0,0,0,0,0
0,8,3,0,0,0,0,0,0,0
0,4,2,0,0,0,0,0,0,0
2,1,2,0,0,0,0,0,0,0
0,3,3,0,0,0,0,0,0,0
0,5,10,0,0,0,0,0,0,0
0,2,4,0,0,0,0,0,0,0
0,1,6,0,0,0,0,0,0,0
0,1,4,0,0,0,0,0,0,0
0,10,2,0,0,0,0,0,0,0
0,1,4,0,0,0,0,0,0,0
0,3,9,0,0,0,0,0,0,0
0,2,9,0,0,0,0,0,0,0
0,1,4,0,0,0,0,0,0,0
1,8,9,0,0,0,0,0,0,0
1,1,4,0,0,0,0,0,0,0
2,2,1,0,0,0,0,0,0,0
0,5,1,0,0,0,0,0,0,0
1,2,5,0,0,0,0,0,0,0
1,2,4,0,0,0,0,0,0,0
0,5,4,0,0,0,0,0,0,0
0,5,1,0,0,0,0,0,0,0
0,1,5,0,0,0,0,0,0,0
0,3,5,0,0,0,0,0,0,0
6,1,1,0,0,0,0,0,0,0
0,1,4,0,0,0,0,0,0,0
0,5,2,0,0,0,0,0,0,0
0,4,14,0,0,0,0,0,0,0
1,3,4,0,0,0,0,0,0,0
0,2,4,0,0,0,0,0,0,0
0,7,6,0,0,0,0,0,0,0
1,0,5,0,0,0,0,0,0,0
0,1,5,0,0,0,0,0,0,0
0,3,7,0,0,0,0,0,0,0
0,1,6,0,0,0,0,0,0,0
0,2,4,0,0,0,0,0,0,0
0,1,6,0,0,0,0,0,0,0
0,6,2,0,0,0,0,0,0,0
1,1,5,0,0,0,0,0,0,0
1,0,5,0,0,0,0,0,0,0
1,10,1,0,0,0,0,0,0,0
0,2,4,0,0,0,0,0,0,0
0,4,10,0,0,0,0,0,0,0
0,3,5,0,0,0,0,0,0,0
1,1,6,0,0,0,0,0,0,0
0,8,7,0,0,0,0,0,0,0
0,1,5,0,0,0,0,0,0,0
2,0,8,0,0,0,0,0,0,0
0,2,3,0,0,0,0,0,0,0
0,3,14,0,0,0,0,0,0,0
2,0,5,0,0,0,0,0,0,0
2,2,2,0,0,0,0,0,0,0
0,1,6,0,0,0,0,0,0,0
0,8,2,0,0,0,0,0,0,0
0,2,10,0,0,0,0,0,0,0
5,1,11,0,0,0,0,0,0,0
0,4,4,0,0,0,0,0,0,0
1,0,6,0,0,0,0,0,0,0
1,7,3,0,0,0,0,0,0,0
1,0,6,0,0,0,0,0,0,0
0,12,2,0,0,0,0,0,0,0
1,2,13,0,0,0,0,0,0,0
0,1,6,0,0,0,0,0,0,0
1,1,5,0,0,0,0,0,0,0
1,1,11,0,0,0,0,0,0,0
1,0,5,0,0,0,0,0,0,0
0,3,3,0,0,0,0,0,0,0
3,8,3,0,0,0,0,0,0,0
0,1,4,0,0,0,0,0,0,0
0,1,4,0,0,0,0,0,0,0
0,3,4,0,0,0,0,0,0,0
0,1,6,0,0,0,0,0,0,0
0,5,2,0,0,0,0,0,0,0
0,3,3,0,0,0,0,0,0,0
0,2,13,0,0,0,0,0,0,0
0,1,4,0,0,0,0,0,0,0
1,1,7,0,0,0,0,0,0,0
0,2,4,0,0,0,0,0,0,0
0,1,4,0,0,0,0,0,0,0
0,1,4,0,0,0,0,0,0,0
0,6,3,0,0,0,0,0,0,0
0,7,5,0,0,0,0,0,0,0
0,2,3,0,0,0,0,0,0,0
0,4,2,0,0,0,0,0,0,0
0,3,10,0,0,0,0,0,0,0
0,2,4,0,0,0,0,0,0,0
0,1,4,0,0,0,0,0,0,0
0,1,4,0,0,0,0,0,0,0
0,1,6,0,0,0,0,0,0,0
0,2,5,0,0,0,0,0,0,0
1,0,6,0,0,0,0,0,0,0
2,2,2,0,0,0,0,0,0,0
0,6,2,0,0,0,0,0,0,0
22,16,5,0,0,0,0,0,0,0
0,4,1,0,0,0,0,0,0,0
0,1,4,0,0,0,0,0,0,0
1,4,22,0,0,0,0,0,0,0
1,2,3,0,0,0,0,0,0,0
0,6,7,0,0,0,0,0,0,0
1,1,8,0,0,0,0,0,0,0
1,1,3,0,0,0,0,0,0,0
0,2,3,0,0,0,0,0,0,0
1,0,6,0,0,0,0,0,0,0
0,3,5,0,0,0,0,0,0,0
0,1,4,0,0,0,0,0,0,0
0,5,1,0,0,0,0,0,0,0
0,3,2,0,0,0,0,0,0,0
0,2,5,0,0,0,0,0,0,0
0,6,2,0,0,0,0,0,0,0
0,4,1,0,0,0,0,0,0,0
0,4,3,0,0,0,0,0,0,0
3,1,23,0,0,0,0,0,0,0
0,1,5,0,0,0,0,0,0,0
0,2,7,0,0,0,0,0,0,0
1,2,9,0,0,0,0,0,0,0
1,10,17,0,0,0,0,0,0,0
0,1,4,0,0,0,0,0,0,0
0,2,4,0,0,0,0,0,0,0
0,2,3,0,0,0,0,0,0,0
0,1,5,0,0,0,0,0,0,0
1,0,6,0,0,0,0,0,0,0
0,1,5,0,0,0,0,0,0,0
0,1,4,0,0,0,0,0,0,0
0,6,1,0,0,0,0,0,0,0
1,1,5,0,0,0,0,0,0,0
8,0,10,0,0,0,0,0,0,0
0,2,4,0,0,0,0,0,0,0
2,0,7,0,0,0,0,0,0,0
0,2,3,0,0,0,0,0,0,0
0,3,2,0,0,0,0,0,0,0
0,2,12,0,0,0,0,0,0,0
2,0,8,0,0,0,0,0,0,0
0,4,1,0,0,0,0,0,0,0
0,2,4,0,0,0,0,0,0,0
1,0,6,0,0,0,0,0,0,0
1,0,6,0,0,0,0,0,0,0
0,1,4,0,0,0,0,0,0,0
0,2,5,0,0,0,0,0,0,0
0,8,4,0,0,0,0,0,0,0
0,4,3,0,0,0,0,0,0,0
0,10,2,0,0,0,0,0,0,0
7,4,2,0,0,0,0,0,0,0
0,3,3,0,0,0,0,0,0,0
1,2,11,0,0,0,0,0,0,0
1,0,5,0,0,0,0,0,0,0
0,3,10,0,0,0,0,0,0,0
0,2,4,0,0,0,0,0,0,0
0,3,9,0,0,0,0,0,0,0
0,1,6,0,0,0,0,0,0,0
0,3,3,0,0,0,0,0,0,0
0,13,2,0,0,0,0,0,0,0
0,1,6,0,0,0,0,0,0,0
0,1,4,0,0,0,0,0,0,0
0,1,6,0,0,0,0,0,0,0
0,4,1,0,0,0,0,0,0,0
1,0,5,0,0,0,0,0,0,0
0,3,2,0,0,0,0,0,0,0
1,1,6,0,0,0,0,0,0,0
1,1,8,0,0,0,0,0,0,0
0,3,3,0,0,0,0,0,0,0
0,1,4,0,0,0,0,0,0,0
0,1,6,0,0,0,0,0,0,0
0,2,4,0,0,0,0,0,0,0
0,3,13,0,0,0,0,0,0,0
0,1,4,0,0,0,0,0,0,0
0,2,6,0,0,0,0,0,0,0
0,4,2,0,0,0,0,0,0,0
0,1,4,0,0,0,0,0,0,0
1,2,2,0,0,0,0,0,0,0
1,2,3,0,0,0,0,0,0,0
0,9,5,0,0,0,0,0,0,0
0,4,13,0,0,0,0,0,0,0
0,4,5,0,0,0,0,0,0,0
1,3,3,0,0,0,0,0,0,0
1,0,6,0,0,0,0,0,0,0
0,5,1,0,0,0,0,0,0,0
0,3,7,0,0,0,0,0,0,0
0,6,2,0,0,0,0,0,0,0
1,2,5,0,0,0,0,0,0,0
0,1,4,0,0,0,0,0,0,0
0,1,5,0,0,0,0,0,0,0
0,2,6,0,0,0,0,0,0,0
0,1,5,0,0,0,0,0,0,0
0,4,2,0,0,0,0,0,0,0
1,4,6,0,0,0,0,0,0,0
0,5,4,0,0,0,0,0,0,0
1,0,5,0,0,0,0,0,0,0
1,2,2,0,0,0,0,0,0,0
0,4,2,0,0,0,0,0,0,0
0,6,2,0,0,0,0,0,0,0
0,3,2,0,0,0,0,0,0,0
2,5,9,0,0,0,0,0,0,0
1,5,4,0,0,0,0,0,0,0
0,1,4,0,0,0,0,0,0,0
0,2,5,0,0,0,0,0,0,0
2,1,4,0,0,0,0,0,0,0
1,0,5,0,0,0,0,0,0,0
0,1,6,0,0,0,0,0,0,0
1,0,6,0,0,0,0,0,0,0
1,3,23,0,0,0,0,0,0,0
1,2,3,0,0,0,0,0,0,0
1,0,5,0,0,0,0,0,0,0
0,6,5,0,0,0,0,0,0,0
0,1,4,0,0,0,0,0,0,0
1,0,5,0,0,0,0,0,0,0
0,3,3,0,0,0,0,0,0,0
0,2,6,0,0,0,0,0,0,0
0,2,4,0,0,0,0,0,0,0
0,1,6,0,0,0,0,0,0,0
0,1,4,0,0,0,0,0,0,0
0,3,2,0,0,0,0,0,0,0
0,3,2,0,0,0,0,0,0,0
1,4,10,0,0,0,0,0,0,0
0,3,3,0,0,0,0,0,0,0
1,3,3,0,0,0,0,0,0,0
1,1,6,0,0,0,0,0,0,0
0,2,12,0,0,0,0,0,0,0
0,3,2,0,0,0,0,0,0,0
2,5,5,0,0,0,0,0,0,0
1,0,6,0,0,0,0,0,0,0
0,1,4,0,0,0,0,0,0,0
0,1,4,0,0,0,0,0,0,0
1,0,6,0,0,0,0,0,0,0
0,4,1,0,0,0,0,0,0,0
0,1,4,0,0,0,0,0,0,0
2,1,13,0,0,0,0,0,0,0
0,9,5,0,0,0,0,0,0,0
0,1,6,0,0,0,0,0,0,0
0,1,5,0,0,0,0,0,0,0
4,1,8,0,0,0,0,0,0,0
0,1,6,0,0,0,0,0,0,0
1,0,6,0,0,0,0,0,0,0
10,1,15,0,0,0,0,0,0,0
0,3,2,0,0,0,0,0,0,0
0,3,6,0,0,0,0,0,0,0
1,4,5,0,0,0,0,0,0,0
0,2,7,0,0,0,0,0,0,0
0,5,1,0,0,0,0,0,0,0
1,2,8,0,0,0,0,0,0,0
1,0,5,0,0,0,0,0,0,0
1,2,2,0,0,0,0,0,0,0
0,3,2,0,0,0,0,0,0,0
0,1,6,0,0,0,0,0,0,0
1,0,5,0,0,0,0,0,0,0
0,1,4,0,0,0,0,0,0,0
0,2,4,0,0,0,0,0,0,0
0,1,4,0,0,0,0,0,0,0
0,3,6,0,0,0,0,0,0,0
0,2,4,0,0,0,0,0,0,0
3,1,12,0,0,0,0,0,0,0
1,3,15,0,0,0,0,0,0,0
1,1,4,0,0,0,0,0,0,0
0,6,2,0,0,0,0,0,0,0
1,1,6,0,0,0,0,0,0,0
0,1,4,0,0,0,0,0,0,0
0,3,7,0,0,0,0,0,0,0
0,1,4,0,0,0,0,0,0,0
1,1,7,0,0,0,0,0,0,0
0,1,6,0,0,0,0,0,0,0
0,4,1,0,0,0,0,0,0,0
0,6,2,0,0,0,0,0,0,0
0,1,5,0,0,0,0,0,0,0
1,4,5,0,0,0,0,0,0,0
0,3,12,0,0,0,0,0,0,0
0,3,2,0,0,0,0,0,0,0
0,4,6,0,0,0,0,0,0,0
1,5,7,0,0,0,0,0,0,0
1,1,3,0,0,0,0,0,0,0
0,3,5,0,0,0,0,0,0,0
0,2,3,0,0,0,0,0,0,0
0,2,8,0,0,0,0,0,0,0
0,5,1,0,0,0,0,0,0,0
0,6,2,0,0,0,0,0,0,0
0,3,2,0,0,0,0,0,0,0
0,1,5,0,0,0,0,0,0,0
0,2,12,0,0,0,0,0,0,0
1,7,15,0,0,0,0,0,0,0
1,4,5,0,0,0,0,0,0,0
0,1,5,0,0,0,0,0,0,0
0,4,8,0,0,0,0,0,0,0
0,2,8,0,0,0,0,0,0,0
0,6,2,0,0,0,0,0,0,0
0,1,4,0,0,0,0,0,0,0
0,2,6,0,0,0,0,0,0,0
0,1,4,0,0,0,0,0,0,0
0,6,3,0,0,0,0,0,0,0
0,1,6,0,0,0,0,0,0,0
0,1,4,0,0,0,0,0,0,0
0,1,4,0,0,0,0,0,0,0
0,3,2,0,0,0,0,0,0,0
1,1,9,0,0,0,0,0,0,0
0,6,2,0,0,0,0,0,0,0
0,8,3,0,0,0,0,0,0,0
1,1,9,0,0,0,0,0,0,0
0,3,9,0,0,0,0,0,0,0
1,2,4,0,0,0,0,0,0,0
1,1,6,0,0,0,0,0,0,0
2,0,7,0,0,0,0,0,0,0
0,1,4,0,0,0,0,0,0,0
0,3,4,0,0,0,0,0,0,0
1,6,7,0,0,0,0,0,0,0
1,0,6,0,0,0,0,0,0,0
0,1,6,0,0,0,0,0,0,0
0,1,4,0,0,0,0,0,0,0
1,2,16,0,0,0,0,0,0,0
2,0,9,0,0,0,0,0,0,0
3,1,5,0,0,0,0,0,0,0
0,3,2,0,0,0,0,0,0,0
0,2,3,0,0,0,0,0,0,0
0,3,2,0,0,0,0,0,0,0
1,1,7,0,0,0,0,0,0,0
0,3,5,0,0,0,0,0,0,0
0,7,11,0,0,0,0,0,0,0
2,0,13,0,0,0,0,0,0,0
1,1,5,0,0,0,0,0,0,0
0,1,6,0,0,0,0,0,0,0
0,3,3,0,0,0,0,0,0,0
0,6,3,0,0,0,0,0,0,0
1,3,4,0,0,0,0,0,0,0
0,4,1,0,0,0,0,0,0,0
0,1,5,0,0,0,0,0,0,0
1,2,17,0,0,0,0,0,0,0
0,3,2,0,0,0,0,0,0,0
0,1,5,0,0,0,0,0,0,0
0,3,5,0,0,0,0,0,0,0
0,2,10,0,0,0,0,0,0,0
0,7,2,0,0,0,0,0,0,0
1,0,6,0,0,0,0,0,0,0
0,1,6,0,0,0,0,0,0,0
0,29,9,0,0,0,0,0,0,0
1,0,6,0,0,0,0,0,0,0
2,2,20,0,0,0,0,0,0,0
0,6,1,0,0,0,0,0,0,0
0,1,6,0,0,0,0,0,0,0
0,4,1,0,0,0,0,0,0,0
2,2,12,0,0,0,0,0,0,0
2,1,10,0,0,0,0,0,0,0
1,1,12,0,0,0,0,0,0,0
1,3,7,0,0,0,0,0,0,0
0,3,4,0,0,0,0,0,0,0
0,4,8,0,0,0,0,0,0,0
0,4,2,0,0,0,0,0,0,0
0,6,6,0,0,0,0,0,0,0
0,2,5,0,0,0,0,0,0,0
0,1,4,0,0,0,0,0,0,0
1,2,5,0,0,0,0,0,0,0
1,1,9,0,0,0,0,0,0,0
0,5,3,0,0,0,0,0,0,0
0,4,5,0,0,0,0,0,0,0
0,2,9,0,0,0,0,0,0,0
1,0,5,0,0,0,0,0,0,0
0,1,4,0,0,0,0,0,0,0
1,5,1,0,0,0,0,0,0,0
0,1,5,0,0,0,0,0,0,0
0,2,5,0,0,0,0,0,0,0
3,2,5,0,0,0,0,0,0,0
0,2,4,0,0,0,0,0,0,0
1,3,6,0,0,0,0,0,0,0
0,4,1,0,0,0,0,0,0,0
0,8,5,0,0,0,0,0,0,0
0,1,4,0,0,0,0,0,0,0
0,5,10,0,0,0,0,0,0,0
0,1,4,0,0,0,0,0,0,0
2,1,4,0,0,0,0,0,0,0
1,6,3,0,0,0,0,0,0,0
0,1,4,0,0,0,0,0,0,0
0,9,3,0,0,0,0,0,0,0
0,5,1,0,0,0,0,0,0,0
0,1,6,0,0,0,0,0,0,0
1,1,9,0,0,0,0,0,0,0
0,5,3,0,0,0,0,0,0,0
0,1,6,0,0,0,0,0,0,0
2,0,9,0,0,0,0,0,0,0
0,2,5,0,0,0,0,0,0,0
0,1,4,0,0,0,0,0,0,0
0,2,5,0,0,0,0,0,0,0
0,2,5,0,0,0,0,0,0,0
0,7,2,0,0,0,0,0,0,0
0,1,4,0,0,0,0,0,0,0
1,0,6,0,0,0,0,0,0,0
0,3,4,0,0,0,0,0,0,0
0,1,4,0,0,0,0,0,0,0
0,3,8,0,0,0,0,0,0,0
1,1,11,0,0,0,0,0,0,0
0,3,4,0,0,0,0,0,0,0
0,5,1,0,0,0,0,0,0,0
1,1,4,0,0,0,0,0,0,0
0,4,3,0,0,0,0,0,0,0
1,10,17,0,0,0,0,0,0,0
0,5,2,0,0,0,0,0,0,0
20,3,3,0,0,0,0,0,0,0
0,3,9,0,0,0,0,0,0,0
0,5,1,0,0,0,0,0,0,0
0,4,1,0,0,0,0,0,0,0
0,2,5,0,0,0,0,0,0,0
0,3,5,0,0,0,0,0,0,0
1,2,9,0,0,0,0,0,0,0
1,1,4,0,0,0,0,0,0,0
2,0,11,0,0,0,0,0,0,0
0,12,4,0,0,0,0,0,0,0
1,3,1,0,0,0,0,0,0,0
0,1,4,0,0,0,0,0,0,0
1,0,6,0,0,0,0,0,0,0
0,2,3,0,0,0,0,0,0,0
1,1,6,0,0,0,0,0,0,0
1,0,6,0,0,0,0,0,0,0
0,2,4,0,0,0,0,0,0,0
0,4,3,0,0,0,0,0,0,0
0,3,2,0,0,0,0,0,0,0
1,1,3,0,0,0,0,0,0,0
0,2,5,0,0,0,0,0,0,0
1,5,1,0,0,0,0,0,0,0
0,5,1,0,0,0,0,0,0,0
0,2,4,0,0,0,0,0,0,0
0,6,1,0,0,0,0,0,0,0
1,2,10,0,0,0,0,0,0,0
0,5,1,0,0,0,0,0,0,0
0,1,4,0,0,0,0,0,0,0
0,4,2,0,0,0,0,0,0,0
1,0,5,0,0,0,0,0,0,0
0,5,5,0,0,0,0,0,0,0
0,4,4,0,0,0,0,0,0,0
0,3,8,0,0,0,0,0,0,0
0,11,28,0,0,0,0,0,0,0
0,2,9,0,0,0,0,0,0,0
0,2,6,0,0,0,0,0,0,0
0,5,2,0,0,0,0,0,0,0
0,6,1,0,0,0,0,0,0,0
0,4,3,0,0,0,0,0,0,0
0,8,6,0,0,0,0,0,0,0
1,2,9,0,0,0,0,0,0,0
0,3,4,0,0,0,0,0,0,0
0,7,2,0,0,0,0,0,0,0
0,1,4,0,0,0,0,0,0,0
0,6,3,0,0,0,0,0,0,0
0,2,5,0,0,0,0,0,0,0
0,6,1,0,0,0,0,0,0,0
0,1,6,0,0,0,0,0,0,0
0,1,5,0,0,0,0,0,0,0
0,1,4,0,0,0,0,0,0,0
9,14,2,0,0,0,0,0,0,0
1,12,5,0,0,0,0,0,0,0
0,4,1,0,0,0,0,0,0,0
1,1,6,0,0,0,0,0,0,0
0,1,4,0,0,0,0,0,0,0
2,0,5,0,0,0,0,0,0,0
0,3,2,0,0,0,0,0,0,0
0,2,5,0,0,0,0,0,0,0
0,1,4,0,0,0,0,0,0,0
1,1,5,0,0,0,0,0,0,0
0,2,4,0,0,0,0,0,0,0
0,5,3,0,0,0,0,0,0,0
1,11,20,0,0,0,0,0,0,0
0,2,7,0,0,0,0,0,0,0
0,1,4,0,0,0,0,0,0,0
0,1,5,0,0,0,0,0,0,0
0,2,3,0,0,0,0,0,0,0
2,5,2,0,0,0,0,0,0,0
0,2,11,0,0,0,0,0,0,0
0,2,9,0,0,0,0,0,0,0
0,1,4,0,0,0,0,0,0,0
2,0,8,0,0,0,0,0,0,0
0,10,4,0,0,0,0,0,0,0
0,1,5,0,0,0,0,0,0,0
0,2,3,0,0,0,0,0,0,0
1,5,3,0,0,0,0,0,0,0
0,1,4,0,0,0,0,0,0,0
1,2,7,0,0,0,0,0,0,0
1,1,13,0,0,0,0,0,0,0
2,1,2,0,0,0,0,0,0,0
0,2,8,0,0,0,0,0,0,0
0,1,4,0,0,0,0,0,0,0
0,3,8,0,0,0,0,0,0,0
0,1,5,0,0,0,0,0,0,0
0,4,3,0,0,0,0,0,0,0
0,4,3,0,0,0,0,0,0,0
1,5,9,0,0,0,0,0,0,0
1,2,3,0,0,0,0,0,0,0
0,5,4,0,0,0,0,0,0,0
1,1,4,0,0,0,0,0,0,0
1,1,13,0,0,0,0,0,0,0
0,1,5,0,0,0,0,0,0,0
0,12,3,0,0,0,0,0,0,0
0,4,1,0,0,0,0,0,0,0
0,1,5,0,0,0,0,0,0,0
1,1,4,0,0,0,0,0,0,0
1,1,3,0,0,0,0,0,0,0
0,1,5,0,0,0,0,0,0,0
23,33,1,0,0,0,0,0,0,0
0,1,4,0,0,0,0,0,0,0
0,1,6,0,0,0,0,0,0,0
0,8,4,0,0,0,0,0,0,0
0,2,8,0,0,0,0,0,0,0
0,6,1,0,0,0,0,0,0,0
0,4,4,0,0,0,0,0,0,0
1,0,6,0,0,0,0,0,0,0
2,4,14,0,0,0,0,0,0,0
0,1,4,0,0,0,0,0,0,0
1,1,5,0,0,0,0,0,0,0
3,1,10,0,0,0,0,0,0,0
0,2,9,0,0,0,0,0,0,0
0,2,3,0,0,0,0,0,0,0
0,2,5,0,0,0,0,0,0,0
0,2,3,0,0,0,0,0,0,0
0,3,2,0,0,0,0,0,0,0
1,1,7,0,0,0,0,0,0,0
0,5,1,0,0,0,0,0,0,0
0,2,4,0,0,0,0,0,0,0
1,2,4,0,0,0,0,0,0,0
1,5,1,0,0,0,0,0,0,0
0,3,5,0,0,0,0,0,0,0
1,1,13,0,0,0,0,0,0,0
0,3,9,0,0,0,0,0,0,0
0,3,14,0,0,0,0,0,0,0
2,2,18,0,0,0,0,0,0,0
1,1,7,0,0,0,0,0,0,0
1,0,5,0,0,0,0,0,0,0
0,2,3,0,0,0,0,0,0,0
0,6,2,0,0,0,0,0,0,0
0,3,5,0,0,0,0,0,0,0
1,3,3,0,0,0,0,0,0,0
0,3,2,0,0,0,0,0,0,0
0,5,1,0,0,0,0,0,0,0
1,1,3,0,0,0,0,0,0,0
1,9,1,0,0,0,0,0,0,0
1,1,3,0,0,0,0,0,0,0
1,4,2,0,0,0,0,0,0,0
0,1,5,0,0,0,0,0,0,0
0,5,13,0,0,0,0,0,0,0
6,4,3,0,0,0,0,0,0,0
1,1,3,0,0,0,0,0,0,0
1,3,3,0,0,0,0,0,0,0
0,2,5,0,0,0,0,0,0,0
0,2,12,0,0,0,0,0,0,0
2,2,10,0,0,0,0,0,0,0
0,1,5,0,0,0,0,0,0,0
56,5,8,0,0,0,0,0,0,0
0,5,10,0,0,0,0,0,0,0
2,2,17,0,0,0,0,0,0,0
0,4,1,0,0,0,0,0,0,0
2,2,1,0,0,0,0,0,0,0
0,1,6,0,0,0,0,0,0,0
0,8,4,0,0,0,0,0,0,0
1,3,7,0,0,0,0,0,0,0
0,2,13,0,0,0,0,0,0,0
0,3,5,0,0,0,0,0,0,0
1,1,10,0,0,0,0,0,0,0
0,4,4,0,0,0,0,0,0,0
0,7,2,0,0,0,0,0,0,0
0,1,4,0,0,0,0,0,0,0
1,4,5,0,0,0,0,0,0,0
1,2,2,0,0,0,0,0,0,0
0,2,8,0,0,0,0,0,0,0
0,2,4,0,0,0,0,0,0,0
0,3,2,0,0,0,0,0,0,0
0,5,1,0,0,0,0,0,0,0
0,6,5,0,0,0,0,0,0,0
0,3,4,0,0,0,0,0,0,0
0,5,5,0,0,0,0,0,0,0
0,3,12,0,0,0,0,0,0,0
1,2,11,0,0,0,0,0,0,0
0,3,19,0,0,0,0,0,0,0
2,1,14,0,0,0,0,0,0,0
1,5,2,0,0,0,0,0,0,0
2,1,10,0,0,0,0,0,0,0
0,4,3,0,0,0,0,0,0,0
0,1,5,0,0,0,0,0,0,0
0,2,4,0,0,0,0,0,0,0
0,2,7,0,0,0,0,0,0,0
0,4,1,0,0,0,0,0,0,0
1,0,6,0,0,0,0,0,0,0
0,3,2,0,0,0,0,0,0,0
2,2,1,0,0,0,0,0,0,0
1,10,2,0,0,0,0,0,0,0
0,3,9,0,0,0,0,0,0,0
1,1,10,0,0,0,0,0,0,0
0,2,3,0,0,0,0,0,0,0
0,4,4,0,0,0,0,0,0,0
0,1,4,0,0,0,0,0,0,0
2,2,2,0,0,0,0,0,0,0
0,4,1,0,0,0,0,0,0,0
0,1,4,0,0,0,0,0,0,0
0,1,5,0,0,0,0,0,0,0
4,5,1,0,0,0,0,0,0,0
0,1,4,0,0,0,0,0,0,0
0,5,1,0,0,0,0,0,0,0
0,1,5,0,0,0,0,0,0,0
1,3,6,0,0,0,0,0,0,0
0,2,3,0,0,0,0,0,0,0
1,3,12,0,0,0,0,0,0,0
0,2,4,0,0,0,0,0,0,0
0,2,3,0,0,0,0,0,0,0
0,1,4,0,0,0,0,0,0,0
2,2,17,0,0,0,0,0,0,0
2,0,6,0,0,0,0,0,0,0
0,3,2,0,0,0,0,0,0,0
0,1,5,0,0,0,0,0,0,0
1,5,1,0,0,0,0,0,0,0
0,1,4,0,0,0,0,0,0,0
1,3,7,0,0,0,0,0,0,0
1,2,4,0,0,0,0,0,0,0
3,1,11,0,0,0,0,0,0,0
0,1,4,0,0,0,0,0,0,0
1,1,5,0,0,0,0,0,0,0
0,1,5,0,0,0,0,0,0,0
3,0,13,0,0,0,0,0,0,0
0,7,22,0,0,0,0,0,0,0
1,1,7,0,0,0,0,0,0,0
0,3,2,0,0,0,0,0,0,0
0,1,4,0,0,0,0,0,0,0
1,4,15,0,0,0,0,0,0,0
0,5,1,0,0,0,0,0,0,0
0,35,14,0,0,0,0,0,0,0
1,0,5,0,0,0,0,0,0,0
0,2,4,0,0,0,0,0,0,0
0,5,10,0,0,0,0,0,0,0
0,1,4,0,0,0,0,0,0,0
1,7,19,0,0,0,0,0,0,0
0,3,16,0,0,0,0,0,0,0
0,9,6,0,0,0,0,0,0,0
0,3,8,0,0,0,0,0,0,0
1,5,11,0,0,0,0,0,0,0
1,1,4,0,0,0,0,0,0,0
0,4,11,0,0,0,0,0,0,0
0,6,2,0,0,0,0,0,0,0
1,5,7,0,0,0,0,0,0,0
0,5,1,0,0,0,0,0,0,0
0,5,1,0,0,0,0,0,0,0
0,3,5,0,0,0,0,0,0,0
5,11,5,0,0,0,0,0,0,0
0,2,7,0,0,0,0,0,0,0
1,1,5,0,0,0,0,0,0,0
1,8,1,0,0,0,0,0,0,0
1,1,6,0,0,0,0,0,0,0
0,1,5,0,0,0,0,0,0,0
0,1,6,0,0,0,0,0,0,0
1,1,3,0,0,0,0,0,0,0
0,5,5,0,0,0,0,0,0,0
0,2,8,0,0,0,0,0,0,0
1,1,9,0,0,0,0,0,0,0
0,1,6,0,0,0,0,0,0,0
0,1,4,0,0,0,0,0,0,0
1,1,6,0,0,0,0,0,0,0
0,1,4,0,0,0,0,0,0,0
1,2,10,0,0,0,0,0,0,0
0,4,2,0,0,0,0,0,0,0
0,5,1,0,0,0,0,0,0,0
0,3,3,0,0,0,0,0,0,0
2,0,13,0,0,0,0,0,0,0
0,8,3,0,0,0,0,0,0,0
0,4,2,0,0,0,0,0,0,0
0,7,6,0,0,0,0,0,0,0
2,2,19,0,0,0,0,0,0,0
0,6,4,0,0,0,0,0,0,0
1,1,11,0,0,0,0,0,0,0
0,7,2,0,0,0,0,0,0,0
0,3,12,0,0,0,0,0,0,0
0,6,3,0,0,0,0,0,0,0
0,6,1,0,0,0,0,0,0,0
0,5,1,0,0,0,0,0,0,0
1,0,5,0,0,0,0,0,0,0
1,1,6,0,0,0,0,0,0,0
0,1,5,0,0,0,0,0,0,0
0,2,12,0,0,0,0,0,0,0
1,1,4,0,0,0,0,0,0,0
0,4,7,0,0,0,0,0,0,0
1,2,7,0,0,0,0,0,0,0
0,3,4,0,0,0,0,0,0,0
0,6,1,0,0,0,0,0,0,0
0,7,4,0,0,0,0,0,0,0
1,2,3,0,0,0,0,0,0,0
0,1,6,0,0,0,0,0,0,0
1,4,12,0,0,0,0,0,0,0
0,1,5,0,0,0,0,0,0,0
1,5,14,0,0,0,0,0,0,0
0,1,4,0,0,0,0,0,0,0
0,5,1,0,0,0,0,0,0,0
1,1,7,0,0,0,0,0,0,0
0,3,4,0,0,0,0,0,0,0
0,5,5,0,0,0,0,0,0,0
0,5,1,0,0,0,0,0,0,0
0,1,4,0,0,0,0,0,0,0
0,3,3,0,0,0,0,0,0,0
0,4,10,0,0,0,0,0,0,0
0,2,10,0,0,0,0,0,0,0
0,1,4,0,0,0,0,0,0,0
2,1,5,0,0,0,0,0,0,0
0,4,3,0,0,0,0,0,0,0
1,5,3,0,0,0,0,0,0,0
0,1,4,0,0,0,0,0,0,0
0,4,1,0,0,0,0,0,0,0
0,5,3,0,0,0,0,0,0,0
0,1,4,0,0,0,0,0,0,0
0,6,5,0,0,0,0,0,0,0
2,1,4,0,0,0,0,0,0,0
0,5,1,0,0,0,0,0,0,0
0,2,8,0,0,0,0,0,0,0
0,6,2,0,0,0,0,0,0,0
2,4,1,0,0,0,0,0,0,0
1,0,5,0,0,0,0,0,0,0
1,4,1,0,0,0,0,0,0,0
0,1,4,0,0,0,0,0,0,0
1,1,6,0,0,0,0,0,0,0
0,2,7,0,0,0,0,0,0,0
0,5,10,0,0,0,0,0,0,0
1,1,5,0,0,0,0,0,0,0
0,8,2,0,0,0,0,0,0,0
0,2,8,0,0,0,0,0,0,0
0,2,4,0,0,0,0,0,0,0
0,1,4,0,0,0,0,0,0,0
0,1,5,0,0,0,0,0,0,0
0,1,4,0,0,0,0,0,0,0
0,6,1,0,0,0,0,0,0,0
2,2,9,0,0,0,0,0,0,0
2,9,16,0,0,0,0,0,0,0
0,2,8,0,0,0,0,0,0,0
0,7,2,0,0,0,0,0,0,0
0,2,8,0,0,0,0,0,0,0
0,3,3,0,0,0,0,0,0,0
0,2,9,0,0,0,0,0,0,0
1,3,8,0,0,0,0,0,0,0
0,5,1,0,0,0,0,0,0,0
0,1,6,0,0,0,0,0,0,0
1,9,1,0,0,0,0,0,0,0
1,1,7,0,0,0,0,0,0,0
0,7,6,0,0,0,0,0,0,0
1,0,6,0,0,0,0,0,0,0
0,5,17,0,0,0,0,0,0,0
0,1,4,0,0,0,0,0,0,0
0,4,1,0,0,0,0,0,0,0
0,2,8,0,0,0,0,0,0,0
1,8,3,0,0,0,0,0,0,0
0,4,9,0,0,0,0,0,0,0
1,1,6,0,0,0,0,0,0,0
0,1,4,0,0,0,0,0,0,0
0,1,6,0,0,0,0,0,0,0
0,3,4,0,0,0,0,0,0,0
0,1,6,0,0,0,0,0,0,0
0,1,6,0,0,0,0,0,0,0
0,12,2,0,0,0,0,0,0,0
0,7,3,0,0,0,0,0,0,0
0,3,3,0,0,0,0,0,0,0
0,1,6,0,0,0,0,0,0,0
0,1,4,0,0,0,0,0,0,0
0,1,4,0,0,0,0,0,0,0
0,3,4,0,0,0,0,0,0,0
1,5,4,0,0,0,0,0,0,0
0,2,5,0,0,0,0,0,0,0
0,1,4,0,0,0,0,0,0,0
1,3,6,0,0,0,0,0,0,0
1,1,11,0,0,0,0,0,0,0
0,1,6,0,0,0,0,0,0,0
0,4,5,0,0,0,0,0,0,0
1,13,4,0,0,0,0,0,0,0
0,1,6,0,0,0,0,0,0,0
0,1,5,0,0,0,0,0,0,0
4,0,26,0,0,0,0,0,0,0
0,2,3,0,0,0,0,0,0,0
0,3,2,0,0,0,0,0,0,0
0,1,4,0,0,0,0,0,0,0
3,1,19,0,0,0,0,0,0,0
0,12,10,0,0,0,0,0,0,0
1,2,6,0,0,0,0,0,0,0
0,1,6,0,0,0,0,0,0,0
1,5,6,0,0,0,0,0,0,0
1,2,6,0,0,0,0,0,0,0
0,1,6,0,0,0,0,0,0,0
0,4,1,0,0,0,0,0,0,0
2,0,8,0,0,0,0,0,0,0
0,10,10,0,0,0,0,0,0,0
1,2,2,0,0,0,0,0,0,0
0,5,3,0,0,0,0,0,0,0
0,3,4,0,0,0,0,0,0,0
0,2,4,0,0,0,0,0,0,0
1,3,1,0,0,0,0,0,0,0
1,1,7,0,0,0,0,0,0,0
0,3,7,0,0,0,0,0,0,0
0,4,3,0,0,0,0,0,0,0
0,3,3,0,0,0,0,0,0,0
0,9,3,0,0,0,0,0,0,0
0,3,2,0,0,0,0,0,0,0
0,1,4,0,0,0,0,0,0,0
0,2,3,0,0,0,0,0,0,0
4,2,3,0,0,0,0,0,0,0
0,5,1,0,0,0,0,0,0,0
0,3,7,0,0,0,0,0,0,0
0,6,2,0,0,0,0,0,0,0
0,1,4,0,0,0,0,0,0,0
0,1,5,0,0,0,0,0,0,0
1,0,6,0,0,0,0,0,0,0
1,1,3,0,0,0,0,0,0,0
0,3,5,0,0,0,0,0,0,0
0,5,1,0,0,0,0,0,0,0
0,2,4,0,0,0,0,0,0,0
2,0,9,0,0,0,0,0,0,0
0,3,7,0,0,0,0,0,0,0
1,8,4,0,0,0,0,0,0,0
1,1,6,0,0,0,0,0,0,0
0,3,14,0,0,0,0,0,0,0
0,1,5,0,0,0,0,0,0,0
1,15,2,0,0,0,0,0,0,0
0,1,4,0,0,0,0,0,0,0
1,2,10,0,0,0,0,0,0,0
0,2,13,0,0,0,0,0,0,0
1,0,5,0,0,0,0,0,0,0
0,4,4,0,0,0,0,0,0,0
0,1,6,0,0,0,0,0,0,0
0,2,5,0,0,0,0,0,0,0
0,4,8,0,0,0,0,0,0,0
2,1,5,0,0,0,0,0,0,0
1,1,7,0,0,0,0,0,0,0
0,2,5,0,0,0,0,0,0,0
0,4,11,0,0,0,0,0,0,0
0,4,2,0,0,0,0,0,0,0
0,1,6,0,0,0,0,0,0,0
1,0,6,0,0,0,0,0,0,0
0,1,4,0,0,0,0,0,0,0
1,0,5,0,0,0,0,0,0,0
0,4,2,0,0,0,0,0,0,0
0,1,6,0,0,0,0,0,0,0
0,1,5,0,0,0,0,0,0,0
0,4,1,0,0,0,0,0,0,0
0,2,5,0,0,0,0,0,0,0
0,1,5,0,0,0,0,0,0,0
0,3,9,0,0,0,0,0,0,0
0,1,4,0,0,0,0,0,0,0
0,6,1,0,0,0,0,0,0,0
0,4,2,0,0,0,0,0,0,0
0,2,10,0,0,0,0,0,0,0
0,2,4,0,0,0,0,0,0,0
0,5,3,0,0,0,0,0,0,0
3,1,2,0,0,0,0,0,0,0
0,5,6,0,0,0,0,0,0,0
0,2,5,0,0,0,0,0,0,0
1,0,6,0,0,0,0,0,0,0
0,4,4,0,0,0,0,0,0,0
0,3,6,0,0,0,0,0,0,0
0,4,4,0,0,0,0,0,0,0
0,1,5,0,0,0,0,0,0,0
0,3,6,0,0,0,0,0,0,0
0,1,4,0,0,0,0,0,0,0
1,4,22,0,0,0,0,0,0,0
0,1,6,0,0,0,0,0,0,0
1,3,1,0,0,0,0,0,0,0
0,5,6,0,0,0,0,0,0,0
0,5,3,0,0,0,0,0,0,0
0,1,4,0,0,0,0,0,0,0
0,1,4,0,0,0,0,0,0,0
1,1,8,0,0,0,0,0,0,0
0,2,3,0,0,0,0,0,0,0
0,4,16,0,0,0,0,0,0,0
0,3,2,0,0,0,0,0,0,0
0,2,6,0,0,0,0,0,0,0
3,12,3,0,0,0,0,0,0,0
0,4,5,0,0,0,0,0,0,0
0,1,6,0,0,0,0,0,0,0
0,1,4,0,0,0,0,0,0,0
0,2,4,0,0,0,0,0,0,0
0,4,17,0,0,0,0,0,0,0
1,1,5,0,0,0,0,0,0,0
0,1,6,0,0,0,0,0,0,0
1,0,6,0,0,0,0,0,0,0
3,3,16,0,0,0,0,0,0,0
1,0,6,0,0,0,0,0,0,0
0,3,4,0,0,0,0,0,0,0
0,1,4,0,0,0,0,0,0,0
1,13,6,0,0,0,0,0,0,0
0,2,3,0,0,0,0,0,0,0
0,1,5,0,0,0,0,0,0,0
0,1,4,0,0,0,0,0,0,0
1,1,3,0,0,0,0,0,0,0
1,0,5,0,0,0,0,0,0,0
1,0,6,0,0,0,0,0,0,0
1,2,5,0,0,0,0,0,0,0
2,0,6,0,0,0,0,0,0,0
1,3,5,0,0,0,0,0,0,0
3,3,2,0,0,0,0,0,0,0
1,1,8,0,0,0,0,0,0,0
0,5,4,0,0,0,0,0,0,0
1,6,1,0,0,0,0,0,0,0
0,2,5,0,0,0,0,0,0,0
0,1,6,0,0,0,0,0,0,0
0,3,6,0,0,0,0,0,0,0
0,1,6,0,0,0,0,0,0,0
0,4,8,0,0,0,0,0,0,0
1,2,10,0,0,0,0,0,0,0
0,7,5,0,0,0,0,0,0,0
0,4,1,0,0,0,0,0,0,0
0,3,5,0,0,0,0,0,0,0
0,1,6,0,0,0,0,0,0,0
1,2,7,0,0,0,0,0,0,0
1,18,2,0,0,0,0,0,0,0
0,1,4,0,0,0,0,0,0,0
0,2,9,0,0,0,0,0,0,0
0,12,10,0,0,0,0,0,0,0
1,1,6,0,0,0,0,0,0,0
0,15,5,0,0,0,0,0,0,0
0,1,5,0,0,0,0,0,0,0
0,1,5,0,0,0,0,0,0,0
2,2,24,0,0,0,0,0,0,0
0,2,8,0,0,0,0,0,0,0
0,2,3,0,0,0,0,0,0,0
0,6,1,0,0,0,0,0,0,0
0,2,4,0,0,0,0,0,0,0
0,10,5,0,0,0,0,0,0,0
0,2,4,0,0,0,0,0,0,0
0,3,4,0,0,0,0,0,0,0
0,5,1,0,0,0,0,0,0,0
0,3,10,0,0,0,0,0,0,0
0,10,5,0,0,0,0,0,0,0
0,3,16,0,0,0,0,0,0,0
0,1,4,0,0,0,0,0,0,0
0,3,4,0,0,0,0,0,0,0
0,3,5,0,0,0,0,0,0,0
0,4,4,0,0,0,0,0,0,0
3,9,1,0,0,0,0,0,0,0
2,0,6,0,0,0,0,0,0,0
0,5,3,0,0,0,0,0,0,0
1,6,21,0,0,0,0,0,0,0
1,4,13,0,0,0,0,0,0,0
0,10,2,0,0,0,0,0,0,0
1,4,5,0,0,0,0,0,0,0
0,2,3,0,0,0,0,0,0,0
1,1,13,0,0,0,0,0,0,0
4,7,2,0,0,0,0,0,0,0
0,3,15,0,0,0,0,0,0,0
0,1,5,0,0,0,0,0,0,0
0,8,20,0,0,0,0,0,0,0
2,0,10,0,0,0,0,0,0,0
5,20,1,0,0,0,0,0,0,0
1,0,6,0,0,0,0,0,0,0
0,6,7,0,0,0,0,0,0,0
0,2,4,0,0,0,0,0,0,0
0,3,11,0,0,0,0,0,0,0
0,5,1,0,0,0,0,0,0,0
1,0,5,0,0,0,0,0,0,0
0,1,6,0,0,0,0,0,0,0
0,2,6,0,0,0,0,0,0,0
0,1,4,0,0,0,0,0,0,0
0,2,4,0,0,0,0,0,0,0
1,1,8,0,0,0,0,0,0,0
1,3,2,0,0,0,0,0,0,0
0,1,4,0,0,0,0,0,0,0
0,3,3,0,0,0,0,0,0,0
0,3,2,0,0,0,0,0,0,0
1,0,5,0,0,0,0,0,0,0
0,6,5,0,0,0,0,0,0,0
0,4,9,0,0,0,0,0,0,0
0,1,5,0,0,0,0,0,0,0
0,2,9,0,0,0,0,0,0,0
0,12,4,0,0,0,0,0,0,0
0,2,7,0,0,0,0,0,0,0
0,1,5,0,0,0,0,0,0,0
1,2,14,0,0,0,0,0,0,0
1,4,7,0,0,0,0,0,0,0
0,3,4,0,0,0,0,0,0,0
1,8,13,0,0,0,0,0,0,0
0,13,4,0,0,0,0,0,0,0
0,1,5,0,0,0,0,0,0,0
0,1,5,0,0,0,0,0,0,0
0,5,4,0,0,0,0,0,0,0
1,1,8,0,0,0,0,0,0,0
0,2,7,0,0,0,0,0,0,0
2,2,9,0,0,0,0,0,0,0
1,0,6,0,0,0,0,0,0,0
0,1,5,0,0,0,0,0,0,0
1,0,5,0,0,0,0,0,0,0
1,0,5,0,0,0,0,0,0,0
1,2,5,0,0,0,0,0,0,0
0,1,6,0,0,0,0,0,0,0
0,1,5,0,0,0,0,0,0,0
0,1,6,0,0,0,0,0,0,0
0,4,2,0,0,0,0,0,0,0
0,1,4,0,0,0,0,0,0,0
0,3,3,0,0,0,0,0,0,0
0,2,3,0,0,0,0,0,0,0
5,0,21,0,0,0,0,0,0,0
0,3,9,0,0,0,0,0,0,0
0,3,8,0,0,0,0,0,0,0
1,6,11,0,0,0,0,0,0,0
0,2,3,0,0,0,0,0,0,0
1,8,7,0,0,0,0,0,0,0
0,3,11,0,0,0,0,0,0,0
0,3,2,0,0,0,0,0,0,0
0,3,10,0,0,0,0,0,0,0
0,9,5,0,0,0,0,0,0,0
0,4,4,0,0,0,0,0,0,0
0,5,6,0,0,0,0,0,0,0
1,1,5,0,0,0,0,0,0,0
0,12,8,0,0,0,0,0,0,0
0,5,3,0,0,0,0,0,0,0
2,0,5,0,0,0,0,0,0,0
1,1,8,0,0,0,0,0,0,0
0,2,8,0,0,0,0,0,0,0
0,2,4,0,0,0,0,0,0,0
0,2,12,0,0,0,0,0,0,0
1,1,4,0,0,0,0,0,0,0
0,1,4,0,0,0,0,0,0,0
0,2,3,0,0,0,0,0,0,0
0,1,5,0,0,0,0,0,0,0
0,11,17,0,0,0,0,0,0,0
0,2,3,0,0,0,0,0,0,0
9,1,3,0,0,0,0,0,0,0
0,2,5,0,0,0,0,0,0,0
1,21,16,0,0,0,0,0,0,0
2,1,3,0,0,0,0,0,0,0
1,4,13,0,0,0,0,0,0,0
0,2,7,0,0,0,0,0,0,0
0,1,5,0,0,0,0,0,0,0
2,0,11,0,0,0,0,0,0,0
0,2,8,0,0,0,0,0,0,0
0,7,7,0,0,0,0,0,0,0
0,5,1,0,0,0,0,0,0,0
0,5,1,0,0,0,0,0,0,0
2,4,9,0,0,0,0,0,0,0
0,3,5,0,0,0,0,0,0,0
3,1,2,0,0,0,0,0,0,0
0,3,2,0,0,0,0,0,0,0
0,2,4,0,0,0,0,0,0,0
0,6,1,0,0,0,0,0,0,0
0,1,6,0,0,0,0,0,0,0
1,1,9,0,0,0,0,0,0,0
0,4,4,0,0,0,0,0,0,0
1,0,5,0,0,0,0,0,0,0
0,1,6,0,0,0,0,0,0,0
0,1,5,0,0,0,0,0,0,0
1,4,14,0,0,0,0,0,0,0
0,5,4,0,0,0,0,0,0,0
0,1,6,0,0,0,0,0,0,0
2,4,4,0,0,0,0,0,0,0
0,1,5,0,0,0,0,0,0,0
0,4,3,0,0,0,0,0,0,0
0,1,5,0,0,0,0,0,0,0
0,5,2,0,0,0,0,0,0,0
1,2,13,0,0,0,0,0,0,0
3,1,16,0,0,0,0,0,0,0
1,2,9,0,0,0,0,0,0,0
5,1,4,0,0,0,0,0,0,0
0,2,6,0,0,0,0,0,0,0
0,3,12,0,0,0,0,0,0,0
1,1,11,0,0,0,0,0,0,0
0,1,4,0,0,0,0,0,0,0
0,2,3,0,0,0,0,0,0,0
0,1,5,0,0,0,0,0,0,0
0,5,3,0,0,0,0,0,0,0
0,8,8,0,0,0,0,0,0,0
0,5,1,0,0,0,0,0,0,0
0,5,3,0,0,0,0,0,0,0
1,9,4,0,0,0,0,0,0,0
2,1,3,0,0,0,0,0,0,0
0,4,14,0,0,0,0,0,0,0
0,4,2,0,0,0,0,0,0,0
0,1,5,0,0,0,0,0,0,0
0,3,2,0,0,0,0,0,0,0
0,4,4,0,0,0,0,0,0,0
0,1,6,0,0,0,0,0,0,0
1,2,3,0,0,0,0,0,0,0
1,10,7,0,0,0,0,0,0,0
0,7,2,0,0,0,0,0,0,0
0,2,3,0,0,0,0,0,0,0
0,10,6,0,0,0,0,0,0,0
0,6,1,0,0,0,0,0,0,0
0,6,1,0,0,0,0,0,0,0
1,0,5,0,0,0,0,0,0,0
0,5,3,0,0,0,0,0,0,0
0,1,5,0,0,0,0,0,0,0
0,1,6,0,0,0,0,0,0,0
1,3,17,0,0,0,0,0,0,0
0,4,1,0,0,0,0,0,0,0
0,3,5,0,0,0,0,0,0,0
0,1,6,0,0,0,0,0,0,0
2,0,6,0,0,0,0,0,0,0
1,3,5,0,0,0,0,0,0,0
0,7,9,0,0,0,0,0,0,0
0,2,4,0,0,0,0,0,0,0
0,3,4,0,0,0,0,0,0,0
0,2,8,0,0,0,0,0,0,0
0,5,3,0,0,0,0,0,0,0
0,1,5,0,0,0,0,0,0,0
1,2,2,0,0,0,0,0,0,0
1,1,4,0,0,0,0,0,0,0
0,2,6,0,0,0,0,0,0,0
1,10,4,0,0,0,0,0,0,0
1,0,5,0,0,0,0,0,0,0
1,3,4,0,0,0,0,0,0,0
0,3,3,0,0,0,0,0,0,0
0,5,5,0,0,0,0,0,0,0
0,3,3,0,0,0,0,0,0,0
1,0,5,0,0,0,0,0,0,0
0,1,6,0,0,0,0,0,0,0
1,3,3,0,0,0,0,0,0,0
2,1,2,0,0,0,0,0,0,0
0,1,4,0,0,0,0,0,0,0
1,3,3,0,0,0,0,0,0,0
1,0,5,0,0,0,0,0,0,0
0,5,4,0,0,0,0,0,0,0
0,2,5,0,0,0,0,0,0,0
1,1,3,0,0,0,0,0,0,0
0,12,2,0,0,0,0,0,0,0
0,1,4,0,0,0,0,0,0,0
0,4,1,0,0,0,0,0,0,0
1,1,8,0,0,0,0,0,0,0
0,4,6,0,0,0,0,0,0,0
0,3,2,0,0,0,0,0,0,0
0,8,9,0,0,0,0,0,0,0
1,2,12,0,0,0,0,0,0,0
1,7,15,0,0,0,0,0,0,0
0,4,5,0,0,0,0,0,0,0
0,3,3,0,0,0,0,0,0,0
0,2,3,0,0,0,0,0,0,0
0,3,3,0,0,0,0,0,0,0
1,2,3,0,0,0,0,0,0,0
0,3,2,0,0,0,0,0,0,0
0,1,5,0,0,0,0,0,0,0
3,0,12,0,0,0,0,0,0,0
0,1,5,0,0,0,0,0,0,0
1,0,5,0,0,0,0,0,0,0
0,9,2,0,0,0,0,0,0,0
1,1,5,0,0,0,0,0,0,0
1,0,5,0,0,0,0,0,0,0
1,1,5,0,0,0,0,0,0,0
0,1,4,0,0,0,0,0,0,0
0,4,2,0,0,0,0,0,0,0
1,1,6,0,0,0,0,0,0,0
0,3,2,0,0,0,0,0,0,0
1,5,14,0,0,0,0,0,0,0
1,13,1,0,0,0,0,0,0,0
0,1,5,0,0,0,0,0,0,0
0,1,4,0,0,0,0,0,0,0
0,4,5,0,0,0,0,0,0,0
0,3,5,0,0,0,0,0,0,0
0,1,4,0,0,0,0,0,0,0
0,5,6,0,0,0,0,0,0,0
1,3,2,0,0,0,0,0,0,0
0,1,5,0,0,0,0,0,0,0
0,3,3,0,0,0,0,0,0,0
1,16,3,0,0,0,0,0,0,0
0,1,4,0,0,0,0,0,0,0
0,1,6,0,0,0,0,0,0,0
1,0,5,0,0,0,0,0,0,0
0,2,3,0,0,0,0,0,0,0
0,1,6,0,0,0,0,0,0,0
0,5,4,0,0,0,0,0,0,0
1,3,3,0,0,0,0,0,0,0
0,4,3,0,0,0,0,0,0,0
3,1,7,0,0,0,0,0,0,0
0,5,1,0,0,0,0,0,0,0
0,5,2,0,0,0,0,0,0,0
14,48,3,0,0,0,0,0,0,0
0,4,3,0,0,0,0,0,0,0
0,7,9,0,0,0,0,0,0,0
0,1,6,0,0,0,0,0,0,0
0,7,3,0,0,0,0,0,0,0
0,4,2,0,0,0,0,0,0,0
1,1,8,0,0,0,0,0,0,0
0,2,4,0,0,0,0,0,0,0
1,3,2,0,0,0,0,0,0,0
0,1,5,0,0,0,0,0,0,0
0,1,6,0,0,0,0,0,0,0
0,2,4,0,0,0,0,0,0,0
0,2,13,0,0,0,0,0,0,0
1,0,6,0,0,0,0,0,0,0
0,2,3,0,0,0,0,0,0,0
0,1,6,0,0,0,0,0,0,0
1,5,2,0,0,0,0,0,0,0
2,0,6,0,0,0,0,0,0,0
3,0,14,0,0,0,0,0,0,0
0,1,5,0,0,0,0,0,0,0
0,4,1,0,0,0,0,0,0,0
0,2,4,0,0,0,0,0,0,0
0,15,10,0,0,0,0,0,0,0
1,3,5,0,0,0,0,0,0,0
0,2,6,0,0,0,0,0,0,0
2,5,9,0,0,0,0,0,0,0
0,2,7,0,0,0,0,0,0,0
1,7,7,0,0,0,0,0,0,0
0,2,4,0,0,0,0,0,0,0
1,6,1,0,0,0,0,0,0,0
0,1,4,0,0,0,0,0,0,0
0,1,4,0,0,0,0,0,0,0
0,2,10,0,0,0,0,0,0,0
0,4,3,0,0,0,0,0,0,0
0,1,4,0,0,0,0,0,0,0
1,2,6,0,0,0,0,0,0,0
0,7,10,0,0,0,0,0,0,0
1,15,9,0,0,0,0,0,0,0
0,1,5,0,0,0,0,0,0,0
0,2,8,0,0,0,0,0,0,0
1,2,6,0,0,0,0,0,0,0
0,3,3,0,0,0,0,0,0,0
1,0,6,0,0,0,0,0,0,0
0,1,6,0,0,0,0,0,0,0
0,6,3,0,0,0,0,0,0,0
0,2,3,0,0,0,0,0,0,0
1,2,12,0,0,0,0,0,0,0
2,2,8,0,0,0,0,0,0,0
0,16,13,0,0,0,0,0,0,0
1,3,2,0,0,0,0,0,0,0
1,3,1,0,0,0,0,0,0,0
0,1,6,0,0,0,0,0,0,0
0,2,3,0,0,0,0,0,0,0
0,4,1,0,0,0,0,0,0,0
2,0,5,0,0,0,0,0,0,0
0,4,1,0,0,0,0,0,0,0
0,1,4,0,0,0,0,0,0,0
0,3,19,0,0,0,0,0,0,0
0,3,5,0,0,0,0,0,0,0
0,1,6,0,0,0,0,0,0,0
0,1,4,0,0,0,0,0,0,0
1,0,5,0,0,0,0,0,0,0
0,1,5,0,0,0,0,0,0,0
0,7,2,0,0,0,0,0,0,0
0,2,10,0,0,0,0,0,0,0
0,9,13,0,0,0,0,0,0,0
1,0,5,0,0,0,0,0,0,0
0,4,4,0,0,0,0,0,0,0
0,2,3,0,0,0,0,0,0,0
0,3,2,0,0,0,0,0,0,0
0,1,4,0,0,0,0,0,0,0
0,4,18,0,0,0,0,0,0,0
0,2,3,0,0,0,0,0,0,0
0,2,4,0,0,0,0,0,0,0
2,18,4,0,0,0,0,0,0,0
0,7,11,0,0,0,0,0,0,0
1,0,6,0,0,0,0,0,0,0
0,2,3,0,0,0,0,0,0,0
1,0,6,0,0,0,0,0,0,0
1,22,17,0,0,0,0,0,0,0
0,3,3,0,0,0,0,0,0,0
0,4,1,0,0,0,0,0,0,0
0,16,3,0,0,0,0,0,0,0
1,3,2,0,0,0,0,0,0,0
0,4,1,0,0,0,0,0,0,0
0,2,8,0,0,0,0,0,0,0
0,2,5,0,0,0,0,0,0,0
0,1,5,0,0,0,0,0,0,0
0,3,4,0,0,0,0,0,0,0
14,10,1,0,0,0,0,0,0,0
9,14,3,0,0,0,0,0,0,0
2,0,6,0,0,0,0,0,0,0
1,4,23,0,0,0,0,0,0,0
1,1,5,0,0,0,0,0,0,0
1,1,9,0,0,0,0,0,0,0
1,2,3,0,0,0,0,0,0,0
0,1,4,0,0,0,0,0,0,0
0,10,3,0,0,0,0,0,0,0
0,3,2,0,0,0,0,0,0,0
1,2,8,0,0,0,0,0,0,0
0,7,8,0,0,0,0,0,0,0
1,2,2,0,0,0,0,0,0,0
0,1,4,0,0,0,0,0,0,0
0,2,5,0,0,0,0,0,0,0
0,2,4,0,0,0,0,0,0,0
0,2,3,0,0,0,0,0,0,0
0,1,5,0,0,0,0,0,0,0
0,4,3,0,0,0,0,0,0,0
0,4,2,0,0,0,0,0,0,0
1,1,4,0,0,0,0,0,0,0
0,1,4,0,0,0,0,0,0,0
0,4,10,0,0,0,0,0,0,0
0,1,5,0,0,0,0,0,0,0
1,1,4,0,0,0,0,0,0,0
0,1,5,0,0,0,0,0,0,0
0,1,6,0,0,0,0,0,0,0
0,8,3,0,0,0,0,0,0,0
0,3,2,0,0,0,0,0,0,0
0,5,2,0,0,0,0,0,0,0
1,0,6,0,0,0,0,0,0,0
0,3,5,0,0,0,0,0,0,0
0,8,3,0,0,0,0,0,0,0
0,1,4,0,0,0,0,0,0,0
0,1,4,0,0,0,0,0,0,0
0,2,3,0,0,0,0,0,0,0
0,4,2,0,0,0,0,0,0,0
0,2,6,0,0,0,0,0,0,0
0,3,2,0,0,0,0,0,0,0
0,2,6,0,0,0,0,0,0,0
0,1,4,0,0,0,0,0,0,0
0,1,6,0,0,0,0,0,0,0
0,2,3,0,0,0,0,0,0,0
0,3,2,0,0,0,0,0,0,0
0,1,4,0,0,0,0,0,0,0
0,5,1,0,0,0,0,0,0,0
0,1,4,0,0,0,0,0,0,0
0,4,1,0,0,0,0,0,0,0
1,4,7,0,0,0,0,0,0,0
0,1,4,0,0,0,0,0,0,0
0,10,3,0,0,0,0,0,0,0
1,1,7,0,0,0,0,0,0,0
1,2,11,0,0,0,0,0,0,0
0,2,5,0,0,0,0,0,0,0
0,2,8,0,0,0,0,0,0,0
1,1,6,0,0,0,0,0,0,0
0,3,14,0,0,0,0,0,0,0
0,5,9,0,0,0,0,0,0,0
0,1,5,0,0,0,0,0,0,0
1,1,8,0,0,0,0,0,0,0
1,2,13,0,0,0,0,0,0,0
0,2,6,0,0,0,0,0,0,0
0,4,10,0,0,0,0,0,0,0
0,8,3,0,0,0,0,0,0,0
0,1,4,0,0,0,0,0,0,0
0,2,9,0,0,0,0,0,0,0
1,3,5,0,0,0,0,0,0,0
0,4,4,0,0,0,0,0,0,0
1,0,5,0,0,0,0,0,0,0
0,4,2,0,0,0,0,0,0,0
0,12,2,0,0,0,0,0,0,0
0,2,4,0,0,0,0,0,0,0
0,4,2,0,0,0,0,0,0,0
1,5,11,0,0,0,0,0,0,0
1,1,7,0,0,0,0,0,0,0
0,1,4,0,0,0,0,0,0,0
0,4,1,0,0,0,0,0,0,0
1,3,1,0,0,0,0,0,0,0
1,2,2,0,0,0,0,0,0,0
1,0,6,0,0,0,0,0,0,0
2,0,11,0,0,0,0,0,0,0
0,3,2,0,0,0,0,0,0,0
0,4,2,0,0,0,0,0,0,0
0,6,1,0,0,0,0,0,0,0
1,7,4,0,0,0,0,0,0,0
0,2,3,0,0,0,0,0,0,0
0,3,2,0,0,0,0,0,0,0
0,5,1,0,0,0,0,0,0,0
0,1,6,0,0,0,0,0,0,0
2,6,4,0,0,0,0,0,0,0
0,5,1,0,0,0,0,0,0,0
0,1,4,0,0,0,0,0,0,0
0,4,1,0,0,0,0,0,0,0
0,4,1,0,0,0,0,0,0,0
0,9,2,0,0,0,0,0,0,0
0,2,13,0,0,0,0,0,0,0
0,1,5,0,0,0,0,0,0,0
1,3,4,0,0,0,0,0,0,0
1,11,14,0,0,0,0,0,0,0
0,5,4,0,0,0,0,0,0,0
0,2,4,0,0,0,0,0,0,0
0,11,7,0,0,0,0,0,0,0
1,1,4,0,0,0,0,0,0,0
3,1,7,0,0,0,0,0,0,0
1,1,7,0,0,0,0,0,0,0
0,2,4,0,0,0,0,0,0,0
0,2,3,0,0,0,0,0,0,0
1,2,15,0,0,0,0,0,0,0
0,4,4,0,0,0,0,0,0,0
0,5,1,0,0,0,0,0,0,0
1,7,16,0,0,0,0,0,0,0
0,4,1,0,0,0,0,0,0,0
1,1,8,0,0,0,0,0,0,0
0,3,3,0,0,0,0,0,0,0
0,10,2,0,0,0,0,0,0,0
1,2,2,0,0,0,0,0,0,0
1,2,11,0,0,0,0,0,0,0
0,5,3,0,0,0,0,0,0,0
0,2,3,0,0,0,0,0,0,0
1,1,3,0,0,0,0,0,0,0
0,4,2,0,0,0,0,0,0,0
0,1,4,0,0,0,0,0,0,0
0,2,3,0,0,0,0,0,0,0
0,3,14,0,0,0,0,0,0,0
0,1,4,0,0,0,0,0,0,0
0,2,4,0,0,0,0,0,0,0
0,4,1,0,0,0,0,0,0,0
2,2,18,0,0,0,0,0,0,0
1,2,15,0,0,0,0,0,0,0
0,9,3,0,0,0,0,0,0,0
0,9,8,0,0,0,0,0,0,0
0,1,4,0,0,0,0,0,0,0
1,3,24,0,0,0,0,0,0,0
0,3,3,0,0,0,0,0,0,0
1,0,5,0,0,0,0,0,0,0
1,0,6,0,0,0,0,0,0,0
2,6,1,0,0,0,0,0,0,0
2,2,6,0,0,0,0,0,0,0
0,7,8,0,0,0,0,0,0,0
0,1,5,0,0,0,0,0,0,0
1,1,3,0,0,0,0,0,0,0
0,2,3,0,0,0,0,0,0,0
1,0,5,0,0,0,0,0,0,0
0,1,5,0,0,0,0,0,0,0
0,1,6,0,0,0,0,0,0,0
1,2,11,0,0,0,0,0,0,0
0,4,7,0,0,0,0,0,0,0
0,1,4,0,0,0,0,0,0,0
0,2,10,0,0,0,0,0,0,0
1,2,2,0,0,0,0,0,0,0
0,2,3,0,0,0,0,0,0,0
1,2,8,0,0,0,0,0,0,0
1,0,6,0,0,0,0,0,0,0
1,6,3,0,0,0,0,0,0,0
0,3,2,0,0,0,0,0,0,0
1,3,2,0,0,0,0,0,0,0
0,1,5,0,0,0,0,0,0,0
0,7,2,0,0,0,0,0,0,0
0,4,1,0,0,0,0,0,0,0
0,2,4,0,0,0,0,0,0,0
0,21,4,0,0,0,0,0,0,0
0,2,6,0,0,0,0,0,0,0
0,8,13,0,0,0,0,0,0,0
1,3,3,0,0,0,0,0,0,0
0,3,2,0,0,0,0,0,0,0
0,8,3,0,0,0,0,0,0,0
0,1,4,0,0,0,0,0,0,0
1,2,15,0,0,0,0,0,0,0
0,9,20,0,0,0,0,0,0,0
0,2,5,0,0,0,0,0,0,0
1,1,12,0,0,0,0,0,0,0
0,1,4,0,0,0,0,0,0,0
0,5,2,0,0,0,0,0,0,0
0,4,7,0,0,0,0,0,0,0
1,6,3,0,0,0,0,0,0,0
0,1,5,0,0,0,0,0,0,0
0,2,11,0,0,0,0,0,0,0
0,5,4,0,0,0,0,0,0,0
0,11,4,0,0,0,0,0,0,0
0,2,6,0,0,0,0,0,0,0
1,5,2,0,0,0,0,0,0,0
0,4,1,0,0,0,0,0,0,0
0,2,3,0,0,0,0,0,0,0
0,1,6,0,0,0,0,0,0,0
2,11,1,0,0,0,0,0,0,0
0,5,2,0,0,0,0,0,0,0
0,1,4,0,0,0,0,0,0,0
0,7,2,0,0,0,0,0,0,0
1,1,3,0,0,0,0,0,0,0
1,6,1,0,0,0,0,0,0,0
0,1,5,0,0,0,0,0,0,0
0,2,3,0,0,0,0,0,0,0
0,1,5,0,0,0,0,0,0,0
0,1,6,0,0,0,0,0,0,0
0,1,5,0,0,0,0,0,0,0
0,2,10,0,0,0,0,0,0,0
1,1,7,0,0,0,0,0,0,0
1,3,18,0,0,0,0,0,0,0
3,3,6,0,0,0,0,0,0,0
0,1,5,0,0,0,0,0,0,0
0,4,1,0,0,0,0,0,0,0
0,1,5,0,0,0,0,0,0,0
0,1,4,0,0,0,0,0,0,0
0,13,3,0,0,0,0,0,0,0
0,3,5,0,0,0,0,0,0,0
0,1,6,0,0,0,0,0,0,0
1,2,2,0,0,0,0,0,0,0
0,3,4,0,0,0,0,0,0,0
0,1,5,0,0,0,0,0,0,0
0,7,8,0,0,0,0,0,0,0
0,7,2,0,0,0,0,0,0,0
0,3,4,0,0,0,0,0,0,0
0,5,2,0,0,0,0,0,0,0
1,3,11,0,0,0,0,0,0,0
1,4,2,0,0,0,0,0,0,0
0,2,13,0,0,0,0,0,0,0
0,2,3,0,0,0,0,0,0,0
0,2,4,0,0,0,0,0,0,0
0,1,4,0,0,0,0,0,0,0
0,3,4,0,0,0,0,0,0,0
0,2,3,0,0,0,0,0,0,0
1,1,7,0,0,0,0,0,0,0
1,1,6,0,0,0,0,0,0,0
0,3,4,0,0,0,0,0,0,0
0,1,5,0,0,0,0,0,0,0
0,3,4,0,0,0,0,0,0,0
0,1,4,0,0,0,0,0,0,0
0,2,6,0,0,0,0,0,0,0
1,4,5,0,0,0,0,0,0,0
0,3,2,0,0,0,0,0,0,0
1,0,5,0,0,0,0,0,0,0
0,1,4,0,0,0,0,0,0,0
1,2,19,0,0,0,0,0,0,0
0,4,3,0,0,0,0,0,0,0
0,3,3,0,0,0,0,0,0,0
0,5,1,0,0,0,0,0,0,0
1,0,5,0,0,0,0,0,0,0
1,1,12,0,0,0,0,0,0,0
0,1,5,0,0,0,0,0,0,0
0,4,1,0,0,0,0,0,0,0
0,2,5,0,0,0,0,0,0,0
0,2,12,0,0,0,0,0,0,0
0,7,4,0,0,0,0,0,0,0
0,5,1,0,0,0,0,0,0,0
0,4,1,0,0,0,0,0,0,0
0,6,1,0,0,0,0,0,0,0
0,3,9,0,0,0,0,0,0,0
57,74,1,0,0,0,0,0,0,0
1,1,6,0,0,0,0,0,0,0
0,1,5,0,0,0,0,0,0,0
0,1,6,0,0,0,0,0,0,0
0,2,5,0,0,0,0,0,0,0
0,3,2,0,0,0,0,0,0,0
0,3,4,0,0,0,0,0,0,0
1,2,17,0,0,0,0,0,0,0
0,5,1,0,0,0,0,0,0,0
0,1,5,0,0,0,0,0,0,0
0,2,3,0,0,0,0,0,0,0
0,2,6,0,0,0,0,0,0,0
1,1,5,0,0,0,0,0,0,0
0,2,10,0,0,0,0,0,0,0
0,2,9,0,0,0,0,0,0,0
1,1,6,0,0,0,0,0,0,0
0,1,6,0,0,0,0,0,0,0
0,7,3,0,0,0,0,0,0,0
0,6,1,0,0,0,0,0,0,0
0,7,2,0,0,0,0,0,0,0
1,8,5,0,0,0,0,0,0,0
0,1,4,0,0,0,0,0,0,0
1,13,3,0,0,0,0,0,0,0
0,1,5,0,0,0,0,0,0,0
2,3,6,0,0,0,0,0,0,0
1,4,8,0,0,0,0,0,0,0
0,1,6,0,0,0,0,0,0,0
0,2,4,0,0,0,0,0,0,0
0,1,4,0,0,0,0,0,0,0
1,4,2,0,0,0,0,0,0,0
1,2,5,0,0,0,0,0,0,0
0,1,5,0,0,0,0,0,0,0
0,3,3,0,0,0,0,0,0,0
0,4,7,0,0,0,0,0,0,0
1,1,3,0,0,0,0,0,0,0
0,1,4,0,0,0,0,0,0,0
0,1,6,0,0,0,0,0,0,0
0,8,15,0,0,0,0,0,0,0
0,1,5,0,0,0,0,0,0,0
1,0,6,0,0,0,0,0,0,0
0,4,1,0,0,0,0,0,0,0
0,3,7,0,0,0,0,0,0,0
0,5,2,0,0,0,0,0,0,0
0,6,3,0,0,0,0,0,0,0
1,3,15,0,0,0,0,0,0,0
0,7,18,0,0,0,0,0,0,0
0,2,3,0,0,0,0,0,0,0
0,2,6,0,0,0,0,0,0,0
0,8,3,0,0,0,0,0,0,0
1,0,5,0,0,0,0,0,0,0
1,3,2,0,0,0,0,0,0,0
0,5,1,0,0,0,0,0,0,0
0,3,2,0,0,0,0,0,0,0
0,4,4,0,0,0,0,0,0,0
0,1,4,0,0,0,0,0,0,0
0,2,4,0,0,0,0,0,0,0
0,1,6,0,0,0,0,0,0,0
0,2,11,0,0,0,0,0,0,0
1,0,5,0,0,0,0,0,0,0
0,4,9,0,0,0,0,0,0,0
1,2,2,0,0,0,0,0,0,0
0,5,3,0,0,0,0,0,0,0
1,16,3,0,0,0,0,0,0,0
1,3,4,0,0,0,0,0,0,0
0,4,2,0,0,0,0,0,0,0
0,2,12,0,0,0,0,0,0,0
0,4,1,0,0,0,0,0,0,0
1,2,3,0,0,0,0,0,0,0
1,1,4,0,0,0,0,0,0,0
1,0,5,0,0,0,0,0,0,0
0,4,3,0,0,0,0,0,0,0
1,0,5,0,0,0,0,0,0,0
0,4,1,0,0,0,0,0,0,0
0,4,2,0,0,0,0,0,0,0
0,2,4,0,0,0,0,0,0,0
0,1,4,0,0,0,0,0,0,0
0,2,7,0,0,0,0,0,0,0
0,2,9,0,0,0,0,0,0,0
0,12,12,0,0,0,0,0,0,0
0,3,3,0,0,0,0,0,0,0
2,18,5,0,0,0,0,0,0,0
1,14,3,0,0,0,0,0,0,0
0,4,4,0,0,0,0,0,0,0
1,2,5,0,0,0,0,0,0,0
0,2,12,0,0,0,0,0,0,0
0,1,6,0,0,0,0,0,0,0
1,0,5,0,0,0,0,0,0,0
0,5,1,0,0,0,0,0,0,0
1,0,5,0,0,0,0,0,0,0
0,4,6,0,0,0,0,0,0,0
0,1,5,0,0,0,0,0,0,0
0,4,1,0,0,0,0,0,0,0
1,1,3,0,0,0,0,0,0,0
0,2,3,0,0,0,0,0,0,0
0,1,4,0,0,0,0,0,0,0
2,0,13,0,0,0,0,0,0,0
0,2,3,0,0,0,0,0,0,0
0,5,1,0,0,0,0,0,0,0
0,2,4,0,0,0,0,0,0,0
0,1,4,0,0,0,0,0,0,0
0,1,6,0,0,0,0,0,0,0
1,0,5,0,0,0,0,0,0,0
0,2,5,0,0,0,0,0,0,0
1,0,5,0,0,0,0,0,0,0
0,3,2,0,0,0,0,0,0,0
2,8,1,0,0,0,0,0,0,0
0,1,6,0,0,0,0,0,0,0
0,2,5,0,0,0,0,0,0,0
0,22,4,0,0,0,0,0,0,0
0,5,2,0,0,0,0,0,0,0
0,11,6,0,0,0,0,0,0,0
0,2,4,0,0,0,0,0,0,0
0,15,4,0,0,0,0,0,0,0
0,1,4,0,0,0,0,0,0,0
2,0,7,0,0,0,0,0,0,0
0,2,3,0,0,0,0,0,0,0
1,1,5,0,0,0,0,0,0,0
0,8,2,0,0,0,0,0,0,0
0,1,5,0,0,0,0,0,0,0
1,2,5,0,0,0,0,0,0,0
1,2,6,0,0,0,0,0,0,0
0,2,5,0,0,0,0,0,0,0
4,1,7,0,0,0,0,0,0,0
0,3,6,0,0,0,0,0,0,0
1,1,5,0,0,0,0,0,0,0
0,1,6,0,0,0,0,0,0,0
1,1,5,0,0,0,0,0,0,0
3,5,12,0,0,0,0,0,0,0
0,3,2,0,0,0,0,0,0,0
0,1,5,0,0,0,0,0,0,0
0,3,4,0,0,0,0,0,0,0
0,3,5,0,0,0,0,0,0,0
1,0,6,0,0,0,0,0,0,0
0,1,4,0,0,0,0,0,0,0
0,2,3,0,0,0,0,0,0,0
0,2,3,0,0,0,0,0,0,0
0,6,1,0,0,0,0,0,0,0
1,1,7,0,0,0,0,0,0,0
1,1,3,0,0,0,0,0,0,0
3,1,1,0,0,0,0,0,0,0
1,0,6,0,0,0,0,0,0,0
0,1,5,0,0,0,0,0,0,0
0,3,9,0,0,0,0,0,0,0
0,2,3,0,0,0,0,0,0,0
0,2,4,0,0,0,0,0,0,0
0,1,5,0,0,0,0,0,0,0
0,4,12,0,0,0,0,0,0,0
1,0,6,0,0,0,0,0,0,0
0,4,4,0,0,0,0,0,0,0
1,2,5,0,0,0,0,0,0,0
0,1,4,0,0,0,0,0,0,0
0,1,4,0,0,0,0,0,0,0
0,2,4,0,0,0,0,0,0,0
0,7,10,0,0,0,0,0,0,0
0,2,4,0,0,0,0,0,0,0
0,4,1,0,0,0,0,0,0,0
0,1,5,0,0,0,0,0,0,0
0,2,5,0,0,0,0,0,0,0
0,3,3,0,0,0,0,0,0,0
1,1,5,0,0,0,0,0,0,0
0,4,8,0,0,0,0,0,0,0
1,0,6,0,0,0,0,0,0,0
1,1,3,0,0,0,0,0,0,0
0,8,3,0,0,0,0,0,0,0
0,4,2,0,0,0,0,0,0,0
1,0,6,0,0,0,0,0,0,0
0,6,2,0,0,0,0,0,0,0
0,2,13,0,0,0,0,0,0,0
1,11,19,0,0,0,0,0,0,0
0,3,5,0,0,0,0,0,0,0
3,1,20,0,0,0,0,0,0,0
0,3,8,0,0,0,0,0,0,0
0,3,2,0,0,0,0,0,0,0
0,7,6,0,0,0,0,0,0,0
0,6,3,0,0,0,0,0,0,0
1,2,12,0,0,0,0,0,0,0
1,16,4,0,0,0,0,0,0,0
0,3,4,0,0,0,0,0,0,0
0,2,9,0,0,0,0,0,0,0
0,3,13,0,0,0,0,0,0,0
0,4,1,0,0,0,0,0,0,0
1,1,5,0,0,0,0,0,0,0
0,12,2,0,0,0,0,0,0,0
0,4,5,0,0,0,0,0,0,0
0,1,6,0,0,0,0,0,0,0
0,3,5,0,0,0,0,0,0,0
0,2,3,0,0,0,0,0,0,0
0,3,3,0,0,0,0,0,0,0
0,1,4,0,0,0,0,0,0,0
0,1,5,0,0,0,0,0,0,0
0,1,6,0,0,0,0,0,0,0
0,3,4,0,0,0,0,0,0,0
0,1,4,0,0,0,0,0,0,0
0,1,4,0,0,0,0,0,0,0
0,6,1,0,0,0,0,0,0,0
0,11,7,0,0,0,0,0,0,0
0,3,5,0,0,0,0,0,0,0
0,1,4,0,0,0,0,0,0,0
1,4,6,0,0,0,0,0,0,0
0,2,4,0,0,0,0,0,0,0
0,5,3,0,0,0,0,0,0,0
0,2,9,0,0,0,0,0,0,0
0,4,3,0,0,0,0,0,0,0
0,2,9,0,0,0,0,0,0,0
0,6,2,0,0,0,0,0,0,0
1,2,12,0,0,0,0,0,0,0
0,3,7,0,0,0,0,0,0,0
1,1,9,0,0,0,0,0,0,0
0,3,4,0,0,0,0,0,0,0
1,7,1,0,0,0,0,0,0,0
6,1,1,0,0,0,0,0,0,0
0,1,4,0,0,0,0,0,0,0
3,1,23,0,0,0,0,0,0,0
3,10,8,0,0,0,0,0,0,0
0,2,4,0,0,0,0,0,0,0
0,4,3,0,0,0,0,0,0,0
0,2,3,0,0,0,0,0,0,0
2,1,9,0,0,0,0,0,0,0
0,1,4,0,0,0,0,0,0,0
0,1,6,0,0,0,0,0,0,0
1,2,5,0,0,0,0,0,0,0
0,3,3,0,0,0,0,0,0,0
0,3,3,0,0,0,0,0,0,0
0,10,4,0,0,0,0,0,0,0
3,0,9,0,0,0,0,0,0,0
1,5,9,0,0,0,0,0,0,0
1,0,6,0,0,0,0,0,0,0
1,0,5,0,0,0,0,0,0,0
0,3,2,0,0,0,0,0,0,0
1,0,6,0,0,0,0,0,0,0
0,3,5,0,0,0,0,0,0,0
1,0,5,0,0,0,0,0,0,0
0,1,4,0,0,0,0,0,0,0
0,4,4,0,0,0,0,0,0,0
0,8,2,0,0,0,0,0,0,0
1,0,5,0,0,0,0,0,0,0
0,5,7,0,0,0,0,0,0,0
0,4,1,0,0,0,0,0,0,0
0,1,5,0,0,0,0,0,0,0
1,1,8,0,0,0,0,0,0,0
0,1,5,0,0,0,0,0,0,0
1,5,19,0,0,0,0,0,0,0
1,8,6,0,0,0,0,0,0,0
0,1,4,0,0,0,0,0,0,0
0,2,10,0,0,0,0,0,0,0
0,4,11,0,0,0,0,0,0,0
1,2,15,0,0,0,0,0,0,0
1,1,7,0,0,0,0,0,0,0
1,2,5,0,0,0,0,0,0,0
0,3,3,0,0,0,0,0,0,0
0,1,4,0,0,0,0,0,0,0
1,2,4,0,0,0,0,0,0,0
1,3,18,0,0,0,0,0,0,0
1,0,6,0,0,0,0,0,0,0
0,3,3,0,0,0,0,0,0,0
0,4,5,0,0,0,0,0,0,0
2,2,4,0,0,0,0,0,0,0
0,4,2,0,0,0,0,0,0,0
1,1,11,0,0,0,0,0,0,0
0,4,1,0,0,0,0,0,0,0
0,3,4,0,0,0,0,0,0,0
0,3,5,0,0,0,0,0,0,0
1,1,3,0,0,0,0,0,0,0
0,3,3,0,0,0,0,0,0,0
1,2,2,0,0,0,0,0,0,0
0,1,6,0,0,0,0,0,0,0
0,5,2,0,0,0,0,0,0,0
0,1,5,0,0,0,0,0,0,0
1,2,5,0,0,0,0,0,0,0
0,3,3,0,0,0,0,0,0,0
0,1,4,0,0,0,0,0,0,0
1,3,18,0,0,0,0,0,0,0
1,1,8,0,0,0,0,0,0,0
0,4,2,0,0,0,0,0,0,0
0,5,5,0,0,0,0,0,0,0
1,4,4,0,0,0,0,0,0,0
1,1,12,0,0,0,0,0,0,0
0,2,6,0,0,0,0,0,0,0
0,6,3,0,0,0,0,0,0,0
0,1,4,0,0,0,0,0,0,0
1,3,1,0,0,0,0,0,0,0
0,1,5,0,0,0,0,0,0,0
0,3,2,0,0,0,0,0,0,0
1,4,2,0,0,0,0,0,0,0
0,3,2,0,0,0,0,0,0,0
2,0,7,0,0,0,0,0,0,0
1,1,3,0,0,0,0,0,0,0
4,0,5,0,0,0,0,0,0,0
2,1,8,0,0,0,0,0,0,0
0,2,6,0,0,0,0,0,0,0
0,3,2,0,0,0,0,0,0,0
0,2,3,0,0,0,0,0,0,0
0,3,3,0,0,0,0,0,0,0
0,3,6,0,0,0,0,0,0,0
1,5,1,0,0,0,0,0,0,0
0,2,6,0,0,0,0,0,0,0
0,1,4,0,0,0,0,0,0,0
0,3,2,0,0,0,0,0,0,0
0,2,3,0,0,0,0,0,0,0
0,1,4,0,0,0,0,0,0,0
1,1,7,0,0,0,0,0,0,0
0,11,7,0,0,0,0,0,0,0
1,1,5,0,0,0,0,0,0,0
0,2,6,0,0,0,0,0,0,0
0,2,4,0,0,0,0,0,0,0
0,1,5,0,0,0,0,0,0,0
1,1,11,0,0,0,0,0,0,0
0,1,5,0,0,0,0,0,0,0
0,4,17,0,0,0,0,0,0,0
0,1,4,0,0,0,0,0,0,0
1,1,6,0,0,0,0,0,0,0
2,0,7,0,0,0,0,0,0,0
0,5,5,0,0,0,0,0,0,0
0,1,5,0,0,0,0,0,0,0
1,1,4,0,0,0,0,0,0,0
0,3,2,0,0,0,0,0,0,0
0,2,13,0,0,0,0,0,0,0
0,11,5,0,0,0,0,0,0,0
0,3,2,0,0,0,0,0,0,0
0,1,4,0,0,0,0,0,0,0
0,1,6,0,0,0,0,0,0,0
3,2,2,0,0,0,0,0,0,0
0,2,6,0,0,0,0,0,0,0
0,5,1,0,0,0,0,0,0,0
1,1,4,0,0,0,0,0,0,0
0,6,1,0,0,0,0,0,0,0
1,4,13,0,0,0,0,0,0,0
0,3,2,0,0,0,0,0,0,0
0,2,7,0,0,0,0,0,0,0
1,1,4,0,0,0,0,0,0,0
0,1,6,0,0,0,0,0,0,0
2,4,7,0,0,0,0,0,0,0
1,29,14,0,0,0,0,0,0,0
0,8,6,0,0,0,0,0,0,0
0,4,4,0,0,0,0,0,0,0
0,4,4,0,0,0,0,0,0,0
0,1,4,0,0,0,0,0,0,0
1,1,3,0,0,0,0,0,0,0
0,5,4,0,0,0,0,0,0,0
11,1,2,0,0,0,0,0,0,0
0,1,6,0,0,0,0,0,0,0
0,1,5,0,0,0,0,0,0,0
0,3,3,0,0,0,0,0,0,0
0,2,10,0,0,0,0,0,0,0
0,3,2,0,0,0,0,0,0,0
0,4,4,0,0,0,0,0,0,0
0,4,4,0,0,0,0,0,0,0
0,4,3,0,0,0,0,0,0,0
0,4,6,0,0,0,0,0,0,0
0,10,3,0,0,0,0,0,0,0
0,2,10,0,0,0,0,0,0,0
0,1,4,0,0,0,0,0,0,0
0,1,4,0,0,0,0,0,0,0
0,2,4,0,0,0,0,0,0,0
1,0,6,0,0,0,0,0,0,0
0,2,8,0,0,0,0,0,0,0
0,2,3,0,0,0,0,0,0,0
1,1,12,0,0,0,0,0,0,0
1,2,8,0,0,0,0,0,0,0
0,5,5,0,0,0,0,0,0,0
0,6,1,0,0,0,0,0,0,0
0,3,7,0,0,0,0,0,0,0
1,1,6,0,0,0,0,0,0,0
0,5,5,0,0,0,0,0,0,0
0,5,1,0,0,0,0,0,0,0
0,6,1,0,0,0,0,0,0,0
1,1,9,0,0,0,0,0,0,0
1,1,4,0,0,0,0,0,0,0
0,2,8,0,0,0,0,0,0,0
1,1,8,0,0,0,0,0,0,0
0,7,4,0,0,0,0,0,0,0
0,4,4,0,0,0,0,0,0,0
1,6,4,0,0,0,0,0,0,0
0,4,3,0,0,0,0,0,0,0
0,4,2,0,0,0,0,0,0,0
1,0,6,0,0,0,0,0,0,0
0,3,5,0,0,0,0,0,0,0
0,1,6,0,0,0,0,0,0,0
0,5,1,0,0,0,0,0,0,0
0,3,3,0,0,0,0,0,0,0
1,3,1,0,0,0,0,0,0,0
0,1,4,0,0,0,0,0,0,0
0,6,6,0,0,0,0,0,0,0
0,4,2,0,0,0,0,0,0,0
0,4,13,0,0,0,0,0,0,0
0,2,11,0,0,0,0,0,0,0
0,2,4,0,0,0,0,0,0,0
0,7,4,0,0,0,0,0,0,0
0,9,4,0,0,0,0,0,0,0
1,5,19,0,0,0,0,0,0,0
0,2,3,0,0,0,0,0,0,0
0,2,4,0,0,0,0,0,0,0
0,1,5,0,0,0,0,0,0,0
0,9,2,0,0,0,0,0,0,0
1,1,8,0,0,0,0,0,0,0
2,3,23,0,0,0,0,0,0,0
0,2,4,0,0,0,0,0,0,0
0,1,4,0,0,0,0,0,0,0
0,5,3,0,0,0,0,0,0,0
1,1,3,0,0,0,0,0,0,0
0,1,4,0,0,0,0,0,0,0
0,1,6,0,0,0,0,0,0,0
0,5,4,0,0,0,0,0,0,0
0,2,13,0,0,0,0,0,0,0
2,3,8,0,0,0,0,0,0,0
0,3,9,0,0,0,0,0,0,0
1,5,3,0,0,0,0,0,0,0
2,0,8,0,0,0,0,0,0,0
0,2,6,0,0,0,0,0,0,0
0,3,2,0,0,0,0,0,0,0
0,5,2,0,0,0,0,0,0,0
0,4,1,0,0,0,0,0,0,0
2,0,7,0,0,0,0,0,0,0
0,1,4,0,0,0,0,0,0,0
0,5,1,0,0,0,0,0,0,0
0,2,3,0,0,0,0,0,0,0
2,2,1,0,0,0,0,0,0,0
1,1,10,0,0,0,0,0,0,0
0,2,5,0,0,0,0,0,0,0
0,4,4,0,0,0,0,0,0,0
1,0,6,0,0,0,0,0,0,0
0,1,6,0,0,0,0,0,0,0
0,4,1,0,0,0,0,0,0,0
0,3,4,0,0,0,0,0,0,0
1,3,5,0,0,0,0,0,0,0
0,2,4,0,0,0,0,0,0,0
1,1,3,0,0,0,0,0,0,0
0,1,5,0,0,0,0,0,0,0
0,1,5,0,0,0,0,0,0,0
2,2,2,0,0,0,0,0,0,0
1,3,2,0,0,0,0,0,0,0
0,1,4,0,0,0,0,0,0,0
1,1,13,0,0,0,0,0,0,0
0,5,11,0,0,0,0,0,0,0
2,0,6,0,0,0,0,0,0,0
5,19,19,0,0,0,0,0,0,0
0,1,4,0,0,0,0,0,0,0
1,2,10,0,0,0,0,0,0,0
0,6,1,0,0,0,0,0,0,0
0,2,8,0,0,0,0,0,0,0
1,11,1,0,0,0,0,0,0,0
0,4,2,0,0,0,0,0,0,0
0,3,3,0,0,0,0,0,0,0
0,22,4,0,0,0,0,0,0,0
0,2,3,0,0,0,0,0,0,0
1,5,2,0,0,0,0,0,0,0
1,3,15,0,0,0,0,0,0,0
0,1,6,0,0,0,0,0,0,0
1,5,3,0,0,0,0,0,0,0
0,4,2,0,0,0,0,0,0,0
0,6,9,0,0,0,0,0,0,0
0,4,6,0,0,0,0,0,0,0
0,3,2,0,0,0,0,0,0,0
0,3,3,0,0,0,0,0,0,0
2,4,4,0,0,0,0,0,0,0
0,1,4,0,0,0,0,0,0,0
0,3,5,0,0,0,0,0,0,0
0,3,10,0,0,0,0,0,0,0
2,1,5,0,0,0,0,0,0,0
0,2,6,0,0,0,0,0,0,0
1,0,6,0,0,0,0,0,0,0
0,2,8,0,0,0,0,0,0,0
0,3,5,0,0,0,0,0,0,0
0,1,5,0,0,0,0,0,0,0
0,1,5,0,0,0,0,0,0,0
1,1,3,0,0,0,0,0,0,0
0,1,4,0,0,0,0,0,0,0
0,3,2,0,0,0,0,0,0,0
0,3,12,0,0,0,0,0,0,0
0,6,5,0,0,0,0,0,0,0
0,1,5,0,0,0,0,0,0,0
0,4,7,0,0,0,0,0,0,0
2,4,4,0,0,0,0,0,0,0
0,1,5,0,0,0,0,0,0,0
1,2,7,0,0,0,0,0,0,0
0,1,5,0,0,0,0,0,0,0
1,1,3,0,0,0,0,0,0,0
0,6,1,0,0,0,0,0,0,0
1,1,3,0,0,0,0,0,0,0
1,3,16,0,0,0,0,0,0,0
0,4,17,0,0,0,0,0,0,0
0,2,3,0,0,0,0,0,0,0
0,23,4,0,0,0,0,0,0,0
1,1,7,0,0,0,0,0,0,0
0,2,8,0,0,0,0,0,0,0
0,1,5,0,0,0,0,0,0,0
0,5,1,0,0,0,0,0,0,0
0,3,2,0,0,0,0,0,0,0
0,2,3,0,0,0,0,0,0,0
0,3,6,0,0,0,0,0,0,0
0,3,2,0,0,0,0,0,0,0
0,1,4,0,0,0,0,0,0,0
0,5,1,0,0,0,0,0,0,0
0,1,4,0,0,0,0,0,0,0
1,5,2,0,0,0,0,0,0,0
0,11,5,0,0,0,0,0,0,0
1,1,8,0,0,0,0,0,0,0
0,3,6,0,0,0,0,0,0,0
0,1,4,0,0,0,0,0,0,0
1,1,4,0,0,0,0,0,0,0
2,1,14,0,0,0,0,0,0,0
0,7,2,0,0,0,0,0,0,0
1,1,13,0,0,0,0,0,0,0
0,5,3,0,0,0,0,0,0,0
0,9,3,0,0,0,0,0,0,0
1,1,7,0,0,0,0,0,0,0
1,5,1,0,0,0,0,0,0,0
1,1,4,0,0,0,0,0,0,0
1,1,7,0,0,0,0,0,0,0
0,7,6,0,0,0,0,0,0,0
0,4,4,0,0,0,0,0,0,0
0,1,4,0,0,0,0,0,0,0
1,1,8,0,0,0,0,0,0,0
1,1,5,0,0,0,0,0,0,0
0,3,2,0,0,0,0,0,0,0
0,9,9,0,0,0,0,0,0,0
0,1,5,0,0,0,0,0,0,0
1,0,6,0,0,0,0,0,0,0
1,6,1,0,0,0,0,0,0,0
0,1,6,0,0,0,0,0,0,0
0,9,2,0,0,0,0,0,0,0
1,0,5,0,0,0,0,0,0,0
0,5,5,0,0,0,0,0,0,0
0,2,3,0,0,0,0,0,0,0
1,0,5,0,0,0,0,0,0,0
0,5,3,0,0,0,0,0,0,0
0,2,3,0,0,0,0,0,0,0
1,3,3,0,0,0,0,0,0,0
1,1,6,0,0,0,0,0,0,0
0,6,8,0,0,0,0,0,0,0
2,2,7,0,0,0,0,0,0,0
0,1,4,0,0,0,0,0,0,0
0,1,5,0,0,0,0,0,0,0
1,6,1,0,0,0,0,0,0,0
0,3,6,0,0,0,0,0,0,0
1,13,1,0,0,0,0,0,0,0
0,2,3,0,0,0,0,0,0,0
2,1,2,0,0,0,0,0,0,0
0,10,3,0,0,0,0,0,0,0
0,5,1,0,0,0,0,0,0,0
0,2,12,0,0,0,0,0,0,0
1,1,4,0,0,0,0,0,0,0
0,4,1,0,0,0,0,0,0,0
0,13,3,0,0,0,0,0,0,0
0,4,4,0,0,0,0,0,0,0
0,8,3,0,0,0,0,0,0,0
0,1,4,0,0,0,0,0,0,0
1,1,6,0,0,0,0,0,0,0
2,4,7,0,0,0,0,0,0,0
0,1,4,0,0,0,0,0,0,0
0,5,1,0,0,0,0,0,0,0
0,1,5,0,0,0,0,0,0,0
0,11,8,0,0,0,0,0,0,0
1,1,3,0,0,0,0,0,0,0
1,1,9,0,0,0,0,0,0,0
0,2,3,0,0,0,0,0,0,0
1,4,1,0,0,0,0,0,0,0
1,3,4,0,0,0,0,0,0,0
0,1,6,0,0,0,0,0,0,0
1,3,11,0,0,0,0,0,0,0
0,3,4,0,0,0,0,0,0,0
1,1,8,0,0,0,0,0,0,0
0,12,5,0,0,0,0,0,0,0
0,11,3,0,0,0,0,0,0,0
2,1,6,0,0,0,0,0,0,0
1,0,5,0,0,0,0,0,0,0
0,38,8,0,0,0,0,0,0,0
1,0,6,0,0,0,0,0,0,0
1,10,1,0,0,0,0,0,0,0
3,1,10,0,0,0,0,0,0,0
0,1,6,0,0,0,0,0,0,0
0,2,6,0,0,0,0,0,0,0
0,4,1,0,0,0,0,0,0,0
3,1,1,0,0,0,0,0,0,0
0,3,3,0,0,0,0,0,0,0
0,2,6,0,0,0,0,0,0,0
3,1,1,0,0,0,0,0,0,0
1,1,10,0,0,0,0,0,0,0
0,3,9,0,0,0,0,0,0,0
0,1,4,0,0,0,0,0,0,0
0,1,5,0,0,0,0,0,0,0
0,1,6,0,0,0,0,0,0,0
0,4,6,0,0,0,0,0,0,0
0,4,3,0,0,0,0,0,0,0
0,1,5,0,0,0,0,0,0,0
1,5,8,0,0,0,0,0,0,0
0,3,2,0,0,0,0,0,0,0
1,2,12,0,0,0,0,0,0,0
0,4,3,0,0,0,0,0,0,0
0,1,5,0,0,0,0,0,0,0
0,2,3,0,0,0,0,0,0,0
0,1,5,0,0,0,0,0,0,0
1,1,4,0,0,0,0,0,0,0
15,24,2,0,0,0,0,0,0,0
0,4,9,0,0,0,0,0,0,0
0,2,3,0,0,0,0,0,0,0
0,1,4,0,0,0,0,0,0,0
0,3,5,0,0,0,0,0,0,0
0,2,3,0,0,0,0,0,0,0
2,1,14,0,0,0,0,0,0,0
0,4,1,0,0,0,0,0,0,0
0,6,1,0,0,0,0,0,0,0
0,1,6,0,0,0,0,0,0,0
0,2,6,0,0,0,0,0,0,0
1,1,5,0,0,0,0,0,0,0
0,11,8,0,0,0,0,0,0,0
0,6,1,0,0,0,0,0,0,0
0,4,7,0,0,0,0,0,0,0
0,6,6,0,0,0,0,0,0,0
1,0,5,0,0,0,0,0,0,0
0,1,5,0,0,0,0,0,0,0
0,7,2,0,0,0,0,0,0,0
1,0,6,0,0,0,0,0,0,0
1,2,3,0,0,0,0,0,0,0
0,5,5,0,0,0,0,0,0,0
0,3,4,0,0,0,0,0,0,0
0,4,1,0,0,0,0,0,0,0
0,4,14,0,0,0,0,0,0,0
0,5,5,0,0,0,0,0,0,0
0,1,4,0,0,0,0,0,0,0
1,0,5,0,0,0,0,0,0,0
1,2,8,0,0,0,0,0,0,0
0,3,5,0,0,0,0,0,0,0
1,5,1,0,0,0,0,0,0,0
1,4,5,0,0,0,0,0,0,0
1,0,5,0,0,0,0,0,0,0
0,2,9,0,0,0,0,0,0,0
1,1,8,0,0,0,0,0,0,0
2,0,8,0,0,0,0,0,0,0
0,1,6,0,0,0,0,0,0,0
0,4,24,0,0,0,0,0,0,0
0,1,5,0,0,0,0,0,0,0
1,0,5,0,0,0,0,0,0,0
0,1,4,0,0,0,0,0,0,0
0,4,4,0,0,0,0,0,0,0
2,2,24,0,0,0,0,0,0,0
1,0,5,0,0,0,0,0,0,0
0,3,4,0,0,0,0,0,0,0
0,1,6,0,0,0,0,0,0,0
0,1,4,0,0,0,0,0,0,0
0,4,2,0,0,0,0,0,0,0
0,3,2,0,0,0,0,0,0,0
0,3,9,0,0,0,0,0,0,0
0,2,3,0,0,0,0,0,0,0
0,3,8,0,0,0,0,0,0,0
0,2,9,0,0,0,0,0,0,0
0,1,5,0,0,0,0,0,0,0
0,1,6,0,0,0,0,0,0,0
0,4,2,0,0,0,0,0,0,0
0,3,2,0,0,0,0,0,0,0
0,7,7,0,0,0,0,0,0,0
0,4,23,0,0,0,0,0,0,0
2,1,15,0,0,0,0,0,0,0
0,3,6,0,0,0,0,0,0,0
0,2,4,0,0,0,0,0,0,0
0,2,5,0,0,0,0,0,0,0
0,1,4,0,0,0,0,0,0,0
1,1,8,0,0,0,0,0,0,0
0,1,6,0,0,0,0,0,0,0
2,0,5,0,0,0,0,0,0,0
0,5,14,0,0,0,0,0,0,0
0,5,3,0,0,0,0,0,0,0
0,2,8,0,0,0,0,0,0,0
3,1,10,0,0,0,0,0,0,0
2,2,2,0,0,0,0,0,0,0
0,10,8,0,0,0,0,0,0,0
0,3,2,0,0,0,0,0,0,0
0,2,9,0,0,0,0,0,0,0
1,1,5,0,0,0,0,0,0,0
0,9,2,0,0,0,0,0,0,0
1,1,8,0,0,0,0,0,0,0
2,1,15,0,0,0,0,0,0,0
0,3,3,0,0,0,0,0,0,0
0,1,5,0,0,0,0,0,0,0
0,1,6,0,0,0,0,0,0,0
0,1,6,0,0,0,0,0,0,0
0,5,1,0,0,0,0,0,0,0
0,3,4,0,0,0,0,0,0,0
1,0,5,0,0,0,0,0,0,0
0,5,1,0,0,0,0,0,0,0
1,8,1,0,0,0,0,0,0,0
0,2,3,0,0,0,0,0,0,0
1,0,6,0,0,0,0,0,0,0
0,1,6,0,0,0,0,0,0,0
0,2,5,0,0,0,0,0,0,0
0,1,5,0,0,0,0,0,0,0
0,15,4,0,0,0,0,0,0,0
0,5,3,0,0,0,0,0,0,0
0,4,14,0,0,0,0,0,0,0
1,11,5,0,0,0,0,0,0,0
0,2,3,0,0,0,0,0,0,0
0,10,2,0,0,0,0,0,0,0
1,5,1,0,0,0,0,0,0,0
0,2,4,0,0,0,0,0,0,0
0,2,8,0,0,0,0,0,0,0
0,1,4,0,0,0,0,0,0,0
0,6,6,0,0,0,0,0,0,0
0,1,6,0,0,0,0,0,0,0
0,4,2,0,0,0,0,0,0,0
0,3,2,0,0,0,0,0,0,0
0,2,9,0,0,0,0,0,0,0
0,7,4,0,0,0,0,0,0,0
1,1,9,0,0,0,0,0,0,0
2,2,1,0,0,0,0,0,0,0
0,4,4,0,0,0,0,0,0,0
0,1,4,0,0,0,0,0,0,0
2,6,7,0,0,0,0,0,0,0
0,2,3,0,0,0,0,0,0,0
0,1,4,0,0,0,0,0,0,0
0,1,6,0,0,0,0,0,0,0
1,19,5,0,0,0,0,0,0,0
0,1,4,0,0,0,0,0,0,0
0,3,2,0,0,0,0,0,0,0
1,1,6,0,0,0,0,0,0,0
0,3,5,0,0,0,0,0,0,0
1,1,3,0,0,0,0,0,0,0
3,10,1,0,0,0,0,0,0,0
0,3,3,0,0,0,0,0,0,0
1,0,6,0,0,0,0,0,0,0
0,2,10,0,0,0,0,0,0,0
0,1,6,0,0,0,0,0,0,0
1,1,8,0,0,0,0,0,0,0
0,3,4,0,0,0,0,0,0,0
0,1,4,0,0,0,0,0,0,0
1,3,2,0,0,0,0,0,0,0
0,1,4,0,0,0,0,0,0,0
0,4,10,0,0,0,0,0,0,0
0,3,12,0,0,0,0,0,0,0
1,2,5,0,0,0,0,0,0,0
0,2,5,0,0,0,0,0,0,0
1,3,10,0,0,0,0,0,0,0
1,1,5,0,0,0,0,0,0,0
0,3,3,0,0,0,0,0,0,0
1,0,5,0,0,0,0,0,0,0
0,4,1,0,0,0,0,0,0,0
0,2,3,0,0,0,0,0,0,0
1,3,25,0,0,0,0,0,0,0
0,4,2,0,0,0,0,0,0,0
0,13,2,0,0,0,0,0,0,0
0,4,1,0,0,0,0,0,0,0
1,11,1,0,0,0,0,0,0,0
0,2,5,0,0,0,0,0,0,0
0,2,4,0,0,0,0,0,0,0
0,5,7,0,0,0,0,0,0,0
0,4,2,0,0,0,0,0,0,0
0,2,13,0,0,0,0,0,0,0
0,4,8,0,0,0,0,0,0,0
2,1,2,0,0,0,0,0,0,0
0,3,3,0,0,0,0,0,0,0
0,3,7,0,0,0,0,0,0,0
1,4,4,0,0,0,0,0,0,0
0,3,18,0,0,0,0,0,0,0
0,5,9,0,0,0,0,0,0,0
0,1,4,0,0,0,0,0,0,0
0,2,8,0,0,0,0,0,0,0
0,2,7,0,0,0,0,0,0,0
0,3,15,0,0,0,0,0,0,0
0,1,6,0,0,0,0,0,0,0
1,1,4,0,0,0,0,0,0,0
1,14,6,0,0,0,0,0,0,0
0,1,5,0,0,0,0,0,0,0
0,3,2,0,0,0,0,0,0,0
0,3,2,0,0,0,0,0,0,0
0,1,6,0,0,0,0,0,0,0
0,2,8,0,0,0,0,0,0,0
1,2,8,0,0,0,0,0,0,0
0,8,3,0,0,0,0,0,0,0
0,3,5,0,0,0,0,0,0,0
0,4,2,0,0,0,0,0,0,0
0,3,5,0,0,0,0,0,0,0
1,1,10,0,0,0,0,0,0,0
0,1,4,0,0,0,0,0,0,0
0,4,3,0,0,0,0,0,0,0
0,7,11,0,0,0,0,0,0,0
1,1,9,0,0,0,0,0,0,0
1,5,5,0,0,0,0,0,0,0
0,5,2,0,0,0,0,0,0,0
0,1,6,0,0,0,0,0,0,0
0,4,2,0,0,0,0,0,0,0
0,1,6,0,0,0,0,0,0,0
1,3,2,0,0,0,0,0,0,0
1,0,6,0,0,0,0,0,0,0
0,7,11,0,0,0,0,0,0,0
0,1,5,0,0,0,0,0,0,0
3,0,6,0,0,0,0,0,0,0
1,0,6,0,0,0,0,0,0,0
0,3,2,0,0,0,0,0,0,0
0,1,4,0,0,0,0,0,0,0
0,5,2,0,0,0,0,0,0,0
1,0,5,0,0,0,0,0,0,0
0,9,2,0,0,0,0,0,0,0
0,5,2,0,0,0,0,0,0,0
0,6,3,0,0,0,0,0,0,0
0,10,11,0,0,0,0,0,0,0
3,2,16,0,0,0,0,0,0,0
1,9,6,0,0,0,0,0,0,0
1,1,5,0,0,0,0,0,0,0
1,1,7,0,0,0,0,0,0,0
0,6,4,0,0,0,0,0,0,0
0,4,2,0,0,0,0,0,0,0
2,2,4,0,0,0,0,0,0,0
1,0,5,0,0,0,0,0,0,0
1,0,5,0,0,0,0,0,0,0
0,4,3,0,0,0,0,0,0,0
0,3,5,0,0,0,0,0,0,0
1,1,9,0,0,0,0,0,0,0
2,2,5,0,0,0,0,0,0,0
0,2,9,0,0,0,0,0,0,0
1,1,9,0,0,0,0,0,0,0
0,1,4,0,0,0,0,0,0,0
1,6,2,0,0,0,0,0,0,0
0,3,2,0,0,0,0,0,0,0
0,1,6,0,0,0,0,0,0,0
0,2,3,0,0,0,0,0,0,0
0,2,12,0,0,0,0,0,0,0
0,3,3,0,0,0,0,0,0,0
0,1,6,0,0,0,0,0,0,0
0,6,8,0,0,0,0,0,0,0
1,6,3,0,0,0,0,0,0,0
1,1,3,0,0,0,0,0,0,0
0,2,6,0,0,0,0,0,0,0
1,1,5,0,0,0,0,0,0,0
1,0,6,0,0,0,0,0,0,0
0,5,2,0,0,0,0,0,0,0
3,31,3,0,0,0,0,0,0,0
0,4,7,0,0,0,0,0,0,0
1,1,3,0,0,0,0,0,0,0
0,1,5,0,0,0,0,0,0,0
0,4,3,0,0,0,0,0,0,0
0,7,3,0,0,0,0,0,0,0
1,1,4,0,0,0,0,0,0,0
0,10,2,0,0,0,0,0,0,0
1,12,6,0,0,0,0,0,0,0
0,2,6,0,0,0,0,0,0,0
1,2,2,0,0,0,0,0,0,0
1,1,3,0,0,0,0,0,0,0
2,2,1,0,0,0,0,0,0,0
0,5,1,0,0,0,0,0,0,0
0,2,11,0,0,0,0,0,0,0
4,0,8,0,0,0,0,0,0,0
1,3,11,0,0,0,0,0,0,0
0,3,9,0,0,0,0,0,0,0
0,1,4,0,0,0,0,0,0,0
1,1,10,0,0,0,0,0,0,0
0,3,4,0,0,0,0,0,0,0
1,4,9,0,0,0,0,0,0,0
0,5,3,0,0,0,0,0,0,0
1,1,5,0,0,0,0,0,0,0
1,1,9,0,0,0,0,0,0,0
1,2,17,0,0,0,0,0,0,0
1,1,3,0,0,0,0,0,0,0
0,5,4,0,0,0,0,0,0,0
1,1,8,0,0,0,0,0,0,0
0,6,2,0,0,0,0,0,0,0
1,2,17,0,0,0,0,0,0,0
3,0,13,0,0,0,0,0,0,0
0,1,5,0,0,0,0,0,0,0
0,17,5,0,0,0,0,0,0,0
0,1,4,0,0,0,0,0,0,0
0,1,5,0,0,0,0,0,0,0
0,4,4,0,0,0,0,0,0,0
0,6,9,0,0,0,0,0,0,0
0,4,8,0,0,0,0,0,0,0
3,2,2,0,0,0,0,0,0,0
1,2,6,0,0,0,0,0,0,0
1,0,6,0,0,0,0,0,0,0
2,4,4,0,0,0,0,0,0,0
1,0,6,0,0,0,0,0,0,0
0,1,5,0,0,0,0,0,0,0
0,4,3,0,0,0,0,0,0,0
0,6,1,0,0,0,0,0,0,0
1,0,5,0,0,0,0,0,0,0
0,2,9,0,0,0,0,0,0,0
0,4,2,0,0,0,0,0,0,0
0,2,13,0,0,0,0,0,0,0
1,1,4,0,0,0,0,0,0,0
0,4,1,0,0,0,0,0,0,0
1,0,5,0,0,0,0,0,0,0
0,3,7,0,0,0,0,0,0,0
1,4,3,0,0,0,0,0,0,0
0,1,6,0,0,0,0,0,0,0
0,2,11,0,0,0,0,0,0,0
0,1,4,0,0,0,0,0,0,0
1,1,4,0,0,0,0,0,0,0
2,2,25,0,0,0,0,0,0,0
1,19,24,0,0,0,0,0,0,0
0,2,3,0,0,0,0,0,0,0
1,3,1,0,0,0,0,0,0,0
0,1,6,0,0,0,0,0,0,0
1,2,3,0,0,0,0,0,0,0
0,7,4,0,0,0,0,0,0,0
0,2,6,0,0,0,0,0,0,0
3,18,3,0,0,0,0,0,0,0
0,2,6,0,0,0,0,0,0,0
0,4,3,0,0,0,0,0,0,0
0,6,1,0,0,0,0,0,0,0
0,10,2,0,0,0,0,0,0,0
1,0,5,0,0,0,0,0,0,0
0,6,1,0,0,0,0,0,0,0
1,1,4,0,0,0,0,0,0,0
1,2,19,0,0,0,0,0,0,0
0,1,5,0,0,0,0,0,0,0
0,1,6,0,0,0,0,0,0,0
1,0,6,0,0,0,0,0,0,0
0,4,3,0,0,0,0,0,0,0
0,3,7,0,0,0,0,0,0,0
0,1,4,0,0,0,0,0,0,0
1,1,10,0,0,0,0,0,0,0
0,2,8,0,0,0,0,0,0,0
0,1,5,0,0,0,0,0,0,0
0,1,5,0,0,0,0,0,0,0
0,1,4,0,0,0,0,0,0,0
0,2,4,0,0,0,0,0,0,0
0,4,2,0,0,0,0,0,0,0
1,0,6,0,0,0,0,0,0,0
0,2,3,0,0,0,0,0,0,0
0,3,11,0,0,0,0,0,0,0
0,2,7,0,0,0,0,0,0,0
1,2,13,0,0,0,0,0,0,0
1,0,5,0,0,0,0,0,0,0
0,1,5,0,0,0,0,0,0,0
2,2,7,0,0,0,0,0,0,0
0,9,11,0,0,0,0,0,0,0
0,8,3,0,0,0,0,0,0,0
3,0,13,0,0,0,0,0,0,0
0,3,2,0,0,0,0,0,0,0
0,2,5,0,0,0,0,0,0,0
0,5,5,0,0,0,0,0,0,0
0,4,3,0,0,0,0,0,0,0
0,2,3,0,0,0,0,0,0,0
0,8,4,0,0,0,0,0,0,0
1,0,6,0,0,0,0,0,0,0
0,6,1,0,0,0,0,0,0,0
1,0,6,0,0,0,0,0,0,0
0,1,6,0,0,0,0,0,0,0
1,1,4,0,0,0,0,0,0,0
0,3,3,0,0,0,0,0,0,0
0,3,6,0,0,0,0,0,0,0
0,2,4,0,0,0,0,0,0,0
1,11,3,0,0,0,0,0,0,0
1,2,2,0,0,0,0,0,0,0
0,4,8,0,0,0,0,0,0,0
0,3,8,0,0,0,0,0,0,0
0,1,5,0,0,0,0,0,0,0
0,3,3,0,0,0,0,0,0,0
1,0,5,0,0,0,0,0,0,0
0,5,2,0,0,0,0,0,0,0
2,0,7,0,0,0,0,0,0,0
0,4,3,0,0,0,0,0,0,0
1,1,6,0,0,0,0,0,0,0
1,9,2,0,0,0,0,0,0,0
1,5,3,0,0,0,0,0,0,0
1,0,5,0,0,0,0,0,0,0
0,1,4,0,0,0,0,0,0,0
1,0,5,0,0,0,0,0,0,0
0,8,3,0,0,0,0,0,0,0
0,5,7,0,0,0,0,0,0,0
0,4,3,0,0,0,0,0,0,0
0,1,4,0,0,0,0,0,0,0
1,1,9,0,0,0,0,0,0,0
0,2,3,0,0,0,0,0,0,0
0,2,5,0,0,0,0,0,0,0
2,1,2,0,0,0,0,0,0,0
1,1,4,0,0,0,0,0,0,0
1,2,7,0,0,0,0,0,0,0
0,4,1,0,0,0,0,0,0,0
0,5,3,0,0,0,0,0,0,0
0,1,5,0,0,0,0,0,0,0
0,5,1,0,0,0,0,0,0,0
0,2,5,0,0,0,0,0,0,0
0,4,3,0,0,0,0,0,0,0
0,6,1,0,0,0,0,0,0,0
0,1,4,0,0,0,0,0,0,0
2,11,4,0,0,0,0,0,0,0
1,1,5,0,0,0,0,0,0,0
0,9,16,0,0,0,0,0,0,0
0,1,6,0,0,0,0,0,0,0
0,2,5,0,0,0,0,0,0,0
0,5,1,0,0,0,0,0,0,0
1,2,9,0,0,0,0,0,0,0
0,1,5,0,0,0,0,0,0,0
3,6,4,0,0,0,0,0,0,0
2,1,6,0,0,0,0,0,0,0
0,1,4,0,0,0,0,0,0,0
0,4,2,0,0,0,0,0,0,0
0,1,5,0,0,0,0,0,0,0
0,3,3,0,0,0,0,0,0,0
0,1,6,0,0,0,0,0,0,0
0,3,8,0,0,0,0,0,0,0
0,1,6,0,0,0,0,0,0,0
0,1,6,0,0,0,0,0,0,0
0,1,5,0,0,0,0,0,0,0
0,1,5,0,0,0,0,0,0,0
0,1,4,0,0,0,0,0,0,0
1,2,15,0,0,0,0,0,0,0
0,4,1,0,0,0,0,0,0,0
1,3,3,0,0,0,0,0,0,0
2,3,17,0,0,0,0,0,0,0
0,1,4,0,0,0,0,0,0,0
0,4,3,0,0,0,0,0,0,0
1,0,5,0,0,0,0,0,0,0
0,2,3,0,0,0,0,0,0,0
9,3,1,0,0,0,0,0,0,0
0,2,3,0,0,0,0,0,0,0
0,1,6,0,0,0,0,0,0,0
0,2,6,0,0,0,0,0,0,0
0,1,4,0,0,0,0,0,0,0
1,1,11,0,0,0,0,0,0,0
0,4,2,0,0,0,0,0,0,0
8,0,10,0,0,0,0,0,0,0
0,2,5,0,0,0,0,0,0,0
0,2,3,0,0,0,0,0,0,0
0,6,1,0,0,0,0,0,0,0
0,7,2,0,0,0,0,0,0,0
0,7,3,0,0,0,0,0,0,0
0,8,17,0,0,0,0,0,0,0
1,0,5,0,0,0,0,0,0,0
1,3,3,0,0,0,0,0,0,0
1,0,5,0,0,0,0,0,0,0
1,0,5,0,0,0,0,0,0,0
0,5,10,0,0,0,0,0,0,0
0,1,6,0,0,0,0,0,0,0
0,2,5,0,0,0,0,0,0,0
1,1,4,0,0,0,0,0,0,0
0,3,2,0,0,0,0,0,0,0
0,1,4,0,0,0,0,0,0,0
1,0,6,0,0,0,0,0,0,0
0,2,3,0,0,0,0,0,0,0
0,3,9,0,0,0,0,0,0,0
0,6,2,0,0,0,0,0,0,0
1,3,1,0,0,0,0,0,0,0
0,2,3,0,0,0,0,0,0,0
0,2,3,0,0,0,0,0,0,0
0,5,3,0,0,0,0,0,0,0
1,0,5,0,0,0,0,0,0,0
0,1,4,0,0,0,0,0,0,0
0,1,6,0,0,0,0,0,0,0
0,3,3,0,0,0,0,0,0,0
1,2,12,0,0,0,0,0,0,0
1,1,7,0,0,0,0,0,0,0
1,0,6,0,0,0,0,0,0,0
0,2,4,0,0,0,0,0,0,0
0,1,6,0,0,0,0,0,0,0
0,1,5,0,0,0,0,0,0,0
1,1,12,0,0,0,0,0,0,0
0,2,4,0,0,0,0,0,0,0
0,3,4,0,0,0,0,0,0,0
1,1,7,0,0,0,0,0,0,0
0,1,6,0,0,0,0,0,0,0
0,2,12,0,0,0,0,0,0,0
0,1,4,0,0,0,0,0,0,0
0,7,7,0,0,0,0,0,0,0
0,1,4,0,0,0,0,0,0,0
0,2,3,0,0,0,0,0,0,0
0,6,3,0,0,0,0,0,0,0
0,1,4,0,0,0,0,0,0,0
0,6,2,0,0,0,0,0,0,0
1,2,2,0,0,0,0,0,0,0
0,4,14,0,0,0,0,0,0,0
1,1,11,0,0,0,0,0,0,0
0,2,4,0,0,0,0,0,0,0
0,1,4,0,0,0,0,0,0,0
0,1,5,0,0,0,0,0,0,0
0,3,13,0,0,0,0,0,0,0
0,2,3,0,0,0,0,0,0,0
0,1,4,0,0,0,0,0,0,0
1,0,6,0,0,0,0,0,0,0
1,2,6,0,0,0,0,0,0,0
0,4,4,0,0,0,0,0,0,0
0,4,7,0,0,0,0,0,0,0
0,1,4,0,0,0,0,0,0,0
0,5,2,0,0,0,0,0,0,0
0,2,5,0,0,0,0,0,0,0
0,2,5,0,0,0,0,0,0,0
22,7,3,0,0,0,0,0,0,0
0,6,2,0,0,0,0,0,0,0
0,1,5,0,0,0,0,0,0,0
0,19,4,0,0,0,0,0,0,0
0,2,5,0,0,0,0,0,0,0
1,3,6,0,0,0,0,0,0,0
0,13,7,0,0,0,0,0,0,0
0,1,6,0,0,0,0,0,0,0
0,1,4,0,0,0,0,0,0,0
0,1,5,0,0,0,0,0,0,0
1,1,4,0,0,0,0,0,0,0
0,1,5,0,0,0,0,0,0,0
0,3,2,0,0,0,0,0,0,0
1,5,12,0,0,0,0,0,0,0
0,10,4,0,0,0,0,0,0,0
3,1,8,0,0,0,0,0,0,0
0,2,8,0,0,0,0,0,0,0
0,3,4,0,0,0,0,0,0,0
0,5,2,0,0,0,0,0,0,0
0,5,7,0,0,0,0,0,0,0
0,6,2,0,0,0,0,0,0,0
0,4,1,0,0,0,0,0,0,0
0,8,2,0,0,0,0,0,0,0
1,1,7,0,0,0,0,0,0,0
0,4,3,0,0,0,0,0,0,0
12,18,2,0,0,0,0,0,0,0
0,3,3,0,0,0,0,0,0,0
0,3,5,0,0,0,0,0,0,0
2,0,6,0,0,0,0,0,0,0
1,3,2,0,0,0,0,0,0,0
0,4,6,0,0,0,0,0,0,0
0,8,3,0,0,0,0,0,0,0
69,56,3,0,0,0,0,0,0,0
0,5,2,0,0,0,0,0,0,0
0,5,6,0,0,0,0,0,0,0
2,0,10,0,0,0,0,0,0,0
0,3,19,0,0,0,0,0,0,0
0,9,2,0,0,0,0,0,0,0
1,1,7,0,0,0,0,0,0,0
0,3,2,0,0,0,0,0,0,0
0,1,5,0,0,0,0,0,0,0
0,7,2,0,0,0,0,0,0,0
1,1,9,0,0,0,0,0,0,0
4,9,2,0,0,0,0,0,0,0
3,2,13,0,0,0,0,0,0,0
0,4,1,0,0,0,0,0,0,0
2,2,10,0,0,0,0,0,0,0
0,1,6,0,0,0,0,0,0,0
0,4,3,0,0,0,0,0,0,0
1,0,6,0,0,0,0,0,0,0
0,7,3,0,0,0,0,0,0,0
0,7,6,0,0,0,0,0,0,0
1,0,5,0,0,0,0,0,0,0
0,2,3,0,0,0,0,0,0,0
0,1,5,0,0,0,0,0,0,0
0,5,1,0,0,0,0,0,0,0
1,2,13,0,0,0,0,0,0,0
1,2,8,0,0,0,0,0,0,0
1,1,8,0,0,0,0,0,0,0
1,1,4,0,0,0,0,0,0,0
0,2,4,0,0,0,0,0,0,0
1,3,3,0,0,0,0,0,0,0
0,5,1,0,0,0,0,0,0,0
0,3,2,0,0,0,0,0,0,0
0,2,9,0,0,0,0,0,0,0
0,1,5,0,0,0,0,0,0,0
0,1,6,0,0,0,0,0,0,0
0,2,3,0,0,0,0,0,0,0
0,9,2,0,0,0,0,0,0,0
0,4,2,0,0,0,0,0,0,0
0,1,6,0,0,0,0,0,0,0
0,3,3,0,0,0,0,0,0,0
0,22,4,0,0,0,0,0,0,0
1,3,2,0,0,0,0,0,0,0
1,3,1,0,0,0,0,0,0,0
5,1,13,0,0,0,0,0,0,0
0,2,3,0,0,0,0,0,0,0
0,1,6,0,0,0,0,0,0,0
0,4,1,0,0,0,0,0,0,0
2,1,5,0,0,0,0,0,0,0
0,1,6,0,0,0,0,0,0,0
0,4,1,0,0,0,0,0,0,0
0,2,4,0,0,0,0,0,0,0
0,2,12,0,0,0,0,0,0,0
0,1,4,0,0,0,0,0,0,0
0,1,5,0,0,0,0,0,0,0
0,1,4,0,0,0,0,0,0,0
1,2,15,0,0,0,0,0,0,0
0,2,8,0,0,0,0,0,0,0
0,1,5,0,0,0,0,0,0,0
1,0,6,0,0,0,0,0,0,0
4,51,5,0,0,0,0,0,0,0
2,3,12,0,0,0,0,0,0,0
0,2,5,0,0,0,0,0,0,0
0,3,2,0,0,0,0,0,0,0
0,6,10,0,0,0,0,0,0,0
1,1,4,0,0,0,0,0,0,0
1,2,2,0,0,0,0,0,0,0
1,3,1,0,0,0,0,0,0,0
0,1,4,0,0,0,0,0,0,0
0,2,6,0,0,0,0,0,0,0
1,3,10,0,0,0,0,0,0,0
1,0,6,0,0,0,0,0,0,0
1,1,4,0,0,0,0,0,0,0
0,1,4,0,0,0,0,0,0,0
2,0,6,0,0,0,0,0,0,0
0,2,3,0,0,0,0,0,0,0
0,5,4,0,0,0,0,0,0,0
0,2,4,0,0,0,0,0,0,0
0,6,12,0,0,0,0,0,0,0
0,2,11,0,0,0,0,0,0,0
0,3,8,0,0,0,0,0,0,0
0,2,3,0,0,0,0,0,0,0
0,2,3,0,0,0,0,0,0,0
0,11,6,0,0,0,0,0,0,0
0,5,1,0,0,0,0,0,0,0
2,15,1,0,0,0,0,0,0,0
1,2,5,0,0,0,0,0,0,0
0,5,5,0,0,0,0,0,0,0
1,0,5,0,0,0,0,0,0,0
1,1,4,0,0,0,0,0,0,0
0,2,9,0,0,0,0,0,0,0
0,2,6,0,0,0,0,0,0,0
0,5,4,0,0,0,0,0,0,0
6,1,13,0,0,0,0,0,0,0
1,1,4,0,0,0,0,0,0,0
0,1,4,0,0,0,0,0,0,0
0,6,1,0,0,0,0,0,0,0
1,5,21,0,0,0,0,0,0,0
1,6,1,0,0,0,0,0,0,0
0,2,4,0,0,0,0,0,0,0
0,10,2,0,0,0,0,0,0,0
1,1,3,0,0,0,0,0,0,0
2,0,8,0,0,0,0,0,0,0
0,1,4,0,0,0,0,0,0,0
1,0,5,0,0,0,0,0,0,0
0,3,2,0,0,0,0,0,0,0
1,2,2,0,0,0,0,0,0,0
3,4,4,0,0,0,0,0,0,0
0,6,1,0,0,0,0,0,0,0
1,2,11,0,0,0,0,0,0,0
0,3,11,0,0,0,0,0,0,0
0,9,2,0,0,0,0,0,0,0
1,12,25,0,0,0,0,0,0,0
0,2,3,0,0,0,0,0,0,0
1,1,7,0,0,0,0,0,0,0
0,4,2,0,0,0,0,0,0,0
1,4,2,0,0,0,0,0,0,0
0,2,5,0,0,0,0,0,0,0
0,2,8,0,0,0,0,0,0,0
0,1,4,0,0,0,0,0,0,0
0,3,6,0,0,0,0,0,0,0
0,3,11,0,0,0,0,0,0,0
0,4,7,0,0,0,0,0,0,0
1,2,4,0,0,0,0,0,0,0
1,4,4,0,0,0,0,0,0,0
1,1,6,0,0,0,0,0,0,0
0,3,2,0,0,0,0,0,0,0
0,1,6,0,0,0,0,0,0,0
0,3,2,0,0,0,0,0,0,0
0,3,6,0,0,0,0,0,0,0
0,1,6,0,0,0,0,0,0,0
1,0,5,0,0,0,0,0,0,0
0,2,4,0,0,0,0,0,0,0
0,1,4,0,0,0,0,0,0,0
0,7,3,0,0,0,0,0,0,0
2,1,4,0,0,0,0,0,0,0
0,1,4,0,0,0,0,0,0,0
0,2,4,0,0,0,0,0,0,0
0,1,5,0,0,0,0,0,0,0
0,2,3,0,0,0,0,0,0,0
0,2,3,0,0,0,0,0,0,0
0,2,4,0,0,0,0,0,0,0
0,2,4,0,0,0,0,0,0,0
0,2,10,0,0,0,0,0,0,0
0,2,5,0,0,0,0,0,0,0
0,2,3,0,0,0,0,0,0,0
0,6,2,0,0,0,0,0,0,0
0,3,4,0,0,0,0,0,0,0
0,4,5,0,0,0,0,0,0,0
1,2,2,0,0,0,0,0,0,0
0,4,2,0,0,0,0,0,0,0
0,2,4,0,0,0,0,0,0,0
1,1,13,0,0,0,0,0,0,0
1,0,5,0,0,0,0,0,0,0
0,3,6,0,0,0,0,0,0,0
1,2,5,0,0,0,0,0,0,0
0,2,5,0,0,0,0,0,0,0
1,1,7,0,0,0,0,0,0,0
0,3,4,0,0,0,0,0,0,0
0,1,5,0,0,0,0,0,0,0
0,4,1,0,0,0,0,0,0,0
0,2,6,0,0,0,0,0,0,0
0,4,2,0,0,0,0,0,0,0
0,3,4,0,0,0,0,0,0,0
0,2,6,0,0,0,0,0,0,0
1,0,5,0,0,0,0,0,0,0
0,6,2,0,0,0,0,0,0,0
0,8,2,0,0,0,0,0,0,0
0,1,4,0,0,0,0,0,0,0
0,4,5,0,0,0,0,0,0,0
0,4,1,0,0,0,0,0,0,0
0,3,2,0,0,0,0,0,0,0
0,2,5,0,0,0,0,0,0,0
0,2,5,0,0,0,0,0,0,0
0,6,1,0,0,0,0,0,0,0
1,1,8,0,0,0,0,0,0,0
0,4,1,0,0,0,0,0,0,0
0,2,10,0,0,0,0,0,0,0
1,2,10,0,0,0,0,0,0,0
0,4,1,0,0,0,0,0,0,0
0,6,1,0,0,0,0,0,0,0
0,1,5,0,0,0,0,0,0,0
2,1,9,0,0,0,0,0,0,0
0,3,3,0,0,0,0,0,0,0
0,2,4,0,0,0,0,0,0,0
0,1,4,0,0,0,0,0,0,0
0,4,2,0,0,0,0,0,0,0
0,3,2,0,0,0,0,0,0,0
1,0,5,0,0,0,0,0,0,0
0,5,8,0,0,0,0,0,0,0
0,2,4,0,0,0,0,0,0,0
0,4,1,0,0,0,0,0,0,0
5,9,2,0,0,0,0,0,0,0
0,2,6,0,0,0,0,0,0,0
0,2,6,0,0,0,0,0,0,0
0,1,5,0,0,0,0,0,0,0
1,1,12,0,0,0,0,0,0,0
1,1,7,0,0,0,0,0,0,0
0,3,3,0,0,0,0,0,0,0
0,3,5,0,0,0,0,0,0,0
0,6,6,0,0,0,0,0,0,0
0,3,12,0,0,0,0,0,0,0
0,1,5,0,0,0,0,0,0,0
1,3,7,0,0,0,0,0,0,0
0,2,5,0,0,0,0,0,0,0
0,1,5,0,0,0,0,0,0,0
1,10,15,0,0,0,0,0,0,0
0,7,6,0,0,0,0,0,0,0
0,3,3,0,0,0,0,0,0,0
0,1,5,0,0,0,0,0,0,0
1,1,9,0,0,0,0,0,0,0
0,1,6,0,0,0,0,0,0,0
0,3,2,0,0,0,0,0,0,0
0,6,1,0,0,0,0,0,0,0
0,2,5,0,0,0,0,0,0,0
1,0,6,0,0,0,0,0,0,0
0,2,6,0,0,0,0,0,0,0
0,2,5,0,0,0,0,0,0,0
0,7,8,0,0,0,0,0,0,0
0,5,6,0,0,0,0,0,0,0
0,3,7,0,0,0,0,0,0,0
0,4,2,0,0,0,0,0,0,0
0,2,6,0,0,0,0,0,0,0
0,4,2,0,0,0,0,0,0,0
0,2,6,0,0,0,0,0,0,0
0,1,4,0,0,0,0,0,0,0
0,2,12,0,0,0,0,0,0,0
1,2,3,0,0,0,0,0,0,0
0,3,2,0,0,0,0,0,0,0
0,5,1,0,0,0,0,0,0,0
0,2,11,0,0,0,0,0,0,0
0,6,1,0,0,0,0,0,0,0
0,3,2,0,0,0,0,0,0,0
0,3,4,0,0,0,0,0,0,0
1,1,4,0,0,0,0,0,0,0
0,7,12,0,0,0,0,0,0,0
0,4,9,0,0,0,0,0,0,0
0,6,1,0,0,0,0,0,0,0
1,1,4,0,0,0,0,0,0,0
0,5,1,0,0,0,0,0,0,0
0,5,3,0,0,0,0,0,0,0
1,7,9,0,0,0,0,0,0,0
0,1,4,0,0,0,0,0,0,0
0,1,5,0,0,0,0,0,0,0
1,7,3,0,0,0,0,0,0,0
1,2,4,0,0,0,0,0,0,0
0,3,6,0,0,0,0,0,0,0
2,17,4,0,0,0,0,0,0,0
0,4,2,0,0,0,0,0,0,0
1,0,5,0,0,0,0,0,0,0
1,1,11,0,0,0,0,0,0,0
0,3,3,0,0,0,0,0,0,0
0,12,3,0,0,0,0,0,0,0
0,6,1,0,0,0,0,0,0,0
0,4,1,0,0,0,0,0,0,0
0,2,9,0,0,0,0,0,0,0
1,2,13,0,0,0,0,0,0,0
2,5,4,0,0,0,0,0,0,0
0,5,1,0,0,0,0,0,0,0
0,5,3,0,0,0,0,0,0,0
2,0,5,0,0,0,0,0,0,0
0,1,6,0,0,0,0,0,0,0
0,2,7,0,0,0,0,0,0,0
0,9,8,0,0,0,0,0,0,0
0,2,3,0,0,0,0,0,0,0
1,4,1,0,0,0,0,0,0,0
1,1,9,0,0,0,0,0,0,0
0,2,3,0,0,0,0,0,0,0
0,1,4,0,0,0,0,0,0,0
0,1,5,0,0,0,0,0,0,0
0,2,4,0,0,0,0,0,0,0
0,9,4,0,0,0,0,0,0,0
2,0,12,0,0,0,0,0,0,0
0,4,1,0,0,0,0,0,0,0
2,1,3,0,0,0,0,0,0,0
0,6,7,0,0,0,0,0,0,0
0,3,4,0,0,0,0,0,0,0
2,3,2,0,0,0,0,0,0,0
0,5,2,0,0,0,0,0,0,0
0,1,6,0,0,0,0,0,0,0
1,0,5,0,0,0,0,0,0,0
0,4,1,0,0,0,0,0,0,0
1,3,8,0,0,0,0,0,0,0
0,7,2,0,0,0,0,0,0,0
0,2,4,0,0,0,0,0,0,0
2,6,4,0,0,0,0,0,0,0
8,1,1,0,0,0,0,0,0,0
0,1,4,0,0,0,0,0,0,0
0,2,3,0,0,0,0,0,0,0
0,4,2,0,0,0,0,0,0,0
1,3,2,0,0,0,0,0,0,0
0,2,7,0,0,0,0,0,0,0
0,1,6,0,0,0,0,0,0,0
0,12,2,0,0,0,0,0,0,0
0,1,6,0,0,0,0,0,0,0
3,8,1,0,0,0,0,0,0,0
0,2,10,0,0,0,0,0,0,0
0,3,18,0,0,0,0,0,0,0
0,1,4,0,0,0,0,0,0,0
0,1,6,0,0,0,0,0,0,0
0,2,11,0,0,0,0,0,0,0
0,1,5,0,0,0,0,0,0,0
0,1,5,0,0,0,0,0,0,0
0,4,5,0,0,0,0,0,0,0
1,0,5,0,0,0,0,0,0,0
1,0,5,0,0,0,0,0,0,0
0,6,2,0,0,0,0,0,0,0
0,4,3,0,0,0,0,0,0,0
0,16,3,0,0,0,0,0,0,0
0,7,2,0,0,0,0,0,0,0
0,1,5,0,0,0,0,0,0,0
0,2,3,0,0,0,0,0,0,0
0,1,5,0,0,0,0,0,0,0
1,3,15,0,0,0,0,0,0,0
1,10,5,0,0,0,0,0,0,0
0,2,5,0,0,0,0,0,0,0
0,5,1,0,0,0,0,0,0,0
1,1,4,0,0,0,0,0,0,0
0,2,5,0,0,0,0,0,0,0
1,4,1,0,0,0,0,0,0,0
1,2,2,0,0,0,0,0,0,0
0,2,3,0,0,0,0,0,0,0
0,5,1,0,0,0,0,0,0,0
1,3,12,0,0,0,0,0,0,0
2,1,3,0,0,0,0,0,0,0
0,1,4,0,0,0,0,0,0,0
0,2,4,0,0,0,0,0,0,0
1,2,2,0,0,0,0,0,0,0
1,1,9,0,0,0,0,0,0,0
2,1,9,0,0,0,0,0,0,0
0,1,4,0,0,0,0,0,0,0
0,3,4,0,0,0,0,0,0,0
0,8,2,0,0,0,0,0,0,0
2,14,25,0,0,0,0,0,0,0
0,1,6,0,0,0,0,0,0,0
2,0,7,0,0,0,0,0,0,0
2,2,3,0,0,0,0,0,0,0
0,2,6,0,0,0,0,0,0,0
1,1,5,0,0,0,0,0,0,0
1,0,6,0,0,0,0,0,0,0
0,9,2,0,0,0,0,0,0,0
0,1,4,0,0,0,0,0,0,0
1,0,5,0,0,0,0,0,0,0
0,9,3,0,0,0,0,0,0,0
0,1,4,0,0,0,0,0,0,0
0,3,3,0,0,0,0,0,0,0
1,1,4,0,0,0,0,0,0,0
0,1,6,0,0,0,0,0,0,0
0,1,5,0,0,0,0,0,0,0
0,3,5,0,0,0,0,0,0,0
5,4,3,0,0,0,0,0,0,0
0,1,5,0,0,0,0,0,0,0
0,4,5,0,0,0,0,0,0,0
0,4,12,0,0,0,0,0,0,0
0,1,6,0,0,0,0,0,0,0
0,2,5,0,0,0,0,0,0,0
1,4,6,0,0,0,0,0,0,0
3,1,9,0,0,0,0,0,0,0
0,3,2,0,0,0,0,0,0,0
1,5,2,0,0,0,0,0,0,0
0,4,11,0,0,0,0,0,0,0
0,2,3,0,0,0,0,0,0,0
0,10,4,0,0,0,0,0,0,0
0,4,1,0,0,0,0,0,0,0
0,2,6,0,0,0,0,0,0,0
1,4,1,0,0,0,0,0,0,0
0,3,18,0,0,0,0,0,0,0
1,2,9,0,0,0,0,0,0,0
0,13,2,0,0,0,0,0,0,0
0,2,3,0,0,0,0,0,0,0
1,0,5,0,0,0,0,0,0,0
0,1,4,0,0,0,0,0,0,0
1,1,10,0,0,0,0,0,0,0
0,10,2,0,0,0,0,0,0,0
0,12,5,0,0,0,0,0,0,0
0,1,4,0,0,0,0,0,0,0
0,3,5,0,0,0,0,0,0,0
0,7,2,0,0,0,0,0,0,0
1,1,4,0,0,0,0,0,0,0
0,12,4,0,0,0,0,0,0,0
1,6,1,0,0,0,0,0,0,0
0,2,6,0,0,0,0,0,0,0
0,3,2,0,0,0,0,0,0,0
1,1,9,0,0,0,0,0,0,0
0,1,6,0,0,0,0,0,0,0
1,0,5,0,0,0,0,0,0,0
0,2,4,0,0,0,0,0,0,0
0,1,4,0,0,0,0,0,0,0
0,2,4,0,0,0,0,0,0,0
1,1,4,0,0,0,0,0,0,0
1,18,18,0,0,0,0,0,0,0
1,2,2,0,0,0,0,0,0,0
1,6,6,0,0,0,0,0,0,0
5,8,7,0,0,0,0,0,0,0
0,7,12,0,0,0,0,0,0,0
0,4,3,0,0,0,0,0,0,0
1,1,3,0,0,0,0,0,0,0
1,1,3,0,0,0,0,0,0,0
1,1,5,0,0,0,0,0,0,0
0,1,4,0,0,0,0,0,0,0
0,3,2,0,0,0,0,0,0,0
0,1,4,0,0,0,0,0,0,0
1,2,5,0,0,0,0,0,0,0
0,4,3,0,0,0,0,0,0,0
0,2,3,0,0,0,0,0,0,0
0,1,6,0,0,0,0,0,0,0
0,1,4,0,0,0,0,0,0,0
0,3,2,0,0,0,0,0,0,0
0,2,5,0,0,0,0,0,0,0
0,2,3,0,0,0,0,0,0,0
0,1,4,0,0,0,0,0,0,0
0,2,4,0,0,0,0,0,0,0
0,2,5,0,0,0,0,0,0,0
0,4,2,0,0,0,0,0,0,0
0,2,3,0,0,0,0,0,0,0
0,2,3,0,0,0,0,0,0,0
2,1,5,0,0,0,0,0,0,0
1,1,3,0,0,0,0,0,0,0
0,1,6,0,0,0,0,0,0,0
0,22,4,0,0,0,0,0,0,0
3,1,2,0,0,0,0,0,0,0
0,2,9,0,0,0,0,0,0,0
0,3,2,0,0,0,0,0,0,0
0,2,5,0,0,0,0,0,0,0
1,3,1,0,0,0,0,0,0,0
0,3,4,0,0,0,0,0,0,0
1,2,6,0,0,0,0,0,0,0
0,8,2,0,0,0,0,0,0,0
0,3,3,0,0,0,0,0,0,0
0,2,3,0,0,0,0,0,0,0
0,4,8,0,0,0,0,0,0,0
2,1,10,0,0,0,0,0,0,0
0,3,4,0,0,0,0,0,0,0
0,1,5,0,0,0,0,0,0,0
0,1,6,0,0,0,0,0,0,0
2,1,4,0,0,0,0,0,0,0
0,1,5,0,0,0,0,0,0,0
0,1,6,0,0,0,0,0,0,0
1,1,4,0,0,0,0,0,0,0
0,8,9,0,0,0,0,0,0,0
0,2,6,0,0,0,0,0,0,0
0,1,4,0,0,0,0,0,0,0
0,5,1,0,0,0,0,0,0,0
0,1,5,0,0,0,0,0,0,0
0,1,6,0,0,0,0,0,0,0
1,4,2,0,0,0,0,0,0,0
0,4,7,0,0,0,0,0,0,0
0,2,6,0,0,0,0,0,0,0
0,2,4,0,0,0,0,0,0,0
0,1,4,0,0,0,0,0,0,0
1,3,1,0,0,0,0,0,0,0
0,1,4,0,0,0,0,0,0,0
0,1,4,0,0,0,0,0,0,0
0,3,2,0,0,0,0,0,0,0
0,3,3,0,0,0,0,0,0,0
0,18,29,0,0,0,0,0,0,0
1,2,2,0,0,0,0,0,0,0
3,2,20,0,0,0,0,0,0,0
0,3,3,0,0,0,0,0,0,0
0,5,1,0,0,0,0,0,0,0
0,2,6,0,0,0,0,0,0,0
0,1,4,0,0,0,0,0,0,0
1,1,8,0,0,0,0,0,0,0
0,4,2,0,0,0,0,0,0,0
0,2,3,0,0,0,0,0,0,0
0,4,2,0,0,0,0,0,0,0
0,7,4,0,0,0,0,0,0,0
0,2,5,0,0,0,0,0,0,0
0,1,5,0,0,0,0,0,0,0
1,0,5,0,0,0,0,0,0,0
0,5,8,0,0,0,0,0,0,0
0,1,6,0,0,0,0,0,0,0
0,1,5,0,0,0,0,0,0,0
0,3,10,0,0,0,0,0,0,0
0,5,3,0,0,0,0,0,0,0
0,8,3,0,0,0,0,0,0,0
0,6,7,0,0,0,0,0,0,0
0,2,4,0,0,0,0,0,0,0
0,2,4,0,0,0,0,0,0,0
0,2,3,0,0,0,0,0,0,0
0,6,1,0,0,0,0,0,0,0
0,4,2,0,0,0,0,0,0,0
0,4,10,0,0,0,0,0,0,0
1,20,4,0,0,0,0,0,0,0
0,3,2,0,0,0,0,0,0,0
2,17,3,0,0,0,0,0,0,0
0,5,1,0,0,0,0,0,0,0
0,1,5,0,0,0,0,0,0,0
0,1,4,0,0,0,0,0,0,0
0,17,3,0,0,0,0,0,0,0
0,5,1,0,0,0,0,0,0,0
1,10,6,0,0,0,0,0,0,0
0,1,4,0,0,0,0,0,0,0
0,6,1,0,0,0,0,0,0,0
1,3,22,0,0,0,0,0,0,0
0,3,6,0,0,0,0,0,0,0
0,2,6,0,0,0,0,0,0,0
0,4,16,0,0,0,0,0,0,0
0,7,5,0,0,0,0,0,0,0
0,2,4,0,0,0,0,0,0,0
0,4,2,0,0,0,0,0,0,0
0,2,8,0,0,0,0,0,0,0
0,2,10,0,0,0,0,0,0,0
1,4,3,0,0,0,0,0,0,0
0,4,3,0,0,0,0,0,0,0
0,4,2,0,0,0,0,0,0,0
0,2,3,0,0,0,0,0,0,0
0,6,4,0,0,0,0,0,0,0
0,1,5,0,0,0,0,0,0,0
2,19,1,0,0,0,0,0,0,0
20,37,2,0,0,0,0,0,0,0
1,2,13,0,0,0,0,0,0,0
0,1,5,0,0,0,0,0,0,0
1,2,2,0,0,0,0,0,0,0
0,1,5,0,0,0,0,0,0,0
0,11,3,0,0,0,0,0,0,0
0,3,3,0,0,0,0,0,0,0
1,4,4,0,0,0,0,0,0,0
0,5,8,0,0,0,0,0,0,0
2,0,10,0,0,0,0,0,0,0
2,5,6,0,0,0,0,0,0,0
2,3,11,0,0,0,0,0,0,0
1,0,5,0,0,0,0,0,0,0
0,2,7,0,0,0,0,0,0,0
1,1,3,0,0,0,0,0,0,0
0,2,3,0,0,0,0,0,0,0
0,3,3,0,0,0,0,0,0,0
0,1,4,0,0,0,0,0,0,0
0,1,4,0,0,0,0,0,0,0
0,1,4,0,0,0,0,0,0,0
3,2,1,0,0,0,0,0,0,0
0,5,3,0,0,0,0,0,0,0
0,3,7,0,0,0,0,0,0,0
0,2,7,0,0,0,0,0,0,0
0,3,8,0,0,0,0,0,0,0
1,0,5,0,0,0,0,0,0,0
0,5,2,0,0,0,0,0,0,0
0,6,1,0,0,0,0,0,0,0
1,1,3,0,0,0,0,0,0,0
1,6,3,0,0,0,0,0,0,0
0,1,4,0,0,0,0,0,0,0
0,2,3,0,0,0,0,0,0,0
0,2,5,0,0,0,0,0,0,0
0,3,2,0,0,0,0,0,0,0
0,3,2,0,0,0,0,0,0,0
1,5,1,0,0,0,0,0,0,0
1,2,6,0,0,0,0,0,0,0
0,5,9,0,0,0,0,0,0,0
0,1,5,0,0,0,0,0,0,0
0,2,4,0,0,0,0,0,0,0
0,3,8,0,0,0,0,0,0,0
0,2,4,0,0,0,0,0,0,0
0,5,1,0,0,0,0,0,0,0
0,1,5,0,0,0,0,0,0,0
0,4,1,0,0,0,0,0,0,0
6,8,1,0,0,0,0,0,0,0
1,11,2,0,0,0,0,0,0,0
1,1,11,0,0,0,0,0,0,0
2,1,5,0,0,0,0,0,0,0
2,1,4,0,0,0,0,0,0,0
1,9,1,0,0,0,0,0,0,0
0,3,5,0,0,0,0,0,0,0
0,11,2,0,0,0,0,0,0,0
0,5,2,0,0,0,0,0,0,0
0,4,2,0,0,0,0,0,0,0
0,10,3,0,0,0,0,0,0,0
0,3,2,0,0,0,0,0,0,0
0,9,3,0,0,0,0,0,0,0
0,2,3,0,0,0,0,0,0,0
0,3,3,0,0,0,0,0,0,0
0,6,1,0,0,0,0,0,0,0
1,1,5,0,0,0,0,0,0,0
1,3,4,0,0,0,0,0,0,0
0,1,6,0,0,0,0,0,0,0
0,4,4,0,0,0,0,0,0,0
0,5,1,0,0,0,0,0,0,0
0,4,2,0,0,0,0,0,0,0
0,5,3,0,0,0,0,0,0,0
0,2,3,0,0,0,0,0,0,0
0,2,3,0,0,0,0,0,0,0
0,3,2,0,0,0,0,0,0,0
0,3,2,0,0,0,0,0,0,0
1,0,6,0,0,0,0,0,0,0
1,0,5,0,0,0,0,0,0,0
0,2,12,0,0,0,0,0,0,0
0,2,4,0,0,0,0,0,0,0
0,2,3,0,0,0,0,0,0,0
1,2,4,0,0,0,0,0,0,0
1,5,3,0,0,0,0,0,0,0
0,1,4,0,0,0,0,0,0,0
0,1,5,0,0,0,0,0,0,0
1,16,2,0,0,0,0,0,0,0
0,1,4,0,0,0,0,0,0,0
0,1,5,0,0,0,0,0,0,0
0,1,6,0,0,0,0,0,0,0
0,1,5,0,0,0,0,0,0,0
0,2,6,0,0,0,0,0,0,0
1,2,4,0,0,0,0,0,0,0
1,2,19,0,0,0,0,0,0,0
0,1,5,0,0,0,0,0,0,0
0,1,5,0,0,0,0,0,0,0
1,1,8,0,0,0,0,0,0,0
0,2,4,0,0,0,0,0,0,0
0,11,2,0,0,0,0,0,0,0
0,8,4,0,0,0,0,0,0,0
0,2,4,0,0,0,0,0,0,0
1,1,4,0,0,0,0,0,0,0
1,3,2,0,0,0,0,0,0,0
0,1,5,0,0,0,0,0,0,0
0,2,8,0,0,0,0,0,0,0
1,0,5,0,0,0,0,0,0,0
0,5,1,0,0,0,0,0,0,0
3,0,6,0,0,0,0,0,0,0
1,0,6,0,0,0,0,0,0,0
1,1,3,0,0,0,0,0,0,0
2,5,6,0,0,0,0,0,0,0
1,2,2,0,0,0,0,0,0,0
1,0,6,0,0,0,0,0,0,0
0,2,3,0,0,0,0,0,0,0
1,1,4,0,0,0,0,0,0,0
0,2,4,0,0,0,0,0,0,0
1,3,3,0,0,0,0,0,0,0
1,0,6,0,0,0,0,0,0,0
0,6,1,0,0,0,0,0,0,0
0,6,3,0,0,0,0,0,0,0
1,2,16,0,0,0,0,0,0,0
0,2,3,0,0,0,0,0,0,0
0,5,2,0,0,0,0,0,0,0
1,5,15,0,0,0,0,0,0,0
0,6,1,0,0,0,0,0,0,0
2,1,9,0,0,0,0,0,0,0
1,0,6,0,0,0,0,0,0,0
0,2,4,0,0,0,0,0,0,0
1,4,3,0,0,0,0,0,0,0
0,3,7,0,0,0,0,0,0,0
0,2,8,0,0,0,0,0,0,0
0,2,7,0,0,0,0,0,0,0
0,2,4,0,0,0,0,0,0,0
0,1,4,0,0,0,0,0,0,0
0,1,4,0,0,0,0,0,0,0
0,2,4,0,0,0,0,0,0,0
1,2,10,0,0,0,0,0,0,0
0,2,3,0,0,0,0,0,0,0
3,3,5,0,0,0,0,0,0,0
5,14,1,0,0,0,0,0,0,0
3,1,12,0,0,0,0,0,0,0
0,3,7,0,0,0,0,0,0,0
0,1,4,0,0,0,0,0,0,0
2,0,13,0,0,0,0,0,0,0
0,1,4,0,0,0,0,0,0,0
0,3,2,0,0,0,0,0,0,0
0,3,2,0,0,0,0,0,0,0
0,5,2,0,0,0,0,0,0,0
0,1,4,0,0,0,0,0,0,0
0,3,9,0,0,0,0,0,0,0
0,9,2,0,0,0,0,0,0,0
0,3,4,0,0,0,0,0,0,0
0,2,6,0,0,0,0,0,0,0
0,2,3,0,0,0,0,0,0,0
0,3,5,0,0,0,0,0,0,0
0,3,11,0,0,0,0,0,0,0
0,3,4,0,0,0,0,0,0,0
0,5,2,0,0,0,0,0,0,0
0,10,2,0,0,0,0,0,0,0
0,1,4,0,0,0,0,0,0,0
0,1,4,0,0,0,0,0,0,0
2,3,14,0,0,0,0,0,0,0
0,4,3,0,0,0,0,0,0,0
0,1,4,0,0,0,0,0,0,0
0,4,1,0,0,0,0,0,0,0
0,3,3,0,0,0,0,0,0,0
1,0,6,0,0,0,0,0,0,0
0,2,6,0,0,0,0,0,0,0
0,2,5,0,0,0,0,0,0,0
0,3,3,0,0,0,0,0,0,0
0,3,8,0,0,0,0,0,0,0
0,1,6,0,0,0,0,0,0,0
0,3,4,0,0,0,0,0,0,0
0,5,1,0,0,0,0,0,0,0
0,6,1,0,0,0,0,0,0,0
0,4,1,0,0,0,0,0,0,0
0,1,4,0,0,0,0,0,0,0
1,0,5,0,0,0,0,0,0,0
1,1,8,0,0,0,0,0,0,0
0,9,13,0,0,0,0,0,0,0
0,1,5,0,0,0,0,0,0,0
0,1,4,0,0,0,0,0,0,0
0,1,5,0,0,0,0,0,0,0
0,1,6,0,0,0,0,0,0,0
0,1,4,0,0,0,0,0,0,0
0,1,6,0,0,0,0,0,0,0
0,2,11,0,0,0,0,0,0,0
0,4,3,0,0,0,0,0,0,0
0,8,12,0,0,0,0,0,0,0
0,5,3,0,0,0,0,0,0,0
0,4,6,0,0,0,0,0,0,0
0,2,4,0,0,0,0,0,0,0
0,3,3,0,0,0,0,0,0,0
0,3,10,0,0,0,0,0,0,0
0,10,9,0,0,0,0,0,0,0
0,5,2,0,0,0,0,0,0,0
0,1,4,0,0,0,0,0,0,0
0,2,5,0,0,0,0,0,0,0
0,7,3,0,0,0,0,0,0,0
0,1,6,0,0,0,0,0,0,0
0,1,4,0,0,0,0,0,0,0
0,6,1,0,0,0,0,0,0,0
0,1,5,0,0,0,0,0,0,0
1,4,1,0,0,0,0,0,0,0
1,0,5,0,0,0,0,0,0,0
0,4,3,0,0,0,0,0,0,0
1,2,7,0,0,0,0,0,0,0
1,0,5,0,0,0,0,0,0,0
1,0,5,0,0,0,0,0,0,0
0,6,1,0,0,0,0,0,0,0
1,3,5,0,0,0,0,0,0,0
0,1,5,0,0,0,0,0,0,0
0,2,5,0,0,0,0,0,0,0
0,2,3,0,0,0,0,0,0,0
1,0,6,0,0,0,0,0,0,0
0,2,4,0,0,0,0,0,0,0
0,1,4,0,0,0,0,0,0,0
0,2,3,0,0,0,0,0,0,0
0,5,1,0,0,0,0,0,0,0
0,6,20,0,0,0,0,0,0,0
0,4,1,0,0,0,0,0,0,0
0,2,3,0,0,0,0,0,0,0
0,3,8,0,0,0,0,0,0,0
0,3,2,0,0,0,0,0,0,0
0,1,5,0,0,0,0,0,0,0
1,2,2,0,0,0,0,0,0,0
1,2,3,0,0,0,0,0,0,0
1,10,2,0,0,0,0,0,0,0
0,4,8,0,0,0,0,0,0,0
3,1,6,0,0,0,0,0,0,0
1,1,11,0,0,0,0,0,0,0
1,3,1,0,0,0,0,0,0,0
0,2,3,0,0,0,0,0,0,0
0,3,4,0,0,0,0,0,0,0
0,3,6,0,0,0,0,0,0,0
0,11,2,0,0,0,0,0,0,0
1,3,12,0,0,0,0,0,0,0
1,2,2,0,0,0,0,0,0,0
0,5,1,0,0,0,0,0,0,0
2,0,11,0,0,0,0,0,0,0
0,3,3,0,0,0,0,0,0,0
0,2,4,0,0,0,0,0,0,0
0,1,5,0,0,0,0,0,0,0
0,2,4,0,0,0,0,0,0,0
1,2,3,0,0,0,0,0,0,0
0,2,10,0,0,0,0,0,0,0
0,6,2,0,0,0,0,0,0,0
0,9,29,0,0,0,0,0,0,0
0,5,3,0,0,0,0,0,0,0
0,3,7,0,0,0,0,0,0,0
0,1,5,0,0,0,0,0,0,0
0,1,4,0,0,0,0,0,0,0
0,3,13,0,0,0,0,0,0,0
1,3,1,0,0,0,0,0,0,0
0,4,2,0,0,0,0,0,0,0
1,1,4,0,0,0,0,0,0,0
0,1,5,0,0,0,0,0,0,0
0,3,2,0,0,0,0,0,0,0
1,1,4,0,0,0,0,0,0,0
0,5,1,0,0,0,0,0,0,0
5,1,5,0,0,0,0,0,0,0
11,61,1,0,0,0,0,0,0,0
0,4,6,0,0,0,0,0,0,0
0,2,4,0,0,0,0,0,0,0
1,2,20,0,0,0,0,0,0,0
0,6,3,0,0,0,0,0,0,0
2,0,10,0,0,0,0,0,0,0
0,4,7,0,0,0,0,0,0,0
0,5,1,0,0,0,0,0,0,0
0,2,9,0,0,0,0,0,0,0
0,5,3,0,0,0,0,0,0,0
0,4,2,0,0,0,0,0,0,0
1,0,6,0,0,0,0,0,0,0
1,2,13,0,0,0,0,0,0,0
0,2,6,0,0,0,0,0,0,0
0,4,13,0,0,0,0,0,0,0
1,0,6,0,0,0,0,0,0,0
0,3,4,0,0,0,0,0,0,0
0,2,7,0,0,0,0,0,0,0
2,5,1,0,0,0,0,0,0,0
1,12,5,0,0,0,0,0,0,0
0,1,6,0,0,0,0,0,0,0
0,8,7,0,0,0,0,0,0,0
1,2,15,0,0,0,0,0,0,0
0,6,3,0,0,0,0,0,0,0
0,1,5,0,0,0,0,0,0,0
0,1,4,0,0,0,0,0,0,0
0,1,4,0,0,0,0,0,0,0
0,1,6,0,0,0,0,0,0,0
1,11,4,0,0,0,0,0,0,0
0,3,2,0,0,0,0,0,0,0
1,3,1,0,0,0,0,0,0,0
0,6,3,0,0,0,0,0,0,0
1,7,1,0,0,0,0,0,0,0
0,4,3,0,0,0,0,0,0,0
0,13,13,0,0,0,0,0,0,0
0,2,3,0,0,0,0,0,0,0
1,1,7,0,0,0,0,0,0,0
0,3,2,0,0,0,0,0,0,0
1,0,5,0,0,0,0,0,0,0
0,1,5,0,0,0,0,0,0,0
0,6,3,0,0,0,0,0,0,0
3,17,2,0,0,0,0,0,0,0
2,2,2,0,0,0,0,0,0,0
2,0,11,0,0,0,0,0,0,0
1,2,18,0,0,0,0,0,0,0
0,2,4,0,0,0,0,0,0,0
0,2,7,0,0,0,0,0,0,0
0,1,5,0,0,0,0,0,0,0
2,0,7,0,0,0,0,0,0,0
2,0,9,0,0,0,0,0,0,0
0,4,4,0,0,0,0,0,0,0
0,3,8,0,0,0,0,0,0,0
2,1,13,0,0,0,0,0,0,0
0,1,4,0,0,0,0,0,0,0
0,1,6,0,0,0,0,0,0,0
0,1,6,0,0,0,0,0,0,0
0,5,1,0,0,0,0,0,0,0
0,2,11,0,0,0,0,0,0,0
0,5,1,0,0,0,0,0,0,0
1,3,2,0,0,0,0,0,0,0
2,1,2,0,0,0,0,0,0,0
0,3,2,0,0,0,0,0,0,0
1,1,3,0,0,0,0,0,0,0
0,1,4,0,0,0,0,0,0,0
1,7,1,0,0,0,0,0,0,0
1,2,8,0,0,0,0,0,0,0
0,4,6,0,0,0,0,0,0,0
1,3,6,0,0,0,0,0,0,0
0,3,8,0,0,0,0,0,0,0
2,2,7,0,0,0,0,0,0,0
0,1,6,0,0,0,0,0,0,0
0,3,8,0,0,0,0,0,0,0
1,2,3,0,0,0,0,0,0,0
0,5,2,0,0,0,0,0,0,0
3,1,5,0,0,0,0,0,0,0
0,8,4,0,0,0,0,0,0,0
1,0,5,0,0,0,0,0,0,0
0,1,6,0,0,0,0,0,0,0
0,2,5,0,0,0,0,0,0,0
1,5,9,0,0,0,0,0,0,0
0,2,4,0,0,0,0,0,0,0
0,3,5,0,0,0,0,0,0,0
0,4,1,0,0,0,0,0,0,0
0,4,1,0,0,0,0,0,0,0
0,2,6,0,0,0,0,0,0,0
0,4,4,0,0,0,0,0,0,0
1,2,7,0,0,0,0,0,0,0
2,0,5,0,0,0,0,0,0,0
1,0,6,0,0,0,0,0,0,0
2,2,13,0,0,0,0,0,0,0
1,0,5,0,0,0,0,0,0,0
0,7,4,0,0,0,0,0,0,0
3,1,1,0,0,0,0,0,0,0
0,2,3,0,0,0,0,0,0,0
1,1,13,0,0,0,0,0,0,0
0,5,4,0,0,0,0,0,0,0
0,10,15,0,0,0,0,0,0,0
0,4,1,0,0,0,0,0,0,0
0,6,14,0,0,0,0,0,0,0
2,0,5,0,0,0,0,0,0,0
0,2,3,0,0,0,0,0,0,0
1,1,8,0,0,0,0,0,0,0
0,4,3,0,0,0,0,0,0,0
0,2,3,0,0,0,0,0,0,0
1,1,5,0,0,0,0,0,0,0
0,3,2,0,0,0,0,0,0,0
0,1,5,0,0,0,0,0,0,0
0,4,1,0,0,0,0,0,0,0
0,3,2,0,0,0,0,0,0,0
0,3,2,0,0,0,0,0,0,0
0,3,6,0,0,0,0,0,0,0
0,2,4,0,0,0,0,0,0,0
0,1,6,0,0,0,0,0,0,0
0,12,4,0,0,0,0,0,0,0
0,2,3,0,0,0,0,0,0,0
1,2,4,0,0,0,0,0,0,0
0,2,4,0,0,0,0,0,0,0
0,1,5,0,0,0,0,0,0,0
2,0,6,0,0,0,0,0,0,0
0,7,3,0,0,0,0,0,0,0
0,1,4,0,0,0,0,0,0,0
0,2,8,0,0,0,0,0,0,0
1,1,4,0,0,0,0,0,0,0
0,2,9,0,0,0,0,0,0,0
0,1,4,0,0,0,0,0,0,0
1,6,4,0,0,0,0,0,0,0
0,4,8,0,0,0,0,0,0,0
0,3,2,0,0,0,0,0,0,0
0,6,2,0,0,0,0,0,0,0
0,2,6,0,0,0,0,0,0,0
0,6,1,0,0,0,0,0,0,0
1,0,5,0,0,0,0,0,0,0
0,6,18,0,0,0,0,0,0,0
0,4,5,0,0,0,0,0,0,0
0,6,5,0,0,0,0,0,0,0
1,1,3,0,0,0,0,0,0,0
1,2,3,0,0,0,0,0,0,0
0,5,6,0,0,0,0,0,0,0
0,2,5,0,0,0,0,0,0,0
0,9,9,0,0,0,0,0,0,0
0,4,4,0,0,0,0,0,0,0
0,5,1,0,0,0,0,0,0,0
1,1,9,0,0,0,0,0,0,0
0,8,8,0,0,0,0,0,0,0
0,4,1,0,0,0,0,0,0,0
1,3,1,0,0,0,0,0,0,0
0,1,5,0,0,0,0,0,0,0
0,1,5,0,0,0,0,0,0,0
0,1,4,0,0,0,0,0,0,0
0,3,2,0,0,0,0,0,0,0
0,1,5,0,0,0,0,0,0,0
1,0,5,0,0,0,0,0,0,0
0,3,2,0,0,0,0,0,0,0
0,5,1,0,0,0,0,0,0,0
0,5,1,0,0,0,0,0,0,0
7,1,10,0,0,0,0,0,0,0
0,5,3,0,0,0,0,0,0,0
0,3,3,0,0,0,0,0,0,0
0,2,3,0,0,0,0,0,0,0
1,1,7,0,0,0,0,0,0,0
0,1,5,0,0,0,0,0,0,0
1,1,3,0,0,0,0,0,0,0
0,1,6,0,0,0,0,0,0,0
0,4,15,0,0,0,0,0,0,0
0,2,7,0,0,0,0,0,0,0
0,4,6,0,0,0,0,0,0,0
1,1,5,0,0,0,0,0,0,0
2,25,14,0,0,0,0,0,0,0
0,3,8,0,0,0,0,0,0,0
0,11,2,0,0,0,0,0,0,0
0,7,5,0,0,0,0,0,0,0
1,6,3,0,0,0,0,0,0,0
0,1,6,0,0,0,0,0,0,0
0,1,5,0,0,0,0,0,0,0
0,2,3,0,0,0,0,0,0,0
0,1,5,0,0,0,0,0,0,0
0,1,4,0,0,0,0,0,0,0
1,7,2,0,0,0,0,0,0,0
0,1,6,0,0,0,0,0,0,0
0,2,5,0,0,0,0,0,0,0
0,1,4,0,0,0,0,0,0,0
0,3,14,0,0,0,0,0,0,0
0,5,4,0,0,0,0,0,0,0
0,5,1,0,0,0,0,0,0,0
7,2,3,0,0,0,0,0,0,0
0,1,6,0,0,0,0,0,0,0
0,3,4,0,0,0,0,0,0,0
0,3,6,0,0,0,0,0,0,0
0,1,4,0,0,0,0,0,0,0
0,8,4,0,0,0,0,0,0,0
0,6,1,0,0,0,0,0,0,0
0,2,4,0,0,0,0,0,0,0
0,2,7,0,0,0,0,0,0,0
1,3,2,0,0,0,0,0,0,0
0,6,2,0,0,0,0,0,0,0
0,4,5,0,0,0,0,0,0,0
5,11,1,0,0,0,0,0,0,0
0,6,3,0,0,0,0,0,0,0
1,1,6,0,0,0,0,0,0,0
0,7,3,0,0,0,0,0,0,0
0,3,2,0,0,0,0,0,0,0
0,4,3,0,0,0,0,0,0,0
0,2,5,0,0,0,0,0,0,0
0,4,1,0,0,0,0,0,0,0
1,0,5,0,0,0,0,0,0,0
0,1,5,0,0,0,0,0,0,0
0,4,2,0,0,0,0,0,0,0
1,1,4,0,0,0,0,0,0,0
0,1,4,0,0,0,0,0,0,0
0,3,8,0,0,0,0,0,0,0
0,2,7,0,0,0,0,0,0,0
0,6,7,0,0,0,0,0,0,0
1,2,2,0,0,0,0,0,0,0
0,5,11,0,0,0,0,0,0,0
0,3,6,0,0,0,0,0,0,0
2,3,14,0,0,0,0,0,0,0
0,2,4,0,0,0,0,0,0,0
1,4,3,0,0,0,0,0,0,0
1,3,22,0,0,0,0,0,0,0
0,3,2,0,0,0,0,0,0,0
1,4,2,0,0,0,0,0,0,0
1,3,1,0,0,0,0,0,0,0
0,6,4,0,0,0,0,0,0,0
1,29,4,0,0,0,0,0,0,0
0,3,2,0,0,0,0,0,0,0
0,2,3,0,0,0,0,0,0,0
1,2,4,0,0,0,0,0,0,0
0,4,1,0,0,0,0,0,0,0
0,1,4,0,0,0,0,0,0,0
0,2,3,0,0,0,0,0,0,0
0,5,1,0,0,0,0,0,0,0
0,2,4,0,0,0,0,0,0,0
0,3,3,0,0,0,0,0,0,0
0,5,1,0,0,0,0,0,0,0
0,3,11,0,0,0,0,0,0,0
1,1,3,0,0,0,0,0,0,0
0,4,18,0,0,0,0,0,0,0
2,8,15,0,0,0,0,0,0,0
0,2,4,0,0,0,0,0,0,0
1,2,3,0,0,0,0,0,0,0
0,6,5,0,0,0,0,0,0,0
0,5,1,0,0,0,0,0,0,0
0,2,10,0,0,0,0,0,0,0
0,7,2,0,0,0,0,0,0,0
0,3,2,0,0,0,0,0,0,0
1,11,2,0,0,0,0,0,0,0
1,2,2,0,0,0,0,0,0,0
1,3,2,0,0,0,0,0,0,0
2,1,2,0,0,0,0,0,0,0
0,3,2,0,0,0,0,0,0,0
0,1,4,0,0,0,0,0,0,0
0,2,3,0,0,0,0,0,0,0
0,2,3,0,0,0,0,0,0,0
0,12,5,0,0,0,0,0,0,0
1,1,4,0,0,0,0,0,0,0
1,1,10,0,0,0,0,0,0,0
0,1,5,0,0,0,0,0,0,0
1,1,7,0,0,0,0,0,0,0
0,3,3,0,0,0,0,0,0,0
0,3,5,0,0,0,0,0,0,0
0,1,5,0,0,0,0,0,0,0
0,4,1,0,0,0,0,0,0,0
0,1,6,0,0,0,0,0,0,0
1,4,3,0,0,0,0,0,0,0
1,4,13,0,0,0,0,0,0,0
1,2,6,0,0,0,0,0,0,0
0,1,4,0,0,0,0,0,0,0
0,1,4,0,0,0,0,0,0,0
1,2,5,0,0,0,0,0,0,0
1,3,20,0,0,0,0,0,0,0
0,5,1,0,0,0,0,0,0,0
0,1,4,0,0,0,0,0,0,0
0,1,6,0,0,0,0,0,0,0
5,2,14,0,0,0,0,0,0,0
0,6,14,0,0,0,0,0,0,0
0,2,4,0,0,0,0,0,0,0
0,1,4,0,0,0,0,0,0,0
1,12,2,0,0,0,0,0,0,0
1,1,4,0,0,0,0,0,0,0
0,2,3,0,0,0,0,0,0,0
0,2,3,0,0,0,0,0,0,0
0,4,4,0,0,0,0,0,0,0
0,12,5,0,0,0,0,0,0,0
1,13,1,0,0,0,0,0,0,0
2,0,7,0,0,0,0,0,0,0
0,5,1,0,0,0,0,0,0,0
1,3,2,0,0,0,0,0,0,0
1,2,6,0,0,0,0,0,0,0
0,6,1,0,0,0,0,0,0,0
0,2,12,0,0,0,0,0,0,0
0,1,4,0,0,0,0,0,0,0
0,2,8,0,0,0,0,0,0,0
1,2,8,0,0,0,0,0,0,0
0,3,3,0,0,0,0,0,0,0
0,1,4,0,0,0,0,0,0,0
0,7,2,0,0,0,0,0,0,0
0,1,4,0,0,0,0,0,0,0
1,1,4,0,0,0,0,0,0,0
0,1,6,0,0,0,0,0,0,0
0,2,5,0,0,0,0,0,0,0
0,4,10,0,0,0,0,0,0,0
0,4,2,0,0,0,0,0,0,0
1,13,4,0,0,0,0,0,0,0
2,1,3,0,0,0,0,0,0,0
0,3,5,0,0,0,0,0,0,0
0,4,1,0,0,0,0,0,0,0
0,5,1,0,0,0,0,0,0,0
4,0,5,0,0,0,0,0,0,0
1,3,3,0,0,0,0,0,0,0
3,1,6,0,0,0,0,0,0,0
1,1,12,0,0,0,0,0,0,0
0,1,4,0,0,0,0,0,0,0
1,4,14,0,0,0,0,0,0,0
0,1,4,0,0,0,0,0,0,0
1,2,7,0,0,0,0,0,0,0
1,2,15,0,0,0,0,0,0,0
2,1,3,0,0,0,0,0,0,0
0,1,4,0,0,0,0,0,0,0
0,9,12,0,0,0,0,0,0,0
2,1,5,0,0,0,0,0,0,0
0,11,7,0,0,0,0,0,0,0
0,3,10,0,0,0,0,0,0,0
0,1,6,0,0,0,0,0,0,0
0,4,3,0,0,0,0,0,0,0
0,2,10,0,0,0,0,0,0,0
0,5,3,0,0,0,0,0,0,0
0,2,12,0,0,0,0,0,0,0
0,2,8,0,0,0,0,0,0,0
0,1,5,0,0,0,0,0,0,0
0,4,4,0,0,0,0,0,0,0
1,0,6,0,0,0,0,0,0,0
0,2,7,0,0,0,0,0,0,0
0,2,4,0,0,0,0,0,0,0
0,2,13,0,0,0,0,0,0,0
0,1,6,0,0,0,0,0,0,0
1,1,4,0,0,0,0,0,0,0
0,1,4,0,0,0,0,0,0,0
0,2,4,0,0,0,0,0,0,0
0,4,1,0,0,0,0,0,0,0
0,3,5,0,0,0,0,0,0,0
0,4,1,0,0,0,0,0,0,0
0,3,3,0,0,0,0,0,0,0
0,3,6,0,0,0,0,0,0,0
1,0,5,0,0,0,0,0,0,0
0,1,5,0,0,0,0,0,0,0
1,2,2,0,0,0,0,0,0,0
0,2,12,0,0,0,0,0,0,0
1,0,5,0,0,0,0,0,0,0
0,2,7,0,0,0,0,0,0,0
0,1,5,0,0,0,0,0,0,0
0,3,6,0,0,0,0,0,0,0
2,1,15,0,0,0,0,0,0,0
0,1,6,0,0,0,0,0,0,0
1,1,6,0,0,0,0,0,0,0
0,2,4,0,0,0,0,0,0,0
0,1,6,0,0,0,0,0,0,0
0,7,2,0,0,0,0,0,0,0
0,1,6,0,0,0,0,0,0,0
0,2,4,0,0,0,0,0,0,0
0,6,1,0,0,0,0,0,0,0
0,1,4,0,0,0,0,0,0,0
0,1,6,0,0,0,0,0,0,0
0,5,1,0,0,0,0,0,0,0
0,6,15,0,0,0,0,0,0,0
0,1,4,0,0,0,0,0,0,0
0,2,6,0,0,0,0,0,0,0
1,6,2,0,0,0,0,0,0,0
1,8,7,0,0,0,0,0,0,0
1,3,6,0,0,0,0,0,0,0
0,6,1,0,0,0,0,0,0,0
1,3,1,0,0,0,0,0,0,0
1,2,5,0,0,0,0,0,0,0
0,7,6,0,0,0,0,0,0,0
0,2,6,0,0,0,0,0,0,0
0,1,5,0,0,0,0,0,0,0
0,2,3,0,0,0,0,0,0,0
1,0,6,0,0,0,0,0,0,0
0,4,1,0,0,0,0,0,0,0
1,2,2,0,0,0,0,0,0,0
0,9,3,0,0,0,0,0,0,0
0,3,5,0,0,0,0,0,0,0
0,7,2,0,0,0,0,0,0,0
1,11,2,0,0,0,0,0,0,0
0,5,1,0,0,0,0,0,0,0
1,0,5,0,0,0,0,0,0,0
0,1,4,0,0,0,0,0,0,0
0,1,5,0,0,0,0,0,0,0
5,14,3,0,0,0,0,0,0,0
0,1,6,0,0,0,0,0,0,0
3,1,1,0,0,0,0,0,0,0
0,2,13,0,0,0,0,0,0,0
1,1,8,0,0,0,0,0,0,0
2,1,5,0,0,0,0,0,0,0
1,6,13,0,0,0,0,0,0,0
0,18,5,0,0,0,0,0,0,0
1,6,1,0,0,0,0,0,0,0
0,1,5,0,0,0,0,0,0,0
0,5,2,0,0,0,0,0,0,0
1,2,2,0,0,0,0,0,0,0
0,5,25,0,0,0,0,0,0,0
0,1,5,0,0,0,0,0,0,0
1,3,2,0,0,0,0,0,0,0
0,4,7,0,0,0,0,0,0,0
1,2,4,0,0,0,0,0,0,0
0,3,2,0,0,0,0,0,0,0
0,1,6,0,0,0,0,0,0,0
1,2,4,0,0,0,0,0,0,0
2,1,17,0,0,0,0,0,0,0
0,5,18,0,0,0,0,0,0,0
0,2,4,0,0,0,0,0,0,0
0,7,3,0,0,0,0,0,0,0
0,1,4,0,0,0,0,0,0,0
0,6,2,0,0,0,0,0,0,0
0,4,2,0,0,0,0,0,0,0
0,2,3,0,0,0,0,0,0,0
0,1,4,0,0,0,0,0,0,0
0,1,5,0,0,0,0,0,0,0
0,2,5,0,0,0,0,0,0,0
1,2,14,0,0,0,0,0,0,0
0,1,6,0,0,0,0,0,0,0
0,6,2,0,0,0,0,0,0,0
0,2,5,0,0,0,0,0,0,0
1,4,15,0,0,0,0,0,0,0
0,6,6,0,0,0,0,0,0,0
12,2,2,0,0,0,0,0,0,0
0,4,10,0,0,0,0,0,0,0
1,6,1,0,0,0,0,0,0,0
2,1,11,0,0,0,0,0,0,0
0,2,3,0,0,0,0,0,0,0
0,4,2,0,0,0,0,0,0,0
2,1,2,0,0,0,0,0,0,0
1,2,17,0,0,0,0,0,0,0
1,2,2,0,0,0,0,0,0,0
0,4,2,0,0,0,0,0,0,0
0,3,7,0,0,0,0,0,0,0
0,12,8,0,0,0,0,0,0,0
0,6,2,0,0,0,0,0,0,0
0,3,4,0,0,0,0,0,0,0
0,2,7,0,0,0,0,0,0,0
0,1,4,0,0,0,0,0,0,0
0,2,4,0,0,0,0,0,0,0
1,2,13,0,0,0,0,0,0,0
1,4,2,0,0,0,0,0,0,0
1,0,6,0,0,0,0,0,0,0
1,0,6,0,0,0,0,0,0,0
1,1,4,0,0,0,0,0,0,0
0,8,5,0,0,0,0,0,0,0
0,4,1,0,0,0,0,0,0,0
0,2,5,0,0,0,0,0,0,0
0,4,3,0,0,0,0,0,0,0
0,2,6,0,0,0,0,0,0,0
0,4,1,0,0,0,0,0,0,0
1,0,5,0,0,0,0,0,0,0
0,1,4,0,0,0,0,0,0,0
0,9,10,0,0,0,0,0,0,0
0,1,4,0,0,0,0,0,0,0
0,10,2,0,0,0,0,0,0,0
1,0,5,0,0,0,0,0,0,0
0,1,4,0,0,0,0,0,0,0
0,1,4,0,0,0,0,0,0,0
0,1,5,0,0,0,0,0,0,0
0,6,14,0,0,0,0,0,0,0
0,1,4,0,0,0,0,0,0,0
1,0,5,0,0,0,0,0,0,0
0,1,5,0,0,0,0,0,0,0
0,1,4,0,0,0,0,0,0,0
2,0,7,0,0,0,0,0,0,0
0,2,3,0,0,0,0,0,0,0
0,6,5,0,0,0,0,0,0,0
1,6,1,0,0,0,0,0,0,0
0,4,2,0,0,0,0,0,0,0
1,8,3,0,0,0,0,0,0,0
0,2,3,0,0,0,0,0,0,0
1,5,1,0,0,0,0,0,0,0
0,5,4,0,0,0,0,0,0,0
1,2,9,0,0,0,0,0,0,0
0,2,3,0,0,0,0,0,0,0
1,0,5,0,0,0,0,0,0,0
2,2,17,0,0,0,0,0,0,0
2,1,16,0,0,0,0,0,0,0
2,0,5,0,0,0,0,0,0,0
1,3,3,0,0,0,0,0,0,0
0,4,4,0,0,0,0,0,0,0
0,4,1,0,0,0,0,0,0,0
0,6,2,0,0,0,0,0,0,0
0,1,6,0,0,0,0,0,0,0
0,1,5,0,0,0,0,0,0,0
1,0,5,0,0,0,0,0,0,0
2,2,1,0,0,0,0,0,0,0
0,2,5,0,0,0,0,0,0,0
1,3,23,0,0,0,0,0,0,0
3,0,10,0,0,0,0,0,0,0
1,1,13,0,0,0,0,0,0,0
2,1,19,0,0,0,0,0,0,0
0,1,5,0,0,0,0,0,0,0
0,1,4,0,0,0,0,0,0,0
0,1,4,0,0,0,0,0,0,0
0,2,5,0,0,0,0,0,0,0
0,1,6,0,0,0,0,0,0,0
0,2,4,0,0,0,0,0,0,0
0,3,2,0,0,0,0,0,0,0
0,2,8,0,0,0,0,0,0,0
0,4,1,0,0,0,0,0,0,0
0,1,4,0,0,0,0,0,0,0
1,4,5,0,0,0,0,0,0,0
0,7,3,0,0,0,0,0,0,0
0,5,1,0,0,0,0,0,0,0
1,2,2,0,0,0,0,0,0,0
0,4,2,0,0,0,0,0,0,0
0,4,1,0,0,0,0,0,0,0
0,1,6,0,0,0,0,0,0,0
0,2,3,0,0,0,0,0,0,0
1,1,9,0,0,0,0,0,0,0
0,5,16,0,0,0,0,0,0,0
0,4,3,0,0,0,0,0,0,0
0,3,3,0,0,0,0,0,0,0
0,4,13,0,0,0,0,0,0,0
1,2,10,0,0,0,0,0,0,0
0,1,6,0,0,0,0,0,0,0
2,1,2,0,0,0,0,0,0,0
0,4,6,0,0,0,0,0,0,0
0,2,13,0,0,0,0,0,0,0
0,1,5,0,0,0,0,0,0,0
0,8,4,0,0,0,0,0,0,0
2,2,8,0,0,0,0,0,0,0
0,1,5,0,0,0,0,0,0,0
0,11,11,0,0,0,0,0,0,0
2,3,2,0,0,0,0,0,0,0
1,1,5,0,0,0,0,0,0,0
1,2,2,0,0,0,0,0,0,0
0,1,5,0,0,0,0,0,0,0
0,1,4,0,0,0,0,0,0,0
0,2,8,0,0,0,0,0,0,0
0,2,5,0,0,0,0,0,0,0
0,1,5,0,0,0,0,0,0,0
0,2,3,0,0,0,0,0,0,0
0,2,6,0,0,0,0,0,0,0
0,2,3,0,0,0,0,0,0,0
1,0,6,0,0,0,0,0,0,0
0,6,1,0,0,0,0,0,0,0
0,1,4,0,0,0,0,0,0,0
1,1,4,0,0,0,0,0,0,0
0,1,4,0,0,0,0,0,0,0
0,4,1,0,0,0,0,0,0,0
1,0,6,0,0,0,0,0,0,0
1,2,4,0,0,0,0,0,0,0
0,1,4,0,0,0,0,0,0,0
0,5,2,0,0,0,0,0,0,0
0,4,11,0,0,0,0,0,0,0
1,1,10,0,0,0,0,0,0,0
0,2,3,0,0,0,0,0,0,0
1,1,5,0,0,0,0,0,0,0
1,0,6,0,0,0,0,0,0,0
0,1,5,0,0,0,0,0,0,0
0,2,6,0,0,0,0,0,0,0
1,4,9,0,0,0,0,0,0,0
1,1,12,0,0,0,0,0,0,0
0,1,4,0,0,0,0,0,0,0
1,7,4,0,0,0,0,0,0,0
1,4,29,0,0,0,0,0,0,0
0,2,8,0,0,0,0,0,0,0
1,2,5,0,0,0,0,0,0,0
1,2,6,0,0,0,0,0,0,0
1,0,5,0,0,0,0,0,0,0
0,1,6,0,0,0,0,0,0,0
0,15,24,0,0,0,0,0,0,0
0,4,1,0,0,0,0,0,0,0
1,0,5,0,0,0,0,0,0,0
1,0,6,0,0,0,0,0,0,0
1,1,13,0,0,0,0,0,0,0
0,2,6,0,0,0,0,0,0,0
0,4,15,0,0,0,0,0,0,0
0,7,8,0,0,0,0,0,0,0
0,4,11,0,0,0,0,0,0,0
0,4,15,0,0,0,0,0,0,0
0,4,3,0,0,0,0,0,0,0
0,4,6,0,0,0,0,0,0,0
0,4,2,0,0,0,0,0,0,0
0,3,5,0,0,0,0,0,0,0
0,10,11,0,0,0,0,0,0,0
0,1,6,0,0,0,0,0,0,0
1,3,17,0,0,0,0,0,0,0
0,9,3,0,0,0,0,0,0,0
0,11,5,0,0,0,0,0,0,0
0,4,8,0,0,0,0,0,0,0
0,3,5,0,0,0,0,0,0,0
0,2,3,0,0,0,0,0,0,0
0,11,3,0,0,0,0,0,0,0
0,2,6,0,0,0,0,0,0,0
1,0,6,0,0,0,0,0,0,0
0,1,4,0,0,0,0,0,0,0
0,4,1,0,0,0,0,0,0,0
0,6,4,0,0,0,0,0,0,0
0,15,6,0,0,0,0,0,0,0
0,10,5,0,0,0,0,0,0,0
8,4,2,0,0,0,0,0,0,0
0,3,2,0,0,0,0,0,0,0
0,4,1,0,0,0,0,0,0,0
0,2,5,0,0,0,0,0,0,0
0,4,1,0,0,0,0,0,0,0
0,1,4,0,0,0,0,0,0,0
2,1,2,0,0,0,0,0,0,0
0,6,1,0,0,0,0,0,0,0
0,1,4,0,0,0,0,0,0,0
0,7,20,0,0,0,0,0,0,0
1,3,24,0,0,0,0,0,0,0
0,3,3,0,0,0,0,0,0,0
0,3,5,0,0,0,0,0,0,0
0,4,4,0,0,0,0,0,0,0
0,2,3,0,0,0,0,0,0,0
0,5,1,0,0,0,0,0,0,0
1,2,12,0,0,0,0,0,0,0
0,1,5,0,0,0,0,0,0,0
0,5,3,0,0,0,0,0,0,0
0,2,3,0,0,0,0,0,0,0
1,3,18,0,0,0,0,0,0,0
1,8,2,0,0,0,0,0,0,0
0,3,12,0,0,0,0,0,0,0
3,1,12,0,0,0,0,0,0,0
2,1,7,0,0,0,0,0,0,0
0,2,5,0,0,0,0,0,0,0
0,6,3,0,0,0,0,0,0,0
0,2,6,0,0,0,0,0,0,0
1,5,4,0,0,0,0,0,0,0
1,8,1,0,0,0,0,0,0,0
0,5,8,0,0,0,0,0,0,0
0,5,7,0,0,0,0,0,0,0
0,2,9,0,0,0,0,0,0,0
0,2,13,0,0,0,0,0,0,0
0,3,8,0,0,0,0,0,0,0
1,4,4,0,0,0,0,0,0,0
2,0,7,0,0,0,0,0,0,0
0,6,1,0,0,0,0,0,0,0
1,2,3,0,0,0,0,0,0,0
0,1,4,0,0,0,0,0,0,0
0,3,10,0,0,0,0,0,0,0
0,10,7,0,0,0,0,0,0,0
0,1,5,0,0,0,0,0,0,0
0,2,9,0,0,0,0,0,0,0
1,2,6,0,0,0,0,0,0,0
0,2,8,0,0,0,0,0,0,0
0,2,4,0,0,0,0,0,0,0
0,1,4,0,0,0,0,0,0,0
0,1,4,0,0,0,0,0,0,0
0,6,1,0,0,0,0,0,0,0
0,3,13,0,0,0,0,0,0,0
0,6,1,0,0,0,0,0,0,0
0,2,5,0,0,0,0,0,0,0
1,3,3,0,0,0,0,0,0,0
0,2,3,0,0,0,0,0,0,0
0,1,4,0,0,0,0,0,0,0
0,2,10,0,0,0,0,0,0,0
2,1,8,0,0,0,0,0,0,0
0,3,4,0,0,0,0,0,0,0
0,4,1,0,0,0,0,0,0,0
0,3,2,0,0,0,0,0,0,0
0,1,5,0,0,0,0,0,0,0
0,1,6,0,0,0,0,0,0,0
0,4,1,0,0,0,0,0,0,0
1,2,13,0,0,0,0,0,0,0
0,4,5,0,0,0,0,0,0,0
1,23,6,0,0,0,0,0,0,0
0,2,3,0,0,0,0,0,0,0
0,1,5,0,0,0,0,0,0,0
0,1,5,0,0,0,0,0,0,0
3,0,5,0,0,0,0,0,0,0
1,1,4,0,0,0,0,0,0,0
1,1,10,0,0,0,0,0,0,0
0,5,7,0,0,0,0,0,0,0
0,1,4,0,0,0,0,0,0,0
0,3,4,0,0,0,0,0,0,0
0,4,2,0,0,0,0,0,0,0
0,5,3,0,0,0,0,0,0,0
1,4,18,0,0,0,0,0,0,0
1,10,1,0,0,0,0,0,0,0
0,1,5,0,0,0,0,0,0,0
1,0,5,0,0,0,0,0,0,0
0,6,5,0,0,0,0,0,0,0
0,1,4,0,0,0,0,0,0,0
0,1,5,0,0,0,0,0,0,0
2,0,6,0,0,0,0,0,0,0
1,2,2,0,0,0,0,0,0,0
0,2,3,0,0,0,0,0,0,0
0,1,5,0,0,0,0,0,0,0
1,3,1,0,0,0,0,0,0,0
0,12,6,0,0,0,0,0,0,0
0,1,4,0,0,0,0,0,0,0
0,8,12,0,0,0,0,0,0,0
1,2,6,0,0,0,0,0,0,0
1,3,5,0,0,0,0,0,0,0
0,11,2,0,0,0,0,0,0,0
1,3,7,0,0,0,0,0,0,0
0,2,6,0,0,0,0,0,0,0
0,1,6,0,0,0,0,0,0,0
0,4,1,0,0,0,0,0,0,0
0,1,5,0,0,0,0,0,0,0
1,0,5,0,0,0,0,0,0,0
0,13,3,0,0,0,0,0,0,0
1,2,10,0,0,0,0,0,0,0
0,5,3,0,0,0,0,0,0,0
2,1,7,0,0,0,0,0,0,0
0,4,4,0,0,0,0,0,0,0
1,1,5,0,0,0,0,0,0,0
0,3,4,0,0,0,0,0,0,0
0,2,6,0,0,0,0,0,0,0
0,3,2,0,0,0,0,0,0,0
1,3,6,0,0,0,0,0,0,0
0,1,4,0,0,0,0,0,0,0
0,4,1,0,0,0,0,0,0,0
0,4,1,0,0,0,0,0,0,0
1,0,5,0,0,0,0,0,0,0
0,2,3,0,0,0,0,0,0,0
0,2,7,0,0,0,0,0,0,0
1,1,6,0,0,0,0,0,0,0
0,3,8,0,0,0,0,0,0,0
0,3,3,0,0,0,0,0,0,0
5,12,5,0,0,0,0,0,0,0
0,4,19,0,0,0,0,0,0,0
0,1,5,0,0,0,0,0,0,0
0,11,2,0,0,0,0,0,0,0
0,4,3,0,0,0,0,0,0,0
0,7,3,0,0,0,0,0,0,0
1,4,11,0,0,0,0,0,0,0
1,2,4,0,0,0,0,0,0,0
0,3,3,0,0,0,0,0,0,0
0,9,4,0,0,0,0,0,0,0
1,1,4,0,0,0,0,0,0,0
0,2,6,0,0,0,0,0,0,0
0,4,2,0,0,0,0,0,0,0
1,8,9,0,0,0,0,0,0,0
0,3,7,0,0,0,0,0,0,0
0,1,4,0,0,0,0,0,0,0
0,6,19,0,0,0,0,0,0,0
0,3,4,0,0,0,0,0,0,0
0,2,3,0,0,0,0,0,0,0
0,4,7,0,0,0,0,0,0,0
0,6,2,0,0,0,0,0,0,0
0,1,6,0,0,0,0,0,0,0
3,0,15,0,0,0,0,0,0,0
0,1,4,0,0,0,0,0,0,0
0,7,8,0,0,0,0,0,0,0
1,0,5,0,0,0,0,0,0,0
0,1,5,0,0,0,0,0,0,0
1,2,2,0,0,0,0,0,0,0
0,4,1,0,0,0,0,0,0,0
0,4,2,0,0,0,0,0,0,0
0,2,4,0,0,0,0,0,0,0
5,1,14,0,0,0,0,0,0,0
0,2,6,0,0,0,0,0,0,0
0,5,1,0,0,0,0,0,0,0
0,2,5,0,0,0,0,0,0,0
2,2,3,0,0,0,0,0,0,0
1,1,3,0,0,0,0,0,0,0
0,5,2,0,0,0,0,0,0,0
3,1,1,0,0,0,0,0,0,0
0,4,1,0,0,0,0,0,0,0
0,1,5,0,0,0,0,0,0,0
0,3,5,0,0,0,0,0,0,0
0,2,4,0,0,0,0,0,0,0
3,16,1,0,0,0,0,0,0,0
1,2,2,0,0,0,0,0,0,0
1,1,4,0,0,0,0,0,0,0
2,1,4,0,0,0,0,0,0,0
1,2,11,0,0,0,0,0,0,0
0,3,6,0,0,0,0,0,0,0
0,2,4,0,0,0,0,0,0,0
2,1,19,0,0,0,0,0,0,0
2,13,5,0,0,0,0,0,0,0
0,3,7,0,0,0,0,0,0,0
0,1,4,0,0,0,0,0,0,0
0,1,6,0,0,0,0,0,0,0
0,3,2,0,0,0,0,0,0,0
0,1,4,0,0,0,0,0,0,0
0,1,6,0,0,0,0,0,0,0
4,1,11,0,0,0,0,0,0,0
0,11,4,0,0,0,0,0,0,0
0,6,1,0,0,0,0,0,0,0
1,3,1,0,0,0,0,0,0,0
0,2,5,0,0,0,0,0,0,0
0,6,1,0,0,0,0,0,0,0
0,1,6,0,0,0,0,0,0,0
2,1,7,0,0,0,0,0,0,0
0,1,4,0,0,0,0,0,0,0
0,6,4,0,0,0,0,0,0,0
1,1,8,0,0,0,0,0,0,0
0,3,2,0,0,0,0,0,0,0
1,2,4,0,0,0,0,0,0,0
0,12,2,0,0,0,0,0,0,0
1,3,8,0,0,0,0,0,0,0
2,1,2,0,0,0,0,0,0,0
0,1,6,0,0,0,0,0,0,0
0,3,8,0,0,0,0,0,0,0
0,2,3,0,0,0,0,0,0,0
0,4,2,0,0,0,0,0,0,0
0,2,5,0,0,0,0,0,0,0
0,2,3,0,0,0,0,0,0,0
1,11,4,0,0,0,0,0,0,0
0,1,4,0,0,0,0,0,0,0
0,2,5,0,0,0,0,0,0,0
0,1,5,0,0,0,0,0,0,0
0,4,1,0,0,0,0,0,0,0
0,2,3,0,0,0,0,0,0,0
0,6,10,0,0,0,0,0,0,0
0,1,5,0,0,0,0,0,0,0
2,2,19,0,0,0,0,0,0,0
0,3,2,0,0,0,0,0,0,0
1,1,5,0,0,0,0,0,0,0
2,5,2,0,0,0,0,0,0,0
1,3,1,0,0,0,0,0,0,0
1,3,1,0,0,0,0,0,0,0
0,6,2,0,0,0,0,0,0,0
0,6,1,0,0,0,0,0,0,0
7,1,12,0,0,0,0,0,0,0
0,5,6,0,0,0,0,0,0,0
0,1,5,0,0,0,0,0,0,0
0,1,5,0,0,0,0,0,0,0
0,2,3,0,0,0,0,0,0,0
2,1,3,0,0,0,0,0,0,0
0,4,1,0,0,0,0,0,0,0
0,1,4,0,0,0,0,0,0,0
1,3,17,0,0,0,0,0,0,0
1,0,5,0,0,0,0,0,0,0
0,3,8,0,0,0,0,0,0,0
0,5,1,0,0,0,0,0,0,0
0,6,1,0,0,0,0,0,0,0
0,4,1,0,0,0,0,0,0,0
1,1,10,0,0,0,0,0,0,0
0,4,4,0,0,0,0,0,0,0
0,2,5,0,0,0,0,0,0,0
0,6,1,0,0,0,0,0,0,0
0,5,16,0,0,0,0,0,0,0
1,0,5,0,0,0,0,0,0,0
3,0,5,0,0,0,0,0,0,0
1,2,6,0,0,0,0,0,0,0
0,7,6,0,0,0,0,0,0,0
0,8,4,0,0,0,0,0,0,0
0,8,3,0,0,0,0,0,0,0
0,5,1,0,0,0,0,0,0,0
0,3,19,0,0,0,0,0,0,0
0,3,13,0,0,0,0,0,0,0
1,4,1,0,0,0,0,0,0,0
1,1,3,0,0,0,0,0,0,0
0,2,5,0,0,0,0,0,0,0
1,1,3,0,0,0,0,0,0,0
3,2,2,0,0,0,0,0,0,0
0,1,4,0,0,0,0,0,0,0
0,4,1,0,0,0,0,0,0,0
0,1,4,0,0,0,0,0,0,0
0,7,8,0,0,0,0,0,0,0
0,2,3,0,0,0,0,0,0,0
2,0,8,0,0,0,0,0,0,0
1,2,14,0,0,0,0,0,0,0
0,1,4,0,0,0,0,0,0,0
0,5,2,0,0,0,0,0,0,0
0,1,6,0,0,0,0,0,0,0
0,7,11,0,0,0,0,0,0,0
0,1,6,0,0,0,0,0,0,0
0,1,5,0,0,0,0,0,0,0
0,4,2,0,0,0,0,0,0,0
1,1,9,0,0,0,0,0,0,0
0,5,5,0,0,0,0,0,0,0
0,3,2,0,0,0,0,0,0,0
0,5,15,0,0,0,0,0,0,0
1,2,4,0,0,0,0,0,0,0
2,1,12,0,0,0,0,0,0,0
0,1,5,0,0,0,0,0,0,0
0,13,3,0,0,0,0,0,0,0
0,2,3,0,0,0,0,0,0,0
0,7,2,0,0,0,0,0,0,0
1,1,10,0,0,0,0,0,0,0
2,1,9,0,0,0,0,0,0,0
0,3,2,0,0,0,0,0,0,0
0,1,4,0,0,0,0,0,0,0
0,3,2,0,0,0,0,0,0,0
0,2,6,0,0,0,0,0,0,0
2,3,1,0,0,0,0,0,0,0
1,3,7,0,0,0,0,0,0,0
24,10,4,0,0,0,0,0,0,0
2,2,27,0,0,0,0,0,0,0
1,8,1,0,0,0,0,0,0,0
1,5,1,0,0,0,0,0,0,0
0,4,1,0,0,0,0,0,0,0
0,2,4,0,0,0,0,0,0,0
1,11,1,0,0,0,0,0,0,0
11,5,3,0,0,0,0,0,0,0
1,14,2,0,0,0,0,0,0,0
1,1,3,0,0,0,0,0,0,0
0,3,3,0,0,0,0,0,0,0
3,2,1,0,0,0,0,0,0,0
3,1,1,0,0,0,0,0,0,0
0,1,6,0,0,0,0,0,0,0
1,1,13,0,0,0,0,0,0,0
0,11,2,0,0,0,0,0,0,0
0,2,7,0,0,0,0,0,0,0
0,2,4,0,0,0,0,0,0,0
0,1,6,0,0,0,0,0,0,0
0,5,5,0,0,0,0,0,0,0
0,1,5,0,0,0,0,0,0,0
0,13,7,0,0,0,0,0,0,0
0,12,3,0,0,0,0,0,0,0
0,4,2,0,0,0,0,0,0,0
0,2,5,0,0,0,0,0,0,0
1,1,7,0,0,0,0,0,0,0
0,1,4,0,0,0,0,0,0,0
0,2,5,0,0,0,0,0,0,0
2,4,1,0,0,0,0,0,0,0
0,13,2,0,0,0,0,0,0,0
2,5,4,0,0,0,0,0,0,0
0,1,4,0,0,0,0,0,0,0
1,9,2,0,0,0,0,0,0,0
0,2,7,0,0,0,0,0,0,0
0,4,5,0,0,0,0,0,0,0
0,2,11,0,0,0,0,0,0,0
0,9,5,0,0,0,0,0,0,0
3,19,3,0,0,0,0,0,0,0
0,3,4,0,0,0,0,0,0,0
1,5,1,0,0,0,0,0,0,0
2,1,16,0,0,0,0,0,0,0
0,11,5,0,0,0,0,0,0,0
0,1,4,0,0,0,0,0,0,0
0,1,4,0,0,0,0,0,0,0
0,1,4,0,0,0,0,0,0,0
0,2,3,0,0,0,0,0,0,0
0,2,4,0,0,0,0,0,0,0
0,3,2,0,0,0,0,0,0,0
2,1,7,0,0,0,0,0,0,0
1,25,6,0,0,0,0,0,0,0
0,1,6,0,0,0,0,0,0,0
0,4,4,0,0,0,0,0,0,0
1,1,4,0,0,0,0,0,0,0
0,3,3,0,0,0,0,0,0,0
0,2,7,0,0,0,0,0,0,0
1,0,5,0,0,0,0,0,0,0
0,2,5,0,0,0,0,0,0,0
0,1,4,0,0,0,0,0,0,0
0,3,3,0,0,0,0,0,0,0
0,3,2,0,0,0,0,0,0,0
0,1,5,0,0,0,0,0,0,0
0,1,4,0,0,0,0,0,0,0
0,1,5,0,0,0,0,0,0,0
0,9,3,0,0,0,0,0,0,0
0,1,6,0,0,0,0,0,0,0
0,4,1,0,0,0,0,0,0,0
0,1,5,0,0,0,0,0,0,0
0,1,4,0,0,0,0,0,0,0
0,2,4,0,0,0,0,0,0,0
0,2,3,0,0,0,0,0,0,0
2,19,1,0,0,0,0,0,0,0
1,2,3,0,0,0,0,0,0,0
0,5,4,0,0,0,0,0,0,0
3,3,3,0,0,0,0,0,0,0
0,2,3,0,0,0,0,0,0,0
0,1,5,0,0,0,0,0,0,0
0,1,6,0,0,0,0,0,0,0
0,1,6,0,0,0,0,0,0,0
0,3,3,0,0,0,0,0,0,0
1,0,5,0,0,0,0,0,0,0
2,0,7,0,0,0,0,0,0,0
1,3,1,0,0,0,0,0,0,0
1,1,7,0,0,0,0,0,0,0
0,3,6,0,0,0,0,0,0,0
0,1,6,0,0,0,0,0,0,0
1,0,5,0,0,0,0,0,0,0
0,10,3,0,0,0,0,0,0,0
4,1,2,0,0,0,0,0,0,0
0,1,5,0,0,0,0,0,0,0
0,4,3,0,0,0,0,0,0,0
10,34,1,0,0,0,0,0,0,0
0,5,3,0,0,0,0,0,0,0
0,2,6,0,0,0,0,0,0,0
1,1,5,0,0,0,0,0,0,0
0,3,4,0,0,0,0,0,0,0
1,6,18,0,0,0,0,0,0,0
0,2,3,0,0,0,0,0,0,0
0,6,3,0,0,0,0,0,0,0
0,1,4,0,0,0,0,0,0,0
1,1,3,0,0,0,0,0,0,0
0,7,6,0,0,0,0,0,0,0
2,2,5,0,0,0,0,0,0,0
0,1,4,0,0,0,0,0,0,0
44,32,2,0,0,0,0,0,0,0
1,9,2,0,0,0,0,0,0,0
2,2,1,0,0,0,0,0,0,0
22,2,4,0,0,0,0,0,0,0
8,21,3,0,0,0,0,0,0,0
0,1,4,0,0,0,0,0,0,0
0,2,4,0,0,0,0,0,0,0
1,0,6,0,0,0,0,0,0,0
0,11,6,0,0,0,0,0,0,0
0,6,2,0,0,0,0,0,0,0
1,0,5,0,0,0,0,0,0,0
0,2,3,0,0,0,0,0,0,0
0,6,4,0,0,0,0,0,0,0
1,1,11,0,0,0,0,0,0,0
0,1,6,0,0,0,0,0,0,0
0,3,2,0,0,0,0,0,0,0
1,0,5,0,0,0,0,0,0,0
0,2,6,0,0,0,0,0,0,0
0,1,5,0,0,0,0,0,0,0
0,5,5,0,0,0,0,0,0,0
0,3,5,0,0,0,0,0,0,0
1,1,3,0,0,0,0,0,0,0
1,1,5,0,0,0,0,0,0,0
0,1,4,0,0,0,0,0,0,0
0,4,1,0,0,0,0,0,0,0
0,3,10,0,0,0,0,0,0,0
1,2,11,0,0,0,0,0,0,0
0,3,2,0,0,0,0,0,0,0
0,1,6,0,0,0,0,0,0,0
0,6,8,0,0,0,0,0,0,0
2,0,9,0,0,0,0,0,0,0
2,1,2,0,0,0,0,0,0,0
3,8,1,0,0,0,0,0,0,0
1,0,6,0,0,0,0,0,0,0
0,2,7,0,0,0,0,0,0,0
0,8,8,0,0,0,0,0,0,0
0,5,2,0,0,0,0,0,0,0
0,1,4,0,0,0,0,0,0,0
0,2,3,0,0,0,0,0,0,0
0,3,10,0,0,0,0,0,0,0
0,2,10,0,0,0,0,0,0,0
0,6,18,0,0,0,0,0,0,0
0,1,4,0,0,0,0,0,0,0
0,17,5,0,0,0,0,0,0,0
0,2,3,0,0,0,0,0,0,0
0,5,2,0,0,0,0,0,0,0
0,5,1,0,0,0,0,0,0,0
0,3,2,0,0,0,0,0,0,0
1,12,2,0,0,0,0,0,0,0
0,3,2,0,0,0,0,0,0,0
0,5,2,0,0,0,0,0,0,0
0,1,6,0,0,0,0,0,0,0
0,5,1,0,0,0,0,0,0,0
0,5,1,0,0,0,0,0,0,0
1,1,5,0,0,0,0,0,0,0
0,4,5,0,0,0,0,0,0,0
0,1,5,0,0,0,0,0,0,0
1,2,5,0,0,0,0,0,0,0
0,6,4,0,0,0,0,0,0,0
0,2,4,0,0,0,0,0,0,0
0,3,4,0,0,0,0,0,0,0
0,2,3,0,0,0,0,0,0,0
0,9,2,0,0,0,0,0,0,0
0,1,5,0,0,0,0,0,0,0
0,4,1,0,0,0,0,0,0,0
0,6,1,0,0,0,0,0,0,0
0,1,4,0,0,0,0,0,0,0
0,1,4,0,0,0,0,0,0,0
1,1,4,0,0,0,0,0,0,0
0,3,11,0,0,0,0,0,0,0
1,0,5,0,0,0,0,0,0,0
0,2,6,0,0,0,0,0,0,0
1,1,6,0,0,0,0,0,0,0
0,1,4,0,0,0,0,0,0,0
1,2,17,0,0,0,0,0,0,0
0,2,3,0,0,0,0,0,0,0
3,3,7,0,0,0,0,0,0,0
1,2,4,0,0,0,0,0,0,0
0,22,7,0,0,0,0,0,0,0
0,3,3,0,0,0,0,0,0,0
0,1,5,0,0,0,0,0,0,0
0,1,5,0,0,0,0,0,0,0
0,2,5,0,0,0,0,0,0,0
1,0,6,0,0,0,0,0,0,0
0,5,4,0,0,0,0,0,0,0
1,0,6,0,0,0,0,0,0,0
0,7,3,0,0,0,0,0,0,0
0,39,28,0,0,0,0,0,0,0
0,7,7,0,0,0,0,0,0,0
0,2,9,0,0,0,0,0,0,0
0,3,8,0,0,0,0,0,0,0
0,8,2,0,0,0,0,0,0,0
1,2,2,0,0,0,0,0,0,0
0,2,4,0,0,0,0,0,0,0
0,1,4,0,0,0,0,0,0,0
0,3,5,0,0,0,0,0,0,0
0,2,7,0,0,0,0,0,0,0
0,4,1,0,0,0,0,0,0,0
0,4,2,0,0,0,0,0,0,0
1,4,2,0,0,0,0,0,0,0
1,0,6,0,0,0,0,0,0,0
1,0,5,0,0,0,0,0,0,0
0,4,2,0,0,0,0,0,0,0
0,4,2,0,0,0,0,0,0,0
0,3,5,0,0,0,0,0,0,0
0,1,4,0,0,0,0,0,0,0
0,2,3,0,0,0,0,0,0,0
0,1,4,0,0,0,0,0,0,0
0,1,5,0,0,0,0,0,0,0
0,5,4,0,0,0,0,0,0,0
0,1,4,0,0,0,0,0,0,0
4,2,10,0,0,0,0,0,0,0
0,1,5,0,0,0,0,0,0,0
0,4,1,0,0,0,0,0,0,0
0,1,4,0,0,0,0,0,0,0
0,1,5,0,0,0,0,0,0,0
1,0,5,0,0,0,0,0,0,0
0,1,4,0,0,0,0,0,0,0
0,9,6,0,0,0,0,0,0,0
0,1,4,0,0,0,0,0,0,0
4,1,16,0,0,0,0,0,0,0
0,1,4,0,0,0,0,0,0,0
0,1,4,0,0,0,0,0,0,0
0,8,2,0,0,0,0,0,0,0
2,0,8,0,0,0,0,0,0,0
25,31,1,0,0,0,0,0,0,0
0,6,1,0,0,0,0,0,0,0
0,2,4,0,0,0,0,0,0,0
1,2,2,0,0,0,0,0,0,0
0,2,12,0,0,0,0,0,0,0
0,2,9,0,0,0,0,0,0,0
0,2,5,0,0,0,0,0,0,0
0,1,4,0,0,0,0,0,0,0
0,9,2,0,0,0,0,0,0,0
0,1,5,0,0,0,0,0,0,0
0,7,2,0,0,0,0,0,0,0
1,1,4,0,0,0,0,0,0,0
1,5,22,0,0,0,0,0,0,0
0,1,5,0,0,0,0,0,0,0
0,1,5,0,0,0,0,0,0,0
0,11,7,0,0,0,0,0,0,0
0,6,2,0,0,0,0,0,0,0
0,5,4,0,0,0,0,0,0,0
3,0,9,0,0,0,0,0,0,0
1,1,4,0,0,0,0,0,0,0
1,1,11,0,0,0,0,0,0,0
0,3,5,0,0,0,0,0,0,0
2,1,2,0,0,0,0,0,0,0
2,4,20,0,0,0,0,0,0,0
1,7,1,0,0,0,0,0,0,0
2,1,4,0,0,0,0,0,0,0
1,0,6,0,0,0,0,0,0,0
1,5,1,0,0,0,0,0,0,0
0,1,4,0,0,0,0,0,0,0
0,2,3,0,0,0,0,0,0,0
0,1,5,0,0,0,0,0,0,0
0,1,4,0,0,0,0,0,0,0
1,0,6,0,0,0,0,0,0,0
0,2,3,0,0,0,0,0,0,0
0,1,6,0,0,0,0,0,0,0
0,1,4,0,0,0,0,0,0,0
2,0,8,0,0,0,0,0,0,0
0,4,2,0,0,0,0,0,0,0
1,1,4,0,0,0,0,0,0,0
1,5,2,0,0,0,0,0,0,0
0,4,24,0,0,0,0,0,0,0
0,1,4,0,0,0,0,0,0,0
0,7,2,0,0,0,0,0,0,0
0,2,3,0,0,0,0,0,0,0
0,14,8,0,0,0,0,0,0,0
0,1,4,0,0,0,0,0,0,0
0,3,3,0,0,0,0,0,0,0
2,0,6,0,0,0,0,0,0,0
1,1,9,0,0,0,0,0,0,0
0,2,7,0,0,0,0,0,0,0
0,2,3,0,0,0,0,0,0,0
0,11,2,0,0,0,0,0,0,0
0,20,5,0,0,0,0,0,0,0
2,1,15,0,0,0,0,0,0,0
0,5,1,0,0,0,0,0,0,0
0,4,1,0,0,0,0,0,0,0
1,0,6,0,0,0,0,0,0,0
0,1,4,0,0,0,0,0,0,0
1,2,17,0,0,0,0,0,0,0
0,2,5,0,0,0,0,0,0,0
0,8,2,0,0,0,0,0,0,0
0,2,8,0,0,0,0,0,0,0
0,4,6,0,0,0,0,0,0,0
0,1,4,0,0,0,0,0,0,0
1,1,13,0,0,0,0,0,0,0
0,4,5,0,0,0,0,0,0,0
2,4,29,0,0,0,0,0,0,0
0,1,4,0,0,0,0,0,0,0
0,5,1,0,0,0,0,0,0,0
0,1,4,0,0,0,0,0,0,0
0,1,6,0,0,0,0,0,0,0
0,2,4,0,0,0,0,0,0,0
0,2,4,0,0,0,0,0,0,0
0,3,2,0,0,0,0,0,0,0
0,3,3,0,0,0,0,0,0,0
0,8,3,0,0,0,0,0,0,0
0,2,9,0,0,0,0,0,0,0
9,1,1,0,0,0,0,0,0,0
1,0,5,0,0,0,0,0,0,0
1,1,3,0,0,0,0,0,0,0
0,6,3,0,0,0,0,0,0,0
0,5,9,0,0,0,0,0,0,0
0,1,4,0,0,0,0,0,0,0
0,1,4,0,0,0,0,0,0,0
0,1,4,0,0,0,0,0,0,0
0,1,6,0,0,0,0,0,0,0
0,2,11,0,0,0,0,0,0,0
0,11,2,0,0,0,0,0,0,0
0,4,1,0,0,0,0,0,0,0
2,4,5,0,0,0,0,0,0,0
1,3,10,0,0,0,0,0,0,0
0,10,4,0,0,0,0,0,0,0
0,5,3,0,0,0,0,0,0,0
0,3,4,0,0,0,0,0,0,0
1,0,5,0,0,0,0,0,0,0
0,4,3,0,0,0,0,0,0,0
0,1,4,0,0,0,0,0,0,0
0,6,16,0,0,0,0,0,0,0
2,2,1,0,0,0,0,0,0,0
1,1,7,0,0,0,0,0,0,0
1,1,3,0,0,0,0,0,0,0
2,2,4,0,0,0,0,0,0,0
1,1,4,0,0,0,0,0,0,0
0,2,3,0,0,0,0,0,0,0
0,2,3,0,0,0,0,0,0,0
1,1,8,0,0,0,0,0,0,0
1,1,3,0,0,0,0,0,0,0
0,4,2,0,0,0,0,0,0,0
0,2,4,0,0,0,0,0,0,0
0,2,3,0,0,0,0,0,0,0
0,4,4,0,0,0,0,0,0,0
1,2,2,0,0,0,0,0,0,0
0,5,3,0,0,0,0,0,0,0
1,2,11,0,0,0,0,0,0,0
0,3,15,0,0,0,0,0,0,0
0,4,1,0,0,0,0,0,0,0
0,7,2,0,0,0,0,0,0,0
0,4,1,0,0,0,0,0,0,0
2,2,1,0,0,0,0,0,0,0
0,4,4,0,0,0,0,0,0,0
0,1,6,0,0,0,0,0,0,0
1,3,2,0,0,0,0,0,0,0
0,2,8,0,0,0,0,0,0,0
0,4,2,0,0,0,0,0,0,0
1,0,5,0,0,0,0,0,0,0
1,3,9,0,0,0,0,0,0,0
0,4,2,0,0,0,0,0,0,0
0,2,4,0,0,0,0,0,0,0
0,1,6,0,0,0,0,0,0,0
0,3,8,0,0,0,0,0,0,0
0,1,5,0,0,0,0,0,0,0
0,2,4,0,0,0,0,0,0,0
0,2,5,0,0,0,0,0,0,0
1,2,14,0,0,0,0,0,0,0
0,6,3,0,0,0,0,0,0,0
0,2,3,0,0,0,0,0,0,0
0,7,3,0,0,0,0,0,0,0
1,0,5,0,0,0,0,0,0,0
0,2,4,0,0,0,0,0,0,0
0,1,6,0,0,0,0,0,0,0
0,9,3,0,0,0,0,0,0,0
0,1,4,0,0,0,0,0,0,0
0,1,5,0,0,0,0,0,0,0
0,3,3,0,0,0,0,0,0,0
0,1,4,0,0,0,0,0,0,0
0,6,3,0,0,0,0,0,0,0
0,2,3,0,0,0,0,0,0,0
1,0,6,0,0,0,0,0,0,0
0,6,1,0,0,0,0,0,0,0
0,4,1,0,0,0,0,0,0,0
1,0,5,0,0,0,0,0,0,0
2,9,3,0,0,0,0,0,0,0
1,1,5,0,0,0,0,0,0,0
1,1,10,0,0,0,0,0,0,0
0,3,2,0,0,0,0,0,0,0
0,6,12,0,0,0,0,0,0,0
1,0,5,0,0,0,0,0,0,0
0,2,3,0,0,0,0,0,0,0
0,4,1,0,0,0,0,0,0,0
0,2,3,0,0,0,0,0,0,0
2,22,5,0,0,0,0,0,0,0
1,12,1,0,0,0,0,0,0,0
0,1,6,0,0,0,0,0,0,0
0,2,3,0,0,0,0,0,0,0
1,0,6,0,0,0,0,0,0,0
0,4,1,0,0,0,0,0,0,0
0,1,4,0,0,0,0,0,0,0
0,1,4,0,0,0,0,0,0,0
0,5,3,0,0,0,0,0,0,0
1,1,10,0,0,0,0,0,0,0
0,4,2,0,0,0,0,0,0,0
0,4,1,0,0,0,0,0,0,0
1,5,22,0,0,0,0,0,0,0
0,3,8,0,0,0,0,0,0,0
1,6,3,0,0,0,0,0,0,0
0,5,1,0,0,0,0,0,0,0
0,2,3,0,0,0,0,0,0,0
0,4,5,0,0,0,0,0,0,0
0,1,6,0,0,0,0,0,0,0
1,1,5,0,0,0,0,0,0,0
1,1,6,0,0,0,0,0,0,0
0,2,4,0,0,0,0,0,0,0
1,0,6,0,0,0,0,0,0,0
0,1,4,0,0,0,0,0,0,0
1,38,25,0,0,0,0,0,0,0
1,7,9,0,0,0,0,0,0,0
0,6,1,0,0,0,0,0,0,0
1,0,5,0,0,0,0,0,0,0
0,5,1,0,0,0,0,0,0,0
0,1,4,0,0,0,0,0,0,0
0,2,3,0,0,0,0,0,0,0
0,4,8,0,0,0,0,0,0,0
0,3,8,0,0,0,0,0,0,0
4,1,3,0,0,0,0,0,0,0
1,0,6,0,0,0,0,0,0,0
0,4,4,0,0,0,0,0,0,0
1,2,11,0,0,0,0,0,0,0
1,2,10,0,0,0,0,0,0,0
1,2,2,0,0,0,0,0,0,0
0,8,4,0,0,0,0,0,0,0
0,1,4,0,0,0,0,0,0,0
1,2,5,0,0,0,0,0,0,0
1,1,3,0,0,0,0,0,0,0
1,4,1,0,0,0,0,0,0,0
0,1,4,0,0,0,0,0,0,0
1,1,9,0,0,0,0,0,0,0
1,1,10,0,0,0,0,0,0,0
0,1,6,0,0,0,0,0,0,0
0,4,1,0,0,0,0,0,0,0
0,2,3,0,0,0,0,0,0,0
0,3,6,0,0,0,0,0,0,0
1,7,11,0,0,0,0,0,0,0
1,12,2,0,0,0,0,0,0,0
0,6,1,0,0,0,0,0,0,0
0,3,2,0,0,0,0,0,0,0
1,1,7,0,0,0,0,0,0,0
0,9,5,0,0,0,0,0,0,0
10,9,4,0,0,0,0,0,0,0
0,6,1,0,0,0,0,0,0,0
0,9,3,0,0,0,0,0,0,0
0,4,3,0,0,0,0,0,0,0
1,2,4,0,0,0,0,0,0,0
0,1,6,0,0,0,0,0,0,0
0,1,6,0,0,0,0,0,0,0
0,3,4,0,0,0,0,0,0,0
2,0,7,0,0,0,0,0,0,0
0,2,4,0,0,0,0,0,0,0
1,0,5,0,0,0,0,0,0,0
0,2,3,0,0,0,0,0,0,0
0,1,5,0,0,0,0,0,0,0
1,2,3,0,0,0,0,0,0,0
1,1,3,0,0,0,0,0,0,0
0,3,6,0,0,0,0,0,0,0
0,5,1,0,0,0,0,0,0,0
0,2,4,0,0,0,0,0,0,0
1,7,1,0,0,0,0,0,0,0
0,1,5,0,0,0,0,0,0,0
1,8,6,0,0,0,0,0,0,0
0,13,4,0,0,0,0,0,0,0
0,8,3,0,0,0,0,0,0,0
0,1,4,0,0,0,0,0,0,0
0,3,5,0,0,0,0,0,0,0
2,1,5,0,0,0,0,0,0,0
0,2,11,0,0,0,0,0,0,0
1,7,1,0,0,0,0,0,0,0
0,3,14,0,0,0,0,0,0,0
0,2,4,0,0,0,0,0,0,0
0,2,3,0,0,0,0,0,0,0
1,7,2,0,0,0,0,0,0,0
0,2,8,0,0,0,0,0,0,0
0,11,3,0,0,0,0,0,0,0
1,0,5,0,0,0,0,0,0,0
1,3,1,0,0,0,0,0,0,0
0,4,5,0,0,0,0,0,0,0
1,3,3,0,0,0,0,0,0,0
0,2,3,0,0,0,0,0,0,0
0,4,5,0,0,0,0,0,0,0
1,4,3,0,0,0,0,0,0,0
0,1,4,0,0,0,0,0,0,0
1,1,7,0,0,0,0,0,0,0
0,3,3,0,0,0,0,0,0,0
0,2,5,0,0,0,0,0,0,0
1,3,2,0,0,0,0,0,0,0
0,4,1,0,0,0,0,0,0,0
0,2,7,0,0,0,0,0,0,0
1,3,2,0,0,0,0,0,0,0
0,2,7,0,0,0,0,0,0,0
1,0,6,0,0,0,0,0,0,0
0,2,5,0,0,0,0,0,0,0
0,3,3,0,0,0,0,0,0,0
1,1,3,0,0,0,0,0,0,0
1,3,4,0,0,0,0,0,0,0
0,2,5,0,0,0,0,0,0,0
0,1,6,0,0,0,0,0,0,0
0,2,4,0,0,0,0,0,0,0
2,1,2,0,0,0,0,0,0,0
0,1,5,0,0,0,0,0,0,0
0,3,2,0,0,0,0,0,0,0
1,4,1,0,0,0,0,0,0,0
1,2,2,0,0,0,0,0,0,0
0,2,3,0,0,0,0,0,0,0
0,1,4,0,0,0,0,0,0,0
0,5,11,0,0,0,0,0,0,0
1,0,6,0,0,0,0,0,0,0
0,5,1,0,0,0,0,0,0,0
2,2,1,0,0,0,0,0,0,0
0,3,9,0,0,0,0,0,0,0
9,2,8,0,0,0,0,0,0,0
0,4,5,0,0,0,0,0,0,0
0,6,1,0,0,0,0,0,0,0
0,1,4,0,0,0,0,0,0,0
0,2,6,0,0,0,0,0,0,0
0,2,11,0,0,0,0,0,0,0
0,2,5,0,0,0,0,0,0,0
3,19,4,0,0,0,0,0,0,0
0,11,3,0,0,0,0,0,0,0
0,3,2,0,0,0,0,0,0,0
1,0,6,0,0,0,0,0,0,0
0,5,5,0,0,0,0,0,0,0
0,4,2,0,0,0,0,0,0,0
1,7,1,0,0,0,0,0,0,0
0,5,5,0,0,0,0,0,0,0
1,0,5,0,0,0,0,0,0,0
0,3,2,0,0,0,0,0,0,0
0,1,4,0,0,0,0,0,0,0
0,3,3,0,0,0,0,0,0,0
0,2,3,0,0,0,0,0,0,0
1,2,12,0,0,0,0,0,0,0
0,2,9,0,0,0,0,0,0,0
0,2,8,0,0,0,0,0,0,0
0,2,3,0,0,0,0,0,0,0
0,13,5,0,0,0,0,0,0,0
0,6,1,0,0,0,0,0,0,0
1,2,12,0,0,0,0,0,0,0
5,4,2,0,0,0,0,0,0,0
0,2,5,0,0,0,0,0,0,0
0,4,1,0,0,0,0,0,0,0
0,3,5,0,0,0,0,0,0,0
0,4,4,0,0,0,0,0,0,0
0,5,4,0,0,0,0,0,0,0
0,10,3,0,0,0,0,0,0,0
0,5,1,0,0,0,0,0,0,0
1,0,5,0,0,0,0,0,0,0
5,2,16,0,0,0,0,0,0,0
1,1,6,0,0,0,0,0,0,0
0,3,2,0,0,0,0,0,0,0
0,2,4,0,0,0,0,0,0,0
0,4,4,0,0,0,0,0,0,0
0,4,3,0,0,0,0,0,0,0
1,4,5,0,0,0,0,0,0,0
1,3,4,0,0,0,0,0,0,0
0,1,5,0,0,0,0,0,0,0
0,1,5,0,0,0,0,0,0,0
3,1,7,0,0,0,0,0,0,0
0,1,6,0,0,0,0,0,0,0
1,1,6,0,0,0,0,0,0,0
0,1,4,0,0,0,0,0,0,0
0,4,1,0,0,0,0,0,0,0
0,3,4,0,0,0,0,0,0,0
2,0,10,0,0,0,0,0,0,0
0,6,2,0,0,0,0,0,0,0
0,3,5,0,0,0,0,0,0,0
0,3,13,0,0,0,0,0,0,0
0,2,5,0,0,0,0,0,0,0
0,4,3,0,0,0,0,0,0,0
0,1,6,0,0,0,0,0,0,0
1,1,3,0,0,0,0,0,0,0
0,3,4,0,0,0,0,0,0,0
1,0,6,0,0,0,0,0,0,0
0,4,4,0,0,0,0,0,0,0
1,1,8,0,0,0,0,0,0,0
0,1,4,0,0,0,0,0,0,0
0,4,1,0,0,0,0,0,0,0
0,2,7,0,0,0,0,0,0,0
1,5,28,0,0,0,0,0,0,0
0,10,3,0,0,0,0,0,0,0
0,4,13,0,0,0,0,0,0,0
0,4,6,0,0,0,0,0,0,0
0,2,3,0,0,0,0,0,0,0
0,5,1,0,0,0,0,0,0,0
0,5,1,0,0,0,0,0,0,0
1,1,8,0,0,0,0,0,0,0
0,3,4,0,0,0,0,0,0,0
0,2,5,0,0,0,0,0,0,0
1,1,6,0,0,0,0,0,0,0
0,2,4,0,0,0,0,0,0,0
0,5,3,0,0,0,0,0,0,0
1,0,6,0,0,0,0,0,0,0
0,4,1,0,0,0,0,0,0,0
0,3,4,0,0,0,0,0,0,0
0,2,9,0,0,0,0,0,0,0
0,9,12,0,0,0,0,0,0,0
0,11,2,0,0,0,0,0,0,0
0,4,2,0,0,0,0,0,0,0
0,3,11,0,0,0,0,0,0,0
0,13,3,0,0,0,0,0,0,0
1,1,6,0,0,0,0,0,0,0
0,1,4,0,0,0,0,0,0,0
0,4,3,0,0,0,0,0,0,0
0,2,12,0,0,0,0,0,0,0
1,3,3,0,0,0,0,0,0,0
0,3,9,0,0,0,0,0,0,0
0,1,5,0,0,0,0,0,0,0
0,3,3,0,0,0,0,0,0,0
0,3,2,0,0,0,0,0,0,0
0,5,13,0,0,0,0,0,0,0
7,2,4,0,0,0,0,0,0,0
7,6,15,0,0,0,0,0,0,0
2,0,8,0,0,0,0,0,0,0
0,6,1,0,0,0,0,0,0,0
0,4,6,0,0,0,0,0,0,0
0,1,4,0,0,0,0,0,0,0
2,1,20,0,0,0,0,0,0,0
0,9,3,0,0,0,0,0,0,0
0,1,4,0,0,0,0,0,0,0
0,3,2,0,0,0,0,0,0,0
1,1,8,0,0,0,0,0,0,0
0,6,2,0,0,0,0,0,0,0
0,2,4,0,0,0,0,0,0,0
0,12,2,0,0,0,0,0,0,0
0,1,4,0,0,0,0,0,0,0
0,6,1,0,0,0,0,0,0,0
1,2,4,0,0,0,0,0,0,0
1,3,27,0,0,0,0,0,0,0
0,1,6,0,0,0,0,0,0,0
0,4,1,0,0,0,0,0,0,0
0,3,6,0,0,0,0,0,0,0
0,1,6,0,0,0,0,0,0,0
1,4,9,0,0,0,0,0,0,0
0,2,7,0,0,0,0,0,0,0
0,1,6,0,0,0,0,0,0,0
0,7,3,0,0,0,0,0,0,0
0,1,5,0,0,0,0,0,0,0
0,1,5,0,0,0,0,0,0,0
0,14,6,0,0,0,0,0,0,0
0,2,4,0,0,0,0,0,0,0
0,3,4,0,0,0,0,0,0,0
1,0,5,0,0,0,0,0,0,0
1,2,9,0,0,0,0,0,0,0
1,1,8,0,0,0,0,0,0,0
0,6,10,0,0,0,0,0,0,0
1,1,3,0,0,0,0,0,0,0
0,1,6,0,0,0,0,0,0,0
0,2,3,0,0,0,0,0,0,0
0,1,4,0,0,0,0,0,0,0
0,3,3,0,0,0,0,0,0,0
0,2,4,0,0,0,0,0,0,0
0,4,4,0,0,0,0,0,0,0
0,5,6,0,0,0,0,0,0,0
1,2,8,0,0,0,0,0,0,0
0,3,2,0,0,0,0,0,0,0
1,0,6,0,0,0,0,0,0,0
0,6,3,0,0,0,0,0,0,0
0,3,10,0,0,0,0,0,0,0
1,1,9,0,0,0,0,0,0,0
1,4,3,0,0,0,0,0,0,0
0,1,4,0,0,0,0,0,0,0
1,0,5,0,0,0,0,0,0,0
1,6,4,0,0,0,0,0,0,0
2,0,12,0,0,0,0,0,0,0
0,4,1,0,0,0,0,0,0,0
0,8,2,0,0,0,0,0,0,0
0,3,3,0,0,0,0,0,0,0
0,14,7,0,0,0,0,0,0,0
0,14,3,0,0,0,0,0,0,0
1,5,2,0,0,0,0,0,0,0
0,2,3,0,0,0,0,0,0,0
0,8,4,0,0,0,0,0,0,0
0,2,3,0,0,0,0,0,0,0
0,5,1,0,0,0,0,0,0,0
0,8,8,0,0,0,0,0,0,0
1,3,1,0,0,0,0,0,0,0
0,1,4,0,0,0,0,0,0,0
0,7,8,0,0,0,0,0,0,0
0,2,7,0,0,0,0,0,0,0
1,1,9,0,0,0,0,0,0,0
0,2,3,0,0,0,0,0,0,0
0,5,2,0,0,0,0,0,0,0
0,3,2,0,0,0,0,0,0,0
1,3,4,0,0,0,0,0,0,0
0,3,3,0,0,0,0,0,0,0
1,4,2,0,0,0,0,0,0,0
1,2,12,0,0,0,0,0,0,0
4,22,1,0,0,0,0,0,0,0
0,1,5,0,0,0,0,0,0,0
0,6,1,0,0,0,0,0,0,0
11,20,2,0,0,0,0,0,0,0
0,2,3,0,0,0,0,0,0,0
0,2,9,0,0,0,0,0,0,0
0,1,4,0,0,0,0,0,0,0
0,4,1,0,0,0,0,0,0,0
0,6,7,0,0,0,0,0,0,0
0,8,2,0,0,0,0,0,0,0
0,4,1,0,0,0,0,0,0,0
0,4,3,0,0,0,0,0,0,0
1,2,5,0,0,0,0,0,0,0
0,11,3,0,0,0,0,0,0,0
0,2,3,0,0,0,0,0,0,0
0,1,4,0,0,0,0,0,0,0
0,2,6,0,0,0,0,0,0,0
0,11,5,0,0,0,0,0,0,0
2,1,4,0,0,0,0,0,0,0
1,4,6,0,0,0,0,0,0,0
0,1,5,0,0,0,0,0,0,0
0,3,3,0,0,0,0,0,0,0
1,2,14,0,0,0,0,0,0,0
0,6,2,0,0,0,0,0,0,0
0,6,5,0,0,0,0,0,0,0
0,5,1,0,0,0,0,0,0,0
1,8,6,0,0,0,0,0,0,0
0,4,1,0,0,0,0,0,0,0
0,3,15,0,0,0,0,0,0,0
0,3,2,0,0,0,0,0,0,0
0,5,3,0,0,0,0,0,0,0
0,3,14,0,0,0,0,0,0,0
0,1,4,0,0,0,0,0,0,0
0,2,10,0,0,0,0,0,0,0
1,0,5,0,0,0,0,0,0,0
1,2,9,0,0,0,0,0,0,0
0,3,2,0,0,0,0,0,0,0
0,1,5,0,0,0,0,0,0,0
1,1,3,0,0,0,0,0,0,0
0,2,4,0,0,0,0,0,0,0
0,1,6,0,0,0,0,0,0,0
0,5,6,0,0,0,0,0,0,0
0,2,6,0,0,0,0,0,0,0
0,2,9,0,0,0,0,0,0,0
1,4,7,0,0,0,0,0,0,0
0,3,5,0,0,0,0,0,0,0
0,3,2,0,0,0,0,0,0,0
0,5,2,0,0,0,0,0,0,0
0,1,5,0,0,0,0,0,0,0
0,2,4,0,0,0,0,0,0,0
2,9,1,0,0,0,0,0,0,0
0,3,5,0,0,0,0,0,0,0
1,1,5,0,0,0,0,0,0,0
0,1,4,0,0,0,0,0,0,0
1,4,1,0,0,0,0,0,0,0
1,4,4,0,0,0,0,0,0,0
1,1,4,0,0,0,0,0,0,0
0,4,5,0,0,0,0,0,0,0
0,2,4,0,0,0,0,0,0,0
0,1,5,0,0,0,0,0,0,0
1,2,2,0,0,0,0,0,0,0
1,1,9,0,0,0,0,0,0,0
2,0,10,0,0,0,0,0,0,0
0,1,5,0,0,0,0,0,0,0
0,6,3,0,0,0,0,0,0,0
0,15,6,0,0,0,0,0,0,0
1,9,5,0,0,0,0,0,0,0
5,1,1,0,0,0,0,0,0,0
0,4,1,0,0,0,0,0,0,0
0,3,2,0,0,0,0,0,0,0
0,2,8,0,0,0,0,0,0,0
0,2,11,0,0,0,0,0,0,0
0,3,2,0,0,0,0,0,0,0
0,2,4,0,0,0,0,0,0,0
1,0,5,0,0,0,0,0,0,0
0,3,4,0,0,0,0,0,0,0
2,3,4,0,0,0,0,0,0,0
0,1,4,0,0,0,0,0,0,0
1,4,5,0,0,0,0,0,0,0
2,1,12,0,0,0,0,0,0,0
1,1,4,0,0,0,0,0,0,0
2,3,5,0,0,0,0,0,0,0
0,6,2,0,0,0,0,0,0,0
1,0,5,0,0,0,0,0,0,0
0,2,6,0,0,0,0,0,0,0
0,2,9,0,0,0,0,0,0,0
0,2,5,0,0,0,0,0,0,0
1,0,5,0,0,0,0,0,0,0
0,4,2,0,0,0,0,0,0,0
0,3,3,0,0,0,0,0,0,0
4,0,5,0,0,0,0,0,0,0
0,4,1,0,0,0,0,0,0,0
0,5,1,0,0,0,0,0,0,0
5,8,1,0,0,0,0,0,0,0
1,1,6,0,0,0,0,0,0,0
0,1,6,0,0,0,0,0,0,0
0,1,4,0,0,0,0,0,0,0
0,10,3,0,0,0,0,0,0,0
0,1,5,0,0,0,0,0,0,0
2,1,7,0,0,0,0,0,0,0
1,3,2,0,0,0,0,0,0,0
0,2,3,0,0,0,0,0,0,0
0,5,3,0,0,0,0,0,0,0
1,3,7,0,0,0,0,0,0,0
0,2,5,0,0,0,0,0,0,0
0,2,3,0,0,0,0,0,0,0
0,1,4,0,0,0,0,0,0,0
0,2,3,0,0,0,0,0,0,0
0,4,1,0,0,0,0,0,0,0
0,3,12,0,0,0,0,0,0,0
0,3,16,0,0,0,0,0,0,0
2,2,3,0,0,0,0,0,0,0
1,1,7,0,0,0,0,0,0,0
0,4,5,0,0,0,0,0,0,0
0,5,4,0,0,0,0,0,0,0
0,1,6,0,0,0,0,0,0,0
0,2,3,0,0,0,0,0,0,0
0,3,8,0,0,0,0,0,0,0
0,3,2,0,0,0,0,0,0,0
0,5,3,0,0,0,0,0,0,0
0,3,2,0,0,0,0,0,0,0
1,3,3,0,0,0,0,0,0,0
0,2,13,0,0,0,0,0,0,0
0,6,5,0,0,0,0,0,0,0
0,3,2,0,0,0,0,0,0,0
1,6,2,0,0,0,0,0,0,0
0,6,1,0,0,0,0,0,0,0
1,1,6,0,0,0,0,0,0,0
0,1,4,0,0,0,0,0,0,0
0,6,2,0,0,0,0,0,0,0
0,5,2,0,0,0,0,0,0,0
0,8,6,0,0,0,0,0,0,0
0,3,2,0,0,0,0,0,0,0
0,3,3,0,0,0,0,0,0,0
0,2,6,0,0,0,0,0,0,0
0,5,1,0,0,0,0,0,0,0
0,4,1,0,0,0,0,0,0,0
2,1,2,0,0,0,0,0,0,0
0,3,5,0,0,0,0,0,0,0
0,2,3,0,0,0,0,0,0,0
0,10,4,0,0,0,0,0,0,0
0,11,19,0,0,0,0,0,0,0
0,1,6,0,0,0,0,0,0,0
0,2,4,0,0,0,0,0,0,0
1,2,13,0,0,0,0,0,0,0
0,1,6,0,0,0,0,0,0,0
2,4,1,0,0,0,0,0,0,0
0,4,1,0,0,0,0,0,0,0
0,1,5,0,0,0,0,0,0,0
2,2,6,0,0,0,0,0,0,0
0,1,6,0,0,0,0,0,0,0
0,4,1,0,0,0,0,0,0,0
0,2,3,0,0,0,0,0,0,0
0,2,3,0,0,0,0,0,0,0
0,1,4,0,0,0,0,0,0,0
0,3,10,0,0,0,0,0,0,0
0,1,5,0,0,0,0,0,0,0
0,2,4,0,0,0,0,0,0,0
0,7,9,0,0,0,0,0,0,0
0,2,3,0,0,0,0,0,0,0
0,1,4,0,0,0,0,0,0,0
1,1,4,0,0,0,0,0,0,0
0,4,3,0,0,0,0,0,0,0
2,0,5,0,0,0,0,0,0,0
0,4,8,0,0,0,0,0,0,0
0,2,12,0,0,0,0,0,0,0
0,2,8,0,0,0,0,0,0,0
0,3,2,0,0,0,0,0,0,0
18,2,9,0,0,0,0,0,0,0
1,1,4,0,0,0,0,0,0,0
0,3,3,0,0,0,0,0,0,0
0,7,5,0,0,0,0,0,0,0
1,2,2,0,0,0,0,0,0,0
0,3,2,0,0,0,0,0,0,0
1,2,3,0,0,0,0,0,0,0
0,2,3,0,0,0,0,0,0,0
0,1,4,0,0,0,0,0,0,0
0,2,3,0,0,0,0,0,0,0
0,1,4,0,0,0,0,0,0,0
0,6,5,0,0,0,0,0,0,0
0,6,2,0,0,0,0,0,0,0
0,11,2,0,0,0,0,0,0,0
1,2,6,0,0,0,0,0,0,0
0,1,5,0,0,0,0,0,0,0
1,2,8,0,0,0,0,0,0,0
0,4,1,0,0,0,0,0,0,0
0,3,14,0,0,0,0,0,0,0
0,3,3,0,0,0,0,0,0,0
0,5,2,0,0,0,0,0,0,0
0,1,5,0,0,0,0,0,0,0
1,1,7,0,0,0,0,0,0,0
0,2,3,0,0,0,0,0,0,0
0,3,3,0,0,0,0,0,0,0
0,7,3,0,0,0,0,0,0,0
3,2,10,0,0,0,0,0,0,0
2,10,2,0,0,0,0,0,0,0
1,0,5,0,0,0,0,0,0,0
0,1,4,0,0,0,0,0,0,0
0,1,4,0,0,0,0,0,0,0
0,2,12,0,0,0,0,0,0,0
0,1,6,0,0,0,0,0,0,0
0,5,1,0,0,0,0,0,0,0
0,3,17,0,0,0,0,0,0,0
0,1,4,0,0,0,0,0,0,0
0,4,2,0,0,0,0,0,0,0
0,6,3,0,0,0,0,0,0,0
0,2,3,0,0,0,0,0,0,0
0,2,11,0,0,0,0,0,0,0
0,5,1,0,0,0,0,0,0,0
0,7,6,0,0,0,0,0,0,0
0,3,3,0,0,0,0,0,0,0
1,12,1,0,0,0,0,0,0,0
0,4,2,0,0,0,0,0,0,0
0,3,5,0,0,0,0,0,0,0
0,7,5,0,0,0,0,0,0,0
0,4,1,0,0,0,0,0,0,0
1,1,3,0,0,0,0,0,0,0
0,4,2,0,0,0,0,0,0,0
0,3,3,0,0,0,0,0,0,0
0,3,3,0,0,0,0,0,0,0
0,4,2,0,0,0,0,0,0,0
0,1,4,0,0,0,0,0,0,0
0,1,4,0,0,0,0,0,0,0
0,2,4,0,0,0,0,0,0,0
1,0,5,0,0,0,0,0,0,0
0,1,6,0,0,0,0,0,0,0
1,1,12,0,0,0,0,0,0,0
1,0,5,0,0,0,0,0,0,0
1,17,2,0,0,0,0,0,0,0
0,3,2,0,0,0,0,0,0,0
1,1,3,0,0,0,0,0,0,0
0,8,2,0,0,0,0,0,0,0
0,4,1,0,0,0,0,0,0,0
0,1,4,0,0,0,0,0,0,0
0,2,3,0,0,0,0,0,0,0
1,1,4,0,0,0,0,0,0,0
1,1,4,0,0,0,0,0,0,0
1,2,10,0,0,0,0,0,0,0
0,2,3,0,0,0,0,0,0,0
1,0,5,0,0,0,0,0,0,0
0,3,2,0,0,0,0,0,0,0
0,3,7,0,0,0,0,0,0,0
1,5,3,0,0,0,0,0,0,0
0,4,2,0,0,0,0,0,0,0
1,3,2,0,0,0,0,0,0,0
0,4,1,0,0,0,0,0,0,0
0,2,8,0,0,0,0,0,0,0
0,1,5,0,0,0,0,0,0,0
1,1,10,0,0,0,0,0,0,0
0,3,2,0,0,0,0,0,0,0
0,1,5,0,0,0,0,0,0,0
2,10,2,0,0,0,0,0,0,0
52,83,1,0,0,0,0,0,0,0
1,2,7,0,0,0,0,0,0,0
0,5,18,0,0,0,0,0,0,0
1,7,1,0,0,0,0,0,0,0
0,10,3,0,0,0,0,0,0,0
0,11,2,0,0,0,0,0,0,0
0,2,3,0,0,0,0,0,0,0
2,0,12,0,0,0,0,0,0,0
0,5,3,0,0,0,0,0,0,0
0,1,4,0,0,0,0,0,0,0
0,1,5,0,0,0,0,0,0,0
0,6,1,0,0,0,0,0,0,0
1,1,6,0,0,0,0,0,0,0
2,3,14,0,0,0,0,0,0,0
0,6,2,0,0,0,0,0,0,0
1,2,11,0,0,0,0,0,0,0
0,4,20,0,0,0,0,0,0,0
1,1,5,0,0,0,0,0,0,0
0,4,2,0,0,0,0,0,0,0
0,2,8,0,0,0,0,0,0,0
2,2,5,0,0,0,0,0,0,0
1,4,1,0,0,0,0,0,0,0
1,1,3,0,0,0,0,0,0,0
3,1,2,0,0,0,0,0,0,0
0,3,12,0,0,0,0,0,0,0
0,4,2,0,0,0,0,0,0,0
0,4,1,0,0,0,0,0,0,0
0,3,8,0,0,0,0,0,0,0
0,5,1,0,0,0,0,0,0,0
0,2,5,0,0,0,0,0,0,0
0,6,9,0,0,0,0,0,0,0
0,4,1,0,0,0,0,0,0,0
2,6,21,0,0,0,0,0,0,0
1,0,5,0,0,0,0,0,0,0
0,4,2,0,0,0,0,0,0,0
0,1,5,0,0,0,0,0,0,0
0,4,1,0,0,0,0,0,0,0
0,2,5,0,0,0,0,0,0,0
1,14,4,0,0,0,0,0,0,0
0,4,1,0,0,0,0,0,0,0
0,2,10,0,0,0,0,0,0,0
0,1,4,0,0,0,0,0,0,0
0,2,5,0,0,0,0,0,0,0
0,3,4,0,0,0,0,0,0,0
1,2,2,0,0,0,0,0,0,0
0,4,3,0,0,0,0,0,0,0
0,1,5,0,0,0,0,0,0,0
1,1,5,0,0,0,0,0,0,0
0,7,3,0,0,0,0,0,0,0
0,2,3,0,0,0,0,0,0,0
0,1,5,0,0,0,0,0,0,0
0,2,7,0,0,0,0,0,0,0
1,1,5,0,0,0,0,0,0,0
0,4,1,0,0,0,0,0,0,0
0,3,5,0,0,0,0,0,0,0
0,1,4,0,0,0,0,0,0,0
1,2,4,0,0,0,0,0,0,0
0,3,16,0,0,0,0,0,0,0
0,1,4,0,0,0,0,0,0,0
0,5,3,0,0,0,0,0,0,0
0,3,6,0,0,0,0,0,0,0
0,2,3,0,0,0,0,0,0,0
0,6,1,0,0,0,0,0,0,0
0,1,4,0,0,0,0,0,0,0
0,4,1,0,0,0,0,0,0,0
2,0,6,0,0,0,0,0,0,0
0,5,3,0,0,0,0,0,0,0
0,2,4,0,0,0,0,0,0,0
0,1,5,0,0,0,0,0,0,0
0,5,3,0,0,0,0,0,0,0
0,7,10,0,0,0,0,0,0,0
1,0,5,0,0,0,0,0,0,0
1,5,3,0,0,0,0,0,0,0
0,1,4,0,0,0,0,0,0,0
0,3,10,0,0,0,0,0,0,0
2,0,5,0,0,0,0,0,0,0
0,4,17,0,0,0,0,0,0,0
0,2,3,0,0,0,0,0,0,0
2,1,9,0,0,0,0,0,0,0
1,2,8,0,0,0,0,0,0,0
0,5,1,0,0,0,0,0,0,0
0,1,4,0,0,0,0,0,0,0
1,5,2,0,0,0,0,0,0,0
0,3,3,0,0,0,0,0,0,0
0,1,5,0,0,0,0,0,0,0
0,5,11,0,0,0,0,0,0,0
0,4,1,0,0,0,0,0,0,0
0,1,5,0,0,0,0,0,0,0
0,2,6,0,0,0,0,0,0,0
0,1,5,0,0,0,0,0,0,0
0,3,3,0,0,0,0,0,0,0
1,3,1,0,0,0,0,0,0,0
1,1,10,0,0,0,0,0,0,0
0,1,5,0,0,0,0,0,0,0
2,8,14,0,0,0,0,0,0,0
0,4,2,0,0,0,0,0,0,0
0,9,3,0,0,0,0,0,0,0
0,4,4,0,0,0,0,0,0,0
1,5,1,0,0,0,0,0,0,0
0,3,7,0,0,0,0,0,0,0
1,0,5,0,0,0,0,0,0,0
0,2,5,0,0,0,0,0,0,0
0,4,10,0,0,0,0,0,0,0
2,3,9,0,0,0,0,0,0,0
0,16,3,0,0,0,0,0,0,0
0,2,3,0,0,0,0,0,0,0
7,3,7,0,0,0,0,0,0,0
0,1,4,0,0,0,0,0,0,0
0,2,7,0,0,0,0,0,0,0
1,0,5,0,0,0,0,0,0,0
1,0,6,0,0,0,0,0,0,0
0,2,4,0,0,0,0,0,0,0
0,6,1,0,0,0,0,0,0,0
0,4,1,0,0,0,0,0,0,0
0,1,4,0,0,0,0,0,0,0
0,2,3,0,0,0,0,0,0,0
0,2,6,0,0,0,0,0,0,0
1,3,3,0,0,0,0,0,0,0
0,6,2,0,0,0,0,0,0,0
0,1,4,0,0,0,0,0,0,0
2,1,4,0,0,0,0,0,0,0
1,2,2,0,0,0,0,0,0,0
0,1,6,0,0,0,0,0,0,0
0,5,2,0,0,0,0,0,0,0
1,0,5,0,0,0,0,0,0,0
0,4,3,0,0,0,0,0,0,0
0,4,1,0,0,0,0,0,0,0
0,3,3,0,0,0,0,0,0,0
2,0,12,0,0,0,0,0,0,0
0,1,4,0,0,0,0,0,0,0
1,1,3,0,0,0,0,0,0,0
0,4,1,0,0,0,0,0,0,0
1,0,6,0,0,0,0,0,0,0
1,3,4,0,0,0,0,0,0,0
1,3,8,0,0,0,0,0,0,0
0,3,2,0,0,0,0,0,0,0
0,5,3,0,0,0,0,0,0,0
0,6,1,0,0,0,0,0,0,0
0,5,2,0,0,0,0,0,0,0
0,4,8,0,0,0,0,0,0,0
0,2,3,0,0,0,0,0,0,0
1,3,1,0,0,0,0,0,0,0
1,1,5,0,0,0,0,0,0,0
0,4,1,0,0,0,0,0,0,0
0,1,4,0,0,0,0,0,0,0
3,21,1,0,0,0,0,0,0,0
0,6,5,0,0,0,0,0,0,0
0,1,4,0,0,0,0,0,0,0
0,3,2,0,0,0,0,0,0,0
0,1,5,0,0,0,0,0,0,0
0,6,3,0,0,0,0,0,0,0
0,6,9,0,0,0,0,0,0,0
8,0,6,0,0,0,0,0,0,0
0,1,5,0,0,0,0,0,0,0
0,3,3,0,0,0,0,0,0,0
0,6,1,0,0,0,0,0,0,0
0,4,1,0,0,0,0,0,0,0
0,2,3,0,0,0,0,0,0,0
1,0,6,0,0,0,0,0,0,0
0,11,2,0,0,0,0,0,0,0
1,0,6,0,0,0,0,0,0,0
1,2,11,0,0,0,0,0,0,0
6,6,2,0,0,0,0,0,0,0
0,2,3,0,0,0,0,0,0,0
1,0,5,0,0,0,0,0,0,0
0,2,13,0,0,0,0,0,0,0
0,2,3,0,0,0,0,0,0,0
1,0,5,0,0,0,0,0,0,0
2,0,12,0,0,0,0,0,0,0
0,4,1,0,0,0,0,0,0,0
1,2,3,0,0,0,0,0,0,0
1,1,3,0,0,0,0,0,0,0
0,10,2,0,0,0,0,0,0,0
0,4,6,0,0,0,0,0,0,0
0,5,1,0,0,0,0,0,0,0
1,0,6,0,0,0,0,0,0,0
0,4,1,0,0,0,0,0,0,0
0,7,3,0,0,0,0,0,0,0
0,1,4,0,0,0,0,0,0,0
0,2,5,0,0,0,0,0,0,0
1,2,3,0,0,0,0,0,0,0
0,3,6,0,0,0,0,0,0,0
0,1,4,0,0,0,0,0,0,0
0,5,1,0,0,0,0,0,0,0
0,4,1,0,0,0,0,0,0,0
1,0,5,0,0,0,0,0,0,0
4,4,3,0,0,0,0,0,0,0
0,1,4,0,0,0,0,0,0,0
0,11,8,0,0,0,0,0,0,0
0,3,3,0,0,0,0,0,0,0
0,1,5,0,0,0,0,0,0,0
0,1,4,0,0,0,0,0,0,0
0,1,5,0,0,0,0,0,0,0
0,2,3,0,0,0,0,0,0,0
0,2,8,0,0,0,0,0,0,0
0,1,6,0,0,0,0,0,0,0
0,2,11,0,0,0,0,0,0,0
0,4,1,0,0,0,0,0,0,0
0,1,6,0,0,0,0,0,0,0
0,3,2,0,0,0,0,0,0,0
0,1,4,0,0,0,0,0,0,0
0,4,7,0,0,0,0,0,0,0
0,4,2,0,0,0,0,0,0,0
0,1,6,0,0,0,0,0,0,0
0,9,5,0,0,0,0,0,0,0
0,4,1,0,0,0,0,0,0,0
0,1,5,0,0,0,0,0,0,0
1,0,5,0,0,0,0,0,0,0
0,2,4,0,0,0,0,0,0,0
0,7,8,0,0,0,0,0,0,0
1,1,5,0,0,0,0,0,0,0
0,2,4,0,0,0,0,0,0,0
0,3,4,0,0,0,0,0,0,0
1,0,5,0,0,0,0,0,0,0
0,4,1,0,0,0,0,0,0,0
0,1,4,0,0,0,0,0,0,0
0,1,4,0,0,0,0,0,0,0
0,1,4,0,0,0,0,0,0,0
0,1,5,0,0,0,0,0,0,0
1,6,4,0,0,0,0,0,0,0
0,2,8,0,0,0,0,0,0,0
5,4,2,0,0,0,0,0,0,0
1,6,23,0,0,0,0,0,0,0
0,2,3,0,0,0,0,0,0,0
0,2,3,0,0,0,0,0,0,0
0,2,3,0,0,0,0,0,0,0
1,1,6,0,0,0,0,0,0,0
0,5,1,0,0,0,0,0,0,0
0,1,6,0,0,0,0,0,0,0
0,4,6,0,0,0,0,0,0,0
1,1,3,0,0,0,0,0,0,0
1,1,3,0,0,0,0,0,0,0
1,3,3,0,0,0,0,0,0,0
1,2,3,0,0,0,0,0,0,0
0,2,4,0,0,0,0,0,0,0
0,5,1,0,0,0,0,0,0,0
1,0,6,0,0,0,0,0,0,0
0,4,3,0,0,0,0,0,0,0
0,5,1,0,0,0,0,0,0,0
0,1,5,0,0,0,0,0,0,0
0,1,5,0,0,0,0,0,0,0
0,3,4,0,0,0,0,0,0,0
1,1,12,0,0,0,0,0,0,0
0,4,3,0,0,0,0,0,0,0
3,1,12,0,0,0,0,0,0,0
0,4,1,0,0,0,0,0,0,0
1,1,5,0,0,0,0,0,0,0
0,1,6,0,0,0,0,0,0,0
0,4,3,0,0,0,0,0,0,0
0,3,3,0,0,0,0,0,0,0
0,4,1,0,0,0,0,0,0,0
1,0,5,0,0,0,0,0,0,0
0,4,2,0,0,0,0,0,0,0
0,1,5,0,0,0,0,0,0,0
0,3,7,0,0,0,0,0,0,0
0,2,8,0,0,0,0,0,0,0
2,1,2,0,0,0,0,0,0,0
1,1,9,0,0,0,0,0,0,0
0,6,1,0,0,0,0,0,0,0
0,3,3,0,0,0,0,0,0,0
2,15,1,0,0,0,0,0,0,0
0,4,3,0,0,0,0,0,0,0
3,0,12,0,0,0,0,0,0,0
0,2,6,0,0,0,0,0,0,0
0,1,4,0,0,0,0,0,0,0
0,4,9,0,0,0,0,0,0,0
0,1,5,0,0,0,0,0,0,0
0,4,12,0,0,0,0,0,0,0
0,3,2,0,0,0,0,0,0,0
2,0,8,0,0,0,0,0,0,0
0,1,4,0,0,0,0,0,0,0
1,3,1,0,0,0,0,0,0,0
1,2,2,0,0,0,0,0,0,0
1,0,5,0,0,0,0,0,0,0
0,5,3,0,0,0,0,0,0,0
0,3,6,0,0,0,0,0,0,0
0,2,3,0,0,0,0,0,0,0
0,8,6,0,0,0,0,0,0,0
2,0,7,0,0,0,0,0,0,0
8,2,2,0,0,0,0,0,0,0
0,1,5,0,0,0,0,0,0,0
0,1,5,0,0,0,0,0,0,0
1,28,8,0,0,0,0,0,0,0
0,9,4,0,0,0,0,0,0,0
0,5,3,0,0,0,0,0,0,0
0,4,3,0,0,0,0,0,0,0
0,4,3,0,0,0,0,0,0,0
1,1,5,0,0,0,0,0,0,0
0,1,4,0,0,0,0,0,0,0
0,3,16,0,0,0,0,0,0,0
0,7,2,0,0,0,0,0,0,0
1,2,5,0,0,0,0,0,0,0
0,9,15,0,0,0,0,0,0,0
0,5,3,0,0,0,0,0,0,0
0,3,2,0,0,0,0,0,0,0
0,3,2,0,0,0,0,0,0,0
0,2,5,0,0,0,0,0,0,0
1,2,4,0,0,0,0,0,0,0
1,3,5,0,0,0,0,0,0,0
0,1,4,0,0,0,0,0,0,0
3,1,1,0,0,0,0,0,0,0
0,17,3,0,0,0,0,0,0,0
0,2,3,0,0,0,0,0,0,0
1,4,4,0,0,0,0,0,0,0
0,3,6,0,0,0,0,0,0,0
1,2,2,0,0,0,0,0,0,0
0,2,6,0,0,0,0,0,0,0
0,13,2,0,0,0,0,0,0,0
1,17,22,0,0,0,0,0,0,0
1,2,3,0,0,0,0,0,0,0
0,7,11,0,0,0,0,0,0,0
0,5,1,0,0,0,0,0,0,0
1,3,4,0,0,0,0,0,0,0
0,5,3,0,0,0,0,0,0,0
0,1,5,0,0,0,0,0,0,0
0,1,4,0,0,0,0,0,0,0
0,2,8,0,0,0,0,0,0,0
1,1,3,0,0,0,0,0,0,0
0,4,2,0,0,0,0,0,0,0
0,15,5,0,0,0,0,0,0,0
0,4,24,0,0,0,0,0,0,0
3,0,11,0,0,0,0,0,0,0
0,10,2,0,0,0,0,0,0,0
1,3,4,0,0,0,0,0,0,0
0,3,2,0,0,0,0,0,0,0
0,4,1,0,0,0,0,0,0,0
0,1,5,0,0,0,0,0,0,0
0,3,13,0,0,0,0,0,0,0
3,1,1,0,0,0,0,0,0,0
0,2,9,0,0,0,0,0,0,0
0,3,2,0,0,0,0,0,0,0
0,4,1,0,0,0,0,0,0,0
1,1,12,0,0,0,0,0,0,0
1,0,5,0,0,0,0,0,0,0
0,1,6,0,0,0,0,0,0,0
9,2,2,0,0,0,0,0,0,0
0,7,2,0,0,0,0,0,0,0
2,12,9,0,0,0,0,0,0,0
1,3,12,0,0,0,0,0,0,0
0,2,9,0,0,0,0,0,0,0
0,2,5,0,0,0,0,0,0,0
0,4,1,0,0,0,0,0,0,0
0,2,5,0,0,0,0,0,0,0
0,3,2,0,0,0,0,0,0,0
0,8,5,0,0,0,0,0,0,0
0,8,2,0,0,0,0,0,0,0
3,0,17,0,0,0,0,0,0,0
0,2,7,0,0,0,0,0,0,0
0,2,10,0,0,0,0,0,0,0
0,2,3,0,0,0,0,0,0,0
0,3,4,0,0,0,0,0,0,0
1,3,4,0,0,0,0,0,0,0
1,3,1,0,0,0,0,0,0,0
0,6,3,0,0,0,0,0,0,0
2,0,6,0,0,0,0,0,0,0
0,7,3,0,0,0,0,0,0,0
1,12,1,0,0,0,0,0,0,0
5,3,3,0,0,0,0,0,0,0
0,5,5,0,0,0,0,0,0,0
0,1,4,0,0,0,0,0,0,0
0,2,3,0,0,0,0,0,0,0
0,6,1,0,0,0,0,0,0,0
0,3,7,0,0,0,0,0,0,0
0,1,4,0,0,0,0,0,0,0
9,19,0,0,0,0,0,0,0,0
15,21,0,0,0,0,0,0,0,0
139,143,0,0,0,0,0,0,0,0
17,22,0,0,0,0,0,0,0,0
7,4,0,0,0,0,0,0,0,0
53,32,0,0,0,0,0,0,0,0
117,53,0,0,0,0,0,0,0,0
51,38,0,0,0,0,0,0,0,0
44,74,0,0,0,0,0,0,0,0
45,155,0,0,0,0,0,0,0,0
67,145,0,0,0,0,0,0,0,0
36,210,0,0,0,0,0,0,0,0
1,4,0,0,0,0,0,0,0,0
1,4,0,0,0,0,0,0,0,0
1,4,0,0,0,0,0,0,0,0
2,5,0,0,0,0,0,0,0,0
2,3,0,0,0,0,0,0,0,0
8,2,0,0,0,0,0,0,0,0
2,3,0,0,0,0,0,0,0,0
3,2,0,0,0,0,0,0,0,0
3,3,0,0,0,0,0,0,0,0
6,2,0,0,0,0,0,0,0,0
1,5,0,0,0,0,0,0,0,0
1,4,0,0,0,0,0,0,0,0
1,5,0,0,0,0,0,0,0,0
2,4,0,0,0,0,0,0,0,0
1,4,0,0,0,0,0,0,0,0
5,1,0,0,0,0,0,0,0,0
2,3,0,0,0,0,0,0,0,0
2,3,0,0,0,0,0,0,0,0
1,4,0,0,0,0,0,0,0,0
3,2,0,0,0,0,0,0,0,0
2,3,0,0,0,0,0,0,0,0
3,2,0,0,0,0,0,0,0,0
6,1,0,0,0,0,0,0,0,0
9,2,0,0,0,0,0,0,0,0
3,3,0,0,0,0,0,0,0,0
7,3,0,0,0,0,0,0,0,0
1,5,0,0,0,0,0,0,0,0
5,2,0,0,0,0,0,0,0,0
2,3,0,0,0,0,0,0,0,0
2,3,0,0,0,0,0,0,0,0
1,4,0,0,0,0,0,0,0,0
1,4,0,0,0,0,0,0,0,0
1,4,0,0,0,0,0,0,0,0
5,1,0,0,0,0,0,0,0,0
2,3,0,0,0,0,0,0,0,0
2,3,0,0,0,0,0,0,0,0
4,1,0,0,0,0,0,0,0,0
1,4,0,0,0,0,0,0,0,0
4,3,0,0,0,0,0,0,0,0
2,7,0,0,0,0,0,0,0,0
5,1,0,0,0,0,0,0,0,0
3,2,0,0,0,0,0,0,0,0
4,2,0,0,0,0,0,0,0,0
8,5,0,0,0,0,0,0,0,0
5,1,0,0,0,0,0,0,0,0
4,1,0,0,0,0,0,0,0,0
1,5,0,0,0,0,0,0,0,0
1,4,0,0,0,0,0,0,0,0
1,5,0,0,0,0,0,0,0,0
2,6,0,0,0,0,0,0,0,0
4,3,0,0,0,0,0,0,0,0
1,4,0,0,0,0,0,0,0,0
2,3,0,0,0,0,0,0,0,0
1,6,0,0,0,0,0,0,0,0
1,5,0,0,0,0,0,0,0,0
2,4,0,0,0,0,0,0,0,0
4,6,0,0,0,0,0,0,0,0
4,2,0,0,0,0,0,0,0,0
2,3,0,0,0,0,0,0,0,0
1,6,0,0,0,0,0,0,0,0
22,4,0,0,0,0,0,0,0,0
1,4,0,0,0,0,0,0,0,0
1,4,0,0,0,0,0,0,0,0
2,3,0,0,0,0,0,0,0,0
2,7,0,0,0,0,0,0,0,0
1,6,0,0,0,0,0,0,0,0
5,1,0,0,0,0,0,0,0,0
5,1,0,0,0,0,0,0,0,0
6,7,0,0,0,0,0,0,0,0
3,2,0,0,0,0,0,0,0,0
1,4,0,0,0,0,0,0,0,0
1,6,0,0,0,0,0,0,0,0
5,2,0,0,0,0,0,0,0,0
5,11,0,0,0,0,0,0,0,0
7,14,0,0,0,0,0,0,0,0
1,6,0,0,0,0,0,0,0,0
5,13,0,0,0,0,0,0,0,0
7,5,0,0,0,0,0,0,0,0
1,6,0,0,0,0,0,0,0,0
10,2,0,0,0,0,0,0,0,0
1,5,0,0,0,0,0,0,0,0
1,5,0,0,0,0,0,0,0,0
1,4,0,0,0,0,0,0,0,0
3,12,0,0,0,0,0,0,0,0
2,10,0,0,0,0,0,0,0,0
1,4,0,0,0,0,0,0,0,0
7,4,0,0,0,0,0,0,0,0
2,3,0,0,0,0,0,0,0,0
1,4,0,0,0,0,0,0,0,0
2,4,0,0,0,0,0,0,0,0
1,4,0,0,0,0,0,0,0,0
2,8,0,0,0,0,0,0,0,0
1,4,0,0,0,0,0,0,0,0
2,4,0,0,0,0,0,0,0,0
2,11,0,0,0,0,0,0,0,0
6,1,0,0,0,0,0,0,0,0
1,5,0,0,0,0,0,0,0,0
2,6,0,0,0,0,0,0,0,0
6,2,0,0,0,0,0,0,0,0
1,4,0,0,0,0,0,0,0,0
1,5,0,0,0,0,0,0,0,0
6,2,0,0,0,0,0,0,0,0
2,6,0,0,0,0,0,0,0,0
1,4,0,0,0,0,0,0,0,0
11,21,0,0,0,0,0,0,0,0
6,15,0,0,0,0,0,0,0,0
14,24,0,0,0,0,0,0,0,0
1,5,0,0,0,0,0,0,0,0
1,4,0,0,0,0,0,0,0,0
1,4,0,0,0,0,0,0,0,0
1,6,0,0,0,0,0,0,0,0
5,24,0,0,0,0,0,0,0,0
2,3,0,0,0,0,0,0,0,0
3,5,0,0,0,0,0,0,0,0
1,4,0,0,0,0,0,0,0,0
2,8,0,0,0,0,0,0,0,0
1,5,0,0,0,0,0,0,0,0
1,6,0,0,0,0,0,0,0,0
29,19,0,0,0,0,0,0,0,0
1,4,0,0,0,0,0,0,0,0
1,4,0,0,0,0,0,0,0,0
1,4,0,0,0,0,0,0,0,0
1,6,0,0,0,0,0,0,0,0
1,5,0,0,0,0,0,0,0,0
1,4,0,0,0,0,0,0,0,0
2,6,0,0,0,0,0,0,0,0
1,4,0,0,0,0,0,0,0,0
1,5,0,0,0,0,0,0,0,0
2,9,0,0,0,0,0,0,0,0
3,5,0,0,0,0,0,0,0,0
2,10,0,0,0,0,0,0,0,0
1,4,0,0,0,0,0,0,0,0
1,4,0,0,0,0,0,0,0,0
1,5,0,0,0,0,0,0,0,0
3,11,0,0,0,0,0,0,0,0
4,2,0,0,0,0,0,0,0,0
2,11,0,0,0,0,0,0,0,0
3,2,0,0,0,0,0,0,0,0
1,4,0,0,0,0,0,0,0,0
5,1,0,0,0,0,0,0,0,0
1,6,0,0,0,0,0,0,0,0
1,5,0,0,0,0,0,0,0,0
1,4,0,0,0,0,0,0,0,0
1,6,0,0,0,0,0,0,0,0
1,4,0,0,0,0,0,0,0,0
2,5,0,0,0,0,0,0,0,0
1,6,0,0,0,0,0,0,0,0
1,5,0,0,0,0,0,0,0,0
1,4,0,0,0,0,0,0,0,0
1,4,0,0,0,0,0,0,0,0
1,5,0,0,0,0,0,0,0,0
4,1,0,0,0,0,0,0,0,0
1,5,0,0,0,0,0,0,0,0
1,5,0,0,0,0,0,0,0,0
2,4,0,0,0,0,0,0,0,0
1,6,0,0,0,0,0,0,0,0
4,3,0,0,0,0,0,0,0,0
5,1,0,0,0,0,0,0,0,0
1,5,0,0,0,0,0,0,0,0
2,6,0,0,0,0,0,0,0,0
7,13,0,0,0,0,0,0,0,0
1,4,0,0,0,0,0,0,0,0
1,4,0,0,0,0,0,0,0,0
4,2,0,0,0,0,0,0,0,0
1,5,0,0,0,0,0,0,0,0
1,6,0,0,0,0,0,0,0,0
1,4,0,0,0,0,0,0,0,0
13,11,0,0,0,0,0,0,0,0
3,17,0,0,0,0,0,0,0,0
1,5,0,0,0,0,0,0,0,0
1,4,0,0,0,0,0,0,0,0
1,6,0,0,0,0,0,0,0,0
2,13,0,0,0,0,0,0,0,0
1,4,0,0,0,0,0,0,0,0
4,2,0,0,0,0,0,0,0,0
2,6,0,0,0,0,0,0,0,0
1,4,0,0,0,0,0,0,0,0
1,4,0,0,0,0,0,0,0,0
11,3,0,0,0,0,0,0,0,0
3,17,0,0,0,0,0,0,0,0
1,4,0,0,0,0,0,0,0,0
4,7,0,0,0,0,0,0,0,0
1,6,0,0,0,0,0,0,0,0
1,5,0,0,0,0,0,0,0,0
1,6,0,0,0,0,0,0,0,0
1,5,0,0,0,0,0,0,0,0
1,6,0,0,0,0,0,0,0,0
2,3,0,0,0,0,0,0,0,0
3,3,0,0,0,0,0,0,0,0
1,5,0,0,0,0,0,0,0,0
1,5,0,0,0,0,0,0,0,0
2,3,0,0,0,0,0,0,0,0
3,2,0,0,0,0,0,0,0,0
1,6,0,0,0,0,0,0,0,0
1,6,0,0,0,0,0,0,0,0
1,4,0,0,0,0,0,0,0,0
1,6,0,0,0,0,0,0,0,0
1,6,0,0,0,0,0,0,0,0
1,4,0,0,0,0,0,0,0,0
1,5,0,0,0,0,0,0,0,0
1,6,0,0,0,0,0,0,0,0
1,5,0,0,0,0,0,0,0,0
1,4,0,0,0,0,0,0,0,0
3,7,0,0,0,0,0,0,0,0
1,4,0,0,0,0,0,0,0,0
58,10,0,0,0,0,0,0,0,0
5,2,0,0,0,0,0,0,0,0
1,6,0,0,0,0,0,0,0,0
2,9,0,0,0,0,0,0,0,0
1,5,0,0,0,0,0,0,0,0
15,13,0,0,0,0,0,0,0,0
12,16,0,0,0,0,0,0,0,0
3,7,0,0,0,0,0,0,0,0
5,1,0,0,0,0,0,0,0,0
2,3,0,0,0,0,0,0,0,0
1,5,0,0,0,0,0,0,0,0
4,7,0,0,0,0,0,0,0,0
1,4,0,0,0,0,0,0,0,0
2,4,0,0,0,0,0,0,0,0
1,5,0,0,0,0,0,0,0,0
1,5,0,0,0,0,0,0,0,0
2,5,0,0,0,0,0,0,0,0
1,5,0,0,0,0,0,0,0,0
1,4,0,0,0,0,0,0,0,0
1,6,0,0,0,0,0,0,0,0
1,6,0,0,0,0,0,0,0,0
1,4,0,0,0,0,0,0,0,0
1,5,0,0,0,0,0,0,0,0
1,5,0,0,0,0,0,0,0,0
4,1,0,0,0,0,0,0,0,0
1,6,0,0,0,0,0,0,0,0
1,4,0,0,0,0,0,0,0,0
1,4,0,0,0,0,0,0,0,0
1,4,0,0,0,0,0,0,0,0
3,6,0,0,0,0,0,0,0,0
1,4,0,0,0,0,0,0,0,0
2,4,0,0,0,0,0,0,0,0
5,27,0,0,0,0,0,0,0,0
1,6,0,0,0,0,0,0,0,0
1,4,0,0,0,0,0,0,0,0
2,4,0,0,0,0,0,0,0,0
6,21,0,0,0,0,0,0,0,0
4,17,0,0,0,0,0,0,0,0
2,11,0,0,0,0,0,0,0,0
2,13,0,0,0,0,0,0,0,0
1,4,0,0,0,0,0,0,0,0
1,4,0,0,0,0,0,0,0,0
1,4,0,0,0,0,0,0,0,0
2,3,0,0,0,0,0,0,0,0
1,4,0,0,0,0,0,0,0,0
2,6,0,0,0,0,0,0,0,0
5,14,0,0,0,0,0,0,0,0
5,5,0,0,0,0,0,0,0,0
1,4,0,0,0,0,0,0,0,0
1,5,0,0,0,0,0,0,0,0
1,4,0,0,0,0,0,0,0,0
4,16,0,0,0,0,0,0,0,0
1,5,0,0,0,0,0,0,0,0
3,6,0,0,0,0,0,0,0,0
42,8,0,0,0,0,0,0,0,0
4,13,0,0,0,0,0,0,0,0
4,2,0,0,0,0,0,0,0,0
1,5,0,0,0,0,0,0,0,0
1,4,0,0,0,0,0,0,0,0
1,5,0,0,0,0,0,0,0,0
1,5,0,0,0,0,0,0,0,0
1,4,0,0,0,0,0,0,0,0
3,2,0,0,0,0,0,0,0,0
1,5,0,0,0,0,0,0,0,0
1,4,0,0,0,0,0,0,0,0
1,5,0,0,0,0,0,0,0,0
1,5,0,0,0,0,0,0,0,0
5,12,0,0,0,0,0,0,0,0
17,23,0,0,0,0,0,0,0,0
1,5,0,0,0,0,0,0,0,0
1,5,0,0,0,0,0,0,0,0
15,25,0,0,0,0,0,0,0,0
1,5,0,0,0,0,0,0,0,0
2,11,0,0,0,0,0,0,0,0
1,5,0,0,0,0,0,0,0,0
1,5,0,0,0,0,0,0,0,0
3,2,0,0,0,0,0,0,0,0
2,7,0,0,0,0,0,0,0,0
2,3,0,0,0,0,0,0,0,0
1,5,0,0,0,0,0,0,0,0
3,3,0,0,0,0,0,0,0,0
1,4,0,0,0,0,0,0,0,0
1,6,0,0,0,0,0,0,0,0
18,17,0,0,0,0,0,0,0,0
1,4,0,0,0,0,0,0,0,0
2,3,0,0,0,0,0,0,0,0
1,6,0,0,0,0,0,0,0,0
1,4,0,0,0,0,0,0,0,0
1,5,0,0,0,0,0,0,0,0
1,4,0,0,0,0,0,0,0,0
4,25,0,0,0,0,0,0,0,0
2,6,0,0,0,0,0,0,0,0
2,3,0,0,0,0,0,0,0,0
2,5,0,0,0,0,0,0,0,0
1,5,0,0,0,0,0,0,0,0
4,1,0,0,0,0,0,0,0,0
3,15,0,0,0,0,0,0,0,0
12,10,0,0,0,0,0,0,0,0
1,4,0,0,0,0,0,0,0,0
1,6,0,0,0,0,0,0,0,0
1,6,0,0,0,0,0,0,0,0
1,4,0,0,0,0,0,0,0,0
1,6,0,0,0,0,0,0,0,0
1,4,0,0,0,0,0,0,0,0
4,4,0,0,0,0,0,0,0,0
5,3,0,0,0,0,0,0,0,0
1,4,0,0,0,0,0,0,0,0
4,7,0,0,0,0,0,0,0,0
1,5,0,0,0,0,0,0,0,0
4,3,0,0,0,0,0,0,0,0
1,4,0,0,0,0,0,0,0,0
1,4,0,0,0,0,0,0,0,0
6,1,0,0,0,0,0,0,0,0
5,1,0,0,0,0,0,0,0,0
1,4,0,0,0,0,0,0,0,0
2,4,0,0,0,0,0,0,0,0
1,5,0,0,0,0,0,0,0,0
3,4,0,0,0,0,0,0,0,0
1,4,0,0,0,0,0,0,0,0
1,4,0,0,0,0,0,0,0,0
1,5,0,0,0,0,0,0,0,0
17,7,0,0,0,0,0,0,0,0
1,4,0,0,0,0,0,0,0,0
1,5,0,0,0,0,0,0,0,0
1,6,0,0,0,0,0,0,0,0
7,2,0,0,0,0,0,0,0,0
2,3,0,0,0,0,0,0,0,0
4,8,0,0,0,0,0,0,0,0
2,4,0,0,0,0,0,0,0,0
1,5,0,0,0,0,0,0,0,0
1,5,0,0,0,0,0,0,0,0
2,3,0,0,0,0,0,0,0,0
1,5,0,0,0,0,0,0,0,0
1,4,0,0,0,0,0,0,0,0
3,6,0,0,0,0,0,0,0,0
1,4,0,0,0,0,0,0,0,0
1,5,0,0,0,0,0,0,0,0
1,4,0,0,0,0,0,0,0,0
44,8,0,0,0,0,0,0,0,0
1,4,0,0,0,0,0,0,0,0
5,1,0,0,0,0,0,0,0,0
2,6,0,0,0,0,0,0,0,0
2,3,0,0,0,0,0,0,0,0
15,21,0,0,0,0,0,0,0,0
1,4,0,0,0,0,0,0,0,0
2,7,0,0,0,0,0,0,0,0
2,13,0,0,0,0,0,0,0,0
2,3,0,0,0,0,0,0,0,0
1,6,0,0,0,0,0,0,0,0
7,16,0,0,0,0,0,0,0,0
2,5,0,0,0,0,0,0,0,0
3,9,0,0,0,0,0,0,0,0
1,5,0,0,0,0,0,0,0,0
1,5,0,0,0,0,0,0,0,0
1,5,0,0,0,0,0,0,0,0
1,4,0,0,0,0,0,0,0,0
1,5,0,0,0,0,0,0,0,0
4,5,0,0,0,0,0,0,0,0
1,6,0,0,0,0,0,0,0,0
2,3,0,0,0,0,0,0,0,0
1,4,0,0,0,0,0,0,0,0
2,9,0,0,0,0,0,0,0,0
8,24,0,0,0,0,0,0,0,0
1,4,0,0,0,0,0,0,0,0
1,6,0,0,0,0,0,0,0,0
1,5,0,0,0,0,0,0,0,0
1,4,0,0,0,0,0,0,0,0
1,6,0,0,0,0,0,0,0,0
1,6,0,0,0,0,0,0,0,0
3,2,0,0,0,0,0,0,0,0
2,4,0,0,0,0,0,0,0,0
1,5,0,0,0,0,0,0,0,0
1,6,0,0,0,0,0,0,0,0
1,5,0,0,0,0,0,0,0,0
1,5,0,0,0,0,0,0,0,0
1,5,0,0,0,0,0,0,0,0
1,6,0,0,0,0,0,0,0,0
1,4,0,0,0,0,0,0,0,0
1,4,0,0,0,0,0,0,0,0
1,4,0,0,0,0,0,0,0,0
1,6,0,0,0,0,0,0,0,0
4,12,0,0,0,0,0,0,0,0
2,5,0,0,0,0,0,0,0,0
1,4,0,0,0,0,0,0,0,0
1,5,0,0,0,0,0,0,0,0
8,25,0,0,0,0,0,0,0,0
3,4,0,0,0,0,0,0,0,0
2,11,0,0,0,0,0,0,0,0
1,6,0,0,0,0,0,0,0,0
7,9,0,0,0,0,0,0,0,0
2,3,0,0,0,0,0,0,0,0
1,4,0,0,0,0,0,0,0,0
4,1,0,0,0,0,0,0,0,0
22,11,0,0,0,0,0,0,0,0
13,7,0,0,0,0,0,0,0,0
2,4,0,0,0,0,0,0,0,0
1,4,0,0,0,0,0,0,0,0
2,7,0,0,0,0,0,0,0,0
2,10,0,0,0,0,0,0,0,0
1,6,0,0,0,0,0,0,0,0
1,6,0,0,0,0,0,0,0,0
3,9,0,0,0,0,0,0,0,0
1,4,0,0,0,0,0,0,0,0
2,12,0,0,0,0,0,0,0,0
3,6,0,0,0,0,0,0,0,0
2,5,0,0,0,0,0,0,0,0
8,6,0,0,0,0,0,0,0,0
5,5,0,0,0,0,0,0,0,0
1,4,0,0,0,0,0,0,0,0
6,10,0,0,0,0,0,0,0,0
1,6,0,0,0,0,0,0,0,0
1,5,0,0,0,0,0,0,0,0
3,4,0,0,0,0,0,0,0,0
1,5,0,0,0,0,0,0,0,0
2,8,0,0,0,0,0,0,0,0
5,2,0,0,0,0,0,0,0,0
5,1,0,0,0,0,0,0,0,0
25,29,0,0,0,0,0,0,0,0
1,4,0,0,0,0,0,0,0,0
1,4,0,0,0,0,0,0,0,0
1,4,0,0,0,0,0,0,0,0
1,4,0,0,0,0,0,0,0,0
2,10,0,0,0,0,0,0,0,0
2,9,0,0,0,0,0,0,0,0
4,8,0,0,0,0,0,0,0,0
2,5,0,0,0,0,0,0,0,0
1,5,0,0,0,0,0,0,0,0
1,6,0,0,0,0,0,0,0,0
30,25,0,0,0,0,0,0,0,0
5,4,0,0,0,0,0,0,0,0
2,4,0,0,0,0,0,0,0,0
1,4,0,0,0,0,0,0,0,0
5,7,0,0,0,0,0,0,0,0
1,6,0,0,0,0,0,0,0,0
2,8,0,0,0,0,0,0,0,0
6,23,0,0,0,0,0,0,0,0
2,8,0,0,0,0,0,0,0,0
1,4,0,0,0,0,0,0,0,0
1,5,0,0,0,0,0,0,0,0
3,11,0,0,0,0,0,0,0,0
1,6,0,0,0,0,0,0,0,0
1,4,0,0,0,0,0,0,0,0
5,2,0,0,0,0,0,0,0,0
5,9,0,0,0,0,0,0,0,0
2,6,0,0,0,0,0,0,0,0
1,4,0,0,0,0,0,0,0,0
1,6,0,0,0,0,0,0,0,0
1,4,0,0,0,0,0,0,0,0
1,6,0,0,0,0,0,0,0,0
1,4,0,0,0,0,0,0,0,0
4,10,0,0,0,0,0,0,0,0
1,5,0,0,0,0,0,0,0,0
1,4,0,0,0,0,0,0,0,0
9,24,0,0,0,0,0,0,0,0
1,4,0,0,0,0,0,0,0,0
6,1,0,0,0,0,0,0,0,0
1,4,0,0,0,0,0,0,0,0
4,13,0,0,0,0,0,0,0,0
6,7,0,0,0,0,0,0,0,0
2,5,0,0,0,0,0,0,0,0
3,12,0,0,0,0,0,0,0,0
1,5,0,0,0,0,0,0,0,0
1,5,0,0,0,0,0,0,0,0
1,4,0,0,0,0,0,0,0,0
1,4,0,0,0,0,0,0,0,0
1,4,0,0,0,0,0,0,0,0
10,17,0,0,0,0,0,0,0,0
1,6,0,0,0,0,0,0,0,0
2,12,0,0,0,0,0,0,0,0
3,3,0,0,0,0,0,0,0,0
1,6,0,0,0,0,0,0,0,0
1,5,0,0,0,0,0,0,0,0
1,4,0,0,0,0,0,0,0,0
3,16,0,0,0,0,0,0,0,0
1,4,0,0,0,0,0,0,0,0
1,4,0,0,0,0,0,0,0,0
1,6,0,0,0,0,0,0,0,0
5,10,0,0,0,0,0,0,0,0
1,4,0,0,0,0,0,0,0,0
1,5,0,0,0,0,0,0,0,0
1,4,0,0,0,0,0,0,0,0
1,5,0,0,0,0,0,0,0,0
11,17,0,0,0,0,0,0,0,0
1,4,0,0,0,0,0,0,0,0
2,9,0,0,0,0,0,0,0,0
1,6,0,0,0,0,0,0,0,0
8,16,0,0,0,0,0,0,0,0
1,4,0,0,0,0,0,0,0,0
1,5,0,0,0,0,0,0,0,0
1,5,0,0,0,0,0,0,0,0
1,5,0,0,0,0,0,0,0,0
1,6,0,0,0,0,0,0,0,0
2,7,0,0,0,0,0,0,0,0
1,6,0,0,0,0,0,0,0,0
2,3,0,0,0,0,0,0,0,0
2,7,0,0,0,0,0,0,0,0
1,6,0,0,0,0,0,0,0,0
1,4,0,0,0,0,0,0,0,0
1,6,0,0,0,0,0,0,0,0
2,6,0,0,0,0,0,0,0,0
6,3,0,0,0,0,0,0,0,0
4,14,0,0,0,0,0,0,0,0
1,5,0,0,0,0,0,0,0,0
3,11,0,0,0,0,0,0,0,0
1,5,0,0,0,0,0,0,0,0
2,5,0,0,0,0,0,0,0,0
2,12,0,0,0,0,0,0,0,0
13,30,0,0,0,0,0,0,0,0
2,6,0,0,0,0,0,0,0,0
1,6,0,0,0,0,0,0,0,0
2,3,0,0,0,0,0,0,0,0
1,6,0,0,0,0,0,0,0,0
3,2,0,0,0,0,0,0,0,0
1,4,0,0,0,0,0,0,0,0
1,6,0,0,0,0,0,0,0,0
1,5,0,0,0,0,0,0,0,0
3,3,0,0,0,0,0,0,0,0
11,14,0,0,0,0,0,0,0,0
5,26,0,0,0,0,0,0,0,0
2,7,0,0,0,0,0,0,0,0
9,13,0,0,0,0,0,0,0,0
2,5,0,0,0,0,0,0,0,0
1,4,0,0,0,0,0,0,0,0
1,5,0,0,0,0,0,0,0,0
1,4,0,0,0,0,0,0,0,0
2,7,0,0,0,0,0,0,0,0
1,5,0,0,0,0,0,0,0,0
1,5,0,0,0,0,0,0,0,0
5,4,0,0,0,0,0,0,0,0
2,6,0,0,0,0,0,0,0,0
7,10,0,0,0,0,0,0,0,0
1,4,0,0,0,0,0,0,0,0
1,5,0,0,0,0,0,0,0,0
3,11,0,0,0,0,0,0,0,0
1,4,0,0,0,0,0,0,0,0
3,10,0,0,0,0,0,0,0,0
8,16,0,0,0,0,0,0,0,0
12,4,0,0,0,0,0,0,0,0
1,5,0,0,0,0,0,0,0,0
3,7,0,0,0,0,0,0,0,0
1,4,0,0,0,0,0,0,0,0
1,5,0,0,0,0,0,0,0,0
1,4,0,0,0,0,0,0,0,0
2,3,0,0,0,0,0,0,0,0
1,6,0,0,0,0,0,0,0,0
1,5,0,0,0,0,0,0,0,0
1,5,0,0,0,0,0,0,0,0
3,10,0,0,0,0,0,0,0,0
2,7,0,0,0,0,0,0,0,0
2,8,0,0,0,0,0,0,0,0
9,23,0,0,0,0,0,0,0,0
4,21,0,0,0,0,0,0,0,0
2,3,0,0,0,0,0,0,0,0
7,7,0,0,0,0,0,0,0,0
1,5,0,0,0,0,0,0,0,0
2,4,0,0,0,0,0,0,0,0
2,5,0,0,0,0,0,0,0,0
4,21,0,0,0,0,0,0,0,0
4,2,0,0,0,0,0,0,0,0
1,6,0,0,0,0,0,0,0,0
1,4,0,0,0,0,0,0,0,0
7,13,0,0,0,0,0,0,0,0
1,6,0,0,0,0,0,0,0,0
1,5,0,0,0,0,0,0,0,0
1,4,0,0,0,0,0,0,0,0
1,5,0,0,0,0,0,0,0,0
2,7,0,0,0,0,0,0,0,0
1,6,0,0,0,0,0,0,0,0
4,13,0,0,0,0,0,0,0,0
2,9,0,0,0,0,0,0,0,0
4,1,0,0,0,0,0,0,0,0
1,4,0,0,0,0,0,0,0,0
2,5,0,0,0,0,0,0,0,0
1,4,0,0,0,0,0,0,0,0
1,4,0,0,0,0,0,0,0,0
1,6,0,0,0,0,0,0,0,0
25,25,0,0,0,0,0,0,0,0
2,4,0,0,0,0,0,0,0,0
1,5,0,0,0,0,0,0,0,0
1,5,0,0,0,0,0,0,0,0
3,5,0,0,0,0,0,0,0,0
2,9,0,0,0,0,0,0,0,0
1,6,0,0,0,0,0,0,0,0
1,4,0,0,0,0,0,0,0,0
1,5,0,0,0,0,0,0,0,0
1,6,0,0,0,0,0,0,0,0
1,5,0,0,0,0,0,0,0,0
1,4,0,0,0,0,0,0,0,0
1,4,0,0,0,0,0,0,0,0
3,9,0,0,0,0,0,0,0,0
2,4,0,0,0,0,0,0,0,0
12,20,0,0,0,0,0,0,0,0
1,5,0,0,0,0,0,0,0,0
2,4,0,0,0,0,0,0,0,0
2,3,0,0,0,0,0,0,0,0
2,12,0,0,0,0,0,0,0,0
1,5,0,0,0,0,0,0,0,0
1,5,0,0,0,0,0,0,0,0
1,4,0,0,0,0,0,0,0,0
2,8,0,0,0,0,0,0,0,0
1,4,0,0,0,0,0,0,0,0
4,3,0,0,0,0,0,0,0,0
1,4,0,0,0,0,0,0,0,0
1,4,0,0,0,0,0,0,0,0
1,5,0,0,0,0,0,0,0,0
11,19,0,0,0,0,0,0,0,0
2,13,0,0,0,0,0,0,0,0
5,3,0,0,0,0,0,0,0,0
1,5,0,0,0,0,0,0,0,0
1,5,0,0,0,0,0,0,0,0
4,2,0,0,0,0,0,0,0,0
4,4,0,0,0,0,0,0,0,0
5,6,0,0,0,0,0,0,0,0
7,5,0,0,0,0,0,0,0,0
4,6,0,0,0,0,0,0,0,0
1,5,0,0,0,0,0,0,0,0
1,4,0,0,0,0,0,0,0,0
1,6,0,0,0,0,0,0,0,0
3,10,0,0,0,0,0,0,0,0
13,17,0,0,0,0,0,0,0,0
1,4,0,0,0,0,0,0,0,0
8,5,0,0,0,0,0,0,0,0
5,22,0,0,0,0,0,0,0,0
1,4,0,0,0,0,0,0,0,0
1,6,0,0,0,0,0,0,0,0
2,3,0,0,0,0,0,0,0,0
2,4,0,0,0,0,0,0,0,0
4,20,0,0,0,0,0,0,0,0
12,22,0,0,0,0,0,0,0,0
1,4,0,0,0,0,0,0,0,0
4,3,0,0,0,0,0,0,0,0
4,6,0,0,0,0,0,0,0,0
2,3,0,0,0,0,0,0,0,0
1,5,0,0,0,0,0,0,0,0
4,2,0,0,0,0,0,0,0,0
2,3,0,0,0,0,0,0,0,0
2,4,0,0,0,0,0,0,0,0
3,15,0,0,0,0,0,0,0,0
1,4,0,0,0,0,0,0,0,0
2,11,0,0,0,0,0,0,0,0
9,2,0,0,0,0,0,0,0,0
3,2,0,0,0,0,0,0,0,0
1,4,0,0,0,0,0,0,0,0
6,7,0,0,0,0,0,0,0,0
1,4,0,0,0,0,0,0,0,0
12,5,0,0,0,0,0,0,0,0
2,3,0,0,0,0,0,0,0,0
1,5,0,0,0,0,0,0,0,0
2,8,0,0,0,0,0,0,0,0
1,6,0,0,0,0,0,0,0,0
6,3,0,0,0,0,0,0,0,0
1,6,0,0,0,0,0,0,0,0
1,5,0,0,0,0,0,0,0,0
1,4,0,0,0,0,0,0,0,0
2,4,0,0,0,0,0,0,0,0
3,12,0,0,0,0,0,0,0,0
1,5,0,0,0,0,0,0,0,0
2,5,0,0,0,0,0,0,0,0
1,6,0,0,0,0,0,0,0,0
1,6,0,0,0,0,0,0,0,0
1,5,0,0,0,0,0,0,0,0
2,5,0,0,0,0,0,0,0,0
5,17,0,0,0,0,0,0,0,0
2,13,0,0,0,0,0,0,0,0
14,11,0,0,0,0,0,0,0,0
2,13,0,0,0,0,0,0,0,0
1,6,0,0,0,0,0,0,0,0
1,6,0,0,0,0,0,0,0,0
1,4,0,0,0,0,0,0,0,0
1,6,0,0,0,0,0,0,0,0
2,11,0,0,0,0,0,0,0,0
1,4,0,0,0,0,0,0,0,0
10,3,0,0,0,0,0,0,0,0
1,6,0,0,0,0,0,0,0,0
1,6,0,0,0,0,0,0,0,0
1,5,0,0,0,0,0,0,0,0
10,23,0,0,0,0,0,0,0,0
2,11,0,0,0,0,0,0,0,0
1,5,0,0,0,0,0,0,0,0
1,6,0,0,0,0,0,0,0,0
1,5,0,0,0,0,0,0,0,0
1,4,0,0,0,0,0,0,0,0
1,4,0,0,0,0,0,0,0,0
2,3,0,0,0,0,0,0,0,0
1,6,0,0,0,0,0,0,0,0
2,4,0,0,0,0,0,0,0,0
1,5,0,0,0,0,0,0,0,0
1,4,0,0,0,0,0,0,0,0
12,15,0,0,0,0,0,0,0,0
1,4,0,0,0,0,0,0,0,0
1,6,0,0,0,0,0,0,0,0
1,6,0,0,0,0,0,0,0,0
2,5,0,0,0,0,0,0,0,0
1,6,0,0,0,0,0,0,0,0
4,1,0,0,0,0,0,0,0,0
1,6,0,0,0,0,0,0,0,0
3,2,0,0,0,0,0,0,0,0
1,4,0,0,0,0,0,0,0,0
1,6,0,0,0,0,0,0,0,0
19,27,0,0,0,0,0,0,0,0
2,3,0,0,0,0,0,0,0,0
2,3,0,0,0,0,0,0,0,0
1,5,0,0,0,0,0,0,0,0
4,7,0,0,0,0,0,0,0,0
21,6,0,0,0,0,0,0,0,0
1,6,0,0,0,0,0,0,0,0
2,9,0,0,0,0,0,0,0,0
1,6,0,0,0,0,0,0,0,0
1,6,0,0,0,0,0,0,0,0
1,4,0,0,0,0,0,0,0,0
1,6,0,0,0,0,0,0,0,0
1,4,0,0,0,0,0,0,0,0
1,6,0,0,0,0,0,0,0,0
1,5,0,0,0,0,0,0,0,0
22,16,0,0,0,0,0,0,0,0
1,4,0,0,0,0,0,0,0,0
1,4,0,0,0,0,0,0,0,0
1,5,0,0,0,0,0,0,0,0
1,6,0,0,0,0,0,0,0,0
1,6,0,0,0,0,0,0,0,0
2,3,0,0,0,0,0,0,0,0
2,4,0,0,0,0,0,0,0,0
8,9,0,0,0,0,0,0,0,0
1,4,0,0,0,0,0,0,0,0
1,6,0,0,0,0,0,0,0,0
1,6,0,0,0,0,0,0,0,0
1,4,0,0,0,0,0,0,0,0
6,1,0,0,0,0,0,0,0,0
1,4,0,0,0,0,0,0,0,0
1,6,0,0,0,0,0,0,0,0
1,6,0,0,0,0,0,0,0,0
1,5,0,0,0,0,0,0,0,0
2,3,0,0,0,0,0,0,0,0
1,5,0,0,0,0,0,0,0,0
4,6,0,0,0,0,0,0,0,0
1,6,0,0,0,0,0,0,0,0
1,6,0,0,0,0,0,0,0,0
1,5,0,0,0,0,0,0,0,0
1,6,0,0,0,0,0,0,0,0
4,3,0,0,0,0,0,0,0,0
3,2,0,0,0,0,0,0,0,0
1,6,0,0,0,0,0,0,0,0
4,12,0,0,0,0,0,0,0,0
4,1,0,0,0,0,0,0,0,0
1,4,0,0,0,0,0,0,0,0
1,5,0,0,0,0,0,0,0,0
1,6,0,0,0,0,0,0,0,0
1,4,0,0,0,0,0,0,0,0
2,5,0,0,0,0,0,0,0,0
4,11,0,0,0,0,0,0,0,0
1,4,0,0,0,0,0,0,0,0
5,7,0,0,0,0,0,0,0,0
2,10,0,0,0,0,0,0,0,0
5,13,0,0,0,0,0,0,0,0
3,6,0,0,0,0,0,0,0,0
6,15,0,0,0,0,0,0,0,0
1,4,0,0,0,0,0,0,0,0
1,5,0,0,0,0,0,0,0,0
16,12,0,0,0,0,0,0,0,0
1,6,0,0,0,0,0,0,0,0
1,6,0,0,0,0,0,0,0,0
2,11,0,0,0,0,0,0,0,0
1,6,0,0,0,0,0,0,0,0
2,7,0,0,0,0,0,0,0,0
2,3,0,0,0,0,0,0,0,0
3,7,0,0,0,0,0,0,0,0
1,4,0,0,0,0,0,0,0,0
4,6,0,0,0,0,0,0,0,0
2,5,0,0,0,0,0,0,0,0
4,1,0,0,0,0,0,0,0,0
1,4,0,0,0,0,0,0,0,0
1,4,0,0,0,0,0,0,0,0
2,11,0,0,0,0,0,0,0,0
2,9,0,0,0,0,0,0,0,0
1,5,0,0,0,0,0,0,0,0
6,1,0,0,0,0,0,0,0,0
1,5,0,0,0,0,0,0,0,0
1,4,0,0,0,0,0,0,0,0
2,6,0,0,0,0,0,0,0,0
1,6,0,0,0,0,0,0,0,0
4,2,0,0,0,0,0,0,0,0
1,5,0,0,0,0,0,0,0,0
1,4,0,0,0,0,0,0,0,0
1,6,0,0,0,0,0,0,0,0
1,4,0,0,0,0,0,0,0,0
2,4,0,0,0,0,0,0,0,0
11,6,0,0,0,0,0,0,0,0
4,5,0,0,0,0,0,0,0,0
1,5,0,0,0,0,0,0,0,0
1,5,0,0,0,0,0,0,0,0
1,4,0,0,0,0,0,0,0,0
1,6,0,0,0,0,0,0,0,0
2,8,0,0,0,0,0,0,0,0
1,4,0,0,0,0,0,0,0,0
1,5,0,0,0,0,0,0,0,0
1,5,0,0,0,0,0,0,0,0
1,6,0,0,0,0,0,0,0,0
3,7,0,0,0,0,0,0,0,0
4,10,0,0,0,0,0,0,0,0
2,4,0,0,0,0,0,0,0,0
1,5,0,0,0,0,0,0,0,0
1,5,0,0,0,0,0,0,0,0
2,4,0,0,0,0,0,0,0,0
1,4,0,0,0,0,0,0,0,0
1,6,0,0,0,0,0,0,0,0
1,4,0,0,0,0,0,0,0,0
1,4,0,0,0,0,0,0,0,0
2,3,0,0,0,0,0,0,0,0
1,4,0,0,0,0,0,0,0,0
1,6,0,0,0,0,0,0,0,0
2,8,0,0,0,0,0,0,0,0
1,4,0,0,0,0,0,0,0,0
1,4,0,0,0,0,0,0,0,0
1,5,0,0,0,0,0,0,0,0
1,4,0,0,0,0,0,0,0,0
4,5,0,0,0,0,0,0,0,0
1,4,0,0,0,0,0,0,0,0
1,6,0,0,0,0,0,0,0,0
1,4,0,0,0,0,0,0,0,0
6,1,0,0,0,0,0,0,0,0
1,6,0,0,0,0,0,0,0,0
11,2,0,0,0,0,0,0,0,0
1,4,0,0,0,0,0,0,0,0
2,3,0,0,0,0,0,0,0,0
2,4,0,0,0,0,0,0,0,0
2,3,0,0,0,0,0,0,0,0
1,4,0,0,0,0,0,0,0,0
1,5,0,0,0,0,0,0,0,0
1,6,0,0,0,0,0,0,0,0
1,6,0,0,0,0,0,0,0,0
2,6,0,0,0,0,0,0,0,0
2,5,0,0,0,0,0,0,0,0
1,5,0,0,0,0,0,0,0,0
2,8,0,0,0,0,0,0,0,0
1,4,0,0,0,0,0,0,0,0
4,9,0,0,0,0,0,0,0,0
6,6,0,0,0,0,0,0,0,0
1,4,0,0,0,0,0,0,0,0
1,6,0,0,0,0,0,0,0,0
1,6,0,0,0,0,0,0,0,0
1,5,0,0,0,0,0,0,0,0
4,1,0,0,0,0,0,0,0,0
4,2,0,0,0,0,0,0,0,0
5,11,0,0,0,0,0,0,0,0
1,4,0,0,0,0,0,0,0,0
19,30,0,0,0,0,0,0,0,0
7,2,0,0,0,0,0,0,0,0
2,3,0,0,0,0,0,0,0,0
1,4,0,0,0,0,0,0,0,0
4,4,0,0,0,0,0,0,0,0
1,4,0,0,0,0,0,0,0,0
5,3,0,0,0,0,0,0,0,0
1,5,0,0,0,0,0,0,0,0
1,4,0,0,0,0,0,0,0,0
1,4,0,0,0,0,0,0,0,0
1,6,0,0,0,0,0,0,0,0
9,16,0,0,0,0,0,0,0,0
2,4,0,0,0,0,0,0,0,0
1,4,0,0,0,0,0,0,0,0
1,5,0,0,0,0,0,0,0,0
1,6,0,0,0,0,0,0,0,0
1,5,0,0,0,0,0,0,0,0
4,20,0,0,0,0,0,0,0,0
1,4,0,0,0,0,0,0,0,0
1,4,0,0,0,0,0,0,0,0
1,6,0,0,0,0,0,0,0,0
6,1,0,0,0,0,0,0,0,0
2,6,0,0,0,0,0,0,0,0
1,6,0,0,0,0,0,0,0,0
5,1,0,0,0,0,0,0,0,0
1,5,0,0,0,0,0,0,0,0
7,3,0,0,0,0,0,0,0,0
2,6,0,0,0,0,0,0,0,0
1,6,0,0,0,0,0,0,0,0
2,5,0,0,0,0,0,0,0,0
4,2,0,0,0,0,0,0,0,0
4,7,0,0,0,0,0,0,0,0
1,6,0,0,0,0,0,0,0,0
3,14,0,0,0,0,0,0,0,0
2,4,0,0,0,0,0,0,0,0
1,4,0,0,0,0,0,0,0,0
5,1,0,0,0,0,0,0,0,0
1,5,0,0,0,0,0,0,0,0
1,5,0,0,0,0,0,0,0,0
15,14,0,0,0,0,0,0,0,0
1,4,0,0,0,0,0,0,0,0
2,5,0,0,0,0,0,0,0,0
4,1,0,0,0,0,0,0,0,0
2,3,0,0,0,0,0,0,0,0
1,6,0,0,0,0,0,0,0,0
2,3,0,0,0,0,0,0,0,0
2,3,0,0,0,0,0,0,0,0
4,1,0,0,0,0,0,0,0,0
1,4,0,0,0,0,0,0,0,0
1,6,0,0,0,0,0,0,0,0
1,4,0,0,0,0,0,0,0,0
1,6,0,0,0,0,0,0,0,0
1,5,0,0,0,0,0,0,0,0
1,4,0,0,0,0,0,0,0,0
1,6,0,0,0,0,0,0,0,0
5,26,0,0,0,0,0,0,0,0
1,5,0,0,0,0,0,0,0,0
2,8,0,0,0,0,0,0,0,0
12,3,0,0,0,0,0,0,0,0
1,6,0,0,0,0,0,0,0,0
1,5,0,0,0,0,0,0,0,0
4,4,0,0,0,0,0,0,0,0
1,4,0,0,0,0,0,0,0,0
1,4,0,0,0,0,0,0,0,0
2,3,0,0,0,0,0,0,0,0
1,6,0,0,0,0,0,0,0,0
1,5,0,0,0,0,0,0,0,0
4,5,0,0,0,0,0,0,0,0
2,3,0,0,0,0,0,0,0,0
7,5,0,0,0,0,0,0,0,0
1,6,0,0,0,0,0,0,0,0
2,4,0,0,0,0,0,0,0,0
2,3,0,0,0,0,0,0,0,0
1,4,0,0,0,0,0,0,0,0
1,4,0,0,0,0,0,0,0,0
1,4,0,0,0,0,0,0,0,0
1,5,0,0,0,0,0,0,0,0
1,4,0,0,0,0,0,0,0,0
1,4,0,0,0,0,0,0,0,0
1,6,0,0,0,0,0,0,0,0
1,4,0,0,0,0,0,0,0,0
1,6,0,0,0,0,0,0,0,0
1,5,0,0,0,0,0,0,0,0
2,7,0,0,0,0,0,0,0,0
14,18,0,0,0,0,0,0,0,0
1,4,0,0,0,0,0,0,0,0
4,1,0,0,0,0,0,0,0,0
1,4,0,0,0,0,0,0,0,0
1,4,0,0,0,0,0,0,0,0
1,5,0,0,0,0,0,0,0,0
2,4,0,0,0,0,0,0,0,0
9,7,0,0,0,0,0,0,0,0
3,5,0,0,0,0,0,0,0,0
1,5,0,0,0,0,0,0,0,0
3,2,0,0,0,0,0,0,0,0
1,5,0,0,0,0,0,0,0,0
2,7,0,0,0,0,0,0,0,0
1,5,0,0,0,0,0,0,0,0
2,3,0,0,0,0,0,0,0,0
2,3,0,0,0,0,0,0,0,0
1,4,0,0,0,0,0,0,0,0
1,6,0,0,0,0,0,0,0,0
2,8,0,0,0,0,0,0,0,0
1,4,0,0,0,0,0,0,0,0
1,4,0,0,0,0,0,0,0,0
2,3,0,0,0,0,0,0,0,0
1,4,0,0,0,0,0,0,0,0
6,8,0,0,0,0,0,0,0,0
1,5,0,0,0,0,0,0,0,0
1,5,0,0,0,0,0,0,0,0
1,6,0,0,0,0,0,0,0,0
1,4,0,0,0,0,0,0,0,0
1,6,0,0,0,0,0,0,0,0
1,4,0,0,0,0,0,0,0,0
1,5,0,0,0,0,0,0,0,0
2,3,0,0,0,0,0,0,0,0
8,15,0,0,0,0,0,0,0,0
1,4,0,0,0,0,0,0,0,0
12,3,0,0,0,0,0,0,0,0
8,4,0,0,0,0,0,0,0,0
3,15,0,0,0,0,0,0,0,0
1,5,0,0,0,0,0,0,0,0
1,6,0,0,0,0,0,0,0,0
2,12,0,0,0,0,0,0,0,0
3,2,0,0,0,0,0,0,0,0
7,5,0,0,0,0,0,0,0,0
1,5,0,0,0,0,0,0,0,0
26,30,0,0,0,0,0,0,0,0
1,6,0,0,0,0,0,0,0,0
2,7,0,0,0,0,0,0,0,0
1,4,0,0,0,0,0,0,0,0
1,4,0,0,0,0,0,0,0,0
2,4,0,0,0,0,0,0,0,0
4,1,0,0,0,0,0,0,0,0
2,3,0,0,0,0,0,0,0,0
6,12,0,0,0,0,0,0,0,0
4,1,0,0,0,0,0,0,0,0
4,1,0,0,0,0,0,0,0,0
2,3,0,0,0,0,0,0,0,0
1,4,0,0,0,0,0,0,0,0
3,5,0,0,0,0,0,0,0,0
4,2,0,0,0,0,0,0,0,0
4,1,0,0,0,0,0,0,0,0
1,4,0,0,0,0,0,0,0,0
2,3,0,0,0,0,0,0,0,0
2,12,0,0,0,0,0,0,0,0
1,6,0,0,0,0,0,0,0,0
1,4,0,0,0,0,0,0,0,0
1,4,0,0,0,0,0,0,0,0
3,5,0,0,0,0,0,0,0,0
2,6,0,0,0,0,0,0,0,0
19,22,0,0,0,0,0,0,0,0
8,8,0,0,0,0,0,0,0,0
1,4,0,0,0,0,0,0,0,0
1,4,0,0,0,0,0,0,0,0
1,4,0,0,0,0,0,0,0,0
4,4,0,0,0,0,0,0,0,0
1,5,0,0,0,0,0,0,0,0
5,1,0,0,0,0,0,0,0,0
1,4,0,0,0,0,0,0,0,0
1,5,0,0,0,0,0,0,0,0
2,6,0,0,0,0,0,0,0,0
1,4,0,0,0,0,0,0,0,0
1,4,0,0,0,0,0,0,0,0
2,10,0,0,0,0,0,0,0,0
2,5,0,0,0,0,0,0,0,0
1,4,0,0,0,0,0,0,0,0
1,5,0,0,0,0,0,0,0,0
1,4,0,0,0,0,0,0,0,0
1,5,0,0,0,0,0,0,0,0
2,5,0,0,0,0,0,0,0,0
1,6,0,0,0,0,0,0,0,0
1,4,0,0,0,0,0,0,0,0
1,4,0,0,0,0,0,0,0,0
3,4,0,0,0,0,0,0,0,0
1,4,0,0,0,0,0,0,0,0
2,4,0,0,0,0,0,0,0,0
1,4,0,0,0,0,0,0,0,0
6,1,0,0,0,0,0,0,0,0
1,5,0,0,0,0,0,0,0,0
6,10,0,0,0,0,0,0,0,0
