2,0,1,0,0,3,0,2,4,13,1,0,4,19
0,0,0,2,3,0,0,3,2,1,0,0,0,0
21,18,21,28,34,36,22,16,11,49,14,12,20,27
0,0,0,0,4,1,1,1,0,0,0,0,0,0
1,0,0,0,0,3,1,1,0,0,0,0,0,0
3,1,2,2,0,0,0,1,1,1,1,1,1,1
10,3,7,11,11,6,4,6,4,16,4,5,11,21
8,10,14,22,25,35,22,31,29,44,19,13,15,27
0,0,0,0,1,0,0,1,0,4,0,2,3,22
0,0,0,4,2,1,1,1,1,1,0,0,0,0
4,0,0,0,2,2,0,4,0,4,3,2,8,22
1,1,0,1,0,1,0,0,0,2,2,3,3,22
1,0,0,0,4,0,0,1,1,1,1,1,0,0
0,0,0,0,0,0,0,2,1,2,1,0,0,0
1,0,1,2,0,2,3,1,0,0,0,0,0,0
0,1,0,2,1,3,1,1,0,0,0,0,0,0
0,0,0,1,3,1,1,1,1,2,1,1,0,0
1,1,0,2,1,0,1,0,1,4,0,0,8,24
0,1,0,0,0,1,0,1,3,1,2,1,6,23
1,0,0,1,1,0,0,0,2,4,1,2,7,23
1,1,0,0,1,1,1,5,1,0,2,1,1,1
0,0,1,2,1,3,0,0,2,1,1,4,8,22
0,0,1,1,3,3,0,2,1,3,0,2,5,23
2,0,0,0,0,1,1,2,2,1,0,0,0,0
15,9,8,19,15,24,10,13,11,21,8,3,4,28
0,0,0,0,0,0,0,0,0,0,0,1,3,23
4,1,1,5,0,2,0,4,1,7,1,7,5,20
0,1,0,0,2,0,0,1,0,2,2,1,0,0
1,3,4,6,16,13,4,19,10,35,8,4,11,27
1,1,2,2,1,3,1,1,6,6,1,3,7,24
1,0,0,1,5,1,1,7,2,6,1,4,6,23
1,1,0,0,1,0,2,0,1,2,1,1,11,22
0,0,0,1,0,0,0,0,1,0,0,0,3,24
1,1,0,1,1,6,2,1,0,0,0,0,0,0
0,0,1,1,1,1,1,2,2,3,2,3,6,23
2,2,3,3,2,4,1,4,1,9,3,2,5,25
1,0,0,2,2,5,3,1,2,4,1,0,0,0
2,0,1,5,3,1,1,4,2,5,3,5,8,23
0,1,1,1,1,1,0,0,0,0,0,0,0,0
0,1,0,0,6,2,1,1,2,2,1,2,0,0
0,0,0,1,2,2,1,1,0,0,0,0,0,0
1,0,1,1,2,0,2,1,1,1,1,0,0,0
6,2,2,17,18,12,4,7,8,19,3,9,12,26
1,0,1,0,1,2,0,4,2,6,2,1,11,27
1,2,1,1,4,8,0,3,1,6,2,1,2,20
1,1,0,1,1,1,0,0,2,3,1,1,9,20
1,0,1,1,0,0,0,0,1,1,1,1,4,20
0,0,1,2,5,0,1,3,1,10,4,3,15,26
0,0,1,2,2,3,2,1,1,6,1,5,8,24
1,2,0,0,0,1,1,0,1,2,0,3,10,28
0,0,0,1,2,0,1,4,0,3,1,2,8,25
0,0,0,1,0,1,1,3,0,1,0,2,2,23
19,11,12,12,23,20,14,29,13,33,17,12,15,27
0,0,0,1,3,1,0,0,0,0,0,0,0,0
1,1,0,0,5,2,0,3,1,1,0,0,0,0
22,15,12,14,24,20,9,20,22,15,14,9,8,26
19,7,11,18,23,30,9,15,8,23,8,6,5,23
15,12,13,9,22,21,7,21,15,17,5,10,13,27
2,1,3,1,1,0,0,1,0,1,2,3,1,1
0,0,0,2,0,0,0,1,1,7,6,0,8,25
0,0,0,0,0,0,0,0,1,1,2,1,0,0
0,0,0,0,0,0,1,2,1,2,1,2,10,24
13,7,4,13,11,22,9,12,9,12,8,6,5,27
0,0,0,0,3,0,0,3,0,2,0,0,6,25
0,1,0,0,0,0,0,2,1,0,0,1,12,26
0,0,1,0,2,2,1,1,1,0,0,0,0,0
5,6,3,10,17,14,10,25,8,34,13,14,19,26
24,5,6,16,27,27,6,19,15,29,9,8,16,25
2,0,0,3,8,3,3,2,0,6,3,2,8,23
2,3,2,2,4,1,2,1,2,4,0,2,4,22
0,0,1,0,1,1,0,2,2,1,0,0,0,0
0,0,1,0,0,0,0,0,4,0,0,0,5,21
11,3,3,6,4,10,3,5,8,10,5,4,5,24
2,0,1,1,5,1,1,1,2,2,4,3,4,22
0,0,0,0,0,1,1,0,2,0,2,1,1,21
1,2,0,4,6,3,5,5,2,13,2,8,2,22
3,0,2,4,3,3,0,0,1,2,1,2,8,24
0,0,1,0,0,4,0,3,2,6,2,4,9,22
0,0,1,0,0,0,1,1,0,4,3,0,4,22
0,0,0,0,0,1,1,0,0,4,0,3,5,22
4,0,0,7,5,2,0,5,2,4,2,1,6,22
0,1,2,0,0,1,0,1,0,3,2,2,11,25
2,1,0,2,2,2,1,1,0,0,0,0,0,0
0,1,0,0,0,1,0,0,1,3,1,2,4,27
0,0,0,1,0,0,0,0,0,1,2,0,7,23
1,0,0,2,1,2,3,3,3,7,7,4,12,21
3,0,2,1,1,0,0,3,2,7,0,1,5,20
0,0,0,1,1,3,0,1,0,3,1,0,10,23
0,0,0,1,0,0,0,0,1,2,2,0,4,21
4,3,2,8,11,13,8,12,9,31,9,8,20,23
1,1,3,5,4,4,9,9,7,16,5,9,4,23
0,0,0,0,0,0,0,0,0,1,3,1,5,23
0,0,0,1,0,0,0,4,2,2,1,0,2,22
0,1,2,2,2,3,0,1,6,3,0,0,3,29
0,1,0,2,3,3,2,1,1,5,0,2,9,26
3,0,1,2,3,4,2,1,1,9,1,1,1,22
12,2,1,6,12,9,2,9,3,12,4,6,5,23
0,0,1,0,2,1,1,1,0,0,0,0,0,0
1,0,0,1,4,1,0,0,0,0,0,0,0,0
1,0,0,0,0,1,1,0,2,2,1,0,0,0
0,1,1,0,1,1,1,0,0,2,1,4,7,23
0,0,0,0,1,3,0,0,1,2,0,1,9,24
2,1,0,1,3,2,4,5,6,10,3,4,4,22
3,2,4,9,5,7,4,9,6,9,2,5,9,25
2,0,2,2,4,2,4,1,0,0,0,0,0,0
3,0,2,2,1,1,1,0,0,0,0,0,0,0
0,0,0,1,0,1,0,0,2,3,1,0,8,22
1,0,0,1,1,0,0,1,2,6,2,1,4,27
2,0,1,1,2,3,3,3,1,4,2,3,2,21
0,0,0,1,1,2,0,0,0,2,1,2,6,22
0,0,0,0,0,0,0,0,0,1,0,0,2,21
0,0,0,0,0,0,0,0,0,0,0,2,3,27
1,6,3,6,7,14,3,8,6,11,5,7,13,30
1,1,0,0,2,2,1,1,0,0,0,0,0,0
0,0,0,0,0,1,0,3,3,5,1,1,0,0
15,3,7,17,28,32,13,17,12,18,2,3,8,25
3,1,0,0,2,7,1,4,4,7,3,1,3,20
1,0,0,1,0,0,0,0,1,1,1,1,6,26
0,1,2,2,0,0,0,0,0,0,1,0,5,20
0,1,2,1,1,0,0,0,0,0,0,0,0,0
0,1,1,2,4,4,1,3,1,3,1,1,0,21
3,0,0,1,0,1,1,2,1,0,0,0,0,0
1,0,2,5,2,6,4,5,4,5,5,4,7,23
2,2,2,2,3,4,3,5,1,4,1,1,0,0
2,0,0,1,1,2,1,2,2,1,1,0,4,25
2,1,0,0,1,2,1,4,1,1,1,4,9,23
0,0,1,0,0,2,0,0,1,1,0,1,8,23
1,0,1,1,2,1,0,4,1,1,0,0,0,0
2,3,1,5,6,6,5,5,5,19,9,7,8,23
1,0,0,2,2,5,1,3,1,1,1,1,2,2
1,0,1,1,3,2,1,2,1,2,0,1,3,25
0,0,0,2,0,0,0,2,1,2,1,2,4,21
0,0,1,1,0,2,2,1,2,4,1,3,1,25
4,3,2,9,13,17,8,17,16,41,7,6,12,26
1,0,0,0,0,2,0,1,0,1,1,4,6,27
17,9,13,20,17,34,13,20,11,29,7,8,11,28
0,0,2,0,5,1,0,2,2,3,2,1,6,28
2,0,1,1,2,3,1,1,3,2,1,1,0,0
1,2,2,1,1,3,3,6,4,16,4,11,15,26
1,0,0,1,1,1,1,3,3,1,1,3,4,23
1,0,1,0,0,3,0,1,1,1,1,1,1,1
4,2,0,6,5,4,1,3,1,10,2,3,8,22
0,0,2,1,2,1,0,0,0,0,0,0,0,0
0,0,0,2,1,1,1,0,0,0,0,0,0,0
1,0,0,0,1,0,0,0,2,2,0,3,4,23
1,1,0,2,0,0,0,1,3,1,0,1,3,21
0,1,0,1,0,0,1,1,0,3,3,2,8,26
0,3,1,5,2,2,3,0,1,6,2,9,7,27
2,0,1,4,3,2,0,4,2,5,0,6,1,1
2,2,0,1,3,1,2,2,0,2,1,2,6,25
1,0,0,0,0,0,0,0,0,1,0,0,7,22
0,0,1,0,0,1,2,1,1,1,0,0,0,0
0,1,0,2,1,2,0,4,4,1,1,1,0,0
0,0,1,0,0,1,2,1,1,1,0,0,0,0
0,0,0,1,0,1,0,4,4,1,1,4,5,25
0,0,1,1,1,0,1,1,1,2,2,1,0,0
0,1,1,1,1,1,0,0,0,0,0,0,0,0
2,0,0,2,2,1,0,0,1,4,1,1,0,0
1,1,0,0,1,0,2,0,0,1,2,1,4,22
3,1,0,6,2,4,1,5,4,5,1,1,1,23
3,1,0,0,2,3,1,3,0,0,2,1,9,24
0,0,1,3,3,1,0,1,3,3,1,5,10,23
0,1,1,0,0,1,1,1,2,3,0,3,5,19
3,2,2,3,2,1,3,4,6,8,1,4,12,23
0,1,1,1,2,0,1,1,1,1,1,1,6,21
1,0,1,1,4,2,2,1,3,2,3,1,6,29
1,0,0,0,4,2,1,1,0,0,0,0,0,0
1,0,0,3,3,0,0,2,5,3,4,2,9,19
1,1,0,0,1,1,1,3,0,0,0,1,8,24
1,0,1,0,3,1,1,3,1,1,1,1,0,0
0,0,1,0,1,1,1,2,0,3,0,1,9,29
0,1,1,2,2,1,1,1,0,0,0,0,0,0
2,2,5,6,17,16,8,25,19,38,16,18,16,30
11,11,12,25,20,30,5,21,14,25,5,10,15,27
2,0,0,1,1,1,1,1,2,6,4,4,9,26
0,2,2,3,0,1,2,1,1,1,0,2,5,23
0,0,0,0,0,1,1,2,1,1,0,0,0,0
1,0,0,0,1,1,2,0,1,1,1,5,13,27
2,0,0,0,0,1,0,0,0,3,2,1,5,31
3,2,1,1,3,2,1,1,0,0,0,0,0,0
1,0,1,0,1,3,1,4,1,3,2,1,1,1
0,1,0,0,1,0,0,0,0,1,1,0,10,25
0,0,0,0,2,0,0,0,0,0,0,2,6,17
2,0,0,1,0,1,4,1,0,4,2,1,0,0
3,2,1,1,2,1,1,1,0,2,2,3,8,25
0,0,1,1,2,1,1,2,4,5,1,5,4,29
10,3,3,3,5,3,0,6,4,4,3,0,2,25
1,0,0,3,2,2,1,0,2,3,0,6,10,30
2,0,0,1,1,3,0,1,1,2,1,2,0,27
0,0,0,2,1,1,0,1,4,6,2,3,8,25
3,2,1,4,5,4,5,8,3,3,6,4,5,24
0,0,0,0,0,0,0,0,1,0,0,0,3,21
0,0,0,0,0,0,0,0,0,1,1,2,2,22
0,0,0,0,0,0,0,0,0,0,0,0,0,22
0,1,0,1,3,1,0,2,2,0,0,0,5,28
8,5,6,7,12,13,7,11,7,13,7,5,5,26
2,3,2,4,7,4,3,2,0,4,1,5,6,20
0,0,1,3,1,0,0,1,2,2,0,0,0,0
3,0,0,1,2,1,1,1,2,1,0,0,0,0
0,0,0,0,2,1,1,1,2,2,0,3,4,28
2,0,1,1,1,2,1,1,1,1,0,0,0,0
1,0,1,1,0,1,0,1,1,3,3,0,6,27
1,2,2,2,4,2,0,1,1,5,1,2,0,0
0,0,1,2,2,2,1,1,1,2,0,0,0,0
3,2,2,7,9,9,4,12,9,16,4,4,3,27
0,0,0,0,0,0,0,0,0,0,0,2,3,23
1,0,0,0,2,3,2,3,3,8,1,6,11,23
2,2,1,2,3,0,0,2,1,2,0,6,4,22
0,0,0,0,1,1,0,2,0,2,1,1,4,26
2,1,3,7,7,5,4,12,10,12,0,3,7,20
4,1,3,2,4,7,0,5,5,3,1,2,4,24
1,0,0,1,1,2,1,1,0,0,0,0,0,0
29,5,15,17,27,22,18,24,17,31,9,11,7,29
0,0,0,2,3,1,0,1,2,2,1,0,0,0
0,0,1,1,2,4,0,2,0,4,0,0,5,22
0,1,4,5,5,4,3,6,4,7,4,3,7,26
0,0,0,0,0,0,0,0,0,1,0,1,1,23
0,0,1,2,1,2,0,0,1,5,1,2,10,23
1,1,0,1,1,3,2,1,0,4,0,3,9,26
10,1,6,10,14,12,4,10,6,15,8,10,8,23
0,0,1,1,1,0,0,1,1,1,0,0,5,26
1,0,0,1,1,0,1,1,1,3,2,1,5,27
1,0,0,3,0,2,1,0,1,2,1,5,7,27
0,0,0,0,1,3,2,1,0,0,0,0,0,0
2,0,2,3,4,4,1,1,1,3,1,5,5,22
0,1,0,1,1,5,1,0,0,0,0,0,0,0
1,0,0,0,0,2,0,0,1,1,0,1,6,25
1,1,1,0,0,0,0,0,0,2,1,1,5,23
2,0,0,2,3,3,4,2,3,3,0,2,5,29
6,5,4,4,13,6,5,7,8,13,5,6,5,29
0,0,0,0,0,2,1,1,1,0,0,0,0,0
0,2,0,4,2,1,1,0,0,0,0,0,0,0
0,0,1,0,0,0,0,2,4,11,4,2,8,24
0,0,0,1,2,3,1,2,1,1,0,0,0,0
0,0,0,0,0,0,0,0,0,0,0,0,10,20
0,1,0,1,2,2,0,2,2,1,0,0,6,1
9,17,15,15,16,17,4,14,14,29,19,27,19,35
1,0,3,7,6,2,0,7,5,8,2,1,0,0
1,0,0,1,1,3,0,1,0,4,2,1,7,27
0,5,4,2,5,4,5,3,4,10,3,2,3,23
0,0,1,0,0,0,0,2,1,4,1,4,7,26
1,0,0,0,0,0,0,1,1,1,1,4,5,27
0,0,0,0,0,2,0,0,2,3,2,1,11,25
0,1,0,0,1,2,0,2,1,3,1,1,0,0
0,0,0,0,0,0,0,1,0,2,1,5,7,27
0,0,0,0,0,0,0,0,0,1,0,2,3,22
0,0,0,0,0,0,1,0,1,3,0,4,5,23
13,9,8,10,23,18,7,27,10,21,5,4,9,28
2,0,1,0,2,0,0,0,1,5,0,0,8,29
0,0,0,0,1,0,0,0,1,0,0,1,7,26
0,0,0,2,0,0,0,0,0,0,1,0,3,24
0,0,0,0,0,0,0,2,2,2,0,2,1,26
1,0,0,0,0,0,1,1,0,1,0,0,2,25
0,1,0,3,0,1,1,0,2,2,0,1,7,26
15,10,4,27,30,27,11,15,15,30,9,12,13,31
0,1,0,0,1,2,3,1,3,6,1,4,7,23
1,0,0,1,1,1,1,1,1,0,0,0,0,0
3,0,0,0,2,1,2,3,0,1,1,1,1,1
3,0,0,0,2,2,2,1,1,0,0,0,0,0
1,0,0,3,1,2,1,1,0,0,0,0,0,0
17,9,2,19,26,16,3,20,10,28,21,7,8,26
0,0,0,0,0,0,1,1,2,7,4,5,5,25
1,1,0,2,3,3,0,2,2,5,1,1,0,0
29,9,14,21,34,38,15,29,11,29,6,8,19,34
0,0,0,1,3,1,0,0,3,3,1,1,11,25
0,0,0,0,2,1,1,2,1,6,2,1,8,25
9,6,13,17,14,11,10,13,6,16,8,7,9,30
2,0,0,0,4,4,2,4,4,9,2,2,7,20
1,1,2,3,0,3,0,2,2,1,0,0,0,0
0,0,0,1,0,1,0,0,2,2,1,5,15,27
1,1,2,4,11,9,6,9,7,13,4,6,13,30
10,5,19,10,13,14,10,10,8,20,7,5,12,30
0,0,1,0,0,1,1,1,2,6,4,3,11,25
1,0,1,3,4,0,0,3,0,2,1,3,4,23
0,0,0,1,2,0,0,3,1,3,0,2,5,25
1,0,1,1,4,1,0,0,0,0,0,2,5,28
0,0,0,2,1,3,1,1,1,0,0,0,0,0
14,6,11,16,26,17,10,18,11,16,8,6,8,28
0,0,0,0,1,0,0,0,1,2,0,1,4,28
0,0,0,0,0,0,0,0,0,1,2,0,5,25
6,5,6,10,8,5,7,5,8,6,3,5,8,29
2,1,0,1,3,2,3,2,4,5,2,5,5,26
0,0,1,2,1,2,1,1,0,0,0,0,0,0
5,3,3,1,0,5,1,1,4,4,2,4,8,30
0,1,0,1,3,3,2,1,0,1,3,5,2,22
1,1,1,1,1,0,0,0,0,0,0,0,0,0
4,2,1,3,1,1,0,1,1,1,2,1,0,0
2,0,1,2,1,3,1,1,3,4,2,4,3,1
0,1,1,1,1,1,0,0,1,6,2,1,3,24
0,1,3,2,2,5,3,1,3,6,3,4,5,25
0,0,1,1,1,2,0,0,0,4,1,6,9,27
1,0,0,4,0,1,1,2,1,0,0,0,0,0
3,0,1,2,1,0,2,2,2,2,1,2,5,26
0,0,1,0,1,0,0,1,2,0,0,3,9,28
4,1,3,3,2,6,2,9,8,13,1,2,11,28
1,0,2,2,1,1,0,0,0,0,0,0,0,0
0,0,0,0,1,0,0,1,0,1,0,1,4,28
0,1,0,2,2,2,0,0,0,0,0,0,0,0
0,0,0,0,0,0,0,0,0,1,1,1,3,29
25,13,26,37,57,63,27,58,34,59,21,25,23,36
5,9,6,11,24,14,8,15,21,19,3,12,11,30
0,0,1,1,2,4,5,12,6,12,2,3,10,27
0,0,0,0,0,0,0,0,1,2,1,3,9,26
0,1,0,1,0,0,0,0,0,4,0,0,3,23
1,2,2,7,11,13,5,13,12,24,9,10,16,28
1,1,1,0,3,2,3,11,12,13,9,2,12,25
0,0,1,0,2,2,0,0,0,3,1,2,2,24
0,0,0,0,0,0,0,1,1,0,1,3,9,26
0,0,1,0,0,0,1,0,1,4,0,3,6,23
8,6,2,9,15,17,7,24,18,42,8,10,14,29
0,0,1,1,1,1,0,1,1,3,2,6,6,29
3,0,1,3,1,1,0,1,2,7,2,1,2,30
0,1,1,2,4,1,0,0,0,0,0,0,0,0
3,1,3,0,3,2,2,10,6,24,3,7,19,29
1,1,1,0,2,2,1,0,1,2,1,1,0,0
0,0,0,1,1,2,1,0,0,0,0,0,0,0
1,1,1,0,5,9,2,4,1,5,4,3,4,31
0,1,0,0,1,0,0,0,0,1,2,2,10,23
0,0,0,0,0,6,0,1,3,2,3,4,5,27
2,0,0,0,1,3,0,3,0,1,1,3,8,27
6,4,2,5,10,10,8,8,7,11,1,3,3,33
0,1,0,2,1,1,1,1,2,1,1,1,0,0
0,0,0,1,1,0,1,4,3,7,1,4,6,27
0,0,0,1,0,2,0,1,0,1,1,0,4,29
1,0,0,1,2,0,0,1,1,3,2,3,5,29
0,0,1,0,0,1,1,1,2,2,2,0,4,23
0,0,0,0,0,2,0,0,0,3,3,5,9,25
1,1,0,0,0,0,0,0,4,6,2,6,8,26
19,13,8,18,15,23,16,25,6,17,10,10,15,25
0,0,0,0,0,0,0,0,1,3,0,1,14,26
1,0,0,0,0,1,0,2,0,1,2,1,3,21
0,0,0,0,0,0,0,0,0,6,0,0,0,0
2,0,0,1,1,1,2,1,1,1,0,0,0,0
0,0,0,0,0,0,0,0,0,0,0,2,3,25
0,0,0,0,1,0,1,0,0,0,1,3,6,27
1,1,0,0,1,3,0,1,2,2,1,3,14,33
0,2,1,1,0,1,0,1,0,2,2,1,5,28
0,0,0,0,1,0,0,1,1,2,1,0,0,0
8,2,2,4,10,15,6,9,9,11,4,10,8,29
2,0,0,2,2,3,1,0,1,4,2,0,0,0
1,0,1,0,0,3,0,2,1,2,0,3,12,34
0,0,0,0,0,0,0,0,0,1,0,1,5,26
1,4,5,15,14,27,10,23,23,38,11,9,21,35
0,1,0,0,0,3,0,0,3,0,1,2,8,28
0,2,1,4,3,7,1,0,0,0,0,0,0,0
0,0,1,1,2,1,0,0,0,0,0,0,0,0
0,0,0,0,0,2,1,0,0,3,2,2,6,30
2,0,0,1,3,1,0,0,0,0,0,0,0,0
1,0,1,2,1,3,0,1,1,6,2,3,2,34
0,2,0,0,1,2,1,1,1,4,1,1,8,29
1,2,0,2,0,0,1,5,1,5,0,0,6,29
0,0,0,2,0,0,0,1,0,0,1,2,6,30
0,0,0,0,2,0,1,1,0,3,1,1,1,30
1,0,2,2,0,2,0,3,7,7,2,1,0,0
3,0,0,1,1,1,0,0,1,4,0,2,9,31
0,0,1,0,0,0,1,1,1,3,2,4,6,23
0,0,1,1,0,1,1,2,1,0,0,0,0,0
0,0,0,3,1,2,1,2,1,3,0,2,8,28
0,0,1,0,0,1,0,2,1,5,1,3,10,24
1,2,2,2,5,1,3,1,1,2,1,1,4,2
3,2,1,2,3,3,3,4,2,4,2,1,0,0
2,4,1,13,12,15,8,13,11,29,5,12,4,29
3,1,1,3,3,3,2,1,2,4,2,3,19,26
15,6,6,14,33,22,12,23,12,15,7,12,6,29
3,3,9,5,6,3,5,6,5,9,0,7,13,33
2,0,0,3,3,1,0,2,2,2,0,2,9,31
2,0,0,0,3,2,0,2,2,3,3,1,0,0
1,0,2,2,1,2,1,1,0,4,1,2,9,29
2,0,0,0,2,3,1,2,1,1,0,0,0,0
1,0,2,1,5,2,2,3,4,7,0,1,3,29
0,1,0,0,0,0,2,2,1,4,1,4,13,27
0,0,0,1,0,0,0,2,2,2,1,2,6,30
4,1,0,0,0,0,0,0,0,0,0,0,0,0
0,2,1,1,1,0,0,0,0,0,0,0,0,0
0,0,1,2,2,3,2,1,2,1,0,0,0,0
0,1,0,1,1,2,0,3,0,6,1,1,7,28
0,0,0,0,0,0,0,0,0,1,0,3,5,26
0,0,0,0,0,0,2,0,0,0,0,2,3,30
1,2,1,1,0,0,0,0,0,0,0,0,0,0
2,0,0,3,0,3,1,2,0,4,2,0,11,29
0,0,0,2,1,4,1,0,1,1,0,5,9,30
2,0,1,0,1,2,0,4,1,2,1,1,0,0
0,0,0,0,0,0,0,0,0,0,1,0,0,29
2,2,1,2,3,0,1,1,2,7,0,3,10,26
0,0,1,2,1,1,1,0,1,2,3,1,4,31
1,0,1,0,0,0,0,2,0,1,3,1,0,0
0,1,0,0,1,0,0,1,1,1,1,3,6,28
0,2,0,0,0,0,3,1,1,3,2,1,8,28
0,0,0,0,0,2,0,2,0,2,2,3,10,26
7,4,2,11,3,5,1,1,3,7,4,3,9,30
0,0,0,0,0,0,0,0,2,4,1,1,7,31
4,2,1,9,15,14,14,12,12,28,7,7,7,35
17,8,11,19,35,19,8,32,14,28,7,8,9,33
2,0,1,1,1,0,1,2,5,5,2,1,8,34
1,0,0,1,1,0,0,1,2,5,1,2,7,25
0,0,0,2,0,0,0,0,0,2,1,1,8,25
0,2,2,2,8,5,1,5,3,4,1,4,10,34
1,1,0,1,3,1,0,1,0,0,0,1,2,21
1,2,1,1,1,2,0,0,2,2,0,1,7,32
2,1,1,0,3,3,2,1,2,1,2,1,0,0
0,0,1,2,1,2,0,1,2,5,1,2,8,32
0,1,1,1,0,0,1,0,0,2,2,4,13,27
0,0,2,2,3,1,2,0,1,1,1,3,3,26
0,0,1,0,1,2,1,2,4,6,1,3,3,32
2,2,0,0,1,4,1,1,0,4,1,1,1,1
15,5,6,11,21,17,6,12,12,18,5,6,9,31
0,0,0,1,0,0,0,0,0,0,3,2,8,29
1,0,1,2,0,2,1,1,0,2,0,3,5,30
0,0,0,1,0,0,0,1,1,2,3,2,6,31
10,7,8,11,15,10,5,13,2,15,3,8,7,30
6,3,3,10,16,24,15,21,15,45,13,10,22,35
0,0,3,1,4,1,1,2,1,4,1,2,2,28
1,1,0,1,0,0,0,1,1,2,1,0,0,0
3,0,2,1,12,5,3,7,7,19,5,5,4,28
1,1,1,2,2,6,0,2,1,1,1,2,4,28
1,0,0,0,0,0,0,0,0,2,0,1,6,24
0,1,1,0,2,0,0,2,1,2,1,1,0,0
0,0,0,0,0,0,0,0,0,0,1,4,8,21
9,1,4,4,9,6,3,9,2,1,8,1,5,29
2,0,0,0,4,3,1,0,0,0,0,0,0,0
0,0,1,0,0,0,1,1,1,1,0,1,8,26
0,0,1,0,0,1,0,0,0,1,0,1,2,27
1,0,0,0,0,1,0,1,1,4,1,2,7,27
0,0,3,0,0,0,1,2,0,2,0,5,7,25
0,1,0,0,0,2,0,0,0,4,5,3,3,29
0,1,0,0,1,2,0,0,0,0,1,2,5,27
1,0,0,2,3,2,0,0,0,0,1,4,5,29
0,0,0,1,0,0,0,2,0,2,0,3,6,31
0,0,0,0,0,0,0,0,0,6,1,1,14,29
3,0,1,0,2,1,1,4,0,9,0,2,5,30
1,0,0,0,0,3,1,3,5,6,1,5,12,31
0,1,0,0,2,1,0,1,1,2,2,5,6,28
6,1,2,2,8,10,1,3,1,5,2,0,6,30
0,4,1,3,9,10,9,10,12,31,12,7,19,30
1,1,0,0,0,2,0,1,2,6,3,2,6,30
0,0,0,1,0,0,0,2,2,3,0,1,4,30
0,0,0,0,0,2,0,3,0,5,4,3,8,33
4,2,2,1,5,6,1,5,2,5,2,1,6,29
1,0,0,1,3,1,2,0,0,4,0,4,6,28
0,0,0,2,1,2,0,1,2,6,1,3,6,27
1,0,0,1,0,1,0,0,1,1,1,2,7,28
0,0,2,3,0,1,1,4,1,1,1,2,3,30
1,0,2,2,2,1,0,0,1,7,1,0,0,0
0,1,0,0,0,0,0,1,0,5,1,0,5,30
4,1,1,7,4,5,1,9,5,15,4,6,14,34
0,0,2,2,2,1,1,2,3,3,4,4,7,30
10,1,5,12,8,5,3,13,5,12,3,2,9,30
4,2,7,6,8,13,1,12,11,26,5,5,17,30
3,1,1,0,1,2,1,1,3,3,1,4,5,28
4,0,0,1,3,2,2,2,4,6,1,3,5,28
19,13,4,14,15,15,10,14,11,15,5,5,16,28
0,0,0,1,4,1,1,4,1,0,0,0,0,0
1,1,1,3,2,3,0,1,2,8,1,2,4,30
0,0,1,3,0,1,0,1,2,6,1,2,5,27
0,0,0,0,0,0,1,1,1,1,1,6,19,33
9,1,2,4,6,6,1,2,4,7,4,5,2,27
0,0,2,2,3,4,2,1,0,4,4,4,10,34
6,2,2,1,3,8,2,2,1,3,3,2,7,33
4,4,4,3,8,3,0,8,3,1,1,2,0,0
0,0,0,3,1,1,2,3,1,6,3,3,6,28
0,0,0,0,0,0,1,2,1,3,5,1,8,23
1,0,0,0,0,0,0,1,1,1,1,1,0,0
0,1,0,0,5,1,1,1,0,0,0,0,0,0
0,0,0,3,2,1,0,0,0,0,0,0,0,0
0,0,1,2,1,1,0,0,0,0,0,0,0,0
1,0,0,0,2,1,0,0,2,3,1,0,0,0
0,2,1,0,3,1,0,1,2,6,0,3,6,32
1,0,0,5,2,1,0,0,0,0,0,0,0,0
0,0,0,0,0,0,1,1,0,4,2,3,1,28
2,2,2,4,1,3,1,3,2,3,4,2,1,32
0,1,0,0,1,1,0,1,2,1,1,0,0,0
3,2,0,3,1,3,1,2,3,1,1,0,0,0
0,0,0,0,0,1,0,0,0,1,2,3,6,25
2,0,1,1,5,1,1,0,0,0,0,0,0,0
0,0,1,1,1,1,0,1,1,1,1,1,0,0
1,0,1,0,1,1,1,2,0,1,2,4,8,31
3,0,0,1,2,1,1,1,2,2,1,1,14,24
1,0,0,1,0,0,0,2,0,3,0,0,3,27
0,0,2,2,3,1,0,0,0,0,0,0,0,0
1,0,0,0,2,1,1,2,1,1,0,0,0,0
2,1,0,3,7,8,2,10,5,4,2,2,0,0
0,0,0,0,2,0,0,0,1,1,1,3,3,29
2,0,2,2,2,2,2,2,0,6,0,2,11,29
0,0,0,1,1,0,0,2,1,2,1,1,0,0
0,0,1,1,0,1,1,3,1,8,3,3,13,31
2,2,1,1,4,3,1,0,0,0,0,0,0,0
0,0,0,1,0,1,1,0,0,1,0,1,7,33
1,0,0,2,4,1,0,0,0,0,0,0,0,0
3,0,0,0,0,3,0,2,3,3,1,4,7,29
0,0,0,0,0,0,0,0,0,0,0,0,0,6
1,0,0,1,0,2,1,1,1,3,0,2,9,31
0,0,0,0,1,0,0,0,0,2,1,1,9,30
1,0,0,0,1,0,0,1,3,1,0,0,0,0
7,2,3,5,5,8,1,7,4,7,4,1,10,33
0,0,1,1,0,0,0,1,2,2,2,2,5,23
0,1,1,1,2,1,0,0,0,0,0,0,0,0
4,3,2,0,5,4,2,7,5,4,1,1,0,0
0,0,0,1,3,1,0,0,0,0,0,0,0,0
0,0,0,1,0,4,0,1,0,3,1,4,5,32
0,1,1,0,1,1,0,1,1,7,2,1,4,30
2,1,0,2,4,2,2,0,3,2,1,3,5,31
1,1,0,2,5,3,2,1,0,0,0,0,0,0
0,0,0,0,0,0,0,1,1,2,1,1,0,0
0,1,0,2,1,3,1,1,0,0,0,0,0,0
0,0,0,1,0,1,0,0,0,3,0,2,5,33
6,3,5,7,5,3,4,6,5,9,3,5,13,33
0,0,0,0,1,0,0,0,3,1,3,3,8,31
2,0,0,0,0,1,2,2,1,3,4,1,7,27
15,12,9,9,5,16,8,10,15,20,10,21,14,42
1,0,0,0,2,3,0,0,0,0,0,0,2,31
0,0,0,7,0,0,0,0,0,0,0,0,0,0
2,0,1,2,1,1,0,0,0,0,0,0,0,0
4,2,4,9,11,17,8,27,23,28,20,9,10,30
3,1,3,7,4,5,5,16,8,18,10,4,16,33
1,1,1,2,1,2,0,2,2,2,0,3,1,2
0,2,0,1,0,0,3,1,1,0,1,0,8,31
1,1,1,1,0,1,1,2,1,3,2,1,8,33
0,0,0,0,0,0,0,1,0,0,1,4,2,25
4,1,0,8,4,7,6,19,8,17,6,4,16,35
0,0,0,0,0,0,0,1,1,1,1,1,1,1
1,0,0,1,3,1,2,3,0,3,1,1,2,1
0,1,1,1,3,1,1,2,0,3,2,1,4,31
1,0,0,0,0,0,0,0,2,1,1,1,7,34
1,0,1,1,4,1,0,0,4,7,2,2,17,32
2,2,0,1,5,5,2,5,2,4,3,4,13,28
2,0,0,12,12,16,4,14,17,28,5,10,3,28
4,3,4,15,8,12,12,20,22,42,15,10,15,31
1,0,0,1,1,1,0,0,4,5,1,2,8,32
2,1,0,0,1,1,1,4,0,3,2,3,5,33
3,0,0,0,4,1,1,1,0,0,0,0,0,0
0,0,1,1,3,0,1,2,0,10,6,2,10,30
0,0,0,0,1,0,2,2,2,3,0,2,6,36
1,0,1,1,2,1,0,4,4,6,2,3,16,32
1,0,0,0,0,0,0,2,1,2,2,5,8,30
0,1,0,0,4,4,1,1,2,4,1,6,6,36
0,0,0,0,0,0,0,0,0,0,0,0,0,5
0,0,1,0,0,0,0,0,0,7,0,2,10,32
1,2,2,0,1,1,0,0,1,2,1,2,6,30
2,0,0,6,3,3,1,5,5,9,4,3,8,32
0,1,0,0,0,0,0,0,0,0,0,2,2,35
1,1,0,1,0,0,1,2,1,6,2,2,7,25
1,0,0,0,3,0,0,1,1,4,0,3,8,35
0,0,0,1,1,0,0,0,1,3,4,1,15,37
6,4,5,16,10,21,7,14,13,26,7,2,9,32
0,0,0,0,0,1,0,0,0,5,2,0,4,31
4,0,0,1,1,0,0,0,1,2,1,1,0,0
0,0,0,1,0,0,1,0,1,5,0,2,9,33
2,1,0,0,0,0,0,1,2,6,0,4,9,31
0,0,0,1,0,0,1,1,1,8,1,3,11,31
0,0,0,1,1,0,0,0,0,1,0,0,7,34
0,0,0,0,1,2,0,0,1,3,0,1,5,35
1,0,1,0,1,3,1,3,2,3,1,2,8,33
3,1,1,2,6,4,0,8,0,2,0,1,2,2
1,0,0,0,0,0,1,1,2,14,0,6,8,32
0,0,1,0,1,0,0,3,0,0,0,3,3,33
9,5,4,9,11,6,8,8,10,8,3,4,4,30
0,0,0,1,0,0,0,0,1,3,0,2,5,32
0,0,0,0,1,2,3,1,0,0,0,0,0,0
0,0,0,1,4,1,0,0,0,0,0,0,0,0
3,0,2,6,10,7,8,19,14,52,20,13,27,38
0,1,0,1,0,0,1,0,1,4,2,3,11,32
1,0,1,2,2,5,0,4,3,10,4,1,4,32
11,7,7,13,20,19,8,16,10,12,12,5,6,34
0,1,2,1,1,0,0,1,1,3,0,4,10,25
1,3,1,0,0,3,0,1,1,2,1,0,0,0
0,0,0,2,5,3,2,3,2,12,3,4,8,32
12,15,16,25,24,22,9,15,9,22,9,12,7,34
0,1,0,0,0,0,0,0,0,1,0,0,7,27
0,0,1,0,0,0,0,0,0,0,0,0,2,19
0,0,0,0,0,0,0,0,0,0,0,0,0,12
1,0,0,0,0,0,2,0,1,4,2,2,7,30
0,0,0,0,0,0,0,0,0,4,0,1,6,31
3,0,0,3,3,2,4,3,1,1,1,1,1,2
5,1,3,6,11,21,5,10,6,20,8,4,9,33
0,1,0,0,1,2,1,3,1,0,0,0,0,0
0,0,0,0,0,0,0,0,1,4,1,2,7,31
0,0,1,0,1,0,2,1,2,3,1,1,0,0
16,13,24,13,21,18,21,16,15,31,22,28,33,43
1,0,1,3,0,0,1,1,1,5,1,7,10,31
0,0,0,3,6,3,3,3,2,5,0,3,3,33
4,1,2,7,18,11,17,22,13,38,19,6,17,36
0,1,0,0,0,0,0,1,0,4,1,3,8,34
0,0,0,0,1,1,0,1,0,2,2,3,16,34
0,0,0,1,1,1,1,0,1,2,2,2,8,31
1,1,1,2,1,1,0,0,0,0,0,0,0,0
1,1,0,1,2,0,1,1,2,3,0,0,0,0
0,0,0,2,0,0,0,0,0,0,0,1,4,34
0,1,1,1,3,3,1,4,0,2,0,0,4,1
1,0,1,0,2,1,1,1,1,1,0,0,0,0
1,1,0,3,1,1,0,0,0,0,0,0,0,0
2,1,1,2,1,1,1,1,1,1,0,2,7,33
0,0,0,1,0,2,1,1,1,0,0,5,6,33
7,4,5,16,21,21,12,28,25,47,17,24,26,36
0,0,0,2,1,3,1,1,1,2,1,5,5,34
0,0,0,1,1,3,0,0,0,0,0,0,0,0
1,1,1,1,2,2,1,2,1,4,2,1,4,32
2,0,0,0,1,0,1,2,1,2,2,2,11,35
0,1,0,0,1,2,1,2,3,3,1,2,3,27
2,0,1,4,2,3,2,1,1,3,0,2,7,31
1,1,0,0,1,3,2,3,0,5,1,6,12,34
7,5,0,11,16,18,7,26,18,44,16,11,21,31
0,0,1,1,1,0,0,5,3,5,3,3,8,37
0,0,0,0,1,0,0,0,0,1,1,2,4,37
2,0,2,4,2,0,4,3,6,1,1,0,0,0
1,0,0,1,3,0,1,1,1,3,1,5,10,28
0,1,0,2,0,3,1,1,0,0,0,0,0,0
0,0,0,2,4,4,2,2,1,8,4,4,6,32
0,3,3,3,1,0,4,4,3,15,5,5,7,39
1,1,0,0,2,3,0,3,3,1,0,0,0,0
1,3,4,12,8,11,10,18,13,28,6,9,18,33
1,1,0,1,2,3,0,0,0,0,0,0,0,0
0,0,0,1,2,1,0,0,5,1,0,0,0,0
3,0,1,2,1,2,0,0,0,3,1,1,0,0
3,1,1,3,4,10,0,5,1,3,2,0,7,32
0,0,0,0,2,0,1,1,3,3,0,3,8,33
0,1,1,0,4,3,0,3,3,2,0,1,11,28
0,0,0,0,0,0,0,0,0,5,2,0,10,36
2,0,1,1,2,2,0,2,2,4,1,1,6,33
0,0,0,0,0,0,0,0,0,0,0,2,4,38
0,0,0,1,1,1,1,0,2,1,2,1,0,0
1,0,0,1,0,2,1,1,1,1,0,0,0,0
1,0,1,2,0,0,1,1,1,8,1,5,6,32
0,0,0,0,0,0,0,0,5,6,2,7,10,32
0,1,2,0,2,1,3,0,2,3,1,6,5,37
1,0,0,0,1,3,1,0,0,0,0,0,0,0
0,2,2,1,6,3,0,0,4,6,3,0,7,33
1,1,0,1,1,0,1,0,1,2,1,2,8,34
4,4,4,5,6,8,5,11,7,18,4,7,11,40
1,0,0,1,0,0,1,3,1,8,3,4,9,34
3,0,0,1,1,1,0,2,1,1,1,0,2,35
3,1,6,10,22,21,7,23,22,42,14,15,19,35
2,1,1,1,0,1,2,3,1,3,1,0,7,31
3,1,1,1,2,4,0,1,0,2,1,2,11,34
0,0,0,2,2,1,1,0,0,0,0,0,0,0
0,1,1,1,5,1,0,0,1,1,2,1,0,0
3,0,3,1,6,5,2,3,2,3,1,2,1,1
1,1,1,1,1,1,0,0,0,0,0,0,0,0
1,0,0,2,0,0,2,1,0,2,1,6,12,35
6,4,2,2,11,14,9,21,12,27,12,9,15,34
2,0,0,0,0,1,0,2,0,5,0,3,19,37
0,1,0,3,1,0,0,1,3,2,0,3,7,33
0,1,0,0,0,0,0,0,2,3,2,3,12,35
0,1,1,3,1,1,1,2,0,2,3,1,0,0
4,2,1,1,3,4,0,1,1,3,1,0,0,0
0,0,0,0,1,0,0,0,1,2,1,2,5,38
0,0,0,1,4,1,0,0,0,0,0,0,0,0
0,0,0,3,1,1,3,1,0,0,0,0,0,0
0,0,0,0,0,0,0,0,2,1,1,1,7,36
0,1,0,2,2,3,2,0,1,2,0,2,7,33
1,0,0,0,0,1,3,2,1,5,4,4,13,38
0,0,0,0,0,0,0,0,3,2,0,1,2,35
0,0,1,1,4,1,0,0,0,0,0,0,0,0
7,8,9,12,23,20,12,15,14,19,4,7,8,32
1,0,0,1,0,0,0,3,5,5,0,5,9,33
2,1,0,3,2,6,2,3,1,6,4,4,8,38
0,1,2,1,1,0,0,1,0,6,3,3,19,38
1,0,1,2,3,0,0,0,1,2,1,3,4,32
10,4,5,6,20,17,8,15,12,30,5,8,10,32
0,1,0,1,0,2,0,1,3,9,3,2,15,37
2,3,2,3,5,7,4,9,13,14,6,10,11,32
2,0,0,0,1,1,3,1,1,1,0,0,0,0
1,0,0,1,0,1,1,0,0,3,0,2,3,34
7,3,5,8,14,10,6,13,10,14,3,4,13,30
3,0,2,0,2,1,1,4,7,18,1,4,17,39
0,0,0,0,2,3,2,2,1,2,1,1,0,0
0,0,1,4,3,2,0,4,5,2,2,1,0,0
0,0,0,3,0,0,1,1,1,5,3,2,9,34
0,0,2,0,0,1,1,4,3,2,1,4,4,42
2,1,0,3,1,0,3,2,2,3,4,1,6,37
31,10,10,31,41,31,21,22,31,31,10,4,11,39
3,2,2,2,1,4,1,3,2,5,2,1,8,32
0,0,0,0,1,2,1,1,0,0,0,0,0,0
1,1,1,0,2,2,3,1,0,0,0,0,0,0
1,0,1,2,1,0,1,3,2,5,5,1,9,37
3,2,2,2,1,7,3,2,3,3,2,5,11,38
0,0,0,1,0,0,0,2,0,2,0,2,6,38
4,2,3,11,4,9,9,8,7,6,4,6,8,33
1,0,1,0,2,1,2,1,0,0,0,0,0,0
0,3,1,2,2,3,1,2,0,3,1,4,8,36
0,2,1,0,2,1,0,0,0,2,2,2,4,31
0,0,0,0,0,0,2,0,0,1,0,5,5,32
1,0,0,0,1,2,1,1,0,0,0,0,0,0
1,0,0,4,5,4,1,6,2,3,2,2,4,31
0,0,0,1,0,2,1,3,1,1,0,3,9,39
3,2,0,4,4,3,1,4,4,5,1,2,12,38
1,0,0,1,0,3,1,1,1,4,0,3,8,37
0,0,0,0,0,1,0,1,0,3,1,5,6,37
2,1,0,0,2,1,2,0,1,2,1,1,0,0
1,0,0,0,1,3,1,2,1,1,0,0,0,0
1,2,0,0,1,0,0,2,0,2,1,0,4,29
3,1,1,1,1,0,2,1,1,4,5,2,5,29
2,0,1,0,0,0,0,1,1,1,1,3,10,29
1,0,1,0,1,0,0,1,0,2,1,6,6,33
3,1,3,1,4,5,0,2,1,3,2,1,2,1
2,1,3,4,7,17,9,16,15,21,7,3,8,34
4,3,6,10,20,21,16,22,27,53,8,15,26,42
2,1,2,3,2,1,0,1,1,3,0,4,5,33
0,0,1,0,1,3,2,1,1,1,0,0,0,0
0,1,1,1,1,2,1,3,0,2,3,3,12,31
1,1,1,0,1,0,0,1,1,6,0,1,5,35
2,2,1,0,0,0,3,5,1,8,1,4,8,32
3,2,1,1,2,2,2,1,0,3,2,1,5,28
0,0,0,0,0,0,0,0,1,2,1,3,10,41
0,1,0,2,2,3,0,1,2,3,1,0,11,28
1,1,1,3,8,9,1,3,4,7,3,4,13,35
0,0,0,1,4,5,1,2,0,5,1,2,11,36
0,0,1,1,2,1,0,0,0,0,0,0,0,0
1,1,1,1,3,1,1,2,2,1,0,0,0,0
4,2,2,1,3,3,3,2,1,12,1,5,10,36
0,0,1,1,0,1,1,1,4,5,2,4,9,34
1,1,2,0,1,1,2,1,1,1,0,0,0,0
3,1,1,1,2,1,0,5,0,3,1,4,8,31
0,0,0,0,0,1,0,0,2,0,4,2,8,41
5,4,2,7,4,10,4,4,3,10,2,3,6,32
0,0,0,1,0,1,0,0,0,2,1,2,14,34
2,2,1,1,1,2,0,2,2,1,0,0,0,0
1,1,0,0,3,3,1,5,1,2,1,1,0,0
0,1,0,1,0,0,2,0,0,2,0,1,10,41
1,2,0,2,4,3,1,0,4,3,2,5,8,32
2,0,3,8,7,20,9,20,19,32,10,7,12,36
0,1,0,1,2,0,0,1,2,1,2,4,10,38
1,0,0,0,1,1,1,2,1,1,0,0,0,0
6,1,2,6,3,9,6,10,13,17,9,3,11,33
0,0,0,0,1,0,1,2,2,1,0,0,0,0
0,1,0,2,3,3,0,3,1,2,2,1,4,31
2,1,1,2,0,4,2,0,2,2,2,4,6,29
3,2,1,2,4,2,0,1,1,1,1,1,0,0
0,0,0,0,1,0,0,1,0,0,0,0,10,40
4,1,1,7,3,5,2,2,3,11,1,0,7,35
0,0,0,0,0,1,0,0,0,1,0,2,10,37
0,0,0,0,0,0,0,0,0,4,0,3,6,32
0,1,0,2,3,2,2,2,6,5,2,2,16,34
0,0,1,1,2,3,0,3,0,4,2,1,0,0
1,0,0,3,0,1,1,1,0,7,1,1,0,0
3,1,2,1,2,2,0,0,0,0,0,0,0,0
4,3,0,5,13,4,4,7,2,8,3,7,7,36
3,0,3,1,1,1,3,1,0,5,2,5,9,32
1,0,0,1,4,3,1,1,2,6,3,2,6,35
2,0,0,0,5,1,1,0,1,5,3,2,6,36
0,0,2,1,0,0,2,2,2,2,2,1,0,0
3,0,0,3,3,0,2,0,1,3,1,5,8,38
4,0,2,3,3,0,1,3,3,3,1,2,11,39
1,0,0,0,2,0,0,0,0,1,0,1,7,37
0,0,0,0,0,0,0,0,0,0,1,0,7,37
0,0,0,0,0,0,0,0,0,2,2,3,8,37
2,0,2,1,1,1,0,2,1,1,3,0,7,35
0,1,0,0,0,0,0,0,1,1,0,3,3,33
0,0,1,3,1,1,1,1,1,0,0,0,0,0
1,0,1,1,2,2,0,2,0,4,3,4,10,37
0,1,3,2,2,1,0,1,0,3,0,1,10,38
2,0,3,2,2,2,0,0,3,4,1,3,4,38
3,2,4,3,5,2,2,6,3,8,2,3,8,38
0,0,1,0,0,1,1,2,0,2,0,5,6,38
0,1,2,1,2,0,0,0,0,0,0,0,0,0
2,0,1,2,1,3,0,1,0,3,0,0,6,39
1,0,1,0,0,0,0,2,1,2,0,0,0,0
1,1,3,2,2,1,3,5,2,4,1,2,8,29
1,0,0,0,1,2,0,2,3,4,1,0,0,0
0,0,0,3,0,4,1,3,4,2,2,2,6,36
14,7,12,20,12,22,9,22,11,34,11,9,8,41
1,1,1,0,0,3,0,0,0,4,2,1,12,33
13,5,7,3,17,16,3,18,9,22,9,6,10,36
0,0,2,2,3,1,3,2,3,5,2,8,8,39
0,2,0,1,4,1,2,1,0,0,0,0,0,0
6,1,1,4,3,1,6,4,3,4,2,9,7,40
1,1,1,0,1,2,1,1,4,1,1,0,0,0
1,2,6,7,4,11,8,13,13,28,10,11,10,42
1,2,0,1,1,2,0,2,1,6,0,5,6,42
0,0,0,0,2,0,1,1,2,4,2,4,4,40
0,1,0,0,0,2,0,2,1,0,0,2,5,36
1,0,1,0,2,1,0,1,1,1,0,1,7,34
0,1,2,0,2,3,0,1,1,5,1,3,5,35
2,2,3,0,0,6,2,2,2,4,1,3,11,37
1,1,0,0,2,4,1,2,0,0,0,0,0,0
1,0,1,1,1,0,1,0,1,4,2,6,7,43
1,0,0,1,1,1,1,1,0,0,0,0,0,0
0,0,1,0,0,1,1,1,0,0,3,0,4,40
2,0,0,2,3,0,0,1,3,2,1,1,0,0
4,1,1,4,3,0,2,2,0,3,2,1,0,0
0,0,0,0,1,1,0,2,3,2,2,6,7,39
4,1,0,1,1,4,1,2,0,2,0,1,2,3
2,0,2,10,5,10,8,13,12,17,8,3,14,38
2,2,3,2,3,2,2,6,2,5,1,1,0,0
0,0,0,2,1,1,1,1,0,0,0,0,0,0
0,1,0,0,1,1,0,0,2,1,2,2,7,34
0,1,0,0,2,0,0,0,0,0,2,3,5,38
0,0,0,0,0,0,0,3,0,1,2,4,9,36
0,0,1,2,1,0,0,0,2,3,0,0,4,41
2,0,1,1,3,1,0,1,1,3,1,3,9,35
0,0,0,2,1,2,2,0,2,3,1,0,0,0
1,0,0,1,3,4,3,2,3,4,1,6,2,37
0,0,0,0,0,1,0,0,0,5,0,3,15,39
1,1,0,5,2,2,1,2,4,5,1,1,0,0
0,1,0,1,2,1,1,1,2,9,2,4,11,41
0,0,0,0,0,1,3,0,1,0,2,2,6,39
3,1,2,1,0,0,0,0,0,0,0,0,0,0
0,0,1,0,0,0,0,0,0,3,1,3,10,34
5,4,6,6,9,14,8,34,17,42,10,9,25,35
0,0,0,1,1,0,0,1,0,0,0,2,12,41
20,2,6,11,20,18,8,15,15,21,7,9,12,45
1,0,0,0,0,0,0,0,1,3,0,1,9,38
3,3,2,4,7,4,2,8,2,6,4,6,6,34
0,0,2,2,2,0,1,2,1,6,2,3,7,35
1,0,0,1,2,2,0,0,1,6,1,1,11,45
2,0,0,3,2,2,1,2,1,2,1,5,9,43
2,0,0,1,0,3,1,2,1,1,2,1,8,38
1,1,3,0,2,3,2,1,1,3,1,1,0,0
0,1,1,1,1,3,1,2,0,1,0,1,2,41
0,0,0,3,1,1,2,1,0,0,0,0,0,0
1,1,0,0,0,0,0,0,0,2,2,1,0,0
2,0,3,5,3,11,3,6,1,3,2,2,17,42
0,0,0,1,2,2,2,1,0,0,0,0,0,0
1,0,1,0,2,0,1,2,0,10,2,4,6,38
3,0,0,0,1,3,0,2,2,2,1,4,6,35
0,0,0,0,0,0,0,1,1,4,1,4,3,38
2,0,3,1,3,6,2,2,4,6,0,4,13,36
2,1,1,3,6,2,2,0,1,5,0,7,4,34
0,1,0,1,0,0,0,1,1,4,1,2,2,39
2,0,0,2,2,1,1,2,0,4,2,4,4,41
0,0,0,2,3,1,0,3,3,5,0,3,6,34
1,3,1,5,7,1,4,4,2,4,3,3,10,41
0,1,0,1,2,1,0,2,1,2,2,1,5,34
1,0,1,2,1,2,0,3,1,7,3,4,5,44
1,1,2,7,1,5,2,10,7,17,5,3,16,39
0,0,0,0,0,0,0,2,1,5,2,3,9,33
1,0,0,2,1,0,0,0,1,3,1,6,10,37
1,1,0,0,3,6,1,2,3,5,1,2,9,40
3,1,1,0,0,0,0,0,0,0,0,0,0,0
25,8,10,28,38,32,12,29,18,45,15,12,12,40
0,0,0,4,4,1,1,1,4,6,3,6,14,41
0,0,0,2,0,1,0,0,0,1,1,1,5,37
0,0,0,2,3,0,0,0,3,3,0,3,6,36
7,4,2,10,22,15,16,21,23,31,12,15,15,38
0,0,1,1,1,1,0,2,1,8,3,6,11,39
18,12,7,17,39,26,12,24,17,22,7,3,10,35
1,0,0,1,2,2,0,0,0,0,0,0,0,0
0,1,1,0,0,4,0,3,0,2,2,4,6,36
0,0,0,0,1,1,0,1,1,4,1,2,12,39
1,0,0,1,1,2,1,1,0,0,0,0,0,0
3,3,3,15,8,23,11,20,17,37,12,11,16,40
0,1,0,0,1,1,0,1,1,0,0,2,2,1
2,0,0,1,2,1,0,1,1,2,1,1,0,0
0,0,0,0,1,1,0,2,2,6,1,5,9,42
0,0,0,0,1,2,1,2,1,0,1,1,3,39
0,0,0,0,0,0,0,0,0,3,0,2,2,40
0,0,1,2,1,1,0,0,0,0,0,0,0,0
0,0,0,0,0,0,0,0,1,0,0,3,3,42
4,1,4,4,4,5,0,7,5,7,3,2,8,40
2,1,0,1,2,1,0,1,2,3,1,5,6,40
1,2,0,1,0,1,1,1,0,2,3,6,9,34
1,0,1,0,1,1,0,2,2,1,1,1,11,34
0,0,0,1,1,0,0,0,0,1,1,5,3,43
3,1,0,0,1,2,1,2,0,0,0,0,0,0
0,0,0,0,0,2,0,1,0,2,1,3,7,41
0,0,0,0,2,0,0,1,2,5,0,1,5,43
0,1,0,1,0,1,1,1,0,9,1,5,13,38
9,1,4,13,9,23,13,17,18,37,14,8,16,43
1,1,0,2,1,3,0,3,2,1,0,0,0,0
0,1,1,0,3,2,0,0,0,0,0,0,0,0
0,0,1,0,1,0,0,1,0,3,1,5,8,41
0,0,0,0,0,1,1,3,1,4,1,0,13,34
0,0,0,1,3,1,0,0,0,0,0,0,0,0
1,0,1,1,0,2,0,1,1,0,0,2,2,39
1,1,1,0,4,1,1,0,1,1,1,2,0,0
0,1,0,1,3,1,0,0,0,0,0,0,0,0
0,1,2,5,2,3,3,1,2,6,2,0,3,2
1,0,1,2,1,1,5,0,0,2,2,1,0,0
0,0,0,0,1,1,0,1,0,2,0,3,14,44
1,0,1,2,0,0,1,1,2,6,0,3,9,40
1,0,0,2,1,1,0,3,2,5,1,3,11,43
0,0,0,0,0,1,0,2,2,1,1,1,0,0
1,2,0,1,2,1,0,0,3,3,3,5,19,40
3,1,6,6,11,19,12,18,19,38,9,10,18,41
0,0,0,0,2,1,2,2,1,4,3,6,9,38
0,0,1,2,0,1,0,1,1,2,1,1,17,46
3,0,0,2,2,3,1,2,0,4,1,1,0,0
0,0,0,0,1,0,0,1,1,1,1,1,0,0
0,0,1,0,0,3,1,1,1,2,2,2,6,38
1,0,3,0,1,2,1,1,0,0,0,0,0,0
1,1,2,1,2,2,0,0,0,5,4,4,12,45
1,0,0,0,0,2,1,1,1,1,0,0,0,0
1,0,1,0,4,2,0,0,0,0,0,0,0,0
1,0,1,0,4,1,0,0,0,0,0,0,0,0
1,0,0,0,2,1,1,1,2,3,1,3,8,34
1,1,0,3,1,4,2,1,0,0,0,0,0,0
2,0,1,1,1,2,1,0,0,0,0,0,0,0
2,0,0,0,0,0,1,3,1,6,1,7,10,44
8,1,3,8,14,23,5,37,17,48,11,14,19,41
1,1,1,1,3,1,0,0,0,0,0,0,0,0
11,4,5,12,13,14,3,6,5,13,0,6,11,36
0,0,1,1,2,2,0,0,0,0,0,0,0,0
0,0,0,0,0,0,0,2,2,1,0,0,0,0
0,0,0,2,0,1,1,1,1,3,1,4,15,39
1,1,0,2,1,2,0,0,0,0,0,0,0,0
0,0,0,0,0,0,1,1,0,0,1,2,12,35
0,0,0,0,0,0,0,0,0,3,1,3,4,39
1,0,1,1,7,0,0,1,3,5,1,4,15,38
0,2,1,2,1,2,2,2,1,2,2,1,0,0
1,0,0,2,3,1,1,0,1,1,0,2,6,44
1,0,1,0,2,1,1,2,1,0,0,0,0,0
0,0,0,1,1,3,1,1,4,5,3,2,12,42
9,2,6,16,14,15,5,16,10,16,2,8,11,45
4,4,3,5,19,18,6,23,16,29,12,8,14,42
3,0,1,2,0,3,1,5,3,7,4,3,14,38
0,0,0,0,1,1,1,1,1,1,1,0,0,0
0,0,0,0,0,2,0,0,0,1,3,4,7,39
5,5,4,12,17,25,17,37,28,51,14,14,17,43
0,0,2,1,1,0,0,0,0,3,1,1,0,0
2,1,0,1,0,1,0,0,1,1,1,2,6,40
0,1,0,1,1,0,1,1,1,0,3,4,9,40
4,2,0,4,7,7,2,1,0,9,3,3,9,42
1,0,2,1,5,3,0,2,0,2,2,3,12,44
0,2,0,2,1,1,0,0,4,3,1,1,11,36
2,0,0,1,0,1,0,1,2,1,0,10,14,38
2,0,1,0,2,0,1,1,3,4,0,3,8,44
2,0,0,1,4,1,0,4,0,5,1,3,9,44
0,0,1,1,4,1,1,2,0,0,0,0,0,0
2,1,2,2,6,4,5,24,12,17,9,8,22,38
0,1,0,0,0,0,0,1,0,2,0,1,13,38
3,0,0,2,2,3,0,0,3,7,0,7,7,45
13,14,11,19,18,30,13,19,13,30,7,11,16,43
2,0,1,1,5,6,0,4,3,1,0,0,0,0
0,0,1,1,2,1,0,6,0,1,0,4,9,39
0,1,3,2,8,4,5,12,13,29,2,8,13,39
3,0,1,2,1,2,1,1,1,2,2,2,0,0
0,0,0,1,1,2,2,3,1,3,3,3,10,35
4,1,5,6,7,6,3,3,8,9,2,10,13,47
1,0,3,1,1,0,3,2,0,1,1,3,5,46
7,3,6,8,11,10,5,9,4,16,4,3,10,41
0,0,0,0,0,0,0,0,0,0,0,0,1,39
3,0,3,2,3,1,0,3,3,4,0,2,6,47
0,1,0,0,0,1,0,1,0,3,1,2,11,43
7,2,5,15,15,12,10,21,13,37,5,9,9,41
2,2,2,3,2,2,2,4,4,9,6,3,7,45
1,1,0,0,0,0,0,1,1,3,5,7,18,43
1,0,0,1,1,0,2,0,3,1,0,3,6,43
13,11,13,14,12,15,11,14,12,26,7,3,8,48
17,8,11,23,35,22,14,21,14,22,6,8,16,45
1,0,1,2,1,2,1,1,0,0,0,0,0,0
2,0,0,0,1,1,0,2,2,1,0,0,0,0
0,0,1,1,1,0,0,3,3,8,5,4,13,41
0,0,0,1,0,0,0,3,4,6,1,4,19,42
0,0,0,1,0,0,0,0,1,1,0,1,7,45
1,0,0,0,1,1,0,0,1,8,1,3,8,39
3,4,2,10,3,12,3,27,21,46,15,16,17,47
9,1,6,9,11,16,14,32,23,54,21,21,21,44
0,0,0,0,0,0,0,0,0,0,0,0,0,36
0,0,0,0,0,0,0,0,0,0,0,0,0,16
0,1,1,1,0,0,0,1,2,3,2,3,8,43
3,0,0,1,2,3,1,1,3,6,1,1,5,35
0,1,0,0,1,3,1,1,2,4,0,3,6,38
2,0,0,3,2,0,2,3,1,7,2,5,12,43
1,0,0,3,1,0,1,0,3,4,0,3,8,40
1,0,1,0,0,2,1,1,1,3,1,5,13,46
0,0,1,1,1,1,1,0,0,3,2,3,9,48
2,0,0,1,3,1,1,1,1,2,2,4,3,40
0,0,0,1,0,3,2,3,1,5,1,4,10,45
1,1,1,2,2,2,4,1,0,0,0,0,0,0
1,0,0,0,0,0,1,2,1,4,0,1,15,39
5,2,1,2,2,2,3,2,1,4,4,1,12,44
0,1,2,2,1,0,3,1,1,5,3,2,15,42
2,0,1,0,0,1,1,2,1,0,0,0,0,0
0,0,0,0,0,1,0,0,0,5,1,4,3,49
3,1,3,4,8,14,4,14,15,30,12,4,17,40
1,1,0,1,2,2,0,0,1,3,2,1,0,0
1,0,1,0,0,0,0,2,1,1,1,4,7,43
1,1,0,0,1,0,2,1,1,1,1,1,2,1
0,0,0,2,1,0,0,0,2,4,0,4,6,40
0,0,0,0,0,1,0,0,0,0,1,1,7,41
0,0,0,1,3,0,3,3,1,1,1,1,0,0
3,1,0,0,1,5,1,3,2,7,0,2,11,41
0,2,1,0,4,1,0,1,0,3,1,1,0,0
3,3,4,6,12,10,4,14,8,14,7,11,11,49
0,0,1,1,1,1,0,2,3,3,0,2,5,44
0,1,0,2,5,0,0,3,1,1,0,0,0,0
0,0,0,1,1,2,0,1,4,2,1,3,5,41
0,1,0,1,1,2,0,1,2,1,1,0,0,0
5,5,2,3,17,19,10,30,20,37,16,8,15,38
1,1,0,1,0,1,0,3,1,2,1,0,6,42
0,0,0,1,1,2,0,2,1,0,0,3,11,43
7,2,3,3,7,10,2,6,4,7,1,7,2,1
2,1,1,6,5,7,4,1,4,3,4,7,16,46
0,2,0,0,1,1,0,3,0,5,0,1,9,42
1,1,1,0,3,1,0,2,2,5,4,3,5,46
1,1,0,1,0,0,0,1,0,3,2,1,0,0
11,8,9,6,18,14,3,13,9,13,6,10,17,49
0,0,2,0,0,1,3,2,3,7,4,5,5,39
0,2,1,0,4,6,2,5,1,4,4,5,8,42
2,0,0,1,5,2,0,2,1,5,3,4,17,43
1,0,1,1,2,4,1,0,3,7,1,5,6,45
0,0,0,1,4,2,1,1,0,0,0,0,0,0
13,6,8,8,17,15,6,8,15,13,9,8,16,48
6,0,0,0,0,0,6,5,0,7,1,7,0,0
6,1,4,8,12,11,2,7,5,16,2,3,16,39
0,0,0,1,0,1,0,1,0,1,0,6,4,46
2,1,2,1,0,2,2,1,2,2,1,1,0,0
1,3,1,1,3,5,3,5,4,3,2,2,8,45
0,0,0,0,1,0,1,1,2,2,2,1,5,42
2,2,1,1,3,3,2,0,1,4,1,2,8,45
9,8,5,13,8,19,2,13,7,12,2,3,6,45
2,1,0,0,1,1,1,0,0,4,2,4,12,47
3,1,5,3,6,11,7,18,22,40,9,16,18,35
2,3,2,10,5,0,4,1,2,5,2,0,5,2
1,0,0,0,2,1,0,1,0,4,5,2,11,41
0,0,0,0,1,0,0,0,1,2,0,1,11,49
0,0,0,2,1,2,0,0,0,0,0,0,0,0
5,2,2,4,3,6,4,3,4,3,3,4,10,43
1,0,1,6,6,3,1,2,0,3,1,5,6,40
1,0,0,1,2,1,0,0,1,3,2,4,9,45
16,12,4,23,39,39,17,30,35,42,9,15,16,48
1,0,0,1,2,5,0,7,6,17,6,2,10,42
0,1,0,1,2,0,0,0,2,2,2,2,4,35
2,0,1,0,1,4,0,2,2,4,2,1,0,0
5,2,3,4,7,4,2,3,4,11,3,7,10,40
0,0,2,2,2,0,0,0,2,6,1,2,6,50
1,2,1,3,2,1,3,1,0,3,0,3,2,1
1,0,0,0,0,0,0,2,0,4,1,0,0,0
1,0,0,0,1,0,0,1,1,5,3,13,9,45
3,1,1,2,3,3,1,2,1,2,0,0,0,0
1,1,1,1,1,1,0,0,0,0,0,0,0,0
10,13,8,11,25,31,15,16,16,31,11,7,9,46
0,0,0,0,0,1,0,0,1,2,0,2,7,45
0,0,0,1,0,1,0,2,2,2,1,5,12,45
0,0,1,1,1,2,1,1,4,5,1,4,13,39
0,0,3,2,2,1,0,9,4,5,4,3,12,44
1,2,2,1,4,2,4,3,3,3,2,7,11,46
1,1,1,4,0,1,2,2,2,0,0,0,0,0
2,1,0,0,0,0,0,1,2,5,3,4,8,45
6,4,12,17,18,24,11,24,18,39,18,18,27,49
0,0,0,1,2,1,1,1,0,2,1,4,17,51
8,1,2,11,7,7,5,5,3,8,4,4,13,47
0,1,1,1,1,2,5,1,0,0,0,0,0,0
1,0,1,1,1,6,5,12,8,30,10,11,17,43
0,0,0,1,0,0,0,0,0,1,1,1,1,1
0,0,0,0,1,0,0,1,0,3,1,2,6,44
0,0,0,0,0,0,0,0,0,0,0,0,8,46
0,0,1,0,0,0,0,2,1,6,2,2,10,47
0,0,0,0,0,2,0,0,2,1,0,1,5,48
0,2,0,0,0,0,0,0,12,9,0,11,24,45
2,0,2,0,5,1,0,0,0,0,0,0,0,0
2,0,1,1,3,3,6,2,1,4,0,5,8,46
0,0,0,0,3,0,2,1,1,2,0,0,0,0
0,0,2,1,1,1,3,5,0,2,0,1,2,2
2,1,1,2,0,0,0,1,3,4,0,6,7,49
1,0,0,1,0,0,0,0,1,5,3,4,13,46
5,3,9,15,29,28,17,33,25,67,16,18,30,54
0,1,1,0,1,1,1,1,3,1,1,0,0,0
0,0,0,1,0,1,0,1,2,0,1,4,8,44
4,2,2,3,6,7,0,3,4,4,1,0,0,0
0,1,0,2,1,1,0,0,0,6,1,6,5,43
5,4,2,1,0,1,1,1,2,6,3,4,6,37
1,0,1,0,0,1,0,1,0,7,0,8,6,50
7,3,7,15,22,25,9,31,20,55,23,15,23,47
0,1,0,1,1,0,0,2,2,5,1,2,9,47
2,0,2,1,1,3,0,1,2,4,1,2,8,42
0,0,0,0,0,2,1,1,0,5,5,5,17,44
1,0,0,0,0,2,0,0,2,8,3,5,12,46
1,0,0,0,0,1,1,3,1,1,3,6,12,43
0,0,0,0,0,0,0,0,1,0,0,5,1,54
0,0,0,1,1,0,0,0,1,7,1,2,11,42
1,0,1,1,2,2,2,2,0,6,1,5,7,47
0,1,0,2,1,7,1,1,0,3,3,6,13,49
8,0,8,8,5,4,6,7,5,10,4,6,10,50
0,0,0,0,0,0,0,2,1,1,2,1,0,0
1,1,0,2,3,1,5,7,6,15,4,8,17,44
0,3,1,0,5,1,0,2,2,11,4,4,19,48
0,0,0,0,1,2,1,0,0,7,1,3,6,42
0,1,1,0,0,1,0,1,0,1,1,2,4,46
1,2,1,2,3,2,4,3,2,2,3,4,10,44
0,1,2,1,2,4,0,3,3,5,4,1,0,0
1,3,0,0,2,5,0,0,1,6,3,11,15,46
1,1,0,0,0,1,0,1,0,4,1,2,10,42
5,1,4,8,9,10,6,11,15,20,9,4,9,39
1,3,3,5,3,3,2,4,4,4,3,1,6,46
1,2,2,1,3,5,0,2,4,8,1,4,8,50
1,2,1,0,3,4,3,2,0,2,0,3,5,46
0,0,1,0,0,0,0,0,0,1,0,4,13,48
1,2,1,1,5,1,0,3,4,2,0,0,0,0
0,1,2,2,9,8,8,21,13,22,8,14,24,57
0,1,0,0,0,0,1,0,0,1,1,3,11,33
1,0,0,0,3,1,0,4,1,5,2,4,13,46
2,1,1,2,3,5,0,4,4,1,0,0,0,0
1,0,0,2,3,3,2,1,4,5,4,6,17,47
6,8,5,4,19,7,6,6,8,9,8,6,9,41
4,0,2,1,2,5,5,2,2,5,3,1,12,51
2,0,0,0,0,0,0,3,2,6,1,4,11,44
0,0,0,1,0,1,0,0,1,7,2,1,11,50
0,1,0,1,1,0,0,1,1,3,0,3,7,45
2,0,1,1,1,2,2,1,0,7,1,1,1,1
4,0,1,2,5,2,1,1,0,4,1,1,0,0
1,0,2,0,1,3,0,1,2,1,3,1,12,43
3,3,1,8,17,23,10,30,15,36,14,4,14,45
3,1,4,5,4,3,6,1,5,12,4,3,5,51
1,0,2,3,4,1,0,0,0,0,0,0,0,0
5,0,3,7,4,5,1,2,6,8,1,4,8,50
0,0,1,0,0,1,0,1,0,4,2,5,9,46
0,0,0,1,1,0,0,1,0,1,2,1,8,48
1,1,0,1,2,2,1,1,0,0,0,0,0,0
7,3,2,0,3,0,1,1,5,4,2,4,11,43
1,2,1,0,1,0,2,2,1,3,1,10,12,41
0,0,0,0,0,0,0,0,1,4,2,1,8,44
6,0,2,1,2,1,2,5,3,8,0,3,6,43
0,0,0,1,0,1,1,3,0,4,2,8,15,45
0,0,0,2,1,2,1,1,0,0,0,0,0,0
9,2,0,5,3,5,4,7,4,6,4,3,11,48
0,0,1,0,1,0,1,0,2,4,3,4,10,47
1,1,2,1,2,1,0,1,0,3,1,3,13,54
1,1,2,0,2,2,0,2,2,3,0,3,7,46
20,5,7,16,29,23,12,12,14,26,10,9,23,50
3,2,7,5,7,8,2,8,3,13,3,7,14,52
1,0,0,0,2,2,0,1,2,2,1,0,11,51
8,3,8,20,23,26,9,19,12,16,4,14,15,50
0,0,0,0,0,0,0,0,0,0,0,0,0,61
2,1,0,2,0,3,1,4,0,7,3,11,14,42
3,2,3,1,3,1,3,2,1,4,1,6,6,39
3,5,3,11,11,9,7,4,3,7,5,1,14,55
0,1,0,1,0,2,1,1,2,4,1,0,0,0
1,0,0,1,1,2,1,3,0,5,3,6,8,42
0,0,0,1,2,1,1,0,0,0,0,0,0,0
2,2,1,1,2,2,0,3,2,5,2,2,12,48
4,3,1,3,4,1,1,1,1,4,1,9,13,51
0,0,0,0,0,0,0,0,0,0,0,0,0,67
0,0,0,0,0,0,0,1,0,3,1,1,0,0
0,0,0,0,0,0,0,0,3,3,2,6,15,56
1,1,0,1,1,0,1,2,0,4,1,1,0,0
0,1,0,1,0,0,0,1,0,5,1,2,12,45
0,0,0,1,3,2,0,0,0,0,0,0,0,0
0,0,0,0,0,0,0,0,0,0,0,0,0,68
1,1,1,1,1,1,0,4,2,8,1,1,19,44
0,1,0,1,1,2,1,1,0,4,0,2,9,47
0,1,1,0,0,2,3,1,4,10,5,1,9,49
2,1,1,0,1,0,1,0,0,5,1,0,0,0
0,2,0,2,2,1,0,0,0,0,0,0,0,0
0,1,0,1,1,2,0,1,0,3,2,1,17,47
1,0,0,1,0,2,0,0,2,3,1,0,0,0
0,0,0,0,0,0,0,0,0,1,2,4,9,54
0,0,0,0,0,0,0,0,0,0,1,5,8,51
2,2,1,0,1,1,3,2,4,5,1,1,0,0
0,1,0,0,1,0,0,0,0,1,0,2,15,50
1,1,0,0,0,1,1,0,1,4,1,2,15,47
9,1,4,17,31,28,11,45,22,51,18,13,29,57
0,1,2,0,1,2,1,1,2,0,0,0,0,0
0,1,0,1,0,0,0,2,1,0,1,1,1,2
3,1,1,0,3,3,4,4,3,11,2,0,13,45
1,0,0,0,1,1,0,2,1,2,2,5,13,54
0,0,1,1,0,1,2,0,1,4,5,3,13,53
0,2,0,5,5,1,1,3,2,7,3,2,10,48
0,0,0,0,1,0,0,1,2,1,2,3,13,42
0,1,0,0,0,0,1,3,0,1,1,3,14,48
1,0,0,0,0,1,0,1,1,2,3,3,9,48
1,0,0,2,0,0,0,2,3,5,2,6,16,55
0,0,1,3,1,0,0,0,0,0,0,0,0,0
0,0,0,1,0,0,0,1,0,2,0,1,9,56
0,1,2,0,0,0,1,1,2,4,1,1,9,46
5,7,9,9,22,29,12,35,21,45,19,21,27,45
0,0,0,0,0,0,0,1,1,3,0,2,8,47
1,1,1,1,3,2,1,4,1,14,2,8,16,50
1,1,3,2,1,1,1,0,0,0,0,0,0,0
1,0,2,0,0,4,1,5,0,6,1,2,9,55
4,0,0,1,2,2,0,0,0,2,1,2,0,0
0,0,2,1,2,2,0,1,1,1,1,1,0,0
4,2,2,3,5,6,2,1,3,1,1,1,0,0
4,4,12,9,20,21,9,33,24,54,19,17,30,57
2,0,0,1,2,3,1,4,2,5,3,1,17,53
0,0,1,3,3,3,5,4,6,11,1,8,11,49
2,0,0,3,2,1,0,2,2,3,2,5,11,56
12,4,6,6,15,15,3,6,8,9,5,4,9,53
1,1,1,0,2,0,2,5,2,3,0,2,8,47
0,2,0,0,3,0,0,2,3,2,0,5,5,50
1,0,0,0,0,0,0,1,1,0,0,1,12,40
0,0,0,0,0,0,0,0,0,0,0,0,0,10
1,0,1,0,0,0,0,4,0,3,3,2,13,48
8,4,3,5,10,17,2,12,11,4,7,4,13,55
0,0,1,0,1,3,0,1,3,5,3,4,13,55
0,0,2,0,0,0,0,1,3,4,1,4,10,54
0,1,0,0,0,0,0,1,2,7,1,1,5,54
0,1,0,0,0,0,0,1,1,3,2,3,9,54
0,0,1,0,0,2,1,2,2,12,1,4,15,58
7,9,8,6,11,19,13,16,27,36,12,12,18,51
0,2,0,2,0,2,2,0,1,5,1,3,10,56
1,0,0,1,0,3,2,3,0,0,1,1,2,1
0,0,0,0,0,0,0,0,3,0,1,3,9,48
6,3,3,11,16,16,10,26,20,49,16,12,17,47
0,0,0,1,0,0,1,1,1,4,0,7,21,58
0,0,0,0,2,1,1,1,0,0,0,0,0,0
1,0,2,3,2,1,1,1,0,7,7,4,7,52
2,3,3,3,9,17,5,16,22,61,15,17,24,47
0,2,1,0,5,2,2,3,1,2,2,3,13,50
0,0,0,0,0,0,1,0,0,1,1,2,10,51
0,2,0,2,2,1,3,1,3,6,3,6,11,49
1,1,0,0,0,2,0,2,2,8,2,6,15,56
1,0,0,0,0,1,2,2,0,5,1,3,17,59
1,1,0,2,2,1,1,0,0,0,0,0,0,0
3,0,0,1,1,1,1,2,2,2,0,0,0,0
13,8,10,15,21,18,11,17,8,24,10,8,12,57
0,0,1,2,0,2,0,0,1,6,4,2,11,56
29,14,14,24,40,64,21,43,23,43,23,20,17,62
14,11,17,17,21,26,10,24,7,32,6,14,14,53
0,0,1,0,0,1,0,2,1,6,2,3,16,51
1,1,2,2,2,2,1,5,1,5,4,5,6,48
0,0,1,0,0,1,1,5,4,17,2,6,15,50
2,1,1,1,0,0,0,0,0,0,0,0,0,0
1,1,1,1,4,2,0,2,0,3,1,8,7,62
11,5,4,13,15,5,8,10,15,15,5,11,12,49
0,3,1,7,6,12,4,19,13,29,14,11,22,60
1,0,0,0,0,1,0,0,0,2,2,2,4,51
1,0,2,0,0,1,0,1,0,8,4,3,14,58
1,3,0,2,0,3,2,2,2,14,4,6,11,57
0,0,2,2,1,0,1,0,1,6,3,9,11,56
0,2,2,9,11,13,7,24,23,57,23,17,21,56
0,0,0,0,1,0,0,6,2,3,1,1,8,57
2,0,0,4,1,0,0,1,1,9,2,9,19,52
1,0,0,1,0,1,0,1,1,6,2,11,24,53
0,1,0,2,4,1,3,1,0,0,0,0,0,0
1,0,1,3,1,2,0,3,7,8,4,4,13,54
2,0,1,0,1,2,1,3,2,2,0,2,18,53
1,0,0,1,4,1,0,0,1,3,1,1,0,0
1,1,1,2,0,0,1,0,0,3,2,4,10,54
0,0,1,3,2,1,3,1,1,4,2,5,9,52
1,0,0,0,1,2,0,4,0,5,1,7,14,57
1,0,0,1,1,2,1,1,3,1,0,0,0,0
0,1,0,2,1,3,2,0,1,5,1,2,11,55
0,0,0,0,0,1,0,0,0,3,2,7,20,51
1,2,0,1,1,1,0,1,2,1,2,1,0,0
0,0,0,0,0,2,1,0,1,2,2,8,11,52
1,0,1,0,0,2,0,1,1,4,2,4,7,51
0,1,0,0,0,1,0,0,1,2,1,1,0,0
0,0,0,0,1,0,0,0,0,0,0,1,5,56
0,1,1,3,1,3,1,1,0,0,0,0,0,0
1,0,0,2,3,2,0,1,3,3,2,1,10,51
3,4,0,4,11,2,1,8,2,9,10,6,15,55
0,2,3,0,0,1,1,0,0,3,0,6,13,63
6,3,2,4,11,11,4,12,7,13,3,6,7,53
1,2,0,3,3,4,3,3,3,4,5,6,9,52
5,3,2,9,17,25,11,26,20,41,16,17,17,55
3,4,3,2,6,6,4,1,4,1,0,0,0,0
2,0,1,2,1,0,3,1,2,1,1,4,7,51
0,0,1,1,1,2,1,2,2,1,1,0,0,0
1,0,0,0,1,0,0,6,3,11,3,7,9,60
0,0,0,0,2,2,0,1,0,4,0,7,13,58
2,2,1,0,0,4,0,4,0,6,2,6,12,59
2,0,1,0,0,1,0,2,0,6,3,9,14,55
1,1,0,1,0,0,2,1,0,4,5,5,13,51
1,1,1,1,1,0,0,0,0,0,0,0,0,0
23,6,10,25,21,31,11,12,8,23,9,6,10,56
0,0,0,0,0,0,1,2,0,4,0,3,15,60
0,0,0,0,0,0,0,1,1,6,1,6,13,55
2,0,1,2,3,1,0,0,0,0,0,0,0,0
0,1,1,1,0,0,0,0,0,0,1,2,1,1
1,0,2,3,7,4,1,7,5,16,8,17,13,60
2,0,1,4,3,1,2,0,3,3,2,1,0,0
1,0,1,1,2,0,0,3,1,5,8,4,15,50
2,1,5,6,5,6,4,10,6,7,2,1,1,2
0,0,1,2,2,1,0,0,0,0,0,0,0,0
0,1,0,1,1,2,1,3,3,4,3,1,9,56
0,0,0,3,1,3,1,3,3,6,2,7,18,55
0,0,0,0,0,0,0,1,2,6,3,4,11,52
0,1,0,1,1,0,0,2,2,7,0,6,19,56
8,5,14,26,31,29,21,47,34,62,30,19,29,63
3,0,0,1,4,3,2,4,3,7,1,4,8,55
1,0,0,0,1,1,1,1,1,1,0,0,0,0
0,1,0,2,6,1,0,5,3,10,1,4,13,55
0,1,1,2,3,4,0,3,1,4,2,1,0,0
0,1,2,2,1,0,1,1,1,3,2,1,0,0
4,3,5,10,5,13,3,1,9,20,4,7,15,57
0,0,1,0,2,5,0,0,0,2,0,1,2,2
2,1,0,2,2,1,2,0,0,0,0,0,0,0
0,1,0,0,3,2,0,1,0,3,1,1,0,0
5,6,3,10,17,19,5,14,4,15,3,11,17,59
2,1,2,1,1,6,1,1,1,2,3,1,14,58
0,1,0,1,0,0,0,2,1,3,2,0,3,49
0,0,1,1,0,0,0,0,1,2,1,1,7,62
0,1,2,0,3,2,1,2,3,9,3,4,13,52
1,0,0,3,2,1,1,2,0,4,0,5,20,68
16,5,9,20,36,32,20,66,43,60,20,29,37,56
2,0,1,2,1,4,1,1,0,6,1,4,11,51
1,0,1,1,0,4,2,2,1,3,1,1,2,3
0,0,1,2,1,4,2,2,2,4,2,5,9,48
0,0,0,0,0,0,0,3,1,1,0,2,11,54
0,1,0,3,2,5,1,3,5,14,1,9,12,60
4,1,3,8,2,11,10,28,20,51,20,20,34,61
0,0,2,0,0,0,0,1,2,8,1,0,11,59
2,0,2,3,2,4,1,2,4,5,4,2,8,47
1,2,0,0,4,1,3,1,0,4,0,9,6,55
0,1,0,1,1,1,1,1,0,0,0,0,0,0
0,0,0,0,0,0,0,0,0,0,0,0,6,53
0,0,0,0,0,0,0,0,4,3,3,2,15,57
5,2,4,2,3,5,2,7,2,14,2,5,17,55
4,0,0,0,1,2,2,0,0,0,0,3,8,51
0,1,2,2,5,7,0,14,5,16,6,6,17,53
0,0,0,1,2,2,0,1,1,5,6,3,8,58
0,0,4,6,4,5,3,1,1,6,2,9,28,57
0,0,1,1,2,1,1,2,2,6,1,8,20,58
0,1,0,0,1,1,2,2,2,3,0,3,7,56
0,0,1,2,2,2,0,0,0,7,1,9,9,58
1,2,1,2,0,1,0,2,1,10,3,2,15,59
0,0,0,0,1,0,2,3,3,1,0,0,0,0
0,0,0,2,0,2,0,0,0,5,1,2,14,59
1,0,3,2,2,4,1,0,2,3,1,1,0,0
2,0,0,2,0,0,0,3,1,4,2,3,6,57
1,0,0,3,0,0,1,0,1,3,2,1,2,1
1,1,2,3,0,1,1,4,3,2,0,0,0,0
6,5,9,19,23,23,18,29,36,60,28,20,29,63
0,0,0,0,0,0,0,0,0,0,0,5,0,0
2,1,2,4,0,2,1,3,1,0,0,0,0,0
2,0,0,1,1,2,1,1,0,0,0,0,0,0
1,1,0,0,0,0,0,1,0,5,2,7,15,60
1,0,1,1,2,1,0,0,0,0,0,0,0,0
2,1,1,2,4,5,1,2,0,0,0,0,0,0
2,1,0,2,1,0,2,1,1,7,2,3,11,61
0,0,1,0,0,0,0,2,0,2,1,4,13,60
0,0,0,0,2,0,0,1,0,1,0,3,14,59
1,0,0,1,0,4,0,0,0,3,2,1,0,0
5,4,1,3,8,15,6,7,6,10,5,9,17,64
0,0,1,1,0,0,1,0,0,1,1,0,12,63
0,1,0,3,1,2,0,2,1,2,4,3,10,59
0,0,0,0,1,2,0,2,0,0,2,2,15,54
17,11,10,18,45,33,32,70,46,95,33,35,56,66
0,0,2,0,1,1,0,0,0,0,3,1,13,66
0,2,1,1,3,1,1,2,5,20,2,12,16,62
0,0,0,1,2,1,0,0,0,2,1,3,7,53
0,0,0,1,0,1,0,0,3,2,2,1,0,0
1,0,0,0,2,1,0,0,5,6,1,5,10,55
0,1,0,0,1,2,1,1,2,2,0,0,0,0
7,6,12,16,19,23,12,36,23,52,26,22,27,63
0,0,1,0,0,1,0,0,1,8,3,17,15,54
0,0,0,1,2,1,1,1,1,3,3,3,11,57
6,3,4,12,8,7,4,2,4,10,4,2,3,1
1,0,0,0,1,1,1,2,0,2,1,4,5,53
1,0,2,1,0,1,1,0,0,3,3,2,5,54
0,0,2,2,4,2,0,5,0,8,0,4,7,58
1,1,1,0,1,2,0,3,0,5,2,5,17,58
0,1,2,0,1,0,1,1,2,1,0,0,0,0
1,0,0,1,1,0,0,2,1,2,1,3,10,62
4,2,6,13,27,26,23,33,30,68,18,16,33,60
0,0,1,0,2,2,2,1,1,1,2,1,0,0
0,0,1,0,1,1,0,1,2,3,0,0,0,0
0,1,1,1,1,1,1,2,0,10,8,6,14,61
1,1,2,2,1,2,2,1,2,2,2,3,9,59
2,0,2,2,0,0,1,2,2,3,1,3,19,67
1,0,0,0,1,0,2,1,0,2,1,7,12,62
1,1,0,2,0,0,0,0,3,2,0,1,11,62
1,0,1,1,3,2,1,0,0,0,0,0,0,0
4,2,1,2,0,2,1,2,2,1,0,0,0,0
1,0,1,6,2,8,1,2,2,7,0,5,12,57
1,0,0,0,2,1,0,2,1,8,2,1,18,64
0,0,0,1,0,0,2,1,0,0,2,5,19,61
10,3,12,11,27,22,16,15,18,21,9,9,12,63
0,0,0,0,1,0,0,2,0,3,0,5,20,61
1,1,1,3,4,6,3,2,1,7,3,8,13,53
1,0,0,0,0,0,0,0,0,0,0,0,0,60
1,1,2,3,3,6,1,4,3,7,3,3,18,61
0,1,0,0,0,0,0,3,1,4,4,5,15,63
0,1,2,0,0,0,0,2,2,2,1,0,12,64
0,0,0,1,0,0,1,0,0,3,2,5,11,61
2,2,3,0,1,0,1,3,1,3,0,0,0,0
0,0,1,0,0,0,0,1,2,7,4,11,18,61
0,0,0,0,0,0,0,0,0,1,1,1,10,62
2,0,0,0,1,1,0,1,1,3,2,4,11,52
0,0,1,0,1,5,1,2,1,2,3,6,16,59
0,0,0,0,0,3,0,0,0,4,0,5,11,62
0,0,1,0,0,1,0,0,1,2,0,3,12,57
4,0,1,0,0,2,0,2,1,4,4,7,15,70
0,0,1,1,1,1,3,1,1,1,1,0,0,0
15,4,11,10,13,13,4,18,8,10,4,7,21,67
1,3,2,2,1,2,2,1,2,1,0,0,0,0
1,1,0,2,1,1,2,0,6,4,2,9,12,53
8,3,5,14,13,26,14,36,30,56,14,12,26,68
3,0,4,5,5,3,2,7,9,6,2,3,14,60
9,6,6,13,22,27,15,38,38,43,18,12,35,64
1,0,1,0,3,2,0,5,3,4,1,1,20,58
1,0,0,1,1,4,2,2,2,7,4,8,11,69
6,4,2,16,27,34,16,64,35,122,38,29,52,60
0,0,0,2,1,4,3,0,0,3,1,1,0,0
1,0,0,0,0,4,1,0,0,0,0,0,0,0
0,1,0,1,1,0,0,2,0,6,0,2,9,57
2,0,0,1,2,3,1,1,3,1,1,0,0,0
2,1,2,0,1,0,2,0,2,9,4,2,9,50
0,0,0,2,4,3,0,11,6,11,4,7,18,62
3,0,2,2,4,1,2,1,0,0,0,0,0,0
2,1,1,3,3,4,2,3,3,6,4,7,24,57
0,0,0,1,2,1,1,1,1,0,0,0,0,0
1,1,0,1,1,2,2,5,6,22,5,13,20,60
0,0,0,1,0,0,1,2,1,8,3,6,14,64
1,0,0,1,3,2,2,4,2,1,0,0,0,0
0,0,0,0,0,0,0,1,2,1,1,1,11,65
2,1,1,0,2,2,1,2,2,2,0,0,0,0
0,0,0,0,0,0,0,0,0,1,0,0,7,51
2,1,3,0,2,1,0,3,1,8,2,5,17,60
1,0,3,0,1,0,0,0,0,4,1,2,3,59
1,1,0,1,0,2,1,1,1,0,0,0,0,0
1,0,0,1,3,3,1,0,0,0,0,0,0,0
0,1,1,3,2,2,1,2,0,14,7,9,19,62
4,0,1,1,3,5,0,5,0,0,1,2,12,59
1,1,0,1,1,0,1,2,1,7,0,5,14,61
2,0,1,1,1,1,1,0,2,3,1,6,14,63
0,0,1,0,3,4,0,2,0,6,3,5,6,58
0,0,1,0,2,2,1,0,3,4,2,3,10,58
2,2,1,2,3,3,2,1,1,6,1,1,2,1
0,0,0,0,1,2,0,1,0,3,0,7,16,62
2,1,0,6,3,4,1,7,7,10,4,1,13,64
7,3,7,7,7,16,4,11,12,23,4,5,12,67
0,0,1,0,1,0,1,1,0,7,5,5,19,61
0,0,0,0,1,1,1,3,1,1,0,0,0,0
9,9,3,24,35,45,19,56,45,95,26,33,41,68
9,5,10,17,22,31,11,22,21,31,10,13,16,69
1,0,1,0,1,1,0,1,5,10,0,7,17,66
5,4,13,17,18,34,13,42,19,63,21,23,41,67
1,0,0,0,2,1,2,2,0,0,0,0,0,0
1,0,0,1,2,0,0,0,2,2,1,1,0,0
2,0,1,0,0,0,1,2,1,2,4,5,23,64
0,0,1,0,0,0,0,0,0,0,0,2,13,62
2,0,0,2,2,2,1,1,0,7,2,5,13,65
0,2,0,3,1,0,0,2,1,6,1,4,11,62
5,2,4,0,3,4,2,2,6,5,2,2,12,63
3,4,3,9,8,6,2,15,11,15,16,14,19,64
5,9,8,13,23,38,20,26,23,62,13,14,31,76
2,0,2,3,5,2,3,3,3,6,3,4,13,63
1,0,2,0,0,1,1,2,2,4,1,2,16,51
0,0,1,1,2,1,0,0,0,0,0,0,0,0
0,0,1,1,0,3,0,4,1,6,0,8,16,64
12,5,8,26,19,21,10,12,15,20,10,12,15,69
1,0,1,0,3,5,1,2,2,6,2,3,14,65
0,0,0,0,0,0,0,0,2,1,2,2,7,64
2,0,0,0,1,4,1,1,0,5,4,2,19,56
0,0,1,1,0,1,0,3,1,1,1,1,0,0
0,0,0,1,2,3,0,3,0,5,0,8,16,59
1,2,1,0,1,2,0,1,1,4,2,3,14,75
0,0,1,0,0,1,1,0,1,5,0,2,11,66
1,0,0,2,3,1,0,0,0,0,0,0,0,0
0,0,0,0,0,0,0,0,0,38,0,38,0,0
17,9,5,24,21,27,12,19,14,15,3,13,12,67
2,1,1,5,4,2,2,3,1,3,0,3,2,1
10,3,3,6,11,8,2,5,2,4,1,2,3,2
0,0,0,0,0,0,0,0,0,46,0,52,0,0
2,0,2,2,1,5,2,3,4,7,5,4,12,64
0,0,0,0,0,0,0,0,0,0,0,47,0,0
0,0,0,0,0,0,0,0,0,3,0,4,5,70
1,0,0,0,2,0,0,2,3,3,3,3,8,62
11,11,4,23,32,26,13,32,27,42,14,15,25,73
0,0,0,0,0,1,0,0,3,3,2,9,23,70
1,0,1,4,3,2,0,2,1,4,0,5,8,63
1,1,3,2,3,0,0,2,2,4,2,3,18,68
1,1,0,1,1,1,3,2,2,4,0,2,13,68
1,2,2,4,5,2,3,3,2,9,3,8,16,65
1,0,0,1,2,2,0,1,0,7,2,4,17,66
0,1,0,0,0,0,0,0,1,1,0,3,6,71
1,1,0,0,0,0,0,0,2,2,1,1,1,1
0,0,0,1,0,3,1,1,0,0,0,0,0,0
0,0,0,2,0,1,0,2,0,2,4,7,9,67
2,0,0,0,0,2,0,3,1,7,1,4,15,62
0,1,0,1,1,0,0,0,0,6,1,6,19,67
1,1,1,3,5,2,3,1,3,5,4,7,9,67
0,0,0,1,1,1,2,2,1,2,0,1,16,67
16,8,8,20,17,39,16,27,11,21,6,10,21,69
0,0,0,1,0,0,0,1,1,7,4,3,9,69
1,0,1,2,2,0,0,0,0,0,0,0,0,0
5,1,2,12,11,11,2,4,5,12,11,4,15,71
2,0,0,1,3,1,0,0,0,0,0,0,0,0
3,1,2,1,2,1,0,1,2,4,2,2,16,68
0,1,0,1,3,3,0,0,4,4,5,5,18,68
0,0,0,1,3,1,1,2,2,4,4,5,11,65
0,0,0,0,1,0,0,0,0,2,1,6,10,69
0,0,0,0,1,1,1,3,1,2,2,4,13,67
5,1,2,7,10,7,1,5,6,12,3,7,19,64
9,7,6,15,22,25,16,37,28,57,27,16,42,71
0,0,1,4,0,0,1,3,2,6,3,8,14,72
0,0,1,1,0,3,0,1,2,1,1,1,0,0
0,0,0,0,0,0,0,0,0,1,1,0,9,69
4,0,1,3,2,5,2,9,22,31,16,13,34,69
0,1,3,2,4,4,2,5,3,8,3,11,27,76
1,0,3,1,2,1,0,1,1,3,1,4,15,75
1,0,2,1,0,2,2,3,2,10,1,8,21,66
0,0,1,0,0,0,0,0,2,3,0,6,17,73
0,0,1,2,1,4,1,1,0,2,3,1,0,0
5,2,4,3,6,6,4,10,7,9,2,4,17,70
1,2,0,3,0,0,0,2,1,3,1,6,11,70
1,2,3,2,3,1,0,0,1,5,1,2,1,1
1,0,0,3,3,1,0,0,0,0,0,0,0,0
0,1,1,3,2,2,2,2,2,5,2,8,21,69
1,0,1,1,0,1,0,1,0,4,2,8,12,68
0,0,0,0,0,2,0,0,0,3,4,8,14,71
1,1,0,0,0,1,1,0,0,2,2,3,21,64
2,1,3,6,4,13,9,25,15,45,11,17,28,70
7,8,7,27,38,41,27,49,25,92,23,23,36,75
2,2,1,5,4,3,2,16,9,38,18,10,31,76
1,0,3,4,5,5,4,10,6,23,14,12,22,75
0,0,0,0,1,4,0,3,0,8,2,7,22,76
3,2,2,2,2,3,2,0,2,4,1,5,15,66
6,9,7,18,31,36,27,47,32,68,20,12,34,76
1,0,1,4,1,1,0,4,1,10,2,12,17,63
1,0,1,0,0,1,1,2,0,4,1,1,0,0
3,1,2,7,4,8,8,5,13,13,6,4,21,75
0,1,1,0,0,2,0,3,1,2,1,1,0,0
4,0,2,3,7,7,4,18,11,28,11,15,21,69
0,0,2,2,1,1,1,0,0,0,0,0,0,0
2,2,2,3,3,3,1,8,1,8,5,7,15,69
0,0,2,2,1,3,1,0,2,7,4,8,22,72
11,8,7,17,27,14,9,19,12,17,8,8,25,70
0,0,0,0,0,2,0,7,4,6,9,4,18,81
11,6,5,7,9,14,8,15,9,22,7,6,16,63
1,0,2,1,2,2,2,2,1,10,2,7,17,78
0,0,1,1,1,1,1,4,5,11,8,10,22,74
6,4,2,4,4,9,0,10,3,11,2,4,21,77
0,0,0,0,0,1,1,0,1,2,4,6,9,74
2,2,0,2,4,0,2,3,6,6,2,5,16,66
2,0,0,1,0,0,0,3,2,5,1,2,11,65
1,0,1,0,1,1,0,2,0,4,0,7,25,72
0,1,0,0,1,0,0,3,2,4,1,7,17,66
1,1,1,1,1,3,0,1,0,7,4,3,15,72
1,2,0,3,0,0,1,0,2,8,2,9,15,71
3,0,0,2,0,3,0,5,2,6,5,6,18,71
3,3,1,4,5,4,1,4,5,9,4,9,16,73
1,0,0,4,3,1,2,1,1,13,4,9,13,72
4,2,4,2,4,4,1,3,3,11,4,5,8,77
1,0,0,0,0,0,2,0,1,2,2,2,13,75
0,1,0,0,0,1,0,2,2,1,0,0,0,0
2,2,2,0,6,1,1,4,2,13,2,2,19,71
0,0,1,3,1,3,2,4,1,15,5,8,8,83
6,4,3,6,16,16,6,27,27,59,17,18,27,74
1,0,0,0,0,0,1,0,0,8,1,4,11,70
1,1,1,1,2,1,0,2,3,3,3,4,13,72
0,0,0,2,1,0,1,0,2,5,3,2,18,70
1,0,0,2,0,0,0,1,1,3,1,4,12,66
1,0,0,1,3,2,0,0,1,1,2,1,0,0
1,1,1,3,2,1,2,1,6,12,3,5,23,72
10,4,7,19,22,36,14,33,20,72,28,13,24,77
2,0,0,0,4,2,0,2,0,5,3,6,22,81
0,0,0,2,0,1,1,1,0,2,1,2,0,0
1,1,0,2,3,2,1,4,5,10,1,10,19,74
0,0,0,0,0,0,0,1,0,4,1,4,16,81
0,1,1,2,0,0,0,0,1,3,1,8,12,70
2,0,1,1,3,5,1,1,0,0,0,0,0,0
0,0,0,1,2,0,0,2,2,8,1,5,23,75
1,0,2,5,2,1,0,2,1,3,1,0,0,0
0,0,0,1,1,2,3,2,3,1,1,1,0,0
0,0,1,1,1,3,1,7,4,22,3,6,14,74
0,2,2,2,5,3,2,6,5,9,2,6,14,72
2,1,1,0,1,0,1,1,0,7,3,9,21,74
0,0,1,2,1,1,0,1,1,3,0,4,10,72
0,1,0,0,3,2,0,0,0,0,0,0,0,0
2,1,0,0,1,4,0,2,5,3,1,8,22,78
1,0,0,1,3,1,1,0,0,0,0,0,0,0
1,0,2,4,2,3,1,5,0,5,2,7,11,60
4,2,2,5,11,8,3,9,6,9,7,8,14,72
1,1,4,2,0,0,0,0,0,0,0,0,0,0
1,0,0,2,2,1,1,2,1,1,0,0,0,0
0,0,0,1,0,1,1,3,0,3,3,4,13,71
2,1,3,8,7,4,7,20,19,60,23,31,26,77
0,0,4,0,0,0,2,0,2,2,0,4,15,76
2,0,0,1,0,0,0,0,0,2,1,2,9,69
0,0,0,0,0,0,0,0,0,7,6,0,5,78
0,0,0,0,1,2,0,3,0,5,3,1,11,70
2,1,1,2,2,8,0,2,4,12,2,4,19,78
3,5,4,9,9,18,4,10,8,14,7,7,12,72
1,0,0,1,1,0,1,5,2,2,6,6,17,80
0,0,0,0,2,4,1,2,0,6,8,3,20,73
1,0,2,1,2,1,0,0,0,0,0,0,0,0
0,0,0,1,2,2,0,1,1,3,1,1,0,0
0,1,0,0,0,1,1,1,3,3,1,0,5,76
0,0,0,0,0,0,0,0,2,4,3,4,15,77
0,0,2,1,2,2,1,1,0,0,0,0,0,0
1,2,0,1,2,6,1,3,6,5,4,4,13,74
3,0,0,0,2,1,1,2,1,0,0,0,0,0
0,0,2,0,4,2,3,1,0,0,0,0,0,0
1,1,0,0,1,3,0,3,0,5,2,9,26,81
0,0,1,3,3,1,3,1,2,7,1,7,14,75
3,0,2,1,3,4,0,2,1,5,1,1,0,0
0,1,0,0,0,1,0,0,1,2,1,1,0,0
2,0,0,1,1,3,1,2,5,16,1,10,19,74
1,1,0,3,0,2,1,3,3,8,1,3,14,73
2,1,1,1,2,3,1,4,3,20,5,11,22,79
2,0,1,4,1,1,1,1,0,0,0,0,0,0
1,2,0,0,2,0,0,0,0,5,2,0,0,0
18,9,13,29,50,46,38,63,49,98,35,27,45,83
0,2,0,0,2,2,0,2,3,10,2,4,18,69
2,2,0,2,1,3,0,1,1,1,1,1,0,0
13,7,6,13,30,35,23,57,55,124,33,27,51,74
43,33,45,54,44,58,31,26,36,95,44,63,52,104
0,1,0,0,0,1,0,0,1,3,1,0,0,0
14,7,6,26,21,26,8,15,16,22,8,13,14,68
1,0,0,0,3,2,1,1,0,0,0,0,0,0
0,0,0,1,2,2,0,4,1,1,0,0,0,0
2,0,4,2,2,2,1,3,1,6,1,7,10,77
0,0,0,1,2,1,1,0,0,0,0,0,0,0
1,0,2,1,1,1,2,1,0,0,0,0,0,0
1,1,0,0,1,1,0,2,2,1,0,0,0,0
5,4,15,17,20,22,26,54,34,89,25,31,53,89
75,34,45,74,114,111,65,82,65,102,26,37,31,89
22,14,15,37,43,56,18,52,36,52,20,10,22,90
0,2,3,1,0,1,1,1,1,8,3,5,18,73
1,0,0,1,2,2,0,0,0,0,0,0,0,0
1,1,0,1,1,0,0,4,1,1,0,0,0,0
11,5,15,14,25,34,27,55,47,109,31,19,39,84
0,0,1,0,0,0,0,3,1,3,3,4,13,72
1,0,0,0,1,0,1,5,2,7,1,12,15,83
2,0,0,0,2,0,1,2,1,4,1,1,1,1
3,0,1,1,1,7,1,7,7,15,6,8,21,84
1,0,0,2,1,0,2,3,2,12,3,1,14,72
1,0,2,1,0,4,1,0,0,0,0,0,0,0
4,1,0,1,1,0,0,2,1,4,2,2,16,80
17,4,13,29,41,44,32,87,42,118,36,25,40,88
0,0,1,1,0,1,1,4,0,7,3,7,24,82
1,0,0,0,1,0,1,3,1,13,3,4,24,77
1,1,0,1,2,1,1,2,0,0,0,0,0,0
0,1,1,2,2,2,1,2,0,8,1,6,13,66
1,0,0,0,1,1,1,1,1,2,1,1,0,0
0,1,0,2,2,3,0,5,1,4,2,10,17,70
0,0,0,1,1,0,3,1,0,2,3,4,18,77
1,2,0,2,5,4,3,1,2,4,2,2,12,80
0,1,0,0,0,5,1,5,1,6,2,6,16,79
6,3,10,12,24,28,19,36,26,61,23,18,32,77
2,2,0,0,0,3,0,0,0,1,1,2,1,1
1,0,0,2,0,1,0,0,1,3,3,7,14,75
0,2,3,0,1,2,0,0,4,10,2,3,13,80
0,1,1,1,0,0,1,2,2,2,0,3,8,71
2,1,0,0,2,2,2,0,1,2,1,1,0,0
0,0,0,0,2,2,1,0,0,0,0,0,0,0
1,1,3,0,1,0,1,0,0,2,1,1,1,1
3,1,2,2,4,6,0,1,3,8,0,10,22,85
0,0,1,1,0,2,0,3,2,6,3,6,22,87
0,0,1,0,1,1,2,1,5,5,2,6,17,78
0,0,1,0,4,1,0,0,0,0,0,0,0,0
0,0,1,0,0,2,0,0,0,1,2,2,1,2
0,0,0,2,1,0,1,3,1,1,0,0,0,0
1,1,1,2,4,5,2,3,2,3,0,11,14,77
0,0,0,0,2,1,1,0,1,7,2,5,23,87
0,2,0,1,1,3,0,4,1,1,0,0,0,0
0,2,1,3,3,3,0,0,0,7,3,10,21,87
1,1,2,2,5,4,2,3,4,11,2,10,19,86
2,1,1,1,2,2,0,0,3,2,2,1,0,0
1,0,0,1,1,1,1,4,1,5,3,6,11,78
11,10,13,14,22,21,9,17,12,28,7,13,28,83
2,1,1,2,1,2,0,0,2,2,1,0,0,0
2,1,0,1,0,3,0,1,2,8,6,9,18,78
0,0,0,1,4,0,1,2,1,1,0,0,0,0
1,0,0,1,2,2,0,2,0,8,3,1,25,88
0,1,0,1,1,1,0,0,3,1,1,0,0,0
0,0,0,0,0,0,0,0,0,0,0,0,0,18
2,0,2,2,5,5,2,8,7,17,7,11,26,84
11,7,9,19,23,51,16,54,25,77,23,22,39,80
1,2,0,2,4,3,0,2,2,6,2,4,22,84
0,0,0,0,0,1,1,0,0,4,2,6,18,79
2,1,0,0,1,0,0,1,1,12,1,11,13,74
0,1,0,1,0,2,0,3,0,9,3,6,18,75
15,10,14,25,25,28,14,25,21,24,8,11,26,86
1,1,2,1,0,0,0,0,0,0,0,0,0,0
4,1,0,0,0,0,0,0,0,0,0,0,0,0
1,0,1,1,0,2,0,3,1,1,0,0,0,0
0,0,0,0,0,1,2,1,2,4,0,8,17,82
0,1,0,0,0,0,0,0,0,1,0,5,9,84
3,0,0,1,2,4,1,0,1,2,1,7,23,86
2,1,0,1,0,0,0,1,3,3,3,5,17,64
0,0,0,0,0,0,0,1,0,0,0,0,0,25
0,0,1,0,0,1,1,0,0,1,1,6,15,81
0,0,0,0,0,0,0,1,0,1,1,4,4,72
1,0,3,1,1,1,1,0,2,8,1,5,19,88
0,1,0,4,1,1,2,1,4,4,3,8,10,80
1,1,1,1,3,0,3,0,0,7,0,6,10,89
16,3,7,5,17,21,8,12,7,22,10,16,25,79
0,1,1,1,2,3,0,0,1,2,1,1,0,0
1,0,1,1,0,1,2,3,1,4,3,7,17,87
0,1,0,0,2,1,1,1,0,0,1,1,2,1
6,13,8,23,29,37,15,45,37,95,14,28,33,86
1,0,0,0,8,4,2,3,2,4,2,2,3,2
1,0,1,3,1,2,0,2,1,3,3,10,17,83
1,0,0,0,1,2,0,1,1,5,0,5,19,90
1,0,0,0,0,0,0,1,3,2,0,0,0,0
1,0,0,2,1,1,0,2,0,6,6,9,11,81
1,0,1,0,0,1,0,0,0,2,0,2,14,87
1,1,0,0,2,0,1,2,2,0,2,5,22,77
2,2,3,0,3,0,1,3,2,6,4,1,11,85
1,2,1,3,1,2,2,2,2,3,3,4,18,83
0,0,0,2,1,3,3,4,2,3,1,1,0,0
0,0,0,0,0,0,0,0,0,0,0,4,18,78
0,0,0,0,0,0,0,0,0,0,0,0,0,13
2,1,2,3,1,2,1,1,1,7,5,6,15,84
1,1,0,3,1,2,0,0,0,1,3,1,0,0
4,2,2,2,4,3,3,5,1,3,1,1,0,0
2,1,3,5,2,1,1,2,3,15,5,3,8,77
2,1,0,2,1,1,2,0,2,2,2,5,27,89
9,9,14,14,30,53,32,60,32,77,21,25,40,85
0,1,0,0,0,2,0,4,2,10,1,8,16,86
0,0,0,0,0,0,0,0,0,0,0,0,0,109
1,0,1,0,2,1,0,3,6,7,3,4,24,83
0,1,1,1,1,1,1,2,2,8,1,6,18,80
1,1,0,1,4,1,3,6,9,8,6,11,19,75
1,0,1,0,2,2,0,3,1,6,0,8,20,85
0,0,2,0,4,3,0,5,3,4,1,5,23,90
3,2,0,2,3,2,3,3,2,5,0,7,23,82
0,0,0,1,1,0,2,0,1,3,4,4,24,74
1,0,0,1,3,1,0,0,1,2,1,1,0,0
1,1,0,2,4,4,0,2,3,7,8,3,16,83
14,4,11,5,16,10,4,21,6,11,3,4,10,90
21,6,8,14,28,30,9,15,13,21,8,13,24,94
0,1,0,2,1,2,0,0,0,0,0,0,0,0
0,1,0,1,0,2,0,1,1,9,0,5,13,99
0,0,0,0,0,0,1,0,0,2,0,2,21,90
0,0,0,1,1,0,0,0,2,4,4,4,22,78
1,1,1,3,1,2,1,1,1,15,3,3,20,88
2,2,2,5,3,3,2,7,2,11,6,6,18,81
1,0,1,0,0,1,0,2,4,1,0,0,0,0
1,0,0,1,3,3,0,2,1,9,3,8,19,84
1,1,1,0,1,1,1,2,1,4,0,5,11,84
3,0,0,2,4,3,0,1,2,7,1,9,21,79
11,4,4,15,18,15,8,5,3,8,7,10,4,2
2,0,0,1,2,2,0,2,3,3,0,3,13,84
1,0,1,1,1,1,0,3,3,1,0,0,0,0
1,0,0,0,2,3,2,1,1,1,0,0,0,0
1,1,0,0,0,2,0,2,1,2,0,0,0,0
0,1,0,0,0,0,0,3,2,2,5,8,23,93
0,1,1,1,1,0,0,3,2,6,2,10,16,89
1,0,0,1,1,0,1,0,2,0,1,3,15,84
1,1,1,1,0,1,1,3,7,10,4,6,18,77
15,8,11,21,27,36,22,53,37,75,24,28,36,83
2,0,3,2,2,0,0,2,3,6,1,11,26,88
0,2,3,3,6,14,7,13,11,33,8,14,26,89
3,1,2,2,2,4,0,3,2,2,0,0,0,0
0,2,0,0,2,1,0,3,1,2,5,4,11,90
0,0,0,0,0,1,0,0,1,2,1,3,20,84
1,1,1,3,1,0,1,2,5,6,3,7,30,95
0,0,2,1,0,0,2,0,2,3,3,6,11,83
2,0,0,2,1,2,1,1,1,0,0,0,0,0
1,1,1,0,1,2,2,1,6,5,4,5,31,83
2,2,3,2,1,1,0,4,0,3,1,3,19,87
1,0,0,1,3,3,0,1,4,3,2,10,15,92
1,1,2,1,0,0,0,0,0,0,0,0,0,0
0,0,0,1,1,2,1,1,0,0,4,1,0,0
0,0,1,0,1,1,2,0,2,6,1,2,17,89
1,0,0,0,1,2,2,2,2,6,2,3,18,81
1,0,0,1,0,1,0,0,0,2,1,2,15,80
1,0,0,0,2,0,0,2,2,3,2,3,10,72
2,0,0,1,1,0,2,1,3,9,2,8,18,89
1,1,4,5,6,3,2,5,7,7,1,4,11,85
2,1,0,2,4,1,1,0,3,10,6,9,15,85
32,11,27,37,70,70,39,85,45,91,32,26,44,98
0,1,2,1,1,3,1,3,3,9,1,10,21,85
1,0,2,0,4,4,1,1,0,4,1,1,0,0
0,0,0,1,1,1,0,0,2,7,5,2,15,91
1,2,0,0,1,3,2,3,3,6,2,7,23,91
2,0,0,0,0,0,0,0,1,2,2,13,19,91
0,0,0,0,0,1,0,4,2,4,3,6,17,87
0,0,3,3,2,0,2,4,3,11,2,12,24,91
3,1,0,3,4,1,0,7,1,20,8,9,36,84
3,1,3,3,3,6,4,5,3,12,4,5,14,84
0,1,2,0,1,0,0,1,1,5,2,5,23,76
2,1,0,2,2,3,2,1,0,0,0,0,0,0
0,0,0,0,0,3,0,1,0,4,3,3,12,77
1,0,1,1,6,6,0,1,2,7,2,8,18,94
1,0,0,0,0,0,0,0,1,3,3,2,15,96
17,7,7,36,27,24,14,23,24,24,7,11,19,84
0,0,1,3,2,2,1,0,0,0,0,0,0,0
21,11,10,31,46,49,28,66,50,116,35,26,46,97
2,1,3,2,3,4,1,3,3,8,7,5,11,86
1,0,0,0,3,0,0,2,2,6,1,0,0,0
2,0,1,0,1,3,1,0,2,2,1,2,0,0
0,0,0,0,0,0,0,0,0,0,0,0,0,5
1,1,1,0,5,2,2,2,4,11,0,11,16,86
9,8,6,21,29,30,21,50,27,61,25,25,44,90
0,0,0,3,3,5,3,5,2,6,1,0,4,2
0,1,0,2,1,1,1,3,0,5,0,8,14,79
0,0,0,2,0,1,1,2,2,4,1,1,14,88
0,0,1,1,4,3,1,1,2,2,0,0,0,0
1,1,0,1,0,1,0,4,2,8,2,13,26,88
2,0,0,4,3,1,0,0,0,0,0,0,0,0
8,4,2,9,6,9,9,6,4,12,2,7,21,83
0,0,0,0,3,1,1,1,0,0,0,0,0,0
0,0,0,0,0,0,0,0,0,0,1,1,3,1
1,0,0,1,1,1,1,1,2,3,1,3,23,86
0,0,2,3,2,0,0,1,2,4,2,9,22,89
3,0,1,1,2,0,2,3,4,14,3,7,16,82
10,7,1,7,8,25,6,13,11,18,6,11,25,101
2,1,0,0,3,4,2,4,2,4,1,0,3,2
3,1,1,1,3,2,3,3,3,1,1,1,0,0
0,1,0,1,4,4,1,6,4,10,5,6,19,91
1,1,1,1,2,2,2,4,2,9,3,9,29,87
0,0,2,0,2,1,0,2,1,1,2,1,0,0
0,0,0,2,1,1,0,1,1,3,2,5,20,79
0,1,1,0,3,0,0,0,2,7,3,4,19,85
0,0,2,1,1,1,0,0,0,3,1,2,19,90
0,0,0,3,3,1,0,0,0,0,0,0,0,0
0,0,0,0,1,6,1,1,0,0,0,0,0,0
2,2,1,0,1,1,0,1,1,7,1,8,23,96
0,0,1,0,0,0,1,1,3,5,4,4,13,88
1,1,5,1,0,0,0,0,0,0,0,0,0,0
6,1,7,10,7,7,5,11,3,10,1,10,14,91
0,1,1,3,0,5,2,4,1,4,2,3,2,2
1,1,1,0,0,2,0,3,1,6,4,7,26,85
0,0,0,3,1,1,0,2,2,3,3,7,23,96
1,1,2,2,4,5,3,3,2,7,9,6,31,98
2,0,0,3,6,1,0,0,3,2,1,0,0,0
0,1,3,1,1,0,0,1,1,5,3,6,16,83
2,0,1,2,2,4,1,2,5,11,3,8,20,93
0,0,1,3,1,0,0,1,3,9,2,10,25,96
5,1,4,3,5,8,2,9,5,12,6,11,24,95
2,1,2,1,3,3,2,2,4,18,3,11,18,94
3,1,0,2,3,3,1,4,5,9,2,7,13,85
1,2,4,4,9,16,5,24,9,38,10,15,26,90
1,1,0,2,0,2,2,4,5,9,4,6,26,104
24,8,14,20,35,36,18,17,15,18,13,17,19,102
2,0,0,3,1,2,0,1,3,3,1,8,18,93
0,0,0,0,0,3,3,3,3,4,1,1,2,2
2,1,2,3,5,4,3,3,5,5,1,2,0,0
1,0,0,1,2,3,2,4,3,4,2,10,24,92
2,1,0,0,1,2,1,1,3,8,1,8,33,97
0,0,0,0,0,0,0,0,0,0,0,0,0,5
1,2,0,4,2,1,2,4,5,8,5,5,27,96
1,0,0,1,1,1,0,1,4,5,0,7,16,95
9,2,7,10,14,19,10,14,13,14,8,5,17,96
0,0,0,0,2,2,0,3,5,5,0,1,12,92
2,1,0,2,1,2,2,0,3,3,3,5,14,94
1,1,2,2,3,4,1,2,3,12,5,6,30,103
1,0,0,2,2,1,0,0,0,0,0,0,0,0
6,0,2,1,3,5,2,2,1,5,3,4,17,95
2,0,0,2,3,1,0,3,5,10,5,6,19,91
0,0,1,1,0,1,0,0,3,8,6,11,22,87
0,1,2,1,1,1,1,3,2,9,4,11,27,104
0,0,1,1,1,2,0,0,0,0,0,0,0,0
0,0,1,0,1,4,0,2,0,6,4,13,25,90
1,0,1,0,4,1,1,0,1,4,1,1,0,0
0,0,1,2,2,3,2,3,2,3,3,1,2,3
1,1,1,1,1,1,1,3,2,4,5,10,23,98
0,0,0,1,1,2,2,2,3,7,4,9,18,91
1,0,1,3,0,1,0,2,3,6,4,6,25,99
0,0,0,1,0,3,0,0,1,10,7,8,21,93
2,2,0,0,3,0,1,0,1,2,4,0,14,104
0,0,0,0,0,0,0,0,0,0,0,3,12,81
0,1,0,2,1,2,0,0,0,2,2,1,0,0
0,0,0,0,0,0,0,0,0,0,0,0,4,24
0,1,1,1,1,1,0,0,0,0,0,0,0,0
2,0,1,1,0,0,2,2,1,9,5,13,26,101
0,0,2,0,2,1,1,1,1,8,3,10,19,83
2,0,0,1,0,1,1,2,3,2,0,0,0,0
0,1,1,0,2,1,1,3,1,2,1,0,0,0
19,15,18,35,48,55,29,53,36,69,17,9,38,97
2,1,1,2,0,1,0,0,2,3,1,2,0,0
0,0,0,2,4,1,0,5,2,7,2,6,18,98
0,0,0,0,2,3,2,1,3,10,2,5,13,102
0,2,1,1,2,3,2,2,1,11,3,5,22,98
0,0,0,0,1,0,0,2,1,0,0,6,16,94
1,0,0,0,1,1,1,3,1,1,0,0,0,0
15,7,9,25,37,57,26,62,32,94,26,23,36,91
0,0,0,0,2,0,0,1,3,3,3,8,23,105
0,1,0,1,0,0,1,0,0,2,2,5,19,88
0,0,0,0,1,3,0,2,1,8,0,2,18,95
0,1,1,0,1,2,0,1,1,1,1,1,1,1
1,0,2,0,2,3,2,3,4,7,4,5,28,98
5,3,4,6,3,3,4,3,4,10,2,3,26,94
2,0,0,2,2,1,1,3,4,16,8,5,22,96
0,0,0,3,0,2,1,1,1,1,0,0,0,0
0,1,3,0,2,8,1,8,7,30,10,7,26,92
1,1,1,2,1,1,0,0,0,0,0,0,0,0
0,0,1,1,0,1,0,0,3,3,5,6,16,94
2,0,0,0,2,1,0,2,1,3,0,0,0,0
1,0,1,0,0,0,0,1,1,3,2,1,1,1
2,0,1,1,2,3,1,0,0,3,3,6,13,92
2,0,0,5,1,4,0,4,0,8,3,9,24,92
0,0,1,0,0,2,0,0,3,6,6,9,30,96
0,0,2,3,3,1,0,1,2,2,0,0,0,0
1,0,0,2,2,2,2,1,8,7,4,10,24,99
6,1,3,13,10,6,5,9,3,5,7,7,18,111
0,0,0,2,1,1,1,4,3,9,10,7,32,94
3,1,2,7,1,2,3,4,0,2,1,1,1,1
0,1,2,4,6,3,5,3,2,6,4,7,30,106
4,0,0,0,4,1,0,0,0,0,0,0,0,0
1,0,2,1,1,1,0,0,0,0,0,0,0,0
2,2,2,0,0,0,0,0,0,0,0,0,0,0
0,0,1,0,2,0,2,4,2,5,5,10,12,102
0,0,0,0,0,0,1,1,0,0,1,1,17,95
2,0,1,0,1,2,1,1,0,0,0,0,0,0
0,0,2,2,2,4,0,0,3,9,5,8,27,102
0,1,0,1,2,0,0,2,0,12,5,10,19,93
1,1,2,1,0,1,0,2,2,7,2,6,21,103
1,0,0,1,5,0,1,3,7,14,6,5,17,102
12,5,8,8,21,16,14,19,12,26,12,12,22,105
1,0,0,0,0,1,1,3,2,1,5,3,20,110
1,2,2,1,1,3,0,7,2,11,0,6,20,102
9,2,10,8,19,21,11,18,11,20,10,8,20,95
21,9,14,17,34,48,27,84,50,107,35,34,67,105
1,0,0,0,0,2,1,1,6,5,1,6,19,103
10,4,3,2,5,9,5,7,6,11,5,11,16,99
1,2,1,3,2,6,1,8,7,4,2,8,18,100
0,0,1,0,1,2,0,1,1,7,4,9,28,99
0,0,1,1,3,0,0,3,1,2,6,10,21,102
1,0,0,0,1,0,4,1,0,0,0,0,0,0
12,5,8,8,13,9,9,16,5,18,8,12,32,97
2,0,0,0,3,1,0,2,0,3,6,10,30,105
2,2,1,0,0,0,0,0,0,0,0,0,0,0
3,1,0,2,3,1,0,0,0,0,0,0,0,0
1,0,0,0,2,4,1,1,1,1,0,0,0,0
2,3,2,4,3,1,1,3,3,4,1,6,14,102
1,1,0,0,0,0,0,1,0,0,0,2,14,99
0,1,0,2,2,0,0,2,7,8,4,15,33,108
8,2,1,4,6,2,4,8,3,16,2,8,17,101
3,0,0,0,0,2,0,3,3,10,4,13,36,107
1,2,4,2,0,1,2,1,2,6,0,3,23,106
1,0,0,2,2,1,1,1,1,1,1,1,0,0
0,1,0,0,0,1,2,3,3,5,3,5,14,110
1,0,1,1,2,2,0,3,3,6,3,7,18,106
1,0,1,0,0,0,2,1,0,2,2,8,20,100
18,5,18,6,16,27,11,18,12,34,8,13,17,108
0,0,2,1,6,7,1,3,7,10,8,12,22,100
0,0,0,2,0,2,0,0,4,1,4,10,24,105
1,0,1,0,2,1,0,1,4,6,4,15,31,102
0,0,0,0,0,0,0,4,2,2,0,3,17,102
2,1,1,3,1,2,0,3,4,6,4,3,12,107
0,0,0,0,1,3,1,0,0,0,0,0,0,0
0,0,0,0,0,0,0,3,2,6,0,11,28,107
0,0,0,1,0,2,0,2,3,8,3,9,25,101
2,1,0,2,2,0,0,2,5,9,2,7,31,114
0,0,0,0,0,2,0,2,0,4,3,10,39,105
0,1,1,1,2,0,0,1,3,6,1,13,19,105
1,1,0,0,1,1,1,4,6,5,2,13,27,100
4,2,1,3,6,8,3,12,6,11,7,9,38,120
13,8,9,12,27,29,17,36,25,66,18,25,42,104
2,0,0,0,1,2,0,2,2,7,1,5,21,112
3,2,2,6,4,4,2,2,5,15,5,4,20,115
1,1,0,2,0,2,1,1,0,2,3,9,19,104
0,2,1,4,6,4,4,6,7,16,6,13,20,100
0,0,3,0,1,2,0,2,2,4,2,13,28,98
1,0,2,0,5,2,2,6,5,12,5,6,16,117
1,0,1,1,1,2,1,4,3,2,2,6,14,107
7,5,10,28,29,33,22,58,67,87,38,27,31,115
0,0,3,0,1,0,1,0,9,14,4,11,42,111
3,1,1,2,2,5,3,1,0,0,0,0,0,0
8,6,9,25,42,36,16,67,49,76,25,22,41,116
17,11,10,25,23,27,10,19,18,31,8,7,34,118
4,0,2,6,1,3,3,1,2,2,2,1,2,1
0,0,1,3,3,2,1,3,1,4,2,7,18,113
0,1,1,1,2,1,0,0,0,0,0,0,0,0
1,1,2,0,2,0,0,3,0,1,2,14,39,123
0,1,1,0,0,1,0,1,2,3,3,12,21,106
6,4,5,10,15,12,5,13,12,29,9,10,41,98
0,3,0,0,1,4,1,0,0,3,2,9,27,109
2,0,3,0,1,1,0,0,1,7,3,6,18,102
1,1,1,2,4,2,2,0,0,2,2,1,0,0
2,2,3,1,3,1,0,0,0,0,0,0,0,0
0,0,0,0,0,0,0,0,0,0,0,0,0,5
0,0,0,3,2,1,1,7,12,25,10,17,32,107
1,5,4,6,9,15,4,13,8,13,3,12,34,112
18,9,7,14,20,13,8,16,5,27,8,15,29,113
2,0,1,0,0,0,0,0,0,7,4,6,25,110
23,13,10,41,62,63,46,96,69,142,37,35,66,113
2,0,0,0,2,0,0,1,0,2,0,0,19,109
5,2,1,8,5,5,1,5,8,11,5,5,36,117
3,0,0,0,1,0,0,3,1,2,0,7,16,106
0,1,0,3,1,0,0,2,1,1,3,1,0,0
3,0,0,1,1,0,1,0,2,8,2,9,30,113
0,0,2,4,2,1,0,9,1,14,7,4,25,112
2,1,0,0,3,2,2,6,4,4,4,9,28,110
0,0,0,0,0,0,0,1,0,2,1,5,15,120
3,5,4,9,9,10,3,7,8,13,5,4,32,109
1,0,0,1,3,3,0,1,1,1,1,1,0,0
2,1,0,1,2,0,4,2,3,4,6,9,26,106
3,0,1,1,0,1,0,0,2,3,1,1,0,0
0,0,0,2,2,2,0,2,1,3,1,1,0,0
1,0,1,0,1,4,2,3,0,12,5,7,18,110
2,1,0,2,1,1,0,1,1,4,5,11,27,122
10,6,5,6,12,11,8,10,12,15,6,12,22,110
0,0,2,2,1,2,0,0,2,10,4,9,21,102
1,1,1,0,0,1,0,0,1,6,2,9,12,106
8,2,3,6,10,5,4,6,4,13,3,12,26,113
3,0,1,2,2,1,3,1,2,1,0,0,0,0
0,1,0,1,0,1,2,1,1,3,0,12,27,107
5,4,3,6,9,12,2,4,7,19,7,14,24,102
5,0,0,2,7,2,5,3,7,3,1,10,15,107
1,0,0,1,2,3,1,0,2,1,1,1,0,0
2,1,2,0,2,3,1,4,4,8,3,7,16,116
19,15,15,31,59,59,41,86,63,113,53,46,59,116
0,1,0,3,2,1,1,0,0,0,0,0,0,0
1,0,0,0,0,1,0,0,0,3,1,1,0,0
0,0,0,1,1,1,1,1,5,4,3,6,24,117
16,6,11,11,25,24,10,21,14,38,11,9,38,117
0,0,0,1,1,1,0,1,9,14,5,14,18,118
1,1,1,1,3,5,2,3,4,14,2,6,40,110
0,0,0,2,4,1,1,9,7,8,2,9,26,126
0,1,0,0,0,3,0,2,0,9,3,9,25,109
1,0,1,0,0,1,0,1,1,3,2,1,0,0
2,0,0,0,1,6,1,1,5,6,2,11,28,108
1,1,2,1,4,3,0,8,4,12,6,13,50,123
0,2,2,5,1,1,2,5,5,19,6,7,32,112
0,1,1,0,0,1,0,1,0,3,1,1,0,0
0,1,0,0,0,3,2,2,5,7,6,10,29,110
1,1,0,3,2,0,1,2,2,0,0,0,0,0
4,4,2,6,16,18,6,11,11,32,1,8,20,117
1,0,3,1,3,5,0,2,5,7,5,21,32,122
2,0,0,0,1,1,0,2,6,7,2,9,18,118
0,1,1,1,2,3,4,7,2,9,4,10,25,106
0,0,2,0,0,0,0,3,2,2,2,5,17,119
1,0,0,1,2,2,0,0,0,0,0,0,0,0
0,0,1,2,0,2,0,1,2,7,2,5,18,110
0,0,0,0,1,1,1,1,3,4,1,8,26,103
0,0,0,0,0,3,0,2,1,2,1,1,0,0
0,0,0,0,0,0,1,2,1,3,2,6,34,123
6,3,2,7,8,10,4,15,6,20,5,6,33,123
3,2,0,5,4,4,2,5,2,10,2,12,31,120
5,3,7,8,15,13,5,30,20,40,13,20,24,118
0,0,2,2,3,3,1,2,1,0,0,0,0,0
0,0,1,2,1,1,0,2,2,7,3,4,22,113
5,4,5,4,9,9,1,9,4,11,5,14,27,118
1,1,2,2,2,3,2,0,0,0,0,0,0,0
1,2,2,5,7,11,0,5,3,14,3,12,19,106
0,1,1,1,1,1,0,1,2,6,1,7,19,123
2,0,1,1,3,2,1,3,0,14,4,7,29,108
0,0,0,0,2,1,1,7,0,6,5,3,39,122
0,0,1,4,1,1,1,3,5,7,7,7,21,107
0,0,0,3,1,2,0,1,7,13,2,12,31,121
1,1,1,4,0,4,1,6,1,11,2,11,43,121
1,0,0,2,0,1,1,2,1,2,1,1,0,0
25,14,14,26,78,65,32,114,77,142,69,42,69,118
0,0,1,2,1,1,1,0,0,0,0,0,0,0
0,0,0,0,2,3,0,0,2,3,1,1,2,1
0,1,0,2,2,2,1,1,0,0,0,0,0,0
0,1,1,3,0,0,2,3,3,10,2,7,19,116
0,0,3,1,0,3,5,3,2,7,2,5,21,111
1,0,1,0,0,4,1,1,0,0,0,0,0,0
2,0,1,2,5,4,1,13,8,22,12,10,43,119
0,1,0,0,1,4,1,1,4,16,5,13,22,123
1,1,4,1,2,3,3,7,0,9,5,24,30,123
1,1,0,0,0,1,0,1,1,5,0,5,28,117
1,0,1,1,2,1,1,3,4,7,6,8,22,120
0,0,0,0,7,0,1,2,4,1,2,1,1,1
3,3,2,11,16,17,9,14,11,12,6,8,30,108
1,0,1,1,2,1,0,0,0,0,0,0,0,0
1,0,1,1,2,2,0,2,4,1,1,8,27,120
4,1,0,3,2,6,0,5,0,4,2,1,0,0
0,1,1,0,0,0,1,1,3,7,3,6,14,118
0,0,1,0,2,1,0,5,4,9,2,11,30,116
0,1,1,1,1,7,2,2,1,14,4,17,33,123
0,0,0,2,0,0,0,2,0,4,0,2,19,121
0,0,0,2,3,4,0,1,6,7,5,6,27,120
1,1,0,4,2,1,3,4,5,7,3,7,33,109
3,0,1,3,5,3,1,3,2,15,10,5,28,124
1,1,1,0,1,1,0,1,0,1,1,1,1,1
1,1,0,0,2,2,0,0,5,5,3,11,33,117
3,0,0,0,2,1,1,1,0,0,0,0,0,0
0,0,0,1,0,1,0,1,1,3,1,0,0,0
2,0,0,0,0,0,0,5,3,6,2,8,25,123
1,0,1,2,2,3,0,0,0,3,2,1,2,1
4,1,1,6,2,2,1,5,3,9,2,12,26,123
10,7,6,8,13,15,2,10,5,14,11,20,17,132
2,0,2,0,3,3,0,5,1,9,1,7,24,128
1,2,0,2,1,0,0,3,2,7,3,4,28,140
8,4,9,8,18,16,3,12,14,23,8,21,36,133
2,1,3,2,3,4,3,7,6,15,11,16,22,123
1,0,1,2,0,2,0,0,0,7,5,7,14,118
1,0,1,1,2,3,0,1,1,4,2,1,0,0
1,0,1,0,0,2,0,0,2,6,6,6,27,140
12,6,7,15,15,21,6,23,18,35,13,15,18,130
3,0,1,4,4,1,3,7,3,23,6,16,47,134
1,0,0,0,3,2,0,0,0,0,0,0,0,0
2,0,1,0,4,2,1,1,1,5,1,11,39,140
2,0,0,3,3,1,0,0,0,0,0,0,0,0
3,1,1,7,2,2,2,10,3,12,6,17,34,129
1,2,0,1,3,8,4,7,11,26,14,17,47,125
1,0,0,1,2,0,0,0,2,8,2,9,28,119
0,0,2,2,2,5,2,3,1,2,3,5,19,129
0,0,0,2,1,2,2,1,0,0,0,0,0,0
1,0,1,4,1,0,2,3,4,7,4,8,18,129
0,0,0,0,0,0,0,0,0,2,0,0,23,127
3,2,0,0,0,0,0,0,0,0,0,0,0,0
2,0,1,0,2,0,0,3,3,13,10,8,42,137
0,1,2,0,1,0,1,2,2,11,5,8,32,136
0,1,2,1,1,3,3,1,1,1,0,0,0,0
0,1,2,1,2,4,1,3,8,10,1,10,27,130
3,0,1,2,3,1,1,1,0,0,0,0,0,0
1,1,0,1,0,6,1,5,2,10,7,13,28,138
10,6,4,13,15,17,5,11,14,24,12,14,45,136
1,0,1,1,2,1,1,1,0,0,0,0,0,0
2,1,3,2,7,3,2,4,4,15,7,10,38,138
0,0,1,0,1,2,2,5,1,7,5,13,33,142
3,1,2,3,5,3,2,7,6,14,5,8,32,126
1,1,0,1,0,0,3,1,1,4,1,1,0,0
1,1,1,1,1,1,2,1,2,1,1,0,0,0
0,0,0,0,2,2,1,2,0,0,0,0,0,0
1,1,0,1,3,1,1,2,3,5,5,9,20,133
1,0,1,1,1,0,0,1,2,2,2,1,0,0
2,0,1,3,1,1,2,3,2,2,1,1,0,0
0,1,0,1,0,3,0,2,0,3,4,11,20,117
4,1,0,0,0,0,0,0,0,0,0,0,0,0
1,1,1,1,0,1,1,5,1,8,1,6,27,124
1,1,2,0,4,2,0,0,0,0,0,0,0,0
2,1,1,1,4,1,0,3,1,3,0,0,0,0
1,5,0,4,4,4,0,3,3,7,2,9,25,118
1,0,2,2,0,2,0,1,2,1,1,1,0,0
0,0,0,3,2,0,0,2,0,4,0,6,23,135
2,1,0,1,7,0,2,3,5,20,7,6,25,128
0,3,1,0,1,4,1,3,1,3,1,6,31,130
0,0,0,1,1,1,1,1,0,0,0,0,0,0
5,1,4,6,12,22,11,18,31,78,25,28,61,137
1,0,0,0,1,0,1,3,1,0,0,0,0,0
1,0,1,0,1,4,3,1,1,7,4,12,44,134
1,1,1,0,1,3,2,3,2,11,3,9,27,139
0,0,0,0,0,0,0,0,0,0,0,0,0,33
0,0,0,0,0,0,0,0,0,0,0,0,0,34
1,0,1,1,0,1,1,1,0,6,2,12,24,133
0,0,1,0,1,0,0,2,1,6,4,17,36,140
1,1,2,1,2,0,2,0,0,3,1,11,20,139
16,8,7,16,26,32,11,16,17,26,15,27,40,137
26,17,19,42,79,88,61,92,74,171,64,57,86,155
1,0,2,1,0,3,1,1,0,4,3,2,0,0
3,1,1,1,4,2,2,1,0,0,0,0,0,0
0,1,1,2,2,1,0,3,3,12,6,13,33,131
0,0,1,0,2,3,2,2,1,3,4,6,24,132
1,1,2,0,2,0,0,7,4,12,7,21,32,127
0,0,1,1,0,4,1,1,5,7,3,10,24,128
1,1,0,2,1,1,2,2,7,5,5,7,20,135
7,6,10,19,27,34,16,16,28,43,9,18,37,142
0,1,0,4,3,4,3,2,9,13,2,18,20,131
1,0,0,2,3,2,1,1,0,0,0,0,0,0
1,0,2,3,0,2,1,1,1,1,1,0,0,0
4,4,5,7,6,13,2,5,11,22,7,14,33,129
3,2,1,5,5,7,5,7,1,7,2,8,22,132
0,0,0,0,1,0,1,2,2,6,4,6,22,135
4,2,2,5,3,14,4,6,10,27,7,14,37,137
1,0,1,0,0,0,0,0,1,0,1,5,7,146
11,9,6,10,13,11,4,8,8,13,6,12,35,121
0,1,1,1,2,0,4,5,6,12,4,17,29,136
2,2,3,4,4,1,0,3,0,3,1,1,0,0
0,0,0,2,3,2,0,0,4,1,0,0,0,0
1,3,1,1,1,4,4,3,1,7,1,9,17,120
0,0,1,0,0,3,1,1,2,3,3,6,24,139
2,0,0,0,2,2,5,4,6,13,1,7,37,140
1,0,2,2,1,2,1,2,1,0,0,0,0,0
4,1,0,3,1,2,0,2,2,5,0,7,26,127
1,0,0,0,0,3,2,2,1,10,8,10,28,150
1,1,2,0,3,2,1,3,2,6,6,7,38,136
1,2,1,1,3,2,2,2,5,9,4,9,25,145
1,0,1,0,0,3,0,0,2,0,0,2,2,1
0,0,0,1,3,1,0,0,0,0,0,0,0,0
1,1,1,0,0,1,0,1,0,5,0,5,15,131
1,1,1,1,1,2,1,1,0,0,0,0,0,0
0,0,1,1,0,0,1,1,2,11,1,9,30,149
3,0,0,1,0,2,0,0,1,1,2,1,0,0
0,1,0,1,0,1,0,0,0,2,2,1,0,0
3,0,0,1,1,1,1,5,5,10,3,10,34,149
1,0,0,0,0,1,1,2,1,2,0,2,1,2
0,1,1,2,0,1,1,2,3,16,3,12,38,143
0,0,0,0,2,0,1,2,2,1,0,0,0,0
0,0,0,0,0,7,4,4,4,10,1,12,33,154
0,0,0,1,2,1,0,3,2,9,4,16,40,152
1,1,0,0,0,2,1,2,6,8,4,11,31,144
1,0,1,1,2,3,4,2,6,12,2,10,29,133
0,3,1,0,2,2,0,1,1,1,1,1,0,0
1,0,3,2,1,1,3,5,1,7,3,14,27,148
0,0,1,0,1,4,0,1,1,4,1,4,15,132
2,0,0,2,0,0,1,3,0,5,5,7,17,148
0,1,2,0,1,1,2,1,1,7,2,11,22,139
4,1,1,2,1,1,1,0,0,0,0,0,0,0
0,2,0,0,0,0,1,1,3,8,3,11,31,142
1,1,0,0,3,1,1,1,1,0,0,0,0,0
0,1,0,1,1,3,2,1,0,13,2,12,38,133
1,0,2,0,4,2,0,0,1,7,2,7,29,144
11,6,3,14,15,15,8,18,18,19,4,15,38,146
0,1,0,1,0,0,0,1,1,11,1,7,33,140
0,0,1,1,3,2,0,5,2,10,3,9,32,152
18,11,18,29,54,46,31,82,81,119,45,44,71,150
1,0,0,0,0,0,1,3,1,11,3,8,42,138
1,0,0,0,1,0,0,2,5,7,3,8,31,144
1,0,0,0,0,3,2,2,0,0,0,0,0,0
2,2,0,5,0,4,5,8,10,32,23,22,46,147
0,0,0,2,2,1,1,1,0,0,0,0,0,0
0,1,1,0,2,1,1,2,1,5,1,11,31,145
0,0,0,1,1,1,3,3,1,2,3,6,25,160
9,4,13,17,32,25,32,58,51,146,33,52,60,148
0,0,0,1,1,3,0,0,0,0,0,0,0,0
0,0,0,0,0,0,2,1,0,7,2,3,35,154
1,1,1,2,2,2,2,3,1,3,3,6,22,148
1,0,0,0,1,1,1,2,4,5,3,11,30,146
14,9,19,34,54,77,46,100,70,161,67,53,80,158
4,1,1,1,4,1,1,5,4,12,5,22,44,149
2,1,2,2,1,4,0,2,5,11,3,13,30,154
1,0,0,3,5,0,1,1,2,6,3,8,35,147
7,5,11,12,25,29,13,33,32,58,17,20,31,140
0,1,1,2,0,1,1,0,2,6,4,4,39,144
0,1,0,0,0,0,1,0,0,7,2,4,21,149
0,0,2,0,1,1,0,1,0,3,4,6,20,150
2,0,1,3,1,0,0,0,0,0,0,0,0,0
1,0,0,2,1,1,1,0,0,0,0,0,0,0
0,2,1,0,3,3,3,6,2,8,3,14,37,148
0,2,0,0,0,5,0,4,4,8,10,15,40,143
6,1,2,4,10,5,2,9,12,19,4,14,28,171
0,0,1,1,2,3,1,0,0,0,0,0,0,0
1,0,0,1,0,0,0,0,0,0,0,10,22,124
0,0,0,0,0,0,0,0,1,5,4,0,5,28
0,1,1,0,1,1,0,4,5,12,7,8,36,164
4,3,3,3,2,5,0,4,1,14,3,4,21,162
1,0,0,2,1,2,0,0,0,0,0,0,0,0
0,0,1,1,2,3,0,3,5,6,3,10,21,144
0,2,0,2,0,0,0,0,3,10,8,14,42,144
1,1,1,0,0,1,4,2,3,9,6,7,38,157
1,1,1,0,1,0,4,1,4,10,5,13,41,153
2,2,1,2,0,0,0,0,0,6,1,4,32,136
1,2,2,1,1,2,1,3,7,9,4,13,24,160
1,0,2,1,0,9,0,5,4,6,1,1,0,0
0,0,1,1,3,3,0,1,3,15,6,14,36,149
0,0,0,2,4,0,0,2,2,9,2,11,27,151
3,0,1,2,3,1,0,5,2,10,13,10,40,161
0,0,1,1,2,1,0,0,0,0,0,0,0,0
0,0,0,0,2,0,1,2,1,5,4,8,28,165
4,2,1,2,9,8,6,6,12,22,6,16,31,158
0,1,0,0,1,1,1,0,1,8,2,11,38,164
0,1,0,1,1,0,1,4,11,13,7,15,37,155
0,0,1,2,2,1,0,0,0,0,0,0,0,0
0,0,2,1,0,2,1,2,1,12,2,9,42,163
0,3,0,1,0,0,0,0,1,1,1,2,1,1
1,1,0,1,2,1,1,1,0,0,0,0,0,0
2,0,0,0,1,0,2,0,2,7,2,12,33,163
2,0,1,1,1,2,0,0,0,0,0,0,0,0
25,8,16,20,35,31,20,27,16,57,16,22,59,159
1,0,0,0,0,0,0,0,0,5,3,7,29,164
2,3,5,4,4,4,1,3,5,25,9,15,39,163
5,3,3,4,9,3,3,7,8,16,2,11,36,162
7,3,2,8,16,12,6,9,14,16,13,11,42,156
0,1,0,2,0,0,0,2,2,1,0,0,0,0
1,0,1,1,1,3,2,0,0,0,0,0,0,0
1,0,0,1,2,4,2,2,5,11,5,11,36,147
17,6,14,27,44,78,38,77,75,175,56,33,87,178
3,1,0,1,1,0,1,2,2,1,1,0,0,0
2,0,2,1,1,4,1,4,1,9,2,19,29,165
1,1,2,0,2,2,0,2,1,1,1,1,0,0
1,1,0,1,5,2,0,7,5,17,3,11,25,154
0,0,1,1,3,2,2,4,8,23,9,15,62,169
3,1,2,2,2,2,1,2,3,2,0,0,0,0
4,1,2,1,1,3,0,5,5,5,6,25,38,158
1,1,1,2,0,0,1,2,9,16,7,10,28,153
2,1,0,4,4,0,2,1,1,3,1,1,0,0
1,0,0,2,0,0,1,0,0,2,0,5,26,167
0,1,0,0,6,2,1,3,0,4,0,0,1,4
0,1,3,0,2,7,3,2,6,5,3,10,38,162
2,2,1,3,3,2,0,4,3,8,4,11,42,155
2,1,0,1,3,1,4,1,2,13,4,14,25,160
2,1,0,3,3,0,4,6,2,2,1,0,0,0
3,0,1,1,1,4,2,2,6,6,2,6,33,185
1,1,1,5,0,2,2,1,2,5,4,5,16,162
2,0,0,1,3,2,0,2,0,1,2,2,0,0
1,1,0,3,2,2,1,0,2,16,5,13,45,173
2,1,2,0,0,0,0,0,0,0,0,0,0,0
0,0,2,1,2,0,3,2,3,10,7,9,39,171
3,0,4,7,5,6,4,6,3,14,5,19,40,158
0,0,1,2,1,3,0,2,4,8,6,12,32,182
1,2,0,1,0,3,3,1,0,0,0,0,0,0
0,1,3,1,2,2,1,2,0,0,0,0,0,0
0,0,3,1,1,1,1,2,2,8,2,7,31,178
0,0,0,0,0,0,0,0,0,0,0,0,0,50
0,0,0,0,0,0,0,0,0,0,0,0,0,29
0,0,0,0,0,0,0,0,0,0,0,0,0,20
0,1,2,1,3,0,3,1,1,10,3,11,40,167
1,0,0,0,0,2,1,5,6,5,7,9,22,152
16,2,7,16,18,25,14,17,17,31,11,25,40,173
27,21,32,65,70,97,52,120,109,251,67,58,97,179
0,0,1,2,4,4,0,3,2,11,5,5,37,160
1,2,3,1,4,4,1,6,5,12,5,13,54,173
6,3,3,8,11,9,3,8,8,23,6,13,53,173
5,0,1,5,4,5,0,3,2,2,1,1,1,1
0,1,1,3,1,2,1,0,2,5,1,6,25,169
2,1,0,1,2,6,1,5,3,14,4,10,43,166
0,1,3,1,0,2,0,3,2,7,4,19,54,166
1,1,0,1,1,1,1,2,1,1,0,0,0,0
5,3,4,5,4,10,3,6,8,13,6,7,42,166
18,8,14,20,34,31,13,22,21,38,15,21,40,174
2,2,3,2,11,6,3,8,5,9,8,10,38,166
4,0,2,4,0,1,0,1,9,12,5,18,48,177
0,0,0,2,2,0,1,0,0,5,4,4,22,174
2,0,0,1,1,1,2,2,5,7,4,18,28,165
0,0,0,1,0,0,0,1,1,1,1,1,0,0
0,0,0,0,1,1,0,1,0,2,1,1,1,2
12,5,5,10,13,11,8,10,4,13,11,18,45,171
4,0,0,0,4,2,1,1,0,0,0,0,0,0
0,0,3,2,2,2,1,3,5,19,6,11,41,166
26,24,27,31,80,82,59,116,99,202,62,56,102,186
1,1,2,2,3,3,1,4,2,2,2,0,0,0
1,0,1,4,2,1,2,5,5,11,7,15,38,175
1,3,0,3,0,7,3,5,5,16,4,13,32,173
0,2,2,2,1,5,0,4,1,16,2,12,30,167
2,1,3,2,1,2,3,4,6,11,6,9,35,172
1,0,0,3,2,1,0,0,0,0,0,0,0,0
1,1,0,4,2,3,1,3,1,1,0,0,0,0
0,1,0,0,0,3,0,0,1,2,1,1,0,0
1,1,2,2,2,1,0,1,1,1,1,1,0,0
2,4,1,3,1,2,2,2,3,17,6,11,32,165
2,0,0,1,4,1,0,3,3,6,5,7,30,165
4,0,0,1,4,3,5,5,6,19,5,18,47,169
0,1,1,0,1,1,1,2,1,11,5,9,38,166
6,5,3,7,12,11,4,7,4,17,3,10,41,166
2,3,2,6,7,7,4,7,12,18,8,11,42,167
0,0,1,3,1,1,1,1,0,0,0,0,0,0
0,1,0,0,1,1,1,1,2,3,3,7,32,187
1,2,0,0,0,4,2,1,2,2,0,0,0,0
0,2,0,1,0,0,1,2,5,8,3,13,44,150
0,0,0,0,0,0,0,0,0,0,0,0,0,30
0,4,0,2,3,1,0,0,1,1,1,1,1,2
3,2,2,3,2,5,1,2,3,8,7,22,43,173
0,0,1,2,0,3,2,3,2,3,1,5,32,164
2,1,2,0,2,0,3,3,6,18,9,13,40,169
1,2,0,1,3,2,2,3,2,3,1,0,0,0
0,0,2,1,2,2,1,6,3,8,5,9,44,166
1,0,1,4,3,2,0,1,2,18,4,16,55,175
2,2,0,0,5,2,1,7,9,15,7,22,56,190
0,0,0,1,3,0,0,2,4,7,3,18,37,177
2,0,1,1,1,1,1,1,0,0,0,0,0,0
0,0,0,0,0,0,0,0,0,2,0,5,20,192
0,1,1,0,1,2,0,2,1,1,3,1,0,0
2,2,0,1,1,6,3,0,3,8,5,8,18,164
2,1,0,1,3,2,0,3,2,14,6,18,43,180
23,13,23,26,47,74,47,91,76,158,53,53,82,183
0,0,0,0,0,0,1,0,1,4,3,7,29,172
2,0,1,2,1,3,0,3,1,12,5,9,40,179
0,0,0,1,1,1,0,0,2,2,2,1,2,1
1,3,0,1,3,1,2,4,3,6,7,17,36,177
0,0,1,2,0,2,4,7,5,6,8,13,46,176
1,1,1,3,0,0,0,4,4,15,4,21,30,178
1,0,0,0,0,1,0,1,4,3,4,10,27,184
2,1,1,3,1,1,2,0,2,6,1,0,0,0
0,1,2,3,2,3,2,3,9,20,7,24,47,183
4,2,2,2,3,6,0,0,0,3,1,1,2,1
0,0,0,0,0,0,0,0,0,0,0,0,4,189
0,0,1,2,1,2,0,1,1,1,1,1,0,0
5,2,1,4,5,2,1,3,2,1,0,0,0,0
0,1,0,2,2,1,0,0,0,0,0,0,0,0
6,0,3,3,0,0,0,2,0,0,1,2,1,3
4,3,0,2,2,4,1,8,5,19,8,17,36,187
1,0,1,1,0,1,0,0,0,1,0,3,30,190
0,0,0,1,1,3,1,0,0,0,0,0,0,0
31,18,24,42,79,100,42,123,99,217,71,51,94,194
1,2,0,3,1,2,1,9,8,23,6,29,95,192
0,0,0,0,1,2,0,1,4,17,2,19,44,187
3,5,6,13,13,25,16,41,28,87,27,44,68,202
1,0,1,0,0,1,2,4,1,6,6,13,41,186
0,0,1,1,3,1,1,0,0,0,0,0,0,0
1,0,0,1,3,0,0,1,0,4,2,0,0,5
2,2,1,1,1,2,0,2,2,1,0,0,0,0
4,1,3,3,2,4,2,1,8,11,5,21,39,181
6,3,2,10,13,14,3,4,6,9,8,15,48,199
2,1,1,1,3,1,2,1,0,0,0,0,0,0
5,2,1,5,8,10,1,13,16,15,4,14,44,184
1,1,1,2,3,1,3,5,0,3,1,1,1,1
0,1,0,0,0,0,0,0,1,4,2,1,3,2
0,0,2,0,4,2,0,1,1,7,6,9,35,191
0,3,0,1,4,2,1,1,3,16,5,18,44,185
2,1,0,1,1,1,1,5,1,4,2,1,3,1
0,0,0,2,0,5,1,1,2,1,0,0,0,0
0,1,0,2,0,1,2,2,4,10,2,10,42,182
0,0,0,1,0,1,1,2,1,5,2,19,48,196
0,0,2,1,1,4,1,3,4,12,7,16,29,189
0,1,0,1,2,1,0,1,3,8,5,16,55,207
1,0,1,1,0,1,4,7,2,5,4,18,39,197
0,0,0,2,2,2,0,2,3,14,7,16,42,190
1,1,1,2,1,1,1,4,6,12,3,19,42,201
1,1,0,0,0,1,1,3,0,7,3,9,28,185
1,1,3,1,7,4,2,9,5,7,3,12,29,184
2,3,1,4,3,4,1,5,6,15,2,10,32,182
5,2,0,2,1,0,1,10,2,8,2,12,40,212
3,1,2,0,2,2,0,1,3,11,8,15,39,197
5,6,6,5,10,12,4,5,8,19,10,11,59,201
0,1,0,1,2,0,2,2,4,12,6,16,48,183
1,0,1,0,3,1,2,1,0,0,0,0,0,0
1,1,1,0,0,1,2,1,3,7,4,22,53,215
1,0,2,2,0,0,4,1,2,16,7,7,34,196
1,2,0,1,2,6,1,6,7,15,6,11,32,195
3,0,1,0,0,0,1,6,3,12,5,6,41,193
2,1,4,1,2,2,2,2,11,11,5,14,40,205
1,1,0,1,1,1,0,2,1,1,0,4,34,193
3,2,0,1,1,3,3,4,3,15,8,19,57,200
0,0,1,5,0,0,1,2,1,12,3,11,29,192
0,1,0,0,0,2,1,2,4,16,3,19,36,203
2,3,3,2,6,4,3,7,7,35,11,33,53,205
1,1,3,2,2,4,0,0,5,13,3,13,42,188
0,0,0,1,3,1,2,1,0,0,0,0,0,0
1,0,2,0,3,2,1,5,2,11,3,9,45,202
11,10,11,28,43,67,32,103,90,211,60,36,97,206
1,1,0,1,2,1,1,0,0,0,0,0,0,0
3,0,2,2,1,2,1,5,5,12,5,12,37,207
1,2,1,3,1,1,0,0,0,1,1,1,1,1
1,0,0,0,0,3,3,4,6,6,2,16,27,201
1,1,0,1,4,1,0,0,0,0,0,0,0,0
1,1,0,2,2,1,0,0,0,0,0,0,0,0
1,0,0,0,1,5,3,2,3,15,7,17,45,200
0,0,1,0,1,2,1,4,5,9,5,8,31,214
4,0,2,4,4,5,3,10,5,17,5,9,36,208
5,4,2,6,10,3,5,5,8,16,12,16,39,206
1,0,1,0,2,1,0,2,3,5,12,13,44,209
6,1,3,6,11,7,4,10,9,22,7,19,44,198
16,11,5,24,23,29,12,25,21,39,21,23,70,197
3,3,2,7,3,7,4,6,4,9,3,8,30,212
1,0,0,1,1,2,0,2,1,2,1,1,0,0
0,0,1,1,2,1,1,1,3,3,4,14,41,221
1,0,0,1,1,0,0,1,0,1,1,1,1,1
1,0,2,3,0,1,0,0,1,9,2,11,33,191
2,1,0,1,2,1,0,4,0,4,1,0,0,0
0,0,3,0,2,2,0,1,1,1,1,1,0,0
3,1,4,4,3,2,2,8,5,17,4,10,44,217
13,6,5,14,18,29,11,15,14,32,6,17,35,199
0,0,0,0,0,1,1,1,1,1,0,0,0,0
2,0,0,1,1,1,1,3,0,0,0,0,0,0
15,9,9,20,15,26,6,21,22,35,14,18,62,221
0,0,0,0,0,0,0,0,0,0,0,0,9,213
6,1,1,6,10,9,1,7,12,14,5,18,42,202
1,0,0,0,0,0,0,3,3,2,1,3,1,2
3,0,1,3,1,0,0,3,2,1,1,1,1,1
1,0,0,1,3,1,2,0,0,0,0,0,0,0
1,0,0,1,0,0,1,2,7,4,5,14,33,215
0,0,0,1,1,1,2,1,0,0,0,0,0,0
0,1,0,1,2,2,0,0,0,0,0,0,0,0
16,7,14,36,44,77,41,111,102,200,55,53,93,217
2,1,2,1,0,1,0,2,2,3,5,5,34,222
0,1,0,0,0,1,1,1,1,1,0,0,0,0
28,8,16,39,28,31,14,24,17,32,17,15,39,220
0,2,0,0,2,1,3,1,0,3,1,1,0,0
2,0,1,3,0,2,1,3,2,5,4,16,64,223
0,0,1,1,1,1,0,2,0,3,1,1,0,0
0,1,1,0,0,5,3,3,3,9,4,14,34,206
1,0,0,0,1,1,0,1,1,2,3,10,39,203
2,1,0,1,1,3,0,3,3,13,5,11,46,204
5,6,3,5,10,5,4,11,6,18,8,22,51,210
1,0,0,1,1,0,2,2,1,0,0,0,0,0
0,0,0,0,0,0,0,0,0,1,0,4,15,221
0,0,0,2,1,1,1,3,0,0,0,0,0,0
2,2,2,4,2,6,1,8,6,18,10,22,66,224
0,1,4,1,2,1,3,7,4,14,9,18,72,225
0,0,1,2,0,2,0,2,2,6,2,0,3,2
2,2,2,2,0,0,0,0,3,5,3,13,41,204
0,0,1,0,1,1,0,2,4,4,4,14,46,207
1,0,0,1,4,1,0,0,0,0,0,0,0,0
1,0,1,1,1,4,1,1,1,10,5,16,46,220
0,0,0,5,1,1,1,7,5,10,2,12,43,214
1,0,1,1,1,1,1,1,2,0,0,1,3,1
8,10,9,17,31,54,36,83,76,175,58,56,98,221
2,0,1,2,6,4,2,2,1,0,0,0,0,0
0,1,1,1,3,1,1,4,2,3,1,7,29,223
0,0,0,1,1,3,1,1,1,6,2,13,50,221
0,1,0,0,3,7,1,3,1,13,5,17,43,219
0,0,1,1,2,1,0,0,0,0,0,0,0,0
1,2,0,1,0,1,2,2,0,5,5,10,35,217
0,1,0,3,0,1,2,6,4,19,8,13,51,217
1,2,3,1,2,2,0,4,3,13,6,19,52,220
0,0,0,3,1,2,0,0,0,0,0,0,0,0
2,1,1,2,5,3,1,3,5,9,4,15,46,232
0,0,0,1,1,1,1,1,0,0,0,0,0,0
27,17,32,53,110,109,71,154,137,286,78,69,125,246
1,0,0,1,1,2,0,4,7,10,8,12,40,221
0,0,0,0,1,3,0,1,1,5,2,1,2,1
0,1,1,1,2,4,2,3,4,3,8,17,37,225
3,1,0,1,4,2,1,1,4,11,4,12,52,223
1,0,1,2,1,1,3,3,6,11,10,29,87,240
1,2,1,2,2,3,2,1,7,15,3,8,50,223
1,1,1,4,2,2,3,9,6,33,10,12,47,240
0,0,1,0,1,3,2,0,2,13,5,9,28,236
2,1,2,3,2,0,5,1,4,9,6,14,44,213
3,2,0,2,5,2,2,2,4,4,2,3,0,0
0,1,2,0,0,2,0,0,0,6,4,7,16,219
9,1,8,6,11,11,4,5,10,12,6,12,51,221
1,2,0,0,4,5,2,2,7,19,5,14,38,209
7,10,13,24,32,52,39,104,84,227,77,63,134,253
2,0,0,1,0,3,3,3,2,9,1,13,49,208
1,1,0,1,3,2,1,2,5,7,5,11,35,231
37,25,32,34,71,68,32,64,44,69,32,36,66,240
0,0,2,1,0,0,0,2,2,9,2,26,48,236
4,3,3,1,3,6,1,2,2,10,6,6,33,233
12,8,4,10,17,14,5,23,11,34,13,29,46,228
0,0,0,0,1,1,0,4,1,1,0,0,0,0
2,2,1,0,0,0,0,0,0,0,0,0,0,0
1,1,3,4,3,5,3,10,13,18,11,30,59,222
0,1,0,2,3,7,0,5,5,3,5,15,56,235
0,0,0,0,4,0,0,3,1,1,0,0,0,0
1,0,0,2,1,0,2,2,2,3,1,1,1,1
0,0,1,1,0,0,0,1,0,6,1,4,34,230
0,0,0,4,1,0,3,0,4,19,8,12,68,237
22,11,14,20,36,42,22,31,22,43,12,38,48,232
25,32,19,57,64,99,53,149,103,247,79,62,114,250
1,1,1,0,3,7,1,1,5,14,8,23,62,263
1,1,0,1,2,2,0,0,2,4,3,5,22,236
2,0,1,2,1,1,0,0,0,0,0,0,0,0
1,0,1,0,1,0,1,2,2,6,0,5,36,237
0,0,1,0,1,1,2,1,1,3,1,13,30,239
0,2,0,0,1,3,2,1,4,12,2,17,40,250
1,2,1,0,1,3,4,0,5,5,4,18,75,243
0,0,1,0,0,0,1,1,0,5,4,3,49,254
0,1,2,0,1,0,0,1,1,6,2,14,39,246
4,0,1,1,2,1,3,10,7,15,7,20,63,255
0,0,1,0,0,0,0,0,1,1,0,2,1,2
0,2,1,3,2,0,1,4,0,8,0,15,32,247
0,1,0,1,0,0,1,3,3,4,1,1,0,0
40,30,34,52,93,110,65,116,101,175,66,59,83,255
1,2,1,0,0,1,0,4,2,3,1,7,49,245
0,0,0,2,4,1,1,0,0,0,0,0,0,0
2,1,2,2,1,0,0,3,5,18,3,17,53,234
1,0,0,2,1,4,1,0,0,0,0,0,0,0
5,1,1,7,3,2,1,1,1,1,0,0,0,0
1,0,1,0,0,0,0,0,2,4,3,8,40,247
0,1,0,0,1,1,2,3,1,1,1,1,1,2
2,0,1,1,2,1,1,1,1,2,0,0,0,0
0,1,3,2,2,1,3,1,0,4,1,0,0,0
0,0,1,1,2,1,0,0,0,0,0,0,0,0
4,0,2,2,3,0,4,2,6,8,2,16,43,239
1,0,1,1,3,1,0,3,0,7,3,3,1,1
2,2,1,2,0,3,1,3,3,12,4,7,53,250
0,0,2,1,4,5,1,6,8,17,5,18,71,254
0,1,1,1,0,2,0,3,4,6,2,18,38,263
1,1,2,3,4,2,2,6,4,15,5,24,56,259
0,0,0,0,1,1,1,2,0,0,0,0,0,0
1,1,1,0,1,4,1,0,0,0,0,0,0,0
0,1,0,0,1,1,1,2,0,0,0,0,0,0
10,5,6,13,33,43,24,41,49,101,42,44,93,265
2,1,3,4,0,1,3,3,3,15,4,22,51,247
2,2,1,4,3,4,3,11,6,17,12,19,59,257
2,1,2,2,3,6,2,3,7,14,10,23,37,260
0,3,2,2,1,2,2,4,4,18,5,15,49,253
0,2,0,2,2,3,1,3,2,10,5,14,42,258
0,0,0,1,3,1,2,8,4,29,5,24,70,276
2,0,3,3,1,1,0,0,0,0,0,0,0,0
21,13,10,15,34,30,10,27,11,49,18,20,60,250
3,3,0,1,3,1,2,2,5,13,4,20,70,279
2,4,0,6,1,3,0,7,7,27,8,39,96,271
0,3,1,3,4,4,4,5,6,25,12,22,79,257
38,18,29,38,54,66,25,57,33,70,22,38,69,248
0,0,2,1,5,3,3,3,4,10,7,9,48,252
5,6,3,4,9,11,3,4,4,23,5,26,56,272
1,0,1,3,2,1,1,3,3,10,4,24,47,280
0,0,0,2,2,2,0,2,0,6,1,22,61,274
1,0,0,2,1,1,1,0,0,0,0,0,0,0
0,0,0,0,1,1,0,0,2,1,1,1,0,0
14,6,4,14,17,12,11,12,10,30,8,14,51,271
1,0,1,1,2,3,3,5,2,7,4,15,46,261
3,1,2,6,6,3,0,2,4,14,11,15,45,283
2,1,1,1,5,4,0,4,3,15,9,21,61,270
1,0,0,0,1,1,1,1,1,1,0,0,0,0
1,1,0,0,2,2,1,0,0,0,0,0,0,0
4,5,1,4,2,7,0,8,10,29,11,29,61,274
1,0,1,0,2,1,1,1,0,0,0,0,0,0
0,0,0,1,0,2,0,0,0,5,3,6,44,258
2,0,1,1,1,0,1,0,2,1,1,1,0,0
18,11,11,21,33,32,13,20,15,45,25,17,47,266
2,0,2,3,1,2,0,1,2,17,12,18,50,276
1,1,3,1,1,3,2,8,7,22,8,17,76,281
10,10,7,12,26,34,18,46,26,76,24,25,55,263
0,1,0,0,0,2,0,4,3,10,7,16,63,271
1,1,0,1,2,2,0,0,0,0,0,0,0,0
1,0,1,0,3,1,1,0,0,0,0,0,0,0
2,1,2,2,2,1,3,7,6,23,5,27,45,283
2,0,1,2,1,0,1,2,1,2,1,1,1,2
0,0,0,0,1,2,0,4,6,6,1,0,0,0
1,0,0,0,0,2,0,1,3,1,0,0,0,0
1,0,0,1,1,1,1,1,0,0,0,0,0,0
1,3,2,2,1,2,0,1,3,12,5,15,70,288
7,4,3,4,12,17,2,13,12,18,11,26,67,274
2,0,0,1,3,2,3,4,4,20,9,20,62,259
3,0,0,3,3,1,2,4,1,1,1,1,0,0
1,0,0,1,1,2,0,4,8,14,5,24,55,279
5,1,2,3,2,3,1,3,1,2,2,2,0,0
2,2,0,3,2,1,4,3,6,22,11,24,58,288
3,0,0,0,1,1,0,3,0,2,1,2,0,0
0,0,0,0,0,0,0,2,2,2,1,0,0,0
2,0,0,0,1,1,1,2,1,1,1,1,0,0
2,0,2,3,4,4,0,3,5,10,7,22,64,293
0,1,0,2,2,1,1,1,0,0,0,0,0,0
0,0,0,2,1,3,2,2,5,12,4,11,47,279
0,2,0,2,1,3,0,0,0,0,0,0,0,0
2,0,0,2,4,1,3,2,4,21,6,21,66,272
0,1,1,2,2,1,1,0,0,0,0,0,0,0
2,0,2,1,2,5,2,4,8,22,7,21,57,287
3,0,1,1,1,0,0,1,2,0,0,1,3,1
2,1,1,1,3,5,0,5,5,15,5,19,76,293
2,2,3,5,1,4,3,8,4,13,8,19,63,287
4,4,2,2,0,6,3,4,5,17,7,26,67,290
2,3,2,1,4,1,3,4,10,18,5,29,59,285
0,0,0,2,3,1,0,0,0,0,0,0,0,0
0,0,0,1,0,0,0,2,1,6,2,9,45,308
3,0,1,5,2,1,3,3,10,18,7,21,72,291
1,0,2,6,0,4,4,8,7,20,11,25,75,302
1,1,0,3,1,1,0,0,0,0,0,0,0,0
2,1,5,2,0,0,1,4,3,12,7,17,49,296
0,0,0,1,0,1,1,2,0,2,2,1,0,0
0,1,3,1,6,5,0,4,2,24,8,15,43,290
1,1,1,2,1,5,1,3,6,6,6,12,52,279
7,2,5,11,4,7,0,9,7,19,8,26,68,294
1,1,0,2,1,1,1,0,0,0,0,0,0,0
0,0,0,0,0,0,0,0,2,1,2,0,0,0
14,5,7,15,34,27,12,27,9,38,13,17,36,293
27,12,13,28,33,31,19,34,35,45,16,36,66,306
1,0,2,0,1,4,1,4,5,20,10,16,57,293
18,16,28,42,64,72,56,166,121,327,97,75,145,306
2,2,0,1,4,8,2,5,4,13,8,19,56,303
5,2,3,1,7,9,2,7,7,20,12,34,80,309
2,1,2,2,0,4,2,4,3,26,11,24,78,303
9,6,17,36,69,74,54,149,129,290,75,76,131,321
0,1,2,3,3,2,2,4,5,12,9,17,64,316
1,0,0,0,0,4,4,2,1,2,1,1,1,1
1,2,1,1,0,3,3,1,5,4,3,17,50,294
50,18,21,36,56,67,26,38,28,58,20,27,65,301
16,8,6,14,25,24,12,18,18,39,15,30,70,305
0,0,1,2,1,1,1,0,0,0,0,0,0,0
1,1,3,1,4,2,0,2,6,21,2,24,62,305
2,3,5,7,19,21,5,14,11,20,9,12,46,309
2,0,0,6,8,8,4,1,3,3,0,3,1,1
1,2,1,1,5,3,2,3,3,18,7,26,60,292
2,2,2,2,2,4,4,1,12,20,12,27,92,308
0,0,0,0,1,2,1,1,0,0,0,0,0,0
2,1,0,0,1,2,1,2,0,3,1,1,0,0
1,1,2,2,3,4,1,4,3,19,3,17,56,311
0,0,1,2,0,1,2,4,7,19,8,22,75,325
2,1,0,1,1,1,0,5,7,17,6,24,63,311
0,0,1,2,3,4,2,2,5,13,9,16,40,298
2,0,2,3,4,1,4,3,4,27,5,24,78,304
1,2,3,10,2,5,2,10,10,15,13,24,64,323
0,0,0,1,1,2,0,0,1,3,1,1,0,0
20,15,13,21,29,32,7,16,18,29,20,22,60,315
0,0,0,0,0,0,0,0,0,0,0,0,0,66
1,0,0,1,0,0,1,1,0,1,3,1,0,0
0,0,1,3,1,2,2,1,0,0,0,0,0,0
0,0,0,0,0,0,0,0,0,0,0,0,0,47
0,1,2,3,2,5,1,3,5,12,5,21,80,320
1,3,1,1,7,5,2,2,4,3,1,3,2,1
0,0,1,1,1,0,0,1,3,2,3,6,40,323
0,1,1,4,1,1,1,2,3,11,7,26,65,320
0,0,0,1,1,2,1,1,0,0,0,0,0,0
0,0,0,4,4,4,3,7,7,17,10,23,67,318
0,1,3,3,2,2,2,3,3,2,3,1,0,0
2,3,2,8,10,6,4,6,12,16,9,27,76,313
1,2,0,3,1,2,2,1,2,4,14,13,57,332
1,0,1,1,0,1,3,3,5,18,4,24,75,307
3,4,4,5,1,3,5,6,7,23,11,35,72,335
2,0,2,2,0,2,0,5,2,2,5,6,34,319
7,1,5,4,7,2,5,1,5,15,6,20,76,360
3,0,0,1,2,0,0,4,6,10,8,22,50,323
12,16,20,34,53,80,39,132,107,281,101,78,141,338
0,0,1,1,1,1,1,1,0,0,0,0,0,0
0,0,0,0,2,1,0,0,0,2,4,1,0,0
2,0,1,1,3,0,1,3,3,12,5,24,66,358
4,2,5,7,6,6,2,8,5,17,8,28,83,324
0,0,0,0,2,2,1,5,4,15,5,2,1,1
2,2,1,3,4,5,2,9,2,13,14,26,80,347
1,3,3,1,4,5,2,4,5,16,9,29,87,356
1,0,1,1,2,2,0,3,2,8,4,12,49,332
2,0,0,0,0,1,0,3,3,8,4,5,46,351
1,0,0,0,3,2,0,1,0,4,1,1,0,0
0,2,3,1,0,5,1,1,6,20,3,13,60,368
1,0,1,0,0,0,1,1,0,1,3,1,0,0
0,0,2,3,3,3,3,2,7,15,10,26,63,361
0,1,0,2,3,5,2,2,10,30,15,24,107,344
1,0,0,0,2,3,2,1,2,1,0,0,0,0
2,1,3,4,3,0,1,6,6,20,6,21,66,358
1,0,1,1,5,5,0,1,1,3,0,0,0,0
8,2,3,7,5,6,2,11,7,23,13,14,95,352
1,2,1,0,3,3,1,4,1,10,4,15,66,358
2,2,3,2,4,5,1,3,3,17,9,25,97,381
0,1,0,0,0,2,0,0,0,6,7,12,75,399
3,0,3,6,5,5,2,6,7,18,17,29,74,371
0,0,1,1,1,1,3,1,0,0,0,0,0,0
1,2,1,4,3,1,1,5,2,16,10,32,73,384
0,1,0,1,0,2,1,3,1,1,1,1,3,5
7,3,3,12,11,8,8,12,9,32,8,27,71,340
0,0,0,0,0,0,0,0,0,0,0,0,0,42
0,0,0,0,0,0,0,0,0,0,0,0,0,72
0,0,0,0,0,0,1,1,1,3,0,0,0,0
1,1,1,1,2,2,2,0,0,0,0,0,0,0
2,0,3,1,4,1,2,2,0,8,4,24,67,391
3,3,3,5,2,4,3,1,4,17,10,31,69,400
1,0,0,1,1,1,1,1,0,0,0,0,0,0
0,1,0,2,3,1,1,2,2,2,0,0,0,0
0,0,0,2,2,3,1,6,5,9,14,38,77,361
0,0,0,0,0,1,4,1,2,1,5,18,49,387
0,0,0,0,2,2,0,0,1,9,6,25,55,373
1,1,0,2,1,2,1,0,0,4,1,0,0,0
3,1,3,3,3,2,5,8,8,38,20,24,102,381
8,4,3,3,2,8,0,6,7,13,6,18,73,370
0,0,0,0,1,0,0,2,1,1,1,1,0,0
1,0,4,1,2,1,0,1,0,5,2,16,65,411
9,2,5,4,5,16,8,16,7,29,12,18,73,382
4,0,1,2,2,1,5,6,6,13,5,39,75,386
2,3,1,2,0,2,2,3,1,19,5,12,46,362
0,0,1,4,1,3,0,2,5,17,9,13,63,378
0,0,0,0,1,1,2,1,0,0,0,0,0,0
0,1,3,2,2,2,0,5,14,18,17,17,67,389
0,1,1,1,2,0,0,0,0,0,0,0,0,0
164,115,195,193,174,205,123,129,166,343,180,291,238,535
1,1,1,2,5,1,2,9,10,30,6,33,80,387
2,1,5,2,5,6,6,8,4,14,5,17,68,382
0,1,0,1,2,3,3,1,0,0,0,0,0,0
0,2,3,3,3,1,1,4,2,8,3,18,55,369
2,0,0,3,0,3,0,1,5,12,11,27,81,395
3,0,0,3,1,4,5,3,2,4,8,16,55,372
1,2,1,2,3,3,0,1,10,22,8,30,83,374
0,2,0,1,1,1,1,1,4,16,2,21,50,404
0,1,1,1,1,2,2,1,2,2,0,0,0,0
4,2,8,4,8,8,4,16,19,55,18,47,127,417
2,1,0,1,3,1,2,4,1,1,2,1,0,0
1,1,1,1,3,4,0,3,7,12,11,26,78,392
3,2,0,2,4,3,1,1,6,18,9,17,85,384
1,0,3,3,1,2,1,0,0,0,0,0,0,0
2,1,0,3,4,3,5,8,14,34,15,27,75,412
1,0,1,0,0,3,3,2,3,16,8,21,60,405
3,4,2,2,4,4,0,5,3,29,10,35,75,411
2,1,1,5,3,5,8,9,16,30,14,36,101,402
3,2,1,4,2,4,3,6,8,23,16,31,74,386
1,1,0,3,2,3,1,0,0,0,0,0,0,0
1,2,1,5,3,1,2,8,13,21,17,41,105,415
1,0,1,3,1,1,1,1,2,12,1,10,93,440
0,1,1,1,0,2,3,5,5,17,10,25,70,416
1,2,0,3,2,1,3,3,4,23,10,30,90,433
1,1,1,3,0,5,3,0,1,9,9,25,86,405
1,2,0,0,1,0,0,1,0,0,2,1,1,1
0,1,0,0,1,2,0,1,1,2,2,1,0,0
0,4,3,5,5,7,1,7,6,34,15,21,100,422
4,2,3,5,3,7,3,7,7,22,8,35,94,423
1,2,2,1,1,3,2,1,0,0,0,0,0,0
2,1,0,1,3,3,1,0,0,0,0,0,0,0
8,3,4,4,11,7,4,13,7,36,14,26,93,402
11,3,6,6,9,8,2,9,9,19,9,24,69,419
1,0,4,2,2,2,0,0,0,14,6,29,87,435
2,3,6,3,3,4,1,4,2,1,3,1,3,1
0,0,3,5,2,2,1,2,3,15,7,30,79,412
1,1,0,2,1,1,0,1,0,3,7,18,58,447
4,2,2,3,1,1,1,3,4,9,7,24,68,428
0,2,0,0,0,0,1,3,4,11,5,16,66,447
0,0,0,0,2,2,0,0,1,8,0,1,29,448
1,1,0,1,0,2,1,2,1,17,3,17,65,444
2,0,0,1,0,3,0,4,1,0,0,0,0,0
4,3,0,5,3,4,1,4,11,17,7,36,100,426
20,11,10,27,37,49,27,31,23,60,27,44,105,455
2,3,3,7,5,7,3,5,9,7,4,2,0,5
1,0,1,1,1,2,1,2,1,2,2,1,0,0
0,1,1,9,1,5,2,6,5,18,16,32,72,407
0,2,1,6,5,1,1,5,6,18,11,25,97,455
1,0,1,2,1,1,0,0,1,2,1,1,0,0
0,0,1,1,1,4,1,1,0,0,0,0,0,0
1,2,0,2,2,2,2,4,6,29,16,37,115,441
3,0,1,2,3,2,1,7,4,18,12,21,68,457
1,1,1,2,3,2,2,2,10,19,3,22,73,430
0,0,1,4,1,5,5,1,2,8,4,17,43,478
0,0,1,0,1,1,1,2,1,0,0,0,0,0
2,1,1,1,2,2,1,3,2,2,1,1,0,0
1,2,2,5,2,7,0,5,7,27,11,24,114,448
3,3,6,5,6,1,1,7,7,30,20,33,117,490
1,0,3,2,6,2,0,0,0,0,0,0,0,0
29,15,19,35,40,48,19,50,25,58,25,34,120,443
1,1,2,1,1,1,1,2,1,1,1,1,0,0
4,0,1,2,2,1,1,2,1,10,3,7,61,449
3,1,1,1,2,4,2,2,5,11,1,18,58,470
2,0,1,3,3,5,2,1,4,8,6,17,66,468
0,3,2,3,1,4,2,5,7,23,9,46,93,500
1,0,1,1,5,5,7,8,15,26,9,43,133,485
1,2,3,4,5,8,0,5,4,19,2,30,73,493
180,171,232,284,219,281,145,163,224,502,244,345,290,673
1,1,0,2,1,2,0,5,7,9,6,20,82,484
1,2,2,1,4,11,3,8,9,36,18,35,123,503
3,2,0,1,0,0,0,0,6,21,7,22,75,503
1,2,0,2,1,2,5,1,0,0,0,0,0,0
0,0,0,0,1,3,1,0,0,0,0,0,0,0
0,1,4,5,2,1,0,7,9,14,8,23,101,515
0,0,0,2,2,2,0,0,0,0,0,0,0,0
3,1,1,2,1,2,1,9,19,37,17,21,87,508
2,3,0,5,2,4,3,7,11,31,13,41,140,506
0,2,2,2,0,2,1,2,3,18,9,27,82,508
19,9,13,18,19,24,9,25,17,37,18,36,100,499
6,3,6,3,5,1,8,11,17,55,38,56,127,541
1,1,1,4,4,3,1,3,10,15,11,39,90,527
1,0,0,0,0,1,0,1,0,0,3,0,32,578
0,0,0,1,3,0,1,4,3,11,6,12,83,524
7,2,2,5,10,8,5,11,14,26,14,35,121,544
1,1,4,4,4,5,0,6,11,49,16,44,127,527
1,1,1,0,3,2,1,0,0,0,0,0,0,0
2,1,1,1,2,3,0,4,2,24,8,27,81,511
3,1,2,3,2,7,2,7,9,29,7,46,116,527
2,1,4,5,2,6,0,3,5,24,12,21,68,519
27,13,19,22,40,34,17,30,24,53,14,42,101,527
1,0,0,1,0,1,1,2,2,12,6,17,65,575
5,0,4,8,8,13,8,9,10,24,9,37,67,539
4,2,2,4,7,3,2,2,4,14,8,26,84,536
2,0,2,2,2,5,2,7,5,22,13,29,114,533
0,0,1,0,2,1,0,0,0,3,1,1,0,0
1,0,0,1,2,1,2,1,0,0,0,0,0,0
0,1,1,3,3,1,0,0,0,0,0,0,0,0
0,0,0,1,1,3,0,1,2,18,11,31,96,560
2,3,5,2,6,8,1,4,6,18,5,26,102,560
2,0,1,1,3,2,0,4,3,16,7,25,91,577
1,0,1,0,5,10,3,8,15,38,15,43,132,565
1,3,1,4,3,2,3,9,5,22,16,34,131,573
2,1,5,2,2,0,2,18,11,37,20,47,131,582
27,27,31,68,92,118,62,198,154,376,163,113,212,581
0,1,2,1,4,2,4,5,7,13,11,26,92,576
0,1,0,1,0,1,0,1,0,0,1,1,1,3
1,0,2,0,1,5,3,10,11,27,16,34,80,560
2,2,2,4,4,4,2,4,5,33,7,37,120,559
0,0,2,3,0,0,1,2,2,12,4,24,86,558
0,0,1,1,2,4,0,3,1,2,1,1,0,0
4,2,1,3,3,5,0,5,1,0,0,0,0,0
1,1,1,6,3,4,1,0,1,4,0,1,3,1
1,1,5,1,1,0,1,4,4,20,19,32,125,575
0,0,0,0,0,0,0,0,0,0,0,0,0,83
4,1,3,1,6,10,1,3,9,25,17,51,116,614
0,0,0,0,0,0,0,0,0,38,0,0,0,0
0,2,2,4,2,2,0,4,3,18,10,29,91,619
18,7,15,18,22,25,16,27,19,39,20,35,115,595
5,7,16,9,15,36,20,51,61,152,56,77,184,610
6,3,4,9,5,10,6,22,24,77,27,53,177,604
0,1,0,0,7,10,3,10,13,29,17,34,137,620
0,1,0,1,3,1,0,0,0,0,0,0,0,0
1,2,4,3,0,5,3,11,6,31,19,36,109,632
2,0,1,5,2,3,3,1,6,28,14,42,108,619
1,2,0,4,3,3,0,0,0,3,1,1,1,2
0,2,2,3,1,2,4,4,5,20,13,32,129,631
6,1,1,3,6,3,3,5,4,27,12,31,117,647
1,1,2,5,5,7,3,8,10,26,14,43,104,627
1,2,2,2,5,4,4,4,10,25,17,44,141,645
3,1,3,4,3,8,5,8,9,32,15,48,157,678
1,1,3,5,4,6,1,7,10,23,16,34,124,704
5,1,3,2,3,4,4,0,6,14,11,31,134,674
9,7,7,9,18,20,12,12,15,30,12,24,103,682
0,0,0,0,2,2,1,3,1,0,0,0,0,0
1,1,0,1,3,1,0,0,0,0,0,0,0,0
3,1,1,1,2,1,0,4,0,1,0,1,2,2
2,0,1,0,1,4,3,5,8,27,20,35,130,693
26,15,9,19,43,44,7,29,20,61,29,32,154,715
4,2,4,6,6,4,6,9,10,37,14,60,142,670
2,4,3,4,5,4,1,9,7,36,14,48,102,718
1,1,3,1,6,2,1,3,13,22,12,40,150,742
4,3,2,1,2,6,2,4,10,18,10,41,122,690
2,4,2,2,4,9,2,11,9,36,10,46,144,746
1,0,1,5,5,7,1,6,14,29,13,44,144,758
0,0,0,0,0,0,0,0,0,39,0,0,0,0
8,9,6,15,13,18,20,65,55,135,47,69,188,765
4,5,2,4,1,3,5,6,12,37,17,49,153,747
3,4,5,0,6,9,3,9,7,37,15,52,151,745
1,0,0,0,0,2,0,3,2,1,0,0,0,0
1,0,1,1,5,1,3,2,9,27,9,37,132,724
3,1,1,4,4,3,3,6,2,22,9,43,139,753
5,3,1,0,1,4,1,7,5,26,14,31,97,766
3,5,4,10,4,7,5,12,11,44,26,64,163,760
0,0,0,1,1,3,0,0,0,0,0,0,0,0
10,7,7,13,20,20,7,16,19,37,26,53,135,791
9,4,10,6,4,9,4,14,23,104,58,99,235,834
0,0,0,2,1,1,0,0,2,1,3,1,2,1
1,2,5,2,5,2,4,5,19,28,13,49,154,822
4,6,2,10,1,9,4,14,12,53,28,76,210,807
0,0,2,0,1,3,1,0,0,0,0,0,0,0
5,1,0,3,1,3,1,2,3,22,10,54,106,801
2,1,1,0,0,1,2,1,2,3,2,0,0,0
2,1,1,1,2,1,2,2,2,1,1,1,1,2
2,1,1,2,4,6,3,8,12,46,16,43,140,793
3,2,5,1,4,3,2,9,9,19,14,38,143,805
7,1,3,7,5,6,2,8,2,7,3,1,1,2
2,1,0,0,1,4,1,3,1,1,0,0,0,0
3,1,1,2,2,7,2,4,7,22,14,57,142,841
8,7,4,5,6,13,6,10,29,56,31,61,168,833
2,0,2,3,3,1,2,3,7,24,11,35,144,843
2,3,1,3,3,3,4,7,8,31,22,50,155,851
2,1,1,1,2,4,2,4,8,27,5,39,163,852
3,0,2,1,3,2,3,1,0,0,0,0,0,0
3,0,1,1,0,2,1,2,0,0,0,0,0,0
0,0,0,0,3,3,1,0,0,0,0,0,0,0
4,0,6,8,5,3,2,4,9,13,13,35,155,870
3,5,2,2,3,3,2,5,7,34,21,58,176,880
7,7,10,8,10,12,6,14,37,69,45,84,236,884
4,2,7,6,6,14,7,9,14,62,36,103,222,894
3,0,4,3,5,5,4,18,15,43,30,73,256,910
1,2,5,4,4,0,3,2,12,42,12,55,192,913
0,0,0,1,2,1,0,0,3,1,1,1,0,0
5,4,2,5,7,5,3,12,6,11,11,32,157,951
9,4,2,6,11,11,6,11,13,27,15,27,98,930
5,8,3,6,8,8,4,8,8,30,15,51,180,929
5,1,4,12,4,10,1,18,21,62,23,70,246,940
3,2,2,4,0,1,0,0,4,2,1,0,0,0
8,3,7,9,5,5,11,25,22,76,41,83,242,954
1,2,3,4,5,3,1,14,14,50,11,57,185,918
4,2,6,6,7,5,2,5,9,38,16,45,169,1014
1,0,2,5,4,8,2,4,10,21,11,42,151,1011
1,2,0,3,2,4,3,14,6,21,9,22,101,1019
0,0,3,2,3,5,1,6,1,15,12,29,150,1045
7,5,3,5,10,6,2,13,21,74,31,71,225,1020
5,4,3,8,12,21,14,44,48,128,40,51,180,1056
1,2,1,2,0,1,0,2,1,1,1,1,0,0
2,4,6,7,3,11,4,11,8,29,9,34,168,1015
1,1,1,3,0,3,2,2,0,12,11,22,174,1067
4,2,3,5,5,10,3,6,12,48,19,84,251,1091
7,4,7,6,13,8,12,17,29,101,65,109,289,1043
3,3,4,5,2,7,1,14,12,60,21,80,228,1050
0,0,0,0,0,0,3,1,1,1,0,0,0,0
0,0,0,0,0,1,0,0,1,1,0,2,2,1
6,6,6,9,5,13,6,7,15,37,26,59,231,1046
2,0,0,2,1,0,0,1,0,4,2,28,103,1108
5,3,1,5,4,3,3,6,6,21,16,51,168,1093
0,0,2,2,1,1,1,0,0,0,0,0,0,0
0,0,1,1,1,2,0,0,0,0,0,0,0,0
1,0,0,1,5,1,1,0,2,3,1,1,0,0
1,0,0,1,1,1,1,1,0,0,0,0,0,0
0,0,1,0,0,0,0,0,1,2,1,1,2,1
2,2,4,0,1,7,5,7,8,31,16,50,238,1134
1,0,2,1,4,1,1,0,0,3,1,1,0,0
0,3,4,4,4,6,3,6,7,27,11,49,173,1129
6,7,4,5,12,16,9,12,22,49,25,83,243,1167
5,2,3,4,4,7,4,26,12,59,21,28,195,1218
10,3,8,16,18,21,12,21,30,70,39,91,259,1144
5,4,2,3,4,7,5,4,14,26,14,65,248,1190
0,1,3,5,4,10,2,11,15,55,28,81,257,1204
0,3,2,3,1,4,3,2,0,0,0,0,0,0
2,1,1,2,0,0,0,0,0,0,0,0,0,0
2,5,2,6,6,6,5,10,12,56,31,83,244,1199
0,4,0,3,2,5,2,5,5,35,17,40,137,1237
1,8,4,6,8,9,4,19,16,71,42,106,280,1245
7,14,11,17,20,33,13,56,66,180,77,161,386,1281
0,0,2,4,1,3,1,5,8,26,17,56,192,1261
2,2,3,10,6,3,1,8,2,2,2,2,0,0
2,0,1,1,2,2,1,1,0,4,1,2,0,0
2,0,2,5,2,2,1,8,5,16,11,27,160,1262
3,4,5,3,3,4,4,4,12,26,18,64,177,1237
9,13,12,17,29,29,26,71,64,241,93,141,393,1247
2,3,4,5,5,7,1,8,15,40,22,80,263,1359
1,4,4,5,2,4,4,11,12,44,21,60,206,1262
0,0,1,1,2,5,0,4,1,0,0,0,0,0
3,4,3,2,3,6,0,7,5,25,16,51,180,1332
9,11,7,18,7,12,10,22,38,177,91,131,339,1323
1,0,0,1,2,2,0,0,0,0,0,0,0,0
4,2,3,4,5,3,1,8,7,36,19,70,229,1336
12,5,4,13,7,21,10,36,28,98,47,113,310,1384
5,2,7,11,9,9,3,16,21,136,71,120,356,1426
5,3,3,4,6,6,3,9,19,56,17,52,207,1348
2,4,2,4,4,3,4,6,13,45,21,66,202,1453
5,4,4,6,4,8,8,16,18,53,32,114,351,1617
1,0,2,2,1,5,0,2,0,4,2,1,0,0
1,5,6,8,3,8,5,15,15,44,19,78,264,1576
4,7,1,4,8,4,7,7,14,50,17,77,299,1663
3,2,8,6,4,6,6,8,20,49,21,110,384,1641
1,0,1,1,3,2,0,1,1,2,3,1,0,0
1,1,3,4,3,8,3,8,14,37,19,83,280,1750
3,3,6,3,9,9,6,9,14,43,15,87,304,1764
1,1,0,0,1,1,0,0,1,2,2,1,0,0
1,2,7,4,4,3,4,12,7,34,19,65,298,1667
0,1,0,0,1,1,2,1,0,0,0,0,0,0
10,8,9,13,7,23,16,28,51,157,42,146,424,1751
7,1,5,6,10,6,2,11,17,55,28,89,316,1770
0,0,2,0,1,2,0,1,1,2,1,0,0,0
4,1,3,4,5,7,3,3,3,27,23,70,284,2007
708,609,910,1083,986,1193,651,630,908,1890,1016,1411,1261,2765
2,1,2,0,2,0,1,1,1,6,6,43,173,2103
12,9,20,12,9,18,18,51,53,210,85,167,513,2270
1,0,1,1,1,2,1,1,0,0,0,0,0,0
5,7,5,11,17,24,15,31,15,110,37,145,410,2430
0,0,0,1,0,0,1,1,1,1,1,0,0,0
15,7,11,18,18,26,11,29,32,112,52,131,412,2503
0,0,0,0,0,0,0,0,0,0,0,0,0,800
0,0,0,2,1,2,1,0,0,0,0,0,0,0
0,0,0,0,0,0,0,0,0,0,0,0,0,7
0,0,0,0,0,0,0,0,0,0,0,0,0,586
0,1,1,2,1,0,0,0,0,0,0,0,0,0
9,8,9,14,13,18,14,52,58,150,73,241,628,2730
0,0,0,1,1,0,0,2,2,1,0,0,0,0
8,4,11,7,17,7,3,13,29,72,36,132,456,2965
21,27,22,38,49,90,49,176,235,666,311,359,881,3349
8,13,10,15,11,16,12,27,30,109,66,220,667,3722
0,0,0,0,0,3,1,1,0,0,0,0,0,0
19,14,27,38,21,36,27,68,99,324,129,361,933,4106
9,7,16,24,26,29,26,66,109,267,115,345,1143,4241
11,13,14,20,15,23,18,44,55,153,65,205,681,4764
0,0,0,1,1,2,1,0,1,2,1,1,0,0
7,8,15,17,10,22,17,23,47,151,82,284,971,5402
4,2,6,9,10,8,5,9,10,46,24,157,658,5990
0,0,0,0,0,1,0,2,4,1,0,0,0,0
15,21,18,22,23,43,43,80,97,329,146,491,1624,7862
23,15,14,34,13,23,23,38,25,144,73,336,1232,8497
20,12,39,50,37,63,49,96,158,490,181,622,1938,9128
3,1,0,1,1,3,1,1,1,0,0,0,0,0
2,3,0,1,1,0,1,0,2,2,2,1,0,0
38,31,52,64,70,82,60,142,187,663,259,700,2146,9627
22,22,40,44,30,60,38,87,146,419,183,631,1933,9811
41,29,59,71,70,107,68,201,280,739,307,971,2668,11687
1,0,1,3,2,6,2,2,4,7,2,1,4,1
40,38,62,79,64,101,63,221,227,709,296,877,2696,12622
48,50,78,77,67,125,75,214,293,842,338,1058,2853,12641
50,39,66,82,74,101,81,165,213,747,309,1074,3172,13153
46,31,52,82,85,116,83,235,266,862,379,1077,3067,13197
1,2,0,2,4,1,0,1,3,1,0,0,0,0
56,39,45,79,69,112,74,224,297,989,460,1172,3340,15330
83,70,94,153,128,178,112,321,394,1092,518,1435,3933,17888
40,32,53,50,53,93,81,193,246,766,369,901,2930,18204
1,0,0,3,1,2,1,0,0,0,0,0,0,0
0,0,0,0,1,2,1,2,0,0,0,0,0,0
115,107,132,161,157,267,197,446,626,1809,761,2331,6521,23492
78,74,109,114,122,167,146,357,424,1322,576,1625,5433,27748
105,91,140,202,215,275,240,598,746,2294,957,2918,8920,35791
131,118,145,237,219,325,230,673,819,2655,1185,3032,8529,39146
118,128,146,186,185,260,176,495,593,2033,1093,2741,9059,46023
159,139,212,263,247,318,276,626,832,2523,1148,3381,10398,47134
175,143,258,286,292,450,323,921,1191,3679,1400,3969,11593,49928
68,72,95,104,90,105,64,110,135,486,261,2005,8597,95197
1303,1125,1683,2226,2231,3324,2458,7053,8525,26375,10959,30688,90254,386130
1781,1544,2300,2985,2965,4366,3032,7953,10529,32254,13078,39418,127362,708238
0,0,1,0,2,3,1,0,0,0,0,0,0,0
1,1,2,0,1,1,1,3,2,1,1,0,0,0
1,0,0,0,3,2,1,0,0,0,0,0,0,0
0,0,0,3,4,5,2,5,3,8,1,1,1,1
1,1,1,1,4,3,0,0,1,2,2,1,1,1
0,0,1,0,0,2,0,1,0,1,0,1,4,1
1,0,0,3,2,1,0,0,0,0,0,0,0,0
3,1,0,0,3,1,1,0,0,0,0,0,0,0
0,0,1,1,1,1,1,0,0,0,0,0,0,0
0,0,0,1,2,1,1,1,0,0,0,0,0,0
13,4,3,10,16,12,4,10,7,17,3,5,5,3
1,1,1,5,6,1,2,0,1,2,1,1,2,1
0,0,1,0,0,1,0,0,2,1,0,6,1,2
1,1,1,1,1,0,0,0,0,0,0,0,0,0
0,0,0,1,2,2,1,1,0,0,0,0,0,0
0,0,1,1,3,2,1,1,0,0,0,0,0,0
0,1,0,3,0,0,3,2,1,1,0,0,0,0
4,3,2,2,6,3,2,1,0,7,1,1,0,0
1,0,1,0,0,0,0,1,2,1,1,1,0,0
0,0,1,1,1,1,1,0,0,0,0,0,0,0
2,1,0,2,1,1,1,1,1,2,0,0,0,0
0,2,0,2,2,3,3,3,1,1,1,1,2,3
0,0,0,0,0,0,1,2,1,1,0,0,0,0
0,1,1,0,1,2,0,2,1,1,1,0,0,0
2,0,0,1,2,2,1,1,1,1,0,0,0,0
0,1,0,0,0,4,1,1,0,0,0,0,0,0
2,0,1,1,2,3,0,2,4,1,1,1,2,1
1,0,0,0,0,2,0,0,1,2,1,1,0,0
1,1,1,1,2,3,1,0,0,0,0,0,0,0
0,0,0,0,3,2,0,1,1,6,1,2,0,0
0,1,0,0,3,3,1,0,0,0,0,0,0,0
0,0,2,0,3,1,1,1,0,0,0,0,0,0
0,0,0,1,1,3,2,1,1,2,0,0,0,0
0,2,0,7,1,2,3,3,3,8,2,3,3,3
0,0,4,1,0,0,0,0,0,0,0,0,0,0
0,0,0,0,1,3,1,1,2,2,0,0,0,0
4,0,3,4,6,7,1,6,5,7,3,3,3,4
2,1,0,2,1,0,0,3,1,2,1,0,0,0
3,0,2,5,6,12,3,6,4,3,2,1,0,0
2,1,0,1,0,0,2,2,1,1,0,0,0,0
0,0,0,1,2,3,2,3,2,5,1,1,0,0
0,0,0,1,1,0,0,0,0,0,0,1,1,3
2,1,0,0,2,7,2,0,0,0,0,0,0,0
1,0,0,2,3,1,1,3,4,1,2,1,4,2
0,0,0,0,0,1,0,0,1,3,2,1,0,0
0,0,2,0,1,0,0,0,0,2,1,2,0,0
0,0,1,0,3,2,0,0,0,0,0,0,0,0
0,0,0,2,2,1,0,0,0,0,0,0,0,0
0,0,0,0,2,1,1,1,0,0,0,0,0,0
0,0,0,0,4,2,0,4,2,2,2,1,0,0
2,2,0,0,0,2,3,1,0,0,0,0,0,0
2,0,0,1,0,0,0,2,1,1,1,1,0,0
2,0,5,4,6,5,2,3,3,7,1,1,0,0
3,0,2,1,1,1,0,1,0,4,1,1,1,2
0,1,1,0,0,5,0,1,2,1,1,1,0,0
0,2,0,0,3,0,2,1,2,2,0,0,0,0
2,1,0,1,3,2,1,1,0,0,0,0,0,0
0,1,3,2,4,2,0,4,1,2,2,2,0,0
4,1,0,0,0,0,0,0,0,0,0,0,0,0
0,0,2,2,1,0,0,0,0,0,0,0,0,0
0,0,1,2,1,2,1,0,0,0,0,0,0,0
0,2,0,1,0,0,0,3,2,1,0,0,0,0
0,0,1,0,0,3,1,1,0,0,0,0,0,0
3,0,1,3,2,1,0,0,0,0,0,0,0,0
1,3,2,1,1,1,2,3,0,0,0,0,0,0
2,0,4,0,0,2,0,3,1,1,1,1,0,0
0,1,0,0,3,2,2,1,0,0,0,0,0,0
1,0,0,0,3,1,1,0,0,0,0,0,0,0
1,1,3,1,3,0,0,1,0,2,1,1,1,1
0,0,1,1,2,2,0,0,0,0,0,0,0,0
1,1,1,1,3,0,0,2,3,1,0,0,0,0
0,1,2,2,6,2,2,5,4,2,2,1,2,1
0,0,0,3,1,1,0,0,0,0,0,0,0,0
1,1,1,1,2,1,1,1,2,1,1,1,0,0
3,2,0,4,3,1,0,1,2,1,1,1,0,0
0,1,0,0,3,1,1,0,0,0,0,0,0,0
2,1,1,2,0,0,0,0,0,0,0,0,0,0
2,1,2,2,4,1,2,4,2,6,1,1,0,0
0,1,1,2,3,3,3,1,2,0,0,0,0,0
1,0,0,0,0,1,0,1,1,2,1,0,0,0
0,0,1,0,3,1,1,2,0,4,3,1,2,1
0,0,1,2,1,1,0,1,1,3,2,1,0,0
1,1,1,1,1,0,0,0,0,0,0,0,0,0
1,1,1,1,1,1,1,2,2,2,0,0,0,0
2,0,0,3,2,1,0,0,0,0,0,0,0,0
4,1,1,3,3,4,0,5,2,4,1,2,0,0
3,0,0,1,4,3,2,0,2,1,1,1,0,0
0,2,0,2,3,2,1,1,0,0,0,0,0,0
0,0,1,0,4,1,0,0,0,0,0,0,0,0
1,0,0,1,2,1,2,2,1,0,2,2,1,2
1,0,0,2,4,0,2,0,3,2,0,0,0,0
1,1,0,2,2,1,1,0,0,0,0,0,0,0
3,1,1,2,2,6,1,2,0,0,0,0,0,0
2,1,1,1,3,1,2,0,0,0,0,0,0,0
3,0,1,0,2,2,0,0,4,1,0,0,0,0
3,0,2,2,0,2,3,2,0,0,0,0,0,0
0,0,1,1,2,2,1,1,0,0,0,0,0,0
1,2,0,0,2,1,2,1,0,0,0,0,0,0
0,2,2,1,1,1,0,0,0,0,0,0,0,0
3,2,2,1,3,0,1,0,1,1,1,2,0,0
0,0,1,0,1,1,0,3,1,5,2,1,2,2
0,0,0,1,2,1,1,1,0,0,0,0,0,0
1,1,2,1,0,0,0,0,0,0,0,0,0,0
0,0,0,3,1,2,1,4,0,0,0,0,0,0
0,2,0,0,1,2,2,1,0,0,0,0,0,0
1,1,0,1,1,0,0,3,1,1,0,0,0,0
1,0,1,1,1,2,0,0,1,3,1,1,0,0
1,0,2,1,0,3,3,1,0,0,0,0,0,0
1,0,0,0,1,1,0,1,2,2,0,0,0,0
2,1,0,5,4,1,5,1,3,4,3,1,0,0
0,0,0,0,0,1,0,0,1,2,1,1,0,0
0,0,0,1,2,2,1,0,0,0,0,0,0,0
1,1,2,1,1,0,0,0,0,0,0,0,0,0
0,0,1,0,1,1,1,2,0,0,0,0,0,0
1,0,3,2,0,0,0,0,0,0,0,0,0,0
0,1,2,0,2,1,0,0,0,2,1,2,0,0
2,0,1,3,1,5,1,3,1,1,1,2,0,0
4,0,0,1,3,1,0,3,1,3,1,2,0,0
2,1,1,1,2,0,0,0,0,0,0,0,0,0
2,2,1,2,1,2,1,3,1,0,0,0,0,0
1,0,0,2,1,2,2,2,0,0,0,0,0,0
1,1,0,4,2,4,1,4,1,2,4,2,0,0
0,2,1,2,0,0,0,0,0,0,0,0,0,0
0,1,2,2,2,2,1,0,0,1,3,2,0,5
0,1,0,0,3,2,0,0,0,0,0,0,0,0
2,0,1,3,1,4,2,1,0,0,0,0,0,0
0,0,2,1,1,0,0,2,1,2,3,1,0,0
1,0,0,1,4,1,1,1,1,1,0,0,0,0
0,0,1,1,2,1,2,1,1,4,1,0,0,0
1,0,0,1,1,1,1,1,0,0,0,0,0,0
2,2,1,0,0,3,0,2,2,1,0,0,0,0
5,1,0,0,0,0,0,0,0,0,0,0,0,0
1,0,1,2,2,1,1,0,0,0,0,0,0,0
0,0,1,1,3,1,0,0,0,0,0,0,0,0
0,0,1,1,1,3,3,2,2,3,1,1,0,0
6,2,5,5,0,7,2,1,0,3,2,1,0,0
2,1,1,3,3,3,0,2,3,1,0,0,0,0
1,1,1,1,3,3,2,3,2,1,1,1,0,0
1,0,1,0,1,4,1,2,1,2,0,1,3,2
0,2,1,0,4,1,1,1,0,0,0,0,0,0
2,2,1,1,2,1,1,2,1,0,1,1,2,1
0,0,0,1,1,1,0,0,0,5,1,1,0,0
1,0,0,0,1,1,2,2,0,0,0,0,0,0
5,0,0,0,4,3,1,4,0,2,1,0,2,3
1,0,0,1,4,1,1,1,0,0,0,0,0,0
0,0,0,0,1,1,2,1,0,0,0,0,0,0
0,1,0,1,1,2,1,1,0,0,0,0,0,0
0,0,0,0,0,1,1,1,1,3,2,1,0,0
2,0,0,0,1,1,0,5,0,0,0,0,0,0
0,0,0,0,2,1,1,1,0,0,0,0,0,0
1,0,0,2,1,2,0,3,1,1,0,0,0,0
1,0,0,0,0,1,1,0,3,4,1,1,0,0
0,1,0,1,1,0,0,1,1,2,2,1,3,1
0,1,1,2,2,2,3,2,0,5,1,0,5,4
4,3,1,1,1,0,0,0,1,4,1,1,0,0
2,0,1,1,2,2,2,1,1,2,1,1,0,0
1,0,0,1,0,0,0,1,2,2,0,0,0,0
0,0,0,1,1,2,2,2,0,0,0,0,0,0
3,2,4,12,6,7,2,3,3,2,1,1,3,4
0,0,0,1,0,3,1,0,2,2,3,1,0,0
2,1,1,0,0,2,1,2,2,1,0,0,0,0
0,0,3,0,0,2,3,1,2,1,1,1,0,0
2,0,0,0,0,0,0,1,1,2,2,0,0,0
2,0,3,4,3,4,1,3,2,7,0,2,3,1
2,0,1,3,2,1,1,1,1,1,0,0,0,0
0,0,1,0,2,2,0,0,0,0,1,2,1,1
2,2,1,1,2,3,1,2,0,0,0,0,0,0
2,0,2,1,2,1,1,2,4,6,4,2,4,2
1,0,1,0,1,2,0,0,1,1,3,1,0,0
1,0,1,0,2,2,1,2,0,0,0,0,0,0
2,1,0,1,2,7,1,3,1,2,1,1,0,0
0,0,2,1,3,3,1,1,2,1,0,0,0,0
0,0,1,1,2,2,0,0,0,0,0,0,0,0
3,0,1,1,2,0,3,2,0,0,0,0,0,0
0,0,1,7,8,3,1,2,0,2,2,3,0,0
1,1,1,0,1,1,0,0,1,2,1,1,0,0
2,0,0,4,5,1,1,5,0,2,2,1,0,0
2,0,2,0,4,1,0,0,1,3,1,2,0,0
2,0,0,0,1,0,1,0,1,2,1,4,2,2
0,0,0,0,1,1,2,1,0,0,0,0,0,0
2,1,1,1,0,0,0,0,0,0,0,0,0,0
1,0,2,1,1,3,0,1,0,0,0,0,1,4
3,2,0,0,0,0,0,0,0,0,0,0,0,0
1,0,0,1,2,3,1,0,1,3,1,1,1,1
1,0,0,2,3,1,0,0,0,0,0,0,0,0
2,1,1,3,4,2,1,2,0,3,1,1,0,0
1,0,0,2,1,2,0,0,0,0,0,0,0,0
1,0,0,0,1,2,0,1,2,1,1,1,0,0
1,1,1,2,1,0,0,0,0,0,0,0,0,0
0,0,0,2,2,1,0,0,0,0,0,0,0,0
1,1,1,0,2,2,1,0,0,0,0,0,0,0
2,1,1,1,2,1,1,0,1,1,1,2,0,0
1,1,1,2,1,1,2,0,0,0,0,0,0,0
1,0,0,0,1,0,1,2,1,1,1,0,0,0
2,1,0,2,1,2,0,0,0,0,0,0,0,0
0,2,1,4,6,5,0,2,1,2,0,3,2,1
1,2,0,1,1,2,1,0,0,0,0,0,0,0
2,0,0,1,2,2,0,0,0,1,1,1,2,2
1,0,1,2,2,1,1,0,0,0,0,0,0,0
8,4,5,3,10,10,3,5,6,7,5,1,1,2
0,0,0,0,1,1,2,1,0,0,0,0,0,0
0,0,0,1,2,2,1,2,1,1,1,1,0,0
0,1,0,1,3,0,2,0,0,4,2,1,0,0
3,2,1,1,3,1,0,3,0,2,2,1,0,0
1,0,0,2,3,1,0,0,0,0,0,0,0,0
2,1,0,2,1,1,0,0,2,2,2,1,0,0
0,0,0,0,1,2,1,1,0,0,0,0,0,0
0,0,0,0,4,1,1,1,3,1,0,0,0,0
5,0,1,0,3,5,2,1,2,2,1,1,0,0
1,1,0,1,2,2,1,0,0,0,0,0,0,0
1,0,0,0,2,2,2,2,3,1,1,2,0,0
1,0,0,0,1,2,1,1,0,0,0,0,0,0
0,0,1,2,2,0,0,0,3,1,1,1,0,0
0,0,0,0,1,0,0,0,0,0,1,1,1,2
3,0,1,2,3,2,1,2,2,1,0,0,0,0
0,1,2,2,0,1,1,3,1,2,0,0,0,0
0,0,0,0,0,2,1,2,0,0,0,0,0,0
1,2,0,4,5,3,1,1,0,0,0,0,0,0
1,1,0,0,4,2,0,4,3,4,1,1,2,1
3,0,1,2,0,3,0,5,1,1,1,1,0,0
0,0,0,1,3,1,0,0,0,0,0,0,0,0
2,0,0,0,3,2,4,2,2,7,1,1,0,0
0,0,0,0,1,1,0,0,0,1,1,1,2,1
0,0,1,1,1,1,1,0,0,0,0,0,0,0
1,0,2,1,1,1,0,0,0,0,0,0,0,0
3,0,1,3,2,1,0,0,0,0,0,0,0,0
3,2,0,2,1,3,1,3,2,1,0,0,0,0
0,0,0,0,1,1,1,2,0,0,0,0,0,0
0,1,0,1,3,2,1,4,1,1,0,0,0,0
2,2,2,1,0,2,3,3,0,1,0,0,3,2
0,0,1,1,1,1,1,2,0,0,0,0,0,0
4,1,5,3,2,1,1,2,1,4,3,3,2,1
0,0,0,1,0,2,2,1,1,2,0,0,0,0
6,2,1,0,2,3,2,0,2,2,2,1,0,0
0,2,0,4,1,1,0,0,0,0,0,0,0,0
0,0,4,0,0,6,0,0,0,0,0,1,0,7
0,1,1,1,1,2,0,0,0,0,0,0,0,0
0,0,0,0,1,1,1,1,1,3,1,2,0,0
2,1,3,5,4,3,3,8,4,7,1,1,0,0
1,1,1,2,2,2,1,1,0,4,2,0,0,0
1,1,1,0,2,2,0,1,1,2,1,1,0,0
0,0,1,1,1,3,1,1,0,0,0,0,0,0
0,2,1,3,4,2,1,3,3,1,1,0,0,0
1,0,1,2,0,1,1,1,1,2,1,2,0,0
2,0,0,1,3,2,0,3,1,1,0,0,0,0
2,0,0,1,3,2,1,4,2,7,1,1,0,0
0,1,1,1,4,1,0,0,0,0,0,0,0,0
5,1,0,7,3,1,2,6,5,3,2,3,3,5
1,0,0,2,0,2,0,4,1,0,0,0,0,0
0,0,0,1,0,1,0,2,0,4,1,1,0,0
0,0,0,0,0,0,1,2,1,1,0,1,2,2
2,2,1,2,0,3,2,1,0,0,0,0,0,0
2,0,0,1,0,1,1,0,1,3,1,0,0,0
0,0,0,0,0,0,0,1,2,1,1,1,0,0
0,0,0,0,0,0,1,1,1,4,1,0,0,0
0,0,0,0,0,1,2,1,1,0,0,0,0,0
1,0,0,1,1,1,1,1,3,1,0,0,0,0
0,1,0,2,1,2,1,0,0,0,0,0,0,0
0,0,0,0,0,1,1,1,1,1,0,0,0,0
1,1,1,1,1,0,0,0,0,0,0,0,0,0
0,0,0,3,2,2,0,0,0,0,0,0,0,0
0,1,1,1,0,2,1,2,1,2,0,0,0,0
3,0,1,0,2,2,2,2,0,2,0,1,1,3
2,1,1,5,1,1,0,7,3,3,2,1,2,1
2,1,2,0,0,0,0,0,0,0,0,0,0,0
0,1,2,4,0,4,1,1,0,0,0,0,0,0
0,0,0,1,1,1,0,2,1,1,1,1,0,0
1,0,1,2,1,1,0,4,2,1,3,1,0,0
0,0,0,0,3,1,1,0,0,0,0,0,0,0
0,1,0,1,1,2,1,1,0,0,0,0,0,0
1,1,6,1,2,0,2,2,2,2,2,1,1,4
0,1,4,2,6,5,4,1,0,0,0,0,0,0
1,0,0,1,0,0,0,1,2,2,1,1,0,0
2,1,1,3,1,2,2,0,3,2,4,1,0,0
1,0,0,1,0,2,2,1,0,0,0,0,0,0
1,0,2,1,2,2,0,4,2,2,0,0,0,0
0,0,0,1,2,2,1,0,0,0,0,0,0,0
1,0,0,0,2,2,1,2,0,0,0,0,0,0
1,0,0,2,3,1,0,0,0,0,0,0,0,0
0,1,0,0,1,4,1,1,1,4,1,0,0,0
1,0,0,0,1,2,1,1,0,0,0,0,0,0
3,0,0,2,1,0,0,1,3,1,0,0,0,0
2,0,1,1,1,4,2,3,1,4,0,2,3,1
0,0,2,0,4,2,0,0,0,0,0,0,0,0
2,0,0,4,0,2,0,3,1,1,1,0,0,0
0,0,1,1,1,0,0,0,0,0,1,1,1,2
1,1,0,0,5,1,0,3,1,1,2,1,0,0
1,0,1,2,3,1,1,0,2,2,1,1,0,0
2,0,0,2,1,3,1,1,1,0,0,0,0,0
0,1,2,1,1,1,0,0,0,0,0,0,0,0
0,0,0,0,1,1,0,2,1,3,0,0,2,4
0,0,1,1,2,1,0,0,0,0,0,0,0,0
1,1,1,1,1,1,0,0,0,0,0,0,0,0
3,0,1,1,0,2,0,1,0,2,1,3,0,0
0,0,0,0,1,2,1,3,1,0,0,0,0,0
2,0,1,2,1,4,1,1,1,1,2,1,0,0
0,2,0,0,0,1,1,1,3,2,2,1,0,0
1,1,0,2,4,2,0,0,0,0,0,0,0,0
0,1,1,3,1,4,0,0,2,5,2,1,0,0
0,0,0,0,2,3,1,1,0,0,0,0,0,0
0,0,1,1,2,1,0,0,0,0,0,0,0,0
0,0,1,3,1,1,0,0,0,0,0,0,0,0
2,1,1,2,5,3,0,0,1,1,1,1,1,3
1,0,0,0,1,3,1,1,1,0,0,0,0,0
4,1,1,1,1,2,0,0,0,0,0,0,0,0
3,3,0,0,1,2,2,2,3,1,2,1,0,0
2,0,0,2,3,1,0,3,0,4,1,2,0,0
4,1,0,2,2,1,1,0,0,0,0,0,0,0
2,0,0,2,0,0,2,1,3,1,1,0,0,0
0,1,0,0,1,3,2,2,0,0,0,0,0,0
2,0,0,2,2,2,0,0,0,0,0,0,0,0
0,2,0,0,3,0,0,0,1,3,0,1,3,1
3,1,1,1,0,2,2,2,4,4,2,2,0,0
1,0,1,2,0,0,1,3,1,1,0,0,0,0
0,0,1,1,2,1,0,0,0,0,0,0,0,0
2,0,0,0,0,2,2,1,0,0,0,0,0,0
5,0,0,0,4,2,1,0,1,1,1,1,1,1
3,4,3,3,6,5,0,2,4,5,1,3,2,3
0,1,0,0,0,1,0,2,3,1,0,0,0,0
0,0,1,0,2,1,1,1,1,1,0,0,0,0
1,1,0,1,4,2,0,0,0,0,0,0,0,0
1,0,0,1,3,1,0,0,0,0,0,0,0,0
0,1,0,1,0,2,1,0,3,1,1,0,0,0
1,0,2,0,1,0,1,1,1,3,0,0,0,0
1,1,0,2,2,2,0,0,0,0,0,0,0,0
1,0,0,4,1,0,0,0,0,0,0,0,0,0
1,0,1,1,2,3,2,0,0,0,0,0,0,0
0,1,0,1,2,2,0,0,0,0,0,0,0,0
1,0,0,2,2,1,1,1,0,0,0,0,0,0
0,0,0,3,1,1,0,0,0,0,0,0,0,0
2,0,2,2,1,0,0,0,0,0,0,0,0,0
0,0,0,2,3,1,1,0,0,0,0,0,0,0
1,0,0,1,0,1,0,3,1,1,0,0,0,0
1,1,1,2,4,1,1,5,1,0,0,0,0,0
2,0,1,3,1,1,0,1,2,1,1,2,5,2
1,0,1,1,2,1,0,0,0,0,0,0,0,0
4,1,1,0,0,0,0,0,0,0,0,0,0,0
0,0,0,0,3,2,0,0,0,0,0,0,0,0
1,1,3,3,1,1,1,2,0,0,0,0,0,0
5,1,0,0,0,0,0,0,0,0,0,0,0,0
0,1,0,1,4,1,2,2,0,0,0,0,0,0
1,0,0,0,0,1,0,3,0,1,3,1,0,0
1,2,0,0,2,1,2,1,1,1,2,1,0,0
0,1,2,1,1,2,0,0,0,0,0,0,0,0
1,0,0,1,2,1,0,0,1,4,1,0,0,0
1,0,0,1,2,1,1,2,0,0,0,0,0,0
3,0,3,4,1,0,0,2,2,3,2,1,0,0
0,1,1,1,1,1,0,1,0,1,3,3,0,0
2,0,1,0,1,5,1,3,2,2,0,0,0,0
1,0,1,1,0,1,1,1,0,1,1,1,3,2
0,0,1,1,3,1,0,0,0,0,0,0,0,0
2,1,3,2,3,3,2,3,2,2,0,0,0,0
1,0,0,1,0,3,1,2,0,3,1,2,0,0
0,0,0,0,0,3,1,1,0,0,0,0,0,0
0,3,0,0,0,1,0,3,1,1,0,0,0,0
1,0,0,2,0,4,1,4,3,3,1,0,0,0
0,3,0,1,0,1,1,0,2,3,1,0,0,0
1,0,0,2,2,3,0,0,0,0,0,0,0,0
1,2,1,1,0,0,0,0,0,1,4,0,5,1
2,1,0,1,3,2,0,0,0,0,0,0,0,0
4,3,1,8,6,4,2,4,4,5,1,2,0,0
2,0,1,2,1,1,0,0,0,0,0,0,0,0
0,3,2,4,6,2,2,2,2,4,1,1,1,1
0,0,1,3,1,2,0,1,3,2,1,1,0,0
1,1,0,2,2,3,1,0,0,0,0,0,0,0
1,0,0,0,4,2,0,1,1,1,1,1,0,0
2,1,1,1,3,1,1,0,0,0,0,0,0,0
0,0,1,0,1,3,1,0,0,0,0,0,0,0
7,2,2,2,7,5,2,3,3,6,2,3,2,1
1,1,2,1,0,4,0,5,2,4,1,1,4,1
1,0,1,0,1,4,1,1,0,0,0,0,0,0
3,2,1,1,2,3,1,4,0,2,1,2,0,0
3,1,1,0,0,0,0,0,0,0,0,0,0,0
1,0,0,2,2,1,1,1,0,0,0,0,0,0
2,0,0,3,1,1,0,3,1,2,2,1,0,0
0,0,0,1,4,1,0,4,3,1,1,0,0,0
0,0,0,1,2,1,1,1,0,0,0,0,0,0
0,0,0,0,0,0,1,1,2,1,0,0,0,0
3,1,2,3,3,5,1,4,4,5,3,0,4,1
0,0,0,1,2,1,0,1,0,3,1,1,0,0
2,1,0,0,1,2,1,3,1,0,0,0,0,0
0,1,0,0,2,1,1,2,1,1,0,0,0,0
1,1,1,2,4,0,0,1,1,1,1,1,0,0
5,1,0,2,2,3,2,4,6,7,3,0,4,3
2,2,2,1,5,6,1,1,0,1,2,3,0,0
0,0,1,1,1,1,1,1,0,0,0,0,0,0
0,0,0,0,0,2,1,1,3,1,0,0,0,0
1,0,0,2,1,0,0,2,2,2,0,0,0,0
3,1,4,5,3,4,1,1,0,0,0,0,0,0
1,0,1,2,2,6,1,0,0,0,0,0,0,0
1,0,1,0,2,1,0,3,1,1,1,1,0,0
1,2,1,3,2,3,2,1,0,0,0,0,0,0
1,0,1,1,2,1,0,0,0,0,0,0,0,0
1,2,0,2,2,1,0,1,2,2,1,2,0,0
1,0,0,0,0,0,2,1,1,1,0,0,0,0
1,1,0,4,2,4,3,1,2,1,1,0,0,0
0,1,1,0,0,3,1,0,1,2,1,1,0,0
4,0,0,1,0,2,1,3,1,1,0,0,0,0
2,1,0,2,1,2,0,0,1,3,1,2,1,1
0,0,0,0,2,3,1,0,0,0,0,0,0,0
2,0,1,0,0,0,0,1,1,1,1,2,0,0
0,0,0,0,0,0,0,0,0,0,0,1,1,3
8,7,4,7,14,9,8,8,7,16,8,2,0,0
0,0,0,2,2,1,0,1,0,2,1,1,3,1
1,0,0,2,0,2,2,3,2,7,1,1,2,3
3,1,1,4,2,8,4,4,2,6,3,2,1,2
0,0,0,1,2,2,1,2,0,0,0,0,0,0
4,1,2,2,4,9,1,3,1,7,2,1,0,0
2,1,0,0,5,3,3,2,2,2,1,1,1,1
3,0,1,2,5,2,0,0,0,0,0,0,0,0
0,0,0,1,0,1,2,1,0,2,1,1,2,2
2,0,1,0,2,1,1,1,1,1,0,0,0,0
2,0,0,3,2,4,1,0,1,5,3,1,0,0
0,0,0,2,1,1,2,1,2,1,0,0,0,0
1,1,1,2,2,1,1,1,0,0,0,0,0,0
2,1,1,2,6,1,0,0,1,5,1,1,0,0
0,0,1,1,3,2,2,2,2,2,0,0,0,0
1,0,0,1,2,1,2,1,0,0,0,0,0,0
4,4,0,3,3,2,1,4,2,1,0,0,0,0
3,1,0,0,0,2,2,3,2,1,3,1,0,0
0,0,1,2,1,0,0,1,1,3,1,0,0,0
1,0,0,0,0,0,0,1,3,1,0,0,0,0
0,1,2,3,0,1,0,0,1,4,1,1,0,0
0,0,0,2,1,1,1,1,0,0,0,0,0,0
1,0,1,0,1,2,2,1,0,0,0,0,0,0
1,0,2,2,1,0,3,1,5,4,1,0,1,4
0,0,0,1,0,1,0,0,1,2,1,1,0,0
0,0,2,1,1,1,1,1,0,0,0,0,0,0
1,2,1,2,1,3,1,2,2,1,0,0,0,0
2,0,0,0,0,0,1,0,0,4,1,0,0,0
2,0,1,2,0,1,0,2,2,1,0,0,0,0
1,0,0,0,1,0,3,2,0,0,0,0,0,0
2,0,1,1,1,1,0,0,2,1,1,2,0,0
0,0,0,2,2,2,1,3,1,5,1,2,0,0
1,2,0,2,3,0,2,3,2,1,0,1,1,3
2,1,0,2,1,1,0,2,2,1,0,0,0,0
0,0,0,0,3,1,1,4,1,5,2,2,2,1
0,0,1,1,0,0,1,0,1,2,1,1,1,2
1,0,0,0,2,1,0,1,1,2,1,0,0,0
1,0,0,1,0,3,2,1,0,0,0,0,0,0
0,0,0,0,0,0,0,0,0,0,0,0,1,4
1,0,0,0,2,0,0,0,1,1,2,1,0,0
1,1,0,1,1,2,1,2,2,1,2,1,0,0
0,0,2,1,2,2,1,2,1,2,0,0,0,0
3,1,2,0,3,2,1,0,0,2,1,2,2,1
1,0,0,1,3,0,1,0,2,1,0,3,1,1
3,0,0,1,2,2,2,1,0,0,0,0,0,0
2,0,0,2,2,2,0,0,0,0,0,0,0,0
0,0,0,2,3,1,0,0,0,0,0,0,0,0
0,0,1,2,2,4,0,2,0,1,1,2,1,2
0,0,0,0,4,0,0,1,1,3,1,1,2,1
1,0,0,0,0,5,0,2,1,2,0,0,0,0
1,2,0,3,0,2,0,2,0,2,1,1,1,1
3,0,1,1,3,1,1,1,2,1,2,1,1,1
0,1,0,1,1,0,0,3,1,1,0,0,0,0
3,1,1,1,4,2,1,1,0,2,1,3,0,0
1,0,0,1,1,1,1,3,1,1,1,1,0,0
0,0,1,2,1,2,0,0,0,0,0,0,0,0
1,1,3,2,11,7,0,4,0,2,0,1,3,2
0,0,1,0,4,1,1,2,0,0,0,0,0,0
1,1,1,2,2,4,0,4,3,4,2,1,0,0
0,1,0,2,1,0,0,3,0,2,1,2,0,0
1,0,1,2,4,3,1,0,0,0,0,0,0,0
1,0,1,0,0,2,0,2,1,0,2,2,1,1
0,0,0,0,2,3,1,1,1,9,3,1,3,2
0,0,1,0,2,1,1,0,1,1,2,1,0,0
2,1,4,2,1,1,2,2,2,3,1,0,0,0
0,0,0,3,2,0,0,0,0,0,0,0,0,0
1,0,0,1,0,1,0,0,0,3,1,1,1,1
2,1,2,3,3,1,0,0,0,0,0,0,0,0
0,0,0,0,4,1,0,2,2,2,1,2,0,0
0,3,1,4,7,8,0,2,3,6,1,1,0,0
0,0,0,0,1,0,1,4,2,1,0,0,0,0
1,0,1,0,2,1,1,1,0,0,0,0,0,0
0,0,1,1,0,2,3,1,1,1,0,0,0,0
1,0,2,2,1,0,0,0,0,0,0,0,0,0
0,0,0,0,1,2,1,1,0,0,0,0,0,0
1,1,2,2,2,1,3,3,1,3,0,0,0,0
3,2,0,0,0,0,0,0,0,0,0,0,0,0
0,0,0,0,0,1,1,1,1,1,0,0,0,0
1,0,2,3,2,0,2,3,2,1,0,0,0,0
0,0,0,0,0,0,1,1,2,1,1,1,0,0
1,1,1,1,1,1,0,0,0,0,0,0,0,0
0,1,2,0,3,2,0,1,1,2,1,0,3,2
1,0,0,0,1,0,0,3,1,1,0,0,0,0
1,0,1,1,1,1,0,0,0,4,1,1,0,0
3,2,2,10,6,3,0,4,3,5,1,1,0,0
1,1,0,2,1,2,0,0,0,0,0,0,0,0
3,0,1,2,2,1,0,0,0,0,0,0,0,0
2,0,1,0,1,2,1,1,0,0,0,0,0,0
3,2,0,0,0,0,0,0,0,0,0,0,0,0
1,1,0,1,1,2,1,1,1,0,0,0,0,0
0,1,0,1,1,3,1,1,0,0,0,0,0,0
1,0,2,1,4,4,1,5,2,1,1,1,0,0
3,0,0,1,2,1,2,1,0,0,0,0,0,0
1,0,0,2,2,3,1,0,0,0,0,0,0,0
1,1,0,1,2,2,0,0,0,0,0,0,0,0
0,1,1,1,2,1,0,0,0,0,0,0,0,0
1,4,4,3,4,1,3,4,4,2,0,4,1,2
0,0,0,0,1,2,1,1,0,0,0,0,0,0
0,1,0,0,0,1,0,0,0,2,1,1,1,1
0,0,0,3,0,6,0,0,1,1,2,1,0,0
0,0,0,1,3,2,3,1,0,0,0,0,0,0
0,0,1,0,2,2,0,1,0,3,1,1,0,0
2,0,1,1,3,2,0,0,0,3,1,3,0,0
1,1,0,2,2,1,0,0,0,0,0,0,0,0
2,0,0,0,0,0,0,1,0,1,1,0,3,2
5,2,1,0,2,2,1,4,2,4,1,1,2,3
0,1,0,1,1,2,0,0,0,3,1,1,0,0
2,1,1,2,2,0,0,2,2,1,0,0,0,0
0,1,0,0,1,1,1,1,1,1,0,0,0,0
0,2,0,3,0,1,1,2,1,1,0,0,0,0
1,0,0,0,0,0,2,0,2,1,1,1,0,0
2,1,1,3,2,0,0,0,0,0,0,0,0,0
1,0,2,1,0,2,2,4,0,1,2,2,0,0
1,0,0,1,3,1,1,1,1,1,2,1,0,0
1,0,1,2,1,4,3,3,1,2,0,3,1,1
1,0,0,1,2,0,0,1,0,5,1,2,3,1
2,0,1,1,0,1,1,0,1,4,2,1,1,3
0,1,2,2,1,1,1,2,2,0,0,0,0,0
0,0,1,2,2,1,0,0,0,0,0,0,0,0
0,0,0,1,0,1,0,3,1,1,0,0,0,0
1,1,1,0,2,1,1,4,1,2,1,1,0,0
1,0,2,0,1,0,0,0,0,0,1,0,5,2
1,0,0,0,1,1,1,2,1,1,0,0,0,0
1,0,1,1,0,2,1,2,1,0,0,0,0,0
0,0,1,1,1,2,0,0,0,0,0,0,0,0
1,0,0,0,0,1,1,1,1,1,0,0,0,0
0,2,1,1,1,3,1,0,0,0,0,0,0,0
1,0,0,0,1,2,1,0,1,3,2,1,0,0
1,1,2,0,5,1,0,0,2,1,1,0,2,3
1,0,0,2,4,2,0,3,1,2,1,1,0,0
1,1,0,1,3,2,1,1,1,1,2,2,0,0
1,0,2,0,0,1,2,2,0,0,0,0,0,0
4,0,0,1,4,1,3,1,0,0,0,0,0,0
2,1,0,3,3,4,0,3,1,1,1,0,0,0
1,2,1,3,3,1,2,2,1,2,0,0,0,0
1,0,0,1,2,1,1,1,0,0,0,0,0,0
0,0,0,2,0,1,1,2,1,5,1,2,0,0
3,1,1,0,0,0,0,0,0,0,0,0,0,0
1,0,0,1,1,0,0,1,2,2,0,0,0,0
0,0,0,1,0,3,1,1,0,0,0,0,0,0
0,0,0,0,0,0,0,3,1,1,1,1,0,0
0,3,1,1,0,3,1,2,2,1,0,0,0,0
0,0,0,1,2,1,2,3,1,1,0,0,0,0
1,0,0,0,0,0,0,0,0,0,0,0,2,3
1,0,0,3,2,0,0,0,0,0,0,0,0,0
5,4,2,6,8,11,1,4,1,13,3,2,1,2
0,1,0,2,3,2,0,0,0,0,0,0,0,0
1,0,0,2,2,1,0,0,0,0,0,0,0,0
0,0,0,1,2,3,1,1,0,2,1,1,2,2
0,2,1,1,3,3,1,2,4,2,1,1,0,0
1,0,0,1,1,1,2,3,3,1,0,0,0,0
1,0,0,0,0,0,0,2,1,2,0,0,0,0
2,0,1,1,2,1,1,1,1,1,1,0,0,0
2,2,2,2,4,3,2,4,0,3,2,2,0,0
3,0,0,2,2,1,0,0,0,0,0,0,0,0
0,0,0,1,4,2,0,0,0,0,0,0,0,0
0,1,0,0,1,4,1,0,0,0,0,0,0,0
1,0,0,2,3,1,1,1,0,0,0,0,0,0
0,1,2,1,1,1,0,0,0,0,0,0,0,0
0,0,1,1,2,1,0,0,0,0,0,0,0,0
1,1,0,5,1,1,1,2,0,0,0,0,0,0
1,1,2,1,0,0,0,0,0,0,0,0,0,0
2,1,2,4,3,2,0,1,1,1,2,1,1,3
1,1,0,0,5,3,2,5,2,4,1,1,0,0
0,2,0,3,1,1,0,0,0,0,0,0,0,0
0,2,0,2,1,0,1,1,1,2,0,0,0,0
0,1,0,0,3,2,0,0,0,0,0,0,0,0
0,1,1,2,3,1,0,0,0,0,0,0,0,0
0,0,2,1,1,3,1,1,0,0,0,0,0,0
0,0,1,2,2,2,1,2,1,2,2,1,0,0
0,1,0,3,1,1,0,0,0,0,0,0,0,0
0,2,0,1,1,2,1,1,1,0,0,0,0,0
0,1,2,1,1,2,1,0,0,0,0,0,0,0
2,0,0,2,1,3,1,4,1,1,0,0,0,0
0,0,1,1,2,1,0,0,0,0,0,0,0,0
0,0,1,0,3,2,0,0,0,0,0,0,0,0
0,0,1,0,1,0,0,0,1,4,1,1,0,0
4,4,4,0,3,6,0,6,2,6,1,3,2,1
1,2,1,1,1,1,0,0,0,0,0,0,0,0
0,0,1,0,1,2,1,1,0,0,0,0,0,0
3,0,0,0,1,2,1,1,1,0,0,0,0,0
3,0,0,3,3,7,0,2,5,1,1,0,0,5
0,3,4,1,4,3,0,3,2,5,1,2,1,2
1,3,0,1,1,3,1,2,1,8,1,0,0,0
2,0,2,0,2,1,1,1,0,0,0,0,0,0
4,3,1,0,0,0,0,0,0,0,0,0,0,0
1,0,0,0,1,2,2,2,0,0,0,0,0,0
1,0,1,1,3,0,2,2,1,0,0,0,0,0
1,1,0,2,1,1,2,1,0,0,0,0,0,0
1,0,1,3,0,4,1,0,3,4,1,1,0,0
2,3,5,12,12,14,3,10,6,6,3,2,1,4
0,0,2,0,1,0,1,1,0,3,1,1,0,0
0,0,1,0,3,1,0,0,1,5,1,0,0,0
1,0,1,1,1,2,1,1,0,0,0,0,0,0
0,0,0,2,2,1,1,0,0,0,0,0,0,0
2,0,0,1,0,0,3,2,1,1,0,0,0,0
2,3,4,1,1,5,0,2,1,4,0,2,1,2
2,1,1,2,0,0,1,2,3,1,0,0,0,0
1,0,0,1,1,4,1,0,0,0,0,0,0,0
0,1,0,2,1,2,1,1,0,0,0,0,0,0
2,0,0,3,0,3,0,2,1,1,1,0,0,0
0,0,0,0,0,2,2,1,3,2,0,0,0,0
2,0,0,0,2,1,0,3,1,2,1,1,1,1
0,1,0,4,0,3,2,2,1,1,0,0,0,0
1,0,0,1,2,2,1,1,1,1,0,0,0,0
0,1,0,3,3,4,1,0,0,0,0,0,0,0
1,0,1,1,0,1,1,3,1,1,0,0,0,0
0,0,0,0,1,2,1,1,0,0,0,0,0,0
0,0,0,0,2,1,1,1,0,0,0,0,0,0
0,0,0,1,3,1,0,0,0,0,0,0,0,0
1,0,0,1,2,7,0,1,3,1,1,2,0,0
0,1,2,1,3,2,0,2,2,1,1,0,0,0
0,0,0,0,1,1,0,3,2,2,0,0,0,0
0,0,0,0,0,0,0,0,0,0,0,0,1,4
1,0,0,0,0,1,0,1,2,4,0,3,1,2
1,1,3,2,2,5,1,3,1,7,0,2,1,3
1,0,0,0,0,0,1,1,2,1,0,0,0,0
0,0,0,0,0,0,1,1,1,2,0,0,0,0
0,0,0,0,1,3,1,2,1,2,0,0,0,0
0,0,0,0,1,1,2,1,1,0,0,0,0,0
3,1,1,3,3,10,2,6,3,3,3,4,0,0
1,0,0,0,1,4,1,3,1,2,1,2,0,0
0,0,1,1,1,3,3,2,1,2,0,0,0,0
1,0,1,0,0,1,1,1,1,1,0,0,0,0
0,0,1,0,1,2,0,0,0,3,1,1,0,0
0,1,0,1,1,1,1,1,0,0,0,0,0,0
0,0,0,1,0,2,2,1,2,1,0,0,0,0
1,1,3,1,0,4,1,1,3,1,0,0,0,0
2,3,2,0,3,3,1,1,2,2,0,0,0,0
0,0,1,0,2,1,1,1,1,1,0,0,0,0
0,0,0,1,3,0,0,3,1,1,0,0,0,0
3,1,1,2,1,2,0,0,0,0,0,0,0,0
4,0,0,1,0,3,2,1,1,0,0,0,0,0
1,0,1,0,0,4,1,1,0,0,0,0,0,0
1,1,0,0,0,2,0,3,1,4,3,1,0,0
1,1,0,2,1,2,0,0,0,0,0,0,0,0
1,0,0,0,1,3,1,2,0,0,0,0,0,0
1,0,0,1,2,0,0,1,1,2,1,0,2,4
0,0,0,2,1,0,1,2,2,1,1,0,0,0
0,0,0,2,3,3,0,2,2,3,0,3,2,2
1,1,0,0,0,2,0,0,0,0,1,1,3,1
2,0,0,2,2,1,0,0,0,0,0,0,0,0
0,0,0,0,2,1,1,0,1,3,1,1,1,2
2,2,2,0,0,0,0,0,0,0,0,0,0,0
0,0,0,0,0,0,0,0,0,0,0,0,3,2
3,1,1,1,6,1,1,2,1,0,0,0,0,0
0,0,0,1,2,1,1,0,0,0,0,0,0,0
1,1,0,3,1,1,1,1,1,1,2,1,1,1
1,0,1,4,2,2,2,1,3,1,0,0,0,0
0,0,1,1,1,1,1,1,0,0,0,0,0,0
0,0,0,5,1,2,1,2,1,1,0,0,0,0
0,0,0,1,5,1,0,0,0,0,0,0,0,0
2,0,1,0,0,4,2,2,1,1,1,2,0,0
2,0,0,0,1,1,0,1,0,1,1,1,2,1
1,2,1,1,0,0,0,0,0,0,0,0,0,0
0,1,1,3,5,1,0,0,0,0,0,0,0,0
0,0,0,1,2,2,1,0,0,0,0,0,0,0
6,0,3,2,3,2,3,3,0,1,2,0,3,3
0,0,1,0,0,0,3,1,2,0,0,0,0,0
2,1,2,1,3,5,3,1,1,2,2,1,0,0
1,0,0,2,1,1,1,2,0,0,0,0,0,0
3,0,0,1,1,4,1,0,0,0,0,0,0,0
0,1,2,0,0,1,1,0,1,0,2,1,1,1
0,1,1,1,1,1,1,0,0,0,0,0,0,0
5,2,2,3,6,8,2,5,2,2,4,2,1,2
0,0,0,0,1,1,1,3,1,1,0,0,0,0
4,1,2,3,4,1,0,0,0,0,0,0,0,0
1,3,0,3,4,1,1,3,1,0,0,0,0,0
2,1,1,0,1,0,0,0,2,4,2,0,3,2
0,0,0,2,1,1,2,0,0,0,0,0,0,0
0,0,2,3,0,8,2,2,1,3,1,3,0,0
1,0,1,2,1,1,0,0,0,0,0,0,0,0
0,1,0,2,0,2,0,1,1,2,1,2,0,0
0,0,0,0,2,1,0,0,0,3,1,1,0,0
0,1,0,2,1,0,0,0,1,2,1,1,0,0
0,1,1,0,0,0,0,3,1,1,0,0,0,0
0,1,1,4,2,2,0,2,2,1,0,0,0,0
3,1,1,1,0,0,0,0,0,0,0,0,0,0
0,0,0,1,1,2,2,1,0,0,0,0,0,0
0,1,0,0,2,1,1,2,0,1,3,1,0,0
1,0,2,2,3,0,3,2,1,1,2,2,0,0
1,1,1,1,1,1,0,0,0,0,0,0,0,0
1,0,2,1,2,1,2,1,1,3,3,1,0,0
0,0,0,0,0,1,0,0,0,0,0,3,1,1
1,0,1,1,2,1,0,0,0,0,0,0,0,0
2,2,0,2,1,3,2,0,0,0,0,0,0,0
0,0,0,2,1,2,3,1,0,0,0,0,0,0
1,0,0,4,1,1,0,0,0,0,0,0,0,0
0,0,0,0,3,1,1,1,0,0,0,0,0,0
2,0,0,0,0,2,1,0,1,1,1,1,1,1
2,0,0,0,0,3,1,2,0,0,0,0,0,0
0,0,0,0,0,2,1,2,0,2,0,1,1,3
3,1,2,0,0,0,1,1,4,1,1,2,0,0
0,0,1,1,2,1,1,1,0,0,0,0,0,0
0,1,1,1,1,2,0,0,0,0,0,0,0,0
3,0,0,4,1,3,1,1,1,3,2,1,0,0
0,0,0,0,2,1,2,2,3,2,1,1,0,0
0,3,1,2,3,2,1,2,1,5,0,0,0,0
0,0,0,3,2,0,0,0,0,0,0,0,0,0
2,1,0,0,3,1,2,2,1,0,0,0,0,0
0,0,1,1,2,1,0,0,0,0,0,0,0,0
0,1,1,3,1,1,2,2,1,1,0,0,0,0
3,0,1,0,3,4,1,0,0,0,0,0,0,0
0,1,0,3,1,1,0,0,0,0,0,0,0,0
1,2,1,0,1,4,1,0,0,0,0,0,0,0
0,0,0,0,2,1,1,0,0,3,1,1,0,0
4,0,3,3,5,4,1,4,5,3,3,4,2,3
2,0,1,1,2,1,0,0,0,0,0,0,0,0
1,1,0,1,2,2,0,0,0,0,0,0,0,0
1,0,0,2,2,1,0,1,1,4,1,2,0,0
2,0,2,2,0,0,0,5,0,5,1,4,0,0
3,0,1,2,2,3,2,2,1,1,1,3,0,0
0,1,0,2,0,3,1,1,0,0,0,0,0,0
2,0,2,0,2,1,1,0,0,3,1,1,0,0
0,1,1,0,7,2,1,0,0,6,1,1,0,0
1,0,1,1,0,1,2,2,2,2,1,0,0,0
0,0,1,0,1,0,1,1,2,1,0,0,0,0
1,1,1,1,2,3,1,1,0,0,0,0,0,0
2,0,2,2,3,2,1,1,1,0,0,0,0,0
2,0,1,2,1,3,1,2,2,1,1,1,0,0
0,0,0,0,2,1,1,2,0,0,0,0,0,0
0,0,0,0,2,1,1,1,1,1,0,0,0,0
4,1,0,5,2,5,1,5,1,4,1,2,1,3
8,7,1,2,3,4,1,3,2,2,3,2,0,0
1,0,1,1,5,1,1,2,0,1,1,1,1,1
4,0,2,6,4,3,1,0,0,2,3,2,0,0
0,2,1,0,1,2,1,1,0,0,0,0,0,0
1,1,0,2,3,1,0,0,0,0,0,0,0,0
0,1,1,1,1,5,2,0,0,0,0,0,0,0
1,0,0,0,1,4,1,1,0,0,0,0,0,0
2,2,1,0,0,0,0,0,0,0,0,0,0,0
2,0,0,1,2,5,2,3,1,4,2,1,0,0
0,0,0,0,1,2,1,1,0,0,0,0,0,0
0,0,3,0,0,0,1,1,1,2,1,1,0,0
3,0,0,3,2,0,0,0,1,2,1,1,0,0
3,0,0,1,1,4,1,1,0,0,0,0,0,0
1,0,1,4,2,4,2,0,1,4,1,1,0,0
2,1,0,0,2,2,2,1,0,0,0,0,0,0
1,2,1,3,5,3,1,2,0,0,0,0,0,0
0,0,1,1,1,1,1,1,0,0,0,0,0,0
2,3,0,0,0,0,0,0,0,0,0,0,0,0
1,0,0,0,2,4,1,1,0,0,0,0,0,0
0,0,0,1,2,1,1,0,0,0,0,0,0,0
1,0,1,4,2,1,3,1,0,0,0,0,0,0
1,1,0,0,2,1,1,1,0,0,0,0,0,0
0,1,0,4,2,3,1,0,0,0,0,0,0,0
0,0,3,0,2,2,0,5,2,3,1,1,3,4
0,0,0,2,2,1,1,1,0,0,0,0,0,0
1,1,1,1,3,3,0,0,1,3,2,1,0,0
1,0,1,1,0,0,1,0,1,2,1,1,0,0
0,0,0,0,0,2,0,0,0,2,0,1,2,3
2,2,1,0,0,0,0,0,0,0,0,0,0,0
2,2,0,0,3,3,4,7,1,0,6,1,2,2
1,0,1,1,2,4,2,4,3,3,1,1,0,0
2,0,0,0,4,1,0,0,0,0,0,0,0,0
0,1,1,2,3,4,3,1,1,0,0,0,0,0
3,0,0,4,6,2,1,4,1,1,2,1,0,0
2,1,3,3,1,2,0,3,1,3,1,0,0,0
0,0,1,0,0,0,0,0,0,5,1,0,0,0
1,0,0,2,1,1,1,2,0,0,0,0,0,0
3,0,1,3,1,1,2,1,0,3,1,1,0,0
1,0,2,5,2,3,4,1,1,4,2,1,1,1
1,1,3,1,2,2,2,4,5,2,1,3,1,1
0,0,0,0,1,2,1,2,0,0,0,0,0,0
1,0,0,1,1,2,1,1,1,0,0,0,0,0
1,1,1,1,1,0,0,1,1,1,1,1,0,0
2,1,0,4,2,5,1,4,2,4,2,1,0,0
7,0,1,2,3,3,1,3,1,6,3,3,0,0
4,1,1,1,1,4,0,5,3,8,3,0,4,1
2,3,1,7,6,3,0,6,2,6,3,1,0,0
2,0,1,1,2,1,1,2,1,0,0,0,0,0
1,0,1,1,1,2,0,2,2,1,0,0,0,0
0,0,1,6,3,5,1,2,1,0,0,0,1,4
3,0,0,0,2,2,1,1,0,0,0,0,0,0
3,2,1,11,4,6,2,2,5,7,1,3,0,0
0,0,1,0,1,0,2,1,2,1,0,0,0,0
0,1,0,1,2,4,1,3,1,3,2,1,1,5
0,0,1,1,2,1,0,0,0,0,0,0,0,0
1,0,0,1,1,3,2,1,6,6,2,4,2,7
0,0,0,1,2,0,0,2,2,2,0,0,0,0
0,0,1,1,1,4,1,3,1,2,1,2,1,1
3,1,0,3,3,3,0,2,1,2,0,0,0,0
0,0,0,1,1,1,2,1,1,0,0,0,0,0
0,0,1,1,1,2,1,0,0,0,0,0,0,0
0,2,1,3,0,0,0,0,0,0,0,0,0,0
0,2,0,1,4,4,0,2,3,2,0,0,0,0
0,0,0,1,1,1,2,0,0,0,0,0,0,0
3,0,0,2,2,4,1,4,1,2,0,1,1,3
2,1,1,0,2,0,1,2,0,7,2,2,0,0
0,1,3,1,1,2,0,1,2,1,1,1,0,0
1,0,0,1,2,2,0,0,0,0,0,0,0,0
0,1,1,1,1,1,0,0,0,0,0,0,0,0
1,1,0,1,4,0,0,3,2,0,0,0,0,0
1,0,0,0,2,4,0,0,1,1,2,1,0,0
2,0,0,0,2,2,2,3,2,2,2,1,0,0
0,0,2,0,2,4,1,1,1,1,0,0,0,0
0,1,1,0,2,1,1,2,2,1,0,2,1,2
1,1,0,0,0,0,0,2,1,3,1,1,0,0
0,1,3,1,6,1,1,2,0,5,1,0,0,0
0,1,2,2,0,0,0,0,0,0,0,0,0,0
2,0,0,3,0,1,1,2,1,1,0,0,0,0
2,0,0,1,1,2,1,1,3,1,0,0,0,0
1,2,1,0,2,2,2,4,3,3,1,1,0,0
2,4,1,3,2,6,2,5,2,2,2,2,0,0
1,0,1,1,2,1,0,1,2,2,1,1,0,0
3,1,1,1,1,1,0,0,0,0,0,0,0,0
2,1,0,4,1,2,1,0,0,0,0,0,0,0
1,0,0,0,1,3,0,1,1,1,0,1,2,2
0,1,0,4,1,1,1,1,0,0,0,0,0,0
0,0,0,1,1,2,1,0,0,0,0,0,0,0
0,2,0,2,2,1,0,0,0,0,0,0,0,0
0,0,1,2,2,2,2,3,2,4,0,0,0,0
4,0,0,3,3,3,1,3,0,3,1,1,1,2
0,0,0,1,1,2,1,0,0,0,0,0,0,0
1,4,1,1,4,6,2,3,0,0,0,0,0,0
4,2,1,7,7,2,2,2,1,2,1,2,0,0
0,0,1,0,1,0,0,2,1,2,0,0,0,0
1,0,0,1,3,1,1,1,1,1,0,0,0,0
3,0,0,1,2,2,1,1,0,0,0,0,0,0
2,0,0,0,1,2,2,1,0,0,0,0,0,0
4,1,2,0,0,0,0,0,0,0,0,0,0,0
0,0,1,2,1,0,0,1,2,1,1,1,0,0
5,1,0,4,6,1,1,1,3,6,0,1,2,2
0,0,0,2,1,2,0,0,0,0,0,0,0,0
0,0,0,0,0,0,0,0,0,0,0,0,0,7
7,1,0,1,2,1,0,1,1,1,0,3,1,1
1,1,1,0,1,2,0,1,1,2,0,2,2,2
1,2,0,3,1,2,1,1,0,0,0,0,0,0
2,1,0,2,1,1,0,0,0,1,1,1,1,3
0,0,0,0,1,0,0,1,1,3,1,2,0,0
0,0,1,0,3,2,0,2,2,3,1,0,0,0
3,0,0,2,2,1,0,2,0,3,1,3,0,0
1,0,0,2,0,5,0,4,2,0,0,0,0,0
1,0,0,0,2,1,1,1,0,0,0,0,0,0
1,1,2,4,6,4,1,4,3,1,1,1,0,0
4,2,0,0,0,0,0,0,0,0,0,0,0,0
0,2,2,3,4,6,3,8,4,4,0,7,0,0
0,1,1,1,1,1,0,0,0,0,0,0,0,0
2,1,0,0,3,1,0,1,0,2,3,0,0,0
2,1,0,0,4,2,3,0,1,1,0,0,3,2
1,0,0,2,1,1,2,1,0,0,0,0,0,0
2,0,0,1,4,1,0,0,2,3,0,0,0,0
1,0,0,0,2,1,1,1,0,0,0,0,0,0
0,0,1,2,4,1,2,0,0,0,0,0,0,0
2,0,2,1,2,1,0,0,0,0,0,0,0,0
0,0,0,1,0,0,0,0,3,3,1,1,0,0
1,0,1,1,1,1,0,3,4,5,1,0,0,0
0,0,0,1,3,2,1,6,2,2,1,2,0,0
2,1,0,1,4,0,3,2,1,6,2,2,2,2
0,0,1,1,2,3,2,3,2,2,3,1,0,0
3,1,2,0,2,2,1,3,1,3,1,1,0,0
1,2,1,3,1,4,2,1,0,2,2,1,0,0
0,1,0,2,3,0,1,0,0,2,1,1,1,1
5,0,0,2,0,5,2,0,0,0,1,1,1,5
1,0,2,2,1,3,0,2,1,4,1,2,2,1
2,1,0,1,2,3,0,1,2,0,2,3,2,2
0,0,0,0,0,0,0,2,3,0,0,1,1,5
1,1,0,1,1,4,1,1,1,1,0,0,0,0
0,0,0,0,0,1,2,1,1,3,1,0,0,0
0,0,0,1,1,2,2,1,0,0,0,0,0,0
0,0,0,0,1,2,1,2,1,1,0,0,0,0
0,0,1,1,0,0,1,1,0,2,1,2,1,1
2,0,0,0,2,0,0,2,1,2,0,0,0,0
3,0,0,0,0,4,2,0,0,0,0,0,0,0
2,0,0,1,1,1,1,1,2,2,1,0,0,0
1,1,1,2,0,0,0,0,0,0,0,0,0,0
1,1,1,5,2,2,2,0,0,0,0,0,0,0
0,0,2,0,1,1,2,1,0,0,0,0,0,0
2,0,1,3,1,1,0,0,0,0,0,0,0,0
2,0,0,2,2,4,1,0,0,0,0,0,0,0
4,0,1,3,5,4,1,5,5,4,1,2,4,1
1,1,0,2,0,2,0,1,1,1,1,1,0,0
1,0,1,0,2,1,2,0,1,2,2,2,0,0
1,0,0,1,0,1,1,4,0,0,0,0,0,0
0,1,0,2,1,2,1,1,0,0,0,0,0,0
1,2,1,1,0,0,0,0,0,0,0,0,0,0
1,0,1,1,4,3,1,2,2,3,3,2,0,0
2,1,1,1,3,3,0,0,0,0,0,0,0,0
2,1,0,1,1,0,2,1,3,2,0,3,1,3
0,0,0,1,3,1,1,0,0,0,0,0,0,0
0,2,1,1,2,2,2,2,3,3,1,1,0,0
2,4,2,4,3,3,1,4,4,2,1,2,1,1
1,1,1,1,3,1,0,2,2,1,0,0,0,0
1,2,2,3,1,2,0,0,0,0,0,0,0,0
3,2,1,1,0,2,1,0,3,1,1,1,0,0
0,0,2,1,1,3,1,1,2,2,1,1,0,0
1,1,1,2,1,0,0,0,0,0,0,0,0,0
1,2,0,0,1,2,1,1,0,0,0,0,0,0
0,0,0,0,3,0,1,0,0,3,2,1,0,0
0,0,0,0,1,2,2,1,0,0,0,0,0,0
0,0,2,2,2,1,2,2,0,0,0,0,0,0
1,2,0,1,4,1,1,1,1,5,2,0,0,0
1,0,2,1,1,1,1,0,0,0,0,0,0,0
9,2,2,4,12,9,2,8,4,14,4,2,1,2
0,0,2,1,2,1,1,2,2,2,0,0,0,0
1,0,0,2,4,3,0,3,1,1,1,3,0,0
5,0,3,1,0,2,1,5,1,2,5,3,0,0
0,0,0,0,2,0,1,4,2,2,2,1,2,2
1,0,0,0,2,2,1,2,2,7,2,1,1,1
0,0,1,0,1,3,1,1,1,0,0,0,0,0
3,2,4,4,9,5,3,3,2,4,3,1,1,1
1,0,1,2,3,2,1,3,2,5,1,3,0,0
2,1,2,0,0,0,0,0,0,0,0,0,0,0
0,0,2,1,1,1,0,0,0,0,0,0,0,0
2,1,0,1,1,6,1,0,0,0,0,0,0,0
2,0,1,4,5,4,3,3,2,1,1,1,1,1
1,2,1,2,1,3,2,6,1,4,2,1,3,4
1,0,2,5,0,1,1,3,1,2,1,1,0,0
1,1,2,1,1,1,0,0,0,0,0,0,0,0
0,0,0,1,0,0,0,3,1,1,0,0,0,0
1,1,1,1,2,1,3,1,1,1,1,1,0,0
1,0,1,3,4,5,3,0,3,3,1,1,0,0
0,0,0,0,1,0,0,0,0,0,0,0,2,3
1,0,0,1,0,0,0,2,2,1,1,1,0,0
3,0,2,1,3,6,2,4,2,5,1,1,0,0
1,0,0,1,2,1,3,0,0,0,0,0,0,0
0,0,1,2,0,3,1,1,0,0,0,0,0,0
2,0,3,2,1,2,0,0,0,4,1,0,0,0
1,6,1,2,1,3,1,3,1,2,2,1,0,0
0,1,1,0,1,0,0,3,0,1,2,2,0,0
1,0,0,2,0,0,1,1,1,2,0,0,0,0
1,0,0,1,3,1,2,1,0,0,0,0,0,0
0,0,0,1,2,0,0,2,1,3,0,0,0,0
3,0,0,1,1,3,1,2,1,0,0,2,2,1
0,0,0,0,1,2,0,0,2,2,0,1,1,4
4,1,0,0,0,0,0,0,0,0,0,0,0,0
1,0,1,1,0,1,1,0,1,2,0,0,1,4
2,1,0,1,0,3,1,3,1,1,0,0,0,0
2,0,0,1,0,1,0,0,2,2,1,0,0,0
3,0,1,4,7,6,2,1,2,5,3,2,1,3
0,0,0,0,4,1,0,0,0,0,0,0,0,0
1,0,2,1,4,0,0,0,2,1,1,1,0,0
2,0,0,1,0,1,1,2,1,1,0,0,0,0
3,0,0,1,0,2,0,2,1,3,0,0,0,0
0,0,0,0,4,1,0,0,0,0,0,0,0,0
0,0,0,0,0,0,0,1,1,1,3,1,0,0
0,0,0,0,0,1,1,1,1,3,1,0,0,0
0,0,0,3,0,3,2,0,0,0,0,0,0,0
0,0,0,1,1,1,1,2,0,0,0,0,0,0
2,0,1,0,3,2,0,2,2,1,0,0,0,0
2,0,0,1,2,1,0,1,2,2,0,0,0,0
1,1,1,1,4,0,0,1,2,3,1,1,0,0
1,0,0,1,1,2,1,0,0,0,0,0,0,0
0,1,1,0,0,2,0,4,3,1,2,1,0,0
0,1,1,3,1,1,1,0,0,0,0,0,0,0
0,0,0,0,1,3,2,0,0,0,0,0,0,0
0,0,0,0,3,2,2,3,3,1,0,0,0,0
1,1,2,1,0,0,0,0,0,0,0,0,0,0
2,1,0,0,0,1,3,1,0,1,0,4,1,4
0,2,1,2,2,2,0,0,0,0,0,0,0,0
0,0,0,3,3,1,2,1,1,3,0,2,2,1
1,1,2,1,1,1,0,0,0,0,0,0,0,0
1,1,0,0,0,2,2,1,2,0,0,0,0,0
2,0,2,3,2,1,3,1,0,1,0,0,3,3
0,0,0,0,2,1,0,0,1,4,1,0,0,0
5,5,3,8,14,14,6,10,5,8,2,4,3,6
0,0,0,3,1,1,0,1,0,1,1,1,2,2
0,3,0,0,3,3,0,0,0,0,0,0,0,0
2,1,0,0,2,1,1,1,0,0,0,0,0,0
2,2,0,0,2,4,0,2,0,2,1,2,0,0
2,0,0,2,2,0,3,2,1,3,0,0,0,0
1,0,1,3,1,1,1,0,0,0,0,0,0,0
2,1,2,0,0,0,0,0,0,0,0,0,0,0
5,2,2,7,4,1,2,5,3,8,4,2,2,4
0,2,1,0,1,0,2,3,0,0,0,0,0,0
0,1,0,0,1,2,0,3,0,3,1,1,1,1
2,0,0,1,1,3,1,0,0,0,0,0,0,0
0,1,2,5,1,3,2,2,2,3,1,1,0,0
0,0,0,1,0,3,1,2,0,0,0,0,0,0
5,0,0,0,2,0,1,0,1,4,0,0,0,0
2,1,2,2,1,0,0,0,2,3,1,0,0,0
1,0,0,0,2,2,0,1,2,2,0,0,0,0
4,1,2,5,5,4,2,3,2,6,1,4,1,1
1,1,1,2,1,1,1,1,0,1,5,2,1,1
0,1,0,1,3,1,1,1,2,2,0,0,0,0
0,0,0,0,1,0,0,1,1,3,0,0,0,0
1,0,0,3,1,3,2,2,3,1,0,0,0,0
3,4,0,4,3,6,1,4,0,7,1,1,1,2
1,1,2,2,4,10,4,6,0,5,1,2,0,0
2,1,2,0,2,0,0,2,1,2,1,1,0,0
2,0,0,1,1,1,1,0,2,1,2,1,1,1
0,1,2,1,1,4,0,2,0,6,1,2,0,0
0,0,0,1,0,1,1,4,0,5,1,1,0,0
0,0,3,1,1,0,0,0,0,0,0,0,0,0
1,1,2,1,2,4,2,3,3,3,0,1,3,2
3,4,3,4,1,5,1,1,3,3,1,2,0,0
0,0,1,2,4,1,0,0,0,0,0,0,0,0
0,2,1,0,1,0,0,1,1,1,2,3,0,0
1,1,2,3,3,2,0,2,2,2,1,1,2,1
1,0,0,1,2,0,0,3,1,2,0,0,0,0
2,2,1,4,3,3,1,9,0,10,2,1,0,0
1,1,2,3,2,2,3,1,0,0,0,0,0,0
1,1,0,2,2,2,2,3,0,0,0,0,0,0
0,0,0,1,2,4,1,0,0,0,0,0,0,0
2,0,0,0,1,3,0,0,2,1,1,2,0,0
3,1,1,0,0,0,0,0,0,0,0,0,0,0
0,0,0,0,1,0,1,2,1,1,0,0,0,0
0,0,1,1,0,3,0,0,0,5,1,1,0,0
1,0,0,2,2,0,0,2,1,4,0,1,2,4
0,0,1,0,2,2,1,1,0,0,0,0,0,0
1,1,0,1,2,1,1,1,0,0,0,0,0,0
0,0,0,3,2,0,0,0,0,0,0,0,0,0
3,0,2,1,4,1,0,2,0,6,2,3,0,0
0,2,0,4,1,2,1,0,0,0,0,0,0,0
0,0,2,2,3,1,0,0,0,0,0,0,0,0
0,1,0,1,2,2,1,5,4,4,4,1,0,0
0,1,0,1,0,0,0,0,0,2,1,1,1,1
1,0,0,0,2,4,1,1,0,0,0,0,0,0
0,0,0,4,2,2,0,0,0,0,0,0,0,0
1,0,0,1,2,2,1,0,0,0,0,0,0,0
3,0,0,1,3,1,0,0,0,0,0,0,0,0
4,2,0,4,4,3,0,5,1,5,1,1,0,0
1,0,0,0,2,2,0,1,1,1,0,2,3,1
1,0,2,2,0,3,1,1,1,0,0,0,0,0
5,0,0,1,2,2,0,0,0,2,2,1,0,0
0,1,0,0,1,0,0,2,1,1,2,1,0,0
1,3,0,3,4,4,3,3,8,2,0,2,2,2
0,0,1,1,1,0,1,4,2,0,0,0,0,0
0,1,0,0,2,1,1,1,0,0,0,0,0,0
0,0,0,0,2,2,1,1,0,0,0,0,0,0
3,0,0,4,3,3,1,0,4,3,1,2,2,3
0,0,1,0,2,0,2,1,1,2,0,0,0,0
0,0,0,0,0,3,1,1,2,2,0,0,0,0
0,0,0,0,0,0,0,0,0,2,1,2,0,0
1,0,0,0,4,0,0,0,0,2,1,2,0,0
2,1,1,1,2,1,0,0,0,0,0,0,0,0
0,0,0,1,1,1,1,0,2,1,1,1,0,0
1,0,1,0,2,1,1,1,1,1,0,0,0,0
2,1,0,0,1,3,1,1,1,3,0,0,0,0
5,2,1,1,2,1,1,0,0,2,2,1,2,1
1,1,0,1,0,1,1,3,2,3,1,3,0,0
0,1,2,0,1,1,0,2,0,3,1,1,0,0
0,0,2,1,0,2,0,0,1,3,2,2,2,2
0,0,1,2,1,3,1,2,0,0,0,0,0,0
0,0,0,2,1,0,2,3,3,4,2,1,2,1
2,0,1,1,1,0,1,2,2,0,2,3,0,0
3,0,0,4,2,1,1,2,1,1,1,2,0,0
0,0,0,1,1,1,1,2,1,2,1,1,0,0
0,1,0,3,4,6,2,0,2,3,2,3,2,3
1,0,1,0,1,0,0,3,1,1,1,1,0,0
0,2,0,0,1,0,2,3,0,2,1,2,0,0
3,0,0,4,2,1,2,3,0,0,0,0,0,0
0,0,0,0,2,2,1,1,1,1,0,0,0,0
4,3,0,0,4,2,2,1,3,1,0,0,0,0
0,1,0,1,1,1,0,1,3,3,0,1,1,4
3,0,0,1,2,3,0,0,0,0,0,0,0,0
0,1,0,1,1,0,2,2,1,1,1,1,0,0
1,0,0,1,2,1,1,1,1,0,0,0,0,0
1,0,1,3,3,1,3,0,6,2,2,1,0,0
0,0,2,0,0,0,2,1,2,2,0,0,0,0
0,0,0,1,1,1,1,2,0,0,0,0,0,0
1,1,1,1,5,1,0,3,0,1,1,3,0,0
1,0,1,2,1,1,0,1,1,2,1,0,0,0
0,2,0,3,2,2,3,2,3,1,1,1,0,0
1,2,1,2,1,4,2,1,0,0,0,0,0,0
1,0,1,1,2,1,0,0,0,0,0,0,0,0
0,1,0,0,1,1,0,1,1,1,2,0,0,0
0,1,0,1,1,3,1,1,1,0,0,0,0,0
1,0,0,0,1,3,0,0,0,0,0,0,2,3
1,0,0,2,1,2,1,0,0,0,0,0,0,0
0,0,0,1,2,2,0,0,0,0,0,0,0,0
6,2,5,7,9,15,3,7,2,10,0,5,4,5
0,2,0,1,2,3,1,0,0,0,0,0,0,0
5,2,3,6,8,6,2,1,2,5,2,5,2,1
1,0,1,0,1,2,2,1,3,0,1,1,1,2
0,0,0,0,0,0,0,0,0,3,1,1,0,0
2,2,0,0,1,1,0,1,2,2,0,0,0,0
0,0,0,0,0,0,0,0,0,0,0,0,1,4
0,0,0,2,1,2,1,1,1,1,2,1,0,0
0,0,0,1,1,4,1,0,0,0,0,0,0,0
0,0,0,1,1,1,2,1,1,1,0,0,0,0
1,1,2,1,1,3,1,1,2,1,0,0,0,0
2,3,5,1,3,4,1,6,2,7,1,3,0,0
0,0,0,1,1,3,0,1,1,2,0,3,2,2
1,0,0,2,0,0,1,2,1,1,1,2,0,0
0,2,1,0,1,0,0,0,3,0,1,1,2,2
0,0,1,1,3,1,1,2,1,1,1,3,0,0
1,1,2,2,2,3,3,2,1,1,0,0,0,0
1,0,0,0,0,1,0,1,0,3,1,1,0,0
2,0,1,1,3,1,1,1,0,0,0,0,0,0
0,0,0,1,0,0,0,0,0,0,0,1,4,2
1,0,0,2,3,4,4,1,0,0,0,0,0,0
1,0,0,0,1,2,0,2,1,2,0,0,0,0
3,1,0,1,3,6,3,2,1,0,0,0,0,0
0,0,0,0,0,4,1,0,0,5,1,1,0,0
1,1,0,3,3,4,0,1,3,1,0,0,0,0
1,0,0,0,1,2,1,1,1,1,0,0,0,0
1,0,0,0,2,2,1,2,4,1,0,0,0,0
1,2,2,11,10,8,3,2,4,12,3,3,1,2
1,0,0,0,1,1,2,1,0,0,0,0,0,0
2,1,0,4,0,1,1,3,1,0,0,2,1,2
3,2,0,1,0,1,0,2,0,3,1,1,2,2
1,0,1,0,5,2,1,2,0,5,1,0,0,0
1,0,2,1,4,3,1,2,0,1,2,0,3,2
0,3,1,4,1,4,3,1,0,0,0,0,0,0
0,0,0,0,0,0,0,0,0,1,0,0,3,3
0,0,0,0,0,0,0,0,0,0,0,0,0,22
1,0,0,0,0,0,3,0,0,3,1,2,0,0
2,0,0,0,0,2,1,3,2,0,0,0,0,0
1,0,0,0,5,7,0,0,4,6,1,2,0,0
2,1,1,1,3,2,0,0,0,0,0,0,0,0
1,2,1,2,0,2,1,1,1,1,1,2,0,0
1,1,1,0,1,2,0,4,1,2,2,1,2,1
1,0,0,1,0,3,0,0,0,2,1,1,1,1
2,0,0,1,3,3,0,0,0,0,0,0,0,0
0,0,1,2,2,1,0,0,0,0,0,0,0,0
3,0,2,2,3,1,0,0,0,0,0,0,0,0
2,1,1,0,4,1,0,0,1,3,2,1,1,1
1,0,0,2,1,1,4,1,1,1,0,0,0,0
3,1,0,2,3,2,0,1,1,1,1,1,0,0
0,0,0,0,4,1,1,1,0,0,0,0,0,0
0,1,1,0,1,1,1,4,1,0,0,3,1,2
0,0,0,0,3,1,1,2,2,3,1,1,0,0
3,0,1,1,1,4,0,3,0,0,1,0,1,4
1,0,2,1,1,4,1,1,1,1,1,1,0,0
0,0,0,0,8,0,0,0,2,8,0,0,0,0
1,0,0,2,2,1,0,0,0,0,0,0,0,0
0,1,1,1,3,2,1,0,3,1,1,3,0,0
1,0,0,3,3,1,1,1,0,0,0,0,0,0
2,0,0,1,1,3,2,3,0,0,0,0,0,0
2,0,1,1,2,2,1,1,2,1,0,0,0,0
1,0,1,1,0,1,0,1,2,1,1,0,0,0
4,2,1,0,5,5,3,3,6,4,1,1,2,3
0,1,1,1,2,1,0,0,0,0,0,0,0,0
3,0,2,0,2,1,0,1,1,1,2,1,0,0
10,4,9,14,19,19,8,12,4,16,3,4,6,5
3,1,0,1,3,2,1,2,0,0,0,0,0,0
1,0,1,1,3,2,1,1,0,0,0,0,0,0
0,0,0,1,4,1,0,0,0,0,0,0,0,0
0,0,1,1,1,1,1,0,0,0,0,0,0,0
1,0,0,0,0,1,0,0,0,2,1,2,0,0
0,1,0,3,1,3,0,2,2,2,1,1,0,0
0,0,0,1,1,1,0,1,3,2,2,1,0,0
0,0,1,2,1,2,1,0,0,0,0,0,0,0
3,1,2,5,6,6,1,2,0,1,1,2,1,3
1,1,0,1,4,1,1,2,2,2,0,0,0,0
2,0,0,0,0,1,0,1,2,1,0,0,2,3
2,1,2,0,0,0,2,1,1,2,1,0,0,0
2,0,0,0,2,4,1,1,0,0,0,0,0,0
0,1,0,1,0,0,0,3,1,1,0,0,0,0
4,1,1,1,6,11,2,5,5,3,1,1,3,2
0,0,0,0,0,0,0,0,0,0,0,0,1,5
1,0,2,1,1,5,3,2,1,2,2,2,0,0
2,0,1,0,0,0,0,0,3,2,0,0,0,0
0,0,2,1,0,2,1,0,0,0,1,1,1,2
1,1,3,4,1,3,3,7,1,2,2,4,0,0
1,0,1,1,3,5,3,1,0,0,0,0,0,0
2,1,1,1,2,2,1,2,2,1,0,0,0,0
1,0,1,3,4,3,0,1,0,5,1,1,0,0
0,0,0,2,4,1,0,2,0,3,1,1,1,1
1,1,1,3,5,1,1,5,2,2,1,3,0,0
0,0,0,2,3,2,1,1,0,0,0,0,0,0
1,2,0,2,1,2,0,0,0,0,0,0,0,0
0,0,1,1,3,4,0,1,2,2,0,0,0,0
1,0,0,0,2,1,1,1,0,0,0,0,0,0
2,0,0,1,1,3,0,2,3,0,2,2,1,5
2,0,1,1,2,1,0,0,0,0,0,0,0,0
2,0,1,1,3,0,1,2,2,4,1,1,0,0
0,1,1,2,1,0,0,0,0,0,0,0,0,0
0,1,0,2,0,3,1,2,0,0,0,0,0,0
0,2,1,1,1,0,0,0,0,0,0,0,0,0
9,4,4,12,5,9,4,6,5,13,2,1,0,0
2,0,2,3,1,4,1,5,1,5,1,0,0,0
0,0,0,0,1,0,0,0,0,3,1,1,0,0
2,1,1,1,3,1,0,2,2,1,0,0,0,0
0,0,0,1,0,0,0,1,0,1,0,0,3,2
0,0,0,0,2,2,2,1,0,0,0,0,0,0
1,1,1,2,0,0,0,0,0,0,0,0,0,0
5,0,0,8,1,2,4,3,4,8,1,3,0,0
2,1,1,2,5,3,1,1,4,4,0,0,0,0
0,0,0,3,1,2,1,4,0,9,3,1,2,4
3,2,3,2,4,4,1,0,2,2,1,2,0,0
2,0,0,0,1,1,2,2,1,2,0,0,0,0
2,1,0,1,1,1,1,1,0,0,0,0,0,0
1,1,1,1,0,0,0,2,1,1,1,0,0,0
3,0,0,0,0,1,1,1,4,2,1,1,0,0
1,0,0,1,2,2,0,0,0,0,0,0,0,0
0,0,0,1,1,1,0,0,1,2,2,1,1,1
2,0,0,1,1,8,0,5,3,3,1,1,2,2
2,0,2,2,1,1,0,0,0,0,0,0,0,0
2,1,0,1,1,0,2,1,1,1,2,1,0,0
1,1,1,2,2,3,1,1,0,2,1,1,1,1
1,2,1,0,0,2,1,2,2,1,2,2,0,0
3,0,0,3,5,3,1,1,0,0,0,0,0,0
0,0,2,0,1,2,2,2,0,0,0,0,0,0
0,0,0,2,1,0,0,2,1,2,0,0,0,0
1,0,1,3,2,2,3,6,1,4,6,4,3,3
0,0,0,0,1,1,0,0,1,2,0,0,2,4
1,0,1,0,2,4,0,1,3,4,1,0,0,0
2,0,0,1,2,2,1,0,0,0,0,0,0,0
2,0,0,1,2,3,1,0,3,2,0,2,1,2
0,1,0,4,1,1,0,0,0,0,0,0,0,0
1,0,0,0,1,1,0,1,2,3,1,1,1,3
1,0,1,0,1,0,0,2,0,5,0,0,0,0
1,0,0,2,1,1,1,4,1,2,1,1,0,0
0,1,1,0,1,3,1,1,1,1,0,0,0,0
4,0,0,3,2,2,0,0,0,0,0,0,0,0
0,0,1,0,0,1,0,4,1,6,0,2,1,2
2,1,1,2,1,1,0,0,0,0,0,0,0,0
1,0,0,2,2,1,0,0,0,0,0,0,0,0
8,3,0,5,5,4,6,5,3,5,2,2,2,3
0,1,0,0,1,2,0,4,1,1,0,0,0,0
0,0,0,1,3,1,0,0,0,0,0,0,0,0
2,1,0,2,4,0,0,3,1,1,0,0,0,0
0,0,1,0,1,1,2,1,0,0,0,0,0,0
0,0,2,1,1,0,0,1,2,2,2,0,0,5
2,0,0,0,3,1,2,0,0,0,0,0,0,0
1,0,0,1,0,0,0,0,0,1,1,1,1,1
1,1,0,1,2,3,0,1,2,1,1,1,0,0
0,1,0,0,4,2,1,3,2,3,1,2,3,2
0,0,0,0,1,3,0,1,1,2,1,2,0,0
1,1,0,0,3,3,1,0,0,0,0,0,0,0
2,0,0,0,1,0,0,3,3,1,0,0,0,0
0,1,0,2,1,1,1,0,0,0,0,0,0,0
0,0,0,1,0,1,0,0,0,2,2,1,0,0
5,4,0,7,5,6,6,2,4,9,1,3,0,0
2,0,3,3,1,6,0,1,3,2,2,2,0,0
2,0,0,2,2,3,0,0,0,0,0,0,0,0
0,0,0,2,0,2,0,1,2,2,1,1,0,0
2,0,1,0,1,1,1,0,0,0,3,2,0,0
0,1,1,1,2,1,0,0,0,0,0,0,0,0
0,0,0,0,0,2,2,1,0,0,0,0,0,0
1,2,0,1,2,2,0,0,0,0,0,0,0,0
0,0,1,2,1,1,1,1,1,2,0,0,0,0
1,1,0,1,2,1,0,3,2,1,0,0,0,0
0,0,1,0,0,0,3,0,1,2,1,1,0,0
0,0,1,1,1,2,0,0,0,0,0,0,0,0
2,0,1,0,1,3,1,0,3,2,2,2,0,0
1,0,0,1,0,2,0,0,2,0,1,1,1,2
2,0,1,1,2,1,2,4,1,2,0,0,0,0
0,1,1,3,1,2,1,3,0,2,1,3,0,0
3,3,0,0,0,0,0,0,0,0,0,0,0,0
1,0,0,1,3,1,0,0,0,0,0,0,0,0
0,0,0,1,2,1,2,1,0,0,0,0,0,0
0,0,0,0,2,3,1,1,1,1,1,0,0,0
1,1,1,2,1,1,0,0,0,0,0,0,0,0
0,0,0,1,1,0,0,0,1,1,1,2,0,0
2,0,0,1,3,2,0,1,1,3,1,0,0,0
6,2,3,4,7,7,3,7,6,7,4,2,2,5
0,0,1,1,3,2,1,1,0,0,0,0,0,0
1,0,0,1,0,1,1,2,1,0,0,0,0,0
1,0,1,2,0,2,1,1,1,2,1,0,0,0
1,3,1,3,6,5,0,4,0,3,0,2,1,4
1,1,0,0,2,2,0,0,2,3,0,0,0,0
0,0,2,1,5,1,3,2,3,4,1,1,0,0
1,1,1,0,2,1,2,4,1,3,0,0,0,0
0,5,0,0,0,0,0,0,0,0,0,0,0,0
3,1,2,1,3,0,1,2,1,1,0,0,4,1
1,1,1,0,8,0,1,1,1,1,1,1,0,0
1,0,1,1,2,2,2,1,1,0,0,0,0,0
1,0,1,1,0,2,1,2,0,0,0,0,0,0
0,1,0,0,0,0,0,0,1,1,0,2,1,2
3,0,2,0,2,3,1,1,0,0,0,0,0,0
3,2,2,1,0,3,3,1,0,0,0,0,0,0
1,0,0,0,3,1,2,0,0,0,0,0,0,0
2,1,1,1,1,0,0,3,1,1,1,0,2,3
0,0,0,0,3,2,0,0,0,0,0,0,0,0
2,0,0,2,6,2,0,2,3,4,1,3,2,2
2,0,1,0,0,2,1,1,0,3,1,1,0,0
0,0,0,0,3,1,1,1,0,0,0,0,0,0
1,0,1,0,2,0,0,2,4,1,1,1,0,5
0,0,1,0,3,1,0,0,0,1,1,3,0,0
2,1,0,0,0,1,0,3,1,2,0,0,0,0
1,0,0,0,0,2,1,1,1,1,0,0,0,0
0,2,1,1,1,0,0,0,0,0,0,0,0,0
1,1,0,2,1,1,1,0,0,0,0,0,0,0
1,1,2,8,12,5,7,2,3,11,2,3,3,3
3,1,1,1,0,0,0,0,0,0,0,0,0,0
1,1,0,1,1,2,1,0,0,0,0,0,0,0
0,0,0,0,2,0,1,2,1,1,0,0,0,0
1,0,0,0,0,3,1,1,0,0,0,0,0,0
0,2,0,2,0,1,0,1,0,2,0,0,1,4
1,0,0,1,0,4,2,1,0,0,0,0,0,0
3,1,0,0,2,2,0,3,2,2,1,2,0,0
3,0,0,1,1,2,1,2,1,1,0,0,0,0
0,1,1,1,3,1,1,0,0,0,0,0,0,0
0,0,0,2,1,0,1,1,2,1,0,0,0,0
2,1,1,2,1,0,2,1,1,2,0,0,0,0
0,0,0,2,1,2,0,0,0,0,0,0,0,0
5,1,0,9,7,6,2,1,2,6,3,2,1,3
0,0,0,1,0,2,0,2,1,1,1,0,0,0
3,1,0,4,2,2,1,4,6,1,1,0,0,0
0,3,1,1,1,1,0,0,0,0,0,0,0,0
0,0,2,2,1,4,0,2,1,2,0,0,0,0
0,2,0,2,6,2,1,3,1,6,0,1,2,3
1,1,0,0,2,2,1,2,0,0,0,0,0,0
0,0,0,1,2,3,1,1,1,4,0,0,0,0
0,1,0,2,4,4,2,2,2,6,3,2,2,2
0,0,1,0,4,1,1,0,0,0,0,0,0,0
0,0,1,1,0,2,0,3,1,3,1,1,0,0
0,0,0,2,1,2,0,0,0,0,0,0,0,0
2,1,3,0,5,0,1,1,3,3,3,2,0,0
5,0,0,0,0,1,1,1,0,2,3,1,0,0
3,0,2,1,3,0,1,1,1,3,1,2,0,0
2,2,1,2,2,2,1,1,1,1,1,1,1,1
1,0,0,1,4,1,1,0,0,0,0,0,0,0
2,1,1,3,1,0,0,0,3,5,1,5,0,0
0,0,0,0,0,0,0,0,0,0,0,0,2,3
0,1,0,1,4,2,1,2,0,2,2,0,3,2
1,0,0,0,1,0,0,0,0,1,0,1,1,3
1,1,1,1,1,1,1,1,0,0,0,0,0,0
2,1,0,3,4,5,1,1,1,1,1,1,0,0
1,0,1,0,1,1,1,4,2,2,1,2,0,0
4,2,0,5,3,2,2,2,4,2,1,1,2,2
3,0,0,3,0,3,1,0,2,2,1,1,2,1
1,0,0,0,1,1,2,1,0,0,0,0,0,0
2,0,1,3,1,2,1,1,1,0,0,0,0,0
1,0,0,1,2,1,1,1,1,1,1,1,0,0
1,0,0,0,1,3,1,0,0,0,0,0,0,0
3,3,0,5,4,6,2,2,2,2,0,0,0,0
3,1,1,0,0,0,0,0,0,0,0,0,0,0
4,1,0,0,0,0,0,0,0,0,0,0,0,0
0,1,1,0,0,0,0,0,3,1,1,2,0,0
2,0,1,2,2,0,0,0,0,0,0,0,0,0
1,0,0,0,0,2,2,1,1,1,1,0,0,0
2,3,0,0,0,0,0,0,0,0,0,0,0,0
1,1,0,1,0,0,0,2,1,2,0,0,0,0
3,0,0,0,1,0,0,2,1,1,1,1,0,0
1,0,0,2,0,1,0,2,1,1,3,1,0,0
0,0,0,0,2,1,1,2,1,2,0,0,0,0
0,0,0,0,1,0,0,1,0,3,1,2,0,0
0,1,0,0,1,0,2,3,5,4,1,1,2,1
0,0,2,1,2,2,0,0,0,0,0,0,0,0
3,1,1,8,4,4,2,7,2,4,1,0,0,0
2,0,0,1,2,2,0,2,3,2,0,0,0,0
4,1,0,2,3,3,1,1,3,1,1,1,0,0
0,0,0,0,0,0,0,0,0,0,0,0,0,6
2,0,2,0,2,1,0,0,0,1,2,1,1,1
0,0,0,0,3,1,1,1,0,0,0,0,0,0
0,0,0,1,3,4,2,4,0,3,0,2,2,3
2,0,0,1,5,1,0,0,0,0,0,0,0,0
1,0,0,2,5,4,1,1,0,0,0,0,0,0
4,0,1,9,3,2,3,9,3,1,0,0,0,0
1,0,1,1,2,2,1,1,1,0,0,0,0,0
0,1,0,1,2,1,1,1,0,0,0,0,0,0
0,1,2,3,4,4,2,2,0,0,0,0,0,0
1,0,0,1,4,0,1,2,2,1,0,0,0,0
2,0,0,1,1,1,0,1,0,4,0,0,3,2
3,0,0,0,2,1,1,1,0,0,0,0,0,0
2,0,0,2,0,1,1,4,1,2,0,0,0,0
1,2,0,0,3,1,2,0,0,0,0,0,0,0
4,0,2,4,2,4,0,0,1,6,2,2,1,2
1,0,0,0,1,0,0,0,3,1,1,0,0,0
6,1,1,2,9,5,2,1,2,2,1,0,0,0
1,1,2,6,4,2,2,1,3,3,0,0,0,0
1,0,1,0,2,3,1,1,1,3,3,3,0,0
3,0,1,3,2,2,0,3,0,3,1,1,0,0
1,1,1,2,1,2,1,0,1,3,1,1,0,0
0,0,0,0,0,1,0,1,1,0,0,0,1,5
1,1,2,1,2,2,1,3,1,3,2,1,0,0
2,0,1,0,2,1,2,1,1,1,0,0,0,0
0,0,0,0,0,2,0,1,2,0,1,2,1,1
0,0,0,1,3,2,0,0,0,0,0,0,0,0
0,2,0,2,1,2,0,0,0,0,0,0,0,0
1,0,1,0,0,4,1,3,2,2,1,2,0,0
1,0,0,0,1,0,0,0,1,1,1,2,0,0
0,0,0,4,3,2,0,0,0,0,0,0,0,0
0,0,1,0,0,0,0,0,1,2,1,2,1,1
0,0,0,1,3,1,1,1,0,0,0,0,0,0
0,0,2,0,2,1,0,0,0,6,1,1,0,0
0,1,1,2,1,1,0,0,0,0,0,0,0,0
1,0,0,1,0,2,0,3,1,1,0,0,0,0
1,0,0,0,2,2,1,0,0,0,0,0,0,0
2,2,1,0,1,3,1,0,0,0,0,0,0,0
0,0,0,1,2,2,0,0,0,0,0,0,0,0
4,1,3,3,0,0,0,0,0,0,0,0,0,0
4,1,1,1,1,1,0,1,4,3,1,0,0,0
1,0,0,1,0,2,0,1,0,0,0,1,2,2
1,0,0,0,2,3,0,1,0,0,1,1,1,3
3,1,4,1,9,3,3,3,2,3,1,0,0,0
1,0,1,3,1,1,0,0,0,0,0,0,0,0
7,2,4,5,11,5,5,5,4,5,1,1,0,0
4,0,1,3,2,2,1,2,1,3,2,1,2,1
0,0,1,2,3,1,0,0,0,0,0,0,0,0
0,2,1,2,3,2,1,1,2,1,1,1,0,0
5,3,0,1,1,2,3,1,1,1,3,1,0,0
0,1,0,0,0,1,1,1,1,1,0,0,0,0
0,0,1,0,0,2,1,2,0,0,0,0,0,0
1,0,0,2,3,4,1,1,1,2,0,0,0,0
0,1,1,2,1,1,0,0,0,0,0,0,0,0
1,0,1,3,1,0,2,2,1,1,0,0,0,0
0,0,1,0,2,2,1,0,0,0,0,0,0,0
0,0,1,1,0,0,0,2,1,1,1,1,0,0
1,0,1,0,0,1,1,0,2,3,0,0,0,0
0,0,1,0,0,2,1,2,0,0,0,0,0,0
1,1,1,1,4,3,0,1,2,3,1,2,0,0
2,0,0,1,1,1,1,1,0,0,0,0,0,0
2,1,0,0,2,4,1,0,4,2,1,0,3,2
0,0,0,0,2,2,1,3,2,3,3,0,4,5
1,0,1,0,0,1,1,2,0,3,1,2,0,0
0,1,1,2,1,2,0,1,2,1,1,1,0,0
1,0,0,0,1,2,2,1,0,0,0,0,0,0
2,0,1,0,1,2,2,1,0,0,0,0,0,0
6,3,6,9,13,6,11,17,4,12,3,3,2,4
1,0,0,0,2,3,0,0,0,0,1,0,0,6
0,0,1,0,0,0,0,0,0,3,2,0,3,2
1,2,0,0,4,1,0,0,0,0,0,0,0,0
2,0,0,1,3,3,1,3,3,2,1,1,0,0
1,0,0,3,1,3,1,2,1,1,2,1,0,0
2,1,1,1,3,0,1,3,1,3,1,3,0,0
1,2,0,2,2,1,2,1,0,0,0,0,0,0
0,0,0,0,0,1,1,0,1,4,0,0,0,0
2,1,3,1,1,1,1,2,2,1,2,1,0,0
1,0,0,2,1,6,0,2,1,2,0,0,0,0
2,0,1,2,1,2,1,1,3,6,1,1,0,0
3,0,0,1,0,2,1,1,1,0,0,0,0,0
0,0,0,0,3,5,0,4,2,4,4,5,4,3
2,1,2,2,3,3,0,1,0,2,1,2,0,0
1,0,1,1,0,3,1,1,0,0,1,1,1,2
0,2,1,2,1,1,2,1,1,1,0,0,0,0
1,1,0,2,1,1,1,1,0,0,0,0,0,0
1,1,3,4,3,1,0,3,2,4,1,2,0,0
0,0,0,0,1,0,0,3,1,1,0,0,0,0
0,0,1,1,2,1,0,0,0,0,0,0,0,0
2,1,0,1,1,2,1,2,1,1,0,0,0,0
0,0,0,0,1,1,3,3,1,1,1,0,0,0
1,1,0,1,3,1,1,2,2,1,1,0,0,0
0,0,0,3,1,3,1,1,0,0,0,0,0,0
0,0,3,3,8,3,0,8,4,3,1,3,0,0
1,0,1,0,0,4,0,1,0,3,1,1,0,0
0,1,1,3,2,0,0,0,0,0,0,0,0,0
1,0,0,0,2,0,0,1,1,3,0,0,0,0
0,0,1,0,1,2,0,0,1,4,1,3,0,0
0,0,0,0,0,0,0,0,0,0,0,1,1,3
2,1,2,0,5,2,0,0,0,0,0,0,0,0
2,1,0,5,7,9,0,3,4,6,1,1,3,1
0,0,0,3,2,2,1,0,0,0,0,0,0,0
0,0,1,1,0,1,0,0,1,3,1,0,0,0
0,0,0,1,0,1,2,0,1,5,1,1,1,1
1,0,3,1,2,1,0,0,0,0,0,0,0,0
2,0,0,0,4,1,1,0,0,0,0,0,0,0
1,0,0,2,0,0,2,1,1,2,2,1,0,0
3,1,1,1,2,0,4,1,1,1,1,4,2,1
1,1,1,1,0,3,2,1,1,0,0,0,0,0
1,0,0,0,0,0,0,0,1,3,4,1,0,0
1,0,1,1,1,5,1,1,0,0,0,0,0,0
0,1,1,1,1,2,1,1,0,0,0,0,0,0
1,0,0,2,1,2,0,0,0,0,0,0,0,0
1,0,1,2,2,3,0,6,0,0,0,0,0,0
2,0,1,1,0,2,2,3,2,2,0,0,0,0
0,0,0,0,0,3,1,2,0,0,0,0,0,0
3,0,0,2,3,2,1,2,1,0,0,0,0,0
1,1,0,1,1,1,1,0,2,2,1,1,2,1
3,0,1,1,4,1,2,1,1,5,1,1,0,0
1,0,1,0,0,2,1,2,0,0,0,0,0,0
1,0,2,1,2,0,1,1,0,5,1,1,0,0
0,0,1,0,3,2,1,1,0,0,0,0,0,0
2,2,1,1,0,0,0,0,0,0,0,0,0,0
1,0,0,2,1,2,1,1,0,0,0,0,0,0
3,1,2,2,1,5,1,4,2,1,0,0,0,0
5,0,1,1,2,3,1,0,0,0,0,0,0,0
1,0,0,0,1,3,1,1,1,1,1,2,0,0
0,2,0,2,1,1,1,0,0,0,0,0,0,0
1,0,1,1,2,1,0,0,0,0,0,0,0,0
4,0,1,4,1,3,0,0,1,3,1,2,0,0
2,1,0,1,0,0,0,1,2,1,1,1,0,0
0,0,0,2,1,2,0,0,0,0,0,0,0,0
2,0,0,1,1,1,2,2,0,0,0,0,0,0
1,1,0,1,2,9,5,5,7,13,1,3,5,1
4,0,1,1,1,2,1,1,2,1,0,0,0,0
1,0,2,0,3,2,0,0,0,0,0,0,0,0
3,0,0,2,2,2,1,0,0,0,0,0,0,0
1,1,1,3,2,3,4,2,2,1,1,1,0,0
0,0,0,1,1,0,0,3,3,1,2,1,0,0
0,1,0,2,1,3,2,1,0,0,0,0,0,0
0,0,0,1,2,3,0,0,0,0,0,0,0,0
1,0,0,1,1,1,1,2,1,2,1,1,2,1
2,0,2,1,2,1,1,1,0,0,0,0,0,0
4,2,0,5,5,10,4,8,3,11,4,5,1,3
2,1,1,4,3,2,0,0,0,0,0,0,0,0
1,1,0,1,2,1,1,0,0,0,0,0,0,0
0,0,0,1,2,2,0,0,0,0,0,0,0,0
1,0,0,3,1,3,1,1,1,1,2,2,0,0
1,2,1,2,1,0,1,2,2,0,0,0,0,0
3,2,2,4,8,8,2,4,3,5,1,1,3,3
1,0,0,3,3,2,0,1,1,1,1,1,0,0
1,0,1,4,0,0,0,0,0,0,0,0,0,0
2,0,0,0,2,1,1,1,1,1,0,0,0,0
0,1,0,1,0,1,0,0,0,3,1,1,0,0
0,0,2,0,0,1,2,1,1,0,0,0,0,0
1,0,0,3,0,2,0,3,1,1,0,0,0,0
5,0,0,0,1,3,2,2,0,0,0,0,0,0
0,0,0,0,1,0,0,0,0,0,0,0,1,4
2,1,2,2,10,6,1,2,4,0,0,1,4,1
1,0,1,2,1,1,1,0,0,0,0,0,0,0
2,1,0,1,2,1,2,1,0,0,0,0,0,0
0,0,0,0,1,3,0,0,2,0,0,0,3,2
2,0,1,1,1,3,0,2,1,1,1,0,0,0
2,1,1,1,0,2,3,4,1,1,0,2,2,3
1,0,0,0,1,0,1,1,2,3,0,3,2,1
3,3,0,1,3,11,1,2,2,6,1,2,0,0
2,1,0,0,0,4,1,1,0,0,0,0,0,0
0,0,0,0,0,1,2,1,1,3,0,5,0,0
1,0,2,2,0,2,0,2,1,2,2,2,0,0
3,0,0,2,3,1,0,0,1,2,2,1,1,2
2,0,0,3,1,1,0,0,0,0,0,0,0,0
0,1,0,1,2,1,1,1,1,1,0,0,0,0
3,0,0,1,3,1,1,1,0,0,0,1,2,2
3,1,1,0,0,0,0,0,0,0,0,0,0,0
0,0,0,1,3,2,1,2,0,0,0,0,0,0
0,0,2,0,2,0,0,2,0,1,0,2,1,2
0,0,0,4,0,0,0,2,0,2,1,0,2,5
1,2,2,2,1,1,2,0,1,3,1,6,0,0
0,1,0,1,0,0,5,1,0,0,0,0,0,0
1,0,0,2,3,2,3,1,1,2,1,0,0,0
3,1,1,1,0,0,0,0,0,0,0,0,0,0
1,0,0,0,3,1,3,3,1,2,0,0,0,0
2,2,2,4,10,6,3,8,2,6,5,2,1,1
0,1,0,0,3,2,0,0,0,0,0,0,0,0
0,0,0,1,0,1,0,2,1,2,0,0,0,0
1,0,0,1,5,1,0,0,0,0,0,0,0,0
1,1,0,0,2,2,2,1,1,0,0,0,0,0
0,0,0,0,1,0,2,1,2,4,1,0,0,0
1,0,0,1,2,3,1,2,3,5,1,3,0,0
1,2,3,1,0,0,0,0,0,0,0,0,0,0
2,1,0,2,2,2,1,4,2,6,0,0,0,0
0,0,0,2,2,1,0,0,0,0,0,0,0,0
2,1,1,2,1,0,0,0,0,0,0,0,0,0
0,0,1,2,0,5,1,2,0,0,0,0,0,0
1,4,1,3,2,3,1,4,1,2,2,0,5,4
0,0,0,1,1,1,0,0,0,3,1,1,1,3
2,0,1,1,3,1,0,3,2,1,1,5,0,0
3,3,1,3,1,2,1,1,1,3,1,4,0,0
1,1,2,2,3,4,3,2,1,6,1,2,1,2
0,0,0,1,0,2,1,3,0,0,0,0,0,0
1,1,2,1,5,1,0,2,1,5,1,0,0,0
0,1,1,1,1,1,0,0,0,0,0,0,0,0
1,0,0,1,2,1,1,2,0,0,0,0,0,0
0,0,1,0,2,1,1,1,1,1,0,0,0,0
1,0,0,1,2,1,2,0,2,2,1,0,0,0
2,0,0,1,1,2,0,1,3,1,0,0,0,0
1,0,0,1,4,1,0,0,0,0,0,0,0,0
1,0,0,1,1,1,0,0,1,2,2,1,0,0
1,0,1,0,4,0,0,3,0,1,2,1,3,1
0,0,0,3,3,3,2,0,2,1,1,2,0,0
0,0,0,0,0,0,0,0,0,3,1,2,0,0
0,1,0,2,2,1,0,0,0,0,0,0,0,0
2,0,0,4,7,1,1,1,2,1,1,2,0,0
0,0,0,1,2,1,2,1,0,0,0,0,0,0
1,0,0,1,1,2,1,0,0,2,2,1,0,0
1,2,1,2,3,2,0,0,0,0,0,0,0,0
2,2,0,0,4,4,1,0,0,0,0,0,0,0
0,0,0,1,1,1,1,1,0,0,0,0,0,0
2,0,0,0,1,2,1,1,3,2,1,2,0,0
2,1,0,2,0,2,2,1,1,5,1,0,0,0
1,0,1,0,3,4,1,0,0,3,0,0,1,4
0,0,0,0,0,1,1,1,2,1,0,0,0,0
0,0,0,1,2,2,0,0,0,0,0,0,0,0
1,0,0,1,4,3,1,2,2,1,0,0,0,0
2,0,0,1,1,1,1,1,1,0,1,1,3,1
2,1,0,2,2,2,0,0,0,0,0,0,0,0
0,0,3,2,0,0,0,0,0,0,0,0,0,0
2,0,0,0,0,0,0,0,3,2,0,0,0,0
2,0,1,1,4,0,3,0,1,3,1,0,0,0
0,0,0,2,0,2,0,3,2,1,0,0,0,0
0,1,0,1,0,1,3,1,0,0,0,0,0,0
4,1,2,2,5,7,4,5,5,8,0,1,2,3
0,0,0,3,2,2,1,2,1,2,0,0,0,0
0,0,0,1,0,1,2,1,2,1,0,0,0,0
3,1,3,0,3,6,1,4,4,3,2,1,3,1
2,0,1,2,2,4,3,1,0,0,0,0,0,0
1,0,0,0,1,1,0,1,1,2,1,1,0,0
1,0,0,2,2,1,0,0,0,0,0,0,0,0
0,0,0,2,4,1,0,0,0,0,0,0,0,0
2,0,1,0,1,5,0,1,1,5,1,2,1,3
0,1,0,0,2,3,0,3,1,2,1,1,0,0
1,0,0,2,0,1,3,2,0,0,0,0,0,0
0,0,0,2,3,1,0,0,0,0,0,0,0,0
0,1,1,1,4,0,0,1,1,4,2,1,0,0
0,0,0,3,3,2,1,0,1,2,1,1,0,0
0,0,0,0,0,0,1,0,2,2,2,1,0,0
0,1,1,0,2,0,0,3,1,1,0,0,0,0
1,1,1,0,1,2,1,1,0,0,0,0,0,0
3,0,1,1,1,2,2,2,0,3,1,2,0,0
1,2,0,2,0,0,0,1,0,4,1,2,0,0
0,1,0,2,5,1,0,0,0,0,0,0,0,0
1,3,0,1,0,2,1,4,2,4,1,3,0,0
1,0,0,0,0,1,2,3,0,0,0,0,0,0
1,0,3,0,1,1,1,2,1,0,0,0,0,0
2,2,1,2,0,0,0,0,0,0,0,0,0,0
0,0,0,1,2,1,1,0,0,0,0,0,0,0
1,0,0,2,1,2,0,2,2,1,0,3,1,1
3,2,1,2,7,2,1,1,3,5,1,1,0,0
2,1,1,1,1,0,0,0,0,0,0,0,0,0
2,2,0,3,1,2,1,1,1,1,0,0,0,0
0,1,0,2,2,1,0,0,1,3,1,0,0,0
1,1,2,3,3,4,2,1,1,4,2,1,0,0
3,1,1,0,0,4,1,0,0,0,0,0,0,0
0,0,1,0,4,1,2,2,0,0,0,0,0,0
0,1,1,1,0,1,1,1,1,1,0,0,0,0
1,1,0,1,1,1,1,1,0,0,0,0,0,0
3,1,0,2,3,4,1,3,2,1,1,2,0,0
4,0,1,2,5,0,0,0,2,1,1,1,0,0
0,1,2,1,1,1,0,0,0,0,0,0,0,0
1,0,1,1,2,1,0,0,0,0,0,0,0,0
0,0,1,1,1,0,1,0,0,3,2,1,0,0
3,0,3,3,3,5,0,3,4,4,2,3,0,0
1,0,1,0,2,2,3,5,0,0,0,0,0,0
2,0,0,0,1,0,2,2,1,1,0,0,0,0
0,0,0,2,4,2,0,0,0,0,0,0,0,0
0,0,0,2,2,1,0,0,0,0,0,0,0,0
1,0,1,1,1,2,1,2,0,0,0,0,0,0
2,1,2,0,4,3,1,4,1,1,0,0,0,0
0,1,0,2,0,1,1,1,2,1,1,0,0,0
1,2,2,2,4,4,3,0,0,0,0,0,0,0
1,0,0,0,0,0,3,3,0,0,0,0,0,0
1,0,2,1,1,2,1,1,1,2,1,1,1,2
1,0,2,1,2,4,1,1,0,0,0,0,0,0
0,4,0,3,8,4,3,6,1,7,3,3,0,0
2,2,1,3,7,4,2,8,1,2,1,0,0,0
0,1,0,0,1,0,0,1,0,4,2,1,0,0
3,0,1,0,1,2,1,1,0,0,0,0,0,0
0,2,2,1,3,1,0,4,1,1,1,1,0,0
0,1,0,4,1,1,0,0,0,0,0,0,0,0
2,0,0,2,2,1,1,0,0,0,0,0,0,0
3,2,1,5,1,4,1,2,1,3,2,2,1,2
2,1,2,1,1,1,0,2,0,4,1,0,0,0
0,0,1,2,2,1,0,0,0,0,0,0,0,0
0,0,1,1,0,1,2,2,0,0,0,0,0,0
1,0,1,0,0,2,2,3,0,0,0,0,0,0
2,0,0,0,1,0,2,2,1,1,0,0,0,0
2,0,0,2,1,4,1,2,0,0,0,0,0,0
0,0,0,2,1,2,0,2,3,3,2,1,0,0
1,1,0,4,1,0,1,1,1,1,1,1,0,0
3,2,0,5,6,3,3,3,1,5,1,1,3,3
3,3,6,5,4,7,2,10,3,3,1,4,0,0
0,0,0,0,5,1,0,0,0,0,0,0,0,0
0,0,1,2,1,2,0,0,0,0,0,0,0,0
2,0,2,0,1,2,3,5,1,0,0,0,0,0
1,1,1,4,1,1,0,1,2,0,0,1,2,2
1,0,0,2,2,3,0,0,0,0,0,0,0,0
0,0,0,0,2,3,0,0,0,0,0,0,0,0
0,0,1,2,1,2,1,0,0,0,0,0,0,0
0,0,1,1,2,1,0,0,0,0,0,0,0,0
1,0,1,1,5,5,4,5,5,8,1,1,5,8
0,0,1,1,1,4,0,0,0,0,0,0,0,0
5,2,0,3,4,3,3,3,4,3,2,1,0,0
0,2,0,3,2,1,2,5,3,2,0,1,2,2
1,0,0,3,0,1,1,1,1,1,0,0,0,0
0,0,3,1,2,1,1,0,2,1,1,1,1,1
1,0,2,3,0,0,0,0,0,0,0,0,0,0
3,1,2,2,2,1,1,1,2,4,1,1,1,2
2,0,1,1,0,3,0,4,1,3,3,2,0,0
0,1,1,1,2,3,1,1,1,1,1,0,0,0
0,0,0,1,1,2,1,0,0,0,0,0,0,0
0,1,0,1,1,1,1,1,2,1,0,0,0,0
0,2,0,0,2,1,1,1,1,2,2,4,0,0
5,0,3,5,5,5,2,0,2,4,1,1,1,2
0,0,0,0,0,0,0,0,0,0,0,1,2,2
0,0,2,0,2,8,4,5,3,1,2,3,0,0
1,3,0,2,3,1,2,1,1,1,1,1,0,0
2,1,1,1,0,0,0,0,0,0,0,0,0,0
0,0,1,4,0,8,4,3,0,0,0,0,0,0
7,1,3,5,6,7,1,3,4,5,0,1,3,1
2,2,0,7,6,7,2,5,0,4,0,2,2,3
3,1,0,2,2,1,0,0,0,0,0,0,0,0
0,0,2,1,1,1,0,0,0,0,0,0,0,0
0,1,1,1,3,1,1,1,0,0,0,0,0,0
0,0,0,0,0,1,3,1,1,1,0,0,0,0
1,1,1,0,0,0,0,1,0,1,1,3,0,0
1,0,0,2,2,0,0,0,0,0,0,0,1,6
3,0,0,0,3,4,0,1,1,3,1,1,0,0
0,0,0,0,2,0,1,1,1,2,1,2,0,0
0,1,0,3,1,1,0,0,0,0,0,0,0,0
2,1,1,2,2,1,2,1,0,2,1,4,0,0
0,1,2,2,4,2,3,2,2,4,1,2,0,0
2,1,1,3,0,0,0,0,0,0,0,0,0,0
0,0,2,2,1,1,0,0,0,0,0,0,0,0
0,1,0,1,2,3,2,2,0,4,1,1,0,0
1,1,1,3,0,0,0,0,0,0,0,0,0,0
1,4,2,0,3,3,1,3,0,0,0,0,0,0
2,1,2,0,1,3,1,6,0,0,0,0,0,0
2,2,1,1,1,6,2,10,4,5,0,2,1,4
0,0,0,0,1,1,1,3,0,0,0,0,0,0
1,0,0,1,0,2,1,1,1,2,0,0,0,0
6,0,1,0,2,3,1,1,7,6,1,2,1,2
0,1,0,0,0,0,1,3,2,1,0,0,0,0
0,0,0,0,1,1,1,2,0,0,0,0,0,0
2,1,1,2,1,1,1,1,3,1,0,0,0,0
1,0,1,0,2,1,2,0,0,0,0,0,0,0
1,1,1,0,2,0,1,0,2,3,0,0,0,0
2,1,2,0,0,0,0,0,0,0,0,0,0,0
2,1,0,1,1,3,1,2,0,0,0,0,0,0
0,0,0,1,2,0,1,1,1,2,1,1,0,0
2,1,0,0,2,0,0,2,1,5,1,0,0,0
0,0,0,0,0,0,0,0,1,0,0,0,1,5
0,0,0,2,2,1,1,0,0,0,0,0,0,0
14,0,0,7,6,11,10,9,13,0,6,1,0,0
1,0,1,0,2,4,0,1,2,4,1,1,0,0
0,0,1,0,3,2,3,0,0,0,0,0,0,0
0,2,0,1,0,3,0,2,2,1,0,0,0,0
1,0,1,1,1,0,0,0,0,3,0,2,1,4
1,0,0,0,0,1,0,3,0,1,1,2,1,1
0,1,0,0,4,1,0,0,0,0,0,0,0,0
0,0,0,1,1,1,0,1,0,1,0,0,1,4
3,1,2,0,9,3,2,6,7,5,2,4,3,4
2,1,1,2,2,1,1,9,7,3,0,0,0,0
5,1,4,2,7,4,6,9,4,8,0,2,3,3
2,0,3,3,0,0,0,0,0,0,0,0,0,0
1,3,1,0,0,0,0,0,0,0,0,0,0,0
3,1,1,4,1,1,1,1,3,1,0,0,0,0
2,0,0,3,1,0,0,2,2,1,1,1,0,0
1,2,0,0,3,1,3,1,1,2,1,0,0,0
2,0,1,2,0,4,1,4,4,2,2,1,0,0
1,1,1,3,0,0,0,0,0,0,0,0,0,0
5,2,4,4,2,2,1,2,1,4,5,3,4,4
1,2,0,1,0,3,2,5,0,0,0,0,0,0
0,0,0,0,0,0,0,0,0,0,0,0,0,6
1,0,0,0,0,1,0,0,1,0,1,1,1,4
0,0,1,1,1,1,0,2,0,0,0,2,1,2
4,1,0,1,2,1,1,2,1,1,0,0,0,0
0,0,0,0,2,2,1,2,0,0,0,0,0,0
1,1,1,0,1,3,3,1,0,0,0,0,0,0
0,0,1,0,0,0,1,0,0,3,1,1,0,0
1,0,0,2,1,1,2,0,2,2,1,1,0,0
0,0,1,3,2,0,3,1,1,0,0,0,0,0
3,0,1,1,1,2,0,0,0,0,0,0,0,0
2,2,0,1,2,4,1,1,0,0,0,3,3,2
1,0,0,1,0,0,0,2,2,2,0,0,0,0
0,1,0,4,1,3,2,1,0,0,0,0,0,0
0,0,1,2,3,0,0,4,2,1,0,0,0,0
0,0,0,0,0,0,0,0,0,0,1,1,1,2
2,1,0,1,1,2,1,0,1,1,2,1,0,0
1,2,1,0,1,3,1,3,0,0,0,0,0,0
0,0,0,2,3,2,1,0,2,1,2,1,0,0
3,1,0,0,2,0,1,2,1,1,0,0,0,0
2,0,1,0,6,2,1,2,3,5,1,0,0,0
1,1,1,3,7,4,2,3,1,4,2,2,1,1
1,1,1,2,1,0,0,0,0,0,0,0,0,0
2,1,0,0,1,2,0,1,2,3,0,0,0,0
10,4,6,13,12,13,10,9,12,14,3,4,0,0
1,1,0,2,1,1,2,1,1,1,0,0,0,0
1,1,1,2,7,2,0,0,2,2,1,1,1,2
1,1,0,3,1,4,0,1,4,3,1,0,0,0
3,1,1,2,3,4,1,3,0,0,0,0,0,0
0,0,0,0,0,0,0,2,0,0,0,0,2,3
2,0,0,2,1,1,1,2,0,0,0,0,0,0
0,0,0,1,3,3,1,0,0,0,0,0,0,0
5,0,0,4,2,0,0,0,0,0,0,0,0,0
0,1,1,1,3,0,1,1,0,2,0,1,1,3
0,0,1,1,1,1,1,0,0,0,0,0,0,0
1,2,1,0,1,3,0,2,0,5,0,1,1,4
3,1,3,3,1,3,3,6,3,3,2,2,1,2
3,0,1,3,2,2,1,1,3,2,0,0,0,0
0,1,3,0,1,1,0,1,1,1,2,2,0,0
2,0,2,1,1,4,1,4,3,4,3,1,0,0
0,2,0,1,6,3,0,3,2,5,2,1,0,0
10,0,3,6,7,8,1,3,3,8,1,1,1,1
3,3,1,1,5,5,3,4,3,4,1,1,1,2
1,2,1,3,3,2,1,2,0,0,0,0,0,0
1,1,0,1,4,1,1,1,0,0,0,0,0,0
0,1,0,1,3,6,0,2,0,0,2,1,3,1
0,0,1,0,1,0,0,1,2,1,1,2,0,0
3,0,1,0,3,3,1,1,0,0,0,0,0,0
0,0,0,0,0,0,1,1,1,2,0,0,0,0
0,0,0,1,1,2,1,0,0,0,0,0,0,0
2,0,0,1,0,1,1,1,1,2,0,0,0,0
3,2,1,1,2,1,0,1,1,2,1,1,0,0
0,0,0,2,1,3,0,0,2,1,2,1,0,0
0,3,1,2,3,0,2,0,1,3,1,1,0,0
0,1,1,0,2,1,1,0,2,2,1,1,0,0
1,1,0,1,3,4,0,1,2,2,0,0,0,0
1,0,1,4,1,1,0,0,0,0,0,0,0,0
2,0,0,1,1,2,0,0,1,2,1,2,1,2
0,1,2,3,3,0,2,3,0,0,0,0,0,0
1,1,0,1,1,0,0,0,1,0,1,1,1,2
0,1,0,1,5,1,0,0,0,0,0,0,0,0
1,0,1,7,6,8,2,4,4,3,0,1,1,4
0,1,2,0,2,2,2,1,2,1,0,0,0,0
1,0,1,3,0,3,1,1,2,1,0,0,0,0
0,0,1,0,1,2,0,1,3,2,0,0,0,0
0,0,0,1,3,1,0,0,0,0,0,0,0,0
2,2,1,0,0,0,0,0,0,0,0,0,0,0
3,0,1,2,1,3,1,2,0,3,1,1,1,1
0,0,0,1,1,0,0,1,1,0,1,1,2,1
2,1,1,3,2,2,1,3,3,2,1,1,0,0
0,2,0,2,3,2,0,3,0,6,2,0,0,0
0,1,2,1,0,2,0,1,4,2,0,0,0,0
2,0,1,1,0,2,1,2,4,5,1,1,0,0
0,0,2,1,3,2,0,0,0,0,0,0,0,0
0,0,0,3,2,9,1,3,1,0,0,0,0,0
1,0,0,0,1,2,1,2,0,0,0,0,0,0
2,1,0,0,1,1,2,2,1,1,2,1,0,0
3,0,0,1,0,2,2,1,0,0,0,0,0,0
1,1,0,4,1,2,1,0,0,0,0,0,0,0
0,0,0,2,0,0,0,0,0,1,0,2,1,2
0,0,1,1,0,0,0,3,0,4,1,3,0,0
0,0,0,1,0,1,0,1,0,3,2,1,0,0
0,0,0,0,3,1,2,2,0,2,1,1,1,1
0,1,0,1,2,0,1,2,1,1,0,0,0,0
0,0,0,1,1,2,1,0,0,1,2,1,1,1
2,0,0,1,2,2,3,5,1,3,1,1,0,0
1,1,0,0,2,1,2,2,1,2,1,0,0,0
1,1,1,0,1,3,1,1,3,2,0,3,2,1
0,0,2,0,3,1,2,3,1,0,0,0,0,0
0,0,0,4,0,2,0,1,4,3,4,1,1,3
1,0,0,0,1,5,2,4,0,0,0,0,0,0
8,1,1,1,0,5,1,2,1,1,1,1,0,0
0,0,0,0,0,2,2,3,1,6,1,2,1,1
1,0,0,1,1,1,1,1,2,1,1,0,0,0
1,0,0,0,5,0,0,0,1,1,2,2,0,0
1,0,1,1,2,2,1,1,1,0,0,0,0,0
1,0,0,2,0,3,1,0,2,3,1,0,0,0
0,0,0,0,0,0,0,0,0,0,0,1,4,2
0,1,0,0,1,1,1,0,0,0,2,2,1,1
0,0,0,3,1,2,1,1,2,2,1,1,0,0
1,0,0,1,2,2,1,1,0,0,0,0,0,0
2,0,1,0,1,3,0,1,2,1,2,0,0,0
3,1,0,2,5,0,2,3,1,0,0,2,2,2
0,0,0,1,1,2,1,0,1,1,1,2,0,0
0,0,0,0,1,2,2,3,0,6,3,2,0,0
0,0,0,1,0,0,0,5,0,0,0,0,0,0
1,0,2,0,0,3,0,2,0,5,0,2,2,1
0,0,0,1,0,0,0,0,0,0,0,1,2,2
0,0,0,1,2,3,1,0,0,0,0,0,0,0
1,0,0,0,2,1,1,1,1,2,0,0,0,0
2,0,1,1,2,3,1,1,1,0,0,0,0,0
0,0,0,2,1,3,0,0,0,0,0,0,0,0
1,0,1,1,3,2,1,1,0,0,0,0,0,0
0,0,0,0,0,0,1,2,1,1,0,0,0,0
4,1,3,3,12,2,2,1,3,7,2,2,2,3
2,1,0,1,2,0,1,1,2,1,1,2,0,0
1,0,0,1,3,1,0,0,0,0,0,0,0,0
3,0,2,3,7,6,1,3,2,1,0,0,0,0
0,0,0,2,2,4,1,2,4,4,1,2,0,0
1,0,1,1,2,2,1,0,0,0,0,0,0,0
0,0,1,1,2,1,0,0,0,0,0,0,0,0
2,0,0,1,1,2,1,0,0,0,0,0,0,0
1,0,2,1,2,3,1,0,0,0,0,0,0,0
3,2,1,3,2,3,1,3,1,3,2,1,1,2
0,0,5,4,0,0,0,0,0,12,3,0,0,9
0,0,2,3,0,0,0,0,0,0,0,0,0,0
1,0,1,1,2,0,1,5,1,3,1,4,0,0
1,1,1,1,1,5,1,4,1,0,1,2,2,1
1,1,3,2,0,0,0,0,0,0,0,0,0,0
1,0,1,0,3,8,2,0,1,3,1,1,0,0
1,0,1,0,0,2,2,2,0,2,1,1,1,1
1,2,0,2,2,0,2,1,2,1,0,0,0,0
0,0,2,1,1,2,0,0,1,4,0,0,0,0
4,1,0,0,0,0,0,0,0,0,0,0,0,0
2,0,0,0,1,3,2,2,0,0,0,0,0,0
3,2,1,0,0,0,0,0,0,0,0,0,0,0
2,1,0,0,3,1,0,0,0,1,3,1,0,0
0,0,1,0,3,1,2,1,0,0,0,0,0,0
2,2,1,0,0,1,0,0,1,3,1,1,0,0
0,0,0,2,2,0,0,0,3,2,0,0,0,0
2,0,1,2,2,0,2,3,0,0,0,0,0,0
1,0,2,0,2,1,1,1,0,0,0,0,0,0
3,0,0,0,2,2,2,2,0,0,0,0,0,0
0,2,2,3,0,0,0,0,0,0,0,0,0,0
1,0,0,0,2,0,1,1,0,3,1,2,0,0
1,0,0,2,0,2,2,1,0,0,0,0,0,0
0,3,2,1,2,1,0,0,0,0,0,0,0,0
0,0,1,1,1,1,0,3,1,1,0,0,0,0
0,0,0,0,0,4,1,0,0,0,0,0,0,0
0,0,0,0,0,1,2,3,0,0,0,0,0,0
0,0,1,0,3,1,1,0,0,0,0,0,0,0
0,0,0,0,0,1,0,0,0,1,0,0,0,5
1,0,0,1,0,6,0,0,1,2,1,2,0,0
3,1,0,0,3,2,0,0,0,0,0,0,0,0
0,0,0,0,1,1,1,1,0,2,2,0,3,2
2,0,0,1,1,5,1,1,0,0,0,0,0,0
0,0,1,2,1,2,0,0,0,0,0,0,0,0
3,3,1,4,6,3,4,3,0,4,0,4,2,2
1,0,0,0,2,2,0,4,2,1,0,0,0,0
7,3,0,5,7,13,1,3,5,5,4,1,1,3
0,0,0,3,1,1,3,3,0,0,0,0,0,0
3,1,3,3,3,5,3,9,0,11,6,3,9,2
0,1,0,1,3,2,2,1,0,1,1,1,1,1
2,2,2,1,3,1,1,4,0,0,0,0,0,0
0,0,1,0,0,1,1,1,3,1,0,0,0,0
0,0,0,0,1,1,2,2,0,0,0,0,0,0
0,0,1,1,3,3,1,1,1,2,0,0,0,0
2,1,0,1,4,1,1,3,2,3,0,0,0,0
1,0,0,3,2,3,2,1,1,2,2,2,0,0
1,1,0,0,0,1,0,0,2,3,0,0,0,0
2,2,0,3,4,10,4,2,3,3,2,1,2,3
3,0,1,2,1,4,1,2,0,0,0,0,0,0
2,1,1,1,0,0,0,0,0,0,0,0,0,0
2,2,3,0,1,0,0,3,5,2,1,1,0,0
2,1,4,1,3,3,0,6,1,2,2,1,0,0
0,1,0,2,1,2,1,1,0,0,0,0,0,0
2,1,0,0,2,2,1,0,0,4,1,0,0,0
2,1,1,1,1,5,1,4,5,2,1,1,0,0
0,1,0,1,0,0,0,2,1,2,0,0,0,0
0,1,0,1,2,1,1,0,2,3,1,2,0,0
2,1,0,1,0,1,0,1,1,6,1,2,0,0
1,0,0,3,1,3,2,2,0,0,0,0,0,0
4,0,2,2,2,2,0,0,0,0,0,0,0,0
1,1,2,1,1,1,0,0,0,0,0,0,0,0
0,0,0,0,2,4,0,0,0,0,0,0,0,0
1,1,0,1,2,1,1,1,2,1,0,0,0,0
0,1,0,1,4,7,1,2,3,5,1,1,2,3
4,0,2,4,4,4,2,4,1,4,3,1,0,0
2,0,0,0,2,3,2,1,0,0,0,0,0,0
1,0,0,2,2,1,0,0,0,0,0,0,0,0
1,1,3,2,2,4,1,1,0,4,1,2,0,0
1,0,1,0,2,1,2,1,2,1,1,2,0,0
0,1,2,1,2,1,0,0,0,0,0,0,0,0
2,0,0,1,1,1,0,0,0,2,1,2,1,2
4,1,2,4,7,12,2,5,1,3,1,1,2,2
2,0,0,0,3,1,1,2,0,0,0,0,0,0
7,2,1,1,3,5,2,4,4,3,2,3,1,2
0,0,0,1,3,3,0,0,0,0,0,0,0,0
3,2,1,1,2,4,1,4,1,1,1,0,0,6
1,0,0,0,2,0,0,4,1,1,0,0,0,0
0,0,1,0,1,4,3,3,0,0,0,0,0,0
1,1,1,0,0,2,0,2,1,1,1,0,0,0
0,0,0,0,1,2,1,2,1,1,0,0,0,0
1,1,1,1,1,2,0,4,2,1,1,0,0,0
1,1,1,0,2,2,1,0,0,0,0,0,0,0
0,0,2,1,0,0,0,1,1,3,1,0,0,0
0,0,0,0,0,1,2,2,1,1,1,1,0,0
0,1,0,0,4,1,2,2,1,1,0,0,0,0
2,1,0,1,0,3,1,0,2,1,2,1,0,0
1,0,2,2,3,3,0,0,0,0,0,0,0,0
0,0,0,2,2,0,1,4,1,0,0,0,0,0
3,3,0,0,0,0,0,0,0,0,0,0,0,0
1,0,0,0,2,3,1,1,0,0,0,0,0,0
1,0,0,0,3,1,1,0,2,2,2,1,0,0
0,0,1,0,0,1,0,0,0,0,1,2,1,1
0,0,0,1,0,0,1,1,1,2,2,1,0,0
1,1,1,0,2,1,0,3,0,2,1,1,1,2
0,0,0,0,0,0,2,1,2,3,0,1,1,4
1,1,0,2,2,1,0,0,0,0,0,0,0,0
1,0,2,1,3,1,1,0,0,0,0,0,0,0
0,0,1,2,1,1,0,0,0,0,0,0,0,0
1,0,0,1,4,0,2,3,3,1,0,0,0,0
0,0,0,2,0,3,2,0,4,1,0,0,0,0
0,0,1,1,0,2,1,2,0,0,0,0,0,0
0,0,0,2,1,2,1,0,0,0,0,0,0,0
1,0,0,0,0,0,1,1,1,1,1,1,0,0
0,0,0,0,0,0,0,0,0,1,0,1,2,2
2,1,1,4,0,2,3,5,1,1,2,3,0,0
4,0,2,2,9,6,0,3,3,7,1,2,0,0
0,0,1,0,2,1,0,2,1,2,1,1,0,0
2,0,1,0,0,0,2,0,2,3,1,1,0,0
0,1,3,2,1,0,0,3,1,1,1,1,0,0
1,1,0,0,0,0,1,1,0,2,0,1,3,1
2,0,2,1,1,2,0,0,0,0,0,0,0,0
0,0,1,2,2,1,0,0,0,0,0,0,0,0
2,0,2,0,1,2,1,1,0,0,0,0,0,0
0,0,2,0,3,0,1,1,2,1,0,0,0,0
1,1,1,3,0,0,1,1,0,1,0,0,1,5
5,2,1,6,4,3,1,4,3,8,3,1,0,0
2,0,0,2,6,5,0,2,0,6,3,1,0,0
0,0,0,0,0,1,0,0,2,2,1,1,0,0
0,0,3,1,2,2,5,0,0,4,1,1,1,1
1,1,0,1,0,1,0,0,1,1,1,2,0,0
3,0,0,0,0,3,2,0,0,0,0,0,0,0
3,1,5,0,3,2,0,0,0,0,0,0,0,0
0,1,2,1,3,2,1,1,3,1,2,3,0,0
8,1,2,4,10,5,5,1,4,9,1,2,4,4
1,0,0,0,2,3,0,0,0,0,0,0,0,0
1,1,2,2,0,0,0,0,0,0,0,0,0,0
2,1,0,0,3,1,0,2,1,2,0,0,0,0
0,0,0,1,0,1,0,1,2,2,0,0,0,0
1,1,0,4,1,1,0,0,0,0,0,0,0,0
1,1,0,3,1,7,1,4,1,3,1,1,0,0
5,1,2,2,9,5,2,1,5,5,2,1,2,1
1,0,3,1,0,1,0,2,0,1,1,1,1,2
1,0,0,0,0,1,0,0,0,1,0,1,3,1
1,0,0,1,0,1,1,5,2,9,4,1,3,1
0,0,0,1,2,1,1,0,0,0,0,0,0,0
1,0,0,3,2,1,1,0,0,0,0,0,0,0
0,0,0,1,5,0,3,1,1,1,0,0,0,0
1,0,0,2,2,2,0,4,1,0,0,0,0,0
2,2,2,2,0,0,0,0,0,0,0,0,0,0
1,0,1,2,2,2,1,0,0,0,0,0,0,0
1,0,0,0,1,1,0,1,1,2,1,0,0,0
0,0,0,2,1,2,2,2,1,1,1,0,0,0
3,1,0,2,4,3,1,4,6,11,1,0,2,5
0,0,0,1,1,1,1,2,0,0,0,0,0,0
3,2,0,1,1,1,0,4,1,3,1,1,1,1
0,1,1,0,1,0,1,4,0,0,0,0,0,0
1,0,0,4,2,3,0,0,0,0,0,0,0,0
3,0,0,1,3,0,0,1,0,2,1,2,0,0
1,1,1,4,0,0,0,0,0,0,0,0,0,0
0,1,1,2,2,1,2,1,2,2,2,1,0,0
1,1,1,2,1,2,1,0,0,0,0,0,0,0
5,1,0,0,0,0,0,0,0,0,0,0,0,0
2,0,2,1,8,4,4,10,5,6,3,3,5,5
1,1,0,0,1,0,0,1,2,2,0,0,0,0
0,0,0,1,1,0,0,2,2,1,0,0,0,0
2,0,6,0,1,2,1,1,0,0,0,0,0,0
0,1,0,1,0,0,1,2,2,0,0,0,0,0
0,0,0,0,0,0,0,0,0,0,0,0,0,6
1,2,0,0,1,1,1,1,1,2,0,0,0,0
0,0,0,1,2,2,1,3,2,3,4,0,2,3
1,0,2,3,2,1,0,1,2,2,1,0,0,0
0,0,2,3,2,2,0,3,1,1,0,0,0,0
3,0,1,1,1,2,0,0,0,0,0,0,0,0
0,1,1,1,1,2,0,0,0,0,0,0,0,0
0,1,1,0,1,0,2,5,2,5,0,4,2,2
1,2,2,1,2,1,2,0,1,1,1,2,1,2
0,1,3,0,1,2,2,1,1,1,0,0,0,0
0,1,1,1,2,3,0,3,1,1,1,1,0,0
0,3,0,2,1,2,1,2,2,2,0,0,0,0
0,0,0,0,1,3,1,2,0,0,0,0,0,0
3,0,1,2,4,1,0,0,0,0,0,0,0,0
1,0,2,1,1,0,3,2,0,0,0,0,0,0
1,0,0,0,1,1,0,3,1,1,0,0,0,0
1,1,2,2,0,0,0,0,0,0,0,0,0,0
0,0,0,0,2,2,1,1,0,0,0,0,0,0
2,1,0,0,0,1,1,3,1,2,0,0,0,0
3,2,0,2,3,3,2,1,0,0,0,0,0,0
1,0,0,1,5,2,1,3,0,9,4,3,0,0
4,3,2,4,1,4,3,4,3,4,2,4,3,1
1,0,1,1,0,0,1,1,1,1,1,0,0,0
1,0,0,0,0,0,1,1,1,1,1,0,0,0
2,0,0,2,0,8,0,2,2,0,0,1,2,4
3,2,0,3,3,3,5,4,1,0,1,1,2,1
1,0,0,0,5,2,1,1,0,0,0,0,0,0
0,1,0,4,0,3,1,0,3,4,1,1,0,0
1,0,2,2,0,1,0,1,2,3,2,1,1,2
1,0,0,0,2,1,2,2,0,0,0,0,0,0
1,1,0,1,2,2,0,0,0,0,0,0,0,0
1,0,1,0,2,1,1,1,0,0,0,0,0,0
2,0,0,0,0,1,1,1,2,2,0,1,5,5
1,2,2,4,10,1,1,1,3,5,1,2,0,0
2,1,1,5,3,1,2,3,3,2,0,0,0,0
2,0,2,1,3,2,0,1,1,0,1,1,1,2
3,0,0,2,2,1,1,2,0,4,1,1,0,0
4,0,1,3,2,2,1,0,2,1,1,1,0,0
0,0,1,1,2,3,1,0,0,0,0,0,0,0
2,0,0,1,4,2,3,1,0,0,0,0,0,0
0,0,0,0,0,1,0,1,1,2,1,1,0,0
0,0,1,1,0,1,1,3,0,0,0,0,0,0
0,1,0,2,3,2,0,0,0,0,0,0,0,0
2,1,3,3,5,3,2,2,1,3,0,0,0,0
1,0,0,1,1,2,1,3,0,0,0,0,0,0
0,1,0,0,2,4,1,2,0,0,0,0,0,0
1,2,1,1,0,0,0,0,0,0,0,0,0,0
0,0,0,0,3,2,1,0,0,0,0,0,0,0
1,0,0,0,2,1,1,1,0,0,0,0,0,0
0,0,0,2,0,4,1,0,0,0,0,0,0,0
2,0,0,0,1,0,0,1,1,2,1,1,0,0
3,0,0,1,0,0,1,1,2,1,2,1,0,0
1,0,1,1,3,1,1,3,0,0,0,0,0,0
0,1,0,1,1,0,0,2,1,4,1,1,0,0
0,0,0,1,1,4,0,3,2,3,1,3,0,0
0,0,3,1,0,1,2,1,2,1,0,0,0,0
0,0,0,0,0,0,0,5,0,0,0,0,0,0
2,1,0,0,0,3,2,1,1,1,0,0,0,0
4,0,3,9,8,3,2,5,1,1,1,1,0,0
1,0,0,0,2,3,1,0,0,0,0,0,0,0
2,0,0,1,2,1,1,0,0,0,0,0,0,0
3,1,2,1,2,2,1,2,4,2,0,0,0,0
2,1,1,1,3,2,3,4,1,2,1,0,0,0
3,2,0,2,0,2,1,1,1,1,1,1,0,0
2,0,1,0,2,3,2,0,0,0,0,0,0,0
1,0,0,0,2,2,3,1,1,2,0,0,0,0
1,2,0,4,5,1,1,2,3,6,2,2,1,2
0,0,0,0,0,0,0,0,0,3,2,1,0,0
1,1,0,1,0,0,1,0,1,2,1,1,0,0
1,1,0,2,2,0,0,1,1,1,1,1,0,0
0,0,1,1,1,2,0,2,1,2,0,0,0,0
1,2,1,1,3,0,1,0,1,4,1,1,0,0
4,0,3,2,3,5,3,2,1,2,1,3,0,0
1,0,0,4,4,2,2,0,0,0,0,0,0,0
2,0,1,1,3,1,2,1,2,1,0,0,0,0
2,0,2,0,1,2,0,4,1,0,0,0,0,0
0,0,1,3,1,1,1,0,0,0,0,0,0,0
0,0,1,2,2,1,0,1,2,7,0,2,1,2
3,0,1,0,4,1,0,0,0,0,0,0,0,0
0,0,0,4,2,2,2,1,1,0,2,1,1,1
0,0,1,3,1,2,1,3,1,1,0,0,0,0
0,0,0,0,1,2,1,2,0,0,0,0,0,0
2,0,2,1,3,2,0,1,1,1,1,1,2,1
2,1,2,2,1,1,2,0,4,2,1,1,1,2
2,4,2,0,4,4,0,5,4,6,4,1,0,0
0,0,0,0,1,0,1,1,1,4,1,1,1,3
1,2,0,1,4,1,2,2,1,1,1,1,0,0
1,2,2,0,3,4,2,0,2,1,1,1,2,2
0,1,0,0,1,2,1,1,0,0,0,0,0,0
2,1,1,2,2,2,1,1,2,1,1,1,0,0
1,1,1,0,0,2,0,4,2,1,0,0,0,0
1,2,0,6,1,5,0,1,1,2,1,0,0,0
3,1,0,1,1,2,1,1,1,1,0,0,0,0
1,0,0,3,1,1,0,0,0,0,0,0,0,0
0,0,0,1,1,0,0,2,2,2,1,1,0,0
1,0,0,2,2,3,0,2,1,4,2,1,0,0
0,1,1,3,2,2,0,0,0,0,0,0,0,0
0,1,1,0,2,1,1,1,1,2,0,0,0,0
0,0,0,0,3,4,0,1,1,1,2,0,0,0
0,1,2,1,1,0,0,0,0,0,0,0,0,0
1,0,0,0,2,1,0,1,0,2,2,2,0,0
1,1,1,1,2,2,3,2,0,0,0,0,0,0
1,0,0,1,1,2,1,2,0,3,1,1,0,0
1,2,0,0,0,3,1,1,1,1,0,0,0,0
2,0,1,2,2,2,1,3,1,2,0,0,0,0
1,0,4,0,1,3,3,5,1,2,1,1,0,0
1,2,1,1,2,0,0,4,1,0,0,0,0,0
1,0,1,0,3,2,1,3,2,2,0,0,0,0
3,1,2,1,1,1,1,2,0,0,0,0,0,0
0,0,0,0,0,1,0,2,2,1,0,0,0,0
1,1,0,1,2,0,1,2,1,1,1,0,0,0
1,1,1,0,1,2,2,1,2,2,0,0,0,0
0,1,1,2,3,4,1,1,0,7,3,3,0,0
2,0,0,0,2,1,0,3,1,2,0,0,0,0
0,0,0,1,1,2,1,0,0,0,0,0,0,0
0,2,2,2,4,5,0,2,3,3,1,2,1,1
0,1,0,2,4,3,1,0,0,0,0,0,0,0
2,0,0,2,1,1,0,2,1,3,1,1,0,0
1,0,0,1,2,0,0,0,5,7,1,3,4,1
0,0,0,1,4,3,1,0,0,0,0,0,0,0
1,1,1,4,0,1,1,3,2,0,0,0,0,0
0,0,1,1,4,1,0,2,1,2,1,1,0,0
4,0,1,3,2,1,0,0,0,0,0,0,0,0
0,0,1,3,3,1,0,0,0,0,0,0,0,0
1,2,1,1,1,2,0,0,0,0,0,0,0,0
1,1,0,0,1,0,2,1,3,1,2,1,0,0
2,1,0,1,1,2,2,0,4,2,2,2,0,0
2,2,1,2,3,5,0,2,3,5,2,1,1,1
3,0,0,3,1,1,1,2,2,1,0,0,0,0
2,0,0,0,1,1,1,2,0,0,0,0,0,0
1,1,1,0,0,2,3,1,0,0,0,0,0,0
2,1,0,0,5,1,1,3,2,2,1,2,0,0
0,1,0,0,1,4,0,0,0,0,0,0,0,0
2,1,1,0,5,12,1,6,4,4,2,2,1,2
1,0,2,1,0,1,0,3,2,1,0,0,0,0
2,0,1,1,1,0,0,1,3,2,0,0,0,0
1,0,0,1,0,2,1,2,1,1,0,0,0,0
1,1,0,1,0,0,2,1,1,2,0,0,0,0
3,0,0,2,1,1,0,4,2,1,2,2,0,0
0,1,0,1,2,1,0,1,2,1,1,1,2,2
1,0,0,0,1,1,3,2,0,0,0,0,0,0
2,0,3,1,3,2,0,0,0,0,0,0,0,0
0,1,0,2,1,2,0,0,0,0,0,0,0,0
0,1,0,0,5,1,1,2,0,1,1,1,1,3
2,1,2,1,0,1,2,2,0,0,0,0,0,0
2,0,0,1,1,3,2,0,0,0,0,0,0,0
1,0,0,0,4,0,1,0,2,2,1,1,0,0
1,1,1,1,0,0,1,0,2,3,1,0,0,0
0,1,0,2,2,0,1,2,2,3,2,1,0,0
0,1,1,1,1,3,1,0,0,0,0,0,0,0
1,2,0,5,0,0,0,0,0,0,0,0,0,0
1,2,0,2,3,1,0,0,0,0,0,0,0,0
1,1,0,2,3,3,0,1,2,0,1,0,3,2
2,0,0,0,0,2,0,0,1,6,1,2,0,0
1,0,3,1,5,0,0,0,1,0,1,4,0,0
5,0,0,4,1,2,3,3,3,2,1,1,0,0
1,0,0,0,0,0,2,1,1,1,0,0,0,0
1,1,1,1,7,1,1,2,2,1,2,4,1,3
1,0,2,0,2,1,2,2,1,4,1,2,1,1
0,1,0,1,1,2,1,0,0,0,0,0,0,0
0,0,1,0,0,3,1,2,0,0,0,0,0,0
2,0,0,0,1,1,3,1,0,0,0,0,0,0
0,0,0,1,2,2,1,2,0,0,0,0,0,0
1,0,2,1,1,1,0,1,3,1,1,0,0,0
1,2,4,7,4,2,5,11,3,4,1,1,0,0
0,1,0,1,0,0,0,3,2,1,0,0,0,0
1,0,0,3,1,1,1,0,0,0,0,0,0,0
1,1,1,1,0,1,1,1,2,2,0,0,0,0
0,0,1,0,0,2,1,1,1,0,0,0,0,0
1,1,0,2,3,1,2,0,0,0,0,0,0,0
0,0,0,1,1,1,1,1,2,2,0,0,0,0
0,1,0,0,1,1,0,2,1,1,1,1,0,0
7,2,2,2,3,2,1,2,0,0,0,0,0,0
3,1,2,9,5,4,5,5,2,7,2,3,1,2
1,0,1,1,2,0,0,1,2,2,0,0,0,0
1,2,0,0,0,2,0,4,1,1,0,0,0,0
1,1,0,1,1,1,1,4,0,0,0,0,0,0
1,0,0,2,2,1,0,0,0,0,0,0,0,0
0,0,0,1,0,0,1,1,0,2,1,1,1,1
2,1,2,0,3,2,1,3,0,0,0,0,0,0
0,1,0,1,2,1,1,0,0,0,0,0,0,0
0,1,0,0,3,1,1,0,0,0,0,0,0,0
1,0,0,0,0,3,1,0,1,1,1,1,1,1
1,0,1,0,4,4,1,2,2,1,1,1,0,0
2,0,0,4,2,2,1,1,0,4,2,1,0,0
1,0,0,2,3,0,0,0,0,0,0,0,0,0
0,1,2,3,0,0,0,0,0,0,0,0,0,0
0,0,0,1,1,2,2,0,0,0,0,0,0,0
0,0,0,1,1,0,1,1,2,2,0,0,0,0
0,0,0,0,0,1,1,0,1,2,0,2,1,2
0,2,0,1,1,2,0,0,1,2,1,1,0,0
2,1,1,0,2,2,1,4,0,4,2,2,0,0
2,0,0,1,4,3,0,0,0,0,0,0,0,0
1,1,1,2,3,3,2,2,1,3,0,0,0,0
2,0,0,0,0,0,0,4,2,7,3,2,6,1
0,0,0,0,0,0,0,0,0,0,0,0,1,4
0,0,0,3,2,1,1,2,0,4,2,2,0,0
1,0,0,0,1,1,2,1,0,0,0,0,0,0
4,2,0,0,0,0,0,0,0,0,0,0,0,0
1,2,2,1,0,0,0,0,0,0,0,0,0,0
0,2,0,0,0,1,1,2,1,1,2,1,0,0
0,1,0,2,3,4,1,1,1,2,1,1,0,0
5,0,1,0,1,1,1,3,1,0,0,1,1,4
0,0,0,1,1,0,0,3,2,1,0,0,0,0
1,2,1,7,1,6,2,0,0,2,2,2,2,2
0,0,1,1,0,1,0,2,1,2,0,0,0,0
0,0,1,0,3,2,0,0,0,0,0,0,0,0
2,1,0,0,2,1,1,2,0,0,0,0,0,0
0,1,0,2,1,2,1,1,0,0,0,0,0,0
1,0,0,0,1,2,1,1,1,2,0,0,0,0
2,0,0,2,6,4,2,3,3,1,2,2,1,2
0,0,2,1,1,4,1,0,0,0,0,0,0,0
1,2,2,2,3,1,0,2,0,3,1,1,0,0
1,0,0,2,4,4,1,4,1,3,1,1,0,0
1,0,0,0,0,0,1,1,1,2,1,0,2,4
2,0,1,1,0,2,4,1,2,1,1,1,0,0
3,0,0,2,0,2,2,2,0,0,0,0,0,0
2,0,2,2,2,3,2,1,0,0,0,0,0,0
0,0,0,2,3,2,0,0,0,0,0,0,0,0
1,0,0,0,1,1,1,1,1,0,0,0,0,0
3,1,1,2,2,1,0,0,0,0,0,0,0,0
3,1,0,3,0,0,0,1,1,3,0,0,0,0
0,0,0,0,1,0,1,1,1,1,1,1,1,1
0,0,1,0,1,1,1,1,0,1,2,3,2,3
2,3,1,4,4,6,2,8,4,3,2,1,0,0
2,2,1,2,0,0,0,0,0,0,0,0,0,0
0,0,0,1,1,0,0,1,1,2,1,0,0,5
0,0,0,4,3,1,2,1,1,1,0,0,0,0
2,0,3,0,0,2,0,0,2,2,1,1,0,0
0,0,1,3,1,2,0,0,0,0,0,0,0,0
0,0,1,1,3,1,1,0,1,3,1,1,0,0
0,0,0,0,2,2,0,1,0,4,1,0,0,0
2,0,0,2,2,1,0,0,0,0,0,0,0,0
0,1,0,2,3,1,1,1,2,2,2,1,1,2
0,1,1,0,5,1,0,0,0,0,0,0,0,0
2,3,0,0,0,0,0,0,0,0,0,0,0,0
7,3,5,9,6,12,6,7,4,7,3,1,1,4
0,1,1,1,4,1,0,2,3,1,0,0,0,0
1,1,2,1,0,0,0,0,0,0,0,0,0,0
0,0,0,1,0,0,1,0,0,2,1,2,0,0
0,0,0,5,0,0,0,0,0,0,0,0,0,0
2,2,0,1,2,1,0,0,3,3,1,0,0,0
1,0,0,1,0,0,1,2,2,2,0,0,0,0
1,1,0,0,0,1,1,2,1,1,0,0,0,0
1,0,0,0,1,4,1,0,0,0,0,0,0,0
0,0,1,1,1,3,1,3,0,0,0,0,0,0
0,0,0,1,1,1,1,2,0,0,0,0,0,0
1,0,2,1,2,1,0,0,0,0,0,0,0,0
4,1,2,2,2,1,0,3,4,2,0,0,0,0
2,1,2,2,0,1,4,1,1,1,0,0,0,0
1,1,0,0,1,1,0,1,2,3,1,0,2,3
1,0,1,2,1,3,0,0,0,0,0,0,0,0
0,1,0,0,1,1,0,2,0,1,0,2,1,2
2,0,1,1,3,5,1,1,3,2,0,0,0,0
2,1,2,7,2,6,1,8,2,2,0,0,0,0
1,2,2,1,2,1,0,0,0,0,0,0,0,0
1,0,0,1,2,0,1,2,1,1,0,0,0,0
2,1,0,0,0,2,1,2,1,2,0,0,0,0
1,0,0,0,0,1,0,2,1,1,2,1,0,0
0,0,0,0,1,1,1,2,0,0,0,0,0,0
4,1,0,0,0,0,0,0,0,0,0,0,0,0
0,0,0,4,1,1,0,2,1,5,0,2,1,2
1,0,0,0,2,1,1,2,0,0,0,0,0,0
0,1,0,0,0,3,1,0,2,3,0,0,0,0
2,2,3,2,5,5,1,1,1,2,1,1,1,2
0,0,2,1,2,1,0,0,0,0,0,0,0,0
0,0,0,1,1,2,1,0,0,0,0,0,0,0
0,0,0,0,0,1,2,4,0,5,2,1,2,2
1,2,3,0,0,0,0,0,0,0,0,0,0,0
1,0,0,2,2,0,0,0,0,1,2,1,1,1
1,1,0,1,2,1,0,3,0,2,2,1,3,1
0,0,0,0,2,4,2,1,0,0,0,0,0,0
1,0,0,0,3,3,0,0,0,0,0,0,0,0
0,0,0,0,1,3,2,4,0,3,1,2,0,0
0,1,2,0,0,5,0,0,1,2,1,1,0,0
0,0,1,1,1,3,1,3,1,0,0,0,3,2
1,0,0,0,2,1,1,1,0,0,0,0,0,0
0,0,0,2,2,1,0,0,0,0,0,0,0,0
4,0,1,0,1,5,1,0,0,0,0,0,0,0
0,1,1,1,2,1,1,2,0,0,0,0,0,0
2,1,3,5,7,6,4,2,3,3,1,1,2,1
0,1,1,1,1,1,0,0,1,2,2,1,0,0
1,1,2,1,3,2,1,2,0,0,0,0,0,0
0,1,0,3,4,4,2,4,2,3,0,0,0,0
0,0,1,0,0,0,0,2,1,1,2,0,0,0
0,0,2,4,5,5,3,2,1,3,2,1,1,2
0,2,0,2,0,1,2,1,2,1,1,1,0,0
2,0,0,1,4,4,2,0,1,6,1,0,1,5
0,0,0,2,4,2,0,0,0,0,0,0,0,0
0,1,1,0,1,2,0,0,0,0,1,2,2,1
0,0,0,1,0,0,0,0,0,3,1,1,0,0
1,0,0,0,1,5,1,1,0,0,0,0,0,0
2,0,1,4,0,1,0,3,1,3,1,0,0,0
0,0,0,1,1,3,0,2,1,3,0,0,0,0
1,0,0,1,0,2,0,1,0,3,1,1,1,1
1,1,0,0,2,1,1,1,0,0,0,0,0,0
1,1,0,1,1,0,0,0,0,2,1,0,1,6
2,0,0,0,1,1,0,1,2,2,0,0,0,0
0,0,0,0,1,1,0,0,0,0,0,0,1,4
3,0,0,5,3,4,2,1,0,0,0,0,0,0
2,0,1,1,2,3,1,5,0,0,0,0,0,0
2,0,2,1,1,1,1,1,1,2,2,0,0,0
0,0,0,0,0,0,0,0,0,0,0,0,1,4
2,0,0,0,7,3,2,1,1,3,1,1,0,0
1,0,0,1,2,1,0,2,3,2,0,0,0,0
0,0,0,1,0,0,2,3,3,2,1,1,1,2
0,0,0,0,0,0,2,1,1,1,0,0,0,0
2,0,0,2,3,3,1,5,3,2,0,0,0,0
1,0,0,1,1,3,1,1,0,0,0,0,0,0
1,0,0,0,1,0,0,0,0,1,1,2,1,1
1,1,0,0,0,2,2,2,0,0,0,0,0,0
0,0,0,0,2,2,1,0,0,0,0,0,0,0
1,0,0,0,1,1,2,1,1,1,0,0,0,0
2,0,0,2,1,1,1,3,0,0,0,4,1,1
3,0,2,7,5,9,3,6,4,4,5,2,2,3
1,0,2,2,7,5,1,1,1,4,0,0,0,0
0,0,0,0,0,1,0,0,1,1,1,1,1,2
0,0,0,0,3,2,1,1,0,0,0,0,0,0
2,0,1,4,2,1,1,2,0,0,0,0,0,0
1,1,1,5,1,1,1,0,0,0,0,0,0,0
0,1,0,2,2,3,1,0,0,0,0,0,0,0
2,1,0,3,1,4,0,3,0,3,2,1,0,0
0,0,0,0,0,2,1,3,2,1,4,2,1,3
0,0,0,0,1,1,1,2,0,0,0,0,0,0
0,2,2,4,2,1,2,2,0,0,0,0,0,0
1,1,0,1,2,1,0,2,1,1,2,0,0,0
1,1,0,2,1,1,0,3,1,4,0,0,0,0
0,0,0,2,1,1,3,3,2,3,0,0,0,0
1,0,0,1,1,2,1,1,1,1,0,0,0,0
0,0,1,0,1,1,2,1,0,0,0,0,0,0
2,0,2,1,1,3,1,0,1,2,2,1,1,1
2,2,0,4,0,2,1,0,1,1,0,2,1,7
5,0,0,2,1,5,2,0,1,6,1,2,0,0
1,0,0,3,1,1,1,0,0,0,0,0,0,0
0,0,2,1,2,2,1,2,1,1,0,0,0,0
3,2,1,0,3,3,0,1,2,1,0,2,2,3
0,0,0,0,1,1,1,1,1,1,0,0,0,0
1,0,0,0,1,2,0,1,0,2,1,2,1,1
0,0,0,1,2,2,1,0,0,0,0,0,0,0
3,0,2,4,3,3,1,4,2,2,0,2,2,2
0,0,1,2,1,2,0,1,1,1,1,2,0,0
1,1,0,1,4,5,0,4,3,3,1,0,0,0
4,1,0,0,0,0,0,0,0,0,0,0,0,0
3,0,0,1,2,3,1,0,0,0,0,0,0,0
0,0,0,0,0,1,2,2,0,0,0,0,0,0
1,0,0,0,0,3,1,2,0,0,0,0,0,0
1,2,0,1,1,3,2,2,0,0,0,0,0,0
1,0,0,3,1,1,1,0,0,0,0,0,0,0
4,3,2,6,3,12,3,8,1,10,3,3,2,1
2,0,0,1,1,1,1,2,0,0,0,0,0,0
0,0,0,2,4,0,1,4,0,0,0,0,0,0
1,1,1,2,0,1,1,1,2,3,1,1,0,0
1,1,1,2,3,1,2,2,1,4,1,2,0,0
1,0,0,1,4,2,1,0,0,3,0,3,1,1
0,1,1,1,2,0,0,0,0,0,0,0,0,0
2,0,0,2,2,1,1,0,0,0,0,0,0,0
3,0,0,3,7,4,2,1,2,4,1,1,0,0
1,0,0,0,2,2,1,1,0,0,0,0,0,0
1,0,0,4,2,1,1,0,1,4,1,1,0,0
0,0,0,1,3,1,0,0,0,0,0,0,0,0
0,0,0,1,0,0,0,3,1,3,3,1,0,0
0,1,0,0,0,1,1,3,0,0,0,0,0,0
0,0,0,0,0,0,0,0,0,0,0,0,0,5
1,0,2,3,1,3,2,3,3,11,1,2,1,1
1,0,1,1,1,2,0,0,0,0,0,0,0,0
1,0,0,0,4,2,0,0,0,0,0,0,0,0
0,0,1,1,3,2,0,0,0,0,0,0,0,0
0,1,1,1,1,1,1,2,0,0,0,0,0,0
7,2,1,0,4,0,0,1,2,2,0,0,0,0
1,1,0,5,4,6,1,2,0,0,0,0,0,0
1,0,1,3,4,3,1,2,0,0,0,0,0,0
1,1,1,2,1,1,1,1,0,0,0,0,0,0
0,0,1,1,2,1,0,0,0,0,0,0,0,0
6,2,2,5,4,9,8,2,2,3,4,2,0,0
3,1,1,1,0,0,0,0,0,0,0,0,0,0
0,0,0,0,1,0,0,0,0,4,1,1,0,0
3,2,0,3,6,6,3,2,2,3,0,0,3,4
1,0,1,0,1,0,0,0,0,1,1,1,1,2
0,0,0,1,3,1,0,0,0,0,0,0,0,0
3,1,0,1,2,1,1,2,0,0,0,0,0,0
12,7,5,12,0,0,0,0,0,0,0,0,0,0
0,0,1,1,3,0,0,1,2,1,1,0,0,0
0,1,1,2,1,0,1,1,1,1,2,1,0,0
1,0,0,1,1,4,1,0,2,1,1,1,0,0
6,2,2,6,5,3,2,2,1,4,1,0,1,4
0,0,0,0,1,3,0,2,1,0,2,1,1,2
1,1,1,2,0,0,0,0,0,0,0,0,0,0
0,1,2,2,0,0,0,0,0,0,0,0,0,0
0,0,0,2,1,3,1,1,0,0,0,0,0,0
0,1,0,4,1,1,0,0,0,0,0,0,0,0
0,0,1,0,1,0,1,2,1,1,0,0,0,0
2,0,0,0,1,1,2,1,1,0,0,0,0,0
2,1,2,0,0,0,0,0,0,0,0,0,0,0
0,2,0,0,0,0,2,1,1,1,0,0,0,0
1,2,1,1,0,0,0,0,0,0,0,0,0,0
2,0,1,1,3,4,1,1,0,4,1,1,0,0
0,1,1,1,1,1,2,1,3,1,0,0,0,0
1,0,0,0,2,2,1,3,0,0,0,0,0,0
1,2,0,3,2,4,2,2,1,3,1,0,0,6
0,0,0,0,0,0,1,2,2,0,0,0,0,0
1,0,1,3,3,2,2,2,0,0,0,0,0,0
3,0,1,1,0,2,1,1,2,4,1,0,0,0
0,2,1,1,1,0,0,0,0,0,0,0,0,0
0,0,0,2,1,3,0,0,0,0,0,0,0,0
0,1,1,2,2,4,0,1,0,0,1,1,1,2
1,0,0,2,1,1,0,0,0,1,0,0,5,3
0,0,0,2,0,1,0,1,3,1,1,1,0,0
0,2,3,3,2,2,2,3,2,3,1,2,0,0
2,1,1,3,1,2,0,0,0,0,0,0,0,0
1,1,0,1,3,1,1,0,0,0,0,0,0,0
1,0,0,0,4,1,2,2,0,0,0,0,0,0
2,0,2,1,3,4,1,4,0,4,1,1,0,0
1,0,0,4,1,1,0,0,0,0,0,0,0,0
0,1,0,1,0,0,3,2,0,0,0,0,0,0
1,3,1,1,0,1,2,0,0,2,1,2,1,3
7,3,4,5,7,8,4,4,2,6,0,4,2,1
2,0,1,0,3,2,0,0,0,0,0,0,0,0
1,0,0,1,0,0,0,1,0,1,1,1,1,1
1,0,0,1,2,1,1,2,1,1,1,0,0,0
0,1,0,0,0,1,0,1,0,1,1,1,1,1
4,0,1,2,3,3,3,3,0,0,0,0,0,0
1,0,1,1,0,1,0,0,1,2,0,1,1,3
0,1,0,0,1,2,1,1,0,0,0,0,0,0
4,2,1,1,2,2,2,3,2,5,1,2,1,1
1,0,0,2,1,1,2,3,2,3,1,1,1,10
2,0,0,1,1,3,1,1,0,0,4,2,0,0
0,1,2,1,1,2,1,1,0,0,0,0,0,0
2,2,0,1,0,1,0,1,2,1,1,2,0,0
0,0,0,2,3,12,1,0,1,3,1,0,2,3
0,0,0,1,0,3,0,0,0,3,0,1,3,1
1,0,0,2,0,2,1,5,0,0,0,0,0,0
1,0,2,0,1,5,1,1,2,3,1,0,0,0
4,0,0,0,4,3,0,0,0,0,0,0,0,0
1,0,0,0,2,3,1,0,0,0,0,0,0,0
0,2,1,1,3,5,2,1,1,1,0,0,0,0
0,0,0,0,0,1,1,1,2,1,0,0,0,0
0,0,0,0,0,0,0,0,0,0,0,1,1,3
0,0,0,0,1,1,1,0,0,1,1,1,2,1
1,1,0,2,1,1,2,1,0,0,0,0,0,0
1,0,2,1,1,2,3,3,3,5,1,2,0,0
3,3,0,3,2,2,0,1,0,3,1,1,0,0
3,2,1,0,0,0,0,0,0,0,0,0,0,0
4,1,0,0,3,7,0,3,1,2,0,0,1,6
0,0,0,1,1,2,0,3,0,4,2,1,0,0
1,0,4,0,1,4,1,0,1,3,0,0,5,5
3,4,2,7,6,8,4,5,3,8,1,1,0,0
0,0,1,0,2,2,1,0,0,0,0,0,0,0
1,0,0,2,1,1,1,3,0,0,0,0,0,0
0,1,0,1,2,4,0,0,0,2,0,2,1,2
0,0,0,1,2,1,0,3,0,4,1,3,0,0
2,1,2,4,0,0,0,0,0,0,0,0,0,0
2,0,0,1,1,2,1,2,0,0,0,0,0,0
8,1,1,3,2,6,3,5,6,7,5,0,1,6
1,0,0,1,2,3,1,0,0,0,0,0,0,0
0,1,2,3,1,1,3,3,0,0,0,0,0,0
1,0,3,4,3,1,1,5,1,1,3,2,0,0
0,1,0,2,2,2,0,0,0,0,0,0,0,0
4,0,1,1,1,0,0,2,0,3,2,1,0,0
1,0,0,2,2,4,1,4,7,8,3,0,6,7
3,3,3,5,2,3,0,2,6,4,1,4,0,0
0,0,1,1,0,2,1,0,0,0,0,0,2,3
1,0,0,4,2,0,0,0,0,0,0,0,0,0
2,0,2,1,2,1,2,1,1,2,2,3,0,0
0,0,2,1,2,2,0,0,0,0,0,0,0,0
1,0,0,0,1,0,0,0,0,0,1,1,2,2
1,1,0,1,1,1,2,1,1,1,0,0,0,0
3,3,2,0,7,5,2,5,2,0,1,1,3,4
0,0,0,0,1,4,0,0,0,0,0,0,0,0
0,0,0,0,3,2,0,0,0,0,0,0,0,0
2,1,1,1,4,0,1,1,1,3,0,0,0,0
0,0,0,1,1,1,2,0,0,5,2,1,0,0
2,0,2,2,1,3,1,2,0,0,0,0,0,0
0,0,0,0,1,2,1,1,0,0,0,0,0,0
0,0,2,0,3,4,2,2,0,3,1,1,0,0
2,0,0,1,1,1,2,3,0,0,0,0,0,0
1,2,1,2,3,2,0,2,1,3,1,3,0,0
0,0,1,0,0,1,1,1,2,1,0,0,0,0
4,4,0,0,0,0,6,0,0,0,0,0,0,0
2,3,4,2,4,4,1,3,0,4,3,1,1,1
3,1,5,7,9,8,5,7,3,8,4,1,3,5
1,0,0,0,2,3,1,2,0,0,0,0,0,0
0,1,2,2,1,0,0,0,0,0,0,0,0,0
6,0,0,3,3,3,1,0,2,3,2,1,0,0
2,0,1,1,3,1,0,0,0,0,0,0,0,0
0,0,0,0,4,1,0,0,0,0,0,0,0,0
1,1,0,1,0,2,2,0,0,3,2,0,0,0
2,0,1,1,2,3,1,2,3,2,0,0,0,0
0,0,0,2,2,1,0,0,0,0,0,0,0,0
5,0,4,1,7,8,3,1,1,2,1,1,0,0
1,1,1,0,3,3,0,0,0,0,0,0,0,0
0,1,2,4,0,2,0,3,1,1,1,1,1,1
0,2,0,0,2,1,0,2,1,1,1,2,0,0
1,0,1,3,1,5,1,1,1,2,1,1,0,0
0,0,0,0,0,0,2,1,0,4,1,1,1,1
0,0,0,1,1,0,0,0,2,2,2,1,0,0
1,0,0,0,1,3,1,0,0,0,0,0,0,0
1,0,1,0,2,1,2,0,0,0,0,0,0,0
0,1,1,3,4,2,0,0,0,2,1,2,0,0
1,0,0,2,2,1,0,0,0,0,0,0,0,0
0,2,0,1,1,0,0,0,1,4,1,2,2,2
0,0,0,0,5,0,0,6,0,10,0,2,3,7
1,0,0,1,3,1,1,2,0,0,0,0,0,0
0,0,1,0,1,0,1,3,1,3,1,0,0,0
1,1,0,1,2,2,0,0,0,0,0,0,0,0
1,1,0,2,2,4,1,2,3,3,1,1,0,0
2,0,0,0,0,2,3,2,0,0,0,0,0,0
0,0,0,1,1,4,1,1,0,0,0,0,0,0
0,0,0,0,2,2,1,1,0,0,0,0,0,0
2,1,0,0,4,3,2,1,1,0,1,2,1,1
4,1,1,2,5,2,3,1,1,0,0,0,0,0
2,1,0,5,4,5,0,3,0,3,0,0,0,5
0,0,0,0,5,1,1,0,0,0,0,0,0,0
2,2,1,2,0,0,0,0,0,0,0,0,0,0
0,1,1,0,1,2,1,3,0,0,0,0,0,0
0,0,0,1,2,0,1,2,1,2,0,0,0,0
1,0,3,1,1,2,2,1,1,2,0,0,0,0
0,0,0,0,1,0,2,1,1,1,0,0,0,0
0,0,1,1,1,1,1,1,1,1,0,0,0,0
1,2,1,1,3,2,0,1,4,0,3,2,2,2
1,0,1,0,3,2,1,1,1,1,2,1,0,0
2,3,1,0,1,1,1,2,1,2,1,1,0,0
3,0,1,1,0,0,0,3,0,1,1,1,1,3
0,0,2,1,5,4,2,2,3,1,0,0,0,0
1,1,0,2,0,3,0,2,1,2,0,0,0,0
1,0,0,1,2,1,2,0,0,0,0,0,0,0
0,0,0,0,0,1,0,0,0,0,1,0,2,3
4,2,4,6,6,3,2,2,1,4,2,1,0,0
0,0,0,0,0,0,0,0,0,0,0,0,0,5
0,0,0,0,0,1,0,3,2,7,2,3,0,0
2,4,1,1,3,2,1,2,3,2,1,0,0,0
0,0,0,0,0,0,0,0,0,0,0,0,0,10
5,0,1,4,4,7,4,1,2,5,2,4,0,0
0,0,1,1,1,0,2,1,1,3,0,1,3,3
2,2,0,0,5,0,0,0,3,3,0,0,0,0
1,0,0,1,1,1,0,1,2,2,0,0,0,0
2,0,1,0,2,1,1,1,1,1,0,0,0,0
0,0,0,1,2,1,1,0,0,0,0,0,0,0
2,1,0,1,1,0,0,3,0,6,1,0,0,0
4,1,3,2,3,4,0,3,1,4,1,1,0,0
0,0,0,0,0,1,0,2,1,3,2,0,0,0
1,1,0,2,2,1,0,0,0,0,0,0,0,0
0,0,1,0,1,0,0,1,1,2,1,2,1,2
0,0,3,0,3,1,0,1,2,1,1,0,0,0
1,2,2,2,2,5,2,3,3,1,0,0,0,0
0,0,1,3,1,5,0,3,2,3,2,0,0,0
0,1,1,2,1,1,0,0,0,0,0,0,0,0
2,1,0,0,0,3,1,1,2,1,0,0,0,0
0,0,0,3,0,0,1,2,1,2,1,2,1,5
0,0,0,2,1,1,1,2,0,0,0,0,0,0
0,1,0,1,2,2,2,0,0,0,0,0,0,0
2,2,1,2,0,0,0,0,0,0,0,0,0,0
5,1,2,3,4,5,2,1,1,2,0,0,0,0
1,0,0,2,0,1,0,3,1,1,1,0,0,0
1,0,3,1,3,1,0,0,0,0,0,0,0,0
0,0,0,2,0,1,0,3,2,1,1,1,0,0
1,0,0,3,1,1,1,2,1,1,0,0,0,0
3,1,3,2,7,4,1,3,0,5,1,0,0,0
0,1,0,2,2,2,1,1,0,0,0,0,0,0
2,3,0,0,0,0,0,0,0,0,0,0,0,0
1,0,0,4,1,8,2,5,2,13,1,4,3,5
2,1,2,2,2,4,2,0,0,0,0,0,0,0
0,1,0,2,1,2,0,0,0,0,0,0,0,0
2,1,1,1,3,6,1,2,1,4,1,4,2,2
2,0,1,2,1,2,1,2,4,4,3,2,0,0
0,0,0,2,2,1,0,0,0,0,0,0,0,0
2,0,0,2,0,2,0,1,1,3,0,0,0,0
0,0,0,0,0,0,0,2,0,0,1,0,4,2
2,0,2,2,4,2,1,3,0,0,0,0,0,0
4,2,4,2,5,4,1,2,2,6,2,5,0,0
1,0,0,1,1,1,2,0,0,0,0,0,0,0
2,0,1,0,0,0,2,0,2,0,0,1,2,3
2,0,1,1,7,4,1,5,3,3,0,1,2,4
2,3,0,0,0,0,0,0,0,0,0,0,0,0
1,0,2,2,0,3,1,2,0,0,0,0,0,0
1,1,1,2,5,1,1,4,1,1,1,0,0,0
0,1,1,0,1,1,0,3,0,3,1,2,0,0
5,2,2,8,10,5,2,2,2,3,1,1,1,3
0,0,0,2,1,4,2,4,1,6,1,1,1,2
0,1,1,0,1,0,1,0,0,2,1,2,0,0
2,1,0,0,2,1,2,1,4,1,0,0,0,0
1,0,0,0,1,0,0,0,2,2,1,1,0,0
1,0,2,1,3,3,0,0,0,0,0,0,0,0
3,2,0,2,1,2,1,0,0,1,2,1,2,1
1,0,1,2,0,2,2,1,2,2,0,0,0,0
0,0,0,0,0,1,2,2,0,0,0,0,0,0
1,0,0,0,1,0,0,2,3,1,1,1,0,0
5,2,1,5,6,4,5,5,3,12,2,2,0,0
0,0,1,5,1,2,1,4,1,1,0,0,0,0
0,1,0,3,1,1,0,0,0,0,0,0,0,0
1,0,0,0,3,2,2,4,3,1,1,0,0,0
3,1,3,8,9,9,4,3,3,11,5,7,2,5
2,0,1,2,1,3,1,0,0,0,0,0,0,0
0,1,1,0,1,3,2,0,0,0,0,0,0,0
0,0,2,2,0,3,0,0,2,0,3,3,0,0
2,0,0,0,2,3,1,2,0,0,0,0,0,0
2,2,0,2,3,4,2,2,4,1,2,2,0,0
2,0,0,1,2,1,2,1,0,0,0,0,0,0
0,0,0,2,1,3,1,1,0,0,0,0,0,0
3,0,3,4,4,0,4,5,3,3,3,1,0,0
0,0,0,2,3,1,1,0,0,1,1,1,1,3
0,0,0,1,2,2,1,0,0,0,0,0,0,0
0,2,1,1,1,1,0,0,0,0,0,0,0,0
4,0,1,2,4,2,2,1,0,3,1,2,1,3
1,1,1,1,9,2,0,3,4,1,0,0,0,0
0,0,0,2,1,2,0,0,0,3,1,2,0,0
0,0,0,2,3,1,0,0,0,0,0,0,0,0
1,0,0,1,2,0,3,2,0,1,1,1,1,2
0,0,0,1,1,3,0,0,0,0,0,0,0,0
5,1,0,0,0,0,0,0,0,0,0,0,0,0
1,0,0,2,2,2,0,0,0,0,0,0,0,0
1,2,0,0,1,2,3,2,0,0,0,0,0,0
0,1,5,0,0,0,0,0,0,0,0,0,0,0
0,0,0,0,0,5,0,0,5,2,2,2,2,2
0,2,0,4,0,5,1,1,0,0,0,0,0,0
4,1,0,0,0,0,0,0,0,0,0,0,0,0
0,0,0,1,0,1,1,0,1,1,2,0,2,3
0,1,0,2,1,2,0,0,0,0,0,0,0,0
5,1,2,4,1,0,0,5,0,0,0,0,0,0
1,0,0,2,1,1,1,1,0,0,0,0,0,0
0,1,1,1,2,1,2,1,0,3,1,1,2,1
0,1,1,1,1,0,0,1,1,2,1,1,0,0
2,0,1,3,1,1,0,0,0,0,0,0,0,0
2,5,2,2,5,3,3,3,4,3,2,1,0,0
0,0,0,3,0,0,1,0,1,3,0,1,3,4
0,0,0,2,0,0,0,3,1,1,0,0,0,0
2,1,1,2,0,0,0,0,0,0,0,0,0,0
3,0,2,2,3,4,4,2,0,5,1,1,0,0
0,1,1,1,1,5,0,1,1,1,1,1,1,1
2,0,0,0,1,3,1,0,0,0,0,0,0,0
0,1,0,1,3,1,1,2,0,0,0,0,0,0
1,0,0,0,1,1,2,1,0,0,0,0,0,0
3,0,1,2,2,6,1,2,2,2,0,1,1,4
1,2,2,2,3,4,1,1,2,1,1,1,0,0
2,1,1,2,1,2,1,0,0,2,2,2,0,0
0,0,0,1,1,3,1,0,1,3,1,0,0,0
3,1,2,1,2,2,3,2,0,0,0,0,0,0
1,0,0,2,2,2,0,0,0,0,0,0,0,0
0,1,0,1,5,2,0,3,1,1,1,0,0,0
0,0,0,2,2,2,0,0,0,0,0,0,0,0
0,0,0,4,1,1,2,4,2,1,0,0,0,0
2,0,0,0,1,0,1,2,0,3,2,1,0,0
1,0,1,2,0,0,0,1,3,2,0,0,0,0
3,0,3,5,5,3,1,3,0,0,0,0,0,0
1,1,2,1,0,0,1,1,0,1,1,4,0,0
3,2,1,4,1,4,3,4,1,4,2,2,0,0
2,1,0,1,2,0,1,1,2,1,1,0,1,6
1,2,3,1,1,3,1,3,3,0,1,0,1,4
0,1,0,4,1,2,0,0,0,0,0,0,0,0
0,2,0,1,0,0,0,0,1,3,1,0,0,0
1,0,0,4,3,1,0,0,0,0,0,0,0,0
2,0,2,0,1,2,1,1,1,1,0,0,0,0
0,0,0,1,2,4,1,2,1,3,1,0,0,0
0,0,0,0,4,1,0,0,0,0,0,0,0,0
0,2,0,3,3,2,0,0,0,0,0,0,0,0
0,0,1,0,2,2,2,2,2,1,0,0,0,0
2,1,0,2,1,3,0,0,0,0,0,0,0,0
2,2,1,0,0,0,0,0,0,0,0,0,0,0
1,1,1,0,0,0,0,0,1,0,2,0,0,5
3,2,0,5,6,4,3,8,3,8,0,4,2,2
1,0,0,1,2,1,1,1,0,0,0,0,0,0
0,1,0,2,1,1,2,2,0,0,0,0,0,0
4,3,2,2,5,11,2,2,2,4,1,1,0,0
3,1,1,1,2,4,2,1,1,1,1,1,1,1
3,2,1,1,4,2,5,4,0,4,2,3,1,1
2,0,0,1,3,2,0,0,0,0,0,0,0,0
1,1,1,2,5,4,0,2,3,4,0,0,0,0
2,0,0,0,1,0,0,1,2,1,1,2,4,3
5,4,2,4,3,4,1,6,2,2,2,0,0,0
0,1,0,2,1,3,1,2,2,1,0,0,0,0
3,0,1,3,2,1,1,0,0,0,0,0,0,0
0,0,0,2,0,2,1,0,2,1,1,1,0,0
0,0,0,0,3,2,0,1,3,5,0,1,3,3
3,0,0,1,3,0,1,0,0,1,2,2,0,0
0,1,1,3,2,2,1,1,1,3,0,0,0,0
2,1,4,1,4,8,2,7,3,7,1,1,1,5
4,0,2,0,1,3,1,1,0,0,0,0,0,0
0,0,0,2,0,1,1,3,2,4,1,3,0,0
2,0,1,0,1,1,1,0,1,4,0,0,0,0
0,1,1,0,0,2,2,2,0,0,0,0,0,0
2,0,0,3,2,2,4,0,0,8,3,2,0,5
0,0,0,1,0,1,1,2,1,1,2,1,0,0
1,0,0,0,2,1,0,1,1,2,5,1,0,0
2,0,2,3,1,0,0,0,0,0,0,0,0,0
2,0,0,1,3,2,1,0,0,3,1,2,1,3
1,1,2,1,0,0,0,0,0,0,0,0,0,0
0,1,0,3,1,1,0,0,0,0,0,0,0,0
1,0,0,1,2,1,2,2,0,0,0,0,0,0
1,0,1,1,2,1,1,1,2,1,0,0,0,0
3,4,4,5,8,8,3,1,5,6,3,2,0,0
1,0,0,0,0,2,0,1,2,0,1,1,2,1
1,0,1,0,1,6,0,1,1,1,2,1,0,0
0,0,0,1,0,2,0,1,1,3,1,0,0,0
0,1,1,2,0,1,0,1,2,1,1,0,0,0
0,1,3,1,2,4,4,3,0,9,2,1,0,0
1,2,3,1,0,2,0,2,1,1,2,1,0,0
0,2,4,1,2,3,1,2,2,2,1,1,0,0
0,0,0,1,2,1,0,3,1,3,0,0,0,0
0,0,1,0,0,0,0,0,0,0,0,1,3,8
3,2,0,0,0,0,0,0,0,0,0,0,0,0
0,0,1,1,0,2,3,3,4,1,2,1,0,0
2,0,1,3,3,3,2,2,1,2,1,2,0,0
2,0,1,0,3,3,0,2,1,5,1,2,4,6
1,0,0,0,2,0,1,1,1,2,0,0,0,0
1,0,2,2,1,1,0,0,0,0,0,0,0,0
0,0,2,0,1,1,1,3,1,1,0,0,0,0
0,2,1,2,0,0,0,0,0,0,0,0,0,0
0,0,0,0,2,1,1,1,0,0,1,2,1,1
0,0,0,0,0,0,0,0,0,0,0,0,0,13
0,0,1,1,1,3,2,1,0,0,0,0,0,0
0,0,0,0,0,0,0,0,0,0,0,0,1,10
2,4,1,5,1,8,2,2,7,3,2,0,2,3
0,1,2,2,1,2,1,0,1,1,0,0,4,7
0,0,1,0,1,1,1,2,0,0,0,0,0,0
9,2,6,11,8,9,4,12,4,8,2,4,3,7
3,2,0,0,0,0,0,0,0,0,0,0,0,0
2,0,0,2,2,5,0,4,2,1,0,0,0,0
3,0,0,1,2,1,1,1,0,0,0,0,0,0
2,0,2,1,4,2,1,1,2,5,1,0,0,0
7,1,2,6,7,8,5,2,3,4,4,1,0,5
1,0,0,2,1,1,1,2,0,0,0,0,0,0
0,0,0,1,0,0,0,3,0,1,1,5,0,0
1,0,0,1,0,1,0,0,1,1,0,0,1,4
1,0,0,0,0,1,0,2,0,2,1,0,0,5
0,0,0,1,0,0,1,2,1,1,0,0,0,0
1,1,0,2,3,2,0,0,0,0,0,0,0,0
1,0,1,0,1,2,0,3,3,1,2,1,2,1
0,0,0,0,0,0,1,1,1,2,1,1,0,0
2,0,1,3,4,5,0,5,0,0,0,0,0,0
0,1,1,2,2,2,2,0,2,4,1,1,0,0
1,0,0,4,3,4,3,0,2,3,1,1,0,0
4,0,2,3,2,5,2,3,6,1,0,0,2,4
1,2,1,0,2,4,1,4,3,3,1,0,0,0
0,4,1,3,5,3,2,4,1,9,1,2,2,1
0,2,0,1,4,1,1,3,1,2,0,0,0,0
2,0,0,5,5,6,1,4,5,7,3,2,0,0
1,0,0,0,2,0,1,4,0,0,0,0,0,0
3,1,0,4,2,2,1,5,1,1,0,0,0,0
1,0,2,1,4,0,0,0,3,2,1,1,3,1
1,0,1,4,1,1,2,1,0,0,0,0,0,0
1,0,0,0,1,1,1,2,0,0,0,0,0,0
0,2,0,4,3,1,0,3,2,1,0,0,0,0
2,0,1,4,4,6,1,2,2,2,0,0,0,0
0,1,1,1,2,1,0,0,0,0,0,0,0,0
3,2,3,5,5,2,1,3,4,6,4,1,0,0
3,0,2,3,4,12,3,9,13,12,3,4,4,7
1,1,0,0,1,2,2,2,1,2,1,0,0,0
3,2,0,1,0,3,1,1,2,5,0,4,2,2
0,0,0,0,1,0,2,5,2,3,0,4,1,4
2,0,1,0,2,2,1,1,0,2,0,2,4,2
3,1,2,3,3,6,1,2,0,4,1,1,1,2
2,0,1,2,3,3,1,1,3,3,1,2,0,0
1,0,1,0,1,0,2,3,0,0,0,0,0,0
0,0,0,3,1,2,2,2,1,2,1,0,0,0
1,0,1,1,2,1,1,2,0,5,1,2,0,5
0,1,0,2,0,5,0,2,1,3,0,0,0,0
1,0,0,2,2,0,0,1,0,2,0,1,1,3
2,0,0,2,1,1,1,0,0,0,0,0,0,0
0,0,0,0,1,0,2,0,0,2,1,1,1,1
1,0,0,2,1,2,1,3,0,0,0,0,0,0
12,2,2,10,10,10,6,3,4,5,3,2,2,7
3,2,0,2,0,0,3,0,2,3,1,0,0,0
1,3,0,1,0,4,1,2,0,0,0,0,0,0
1,0,0,1,1,0,0,1,0,1,2,0,3,2
1,0,0,1,3,1,0,0,0,0,0,0,0,0
2,1,1,0,1,4,1,0,1,4,1,2,0,0
1,0,0,1,2,1,1,0,0,0,0,0,0,0
1,0,0,3,3,2,1,1,1,1,3,2,0,0
1,0,1,0,1,2,1,3,0,0,0,0,0,0
3,1,0,3,5,1,1,4,1,2,2,1,0,0
2,1,2,2,1,2,0,1,3,4,1,1,0,0
5,1,2,1,4,8,3,7,5,6,0,1,3,1
1,0,0,1,0,0,0,0,3,1,2,1,1,1
1,1,1,1,1,4,0,0,0,0,0,0,0,0
0,0,1,0,0,1,1,0,1,1,3,1,0,0
0,0,0,0,1,1,0,1,0,1,1,1,1,2
1,1,1,2,2,1,0,0,0,0,0,0,0,0
0,0,0,0,1,0,1,2,1,3,0,0,0,0
0,0,1,1,1,1,1,0,0,0,0,0,0,0
3,0,0,3,0,1,0,1,2,1,2,2,0,0
3,2,0,1,5,5,2,7,1,2,0,0,0,0
0,0,1,1,1,3,1,2,0,0,0,0,0,0
2,0,0,0,1,1,2,1,0,0,0,0,0,0
0,1,0,0,0,1,0,2,2,0,2,1,1,2
0,1,0,3,4,2,1,2,0,0,0,0,0,0
2,0,4,5,3,2,1,2,3,7,1,2,1,3
3,1,0,2,3,1,1,2,1,1,1,1,0,0
0,0,0,0,2,0,0,0,0,2,1,0,1,4
1,0,0,0,1,1,1,2,0,1,0,2,1,2
0,0,0,0,0,0,0,0,0,0,0,1,1,4
1,0,0,2,1,2,2,1,0,0,0,0,0,0
2,1,3,0,1,1,0,1,2,1,1,1,0,0
0,0,0,0,0,0,0,0,0,2,0,0,3,2
1,0,0,1,1,0,2,1,1,1,1,1,0,0
1,0,2,0,0,1,0,0,2,1,2,1,0,0
0,0,2,0,0,1,1,2,2,1,0,0,0,0
1,1,0,0,1,3,0,1,1,0,0,0,2,5
1,0,1,4,6,3,1,4,1,2,1,1,1,2
0,0,1,1,3,1,2,1,1,1,0,2,1,5
0,0,0,1,2,1,1,3,0,0,0,0,0,0
1,0,2,1,1,0,1,2,0,3,1,1,0,0
4,0,1,2,0,4,3,2,1,2,1,1,1,1
1,1,0,2,2,3,1,3,0,0,0,0,0,0
0,2,0,2,3,0,1,0,1,1,1,0,5,2
0,0,0,0,0,1,1,3,0,0,0,0,0,0
1,2,0,2,2,0,0,2,4,1,1,0,2,4
2,0,1,1,0,1,0,0,1,2,1,1,0,0
0,0,0,2,4,1,1,2,0,0,0,0,0,0
2,1,1,2,1,1,0,0,0,0,0,0,0,0
0,0,0,0,0,1,1,2,1,1,0,0,0,0
0,0,0,1,1,1,1,1,0,0,0,0,0,0
0,0,0,2,0,5,0,3,1,2,1,1,1,3
0,0,0,1,2,2,1,3,1,1,0,0,0,0
2,1,0,1,2,2,1,1,0,0,0,0,0,0
1,0,0,0,3,2,0,0,0,0,0,0,0,0
3,1,2,1,5,2,2,4,4,3,0,1,4,3
1,0,1,1,1,1,1,1,0,0,0,0,0,0
2,2,1,0,0,0,0,0,0,0,0,0,0,0
0,1,0,0,2,1,1,1,0,0,0,0,0,0
4,1,1,3,0,3,4,1,1,1,0,0,0,0
1,3,0,1,4,3,1,3,0,4,2,1,0,0
0,1,0,0,0,0,1,0,0,2,2,1,0,0
2,1,0,4,3,3,3,2,1,1,1,4,0,0
0,1,1,0,1,0,2,2,1,1,0,0,0,0
0,0,1,2,1,1,0,0,0,0,0,0,0,0
1,0,1,4,0,0,0,0,0,0,0,0,0,0
1,0,0,0,0,2,0,0,2,3,0,0,0,0
2,1,1,2,4,4,3,4,0,1,1,2,1,1
3,3,1,2,3,2,1,0,0,0,0,0,0,0
4,2,3,2,6,7,1,4,3,6,1,2,3,3
2,2,2,1,1,1,0,0,0,0,0,0,0,0
1,1,1,1,0,4,2,3,1,2,1,2,0,0
1,0,1,2,1,2,1,0,0,1,1,1,2,1
0,1,2,1,1,0,0,0,0,0,0,0,0,0
1,0,0,0,0,2,0,0,1,2,1,1,0,0
3,3,1,0,4,1,0,1,2,2,0,0,0,0
2,2,1,0,0,0,0,0,2,0,0,0,2,3
0,0,3,2,0,0,0,0,0,0,0,0,0,0
1,2,0,0,0,1,1,1,1,1,0,0,0,0
3,0,0,1,0,0,0,2,2,1,0,0,0,0
1,1,0,3,1,4,2,1,3,1,0,0,0,0
0,0,0,1,0,2,2,2,0,0,0,0,0,0
0,0,0,0,0,1,0,2,1,2,0,0,0,0
0,0,0,1,0,0,0,0,0,0,0,0,2,3
1,0,0,1,3,4,1,2,0,0,0,0,0,0
2,0,0,3,1,3,1,1,3,1,0,0,0,0
2,0,2,0,1,1,0,2,1,2,0,0,0,0
3,1,3,1,0,0,3,2,2,3,1,1,1,1
2,1,0,0,3,3,0,0,0,0,0,0,0,0
0,0,1,2,4,1,1,0,2,2,2,1,0,0
0,0,0,0,3,2,0,0,0,1,0,1,2,3
1,0,1,2,3,3,0,1,2,2,0,0,0,0
1,0,0,0,0,1,2,1,1,2,0,0,0,0
0,0,0,0,2,1,0,0,0,2,1,1,1,1
0,1,0,2,0,1,0,2,0,1,2,2,1,3
8,7,0,0,6,0,0,0,2,0,0,7,0,0
1,0,0,0,2,1,1,2,1,1,0,0,0,0
1,0,0,1,2,2,0,1,1,2,1,0,0,0
2,0,0,2,0,1,2,3,1,2,1,1,0,0
2,1,2,3,3,1,1,2,1,4,0,0,1,4
1,0,2,2,1,2,1,2,2,2,1,1,1,3
4,0,1,1,3,1,0,0,0,0,0,0,0,0
0,0,0,1,1,0,2,3,0,0,0,0,0,0
2,0,0,0,0,5,1,1,2,0,0,0,0,0
2,1,3,2,5,8,3,8,2,6,1,3,3,1
2,0,2,2,4,3,0,0,0,0,0,0,0,0
2,0,0,3,1,1,3,1,0,0,0,0,0,0
1,1,1,0,0,2,1,2,3,3,1,1,2,1
1,1,0,1,1,0,1,2,2,1,0,0,0,0
0,0,3,1,1,1,0,0,0,0,0,0,0,0
0,1,0,2,1,3,0,1,1,3,0,0,0,0
0,0,0,1,4,7,2,6,4,9,3,1,5,4
0,0,0,1,3,0,1,4,1,0,0,0,0,0
1,0,0,2,0,1,2,2,1,0,0,0,0,0
1,0,0,3,2,2,1,4,1,1,1,2,0,0
4,3,4,6,7,4,4,7,2,3,0,0,0,0
2,0,1,1,4,2,1,0,0,0,0,0,0,0
3,0,1,1,3,2,2,0,0,3,3,1,0,0
1,1,1,1,1,0,0,0,0,0,0,0,0,0
2,0,1,2,2,1,2,1,3,1,1,0,3,2
4,3,3,6,8,1,5,1,4,10,3,1,0,0
0,0,1,0,1,1,1,1,1,0,0,0,0,0
0,0,0,3,4,1,0,0,0,0,0,0,0,0
1,0,1,0,0,2,1,1,1,1,0,0,0,0
1,0,3,0,2,3,2,2,5,1,0,0,0,0
0,1,0,0,2,0,0,1,2,0,1,1,1,2
2,0,2,3,6,1,0,1,0,0,1,1,2,2
4,3,3,4,8,4,4,7,6,5,2,2,1,3
1,4,1,2,4,7,1,3,4,1,2,1,0,0
2,0,3,5,3,3,2,1,0,2,3,2,0,0
2,1,1,4,5,1,0,2,1,3,1,0,0,0
4,0,1,1,2,1,0,0,0,0,0,0,0,0
2,2,0,6,2,10,4,5,8,4,6,1,0,0
4,2,2,5,10,12,3,5,0,4,3,1,1,3
2,1,1,0,0,2,3,1,0,0,0,0,0,0
1,0,1,1,0,1,2,2,0,0,0,0,0,0
0,0,0,1,3,1,0,0,0,0,0,0,0,0
0,0,0,2,2,3,1,0,0,0,0,0,0,0
0,0,0,0,1,3,1,1,0,0,0,0,0,0
0,0,2,0,5,6,1,1,1,3,1,1,1,1
0,0,1,3,2,2,1,1,0,0,0,0,0,0
0,0,0,1,0,4,2,3,1,2,0,0,0,0
1,2,0,3,4,1,3,1,1,2,1,1,0,0
2,1,1,1,0,0,0,0,0,0,0,0,0,0
0,0,0,0,1,1,2,3,0,0,0,0,0,0
3,3,2,2,1,1,1,3,5,4,4,5,0,0
3,0,1,1,4,0,5,1,1,3,1,0,0,0
2,2,0,3,1,1,0,0,0,0,0,0,0,0
1,0,0,1,1,3,0,3,1,4,1,1,0,0
0,0,0,0,0,0,0,0,0,1,0,0,1,4
0,0,0,0,0,0,0,2,1,2,1,1,0,0
1,1,0,0,4,0,0,2,2,3,1,1,0,0
0,0,0,0,1,0,0,0,0,2,1,0,4,2
0,0,0,0,0,0,0,0,0,0,0,0,4,4
1,1,0,2,2,3,2,1,2,3,2,1,0,0
0,0,0,1,0,1,2,2,0,0,0,0,0,0
0,0,0,0,0,0,0,2,2,1,0,0,0,0
0,0,1,1,0,1,2,0,1,2,1,1,0,0
0,1,1,3,3,6,4,3,0,7,1,3,3,3
2,0,0,1,2,4,2,1,3,3,0,0,0,0
0,0,2,2,2,1,2,3,0,0,0,0,0,0
3,0,2,4,3,6,0,3,1,1,1,1,0,0
0,1,1,2,4,4,0,1,3,4,1,1,0,0
0,0,0,0,1,0,0,0,1,2,2,1,0,0
0,1,1,2,1,2,1,2,0,0,0,0,0,0
0,0,3,1,1,1,0,0,0,0,0,0,0,0
2,0,1,2,4,1,1,3,2,1,1,1,0,0
1,1,2,2,3,2,2,2,0,0,0,0,0,0
2,0,2,2,3,3,1,2,1,2,0,0,0,0
0,1,1,1,3,3,1,2,2,2,0,0,0,0
3,2,2,4,3,6,3,4,5,8,1,4,0,0
0,0,0,1,1,3,0,2,1,3,2,1,1,1
2,0,0,0,2,1,3,1,2,1,1,1,0,0
0,1,1,1,1,2,1,1,0,0,0,0,0,0
1,1,1,3,1,1,1,2,1,2,0,0,0,0
0,1,0,0,0,1,1,3,0,0,0,0,0,0
0,0,0,1,1,1,1,1,0,0,0,0,0,0
0,0,0,2,1,4,1,1,0,2,0,2,1,2
4,2,1,2,3,4,2,1,2,4,0,1,1,4
1,1,0,2,1,3,1,0,0,0,0,0,0,0
1,0,1,1,3,1,0,3,1,1,1,1,0,0
1,1,1,1,1,1,0,0,0,0,0,0,0,0
0,0,0,0,1,0,1,0,1,2,2,1,0,0
0,0,0,0,1,2,0,1,1,0,0,3,1,1
4,4,3,12,10,7,5,7,8,13,3,1,2,5
1,0,1,2,2,2,1,3,1,2,0,0,0,0
4,1,0,1,4,0,1,2,1,1,2,1,0,0
0,0,1,0,0,1,1,3,0,0,0,0,0,0
3,2,0,0,2,3,1,0,0,0,0,0,0,0
2,1,4,0,4,3,0,1,1,5,0,2,3,4
2,0,1,1,0,1,2,3,2,2,0,0,0,0
4,0,0,2,1,1,2,0,1,4,1,1,0,0
2,1,1,3,4,5,2,5,3,10,4,2,4,11
1,0,0,0,0,0,0,3,1,2,1,0,0,0
0,3,2,3,5,10,4,9,12,11,8,7,6,12
0,1,0,0,1,1,0,1,1,2,1,0,0,0
3,2,1,4,4,5,2,3,2,7,0,2,1,5
0,0,1,4,3,1,0,2,1,2,1,1,0,0
0,0,0,1,1,0,0,0,2,4,0,0,0,0
2,0,0,0,1,0,0,0,1,0,1,1,0,11
0,0,0,2,1,1,0,1,1,1,0,1,3,3
0,0,0,1,0,0,1,1,2,1,0,0,0,0
3,2,2,2,2,3,1,5,3,2,2,1,0,0
5,0,1,3,2,1,1,1,2,1,1,1,1,4
0,0,0,2,1,2,0,3,1,2,1,2,0,0
0,0,0,0,1,0,0,0,0,0,1,1,0,10
3,0,0,0,0,1,0,0,2,4,0,1,2,12
2,0,0,1,1,0,0,1,0,1,2,0,2,6
1,1,0,2,2,1,1,3,0,0,0,0,0,0
0,0,0,1,2,0,1,1,1,2,0,0,0,0
1,0,0,2,0,0,0,1,1,2,2,1,2,2
0,1,1,0,1,2,1,1,2,3,1,1,3,6
1,1,1,0,0,2,1,2,1,4,1,1,2,1
0,0,1,0,5,1,0,0,0,0,0,0,0,0
2,5,5,7,2,5,3,3,3,9,6,10,8,12
1,0,1,2,1,1,1,0,0,0,0,0,0,0
6,3,1,3,11,9,1,11,8,9,2,4,1,9
2,2,0,0,0,1,1,1,2,1,0,0,0,0
1,0,1,0,2,1,1,1,1,2,1,3,1,12
2,2,2,1,0,0,0,0,1,2,1,1,1,3
0,0,0,0,2,1,2,3,0,1,1,1,1,1
0,0,0,0,1,1,0,1,0,0,1,0,3,5
4,1,1,1,3,6,0,6,3,8,1,3,2,2
2,2,2,2,4,5,2,3,2,4,1,11,8,11
0,2,0,2,2,1,0,0,0,0,0,0,0,0
1,0,0,0,1,1,1,2,0,0,0,0,0,0
0,1,2,0,0,1,0,2,0,3,1,1,1,3
0,0,2,0,0,2,2,1,1,1,0,0,0,0
6,3,2,13,10,7,3,5,6,11,3,0,5,7
0,1,0,1,0,3,0,2,1,3,0,0,0,0
4,1,0,0,1,0,1,1,1,2,0,0,0,0
0,0,1,2,2,1,2,0,0,0,0,0,0,0
0,0,0,2,0,3,0,0,1,2,0,1,1,5
0,0,0,1,2,3,3,1,2,2,2,1,2,2
2,0,1,0,1,2,0,2,0,1,1,0,0,5
3,1,4,3,3,2,1,0,2,4,0,0,0,0
2,1,3,3,3,2,0,3,1,3,0,0,0,0
2,0,0,1,0,0,1,2,1,1,0,0,0,0
1,1,0,2,3,1,0,0,0,0,0,0,0,0
0,1,0,1,2,3,2,1,3,2,1,0,1,4
1,1,1,0,3,5,2,4,4,2,2,1,1,1
2,0,0,2,1,6,3,1,4,8,3,3,2,2
2,5,5,7,10,9,6,11,2,4,3,2,2,2
1,0,1,4,0,2,0,0,1,2,3,1,0,0
1,0,0,2,0,1,2,2,0,0,0,0,0,0
1,1,2,0,0,1,0,3,1,1,1,1,0,0
0,0,1,1,2,2,1,1,1,1,1,1,0,0
1,1,0,0,4,3,0,0,0,0,0,0,0,0
0,1,1,1,1,0,2,1,3,1,0,0,0,0
1,1,0,0,2,0,0,0,0,0,1,0,2,5
0,0,0,2,1,2,0,0,0,0,0,0,0,0
1,1,1,2,0,0,0,0,0,0,0,0,0,0
3,0,0,1,2,0,0,3,2,1,1,1,0,0
1,0,0,0,2,3,0,0,0,0,0,0,0,0
0,0,0,1,4,6,2,0,0,0,0,0,0,0
2,1,0,0,0,0,2,1,1,1,0,0,0,0
1,2,1,1,1,2,1,0,0,0,0,0,0,0
2,1,0,2,0,3,1,2,2,2,2,2,0,0
0,0,0,1,3,2,1,0,0,0,0,0,0,0
3,3,3,3,4,1,2,5,2,6,1,1,4,13
1,0,0,1,2,4,1,0,0,0,0,0,0,0
0,0,0,0,0,1,1,0,0,0,0,2,2,2
6,2,1,0,0,0,0,0,0,0,0,0,0,0
0,1,3,0,3,7,1,7,7,15,6,2,4,9
1,0,0,0,1,1,1,0,0,2,1,2,0,0
2,0,0,1,2,1,1,2,0,0,0,0,0,0
0,1,0,0,2,1,1,5,2,3,3,1,2,3
1,1,0,1,1,1,1,1,1,0,0,0,0,0
1,0,1,0,1,4,0,1,0,2,1,2,0,0
0,2,1,2,1,3,4,1,0,0,0,0,0,0
5,1,4,4,6,6,5,3,1,5,1,2,0,0
1,1,1,1,3,0,4,4,0,0,0,0,0,0
1,0,0,0,1,3,0,1,2,1,1,0,1,5
1,2,2,2,1,3,3,5,0,0,0,0,0,0
3,2,3,1,3,3,2,1,2,3,2,2,0,0
4,1,0,0,0,0,0,0,0,0,0,0,0,0
1,0,1,0,2,2,2,5,5,8,1,3,2,4
0,1,0,1,0,1,0,0,1,1,2,1,4,23
2,2,1,1,2,1,0,6,0,0,0,0,0,0
0,1,1,1,3,2,1,0,0,0,0,0,0,0
0,0,0,0,0,1,0,0,0,0,1,0,3,10
0,0,0,4,4,0,2,3,1,0,0,0,0,0
2,0,2,3,0,5,3,2,2,4,2,1,0,0
0,0,0,1,0,0,0,1,1,2,0,0,4,3
0,0,1,3,1,4,1,2,1,1,0,1,2,4
1,1,1,0,3,2,2,0,0,0,0,0,0,0
3,0,1,2,1,2,2,1,2,2,4,2,0,0
1,0,0,0,0,4,2,1,1,1,1,1,1,1
0,0,0,0,1,0,2,0,0,3,2,1,1,2
0,2,2,5,1,1,2,8,1,6,1,2,0,0
0,0,0,0,0,1,0,2,0,1,1,0,1,9
2,0,1,0,0,0,0,1,2,1,1,1,0,0
2,0,0,2,2,1,0,0,0,0,0,0,0,0
6,3,1,4,3,3,3,5,4,4,3,2,2,3
2,0,2,0,3,2,1,3,0,2,1,1,2,3
3,1,1,2,4,3,3,2,2,2,0,0,0,0
0,0,0,2,0,1,2,0,1,1,0,0,1,8
0,0,0,1,2,0,0,1,1,3,1,1,0,0
0,0,1,1,1,2,0,0,0,0,0,0,0,0
1,1,0,3,3,4,1,2,0,0,0,0,0,0
0,0,0,2,1,1,2,7,4,10,7,2,6,7
1,0,0,1,1,1,0,2,0,2,1,0,2,5
1,0,0,0,2,1,1,1,1,1,0,0,0,0
2,0,2,2,3,3,1,1,2,2,2,2,1,1
0,0,0,0,0,0,0,0,0,0,0,0,1,4
1,0,0,0,1,2,1,1,0,0,0,0,0,0
4,3,2,5,7,5,1,9,4,6,3,4,3,5
0,0,0,0,0,0,0,0,0,0,0,0,1,6
0,1,0,0,1,2,1,1,0,0,0,0,0,0
0,0,1,1,4,2,1,1,1,1,0,0,0,0
0,0,0,0,0,0,0,0,0,0,0,0,1,11
0,0,1,1,0,2,0,1,0,1,2,3,0,0
3,0,0,0,3,1,2,0,0,0,0,0,0,0
6,1,2,2,6,4,1,4,1,3,0,3,1,2
0,0,0,0,0,0,0,0,2,1,0,1,1,10
1,1,0,2,3,1,2,1,0,0,0,0,0,0
4,2,3,8,11,13,7,11,7,8,4,3,4,4
2,0,0,2,3,3,1,3,3,1,0,0,0,0
0,0,0,1,3,1,0,0,0,0,0,0,0,0
0,0,0,2,1,2,0,0,0,0,0,0,0,0
2,0,1,2,0,0,0,2,0,4,3,1,1,1
1,0,1,0,1,4,0,3,0,2,2,2,3,1
4,1,0,0,0,0,0,0,0,0,0,0,0,0
1,0,1,0,4,1,0,0,0,0,0,0,0,0
2,0,0,4,4,1,2,0,1,2,2,2,2,6
2,1,1,2,3,1,1,1,0,0,0,0,0,0
8,5,2,10,15,10,8,12,2,12,6,4,8,14
7,2,2,4,6,9,2,6,1,8,1,4,6,7
0,0,1,3,1,5,4,3,2,3,1,0,0,0
3,0,1,4,3,4,0,2,1,7,1,1,0,0
0,0,1,1,2,2,1,5,8,13,3,2,0,8
0,1,0,1,4,1,1,2,0,0,0,0,0,0
0,0,0,0,0,0,0,0,0,0,0,0,1,15
1,0,1,5,0,0,0,0,0,0,0,0,0,0
2,0,1,6,3,1,0,1,1,1,0,0,1,8
0,1,0,0,0,1,0,0,1,1,2,1,0,0
2,1,0,1,3,1,1,5,4,5,1,2,5,8
0,1,1,2,4,1,1,4,1,6,2,1,2,1
1,1,0,5,4,1,0,0,0,0,0,0,0,0
0,1,0,2,1,2,0,0,0,0,0,0,0,0
1,0,2,1,4,1,0,0,0,0,0,0,0,0
2,1,1,1,0,0,0,0,0,0,0,0,0,0
0,0,0,1,1,4,1,8,0,0,0,0,0,0
0,1,0,3,1,1,0,0,3,2,2,0,0,0
1,1,1,1,1,4,1,1,2,4,0,1,0,5
1,1,2,0,0,3,1,3,1,2,2,3,2,2
1,0,0,1,1,4,1,1,2,1,0,0,0,0
1,0,0,0,0,4,0,1,2,3,2,2,0,0
1,0,1,1,1,5,0,1,0,4,1,1,1,2
0,0,1,2,1,2,0,0,1,0,3,1,2,1
0,0,0,1,2,2,0,0,0,1,1,2,7,14
1,2,0,4,1,0,0,0,0,0,0,0,0,0
0,0,0,0,1,1,0,1,1,1,3,1,0,0
0,0,0,0,0,0,0,0,0,0,0,0,2,9
0,0,0,0,2,2,1,1,1,2,0,0,2,5
0,0,0,0,0,0,0,0,0,0,0,0,2,4
1,0,1,1,2,3,0,0,0,2,1,0,1,4
0,0,0,0,1,1,1,0,1,1,1,2,0,0
3,0,0,1,1,1,1,2,0,0,0,0,0,0
12,4,1,5,8,12,3,9,7,11,2,1,3,5
1,0,1,4,1,3,1,0,0,0,0,0,0,0
0,0,1,1,2,3,0,4,1,1,0,0,0,0
1,0,1,1,1,2,0,4,2,3,2,1,0,0
0,0,1,1,1,1,1,0,2,2,0,1,1,3
1,1,0,0,0,1,0,0,0,0,0,1,2,9
0,0,3,2,2,1,1,0,0,0,0,0,0,0
10,5,4,11,19,10,7,8,4,12,3,2,4,9
1,0,0,2,2,2,1,1,1,2,0,0,0,0
1,0,0,0,4,2,0,0,0,0,0,0,0,0
0,0,5,0,0,0,0,0,0,3,1,1,0,0
1,1,1,1,1,0,0,0,0,0,0,0,0,0
1,1,1,4,2,2,1,4,2,1,0,0,0,0
1,0,0,2,2,2,0,0,1,2,1,1,0,0
0,0,0,0,2,1,1,1,1,2,2,2,0,0
1,1,1,2,2,0,2,3,0,0,0,1,1,3
0,0,0,2,2,1,0,0,0,0,0,0,0,0
1,2,1,2,5,5,0,1,1,2,1,1,0,0
1,1,0,0,1,1,2,2,0,8,1,3,1,12
1,3,0,3,11,9,3,9,10,18,8,3,8,14
1,1,1,3,2,0,1,1,1,1,1,1,0,0
0,0,0,1,2,2,3,3,0,0,0,0,0,0
1,0,1,0,2,1,1,2,3,2,0,0,0,0
0,0,1,1,0,0,0,0,1,3,1,1,0,0
1,1,0,2,1,0,0,0,0,0,0,1,1,14
14,3,5,9,12,7,10,6,5,10,1,5,5,5
0,0,0,1,1,1,2,1,0,0,0,0,0,0
10,0,5,2,9,11,3,7,5,16,6,5,2,10
0,0,0,1,1,1,1,1,0,0,0,0,0,0
3,0,1,11,4,5,2,3,0,4,1,2,0,5
3,0,0,0,2,1,0,3,2,1,0,0,0,0
1,0,0,0,1,1,1,2,0,0,0,0,0,0
1,4,5,5,10,9,1,4,7,4,4,1,1,8
2,0,0,0,1,1,1,3,0,0,0,0,0,0
1,1,0,1,2,2,1,1,2,2,1,1,0,0
0,0,1,1,3,0,0,2,2,2,0,0,0,0
1,0,0,2,0,1,2,2,2,1,1,1,0,0
0,0,1,1,2,1,0,0,0,0,0,0,0,0
0,0,1,1,0,2,0,1,1,2,1,0,1,6
2,1,0,1,2,2,0,0,0,0,0,0,0,0
2,0,2,2,2,2,0,0,0,2,4,1,2,1
1,1,0,2,0,3,2,1,0,0,0,0,0,0
0,1,2,2,1,1,2,1,0,0,0,0,0,0
0,1,0,1,1,3,0,3,3,0,0,0,2,3
1,0,1,0,2,0,0,1,0,2,2,0,2,7
1,0,0,3,1,0,0,2,1,1,1,2,0,0
2,1,0,0,3,3,1,0,1,3,1,3,0,0
1,0,1,0,5,1,1,0,0,0,0,0,0,0
0,0,0,1,2,1,1,0,0,0,0,0,0,0
0,1,0,0,0,1,1,0,1,1,0,0,3,3
3,1,3,2,2,3,0,0,2,2,1,1,0,0
1,1,1,1,1,1,0,0,0,0,0,0,0,0
2,3,1,2,1,4,0,6,0,2,3,3,1,1
0,1,0,2,5,2,0,2,2,1,0,0,0,0
0,1,0,0,0,0,0,0,0,0,0,1,1,6
6,1,2,2,5,2,3,1,0,6,2,1,0,0
3,1,0,1,1,1,0,2,1,1,0,0,2,3
2,1,1,1,4,7,0,2,4,6,1,1,1,4
0,1,1,0,0,0,2,1,1,2,0,0,0,0
2,2,0,0,0,1,1,0,0,3,1,1,0,0
3,2,1,1,2,3,0,2,0,4,1,0,0,0
0,0,0,0,0,0,0,0,0,0,0,0,1,4
0,0,0,0,6,1,0,3,3,7,2,1,0,0
4,1,0,0,4,1,1,1,0,0,0,0,0,0
3,0,0,1,2,2,2,1,0,0,0,0,0,0
0,0,0,0,1,0,0,0,0,1,0,1,2,19
2,0,0,0,4,2,0,3,3,8,3,0,2,5
1,0,0,1,2,1,1,0,0,0,0,0,0,0
4,4,1,4,3,2,1,2,3,6,1,2,1,2
3,0,1,4,0,0,0,0,0,0,0,0,0,0
0,0,2,1,1,2,0,0,0,0,0,0,0,0
2,0,0,2,3,1,1,1,0,0,0,0,0,0
1,0,0,0,5,3,0,0,0,0,0,0,0,0
3,1,0,1,3,1,0,0,0,0,0,0,0,0
8,4,2,4,4,4,0,3,2,5,0,1,2,5
0,0,0,0,1,2,1,1,0,0,0,0,0,0
1,0,4,3,1,1,2,2,1,3,1,0,2,3
2,0,0,2,0,2,0,1,1,3,1,1,0,0
3,3,3,5,4,6,1,1,4,3,1,1,0,0
0,1,1,1,2,1,1,1,2,4,1,1,0,0
0,0,0,1,2,2,1,0,0,0,0,0,0,0
3,1,0,0,3,2,0,1,3,0,1,0,3,6
0,0,0,2,2,1,0,0,0,0,0,0,0,0
2,1,0,1,0,2,0,0,1,0,0,2,1,2
0,0,0,1,2,2,0,0,0,0,0,0,0,0
1,1,0,2,2,2,1,1,1,4,2,1,4,10
1,0,1,1,5,1,1,3,4,6,0,2,3,4
2,0,0,3,1,5,1,3,0,2,0,2,1,3
0,0,1,1,2,2,0,0,0,0,0,0,0,0
1,0,0,1,3,1,0,1,0,2,2,1,0,0
1,1,1,1,0,0,1,2,2,1,0,0,0,0
0,0,0,0,3,2,0,3,1,2,1,0,0,0
0,0,0,2,0,2,0,2,2,2,0,0,0,0
1,0,0,1,1,2,1,2,1,2,0,0,0,0
3,0,1,1,4,3,0,1,1,1,1,2,0,0
1,0,2,1,0,1,0,1,2,1,2,1,0,0
1,0,0,1,2,1,1,0,0,0,0,0,0,0
2,1,3,0,4,0,2,2,1,2,0,0,0,0
1,1,0,3,7,1,5,1,4,1,2,5,4,8
0,5,1,1,7,9,1,13,8,14,7,2,8,14
3,1,1,0,4,1,0,1,7,4,0,0,2,4
0,1,0,0,3,0,2,2,2,1,0,0,0,0
2,0,1,1,2,1,0,0,0,0,0,0,0,0
4,4,5,5,7,9,6,6,5,8,2,4,1,1
0,0,0,1,1,1,0,1,0,3,2,1,1,5
0,0,0,0,0,0,0,0,0,1,0,0,2,7
5,0,0,5,6,3,1,2,0,1,4,2,3,5
1,0,0,0,1,0,0,1,0,3,1,0,1,10
0,1,0,1,3,1,1,2,0,2,2,1,0,0
0,0,0,1,5,4,1,4,1,4,1,0,0,0
4,1,1,3,6,2,1,3,0,1,3,2,3,1
0,0,0,0,0,0,1,0,0,1,0,0,2,13
0,1,1,0,0,0,1,2,1,2,0,0,0,0
0,0,0,0,4,1,0,0,0,0,0,0,0,0
0,1,0,1,1,2,1,0,0,0,0,0,0,0
0,1,2,1,1,2,3,5,1,6,1,0,1,4
1,3,0,2,2,4,0,1,3,2,0,1,0,5
9,6,9,16,14,16,6,14,7,21,7,7,7,11
3,2,1,3,6,6,0,2,2,6,1,2,0,0
1,1,0,2,1,2,1,2,4,4,2,3,0,0
0,0,0,0,0,1,0,1,1,4,0,0,3,5
1,0,1,1,0,2,1,2,0,0,0,0,0,0
1,0,0,0,0,0,0,2,1,2,0,0,0,0
1,1,2,0,4,4,0,5,4,9,3,1,3,3
0,0,0,0,0,0,0,0,1,0,0,0,1,4
2,1,1,1,1,3,1,1,3,3,1,1,0,0
0,0,1,0,2,0,1,0,0,0,1,2,1,1
2,1,2,3,3,1,0,5,1,0,0,4,1,1
3,0,0,3,1,4,3,2,4,4,1,1,2,4
0,2,1,1,2,2,0,0,1,3,1,1,1,2
4,1,1,2,4,1,0,0,0,0,0,0,0,0
0,0,0,1,1,1,0,0,0,3,0,1,1,4
0,1,1,1,0,4,0,2,3,6,2,5,8,13
3,1,2,2,2,5,2,1,4,3,1,0,0,0
4,1,4,3,3,3,0,1,2,0,1,1,3,3
0,0,0,1,2,2,0,0,0,0,0,0,0,0
0,0,0,1,0,3,0,0,6,5,0,2,2,3
1,0,0,0,5,1,2,1,1,2,0,0,0,0
0,0,0,0,1,0,0,0,5,1,0,0,0,0
1,0,0,1,0,0,1,1,1,2,0,0,0,0
0,0,1,1,0,0,0,0,0,1,0,3,3,6
1,0,2,1,0,0,0,1,2,2,0,0,0,0
1,1,3,1,1,2,0,0,0,0,0,0,0,0
0,1,0,0,3,1,0,1,3,1,0,0,0,0
0,0,0,0,0,0,0,0,1,1,0,0,4,18
1,1,2,0,3,5,0,7,3,4,2,3,4,8
0,0,1,2,0,2,1,2,0,0,0,0,0,0
1,1,1,0,3,1,2,0,0,1,0,3,3,14
1,0,2,2,0,0,0,2,0,2,0,0,1,5
2,1,0,0,1,4,4,2,1,4,0,2,0,5
1,0,1,0,3,1,0,3,2,1,2,0,0,5
1,0,0,0,1,0,0,1,1,3,0,0,0,0
1,0,0,0,0,1,0,1,3,1,1,1,0,0
1,0,0,0,2,1,1,1,2,3,0,0,0,0
0,0,0,0,1,2,1,1,0,0,0,0,0,0
1,0,0,2,1,2,2,1,0,0,0,0,0,0
1,1,0,1,3,3,0,0,0,0,0,0,0,0
1,0,0,0,1,3,0,2,1,1,1,1,0,0
2,0,1,0,2,2,1,0,0,0,0,0,0,0
1,0,0,0,0,0,2,3,0,0,0,0,0,0
2,1,1,0,0,0,0,0,1,0,0,0,0,7
0,1,0,2,1,2,0,0,0,0,0,0,0,0
4,1,0,2,0,4,2,3,1,2,0,0,0,0
5,1,2,4,3,2,0,2,2,3,2,0,0,0
4,2,2,3,3,6,3,5,2,6,4,3,4,9
1,1,0,0,0,1,1,3,1,0,0,0,0,0
2,0,1,2,3,4,1,1,4,1,1,1,1,1
0,1,1,1,0,0,0,3,2,1,0,1,1,3
0,0,0,1,3,4,0,0,0,0,0,0,0,0
3,0,2,3,7,5,3,5,10,10,5,3,0,14
6,7,12,9,17,18,6,18,9,23,3,2,5,10
1,2,2,1,6,3,1,2,0,0,0,0,0,0
1,1,2,2,0,0,0,0,0,0,0,0,0,0
2,0,1,0,3,1,3,1,0,0,0,0,0,0
0,0,0,0,0,0,0,0,1,0,0,1,2,5
1,5,3,4,6,7,2,4,4,6,1,0,0,5
2,1,3,0,0,0,0,0,0,0,0,0,0,0
1,0,0,1,0,0,0,1,2,1,1,2,0,0
2,0,2,3,6,4,2,3,2,1,1,1,2,2
0,1,1,1,0,1,0,0,0,2,2,1,0,0
0,0,0,1,3,1,1,1,0,2,1,0,5,7
1,0,0,0,1,7,1,0,0,0,0,0,0,0
3,2,1,3,5,9,3,9,4,17,6,4,5,12
0,2,2,1,0,2,1,1,2,3,0,0,0,0
2,3,0,1,3,2,1,0,0,3,1,1,0,0
0,0,0,0,0,0,0,1,1,2,0,0,2,17
0,1,1,1,1,0,1,1,2,1,2,1,0,0
1,0,0,5,1,1,0,0,0,0,0,0,0,0
0,0,0,3,3,4,0,2,1,5,1,1,1,5
1,1,2,3,1,2,0,0,2,4,1,1,1,3
0,0,0,3,2,1,1,3,0,0,0,0,0,0
2,0,0,0,4,1,0,2,1,1,1,2,1,2
0,0,0,1,2,3,1,1,0,0,0,0,0,0
3,1,0,5,10,10,3,6,4,3,0,0,5,6
8,7,5,9,8,12,6,5,5,8,2,4,4,3
0,0,0,0,1,2,0,1,0,1,0,2,2,5
1,3,0,1,0,2,0,3,1,1,1,0,0,0
0,0,0,0,0,0,0,3,0,4,2,2,4,7
3,2,0,3,4,3,3,1,1,7,1,0,0,0
2,0,0,2,1,2,0,0,0,0,0,0,0,0
1,1,1,2,0,0,0,0,0,0,0,0,0,0
1,1,1,2,1,1,0,0,0,0,0,0,0,0
0,1,0,0,0,1,0,1,2,2,0,0,0,0
1,1,3,0,0,0,0,0,0,0,0,0,0,0
2,0,0,2,2,1,0,0,0,0,0,0,0,0
1,0,0,1,2,1,1,0,0,0,0,0,0,0
3,1,2,0,0,0,0,0,0,0,0,0,0,0
2,2,2,1,2,2,2,2,3,1,0,0,0,0
0,1,0,0,1,1,0,1,2,0,0,0,3,2
0,0,0,1,2,1,0,0,1,2,1,1,0,0
0,0,1,2,2,2,2,1,0,0,0,0,0,0
3,1,3,8,2,5,1,0,1,8,1,5,4,18
1,0,2,2,3,2,1,1,1,3,3,0,2,3
1,0,0,0,3,3,2,1,1,1,0,0,0,0
2,0,0,0,1,2,1,4,0,0,0,0,0,0
2,1,1,1,0,3,1,2,1,1,0,0,1,4
2,1,1,1,2,3,2,2,1,3,1,0,0,0
2,0,2,2,1,1,0,0,0,0,0,0,0,0
4,0,0,2,2,1,1,1,1,1,2,1,0,0
0,0,0,0,0,0,0,1,2,5,1,1,5,9
2,1,0,3,2,1,1,2,0,4,1,3,0,0
2,2,0,4,7,5,2,7,2,4,1,3,1,5
1,1,0,2,1,0,0,0,0,5,2,1,0,15
3,1,1,0,1,2,1,1,1,1,0,0,0,0
1,0,0,1,1,1,0,1,0,0,0,0,1,4
1,1,0,2,4,0,0,2,0,1,1,1,1,4
0,0,0,1,5,5,3,9,3,9,3,2,4,6
3,0,1,2,2,3,2,3,0,0,0,0,0,0
4,1,3,3,5,8,2,6,4,4,4,2,1,5
0,1,0,4,4,1,1,3,3,5,4,1,1,2
0,1,1,1,2,1,0,0,0,0,0,0,0,0
0,0,0,0,0,0,0,0,0,0,0,0,2,4
0,0,1,1,2,3,2,1,1,1,1,1,0,0
1,0,0,1,2,4,0,0,0,0,0,0,0,0
4,0,1,1,1,1,0,4,2,3,3,2,1,3
2,0,1,0,0,0,0,3,1,2,0,0,0,0
0,0,0,1,1,0,0,0,0,3,1,4,0,0
0,0,0,0,0,0,1,0,1,1,0,0,2,8
1,0,0,1,1,1,2,0,0,0,0,0,0,0
1,0,0,0,0,1,0,0,0,2,1,1,3,4
0,0,0,0,3,1,3,1,0,0,0,0,0,0
1,1,2,0,0,2,1,2,0,0,0,0,0,0
1,0,1,0,0,4,1,0,0,0,0,0,0,0
2,0,1,0,1,1,0,2,1,2,1,1,0,0
0,1,0,0,0,4,0,0,1,2,1,0,2,9
2,2,2,0,2,2,0,0,3,3,1,1,1,2
0,0,1,0,0,1,1,1,1,3,0,0,0,0
0,1,0,0,2,0,0,1,3,1,0,0,0,0
0,0,0,1,0,0,3,1,1,0,0,0,0,0
3,1,0,0,5,3,2,1,1,2,0,1,1,11
3,0,0,1,5,4,0,0,2,1,1,1,1,1
0,1,1,3,2,4,3,0,1,3,2,1,0,0
8,2,4,13,13,18,7,9,8,16,8,5,6,6
2,0,0,1,1,1,1,2,0,0,0,0,0,0
0,0,0,0,1,2,1,1,2,1,0,0,0,0
29,9,10,26,30,30,9,12,14,26,10,12,10,18
1,0,0,2,2,1,2,3,0,0,0,0,0,0
0,1,0,0,0,0,0,0,0,0,0,1,1,7
1,2,0,2,4,2,1,3,2,0,0,0,0,0
1,0,2,9,10,6,3,7,1,5,3,2,1,4
1,1,3,1,4,5,3,11,10,20,6,7,8,20
6,2,3,6,6,8,2,0,6,6,3,1,1,6
0,0,0,0,0,2,2,2,0,0,0,0,0,0
1,0,0,1,2,2,2,0,2,3,0,0,0,0
0,2,0,1,1,1,1,0,2,1,3,1,0,0
0,0,0,0,2,1,0,0,0,1,1,1,2,2
0,0,1,0,0,2,1,1,0,0,0,1,2,3
2,2,0,1,4,3,1,4,3,8,1,3,0,0
2,0,2,0,3,2,2,4,10,14,1,1,4,6
0,0,1,0,0,0,0,1,0,2,1,1,1,1
0,1,0,0,3,4,2,6,3,4,5,1,3,5
0,1,0,1,3,0,0,5,3,5,0,1,1,9
0,0,0,0,2,1,2,1,0,0,0,0,0,0
3,1,0,2,3,1,2,1,2,5,1,1,0,0
2,2,0,1,3,4,1,1,0,0,0,0,0,0
1,1,0,2,3,2,0,4,1,3,0,0,0,0
4,1,2,1,5,5,0,6,0,5,1,0,2,4
0,2,2,2,4,3,2,2,1,2,0,0,0,0
6,0,0,1,0,8,1,4,1,2,2,1,0,5
1,0,1,0,1,1,1,3,0,6,3,2,4,10
1,2,0,1,1,4,1,0,0,0,0,0,0,0
0,0,0,3,1,1,0,0,0,0,0,0,0,0
1,4,4,4,3,5,3,4,4,5,2,1,4,6
5,1,0,6,5,9,1,9,8,10,6,3,6,7
0,0,0,0,1,0,0,1,1,2,1,0,0,0
3,1,3,1,4,2,1,2,2,11,1,3,7,3
2,3,1,3,2,3,1,2,0,3,2,2,0,0
1,0,0,0,2,1,1,1,0,0,0,0,0,0
1,0,0,1,1,2,0,4,4,10,2,2,2,9
2,0,3,3,4,1,0,0,0,0,0,0,0,0
0,0,0,4,2,1,1,1,1,1,0,0,0,0
3,2,0,0,0,0,0,0,0,0,0,0,0,0
1,1,0,3,2,5,3,1,1,3,1,1,0,0
0,0,0,1,0,2,1,1,3,6,4,3,4,2
1,1,0,0,1,1,1,2,1,1,0,0,0,0
1,0,1,1,2,0,0,1,1,3,1,1,2,5
0,1,1,0,2,1,1,0,0,1,0,0,1,5
4,1,1,1,2,4,0,0,0,0,1,1,1,3
0,0,0,3,0,3,1,4,1,2,1,0,0,0
1,0,2,1,2,1,0,0,1,0,0,2,2,4
0,0,1,1,1,1,0,2,1,1,0,0,0,6
1,0,0,0,0,2,1,2,0,0,0,0,0,0
1,0,0,1,3,2,3,2,3,7,0,5,6,8
3,1,1,3,4,2,2,6,2,3,0,1,1,3
0,0,0,0,0,1,0,0,0,0,1,0,2,13
0,0,0,0,0,1,0,1,1,2,0,3,0,6
1,3,0,1,3,3,1,1,1,2,2,0,0,0
4,0,0,0,1,0,0,2,1,4,1,0,0,0
0,0,0,0,0,0,1,0,1,0,0,1,4,2
1,1,1,1,2,1,0,0,0,0,0,0,0,0
3,0,1,1,2,2,0,1,2,1,1,0,0,0
0,0,0,1,2,2,0,2,0,10,3,4,0,0
2,0,0,1,3,4,0,3,1,1,1,3,0,0
0,2,2,0,0,1,1,1,1,2,0,0,0,0
0,0,0,1,1,1,1,1,0,0,0,0,0,0
1,0,0,1,2,0,0,3,3,6,2,1,3,13
3,0,0,1,2,1,1,1,0,0,0,0,0,0
0,0,0,0,0,1,0,0,0,0,0,1,0,5
1,1,0,2,1,2,1,3,1,3,1,2,1,4
3,1,0,2,3,1,1,2,0,0,0,0,0,0
1,0,0,0,1,1,1,3,1,2,0,0,0,0
1,0,0,0,1,2,2,1,0,0,0,0,0,0
0,0,0,0,2,0,1,1,1,2,0,0,4,6
0,0,0,1,1,2,1,0,0,0,0,0,0,0
3,1,5,0,4,1,2,1,2,2,0,0,0,0
1,0,0,0,0,0,1,2,3,2,0,0,2,4
2,1,2,1,3,3,4,1,5,9,1,4,2,8
3,0,0,1,2,2,1,1,2,1,0,0,0,0
2,1,1,1,4,4,2,2,1,3,0,0,0,0
1,3,1,9,5,9,7,5,2,7,1,0,1,5
0,0,0,2,1,4,2,0,1,3,1,2,1,6
1,0,2,4,3,4,4,4,2,7,2,2,6,4
3,1,1,0,2,4,1,0,4,2,1,1,0,0
2,1,0,1,0,0,1,1,1,2,1,0,0,0
1,0,1,0,1,2,1,3,0,0,0,0,0,0
0,0,0,3,0,1,0,0,1,2,1,1,0,0
1,0,0,3,2,2,1,0,0,0,0,0,0,0
1,0,0,2,0,2,2,0,0,1,3,1,0,0
0,0,0,1,1,1,0,1,2,3,0,0,0,0
0,0,0,0,0,0,0,0,0,0,0,1,1,3
0,0,0,0,0,0,0,0,1,0,0,2,5,8
1,0,0,0,1,2,0,0,1,1,1,0,0,5
0,0,0,0,0,0,0,0,0,1,0,0,2,4
0,1,1,0,1,0,0,1,0,1,1,2,2,2
0,0,0,2,2,1,0,0,0,0,0,0,0,0
0,0,1,2,0,3,1,1,1,0,0,0,0,0
2,0,1,1,3,3,1,3,1,2,0,3,1,5
2,0,0,1,3,2,0,0,0,0,0,0,0,0
2,3,0,0,1,1,1,3,1,0,0,0,0,0
0,0,0,1,3,1,1,1,0,0,0,0,0,0
0,2,2,1,2,1,0,0,0,0,0,0,0,0
1,0,1,1,2,3,0,0,0,0,0,0,0,0
1,2,0,4,4,6,1,4,3,4,4,2,0,0
0,0,1,0,2,1,0,0,3,2,1,0,0,5
0,0,1,1,0,0,0,0,3,2,0,3,4,18
1,0,0,2,2,1,0,1,0,4,1,1,1,1
0,0,1,1,0,1,1,0,0,1,0,1,1,3
0,0,0,0,0,0,0,0,0,1,0,2,0,6
0,0,0,0,0,0,0,0,0,2,1,2,0,6
0,2,1,2,2,3,1,0,0,0,0,0,0,0
1,0,0,0,3,1,1,1,0,0,0,0,0,0
1,1,0,4,0,3,1,1,1,1,0,0,0,0
0,0,0,0,2,0,1,0,0,2,0,0,2,5
3,0,0,1,5,4,3,3,2,12,0,0,4,4
1,0,1,3,2,1,0,1,2,2,0,0,0,0
6,1,3,2,4,6,1,2,1,5,1,2,1,2
2,2,0,0,1,1,1,1,1,1,0,0,0,0
1,0,1,0,0,1,1,1,1,1,0,0,0,0
5,7,4,8,6,15,8,6,5,9,1,2,1,3
0,0,0,2,0,0,1,0,0,2,0,0,1,4
1,0,1,2,1,1,2,1,2,1,0,0,0,0
4,2,4,4,9,8,3,5,7,26,8,2,3,12
4,1,1,3,2,2,0,1,1,4,2,2,0,0
0,0,0,2,1,0,1,1,1,2,2,0,2,9
0,3,2,0,1,0,0,0,0,5,0,0,0,0
1,0,0,1,4,2,0,3,1,1,1,0,0,0
0,1,0,0,1,2,2,1,0,0,0,0,0,0
0,1,0,1,2,1,1,1,1,2,0,0,0,0
1,0,1,1,3,0,0,0,0,0,0,0,0,0
1,0,0,0,1,3,1,0,2,3,4,1,0,0
1,4,1,3,4,4,1,4,3,4,2,2,0,0
4,1,1,0,6,5,3,1,2,1,1,1,0,0
0,1,0,1,0,3,0,0,0,1,0,0,1,10
1,1,1,1,1,4,1,0,0,0,0,0,0,0
2,0,0,2,0,2,1,2,0,0,0,0,0,0
0,0,0,0,0,0,0,0,0,0,2,0,1,10
0,1,0,0,2,1,1,1,0,0,0,0,0,0
0,1,0,0,3,3,0,1,1,5,2,2,2,1
0,1,0,0,1,0,1,0,1,0,2,1,2,11
2,0,0,1,2,2,1,1,0,0,0,0,0,0
2,1,1,2,7,7,2,5,4,10,2,1,2,4
1,0,0,2,3,3,0,1,0,0,2,1,1,2
0,2,0,0,4,2,2,2,2,4,0,0,0,0
1,0,0,1,1,1,0,1,1,1,1,2,0,7
1,0,0,0,3,2,2,1,0,0,0,0,0,0
4,1,2,1,4,2,1,1,1,1,0,0,0,0
2,1,0,1,3,1,0,0,0,0,0,0,0,0
3,3,2,6,5,9,1,1,1,1,1,4,0,0
2,0,0,1,0,1,0,0,0,1,0,2,1,2
1,1,0,1,0,4,0,3,1,2,0,0,0,0
1,0,0,2,1,2,0,0,0,0,0,0,0,0
0,0,0,1,4,1,0,0,0,0,0,0,0,0
1,0,0,1,1,3,1,0,1,0,2,0,1,5
0,1,0,0,2,3,0,0,0,0,0,0,0,0
5,1,5,5,8,14,8,5,3,10,8,4,2,5
2,0,1,2,1,1,0,1,2,1,0,1,1,4
1,0,1,1,2,4,1,2,0,0,0,0,0,0
2,0,0,1,2,1,0,1,1,3,0,0,0,0
1,1,1,0,0,4,1,0,0,0,0,0,0,0
0,0,0,2,1,2,0,0,0,0,0,0,0,0
0,0,1,0,1,3,1,2,2,2,0,0,0,6
1,0,0,0,0,1,1,1,2,2,0,0,0,0
0,1,0,1,1,0,1,2,1,7,1,1,6,11
2,1,1,2,3,2,1,3,0,0,0,0,0,0
4,3,0,5,3,5,1,2,3,3,1,1,0,0
0,0,0,1,3,1,0,0,0,0,0,0,0,0
2,3,2,3,1,7,3,3,0,3,2,1,0,0
1,0,1,0,0,1,1,2,1,0,0,0,0,0
2,0,1,2,2,0,1,2,1,1,0,0,0,5
1,1,1,1,0,4,1,1,1,2,0,0,1,4
0,1,0,0,2,1,1,3,0,3,1,1,0,0
0,0,0,0,0,1,0,2,3,4,1,0,2,3
1,1,0,2,4,1,1,2,4,4,0,2,6,2
0,1,0,3,1,2,1,1,1,1,0,0,0,0
0,0,1,4,2,0,1,1,2,2,2,1,0,0
1,0,2,2,2,5,0,4,1,1,0,3,1,3
0,0,0,0,0,0,0,3,2,5,0,0,0,0
4,0,2,3,4,7,3,8,9,5,4,6,4,17
3,0,1,2,5,2,0,3,0,2,1,2,0,0
0,0,0,0,0,0,1,0,0,1,0,1,4,2
1,0,0,1,1,0,1,1,1,2,1,1,0,0
7,3,1,3,6,4,2,5,4,4,5,3,4,5
0,0,0,2,0,3,1,1,3,1,2,1,0,0
0,0,4,2,1,1,1,1,0,0,0,0,0,0
1,2,1,1,4,2,0,3,2,0,4,1,0,0
3,2,4,2,9,5,3,7,5,5,0,1,3,5
0,0,0,1,0,0,0,2,2,5,6,0,5,6
0,0,0,0,1,0,1,0,2,6,0,3,7,16
0,1,0,0,2,1,1,3,1,1,1,1,0,0
0,0,0,1,4,3,0,1,3,2,0,0,0,0
1,0,1,1,1,1,0,2,2,1,0,0,0,0
0,1,1,1,1,1,1,0,0,0,0,0,0,0
2,2,1,2,2,2,0,1,2,1,2,0,0,0
1,1,0,2,2,6,0,4,2,1,1,2,1,3
0,1,1,1,0,1,0,2,1,2,0,0,0,0
0,1,1,2,1,0,0,0,0,0,0,0,0,0
9,4,7,6,7,7,4,5,3,11,5,2,0,0
1,1,0,0,1,3,1,1,0,0,0,0,0,0
3,0,2,4,3,0,1,1,1,2,0,2,1,5
7,2,1,1,4,6,1,5,3,4,1,1,0,0
6,3,3,11,11,10,1,12,5,10,4,4,2,4
0,0,0,1,3,1,0,0,0,0,0,0,0,0
3,0,5,6,8,12,1,1,2,9,3,2,9,20
1,0,0,2,2,3,2,2,0,0,0,0,0,0
0,1,2,1,0,0,1,1,1,2,0,0,0,0
1,0,1,3,2,2,3,2,6,3,1,3,0,0
5,3,2,3,6,5,2,2,2,7,1,1,3,7
0,0,1,0,0,3,0,0,1,3,1,0,0,0
4,3,0,3,5,7,3,5,2,11,1,5,4,7
0,0,0,1,1,0,0,0,2,3,1,1,0,0
0,0,0,0,0,0,0,0,0,0,0,0,2,20
0,1,2,1,2,1,0,0,0,0,0,0,0,0
0,0,0,0,0,0,0,0,0,0,0,1,1,5
0,0,0,0,0,0,0,0,0,0,0,0,1,6
0,2,1,1,1,1,1,1,1,1,0,0,0,0
0,1,0,1,1,0,0,3,1,1,0,0,0,0
0,2,1,0,0,3,1,0,1,2,1,4,2,4
2,1,1,1,5,7,3,2,1,2,2,2,1,3
2,1,2,1,2,1,0,0,0,0,0,0,0,0
1,0,1,1,4,1,1,0,0,0,0,0,0,0
2,0,0,1,4,2,0,0,0,0,0,0,0,0
0,2,0,2,2,1,1,0,2,4,1,0,0,0
2,1,2,2,2,2,2,1,2,3,1,2,0,0
9,6,0,5,5,12,6,5,3,4,0,6,3,3
3,0,1,2,1,2,1,1,0,0,0,0,0,0
0,1,0,1,3,1,0,0,0,0,0,0,0,0
4,3,0,0,0,0,0,0,0,0,0,0,0,0
1,0,0,1,2,2,2,1,0,0,0,0,0,0
1,0,0,3,2,9,9,8,8,18,5,5,7,18
0,1,0,1,0,3,3,3,4,8,0,1,4,3
3,1,0,2,2,3,3,2,1,3,0,0,0,0
1,1,0,0,1,2,1,1,0,0,0,0,0,0
0,0,2,2,1,2,0,0,2,2,1,1,0,0
0,0,1,1,1,4,1,2,1,4,0,0,0,0
1,0,0,1,3,2,0,0,0,0,0,0,0,0
1,0,0,2,1,2,1,2,1,1,0,0,0,0
0,0,0,0,3,3,1,2,3,2,1,1,2,6
1,2,0,0,0,2,0,2,0,5,1,1,2,6
0,0,1,2,2,5,4,7,4,5,1,1,3,6
1,0,1,1,2,3,1,1,0,0,0,0,0,0
3,0,2,3,6,1,2,3,3,3,4,0,2,3
1,0,0,1,3,2,0,0,0,0,0,0,0,0
4,2,2,9,8,7,4,9,4,5,4,0,3,7
0,0,0,1,1,2,2,0,2,5,0,2,1,5
0,0,2,0,1,0,0,1,1,1,1,2,0,0
2,0,0,0,0,2,2,1,0,0,0,0,0,0
2,0,2,2,4,1,0,4,1,2,0,0,0,0
0,0,1,1,1,2,1,1,0,0,0,0,0,0
3,1,1,1,4,1,0,0,0,0,0,0,0,0
1,0,0,2,2,1,0,0,0,0,0,0,0,0
2,1,1,2,1,1,1,1,1,2,0,0,0,0
0,1,1,1,1,1,1,0,0,0,0,0,0,0
4,0,1,1,5,2,2,1,0,0,0,0,0,0
3,1,1,2,2,1,2,2,1,1,2,1,1,4
2,0,2,0,2,0,0,4,1,1,0,0,0,0
0,1,1,2,0,1,1,0,1,2,2,3,0,0
3,2,0,0,0,0,0,0,0,0,0,0,0,0
0,1,0,3,0,0,1,1,2,3,0,0,0,0
4,1,2,3,3,3,2,4,0,2,1,0,1,11
1,0,1,0,5,5,0,2,3,3,0,0,0,0
1,1,0,1,0,2,0,2,2,1,0,0,0,0
1,1,1,2,1,1,2,5,2,1,1,2,0,0
2,0,1,2,2,2,2,1,2,2,1,2,0,0
4,1,3,4,8,4,3,8,2,3,1,1,0,0
0,0,0,0,0,3,0,1,1,1,3,0,4,3
6,2,1,3,6,3,1,8,0,3,1,0,2,5
6,7,4,5,5,9,4,7,5,5,6,2,1,5
0,0,0,1,3,2,0,0,0,0,0,0,0,0
0,0,0,0,0,2,2,2,0,0,0,0,0,0
5,2,1,4,5,6,6,5,2,3,0,1,4,4
0,0,0,1,0,5,1,2,0,0,0,0,0,0
3,1,0,0,1,1,0,0,1,3,2,1,0,0
0,0,2,1,2,4,0,1,2,3,1,0,7,20
0,1,0,0,1,2,0,1,0,2,0,1,3,5
3,1,1,2,4,1,1,6,2,6,0,1,1,6
0,0,0,0,1,0,0,2,0,1,1,0,7,20
2,0,1,2,2,5,3,4,4,4,3,1,0,0
2,1,2,2,0,0,0,0,0,0,0,0,0,0
2,0,1,0,2,5,0,1,1,0,1,1,3,12
6,2,3,5,10,11,2,9,9,2,3,4,3,1
1,0,1,0,4,0,4,1,1,3,0,0,0,0
1,1,2,1,0,4,0,0,0,2,0,1,1,5
2,1,1,0,2,0,2,3,0,0,0,0,0,0
0,2,1,1,4,4,3,3,0,4,2,1,0,0
0,0,1,1,2,5,3,5,5,13,2,2,12,23
1,1,0,1,4,3,0,2,2,4,0,1,1,3
1,1,2,1,2,3,0,1,0,3,1,4,2,4
12,4,6,14,13,11,4,12,8,15,3,8,5,15
1,1,1,2,1,0,0,1,0,0,0,0,2,3
1,1,0,2,2,2,1,4,3,7,2,3,2,6
0,0,0,1,1,2,1,0,0,0,0,0,0,0
0,1,1,2,1,2,4,3,0,0,0,0,0,0
0,0,0,0,0,0,0,2,1,3,0,0,0,0
2,0,1,0,3,5,1,1,3,2,1,1,1,2
5,1,1,7,2,7,3,10,1,3,1,2,2,4
1,1,1,2,3,1,2,3,3,6,1,0,0,0
0,1,1,3,4,3,0,1,2,3,0,0,0,0
0,0,2,2,0,2,1,1,1,2,0,0,0,0
0,0,0,0,1,1,2,2,1,1,0,0,0,0
5,1,0,3,3,5,1,0,2,2,2,3,0,0
0,0,0,0,0,1,2,1,2,2,0,0,0,0
0,0,0,3,1,1,0,0,0,0,0,0,0,0
0,0,0,2,0,1,1,1,1,0,0,0,2,4
0,0,0,0,2,1,0,3,2,5,2,0,0,0
0,0,0,1,0,2,0,2,1,1,1,0,0,0
2,0,0,1,2,0,0,1,2,2,1,3,0,0
0,1,0,0,2,1,2,1,0,3,2,1,0,0
1,0,1,0,0,0,1,2,2,2,0,0,0,0
0,0,0,1,1,0,0,1,3,1,0,0,0,0
2,0,0,2,1,4,1,1,0,3,1,1,1,2
1,0,1,3,2,2,0,0,0,0,0,0,0,0
1,0,0,0,1,1,0,0,0,1,0,0,2,6
0,3,1,0,4,3,1,2,2,6,2,1,0,7
3,0,0,0,2,2,2,0,0,0,0,0,0,0
0,0,2,2,0,2,1,6,3,8,2,3,1,10
4,2,4,16,13,14,7,12,8,10,1,4,6,6
1,1,1,3,4,4,0,2,1,5,0,0,0,0
2,3,3,2,5,3,1,3,2,1,1,1,0,0
0,1,0,0,1,2,0,1,0,1,0,2,1,10
0,0,1,0,0,2,0,1,1,2,1,1,0,0
1,0,0,0,4,1,1,1,2,1,1,2,0,0
5,1,3,3,3,6,5,4,3,5,1,1,0,0
2,0,0,4,1,3,0,0,0,3,0,4,1,5
0,0,0,0,0,1,1,3,0,0,0,0,0,0
1,0,0,2,0,5,1,0,1,4,1,1,2,5
3,1,1,2,1,5,1,1,1,2,0,0,0,0
1,0,0,0,1,3,1,1,1,1,1,1,0,0
5,2,2,7,4,3,2,3,3,0,3,2,3,5
2,1,2,1,4,4,1,2,3,1,2,1,1,1
3,1,1,3,1,3,6,2,1,9,4,3,1,13
1,0,0,1,1,1,2,0,0,5,2,2,5,8
0,2,1,2,2,2,1,0,0,0,0,0,0,0
1,2,0,1,1,4,3,1,0,0,0,0,0,0
0,0,0,1,1,1,2,1,0,0,0,0,0,0
2,0,0,2,2,1,1,2,0,0,0,0,0,0
1,0,0,1,1,1,0,1,1,1,1,1,0,0
2,0,1,3,2,2,1,1,2,1,0,0,0,0
1,0,0,2,1,0,2,1,0,2,2,1,0,0
0,0,0,0,2,1,0,1,2,1,1,0,0,0
0,0,0,0,1,0,0,2,2,1,0,0,0,0
2,0,0,2,1,1,1,1,0,0,0,0,0,0
3,0,0,0,4,1,0,0,0,0,0,0,0,0
1,0,1,2,2,2,1,0,4,4,2,0,1,6
0,0,3,0,1,2,1,2,0,0,0,0,0,0
6,5,1,5,8,11,4,10,11,25,10,4,9,11
0,0,0,0,0,0,0,0,0,0,0,1,1,4
0,0,0,0,1,0,0,1,0,4,2,1,0,0
2,0,0,2,2,3,0,0,0,0,0,0,0,0
0,0,0,0,0,0,0,0,0,0,0,0,1,4
20,4,4,27,23,24,8,14,10,18,5,2,7,12
1,1,1,1,1,2,1,0,0,0,0,0,0,0
9,4,1,7,7,19,7,4,3,14,3,1,1,5
1,0,0,1,3,2,0,0,0,0,0,0,0,0
0,0,0,2,2,1,2,1,3,3,1,1,0,0
1,0,2,2,1,1,0,0,0,0,0,0,0,0
1,0,0,0,0,2,0,2,2,5,1,2,3,5
1,2,1,3,4,4,0,5,0,5,4,3,3,22
0,0,1,4,2,1,0,0,1,2,1,1,0,0
4,0,2,3,2,5,0,1,1,1,2,3,2,2
1,0,1,0,2,1,0,2,1,0,0,0,1,4
1,0,0,2,0,2,1,2,0,0,0,0,0,0
1,1,1,0,2,3,2,2,3,1,0,0,0,0
0,0,0,3,4,2,1,0,0,0,0,0,0,0
2,1,1,3,5,2,0,3,0,4,1,2,0,0
0,0,1,1,1,2,0,0,0,0,0,0,0,0
0,1,0,0,0,1,0,0,2,1,1,1,0,0
2,1,1,1,0,2,0,1,3,5,0,0,0,0
0,0,0,0,0,0,0,0,0,0,0,0,0,5
1,0,0,0,1,0,0,1,1,3,0,0,0,0
1,0,1,0,1,0,3,4,4,2,1,0,2,3
1,2,2,1,4,5,5,6,9,16,3,3,2,13
0,0,0,0,0,0,0,1,0,0,0,0,2,14
2,2,0,3,1,1,0,0,0,2,0,0,2,19
1,1,2,3,4,4,4,3,9,10,1,2,2,5
2,2,2,4,2,5,3,7,7,9,3,4,10,9
2,0,0,0,1,1,0,0,1,1,2,2,1,1
2,1,2,0,1,4,1,1,1,1,1,1,0,0
2,1,0,0,1,1,2,2,2,6,2,0,0,9
1,0,1,0,0,3,1,2,2,6,0,0,2,3
3,2,0,0,0,0,0,0,0,0,0,0,0,0
1,0,1,1,1,1,1,1,0,0,0,0,0,0
3,4,3,3,8,6,1,2,2,2,3,1,1,6
3,2,2,2,1,2,1,1,0,2,1,1,2,3
0,1,0,1,2,1,1,3,0,0,0,0,0,0
2,0,0,1,1,1,1,0,1,2,1,1,0,0
1,0,0,2,1,3,2,2,3,9,2,3,4,6
1,0,0,0,1,1,0,0,0,0,0,0,2,5
3,1,2,3,2,2,1,2,2,5,1,1,0,0
0,0,1,0,1,1,2,1,1,1,1,0,0,0
1,0,1,0,0,1,0,1,1,3,1,2,0,0
0,1,1,0,5,1,1,1,1,5,1,3,3,7
0,0,0,2,1,0,2,1,2,1,4,1,0,0
8,2,0,2,5,4,0,1,5,4,3,1,0,5
1,0,1,0,1,2,1,2,0,0,0,0,0,0
0,0,0,2,1,1,1,1,1,4,0,1,3,2
0,0,0,0,1,0,0,0,3,8,1,2,0,0
1,0,1,1,1,2,0,0,0,0,0,0,0,0
10,7,3,13,12,13,5,6,6,8,2,4,2,12
0,0,0,1,2,1,2,1,0,0,0,0,0,0
0,0,0,0,1,0,0,0,0,0,0,1,2,6
1,0,0,2,1,1,1,4,1,1,0,0,0,0
0,1,0,1,0,2,0,0,0,1,3,1,2,16
0,0,1,1,3,1,0,0,0,2,2,1,0,0
0,0,1,2,0,5,1,12,5,16,7,5,0,15
0,0,1,0,1,1,0,0,0,4,1,1,8,13
0,0,0,2,2,4,0,0,0,0,0,0,0,0
1,0,1,1,1,0,1,2,0,0,1,0,1,4
0,0,0,0,1,1,0,1,1,0,1,2,3,16
1,1,2,1,0,0,0,0,0,0,0,0,0,0
2,2,1,4,2,2,1,2,2,5,1,0,3,2
0,0,0,0,1,1,0,0,3,3,0,0,0,0
0,0,0,1,2,0,1,2,0,3,1,1,0,0
0,0,0,0,1,1,1,3,0,0,0,0,0,0
1,0,0,1,2,0,0,3,0,1,0,1,2,5
2,1,1,4,1,1,1,2,0,0,0,0,0,0
5,2,1,3,4,4,2,5,4,8,1,3,3,4
1,1,0,2,3,5,3,4,2,6,2,1,2,4
5,4,3,4,6,5,2,5,2,12,1,3,5,22
0,0,1,0,2,3,2,3,4,1,1,0,0,0
1,0,0,0,1,0,0,2,1,1,1,0,0,0
2,0,0,2,3,1,0,2,0,3,0,5,0,0
4,1,2,3,8,9,3,3,1,5,1,1,2,3
2,0,0,1,3,4,1,2,0,0,0,0,0,0
2,0,0,1,3,1,0,3,0,1,0,1,1,5
0,0,1,0,1,0,0,0,0,1,0,1,1,6
3,1,0,2,4,2,2,6,2,7,3,0,3,8
0,2,1,0,3,1,1,2,1,5,1,1,0,0
7,2,8,12,5,13,2,7,2,8,6,1,1,7
0,0,0,1,3,3,1,0,0,0,0,0,0,0
0,0,0,0,0,0,0,0,0,0,0,0,0,5
0,1,0,1,1,1,2,3,1,1,0,0,0,0
4,1,1,5,5,12,3,6,4,4,1,1,0,0
0,0,1,1,2,3,0,0,0,0,0,0,0,0
6,1,1,3,5,5,2,4,1,8,2,1,2,2
1,0,1,0,3,1,1,2,1,0,0,0,0,0
2,1,0,0,2,1,2,1,0,0,0,0,0,0
1,0,1,3,1,1,1,1,0,0,0,0,0,0
0,0,0,2,3,3,3,0,2,2,0,0,0,5
1,0,0,1,1,0,0,3,1,2,1,1,0,0
0,0,0,1,1,4,0,1,0,3,3,4,10,23
1,2,0,1,1,4,0,0,1,1,1,3,0,0
3,2,3,2,1,3,2,2,1,1,2,4,1,6
2,0,0,0,0,1,2,0,2,2,2,0,0,0
0,0,0,0,0,0,0,1,0,0,0,0,2,9
2,0,0,0,0,2,1,2,0,0,0,0,0,0
2,0,0,1,0,0,0,0,0,0,0,1,0,5
1,0,0,0,1,1,0,0,0,1,0,3,1,1
0,0,1,1,1,1,0,1,1,3,1,3,0,0
0,2,1,1,3,4,3,2,1,5,1,1,3,4
2,1,1,1,2,1,0,0,1,1,1,0,3,17
1,1,0,0,0,2,0,1,0,1,4,1,0,0
0,0,0,0,3,3,2,5,2,2,2,1,1,2
0,0,1,1,0,1,0,2,1,1,0,1,3,4
2,0,0,2,1,0,1,1,2,3,0,0,0,0
1,0,0,0,0,0,1,1,1,2,1,0,0,0
0,1,1,5,3,2,2,1,5,4,0,0,0,0
0,1,1,2,0,2,2,1,2,1,1,3,2,13
0,0,0,0,1,0,0,1,1,3,1,1,0,0
3,1,2,0,1,2,1,4,4,4,0,4,1,6
2,0,1,0,3,4,1,2,1,2,1,2,0,0
2,2,0,0,0,0,0,1,1,0,0,1,3,13
0,0,1,0,0,0,0,0,1,0,0,0,2,6
0,0,0,0,0,0,0,0,2,0,0,1,1,4
2,1,0,1,3,3,0,3,2,2,1,1,0,0
0,0,0,0,0,0,0,0,0,0,1,1,1,2
4,3,3,3,2,6,6,8,2,4,1,1,2,2
2,2,1,1,2,3,1,1,3,1,1,0,0,0
0,0,1,2,5,5,6,10,5,9,4,4,4,6
0,0,0,0,0,1,0,1,0,2,2,3,3,17
1,0,1,0,1,2,0,0,0,0,0,1,4,4
1,0,1,1,1,2,1,1,0,0,0,0,0,0
0,1,0,2,1,1,0,1,2,3,0,0,0,0
1,0,1,0,2,2,1,1,1,1,1,0,0,0
2,0,0,1,0,0,0,3,1,0,2,1,1,1
1,0,0,1,0,1,1,1,2,5,0,0,0,0
0,0,0,0,2,3,0,4,3,2,1,1,0,0
0,0,0,0,0,0,0,3,0,3,1,0,7,10
0,0,1,1,1,2,1,0,0,0,0,0,0,0
0,3,0,1,0,1,1,1,1,1,0,0,0,0
1,0,0,0,3,0,2,2,2,2,1,0,1,6
0,1,2,2,0,0,0,0,0,0,0,0,0,0
2,0,1,2,1,3,1,4,7,6,2,1,3,4
2,0,0,0,2,5,0,4,4,5,1,3,0,0
0,0,0,1,0,0,3,1,1,1,1,0,0,0
0,0,0,1,4,0,0,1,3,5,1,1,2,5
1,0,0,0,1,1,0,2,2,1,0,0,0,0
1,0,2,0,1,4,0,2,0,2,2,1,0,0
3,1,1,1,1,4,0,0,0,0,0,0,0,0
0,2,0,2,1,3,0,0,0,0,0,0,0,0
0,0,2,1,1,1,0,0,0,0,0,0,0,0
1,1,1,3,0,0,0,0,0,0,0,0,0,0
1,0,0,1,1,3,1,0,1,2,0,1,3,1
2,0,0,1,3,4,0,1,1,0,2,3,3,2
3,3,4,7,8,9,3,10,3,10,6,5,7,17
0,0,1,1,0,2,2,1,1,0,0,0,0,0
3,0,0,1,1,0,1,2,1,1,1,0,0,0
0,0,0,0,1,2,1,0,0,0,2,1,0,5
0,0,3,0,0,5,4,2,5,6,2,0,3,3
0,0,1,1,3,2,0,0,0,0,0,0,0,0
2,1,0,2,3,2,5,3,0,2,0,2,2,1
0,0,1,0,3,0,0,3,1,2,1,0,0,0
4,1,1,0,0,0,0,0,0,0,0,0,0,0
2,1,3,1,4,4,1,1,2,4,0,0,0,0
1,0,0,0,1,3,1,1,0,0,0,0,0,0
3,0,0,2,1,0,0,0,0,5,0,1,5,5
1,0,2,0,2,2,1,4,1,4,0,0,0,0
1,2,1,2,0,0,0,0,0,0,0,0,0,0
0,2,2,0,2,1,0,1,2,2,2,4,3,9
1,1,2,2,0,0,2,3,0,0,0,0,0,0
1,1,0,2,1,2,0,0,0,0,0,0,0,0
1,0,1,1,2,0,1,1,4,1,1,0,1,5
1,0,0,0,0,1,0,1,1,1,0,0,3,6
1,0,0,0,0,0,0,1,0,3,1,1,7,4
0,0,0,0,0,0,0,0,0,0,0,0,2,5
1,0,0,0,0,0,1,2,1,1,0,0,0,0
0,0,0,4,3,3,2,0,4,1,0,0,0,0
4,0,0,2,4,2,3,4,3,7,3,4,6,3
3,0,3,1,1,1,1,0,0,1,0,2,1,3
2,0,1,0,4,3,2,6,3,3,1,1,1,4
0,5,0,0,0,0,0,0,0,0,0,0,0,0
1,1,1,3,0,0,0,0,0,0,0,0,0,0
0,0,1,1,2,0,0,3,1,1,1,1,0,0
0,0,0,4,1,1,4,2,3,4,0,0,0,0
0,0,0,0,0,0,0,0,0,0,0,0,0,7
0,0,1,0,3,4,2,5,0,8,1,3,0,0
4,1,2,3,6,3,1,4,3,5,2,4,4,20
0,0,0,1,3,0,4,1,1,0,0,0,0,0
1,0,1,2,0,1,0,1,1,1,1,1,0,0
2,1,0,1,1,0,1,1,0,6,1,1,0,0
3,0,1,3,2,2,0,3,0,2,3,1,0,0
1,0,1,1,0,0,0,2,2,1,0,0,0,0
0,1,0,3,4,6,1,1,2,1,3,1,2,2
4,1,3,3,4,7,4,6,5,7,3,5,6,22
2,6,5,1,6,9,2,6,4,2,5,6,2,2
1,1,0,1,1,1,0,0,2,2,1,1,1,1
1,1,4,9,7,7,5,9,3,2,4,0,1,4
0,0,0,0,2,1,0,4,2,1,0,2,1,7
1,3,3,3,7,2,1,3,1,6,0,0,1,6
1,1,3,2,0,1,0,0,1,0,0,0,3,5
0,0,0,0,0,0,1,6,0,0,0,0,0,0
0,0,0,2,0,3,0,2,0,7,3,2,4,6
7,2,3,5,7,7,3,6,3,8,2,2,3,6
2,2,0,2,3,6,2,4,4,4,2,2,3,8
1,1,1,0,2,3,2,3,2,1,0,0,0,0
3,5,3,5,11,2,1,4,5,7,2,6,6,6
0,0,0,0,0,0,0,0,0,0,0,0,1,7
0,0,0,2,2,3,1,2,0,1,0,0,3,6
3,1,2,3,3,3,0,2,1,4,1,2,0,0
1,2,2,2,1,2,0,0,0,0,0,0,0,0
7,4,0,5,8,10,5,8,9,7,5,2,5,17
11,2,6,8,12,13,10,10,9,15,1,3,4,9
4,1,2,1,4,6,1,7,0,7,1,1,1,2
4,1,1,3,1,2,0,2,0,1,1,1,2,4
1,1,0,1,2,1,0,4,4,1,0,0,0,0
2,3,0,3,0,3,3,1,0,0,0,0,0,0
0,0,0,0,3,1,1,1,0,0,0,0,0,0
0,0,0,0,3,5,0,2,1,2,0,0,0,0
0,0,1,2,3,0,0,0,0,0,0,0,0,0
0,0,0,0,0,0,0,0,0,0,0,0,0,5
0,0,1,0,1,2,1,2,0,0,0,0,0,0
0,1,1,0,0,1,0,0,1,0,0,1,0,5
3,0,0,0,2,1,1,0,0,1,1,1,4,10
1,1,0,2,1,1,1,2,1,1,1,0,0,0
3,1,0,3,1,5,2,0,0,2,2,2,2,3
4,0,0,2,1,1,1,0,0,0,0,0,0,0
0,0,0,0,0,0,0,2,0,1,1,0,1,4
2,0,1,0,0,1,0,0,2,2,1,1,0,0
0,0,0,0,0,0,0,1,1,2,1,0,3,7
1,0,0,0,1,1,2,1,1,1,0,1,2,4
1,0,1,1,1,5,1,0,0,0,0,0,0,0
3,0,0,3,1,4,0,1,3,1,2,1,1,2
0,0,1,1,0,2,2,1,0,0,0,0,0,0
6,5,6,8,10,9,5,7,4,8,3,3,1,7
0,0,1,1,1,0,2,2,1,0,0,0,0,0
0,1,0,2,0,1,2,4,1,5,0,3,5,17
2,0,0,1,0,0,0,2,1,3,0,0,0,0
0,1,1,3,2,2,0,0,0,0,0,0,0,0
1,1,0,2,1,3,2,0,0,0,0,0,0,0
1,0,1,0,1,1,2,2,0,0,0,0,0,0
0,2,0,0,1,3,1,0,0,0,0,0,0,0
1,0,0,0,0,0,2,1,1,3,0,0,0,0
0,0,0,2,1,0,0,2,1,2,0,0,0,0
9,5,0,13,14,17,13,15,8,15,5,2,12,8
0,0,1,0,0,1,1,2,1,0,0,0,0,0
2,1,0,1,3,1,2,3,0,3,1,1,0,8
3,0,1,7,5,4,1,7,7,10,8,4,5,10
1,0,0,0,1,2,0,2,2,4,2,0,4,2
1,0,1,1,3,3,0,1,1,4,2,0,0,0
5,4,5,8,12,11,6,6,3,4,2,4,4,7
2,1,0,0,2,1,1,2,3,2,0,0,0,0
0,0,0,0,1,2,0,2,0,2,0,0,3,2
2,2,1,2,1,3,0,1,1,3,1,0,0,0
14,3,9,11,16,13,5,15,12,12,3,2,8,16
0,0,0,2,1,0,1,1,1,1,1,2,0,0
1,1,1,2,0,0,0,0,0,0,0,0,0,0
0,0,2,0,1,1,0,1,0,0,0,1,0,7
0,0,0,0,2,1,2,1,1,1,0,0,0,0
1,0,1,2,3,1,0,0,0,0,0,0,0,0
3,0,1,2,4,5,4,5,2,3,2,0,3,4
0,0,0,0,3,1,1,2,1,2,0,0,0,0
1,2,0,0,4,0,3,4,4,1,1,2,1,2
2,0,0,1,2,2,0,0,0,0,0,0,0,0
1,0,1,0,1,3,3,2,0,1,3,1,1,2
1,0,1,1,2,3,0,0,0,0,0,0,0,0
0,0,0,1,1,0,2,4,0,0,0,0,0,0
4,0,2,3,1,1,4,2,0,0,0,0,0,0
0,0,0,1,0,3,2,1,0,0,0,0,0,0
1,0,0,1,2,4,0,4,2,5,3,0,6,9
0,0,0,0,2,2,0,0,0,4,0,0,2,3
0,0,1,0,2,1,2,1,0,0,0,0,0,0
0,0,2,2,1,3,2,1,0,0,0,0,0,0
1,0,1,0,1,2,0,0,1,5,1,1,0,0
0,0,0,0,2,1,1,1,0,0,0,0,0,0
1,0,0,3,6,3,3,1,2,4,0,0,0,5
1,0,1,2,1,1,0,0,0,0,0,0,0,0
1,0,0,1,3,1,1,2,1,2,1,1,0,0
3,2,0,0,0,0,0,0,0,0,0,0,0,0
0,1,2,0,1,1,0,1,0,1,1,0,1,4
0,3,1,2,4,2,1,1,0,0,0,0,0,0
0,1,0,0,1,2,0,2,1,4,1,2,1,3
2,1,1,1,4,7,5,8,5,10,5,2,4,14
0,0,1,1,1,2,3,2,0,6,0,0,0,0
1,3,2,8,8,6,5,10,5,7,3,1,3,2
4,0,1,1,4,6,1,1,0,0,0,0,0,0
0,0,0,1,2,3,2,0,0,0,0,0,0,0
2,1,1,5,10,6,6,1,1,5,1,1,0,0
1,0,0,0,1,2,0,1,2,2,0,0,0,0
0,1,1,0,0,0,1,1,0,0,0,0,1,7
1,0,2,2,1,3,1,2,1,1,0,0,0,0
6,1,3,3,3,6,2,2,3,3,4,0,4,4
1,1,0,2,2,2,0,0,0,0,0,0,0,0
0,0,0,1,2,2,1,0,0,0,0,0,0,0
1,1,0,0,4,2,3,1,3,5,3,0,0,5
0,0,0,0,4,3,1,1,0,0,0,0,0,0
2,0,0,1,2,4,2,4,3,4,3,2,3,1
0,0,0,1,1,4,0,1,1,3,1,2,1,3
0,1,1,1,1,0,0,1,1,3,1,1,0,0
0,0,0,1,0,0,0,0,1,2,1,1,0,0
0,2,1,2,3,1,1,2,2,0,0,1,1,12
0,1,1,3,3,3,1,2,4,5,1,3,2,4
0,0,0,2,1,3,0,3,5,5,2,1,2,8
3,3,2,8,13,8,6,8,6,10,3,1,4,4
0,1,0,0,1,1,1,2,0,1,0,0,1,5
2,0,0,1,2,6,0,4,4,4,4,2,2,5
4,3,1,4,4,5,3,4,7,9,2,1,0,0
6,1,2,3,3,5,0,4,2,4,2,1,2,6
0,0,3,9,0,0,0,0,0,0,0,0,0,0
2,1,0,2,2,1,2,2,6,3,0,0,0,0
0,0,1,1,2,0,0,4,1,1,0,0,0,0
1,3,0,1,2,2,0,0,3,5,3,2,1,3
1,1,0,0,3,2,0,4,2,3,1,1,1,1
4,0,0,1,6,4,2,5,1,1,2,2,1,2
0,0,2,0,1,2,0,1,1,3,0,0,0,0
1,0,2,0,1,2,0,2,1,2,0,0,0,0
0,0,0,3,1,1,2,0,0,0,0,0,0,0
2,0,0,2,2,2,1,6,4,7,5,2,2,10
0,1,2,0,3,1,0,1,1,3,0,0,0,0
0,0,6,2,3,6,4,6,3,17,6,3,6,11
0,0,1,0,0,0,0,0,0,0,1,0,1,5
0,0,0,0,1,1,2,2,3,8,3,1,2,2
1,1,1,0,0,3,0,0,1,1,0,2,3,11
0,0,1,2,1,3,1,0,0,0,0,0,0,0
2,0,3,6,0,0,0,1,2,2,2,1,0,0
3,1,0,1,1,0,3,0,0,1,0,0,0,7
1,1,1,3,6,4,0,3,3,4,0,0,0,0
2,0,1,0,3,1,2,0,1,2,1,1,0,0
1,0,1,0,1,1,0,1,0,2,0,1,1,8
0,1,2,1,1,1,1,0,0,0,0,0,0,0
0,0,1,0,1,1,0,0,2,3,1,2,2,10
3,1,3,1,2,3,0,3,0,8,2,1,2,2
2,3,2,4,3,2,1,0,0,6,1,1,0,0
2,0,2,1,6,0,1,2,1,1,0,0,0,0
2,0,2,2,3,2,1,4,1,3,0,0,0,0
0,0,0,0,0,2,0,2,2,2,0,0,5,13
0,0,1,1,3,0,0,2,1,1,1,1,0,0
1,0,0,2,0,1,1,1,0,4,2,3,1,15
2,0,2,4,8,6,1,4,3,7,2,4,2,4
4,3,0,0,0,0,0,0,0,0,0,0,0,0
0,1,0,1,3,1,2,0,0,1,0,0,1,4
0,1,0,1,3,4,3,1,2,7,0,1,3,5
2,1,0,2,2,1,1,1,0,0,0,0,0,0
0,0,1,3,2,1,2,0,3,4,1,3,0,0
0,0,0,1,0,3,1,1,0,0,0,0,0,0
6,8,6,9,6,9,4,4,8,9,9,14,7,22
3,1,1,1,4,3,0,0,0,1,1,0,4,12
2,3,0,0,1,2,4,3,0,0,0,0,0,0
0,0,0,0,1,3,2,0,0,0,0,0,0,0
1,1,1,0,1,0,1,0,2,2,2,0,0,0
1,2,1,3,1,0,0,0,0,1,0,1,2,3
1,0,0,3,1,1,0,0,0,0,0,0,0,0
0,1,1,0,3,4,1,1,2,2,1,2,0,0
0,0,0,0,1,2,0,1,2,2,0,0,0,0
2,0,0,0,1,0,0,3,0,1,3,1,0,0
1,1,1,0,0,1,1,1,2,0,0,0,0,0
1,0,2,1,1,4,1,0,2,1,1,1,0,0
0,1,0,0,3,0,0,5,0,0,0,0,0,0
1,0,1,5,3,1,1,1,0,3,1,1,0,0
0,2,0,0,2,4,2,1,1,1,0,0,0,0
1,0,0,1,1,1,0,1,1,3,0,0,0,0
0,0,1,0,1,4,1,5,4,2,2,1,1,4
1,0,1,0,1,3,0,2,2,2,0,1,6,5
0,0,0,0,1,0,0,1,0,4,0,2,2,3
0,0,0,0,2,1,0,0,1,3,2,2,0,0
0,0,0,0,0,2,0,1,1,0,0,0,1,4
3,0,2,1,2,1,2,3,2,1,1,1,0,0
0,0,2,2,3,4,1,2,3,2,1,2,1,4
4,0,0,3,2,1,0,1,0,1,2,1,1,1
4,3,3,3,5,5,2,4,3,6,2,2,1,2
1,0,0,2,1,1,1,0,0,0,0,0,0,0
0,0,0,0,1,1,2,2,0,0,0,0,0,0
0,0,0,2,0,1,0,0,0,1,1,1,3,10
1,0,2,0,2,4,1,2,3,1,2,0,2,9
0,1,0,0,2,1,1,2,1,2,1,1,1,4
2,1,0,1,1,2,0,1,2,4,3,3,2,7
1,0,0,2,2,3,1,1,0,0,0,0,0,0
0,0,0,0,4,0,0,1,1,4,3,0,0,0
0,1,2,3,1,5,4,5,6,3,1,0,4,6
0,1,1,2,6,6,0,7,4,8,2,3,6,8
0,0,0,0,0,0,0,0,0,3,2,2,6,20
0,0,2,1,2,1,0,2,0,2,0,0,1,4
3,1,0,2,0,2,0,2,2,2,0,0,0,0
0,0,0,0,1,3,2,2,0,0,0,0,0,0
3,1,0,1,5,3,0,1,2,4,0,0,0,0
2,3,0,2,3,4,1,1,0,4,2,1,4,15
0,0,1,0,3,0,1,0,0,3,1,1,0,0
2,2,0,2,4,2,3,3,3,2,2,0,2,5
1,1,0,0,0,0,0,1,1,1,1,2,0,0
1,0,0,3,1,1,2,1,1,2,0,0,0,0
1,0,1,0,0,0,0,1,0,3,0,1,2,13
0,0,0,0,3,1,1,2,0,0,0,0,0,0
1,0,1,1,2,3,1,0,0,5,0,0,0,0
2,1,0,1,3,1,0,0,2,2,1,6,4,11
1,0,0,3,1,3,0,0,0,0,0,0,0,0
0,0,2,0,2,2,0,0,0,3,2,3,4,15
0,0,0,4,1,6,0,2,1,2,1,2,0,0
1,0,0,2,2,2,0,0,0,0,0,0,0,0
0,1,1,1,1,0,1,1,2,5,0,0,0,0
1,0,0,0,1,1,0,1,0,3,1,2,0,0
3,0,1,2,2,1,0,2,2,3,0,0,0,0
1,1,1,2,1,1,3,0,2,2,1,2,2,8
2,3,2,6,6,8,5,3,5,2,1,2,1,6
2,0,0,0,1,0,1,1,2,0,1,1,1,3
1,1,0,0,2,1,1,2,1,0,0,0,0,0
2,1,1,2,0,3,2,3,0,0,0,0,0,0
0,0,0,0,3,2,0,0,0,0,0,0,0,0
0,0,2,1,1,1,0,3,1,0,0,1,2,3
0,1,0,0,0,0,1,1,1,1,1,1,1,2
0,0,3,3,1,3,3,0,1,3,2,2,1,1
0,0,0,0,0,1,1,0,0,4,1,1,0,0
1,0,0,3,1,2,1,0,3,1,0,2,6,22
1,2,0,2,0,2,1,4,5,13,1,3,5,11
0,0,1,0,1,4,0,1,0,1,0,1,2,6
3,1,0,0,0,1,0,0,1,0,0,0,0,5
0,0,0,3,5,4,3,1,5,8,5,2,2,9
1,0,0,0,4,2,2,5,4,5,1,1,3,7
3,0,1,3,4,4,1,6,10,20,4,3,5,24
0,0,0,0,2,2,1,1,0,0,0,0,0,0
0,0,0,0,0,0,0,0,0,0,0,1,1,5
1,1,0,0,1,0,1,1,2,1,0,0,0,0
1,0,1,2,3,2,2,2,1,1,0,0,0,0
1,2,0,1,1,2,2,2,2,3,1,0,0,0
1,0,1,1,5,1,1,3,1,0,0,0,2,3
0,0,0,0,0,0,1,1,2,0,0,0,1,4
2,1,0,0,1,4,0,5,0,0,0,0,0,0
2,0,1,1,2,3,1,0,0,0,0,0,0,0
1,0,0,0,2,2,1,0,0,0,0,0,0,0
4,2,0,1,6,3,0,1,2,1,2,1,3,1
2,0,2,1,5,4,2,1,1,5,2,1,3,2
1,0,0,0,0,0,1,2,1,1,0,0,0,0
0,0,0,3,0,2,1,2,0,0,0,0,0,0
1,1,0,0,2,6,1,1,1,0,0,0,0,0
1,0,0,1,0,1,1,3,1,2,0,0,0,0
0,0,0,1,0,1,1,3,0,0,0,0,0,0
1,0,1,1,1,5,2,1,3,4,1,1,0,0
0,0,0,1,0,1,0,0,3,2,1,1,0,0
0,0,1,2,2,4,1,2,2,1,1,0,0,0
0,0,1,0,0,2,2,2,0,0,0,0,0,0
1,0,0,0,4,0,0,4,3,1,2,1,0,0
1,0,1,2,1,3,2,5,4,4,3,1,4,2
0,0,0,1,0,2,0,2,2,1,0,0,0,0
1,0,0,2,0,1,1,1,2,1,0,0,0,0
0,0,0,0,1,2,0,0,0,2,1,2,0,0
1,0,1,3,4,1,0,3,2,1,0,0,0,0
0,0,1,0,0,2,0,1,0,2,2,2,0,0
0,1,0,0,0,0,1,1,0,0,0,1,2,4
1,0,0,1,0,2,1,1,1,0,0,0,0,0
0,1,0,0,1,0,0,0,0,2,2,1,2,2
2,5,5,3,13,6,2,5,6,11,7,3,6,6
1,1,1,1,4,2,1,1,1,3,0,1,1,11
1,1,1,1,1,2,0,0,0,0,0,0,0,0
1,0,1,1,2,1,1,2,0,1,3,1,0,6
2,0,1,0,1,2,1,1,0,0,0,0,0,0
0,1,0,1,2,3,0,0,0,0,0,0,0,0
0,0,1,1,2,2,1,3,2,5,1,0,1,6
0,0,0,0,0,0,0,0,0,0,0,1,2,2
0,0,1,0,0,1,0,1,2,2,0,0,0,0
1,0,2,6,5,4,3,8,3,4,0,5,4,16
1,0,0,0,1,3,1,2,0,5,2,0,0,0
0,0,2,1,3,1,0,0,0,0,0,0,0,0
1,1,1,1,2,0,0,0,3,1,0,1,1,3
3,0,1,0,3,2,0,0,0,0,0,0,0,0
1,0,1,1,2,1,0,0,0,0,0,0,0,0
1,1,1,2,0,0,0,0,0,0,0,0,0,0
2,0,0,0,1,3,0,1,1,4,0,0,0,0
0,1,0,0,0,0,4,5,3,2,2,0,1,5
0,0,0,0,2,2,1,1,0,0,0,0,0,0
0,0,1,1,1,2,0,0,0,0,0,0,0,0
1,1,4,3,1,2,0,7,1,1,3,2,0,0
2,1,4,7,5,5,0,3,4,5,2,0,2,14
1,0,1,0,2,1,0,1,0,2,2,1,0,0
1,1,0,1,1,0,0,0,1,7,3,2,0,0
0,0,0,3,1,1,2,1,0,0,0,0,0,0
1,0,3,0,4,2,0,0,0,0,0,1,2,2
3,0,1,4,5,3,4,1,3,8,3,1,6,10
2,0,0,1,2,1,1,1,0,0,0,0,0,0
2,0,0,0,2,3,1,1,1,1,0,0,0,0
1,0,2,1,2,1,0,0,0,0,0,0,0,0
0,0,1,3,3,3,1,0,2,1,2,2,0,0
0,1,0,0,2,3,0,0,0,0,0,0,0,0
0,0,0,3,1,3,1,1,0,0,0,0,0,0
0,0,1,1,1,3,0,0,0,4,1,1,2,5
0,1,0,2,1,1,1,3,1,2,1,1,1,1
1,1,4,3,2,3,2,3,0,6,1,0,0,0
1,0,0,0,0,2,2,1,0,0,0,0,0,0
1,1,0,1,0,1,2,5,2,7,4,1,2,3
0,0,3,0,3,3,1,2,1,4,1,0,0,0
1,1,4,2,4,3,2,5,1,6,2,1,3,4
0,0,0,0,1,1,0,2,2,2,0,0,0,0
0,2,1,3,2,3,0,2,1,2,0,0,0,0
2,0,2,5,2,0,0,0,0,0,0,0,0,0
0,0,0,1,2,1,0,1,2,2,4,2,3,6
1,0,0,2,2,1,0,2,2,1,2,0,0,0
0,0,0,0,0,0,0,0,1,1,1,0,6,10
2,3,3,4,6,3,5,4,1,5,3,2,1,6
0,0,0,0,0,4,1,2,1,2,0,0,0,0
1,2,0,3,1,2,3,3,0,2,2,1,0,0
1,1,0,0,1,1,1,1,0,0,0,0,2,4
2,0,2,5,4,1,2,8,4,1,1,2,1,1
1,1,0,0,0,1,0,0,1,5,2,0,2,3
0,0,1,2,1,3,1,4,0,0,0,0,0,0
1,0,0,0,0,0,0,2,0,2,0,0,1,11
3,2,0,0,0,0,0,0,0,0,0,0,0,0
0,0,2,1,1,1,0,0,0,0,0,0,0,0
0,0,0,0,0,0,0,0,0,0,0,0,1,8
3,0,1,2,2,3,3,3,1,1,1,2,2,4
2,2,2,2,0,4,1,2,2,1,0,0,0,0
10,5,5,2,16,20,4,11,8,21,6,3,4,8
2,2,0,1,5,4,1,1,4,2,0,0,0,0
0,0,0,0,0,0,0,0,0,1,0,0,1,4
5,1,2,5,6,4,2,1,0,3,0,2,4,16
2,3,1,4,2,0,1,2,1,1,1,1,0,0
7,1,2,12,8,19,10,5,7,10,3,4,3,6
1,0,1,1,2,0,0,0,0,0,0,0,1,6
1,1,0,1,2,1,1,0,0,0,0,0,0,0
0,0,0,0,2,1,1,1,0,0,0,0,0,0
1,1,0,1,1,2,1,0,0,1,0,1,3,3
4,1,3,5,6,5,1,0,2,7,1,0,0,0
3,1,1,1,0,6,1,0,0,0,0,0,0,0
1,0,0,1,3,1,2,2,1,2,0,4,1,1
1,1,1,1,1,1,0,0,0,0,0,0,0,0
0,1,1,0,0,1,0,1,0,3,0,2,6,15
0,1,0,0,2,2,0,0,0,3,1,1,0,0
0,2,0,0,4,1,0,0,0,0,0,0,0,0
2,0,0,1,1,3,1,2,1,4,2,1,0,0
1,0,0,1,1,2,1,1,0,2,0,1,2,7
2,0,0,1,2,2,3,0,0,2,0,1,0,5
2,1,2,1,1,3,1,2,3,0,0,0,0,0
2,0,1,3,2,3,0,3,1,5,2,0,3,2
2,3,1,0,3,5,4,4,2,2,0,1,2,6
7,1,0,2,1,2,0,4,0,0,3,0,2,9
1,1,2,0,3,0,0,3,1,5,0,1,0,7
0,0,0,0,0,0,0,0,0,0,0,0,0,5
3,1,1,3,2,3,1,4,3,1,0,0,0,0
0,0,0,0,0,0,0,0,0,0,1,0,1,11
1,0,0,1,0,0,1,2,1,2,0,0,0,0
1,0,1,1,1,4,2,3,1,2,2,1,1,2
1,0,0,0,0,1,1,2,2,4,1,3,3,14
0,0,0,0,1,1,1,0,1,0,0,3,4,16
0,0,0,2,0,3,1,2,0,0,0,0,0,0
0,0,0,0,0,1,0,2,1,1,1,1,0,0
0,0,0,0,0,0,0,3,1,0,0,1,1,5
1,0,0,0,2,1,3,1,4,4,2,2,3,10
2,0,0,0,0,2,1,1,1,0,0,0,0,0
0,2,0,1,0,2,1,1,2,3,2,1,1,7
0,0,1,2,1,1,0,0,0,2,1,1,2,1
0,0,2,0,1,2,1,0,1,2,1,3,0,6
2,0,0,1,1,3,0,2,0,1,2,1,1,2
0,0,0,0,0,0,0,0,0,0,0,1,0,6
1,0,0,0,2,1,1,2,1,0,0,0,0,0
0,0,0,2,0,3,1,2,2,5,0,0,0,0
3,1,3,0,2,4,0,1,4,1,0,0,0,0
1,0,0,2,2,5,0,0,2,3,1,2,0,0
0,0,0,1,1,0,1,0,1,0,1,0,2,6
2,2,0,7,6,3,1,9,5,24,5,1,9,9
2,0,2,1,1,2,1,2,1,4,0,2,7,11
0,0,0,2,1,2,1,1,0,0,0,0,0,0
0,1,1,0,0,2,3,0,0,0,0,0,0,0
4,1,4,4,8,8,3,5,4,4,5,1,3,2
3,1,1,1,1,0,0,1,1,2,1,1,0,0
0,0,1,1,0,4,3,4,5,9,2,2,2,9
0,0,0,1,1,1,1,2,0,0,0,0,0,0
2,1,0,1,0,1,1,0,0,1,2,2,0,0
2,1,0,2,1,1,1,0,0,4,0,1,4,19
0,1,2,3,1,3,0,3,1,3,0,2,2,3
1,0,0,0,0,0,0,0,0,0,0,1,1,3
1,0,1,2,0,1,0,0,2,1,1,1,0,0
0,1,1,0,4,1,1,1,0,0,0,0,0,0
0,0,0,0,1,2,1,5,2,3,1,3,3,5
0,1,1,1,3,1,2,2,2,3,0,0,0,0
0,0,0,1,1,1,1,2,0,0,0,0,0,0
0,1,2,1,1,2,1,1,0,0,0,0,0,0
3,2,0,0,0,0,0,0,0,0,0,0,0,0
1,0,0,3,3,4,2,9,5,11,3,0,2,9
1,0,3,2,0,4,0,1,3,1,1,3,1,4
1,1,3,2,3,0,3,2,4,2,0,2,1,2
0,0,0,0,2,0,0,0,0,0,1,2,4,12
1,1,0,3,3,1,0,0,0,0,0,0,0,0
1,0,0,0,0,1,1,2,0,2,1,0,2,8
1,1,2,5,2,3,3,3,0,2,2,1,0,0
0,0,1,1,0,4,1,4,5,2,2,2,0,0
1,0,2,2,4,1,0,2,2,2,0,0,0,0
0,0,0,0,2,2,1,0,0,0,0,0,0,0
3,0,2,2,6,4,1,4,6,8,4,2,4,8
4,0,0,4,1,2,1,3,1,2,1,1,0,0
6,2,4,4,20,9,10,5,10,19,4,4,8,11
1,1,0,0,3,1,1,1,0,0,0,0,0,0
0,1,2,1,2,5,1,7,4,5,3,1,6,14
1,2,0,0,3,1,0,4,2,2,0,0,0,0
0,0,0,4,1,0,0,0,1,3,1,2,8,15
1,0,0,0,1,2,1,1,1,3,0,1,2,11
0,1,0,1,1,0,0,1,2,2,0,0,0,0
4,1,0,1,2,3,2,2,2,6,2,2,0,0
0,1,0,2,3,7,3,6,1,3,2,1,1,5
1,0,2,0,3,1,1,0,0,0,0,0,0,0
0,1,1,2,5,8,0,3,7,8,4,3,2,1
5,2,1,3,8,8,1,4,3,4,1,0,2,4
1,4,0,2,3,2,1,2,3,5,1,1,0,0
0,0,1,1,2,2,1,0,0,0,0,0,0,0
3,2,2,5,4,3,1,4,1,7,0,1,1,10
1,0,0,0,1,2,0,1,0,1,3,1,0,0
0,0,1,2,0,1,0,2,1,2,0,0,0,0
1,2,0,0,2,0,1,3,2,4,4,4,3,2
0,0,1,0,2,1,0,1,1,3,1,1,0,0
6,0,4,7,9,13,4,7,2,9,1,6,2,2
1,0,0,2,2,1,1,2,0,0,0,0,0,0
1,0,0,1,2,1,0,2,0,2,2,1,0,0
1,0,0,1,0,0,0,0,0,0,0,0,0,5
0,0,0,1,0,0,0,0,0,2,0,3,3,15
0,3,1,2,4,4,3,4,3,6,3,2,6,9
0,0,0,1,2,0,0,1,4,2,2,1,1,1
1,1,1,0,0,1,1,1,1,3,0,0,0,0
3,1,1,5,0,3,1,4,2,4,4,3,4,7
2,1,0,1,2,0,2,3,1,1,1,1,0,0
3,0,1,1,5,7,2,8,4,10,2,3,2,8
0,1,1,1,2,2,0,2,1,1,1,1,0,0
0,1,1,2,1,0,0,0,1,3,1,0,0,0
1,1,0,1,1,0,1,1,1,3,0,0,0,0
0,0,0,2,1,3,0,0,0,0,0,0,0,0
1,3,1,5,3,7,1,3,1,5,1,2,3,6
4,0,0,2,4,4,4,8,1,2,3,1,0,0
1,0,1,0,0,1,1,1,2,1,1,0,0,0
1,0,1,2,0,3,0,2,0,1,1,1,1,1
0,0,0,2,1,1,1,0,0,0,0,0,0,0
0,1,0,1,0,1,0,0,1,1,2,1,0,0
1,1,1,0,1,3,1,1,0,0,0,0,0,0
1,2,0,1,5,3,1,0,0,8,2,0,6,12
5,0,7,6,11,17,6,8,6,10,6,3,3,9
2,0,2,1,1,0,0,2,1,2,1,1,0,0
7,6,6,7,10,16,3,12,5,12,4,2,5,7
1,0,0,0,3,1,2,1,2,4,1,0,0,0
4,0,1,0,2,0,0,2,0,1,2,2,0,0
0,0,1,1,1,1,0,0,0,2,2,1,0,0
1,0,0,1,3,4,1,1,1,1,1,1,0,0
0,1,0,2,0,2,0,1,2,2,0,0,0,0
0,0,0,1,2,0,1,1,2,2,0,0,0,0
0,1,0,4,1,3,1,3,0,0,0,0,0,0
2,0,1,0,2,4,1,1,0,0,0,0,0,0
3,2,3,0,1,4,2,2,0,0,0,0,0,0
0,1,1,0,0,2,0,1,4,2,3,1,0,0
2,0,0,1,3,7,2,1,2,4,2,0,3,2
4,0,0,2,4,4,1,0,3,5,1,1,0,0
2,2,0,1,1,2,0,3,2,0,0,0,0,0
3,1,0,1,3,3,0,0,0,0,0,0,0,0
1,0,0,0,1,2,0,0,0,1,2,0,0,6
2,3,0,0,0,0,0,0,0,0,0,0,0,0
1,1,0,0,3,2,1,0,0,0,0,0,0,0
1,1,1,2,1,2,0,0,0,0,0,0,0,0
0,1,0,1,2,2,1,1,0,0,0,0,0,0
0,1,1,4,3,1,0,0,0,0,0,0,0,0
7,3,4,8,11,6,8,9,3,7,5,4,4,5
4,6,2,6,5,4,4,2,5,5,7,4,6,21
4,1,1,0,1,1,0,1,3,5,0,0,0,0
2,0,1,0,2,1,1,1,1,1,0,0,0,0
0,0,0,0,3,0,0,1,2,4,1,0,0,0
2,0,0,0,3,1,0,0,1,7,1,1,0,0
0,1,0,1,3,3,0,0,0,0,0,0,0,0
0,0,0,2,2,3,3,3,1,1,3,0,2,5
5,1,4,2,6,6,2,3,3,9,2,5,3,4
0,1,2,1,5,4,1,1,4,3,1,1,1,4
1,0,0,5,5,1,0,4,1,4,1,1,0,0
0,0,0,0,0,1,0,1,0,4,1,0,0,0
0,1,0,1,1,1,0,5,2,3,1,0,2,4
1,2,2,1,2,2,1,3,0,0,0,0,0,0
3,2,1,0,0,2,0,2,0,4,1,0,2,8
7,5,1,5,8,7,3,5,0,5,5,2,2,5
0,0,0,1,0,0,0,1,0,0,0,1,0,6
1,0,0,0,0,2,2,3,1,1,0,0,2,9
0,0,0,1,5,2,0,0,0,0,0,0,0,0
4,1,2,4,4,3,1,6,4,4,1,2,0,0
0,1,1,3,0,0,0,3,5,2,2,2,1,4
0,1,0,0,2,1,0,1,1,3,0,0,0,0
1,1,0,0,1,1,0,1,3,5,0,0,0,0
0,0,0,1,0,2,0,0,1,2,0,0,0,6
0,0,0,0,1,1,0,1,1,2,1,0,0,0
1,1,2,1,3,1,1,2,1,3,0,0,0,0
1,1,0,1,4,3,4,4,2,1,0,0,0,0
0,1,1,1,1,1,0,0,0,0,0,0,0,0
5,1,1,2,2,4,1,0,0,2,0,2,1,2
1,1,1,1,1,3,2,0,0,0,0,0,0,0
0,1,1,0,2,1,1,1,0,0,0,0,0,0
1,1,0,1,1,4,2,1,0,3,1,1,2,4
1,0,0,2,1,3,0,4,0,5,2,2,4,16
2,0,0,0,4,5,3,3,1,10,2,1,2,7
1,0,2,2,2,2,1,2,6,6,0,3,1,4
0,1,0,2,3,2,2,3,1,2,0,0,0,0
3,2,0,3,4,5,1,2,1,2,0,0,0,0
1,0,0,0,2,2,1,0,0,0,0,0,0,0
0,0,0,3,1,1,0,2,2,1,0,2,0,7
2,1,1,0,0,1,0,3,3,1,1,0,0,0
6,2,2,5,10,3,3,6,2,5,1,1,3,4
1,0,0,3,1,0,2,1,1,1,1,1,0,0
0,0,0,1,1,3,0,0,0,0,0,0,0,0
3,0,4,1,3,2,1,1,1,2,1,1,0,0
0,1,0,3,3,2,2,2,5,5,1,0,5,4
1,3,0,1,2,4,0,1,1,3,2,3,1,5
1,0,0,1,2,1,2,3,0,0,0,0,0,0
0,0,0,1,1,1,2,0,0,2,0,1,1,4
0,0,1,1,1,3,6,3,2,5,2,3,2,2
0,2,0,3,0,5,2,0,1,3,3,1,0,0
1,0,2,1,1,1,1,0,0,0,0,0,0,0
3,1,3,2,4,6,0,5,6,6,1,4,1,4
1,1,1,5,4,2,1,2,2,2,0,0,0,0
1,0,0,0,2,0,0,1,2,3,0,0,0,0
3,0,0,2,5,3,1,1,1,0,0,0,0,0
3,0,1,4,6,3,4,5,1,6,1,0,2,5
1,0,1,1,0,1,2,2,0,3,1,1,0,0
3,3,0,0,5,1,0,1,1,3,0,0,0,0
0,0,2,0,3,1,0,2,2,2,0,0,0,0
1,0,1,2,1,4,0,1,3,2,0,0,0,0
3,2,3,3,3,1,0,0,0,0,0,0,0,0
0,0,1,0,0,2,1,0,1,1,2,4,5,19
0,1,1,2,2,2,2,2,1,3,0,0,0,0
0,1,3,1,0,0,0,0,0,0,0,0,0,0
0,0,0,0,2,0,0,0,1,0,0,1,0,8
0,0,0,1,0,3,2,1,0,0,0,0,0,0
4,1,0,0,0,0,0,0,0,0,0,0,0,0
2,0,1,2,2,2,0,0,0,3,1,2,0,0
2,0,0,2,1,1,1,2,0,0,0,0,0,0
1,1,1,1,3,1,0,0,0,2,0,1,2,9
1,0,0,1,4,3,0,0,0,0,0,0,0,0
5,0,1,1,0,2,1,0,1,2,1,2,0,0
0,1,0,0,0,1,2,2,0,0,0,0,0,0
1,2,1,1,0,1,0,1,0,2,1,2,0,0
2,1,1,0,5,0,1,2,2,4,2,4,3,22
0,0,1,0,4,1,0,0,0,0,0,0,0,0
1,0,1,0,0,0,0,3,2,1,0,0,1,5
1,0,0,0,2,1,0,3,0,1,0,1,4,8
0,0,1,2,2,1,0,0,0,0,0,0,0,0
0,3,1,4,1,2,0,0,2,2,0,2,7,17
2,2,0,1,1,5,1,4,3,3,2,2,0,0
1,1,1,1,2,0,1,0,2,1,0,1,0,8
0,0,0,0,1,0,0,1,0,0,0,0,2,3
3,0,0,0,0,4,0,1,0,2,0,0,1,4
5,0,2,2,3,4,0,4,1,2,1,4,1,2
2,0,0,0,2,1,0,1,2,5,0,2,2,15
0,1,0,2,3,1,0,0,0,0,0,0,0,0
0,0,0,3,0,2,0,0,2,1,1,1,0,0
0,0,0,1,1,5,1,7,3,6,1,0,6,13
4,2,0,1,1,1,2,2,4,2,1,2,0,0
4,1,2,2,2,1,0,2,3,2,0,0,0,0
0,0,0,0,0,0,1,0,0,1,0,0,4,7
0,0,1,0,2,1,1,1,1,1,1,0,0,0
2,3,2,2,2,5,2,4,5,5,1,0,0,7
0,0,2,0,2,0,0,2,2,1,0,0,0,0
2,2,1,3,1,3,2,5,4,9,2,1,2,2
0,0,0,1,1,2,1,0,0,0,0,0,0,0
0,0,0,2,1,0,0,2,1,1,1,1,0,0
5,0,2,8,0,0,0,0,0,9,0,3,0,7
7,3,4,5,9,4,2,7,2,8,3,1,6,8
1,0,2,1,1,0,0,2,0,3,1,2,0,0
3,1,2,5,5,3,7,3,5,4,0,0,0,0
2,0,0,0,0,0,1,4,0,0,0,0,0,0
0,0,0,2,0,1,0,2,2,2,0,0,0,0
0,0,2,3,5,3,1,0,1,4,0,1,1,3
3,1,3,4,1,3,0,1,0,2,0,0,1,4
0,0,1,2,0,1,2,2,0,1,1,1,1,4
0,1,1,0,2,5,0,2,1,8,2,1,0,0
1,1,1,0,2,1,0,1,1,1,1,1,0,0
0,0,0,0,3,3,1,2,0,0,0,0,0,0
0,0,0,0,0,1,0,3,3,2,0,2,1,2
0,1,1,2,2,0,0,2,0,3,1,1,2,14
0,0,0,1,2,2,1,1,0,0,0,0,0,0
0,2,0,0,2,1,1,0,0,2,0,0,3,2
1,0,0,0,1,1,1,4,0,0,0,0,0,0
0,1,1,1,1,2,0,0,0,0,0,0,0,0
1,0,0,0,1,2,1,0,2,0,1,1,1,5
2,0,1,1,0,0,0,2,0,1,0,0,0,9
0,1,0,0,2,1,1,3,0,0,0,0,0,0
1,2,2,4,4,5,3,5,6,10,2,2,0,0
1,0,1,0,8,1,0,0,0,0,0,0,0,0
1,1,0,0,2,1,1,2,2,1,2,1,0,0
1,1,1,0,2,1,0,2,3,1,0,0,0,0
2,5,0,3,7,3,2,3,2,0,0,3,2,1
0,0,0,2,2,2,1,2,3,9,3,3,1,7
0,0,0,0,0,0,0,0,1,1,0,1,2,10
2,0,0,1,3,3,0,1,2,1,0,0,1,4
1,0,3,2,4,6,3,7,7,15,8,6,8,15
4,0,0,1,1,1,1,3,0,0,0,0,0,0
8,4,3,8,13,10,3,16,4,13,0,6,3,4
0,2,0,4,3,2,2,3,1,13,0,1,3,8
0,2,1,2,2,2,0,0,0,0,0,0,0,0
1,2,0,1,0,0,1,1,1,3,0,0,0,0
0,0,0,3,3,1,1,1,1,2,0,0,0,0
32,7,10,24,28,28,16,27,6,26,3,12,6,9
0,0,0,0,0,0,0,0,1,2,1,1,0,0
2,2,0,3,6,1,0,2,1,3,1,2,3,8
0,0,1,0,3,1,2,3,2,1,1,2,2,9
0,1,0,1,3,1,0,0,0,0,0,0,0,0
0,0,0,2,1,2,0,0,0,0,0,0,0,0
13,3,6,17,12,18,8,9,5,8,1,5,2,9
0,0,0,0,1,0,0,1,1,1,2,0,1,4
0,0,0,0,0,0,0,4,0,6,1,2,2,5
1,0,0,1,0,2,0,0,1,1,5,1,2,1
1,0,0,0,1,5,2,2,0,0,0,0,0,0
1,0,3,1,1,4,1,2,1,4,1,0,0,0
0,0,2,1,2,1,0,0,0,0,0,0,0,0
2,1,0,0,3,1,1,0,0,0,0,0,0,0
1,0,0,1,4,1,3,3,0,0,0,0,0,0
1,1,2,1,3,1,2,1,1,2,1,2,0,0
2,0,0,1,0,2,3,1,0,0,0,0,0,0
2,5,0,3,0,3,2,0,1,3,1,2,0,0
0,2,0,2,1,0,2,1,2,2,0,0,0,0
0,0,0,0,0,2,0,1,0,0,0,0,2,8
0,2,2,0,0,1,0,0,3,2,0,0,0,0
0,0,0,3,1,0,0,4,0,1,1,1,2,1
1,0,0,0,2,2,1,0,0,0,0,0,0,0
0,0,1,0,2,1,1,0,0,4,1,1,0,0
10,6,4,12,14,28,9,24,6,19,8,6,8,22
0,1,0,1,1,2,1,1,0,0,0,0,0,0
0,0,0,0,0,1,1,2,1,0,0,0,0,0
1,1,0,1,1,1,1,1,0,0,0,0,0,0
0,0,0,0,2,1,3,0,2,3,0,1,2,2
0,0,0,0,0,0,0,0,0,0,0,1,1,6
2,1,1,0,2,1,0,1,3,2,0,0,0,0
1,1,0,3,1,1,2,3,1,3,2,3,3,3
1,0,1,0,0,2,0,0,0,2,0,0,2,3
4,2,0,2,0,0,0,0,0,2,1,0,4,5
10,6,13,17,21,18,9,16,13,26,5,4,4,11
1,1,0,5,1,0,0,0,0,0,0,0,0,0
2,2,3,8,5,6,2,3,2,5,2,0,2,4
0,0,0,0,0,1,0,0,3,2,1,0,0,0
1,0,0,2,5,2,0,2,4,5,3,1,3,5
0,0,1,0,1,1,1,3,0,3,1,1,1,4
0,0,0,3,1,2,1,0,0,0,0,0,0,0
0,0,0,1,0,0,0,1,0,1,0,2,0,14
2,3,1,4,4,9,0,2,2,10,1,2,2,4
0,0,1,3,1,3,1,2,1,7,1,1,0,0
1,0,0,1,2,2,0,0,0,0,0,0,0,0
0,1,0,1,1,0,0,0,0,1,0,0,2,9
0,0,0,0,0,0,0,0,3,2,0,0,0,0
0,0,0,0,1,1,1,2,0,0,0,0,0,0
0,0,3,2,2,2,1,0,0,2,1,1,2,2
2,1,2,1,0,4,0,4,1,2,1,1,0,0
1,7,16,16,7,22,13,13,1,3,4,4,1,7
0,0,0,0,1,1,2,4,2,4,0,0,3,4
0,1,0,1,1,2,1,1,1,0,0,0,0,0
0,0,1,1,2,2,1,0,0,0,0,0,0,0
2,0,0,1,0,1,2,2,1,1,0,0,0,0
1,1,3,1,1,1,0,0,1,5,0,2,3,1
2,0,0,0,0,2,1,4,4,4,2,1,2,7
5,2,4,9,7,4,0,8,2,9,2,4,2,9
0,1,1,0,3,1,1,1,0,0,0,0,0,0
1,1,1,1,1,0,0,0,0,0,0,0,0,0
1,1,2,1,1,6,1,0,1,2,1,2,0,0
13,4,0,6,12,3,7,8,4,8,3,3,0,5
5,0,1,1,3,5,1,2,0,2,1,3,2,2
1,1,5,3,1,2,3,6,1,3,3,1,2,7
0,0,1,1,1,1,1,1,0,0,0,0,0,0
1,0,1,0,3,2,1,1,1,1,1,0,0,0
0,2,0,1,1,2,2,0,0,5,0,0,0,0
1,0,1,1,0,1,0,2,0,1,3,1,0,0
0,0,1,0,1,0,1,0,4,1,1,1,0,0
0,0,0,0,0,0,0,2,0,3,0,1,1,5
1,0,1,0,0,0,0,0,1,4,0,0,0,0
4,1,1,0,1,1,1,0,1,5,1,0,0,0
1,0,0,1,3,1,0,0,0,0,0,0,0,0
1,0,0,1,3,2,0,0,1,2,1,0,2,3
2,0,0,0,2,1,1,2,2,2,0,0,0,0
1,0,0,0,2,1,1,3,0,0,0,0,0,0
0,0,0,1,4,4,0,2,4,3,1,2,5,13
1,1,0,2,3,3,2,3,7,8,4,2,4,9
0,1,1,1,2,1,0,0,0,0,0,0,0,0
0,0,1,2,1,2,1,0,0,0,0,0,0,0
2,1,0,0,0,1,0,2,1,1,1,0,0,0
1,0,2,0,1,2,2,1,3,4,0,0,0,0
1,1,1,0,0,2,0,1,1,4,1,3,2,9
1,0,0,0,2,0,1,0,1,2,0,0,2,4
0,0,0,0,0,0,0,0,0,0,0,0,0,7
0,1,0,0,1,0,0,2,1,4,3,1,4,2
0,1,1,0,1,2,1,2,1,1,2,1,1,1
2,2,0,0,1,1,1,3,0,0,0,0,0,0
6,1,3,3,2,2,2,3,0,3,1,1,0,0
1,1,0,0,0,0,0,2,1,2,0,0,0,0
0,1,0,0,0,1,1,1,0,1,0,1,1,4
0,0,0,0,0,2,1,1,1,0,0,0,0,0
1,1,0,1,2,1,3,1,0,0,0,0,0,0
4,0,0,2,3,1,1,1,1,1,2,2,0,0
0,1,0,1,3,1,1,0,0,0,0,0,0,0
0,0,0,0,0,0,0,2,1,4,0,0,0,0
5,3,0,2,2,3,0,5,1,3,2,2,1,1
1,1,0,0,0,2,0,2,1,2,1,0,0,0
1,1,2,1,2,3,1,3,0,0,0,0,0,0
4,7,2,3,9,6,3,5,2,6,1,2,0,0
5,5,3,8,10,10,2,7,5,4,4,0,2,9
1,0,1,1,1,1,1,1,0,0,0,0,0,0
1,0,0,1,0,0,0,1,0,2,1,2,0,0
0,0,2,2,6,5,0,3,2,4,0,1,6,12
0,0,0,1,0,2,0,0,1,2,1,1,0,0
2,1,0,4,0,1,0,2,1,2,0,0,0,0
3,0,1,0,5,5,3,4,0,4,3,3,1,6
2,2,3,1,4,3,1,2,1,4,0,1,2,3
1,0,3,4,4,4,1,2,2,4,1,2,1,2
0,1,0,3,1,0,0,1,1,4,0,0,0,0
1,2,0,1,1,2,1,1,0,0,0,0,0,0
1,1,0,1,1,2,1,0,0,2,1,1,1,1
3,1,0,6,3,3,1,2,0,0,0,0,0,0
0,1,0,0,1,1,0,2,1,3,4,1,1,3
0,1,0,0,1,1,2,2,2,3,0,0,0,0
5,3,3,3,7,8,6,8,5,11,4,3,1,8
0,0,1,0,0,1,0,0,1,0,0,0,2,6
0,0,0,1,2,1,1,1,0,0,0,0,0,0
1,0,0,1,5,2,2,1,1,3,1,1,0,0
1,0,1,0,1,0,0,0,1,2,0,0,3,2
1,0,0,1,2,0,1,0,1,1,1,3,0,0
3,1,3,3,4,4,2,1,2,1,2,0,2,12
0,0,0,0,0,0,0,0,0,2,0,3,1,5
0,0,1,2,1,0,0,1,1,1,0,0,3,3
0,3,1,2,0,0,0,0,0,0,0,0,0,0
0,1,2,3,4,4,2,2,3,3,2,0,1,5
1,0,0,0,2,1,1,0,0,2,2,1,0,0
2,0,1,1,3,0,0,0,0,0,0,0,0,0
0,0,1,0,1,7,1,4,4,12,0,3,1,5
1,0,0,3,4,1,0,0,0,0,0,0,0,0
4,2,2,2,0,3,1,4,5,1,0,0,0,0
1,0,0,0,0,0,0,0,0,1,0,0,0,9
0,0,0,1,1,1,1,3,0,0,0,0,0,0
1,0,1,0,1,1,2,1,0,6,0,0,0,0
1,0,0,0,4,2,1,5,0,0,0,0,0,0
0,0,0,1,1,1,1,1,0,0,0,0,0,0
0,1,0,2,3,0,0,0,0,2,2,3,2,10
0,0,0,1,2,4,0,1,2,0,0,1,3,13
4,1,0,0,7,3,5,3,8,3,2,1,3,5
0,0,0,0,0,0,0,0,0,1,0,2,3,10
1,3,2,4,5,5,4,11,8,11,2,3,7,10
0,1,0,0,3,2,2,0,0,0,0,0,0,0
3,1,1,2,5,1,4,4,2,4,3,2,2,3
2,1,2,3,3,4,2,0,4,9,6,4,0,13
1,0,0,2,1,0,1,5,2,4,0,4,2,3
0,0,0,0,0,0,0,0,0,0,0,0,3,4
2,0,0,2,0,4,1,2,1,2,2,0,2,3
1,1,0,1,0,2,0,1,2,2,0,0,0,5
5,4,0,3,5,7,4,12,6,13,1,4,4,21
0,0,1,2,1,2,1,0,0,0,0,0,0,0
1,1,1,0,0,3,1,1,0,0,0,0,0,0
6,3,2,6,5,9,4,3,4,3,2,0,0,0
3,1,4,7,8,5,3,3,2,3,3,2,3,10
0,0,0,0,0,0,0,0,0,2,0,0,6,20
2,4,1,3,3,3,1,4,1,4,3,0,3,6
3,2,4,5,10,8,3,8,8,30,9,7,16,13
0,2,0,1,6,3,0,2,0,5,2,0,0,0
1,1,0,0,2,1,2,1,0,0,0,1,2,8
2,1,0,4,4,4,1,3,0,0,0,0,0,0
3,1,0,1,4,3,1,4,1,5,0,0,0,0
2,1,1,1,0,0,0,0,0,0,0,0,0,0
0,1,2,0,0,1,0,0,0,3,0,1,0,13
1,1,3,3,5,1,0,1,1,2,1,2,1,5
1,0,1,0,4,2,0,0,0,0,0,0,0,0
0,0,0,2,3,3,1,0,0,0,0,0,0,0
1,1,0,2,0,0,0,1,3,2,2,3,0,0
4,0,1,5,2,2,0,0,0,0,0,0,0,0
1,3,0,2,6,2,0,5,0,5,5,1,0,0
1,0,0,3,1,1,0,0,1,0,0,2,2,1
0,0,1,2,2,1,0,0,0,0,0,0,0,0
1,2,2,0,2,2,2,3,1,6,0,0,0,0
0,0,0,0,0,0,0,0,0,0,0,0,1,6
0,0,0,0,1,0,0,0,1,2,0,0,2,13
2,0,0,4,1,0,0,0,0,0,0,0,0,0
0,0,4,2,0,6,3,3,1,7,1,3,0,9
0,0,0,0,0,0,0,0,0,0,0,0,2,3
0,0,0,0,0,0,1,0,1,3,1,1,0,0
0,0,0,1,0,0,0,1,0,1,1,1,1,1
4,2,1,7,4,3,1,2,2,3,1,1,0,0
3,1,0,3,1,1,2,3,6,3,2,1,1,2
1,0,2,2,1,1,1,0,2,1,0,2,4,5
1,0,0,3,2,4,0,1,2,1,0,0,2,3
1,0,2,1,1,2,1,1,2,7,0,0,0,0
0,0,0,1,1,1,3,2,3,1,1,1,0,0
1,2,0,2,1,0,0,1,1,2,1,1,0,0
1,1,0,1,4,3,1,1,0,1,0,2,3,1
0,0,0,0,2,2,1,2,0,0,0,0,0,0
2,0,0,1,2,2,0,0,0,0,0,0,0,0
1,0,1,4,2,4,2,4,2,6,1,2,4,6
4,0,0,0,7,5,2,6,0,0,0,0,0,0
0,1,1,1,3,1,1,3,0,0,0,0,0,0
1,0,1,0,2,1,1,2,0,0,0,0,0,0
0,1,1,3,3,6,5,4,3,12,4,2,8,16
1,0,1,1,1,2,1,1,0,0,0,0,0,0
2,1,1,2,1,1,0,1,3,5,0,2,4,2
0,1,0,1,2,3,0,0,0,0,0,0,0,0
3,1,3,3,3,7,3,3,2,2,3,4,0,6
2,1,2,2,3,1,2,1,4,5,0,0,0,0
10,6,7,11,14,18,10,12,9,16,4,4,5,9
2,0,1,0,2,1,1,1,2,1,0,0,0,0
0,0,0,0,2,2,1,4,0,0,0,0,0,0
1,2,2,0,3,1,2,2,1,1,0,0,0,0
1,0,3,2,2,4,2,6,3,3,0,6,3,7
1,0,0,1,3,1,0,0,0,0,0,0,0,0
2,1,1,3,3,2,0,0,3,3,2,1,4,8
19,7,8,25,31,17,13,21,16,21,11,4,7,12
1,0,0,1,0,1,0,1,1,4,0,1,2,7
1,0,1,0,1,2,0,0,1,0,0,0,1,4
2,0,0,1,0,2,1,2,0,0,0,0,0,0
1,1,0,2,2,4,0,2,0,1,0,1,2,8
0,1,1,1,2,1,0,0,0,0,0,0,0,0
5,0,3,5,4,11,2,6,2,4,3,2,1,2
2,0,2,1,1,4,0,1,3,3,0,0,0,0
0,0,2,1,0,2,1,2,0,0,0,0,0,0
0,2,0,3,1,3,0,0,0,0,0,0,0,0
0,1,1,1,1,1,0,0,0,0,0,0,0,0
0,0,0,0,1,2,0,1,0,4,2,0,4,4
1,1,2,1,2,2,0,0,0,3,0,0,2,5
0,2,0,1,1,3,0,0,0,0,0,0,0,0
0,1,0,1,0,2,0,0,1,1,1,2,0,0
1,0,0,0,0,2,2,1,0,5,1,0,0,0
0,0,1,1,0,0,0,0,0,0,0,2,2,9
0,0,0,2,0,0,0,0,0,2,3,5,5,17
0,1,1,1,1,1,0,0,0,0,0,0,0,0
1,2,0,4,1,2,1,2,0,2,1,2,0,0
0,0,0,0,0,0,0,0,0,0,0,0,0,5
0,0,1,0,0,2,1,1,1,0,0,0,0,0
1,2,2,5,1,1,1,2,2,2,1,1,0,0
8,5,5,7,13,14,4,14,5,16,1,1,6,7
1,0,0,0,0,0,0,0,1,1,0,1,1,3
0,0,0,1,1,0,1,0,0,1,2,3,4,18
3,0,0,2,1,2,1,1,2,6,0,0,0,0
0,2,1,0,3,2,2,2,0,0,0,0,0,0
2,0,0,0,1,2,1,1,0,0,0,0,0,0
0,0,1,0,0,1,0,0,0,1,0,2,0,5
0,0,3,2,3,3,0,2,2,2,0,0,0,0
0,1,2,0,3,2,1,0,1,4,1,2,0,0
0,0,0,0,4,0,1,0,2,2,1,0,0,0
0,0,0,1,0,1,0,0,1,2,1,1,0,0
0,0,1,1,1,1,1,1,0,0,0,0,0,0
4,0,1,1,3,2,0,1,1,3,0,0,0,0
1,2,2,2,1,3,1,4,1,6,3,1,2,1
0,3,0,0,1,6,1,7,2,8,2,4,1,8
2,3,0,3,4,5,4,9,3,8,1,2,2,5
0,0,0,1,0,0,1,2,3,4,1,1,1,3
3,0,0,1,5,2,1,0,2,6,0,1,2,7
0,0,1,2,1,3,1,2,0,0,0,2,4,3
1,0,1,0,1,1,1,2,1,1,0,0,0,0
1,0,0,4,2,1,1,3,0,0,0,0,0,0
0,1,0,1,2,2,0,0,0,0,0,0,0,0
2,0,3,4,3,2,0,2,1,3,2,3,0,0
0,2,0,1,1,2,1,0,0,0,0,0,0,0
3,0,0,2,2,1,2,1,1,3,1,2,0,0
0,0,0,1,1,1,0,1,1,3,0,0,0,0
3,2,1,3,2,5,1,0,4,3,0,0,0,0
3,1,0,1,2,3,0,0,0,0,0,0,0,0
1,0,0,0,0,0,0,0,0,0,0,1,3,6
1,0,1,0,0,1,0,0,2,1,3,1,0,0
2,0,1,0,3,1,0,1,3,1,0,1,1,4
0,0,0,0,0,1,2,1,1,0,0,1,2,2
5,5,4,3,4,5,1,4,3,4,3,1,3,3
2,0,1,1,0,1,0,3,0,2,1,2,0,0
1,0,1,3,1,1,2,5,4,6,3,3,2,11
0,0,0,0,0,3,1,1,0,0,0,0,0,0
0,0,0,4,1,1,0,0,0,0,0,0,0,0
2,0,3,3,0,1,1,3,0,0,0,0,0,0
0,0,0,1,2,1,1,1,0,0,0,0,0,0
1,0,2,1,2,2,1,0,1,2,0,2,4,9
5,0,3,6,13,8,4,8,6,9,1,5,8,1
5,3,2,3,3,4,1,3,2,0,1,1,2,4
1,1,0,1,5,4,3,1,2,4,0,2,2,5
1,0,0,0,1,2,2,0,0,0,0,0,0,0
0,0,0,0,5,0,1,1,0,2,2,1,4,10
0,0,0,0,0,0,0,0,1,1,0,1,1,5
2,2,1,4,1,7,2,1,1,8,0,4,4,12
6,4,3,10,14,14,10,13,6,26,8,5,9,10
0,1,0,1,3,2,0,0,0,0,0,0,0,0
2,1,2,1,0,0,0,0,0,0,0,0,0,0
1,1,0,2,3,2,1,1,1,2,0,0,0,0
0,0,2,1,2,1,1,2,0,6,0,0,5,1
0,0,0,1,1,2,0,0,2,1,2,2,0,0
3,0,2,0,3,2,0,0,0,0,0,0,0,0
2,2,0,3,2,5,2,6,0,1,1,1,1,3
0,0,0,0,0,5,1,3,0,0,0,0,0,0
2,0,0,1,0,1,0,0,2,0,0,1,2,7
0,0,0,0,0,1,0,1,1,1,2,0,1,4
0,0,0,0,0,0,0,0,0,5,0,0,0,0
0,0,1,0,0,1,0,4,0,3,2,1,0,0
2,3,2,2,6,5,2,2,3,7,0,2,6,7
7,7,4,12,15,18,9,15,7,18,4,6,3,7
2,1,1,1,1,1,0,3,1,3,0,0,0,0
1,0,1,2,1,2,0,0,1,1,6,0,2,4
0,1,1,0,3,1,0,3,0,1,1,1,4,3
4,2,2,2,1,3,2,2,2,4,1,2,0,0
1,0,1,1,0,1,0,0,1,3,0,0,1,4
0,0,0,2,1,2,1,1,0,0,0,0,0,0
1,0,1,1,2,5,8,1,3,3,3,5,4,11
0,0,0,0,0,2,0,1,0,4,2,1,2,8
0,0,1,2,2,1,0,1,1,1,0,1,6,14
1,1,0,1,2,0,3,1,0,5,0,0,0,0
0,0,1,0,2,1,1,1,2,0,0,0,0,0
2,1,0,3,4,6,4,4,1,3,1,1,2,2
0,0,2,1,1,5,1,3,3,3,0,2,0,9
0,0,0,0,0,1,0,1,1,4,0,0,0,0
3,2,0,5,5,4,0,1,5,2,0,3,4,2
0,0,1,1,2,3,1,2,2,6,4,2,2,10
5,3,1,10,6,6,4,8,7,7,5,4,4,5
1,0,0,1,0,1,0,1,2,1,2,0,0,0
2,0,0,0,1,0,1,2,2,1,1,1,0,0
1,0,1,1,3,3,0,1,0,5,1,0,0,9
2,0,0,4,0,2,0,2,1,1,1,0,0,6
0,0,3,0,3,1,1,1,2,1,0,1,3,8
3,0,1,4,6,3,0,4,0,3,2,2,3,3
2,1,3,5,3,7,3,0,5,9,1,1,1,1
0,0,0,0,4,0,1,3,2,1,3,1,0,0
0,0,0,0,2,2,2,1,2,0,0,0,0,0
1,0,0,2,1,2,1,1,1,1,1,1,0,0
23,8,11,18,16,27,10,16,7,15,6,8,8,20
1,1,0,0,1,2,0,0,3,2,0,0,0,0
1,1,1,0,5,4,1,2,1,3,0,0,0,0
3,0,3,3,5,3,3,3,5,4,1,1,2,3
1,1,0,0,0,1,0,1,1,4,0,0,0,0
2,0,3,3,2,2,0,2,2,3,0,1,4,4
0,2,2,1,1,2,1,5,2,9,1,1,3,8
3,0,1,2,7,1,3,2,2,3,1,1,0,0
7,2,1,4,4,5,5,2,2,4,0,1,5,4
3,3,2,1,2,3,1,2,1,1,1,1,0,0
0,0,1,5,0,0,0,0,0,0,0,0,0,0
1,1,2,2,3,2,2,2,0,0,0,0,0,0
0,1,0,0,1,1,0,1,0,3,0,2,1,5
0,0,0,0,0,0,0,1,2,3,0,0,0,0
1,1,0,0,2,1,0,0,1,3,1,0,0,0
3,1,1,1,1,0,0,0,0,0,0,0,0,0
1,1,0,0,4,4,1,1,0,0,0,0,0,0
0,0,0,1,1,1,3,2,0,0,0,0,0,0
2,1,4,2,3,0,1,3,1,1,0,0,0,0
3,3,1,0,2,5,0,3,2,4,4,0,0,10
2,2,4,1,2,3,0,6,0,5,1,1,0,0
0,0,0,0,0,0,0,0,0,0,0,1,3,16
1,1,4,0,0,0,0,0,0,0,0,0,0,0
1,0,0,0,0,1,0,1,0,0,0,1,1,4
1,0,1,0,1,0,1,0,0,1,2,1,1,2
0,0,1,2,1,2,1,2,0,0,0,0,0,0
1,0,0,3,0,1,1,1,2,1,0,0,0,0
2,0,1,2,1,1,1,3,0,0,0,0,0,0
1,0,0,0,0,1,0,0,2,3,1,0,0,0
5,1,3,4,6,5,3,3,2,3,1,2,0,0
3,3,1,7,6,5,0,3,2,4,3,1,0,0
2,3,1,1,2,3,0,2,2,1,0,0,0,0
0,0,0,1,1,2,0,1,0,2,0,0,3,4
0,0,0,1,4,1,1,0,0,0,0,0,0,0
1,0,0,1,2,0,1,0,1,1,0,0,2,4
3,0,1,3,2,1,1,2,0,0,0,0,0,0
0,0,0,1,1,2,2,2,0,0,0,0,0,0
0,0,1,2,1,3,1,1,0,0,0,0,0,0
1,1,0,2,2,1,1,3,1,5,0,3,2,7
0,0,0,0,1,1,0,1,0,3,3,1,1,6
3,0,0,1,2,2,1,0,0,0,0,0,0,0
2,0,0,0,0,0,0,1,0,0,0,0,1,5
1,0,2,1,4,4,3,4,3,7,2,0,6,12
3,0,2,0,4,0,0,0,2,4,2,4,2,6
3,0,1,1,3,2,0,1,2,2,0,0,0,0
2,1,3,2,4,7,1,6,5,10,4,3,5,4
0,0,0,0,0,0,1,0,0,0,0,1,4,16
1,1,1,0,2,1,2,3,5,2,0,0,0,0
0,0,1,2,2,1,0,0,0,0,0,0,0,0
7,1,9,8,9,10,4,6,4,4,2,2,1,9
1,0,1,0,0,1,1,1,2,1,1,1,0,0
0,0,0,0,0,1,0,0,0,2,0,1,2,15
8,4,2,6,5,9,3,7,7,8,0,2,1,3
1,0,1,2,1,1,1,0,0,0,0,0,0,0
1,0,0,3,3,3,1,0,0,0,0,0,0,0
4,0,1,2,1,2,0,4,1,2,1,1,1,1
0,1,0,0,1,0,0,0,2,2,1,1,0,0
1,1,0,0,3,1,0,1,3,4,0,0,0,0
1,1,0,0,1,0,0,2,2,3,0,0,0,0
9,5,1,4,6,9,3,2,2,7,2,5,4,6
2,1,3,7,9,1,3,6,1,14,1,6,1,4
1,2,0,2,4,1,1,1,0,0,0,0,0,0
1,0,1,0,1,0,0,1,0,2,0,2,5,2
0,0,0,0,0,2,0,1,3,1,0,0,0,0
2,2,1,0,4,1,0,0,0,0,0,0,0,0
2,0,0,2,3,2,0,0,0,0,0,0,0,0
1,1,1,0,1,2,1,1,1,0,1,0,3,4
3,0,1,0,3,4,1,5,3,8,1,1,2,2
0,0,0,0,0,1,1,2,2,2,0,0,0,0
0,1,1,0,0,0,0,0,0,1,1,0,1,9
3,0,1,0,4,1,2,2,2,1,1,1,0,0
2,3,1,2,2,7,2,2,0,4,0,1,2,2
1,0,1,0,3,3,0,0,0,0,0,0,0,0
0,0,0,0,1,1,1,2,0,0,0,0,0,0
1,1,1,1,1,1,1,1,0,8,4,1,1,4
1,0,0,2,2,4,2,5,0,3,1,2,0,0
1,0,1,1,2,2,1,0,4,3,0,0,0,0
0,0,0,0,0,0,0,0,0,0,0,0,0,6
4,1,0,1,3,4,2,2,3,1,1,1,1,1
2,1,0,3,2,1,0,0,0,0,0,0,0,0
2,6,2,5,6,7,7,5,3,8,0,1,1,4
2,0,1,0,2,4,0,0,0,0,0,0,0,0
0,0,2,1,0,1,1,3,0,0,2,0,0,5
0,1,1,1,1,3,2,3,3,4,1,0,0,0
1,0,1,0,3,3,1,1,1,6,1,1,0,0
0,0,0,1,3,1,0,0,0,0,0,0,0,0
4,0,0,1,0,1,0,3,0,1,1,1,1,1
4,1,3,5,8,8,6,7,2,6,2,4,0,0
1,1,2,3,0,2,0,5,0,0,0,0,0,0
10,3,5,5,12,15,4,6,1,9,4,6,5,9
0,0,0,0,0,0,1,0,1,1,0,1,1,5
4,0,2,0,5,3,2,0,0,7,2,1,0,0
0,2,1,1,2,3,2,1,0,0,0,0,0,0
0,1,1,1,4,4,2,5,2,4,0,0,0,0
0,0,0,1,0,2,0,1,0,0,1,2,3,6
7,3,1,5,7,7,11,5,11,8,4,4,4,13
0,0,0,0,1,3,1,1,3,2,0,0,0,0
1,1,0,1,0,1,0,4,2,3,1,5,3,16
2,0,1,2,1,1,1,1,1,1,1,2,2,19
1,0,0,1,2,4,0,0,0,0,0,0,0,0
1,0,3,3,3,9,1,10,4,12,0,4,9,10
0,0,1,1,4,4,2,4,2,8,5,5,5,18
0,0,0,0,0,0,0,1,0,1,1,0,3,12
1,1,0,0,2,1,2,4,1,8,2,0,0,5
0,1,1,0,0,0,1,3,2,7,0,4,1,4
0,0,0,0,0,0,0,1,0,3,3,2,2,11
0,0,0,0,1,0,1,1,1,1,1,1,0,0
4,0,0,1,3,3,1,3,0,0,0,0,0,0
1,2,2,2,1,1,2,0,1,10,4,3,1,1
1,1,1,1,1,1,0,0,0,0,0,0,0,0
3,0,3,4,10,7,4,9,6,5,1,1,1,3
0,0,0,0,1,1,1,0,0,2,0,0,1,16
1,0,0,1,0,0,1,3,1,2,2,3,7,15
0,1,1,1,1,1,0,0,0,0,0,0,0,0
0,0,0,2,1,1,0,2,0,0,0,0,0,5
0,0,0,1,3,3,1,1,0,0,0,0,0,0
1,1,5,1,0,3,0,0,0,5,4,2,1,6
1,0,0,2,1,1,1,0,0,0,0,0,0,0
0,0,0,0,0,0,0,1,4,2,0,0,2,6
0,0,4,7,8,9,0,6,0,0,0,0,0,0
3,1,0,1,2,1,1,1,0,0,0,0,0,0
0,0,0,0,2,3,0,0,0,0,0,0,0,0
0,0,0,1,1,1,2,0,0,1,0,0,1,11
1,1,2,0,0,1,1,2,1,0,0,0,0,0
0,0,1,2,2,2,1,0,0,0,1,1,1,2
1,0,1,1,1,1,0,5,0,0,0,0,0,0
3,1,4,4,3,3,4,1,3,5,5,2,2,12
2,0,1,3,6,5,0,1,4,6,1,2,1,3
0,0,2,0,4,1,2,2,2,1,0,2,1,6
8,1,4,5,5,13,5,13,11,8,5,3,5,9
0,0,1,1,0,0,0,1,0,2,5,1,0,0
1,1,3,1,3,4,2,1,1,3,0,0,2,4
0,0,0,1,0,0,0,3,0,1,2,2,5,17
1,0,1,2,3,2,2,0,0,0,0,0,0,0
2,0,0,2,5,3,1,3,4,3,2,2,3,8
1,0,1,2,2,0,1,3,3,4,0,2,4,22
0,1,1,2,1,0,1,3,1,3,0,1,1,3
1,4,1,0,0,0,0,0,0,0,0,0,0,0
3,3,1,7,7,6,0,7,5,3,0,2,6,6
0,1,0,0,0,1,2,2,0,0,0,0,0,0
4,2,0,0,0,1,0,1,1,3,0,0,0,0
1,3,3,9,11,4,4,10,4,22,3,3,4,18
0,0,0,0,1,2,0,1,0,0,0,0,3,4
1,0,0,1,1,0,0,1,0,1,1,0,1,4
0,0,1,0,1,1,0,1,1,1,1,1,0,0
1,1,0,4,0,0,2,1,1,2,1,0,0,0
1,2,1,4,1,1,3,2,2,1,1,1,1,1
0,1,0,0,2,2,2,2,1,2,1,0,0,0
1,1,0,1,2,2,0,2,2,4,0,0,0,0
0,0,0,0,0,0,0,0,1,5,0,0,0,0
1,0,0,2,5,1,0,0,0,0,0,0,0,0
2,2,2,1,0,2,2,1,0,0,0,0,0,0
0,0,0,1,0,3,1,1,0,0,0,0,0,0
3,1,2,1,0,5,1,6,1,3,1,1,1,2
0,1,0,2,3,3,1,0,0,2,0,2,1,2
3,1,1,2,1,5,0,5,2,3,2,1,3,4
0,0,0,0,0,0,0,0,0,0,1,0,0,11
10,4,5,4,19,10,7,8,8,14,5,2,4,7
0,0,0,1,0,1,0,2,0,2,3,1,0,0
1,1,0,1,0,2,1,6,3,2,2,2,1,1
3,3,0,0,0,0,0,0,0,0,0,0,0,0
0,2,2,1,1,3,1,1,1,0,0,0,0,0
3,0,0,2,1,6,0,0,0,0,0,0,0,0
2,1,3,2,4,2,1,3,4,3,1,1,2,7
1,0,1,1,0,6,4,0,2,3,0,0,5,3
2,1,0,1,2,3,1,2,1,3,0,0,0,0
0,0,3,1,3,1,3,2,0,5,4,2,3,11
7,0,0,0,0,0,0,0,0,0,0,0,0,0
1,0,0,1,0,1,0,2,0,3,0,0,3,6
0,0,0,0,0,0,0,0,0,5,1,1,0,0
3,2,1,2,1,3,2,4,0,3,2,0,0,0
1,0,0,2,0,1,0,1,0,2,0,4,3,4
4,0,2,1,2,2,1,2,1,2,2,0,0,0
3,0,0,2,1,3,0,0,0,0,0,0,0,0
1,0,0,1,4,1,0,0,0,0,0,0,0,0
0,0,1,1,0,2,0,3,4,1,1,1,0,0
2,1,0,0,1,5,1,0,1,1,2,2,0,0
4,4,3,7,4,8,3,6,3,7,4,2,4,4
5,0,2,2,2,4,1,7,3,3,2,1,1,2
0,0,0,0,1,1,2,2,0,0,0,0,0,0
0,0,0,1,4,2,2,2,1,1,1,0,2,8
0,1,0,0,1,1,2,1,0,0,0,0,0,0
0,0,0,3,4,6,1,11,2,5,3,0,5,8
1,1,0,1,4,1,0,0,0,5,0,0,0,0
2,0,0,0,1,0,0,1,1,4,0,3,1,2
1,2,0,2,1,2,0,0,0,0,0,0,0,0
1,0,0,2,0,1,0,1,0,3,1,1,0,0
4,0,0,2,4,6,1,4,0,0,0,0,0,0
0,1,2,2,4,4,1,9,5,11,5,4,2,10
2,0,0,4,2,7,1,3,2,1,0,0,2,3
2,1,0,0,1,2,0,2,1,1,1,1,0,0
0,1,1,1,1,2,0,0,0,0,0,0,0,0
0,0,0,0,0,0,0,0,1,0,0,0,0,6
0,0,0,0,1,0,1,3,0,1,1,1,0,5
1,0,2,3,0,4,1,2,0,0,0,0,0,0
1,1,0,3,2,4,0,3,0,0,1,0,0,5
3,0,2,2,4,1,0,0,0,0,0,0,0,0
0,0,0,1,2,3,0,0,0,0,0,0,0,0
2,0,0,6,2,3,0,3,2,1,1,1,1,1
0,1,0,1,3,2,0,0,1,0,0,2,1,2
3,2,0,3,3,2,2,2,2,3,4,2,1,3
3,0,0,1,3,1,0,0,0,0,0,0,0,0
2,0,0,1,0,2,2,3,0,1,0,1,1,8
1,0,0,1,1,1,3,4,0,0,0,0,0,0
0,0,1,1,0,0,0,0,0,3,0,2,1,2
2,1,0,2,1,1,0,1,0,4,0,1,3,1
4,1,2,3,11,9,2,9,5,2,2,1,5,5
0,0,1,1,1,2,0,0,0,0,0,0,0,0
1,1,0,0,1,2,1,3,0,5,1,1,0,0
0,0,0,2,2,0,0,0,2,4,4,0,2,3
1,0,0,1,3,1,0,4,0,8,1,0,0,0
0,1,0,2,1,0,0,2,1,2,0,0,0,0
0,0,0,2,0,0,0,0,0,2,0,1,3,1
1,0,0,3,1,0,0,1,3,1,1,1,0,0
1,1,0,1,3,2,0,3,3,1,0,0,0,0
1,0,0,2,2,2,2,1,1,1,0,0,0,0
0,1,2,0,1,0,1,0,0,2,1,2,0,0
0,0,0,0,0,0,0,0,0,0,0,0,0,7
3,1,1,0,0,0,0,0,0,0,0,0,0,0
3,0,1,0,2,0,0,1,0,3,2,2,0,0
1,0,0,1,0,1,1,1,2,0,0,0,0,0
1,0,0,1,1,0,0,0,2,1,1,1,0,0
1,0,2,1,3,1,0,3,2,3,0,0,0,0
0,1,0,0,1,1,1,1,1,0,0,0,0,0
2,0,0,1,2,0,0,4,0,3,2,1,0,0
4,1,0,2,0,1,1,4,1,4,1,2,0,0
1,1,1,0,1,1,1,2,0,0,0,0,0,0
13,1,11,11,13,13,10,8,6,12,3,3,1,6
1,1,0,2,0,1,0,3,1,1,1,0,0,0
2,0,1,1,3,0,1,0,2,3,1,1,0,0
1,0,0,2,2,1,0,0,0,0,0,0,0,0
1,0,0,1,1,2,1,1,1,0,0,0,0,0
3,0,0,0,2,2,2,2,1,1,2,0,0,0
0,0,0,0,0,0,0,0,1,2,2,0,0,0
0,1,0,1,2,1,1,1,0,0,0,0,0,0
0,0,0,0,0,3,1,1,1,1,0,0,0,0
2,0,1,2,2,0,2,3,0,0,0,0,0,0
1,0,0,3,2,1,1,1,0,0,0,0,0,0
0,0,0,0,1,1,1,0,1,0,0,0,2,7
1,1,1,2,1,1,0,0,0,0,0,0,0,0
0,0,0,0,2,1,2,1,0,0,0,0,0,0
4,1,0,0,2,1,0,3,1,2,1,1,1,2
3,2,0,4,1,7,0,0,1,2,1,1,1,3
0,0,1,1,1,3,0,0,0,0,0,0,0,0
0,0,4,1,4,3,2,1,0,0,0,0,0,0
1,0,1,2,2,2,0,1,1,2,0,0,1,6
0,0,0,1,0,0,0,0,0,0,0,0,1,6
0,2,0,0,2,0,0,2,3,3,0,0,0,0
0,1,0,0,0,1,0,1,1,3,0,0,0,0
0,0,0,1,1,2,1,2,1,2,0,0,0,0
0,0,0,0,1,0,1,0,1,2,1,1,0,0
3,1,2,1,4,4,2,2,1,6,2,0,0,0
2,2,1,5,3,5,3,3,1,2,2,1,0,0
0,0,1,0,0,0,0,3,3,1,0,0,0,0
0,0,0,0,1,0,1,0,0,4,1,0,0,0
0,0,2,0,0,0,1,3,2,0,0,0,2,6
1,0,1,0,0,0,0,0,0,0,0,2,2,2
1,0,1,1,0,1,1,1,2,1,0,1,1,4
1,0,0,1,2,3,0,0,2,3,0,3,4,10
2,2,1,3,3,8,1,3,3,5,2,2,2,3
0,1,2,2,1,2,2,0,1,6,0,1,3,2
1,0,0,1,1,0,0,1,1,1,1,2,0,0
1,0,0,1,1,2,1,0,0,0,0,0,0,0
2,1,0,0,1,0,1,0,2,3,1,1,0,0
1,1,0,1,1,1,1,1,0,2,1,1,1,4
0,1,0,1,2,3,0,0,0,0,0,0,0,0
4,0,1,3,4,3,0,0,1,6,1,3,1,1
2,2,0,0,2,4,0,1,4,2,0,0,0,0
2,1,0,0,3,2,0,0,1,4,0,1,1,8
2,1,1,1,0,0,0,0,0,0,0,0,0,0
1,1,0,0,1,1,0,1,1,1,1,1,0,0
0,0,0,2,2,0,1,1,1,3,0,0,0,0
0,0,1,0,4,0,0,4,2,1,2,0,3,8
8,3,3,6,13,14,6,6,5,7,4,2,5,8
0,0,0,0,0,0,0,0,0,1,0,2,0,8
1,0,0,2,4,1,1,2,2,1,0,1,2,2
4,1,3,3,4,7,5,6,0,5,0,2,2,4
0,1,0,1,5,3,0,7,5,11,0,2,2,7
1,0,1,0,2,3,1,2,0,0,0,0,0,0
1,1,1,1,1,4,1,2,0,0,0,0,0,0
1,1,0,0,2,0,0,0,1,4,1,1,0,0
1,0,0,2,0,2,1,0,3,5,0,0,0,0
0,0,0,1,1,1,1,1,0,0,0,0,0,0
17,6,6,22,29,30,17,23,18,41,8,9,9,19
1,0,0,1,1,1,0,0,0,2,1,2,1,10
1,0,0,0,2,2,1,4,0,0,0,0,0,0
1,1,1,0,4,1,0,2,1,2,0,0,0,0
1,1,0,3,1,9,4,5,10,31,4,4,12,19
1,2,2,2,3,3,0,0,0,1,0,2,5,3
0,0,0,0,0,0,0,1,0,0,0,0,0,6
1,1,1,1,1,2,0,1,2,1,1,1,0,0
1,0,0,2,1,2,2,1,1,2,3,2,0,8
0,0,0,2,4,1,2,1,1,0,0,0,0,0
6,4,1,7,9,5,7,9,3,11,3,3,8,8
0,0,0,0,1,0,1,1,2,1,0,0,0,0
0,0,0,0,1,0,0,0,1,0,0,0,0,6
3,1,0,1,3,0,1,3,1,2,0,0,0,0
2,0,1,1,1,3,0,1,1,3,0,0,0,0
1,1,1,3,2,4,2,4,1,3,1,2,2,4
4,3,0,5,4,6,2,2,2,13,0,1,6,2
1,1,0,4,2,2,3,5,4,4,4,2,4,6
1,0,0,0,0,5,0,0,0,0,0,0,0,0
1,1,4,0,0,0,0,0,0,0,0,0,0,0
2,0,0,2,2,2,1,2,0,0,0,0,0,0
1,1,1,1,1,1,1,1,0,0,0,0,0,0
1,1,6,2,2,1,1,2,2,6,1,0,0,0
0,0,0,1,2,2,3,1,0,0,0,0,0,0
0,1,0,1,1,2,1,1,0,0,0,0,0,0
3,0,0,1,1,2,1,0,0,0,0,0,0,0
0,2,3,2,2,5,0,0,1,4,0,0,3,2
2,1,1,0,4,4,2,2,1,7,1,1,2,5
2,2,1,3,0,0,3,4,0,3,1,1,0,0
0,1,0,0,1,3,1,2,0,0,0,0,0,0
0,4,0,1,3,1,1,0,0,0,0,0,0,0
0,0,1,2,2,1,0,1,1,3,0,2,1,3
0,0,0,0,0,1,0,0,1,1,1,2,0,0
1,0,1,0,3,1,1,0,0,0,0,0,0,0
3,0,1,0,3,4,0,3,0,2,0,0,1,5
0,1,2,4,4,5,3,11,5,9,2,2,3,11
0,0,2,1,1,2,0,0,0,0,0,0,0,0
20,8,5,13,6,6,3,6,5,12,2,2,3,7
0,0,1,0,2,1,1,2,0,0,0,0,0,0
0,1,5,1,1,2,1,0,2,3,2,0,5,3
1,2,0,1,4,3,1,3,1,1,0,0,0,0
1,1,0,0,2,1,1,1,3,1,1,1,0,0
0,0,0,1,2,1,0,2,3,1,1,2,0,0
2,1,1,1,2,1,0,2,2,0,1,2,3,2
2,2,2,1,5,1,1,0,0,0,0,0,1,4
1,1,1,0,0,0,0,0,1,2,1,2,7,12
0,1,2,1,2,2,0,0,0,0,0,0,0,0
0,1,1,2,1,0,0,0,0,0,0,0,0,0
0,0,0,0,0,0,0,0,0,0,0,0,0,5
1,2,1,2,1,2,1,1,2,1,0,0,0,0
3,1,1,0,3,0,1,0,1,0,0,1,1,4
0,0,0,1,3,1,0,1,1,4,0,0,1,4
2,0,0,1,1,0,0,0,1,0,0,0,0,5
1,2,0,3,1,2,1,3,1,4,3,1,3,3
3,0,0,1,2,4,0,1,1,1,0,0,3,3
4,3,0,4,1,4,3,4,0,0,0,0,0,0
5,0,2,3,5,7,1,7,3,6,2,0,2,3
0,1,1,0,0,2,3,1,0,0,0,0,0,0
1,0,0,2,2,2,0,0,0,0,0,0,0,0
0,0,0,0,0,0,0,1,1,3,0,0,0,0
1,0,0,1,2,1,1,2,0,0,0,0,0,0
2,0,0,2,1,2,0,0,0,0,0,0,0,0
1,0,0,0,2,0,2,3,0,0,0,0,0,0
1,0,1,1,1,2,0,0,0,0,0,0,0,0
1,1,0,0,1,1,3,3,2,1,1,2,0,0
0,0,1,0,1,5,0,0,0,0,0,0,0,0
0,1,0,0,1,2,1,2,1,2,1,1,0,0
3,3,1,4,6,6,2,6,3,9,4,3,0,0
1,1,1,1,1,7,3,5,4,7,2,4,3,6
1,0,1,1,2,4,1,2,2,1,1,3,4,3
1,0,0,0,1,1,1,2,0,0,0,0,0,0
0,0,0,0,4,1,1,0,0,0,0,0,0,0
0,0,0,0,0,0,0,0,0,0,0,1,1,4
0,0,0,0,0,1,1,1,0,0,2,1,2,7
0,0,0,2,1,4,0,0,0,0,0,0,0,0
1,2,2,1,0,2,0,2,1,2,1,1,1,3
0,0,0,0,0,3,0,0,2,2,1,2,1,2
3,0,0,4,0,0,0,2,0,2,0,0,0,5
3,1,1,0,1,2,1,4,1,1,1,1,0,0
2,0,0,1,1,0,2,0,0,1,1,0,1,4
2,1,0,1,2,1,1,1,2,3,0,0,0,0
3,3,3,3,3,9,2,9,5,6,2,6,2,13
1,1,1,1,2,1,1,1,0,0,0,0,0,0
2,1,1,5,7,2,1,5,4,10,0,0,0,0
0,0,0,2,2,1,1,0,0,0,0,0,0,0
5,3,1,3,5,3,3,4,2,5,1,2,3,5
2,0,0,2,2,2,0,0,0,0,0,0,0,0
0,2,1,1,2,1,1,3,1,1,1,0,0,0
0,0,0,0,1,1,0,2,2,2,1,1,3,2
4,1,1,3,6,2,2,4,4,5,1,3,0,0
0,0,1,1,1,3,0,0,0,0,0,0,0,0
0,0,2,1,1,0,1,1,0,6,3,1,3,6
4,3,1,4,5,4,2,3,1,5,1,2,1,2
2,1,4,4,1,3,1,1,2,5,1,4,8,4
1,0,1,0,2,3,1,1,2,3,0,1,2,3
1,0,0,0,2,0,1,1,1,1,1,0,0,0
0,0,0,0,0,0,0,0,1,0,0,0,1,7
2,1,2,1,1,1,5,0,1,4,1,3,1,1
7,2,3,3,7,4,1,4,7,6,0,1,5,2
1,1,1,0,1,5,0,1,2,2,0,0,0,0
0,0,1,1,1,1,1,1,0,0,0,0,0,0
2,2,0,1,1,4,1,1,0,3,1,1,0,0
3,1,2,4,6,4,1,2,2,5,1,3,6,12
6,0,0,0,0,0,0,0,0,0,0,0,0,0
4,0,1,3,3,5,3,2,1,7,2,1,0,0
0,0,0,1,2,3,2,3,5,8,3,1,7,10
4,1,1,8,9,6,3,4,5,5,3,5,4,5
2,1,1,3,5,5,2,4,7,11,6,6,4,11
0,1,2,3,7,5,0,5,7,12,5,1,6,16
1,4,0,1,2,3,1,2,2,3,0,0,0,0
2,1,1,2,1,1,0,0,0,0,0,0,0,0
1,0,1,0,0,2,0,3,0,2,1,1,1,1
0,0,1,0,0,0,0,0,1,0,0,0,2,3
2,1,1,1,5,2,1,2,2,1,0,0,0,0
0,0,1,0,1,2,0,0,0,0,0,0,2,5
0,0,0,0,0,2,0,3,1,2,0,0,0,0
2,2,2,0,0,0,0,0,0,0,0,0,0,0
2,0,0,0,2,0,0,2,3,2,2,1,0,0
0,0,0,0,0,1,0,0,1,0,0,0,2,5
0,0,1,2,3,2,4,2,1,1,0,0,0,5
1,0,2,2,1,1,0,3,1,3,0,3,1,4
0,2,1,1,3,2,3,4,2,2,1,0,0,0
1,1,0,0,3,0,0,2,1,0,2,0,1,6
3,0,0,1,2,4,1,1,0,0,0,0,0,0
1,1,2,1,4,2,1,0,0,2,0,4,1,3
1,1,0,1,1,2,1,1,0,1,0,0,2,3
0,0,0,0,3,3,0,0,0,0,0,0,0,0
0,1,1,4,3,1,3,1,1,2,1,1,1,1
0,0,1,2,1,0,1,6,0,3,4,1,1,3
0,0,2,0,0,0,2,2,1,0,3,2,0,0
1,0,2,2,3,2,0,1,0,4,2,1,0,0
0,0,0,0,1,0,0,0,1,2,1,1,0,0
0,0,0,0,0,1,1,0,0,1,0,0,1,6
1,0,0,1,1,1,1,0,0,0,0,0,1,7
7,3,2,6,10,7,3,4,5,6,1,3,1,4
0,1,1,2,3,0,2,1,1,1,0,0,0,0
1,2,1,2,0,0,0,1,2,2,1,2,1,7
0,0,0,5,0,3,0,1,1,2,0,0,2,3
1,0,0,0,2,2,2,1,1,2,0,0,0,0
1,0,1,2,2,3,1,0,0,2,2,0,2,3
2,1,0,0,2,1,0,1,3,1,0,0,0,0
0,1,1,1,0,1,1,0,1,3,2,6,3,20
6,0,2,7,4,0,1,5,0,7,4,1,1,9
2,2,0,3,2,7,2,6,2,3,1,0,0,0
4,3,4,5,4,3,3,7,1,2,1,1,0,0
1,0,0,5,6,6,1,3,0,3,2,4,0,0
3,1,6,5,8,5,7,11,4,10,4,0,5,6
0,1,0,2,1,1,1,0,0,0,0,0,0,0
1,0,0,0,0,0,2,1,2,1,0,2,2,1
1,2,0,0,1,1,0,1,0,5,0,0,0,0
0,5,2,4,3,7,4,6,4,10,2,2,6,5
1,1,2,7,3,4,2,3,5,14,5,3,3,9
2,3,2,6,9,4,2,4,4,6,2,0,2,4
1,0,2,2,1,0,0,0,0,0,0,0,0,0
8,2,1,1,1,3,0,0,0,0,0,0,0,0
1,0,0,0,1,2,2,1,0,0,0,0,0,0
0,1,2,2,1,1,1,4,0,0,0,0,0,0
0,0,0,1,1,4,0,3,0,4,0,3,2,7
2,0,1,2,3,2,3,3,1,3,4,1,2,1
0,1,0,0,2,0,1,3,3,2,0,0,0,0
1,2,1,1,1,2,0,0,0,0,0,0,0,0
5,1,2,3,3,4,3,5,3,7,3,2,0,0
2,0,1,2,0,2,3,1,2,0,0,0,2,7
4,2,0,0,0,0,0,0,0,0,0,0,0,0
1,1,3,3,8,1,1,4,5,4,1,3,2,6
3,2,3,9,11,10,3,4,3,11,1,0,1,6
0,0,0,0,4,0,0,1,3,1,0,0,0,0
3,1,2,7,10,8,3,13,2,6,1,4,3,7
1,0,0,0,1,0,0,4,1,1,0,0,0,0
0,0,0,0,3,2,0,0,0,0,0,0,0,0
4,0,3,2,4,6,1,7,1,0,3,2,0,0
0,1,2,1,2,1,2,3,1,3,1,2,4,6
0,1,1,1,0,2,0,3,2,1,1,1,0,0
0,1,0,2,1,2,0,0,0,0,0,0,0,0
1,0,0,1,4,2,0,0,0,0,0,0,0,0
1,1,0,1,1,2,1,0,0,7,2,1,4,4
0,0,0,1,1,0,2,0,2,1,0,1,1,7
0,1,0,1,0,3,2,4,3,6,0,1,2,3
0,0,0,0,2,1,0,3,4,4,0,4,2,3
0,0,4,4,1,6,4,3,7,15,6,3,6,11
1,0,0,1,2,1,1,3,2,1,1,0,5,8
0,0,2,0,2,1,1,0,3,4,1,0,3,4
0,0,1,0,1,0,0,2,1,2,0,0,0,0
0,1,0,0,0,0,0,0,1,1,0,1,0,10
0,0,0,0,0,0,0,0,0,0,0,0,1,4
0,0,0,0,2,4,0,3,2,1,0,0,2,4
1,0,1,0,3,0,0,2,0,3,1,1,1,2
2,0,1,1,3,1,1,2,2,1,0,1,2,2
0,2,0,2,1,0,0,2,1,2,0,0,0,0
0,0,2,3,0,0,0,0,0,0,0,0,0,0
0,0,1,1,3,4,3,4,1,5,2,1,0,6
0,0,1,6,6,2,2,7,4,9,1,1,8,12
4,3,0,5,9,10,4,6,5,11,3,5,2,4
8,4,1,5,4,4,3,3,2,4,3,1,2,1
1,0,0,1,0,0,0,0,0,1,0,1,2,2
1,1,0,1,2,4,0,0,0,0,0,0,0,0
3,0,0,0,3,4,0,0,0,0,0,0,0,0
1,2,1,2,0,2,4,3,7,3,1,2,2,7
3,2,3,8,15,15,3,4,2,10,3,6,5,13
0,1,0,4,2,3,1,1,2,2,1,1,0,0
2,1,3,1,4,1,1,0,2,3,0,0,0,0
1,0,0,0,0,0,0,2,0,0,1,1,0,6
2,0,0,0,2,1,0,1,0,1,1,2,2,11
0,2,1,0,0,0,0,2,0,2,1,2,0,0
1,1,0,0,1,2,0,2,0,1,1,1,4,17
2,0,1,1,1,4,1,4,0,2,0,2,2,12
1,1,0,0,1,3,2,3,0,0,0,0,0,0
1,0,0,0,0,0,0,1,0,0,0,1,2,16
1,1,0,3,1,1,0,2,1,2,0,0,0,0
1,1,1,1,3,2,1,2,2,10,5,3,3,6
2,2,1,2,0,0,0,0,0,0,0,0,0,0
6,0,0,0,0,0,0,0,0,0,0,0,0,0
0,0,0,1,2,2,0,0,0,0,0,0,0,0
5,3,0,4,3,3,6,3,3,10,2,1,0,0
1,2,0,4,1,2,2,2,1,0,1,1,2,1
0,0,0,0,0,0,0,0,0,0,0,0,0,5
1,1,2,1,1,3,1,2,4,8,2,2,4,16
1,0,0,1,2,2,0,0,0,0,0,0,0,0
0,0,0,1,2,5,0,0,0,0,0,0,0,0
1,1,1,0,0,1,1,2,1,0,0,0,0,0
0,0,0,0,3,2,0,0,0,0,0,0,0,0
1,2,0,0,1,2,3,2,0,0,0,0,0,0
0,1,1,2,3,2,1,6,1,8,1,1,0,0
0,1,0,0,3,1,1,0,0,0,0,0,0,0
0,0,0,0,0,0,0,0,1,1,0,1,0,6
1,0,0,1,2,2,2,4,1,4,1,4,1,4
5,1,3,1,8,8,3,5,1,6,1,1,1,5
4,0,4,9,6,10,11,6,8,14,3,2,3,5
0,0,0,0,0,0,0,0,0,0,0,0,2,8
0,1,0,2,1,2,2,1,0,4,0,2,1,5
2,2,0,1,0,1,1,4,1,1,1,0,0,0
0,1,1,1,0,7,3,1,2,4,1,1,0,0
2,0,1,0,2,1,2,0,0,0,0,0,0,0
1,1,2,3,1,1,1,1,0,0,0,0,0,0
0,1,0,2,1,1,1,1,0,0,0,0,0,0
0,0,0,2,2,1,0,0,0,0,0,0,0,0
1,0,1,0,1,0,0,3,0,2,0,0,2,10
3,0,0,3,2,0,2,4,1,2,0,1,4,11
1,2,1,1,0,0,2,1,1,3,0,0,0,0
0,0,1,0,0,0,0,3,0,3,0,1,4,4
1,1,1,1,2,1,1,2,0,0,0,0,0,0
3,1,0,1,4,2,1,4,1,3,0,0,0,0
3,0,0,5,3,1,1,1,2,4,1,0,0,0
1,0,0,2,2,1,0,0,0,0,0,0,0,0
8,5,5,10,15,14,7,14,10,23,6,5,3,10
3,0,0,0,2,1,0,2,1,3,0,0,0,0
1,1,0,1,4,2,0,0,0,0,0,0,0,0
1,1,1,1,1,3,0,0,0,0,0,0,0,0
0,0,0,3,1,0,0,0,0,0,0,2,2,7
3,1,3,2,5,6,4,2,2,4,1,0,0,0
0,0,0,0,1,1,0,1,0,1,0,2,2,2
0,0,0,0,0,0,0,1,0,1,0,3,14,18
1,0,0,0,2,3,0,0,0,0,0,0,0,0
3,0,3,0,10,7,7,7,12,22,4,3,8,11
3,1,0,1,4,3,1,4,1,1,1,3,0,0
2,0,0,2,1,2,0,0,1,1,2,2,0,0
7,0,0,1,2,2,0,3,1,1,0,0,0,0
0,0,0,0,0,0,0,1,0,0,0,1,3,3
0,0,0,1,1,2,1,4,1,5,1,2,2,1
1,0,1,1,4,2,1,1,0,0,0,0,0,0
0,1,0,2,0,2,2,1,0,0,0,0,0,0
1,1,0,0,0,0,0,3,2,0,1,2,2,5
1,1,2,1,3,2,0,0,0,0,0,0,0,0
2,2,0,1,2,2,1,5,1,2,1,1,2,5
0,0,0,1,2,3,0,0,0,0,0,0,0,0
1,0,0,1,3,1,0,0,0,0,0,0,0,0
0,1,0,0,1,3,0,2,0,1,0,2,1,3
19,6,10,19,23,20,6,17,12,17,4,7,8,13
2,0,1,0,0,1,1,0,0,1,2,2,1,16
0,1,0,0,0,1,0,2,0,1,1,0,0,5
4,5,3,6,17,11,3,7,7,8,3,2,3,9
0,1,0,1,0,1,1,0,0,0,0,2,1,4
0,0,2,3,1,1,0,0,0,0,0,0,0,0
0,0,0,0,2,0,1,1,0,1,2,1,2,2
11,3,3,11,12,8,7,8,8,10,3,6,2,8
0,1,0,2,2,2,0,0,0,0,0,0,0,0
2,0,1,0,0,4,1,1,0,0,0,0,0,0
2,0,0,0,0,1,0,1,1,2,1,1,0,0
0,1,0,1,2,1,0,3,2,3,0,0,0,0
1,0,0,3,4,4,1,0,1,2,0,1,3,10
0,1,1,2,3,2,3,2,0,3,1,1,0,0
1,1,0,0,2,1,0,2,0,1,1,2,2,3
0,0,1,0,2,0,0,1,1,1,2,1,1,2
0,0,0,2,2,3,0,0,1,1,2,1,3,2
0,0,0,1,1,1,0,1,0,1,2,3,0,0
0,0,0,0,0,0,0,0,1,0,0,0,0,6
1,0,3,3,1,0,2,1,0,2,2,1,0,0
0,1,0,0,1,0,0,1,1,1,2,2,1,1
2,1,0,1,0,2,2,4,3,1,1,1,0,0
1,0,0,1,3,3,0,0,0,0,0,0,0,0
0,0,1,1,2,1,0,1,2,2,0,0,0,0
3,1,2,4,2,0,4,4,3,9,0,1,2,7
0,0,0,1,0,2,1,1,1,2,2,0,3,2
2,0,3,1,1,0,0,0,0,0,0,0,0,0
0,0,0,0,0,0,0,0,0,0,0,1,0,9
5,1,4,4,8,8,1,8,4,6,5,2,6,9
0,0,0,1,2,3,1,1,1,2,0,0,0,0
2,3,1,3,3,4,1,3,2,1,0,4,2,2
4,2,0,0,0,0,0,0,0,0,0,0,0,0
0,2,1,0,3,0,1,1,1,0,1,2,1,3
0,2,0,1,3,1,3,1,1,4,0,0,0,0
0,0,0,1,0,1,1,1,0,1,1,0,4,3
2,0,2,2,3,1,1,2,0,2,0,1,1,3
6,2,1,3,7,3,1,2,2,3,0,0,0,0
1,0,0,0,0,5,0,0,0,0,0,0,0,0
0,0,0,0,0,0,0,0,0,0,0,0,1,5
1,0,0,1,1,4,1,1,1,1,0,0,0,0
1,1,0,1,2,1,1,1,1,0,2,1,1,1
1,0,0,0,2,3,0,0,0,0,0,0,0,0
0,2,0,6,7,7,1,7,6,14,7,3,7,7
2,0,1,2,7,5,2,4,1,4,0,0,0,0
0,0,0,1,2,0,0,0,0,4,1,1,0,0
0,0,0,1,2,3,1,0,0,0,0,0,0,0
0,0,0,0,2,1,1,1,1,1,1,1,0,0
2,0,0,0,0,2,0,0,2,0,0,0,1,8
3,0,0,0,3,3,0,2,1,2,0,0,0,0
1,1,0,0,2,1,0,0,1,2,0,3,5,24
0,0,0,0,0,0,0,1,0,2,0,0,1,4
0,1,1,1,1,1,0,0,0,0,0,0,0,0
0,0,0,1,1,1,0,0,2,1,1,1,0,0
1,0,1,0,2,2,1,0,0,0,0,0,0,0
0,0,2,0,0,2,2,0,0,3,1,2,2,9
0,0,1,1,1,1,1,1,3,3,0,0,0,0
1,1,1,1,3,5,3,8,7,7,7,3,8,10
0,0,0,0,0,0,0,0,0,0,0,1,2,5
3,0,0,0,0,6,0,0,0,0,0,0,0,0
0,0,0,0,1,1,0,2,0,2,1,1,3,6
0,0,3,1,2,3,1,2,0,0,0,0,0,0
0,0,1,3,1,3,0,1,0,0,1,1,9,9
3,2,0,4,1,0,1,1,3,2,1,0,0,0
0,0,0,0,0,0,0,0,0,0,0,0,1,10
1,0,0,4,2,3,0,0,0,0,0,0,0,0
2,0,1,1,3,2,0,3,0,4,1,1,0,0
1,1,0,1,4,2,2,4,0,4,1,0,1,5
3,2,3,5,6,6,3,2,3,4,2,3,1,2
1,0,0,2,0,0,4,2,2,5,0,0,0,0
1,1,0,3,5,0,1,2,2,1,1,0,0,0
0,0,0,1,3,1,1,3,1,3,0,0,0,0
0,2,0,0,2,1,0,1,1,1,2,1,0,0
0,0,1,1,2,1,0,1,0,1,0,0,2,3
2,1,0,0,1,4,2,2,2,2,0,0,0,0
8,2,1,5,3,6,1,2,2,4,0,0,0,0
1,0,2,1,3,1,1,1,4,1,1,1,0,5
2,1,0,0,2,1,0,1,0,3,2,1,0,0
1,1,0,0,0,1,0,0,0,0,0,0,0,7
0,2,1,2,0,3,3,1,0,3,2,2,1,1
0,0,0,1,1,0,2,2,2,2,0,1,3,9
4,1,0,5,1,3,3,7,6,10,2,3,4,11
1,0,1,2,0,1,1,3,0,5,1,2,4,6
4,0,1,2,3,3,1,0,0,1,0,1,3,1
5,2,4,5,6,6,3,8,3,5,2,3,2,3
1,0,0,3,1,2,0,0,0,0,0,0,0,0
1,0,1,1,1,1,0,1,3,1,1,1,0,0
4,0,3,2,3,8,1,1,1,4,2,0,2,4
0,0,1,0,0,0,0,1,0,0,1,2,4,12
0,0,0,0,0,0,0,0,0,0,0,0,4,19
3,0,3,2,3,4,1,1,1,4,1,1,1,2
0,1,1,1,2,1,1,1,0,0,0,0,0,0
2,0,1,1,3,1,1,2,0,0,0,0,0,0
2,2,2,1,0,2,2,1,5,9,1,3,4,4
1,0,2,1,3,2,0,2,3,7,3,2,3,4
1,0,0,1,1,5,1,2,0,0,0,0,0,0
0,0,0,0,0,0,0,0,1,1,0,0,1,9
14,9,7,17,33,25,12,24,17,22,11,10,10,18
0,1,1,1,1,0,2,4,0,4,1,2,0,0
1,0,0,0,0,0,0,2,0,0,0,1,2,8
1,0,1,1,2,2,0,0,0,0,0,0,0,0
2,1,0,4,3,0,3,0,4,3,1,1,0,0
3,1,1,0,0,0,0,0,0,0,0,0,0,0
2,1,0,0,4,3,0,0,0,0,0,0,0,0
1,0,1,1,1,2,1,1,0,0,0,0,0,0
14,3,10,7,16,10,8,9,7,13,10,5,4,6
0,2,1,0,2,2,0,2,1,1,2,1,2,1
2,0,0,0,0,0,1,1,1,1,1,1,0,0
3,3,4,7,9,15,6,5,2,5,2,4,1,3
1,0,0,0,0,0,0,1,2,2,0,0,0,0
0,0,0,0,3,1,0,0,0,3,2,0,3,5
0,0,0,1,4,0,0,0,2,1,1,1,0,0
2,1,5,4,9,6,3,6,3,3,4,0,2,5
5,1,0,2,2,1,0,5,1,5,0,1,4,6
0,0,0,1,3,0,0,2,3,1,0,0,0,0
0,0,3,1,0,2,0,2,2,2,1,2,0,0
2,1,1,5,0,1,0,2,1,1,1,1,2,2
1,2,1,0,2,0,0,0,2,1,0,1,0,9
1,0,2,1,2,1,0,0,0,0,0,0,0,0
1,2,1,3,2,3,4,3,6,2,1,2,4,3
0,0,1,3,6,4,1,7,5,6,2,0,3,5
1,1,1,3,0,0,0,0,0,0,0,0,0,0
1,1,1,2,2,1,0,3,0,4,1,1,1,1
3,0,0,1,2,1,1,1,4,3,3,1,2,2
2,1,3,0,2,0,3,3,3,1,0,1,2,2
0,0,1,0,1,3,2,2,0,0,0,0,0,0
1,0,1,1,2,4,0,1,1,4,2,1,0,0
1,0,0,2,1,3,0,0,0,0,0,0,0,0
1,0,1,2,2,3,1,0,0,5,0,0,0,0
0,0,0,0,0,3,2,1,2,2,0,0,0,0
1,0,2,1,1,1,0,5,2,4,2,2,3,3
0,0,0,0,0,0,0,0,0,0,0,0,0,8
0,0,0,0,0,0,0,0,0,0,0,0,1,18
1,2,3,6,14,14,2,5,4,11,2,3,6,2
0,0,0,0,0,0,0,3,1,0,0,2,4,21
0,0,0,0,1,0,1,2,1,1,0,0,0,0
0,0,0,1,3,2,0,0,0,0,0,0,0,0
0,0,0,1,0,1,0,2,3,2,1,1,0,0
0,1,1,0,3,2,1,0,0,0,0,0,0,0
1,0,2,2,1,4,1,0,1,4,0,0,0,0
0,0,1,1,0,1,0,0,0,1,0,1,0,11
1,2,0,0,2,0,0,2,1,1,1,0,0,10
0,0,2,2,1,0,0,0,0,0,0,1,3,9
0,1,0,2,0,1,0,1,0,2,0,3,1,2
0,0,5,0,0,0,0,0,0,0,0,0,0,0
1,1,1,4,7,10,3,4,5,9,4,3,6,17
1,0,0,1,0,4,0,0,2,3,0,0,0,0
2,0,0,0,0,5,0,4,2,1,1,1,0,0
0,0,0,0,0,0,0,0,0,0,0,0,1,4
1,2,0,1,1,6,0,0,0,0,0,0,0,0
1,2,0,3,1,1,1,1,2,2,0,0,0,0
0,1,0,0,1,1,1,0,0,3,1,1,0,0
0,0,0,1,1,1,2,2,0,2,0,0,5,16
3,0,2,3,5,2,0,10,1,7,1,1,2,3
3,1,2,3,1,1,0,0,0,0,0,0,0,0
1,1,2,3,2,8,1,1,4,3,3,3,2,2
1,0,0,2,0,2,4,4,4,3,0,0,1,4
0,0,0,4,1,1,0,0,0,0,0,0,0,0
1,2,0,0,4,1,2,1,1,3,1,1,0,0
0,0,0,0,1,4,2,2,0,0,0,0,0,0
1,1,0,1,2,4,1,0,0,0,0,0,0,0
3,0,1,3,1,3,1,2,2,2,1,3,3,13
0,0,3,2,0,0,0,0,0,0,0,0,0,0
7,0,2,6,2,6,1,3,3,4,3,1,2,5
0,3,3,3,2,8,2,3,2,1,3,2,2,3
0,0,0,0,0,1,0,1,0,0,0,0,2,8
0,0,1,0,0,1,3,7,2,5,1,3,0,5
0,1,0,0,1,3,1,3,1,1,1,1,0,0
3,2,1,3,3,2,2,5,1,1,0,0,0,0
1,1,1,1,0,0,1,1,1,2,1,1,0,0
3,2,0,3,1,2,0,0,1,2,1,1,0,0
1,1,1,1,3,2,1,0,0,0,0,0,0,0
0,1,1,2,2,3,0,0,0,2,2,1,1,2
1,0,0,0,0,0,0,2,1,1,1,0,0,0
0,1,0,2,1,3,0,0,0,0,0,0,0,0
1,0,1,1,1,2,0,1,0,1,2,2,0,0
0,0,0,0,0,0,0,0,0,0,0,2,1,2
0,0,0,0,1,1,1,2,0,2,0,1,5,11
1,0,0,0,1,0,1,1,1,3,0,0,0,0
0,0,0,0,0,0,0,0,1,3,0,0,1,4
2,1,0,5,3,3,2,3,5,1,1,3,1,4
0,0,0,2,1,2,0,0,0,0,0,0,0,0
0,0,0,0,1,0,0,0,0,4,0,1,1,3
0,1,1,1,1,1,0,0,0,1,2,0,2,5
0,0,1,3,2,1,1,0,0,0,0,0,0,0
1,0,0,0,1,0,0,0,0,1,3,0,2,13
1,0,0,3,1,1,0,3,2,3,3,2,0,0
0,0,0,1,3,1,0,0,0,0,0,0,0,0
1,0,0,2,1,1,0,0,4,2,0,3,1,7
0,0,0,0,0,4,1,0,0,0,0,3,4,5
1,0,1,4,5,5,2,2,1,2,0,0,0,0
2,0,0,1,1,2,1,1,0,8,1,0,1,6
2,1,0,2,3,2,0,2,1,2,0,0,0,0
1,0,1,3,1,4,0,0,0,0,0,0,0,0
0,1,0,0,0,1,0,1,2,3,0,0,0,0
0,0,0,0,0,0,0,0,0,4,1,0,3,3
3,1,1,1,1,3,0,0,0,0,0,0,0,0
0,0,0,1,1,3,0,0,0,0,0,0,0,0
1,1,3,2,2,0,0,5,3,5,2,3,5,16
2,0,0,0,0,0,2,3,0,0,0,0,0,0
4,2,1,1,5,5,4,2,1,8,1,2,0,9
3,2,5,10,7,6,1,3,2,8,0,3,8,13
1,1,2,3,0,0,0,0,0,0,0,0,0,0
2,1,1,0,3,2,5,1,1,5,0,0,0,0
1,0,1,1,3,3,0,0,0,0,0,0,0,0
1,0,0,1,1,3,2,3,2,7,0,1,2,5
0,0,0,0,0,2,0,1,0,0,0,2,1,14
1,0,0,2,1,1,1,0,0,0,0,0,0,0
2,0,0,0,3,2,0,0,0,0,0,0,0,0
0,0,1,2,3,1,1,1,0,0,0,0,0,0
4,0,0,0,3,3,3,3,0,0,0,0,0,0
0,0,0,0,0,0,0,0,0,0,0,0,1,6
1,0,0,2,1,0,1,1,0,1,1,3,0,0
4,0,1,2,2,4,1,2,0,0,0,0,0,0
0,1,0,2,0,4,1,4,2,4,2,2,2,5
0,0,0,0,0,0,0,0,1,1,1,2,0,0
2,0,0,5,3,9,2,7,7,14,4,1,5,11
1,0,0,0,0,1,0,0,0,2,1,2,0,0
0,1,1,2,2,3,0,0,0,0,0,0,0,0
0,0,1,1,1,2,0,0,0,0,0,0,0,0
0,0,0,0,0,0,0,0,1,0,1,0,1,6
2,0,0,0,3,2,2,1,1,1,0,0,0,0
2,0,0,1,2,1,0,2,2,2,1,0,2,3
8,4,3,5,8,10,3,11,8,9,2,1,2,9
1,1,0,1,2,2,0,2,1,7,1,0,3,3
0,0,2,2,3,3,0,0,0,0,0,0,0,0
2,0,0,1,2,2,0,0,1,0,1,0,5,22
1,1,0,4,2,2,1,0,2,2,0,0,5,9
0,1,1,4,4,0,0,2,3,4,2,0,4,2
1,0,1,0,1,1,2,0,1,4,1,0,0,0
0,0,0,0,1,2,1,1,1,1,0,0,0,0
2,0,1,2,2,2,2,0,2,8,0,4,2,14
1,0,0,1,1,2,0,1,0,4,1,1,0,0
0,0,0,0,1,0,0,0,0,2,0,0,2,3
0,0,0,0,1,0,0,0,0,0,0,1,3,12
0,0,0,0,0,1,0,4,2,3,3,5,6,10
0,0,0,0,0,3,0,5,6,10,2,0,3,5
4,3,2,1,4,5,4,6,5,6,2,2,1,5
0,0,0,2,0,0,0,0,1,1,0,1,3,16
0,1,1,0,1,1,1,2,1,0,1,1,1,11
0,0,0,0,5,2,2,2,1,1,1,3,0,0
1,0,1,4,0,0,0,0,0,0,0,0,0,0
1,0,0,1,2,2,0,2,0,2,2,1,0,0
7,4,4,7,10,8,7,6,7,11,2,2,4,11
1,0,0,0,2,1,1,2,1,1,0,0,0,0
1,0,1,2,2,0,0,0,0,0,0,0,0,0
1,1,0,4,0,2,4,2,1,4,0,4,1,10
0,1,1,1,2,3,0,0,0,0,0,0,0,0
2,1,2,2,5,4,0,3,1,4,2,1,0,0
5,1,4,3,4,10,3,5,7,7,2,0,2,4
2,0,1,1,1,2,1,0,0,0,0,0,0,0
4,1,6,1,1,5,2,0,3,0,2,1,1,4
1,1,1,2,2,1,0,2,1,1,1,0,0,0
2,0,1,3,2,6,2,2,4,8,1,2,0,0
0,0,0,2,1,0,2,2,1,6,4,3,3,4
0,0,0,0,1,0,0,1,2,1,0,0,1,4
3,0,3,3,2,4,1,3,3,2,0,0,0,0
1,1,2,0,0,1,1,2,0,2,0,0,0,15
0,0,0,0,0,0,0,0,0,1,1,0,3,10
2,0,0,2,3,1,3,1,0,0,0,0,0,0
2,0,0,1,0,0,0,0,0,0,0,2,0,6
0,0,0,1,0,0,0,0,0,1,1,1,3,19
0,0,1,1,2,2,1,3,0,0,0,0,0,0
0,0,0,1,1,0,0,1,1,2,0,1,2,10
1,1,2,1,0,3,0,0,3,0,1,0,1,4
1,0,1,1,2,2,1,3,0,3,1,1,0,0
2,0,1,6,1,1,1,0,0,0,0,0,0,0
0,0,1,1,0,0,0,2,1,3,0,0,0,0
2,1,0,2,3,2,1,1,0,0,0,0,0,0
5,0,3,1,4,3,1,7,1,1,0,0,0,0
0,1,0,1,0,1,1,1,2,2,1,1,0,0
0,0,0,2,4,1,0,4,0,4,2,1,1,1
1,0,0,2,1,0,0,2,1,0,1,0,0,9
5,1,2,3,2,3,0,2,0,4,4,1,0,0
0,0,0,0,0,0,0,0,0,2,0,0,1,4
2,0,0,0,1,2,1,1,1,1,0,0,0,0
2,2,2,1,3,1,0,0,0,0,0,0,0,0
4,0,1,2,4,1,0,3,0,2,2,1,0,0
1,0,2,0,1,0,0,1,1,2,1,1,1,2
5,2,2,3,3,5,3,7,4,2,2,0,4,7
5,0,0,2,3,2,2,6,2,4,1,2,0,0
1,0,0,2,2,2,0,0,0,0,0,0,0,0
5,1,1,0,1,3,0,2,2,3,0,0,0,0
0,0,1,2,2,0,0,0,0,0,0,0,0,0
2,0,0,3,2,4,1,2,3,1,0,0,0,0
6,0,1,1,1,1,0,0,0,2,1,3,1,1
1,0,1,2,4,3,0,2,3,5,1,1,3,8
0,0,1,0,0,2,0,3,0,3,3,1,2,19
0,0,0,1,2,1,1,1,1,0,0,0,0,0
1,0,0,0,3,0,0,2,1,2,0,0,0,0
2,1,1,2,3,0,1,2,2,1,0,0,2,3
0,0,0,1,1,0,1,0,2,0,0,1,2,2
8,1,5,5,10,9,4,5,5,6,1,1,0,0
0,0,0,0,0,0,1,0,0,0,1,0,1,10
3,0,0,1,2,2,0,0,2,1,0,0,1,6
0,0,0,1,0,2,1,2,0,0,0,0,0,0
1,0,1,3,1,4,1,2,2,1,1,1,1,1
0,0,0,3,0,0,1,0,3,2,2,0,3,11
0,0,0,0,0,2,1,1,1,2,0,0,0,0
1,0,1,1,0,1,1,3,0,0,0,0,0,0
4,1,5,3,2,7,5,7,4,13,5,3,3,10
1,1,2,4,4,0,2,3,0,0,0,0,0,0
2,4,3,6,2,9,2,6,4,5,2,9,6,12
1,1,1,1,1,1,1,1,0,0,0,0,0,0
0,1,0,1,1,1,2,2,0,10,0,1,2,5
3,2,0,0,0,0,0,0,0,0,0,0,0,0
4,1,0,0,0,0,0,0,0,0,0,0,0,0
3,1,0,1,3,1,0,0,0,0,0,0,0,0
2,0,0,1,3,3,1,1,1,0,0,0,0,0
2,0,1,2,3,1,1,1,0,0,0,0,0,0
1,0,0,4,2,1,2,1,0,0,0,0,0,0
5,3,2,2,3,6,2,8,0,3,2,1,0,0
2,1,1,2,3,3,1,6,0,0,0,0,0,0
3,1,0,1,0,1,0,1,0,2,1,1,1,1
1,0,0,0,1,0,2,1,1,2,1,0,2,10
2,0,0,1,2,0,0,0,0,1,1,1,1,1
2,0,1,1,0,2,2,1,4,3,0,0,0,0
3,0,0,3,2,1,1,1,0,0,0,0,0,0
0,0,0,1,2,2,0,0,0,0,0,0,0,0
2,0,2,4,2,6,0,1,5,8,3,2,5,9
0,0,0,0,0,0,0,0,0,0,0,0,0,7
0,0,1,1,1,0,0,1,2,5,0,0,0,0
2,1,2,4,1,1,2,6,4,3,4,2,1,2
1,0,0,0,0,2,0,0,0,1,0,0,0,7
9,4,2,6,14,19,7,12,10,7,3,6,2,9
0,1,2,3,0,0,0,0,0,0,0,0,0,0
11,1,9,15,13,13,6,13,5,8,4,1,4,3
2,1,0,0,2,3,0,0,0,0,0,0,0,0
0,1,0,0,0,0,0,0,1,0,2,1,1,11
0,0,1,0,2,3,0,0,0,0,0,0,0,0
1,0,3,1,5,2,0,0,0,0,1,1,1,2
2,0,0,0,4,4,1,2,0,0,0,0,0,0
3,1,0,2,0,2,0,2,1,2,0,0,0,0
0,0,0,0,0,0,0,0,0,0,0,0,0,5
0,0,0,1,2,0,1,1,1,1,1,0,0,0
0,1,1,3,1,4,0,0,3,2,1,4,12,20
1,0,0,2,0,3,2,1,1,3,0,0,0,0
5,2,1,3,3,4,0,3,3,2,1,1,1,2
0,1,0,1,2,3,0,0,1,5,0,0,0,0
5,2,0,2,0,1,1,1,0,3,0,1,1,11
1,0,0,2,1,1,1,0,0,0,0,0,0,0
2,3,0,2,1,2,2,2,1,1,0,0,0,0
6,1,0,4,4,11,3,4,1,4,0,0,0,0
2,1,1,3,0,3,1,0,2,4,1,1,2,7
0,0,0,0,0,2,1,0,2,3,0,0,0,0
0,0,3,8,2,3,1,9,8,18,4,5,4,7
1,1,1,1,1,1,1,2,2,1,0,0,0,0
0,0,0,0,3,0,0,0,1,3,1,3,6,26
3,4,0,1,2,2,0,2,2,4,1,1,0,0
0,0,0,0,0,2,1,1,1,0,0,0,0,0
0,2,1,1,6,1,0,0,0,0,0,0,0,0
2,4,1,1,8,3,3,7,6,10,2,2,1,6
0,2,0,2,0,0,0,2,4,0,1,0,3,2
1,0,0,1,1,3,0,0,0,0,0,0,0,0
3,1,2,1,2,3,1,2,0,0,0,0,0,0
3,3,1,3,3,3,1,2,1,6,1,2,0,0
0,0,0,0,0,0,0,1,1,0,1,0,3,5
0,0,0,0,2,3,0,1,0,3,1,2,0,0
1,2,1,3,0,0,0,0,0,0,0,0,0,0
5,2,1,3,7,3,3,6,3,2,2,0,3,4
0,1,2,2,0,0,0,0,0,0,0,0,0,0
0,1,2,0,3,1,2,0,0,0,0,0,0,0
1,1,1,1,1,1,0,1,0,1,0,1,2,10
1,0,2,2,0,2,1,3,0,0,0,0,0,0
0,0,0,0,0,0,0,0,1,1,0,0,5,6
7,5,2,5,9,8,6,7,3,7,1,1,2,6
0,0,0,0,1,1,1,2,0,0,0,0,0,0
1,2,0,8,10,7,1,8,3,8,1,1,1,1
0,1,0,0,4,2,0,0,1,1,1,0,3,4
2,1,0,2,0,1,0,0,0,2,2,1,0,0
5,5,10,15,10,18,6,8,11,11,3,3,3,9
1,0,0,0,1,3,1,3,0,0,0,0,0,0
0,0,0,0,0,0,0,0,0,0,0,0,2,5
0,1,0,1,0,2,1,3,1,0,0,0,0,0
1,1,1,2,3,1,2,5,3,5,3,1,11,21
0,0,0,0,2,2,2,4,1,3,3,0,0,0
1,1,0,1,3,3,0,0,0,0,0,0,0,0
0,0,0,0,0,3,1,1,0,0,0,0,0,0
0,0,0,0,0,1,0,0,0,0,0,1,0,5
2,0,0,1,2,2,2,5,3,1,0,1,2,3
2,4,1,5,6,3,1,2,2,1,0,0,0,0
0,0,0,0,2,0,1,1,0,2,2,1,0,0
3,0,0,0,4,1,1,1,4,2,1,2,0,0
1,0,0,1,1,2,2,0,0,0,0,0,0,0
3,0,1,2,4,0,0,5,0,2,0,1,2,21
7,4,3,4,1,9,3,5,3,7,3,1,1,8
0,0,0,2,0,0,0,1,0,1,0,0,2,4
0,0,0,0,1,0,0,0,1,0,0,2,4,17
1,1,3,0,5,5,0,3,4,6,0,0,0,0
1,0,1,0,4,4,1,2,0,0,0,0,0,0
5,2,0,0,0,0,0,0,0,0,0,0,0,0
2,2,2,2,1,3,0,5,2,9,2,2,1,3
0,0,0,1,1,1,1,1,1,0,0,0,0,0
0,0,2,2,0,1,0,0,1,1,1,2,2,4
3,0,0,2,3,1,0,0,0,0,0,0,0,0
3,0,0,3,3,3,0,2,1,3,1,0,1,7
0,0,0,4,4,3,0,0,2,3,1,3,0,0
0,0,2,2,1,0,1,1,1,3,2,2,0,0
0,1,1,0,1,1,1,2,0,0,0,0,0,0
1,2,1,5,4,3,4,3,1,3,1,1,1,2
0,1,0,0,4,2,0,2,2,4,4,0,1,6
0,0,0,1,2,1,0,2,0,0,1,2,1,2
1,0,0,2,2,2,0,0,0,0,0,0,0,0
4,3,1,0,0,1,1,2,1,3,1,2,0,0
0,0,0,0,2,1,1,4,0,0,0,0,0,0
1,0,0,4,6,5,1,7,5,20,8,5,5,17
2,0,0,2,1,3,1,0,0,5,0,0,0,0
1,0,0,0,3,2,0,2,1,3,1,1,0,0
3,2,0,0,0,0,0,0,0,0,0,0,0,0
1,1,1,1,0,1,0,5,0,0,0,0,0,0
13,7,8,11,11,8,8,11,6,13,5,3,4,8
0,0,0,2,2,0,1,5,1,1,0,0,0,0
1,0,0,2,2,2,0,1,1,2,0,0,1,5
6,3,4,5,4,13,4,7,8,6,2,0,2,4
3,6,4,10,11,6,3,11,3,9,3,4,3,5
1,2,1,3,2,5,0,0,0,4,2,1,0,0
2,0,1,0,2,0,0,3,2,4,1,2,0,0
3,1,0,1,6,4,3,5,1,4,1,1,0,0
0,0,0,2,1,1,3,2,2,4,1,4,2,3
22,5,12,15,42,40,19,27,17,38,11,15,10,24
4,1,0,0,0,0,0,0,0,0,0,0,0,0
0,1,1,0,2,0,0,0,4,3,0,0,0,0
0,2,1,1,0,1,2,2,0,0,0,0,0,0
2,3,0,0,0,0,0,0,0,0,0,0,0,0
2,1,1,0,1,1,0,3,2,3,1,2,0,0
6,0,0,2,6,6,0,4,3,1,1,2,1,3
2,1,2,2,4,4,1,3,0,0,0,0,0,0
1,0,1,4,0,0,0,0,0,0,0,0,0,0
0,1,2,2,4,3,0,0,0,0,0,0,0,0
0,1,2,2,4,2,2,1,1,1,1,1,0,0
8,6,4,6,12,13,3,6,5,11,4,2,1,6
2,3,1,0,1,3,1,3,1,2,0,0,0,0
0,0,0,3,1,2,0,0,0,0,0,0,0,0
0,2,5,6,7,1,5,3,6,7,3,2,5,5
1,2,1,2,3,5,2,4,3,1,0,0,0,0
2,2,3,5,13,6,12,16,6,14,5,4,6,16
5,0,1,2,0,4,2,4,0,0,0,0,0,0
2,3,1,4,5,6,1,7,1,5,2,2,4,8
1,1,0,2,1,2,0,0,0,0,0,0,0,0
0,0,0,0,0,1,0,0,1,2,2,1,0,0
0,0,0,0,1,1,1,2,0,0,0,0,0,0
1,0,1,1,2,3,0,2,1,8,2,1,1,5
0,1,0,0,0,0,3,1,1,1,1,0,0,0
0,0,2,3,2,4,2,1,1,2,3,3,0,0
0,1,1,0,2,2,0,0,3,4,1,4,2,8
0,3,2,2,1,1,0,0,0,0,0,0,0,0
3,0,1,3,2,5,2,2,5,1,0,1,2,2
3,1,1,1,1,1,0,1,1,4,1,1,0,0
2,0,1,1,2,4,1,1,1,1,0,0,0,0
0,0,1,1,3,2,1,1,5,7,0,0,3,2
0,0,0,1,2,2,0,0,0,0,0,0,0,0
1,1,1,4,8,2,3,10,4,14,3,6,4,7
1,2,2,1,3,1,0,0,0,0,0,0,0,0
2,1,6,4,9,6,1,5,8,6,4,3,3,2
2,0,0,2,0,2,3,6,0,0,0,0,0,0
1,0,0,0,3,2,1,1,3,3,3,0,3,7
0,4,1,3,2,2,1,1,0,6,2,1,1,2
6,2,0,1,5,3,3,3,2,5,1,1,6,2
4,3,1,3,4,2,1,5,2,4,0,1,2,2
0,2,0,0,2,1,1,0,3,2,1,1,4,11
0,0,0,0,0,0,1,0,0,0,0,0,1,4
2,0,0,1,0,2,2,2,1,2,0,0,0,0
3,1,1,2,5,1,1,1,0,2,0,0,3,2
1,0,3,4,4,6,2,2,1,3,0,0,0,0
0,0,1,1,0,1,0,3,1,1,1,0,0,0
2,0,1,2,3,3,2,3,2,6,3,0,3,6
1,1,0,0,0,2,1,1,3,5,1,3,0,0
4,1,2,4,3,4,1,2,2,5,0,2,4,15
0,0,0,0,0,0,0,1,0,0,1,0,0,7
0,0,0,0,0,0,0,0,0,0,0,0,0,8
15,8,3,17,27,17,7,17,7,16,4,3,7,8
0,0,0,0,0,0,0,1,0,0,0,1,2,9
0,1,3,2,3,3,0,2,2,2,3,1,4,14
1,1,1,2,0,0,0,0,0,0,0,0,0,0
1,1,1,1,4,2,1,3,0,0,0,0,0,0
1,0,0,1,0,2,1,2,0,0,0,0,0,0
0,0,0,0,0,0,0,0,0,0,1,0,1,6
1,0,0,0,0,0,0,1,1,5,0,0,0,0
2,1,1,1,2,1,1,3,2,3,0,0,0,0
1,0,0,1,2,2,1,0,0,0,0,0,0,0
3,1,1,0,1,6,0,1,3,4,0,0,0,0
1,1,0,1,1,4,2,2,1,2,0,0,0,0
1,0,3,1,4,4,2,1,4,5,1,2,2,3
0,1,0,0,2,4,0,0,0,4,2,1,0,0
1,0,0,0,1,0,0,3,0,1,0,1,6,13
2,3,1,3,3,7,3,4,3,2,2,1,1,5
0,4,3,1,4,0,1,9,5,9,4,0,3,4
0,0,1,1,1,1,1,1,1,2,0,0,0,0
1,0,2,2,0,4,2,3,2,4,1,2,1,7
1,0,1,1,0,0,2,1,1,1,0,0,2,4
1,1,1,0,1,4,0,0,4,1,1,1,0,0
0,0,0,0,0,0,1,0,1,0,0,1,4,15
1,0,1,0,4,0,2,1,0,2,1,2,0,0
1,0,0,2,1,1,1,1,0,1,2,1,6,20
1,0,0,0,2,0,0,0,0,0,1,1,3,7
0,0,1,0,0,0,0,1,2,1,3,1,0,0
2,0,0,3,1,2,0,3,3,5,0,2,1,6
0,1,0,4,3,4,2,3,1,2,5,2,3,1
2,0,0,1,1,2,2,2,0,2,1,2,1,8
6,4,5,5,4,6,1,6,2,4,2,2,3,4
4,3,1,7,14,14,5,9,5,7,5,3,3,3
2,1,1,1,3,1,1,0,0,4,1,1,0,0
0,0,0,0,1,0,1,2,1,1,2,1,4,12
8,3,7,13,17,15,4,11,3,11,4,4,6,9
0,0,0,0,1,0,0,1,0,0,0,0,2,11
0,0,2,0,0,0,1,0,0,3,2,1,0,0
0,0,1,1,2,1,0,0,0,0,0,0,0,0
0,0,2,2,2,5,1,2,1,5,1,2,3,5
0,0,2,1,3,2,1,0,0,0,0,0,0,0
0,0,1,1,1,0,1,1,0,3,0,1,0,9
1,0,0,0,1,2,2,0,1,0,1,0,1,6
1,0,0,0,3,2,0,1,1,0,2,0,0,7
3,0,1,0,0,3,2,4,2,2,0,0,0,0
2,0,1,0,0,0,0,0,0,3,0,1,1,6
1,1,0,0,1,1,0,0,1,0,1,1,0,6
0,0,0,2,0,0,0,1,0,2,0,1,2,11
2,2,0,5,9,5,3,0,2,8,2,2,0,0
0,1,0,2,0,1,0,5,1,5,3,1,1,5
0,0,0,0,3,6,1,0,0,0,0,0,0,0
1,1,2,1,1,2,1,4,2,6,2,1,1,22
0,1,0,1,1,0,1,2,1,1,0,0,1,4
0,0,1,0,0,0,0,0,1,2,1,1,0,0
2,0,0,0,0,0,1,1,3,1,1,1,0,0
1,0,1,0,4,2,0,2,3,4,0,0,0,0
2,0,0,0,2,1,0,1,2,4,0,0,0,0
0,0,0,0,0,0,0,0,0,0,0,0,3,4
3,1,1,1,2,2,1,1,0,0,0,0,0,0
1,0,0,0,0,2,0,1,1,2,2,1,0,0
17,5,8,15,19,24,13,25,12,21,3,11,6,18
3,0,1,1,8,5,0,5,0,1,1,4,1,4
0,1,2,3,1,4,3,5,3,5,5,3,3,6
2,1,0,1,1,5,0,0,0,0,0,0,0,0
1,0,1,2,3,4,2,2,3,8,0,3,0,9
1,0,0,2,1,3,1,0,3,7,4,2,4,5
7,5,1,9,9,6,4,9,9,14,1,5,2,6
3,1,0,1,0,2,1,0,0,2,2,1,0,0
0,0,0,1,0,4,5,8,2,13,4,1,6,11
2,0,1,1,2,1,0,2,1,3,0,2,4,11
0,0,0,0,0,0,0,0,0,0,0,0,3,4
17,8,6,12,24,24,11,7,12,15,2,5,7,16
0,0,0,2,4,1,1,1,0,0,0,0,0,0
0,0,0,0,1,4,1,1,1,4,1,1,3,18
0,1,0,0,1,3,1,1,0,0,0,0,0,0
3,1,2,1,3,7,2,5,1,4,0,1,1,3
0,0,0,1,1,1,0,0,0,3,1,0,4,14
0,0,0,1,1,2,2,2,3,2,0,0,0,0
2,1,0,2,3,2,1,0,0,0,0,0,0,0
0,0,0,0,0,0,0,0,1,0,0,1,3,6
0,0,1,3,4,1,2,5,7,10,1,5,5,7
2,3,1,1,0,6,0,1,0,1,1,1,1,2
1,0,1,1,2,4,2,3,3,4,0,0,1,13
1,1,1,0,4,4,3,3,6,13,1,2,3,6
2,1,3,2,2,2,4,6,1,3,1,1,0,0
1,3,1,1,0,0,0,0,0,0,0,0,0,0
1,3,0,3,1,0,3,2,1,1,0,0,0,0
1,1,0,0,2,2,2,4,1,1,1,0,3,6
1,1,1,1,6,7,3,2,7,6,1,0,0,0
1,1,0,0,2,1,2,2,0,0,0,0,0,0
3,1,1,0,0,0,0,2,1,1,2,1,0,0
3,0,1,4,2,1,1,0,1,4,1,1,0,0
1,2,1,2,2,2,1,3,0,0,0,0,0,0
1,1,1,2,3,1,1,2,1,3,0,0,0,0
2,1,1,2,1,1,1,2,2,3,2,2,1,7
5,2,4,2,6,6,1,4,0,7,1,1,1,3
1,0,1,0,1,0,1,1,0,1,1,2,8,17
1,2,0,1,2,3,0,0,0,0,0,0,0,0
1,0,1,3,2,5,2,3,2,6,5,3,2,8
1,3,3,0,2,0,0,1,0,4,0,1,3,4
1,0,1,1,3,4,1,3,10,5,2,1,8,9
0,0,0,0,1,1,1,0,0,3,1,2,3,6
0,0,1,1,2,2,0,0,0,0,0,0,0,0
1,0,0,2,1,2,1,2,0,0,0,0,0,0
2,0,0,1,1,1,1,0,3,2,2,1,0,0
3,1,1,0,0,0,0,0,0,0,0,0,0,0
0,1,2,1,2,2,2,1,0,0,0,0,0,0
0,1,0,0,0,3,1,3,2,0,1,0,1,15
0,0,1,1,2,2,1,0,0,3,0,1,0,5
1,1,1,3,5,3,0,2,2,7,1,2,7,18
3,1,0,1,2,3,0,2,1,3,1,1,0,0
5,1,1,1,5,1,2,2,1,2,2,0,0,5
0,0,0,1,0,2,1,4,3,4,1,1,4,10
1,1,0,1,2,1,0,4,1,0,0,0,0,0
0,0,1,0,1,0,0,0,0,4,1,0,0,0
0,1,1,1,2,3,3,0,1,0,1,1,2,2
0,1,0,1,5,2,1,2,0,0,0,0,0,0
4,1,1,2,1,2,3,1,1,0,0,0,1,5
0,0,2,2,1,0,0,0,0,0,0,0,0,0
1,1,1,2,2,2,0,0,0,0,0,0,0,0
0,0,0,0,1,1,1,0,1,1,0,1,3,3
0,0,0,3,1,1,1,1,1,0,0,0,0,0
0,0,1,0,0,0,0,0,2,3,3,2,3,19
3,1,3,1,2,2,3,2,1,2,3,3,1,5
1,2,0,0,2,3,2,4,6,6,4,3,4,10
0,0,0,2,1,2,0,0,2,2,1,0,0,0
1,0,1,5,4,1,1,1,2,3,2,2,0,0
1,1,1,0,1,0,0,0,0,3,3,1,0,0
0,0,2,1,1,1,0,0,0,0,0,0,0,0
0,0,0,0,0,1,0,0,0,3,0,2,3,11
0,0,0,0,0,1,0,0,0,0,0,2,0,5
2,1,0,1,3,4,1,0,2,2,2,0,2,7
1,0,2,5,0,0,2,0,0,1,3,1,0,0
0,0,0,1,1,1,1,2,0,4,1,1,1,2
1,1,2,3,2,5,1,6,5,7,1,1,0,0
1,1,0,5,6,4,3,10,8,12,3,4,5,16
1,0,0,0,2,1,1,1,0,0,0,0,0,0
1,3,2,1,7,8,3,2,2,4,3,0,0,6
1,0,0,0,1,1,0,1,0,1,0,0,1,4
0,1,1,2,3,3,0,1,2,5,0,0,0,0
2,0,1,4,2,4,2,0,3,4,1,0,0,0
2,1,0,0,0,0,2,3,0,0,0,0,0,0
2,0,0,0,1,4,0,0,0,0,0,0,0,0
0,0,0,1,2,2,0,0,0,0,0,0,0,0
4,0,2,2,1,3,0,0,0,0,0,0,0,0
0,0,0,1,0,0,0,3,2,1,3,0,0,9
2,0,0,1,1,1,0,2,1,0,0,1,2,6
0,1,0,1,1,0,2,0,3,0,1,2,1,1
0,0,1,1,1,3,1,4,0,5,2,2,0,6
4,0,0,1,0,2,1,4,1,3,2,1,6,9
0,0,1,2,4,0,0,5,1,1,1,0,1,4
9,6,4,9,8,9,4,8,3,6,2,1,2,4
0,0,0,0,1,0,0,2,0,0,0,1,0,5
2,0,0,1,0,1,2,2,1,3,0,0,0,0
0,1,0,1,0,0,0,0,0,0,0,0,1,9
0,1,1,2,2,3,1,1,1,0,0,0,0,0
0,1,0,1,2,0,2,3,1,0,0,0,0,0
4,0,3,1,1,3,0,2,1,2,1,1,0,0
0,1,0,2,1,3,1,3,1,1,1,0,0,0
1,0,2,1,0,1,0,1,0,2,1,2,0,0
1,1,2,2,4,5,1,5,9,14,3,5,6,19
2,1,1,2,1,2,2,3,0,0,0,0,0,0
2,2,0,0,1,0,4,0,2,2,1,3,0,0
0,0,1,0,3,3,4,7,1,6,1,2,1,9
0,1,1,0,1,2,1,2,0,0,0,0,0,0
0,0,0,0,0,1,0,0,0,1,0,1,0,12
9,3,1,1,0,3,1,0,2,1,2,1,1,4
0,0,2,1,2,5,1,4,0,2,1,1,1,3
1,0,3,3,0,3,1,1,1,2,0,0,0,0
2,0,6,4,7,7,5,8,1,4,0,0,2,4
1,1,1,2,2,1,2,1,6,12,0,4,8,9
0,1,0,2,1,0,0,2,1,2,0,0,0,0
3,0,0,3,4,3,5,3,1,4,1,2,2,4
0,0,0,1,3,3,0,0,0,0,0,0,0,0
0,2,1,4,3,0,2,1,3,7,1,5,5,2
1,0,2,1,2,1,0,3,2,1,0,0,0,0
1,0,1,2,2,1,2,0,0,0,0,0,0,0
0,0,0,3,1,2,1,6,0,7,0,1,7,17
0,1,2,1,1,4,1,1,0,0,0,0,0,0
0,0,0,0,1,1,0,3,1,1,1,0,0,0
0,0,0,0,0,0,1,0,2,0,0,1,1,10
3,1,1,1,2,1,0,0,0,0,0,0,0,0
10,2,3,4,6,2,2,7,1,3,5,1,4,5
1,2,0,2,5,1,0,0,2,1,2,1,2,3
2,0,0,1,2,2,0,0,0,0,0,0,0,0
3,0,1,2,1,2,0,0,0,0,0,0,0,0
4,1,0,0,0,0,0,0,0,0,0,0,0,0
2,0,0,3,2,1,1,1,0,0,0,0,0,0
3,1,1,0,0,0,0,0,0,0,0,0,0,0
5,1,4,8,10,10,8,5,6,10,4,5,4,12
4,2,6,3,2,2,3,5,0,6,0,1,3,4
0,0,0,0,0,0,0,0,0,0,1,1,2,10
1,3,1,5,4,4,0,3,1,4,3,2,1,3
2,0,0,2,0,2,0,3,1,2,0,0,0,0
1,0,0,1,1,0,1,2,1,5,0,2,2,5
19,4,6,12,24,23,14,11,8,25,3,4,7,9
1,0,0,0,1,2,1,1,0,0,0,0,0,0
0,0,0,0,0,0,0,5,1,1,0,0,0,0
0,1,0,3,1,3,0,0,0,0,0,0,0,0
0,1,1,0,2,0,0,1,2,2,0,0,0,0
6,4,5,5,7,13,0,10,7,10,3,2,1,9
1,1,0,3,4,2,0,0,0,0,0,0,0,0
0,0,0,0,1,0,0,0,0,0,0,0,5,11
0,1,0,1,2,0,3,2,1,1,0,0,0,0
1,1,0,0,0,0,0,0,0,0,0,0,0,20
0,0,0,0,1,2,1,1,0,0,0,0,0,0
2,1,2,0,0,0,0,0,0,0,0,0,0,0
1,0,2,3,3,2,1,1,1,1,1,1,0,0
0,0,0,1,1,0,0,1,1,1,0,1,2,6
2,0,1,2,3,5,2,3,1,4,2,2,2,2
0,0,0,1,0,0,0,0,2,3,0,0,0,0
0,0,2,0,0,5,1,0,3,2,0,0,0,0
1,2,1,4,4,6,3,7,1,3,2,3,1,3
1,0,0,0,0,0,0,1,2,1,1,1,2,4
2,0,0,1,1,3,1,0,0,0,0,0,0,0
3,0,0,1,2,2,0,0,0,0,0,0,0,0
0,0,0,0,0,0,0,0,0,1,0,0,2,7
0,0,1,0,2,0,3,1,2,2,0,0,0,0
0,0,0,3,1,0,0,0,0,5,0,0,0,0
2,0,0,0,0,1,0,1,0,5,0,0,0,0
3,0,1,2,1,5,1,0,4,3,1,0,1,9
0,0,0,3,2,1,0,2,2,5,1,1,0,0
9,2,2,5,8,11,6,5,4,6,3,5,0,5
0,0,0,0,5,0,0,0,0,0,3,0,0,5
1,0,0,2,2,2,3,1,1,0,0,0,1,4
2,1,2,1,0,1,1,0,1,3,1,2,2,1
0,1,0,2,0,1,0,0,1,0,1,0,4,2
2,0,0,0,2,2,0,1,1,1,0,2,4,4
2,1,0,3,3,1,1,2,1,4,0,0,0,0
2,0,0,1,0,1,1,0,0,2,1,2,0,0
1,2,0,2,3,4,0,1,0,3,1,1,0,0
2,1,3,1,4,4,0,3,2,3,1,1,0,0
1,0,0,0,2,2,1,1,0,0,0,0,0,0
0,0,0,0,0,0,0,0,1,0,0,0,2,9
0,0,0,0,0,1,0,0,1,1,0,0,3,4
2,0,1,3,1,4,1,1,0,0,0,0,0,0
2,2,2,0,5,1,4,1,0,0,0,0,0,0
0,0,0,1,2,0,0,0,2,0,1,1,1,2
1,1,0,4,2,14,1,3,8,14,6,2,6,13
1,0,5,2,0,2,1,2,2,1,1,1,5,8
1,0,0,0,0,3,0,1,4,2,0,0,3,4
1,1,4,2,4,3,0,3,1,2,4,2,0,5
0,0,1,1,4,2,0,0,0,0,0,0,0,0
3,1,2,1,0,4,0,2,1,1,0,1,1,3
2,1,2,2,3,1,1,1,1,4,0,0,0,0
0,0,1,0,0,1,1,1,1,1,0,0,0,0
1,1,2,0,3,1,2,2,0,3,2,2,2,2
0,1,0,3,1,1,0,0,1,1,2,1,0,0
8,6,9,11,12,15,9,15,8,6,3,0,3,6
1,1,1,5,3,5,2,2,3,2,0,0,0,0
0,0,0,1,1,4,0,0,0,0,0,0,0,0
1,0,1,2,1,3,0,0,0,0,0,0,0,0
4,1,1,3,2,7,1,3,0,2,2,2,2,4
2,1,2,2,0,4,1,0,3,3,1,2,0,5
0,0,1,0,0,1,0,0,0,0,0,1,2,4
1,0,0,2,10,6,4,5,5,13,9,4,5,13
2,1,0,2,3,0,2,1,2,4,0,0,0,0
0,0,0,0,2,2,1,1,1,0,0,0,0,0
4,1,1,3,4,3,1,2,3,3,0,0,0,0
1,1,0,0,2,0,2,1,2,3,1,1,0,0
0,1,0,1,0,3,1,1,2,2,0,0,0,0
2,0,1,0,1,1,1,3,0,0,0,0,0,0
0,2,1,1,4,10,6,4,6,9,5,9,10,7
1,1,2,2,5,2,2,1,1,0,0,1,0,6
1,0,1,0,1,1,1,1,1,0,0,0,0,0
1,0,1,3,3,2,0,0,0,0,0,0,0,0
1,0,0,1,0,2,3,1,4,2,0,0,0,0
1,0,0,0,1,1,0,0,1,1,0,0,1,8
0,1,0,1,3,2,1,6,1,4,2,2,3,6
0,0,1,2,0,2,1,1,1,2,0,0,0,0
1,1,0,2,1,2,0,0,0,0,0,0,0,0
0,1,3,4,3,4,2,4,1,4,0,2,1,3
0,0,1,1,2,2,0,0,0,0,0,0,0,0
2,0,0,0,3,1,1,1,1,4,0,3,1,6
0,1,0,3,1,1,0,2,3,6,1,1,0,0
2,3,0,1,6,9,3,3,4,8,3,2,3,9
0,0,0,0,3,4,0,2,0,4,1,1,0,0
0,2,3,0,1,4,0,1,0,4,0,2,1,5
1,1,1,0,5,4,2,0,0,0,0,0,0,0
10,3,4,12,14,13,6,10,12,6,3,3,6,12
0,0,0,0,0,1,0,3,1,3,0,0,0,0
0,1,0,0,1,3,1,1,2,3,0,0,2,4
0,0,0,0,0,0,0,0,0,0,0,1,1,3
1,0,1,3,7,1,2,4,0,5,2,0,3,2
1,2,0,1,0,0,1,1,1,2,0,0,0,0
9,4,5,7,6,15,9,9,5,13,0,4,5,2
0,0,0,0,0,0,0,0,0,1,0,0,0,20
0,1,0,0,2,0,1,0,1,4,0,0,0,0
5,0,0,0,0,0,0,0,0,0,0,0,0,0
1,1,0,3,4,4,1,6,2,7,1,3,5,11
2,4,0,1,3,1,0,1,4,2,1,1,3,5
1,0,0,1,0,1,0,3,1,2,0,0,0,0
1,0,1,0,0,0,0,0,0,0,1,3,3,19
1,1,0,5,0,3,0,1,1,3,0,0,0,0
1,1,0,2,3,6,2,3,0,4,2,0,2,4
0,1,1,1,0,1,0,0,2,2,1,1,0,0
2,0,0,0,2,3,1,2,0,0,0,1,3,10
0,0,0,1,0,3,2,2,0,0,0,0,0,0
1,0,2,3,10,8,5,9,7,16,3,1,5,12
4,2,3,3,3,6,1,3,3,1,2,2,4,2
0,0,1,1,1,3,2,1,0,0,1,2,1,2
0,0,0,2,2,2,0,0,1,4,0,0,0,0
2,1,4,4,3,6,0,0,0,0,0,0,0,0
0,0,0,0,1,2,0,1,2,1,1,1,0,0
3,0,1,2,7,1,1,3,1,4,0,3,5,10
1,0,2,2,4,1,3,4,0,9,2,2,3,10
0,0,0,0,1,2,2,3,1,1,0,0,0,0
0,0,1,0,0,4,1,1,0,0,0,0,0,0
0,1,2,1,3,0,0,0,1,4,0,0,0,0
0,0,2,0,1,2,0,0,1,2,1,2,0,0
3,2,2,4,4,10,1,3,1,5,4,1,1,3
1,1,1,1,2,2,0,0,0,0,0,0,0,0
0,0,0,1,4,1,2,1,1,1,2,1,1,3
2,0,0,1,1,1,0,0,1,0,0,1,4,9
5,0,4,0,4,1,2,1,2,4,0,0,0,0
1,1,0,0,0,0,2,1,1,2,0,0,0,0
0,0,0,0,1,0,0,2,2,1,0,0,0,0
0,0,2,0,3,0,2,2,1,0,0,2,2,3
0,0,1,1,1,1,1,1,2,2,0,0,0,0
2,0,0,4,2,1,0,0,0,0,0,0,0,0
0,0,0,4,2,3,2,5,6,3,4,3,3,9
0,2,1,0,2,0,2,1,2,2,0,0,0,0
2,0,0,2,0,1,0,1,0,2,0,1,2,2
0,1,1,2,2,0,0,0,0,0,0,0,0,0
1,0,0,2,1,5,2,4,5,1,4,3,0,0
5,1,2,5,5,9,6,10,2,5,2,1,0,0
1,0,0,1,2,1,0,0,1,4,0,0,0,0
8,6,7,12,8,21,6,10,8,14,6,3,5,10
1,0,0,1,1,1,1,1,0,3,2,0,0,0
0,0,2,0,3,0,1,1,1,2,0,0,0,0
0,0,0,4,3,5,1,3,2,5,3,5,8,12
0,0,1,2,1,3,0,1,0,1,1,1,2,3
1,0,1,2,2,2,1,1,1,4,0,0,0,0
2,3,1,6,1,5,1,5,5,5,1,2,2,1
1,0,0,0,3,2,0,0,0,0,0,0,0,0
1,0,0,1,6,5,1,2,0,4,1,1,2,3
0,1,1,5,0,4,0,3,3,1,0,0,3,8
1,0,2,2,0,2,1,1,1,2,0,0,2,3
0,0,0,0,0,0,0,0,0,0,0,0,0,5
2,0,1,2,4,0,4,1,1,5,2,2,1,4
0,1,0,2,2,7,1,5,0,3,3,4,1,1
3,2,3,6,2,3,1,3,0,0,0,0,0,0
1,0,1,1,2,2,0,2,1,2,0,0,0,0
0,0,1,0,0,0,0,1,1,1,0,0,4,15
1,0,1,1,0,3,2,0,0,0,0,0,0,0
0,0,0,2,2,0,2,2,1,2,1,1,0,0
2,0,0,3,4,2,2,0,2,1,1,1,0,0
2,1,0,1,3,0,0,3,1,1,2,1,0,0
0,0,0,3,1,1,1,0,0,0,0,0,0,0
2,0,0,0,0,4,3,4,3,7,4,1,2,7
2,0,0,0,1,2,1,1,0,0,0,0,0,0
0,0,1,1,2,0,1,1,1,1,1,1,0,0
3,1,0,2,3,1,2,2,5,6,2,2,0,0
0,1,1,1,2,1,1,1,0,0,0,0,0,0
2,1,0,2,4,1,2,4,0,0,0,0,0,0
9,2,2,9,8,6,7,7,3,8,1,1,0,7
2,0,0,0,0,2,1,0,0,1,0,1,2,2
15,11,7,9,21,22,11,17,16,22,8,4,7,18
7,1,4,2,5,3,3,6,3,6,2,4,6,19
1,0,0,1,2,1,0,1,0,4,1,3,4,8
3,0,1,4,3,4,3,1,0,8,0,0,1,4
0,0,1,1,4,3,0,5,1,2,3,2,0,0
0,0,0,0,0,0,0,2,0,0,0,0,0,5
1,1,1,1,6,1,1,0,0,3,2,0,0,0
0,0,0,0,0,2,1,2,0,0,0,0,0,0
7,9,5,11,14,15,4,6,7,15,2,9,2,9
3,1,1,1,0,3,1,3,0,0,0,0,0,0
1,0,0,1,1,1,0,2,0,3,1,3,3,9
1,0,1,0,2,1,1,2,1,1,0,0,0,0
0,0,0,4,1,2,1,0,0,0,0,0,0,0
4,0,1,2,1,4,3,2,0,0,0,0,0,0
6,1,4,5,7,5,3,3,0,6,2,3,0,0
0,0,0,0,0,1,0,2,0,2,1,1,4,6
0,1,1,0,2,0,2,1,2,3,0,3,7,10
7,1,3,6,4,8,3,3,3,4,3,1,2,4
0,1,1,1,4,4,0,0,0,0,0,0,0,0
3,1,0,3,0,0,1,1,2,0,1,1,2,1
1,0,0,1,2,3,0,0,0,0,0,0,0,0
0,0,0,0,0,0,0,0,0,0,0,0,4,4
2,1,1,0,2,1,0,2,2,2,0,0,0,0
1,0,2,0,0,3,1,3,5,9,0,5,8,15
0,0,1,1,1,2,0,0,0,0,0,0,0,0
0,0,0,0,0,0,0,2,0,0,0,1,1,11
0,0,1,1,1,0,1,2,1,1,0,3,1,19
1,1,1,1,1,2,0,0,0,0,0,0,0,0
1,1,2,2,0,0,0,0,0,0,0,0,0,0
1,1,1,2,0,1,1,2,3,2,1,2,3,3
0,0,0,1,2,0,2,3,1,2,0,0,0,0
0,0,0,0,0,0,0,0,0,0,0,0,4,11
0,2,0,1,1,0,0,0,0,3,1,1,0,0
0,0,0,0,1,1,1,2,0,0,2,1,1,1
0,0,0,0,0,0,0,0,0,0,0,1,1,5
1,0,1,0,1,3,2,3,1,1,2,2,4,11
3,0,3,4,1,1,0,0,0,0,0,0,0,0
3,2,2,2,1,6,1,3,4,8,2,2,2,1
0,1,0,0,1,2,1,1,0,0,0,0,0,0
2,0,1,0,0,0,1,2,1,1,1,2,0,0
1,0,0,2,1,2,0,0,0,0,0,0,0,0
4,0,1,10,5,6,5,2,4,5,3,0,5,5
2,2,0,1,2,1,0,0,2,3,0,1,6,15
0,0,0,0,0,0,0,0,1,1,0,1,1,3
1,2,0,0,3,2,0,0,0,0,0,0,0,0
0,1,0,1,4,0,0,2,1,6,2,2,3,8
0,0,0,1,2,1,1,0,2,1,0,1,1,3
2,1,1,2,2,1,2,0,1,4,0,1,4,20
4,2,2,3,3,4,0,3,4,5,0,0,0,0
0,0,0,0,1,0,0,1,1,0,0,0,0,7
0,0,0,3,3,4,3,6,2,3,1,1,5,9
0,1,0,0,0,0,1,1,3,3,0,1,2,5
0,0,3,1,0,1,2,2,0,0,0,0,0,0
0,1,0,0,0,5,0,1,0,4,2,0,0,0
1,1,1,1,0,1,3,4,0,2,0,0,2,15
6,3,6,5,7,9,6,7,5,7,0,1,2,5
2,1,2,3,3,1,1,0,1,2,1,1,0,0
0,1,0,1,3,1,1,1,0,0,0,0,0,0
1,0,0,0,4,2,0,2,1,5,0,0,0,0
1,0,0,1,2,1,1,0,0,0,0,0,0,0
6,6,0,10,9,12,7,7,5,12,2,1,0,7
2,2,2,0,0,0,0,0,0,0,0,0,0,0
0,0,0,1,1,4,0,2,1,2,1,1,1,1
0,0,0,0,0,1,1,2,1,1,0,0,0,0
0,1,1,0,0,1,2,2,0,0,0,0,0,0
0,0,1,1,1,2,0,0,0,0,0,0,0,0
3,0,0,3,1,1,0,1,2,1,2,1,0,0
1,0,0,2,1,1,1,1,2,1,0,2,5,10
2,0,1,0,2,1,0,4,0,2,0,0,1,8
6,5,3,7,12,8,12,6,10,15,7,14,7,13
1,1,1,3,4,3,4,1,1,4,0,0,0,0
0,0,0,2,4,8,5,7,5,9,2,0,2,3
0,0,0,0,0,0,0,0,0,0,0,0,0,7
0,2,1,1,2,4,0,0,0,0,0,0,0,0
0,0,0,1,0,3,0,1,1,2,1,2,0,0
0,0,0,1,1,1,2,0,0,0,0,0,0,0
3,0,0,1,0,3,0,1,2,2,0,0,0,0
0,0,0,0,1,0,2,1,2,1,0,3,10,21
7,5,4,6,10,9,1,7,3,10,3,2,1,4
2,0,0,0,0,3,1,1,0,0,0,0,0,0
7,4,4,7,9,12,3,5,7,5,0,2,3,7
0,0,0,0,1,1,0,0,2,4,0,2,1,2
1,0,1,2,0,1,2,3,2,4,1,1,1,1
1,0,1,2,0,1,0,1,1,2,1,0,0,0
0,0,0,1,3,2,2,1,1,2,0,0,0,0
1,2,0,2,3,3,1,4,4,4,1,1,0,0
0,0,0,0,1,0,0,1,2,0,0,1,2,11
0,1,0,0,0,5,2,0,0,0,0,0,0,0
1,1,1,1,1,1,0,0,1,0,0,0,1,11
1,1,0,4,4,4,3,2,2,2,0,3,3,5
2,0,0,2,0,2,0,2,0,2,2,1,0,0
0,1,0,0,0,3,0,3,1,1,0,0,0,0
0,0,0,0,0,0,0,0,0,0,0,0,0,5
1,2,1,2,3,5,1,0,4,3,2,3,0,0
0,0,0,0,2,0,2,1,0,2,1,0,2,9
1,1,1,1,1,1,0,0,0,0,0,0,0,0
1,0,1,1,2,3,1,0,0,0,0,0,0,0
0,0,0,3,0,3,1,3,0,0,0,0,0,0
0,1,0,2,2,2,1,0,0,0,0,0,0,0
0,1,0,4,1,0,0,0,0,0,0,0,0,0
2,1,1,3,3,1,1,2,3,3,0,0,2,5
2,1,0,2,1,8,1,3,3,5,0,1,2,3
0,2,3,0,0,0,0,0,0,0,0,0,0,0
1,1,1,1,0,1,2,0,1,1,0,3,2,8
3,2,1,2,2,1,0,0,0,0,0,0,0,0
0,0,0,0,5,1,1,2,0,0,0,0,0,0
2,4,2,5,9,7,1,5,6,5,1,1,4,3
0,1,1,1,0,0,1,1,3,2,3,1,1,3
0,0,0,1,1,1,1,2,0,0,0,0,0,0
1,2,1,0,2,1,0,3,2,5,1,1,6,8
0,1,1,0,4,3,1,2,2,8,2,3,4,10
1,1,1,1,1,3,2,1,0,3,2,0,0,0
2,1,3,2,4,2,1,0,1,1,3,1,0,0
0,0,0,0,0,0,0,0,0,1,1,0,3,3
0,0,0,0,0,0,0,0,0,0,0,0,0,9
1,2,0,1,0,2,0,1,2,2,1,1,0,0
2,2,1,1,2,5,2,1,1,6,3,1,3,10
2,2,0,3,5,3,4,2,1,4,1,2,1,2
0,0,2,3,9,6,5,6,2,3,4,2,2,4
2,2,1,1,0,1,1,1,2,2,2,0,2,11
16,4,3,7,20,17,11,20,4,27,5,5,2,6
0,0,0,0,1,1,1,1,0,5,1,3,1,1
0,2,0,0,1,1,0,1,1,3,0,0,0,0
3,0,1,0,2,3,1,0,0,0,0,0,0,0
0,0,0,0,1,0,0,0,0,0,0,0,4,6
3,2,5,0,5,5,2,2,0,2,2,2,2,4
2,0,0,0,2,0,1,1,2,1,0,0,0,0
3,3,2,7,3,2,0,1,0,7,0,0,2,4
0,0,0,0,1,0,0,0,0,0,0,0,1,7
1,0,1,2,4,3,3,5,2,10,1,2,2,5
0,0,2,2,1,3,0,0,0,0,0,0,0,0
0,0,0,2,0,3,1,1,0,0,0,0,0,0
2,4,2,3,6,7,1,1,2,3,1,2,1,3
1,0,0,0,3,1,2,2,0,0,0,0,0,0
5,2,0,2,6,10,7,3,5,3,2,2,5,4
3,1,1,0,0,0,0,0,0,0,0,0,0,0
1,0,2,2,4,5,3,7,9,12,1,3,8,8
1,0,0,0,0,1,3,1,1,0,0,0,0,0
0,0,2,3,0,0,0,0,0,0,0,0,0,0
0,1,2,0,1,1,1,4,0,0,0,0,0,0
3,0,1,1,1,0,3,3,1,3,0,0,0,0
0,0,0,0,0,0,0,0,0,0,0,2,4,11
7,5,4,3,4,12,8,18,4,13,7,10,9,16
0,2,0,1,0,0,0,0,0,2,1,2,1,3
1,1,0,0,0,1,0,4,0,3,1,2,3,5
0,0,0,1,1,4,1,1,0,0,0,0,0,0
0,0,0,0,0,1,1,0,1,2,1,1,0,0
7,2,4,8,16,14,6,9,8,15,1,9,0,0
0,0,0,0,0,1,1,2,1,2,1,0,0,0
1,0,2,1,4,2,1,2,0,0,1,1,2,4
1,0,1,1,1,2,0,2,2,2,1,1,2,4
0,2,0,0,7,8,2,5,4,10,1,4,3,7
1,0,0,0,1,0,0,0,1,1,0,0,1,8
1,0,0,1,3,1,0,0,0,0,0,0,0,0
0,0,0,1,0,2,3,1,1,0,0,0,2,3
0,0,1,2,1,1,0,0,0,0,0,0,0,0
1,2,2,3,3,1,1,3,5,3,0,0,0,0
0,0,0,1,0,1,0,2,1,6,1,1,2,11
2,0,1,0,0,0,0,3,0,2,0,0,4,15
1,0,0,1,1,3,0,2,0,6,0,2,2,6
3,0,3,3,1,3,1,4,3,2,0,0,0,0
0,0,0,0,1,2,0,1,1,4,1,2,2,3
1,0,0,0,3,3,0,2,1,2,0,0,0,0
0,0,1,4,1,2,0,1,1,3,0,0,0,0
0,0,0,0,0,0,0,2,1,2,0,0,1,4
1,1,0,0,1,0,0,0,1,1,1,1,1,2
7,2,3,6,7,7,2,10,2,7,3,3,3,8
2,1,1,1,3,2,2,6,1,11,0,0,0,0
3,0,0,1,0,0,0,0,1,2,1,1,0,0
5,1,1,5,6,2,0,4,4,0,4,4,9,22
0,0,0,0,3,4,0,0,0,0,0,0,0,0
0,0,2,2,2,1,0,0,0,0,0,0,0,0
0,0,0,2,1,0,1,0,3,1,1,1,0,0
1,0,2,1,1,2,0,0,1,3,1,2,0,0
0,0,0,0,0,0,0,0,1,0,0,0,2,10
2,0,0,0,2,3,1,2,5,9,3,3,3,5
14,9,8,16,32,23,16,10,11,19,4,7,12,22
0,1,1,0,1,3,1,1,1,0,0,0,0,0
0,1,0,3,0,1,2,1,1,1,2,2,0,0
11,5,5,12,18,17,3,18,16,18,5,2,0,21
0,1,1,0,1,0,0,0,0,0,0,1,0,10
2,1,0,1,3,2,2,6,6,11,2,3,5,3
0,0,0,1,1,1,1,1,0,0,0,0,0,0
1,0,0,0,0,1,0,0,1,2,1,2,0,0
1,0,0,1,1,2,0,0,0,2,1,1,1,1
0,1,0,3,1,1,0,0,0,0,0,0,0,0
1,0,0,2,1,3,0,0,0,0,0,0,0,0
0,0,0,0,0,0,0,0,0,0,2,0,0,15
0,1,0,0,0,0,1,2,2,1,0,0,0,0
0,2,2,2,7,7,7,11,9,18,3,6,4,13
1,1,5,0,4,1,0,0,0,4,2,1,0,0
1,0,0,1,5,0,1,4,1,2,0,0,0,0
1,0,0,1,0,0,2,1,1,2,0,1,1,4
3,0,0,2,5,6,2,5,3,7,2,1,0,0
0,0,1,1,1,2,0,1,2,1,1,0,0,0
10,0,0,13,6,7,0,12,0,0,0,0,0,0
1,0,2,1,0,1,1,1,1,1,0,1,4,3
0,0,0,2,1,0,0,0,0,0,0,1,1,3
0,0,0,3,1,2,2,0,0,0,0,0,0,0
1,1,1,2,2,2,0,0,0,0,0,0,0,0
2,0,0,0,1,0,1,1,2,2,0,0,0,0
3,1,0,2,1,1,0,1,2,5,0,0,0,0
2,0,0,1,0,1,0,0,0,2,0,3,4,25
0,0,0,0,0,0,2,3,0,0,0,0,0,0
3,1,2,1,1,6,0,2,3,4,1,2,0,0
1,0,0,2,1,0,1,2,1,1,0,0,0,0
10,3,5,8,15,13,8,16,4,10,1,3,4,6
0,2,0,0,2,2,2,1,0,0,0,0,0,0
1,1,0,0,1,5,1,2,0,4,1,0,0,0
5,1,3,3,3,9,5,5,2,6,3,1,1,2
0,2,0,0,3,2,0,0,0,0,0,0,0,0
0,0,0,3,4,1,1,1,2,2,2,1,0,0
1,0,0,1,0,1,0,2,1,4,1,1,0,0
0,2,1,1,3,2,1,2,0,3,1,1,0,0
0,1,0,1,5,2,0,0,0,0,0,0,0,0
1,0,3,1,8,7,2,1,2,6,3,2,3,9
0,0,1,1,0,2,1,2,0,0,0,0,0,0
0,0,0,3,1,3,1,2,1,2,1,0,0,0
2,1,0,0,1,0,0,1,3,2,1,0,0,0
1,0,0,1,1,2,0,5,0,7,2,1,2,12
1,0,0,1,1,1,0,4,1,2,0,0,0,0
0,0,0,0,1,1,3,1,0,0,0,0,0,0
0,0,0,1,4,1,0,0,0,0,0,0,0,0
0,0,0,0,1,0,1,2,4,3,0,2,9,24
0,0,0,0,1,0,0,5,0,0,0,0,0,0
2,0,2,4,3,4,2,6,5,12,2,3,7,10
2,0,1,3,5,1,1,4,5,6,1,2,2,8
3,0,1,4,5,3,0,0,0,0,0,0,0,0
16,2,5,12,20,15,3,13,8,19,1,2,6,15
2,0,0,0,3,0,1,0,1,2,1,0,1,4
0,0,0,1,1,2,1,2,1,2,0,0,0,0
1,2,0,1,4,1,2,1,0,5,1,0,0,0
3,2,1,2,4,3,1,4,0,2,3,1,0,0
0,2,0,0,1,1,0,1,1,2,1,1,0,0
3,1,0,3,2,3,0,0,0,0,0,0,0,0
1,1,2,2,2,5,2,9,3,8,6,1,4,5
3,2,0,0,0,0,0,0,0,0,0,0,0,0
1,1,2,1,1,0,0,1,1,4,1,0,0,0
4,0,1,1,1,1,5,1,4,6,0,4,3,3
2,2,2,3,0,0,0,0,0,0,0,0,0,0
0,0,0,0,1,1,0,1,1,2,1,1,4,15
0,0,0,0,0,1,1,0,0,2,0,2,6,13
1,0,0,0,3,4,1,3,0,0,0,0,0,0
0,0,0,3,1,0,1,3,1,6,2,0,1,5
0,2,0,1,5,3,1,1,0,0,0,0,0,0
0,0,0,0,0,0,0,0,0,0,0,0,2,4
1,0,1,0,2,3,5,3,0,5,0,0,0,0
0,3,1,1,1,0,1,0,0,2,0,0,3,4
0,0,0,0,0,0,0,0,0,0,0,0,1,8
3,1,1,3,2,7,1,6,1,5,3,4,0,0
0,0,0,0,0,0,0,0,0,0,0,0,0,5
0,1,1,1,0,1,1,1,1,3,0,0,0,0
1,2,0,0,1,0,0,1,2,1,1,1,1,2
5,2,4,3,6,6,3,2,4,5,3,2,4,4
0,3,0,3,4,6,2,5,4,5,0,0,2,3
0,0,0,1,0,1,0,1,3,1,0,0,0,0
3,0,0,4,2,2,1,2,0,0,0,0,0,0
0,0,0,0,0,0,0,0,0,0,0,0,4,8
0,0,0,0,1,0,1,0,1,2,2,0,1,6
3,3,0,3,2,6,2,5,1,4,0,0,0,0
12,6,7,14,23,15,9,13,10,16,9,9,10,23
1,0,0,0,0,0,0,1,1,3,0,0,1,6
0,0,0,0,0,1,1,3,2,2,0,0,0,0
4,0,3,5,7,7,5,4,3,7,1,2,4,3
0,0,1,1,3,2,0,0,0,0,0,0,0,0
1,0,2,0,0,0,0,1,0,3,1,1,0,0
3,4,1,0,0,0,1,2,3,5,2,1,3,9
1,0,0,2,0,1,0,0,0,1,0,2,2,5
0,0,1,0,0,0,0,0,0,0,1,2,5,11
1,0,1,1,2,1,1,1,1,4,2,0,3,4
0,0,1,0,0,2,0,2,2,1,0,0,0,0
0,0,0,1,1,2,1,1,1,2,0,0,0,0
1,0,1,2,0,2,0,2,2,1,0,0,0,0
1,0,0,0,0,0,0,0,0,0,0,0,1,14
5,1,0,3,3,2,2,5,2,5,1,4,0,5
3,0,0,0,3,0,3,1,1,1,0,0,0,0
0,2,0,0,1,1,1,2,1,0,1,1,1,5
0,0,0,1,3,2,0,0,0,0,0,0,0,0
0,0,0,0,0,0,0,0,0,0,0,1,2,18
0,0,0,0,2,4,1,3,4,6,0,0,1,5
2,0,0,2,2,1,2,3,0,0,0,0,0,0
0,1,3,3,1,0,0,0,0,0,0,0,0,0
1,0,0,3,1,1,2,1,0,0,0,0,0,0
1,0,1,1,2,4,2,1,0,0,0,0,0,0
10,7,2,12,15,20,8,11,9,19,3,4,10,19
3,3,7,5,9,6,3,5,4,3,1,2,1,7
4,1,0,1,6,4,3,4,7,8,3,3,3,5
1,0,1,4,8,12,3,9,13,27,4,1,5,15
2,0,1,0,1,2,2,3,0,0,0,0,0,0
0,0,0,0,4,3,2,0,0,0,2,1,1,1
1,0,0,3,4,1,0,2,1,3,0,0,0,0
11,5,2,4,15,7,10,8,7,9,2,2,4,6
0,0,0,0,0,4,1,0,2,1,1,1,0,0
1,2,0,0,4,0,2,8,3,7,4,1,3,2
1,0,1,1,1,3,2,2,1,1,0,0,0,0
0,0,0,0,0,0,0,1,0,1,0,1,3,10
1,1,0,0,0,2,2,2,0,6,2,1,3,8
6,0,1,1,5,3,2,7,3,7,2,1,1,7
0,0,0,0,0,0,0,0,0,0,0,0,3,2
1,1,1,0,3,2,0,0,0,0,0,0,0,0
6,5,3,15,13,14,4,5,7,4,2,4,2,5
0,0,0,1,1,1,1,1,0,0,0,0,0,0
4,2,1,1,3,6,0,3,2,11,2,3,0,0
11,5,1,10,13,7,7,4,4,10,0,4,4,6
2,0,0,0,0,2,2,1,0,0,0,0,0,0
2,0,0,2,2,1,0,0,0,0,0,0,0,0
0,1,0,2,1,2,0,4,2,1,1,2,0,0
0,1,1,3,3,1,3,3,2,3,0,3,5,2
2,1,0,1,0,3,1,1,1,1,0,0,0,0
1,0,1,3,3,1,0,0,0,0,0,0,0,0
1,4,0,6,0,0,0,0,0,0,0,0,0,0
0,1,0,1,0,3,1,2,0,4,0,3,0,5
1,0,0,0,2,2,2,0,2,4,1,1,0,0
4,1,0,5,4,7,3,13,5,8,4,3,7,14
1,0,1,2,1,1,0,0,0,0,0,0,0,0
5,3,3,10,7,8,1,7,8,2,3,2,4,13
5,2,8,18,15,12,5,14,15,18,4,4,9,11
1,0,0,0,2,2,1,0,0,0,0,0,0,0
0,0,0,0,1,4,1,1,0,6,2,1,2,3
1,0,0,0,0,2,0,2,0,1,1,0,2,6
0,1,2,3,1,3,1,4,2,12,4,3,8,12
0,0,0,1,2,2,0,0,0,0,0,0,0,0
0,0,2,1,2,1,1,0,0,0,0,0,0,0
2,1,0,1,1,3,0,0,0,0,0,0,0,0
0,0,0,1,1,5,3,5,3,5,0,1,1,9
0,0,2,2,1,1,0,0,0,0,0,0,0,0
0,0,2,1,0,1,0,0,0,2,1,0,3,4
0,0,1,1,0,1,1,1,1,0,0,1,1,7
6,6,0,6,10,4,6,2,6,14,4,0,8,9
0,0,3,7,5,7,0,5,6,5,1,1,2,4
1,0,0,0,0,1,0,0,0,2,1,3,0,0
1,0,3,0,0,2,0,0,2,3,0,0,0,0
4,1,2,2,4,4,0,3,4,4,1,1,2,2
1,1,2,5,0,0,0,0,0,0,0,0,0,0
5,0,2,5,4,5,2,8,1,9,3,2,2,4
5,2,0,6,9,3,1,3,1,10,2,1,2,2
1,0,0,0,2,2,1,1,0,0,0,0,0,0
1,3,1,2,2,3,2,3,1,3,2,1,0,0
3,0,0,3,1,1,0,4,1,0,0,0,0,0
1,0,1,0,0,0,0,2,0,0,0,1,2,4
1,1,0,1,0,1,0,0,3,2,0,0,0,0
2,3,1,0,4,6,0,6,2,6,1,2,3,9
13,9,7,10,22,19,6,11,13,19,4,8,8,4
2,0,1,1,0,0,0,0,2,4,0,1,1,4
2,2,0,0,4,3,3,4,0,4,2,2,0,0
2,1,0,0,2,2,1,1,1,1,0,1,2,10
0,0,0,1,2,3,2,0,0,0,0,0,0,0
6,1,3,7,19,13,4,3,5,18,3,1,5,10
1,0,0,2,1,2,0,0,0,0,0,0,0,0
0,0,2,4,4,0,2,0,2,0,1,2,1,2
0,0,0,1,0,1,0,1,0,2,0,0,1,4
0,1,0,3,0,2,2,3,0,2,0,0,3,3
3,3,0,5,7,5,4,4,0,6,2,0,0,0
6,1,1,4,11,5,4,3,1,5,2,1,11,22
1,0,1,0,6,5,1,1,0,4,1,2,0,0
2,4,2,1,5,4,3,0,1,3,1,0,4,13
1,1,0,0,2,2,0,0,0,1,0,0,3,10
0,0,0,2,0,0,0,0,3,2,0,3,7,24
0,0,0,0,5,1,2,1,0,0,0,0,0,0
0,0,1,0,2,1,0,0,0,0,0,0,3,2
3,0,1,4,2,1,0,1,4,1,0,0,0,0
1,1,1,0,0,0,1,3,2,4,3,1,4,6
3,0,1,0,1,1,0,0,0,1,4,1,2,2
0,1,0,1,2,4,2,1,0,0,0,0,0,0
2,0,1,1,2,2,0,1,2,2,1,1,1,2
0,0,0,0,0,0,0,0,0,1,0,0,2,5
5,5,4,5,9,9,5,3,3,7,4,3,4,13
2,3,0,0,3,4,0,3,1,2,3,2,0,0
1,0,0,0,0,0,0,0,1,2,0,1,3,13
0,1,0,1,0,0,0,0,0,2,0,2,1,13
3,0,0,2,0,2,2,3,0,0,0,0,0,0
2,0,1,2,2,2,1,2,1,2,0,0,0,0
0,0,0,0,0,1,0,1,0,0,0,1,4,9
1,2,2,1,1,3,0,0,0,0,0,0,0,0
0,0,0,0,2,3,0,0,0,0,0,0,0,0
2,0,0,2,3,2,1,1,1,1,0,1,2,5
1,2,1,1,1,5,2,7,2,1,2,2,1,12
0,0,0,0,1,0,0,0,1,2,1,1,0,0
2,1,0,0,1,1,2,3,1,5,2,1,0,0
0,0,0,0,0,0,0,1,0,0,1,1,5,10
1,0,0,0,1,1,0,0,2,5,2,1,0,0
3,0,2,7,10,11,4,11,3,6,0,2,4,11
0,0,0,0,0,0,0,0,0,0,0,0,0,5
1,0,0,1,0,0,0,2,1,1,1,0,0,0
18,13,24,22,21,14,9,22,9,23,11,0,8,23
0,0,1,2,3,1,0,0,0,0,0,0,0,0
3,1,0,1,4,1,1,1,1,1,0,4,6,14
1,0,2,2,0,2,2,1,1,3,1,1,0,0
1,4,3,2,7,11,1,5,4,6,0,3,0,5
0,0,0,1,1,0,0,2,2,1,0,0,0,0
0,0,0,0,1,0,0,3,0,0,4,1,1,3
1,0,1,2,1,2,1,1,0,0,0,0,0,0
0,0,0,0,3,1,1,0,0,0,0,0,0,0
0,0,0,4,2,2,1,3,3,5,1,1,0,0
1,0,0,0,3,1,1,0,1,0,0,1,1,3
1,1,2,1,1,1,1,2,0,3,1,1,0,0
0,0,0,0,2,2,1,1,1,2,0,0,0,0
3,1,3,9,10,7,2,2,5,9,0,0,0,0
0,0,0,0,0,0,0,1,0,1,1,2,1,6
2,1,0,1,0,1,1,0,3,2,0,0,0,0
1,1,1,3,2,4,0,0,0,0,0,0,0,0
2,1,2,2,1,3,0,5,2,4,0,0,0,0
0,0,1,1,1,1,1,0,0,0,0,0,0,0
2,0,0,2,2,2,0,0,0,0,0,0,0,0
1,1,4,4,4,4,0,5,2,6,2,2,0,0
0,0,0,0,1,0,0,0,1,2,0,1,4,10
2,0,0,3,0,1,2,1,1,2,1,0,0,0
0,1,0,0,3,0,0,3,1,4,0,0,0,0
1,0,1,3,1,1,1,2,0,0,0,0,0,0
0,0,0,0,4,0,0,2,0,4,0,1,4,5
1,1,2,4,0,2,1,3,0,0,0,0,0,0
1,0,3,0,1,1,1,1,0,6,1,3,0,0
5,0,1,4,11,3,2,4,3,7,1,1,2,3
4,2,0,1,2,1,1,3,3,3,1,1,2,1
0,2,1,1,6,2,5,9,7,6,4,1,7,13
1,0,0,0,1,0,1,2,0,4,1,1,1,4
0,0,3,2,4,0,1,2,0,1,0,1,3,7
1,2,0,3,1,2,1,1,0,0,0,0,0,0
0,0,0,2,1,0,0,0,2,1,2,2,1,2
1,0,0,0,0,0,0,1,1,1,1,1,0,0
3,1,0,4,2,1,2,4,3,3,2,1,4,17
0,0,1,0,1,2,0,3,2,6,1,0,3,4
0,0,0,0,0,0,0,0,0,2,0,1,1,11
3,1,0,1,3,2,1,0,1,4,0,0,0,0
0,0,0,2,4,1,0,0,0,0,0,0,0,0
1,0,0,2,4,0,0,1,0,2,1,4,0,0
0,0,1,1,0,1,0,3,0,1,0,1,1,5
1,1,1,2,3,1,0,0,0,0,0,0,0,0
2,1,0,4,4,1,0,1,0,1,1,3,0,0
0,0,0,0,0,0,0,0,1,0,0,1,1,5
0,0,1,2,2,1,2,1,3,2,0,0,1,6
0,0,0,0,1,1,1,3,1,2,0,0,0,0
0,0,1,2,1,0,0,3,3,1,0,0,0,0
0,0,2,4,6,3,4,5,2,6,3,3,5,7
0,1,0,0,0,0,1,1,0,0,0,1,2,2
0,0,1,3,1,3,1,1,1,1,0,0,0,0
2,2,0,0,1,3,3,1,1,3,1,1,3,4
0,2,0,0,0,0,0,2,0,0,1,0,1,4
3,3,1,1,6,4,1,6,0,0,0,0,0,0
1,0,1,3,0,2,1,2,0,0,0,0,0,0
4,0,0,2,2,3,1,7,2,2,1,2,1,2
9,5,10,9,19,14,11,11,9,11,6,5,6,7
0,0,2,0,0,2,1,2,1,2,0,0,0,0
4,0,0,2,1,6,0,3,2,0,0,1,2,4
0,0,0,0,1,0,0,0,0,0,0,1,1,6
1,0,0,0,1,2,1,1,1,2,1,1,3,2
3,0,2,0,2,3,1,2,1,3,0,0,0,0
1,0,4,6,6,6,0,4,0,2,4,2,1,2
0,0,0,0,0,0,0,2,0,1,0,2,2,10
1,0,0,0,2,3,1,1,2,2,1,2,1,2
1,0,1,0,1,0,1,0,1,1,1,1,1,1
1,0,0,0,0,1,0,1,1,1,1,1,0,0
0,1,2,3,4,1,2,9,6,13,3,2,7,5
0,0,0,0,4,2,0,0,0,0,0,0,0,0
0,1,0,1,1,3,0,0,0,0,0,0,0,0
0,1,0,1,0,2,2,2,0,0,0,0,0,0
0,0,0,1,0,0,0,0,1,0,2,0,0,11
0,0,1,0,3,0,1,2,0,5,5,3,3,11
1,0,0,0,3,4,1,2,1,3,0,0,0,0
1,0,0,1,0,0,0,0,0,0,0,0,2,8
2,0,1,0,1,4,0,0,0,0,0,0,0,0
1,0,1,0,2,1,0,4,1,2,1,1,0,0
0,0,0,0,0,0,0,0,0,0,0,0,1,6
7,2,3,6,14,9,4,12,5,14,5,3,2,8
2,2,1,5,15,13,3,8,2,12,1,2,3,10
2,0,0,4,2,6,0,3,3,6,0,0,0,0
0,0,0,0,1,1,0,0,1,1,1,2,5,19
2,1,0,0,0,2,0,2,0,0,0,5,3,1
0,0,1,0,0,1,0,0,0,1,0,2,15,19
2,0,1,0,2,5,2,3,2,6,3,1,1,10
5,1,1,2,2,3,2,6,2,5,2,5,0,0
3,0,2,1,3,2,2,4,1,5,0,2,0,6
1,0,0,0,0,0,0,1,1,1,1,1,0,0
0,0,0,0,0,0,1,4,0,0,0,0,0,0
0,0,0,0,0,0,0,1,0,0,2,1,6,15
2,0,0,0,2,2,0,2,3,3,0,0,0,0
0,0,0,1,0,1,1,1,1,1,1,0,2,6
1,1,0,1,1,0,0,0,1,2,1,1,0,0
0,0,0,0,0,0,0,0,0,1,0,0,5,9
0,0,0,1,1,1,1,2,1,0,0,0,0,0
1,0,0,0,4,1,1,1,0,1,0,2,3,17
0,0,0,0,2,4,1,5,3,0,1,0,1,4
2,0,0,3,3,4,1,4,1,2,1,3,0,0
2,2,2,1,1,1,1,3,0,1,0,1,1,3
3,1,1,2,7,2,2,7,3,4,2,1,1,2
1,2,1,1,5,3,4,14,5,9,5,2,14,13
5,0,1,3,5,1,2,2,1,5,1,1,1,2
13,2,8,26,20,28,16,13,12,12,7,3,5,6
1,1,1,1,1,0,0,2,1,2,0,0,0,0
2,0,0,1,3,0,0,2,0,1,0,0,0,5
1,0,0,0,1,1,0,2,1,3,0,0,0,0
0,0,0,1,1,0,1,1,1,4,0,0,0,0
1,1,1,2,2,0,0,0,0,0,0,0,0,0
0,0,0,1,0,3,2,0,2,4,0,0,0,0
3,3,3,5,7,7,6,5,5,12,7,5,8,18
0,0,0,3,2,3,0,0,0,0,0,0,0,0
1,0,0,0,0,0,0,0,0,0,0,0,0,18
4,2,4,12,6,9,3,10,8,7,2,3,3,6
0,0,0,2,2,3,0,1,6,11,0,1,2,4
1,0,0,1,2,0,0,0,0,2,1,0,0,6
3,0,0,2,1,2,2,1,0,0,0,0,0,0
1,0,0,3,0,8,0,3,3,2,2,1,1,1
2,2,6,10,13,8,5,9,5,13,1,1,4,6
3,0,1,2,4,1,1,1,2,6,1,0,0,0
0,1,0,0,0,2,0,1,3,1,0,0,0,0
2,1,2,3,3,3,1,2,0,3,1,3,0,0
3,0,0,4,8,8,3,5,3,3,1,2,1,7
2,0,1,2,3,2,1,1,0,0,0,0,0,0
10,2,7,10,11,11,3,9,4,14,2,2,4,20
1,0,0,1,1,0,0,2,1,1,2,1,1,1
1,1,1,0,0,1,1,0,2,2,1,1,1,1
2,0,4,2,4,4,2,6,3,10,3,4,2,9
0,0,2,3,0,3,0,2,1,2,0,0,0,0
0,0,0,4,5,3,4,2,2,10,1,2,7,12
2,2,1,1,3,1,2,3,2,4,2,3,2,5
3,1,1,1,1,1,0,0,0,0,0,0,0,0
3,1,1,1,0,0,0,0,0,0,0,0,0,0
2,1,3,0,0,0,0,0,0,0,0,0,0,0
0,0,0,0,2,3,1,0,0,0,0,0,0,0
4,2,0,1,3,1,0,2,1,7,1,2,2,2
0,0,0,1,1,1,2,3,0,0,0,0,0,0
0,1,1,1,0,1,0,0,3,2,0,0,0,0
2,0,1,0,5,2,3,2,2,2,0,0,0,0
0,0,0,0,1,0,1,1,1,0,0,1,3,7
1,0,1,1,2,1,1,0,3,2,0,0,0,0
1,0,0,1,1,3,0,0,0,0,0,0,0,0
1,0,1,2,4,2,0,2,3,3,1,1,2,2
2,1,1,0,5,2,0,0,0,0,0,0,0,0
1,0,0,0,1,1,1,3,0,1,3,2,4,10
3,0,0,3,3,1,2,2,0,0,0,0,0,0
1,2,3,3,4,3,4,7,7,8,4,1,2,13
2,1,0,0,0,2,0,2,2,2,0,0,0,0
1,0,0,0,0,0,0,2,1,2,0,0,0,0
0,0,0,4,4,1,2,1,1,4,0,2,2,1
2,1,3,1,0,2,0,1,2,4,4,4,4,15
1,0,0,0,0,2,1,2,1,3,1,1,0,0
2,0,0,2,0,0,0,2,1,2,1,0,0,0
4,1,1,13,4,3,4,4,4,1,0,1,1,7
1,0,0,2,2,1,0,1,1,2,0,2,2,1
0,0,1,1,0,1,0,1,1,1,0,0,4,8
0,0,1,3,4,3,2,0,2,2,1,2,0,0
2,0,1,3,2,2,1,4,3,3,1,1,0,0
2,4,1,0,2,1,2,2,2,8,3,2,0,0
2,1,2,1,3,1,1,5,2,3,0,0,2,4
1,2,1,5,3,5,4,3,1,7,3,3,1,7
2,1,2,2,3,3,0,0,0,0,0,0,0,0
0,0,0,0,0,3,1,1,2,5,1,1,1,6
0,0,0,3,0,1,0,2,1,2,0,0,0,0
0,0,2,4,2,5,4,3,1,8,3,0,4,5
0,0,0,0,1,6,0,0,0,0,0,0,0,0
0,3,0,1,4,5,3,1,3,3,4,4,6,14
2,1,0,2,2,4,1,2,2,3,0,0,0,0
0,0,0,0,0,1,0,0,0,0,0,1,1,6
3,1,0,2,0,2,0,3,0,3,1,1,0,0
6,3,7,3,8,19,6,10,9,16,6,5,6,13
1,1,0,1,2,3,1,3,0,0,0,0,0,0
0,0,0,0,0,0,0,0,0,0,0,1,3,1
1,1,1,0,0,2,2,3,0,0,0,0,0,0
2,1,1,0,2,0,0,1,4,3,1,0,0,0
0,0,0,0,0,1,0,1,1,2,1,0,0,0
0,0,0,1,0,2,0,5,1,2,1,1,1,6
2,2,1,0,0,0,0,0,0,0,0,0,0,0
1,0,1,0,2,0,0,1,2,3,1,0,0,0
0,0,0,0,0,0,0,0,0,3,0,0,3,10
2,1,0,1,3,1,0,0,0,0,0,0,0,0
3,3,1,9,9,5,8,13,5,12,3,1,2,12
3,0,1,0,1,2,1,3,0,0,0,0,0,0
1,1,2,2,6,5,0,4,0,3,0,0,2,3
6,0,4,8,7,13,1,4,8,5,2,1,2,8
0,1,1,2,2,2,0,1,3,2,0,0,0,0
0,1,0,1,2,3,0,3,1,1,2,0,0,0
2,0,0,2,1,4,1,1,0,0,0,0,0,0
0,1,0,0,3,4,2,3,2,5,2,3,1,6
0,1,1,0,4,1,0,0,0,0,0,0,0,0
4,0,0,0,2,1,0,1,0,3,2,0,0,0
1,2,1,1,0,0,0,0,0,0,0,0,0,0
0,0,0,0,3,1,0,1,2,5,0,4,2,12
2,0,0,2,1,2,1,1,0,0,0,0,0,0
0,0,0,4,2,2,0,3,1,4,1,0,1,4
2,0,0,1,1,0,1,1,0,1,0,0,2,4
0,1,0,1,0,2,1,1,1,1,1,1,1,2
2,1,2,0,1,0,1,1,3,4,1,1,1,1
0,1,0,1,0,2,1,2,0,0,0,0,0,0
0,0,0,0,0,1,0,0,1,1,0,0,2,6
0,1,0,3,0,1,2,1,0,3,1,3,4,11
1,0,0,0,1,0,2,0,4,1,0,0,0,0
2,2,2,3,4,5,1,1,1,6,1,1,4,8
2,1,6,6,4,6,7,3,3,4,2,0,1,5
1,0,3,1,9,2,0,5,4,3,3,0,2,14
1,0,0,0,1,2,2,0,0,0,0,0,0,0
0,0,0,2,0,2,0,3,0,1,0,0,3,9
1,1,0,0,0,3,3,1,0,0,0,0,0,0
1,0,0,1,0,2,0,2,0,0,0,0,0,5
1,0,1,5,1,5,1,3,0,0,0,0,0,0
6,1,4,9,11,13,5,8,5,7,3,4,0,11
1,1,1,0,2,0,1,1,0,2,1,2,2,7
0,0,0,0,0,0,0,0,0,0,0,0,0,8
3,2,1,0,0,0,0,2,1,2,0,0,0,0
0,0,0,1,0,2,2,3,1,8,1,1,2,8
1,0,0,2,3,4,0,0,0,0,0,0,0,0
1,0,0,3,0,1,0,2,1,2,1,1,4,20
0,0,1,1,0,0,0,0,2,3,0,0,0,0
13,5,5,8,11,8,5,11,2,9,0,2,2,3
0,0,2,0,2,3,2,4,1,5,2,1,2,6
0,0,0,0,1,0,0,1,1,1,0,0,2,6
2,1,1,0,3,0,0,2,2,2,2,1,0,0
0,1,0,3,5,1,2,7,2,17,5,3,2,15
2,0,1,0,1,2,1,5,0,5,1,4,2,5
1,0,0,0,0,0,0,2,1,2,0,0,0,0
3,1,1,9,5,5,3,4,8,6,3,3,5,5
2,0,1,1,3,1,3,2,5,11,1,1,4,9
1,0,0,0,0,0,0,0,1,2,3,1,2,8
4,2,2,2,2,3,0,0,0,0,0,0,0,0
5,1,0,2,2,6,1,2,1,5,1,2,3,16
1,0,0,1,2,0,2,1,2,2,2,0,0,0
0,0,0,0,5,3,0,2,2,2,1,0,2,4
2,0,1,0,0,1,1,3,0,0,0,0,0,0
0,0,0,0,0,0,0,0,0,3,0,2,0,6
1,0,2,0,3,3,1,3,0,0,0,0,0,0
0,0,0,0,1,0,0,2,1,2,0,0,3,6
1,2,3,3,2,3,2,1,1,0,3,2,0,0
2,2,0,0,3,2,2,3,3,1,3,1,1,1
1,1,1,0,1,0,0,1,2,1,1,1,0,0
2,5,2,2,3,4,7,5,4,5,1,1,2,4
2,1,0,0,3,2,3,2,0,0,0,0,0,0
0,0,1,0,0,0,0,0,1,0,0,0,4,5
4,0,0,2,4,2,2,3,3,2,0,0,0,0
2,0,0,0,0,1,0,1,3,1,0,0,0,0
0,0,0,0,0,0,0,0,0,0,2,0,5,21
2,2,0,0,1,0,1,0,2,3,0,0,0,0
0,0,1,3,2,0,3,1,1,0,0,0,1,4
3,1,1,0,0,1,0,1,2,3,0,0,0,0
5,2,0,0,0,0,0,0,0,0,0,0,0,0
1,0,1,1,0,3,2,4,1,7,0,0,0,5
1,0,0,1,2,0,0,0,1,2,1,1,0,0
0,0,1,0,0,0,0,2,1,5,0,0,0,0
0,0,0,0,0,0,0,0,0,0,0,0,2,7
2,0,0,1,4,1,3,3,1,7,2,1,0,0
1,0,2,0,0,1,0,2,1,2,3,1,0,0
1,0,0,1,1,0,1,0,0,2,0,3,4,20
1,1,1,2,1,1,1,0,1,2,0,0,2,9
0,0,0,0,3,1,0,2,1,2,0,0,0,0
0,0,0,0,1,1,1,0,0,4,1,1,0,0
2,0,0,0,1,3,0,1,1,6,0,0,0,0
2,2,1,0,2,3,3,4,4,7,0,0,0,0
1,0,1,4,3,5,4,2,1,3,1,1,1,4
0,1,1,0,1,0,0,0,0,0,0,0,1,4
2,3,0,1,2,3,3,1,0,0,0,0,0,0
1,0,1,2,4,1,1,2,4,3,1,2,2,17
16,11,12,17,28,33,11,14,21,24,11,7,5,16
0,0,0,0,2,2,0,3,1,0,0,0,2,3
0,1,0,0,1,2,1,4,1,3,0,0,0,0
2,1,1,1,0,0,0,0,0,0,0,0,0,0
0,1,0,1,7,2,2,3,3,2,2,0,1,6
2,1,1,1,0,2,0,1,1,1,0,1,5,15
1,3,1,2,4,2,1,1,1,1,0,0,0,0
0,1,1,0,1,0,0,3,0,3,1,1,2,3
0,0,1,0,1,2,1,1,1,2,0,2,2,2
7,2,0,2,4,3,0,0,0,0,0,0,0,0
1,1,5,1,5,10,2,3,2,3,0,0,3,6
6,6,6,8,9,12,7,5,5,10,5,1,5,2
0,0,1,1,1,3,0,0,0,0,0,0,0,0
2,1,1,3,4,3,3,2,3,11,1,0,2,5
0,0,1,1,1,2,0,2,1,3,0,0,0,0
0,2,0,1,0,0,0,1,1,5,1,0,0,0
1,1,1,2,2,4,0,0,0,0,0,0,0,0
0,1,1,1,2,2,0,2,1,1,1,1,4,3
0,0,0,0,1,2,0,0,0,1,1,0,2,4
0,0,0,1,1,4,0,0,0,0,0,0,0,0
1,0,0,1,6,2,2,2,2,0,0,0,1,4
1,2,1,1,0,2,1,1,1,3,1,1,0,0
0,1,0,4,3,1,1,6,5,6,2,1,2,11
2,0,1,6,6,5,1,1,1,1,0,0,0,5
0,1,2,2,3,3,2,2,1,1,2,1,0,0
1,1,2,1,1,1,0,0,0,0,0,0,0,0
3,3,0,2,2,3,0,0,1,2,0,1,1,5
0,0,0,2,1,1,0,1,1,1,1,1,0,0
0,0,0,1,1,0,0,0,0,1,0,0,3,2
0,0,0,1,1,0,0,0,0,2,1,2,0,0
0,0,0,1,3,1,0,0,0,0,0,0,0,0
0,0,0,3,2,0,0,1,2,1,2,1,0,0
1,0,0,1,1,0,0,0,0,1,0,1,2,7
0,0,1,2,0,0,0,2,2,7,1,0,0,11
0,0,0,0,0,0,0,2,0,2,0,3,5,11
2,1,0,1,5,1,0,2,6,6,2,4,2,6
1,0,0,0,3,0,1,1,1,2,0,0,0,0
1,2,1,8,12,6,0,3,3,5,1,1,2,3
4,2,3,0,0,6,2,1,3,3,2,0,3,2
0,0,1,0,2,2,0,2,1,2,1,3,1,1
3,5,1,3,5,6,1,4,0,4,2,1,1,4
1,3,1,5,3,15,5,15,10,28,5,6,5,11
0,0,0,0,0,1,2,3,0,0,0,0,0,0
1,1,1,1,3,1,2,1,0,2,0,0,5,4
1,0,0,1,0,1,2,3,3,6,0,0,0,0
0,0,0,1,5,6,1,1,0,0,0,0,0,0
0,2,2,3,3,2,2,6,3,10,3,1,4,2
3,1,2,2,1,0,0,0,0,0,0,0,0,0
1,0,0,0,1,0,1,3,3,1,0,0,0,0
6,2,2,4,12,9,2,6,6,5,3,3,0,0
0,1,0,0,0,1,0,0,0,1,1,0,2,6
0,0,0,0,0,1,1,5,0,1,2,2,0,0
2,3,0,0,0,0,0,0,0,0,0,0,0,0
0,0,0,0,0,0,1,0,0,1,0,1,6,16
0,1,0,0,0,4,0,0,1,1,2,4,1,1
4,1,4,7,7,3,0,0,0,0,0,0,0,0
0,1,0,2,1,2,1,1,1,3,1,1,2,4
0,0,0,1,0,1,1,1,0,1,3,1,0,0
0,0,0,0,1,0,1,0,2,1,1,2,0,0
0,0,0,1,2,2,0,0,0,0,0,0,0,0
0,0,0,0,0,0,0,1,1,3,3,1,2,4
1,1,0,1,1,1,2,7,3,5,0,0,0,0
5,0,0,2,0,1,1,3,0,0,0,0,0,0
0,0,0,2,1,3,0,0,0,0,0,0,0,0
1,0,1,1,2,5,3,2,1,1,0,0,0,0
0,1,2,1,1,2,0,0,0,0,0,0,0,0
2,1,1,2,3,5,6,7,4,15,10,8,3,12
0,0,0,2,2,0,0,2,2,1,0,2,3,4
0,0,2,4,1,7,3,7,6,11,4,3,2,7
1,0,0,0,0,1,0,1,1,2,1,0,0,0
1,0,0,0,0,0,0,1,1,1,1,1,0,0
0,1,0,0,1,0,0,0,0,0,2,1,1,1
1,1,0,0,0,4,0,1,1,4,0,0,0,0
0,1,0,0,1,1,0,0,1,3,1,0,0,0
0,1,1,2,1,0,0,0,0,0,0,0,0,0
2,1,3,4,1,4,1,3,0,1,2,3,4,9
1,2,1,4,0,0,0,0,0,0,0,0,0,0
0,1,0,0,0,1,0,0,0,3,1,2,0,0
0,0,0,0,0,0,0,1,1,5,0,1,5,16
0,0,0,1,0,3,0,0,0,3,0,2,2,2
0,0,1,1,1,1,1,1,1,1,0,0,0,0
0,0,2,1,2,1,1,0,2,4,0,0,0,0
5,2,2,3,4,4,3,2,2,7,3,2,1,1
1,1,1,1,3,5,2,6,3,7,3,2,4,4
0,0,0,0,1,0,0,0,0,0,0,0,3,8
0,1,0,1,0,0,1,0,0,1,0,0,2,5
0,0,0,0,2,1,0,1,1,2,1,1,0,0
0,0,0,1,2,1,1,1,0,0,0,0,0,0
1,1,0,0,1,0,1,1,3,2,0,0,0,0
0,1,0,1,2,1,0,0,2,1,1,2,0,0
0,0,0,0,0,0,0,0,0,2,1,3,3,6
1,1,1,1,3,3,3,2,0,0,0,0,0,0
1,0,4,2,8,5,1,5,3,8,0,1,3,3
0,1,0,1,4,1,2,2,0,1,1,1,1,3
0,0,1,1,4,2,2,1,1,0,0,0,0,0
4,0,0,2,2,6,1,2,1,3,2,2,1,2
0,0,0,0,0,1,0,1,1,1,2,2,0,0
4,4,1,4,10,5,2,4,1,4,0,0,0,5
0,0,0,0,0,0,0,0,0,0,0,2,6,13
3,0,1,0,2,5,1,2,0,2,1,1,1,1
1,0,0,2,3,1,0,2,1,2,1,1,0,0
2,0,1,0,1,0,0,3,1,2,0,0,0,0
1,0,0,1,2,1,1,0,0,0,1,1,3,6
0,0,0,1,0,2,2,3,0,0,0,0,0,0
0,0,0,1,3,1,0,0,0,0,0,0,0,0
1,0,0,1,2,1,1,0,0,0,0,0,0,0
0,0,2,0,3,2,3,2,3,16,2,2,4,7
0,0,0,0,0,0,0,0,0,0,0,0,0,7
4,1,2,2,7,6,1,3,3,3,1,1,0,0
0,0,0,0,3,1,1,1,1,0,0,0,0,0
2,1,0,1,3,2,1,0,0,0,0,0,0,0
0,0,0,0,0,0,0,0,0,1,1,0,4,5
0,1,2,2,3,3,1,3,5,14,3,2,4,5
0,0,0,0,1,3,1,0,1,4,0,0,0,0
0,0,0,1,3,1,0,0,0,0,0,0,0,0
0,2,1,0,2,2,0,1,0,0,0,0,2,7
0,0,0,1,1,2,0,1,0,4,1,0,0,0
1,0,1,0,1,3,0,4,1,2,1,0,8,16
2,1,0,0,0,0,0,0,2,3,1,2,2,3
0,0,1,0,0,0,0,0,0,3,0,1,5,24
1,1,3,0,0,0,0,0,0,0,0,0,0,0
13,6,10,14,20,11,5,14,7,13,6,4,1,19
0,0,0,1,1,1,1,2,1,0,0,0,0,0
0,3,0,0,0,0,0,4,1,0,0,0,0,0
2,0,0,3,1,3,4,4,2,9,1,1,4,6
1,0,1,0,2,2,0,1,1,3,0,0,0,0
8,0,4,4,2,2,1,6,5,3,0,0,1,4
5,5,2,3,8,5,8,8,6,8,4,2,5,21
1,0,1,0,3,3,1,1,1,0,0,0,0,0
1,0,0,5,2,2,1,3,1,4,1,0,3,2
2,0,0,2,2,1,1,2,3,1,1,1,0,0
2,2,0,1,0,1,2,1,1,4,0,3,2,4
1,0,0,2,1,4,1,2,2,4,0,2,3,2
3,1,3,0,4,4,1,2,0,0,0,0,0,0
7,6,8,11,15,19,3,10,4,19,9,3,8,8
0,3,1,0,2,1,3,2,0,0,0,0,0,0
0,3,3,5,3,6,5,5,3,5,0,2,1,5
2,1,0,1,1,0,0,2,0,0,1,0,1,4
0,0,1,2,2,1,0,0,0,0,0,0,0,0
1,0,0,0,0,1,0,3,1,1,1,0,0,0
0,0,1,0,2,0,1,1,0,2,2,0,2,9
0,0,0,0,2,3,2,3,1,1,0,0,0,0
1,0,1,1,2,2,0,1,1,1,6,0,3,2
0,2,1,2,0,0,0,0,0,0,0,0,0,0
1,0,0,0,1,2,0,0,0,4,1,2,2,5
4,1,1,8,6,7,2,6,1,4,3,2,0,5
0,1,1,1,4,1,3,2,4,3,2,1,1,2
0,1,1,3,0,2,1,2,1,0,0,0,0,0
0,0,0,0,0,0,1,1,1,2,0,0,0,0
0,0,1,0,3,0,0,3,0,3,1,1,0,0
0,0,0,0,0,2,1,3,0,0,0,0,0,0
1,0,0,0,1,2,2,0,0,1,0,2,1,6
2,1,0,3,3,0,2,1,0,0,0,1,1,3
0,0,0,0,0,0,0,1,2,2,0,0,0,0
0,0,0,0,0,0,0,0,1,1,0,1,2,19
6,1,4,3,0,3,0,3,0,7,0,0,0,0
0,0,0,0,0,0,0,0,0,1,0,0,2,3
1,2,2,1,1,1,1,0,0,0,0,0,0,0
5,0,0,0,0,0,0,0,0,0,0,0,0,0
1,1,0,1,5,1,1,1,1,0,0,0,0,0
1,0,0,0,0,0,0,0,0,1,0,0,2,5
2,1,1,1,0,0,0,0,0,0,0,0,0,0
0,1,0,3,1,1,0,0,0,0,0,0,0,0
5,1,8,10,16,12,12,18,11,18,9,8,8,23
2,1,0,1,0,0,0,2,0,4,1,2,1,10
2,0,2,2,3,8,7,10,8,24,6,5,14,18
2,1,0,1,2,4,0,1,2,6,0,1,2,16
0,1,0,0,2,2,0,0,0,1,1,0,2,5
0,0,0,0,0,0,0,0,0,0,0,1,0,7
1,0,0,0,1,0,2,1,1,1,0,1,2,2
0,0,0,0,1,2,0,3,1,1,0,0,0,14
1,0,0,0,3,2,0,3,1,2,2,0,3,4
4,1,0,1,4,2,0,2,1,2,0,1,2,2
1,1,0,2,3,2,0,2,1,3,0,0,0,0
2,1,1,4,3,7,4,8,2,6,4,2,5,10
1,0,3,0,3,5,5,3,2,3,0,0,0,0
10,4,6,14,7,8,2,3,6,7,5,1,2,3
0,0,0,1,2,2,0,1,1,3,0,0,0,0
6,1,3,5,7,9,1,7,7,6,2,1,2,6
1,0,0,0,1,0,0,1,0,1,1,1,1,1
1,0,1,0,3,5,2,5,5,5,4,3,5,7
1,1,0,2,1,1,0,1,1,3,0,0,0,0
2,0,0,0,3,1,1,0,0,0,0,0,0,0
4,0,0,1,1,1,0,0,0,1,1,0,3,3
1,0,1,1,2,1,2,2,0,0,0,0,0,0
0,0,1,0,0,1,0,1,1,7,0,0,5,12
1,1,1,1,2,3,0,0,0,0,0,0,0,0
0,0,0,2,1,2,0,0,0,0,0,0,0,0
0,1,0,0,2,3,0,0,0,0,0,0,0,0
0,0,0,0,1,0,0,0,0,0,0,1,2,14
7,4,4,11,8,10,5,4,7,11,6,5,5,12
0,4,2,0,0,0,0,0,0,0,0,0,0,0
0,0,0,1,2,2,0,0,0,0,0,0,0,0
1,2,2,0,4,1,1,1,2,2,0,5,1,8
1,0,0,3,1,0,1,0,0,1,0,0,2,3
0,1,0,2,0,1,1,1,0,1,0,0,1,4
0,0,0,1,0,1,1,2,1,0,0,0,0,0
0,0,0,4,0,1,3,5,1,5,0,2,1,7
0,3,4,2,0,3,0,2,0,6,0,2,2,10
0,0,0,0,0,0,2,0,0,0,0,1,3,1
0,0,0,0,1,1,0,1,1,2,1,2,0,0
0,1,0,1,1,0,0,1,1,1,0,0,0,6
1,0,3,2,3,1,0,0,0,0,0,0,0,0
1,0,1,0,1,3,1,0,0,3,3,2,7,13
2,1,1,0,4,3,0,0,0,0,0,0,0,0
0,1,0,0,5,2,0,0,0,0,0,0,0,0
4,1,0,4,3,8,2,6,2,5,3,1,2,5
2,0,0,0,1,3,2,1,0,0,0,0,0,0
2,2,0,0,3,1,1,2,1,0,0,0,0,0
1,0,1,1,2,3,0,0,0,0,0,0,0,0
2,1,2,2,1,1,0,3,2,1,0,2,2,14
0,1,1,1,1,0,1,2,1,1,1,0,0,0
0,0,0,0,0,0,0,0,0,0,0,0,1,14
0,0,1,0,1,3,1,3,1,0,0,0,0,0
6,1,1,7,3,2,6,6,1,6,5,1,2,4
0,0,0,0,0,0,0,0,1,3,2,0,0,0
0,0,0,0,2,0,0,0,0,2,0,0,0,9
0,0,0,0,0,0,0,1,0,1,2,1,6,17
0,0,1,3,1,2,3,2,3,8,3,4,2,4
0,0,0,0,1,0,0,1,2,5,1,0,0,0
1,0,1,2,6,5,2,3,5,17,4,4,5,14
4,0,0,2,8,8,0,6,4,5,3,2,1,9
1,1,3,1,1,2,0,1,2,1,1,0,0,0
1,0,0,1,0,4,0,5,0,6,1,0,4,8
0,0,1,1,2,0,1,0,2,3,1,0,0,0
1,0,0,0,3,0,1,3,1,0,0,0,0,0
7,2,5,10,10,6,9,9,7,10,0,4,5,19
1,0,0,1,3,2,0,3,3,3,1,1,5,12
3,1,0,2,5,5,2,8,5,8,3,2,2,8
1,0,0,1,3,9,1,2,0,5,1,3,11,14
1,0,0,1,0,2,2,1,1,1,1,0,0,0
4,1,0,0,0,0,0,0,0,0,0,0,0,0
2,1,2,2,5,5,2,5,4,8,4,1,3,4
0,0,0,0,2,1,1,1,1,1,1,0,0,0
0,1,0,1,0,3,3,1,1,1,1,0,0,0
0,0,1,1,1,1,0,0,0,0,0,0,1,11
0,0,0,1,2,1,1,0,0,0,0,0,0,0
33,11,8,26,31,18,9,17,12,29,6,2,6,16
0,0,1,1,1,1,1,1,1,0,0,0,0,0
2,0,2,3,0,2,0,0,1,5,1,0,2,5
0,0,1,0,1,2,1,1,0,0,0,0,0,0
2,2,0,0,0,2,1,2,1,0,0,0,0,0
0,1,2,2,2,4,2,3,2,5,1,2,6,19
1,1,1,3,2,1,0,0,0,0,0,0,0,0
2,0,5,4,6,4,4,2,2,5,4,4,2,2
2,1,0,0,2,1,1,1,2,1,1,0,0,0
0,0,0,0,2,0,0,2,0,2,2,3,0,5
0,0,0,0,1,3,2,2,2,0,0,0,0,0
1,0,0,3,1,2,0,0,0,0,0,0,0,0
0,0,1,0,0,0,0,0,0,1,1,0,1,14
0,2,0,1,4,2,1,3,7,7,1,1,1,4
0,0,1,1,1,0,0,3,1,1,1,0,0,0
1,3,2,4,1,7,2,5,5,7,1,2,1,5
0,0,0,0,0,0,1,0,0,0,0,1,4,4
0,0,1,0,1,1,1,2,0,0,0,0,0,0
0,0,0,0,1,1,1,2,1,5,1,0,0,0
2,0,1,1,3,3,0,1,1,2,0,5,0,8
0,0,0,0,0,0,0,0,0,0,0,0,1,11
1,1,2,0,2,4,0,2,1,1,1,0,0,0
1,1,1,3,1,3,1,0,0,0,0,0,0,0
0,0,2,2,3,4,1,1,3,3,0,1,0,5
1,1,0,1,1,3,1,4,3,10,2,1,2,4
3,1,0,1,1,3,4,3,0,0,0,0,0,0
4,2,2,8,2,1,1,1,2,4,4,7,1,8
0,0,1,0,1,3,1,0,0,0,0,0,0,0
0,1,0,4,3,0,1,9,2,4,3,1,2,12
0,1,0,2,2,2,0,0,0,0,0,0,0,0
0,2,0,0,0,3,1,1,0,0,0,0,0,0
4,1,3,2,1,2,0,1,2,4,2,0,0,0
1,0,0,0,1,0,1,0,0,1,0,1,1,16
0,0,0,0,0,0,0,0,0,1,0,0,4,5
7,2,1,3,5,5,2,3,3,4,2,0,0,0
2,1,1,4,7,4,0,4,3,3,3,0,6,15
4,1,2,4,5,5,0,6,3,8,5,1,7,10
15,3,9,12,10,15,6,10,6,13,4,5,8,20
1,2,1,1,1,2,0,0,0,0,0,0,0,0
3,4,0,0,0,0,0,0,0,0,0,0,0,0
0,0,1,2,2,4,2,2,2,8,5,0,7,5
1,2,2,2,4,1,1,0,0,0,0,0,0,0
1,0,0,1,1,2,1,0,1,3,1,0,0,0
0,0,0,0,1,1,1,4,2,3,2,0,0,0
1,1,2,0,2,1,0,2,1,1,1,0,3,3
2,0,0,1,0,0,0,0,0,2,1,1,1,4
0,1,1,3,2,3,2,4,4,6,1,1,7,9
1,0,1,1,3,0,0,2,2,2,1,0,0,0
1,0,1,2,1,3,2,1,1,1,1,0,0,0
0,0,1,0,2,2,0,0,3,1,1,0,0,0
0,0,0,3,2,2,0,0,0,0,0,0,0,0
2,0,2,1,0,1,1,2,3,1,1,0,0,0
0,0,1,0,1,1,2,1,2,2,1,2,2,3
5,1,0,0,0,0,0,0,0,0,0,0,0,0
1,2,0,0,0,3,1,1,1,4,1,4,1,4
1,0,0,1,1,1,2,2,1,0,0,0,0,0
1,1,0,2,2,1,2,0,3,4,2,3,3,6
0,0,1,4,1,0,1,2,1,2,2,0,2,5
13,9,6,17,10,14,3,13,4,24,5,5,4,20
1,3,2,0,1,1,0,3,1,3,1,0,0,0
0,0,0,0,1,2,0,1,0,1,1,5,3,9
1,4,0,0,1,2,2,2,1,0,0,0,0,0
1,0,0,3,4,0,0,0,0,0,0,0,0,0
0,0,0,0,0,1,1,0,1,2,1,2,4,10
1,0,1,2,1,3,1,0,0,0,0,0,0,0
0,0,0,2,1,2,1,1,3,4,1,1,0,8
0,0,0,1,0,0,0,2,0,0,0,0,2,3
0,0,1,0,2,2,0,2,2,0,2,0,1,5
2,3,0,2,5,4,1,3,3,12,1,3,7,9
6,3,2,6,11,8,3,5,3,13,0,2,3,1
0,0,1,0,2,1,1,2,0,0,0,0,0,0
3,4,3,3,4,4,0,1,3,3,1,0,0,0
0,0,0,0,0,0,0,0,0,0,0,1,1,4
1,0,1,2,0,0,0,1,1,2,1,0,0,0
1,0,2,1,2,1,3,1,1,0,0,0,0,0
1,1,1,0,2,3,0,1,1,7,2,1,1,5
1,0,1,3,2,1,4,1,2,2,1,1,1,3
0,0,0,0,4,0,1,1,0,2,0,2,4,14
3,0,0,2,5,3,2,7,4,16,4,3,5,14
0,1,2,2,0,3,2,1,1,0,0,0,0,0
1,0,1,3,1,2,0,0,0,0,0,0,0,0
0,0,0,0,2,2,1,1,0,0,0,0,0,0
2,1,2,3,6,6,2,1,3,6,2,1,4,23
2,1,4,1,3,1,0,2,2,1,2,0,0,0
4,1,0,2,0,2,0,3,0,3,2,0,0,0
0,0,0,0,1,1,1,0,3,5,1,0,0,0
20,4,9,18,31,24,14,14,18,15,4,8,6,10
3,2,1,1,3,1,0,0,2,1,0,1,2,2
0,0,0,2,2,2,0,0,0,0,0,0,0,0
3,0,0,2,6,1,2,4,0,0,0,0,0,0
0,0,2,3,3,2,0,1,0,2,1,2,1,2
0,0,0,0,0,0,0,0,0,0,1,1,2,16
1,2,0,2,0,2,0,4,2,2,2,0,3,5
0,0,2,1,0,0,1,5,2,4,1,4,6,20
5,2,4,5,2,5,7,1,4,4,3,2,2,4
1,0,0,0,2,0,1,1,1,3,1,0,0,0
13,2,7,7,11,17,6,10,9,23,6,5,5,11
0,0,3,1,2,5,1,1,1,0,0,0,0,0
3,0,0,2,1,1,2,0,0,0,0,0,0,0
1,0,1,1,4,1,3,8,5,5,2,5,0,5
1,0,0,0,0,1,1,0,0,1,1,1,3,6
2,0,1,4,4,3,3,2,4,3,1,0,0,0
1,1,2,0,0,3,0,3,1,1,1,0,0,0
3,1,0,0,0,2,1,2,1,0,0,0,0,0
0,0,0,2,0,0,0,1,1,2,1,0,0,0
1,2,1,0,1,4,1,0,0,0,0,0,0,0
1,0,0,1,0,1,0,3,4,4,1,1,1,9
6,2,5,13,15,19,7,6,7,11,8,1,3,10
2,1,1,0,0,0,0,2,1,4,1,0,0,0
1,0,0,1,1,1,2,2,2,8,1,0,11,7
1,2,0,0,1,1,1,3,0,0,0,0,0,0
0,1,0,2,2,3,0,0,0,0,0,0,0,0
2,2,1,1,5,5,1,0,3,3,1,0,2,5
1,0,0,1,0,1,0,0,1,4,0,2,4,4
0,0,1,0,0,1,1,1,1,1,2,0,0,0
2,0,0,1,0,1,0,0,2,2,1,0,0,0
0,0,0,0,3,2,1,0,0,0,0,0,0,0
3,2,4,2,7,9,7,8,4,13,7,8,1,14
1,1,0,1,2,0,1,1,2,0,1,2,2,4
0,0,0,1,1,1,1,1,3,2,2,0,0,0
3,1,2,3,3,3,0,5,3,4,1,1,3,2
1,0,1,2,1,3,0,0,0,1,1,1,2,1
5,2,1,2,5,3,2,4,0,4,2,1,1,5
1,0,0,1,2,2,1,1,1,3,0,1,1,3
0,1,0,0,0,0,0,0,0,4,3,2,2,10
0,1,0,0,0,0,0,1,1,2,1,0,0,0
2,4,2,5,1,9,0,2,3,2,0,2,2,2
1,1,1,2,4,4,3,4,4,14,5,6,2,13
15,5,3,19,22,10,10,26,12,22,8,8,4,15
0,0,0,0,0,1,0,1,2,1,0,3,7,19
0,0,1,0,2,1,2,0,0,0,0,0,0,0
0,0,0,0,0,1,1,0,3,4,1,0,0,0
1,1,0,1,1,0,0,0,1,3,1,0,0,0
2,1,3,2,2,4,2,1,5,3,0,5,4,11
1,1,3,0,1,2,0,2,3,2,1,3,1,4
1,0,1,0,1,0,0,1,1,2,1,0,0,0
2,1,0,4,5,1,1,2,3,7,2,2,1,4
1,1,0,0,1,1,1,1,1,0,0,0,0,0
0,0,0,2,1,1,0,3,1,4,1,0,0,0
2,0,1,0,3,1,1,2,2,1,2,0,0,0
0,0,0,0,3,1,1,0,0,0,0,0,0,0
1,0,1,1,5,3,0,2,1,3,2,1,1,3
3,2,4,2,2,6,1,4,3,1,1,1,6,11
0,0,0,0,0,2,0,0,0,1,2,1,1,2
1,0,0,4,1,9,1,9,3,14,4,4,11,22
0,1,1,1,2,0,1,3,1,0,0,0,0,0
0,0,1,1,2,1,2,1,1,0,0,0,0,0
1,0,1,1,8,4,0,7,11,13,4,4,4,10
1,0,0,0,0,1,0,0,2,0,0,1,4,17
0,0,1,1,2,3,0,1,0,2,3,0,0,0
0,0,1,0,2,3,2,1,1,3,1,0,0,0
0,1,1,3,7,2,1,7,1,10,3,1,2,10
0,1,0,0,1,2,1,1,0,0,0,0,0,0
0,1,1,1,1,1,0,0,0,0,0,0,0,0
0,0,0,2,1,2,0,0,0,0,0,0,0,0
1,0,0,0,2,0,0,2,1,1,2,0,0,0
0,0,0,2,0,5,1,1,3,3,0,1,3,7
1,1,2,1,0,1,1,0,2,4,1,0,0,0
0,0,0,1,3,0,0,1,1,2,0,0,3,2
1,1,0,0,1,3,1,1,1,0,0,0,0,0
1,0,0,1,1,3,1,2,2,3,1,0,0,0
1,1,1,1,1,2,1,1,1,2,2,0,0,0
5,0,4,2,2,6,2,8,1,4,1,0,0,0
4,2,2,3,8,7,0,5,7,5,3,8,5,18
0,1,0,1,0,3,1,2,1,1,1,0,0,0
0,0,1,3,2,1,1,3,2,5,5,2,9,14
1,0,0,5,3,2,0,2,3,2,1,0,0,0
13,2,3,13,8,11,3,7,5,15,3,3,5,13
16,3,10,18,15,20,5,20,9,15,8,5,7,9
0,0,0,2,2,0,0,4,1,3,1,0,0,0
14,2,9,29,34,32,12,17,13,19,5,8,8,14
1,0,1,1,4,2,0,0,0,0,0,0,0,0
0,0,0,0,0,0,0,0,0,0,0,0,0,7
1,0,3,1,3,0,2,1,2,0,0,0,0,0
1,1,0,1,2,0,0,3,2,0,0,0,0,0
0,1,3,4,2,1,3,1,2,4,4,2,3,18
1,1,1,2,0,2,2,1,1,0,0,0,0,0
0,0,1,2,0,1,0,2,1,1,1,0,0,0
0,0,0,0,2,0,1,1,2,4,2,0,0,0
1,0,0,0,2,4,0,3,1,4,2,1,2,2
0,0,0,0,0,0,0,1,0,0,0,0,1,6
0,2,2,1,2,1,1,4,1,2,3,1,2,11
3,0,2,2,2,3,2,2,0,2,0,1,3,3
1,2,0,1,1,3,0,2,0,2,1,1,2,4
0,0,1,0,0,2,1,2,1,1,1,0,0,0
0,0,0,0,0,0,0,0,1,0,0,0,3,6
3,0,2,0,2,5,0,4,5,4,4,1,2,11
2,1,1,2,3,6,7,5,2,7,3,3,4,16
0,0,0,0,0,0,0,1,0,1,0,1,1,10
1,0,0,0,0,0,0,0,1,3,1,0,0,0
0,0,0,1,2,0,0,2,2,3,0,0,0,0
4,0,0,0,0,0,2,7,0,0,0,0,0,0
2,1,0,1,4,3,1,3,0,0,0,0,0,0
0,0,1,1,1,4,0,3,4,1,1,0,0,0
0,0,0,2,2,1,1,2,0,8,2,0,0,0
0,0,0,0,2,1,0,3,2,3,3,3,4,7
0,0,1,1,0,5,1,1,1,0,0,0,0,0
0,0,0,2,0,3,2,3,2,1,1,0,0,0
1,1,1,2,1,0,0,0,0,0,0,0,0,0
1,1,3,2,3,7,0,5,2,4,0,2,1,4
1,1,0,0,0,1,1,0,2,5,0,0,3,3
1,0,1,0,2,2,1,2,0,0,0,0,0,0
0,0,0,0,0,0,0,0,0,0,0,0,1,4
1,0,0,0,4,4,0,2,1,1,1,0,0,0
1,1,1,2,2,2,1,2,2,0,0,0,0,0
0,1,0,0,1,1,3,1,1,0,0,0,0,0
0,1,0,0,2,3,0,4,3,1,1,1,1,2
1,0,0,1,1,0,1,1,3,0,0,0,0,6
0,0,0,0,0,1,0,1,0,1,1,2,0,6
1,0,0,1,1,1,0,1,2,1,1,0,0,0
0,0,0,2,1,3,0,0,0,0,0,0,0,0
0,1,0,1,0,0,0,0,2,1,0,1,1,6
0,0,0,0,0,0,0,0,0,0,0,0,1,24
0,1,1,3,1,0,0,0,0,0,0,0,0,0
2,0,0,3,2,3,1,0,0,0,0,0,0,0
0,0,0,1,3,1,0,0,0,0,0,0,0,0
0,0,0,0,0,0,0,0,0,0,0,1,0,6
0,1,1,1,1,1,1,0,0,0,0,0,0,0
4,0,0,1,2,1,0,2,2,3,1,0,0,0
0,0,0,0,0,0,1,0,2,2,1,0,0,0
0,0,1,1,1,1,1,0,0,0,0,0,0,0
0,0,0,1,0,1,0,1,0,0,2,2,10,21
0,1,1,1,2,2,2,2,1,1,1,0,0,0
0,0,1,0,1,0,2,0,0,4,2,1,3,1
2,1,3,0,0,0,0,0,0,0,0,0,0,0
3,1,1,0,4,1,0,3,2,0,0,0,0,0
0,0,0,0,1,3,1,0,0,0,0,0,0,0
2,0,0,2,3,1,0,0,0,0,0,0,0,0
10,4,6,10,11,12,7,7,5,16,2,1,2,8
0,0,0,0,0,0,0,1,0,0,1,0,3,2
1,0,0,1,1,0,1,2,1,2,2,0,0,0
1,1,0,0,0,1,1,0,0,0,0,1,1,6
0,1,1,3,2,5,1,0,0,0,0,0,0,0
0,0,0,0,0,0,2,3,0,0,0,0,0,0
1,1,1,1,0,0,2,0,2,2,1,0,0,0
2,3,0,3,5,2,0,3,0,5,1,0,0,0
0,0,1,0,1,0,0,0,0,1,0,1,3,1
4,0,1,0,1,3,3,2,4,1,1,0,0,0
2,1,2,0,0,1,1,0,2,3,0,0,0,0
0,0,1,1,2,4,0,0,0,0,0,0,0,0
2,1,1,1,1,0,0,0,0,0,0,0,0,0
0,1,0,0,0,2,1,2,0,0,0,0,0,0
1,0,0,2,2,2,2,1,0,0,0,0,0,0
1,0,0,0,2,1,2,3,2,9,0,1,3,8
1,0,1,1,1,5,1,5,5,7,3,2,2,7
2,0,0,3,1,1,1,0,0,0,0,0,0,0
0,0,0,0,0,1,0,1,0,0,0,0,0,6
0,0,0,1,1,1,0,1,1,2,1,0,0,0
0,0,2,0,5,3,0,1,0,1,2,1,1,1
1,0,0,5,0,0,0,0,0,0,0,0,0,0
1,0,1,1,2,2,1,0,0,0,0,0,0,0
1,0,0,2,1,3,0,0,0,1,1,0,3,12
0,0,0,0,0,1,0,1,1,3,0,1,5,15
2,2,0,1,1,2,1,0,0,0,0,0,0,0
1,0,0,1,1,3,1,1,1,0,0,0,0,0
2,2,0,1,1,2,2,2,1,0,0,0,0,0
1,0,0,0,2,2,5,1,1,0,0,0,0,0
2,0,0,2,3,2,0,0,0,2,0,1,1,3
4,2,0,3,3,3,2,3,2,4,2,0,1,4
0,0,0,1,2,1,2,1,0,0,0,0,0,0
0,1,0,1,2,0,2,1,2,1,1,0,0,0
1,1,0,1,1,2,2,0,0,0,0,0,0,0
0,1,3,0,2,0,2,2,1,4,1,0,0,0
0,0,2,0,4,3,0,1,1,1,0,1,2,3
0,0,1,2,4,1,1,0,0,0,0,0,0,0
1,0,1,0,2,3,1,1,2,2,3,1,3,14
2,0,0,0,1,1,0,3,3,0,0,0,0,0
0,0,0,0,0,1,1,1,2,1,4,1,1,3
0,1,0,0,0,1,2,0,0,2,1,0,4,8
2,0,2,0,3,2,1,0,0,0,0,0,0,0
0,0,0,2,0,2,0,1,0,0,0,0,2,5
6,2,0,4,1,8,1,3,5,5,1,5,2,13
2,0,1,1,3,0,0,1,0,2,2,2,7,18
0,0,0,2,0,2,0,0,1,2,3,1,1,1
0,1,2,0,1,3,2,1,2,2,1,0,0,0
3,0,0,0,2,1,0,3,3,7,0,2,5,19
1,2,0,1,0,1,1,2,1,1,2,0,0,0
0,0,1,2,1,3,1,1,1,2,1,2,2,1
0,0,1,1,1,2,0,0,0,0,0,0,0,0
0,0,0,0,3,0,0,0,0,1,0,0,1,7
0,0,0,4,2,3,1,3,1,0,0,0,0,0
9,5,7,6,7,11,6,10,8,14,2,3,2,3
0,0,0,1,0,1,3,1,1,0,0,0,0,0
8,1,4,4,13,5,8,7,2,7,2,3,2,8
0,1,0,2,0,1,2,2,2,0,0,0,0,0
2,0,0,1,1,1,0,0,0,0,0,0,2,3
1,1,1,3,2,1,1,0,0,0,0,0,0,0
0,0,0,0,0,0,0,1,0,1,1,1,2,13
2,3,2,3,5,3,2,6,3,5,0,3,4,3
0,1,1,1,2,1,1,0,0,0,0,0,0,0
1,0,0,0,2,1,2,0,2,3,1,0,0,0
14,4,7,13,25,23,9,17,15,18,11,13,4,16
0,0,0,2,3,3,1,2,0,0,0,0,0,0
0,0,0,0,0,0,1,2,0,2,1,3,2,4
0,0,1,0,0,3,1,0,2,1,0,0,2,3
0,0,0,1,1,0,0,2,3,4,2,2,2,2
4,1,1,3,1,1,2,0,0,0,0,0,0,0
2,1,0,0,2,3,0,0,0,0,0,0,0,0
5,2,4,4,11,9,5,13,7,17,6,5,4,5
3,3,4,7,5,9,3,7,6,4,1,3,2,3
0,1,3,1,0,0,0,0,0,0,0,0,0,0
4,1,1,0,0,0,0,0,0,0,0,0,0,0
11,4,3,9,9,18,5,4,7,14,3,4,5,13
1,1,0,2,4,3,0,1,2,5,1,0,0,0
0,0,0,0,1,0,0,0,0,2,2,1,5,15
0,0,0,0,1,2,0,1,0,3,1,6,4,14
0,0,0,1,2,3,2,2,3,4,1,0,0,0
2,0,0,2,0,3,1,4,2,5,2,2,2,5
1,0,1,0,4,3,0,0,0,0,0,0,0,0
0,2,1,1,1,2,1,0,0,0,0,0,0,0
24,12,12,27,43,31,20,34,15,35,11,8,11,22
1,0,1,0,1,2,2,0,1,2,2,2,1,1
1,1,0,1,1,3,1,0,2,0,0,0,1,4
0,0,0,1,1,3,3,1,0,0,0,0,0,0
1,0,0,2,1,1,2,2,1,0,0,0,0,0
0,0,0,0,0,0,0,1,0,0,0,1,1,12
0,0,0,0,1,0,0,4,2,3,1,0,0,0
6,0,2,1,4,2,1,0,1,1,0,1,3,5
1,0,0,1,4,1,0,0,3,2,1,0,0,0
0,0,0,0,0,1,0,0,1,3,0,2,3,13
1,0,1,0,2,2,1,0,0,0,0,0,0,0
0,0,0,0,1,0,0,2,0,0,0,1,0,10
0,1,0,0,3,1,1,0,0,0,0,0,0,0
0,0,0,2,1,3,0,0,0,0,0,0,0,0
2,1,1,6,5,2,2,0,0,6,1,1,4,1
0,0,0,0,1,2,1,2,0,3,0,3,4,10
1,1,3,1,2,0,0,0,0,0,0,0,0,0
5,2,2,5,3,1,3,4,5,6,2,3,1,4
0,2,1,1,0,3,0,3,1,3,2,0,0,0
0,0,0,2,2,1,1,2,1,1,1,0,0,0
1,1,3,0,0,0,0,0,0,0,0,0,0,0
0,1,0,0,0,2,0,1,3,3,2,0,0,0
0,0,0,0,1,0,1,0,1,1,0,1,2,16
0,0,0,0,2,0,0,2,1,0,1,1,1,8
0,0,0,0,0,0,0,0,0,2,1,1,4,15
0,0,0,0,2,1,1,1,0,0,0,0,0,0
1,0,0,1,2,3,1,1,0,0,0,0,0,0
4,1,0,2,3,3,1,3,1,3,1,0,0,0
3,1,1,3,2,3,0,2,1,1,1,0,0,0
0,1,0,0,0,0,0,1,2,1,1,0,0,0
7,3,3,7,4,6,2,8,7,7,2,3,2,2
1,0,0,0,0,1,2,3,0,0,0,0,0,0
1,0,0,2,2,1,0,2,0,5,1,2,6,14
0,0,0,0,0,0,0,0,0,0,0,0,0,6
0,1,1,0,0,0,2,2,2,2,1,0,0,0
1,2,0,0,0,0,0,1,2,0,0,0,4,6
1,0,0,1,2,1,0,4,1,4,2,0,0,0
2,0,1,1,3,1,1,0,1,3,2,0,1,14
0,1,0,2,1,4,0,1,1,2,3,1,0,7
1,1,0,1,3,2,1,0,0,0,0,0,0,0
5,2,0,3,2,4,1,3,2,9,2,3,3,15
0,0,0,2,2,1,2,1,2,2,1,0,0,0
2,0,0,1,4,3,1,5,3,8,0,1,4,10
1,1,0,0,3,1,2,0,0,0,0,0,0,0
0,0,0,0,0,1,2,1,1,0,0,0,0,0
1,2,1,2,5,8,8,11,7,17,7,12,12,16
4,0,0,5,3,2,2,1,3,1,1,0,0,0
1,2,0,0,0,0,0,0,0,1,0,1,2,2
4,2,2,2,7,6,1,9,3,2,0,1,1,3
2,0,0,0,2,2,1,0,0,0,0,0,0,0
0,0,2,1,2,4,1,3,1,0,0,0,0,0
2,1,0,0,0,6,1,0,0,0,0,0,0,0
0,1,1,7,2,6,2,5,3,8,1,0,2,6
1,1,0,3,4,2,4,6,6,13,4,2,6,9
1,1,2,0,1,4,0,0,0,0,0,0,0,0
1,0,0,1,2,0,1,1,1,1,1,0,0,0
5,0,0,3,2,2,2,2,1,3,0,1,3,1
1,1,0,1,5,2,1,3,1,0,0,0,0,0
1,0,0,0,2,0,0,0,1,3,1,0,0,0
0,0,0,0,0,0,0,0,0,0,1,0,3,3
0,1,0,2,1,0,1,2,2,0,0,0,0,0
0,1,1,0,1,0,1,3,1,1,1,0,0,0
2,0,2,0,3,0,1,1,1,2,0,2,2,9
1,0,1,2,1,1,1,0,0,0,0,1,0,11
0,0,2,1,0,0,0,2,1,1,1,0,0,0
1,0,1,1,1,0,1,2,1,3,1,1,4,1
0,0,1,0,0,3,0,0,3,5,1,1,0,5
5,2,0,2,3,5,0,0,0,0,0,0,0,0
1,0,0,2,0,5,1,0,1,3,2,2,1,2
0,0,0,0,13,0,0,0,0,0,0,0,0,0
0,0,1,0,0,1,0,1,0,3,0,0,4,3
3,1,3,2,7,3,0,5,4,15,5,5,6,9
1,0,0,1,2,0,0,2,1,1,2,0,0,0
0,0,0,2,1,3,0,0,0,0,0,0,0,0
2,0,0,1,3,4,1,1,0,4,1,0,0,0
22,15,8,19,19,29,26,18,14,22,11,9,7,11
2,0,2,1,3,3,2,1,2,1,4,1,1,2
2,0,0,0,1,2,2,0,0,0,0,0,0,0
0,1,1,1,2,1,1,0,0,0,0,0,0,0
8,4,1,14,14,9,5,14,2,10,5,5,7,20
11,2,6,5,6,5,2,5,7,8,5,5,1,4
2,2,1,1,9,4,2,0,1,3,2,2,1,1
11,2,7,9,18,15,2,12,6,7,4,2,2,10
1,0,1,2,4,1,1,0,0,0,0,0,0,0
1,1,0,0,1,1,1,2,3,3,0,4,4,16
2,2,2,3,0,0,0,0,0,0,0,0,0,0
0,1,1,0,3,2,1,3,1,1,1,0,0,0
1,1,0,2,2,3,0,1,3,6,1,0,0,0
17,1,14,15,9,19,1,15,14,12,12,2,7,11
1,0,0,1,0,3,1,6,2,3,2,2,2,4
0,0,0,0,4,5,1,4,2,5,2,1,2,4
1,1,0,1,3,2,0,0,0,0,0,0,0,0
0,0,1,0,2,1,0,0,0,1,1,0,4,2
0,0,0,0,2,1,1,2,1,0,0,0,0,0
1,0,0,2,2,4,0,0,0,0,0,0,0,0
1,2,4,0,11,9,7,9,9,16,6,2,5,15
0,0,0,0,1,0,3,1,1,0,0,0,0,0
0,0,0,0,5,0,0,1,0,0,0,1,1,3
6,2,1,5,10,7,2,2,2,3,3,2,3,15
0,0,0,1,0,1,1,3,2,1,1,0,0,0
0,1,0,0,0,3,0,4,3,1,1,0,0,0
1,1,1,1,1,0,0,0,0,0,0,0,0,0
1,1,1,2,3,2,1,0,0,2,1,1,4,1
0,0,0,0,2,1,1,1,0,6,1,0,0,0
0,0,0,0,0,0,0,1,3,0,0,0,0,5
1,0,2,3,2,4,0,2,2,1,1,0,0,0
0,0,0,2,2,1,0,0,0,0,0,0,0,0
1,0,0,4,1,1,0,0,0,0,0,0,0,0
11,5,1,6,9,8,3,10,2,11,1,3,5,4
0,1,0,4,2,1,1,1,2,3,0,3,1,5
0,1,0,0,2,1,1,4,2,5,5,2,9,24
0,0,0,0,1,0,1,1,1,0,1,0,2,8
1,0,0,0,4,2,1,0,0,0,0,0,0,0
0,0,1,0,0,0,0,0,0,0,0,0,2,10
0,1,1,2,3,4,1,7,3,11,3,5,3,11
2,1,1,2,1,0,0,0,0,0,0,0,0,0
2,0,2,3,0,3,2,3,1,4,2,3,6,8
1,0,1,1,2,1,4,1,1,1,3,1,0,7
2,0,1,3,1,1,2,3,0,1,0,1,3,1
0,0,1,1,0,3,0,3,1,5,2,1,1,3
1,0,1,2,1,1,1,2,1,0,0,0,0,0
0,0,1,4,1,2,1,1,1,1,0,0,0,0
3,0,0,1,1,5,2,1,2,0,0,0,0,0
0,0,2,1,2,0,0,0,0,0,0,0,0,0
1,0,1,2,2,2,1,0,0,0,0,0,0,0
2,0,3,0,0,0,2,0,0,4,1,0,0,0
1,0,0,1,1,3,0,0,1,3,0,1,3,2
3,2,1,1,3,0,0,1,2,0,1,2,1,5
4,1,2,7,1,7,3,6,3,7,3,1,6,11
0,1,0,1,3,5,4,3,0,2,2,2,1,2
0,0,0,0,1,1,1,1,1,0,0,0,0,0
1,0,2,3,5,0,1,3,3,7,3,0,2,9
1,0,2,0,2,1,1,1,0,0,0,0,0,0
1,0,1,3,2,3,2,1,0,0,0,0,0,0
2,1,1,2,0,0,0,0,0,0,0,0,0,0
1,1,2,2,2,3,2,2,1,2,1,0,0,0
2,0,1,0,0,4,0,1,0,0,0,1,2,2
3,3,0,1,2,7,0,0,1,4,2,0,0,0
0,1,1,0,2,0,0,3,1,1,1,0,0,0
2,0,0,1,0,0,0,0,1,3,1,0,0,0
11,3,9,10,14,10,3,9,3,14,1,5,7,14
0,0,1,1,1,1,1,1,1,1,1,0,0,0
2,3,1,2,1,1,1,0,0,0,0,0,0,0
0,0,1,1,0,0,2,5,1,2,2,0,0,0
1,0,2,2,1,1,2,1,1,4,1,0,6,6
0,0,0,1,3,1,1,0,0,0,0,0,0,0
0,0,0,0,3,1,1,0,0,0,0,0,0,0
1,1,1,2,2,1,2,4,1,0,0,0,0,0
2,3,7,8,7,3,5,5,3,8,3,6,6,21
1,1,1,0,1,0,0,1,1,1,1,0,3,13
2,0,0,0,0,1,1,0,1,3,2,0,0,0
0,0,1,1,2,3,0,1,1,3,1,0,0,0
1,0,1,1,1,4,1,3,0,0,0,0,0,0
0,0,0,0,0,0,0,0,0,0,0,0,0,5
0,0,0,1,1,2,0,2,1,2,0,1,3,15
0,0,0,0,0,0,0,0,0,0,0,1,0,11
1,0,2,2,4,4,1,0,4,1,1,0,0,0
1,0,0,1,0,1,0,1,5,6,0,1,7,8
0,0,1,1,6,4,1,7,6,9,0,1,4,7
0,0,0,0,0,0,1,1,1,1,1,0,0,0
2,0,0,4,1,2,4,2,2,4,2,3,1,6
2,1,2,2,2,1,1,0,2,7,0,0,0,0
2,0,1,2,3,1,1,0,0,0,0,0,0,0
1,2,6,2,1,7,2,4,4,6,3,7,4,19
2,0,2,0,3,2,1,1,2,6,4,0,1,4
1,1,0,1,0,0,0,1,1,2,1,0,0,0
4,1,0,0,0,0,0,0,0,0,0,0,0,0
0,0,2,1,1,1,0,0,0,0,0,0,0,0
1,0,0,0,0,0,1,0,0,3,0,1,0,5
0,1,1,0,2,2,1,2,2,1,2,0,0,0
10,4,3,8,16,4,8,4,7,14,4,5,2,20
2,1,2,0,1,3,0,1,0,2,0,1,3,2
0,0,2,1,2,0,1,1,1,2,1,0,0,0
0,0,2,0,0,3,0,2,3,5,1,0,0,0
8,2,7,9,18,11,5,7,9,10,7,1,3,6
5,3,1,1,4,3,1,3,0,4,1,0,0,0
0,0,0,5,1,2,1,3,1,6,2,4,2,8
0,0,0,0,0,1,0,3,0,1,0,1,2,12
1,0,0,1,2,0,0,2,1,2,1,0,0,0
0,0,0,0,0,3,3,1,1,0,1,0,2,3
3,0,2,3,4,7,2,2,2,5,2,0,0,0
1,0,3,1,3,2,0,4,5,6,1,2,7,18
0,0,1,1,1,0,0,0,0,1,0,0,1,9
0,2,2,0,3,1,1,1,0,0,0,0,0,0
4,0,1,4,2,2,3,3,2,2,3,0,0,0
0,0,3,2,4,2,1,0,0,0,0,0,0,0
1,1,0,1,1,1,0,2,1,2,1,0,0,0
0,0,0,1,0,1,0,0,1,0,0,0,3,8
0,0,0,0,0,1,0,1,0,0,0,1,6,16
0,0,2,1,1,2,2,8,1,3,2,1,2,5
0,1,1,2,2,3,2,4,4,3,0,2,2,8
0,0,1,2,2,3,0,1,1,1,1,1,3,6
2,2,1,0,1,3,1,2,1,1,1,2,1,14
2,0,1,2,5,1,0,2,4,5,1,1,1,2
1,2,1,1,3,1,1,0,0,0,0,0,0,0
0,0,1,0,2,2,0,2,2,4,0,0,0,11
0,0,0,2,6,6,2,3,2,0,0,0,0,0
2,1,0,1,4,3,2,1,2,1,1,0,0,0
11,7,5,11,18,16,6,13,9,12,3,3,4,11
0,1,0,0,0,1,0,0,0,0,0,0,1,4
5,5,2,3,2,5,0,3,1,6,1,1,2,4
3,0,2,1,2,2,1,0,0,0,0,0,0,0
2,1,3,1,0,2,2,1,2,1,2,3,5,11
1,0,0,0,0,2,1,3,1,0,0,0,0,0
1,0,1,0,0,1,1,0,1,0,1,1,1,3
0,0,1,0,1,3,0,3,1,2,2,0,0,0
1,2,0,0,2,1,0,2,1,1,1,0,0,0
4,0,2,3,3,1,3,3,5,3,1,1,2,4
1,1,0,3,0,1,2,3,1,1,1,0,0,0
0,0,1,0,2,2,1,2,3,3,4,1,2,6
1,0,1,0,2,0,0,0,0,4,1,0,0,0
1,0,0,0,4,1,0,0,0,0,0,0,0,0
3,0,1,0,1,5,1,1,0,1,0,2,1,3
0,0,0,0,2,4,1,2,0,0,0,0,0,0
2,1,0,0,1,2,0,0,0,1,0,0,3,10
1,0,1,1,2,2,1,3,0,4,1,4,8,21
0,2,1,1,0,1,1,1,2,0,0,0,0,0
0,0,0,1,2,3,2,1,3,4,2,0,2,3
0,0,2,0,3,2,1,1,0,0,0,0,0,0
0,0,0,0,0,1,0,1,1,1,2,0,0,0
3,1,0,0,2,0,1,1,2,2,1,0,0,0
0,0,1,0,0,0,0,1,2,2,1,0,0,0
2,0,0,0,2,2,1,0,2,2,2,0,0,0
1,1,0,0,0,0,0,1,1,2,1,0,0,0
0,0,0,1,2,1,3,2,1,0,0,0,0,0
1,1,0,1,1,0,2,0,1,2,2,0,0,0
0,1,1,0,0,1,0,1,0,4,2,0,0,0
5,2,2,6,10,4,2,10,5,11,3,1,2,3
0,2,1,0,1,0,1,2,1,2,1,0,0,0
3,0,0,0,1,1,1,1,0,3,2,0,0,0
0,0,0,0,0,0,0,0,0,1,1,1,2,5
1,1,0,0,0,1,0,0,0,0,1,2,1,3
1,1,1,0,1,0,0,0,0,1,0,2,2,1
0,0,0,2,0,0,0,0,1,5,1,0,0,0
0,0,0,0,0,0,0,0,0,1,1,0,3,4
2,1,2,1,5,8,3,5,3,4,1,0,0,0
2,0,1,1,5,0,2,2,1,0,0,2,1,4
0,0,0,1,2,0,3,2,1,0,0,0,0,0
0,0,1,2,0,1,2,0,2,6,2,0,0,0
2,0,0,1,3,2,1,0,0,0,0,0,0,0
1,2,1,0,1,0,1,2,0,1,1,0,2,6
3,0,0,0,5,1,1,1,1,0,0,0,0,0
1,0,2,4,6,4,3,0,1,2,0,2,1,2
2,1,2,5,0,3,2,11,4,11,3,4,6,2
0,0,0,0,0,2,2,1,0,0,0,0,0,0
1,0,1,0,1,1,3,1,0,3,2,0,0,0
0,2,0,0,0,3,1,2,1,0,0,0,0,0
1,0,0,1,0,1,0,2,1,2,1,0,0,0
0,0,1,2,2,3,0,1,1,2,2,0,0,0
0,0,0,1,0,0,0,2,3,3,1,0,0,0
0,1,0,0,0,1,0,1,1,1,4,2,6,22
2,1,1,3,7,5,0,10,5,15,5,4,7,16
1,0,1,2,2,1,1,0,3,1,1,0,0,0
2,0,0,2,1,2,2,1,1,2,1,0,0,0
0,0,0,1,0,2,3,0,0,0,0,0,0,0
2,3,1,0,0,0,0,0,0,0,0,0,0,0
0,0,1,0,1,4,3,0,0,0,0,0,0,0
2,1,4,3,2,10,7,3,6,8,5,1,4,6
3,1,1,1,3,2,4,1,2,3,1,0,2,3
0,0,1,1,1,4,4,1,6,1,6,2,5,12
3,1,1,0,3,5,2,4,6,8,2,2,4,12
3,0,0,1,2,3,0,0,0,0,0,0,0,0
0,0,1,0,0,0,0,0,1,0,0,0,1,5
2,1,1,4,3,1,2,0,0,0,0,0,0,0
2,0,0,1,1,2,1,0,2,1,0,1,1,3
5,0,0,0,0,0,0,0,0,0,0,0,0,0
2,1,0,2,2,1,1,3,1,4,2,0,0,0
1,0,0,1,3,1,1,0,0,0,0,0,0,0
0,0,0,2,2,0,3,0,2,0,0,0,0,5
0,1,0,0,2,1,0,0,0,0,0,1,3,6
7,0,3,5,5,1,6,8,4,10,0,2,4,4
0,2,1,1,1,1,1,1,2,1,2,0,0,0
0,3,1,0,2,0,1,1,1,1,3,0,0,0
0,0,1,1,3,0,0,2,0,4,1,0,0,0
0,1,0,1,0,3,0,1,2,1,1,0,0,0
0,0,1,0,2,1,1,0,2,6,1,2,3,11
0,0,0,0,2,0,0,3,2,0,0,0,0,0
1,1,0,1,2,1,0,3,1,4,0,2,2,1
2,0,1,2,2,2,0,2,2,5,2,1,1,2
1,1,0,0,0,0,1,2,2,1,1,0,0,0
0,2,0,0,2,3,0,0,0,0,0,0,0,0
5,0,1,0,2,4,0,1,3,2,1,0,0,0
2,0,0,0,0,2,1,2,1,2,1,0,0,0
1,2,0,0,1,0,1,3,2,0,0,0,0,0
0,0,0,0,0,1,0,0,0,1,2,1,2,19
0,0,0,2,0,3,2,0,0,0,0,0,0,0
0,3,0,3,2,0,0,0,0,0,0,0,0,0
7,3,4,3,8,11,2,5,2,2,2,2,2,8
2,1,2,4,3,7,3,5,0,4,2,2,0,5
4,0,1,1,4,1,1,2,1,0,0,0,0,0
1,0,0,4,2,1,1,2,1,3,1,0,0,0
0,0,0,2,1,1,1,3,1,0,0,0,0,0
1,1,0,1,2,2,1,0,0,0,0,0,0,0
2,1,0,1,7,15,9,10,7,20,3,4,8,9
0,0,2,0,2,3,2,3,1,7,2,2,2,4
0,1,1,1,1,0,2,0,1,3,1,0,0,0
0,0,1,0,1,1,0,3,3,3,0,0,4,10
2,0,0,0,2,2,1,1,1,3,2,0,0,0
0,0,0,0,1,2,1,2,1,0,0,0,0,0
1,1,1,0,2,3,1,1,0,0,0,0,0,0
0,0,0,0,1,2,1,1,2,0,0,0,0,0
7,1,1,4,4,7,0,5,1,3,4,0,0,0
0,0,0,1,2,1,0,2,0,3,2,0,0,0
1,0,0,3,1,0,1,0,1,1,2,1,4,5
1,2,0,0,1,3,0,1,2,0,0,2,1,6
0,1,1,2,1,2,0,1,1,1,2,0,0,0
0,0,0,0,3,2,0,1,0,5,1,1,3,16
0,0,0,0,1,1,0,2,1,4,1,2,1,4
2,1,2,2,5,3,3,2,3,2,1,1,1,17
0,1,1,1,1,1,0,0,0,0,0,0,0,0
0,1,0,0,0,0,0,0,0,2,0,3,8,23
0,1,1,0,2,5,1,3,0,3,1,0,1,6
0,1,0,1,0,1,1,0,1,1,1,0,1,6
6,1,0,1,2,5,2,2,0,2,2,0,1,4
1,0,0,1,1,1,3,1,0,0,0,0,0,0
2,2,1,4,3,5,1,4,1,2,0,1,1,3
0,0,1,1,0,2,0,0,1,0,0,3,1,2
4,1,1,1,1,2,2,3,2,1,3,0,0,0
1,0,3,1,4,1,0,0,1,2,0,2,2,1
1,0,1,6,4,2,3,11,6,14,3,4,8,12
4,0,2,6,6,4,4,0,3,8,4,0,2,4
0,0,0,0,3,2,1,0,1,3,1,0,0,0
0,1,0,1,2,0,0,2,1,1,2,1,1,1
0,0,0,0,1,0,1,0,2,3,2,0,0,0
1,1,0,0,3,3,1,2,0,0,0,0,0,0
1,1,0,2,2,1,0,0,2,2,3,0,0,0
0,0,0,0,0,0,0,0,0,0,1,0,3,20
1,1,0,1,0,3,0,4,2,0,0,0,0,0
0,0,0,1,1,1,1,0,1,4,1,0,0,0
0,3,0,0,3,2,0,3,1,2,0,3,4,7
6,1,2,7,4,6,2,6,2,3,2,1,1,4
1,0,1,3,0,1,0,1,5,5,0,1,1,3
0,1,0,1,0,2,1,1,0,0,0,2,1,2
1,0,0,0,0,0,0,2,0,0,1,0,0,8
1,0,1,1,4,4,0,3,1,4,4,0,0,0
0,1,1,2,1,1,0,1,0,2,3,0,0,0
0,0,0,1,1,1,0,1,0,1,0,0,1,10
0,0,0,0,2,2,0,1,0,1,0,2,1,4
0,0,0,1,1,0,1,2,1,3,1,0,0,0
1,0,1,2,3,3,1,2,1,3,1,1,1,1
0,0,0,0,0,0,0,0,1,0,0,1,0,6
2,0,1,0,2,1,1,1,1,0,0,0,0,0
0,0,1,1,1,3,3,0,0,0,0,0,0,0
3,5,1,2,9,8,6,3,6,6,1,3,5,8
2,0,0,1,0,1,0,0,2,3,1,0,2,12
4,1,0,2,0,2,0,2,0,0,0,0,0,13
1,1,0,0,0,2,0,2,1,1,2,0,0,0
2,0,1,1,2,1,0,1,1,1,1,0,0,6
1,0,0,2,1,1,1,2,0,9,1,2,4,7
1,0,0,1,0,2,1,2,1,0,0,0,0,0
0,0,1,1,1,2,0,0,0,0,0,0,0,0
2,0,0,0,3,4,0,5,9,11,0,0,5,10
1,0,1,0,0,5,0,2,2,7,1,0,0,0
7,4,5,8,13,8,4,4,4,9,5,2,0,9
0,1,0,2,1,3,0,0,0,0,0,0,0,0
2,2,5,5,6,5,3,5,4,7,3,2,2,2
1,1,1,2,3,2,1,2,1,0,0,0,0,0
2,1,0,0,1,3,2,0,0,0,0,0,0,0
2,0,1,1,2,0,1,3,1,1,2,0,0,0
0,1,1,1,2,3,0,1,1,3,1,0,0,0
0,0,0,0,0,3,0,3,2,3,2,0,0,0
0,0,1,2,1,3,1,1,1,0,0,0,0,0
0,0,0,0,0,0,0,2,0,1,0,2,1,2
1,1,0,1,2,2,0,0,0,0,0,0,0,0
13,6,6,12,14,14,15,13,4,17,6,2,4,19
4,1,0,0,0,0,0,0,0,0,0,0,0,0
4,0,1,4,2,5,0,5,3,5,6,5,4,12
2,0,0,1,0,2,0,2,0,2,2,1,3,1
3,2,1,1,3,2,0,0,0,3,5,3,2,5
0,0,2,1,0,2,0,1,1,2,1,0,0,0
7,3,3,10,11,7,5,5,3,3,1,1,0,5
0,0,0,1,1,2,0,1,2,2,0,2,1,2
0,0,1,1,1,3,1,1,0,0,0,0,0,0
0,0,0,1,2,1,1,1,0,0,0,0,0,0
1,0,1,0,2,1,2,5,2,5,0,0,3,2
1,0,0,1,3,1,2,0,0,0,0,0,0,0
1,0,1,0,1,3,1,0,0,0,0,0,0,0
0,0,0,0,0,1,2,3,1,1,4,0,0,0
0,0,0,0,1,0,0,2,4,3,1,0,0,0
2,0,0,0,2,1,0,0,0,4,1,0,0,0
3,1,4,2,3,4,0,2,0,4,2,4,5,7
2,1,0,2,3,2,0,4,1,4,2,0,0,0
3,0,3,1,1,3,1,0,0,0,0,0,0,0
9,3,2,5,9,11,5,5,6,6,2,4,9,19
1,0,1,3,3,3,2,2,1,3,1,2,1,2
0,0,1,0,1,0,0,3,1,12,0,1,5,1
3,1,1,2,3,5,1,2,2,2,1,0,0,0
1,2,2,0,0,0,0,0,0,0,0,0,0,0
1,0,0,0,3,1,1,1,1,3,1,0,0,0
1,1,0,1,3,2,4,3,2,2,2,1,6,6
0,0,1,2,1,2,0,3,5,5,2,0,0,0
0,0,0,3,2,1,1,0,0,0,0,0,0,0
4,0,2,8,6,10,3,5,2,4,4,0,2,7
2,1,1,2,7,5,2,4,3,3,2,0,0,0
2,0,1,1,1,1,0,1,0,1,1,1,5,16
0,0,0,0,0,0,0,0,0,1,0,0,1,8
0,0,0,1,1,0,0,0,0,1,0,0,0,7
1,1,1,2,3,2,0,2,0,3,0,1,3,17
0,0,1,0,2,3,3,2,4,4,0,3,2,5
1,0,3,1,1,2,1,1,1,1,2,0,0,0
4,0,2,2,0,2,0,4,2,5,1,2,2,4
0,0,0,0,1,0,0,0,0,5,2,0,0,0
0,0,1,0,0,0,1,0,0,4,1,0,0,0
0,0,0,2,0,0,0,0,1,2,0,1,0,20
0,2,0,1,3,3,2,1,1,3,1,0,0,0
2,0,0,0,0,0,1,2,2,0,0,0,0,0
0,1,1,6,0,0,0,6,1,3,1,0,0,0
1,0,1,0,2,1,2,0,0,0,0,0,0,0
2,1,2,0,0,0,0,0,0,0,0,0,0,0
0,1,0,3,5,1,2,3,7,3,0,4,7,8
3,0,0,1,0,2,1,1,2,1,1,0,0,0
3,1,0,0,4,4,1,1,0,4,2,0,0,0
3,3,2,2,5,2,0,2,2,0,0,2,2,2
1,1,1,1,5,3,2,0,2,9,1,1,1,3
2,1,2,1,1,1,1,0,0,0,0,0,0,0
2,0,2,4,6,6,0,7,5,3,3,0,3,4
0,0,0,0,1,2,1,0,0,1,0,2,2,5
0,1,0,2,1,3,1,0,1,5,1,3,1,6
1,2,1,1,3,4,0,4,1,3,1,0,0,0
0,3,1,1,2,1,1,3,1,0,0,0,0,0
0,0,0,0,0,0,0,0,0,0,0,0,2,7
0,0,0,0,0,4,1,0,0,0,0,0,0,0
1,1,1,1,2,1,1,5,0,0,0,0,0,0
1,1,1,0,1,1,1,2,1,1,1,1,1,5
0,1,2,1,3,1,1,2,1,0,0,0,0,0
4,0,2,2,1,0,1,2,2,2,2,1,4,8
1,0,1,0,3,2,0,0,0,0,0,0,0,0
2,1,0,1,2,2,1,2,1,3,3,0,0,0
0,0,0,0,0,0,0,0,0,0,0,0,4,3
6,0,2,3,7,8,1,6,5,4,2,2,1,5
1,0,0,3,1,1,0,1,0,5,1,0,0,0
0,0,1,1,1,2,0,0,1,2,0,1,0,6
0,0,2,0,1,0,1,1,1,1,1,0,0,0
0,1,0,1,1,0,1,0,0,3,2,0,0,0
0,0,0,2,0,1,0,1,1,1,0,1,3,1
1,0,0,0,1,0,0,1,0,3,0,0,2,9
3,0,1,4,2,5,2,2,1,4,1,1,2,1
4,0,0,3,2,3,1,0,1,4,0,2,6,10
0,1,2,2,2,2,2,0,0,0,0,0,0,0
3,0,1,3,3,2,2,5,3,4,1,0,2,7
0,0,0,1,1,1,1,1,1,0,0,0,0,0
0,0,0,0,0,0,0,0,0,1,0,1,2,7
0,0,0,1,2,0,1,3,1,1,1,0,0,0
1,0,0,0,2,3,1,0,0,0,0,0,0,0
1,0,0,2,2,1,1,1,1,2,1,0,0,0
0,0,0,1,1,1,1,1,0,0,0,0,0,0
0,1,1,0,4,4,1,0,2,1,2,0,0,0
0,0,0,1,2,3,4,2,3,2,2,2,4,5
0,0,0,0,2,0,0,1,0,1,0,2,3,8
2,2,1,2,4,3,2,2,1,4,2,0,2,3
0,1,0,1,2,2,1,1,2,0,0,0,0,0
1,0,1,1,1,0,0,0,0,2,0,1,3,12
0,0,0,1,0,1,1,1,1,1,1,0,0,0
1,2,2,0,0,0,0,0,0,0,0,0,0,0
2,0,1,1,2,3,0,2,4,2,1,1,2,5
1,0,0,1,2,0,1,6,0,0,0,0,0,0
2,0,2,3,1,3,1,1,1,0,2,2,6,18
1,0,1,3,3,4,1,0,2,2,1,0,0,0
2,0,0,0,0,0,0,1,0,2,0,0,2,12
0,0,0,0,2,1,1,3,1,0,0,0,2,4
1,0,3,0,1,1,3,2,1,0,0,0,0,0
0,0,0,1,1,1,1,1,0,0,0,0,0,0
0,1,0,0,0,1,1,2,1,1,1,0,0,0
0,0,2,3,0,1,0,2,2,2,4,0,0,0
0,1,1,2,1,2,3,5,1,10,3,1,1,2
1,0,1,4,1,3,1,4,1,4,1,0,2,5
0,0,1,1,2,5,1,6,1,7,1,2,2,13
0,2,0,1,2,1,2,1,2,3,1,0,0,0
4,3,1,4,2,1,5,5,5,8,1,5,1,3
2,0,0,0,3,1,2,6,3,9,3,3,4,4
0,0,0,1,0,0,1,1,0,1,1,0,3,2
0,0,0,0,3,2,0,0,0,0,0,0,0,0
0,0,0,0,0,0,0,0,2,1,4,1,4,10
0,1,1,1,5,3,0,0,0,0,0,0,0,0
4,1,0,0,0,0,0,0,0,0,0,0,0,0
1,1,0,3,1,2,2,1,0,0,0,0,0,0
0,1,1,2,3,3,0,1,1,3,2,0,0,0
1,1,1,2,0,0,1,1,1,1,1,0,0,0
4,2,0,5,6,3,3,2,1,5,1,0,0,0
0,0,0,0,1,0,0,1,1,3,1,0,0,0
5,0,0,0,0,0,0,0,0,0,0,0,0,0
2,2,0,3,1,4,2,4,1,4,3,0,0,0
0,1,0,0,0,1,0,1,1,2,1,2,4,19
2,0,1,2,5,7,1,2,1,4,1,1,1,2
0,0,0,0,0,1,3,0,1,0,0,0,1,6
0,1,2,1,4,0,0,0,0,0,0,0,0,0
0,0,0,0,0,0,0,0,0,0,0,0,2,6
0,0,0,1,1,0,1,1,0,0,0,0,2,4
0,3,1,1,1,6,4,5,0,4,0,1,6,9
0,0,0,1,4,2,1,0,0,0,0,0,0,0
2,1,0,0,1,1,0,1,2,1,1,0,0,0
0,0,0,0,0,0,0,0,0,0,0,0,0,11
1,0,0,1,1,1,2,0,0,0,0,0,0,0
0,1,0,1,2,2,1,2,4,2,3,1,0,8
2,0,0,1,1,1,0,2,1,1,1,0,0,0
1,1,1,2,4,4,0,0,0,0,0,0,0,0
1,1,1,1,1,0,0,0,0,0,0,0,0,0
0,0,0,0,0,0,0,4,3,5,0,3,4,11
1,1,0,4,1,5,2,8,4,10,3,1,5,9
12,6,5,17,19,18,7,16,6,20,4,12,6,9
1,0,0,2,2,2,1,0,0,0,0,0,0,0
0,0,0,0,2,1,1,8,3,7,0,3,0,8
1,0,0,0,0,2,1,1,1,0,0,0,0,0
0,0,1,0,2,2,1,1,1,0,0,0,0,0
0,0,0,0,0,0,0,0,1,1,0,1,1,21
0,0,2,1,1,0,0,0,0,2,0,0,5,8
0,0,2,2,3,0,1,4,1,5,1,0,0,0
0,0,0,0,0,2,2,0,1,0,0,1,1,3
0,0,0,0,0,1,1,1,1,2,1,0,0,0
1,0,0,1,1,1,0,2,0,4,1,0,0,0
7,2,5,4,9,5,5,5,4,6,1,1,1,10
10,1,5,8,5,3,4,6,5,7,3,2,3,8
0,1,1,1,2,2,1,1,0,0,0,0,0,0
1,1,0,0,0,1,0,2,1,2,1,0,7,18
0,0,0,1,1,1,2,0,0,0,0,0,0,0
0,0,0,1,2,1,1,1,1,0,0,0,0,0
2,0,0,0,1,0,0,0,0,4,0,1,5,11
0,0,0,0,4,2,1,1,1,3,3,0,0,0
1,0,2,1,2,3,2,6,6,9,3,5,0,6
1,0,0,3,0,8,2,1,1,1,1,0,0,0
3,0,0,2,1,1,0,1,1,2,1,0,0,0
1,2,1,2,6,3,1,2,1,1,2,2,1,1
1,1,1,1,1,4,4,3,1,2,3,4,4,8
1,0,3,3,3,0,0,0,0,4,2,0,0,0
0,0,1,2,2,3,2,2,4,8,1,2,2,1
0,1,0,2,1,2,0,0,0,0,0,0,0,0
0,0,0,1,1,2,2,0,0,0,0,0,0,0
0,0,0,0,0,2,0,1,1,1,0,1,3,2
6,4,3,9,9,16,5,8,4,13,0,1,2,7
1,0,1,1,1,1,1,1,0,1,1,2,4,9
0,1,1,0,1,2,0,3,1,1,1,0,2,6
3,0,2,6,8,5,5,5,1,5,3,2,5,7
2,0,0,2,2,3,3,0,2,0,0,4,6,15
0,0,0,1,0,0,0,3,0,4,1,0,4,10
0,0,0,1,0,0,0,0,2,5,1,0,0,0
1,0,0,1,4,4,0,1,2,5,0,3,3,5
1,0,0,0,6,0,2,0,3,0,0,1,2,5
7,7,5,7,17,14,7,9,4,16,2,3,3,9
0,0,2,1,1,1,3,0,0,0,0,0,0,0
1,0,2,0,1,2,0,2,1,2,1,0,0,0
0,0,1,4,0,0,0,0,0,0,0,0,0,0
2,0,0,1,0,0,0,1,2,1,1,0,0,0
0,0,1,0,4,0,0,2,0,1,1,0,1,4
1,1,1,0,3,1,0,0,0,3,3,3,3,8
3,4,0,1,1,2,1,3,0,3,3,0,0,0
1,0,1,1,1,2,1,0,0,0,0,0,0,0
2,0,1,0,0,4,1,0,0,0,0,0,0,0
0,0,0,1,1,3,0,0,0,0,0,0,0,0
0,0,1,1,1,0,1,1,2,3,1,0,0,0
0,0,0,0,0,3,1,1,1,2,2,0,0,0
0,1,1,2,1,2,0,1,0,3,2,0,0,0
0,0,0,0,0,0,0,0,0,0,0,0,0,10
0,0,0,1,1,1,2,0,0,0,0,0,0,0
0,0,0,2,3,3,0,0,0,0,0,0,0,0
2,0,1,0,1,2,3,2,1,3,0,2,1,2
0,0,0,0,0,0,0,0,2,2,0,2,3,6
8,4,6,13,15,7,6,10,2,14,3,1,3,3
5,1,2,4,7,5,3,7,5,6,1,2,4,10
2,0,0,2,3,0,0,2,1,2,1,0,0,0
0,0,0,0,0,0,0,0,0,1,0,1,0,10
5,3,5,8,19,8,8,19,7,22,8,4,10,19
0,0,0,0,0,0,0,0,0,0,0,0,0,5
6,2,1,3,3,7,2,5,3,6,4,2,1,2
3,2,1,7,2,6,7,11,8,25,8,10,18,24
0,0,1,1,2,5,1,1,0,0,0,0,0,0
1,0,0,2,2,1,0,0,0,0,0,0,0,0
2,0,1,0,1,1,0,0,0,0,0,0,1,6
0,0,0,4,2,2,0,0,0,0,0,0,0,0
3,2,1,1,2,2,0,5,2,1,3,0,0,0
0,0,2,1,2,0,0,0,0,0,0,0,0,0
6,5,5,10,13,10,14,11,6,7,5,4,6,14
4,0,4,9,6,8,4,3,3,8,0,1,1,4
0,0,1,0,1,0,0,1,1,1,2,0,0,0
0,2,0,0,3,3,0,4,6,9,2,3,4,10
7,3,2,4,6,7,7,6,7,5,5,1,2,9
0,2,0,1,1,2,0,0,1,2,1,1,1,4
1,2,1,3,3,3,0,0,0,0,0,0,0,0
0,0,1,2,1,1,0,5,0,0,0,0,0,0
0,0,1,0,0,1,1,1,2,1,2,0,0,0
1,1,0,0,4,0,1,3,1,0,0,0,0,0
2,0,1,0,1,1,3,0,0,0,0,0,0,0
1,1,0,2,0,1,0,1,1,3,1,0,0,0
3,0,0,0,1,3,0,1,2,1,1,0,0,0
0,0,0,0,0,0,1,0,0,0,1,1,1,6
1,1,0,0,2,0,0,1,1,0,1,2,1,1
6,5,3,6,4,8,3,8,2,9,1,5,5,3
2,1,1,0,1,2,0,0,1,5,1,2,2,1
1,1,1,0,0,1,2,1,0,2,0,0,2,5
0,1,0,1,4,6,4,2,1,2,3,1,5,7
2,0,1,2,1,2,2,1,2,1,2,0,0,0
0,0,0,1,1,2,1,3,2,2,1,0,0,0
1,0,0,5,2,1,3,3,4,5,1,0,0,0
4,3,4,7,10,5,2,8,4,8,1,0,3,9
1,1,0,2,2,3,0,1,3,4,1,0,0,0
6,2,2,4,0,7,5,5,1,2,3,1,5,3
0,0,0,2,2,2,1,3,1,0,0,0,0,0
0,1,0,2,2,3,0,1,3,1,1,0,0,0
0,0,1,1,2,1,0,0,0,0,0,0,0,0
1,0,0,0,3,1,0,1,0,2,4,0,0,0
0,2,1,7,4,6,2,5,3,2,1,0,0,0
1,0,0,2,2,2,0,0,0,0,0,0,0,0
11,8,7,16,19,18,5,20,11,13,6,8,5,13
1,1,0,1,1,4,0,0,0,0,0,0,0,0
0,0,1,1,1,1,2,1,2,3,0,2,4,25
1,1,1,0,1,0,0,2,0,0,1,2,2,1
0,0,1,0,0,0,0,0,0,2,0,0,2,3
2,0,2,0,1,0,0,2,1,2,0,0,0,0
1,1,0,2,4,5,0,0,4,4,0,1,3,3
0,2,0,2,2,3,0,4,0,3,0,1,3,11
1,0,0,1,0,1,0,0,0,0,1,0,2,5
0,0,1,0,0,1,1,1,3,0,0,0,0,0
0,0,0,0,0,0,0,0,0,0,0,0,0,7
2,0,0,1,2,2,1,3,0,0,0,0,0,0
0,1,1,3,0,0,0,0,0,0,0,0,0,0
1,0,0,7,3,1,2,7,7,13,6,3,5,9
2,2,0,0,0,0,0,1,0,4,1,0,0,0
2,0,0,1,0,4,4,2,1,0,0,1,2,3
0,2,2,6,0,3,2,1,3,10,2,3,1,9
0,0,0,1,4,2,3,0,0,0,0,0,0,0
0,0,0,2,0,0,0,0,0,2,0,0,2,3
0,1,0,1,1,1,1,1,0,0,0,0,0,0
2,0,0,1,1,0,0,1,1,1,0,1,1,4
0,0,0,0,1,1,1,2,2,1,1,0,0,0
1,2,2,3,6,3,2,3,1,3,2,1,3,2
1,0,0,0,1,0,0,1,1,2,1,0,0,0
2,0,0,1,1,0,1,2,1,1,1,0,0,0
5,2,1,3,5,5,1,3,2,1,1,2,2,2
0,0,0,0,0,0,1,1,1,1,1,0,0,0
0,0,0,0,0,0,0,2,2,2,2,0,0,0
0,0,0,0,1,2,2,1,1,0,0,0,0,0
1,1,1,7,3,5,1,3,3,3,3,0,0,0
1,2,1,3,4,5,2,4,3,10,2,3,3,3
0,1,0,3,1,1,1,0,0,0,0,0,0,0
3,0,2,1,2,3,2,4,2,1,1,2,2,3
1,1,0,2,0,0,3,0,0,4,1,0,0,0
0,2,3,9,2,3,3,5,2,5,2,1,2,3
1,0,1,4,2,1,2,1,3,2,1,0,0,0
1,0,0,0,2,0,2,0,4,3,3,3,1,13
0,0,0,2,2,3,0,1,3,4,0,6,4,6
0,0,0,0,0,0,1,0,0,0,2,1,1,5
0,0,1,0,1,1,0,2,1,1,1,0,0,0
3,1,1,2,4,2,0,2,3,5,2,3,1,8
2,1,0,3,4,4,3,1,3,4,0,0,3,6
2,1,2,2,1,3,0,1,1,1,0,2,1,6
1,0,0,3,2,0,0,0,0,0,0,0,0,0
1,0,0,2,3,5,0,2,0,2,1,4,2,2
1,1,0,2,0,1,1,3,0,0,0,0,0,0
0,0,0,2,0,1,1,1,1,1,1,0,0,0
0,1,0,0,3,2,2,2,1,4,1,1,4,3
1,1,2,2,5,4,1,2,3,5,1,0,0,0
1,0,0,0,1,1,0,2,2,1,1,3,2,2
2,4,5,4,7,7,7,3,3,5,0,3,0,6
2,0,0,1,2,3,1,2,0,0,0,0,0,0
0,0,0,0,1,2,0,1,1,2,3,0,0,0
1,1,1,2,2,1,1,0,1,0,1,3,0,5
1,0,1,1,1,1,1,0,0,0,0,0,0,0
0,0,0,2,0,1,0,1,1,1,2,0,0,0
0,1,0,0,2,1,1,2,0,0,0,0,0,0
0,0,0,0,0,1,0,2,0,2,3,3,2,16
0,1,0,1,2,2,0,2,2,0,0,3,4,7
0,0,0,1,0,1,0,4,0,2,3,1,4,3
0,0,0,0,0,1,0,0,0,0,0,0,1,13
8,5,1,13,8,4,3,6,0,11,3,3,3,5
2,1,3,0,0,0,0,0,0,0,0,0,0,0
3,1,3,3,3,7,3,5,1,7,3,2,3,9
1,1,0,1,3,1,3,2,0,0,0,0,0,0
8,3,3,12,11,14,3,8,7,11,5,7,4,7
1,0,0,1,1,3,1,3,0,0,0,0,0,0
1,1,3,0,0,0,0,0,0,0,0,0,0,0
0,2,2,0,1,6,6,5,5,7,6,1,4,7
1,1,0,1,4,3,0,2,3,2,1,1,1,7
0,0,1,1,3,1,1,1,2,2,1,0,0,0
2,0,2,2,2,2,0,1,2,3,1,2,1,3
1,0,1,0,5,2,0,0,0,0,0,0,0,0
1,3,1,1,3,2,0,4,1,2,1,2,1,1
1,1,0,1,2,7,0,1,2,6,1,2,2,9
0,0,2,1,0,1,0,0,2,1,3,3,2,3
1,0,1,0,1,1,2,1,0,0,0,0,0,0
1,0,1,0,0,2,0,1,1,2,1,0,0,0
1,0,0,1,0,0,1,1,1,1,1,0,0,0
3,0,0,2,1,1,2,0,0,0,0,0,0,0
0,0,0,0,0,0,0,1,1,0,1,1,0,10
1,0,0,0,1,1,2,0,2,4,1,0,0,0
4,3,4,7,10,10,3,3,5,9,8,10,9,13
11,5,1,6,8,10,3,7,3,8,4,5,6,13
1,0,0,0,2,2,2,1,4,3,2,2,2,4
0,1,0,2,3,1,1,0,0,0,0,0,0,0
1,0,1,2,1,4,0,0,0,0,0,0,0,0
0,0,0,0,0,0,0,0,0,1,0,0,0,6
1,2,1,1,1,0,1,0,3,1,1,0,0,0
1,0,1,1,3,1,1,2,1,2,3,0,0,0
4,2,1,0,4,2,0,3,2,5,1,1,1,6
11,6,3,12,11,14,3,8,6,14,6,6,6,13
0,1,0,4,1,2,0,0,0,0,0,0,0,0
1,0,0,5,5,5,3,0,2,5,4,7,3,6
0,0,0,0,4,2,0,3,3,4,2,1,2,7
1,1,0,1,1,0,1,0,3,4,3,0,0,0
3,0,0,7,2,1,2,0,3,1,1,0,0,0
2,0,0,0,3,1,2,1,2,0,0,0,0,0
1,1,1,2,1,3,0,0,0,0,0,1,2,2
0,1,1,1,2,3,2,2,1,1,1,0,0,0
2,0,1,2,3,1,1,8,2,6,0,3,1,1
1,0,1,2,4,1,0,1,2,1,2,1,2,3
1,1,1,1,1,1,0,0,0,0,0,0,0,0
3,0,0,2,7,5,1,3,3,4,1,0,0,0
3,0,1,2,4,1,0,0,0,0,0,0,0,0
4,0,0,4,7,5,0,2,0,7,1,1,1,2
2,3,0,1,2,3,0,0,1,3,1,2,0,6
0,0,0,0,0,0,0,0,0,0,0,1,1,3
11,2,9,15,12,17,12,8,12,18,1,8,3,12
2,0,1,0,0,1,0,3,1,1,1,0,0,0
0,0,0,3,0,2,2,3,2,3,2,0,0,0
2,5,8,8,8,24,9,34,25,40,18,11,24,26
0,1,1,2,1,0,0,0,0,0,0,0,0,0
1,2,1,1,0,2,2,1,1,1,1,0,0,0
3,5,1,5,4,9,0,3,1,3,1,0,0,0
0,0,0,0,0,2,0,0,0,1,1,0,1,8
0,0,0,1,0,0,1,0,0,0,0,1,4,11
2,0,1,4,4,3,2,3,2,5,1,1,3,2
1,0,0,1,4,1,1,2,3,1,1,0,0,0
0,0,0,0,0,0,0,0,0,0,0,2,5,11
1,0,0,1,2,2,1,3,1,0,0,0,0,0
1,0,0,2,3,2,3,11,5,13,2,3,1,12
0,0,0,1,2,1,0,0,0,0,0,0,0,8
0,0,0,0,1,2,1,4,2,2,1,0,0,0
2,0,2,1,6,5,3,2,2,1,1,0,0,0
1,1,1,1,1,2,0,0,1,1,1,3,0,18
0,0,0,1,2,0,0,1,0,0,0,0,0,5
3,0,0,2,5,0,1,3,2,2,0,1,2,3
2,3,4,8,14,11,6,10,5,16,7,1,0,11
0,1,2,0,0,0,2,2,0,3,2,0,0,0
1,0,1,0,2,0,0,0,1,4,0,2,0,5
1,0,0,1,2,3,0,0,0,0,0,0,0,0
1,0,0,1,0,1,2,3,1,1,2,0,0,0
0,0,1,3,1,0,0,0,0,0,0,0,0,0
0,1,0,1,1,1,0,0,0,0,1,1,3,4
0,0,0,1,2,1,1,7,0,0,0,0,0,0
4,2,0,0,3,1,0,2,0,5,2,0,0,0
0,2,2,5,1,6,1,11,13,21,5,2,10,20
1,1,1,0,0,1,3,1,2,1,1,0,0,0
0,1,1,3,0,3,1,2,0,5,3,1,1,2
1,0,1,1,2,0,1,0,3,1,1,0,5,17
1,1,0,2,1,0,2,1,1,1,2,0,0,0
4,1,0,1,4,3,1,2,0,0,2,2,1,4
0,0,1,4,2,2,1,0,1,3,1,1,1,1
6,0,0,2,1,3,2,3,3,6,1,0,0,0
0,0,1,0,2,1,2,0,0,0,0,0,0,0
3,2,1,2,3,5,2,3,2,4,1,0,1,4
2,0,0,3,4,6,2,1,2,2,0,2,1,2
0,2,1,2,2,3,1,0,3,0,0,2,1,8
1,0,0,0,0,3,1,0,0,1,0,0,2,3
1,1,1,3,0,0,0,0,0,0,0,0,0,0
0,0,1,0,0,0,1,0,0,2,0,0,4,20
1,1,0,1,1,2,1,1,0,0,0,0,0,0
1,2,1,1,6,2,0,0,0,0,0,0,0,0
3,0,0,0,2,3,0,0,0,0,0,0,0,0
1,1,0,1,2,3,1,3,2,1,1,0,0,0
0,1,2,2,1,1,0,0,0,0,0,0,0,0
0,0,0,0,3,0,0,2,0,1,1,0,2,24
0,0,0,0,0,1,0,1,1,1,1,1,1,1
1,1,0,1,0,0,0,1,1,4,2,0,0,0
1,0,0,4,1,2,1,1,1,0,0,0,0,0
0,1,2,0,0,1,0,0,2,2,1,0,3,7
3,1,1,1,4,1,0,1,1,3,0,0,0,0
3,1,1,1,3,3,2,1,3,10,1,5,3,3
0,0,1,2,1,1,2,0,0,0,0,0,0,0
0,1,0,2,2,1,2,1,2,2,1,0,0,0
0,0,1,0,0,3,1,0,0,1,0,1,0,10
6,1,3,6,12,2,2,4,1,3,1,3,1,15
0,0,0,0,1,0,0,3,1,0,0,0,3,6
0,1,1,1,1,1,1,0,0,0,0,0,0,0
2,1,1,1,4,4,2,1,2,4,2,3,2,4
1,0,1,0,1,1,0,0,0,2,0,3,0,8
0,0,0,0,1,2,0,4,0,4,2,0,0,0
3,0,0,0,5,2,0,2,2,2,2,0,0,0
0,1,2,4,9,5,4,2,1,4,1,0,0,6
11,1,3,8,16,19,3,5,5,13,4,0,1,6
3,0,1,3,3,4,3,6,1,3,1,2,3,1
3,0,1,3,9,3,1,0,0,1,2,1,2,1
1,1,1,0,1,5,3,3,6,10,2,2,7,14
1,1,1,1,0,2,0,0,2,4,2,0,0,0
1,0,1,0,1,0,1,1,1,2,1,0,0,0
1,0,1,1,0,0,1,4,1,1,2,0,0,0
4,1,0,1,1,4,0,3,1,0,1,2,0,5
2,1,1,2,8,3,2,2,3,7,0,1,2,3
0,0,0,3,1,1,2,0,0,0,0,0,0,0
3,0,0,2,5,4,2,1,0,4,1,0,0,0
1,1,1,1,2,3,0,2,1,1,1,0,0,0
1,0,0,2,6,5,4,10,8,12,3,5,1,9
0,0,0,1,0,2,0,1,1,1,1,0,3,19
0,0,0,0,0,0,0,0,0,0,1,0,2,8
0,0,1,2,0,0,2,1,2,1,1,0,0,0
0,0,0,2,1,1,1,2,3,2,2,0,0,0
3,1,2,0,6,1,1,0,0,0,0,0,0,0
0,0,0,0,2,0,1,1,1,2,1,0,0,0
2,0,1,1,1,3,2,0,0,0,0,0,0,0
0,0,1,0,0,0,0,3,0,1,0,0,1,8
0,0,0,0,4,7,2,4,2,16,5,5,4,7
0,1,0,0,2,1,0,2,0,4,1,0,0,0
7,2,5,4,8,13,7,5,4,5,1,2,1,6
2,1,1,1,0,0,0,0,0,0,0,0,0,0
1,1,2,4,1,1,1,0,0,0,0,0,0,0
0,1,1,1,1,5,0,1,2,2,2,0,0,0
0,0,2,1,0,3,1,5,0,0,0,0,0,0
0,0,0,0,1,0,0,0,0,3,0,1,3,3
0,0,0,1,2,1,1,2,1,3,2,0,0,0
0,0,0,1,0,0,0,0,0,4,1,0,0,0
0,0,2,0,2,2,1,2,0,3,2,0,0,0
1,2,3,7,5,3,3,3,2,6,2,1,2,3
2,0,0,5,3,4,1,0,2,2,2,0,0,0
0,0,2,0,2,0,0,1,0,6,1,0,0,0
0,2,0,1,1,1,0,1,0,0,0,2,5,18
1,2,0,0,0,0,1,1,1,2,0,0,0,0
1,0,0,0,0,2,0,3,0,6,1,0,2,9
1,0,0,1,0,2,0,2,2,3,0,1,3,18
1,0,1,2,3,2,0,2,1,1,2,0,0,0
2,0,0,3,0,2,0,5,1,4,1,1,2,2
0,2,1,0,2,0,2,1,3,1,1,0,0,0
2,1,2,0,0,0,0,0,0,0,0,0,0,0
0,0,0,4,0,1,1,3,0,1,0,0,2,3
1,0,1,0,0,0,1,1,2,2,1,0,0,0
0,1,2,2,0,0,0,0,0,0,0,0,0,0
0,2,0,0,1,1,1,1,0,0,0,2,2,1
0,1,2,0,0,1,1,0,1,4,1,1,1,4
1,0,0,0,0,2,0,1,1,1,3,0,0,0
3,1,1,1,5,2,2,3,2,1,1,2,1,3
3,3,0,3,0,3,1,1,0,0,0,0,0,0
0,0,0,0,0,0,0,0,0,0,0,0,1,4
1,1,1,1,1,0,0,0,0,0,0,0,0,0
2,0,1,0,1,1,2,2,1,1,1,0,0,0
1,0,1,0,2,3,1,1,2,2,1,0,0,0
3,0,2,2,2,2,1,0,0,0,0,0,0,0
6,1,1,5,6,6,2,6,2,7,0,1,1,3
0,0,0,2,0,1,0,0,2,0,1,1,1,2
0,0,0,1,3,3,1,1,1,3,1,0,0,0
1,0,0,1,0,3,2,0,2,5,1,5,0,5
2,0,0,0,2,0,0,1,1,3,1,0,0,0
1,1,0,3,1,3,1,1,0,0,0,0,0,0
0,0,0,0,0,0,0,0,0,0,0,1,2,4
2,0,2,0,2,5,2,4,0,6,1,1,3,11
1,1,0,0,0,3,2,0,0,0,0,0,0,0
4,3,2,2,9,7,1,8,6,13,3,6,5,6
0,0,0,2,1,1,1,0,0,0,0,0,0,0
0,0,0,0,1,2,1,2,1,1,2,2,6,14
2,0,1,2,3,2,0,1,1,5,2,0,0,0
15,1,4,9,13,11,7,11,5,13,2,2,3,8
1,0,1,3,0,2,0,1,0,2,0,0,0,6
0,2,0,1,0,4,0,1,0,0,3,2,0,5
0,0,0,0,3,2,0,0,0,0,0,0,0,0
0,2,0,2,2,4,2,2,1,4,1,1,1,1
3,0,2,0,6,2,0,0,2,10,2,1,4,19
1,2,1,2,1,1,1,0,0,0,0,0,0,0
0,0,0,0,3,2,1,0,0,0,0,0,0,0
0,0,1,2,1,2,1,0,0,0,0,0,0,0
0,1,2,2,1,2,1,0,0,0,0,0,0,0
1,1,1,2,1,2,0,2,0,1,3,2,3,3
2,3,0,0,5,1,1,0,0,0,0,0,0,0
5,1,3,3,5,2,2,3,2,4,1,0,0,0
1,0,3,0,0,0,0,0,1,2,2,0,0,0
4,0,1,4,9,10,2,6,7,6,1,3,4,4
0,1,0,1,1,1,0,3,1,2,2,0,0,0
1,1,1,0,1,0,0,0,0,2,0,0,0,5
0,0,0,0,0,2,0,0,0,0,0,0,0,5
0,0,1,1,3,5,1,2,2,4,2,0,0,0
1,2,0,0,0,3,0,2,1,2,1,0,0,0
1,0,1,0,0,1,2,1,1,0,0,0,0,0
1,1,1,2,2,2,0,6,2,6,2,0,0,0
2,2,2,0,2,2,7,1,1,1,0,1,1,5
1,5,1,2,4,3,2,6,2,7,0,1,3,2
5,1,2,3,3,2,3,1,1,3,2,6,3,23
3,3,0,2,3,1,3,0,2,6,2,6,5,2
1,1,0,0,2,2,3,3,5,13,2,1,1,9
0,0,0,0,2,2,0,4,3,0,0,0,0,0
1,0,0,1,1,1,1,1,0,0,0,0,0,0
4,1,0,1,1,3,0,3,2,0,1,1,1,11
1,0,2,1,0,1,1,2,1,0,0,0,0,0
0,0,0,1,0,1,0,1,2,6,2,0,0,0
1,0,0,2,0,3,1,1,1,2,1,1,1,2
0,0,0,1,0,1,0,0,1,1,1,0,1,4
0,1,2,3,5,2,0,3,1,7,5,0,0,0
5,4,3,12,9,15,7,8,8,10,5,3,6,17
0,0,0,2,2,2,2,2,2,3,1,0,1,8
0,0,1,3,1,1,2,0,0,0,0,0,0,0
0,0,0,0,0,0,0,0,0,0,0,0,2,5
4,2,0,2,2,1,1,2,2,5,2,0,0,0
0,0,0,1,1,3,1,0,1,1,0,0,3,5
1,0,0,1,1,1,1,2,1,0,0,0,0,0
2,1,1,4,0,6,2,0,0,0,0,0,0,0
0,0,0,1,0,0,0,0,0,3,0,2,1,2
1,0,0,0,1,2,0,1,1,4,1,0,1,8
2,1,1,2,0,0,0,0,0,0,0,0,0,0
0,0,0,0,0,2,1,0,2,5,1,0,0,0
3,2,1,3,6,2,3,5,1,3,2,1,0,5
1,0,2,1,1,3,0,3,2,2,1,1,1,1
1,0,0,0,3,2,1,1,1,0,0,0,0,0
0,0,1,2,1,2,1,0,1,4,1,1,1,1
4,7,4,15,17,7,4,10,9,15,3,5,5,3
1,0,0,2,0,0,2,1,1,1,1,0,0,0
0,0,0,1,2,1,1,0,0,0,0,0,0,0
0,0,0,0,2,1,1,2,0,0,0,0,0,0
0,0,0,1,2,1,1,0,0,0,0,0,0,0
1,2,1,1,3,0,0,0,0,1,1,1,1,4
0,1,0,0,1,2,0,0,3,1,1,0,0,0
0,0,1,0,2,0,1,1,1,1,1,0,0,0
0,0,1,0,0,1,0,0,1,5,0,0,0,0
2,1,0,0,2,1,4,1,3,5,2,3,1,10
0,0,2,1,2,3,1,0,0,0,0,0,0,0
3,0,0,0,4,2,1,0,0,0,0,0,0,0
2,1,2,0,2,2,1,0,0,0,0,0,0,0
0,1,3,5,1,3,0,0,0,0,0,0,0,0
0,1,1,1,2,1,0,0,0,0,0,0,0,0
0,0,0,0,0,0,0,0,0,0,0,0,3,9
1,0,2,0,2,3,4,6,0,7,6,1,2,6
0,0,0,1,2,0,0,2,0,2,1,3,1,11
2,0,0,1,1,3,2,0,0,0,0,0,0,0
0,0,0,0,0,0,0,0,0,0,0,0,1,8
0,0,0,1,2,0,0,3,0,1,0,1,2,2
3,1,0,3,5,1,0,5,3,1,1,0,0,0
2,0,1,3,1,3,2,0,3,5,1,0,3,4
4,0,0,4,3,4,0,2,3,2,1,0,0,0
0,0,0,2,1,0,1,1,0,4,0,2,2,16
1,1,1,1,2,2,1,0,1,3,1,0,0,0
3,1,0,1,1,2,1,2,2,3,1,0,0,0
0,5,0,0,1,3,1,3,2,0,0,0,0,0
2,0,1,1,2,2,2,0,0,0,0,0,0,0
1,0,1,1,0,0,1,2,0,0,1,0,0,6
0,0,0,0,1,1,1,2,3,6,1,1,1,5
1,0,0,1,1,2,1,0,0,0,0,0,0,0
2,1,1,0,3,6,0,1,1,0,1,1,1,3
0,1,0,3,2,1,1,2,2,2,2,0,2,7
1,1,2,2,0,1,1,2,1,2,1,0,0,0
0,0,0,0,0,0,0,0,0,1,0,1,1,3
13,0,5,3,20,14,6,7,9,8,5,6,9,9
2,0,0,0,1,2,2,0,0,0,0,0,0,0
0,0,1,5,1,2,0,1,0,2,1,0,3,2
0,0,0,1,2,2,0,0,0,0,0,0,0,0
1,0,0,1,2,2,0,0,0,0,0,0,0,0
3,0,1,0,0,3,1,3,2,2,1,0,0,0
5,3,3,5,10,6,4,9,7,11,3,1,4,8
0,1,1,2,2,0,1,3,1,0,0,0,0,0
1,0,0,1,3,3,0,1,3,2,1,1,1,1
0,0,0,0,0,3,1,0,0,0,0,1,2,8
1,1,2,1,2,4,1,0,0,0,0,0,0,0
0,0,0,0,1,2,3,0,0,0,0,0,0,0
0,0,0,1,0,1,1,4,0,0,0,0,0,0
2,2,2,0,2,2,0,0,2,1,2,0,0,0
3,1,0,2,3,2,0,3,1,4,1,0,0,0
0,0,2,1,2,1,1,2,2,2,0,0,1,7
1,2,0,1,2,1,2,0,0,0,0,0,0,0
0,0,0,0,0,0,0,0,0,0,0,0,0,7
0,1,1,0,1,2,0,3,0,3,2,0,0,0
0,0,0,1,0,4,0,1,0,4,3,0,0,0
0,0,0,0,2,1,1,3,3,2,0,0,0,0
0,0,0,0,1,1,0,0,3,0,0,1,3,13
1,1,1,0,0,0,0,0,1,3,1,2,4,12
0,0,0,1,1,2,0,0,2,6,2,0,0,0
0,0,1,0,3,0,0,1,1,1,1,1,1,1
0,2,1,1,3,4,2,5,1,4,0,1,2,5
2,0,1,1,3,0,0,0,0,0,0,0,0,0
0,0,1,1,2,1,0,0,1,2,0,0,2,6
0,0,2,4,3,5,1,4,0,7,2,0,0,0
4,1,1,2,2,1,1,2,1,2,1,0,0,0
0,0,1,1,0,2,0,0,1,3,1,0,0,0
1,0,3,2,3,2,1,1,5,5,0,3,3,19
0,0,1,1,0,0,0,1,0,4,2,1,2,10
1,0,0,1,2,1,3,0,0,0,0,0,0,0
0,2,0,1,1,1,3,0,2,3,2,0,0,0
1,2,1,2,0,2,0,3,0,3,2,0,0,0
2,0,0,3,1,0,0,2,3,0,0,0,0,0
1,1,0,1,0,0,0,1,1,2,1,2,4,16
1,0,0,2,2,3,1,2,1,5,1,0,2,5
1,0,1,1,4,1,0,0,0,0,0,0,0,0
0,0,0,0,0,0,1,0,0,0,0,1,2,10
3,0,0,1,1,0,2,2,1,1,1,0,0,0
1,0,1,1,3,2,1,0,0,0,0,0,0,0
0,0,0,1,0,4,1,2,1,1,1,0,0,0
1,0,0,0,0,2,1,2,0,0,0,0,0,0
0,0,0,0,0,3,0,4,2,0,3,1,1,3
1,1,0,2,1,3,3,1,2,0,0,0,0,0
2,1,0,1,1,2,0,3,2,4,1,1,3,8
0,0,0,0,0,0,0,0,1,0,0,0,0,5
0,0,0,0,2,1,0,1,2,3,1,0,0,0
2,0,1,3,2,3,2,3,2,1,1,0,0,0
0,0,1,0,1,0,0,0,0,1,1,2,3,15
1,0,0,3,2,2,2,0,1,2,2,0,0,0
0,1,0,1,1,1,0,1,1,2,2,0,0,0
1,1,2,7,7,9,3,7,6,11,4,4,5,10
4,1,1,6,5,4,3,1,7,5,1,0,0,0
2,0,0,1,1,4,1,0,0,0,0,0,0,0
6,0,2,2,6,9,3,6,5,5,3,0,4,12
2,1,3,0,3,3,3,3,0,0,0,0,0,0
2,2,0,0,6,6,2,6,6,5,3,3,5,10
0,0,0,0,1,1,0,0,0,0,2,0,2,3
1,1,1,3,4,3,5,8,2,8,0,3,5,12
11,3,6,18,13,9,6,20,15,16,3,2,5,10
1,0,1,3,0,2,1,0,3,1,2,0,0,0
0,1,1,1,2,0,0,0,0,0,0,0,0,0
0,0,0,0,0,1,0,0,0,1,0,2,1,23
0,0,0,0,1,2,1,1,0,0,0,0,0,0
8,5,7,4,6,12,4,8,2,3,3,5,7,10
2,0,1,0,1,2,0,2,1,2,4,0,0,0
3,1,0,4,1,2,0,0,0,0,0,0,0,0
1,0,0,0,1,2,0,1,1,1,1,3,2,18
1,0,0,5,1,9,5,2,1,4,1,0,0,5
0,0,0,1,2,1,1,0,0,0,0,0,0,0
0,0,0,0,0,0,0,0,0,4,0,1,4,7
0,0,2,0,1,1,2,2,1,4,1,2,2,2
3,0,1,4,5,2,3,1,1,5,1,1,6,6
1,0,0,0,0,2,1,2,0,0,0,0,0,0
1,1,0,1,0,2,1,2,1,2,2,0,0,0
2,0,0,1,3,1,2,1,0,0,0,0,0,0
1,0,0,0,3,3,1,0,0,0,0,0,0,0
0,0,1,1,0,3,2,0,0,0,0,0,0,0
0,0,0,2,2,3,1,0,0,0,0,0,0,0
1,0,0,1,2,2,0,0,1,3,3,0,0,0
0,1,1,0,3,5,1,2,1,4,0,0,4,1
0,0,0,1,4,2,0,3,3,6,0,3,2,7
1,0,2,2,0,4,2,0,0,0,0,0,0,0
0,0,0,0,0,1,0,0,0,0,0,1,2,3
1,1,1,1,1,2,2,2,1,2,1,0,0,0
0,0,1,1,1,4,3,5,3,8,2,0,2,7
0,0,0,0,0,1,0,2,1,1,1,0,0,0
1,0,0,2,3,1,1,1,0,6,2,0,0,0
0,0,0,0,0,3,0,2,1,2,0,1,0,6
0,0,1,0,0,0,2,0,0,0,0,0,1,10
0,0,0,0,1,2,1,1,1,2,1,0,0,0
2,0,1,2,3,3,1,0,2,2,2,1,0,6
1,0,0,0,0,5,1,1,2,3,0,2,4,12
1,0,0,3,1,3,0,1,3,0,1,0,1,7
0,0,0,0,0,2,0,1,1,3,0,0,3,8
3,0,1,2,2,0,0,2,1,2,2,0,0,0
1,1,0,2,2,1,2,0,0,0,0,0,0,0
4,1,2,2,6,7,9,18,10,20,10,11,2,17
1,1,1,0,1,1,0,1,1,3,1,0,0,0
18,11,5,20,19,29,7,16,10,7,4,6,3,5
0,0,2,1,1,0,1,1,1,2,1,0,0,0
0,0,1,0,0,0,1,1,0,1,0,1,0,13
2,0,1,1,2,3,1,3,2,5,0,2,7,19
1,0,0,0,3,2,0,1,1,2,2,0,1,4
2,2,0,0,1,1,0,1,0,0,0,2,1,5
1,0,1,0,3,4,1,3,8,7,1,1,0,8
0,0,0,0,2,0,0,3,0,7,0,0,0,5
1,0,1,1,0,3,0,2,0,0,0,0,4,3
1,1,2,1,2,2,1,0,0,0,0,0,0,0
1,0,1,1,1,2,1,0,0,1,2,2,5,13
1,0,0,1,2,3,0,0,0,0,0,0,0,0
0,0,0,0,1,0,1,0,1,3,1,0,0,0
1,0,3,2,2,2,0,7,3,8,6,3,6,5
5,1,1,6,9,6,2,7,5,4,3,1,3,3
0,1,0,0,1,2,1,2,1,0,0,0,0,0
0,0,0,0,0,0,0,0,2,3,0,4,9,22
1,0,2,0,3,1,1,0,0,0,0,0,0,0
0,0,0,0,0,0,0,1,0,1,1,1,3,12
1,0,1,2,1,3,1,1,1,0,0,0,0,0
1,0,2,0,3,1,1,2,0,4,0,0,5,7
0,1,0,0,1,2,0,0,3,5,0,3,5,10
1,0,0,2,0,1,1,2,1,0,0,0,0,0
0,0,1,2,4,2,4,4,0,1,0,1,0,5
0,2,0,4,2,2,0,0,2,1,4,0,0,0
0,0,0,1,1,1,0,2,1,8,2,0,0,0
1,1,0,1,3,1,0,0,0,0,0,0,0,0
0,0,0,3,3,0,0,0,1,4,1,0,0,0
2,0,0,0,1,1,0,0,1,4,2,2,1,11
1,2,1,3,1,1,2,0,0,0,0,0,0,0
0,0,0,0,0,3,1,1,1,0,0,0,0,0
0,0,0,2,1,1,2,0,0,0,0,0,0,0
2,0,1,0,2,3,0,1,3,2,1,0,0,0
0,1,2,0,0,0,0,0,1,1,1,2,2,2
6,2,0,1,2,3,1,2,0,0,0,0,0,0
3,2,4,2,5,4,2,2,2,3,1,1,4,24
2,1,3,0,0,0,0,0,0,0,0,0,0,0
0,0,1,2,3,1,1,4,1,2,2,0,0,0
0,0,0,0,2,1,1,1,3,0,0,0,0,0
3,1,0,3,1,1,0,0,0,0,0,0,0,0
0,0,1,2,1,1,0,0,0,0,0,0,0,0
2,0,0,0,0,2,1,1,0,4,1,0,0,0
0,0,0,0,0,1,1,3,0,2,2,1,2,8
0,0,0,0,1,1,1,2,1,0,0,0,0,0
5,1,4,4,5,7,3,8,2,3,1,0,0,0
1,0,2,2,6,2,2,2,1,0,0,0,0,0
0,2,0,0,1,1,0,1,1,2,1,0,0,0
2,1,0,0,1,1,1,3,0,0,0,0,0,0
0,1,0,0,6,2,1,0,0,0,0,0,0,0
0,0,3,0,0,2,1,1,1,0,0,0,0,0
2,1,0,1,3,2,0,4,1,0,0,0,0,0
0,0,0,0,0,1,0,0,0,1,1,1,1,2
1,2,0,1,3,7,2,5,9,10,3,2,6,11
1,0,0,0,0,0,1,1,1,1,1,0,0,0
2,0,1,6,1,3,1,3,3,5,0,3,4,6
2,0,1,2,1,1,0,0,0,0,0,0,0,0
0,1,0,0,2,1,0,1,0,0,2,1,2,9
0,0,0,0,0,0,0,0,0,0,0,0,2,11
1,2,0,3,2,1,1,0,0,0,0,0,0,0
1,0,0,2,3,0,0,0,0,1,0,1,1,7
2,0,0,0,1,3,1,0,2,1,0,1,1,3
0,3,1,5,4,4,1,6,1,5,4,0,0,0
0,1,1,1,1,0,2,3,1,0,0,0,0,0
0,1,2,4,3,5,0,4,2,13,2,4,9,26
0,1,1,3,3,1,0,0,0,0,0,0,0,0
4,3,3,5,3,6,1,5,3,4,1,1,1,4
1,0,1,1,1,0,0,1,1,1,1,0,1,13
0,1,1,1,1,3,0,0,0,0,0,0,0,0
1,0,1,0,0,0,0,0,2,5,1,0,0,0
0,0,0,0,1,0,0,1,1,3,1,0,0,0
3,1,1,2,1,1,2,0,0,0,0,0,0,0
1,0,1,3,3,9,1,5,2,7,4,4,2,12
6,1,3,6,1,3,3,3,1,5,2,0,0,0
0,0,0,0,0,0,0,0,0,0,0,0,1,4
1,1,0,2,1,3,1,2,3,12,0,1,2,3
2,0,0,1,0,1,1,1,2,0,0,0,0,0
2,0,1,4,2,5,1,4,2,5,0,2,3,8
2,0,0,2,1,1,2,1,1,0,0,0,0,0
12,7,1,17,12,17,6,11,12,21,6,6,6,17
0,0,0,2,1,2,2,1,2,0,0,0,0,0
5,1,3,4,2,2,4,3,1,8,2,0,0,0
0,0,0,0,0,1,0,1,1,1,0,1,2,3
0,0,0,1,3,1,0,2,0,1,0,0,0,7
1,1,2,1,0,2,1,4,0,0,0,0,0,0
1,0,0,1,0,0,0,0,0,0,0,1,3,2
0,0,1,1,3,4,1,1,2,2,0,2,2,1
5,2,10,5,9,14,7,8,3,22,2,0,8,6
0,0,0,2,1,2,0,2,1,2,2,0,0,0
2,0,0,1,2,1,2,1,1,2,1,0,0,0
0,1,0,0,0,0,0,0,1,2,0,1,1,12
1,1,2,0,2,1,3,2,1,4,1,0,0,5
0,0,1,0,0,1,0,1,1,2,1,0,2,21
0,0,1,0,1,2,0,0,1,2,1,0,2,3
2,3,3,5,10,21,4,17,10,22,8,4,8,23
2,1,0,2,1,1,2,0,0,0,0,0,0,0
3,3,0,4,1,4,3,2,2,4,2,0,0,0
2,2,3,1,3,2,1,0,1,8,0,1,2,11
1,1,0,0,0,2,1,1,1,1,3,0,0,0
1,0,0,1,2,2,0,0,0,0,0,0,0,0
2,1,1,5,9,6,2,8,2,7,2,1,2,6
1,0,1,0,0,0,1,1,2,2,2,0,0,0
1,1,1,2,2,0,0,0,0,0,0,0,0,0
0,0,0,1,1,0,0,0,0,2,0,0,3,3
1,1,3,1,2,2,0,2,1,4,1,0,0,0
0,0,1,0,3,1,1,0,0,0,0,0,0,0
0,0,1,2,1,4,0,3,5,8,3,2,4,8
2,0,0,0,2,3,2,1,3,0,0,0,0,0
3,0,2,1,0,3,2,3,2,1,1,0,0,0
2,1,2,0,0,0,0,0,0,0,0,0,0,0
0,0,1,0,3,3,2,4,2,3,2,0,0,0
0,0,1,0,1,2,0,1,2,1,0,1,1,3
0,0,0,0,0,0,0,0,0,0,0,0,3,4
11,4,6,8,13,16,5,16,5,7,1,1,7,11
0,0,2,1,1,1,0,0,2,2,1,0,0,0
0,1,0,1,5,4,2,2,0,0,0,0,0,0
0,0,1,1,1,2,0,2,0,0,1,1,1,2
2,0,2,3,0,3,1,2,0,5,2,2,3,9
2,1,1,3,2,2,5,1,1,1,1,0,0,0
13,4,4,5,14,16,8,7,7,12,4,3,5,7
0,0,0,0,1,0,0,0,2,2,0,3,2,2
2,0,1,1,3,0,1,2,1,4,1,0,0,0
1,0,0,0,0,3,2,0,1,3,1,0,0,0
9,3,4,6,9,15,9,11,3,11,2,2,4,13
4,3,1,4,4,2,0,3,1,2,2,1,3,9
0,0,1,2,4,4,0,0,0,1,1,3,1,3
0,0,2,1,2,1,0,0,0,0,0,0,0,0
0,0,0,0,0,0,0,0,0,2,2,4,7,14
0,0,0,1,2,0,1,1,1,2,1,0,0,0
0,0,0,0,0,0,0,0,0,1,0,1,1,5
0,0,0,0,2,3,1,1,1,2,1,0,0,0
3,0,1,2,2,1,1,4,0,0,0,0,0,0
1,1,1,1,4,4,1,0,2,2,1,0,0,0
0,0,0,0,0,0,0,0,0,0,0,1,0,5
1,0,1,0,1,2,1,4,3,0,0,0,0,0
1,0,0,0,0,0,1,2,1,1,1,0,0,0
1,0,2,3,4,8,2,4,2,8,1,1,1,2
7,6,4,4,10,11,7,15,8,19,5,4,8,12
2,1,1,3,7,3,1,5,4,7,0,3,0,8
1,2,1,3,2,1,2,3,2,4,4,5,2,6
1,0,2,4,2,6,2,4,1,3,4,0,0,0
1,0,1,1,2,2,0,0,0,0,0,0,0,0
2,1,2,1,1,3,1,1,0,0,0,0,0,0
0,1,0,1,3,2,2,2,0,4,1,0,0,0
0,0,0,0,1,1,0,2,1,4,1,0,0,0
4,0,0,3,6,3,1,6,4,8,5,0,10,7
1,0,0,1,2,2,1,0,0,0,0,0,0,0
1,1,1,1,2,6,0,1,2,3,2,0,0,0
1,2,2,2,0,0,0,2,1,1,2,0,0,0
10,4,6,12,23,14,8,15,14,11,8,10,6,8
2,0,0,2,2,1,0,1,1,2,1,0,0,0
0,1,2,1,2,1,1,0,0,0,0,0,0,0
0,0,0,2,1,0,1,0,0,3,0,0,0,6
0,0,1,5,1,1,1,0,0,0,0,0,0,0
2,1,0,3,2,3,3,1,0,2,3,0,0,0
13,8,14,18,28,24,11,15,11,26,9,12,7,16
7,0,6,10,8,7,2,4,4,7,2,1,2,5
1,1,0,3,1,2,1,0,0,0,0,0,0,0
2,1,1,0,1,4,0,2,3,4,1,1,3,1
0,1,1,2,0,0,1,4,1,6,4,0,3,6
2,1,1,1,0,0,0,0,0,0,0,0,0,0
1,1,2,0,3,3,0,0,0,0,0,0,0,0
1,1,0,3,1,1,0,0,0,0,0,0,0,0
8,1,2,6,9,8,3,8,2,9,6,0,3,4
2,0,2,2,2,6,2,2,3,7,2,1,4,8
1,2,4,2,5,3,0,4,1,3,2,0,0,0
1,0,1,2,0,1,1,1,1,3,1,1,1,1
0,1,0,1,3,0,1,0,1,4,1,0,0,0
1,0,1,1,3,2,4,3,0,6,0,2,6,5
3,2,3,6,5,7,3,3,4,5,3,2,3,6
2,2,1,3,2,4,0,0,0,0,0,0,0,0
0,0,1,1,2,2,0,0,0,0,0,0,0,0
1,1,1,2,0,1,1,5,0,0,0,0,0,0
2,1,0,1,1,1,0,2,2,1,1,0,0,0
3,4,8,1,8,3,3,7,6,13,2,3,3,6
0,0,1,0,2,1,1,3,1,3,4,0,0,0
0,0,0,1,0,1,0,2,0,5,2,4,4,17
1,1,1,1,1,1,2,0,0,0,0,0,0,0
3,2,0,1,1,2,2,2,1,1,0,1,0,5
2,1,0,0,4,2,2,1,2,8,0,2,1,12
0,1,0,2,1,0,0,0,2,2,2,1,1,1
0,0,0,0,0,0,2,4,2,1,1,1,1,1
2,2,1,2,2,5,0,11,5,5,1,2,3,7
5,3,2,10,7,11,3,4,1,5,2,2,0,8
0,0,0,0,1,2,0,1,3,8,0,3,5,3
0,0,0,4,1,2,3,5,1,5,1,4,2,9
0,0,1,0,3,3,2,6,2,4,3,0,0,0
2,2,0,1,1,2,0,1,2,2,3,0,0,0
1,0,0,1,1,2,1,1,0,0,0,0,0,0
1,0,0,3,2,2,1,1,2,0,0,0,0,0
2,2,5,5,10,8,6,3,7,7,4,2,1,5
3,0,0,1,1,0,1,2,1,1,1,0,0,0
1,0,1,1,2,2,1,1,1,0,0,0,0,0
1,0,0,0,1,2,1,0,2,1,0,1,1,3
3,0,1,3,1,0,0,0,0,0,0,0,0,0
1,0,0,1,3,3,2,1,1,0,0,0,3,7
3,3,0,1,2,1,1,0,0,0,1,1,2,4
11,4,4,12,8,8,7,15,5,13,4,4,3,10
7,3,0,4,9,6,8,7,5,3,1,5,0,9
1,0,1,0,0,3,0,0,2,1,2,0,0,0
1,1,0,0,1,2,0,3,0,6,1,0,0,0
1,2,0,1,2,0,0,0,2,3,3,1,6,9
6,2,5,6,16,17,6,5,7,5,3,5,6,5
0,0,0,1,1,2,2,0,0,0,0,0,0,0
4,1,1,2,1,0,0,1,0,2,1,0,1,5
1,1,0,2,2,1,2,0,0,0,0,0,0,0
0,1,0,2,3,2,0,3,1,2,0,2,1,2
0,1,2,4,3,1,2,10,0,2,4,0,2,10
0,0,0,1,3,3,0,0,0,0,0,0,0,0
0,0,1,1,2,0,0,1,1,3,0,1,1,5
5,0,0,0,0,0,0,0,0,0,0,0,0,0
0,1,1,1,7,3,0,2,2,1,1,0,0,0
1,0,0,1,0,0,0,3,2,0,0,0,0,0
0,0,0,1,0,1,1,1,0,3,2,7,9,24
3,0,2,0,4,4,1,4,1,1,1,0,0,0
0,0,0,1,1,6,0,0,0,0,0,0,0,0
0,0,0,0,1,0,1,0,2,2,0,0,0,5
1,1,1,0,3,0,2,1,1,1,1,0,0,0
1,0,0,1,3,3,1,1,0,0,0,0,0,0
2,1,0,2,2,2,0,0,0,0,0,0,0,0
0,0,1,0,3,2,1,1,0,0,0,0,0,0
2,0,0,6,6,5,0,0,1,4,2,0,0,0
0,1,0,3,5,2,2,2,3,4,2,2,2,5
1,0,0,1,2,1,1,2,2,1,1,0,0,0
11,5,11,14,13,16,5,17,8,13,3,2,5,9
1,4,2,5,2,4,4,5,6,7,2,3,3,5
2,2,1,1,1,2,3,2,4,4,0,1,0,8
4,2,0,4,6,6,2,5,1,4,5,0,0,0
0,0,1,2,2,2,1,1,3,2,1,0,0,0
0,0,5,0,0,0,0,0,0,0,0,0,0,0
1,0,1,1,1,1,2,0,0,0,0,0,0,0
1,0,1,0,0,2,1,1,0,1,0,1,5,2
3,2,1,1,5,5,3,1,0,7,3,0,0,0
2,1,0,2,3,3,0,2,1,1,2,0,0,0
0,1,2,1,1,3,2,2,2,4,2,0,0,0
3,2,0,0,0,0,0,0,0,0,0,0,0,0
3,5,9,12,10,7,7,4,7,15,11,10,8,10
0,0,1,0,0,1,0,2,1,2,1,0,0,0
2,0,0,1,2,2,0,0,0,0,0,0,0,0
0,2,2,4,3,2,1,5,1,6,6,1,3,11
1,0,0,1,0,1,0,2,1,1,2,0,0,0
0,0,2,2,1,1,1,1,0,0,0,0,0,0
0,0,0,0,0,0,0,0,0,1,0,0,1,5
2,1,3,2,2,4,2,2,6,7,1,0,3,4
0,0,1,1,2,0,1,1,2,5,1,0,0,0
3,0,1,1,1,1,0,5,2,3,0,1,2,4
2,1,0,6,0,0,0,0,0,0,0,0,0,0
0,0,0,2,3,2,1,2,0,3,1,1,3,2
1,1,1,0,0,1,0,3,2,0,0,0,0,0
1,0,0,0,2,2,0,0,1,1,3,0,0,0
0,0,0,0,1,2,1,1,0,0,0,0,0,0
2,0,0,2,1,1,2,1,1,0,0,0,0,0
0,0,0,2,1,2,2,1,0,0,0,0,0,0
1,1,1,4,0,2,0,3,0,2,1,0,1,10
2,1,0,0,1,3,1,0,0,0,0,0,0,0
0,1,1,3,2,2,0,0,0,0,0,0,0,0
1,0,1,0,0,1,1,1,2,0,0,0,0,0
2,2,2,0,2,1,1,1,2,0,0,0,0,0
4,3,1,2,3,9,5,5,6,22,5,4,8,13
4,0,1,2,3,2,1,3,0,1,0,1,0,6
0,1,0,1,1,1,1,1,1,0,0,0,0,0
1,0,0,0,0,1,2,0,1,0,0,0,1,8
1,0,2,1,1,0,1,2,1,6,0,6,4,16
0,0,0,0,1,0,0,0,0,1,0,2,0,11
0,0,0,1,3,1,0,2,4,7,1,3,2,1
0,0,0,0,3,2,0,2,1,4,2,1,0,10
1,0,0,1,1,0,2,2,2,0,0,0,0,0
0,0,0,0,0,0,0,2,1,1,1,0,0,0
0,1,0,0,0,1,1,1,1,1,1,0,0,0
0,0,1,1,3,0,0,0,0,0,0,0,0,0
0,0,1,0,0,0,1,0,0,0,1,2,2,3
0,0,0,2,0,1,0,0,1,1,2,2,5,19
4,2,4,11,17,16,7,13,13,17,4,2,4,8
1,0,3,0,6,1,1,1,1,3,0,3,5,17
1,0,1,1,2,2,0,4,2,2,2,0,0,0
0,0,0,2,1,3,4,3,7,14,2,4,3,12
1,1,1,3,0,0,0,0,0,0,0,0,0,0
1,2,3,2,1,6,2,0,5,6,1,0,0,0
0,0,1,1,1,0,1,0,1,3,1,0,0,0
1,2,3,0,1,1,0,7,0,0,0,0,0,0
0,1,1,2,5,1,1,2,4,0,0,0,0,0
4,3,2,1,4,1,2,1,1,4,0,1,2,2
0,0,0,2,1,0,0,1,1,2,2,0,0,0
2,1,0,1,3,3,2,3,3,0,2,2,2,1
0,0,1,0,1,2,1,1,1,0,0,0,0,0
3,1,0,3,3,9,6,9,5,19,4,3,7,8
1,0,0,2,2,1,0,0,1,2,2,0,0,0
3,2,1,1,3,0,0,4,1,3,2,0,0,0
0,0,0,2,3,0,1,1,2,1,1,0,0,0
1,1,1,1,0,0,3,1,3,7,2,0,0,0
14,8,8,17,23,28,4,17,8,23,15,10,5,12
0,1,0,3,2,1,0,0,0,0,0,0,0,0
2,0,0,3,1,2,0,0,0,0,0,0,0,0
5,5,2,8,9,12,5,3,1,15,4,2,8,13
7,5,3,9,5,9,8,10,6,6,3,4,4,16
2,1,2,5,6,4,5,5,3,5,1,2,2,4
3,1,0,1,0,4,2,1,1,0,0,0,0,0
8,3,5,8,13,13,8,10,9,18,4,6,1,8
0,0,0,1,1,0,1,0,0,5,1,5,3,21
1,0,1,1,4,2,1,2,0,0,0,0,0,0
1,0,0,2,1,3,0,2,1,3,1,0,0,0
0,0,0,0,2,1,1,1,2,0,0,0,0,0
3,1,6,3,10,10,0,5,3,8,1,3,1,8
2,1,0,1,0,0,0,0,0,0,1,0,1,4
1,1,0,0,3,1,0,0,2,3,1,0,0,7
0,0,0,0,0,1,1,0,0,3,2,0,0,0
1,0,0,0,1,1,1,4,1,2,1,2,2,1
0,0,2,0,0,0,0,4,2,0,0,0,0,0
0,0,0,1,2,1,2,1,1,0,0,0,0,0
1,0,0,0,1,0,0,0,0,0,0,0,1,7
1,0,0,0,3,1,1,2,0,3,0,2,0,7
1,1,1,3,0,0,0,0,0,0,0,0,0,0
0,0,0,0,0,0,0,0,0,0,0,0,1,8
1,0,0,2,0,0,1,0,0,4,2,0,0,0
1,0,1,0,1,2,2,0,0,0,0,0,0,0
0,3,0,3,4,0,1,2,0,1,1,2,2,2
1,0,1,0,1,0,0,4,5,7,5,4,6,21
2,0,1,0,3,1,0,1,2,3,1,0,0,0
0,0,0,1,2,2,0,0,0,0,0,0,0,0
2,0,0,7,1,1,0,2,0,6,2,0,0,0
1,1,0,0,1,3,1,1,0,0,0,0,0,0
0,0,0,2,2,1,1,1,0,0,0,0,0,0
1,0,1,4,1,0,1,4,2,1,1,0,0,0
1,0,0,2,0,1,1,1,0,0,0,0,3,2
1,0,0,1,1,0,0,0,1,2,2,0,0,0
7,3,6,4,5,3,4,5,3,4,2,2,5,2
2,0,0,1,0,0,1,0,0,0,0,0,3,2
1,0,0,0,5,0,0,3,1,3,1,0,0,0
1,1,0,0,3,3,1,0,0,0,0,0,0,0
0,0,0,0,0,0,0,0,1,0,1,1,1,7
0,0,0,0,0,1,0,1,1,1,2,0,0,0
3,0,0,1,4,2,2,2,1,3,2,0,0,0
1,0,0,0,1,2,2,0,0,0,0,0,0,0
1,1,0,1,0,0,1,2,0,1,1,1,1,1
0,0,2,1,1,6,1,1,3,0,0,0,0,0
1,0,2,1,2,5,1,6,1,5,2,1,6,6
0,0,0,0,0,0,0,0,0,0,0,2,1,5
3,0,3,5,6,5,4,7,1,5,2,2,2,7
0,0,0,1,5,4,0,3,1,5,1,0,0,0
2,2,1,3,5,1,1,1,1,0,0,0,0,0
2,2,2,1,2,2,1,2,0,0,0,0,0,0
0,0,0,3,1,2,0,0,0,0,0,0,0,0
3,0,0,1,1,2,2,0,0,0,0,0,0,0
1,0,2,2,5,2,2,3,1,5,2,0,0,0
10,4,1,4,12,10,3,5,5,10,3,2,0,6
14,8,6,12,18,20,4,16,9,21,7,6,5,6
15,5,8,15,17,24,11,14,9,22,7,5,10,14
2,0,0,0,0,0,0,0,0,4,1,0,0,0
0,0,0,0,2,0,0,0,2,5,1,0,2,14
1,0,0,1,0,1,0,0,0,2,0,0,4,13
0,2,1,1,1,1,1,0,0,0,0,0,0,0
0,0,0,2,3,3,0,3,2,0,0,0,0,0
0,0,1,3,9,17,2,10,9,19,5,6,10,18
5,3,2,5,4,11,5,9,3,10,1,2,0,6
0,0,2,1,0,5,5,1,1,0,0,0,0,0
6,2,8,6,16,9,4,6,10,14,1,4,3,8
9,5,8,3,18,16,6,5,7,10,2,1,0,9
1,0,2,2,3,1,0,0,0,0,0,0,0,0
0,0,1,1,1,3,1,1,1,0,0,0,0,0
2,1,1,1,0,0,0,3,1,1,1,0,0,0
1,0,0,0,0,4,1,2,1,1,1,0,0,0
2,1,1,1,1,0,0,0,0,0,0,0,0,0
0,0,0,0,3,0,1,1,0,1,1,0,1,5
1,0,1,2,1,2,1,1,0,0,0,0,0,0
1,1,0,0,4,3,0,2,1,2,1,1,1,2
4,1,2,0,2,1,0,3,1,1,1,0,0,0
7,2,2,2,6,7,2,4,4,6,1,2,3,3
0,2,0,1,1,3,2,4,2,3,1,1,1,7
2,4,3,2,4,3,1,0,3,1,2,2,1,4
5,0,1,1,4,5,1,4,1,3,0,1,2,5
0,1,1,0,4,1,1,1,1,0,0,0,0,0
1,0,0,0,1,1,1,1,2,0,0,0,0,0
0,1,1,0,1,1,0,1,2,2,1,0,0,0
1,0,1,1,1,1,2,0,0,0,0,0,0,0
1,1,1,2,0,6,2,6,4,13,2,3,3,5
2,0,1,1,1,1,1,1,0,1,0,1,1,5
2,1,0,0,0,6,1,4,0,0,0,0,0,0
0,1,0,1,1,0,0,3,2,0,0,0,0,0
1,0,0,1,2,0,1,1,2,3,1,0,0,0
0,0,2,1,0,1,4,0,0,0,0,0,0,0
0,0,0,0,0,0,0,0,0,1,0,0,0,6
1,0,0,0,2,2,1,0,0,0,0,0,0,0
1,0,0,1,1,1,0,1,2,1,1,0,0,0
0,0,2,3,4,1,1,0,0,0,0,0,0,0
4,1,1,0,2,2,2,2,2,1,2,0,0,0
1,0,0,1,2,2,0,0,0,0,0,0,0,0
0,0,0,0,0,0,0,0,0,1,1,1,1,6
0,1,0,0,2,1,0,0,2,5,0,3,1,2
1,2,0,3,1,2,3,1,1,2,1,0,0,0
20,15,21,30,27,32,20,18,22,34,10,7,12,13
2,1,0,1,0,3,1,6,4,9,8,1,5,4
2,0,2,1,1,1,0,3,1,1,1,1,1,18
0,1,0,0,3,2,0,3,2,4,0,2,2,4
3,0,0,0,1,0,0,2,1,2,1,0,0,0
0,0,0,3,1,3,0,0,0,0,0,0,0,0
0,0,0,2,0,1,1,0,0,0,1,0,2,4
1,0,0,0,2,4,1,0,0,0,0,0,0,0
0,0,0,1,1,2,1,0,0,0,0,0,0,0
0,3,0,1,2,2,1,1,1,3,2,0,0,0
0,0,0,1,0,0,0,1,0,1,0,1,1,5
1,0,1,0,5,1,0,0,0,0,0,0,0,0
0,0,0,0,3,1,2,0,0,0,0,0,0,0
5,0,3,3,4,4,5,5,5,3,0,4,6,16
0,1,0,1,4,2,0,1,2,2,1,0,0,0
0,0,0,0,0,0,0,1,0,0,0,0,0,6
1,0,0,0,0,1,0,0,1,3,0,0,2,3
1,0,2,2,2,3,1,1,3,3,0,1,3,5
2,1,0,3,2,2,0,2,0,0,0,0,0,5
3,1,0,1,6,4,2,0,4,3,0,0,0,5
4,1,1,1,2,3,1,2,1,1,2,1,1,3
1,1,0,1,1,3,0,0,0,0,0,0,0,0
0,0,0,3,2,2,0,0,0,0,0,0,0,0
0,0,0,0,0,0,0,0,0,0,0,0,5,11
0,0,0,1,3,3,2,7,1,7,3,1,6,19
0,0,0,0,1,4,0,0,0,0,0,0,0,0
2,2,1,1,2,2,2,2,0,6,2,0,0,0
13,3,0,1,0,0,0,0,0,0,5,0,0,0
1,1,1,0,0,1,0,2,3,2,0,1,4,17
0,1,1,1,1,1,0,0,0,0,0,0,0,0
3,0,1,1,1,3,0,4,2,4,1,3,3,6
1,2,0,0,1,1,1,0,2,3,1,0,0,0
0,0,0,0,0,0,0,0,0,0,0,0,3,13
0,0,0,1,0,0,0,2,0,4,1,0,0,0
1,0,0,0,2,0,0,1,1,0,1,0,2,4
1,0,0,1,3,2,2,1,1,2,1,0,0,0
1,0,0,0,3,2,0,1,0,1,1,0,2,5
0,0,2,2,1,0,0,0,0,0,0,0,0,0
0,0,1,1,0,0,0,1,0,1,0,1,0,10
0,1,1,0,0,1,1,0,0,0,0,0,0,8
2,1,0,1,2,0,0,5,2,1,1,0,0,0
2,2,1,1,1,6,1,0,0,0,0,0,0,0
0,1,0,2,3,7,4,2,2,8,1,0,1,4
2,0,0,0,0,2,1,2,0,0,0,0,0,0
9,1,3,5,7,9,4,5,8,11,2,4,2,6
1,0,2,0,2,4,0,1,1,5,2,0,0,0
0,1,1,1,2,3,0,0,0,0,0,0,0,0
1,1,0,2,1,1,2,1,0,0,0,0,0,0
1,1,3,0,0,0,0,0,0,0,0,0,0,0
9,4,2,10,10,12,5,9,2,9,0,2,4,1
7,3,5,5,5,7,1,5,3,6,2,5,2,4
1,0,0,1,0,0,1,0,2,1,0,2,1,15
12,0,9,9,14,18,8,7,6,10,0,1,3,4
2,3,2,1,2,0,0,2,1,4,3,0,0,0
0,0,0,0,0,1,1,0,2,2,0,0,1,5
0,0,1,1,1,2,2,3,0,0,0,0,0,0
0,0,0,0,6,1,0,1,1,3,1,1,1,1
0,0,0,0,2,2,1,1,1,0,0,0,0,0
1,0,0,1,0,2,0,3,1,2,1,3,1,3
0,0,0,0,1,1,2,1,0,0,0,0,0,0
1,1,1,1,1,1,2,0,0,5,1,0,0,0
5,0,1,4,5,2,3,6,2,7,0,2,3,5
1,0,1,2,0,0,0,1,3,0,1,1,1,6
0,0,0,1,0,1,2,2,1,0,0,0,0,0
6,6,2,3,8,2,3,1,1,7,2,2,5,13
0,0,0,0,0,2,0,1,1,1,2,0,0,0
0,0,0,0,1,2,0,1,2,1,1,0,0,0
1,0,2,0,2,2,1,3,2,3,0,0,2,11
0,4,0,1,4,1,2,1,1,4,2,0,0,0
0,0,0,0,0,0,0,0,1,3,1,0,3,13
0,0,1,2,1,1,0,0,0,0,0,0,0,0
1,1,0,0,3,1,1,0,0,0,0,0,0,0
1,1,0,0,4,4,2,2,2,4,3,0,0,0
0,0,0,0,0,1,0,0,0,0,0,0,1,5
6,1,4,9,19,8,10,11,5,7,7,2,3,6
3,1,1,1,2,0,0,1,1,3,1,0,0,0
0,0,0,0,0,1,0,2,1,1,2,0,0,0
0,0,0,1,1,0,0,2,2,4,1,3,4,19
0,0,2,0,2,1,1,0,4,1,1,0,0,0
0,0,1,1,0,5,0,0,0,0,0,0,0,0
3,2,1,1,3,3,7,2,6,3,5,1,4,5
1,0,1,3,1,1,0,2,1,2,1,0,0,0
0,0,2,1,4,3,0,0,0,0,0,0,0,0
16,0,4,6,12,10,4,5,6,2,3,3,2,6
0,0,1,0,1,3,0,1,1,4,1,0,0,0
1,1,0,2,1,1,3,0,0,0,0,0,0,0
3,1,0,3,4,4,2,3,1,3,1,0,0,0
0,0,0,2,1,1,1,1,2,1,0,0,0,0
1,1,1,1,1,3,0,0,0,1,1,0,1,4
1,0,0,1,1,2,0,1,2,2,1,0,0,0
0,0,0,0,0,0,0,1,0,2,0,1,1,10
0,2,1,4,6,1,2,4,0,0,0,0,0,0
14,4,6,9,11,9,8,11,4,12,6,3,7,8
2,2,1,1,1,3,2,1,2,4,2,0,0,0
1,1,0,2,2,0,1,3,1,1,0,0,2,3
1,0,0,1,3,2,2,1,2,0,0,0,0,0
0,0,0,2,0,0,0,0,1,3,2,0,0,0
3,0,1,1,1,3,2,2,1,2,0,1,0,10
0,0,0,0,1,2,0,3,1,2,1,0,2,5
0,0,0,0,1,2,0,1,2,2,2,0,0,7
0,0,0,0,0,0,0,3,2,5,1,1,2,4
1,1,1,1,1,1,0,0,0,0,0,0,0,0
1,0,0,0,1,0,1,1,0,3,0,0,1,5
0,0,1,2,3,0,2,2,0,0,0,0,2,4
3,1,1,0,3,3,1,0,0,0,0,0,0,0
0,0,0,4,2,1,0,0,0,0,0,0,0,0
0,1,2,3,3,5,5,5,5,16,2,4,2,12
2,4,3,2,9,11,4,3,2,16,7,0,8,5
2,1,2,1,1,3,5,7,3,8,5,5,5,12
0,0,0,0,0,0,0,1,0,4,2,0,0,0
8,2,4,2,8,8,1,3,4,10,7,1,2,4
2,1,1,2,2,2,2,0,0,1,0,1,3,3
0,2,0,2,1,2,0,0,0,0,0,0,0,0
2,1,1,6,2,6,0,3,4,3,4,3,5,8
0,1,0,1,1,5,1,0,0,0,0,0,0,0
0,0,0,0,0,0,0,0,1,0,0,0,2,8
0,0,0,0,0,0,0,1,0,1,0,0,2,9
0,0,2,1,0,2,1,1,3,5,3,0,14,22
0,1,0,1,0,2,1,0,0,4,1,0,0,0
0,0,0,0,0,0,0,0,0,0,0,1,2,10
2,0,0,1,3,2,3,0,0,0,0,0,0,0
3,0,0,3,2,2,3,3,0,0,0,0,0,0
2,1,1,4,2,1,1,0,0,0,0,0,0,0
3,0,2,0,2,3,1,0,2,2,2,0,0,0
1,0,1,0,4,1,1,0,0,0,0,0,0,0
0,0,0,0,0,0,0,0,0,0,0,0,0,5
7,2,5,4,6,6,3,4,5,6,2,4,0,7
0,0,1,3,1,1,1,0,0,0,0,0,0,0
1,1,1,0,1,2,1,1,0,0,0,0,0,0
5,0,1,2,6,6,3,2,1,5,0,1,0,6
2,1,0,1,2,2,0,2,1,3,1,0,0,0
0,1,1,4,3,2,0,0,0,0,0,0,0,0
0,0,0,0,0,0,0,1,1,0,2,0,1,8
1,0,0,4,0,2,0,1,1,3,2,0,0,0
0,0,0,0,0,1,0,2,0,1,0,1,0,6
1,0,1,1,2,2,1,0,0,0,0,0,0,0
0,0,1,0,1,1,2,0,2,0,0,2,2,5
0,0,1,0,0,1,1,0,1,2,3,0,0,0
0,0,3,2,0,1,2,2,1,3,0,1,3,6
2,0,0,0,1,0,1,1,1,3,2,0,1,6
0,0,0,0,0,0,1,0,0,0,0,1,3,9
0,0,0,1,0,0,0,0,0,0,1,2,4,17
0,0,1,1,0,1,0,1,1,2,1,0,0,0
0,1,0,1,2,1,1,0,0,0,0,0,0,0
0,0,0,1,0,0,1,0,0,0,3,3,3,15
0,0,0,0,1,0,0,0,0,0,0,0,3,3
3,2,2,5,5,4,1,3,2,4,1,2,7,17
1,1,0,1,4,3,1,0,0,0,0,0,0,0
0,1,0,0,0,3,2,0,0,0,0,0,0,0
1,1,1,0,1,1,1,3,2,0,0,0,0,0
2,0,1,2,1,1,1,0,0,0,0,0,0,0
0,0,1,0,1,0,1,1,2,1,1,0,0,0
1,0,0,1,2,1,1,0,0,0,0,0,0,0
0,0,0,0,0,0,0,0,0,1,0,0,6,9
4,2,2,8,11,8,7,10,6,16,1,0,5,3
6,2,4,3,6,5,2,3,7,7,4,3,1,2
0,0,0,0,0,0,0,1,0,1,0,0,3,3
3,0,1,1,1,2,0,0,0,4,0,1,1,5
0,0,0,0,0,1,0,1,0,2,3,0,0,0
0,1,2,3,2,2,2,3,5,6,2,3,1,12
3,4,3,3,9,7,1,6,5,5,5,8,5,8
2,0,0,0,1,2,1,1,1,2,1,0,0,0
0,0,0,2,0,1,0,1,2,2,1,0,0,0
1,1,1,2,3,1,0,2,1,2,1,0,0,0
0,1,2,2,1,2,1,1,1,2,3,0,0,0
3,4,1,2,4,4,2,4,5,3,3,3,0,16
2,0,2,1,2,2,1,4,2,5,1,0,0,0
2,0,0,2,0,5,1,4,3,2,0,1,0,7
0,0,0,0,0,0,0,0,0,0,0,0,1,4
0,0,0,0,0,0,0,0,1,1,0,0,1,5
0,1,0,1,0,2,0,4,1,0,0,0,0,0
2,0,1,1,4,1,0,0,0,0,0,0,0,0
1,0,1,1,0,3,1,1,0,0,0,0,0,0
0,0,0,0,0,0,0,0,0,0,0,0,2,4
1,0,0,0,0,2,1,1,0,2,0,2,5,22
2,0,0,2,3,2,1,2,3,0,0,0,0,0
1,1,0,1,3,7,5,2,5,10,1,2,7,8
4,1,0,3,0,5,2,3,4,3,1,2,2,1
0,0,0,1,2,5,0,1,3,1,2,3,1,3
0,0,1,1,0,1,1,1,0,1,0,1,2,2
0,0,0,1,3,2,0,0,0,0,0,0,0,0
1,1,0,2,0,3,1,3,2,6,1,0,3,2
1,0,1,2,1,3,1,1,0,4,1,1,1,2
0,1,0,1,4,9,4,7,4,14,3,4,6,8
1,0,0,0,4,1,4,1,1,0,0,0,0,0
0,0,0,2,2,3,4,4,3,8,2,1,1,7
4,0,2,0,3,0,1,1,1,0,1,1,0,7
1,0,0,1,0,0,1,0,1,0,0,2,4,13
5,0,0,4,1,2,1,1,0,2,0,0,2,3
0,1,0,0,0,1,0,0,0,0,0,0,0,5
1,0,0,4,1,7,2,1,1,1,0,3,5,9
3,0,5,0,5,1,4,5,3,7,2,1,1,3
1,0,0,6,3,5,1,5,3,5,2,0,0,0
1,0,0,0,1,0,0,1,1,0,0,3,2,2
1,1,1,2,1,0,1,1,1,1,3,0,0,0
2,0,0,2,4,5,1,2,1,6,0,2,2,6
0,0,0,0,0,0,0,0,0,1,0,0,1,8
0,0,0,0,0,0,0,0,0,0,2,1,1,11
2,0,0,1,1,2,1,0,0,0,0,0,0,0
2,0,2,2,2,2,3,2,2,4,3,0,0,0
2,0,1,2,3,7,0,8,1,6,1,0,2,3
6,1,3,3,8,11,2,7,7,11,3,0,0,0
5,1,1,0,0,0,0,0,0,0,0,0,0,0
0,0,0,0,0,0,0,0,0,0,0,0,0,6
1,0,1,0,0,0,0,1,2,3,1,0,0,0
3,3,0,1,0,3,2,0,0,0,0,0,0,0
1,1,0,1,1,3,2,0,0,0,0,0,0,0
1,1,0,0,2,0,0,1,2,1,1,0,0,0
4,1,0,3,7,1,2,2,2,3,2,1,4,22
0,0,2,0,0,0,0,0,0,0,0,0,1,7
1,0,0,4,2,0,0,2,1,1,0,0,1,5
2,1,2,2,1,3,1,1,0,0,0,0,0,0
2,0,0,0,0,3,1,1,5,8,2,1,3,7
3,0,0,0,2,4,4,0,0,0,0,0,0,0
0,2,2,2,2,1,1,1,1,1,1,0,0,0
3,3,1,1,6,4,5,16,12,15,7,4,4,19
0,0,0,0,0,0,0,0,0,0,0,1,0,5
1,0,2,1,3,2,0,5,6,14,5,9,4,18
7,7,1,6,9,13,5,11,4,8,2,5,3,5
0,0,3,3,3,1,1,0,0,0,0,0,0,0
0,1,0,3,3,3,0,2,1,2,0,0,0,5
0,0,0,0,1,0,0,0,0,1,0,1,1,9
7,1,3,1,2,1,1,0,2,2,1,0,0,0
1,0,0,0,2,1,0,3,2,0,0,0,0,0
2,0,0,2,0,0,0,1,2,1,1,0,0,0
0,0,0,0,1,1,1,0,1,4,0,0,0,0
0,0,1,3,4,9,1,2,8,11,0,0,6,8
0,0,2,1,2,2,3,4,2,11,2,3,5,13
1,1,0,0,2,1,3,1,1,1,1,0,0,0
0,0,0,1,2,2,1,1,1,0,0,0,0,0
0,2,0,1,5,1,3,2,2,3,3,0,0,5
3,3,0,6,6,10,1,5,4,0,1,1,3,4
1,1,2,2,3,1,0,2,2,3,1,0,0,5
0,0,0,0,0,0,0,0,2,2,0,0,3,10
1,0,2,0,0,0,0,1,1,2,1,0,0,0
6,6,6,6,14,17,9,11,6,14,4,11,10,22
0,2,0,0,2,0,5,3,2,3,2,0,0,0
2,1,1,0,2,4,5,6,2,2,0,1,0,5
1,1,0,0,4,4,1,3,2,5,0,0,1,8
0,0,2,3,0,1,0,0,0,1,0,0,2,3
1,2,2,1,1,1,2,4,2,2,2,0,0,0
1,0,1,3,3,5,1,0,1,6,1,3,1,2
3,0,0,3,4,6,3,3,3,2,0,4,1,3
0,0,0,1,8,3,2,3,0,0,1,1,1,2
1,0,0,0,2,1,0,1,0,1,1,0,3,13
0,0,0,1,1,4,0,0,0,0,0,0,0,0
1,2,0,1,1,2,1,1,2,3,2,0,0,0
1,1,0,1,2,3,2,0,0,0,0,0,0,0
3,3,3,6,6,11,6,2,7,12,7,3,4,11
3,0,4,2,2,1,0,0,0,0,0,0,0,0
5,2,2,1,5,4,2,5,3,1,1,3,3,5
3,0,2,0,5,2,1,1,0,0,0,0,0,0
5,3,4,1,10,3,6,6,3,8,2,0,0,0
2,0,1,0,2,5,0,2,4,2,1,0,0,0
6,2,2,6,2,3,1,4,0,3,1,5,2,17
0,3,0,2,1,0,0,0,1,2,3,0,0,0
1,0,1,3,3,6,4,3,3,3,2,0,0,6
1,1,1,7,7,7,3,14,11,11,7,6,10,16
2,0,4,3,4,2,0,3,2,2,2,0,0,0
6,2,1,2,1,8,2,5,4,9,0,4,5,3
0,2,0,0,3,1,0,1,1,3,1,0,0,0
17,3,4,10,17,18,6,10,14,14,5,8,3,7
2,2,2,2,1,6,4,4,0,6,1,1,3,6
1,0,0,0,0,0,0,0,0,1,0,0,0,7
0,0,0,0,1,1,0,0,0,0,0,1,2,4
3,2,1,0,0,0,0,0,0,0,0,0,0,0
0,1,1,1,2,0,1,3,1,1,1,0,0,0
13,6,3,6,14,16,5,6,7,8,1,6,6,5
1,1,0,0,0,1,1,1,2,0,0,0,0,0
0,3,5,3,4,8,4,4,2,9,2,0,0,0
0,1,0,2,0,1,0,2,1,5,1,0,0,0
1,1,0,0,1,1,1,1,1,0,0,0,0,0
6,1,1,4,5,2,1,2,2,2,1,1,1,6
0,0,3,1,1,1,1,1,0,0,0,0,0,0
2,1,3,4,4,10,0,2,3,6,2,1,3,9
4,2,2,1,3,1,1,4,1,4,4,1,4,10
0,1,0,0,1,0,0,2,1,0,0,0,2,12
0,0,0,1,2,1,0,0,2,1,0,2,2,3
1,0,1,2,3,1,2,0,0,0,0,0,0,0
1,1,0,0,1,1,0,0,1,4,0,1,0,5
0,0,0,1,0,5,2,6,2,8,1,2,5,8
2,2,1,2,3,1,0,6,3,1,1,0,0,0
0,0,0,0,0,0,0,0,0,0,0,0,0,7
1,0,0,0,1,1,1,1,1,0,0,0,0,0
1,1,1,4,1,0,1,1,2,4,1,0,0,0
0,0,0,0,0,0,0,1,0,0,0,0,2,7
1,1,1,2,1,3,2,0,0,0,0,0,0,0
2,0,2,2,3,1,3,0,0,0,0,0,0,0
1,2,1,0,1,2,0,0,0,2,0,1,1,8
0,1,0,4,0,1,0,2,1,2,0,3,1,1
0,1,1,2,4,4,2,4,3,2,1,2,3,4
0,1,2,4,2,0,2,1,2,2,2,0,0,0
1,0,0,0,2,2,1,1,2,1,1,0,0,0
0,3,3,1,4,1,1,1,1,1,1,0,0,0
1,0,1,1,2,1,0,2,1,1,1,0,0,0
3,0,2,1,3,3,0,0,0,0,0,0,0,0
0,1,1,2,1,2,2,0,0,0,0,0,0,0
0,0,2,2,1,0,0,0,0,0,0,0,0,0
5,2,3,7,5,10,1,6,2,3,2,1,0,6
2,0,1,2,2,2,1,1,1,6,2,1,3,2
4,1,0,1,1,1,0,1,1,2,1,0,0,0
0,0,0,0,1,0,0,2,1,4,2,0,0,0
5,0,0,4,5,1,1,5,1,8,1,2,1,1
2,0,0,0,1,3,1,1,1,1,1,0,0,0
2,0,1,1,0,3,1,1,5,8,0,1,6,2
3,1,1,0,2,1,0,2,2,5,6,5,2,16
1,1,0,3,1,1,0,2,1,1,4,0,0,0
2,1,1,1,3,3,2,0,1,5,4,0,0,0
0,2,1,0,3,3,0,3,1,6,2,0,0,0
1,0,0,0,1,2,0,0,0,3,1,2,1,2
1,1,0,1,2,0,1,1,1,2,1,0,0,0
1,0,0,1,3,1,0,0,0,2,3,0,0,0
8,1,5,2,9,2,1,2,4,6,0,2,2,5
4,1,5,5,5,3,1,0,2,3,1,3,1,1
1,0,0,0,1,3,0,2,1,6,0,0,0,5
4,4,1,7,9,7,2,6,0,3,3,4,1,5
1,2,1,1,0,0,0,0,0,0,0,0,0,0
0,0,0,0,0,0,0,0,0,0,0,0,2,12
1,0,2,2,3,4,5,4,6,14,3,1,3,8
1,0,0,0,2,1,1,0,0,5,4,2,6,14
0,0,1,0,2,2,1,0,0,0,0,0,0,0
4,2,0,6,3,1,3,7,3,14,5,2,6,12
0,0,0,0,0,0,0,0,0,0,0,0,4,16
0,0,0,4,2,2,1,2,7,7,1,2,3,7
13,7,11,23,25,30,6,22,12,45,8,3,8,20
1,2,1,1,3,2,0,0,0,0,3,1,1,1
0,1,0,3,2,1,0,1,1,4,1,0,0,0
3,2,1,6,8,12,6,5,3,8,3,5,7,15
0,0,0,0,0,0,0,1,1,2,1,0,2,11
0,0,0,0,1,1,1,0,1,0,2,0,5,15
0,2,2,2,2,8,3,2,6,9,3,7,2,12
1,0,0,0,1,0,0,0,2,1,3,0,0,0
8,4,2,5,9,9,2,5,3,9,1,3,2,6
0,0,0,1,2,2,0,0,0,0,0,0,0,0
0,0,0,0,1,2,2,1,1,0,0,0,0,0
0,2,1,1,1,0,0,0,0,0,0,0,0,0
0,0,1,0,1,1,0,1,2,1,1,0,0,0
5,1,1,0,1,1,0,3,2,0,0,0,0,0
1,0,0,0,2,1,0,3,3,2,2,1,6,8
1,0,0,1,1,0,1,2,1,1,2,0,0,0
2,1,1,2,0,2,1,1,1,1,1,2,1,1
0,0,1,0,3,0,0,1,1,2,1,1,1,3
0,0,1,0,0,1,0,2,1,1,1,0,0,0
0,1,2,2,1,0,0,0,0,0,0,0,0,0
2,1,2,5,0,1,2,2,1,6,0,4,4,10
1,2,2,1,6,3,0,0,0,0,0,0,0,0
2,1,3,3,6,6,4,3,0,5,1,1,2,4
2,3,0,5,3,2,1,4,2,10,4,2,2,10
0,0,1,0,1,0,1,0,3,4,1,0,0,0
0,0,0,1,1,3,0,0,0,2,0,1,2,7
3,0,2,2,10,4,1,5,6,10,2,1,5,8
3,2,1,1,1,1,1,0,0,0,0,0,0,0
2,2,0,1,1,2,0,0,3,1,1,0,0,0
1,0,0,0,0,0,0,1,0,1,0,1,2,11
0,1,0,0,2,0,0,1,1,0,1,0,2,13
2,4,4,11,0,4,3,3,2,6,1,4,4,14
2,4,1,4,2,5,1,3,3,1,1,1,3,1
2,1,2,3,2,1,0,1,1,2,2,0,0,0
0,0,1,1,2,2,2,0,0,0,0,0,0,0
1,0,0,0,3,2,0,1,1,1,2,0,0,0
0,2,0,0,4,1,1,2,0,4,1,0,0,0
1,1,2,2,3,5,4,2,1,4,1,1,1,1
2,0,1,2,5,6,0,0,0,0,0,0,0,0
2,0,1,0,3,0,0,2,1,3,2,0,0,0
0,0,0,0,1,0,0,0,0,0,0,0,1,7
1,0,1,0,2,0,1,1,1,3,2,0,0,0
2,0,0,1,1,1,1,1,2,7,1,0,0,0
1,1,0,0,5,2,1,0,0,0,0,0,0,0
2,1,1,3,3,4,0,5,4,5,1,3,8,13
2,1,2,3,4,2,0,0,0,0,0,0,0,0
1,0,0,0,3,0,0,2,2,2,2,0,0,0
0,0,0,0,0,0,1,1,1,1,1,0,0,0
5,0,3,1,4,6,3,5,3,4,0,1,2,5
3,0,0,4,3,3,3,3,0,6,1,0,0,0
3,0,1,3,2,1,1,1,7,5,1,0,0,0
1,0,0,1,1,2,0,2,1,2,0,1,2,8
2,0,0,0,3,0,1,1,1,1,0,2,2,18
0,1,0,0,0,0,0,0,0,1,2,0,2,7
0,0,0,0,1,2,1,1,0,0,0,0,0,0
0,2,0,0,0,1,1,0,0,1,0,0,4,4
1,0,1,1,3,0,2,8,2,1,0,1,4,7
8,8,4,7,17,14,7,13,8,14,5,4,4,6
0,1,0,1,3,2,1,3,3,9,5,1,2,9
1,0,2,1,1,3,2,0,0,0,0,0,0,0
0,0,0,0,0,0,0,0,0,1,0,1,3,7
1,0,0,1,3,0,2,2,4,1,4,0,0,0
0,1,0,2,2,1,0,0,0,0,0,0,0,0
2,4,5,8,9,9,2,8,1,13,4,4,2,6
3,3,4,8,9,10,3,5,6,11,4,2,5,5
0,0,0,0,1,1,0,0,0,2,1,0,4,17
1,2,2,1,2,4,1,0,0,0,0,0,0,0
0,0,0,0,1,0,0,0,0,2,3,0,0,0
3,2,0,3,2,4,2,2,4,6,0,0,2,12
0,0,0,2,2,1,2,0,0,0,0,0,0,0
1,0,0,0,4,4,1,0,0,0,0,0,0,0
1,1,0,0,0,1,1,0,0,1,1,3,0,5
0,0,0,0,0,0,0,0,0,2,0,0,1,6
2,1,0,1,0,3,0,3,1,1,1,0,0,0
0,1,2,2,1,3,1,3,0,0,0,0,0,0
0,0,0,0,1,3,1,3,2,4,1,0,0,0
2,2,1,3,1,0,1,2,1,3,2,0,0,0
1,0,1,0,1,3,1,0,0,0,0,0,0,0
15,5,8,12,17,19,13,13,11,19,2,3,6,13
2,0,0,1,1,3,0,0,0,0,0,0,0,0
1,0,0,2,1,3,1,4,2,2,2,0,0,0
0,0,0,0,0,0,0,0,0,2,0,0,3,10
0,0,0,0,0,1,2,0,0,3,0,0,1,6
0,0,0,0,0,0,0,0,0,0,0,0,1,9
4,4,6,10,6,7,8,7,8,7,2,2,1,8
0,2,2,1,1,3,0,2,0,3,2,0,0,0
0,0,1,1,0,1,0,2,1,1,1,0,0,0
1,1,0,1,0,1,2,0,1,1,1,1,2,16
0,0,0,0,1,0,0,1,0,5,1,0,4,7
1,0,0,1,2,1,0,0,0,4,1,0,0,0
0,0,0,0,1,2,0,2,3,2,1,0,0,0
0,0,0,0,3,3,0,0,0,0,0,0,0,0
0,0,0,0,0,0,0,1,0,0,0,0,0,5
1,0,0,2,4,1,2,1,2,2,1,0,0,0
0,0,0,1,1,0,0,3,2,0,0,0,0,0
16,9,10,17,9,18,12,14,13,23,9,9,7,11
0,1,0,0,0,1,0,1,2,4,0,1,0,5
0,1,0,1,2,6,5,2,5,7,2,2,0,8
2,3,0,1,1,2,0,5,1,2,1,0,0,0
2,0,0,1,1,2,1,0,0,0,0,0,0,0
1,0,0,2,0,0,0,1,0,3,0,1,3,11
1,0,0,0,4,4,1,0,2,5,1,2,1,1
3,1,1,1,2,4,1,1,1,3,0,1,0,7
0,0,1,0,0,2,0,1,1,2,2,0,0,0
2,3,1,3,2,2,1,2,2,3,3,0,0,0
1,0,3,2,1,1,1,0,0,0,0,0,0,0
3,1,2,6,7,4,2,5,5,3,3,1,4,12
0,0,0,1,1,1,1,1,1,0,0,0,0,0
0,1,0,0,0,0,0,1,3,3,5,0,0,0
0,1,0,0,1,3,0,2,0,5,0,2,5,10
4,0,0,5,3,2,1,4,1,2,1,0,0,0
3,1,1,1,1,3,2,4,1,7,3,3,1,8
2,1,1,3,2,3,2,1,1,1,2,2,4,12
4,0,2,5,2,3,1,5,4,4,5,3,2,4
1,1,1,2,4,5,1,4,2,3,3,0,0,0
1,0,2,1,0,1,0,2,1,1,1,0,0,0
0,0,0,0,0,1,0,0,1,0,0,1,4,17
1,0,1,0,0,0,0,1,0,5,1,0,0,0
1,0,0,3,3,6,0,0,0,4,3,0,0,0
2,0,1,0,5,2,0,1,1,7,1,2,5,9
0,1,2,0,0,1,0,1,1,2,1,0,0,0
8,4,8,11,21,18,4,17,2,8,6,7,6,18
1,1,1,3,1,7,1,2,2,5,2,1,1,1
1,0,0,1,3,5,0,3,3,3,0,1,6,8
2,0,2,1,2,0,0,0,0,0,0,0,0,0
2,0,1,2,2,3,2,6,1,3,2,1,2,9
3,1,0,3,3,10,2,6,1,5,3,1,5,5
9,6,7,12,11,11,2,10,10,10,2,3,2,3
0,1,0,2,4,1,1,2,2,1,4,0,0,0
3,0,0,0,0,2,0,1,0,1,1,1,1,1
0,0,0,0,0,2,0,1,1,2,2,0,0,0
5,1,0,1,3,3,3,0,0,0,0,0,0,0
1,1,1,0,3,2,1,0,0,0,0,0,0,0
1,0,1,0,2,2,4,2,1,1,2,5,1,7
0,1,2,1,2,2,0,0,0,0,0,0,0,0
1,0,0,1,0,0,0,0,1,2,0,0,2,10
1,0,1,0,2,4,2,3,2,2,1,2,1,2
6,1,4,7,8,5,3,4,4,4,3,2,4,4
1,1,0,1,4,1,1,2,1,1,1,0,0,0
0,0,0,3,2,2,1,5,1,5,4,1,3,5
2,0,1,0,1,0,1,2,1,1,1,0,0,0
5,4,2,6,9,9,4,13,17,18,6,5,7,8
0,2,1,0,1,3,1,0,0,0,0,0,0,0
0,1,0,0,2,5,1,5,2,2,2,0,0,0
1,0,0,0,1,2,1,1,1,2,1,0,0,0
0,0,0,1,2,3,1,1,1,0,0,0,0,0
1,2,2,0,0,0,0,0,0,0,0,0,0,0
2,0,0,1,1,1,0,2,0,3,2,0,0,0
0,3,0,1,0,3,0,1,1,1,0,2,1,3
2,1,0,0,4,2,0,0,0,0,0,0,0,0
1,1,0,1,2,2,0,0,0,0,0,0,0,0
1,0,0,1,1,9,2,2,2,1,1,0,0,0
18,6,7,13,11,19,10,15,7,22,5,5,2,13
0,0,0,0,0,0,1,0,0,0,0,0,2,8
3,0,1,0,2,0,1,3,4,0,1,0,2,3
2,2,2,3,15,11,1,10,7,6,5,3,2,4
2,0,0,4,3,0,2,2,1,3,2,1,1,5
0,0,0,0,0,0,0,0,0,0,0,0,0,5
0,0,0,2,2,3,0,2,1,1,0,0,0,5
3,0,3,3,3,10,1,5,7,4,2,1,1,4
0,0,0,1,2,1,2,2,2,0,0,0,0,0
0,0,1,0,2,1,2,0,0,0,0,0,0,0
0,1,0,2,3,2,0,0,1,4,3,0,0,0
0,0,1,0,1,0,0,0,1,1,0,3,3,4
1,2,2,1,1,1,2,1,1,1,1,1,2,4
0,0,1,3,2,0,1,0,0,0,0,2,1,3
0,2,0,1,2,1,3,2,1,4,3,3,2,2
0,1,0,0,0,1,0,4,2,2,1,3,9,14
2,2,0,2,3,1,1,1,1,0,0,0,0,0
0,2,1,1,5,8,0,3,1,2,1,0,0,0
1,0,0,2,2,1,0,1,3,4,2,0,0,0
0,0,2,1,7,2,0,0,0,2,0,1,3,6
2,2,0,4,1,0,3,5,3,3,1,0,0,0
0,0,0,3,0,0,0,0,1,0,0,0,6,14
1,1,0,0,3,2,2,1,1,0,0,0,0,0
2,0,0,0,2,2,0,0,2,1,0,4,5,13
2,0,0,0,0,0,0,1,1,2,2,0,0,0
0,0,0,0,1,2,2,0,0,0,0,0,0,0
0,0,0,0,2,2,3,1,2,0,0,0,0,0
2,0,0,2,1,3,1,2,0,0,0,0,0,0
2,0,0,1,2,0,0,0,0,1,2,0,1,7
2,0,0,3,2,5,0,6,2,11,2,0,4,7
1,0,0,0,1,3,1,0,0,0,0,0,0,0
0,1,0,0,3,1,1,0,3,2,2,0,0,0
1,0,0,1,2,1,1,0,0,0,0,0,0,0
3,0,1,1,1,0,1,1,0,2,2,1,1,1
0,0,1,3,1,0,0,0,0,0,0,0,0,0
1,0,0,0,4,1,1,5,3,1,1,0,0,0
0,1,1,1,1,2,1,0,0,0,0,0,0,0
0,0,2,1,0,2,1,4,3,7,4,3,3,7
0,0,0,4,2,3,0,0,0,0,0,0,0,0
16,2,6,8,12,18,6,16,9,14,2,7,5,12
7,3,1,11,9,8,5,6,2,9,3,2,6,7
4,4,5,4,5,4,2,2,3,8,4,3,2,3
0,1,0,2,3,3,1,0,1,2,0,3,1,2
1,0,1,1,1,3,2,1,0,1,2,1,0,5
4,0,3,0,3,4,2,2,4,5,0,2,3,6
1,0,0,1,2,0,0,1,1,0,0,0,0,5
1,0,0,2,3,2,1,0,3,0,1,1,1,2
0,0,0,1,0,1,0,0,0,1,0,2,1,13
0,1,1,1,3,3,0,4,2,2,1,1,1,1
0,0,0,0,0,0,0,1,0,0,1,2,0,5
0,0,4,2,1,4,1,3,3,0,0,0,0,0
1,0,1,4,4,7,8,5,11,12,4,3,9,15
1,0,0,0,1,1,2,0,0,5,1,2,5,19
3,1,2,3,4,1,3,1,1,3,3,0,0,0
2,0,2,0,1,4,0,1,1,2,1,0,0,0
0,0,1,0,3,0,1,0,0,3,0,2,3,15
1,0,0,0,2,1,0,0,1,0,0,0,0,5
1,1,0,3,4,1,0,1,1,2,1,0,0,0
0,0,1,0,3,1,1,2,1,0,0,0,0,0
1,0,0,0,0,1,1,1,0,4,2,1,10,19
1,1,0,1,0,0,0,3,1,1,1,0,0,0
0,0,1,2,4,0,1,3,2,5,0,1,2,22
0,0,1,1,4,1,0,1,1,2,1,0,0,0
0,0,1,2,1,1,1,2,2,0,0,0,0,0
0,0,0,0,0,0,0,0,0,0,0,1,1,10
4,1,2,1,1,1,1,1,2,4,2,1,4,9
2,3,1,2,6,4,3,4,1,2,1,0,0,0
1,0,2,0,3,2,0,3,1,2,0,2,2,2
13,12,8,13,17,16,8,18,12,12,5,10,8,23
0,1,0,0,0,2,2,2,0,0,0,0,0,0
0,0,0,2,2,1,2,1,0,0,0,0,0,0
0,1,1,4,4,3,3,1,4,6,1,2,2,4
0,1,1,0,1,0,0,1,3,2,1,0,0,0
0,0,0,1,1,3,0,0,0,0,0,0,0,0
2,1,3,0,0,2,0,1,0,2,3,0,0,0
0,0,0,1,1,2,1,1,1,0,0,0,0,0
0,0,1,0,0,0,2,0,1,3,2,0,0,0
2,2,1,2,5,7,2,12,4,14,4,6,5,19
0,0,1,0,0,3,2,0,0,0,0,0,0,0
0,0,1,0,2,3,0,3,1,1,2,0,0,0
0,0,1,0,1,2,1,2,1,7,3,0,0,0
1,0,0,1,0,3,0,2,1,1,1,0,0,0
0,0,1,1,1,0,0,0,0,2,3,2,1,1
2,0,2,4,1,1,3,2,1,2,3,0,0,0
0,0,2,0,1,1,0,0,2,0,1,2,4,6
2,1,2,1,1,4,0,2,2,2,1,0,0,0
1,1,0,2,2,0,1,0,3,1,1,0,0,0
0,0,0,3,2,0,0,2,1,1,1,0,0,0
0,0,0,0,0,0,0,0,0,0,0,0,0,7
0,0,0,1,2,2,0,0,0,0,0,0,0,0
1,0,0,1,4,0,0,0,0,5,1,0,0,0
3,1,1,2,3,5,0,1,1,2,3,2,1,2
1,0,3,1,3,3,0,0,2,2,0,0,0,5
7,2,5,8,6,10,7,5,8,6,4,5,3,12
0,3,0,2,1,1,1,1,0,0,0,0,0,0
0,2,0,0,0,3,1,2,2,6,1,6,3,14
3,1,2,5,7,6,7,6,2,3,3,3,3,7
1,0,1,2,1,0,0,0,0,0,1,1,3,11
0,0,1,0,0,0,1,5,1,0,0,0,0,0
1,1,0,1,0,0,0,2,0,0,1,2,1,10
1,0,2,2,3,2,0,0,0,0,0,0,0,0
0,0,0,1,1,1,2,1,0,1,0,0,2,3
1,1,1,2,3,2,1,1,1,0,0,0,0,0
2,1,3,1,3,4,3,4,5,10,2,3,5,5
7,3,0,2,1,6,2,4,2,6,1,1,1,1
17,8,8,10,23,19,16,13,22,16,6,9,7,14
8,2,3,5,6,6,4,5,2,7,2,1,0,5
0,0,0,0,0,1,2,0,1,1,0,0,1,9
2,0,3,3,4,2,2,2,1,2,1,0,0,0
3,0,0,4,5,5,2,3,3,3,1,2,2,1
4,1,0,2,1,4,2,3,2,4,0,1,1,4
0,0,1,3,0,0,0,0,1,3,1,0,0,0
0,1,1,1,1,1,1,0,0,0,0,0,0,0
0,1,0,1,2,1,1,2,1,0,0,0,0,0
1,0,1,0,0,1,1,1,1,4,1,0,0,0
3,5,3,4,7,6,6,3,1,5,2,0,0,0
0,0,0,0,1,0,0,0,1,1,0,2,1,14
1,1,0,1,1,3,2,2,2,2,1,0,0,0
1,0,0,2,1,2,0,0,0,0,0,0,0,0
0,1,1,4,0,3,0,1,0,4,1,0,0,0
1,0,0,1,3,3,1,1,1,1,1,0,0,0
0,0,1,0,0,0,0,2,0,0,1,1,1,3
0,1,1,1,3,1,0,0,0,0,0,0,0,0
1,0,1,0,2,0,3,3,1,5,0,1,2,4
2,0,0,2,1,1,0,1,0,1,0,1,7,18
0,0,1,2,3,3,3,1,1,1,1,0,0,0
1,1,1,1,6,2,1,1,2,2,2,0,0,0
4,1,1,2,1,0,1,2,2,2,1,0,0,0
0,1,2,2,3,3,2,1,0,0,0,0,0,0
0,1,1,0,6,2,0,3,3,3,3,0,0,0
2,1,0,7,3,1,1,3,1,2,1,0,0,0
1,1,1,1,1,2,2,1,0,3,1,2,2,1
1,1,0,2,5,4,1,3,0,3,0,1,4,19
2,0,1,0,1,0,1,0,1,2,1,7,8,20
0,0,1,4,2,1,2,2,0,3,1,1,1,1
0,0,0,1,1,1,2,1,2,0,0,0,0,0
3,0,1,0,2,1,2,1,1,2,1,0,0,0
1,0,1,1,2,1,0,0,0,4,1,0,0,0
2,2,1,2,2,11,4,6,0,7,3,2,1,2
1,1,0,1,1,1,0,0,0,4,0,2,1,3
2,2,8,12,6,8,4,9,5,10,3,3,6,3
0,0,2,0,1,1,2,1,0,0,0,2,0,5
11,5,10,11,26,18,5,24,14,28,8,7,10,20
1,3,3,1,0,4,2,0,4,5,2,0,0,0
2,0,0,1,4,3,1,1,1,2,1,0,0,0
0,0,0,1,1,1,1,1,0,0,0,0,0,0
1,0,2,4,3,4,1,4,2,2,1,0,0,0
0,0,2,2,1,0,0,0,0,0,0,0,0,0
1,1,1,0,3,1,1,0,0,0,0,0,0,0
0,0,1,3,4,3,1,2,3,2,0,2,1,2
0,0,0,0,1,4,0,0,0,0,0,0,0,0
2,1,1,3,7,5,3,5,7,7,5,4,5,10
4,1,1,0,0,0,0,0,0,0,0,0,0,0
1,1,1,0,3,1,1,0,1,2,2,0,4,6
1,1,0,1,0,0,0,1,3,1,1,0,0,0
6,5,2,7,15,12,5,12,7,18,4,4,8,23
2,0,2,0,2,2,1,1,2,2,1,0,0,0
3,1,0,0,1,0,0,1,2,1,1,1,1,2
1,4,2,4,3,4,2,6,6,14,3,2,7,6
1,1,0,0,2,0,1,5,1,0,0,0,0,0
2,0,2,2,2,2,2,2,3,0,0,0,0,0
0,0,1,0,0,0,0,1,0,2,2,3,10,16
2,0,0,1,2,2,0,0,0,0,0,0,0,0
1,0,0,2,6,3,0,3,2,2,1,1,1,3
0,0,0,1,1,1,3,0,0,0,0,0,0,0
3,1,0,1,4,4,1,0,0,0,0,0,0,0
3,1,0,7,4,2,3,3,0,1,2,2,1,4
1,0,0,1,4,3,3,5,0,8,1,0,0,0
1,1,1,1,1,0,1,0,1,2,2,0,0,0
0,1,1,1,4,2,2,1,2,1,1,0,0,0
0,0,1,1,0,1,0,1,1,3,1,0,0,0
0,2,0,5,3,3,5,7,6,8,5,4,2,8
1,0,0,1,0,1,1,0,0,2,0,0,0,9
0,1,2,0,2,1,1,0,1,5,1,0,0,0
3,2,5,2,5,7,3,3,6,3,1,0,0,0
1,2,0,2,6,2,0,1,2,2,1,0,0,0
1,1,1,0,1,1,0,3,0,0,0,1,0,16
1,0,1,0,1,0,1,1,2,3,1,0,0,0
1,0,0,1,1,2,0,1,1,2,1,0,0,0
0,1,2,0,1,2,3,2,2,1,1,0,0,0
1,1,1,3,1,1,6,2,1,4,2,0,0,0
3,0,0,1,2,0,0,1,1,4,2,1,2,2
1,2,1,1,1,1,2,1,1,3,0,1,1,3
1,0,0,0,0,0,0,2,1,0,0,0,1,4
0,1,0,1,2,1,1,0,0,0,0,0,0,0
4,1,0,0,0,0,0,0,0,0,0,0,0,0
0,1,0,1,1,1,0,1,2,2,2,1,4,18
0,0,1,0,2,2,0,0,0,1,0,1,1,16
5,3,2,10,13,7,6,11,3,9,6,2,1,5
1,1,1,1,0,0,1,2,1,1,1,0,1,5
1,3,1,0,0,0,0,0,0,0,0,0,0,0
0,0,0,0,0,0,0,0,1,0,0,0,2,12
3,1,4,1,5,10,8,7,7,14,3,10,8,10
5,0,3,1,4,3,0,2,1,2,0,0,0,0
1,1,1,1,1,1,0,0,0,0,0,0,0,0
0,0,0,0,0,0,0,0,0,4,1,0,0,0
1,1,0,0,1,3,4,3,2,8,5,3,3,7
2,0,1,2,2,3,0,1,4,2,2,0,0,0
1,1,0,0,4,3,1,4,2,3,1,0,0,0
0,0,0,0,0,0,0,0,0,1,1,0,4,3
0,0,2,3,2,2,1,0,2,0,0,0,2,3
1,0,0,1,2,2,0,5,1,0,1,1,1,4
0,0,2,1,2,0,0,0,0,0,0,0,0,0
0,1,0,0,1,2,2,0,0,0,0,0,0,0
1,0,0,1,2,2,0,0,0,0,0,0,0,0
1,2,1,2,2,3,1,0,2,3,1,0,0,0
3,0,1,1,1,2,0,1,0,3,0,0,2,16
2,2,1,1,5,4,0,2,3,5,2,1,3,5
8,1,6,6,11,17,7,21,13,31,8,9,15,16
0,0,0,1,2,2,0,0,0,0,0,0,0,0
5,3,0,4,5,3,3,6,6,4,0,1,3,7
0,0,0,0,0,1,1,2,2,3,1,0,3,9
1,0,1,1,3,1,3,1,1,1,2,0,0,0
1,0,0,0,1,2,1,1,0,0,0,0,0,0
1,0,1,2,1,1,2,1,1,0,0,0,0,0
1,0,1,2,4,6,1,4,9,9,5,3,0,8
3,0,1,1,2,3,0,1,1,4,2,2,2,11
0,0,0,2,0,1,0,0,1,4,2,0,8,17
4,0,1,0,1,2,2,2,1,0,0,0,0,0
1,1,0,0,0,1,1,1,2,1,1,0,0,0
0,0,1,0,1,0,2,1,1,2,1,0,0,0
0,0,0,0,0,0,0,0,0,1,0,0,0,5
2,0,0,0,4,1,1,1,1,1,1,0,0,0
4,0,0,1,1,0,0,1,0,0,0,0,4,7
3,0,1,7,3,7,1,2,2,2,2,1,1,6
0,0,1,2,0,2,0,0,1,7,0,2,4,2
1,1,0,1,2,1,0,2,1,1,1,0,0,0
1,1,1,1,2,2,0,1,2,2,1,0,0,0
3,1,1,5,7,4,1,2,1,2,0,3,1,5
1,1,1,2,3,0,0,2,1,4,1,0,0,0
0,0,2,0,0,0,0,1,3,3,2,3,5,12
4,0,2,5,3,7,1,9,6,7,3,3,3,5
0,0,0,1,0,2,0,1,1,2,1,0,0,0
0,0,0,1,0,1,0,0,1,2,2,0,0,0
7,4,4,7,10,8,4,12,2,11,3,3,1,8
0,0,0,1,2,4,0,0,0,0,0,0,0,0
4,1,0,0,0,0,0,0,0,0,0,0,0,0
1,0,3,3,1,5,2,1,0,6,1,0,0,0
0,0,0,1,1,0,0,0,1,2,1,1,1,5
0,1,0,1,1,1,1,1,1,0,0,0,0,0
1,1,2,5,0,4,1,2,4,1,2,1,1,2
0,0,2,1,1,3,0,1,2,3,0,0,4,2
1,0,0,2,3,1,0,0,0,0,0,0,0,0
0,0,0,1,1,1,0,2,3,2,2,0,1,5
1,0,2,1,1,1,2,2,2,4,1,1,1,2
0,0,0,0,0,0,0,0,0,0,0,1,1,6
0,0,0,0,1,2,0,3,1,3,2,0,0,0
2,1,0,1,3,2,0,2,1,3,1,0,0,0
0,1,0,4,1,1,0,1,1,1,2,0,0,0
0,0,0,0,1,0,0,1,0,6,1,0,0,0
2,2,3,3,6,5,1,8,3,9,2,2,2,13
0,0,1,2,0,5,0,0,0,0,0,0,0,0
0,0,0,0,0,0,0,0,0,0,0,0,0,5
7,0,0,5,6,3,1,6,1,5,0,1,3,5
1,0,2,1,7,1,2,2,1,1,2,0,0,0
1,0,0,0,2,1,3,0,0,0,0,0,0,0
5,2,3,5,4,1,1,8,2,5,1,0,0,0
0,1,3,1,2,3,0,0,1,2,2,0,0,0
1,0,0,0,2,2,0,0,1,0,1,0,1,6
0,0,0,0,0,0,2,1,0,0,0,2,1,6
2,1,0,0,1,1,0,3,2,1,0,2,1,3
1,1,4,2,5,5,2,4,2,6,3,0,5,8
4,0,2,2,2,4,4,5,2,11,1,4,4,3
0,1,1,1,4,9,2,1,2,9,0,3,3,16
0,0,0,2,2,4,0,3,0,6,1,0,0,0
3,1,2,3,1,2,2,0,0,0,0,0,0,0
1,0,0,0,1,4,1,3,0,2,0,1,1,3
0,2,0,0,1,1,0,1,1,4,2,0,0,0
4,0,0,0,0,2,0,2,1,1,0,1,1,3
1,0,0,0,2,1,2,0,1,0,0,0,3,5
2,1,1,1,1,3,0,0,0,0,0,0,0,0
1,0,3,2,3,2,2,2,2,4,6,0,0,0
2,0,1,1,1,1,1,0,0,0,0,0,0,0
0,0,0,3,2,1,0,0,0,0,0,0,0,0
0,0,1,1,1,2,0,1,1,5,0,1,3,3
1,0,0,2,0,3,1,2,1,3,0,2,1,2
0,0,1,0,2,1,1,1,1,2,2,0,0,0
0,0,0,2,1,1,0,2,1,2,1,0,0,0
6,1,3,8,7,9,2,8,7,8,2,4,2,5
0,0,0,0,0,0,0,1,1,1,1,0,3,4
0,0,0,0,3,2,2,1,0,0,0,0,0,0
3,0,0,2,1,0,2,4,1,4,1,0,0,0
2,1,1,0,1,2,3,1,2,1,1,0,0,0
1,1,0,1,1,2,3,2,2,1,2,0,0,0
2,1,2,0,0,0,1,2,2,2,2,0,0,0
1,1,0,1,1,2,2,3,1,0,0,0,0,0
0,0,2,0,2,0,2,2,3,4,2,0,0,0
1,1,1,1,0,1,0,0,2,1,0,2,2,2
10,4,2,8,13,9,6,4,8,10,10,3,7,9
0,0,1,1,0,1,1,4,1,0,0,0,0,0
7,0,5,7,10,10,2,10,3,7,3,3,4,5
1,1,0,3,1,3,1,1,1,3,2,0,0,0
1,0,0,1,1,3,1,1,0,1,2,2,8,17
4,3,1,2,3,6,1,2,2,6,3,2,5,6
1,1,0,1,1,2,2,0,0,0,0,0,0,0
1,1,0,2,0,4,1,0,0,0,0,0,0,0
2,1,0,0,0,0,0,0,0,1,1,1,1,6
6,0,3,3,5,6,3,5,2,6,1,1,1,2
1,0,1,0,2,2,1,0,0,0,0,0,0,0
0,0,0,1,0,0,0,0,0,0,0,0,1,7
0,0,0,0,0,0,0,1,0,1,1,2,5,20
0,0,0,1,3,2,2,3,3,2,2,0,0,0
0,0,1,0,0,0,1,0,1,3,0,0,5,17
0,0,0,0,0,0,0,5,0,2,1,0,1,5
1,0,0,2,2,1,2,1,2,2,0,0,1,12
0,0,0,1,1,3,0,0,0,0,0,0,0,0
2,0,1,1,1,1,1,0,0,0,0,0,0,0
4,0,0,1,1,3,1,2,2,2,1,0,0,0
3,1,1,1,1,7,1,9,2,11,1,5,4,11
1,1,1,1,3,1,0,0,3,2,4,1,1,1
0,0,0,2,0,3,1,1,0,0,0,0,0,0
1,0,0,0,0,2,0,0,1,3,1,0,0,0
1,1,0,0,4,4,0,3,0,2,0,0,1,9
1,0,0,1,4,3,1,6,3,8,2,0,0,0
1,0,1,0,0,2,0,1,2,2,0,1,4,13
2,0,0,0,1,0,0,1,0,4,2,0,0,0
1,0,0,0,0,0,0,0,2,2,1,0,0,0
0,0,1,1,1,3,1,2,2,1,1,1,2,6
1,0,0,3,1,2,0,0,0,0,0,0,0,0
3,2,0,3,5,4,5,5,4,3,1,0,4,15
1,0,0,1,1,2,2,1,1,0,0,0,0,0
0,0,0,0,0,3,1,1,0,0,0,0,0,0
1,0,1,1,2,1,0,1,4,3,1,2,3,6
2,0,1,1,3,2,1,2,1,3,4,2,3,16
0,0,0,0,1,1,0,2,0,6,0,1,2,14
0,1,2,5,6,3,3,4,3,10,6,7,3,8
0,0,1,1,5,1,0,1,2,3,2,1,3,6
0,0,0,0,0,0,0,0,0,1,0,1,5,9
21,7,10,12,18,27,10,20,5,16,5,3,7,10
0,3,2,1,4,2,5,5,2,3,1,2,6,15
1,2,0,3,5,8,2,8,6,11,1,3,4,6
1,0,0,1,1,1,0,0,0,3,1,0,0,8
0,0,0,0,0,2,2,1,0,0,0,0,0,0
1,1,0,0,1,3,2,6,2,1,0,1,1,3
2,0,0,0,0,2,1,1,3,0,0,0,0,0
1,0,0,3,2,2,0,0,0,0,0,0,0,0
1,0,0,0,0,0,0,0,0,0,1,0,3,6
0,2,0,2,1,0,0,3,0,0,0,0,2,3
0,0,0,0,1,0,0,0,0,0,0,0,1,4
2,1,1,2,5,2,1,0,1,3,1,0,0,0
1,1,0,0,3,2,0,0,0,0,0,0,0,0
0,0,0,0,0,0,1,1,0,0,1,1,4,14
3,2,2,2,1,2,2,1,0,1,0,1,2,3
0,0,0,0,0,0,2,1,2,0,0,0,0,0
2,0,1,0,0,0,2,2,2,3,2,2,3,7
1,2,1,1,6,5,0,1,3,5,2,0,4,5
1,0,0,0,0,0,2,2,1,5,2,4,3,4
0,0,1,0,3,2,0,0,0,0,0,0,0,0
0,1,3,3,5,4,0,7,2,11,6,4,5,11
0,0,1,0,2,1,2,0,0,0,0,0,0,0
2,0,0,2,1,2,0,0,0,0,0,0,0,0
4,1,3,4,5,5,1,5,1,2,2,3,2,3
3,2,2,3,3,8,2,10,8,8,4,3,4,9
3,0,0,4,0,1,1,0,0,3,0,2,6,15
1,0,0,3,2,0,0,1,1,2,2,2,2,3
1,0,0,1,3,2,1,0,0,1,0,0,2,3
1,0,1,4,1,4,1,2,1,0,0,0,0,0
0,0,1,1,1,1,1,0,0,0,0,0,0,0
1,0,1,0,0,3,3,1,0,1,4,0,0,0
1,0,1,0,5,4,2,5,2,2,1,0,0,0
0,0,0,0,0,0,0,0,0,2,0,0,1,7
0,0,1,1,1,0,0,1,2,2,1,0,0,0
0,0,0,2,2,0,1,3,2,0,0,0,0,0
0,0,0,0,0,1,0,0,2,4,1,0,6,12
5,4,4,2,9,4,4,9,4,7,4,1,1,5
0,0,0,0,1,0,0,1,0,1,0,1,1,3
3,1,1,0,0,0,0,0,0,0,0,0,0,0
12,7,11,16,25,17,8,19,17,30,12,4,8,22
3,0,0,0,1,4,1,1,2,2,0,0,0,0
1,0,0,3,5,5,2,9,3,8,3,5,3,11
2,0,1,0,3,1,0,0,3,3,4,0,3,6
2,0,2,4,6,2,5,6,4,7,5,1,1,7
1,0,0,0,1,2,2,2,1,2,1,0,0,0
0,0,0,2,1,0,3,4,5,5,3,0,2,3
0,2,0,3,1,7,3,5,4,14,3,6,3,6
1,2,1,1,1,0,0,2,1,1,1,0,0,0
1,4,4,3,5,1,4,1,5,3,3,0,0,0
1,0,2,1,0,3,0,4,0,7,2,1,0,5
1,0,0,3,2,0,0,0,0,0,0,0,0,0
3,1,3,3,0,0,0,0,0,0,0,0,0,0
0,0,0,2,1,1,0,0,0,4,2,0,0,0
3,0,1,2,0,3,2,2,1,2,1,1,7,4
0,0,1,0,0,1,1,1,0,4,0,4,6,23
2,1,2,0,2,3,0,0,0,0,0,0,0,0
0,0,0,0,0,0,0,0,0,0,3,4,2,16
0,0,0,1,0,0,1,0,0,1,1,3,1,2
3,2,5,3,11,11,5,5,7,10,2,4,3,3
1,0,0,0,3,0,0,0,1,3,1,0,0,0
0,0,0,3,2,3,2,0,0,0,0,0,0,0
2,0,0,1,0,9,0,3,4,8,3,7,2,5
0,0,0,0,1,1,1,0,1,3,1,3,6,16
1,1,1,2,0,0,0,0,0,0,0,0,0,0
7,3,2,5,13,5,2,6,0,6,2,1,1,7
1,0,1,1,0,0,0,0,1,3,2,0,0,0
2,1,1,1,1,1,0,1,2,2,2,0,0,0
1,0,0,3,3,0,0,0,0,0,0,0,0,0
5,1,2,1,5,6,1,6,6,4,5,4,4,7
0,0,2,0,2,3,0,0,0,0,0,0,0,0
3,1,2,0,4,5,1,2,0,1,0,2,2,1
0,1,1,1,1,2,1,0,0,0,0,0,0,0
1,0,0,2,1,2,0,0,0,0,0,0,0,0
0,2,0,0,1,2,2,0,0,0,0,0,0,0
0,0,0,1,2,1,1,0,0,0,0,0,0,0
1,1,0,0,3,2,3,4,2,3,0,3,4,5
1,0,3,7,7,1,1,1,1,1,2,0,0,0
0,1,0,1,1,0,0,2,2,4,1,0,0,0
6,9,17,20,25,29,9,20,10,29,8,3,5,17
0,0,0,3,3,2,0,0,0,0,0,0,0,0
1,0,4,1,4,4,1,8,9,21,3,5,7,14
0,0,0,0,0,0,0,2,0,3,0,1,2,20
0,0,1,1,2,2,1,0,0,0,0,0,0,0
5,1,1,6,3,4,0,6,5,4,1,1,1,1
0,0,0,1,2,1,0,1,0,3,2,0,0,0
1,1,0,3,1,0,1,3,1,5,1,0,4,11
0,0,1,0,0,0,1,0,0,5,1,1,4,12
2,1,1,1,3,1,1,2,1,2,4,0,3,7
1,0,1,1,4,3,1,1,0,2,3,0,0,0
1,0,1,0,0,0,0,0,0,1,0,2,2,11
1,0,0,3,4,4,0,3,1,4,2,0,0,0
1,0,0,0,2,2,1,1,0,0,0,0,0,0
2,1,1,2,4,1,0,0,0,0,0,0,0,0
4,3,2,2,5,3,3,4,2,3,1,2,4,4
5,1,1,3,2,3,1,3,2,1,1,0,0,0
3,1,5,1,1,8,6,9,3,11,6,5,10,13
0,0,2,3,1,2,1,0,0,4,3,1,1,3
4,0,1,1,3,0,2,5,0,3,2,3,1,2
2,0,3,3,4,3,1,2,0,6,3,0,0,0
10,4,1,4,11,11,1,6,3,8,2,2,4,10
0,0,0,4,1,2,2,0,0,0,0,0,0,0
0,0,0,0,0,0,0,0,0,0,0,0,1,4
2,0,0,2,1,0,0,2,2,1,1,0,0,0
2,0,1,1,1,1,2,0,4,7,4,3,10,18
17,7,12,18,21,30,12,13,13,21,7,3,5,5
5,2,2,0,0,0,0,0,0,0,0,0,0,0
0,0,1,1,2,4,0,0,0,0,0,0,0,0
1,1,0,2,0,1,1,1,1,1,1,0,0,0
4,0,3,1,1,2,1,1,1,0,0,0,0,0
2,1,0,0,0,1,0,1,0,3,4,0,0,0
0,0,0,0,1,1,1,2,0,0,0,0,0,0
0,0,1,3,2,1,1,2,3,2,1,1,1,1
0,0,0,0,0,0,0,0,0,0,0,0,1,5
0,0,1,0,0,0,0,1,5,0,3,1,3,3
1,1,2,1,3,4,5,7,8,10,5,1,4,5
0,0,0,2,2,1,1,1,0,4,1,0,0,0
3,3,1,3,8,7,5,6,1,6,1,0,4,2
0,0,1,1,1,4,2,0,0,0,0,0,0,0
0,0,0,0,0,0,0,1,1,1,2,0,0,0
6,3,3,8,5,10,4,4,3,6,4,6,4,9
0,1,0,1,2,2,0,0,0,0,0,0,0,0
0,0,0,0,1,0,2,1,0,6,0,1,1,14
0,0,1,0,0,0,0,0,1,0,0,1,5,17
0,0,0,0,2,1,0,1,0,1,0,2,2,4
1,0,0,0,1,1,1,1,2,0,0,0,0,0
1,1,0,0,2,2,1,0,0,2,0,1,2,2
1,1,0,1,11,4,2,4,2,3,1,0,0,0
0,1,0,0,2,1,1,1,1,0,0,0,0,0
0,2,0,2,1,3,1,2,0,0,0,0,0,0
1,2,1,1,4,1,0,3,2,0,0,3,1,11
4,1,0,5,7,6,2,5,1,8,0,1,3,6
0,0,6,5,0,0,0,0,0,0,0,0,0,0
0,0,0,0,0,1,0,0,0,0,0,0,2,11
0,0,0,0,0,0,0,0,0,1,1,1,1,2
1,0,3,2,0,4,0,1,1,2,1,0,0,0
1,1,0,0,0,5,2,0,0,0,0,0,0,0
0,0,0,0,0,0,0,0,0,0,0,0,0,5
0,0,0,0,2,1,0,0,0,3,0,2,3,16
0,1,0,2,1,2,1,2,3,1,0,1,1,4
0,0,0,0,0,0,0,0,1,3,1,0,0,0
1,0,0,2,3,2,1,2,1,0,1,0,3,2
1,0,3,2,1,0,4,1,1,1,1,0,0,0
0,0,1,1,2,1,1,0,0,0,0,0,0,0
2,4,2,3,3,5,2,6,0,4,0,0,0,7
3,0,0,1,1,2,1,0,0,0,0,0,0,0
0,0,0,0,0,0,0,0,0,1,0,0,1,5
1,2,2,4,1,2,2,0,0,0,0,0,0,0
3,1,0,2,2,1,2,0,0,0,0,0,0,0
0,0,0,1,0,1,0,1,2,1,2,0,0,0
1,0,0,0,1,3,0,1,0,3,3,0,0,0
3,2,0,0,1,1,2,4,0,1,0,1,3,8
2,0,1,2,1,3,0,4,4,1,1,0,0,0
1,0,0,1,3,1,0,0,0,0,0,0,0,0
1,0,2,3,3,1,3,4,2,3,0,2,0,5
5,4,7,15,22,23,9,17,12,27,8,9,7,14
0,0,0,2,0,2,3,0,0,5,1,0,0,0
1,0,0,0,1,3,2,0,0,0,0,0,0,0
1,0,1,0,3,2,2,0,0,0,0,0,0,0
1,0,0,1,2,2,1,2,5,9,4,0,0,0
0,0,0,1,0,1,2,1,1,0,0,0,0,0
0,0,0,1,0,0,0,1,0,0,0,1,3,1
0,0,0,2,1,1,1,1,1,2,1,3,4,24
4,1,1,2,3,0,2,4,2,3,1,0,2,4
1,0,4,4,4,2,2,1,5,9,4,3,3,3
0,0,0,0,0,0,0,0,0,0,0,1,0,8
2,1,0,2,2,3,0,0,0,0,0,0,0,0
2,0,1,1,0,4,0,4,1,1,1,0,0,0
2,0,1,2,3,1,0,0,0,0,0,0,0,0
1,1,1,0,2,2,0,2,1,1,1,0,0,0
0,0,0,0,2,1,2,1,1,1,2,0,0,0
0,0,1,1,1,2,0,0,0,0,0,0,0,0
0,0,0,0,0,0,0,11,0,0,0,0,0,0
1,2,1,6,3,5,1,6,1,6,2,2,2,4
2,1,1,0,1,1,0,3,1,3,1,1,1,3
4,2,2,4,5,6,2,5,3,6,0,1,2,2
0,0,2,0,0,2,2,8,6,12,2,0,3,12
1,0,1,0,2,2,0,0,1,2,2,0,0,0
7,2,1,8,5,7,3,6,4,7,4,3,2,4
0,1,0,2,0,1,1,0,1,3,1,0,0,0
0,1,1,0,1,1,3,2,0,0,0,0,0,0
2,0,1,4,1,2,3,0,3,10,3,5,2,5
1,1,0,2,0,1,0,3,0,3,2,0,0,0
1,0,0,0,0,1,1,1,1,1,1,2,1,2
6,1,3,7,10,2,2,5,4,8,0,3,2,4
1,0,0,0,1,2,1,0,0,3,0,1,1,4
0,0,0,2,4,1,0,0,0,0,0,0,0,0
1,1,0,0,1,2,1,1,1,0,0,0,0,0
0,0,0,0,0,0,1,2,1,1,2,0,0,0
3,2,2,6,7,5,2,5,5,8,1,3,3,7
0,0,2,1,7,1,0,0,0,0,0,0,0,0
1,1,4,1,0,3,4,1,1,0,0,0,0,0
0,1,1,0,1,4,0,0,0,0,0,0,0,0
4,2,3,4,5,2,4,1,1,0,0,1,2,2
1,1,0,1,2,1,0,3,2,3,0,0,3,14
12,8,10,8,11,15,7,16,10,12,3,2,3,3
1,0,0,2,2,2,0,4,2,3,3,2,6,3
1,0,0,3,3,2,0,0,0,0,0,0,0,0
0,0,1,0,1,0,0,1,1,3,1,0,0,0
3,2,0,2,1,3,2,1,2,4,0,0,2,4
1,3,4,2,7,8,4,7,4,13,3,3,8,6
1,1,1,1,1,1,1,1,2,0,0,0,0,0
1,0,0,6,0,2,3,4,0,4,0,0,0,6
2,1,2,3,4,3,4,6,4,10,2,4,2,5
0,1,0,2,1,3,3,0,0,0,0,0,0,0
20,10,7,17,22,22,10,8,8,21,9,6,7,9
0,0,0,0,0,0,0,0,0,0,0,0,0,5
0,0,0,0,0,0,0,0,0,0,1,0,3,6
4,3,1,11,15,8,6,8,4,10,4,4,1,6
1,1,3,0,1,2,0,1,1,0,2,3,3,4
1,0,0,0,0,0,0,0,0,0,0,1,2,5
2,0,0,2,1,2,1,0,0,0,0,0,0,0
2,3,2,0,0,0,0,0,0,0,0,0,0,0
1,0,0,1,0,2,1,2,1,6,2,0,4,1
2,0,0,0,0,0,1,0,0,2,1,1,2,18
2,0,0,1,0,0,0,2,3,2,1,0,0,0
0,2,0,0,3,2,0,0,0,0,0,0,0,0
0,0,2,1,1,2,1,2,0,0,0,0,0,0
1,0,2,0,2,4,0,3,0,4,1,0,0,0
0,0,1,1,0,1,1,0,0,1,0,0,0,5
0,1,0,0,2,1,2,0,0,1,0,0,1,4
0,0,1,0,3,2,0,0,0,0,0,0,0,0
2,0,0,0,1,1,1,2,2,1,1,0,0,0
1,1,0,1,2,1,2,1,3,1,1,0,0,0
4,2,6,2,7,7,5,2,2,5,5,5,2,7
3,1,0,2,1,5,0,0,0,0,0,0,0,0
1,0,1,1,1,6,2,7,5,9,4,0,1,7
1,1,1,0,2,2,1,3,4,5,1,0,0,0
0,0,1,2,1,1,0,0,0,0,0,0,0,0
0,0,0,2,1,2,1,2,0,0,0,0,0,0
0,0,0,1,1,1,2,3,1,2,1,0,0,0
0,0,0,0,0,0,0,0,0,0,0,0,2,6
0,0,1,0,1,1,1,1,1,0,0,0,0,0
0,0,0,0,0,2,2,2,2,4,1,3,2,9
0,0,0,1,0,3,2,0,0,0,0,0,0,0
0,0,0,1,1,0,0,1,0,1,1,2,0,8
1,0,0,1,2,1,0,0,1,0,0,1,5,14
0,0,0,0,2,0,0,1,1,4,0,2,1,13
2,1,1,2,2,1,0,3,1,1,1,0,0,0
0,0,0,4,2,0,1,2,2,0,0,0,0,0
1,0,0,2,0,2,0,0,1,3,1,0,0,0
0,0,1,1,2,2,0,1,2,6,2,1,1,4
1,0,0,0,2,3,0,0,0,0,0,0,0,0
1,0,0,2,1,0,1,0,2,2,1,0,0,0
4,3,2,5,6,5,2,5,2,2,0,1,2,7
0,0,0,0,0,0,0,0,0,3,2,2,0,20
1,0,1,2,3,3,1,0,0,0,0,0,0,0
2,0,0,1,4,3,5,1,1,0,3,0,0,5
2,1,1,0,1,0,1,0,1,1,0,1,1,3
0,0,0,1,0,0,0,1,0,0,0,0,1,4
0,2,2,1,2,2,2,1,0,0,0,0,0,0
0,0,0,0,0,2,0,0,1,1,0,0,1,4
0,0,1,1,0,1,0,1,2,3,1,2,1,1
0,0,0,1,0,2,0,2,4,1,2,0,0,0
1,0,0,2,1,1,1,0,0,0,0,0,0,0
0,0,0,0,0,0,0,0,0,0,0,0,1,5
0,1,0,2,1,1,0,1,2,1,1,0,0,0
0,1,0,2,2,2,1,1,1,5,1,0,0,0
3,2,0,1,8,4,0,1,0,4,1,0,1,4
2,1,0,0,3,3,1,4,0,10,2,1,4,12
0,1,0,0,3,1,1,0,0,0,0,0,0,0
1,0,0,0,1,0,2,1,3,1,3,0,0,0
1,0,1,2,4,2,1,0,0,0,0,0,0,0
8,3,5,11,12,8,5,9,4,11,4,5,4,7
3,0,0,0,3,3,0,0,0,0,0,0,0,0
3,1,2,4,1,4,0,1,2,1,1,1,1,1
6,2,1,4,11,9,3,7,1,7,2,3,1,7
0,0,1,2,0,0,0,1,1,2,1,1,4,10
2,0,1,4,2,2,3,4,3,2,1,0,0,0
1,0,0,0,2,4,0,0,0,0,0,0,0,0
0,0,1,2,0,1,0,0,0,2,3,0,0,0
1,1,0,0,1,0,2,1,3,0,0,0,7,17
3,1,1,1,0,1,0,0,2,1,1,5,9,17
1,0,0,0,3,3,0,0,0,0,0,0,0,0
0,1,1,1,4,1,0,1,2,2,2,0,0,0
1,1,0,2,2,2,1,0,0,0,0,0,0,0
0,0,1,2,1,1,0,0,0,0,0,0,0,0
1,1,0,6,8,6,3,2,2,5,2,2,5,5
0,0,0,0,0,0,0,0,0,0,0,0,3,6
0,0,0,0,0,0,0,0,1,1,0,2,1,5
0,0,0,0,1,0,0,1,1,2,1,0,0,0
0,0,0,1,2,2,0,0,0,0,0,0,0,0
0,3,0,0,3,1,1,0,0,0,0,0,0,0
1,3,0,4,3,4,3,5,2,7,1,1,5,5
1,2,0,5,3,1,1,3,3,1,1,0,0,0
0,0,0,0,1,0,0,0,1,0,0,0,0,6
0,0,0,2,4,1,2,2,2,7,2,1,4,6
2,1,1,5,4,3,0,2,0,4,2,0,3,4
2,1,1,4,0,5,4,0,1,2,1,1,3,3
1,1,2,1,0,2,1,3,2,4,1,0,0,0
0,0,0,0,0,0,0,0,1,1,0,0,0,10
0,0,1,3,0,1,2,1,3,1,0,2,10,22
1,0,0,3,3,2,1,1,1,0,0,0,0,0
3,1,0,4,6,3,2,11,10,11,8,4,4,7
6,3,3,7,8,9,2,4,3,9,2,0,3,3
2,0,3,4,11,3,4,12,6,9,2,0,0,0
0,0,0,0,2,4,0,2,1,2,1,0,0,0
2,0,0,0,1,0,0,3,1,1,1,0,0,0
0,0,0,0,1,1,0,2,2,3,1,0,0,0
0,0,0,2,1,1,1,0,0,0,0,0,0,0
0,0,0,1,0,1,0,1,0,0,4,2,5,23
4,0,0,1,3,2,2,0,0,0,0,0,0,0
1,1,0,1,1,3,0,0,0,0,0,0,0,0
0,0,1,2,2,1,0,1,2,4,1,0,0,0
1,3,2,1,4,3,3,3,1,4,1,0,0,0
2,0,0,2,2,1,0,2,1,2,1,0,0,0
0,0,0,0,3,2,2,3,1,0,0,0,0,0
0,0,0,0,1,3,1,0,0,0,0,0,0,0
0,0,0,0,0,0,0,0,0,0,0,0,0,8
20,4,9,8,13,16,10,16,5,12,10,2,4,12
1,1,0,3,4,3,2,4,2,2,2,0,0,0
1,1,1,2,1,1,0,0,0,0,0,0,0,0
0,1,1,3,1,0,0,0,0,0,0,0,0,0
0,0,0,0,0,0,0,5,0,0,0,0,0,0
2,0,2,1,0,0,0,3,1,0,2,1,1,2
0,0,0,0,1,2,1,3,3,4,3,0,3,8
0,0,1,3,1,0,2,3,2,2,2,0,0,0
1,0,0,2,3,2,0,1,0,4,1,0,0,0
4,5,5,7,7,12,4,9,8,7,1,7,2,10
0,0,0,1,3,1,1,2,0,0,0,0,0,0
0,0,0,0,0,2,1,1,1,1,2,0,0,0
8,6,8,10,14,18,7,15,3,9,7,1,2,12
0,0,0,0,0,0,0,0,0,0,0,1,1,6
9,3,6,12,12,19,8,14,5,15,3,6,2,17
1,1,1,1,2,1,1,0,0,0,0,0,0,0
0,0,0,1,2,2,0,0,0,0,0,0,0,0
4,1,1,0,0,0,0,0,0,0,0,0,0,0
0,1,0,2,1,1,0,1,2,2,1,1,1,1
0,1,0,1,6,2,3,6,3,13,2,4,6,7
2,2,1,0,0,0,0,0,0,0,0,0,0,0
0,0,0,2,4,0,1,6,0,0,0,0,0,0
1,0,1,3,3,2,0,0,0,0,0,0,0,0
5,2,1,4,4,1,0,3,1,2,3,1,9,6
2,2,1,2,3,2,5,16,3,25,3,5,16,18
1,0,0,2,1,3,0,2,8,3,3,0,4,10
1,0,0,1,4,3,0,2,6,4,1,2,6,3
0,0,3,2,6,1,2,2,1,4,0,1,2,5
3,4,4,6,10,4,6,4,3,6,1,4,1,6
0,0,0,0,0,2,1,1,1,0,0,0,0,0
1,1,2,6,6,5,2,2,3,6,0,1,1,5
1,2,0,0,2,1,0,1,1,2,1,0,0,0
0,0,0,0,2,2,1,0,0,0,0,0,0,0
0,0,0,0,0,0,0,0,0,0,0,0,1,10
0,0,0,0,1,1,0,3,1,1,1,0,0,0
0,0,0,1,0,0,0,0,0,0,3,4,5,19
3,3,2,0,0,0,0,0,0,0,0,0,0,0
0,0,3,1,3,3,0,1,1,2,4,0,0,0
3,0,0,2,1,1,0,0,2,1,1,0,1,8
2,0,0,2,2,0,2,1,1,5,1,0,2,3
1,0,0,1,0,1,0,1,0,1,0,1,2,3
2,0,1,0,0,3,0,4,0,1,1,2,1,3
14,8,7,19,13,13,15,11,18,20,7,7,7,11
6,5,1,4,8,14,5,8,5,11,1,1,1,4
0,0,1,1,0,1,1,0,2,1,2,0,0,0
1,0,2,4,1,3,1,1,0,0,0,0,0,0
0,1,2,0,0,0,0,0,2,2,1,0,0,5
2,1,3,1,2,1,1,1,1,4,0,0,0,0
2,0,0,0,2,1,1,1,1,0,0,0,0,0
2,0,0,0,0,1,0,0,1,0,2,2,4,19
3,1,1,1,1,2,0,0,0,0,0,0,0,0
0,0,0,0,2,1,0,1,2,0,1,1,1,5
1,0,0,0,2,1,0,1,1,4,2,0,0,0
0,0,0,1,0,3,1,6,2,6,1,3,4,5
0,2,1,0,3,3,0,0,0,1,0,0,3,2
1,0,0,0,1,2,2,0,0,0,0,0,0,0
1,0,1,1,0,0,1,1,1,1,1,0,0,0
0,0,0,1,0,1,0,2,1,5,2,0,0,0
1,1,0,0,0,3,1,0,5,1,1,2,1,1
2,2,0,1,0,1,2,2,1,1,1,0,0,0
5,0,3,4,8,2,2,3,0,3,0,0,2,3
2,0,1,3,3,3,0,1,2,1,1,0,0,0
0,0,0,0,1,1,0,0,2,2,1,0,0,0
2,0,3,2,1,0,1,1,0,5,1,0,0,0
1,0,1,0,2,2,0,2,2,3,1,0,0,0
1,1,0,0,1,2,1,2,0,1,0,1,2,5
1,2,0,0,0,1,2,1,1,2,1,0,0,0
0,0,3,3,2,6,2,4,3,2,1,0,2,4
1,2,0,1,2,2,0,1,1,1,0,1,1,3
0,1,0,2,2,2,0,0,0,0,0,0,0,0
1,1,0,0,0,3,1,1,1,2,1,0,0,0
1,0,0,0,1,0,1,2,1,1,1,0,0,0
7,1,3,5,8,15,3,12,3,15,0,2,7,20
2,0,1,0,0,1,0,1,2,2,1,0,0,0
0,0,0,0,0,0,0,0,0,0,0,0,1,4
1,0,0,0,1,0,0,0,1,3,0,2,4,20
0,0,0,0,2,3,1,0,0,0,0,0,0,0
0,0,1,1,2,2,1,0,0,0,0,0,0,0
0,1,3,3,3,1,3,2,1,0,0,0,0,0
0,3,3,0,3,6,0,1,0,0,6,0,0,0
0,0,0,1,0,1,1,1,2,5,1,0,2,14
0,0,2,0,1,5,2,0,0,0,0,0,0,0
1,1,0,2,2,1,2,1,1,3,1,0,0,0
2,0,0,0,1,3,1,3,2,0,0,0,0,0
0,0,1,0,1,0,0,3,2,2,2,6,1,4
1,1,0,5,6,1,1,6,5,8,0,7,4,4
1,1,1,1,3,7,5,8,4,11,1,4,5,9
11,1,7,15,30,23,14,17,9,18,5,8,2,10
0,2,1,1,1,3,1,0,1,2,1,0,1,6
1,0,0,1,0,2,0,0,1,3,1,0,0,0
1,0,3,0,2,0,1,3,2,0,0,0,0,0
0,1,0,0,3,2,0,0,0,3,2,0,0,0
1,1,0,0,0,1,1,1,0,1,1,0,2,9
6,0,1,2,5,2,0,3,3,3,2,1,3,8
2,0,1,1,2,2,5,3,3,3,0,1,2,10
6,5,2,3,4,5,4,6,7,9,1,1,5,1
3,3,2,3,0,3,2,5,3,11,2,3,3,8
2,1,0,2,3,2,1,2,1,0,0,0,0,0
1,0,0,0,2,1,2,0,0,0,0,0,0,0
0,0,0,0,3,0,1,3,3,4,2,0,0,0
2,0,1,3,5,3,2,1,3,5,2,0,0,0
0,0,0,0,1,0,0,2,1,1,1,0,0,0
0,1,0,1,2,2,1,0,0,0,0,0,0,0
0,0,0,0,0,0,0,0,1,0,0,0,1,4
1,0,0,0,0,0,1,1,3,1,2,0,0,0
4,3,1,1,3,3,0,3,1,3,0,1,2,3
2,0,0,1,0,2,0,1,0,4,1,0,0,0
0,1,1,0,3,0,0,3,1,1,1,0,0,0
2,0,1,2,0,2,1,4,0,0,0,0,0,0
0,0,0,1,0,0,0,2,0,2,1,1,2,1
0,0,0,3,2,1,1,0,0,0,0,0,0,0
2,2,0,2,0,2,2,1,0,3,3,0,0,0
2,0,1,1,3,1,0,1,1,5,3,3,4,20
1,0,1,1,1,1,1,2,2,1,1,0,0,0
2,0,0,0,2,0,0,2,0,2,1,0,3,4
0,0,0,1,2,0,2,1,1,1,1,0,0,0
1,0,0,0,0,1,1,0,1,4,2,0,0,0
0,0,1,1,3,2,0,1,2,1,1,0,0,0
0,0,0,1,1,0,2,2,2,0,0,0,0,0
3,1,1,0,1,5,1,1,2,3,2,1,3,4
2,0,1,0,3,1,2,0,0,0,0,0,0,0
2,0,1,0,0,0,0,0,0,3,0,1,2,9
2,0,0,0,2,2,1,0,0,0,0,0,0,0
1,0,0,1,3,2,0,0,0,0,0,0,0,0
1,2,0,2,4,0,1,1,0,1,4,2,4,17
9,2,6,8,17,14,11,12,4,25,3,5,3,8
3,0,0,1,1,3,0,1,0,0,2,1,4,3
0,1,2,3,3,2,0,0,0,0,0,0,0,0
0,0,0,0,0,0,0,0,0,0,1,0,1,8
0,0,3,2,0,0,0,0,0,0,0,0,0,0
3,1,0,0,1,3,1,0,0,2,1,4,4,11
2,1,2,3,3,3,0,2,1,2,0,0,1,4
0,0,0,1,2,1,0,3,3,1,1,0,0,0
0,0,0,1,0,0,1,1,2,4,2,0,0,0
0,0,0,0,2,1,0,2,0,4,1,0,0,0
3,0,3,5,2,4,1,4,0,0,0,0,0,0
2,0,0,1,1,3,2,3,2,5,2,0,0,6
1,2,5,7,5,8,2,7,5,5,3,4,3,3
1,0,2,1,3,1,1,1,0,3,1,1,1,3
0,2,0,1,4,1,2,3,3,2,1,0,0,0
3,1,1,3,1,3,0,0,2,2,4,3,2,4
2,0,0,1,4,1,0,3,3,1,1,0,0,0
3,1,0,0,0,0,0,1,1,2,1,0,0,0
5,2,1,0,0,0,0,0,0,0,0,0,0,0
0,1,0,0,2,0,0,1,2,3,0,2,3,2
0,0,0,2,0,3,1,3,0,0,0,0,0,0
2,4,0,1,1,2,1,7,4,13,3,4,3,6
0,0,0,0,0,1,1,0,0,3,2,1,5,7
0,0,0,2,0,0,0,1,1,1,2,0,0,0
1,2,0,1,2,0,1,1,0,3,1,0,0,6
1,2,0,2,2,1,1,1,0,0,0,0,0,0
0,0,0,0,0,0,0,1,1,2,1,0,0,0
1,0,0,0,1,0,0,0,0,1,0,2,3,11
0,1,0,1,2,1,1,0,0,0,0,0,0,0
11,7,2,16,10,25,10,11,7,14,5,7,8,21
2,0,1,4,3,3,2,4,2,4,2,2,1,3
2,0,0,2,1,0,0,2,0,4,1,0,0,0
0,0,0,1,2,0,0,2,2,4,3,1,3,2
0,0,1,0,2,0,0,1,0,0,0,1,1,4
2,0,2,1,1,1,1,3,1,2,2,0,0,0
1,0,0,2,0,0,1,1,0,5,1,0,0,0
2,0,0,5,2,1,1,0,0,0,0,0,0,0
2,1,2,2,2,4,0,0,3,1,1,0,0,0
4,0,3,8,6,10,6,7,3,7,4,4,4,8
1,2,1,1,1,0,0,0,0,0,0,0,0,0
4,5,2,4,9,11,5,6,2,9,3,0,0,0
7,2,6,7,11,13,6,11,8,10,5,10,2,9
1,0,1,1,0,0,0,1,1,3,1,0,7,11
0,0,0,3,0,2,1,2,0,0,0,0,0,0
1,0,0,4,1,1,1,2,0,1,1,1,0,6
1,0,1,0,2,4,2,1,0,0,0,0,0,0
0,0,0,0,0,0,0,0,0,0,0,0,2,6
0,0,0,5,2,1,2,3,1,4,1,0,0,0
0,0,1,0,3,5,2,4,4,5,4,0,2,3
1,0,0,0,0,1,0,1,1,1,0,0,2,16
0,0,0,0,0,0,0,0,0,0,0,0,1,4
1,1,2,4,2,2,0,0,2,5,1,3,1,6
5,9,6,10,10,9,9,9,2,11,3,4,5,11
0,2,1,0,2,3,0,2,1,6,1,0,4,11
0,0,0,3,0,2,0,0,0,6,1,0,0,0
3,1,2,2,5,7,2,7,3,5,1,0,0,0
1,0,1,1,1,1,1,0,0,0,0,0,0,0
1,1,0,3,1,1,0,2,1,2,0,0,3,14
1,0,0,1,1,1,2,0,0,0,0,0,0,0
0,0,1,1,1,3,1,1,0,4,2,0,0,0
3,3,0,2,7,1,2,8,1,2,2,0,1,4
0,0,0,0,0,0,0,0,2,2,2,1,1,2
1,0,1,3,1,1,1,0,0,0,0,0,0,0
3,1,1,3,10,10,7,16,12,28,9,5,6,19
2,1,0,0,3,2,1,0,0,3,0,0,0,5
3,1,1,2,2,1,0,2,1,3,1,2,1,2
8,1,4,11,5,13,3,8,2,5,0,1,1,5
3,0,1,0,1,3,1,0,0,0,0,0,0,0
0,0,0,0,1,4,0,0,0,0,0,0,0,0
0,0,0,1,1,2,1,0,0,0,0,0,0,0
0,0,0,2,0,1,1,1,1,2,1,0,0,0
1,1,2,1,0,2,2,1,1,5,0,2,1,2
1,1,0,4,1,1,2,1,2,1,1,0,0,0
0,0,1,1,1,1,0,0,0,1,2,1,1,2
0,0,2,0,0,0,0,0,0,5,1,3,3,11
2,0,3,2,4,2,1,1,0,2,4,0,0,0
2,0,1,2,0,3,1,3,3,7,1,0,5,6
0,0,1,1,0,0,1,0,0,1,0,0,0,5
0,0,0,0,0,1,1,1,3,0,0,0,0,0
2,2,2,4,6,4,3,0,5,5,4,8,6,11
0,0,0,1,0,1,1,3,2,0,0,0,0,0
1,0,0,1,0,1,2,0,1,3,3,0,0,0
2,1,3,2,2,4,1,3,3,2,3,0,0,0
0,0,0,0,0,0,0,0,0,0,0,0,2,8
2,2,0,2,1,3,2,1,2,2,1,0,0,0
0,0,0,0,1,3,1,0,0,0,0,0,0,0
1,1,3,5,3,3,3,5,1,0,0,0,0,0
5,0,0,3,4,5,0,2,2,3,1,0,0,0
1,1,1,2,2,2,0,3,2,1,2,0,0,0
3,0,3,5,4,1,2,5,2,6,2,1,4,3
0,0,0,1,2,1,1,6,0,0,0,0,0,0
2,2,1,0,0,0,0,0,0,0,0,0,0,0
1,0,1,0,0,1,2,2,1,5,1,1,3,3
0,0,0,0,1,1,0,2,1,1,1,0,0,0
1,0,0,0,1,1,1,1,1,0,0,0,0,0
4,0,0,0,2,2,2,1,1,2,2,0,0,0
0,0,0,1,2,1,0,0,0,2,3,0,0,0
0,0,0,0,1,0,0,0,2,0,1,0,2,4
2,0,0,0,1,2,1,0,1,3,2,0,0,0
5,2,1,3,6,4,3,5,3,4,1,0,5,2
2,0,0,1,1,2,1,2,0,0,0,0,0,0
0,0,0,1,0,1,0,1,2,1,0,0,3,7
2,0,0,2,2,1,1,1,0,3,2,0,0,0
1,0,0,1,1,0,1,1,3,1,1,0,0,0
0,0,0,0,3,2,0,0,0,0,0,0,0,0
0,0,1,1,4,5,0,0,4,3,2,0,0,0
0,0,0,1,0,0,0,1,1,1,1,2,7,20
2,1,0,0,0,0,0,2,2,0,0,3,2,7
2,2,4,2,1,3,2,1,1,3,1,0,0,0
0,0,1,0,0,1,1,0,0,2,1,1,1,2
6,2,1,3,3,6,2,7,2,3,3,0,0,0
0,0,1,0,2,0,1,4,0,0,0,0,0,0
1,0,0,2,1,1,1,0,0,0,0,0,0,0
1,0,0,1,1,1,1,1,0,0,0,0,0,0
1,2,0,0,3,3,0,0,1,4,0,0,1,4
1,0,0,0,2,2,1,0,0,0,0,0,0,0
0,1,1,0,2,2,1,0,0,0,0,0,0,0
2,4,0,1,1,3,1,3,3,0,0,0,0,0
0,1,0,0,1,1,1,2,0,0,0,0,0,0
1,0,0,0,3,0,0,1,2,1,1,0,0,0
1,0,0,0,0,3,2,2,2,4,1,1,1,1
1,0,3,2,0,0,0,0,0,0,0,0,0,0
1,3,0,2,2,2,2,0,0,2,0,0,1,15
1,1,1,1,1,1,0,1,1,3,2,2,5,5
2,1,2,3,1,1,1,0,0,6,2,5,5,7
1,1,2,3,1,4,1,4,2,0,0,0,0,0
1,0,0,2,2,1,1,1,1,2,1,3,9,24
0,0,0,2,2,1,1,0,0,0,0,0,0,0
1,0,0,1,2,1,1,0,0,0,0,0,0,0
1,2,2,2,3,3,3,2,2,1,2,1,2,8
9,4,2,10,10,12,3,10,8,11,3,2,3,6
0,1,1,1,1,3,0,2,2,3,3,0,0,0
0,0,0,1,0,0,0,1,1,2,1,0,0,0
0,1,1,4,3,1,2,0,0,0,0,0,0,0
0,0,0,0,1,1,1,0,0,0,3,1,1,6
2,0,0,0,1,1,0,0,0,1,1,3,2,5
0,0,1,1,1,0,2,1,1,3,1,0,0,0
2,1,0,0,1,0,1,3,3,1,1,0,3,4
1,0,1,0,0,3,0,2,0,3,2,2,1,5
2,1,1,1,2,1,1,0,3,4,1,0,0,0
4,0,0,3,7,2,0,2,1,1,2,3,1,9
1,1,1,2,1,0,1,1,1,5,2,0,0,0
2,1,2,0,2,0,1,4,0,6,2,0,0,0
0,0,0,0,0,1,1,4,1,1,1,0,0,0
0,1,0,1,1,2,2,2,0,6,3,0,0,0
0,0,1,0,4,1,0,2,1,7,5,1,4,9
2,0,0,1,2,4,1,1,4,3,0,1,1,3
0,0,1,1,1,2,0,0,0,1,1,1,2,2
3,0,0,2,2,0,0,2,3,3,1,0,0,0
0,0,0,0,0,0,0,1,0,0,0,1,1,7
0,0,0,1,1,2,2,0,0,0,0,0,0,0
0,0,0,1,3,1,0,0,0,0,0,0,0,0
1,0,0,0,1,3,0,1,0,3,4,1,2,2
0,1,3,2,0,2,0,4,0,5,2,0,0,0
1,0,0,2,1,1,0,1,1,1,0,1,4,16
5,1,1,0,3,6,1,3,2,5,2,1,0,6
2,0,1,1,1,3,0,1,0,5,1,0,0,0
0,2,1,2,2,3,1,2,1,0,0,0,0,0
1,0,0,0,1,2,1,1,1,0,0,0,0,0
0,1,2,1,0,2,2,2,2,1,2,0,0,0
1,0,0,2,1,2,0,0,0,0,0,0,0,0
1,1,0,1,0,2,0,0,0,2,0,1,1,4
1,0,1,2,1,0,2,1,1,0,1,0,1,4
1,0,2,0,1,2,1,0,1,3,1,0,0,0
1,0,1,1,1,1,1,3,2,3,2,1,2,5
1,0,0,3,2,0,0,1,1,5,2,4,1,2
4,2,3,2,1,2,0,0,0,2,0,0,1,6
0,0,1,2,3,3,2,3,3,5,2,0,0,0
0,0,0,1,0,0,2,2,0,0,1,0,2,16
1,1,1,2,1,0,0,0,0,0,0,0,0,0
3,0,1,1,1,3,0,0,0,4,1,0,0,0
3,1,0,3,4,7,1,3,0,1,1,1,1,4
1,1,0,3,3,5,1,9,7,9,1,1,2,1
0,0,0,0,2,1,0,1,3,2,1,3,1,2
0,0,0,4,2,0,0,5,1,3,0,0,0,0
0,2,1,2,4,7,3,2,2,2,3,0,1,5
1,0,1,1,2,1,0,0,0,0,0,0,0,0
2,1,1,2,2,1,0,4,2,0,0,0,0,0
0,0,0,0,0,3,0,1,1,4,2,0,1,4
1,0,1,0,0,1,1,3,1,0,0,0,0,0
0,0,1,2,2,2,1,0,0,0,0,0,0,0
0,1,0,1,2,1,0,2,1,1,1,0,0,0
0,0,1,0,1,0,0,4,4,6,1,2,3,17
1,0,0,3,1,3,2,1,1,0,0,0,0,0
2,0,3,3,6,1,1,4,2,6,0,2,3,9
2,1,0,1,2,2,2,3,2,5,1,1,4,4
1,1,1,1,0,1,0,3,2,0,0,0,0,0
2,0,0,0,6,4,1,3,1,6,1,0,0,0
0,0,0,2,2,2,2,3,2,7,2,1,2,6
0,1,1,2,4,1,2,0,0,0,0,0,0,0
1,0,0,0,0,0,0,0,0,2,0,2,2,2
6,3,2,8,8,7,2,4,3,10,3,3,2,6
3,0,3,7,3,2,4,2,4,3,1,2,3,3
0,0,1,1,0,2,0,3,0,1,1,3,1,11
2,1,1,1,2,3,0,3,3,6,1,0,0,0
1,0,1,1,1,4,0,0,0,0,0,0,0,0
1,0,1,1,0,0,0,4,2,1,0,2,2,2
3,1,3,0,0,0,0,0,0,4,0,0,2,3
1,2,1,2,2,2,1,2,0,0,0,0,0,0
1,0,1,1,0,1,1,2,2,2,1,0,0,0
2,0,1,0,2,2,1,2,0,0,0,0,0,0
1,0,0,0,2,3,1,3,1,2,2,0,0,0
0,0,0,0,0,0,0,0,0,0,0,1,1,4
0,0,1,0,1,0,0,1,0,0,0,2,1,2
2,1,1,1,0,2,1,3,1,1,1,0,0,0
0,1,1,1,1,1,0,0,0,0,0,0,0,0
0,0,0,1,2,1,1,0,0,0,0,0,0,0
0,0,2,3,2,9,1,3,2,9,1,0,0,0
0,0,2,1,0,0,0,2,1,1,1,0,0,0
1,1,1,2,3,1,0,3,2,3,1,0,0,0
1,0,1,3,3,3,1,9,0,5,3,0,0,0
4,4,3,3,2,6,4,4,1,1,1,3,3,3
1,0,0,1,2,3,1,0,0,0,0,0,0,0
1,0,0,1,1,0,2,1,1,1,1,1,0,13
1,1,0,0,1,0,0,4,2,1,1,0,0,0
0,0,0,1,2,4,2,4,2,9,1,1,1,8
6,2,5,7,5,8,1,9,5,7,6,3,4,7
0,2,2,4,3,2,0,4,4,6,1,1,1,2
0,1,2,0,4,1,1,1,2,1,1,0,0,0
2,1,1,4,5,2,2,2,2,1,2,0,0,0
0,0,0,0,0,0,0,0,0,0,0,0,1,4
0,2,2,1,0,0,0,0,0,0,0,0,0,0
0,0,1,1,2,2,0,4,3,4,1,2,1,11
0,0,0,2,1,4,4,6,4,12,6,3,7,4
0,0,0,0,0,0,0,0,0,0,0,1,2,4
7,3,4,5,10,7,1,8,1,6,2,3,0,7
1,0,2,2,2,3,2,4,3,0,1,2,4,15
1,1,1,0,2,2,1,6,3,12,0,3,2,4
2,0,0,2,1,3,1,0,0,0,0,0,0,0
0,0,0,0,0,1,1,1,2,0,0,0,0,0
2,1,0,2,0,1,1,2,1,1,1,0,1,4
5,3,3,0,7,4,2,6,6,1,3,3,2,2
0,0,0,1,0,1,0,2,1,2,1,0,1,6
0,0,0,0,0,0,0,0,0,0,1,1,1,4
0,1,1,2,0,0,1,3,1,0,0,0,0,0
0,0,0,2,1,0,0,0,3,2,0,2,3,4
1,2,3,4,3,0,0,2,3,5,1,1,2,5
1,0,0,1,3,2,4,5,1,2,1,0,0,0
0,0,0,0,1,1,2,2,0,1,2,0,0,5
1,0,1,1,3,1,1,4,0,3,2,0,0,0
0,0,0,1,0,2,0,3,2,0,0,0,0,0
0,0,1,1,2,4,1,1,4,6,1,1,3,4
4,3,0,2,5,2,2,2,0,0,0,0,0,0
0,0,1,1,1,0,1,3,1,1,1,0,0,0
1,2,1,2,3,9,3,6,2,7,0,6,2,10
1,0,0,0,6,0,0,1,2,1,4,0,0,0
1,0,1,1,3,3,2,1,0,0,0,1,2,3
0,0,0,0,0,0,0,0,0,0,0,0,0,9
12,8,10,12,11,28,5,14,11,12,3,3,9,11
4,1,2,1,1,2,3,1,1,4,3,0,2,8
1,1,0,1,1,1,2,2,1,0,0,0,0,0
1,2,0,6,3,4,4,2,2,4,3,1,1,1
2,1,0,0,1,1,0,0,1,4,1,0,8,15
3,1,2,4,8,4,2,2,5,6,1,1,1,11
2,1,1,2,1,3,1,2,2,0,0,0,0,0
0,0,0,0,0,1,0,0,1,2,2,2,12,17
1,0,2,0,1,1,1,2,1,0,0,0,0,0
2,0,1,3,2,4,0,8,4,0,0,0,0,0
2,1,1,2,1,2,2,3,0,0,0,0,0,0
0,0,2,1,1,3,1,0,0,0,0,0,0,0
0,0,1,0,1,5,0,0,0,0,0,0,0,0
1,0,4,0,4,3,2,3,0,2,2,1,1,1
2,0,1,0,0,2,2,2,0,4,0,1,1,9
0,1,1,2,1,1,1,0,0,0,0,0,0,0
0,0,0,1,0,0,0,0,1,3,1,0,0,0
0,0,0,0,1,1,1,1,1,0,0,0,0,0
3,0,1,1,3,3,0,0,0,0,0,0,0,0
0,0,2,1,1,1,0,3,5,5,1,1,1,2
1,0,2,0,2,0,1,4,3,6,2,2,1,3
0,0,0,1,0,2,0,2,1,0,1,2,2,16
0,0,0,0,0,0,0,0,0,1,0,0,0,19
1,0,0,4,2,3,2,3,0,5,1,0,0,0
1,0,1,1,1,1,1,1,0,0,0,0,0,0
1,1,3,2,3,2,1,1,3,3,2,4,5,7
1,0,1,1,1,3,1,3,2,4,1,2,4,5
0,0,1,3,0,4,0,0,0,5,1,0,0,0
0,1,0,1,0,1,0,0,2,2,1,0,0,0
0,0,0,1,0,0,1,3,1,0,0,0,0,0
0,0,1,0,3,2,2,0,0,0,0,0,0,0
0,0,0,2,0,1,0,1,1,1,2,0,0,0
0,0,1,1,1,2,0,0,0,0,0,0,0,0
0,0,1,1,1,1,1,0,0,0,0,0,0,0
0,1,0,2,2,2,0,0,0,0,0,0,0,0
1,0,0,0,4,1,1,0,0,0,0,0,0,0
0,0,0,2,2,2,0,1,2,6,0,2,4,7
2,0,0,3,2,2,3,5,0,0,0,0,0,0
4,2,2,3,9,9,2,5,2,7,3,1,1,2
2,0,0,2,0,0,3,2,2,2,2,0,0,0
0,0,0,0,0,0,1,0,3,1,2,0,0,0
0,1,0,3,0,3,1,2,1,1,3,0,0,0
0,0,1,1,3,4,0,1,2,3,1,0,1,4
1,0,1,1,1,4,2,2,0,0,0,0,0,0
0,0,0,0,1,5,2,3,1,3,2,0,0,0
4,0,3,2,2,2,1,0,0,0,0,0,0,0
0,0,1,0,0,2,0,2,0,0,2,1,1,3
1,2,0,1,3,3,1,1,0,1,1,0,1,4
1,0,2,4,6,4,2,1,2,5,3,2,3,2
0,2,0,2,2,1,1,0,0,1,1,0,0,14
2,3,0,3,5,3,1,2,1,0,1,1,3,2
1,0,1,6,6,5,0,3,4,5,1,2,0,5
5,1,1,1,10,4,1,3,2,4,1,1,1,1
12,3,5,5,10,7,10,10,7,14,6,2,5,9
2,1,4,1,3,2,1,0,0,0,0,0,0,0
0,1,2,2,2,4,1,11,4,7,3,2,2,14
2,2,1,3,3,3,2,1,4,2,1,0,0,0
2,1,2,2,3,1,0,1,1,3,1,0,0,0
0,0,0,2,1,2,1,0,0,0,0,0,0,0
3,2,2,4,5,8,2,5,2,4,1,0,0,0
3,2,1,2,2,5,2,2,0,0,0,0,0,0
3,1,1,3,2,10,6,7,2,12,3,2,10,13
1,1,0,0,0,2,2,2,1,1,1,0,0,0
1,1,3,2,0,0,0,0,0,0,0,0,0,0
0,0,1,2,6,6,3,4,9,9,3,10,5,6
0,0,1,0,1,2,0,0,0,0,2,0,3,5
1,1,0,3,3,2,1,4,2,3,2,0,0,0
0,0,1,2,1,1,1,2,1,0,0,0,0,0
4,1,0,2,3,4,3,2,4,3,2,0,0,0
1,0,0,2,1,1,4,3,1,2,1,0,0,0
0,0,0,0,0,0,0,0,0,0,0,1,2,2
0,0,0,0,0,0,0,0,0,0,0,1,3,8
1,7,0,8,9,7,4,9,6,16,5,1,2,5
0,0,0,1,0,0,0,0,0,1,1,1,1,6
0,0,0,0,0,0,0,0,0,1,0,0,2,5
0,1,0,1,2,3,1,2,0,0,0,0,0,0
1,0,2,1,1,0,2,1,2,1,2,0,0,0
0,0,0,0,1,0,0,1,2,4,1,0,0,0
3,1,0,3,3,4,3,2,4,9,0,3,3,6
2,1,0,1,4,2,2,1,0,4,1,0,0,0
1,0,0,0,1,1,3,0,0,0,0,0,0,0
0,0,0,0,2,1,1,1,1,0,0,0,0,0
0,0,1,0,1,2,3,3,5,2,2,0,2,4
1,2,1,5,4,12,4,13,8,19,4,11,1,24
1,1,0,1,0,1,1,4,2,0,0,0,0,0
1,0,0,0,4,1,0,0,0,0,0,0,0,0
0,0,0,2,3,2,0,0,0,0,0,0,0,0
2,0,1,2,1,1,0,0,1,1,3,0,0,0
0,0,0,0,0,0,0,0,0,1,0,0,1,6
5,1,1,2,4,3,0,4,3,3,1,0,0,0
3,2,1,2,4,7,3,7,2,10,6,2,7,12
7,1,8,14,9,13,8,7,1,14,4,3,2,6
1,2,1,1,2,4,0,3,1,6,0,1,3,3
0,0,0,0,0,0,0,0,0,1,0,0,1,4
1,1,1,1,2,1,0,2,2,1,1,0,4,12
1,0,0,0,2,1,2,0,0,0,0,0,0,0
11,9,4,15,19,13,5,12,13,16,4,2,2,6
0,0,0,0,2,0,1,0,2,4,0,3,2,11
2,1,2,2,1,2,2,2,0,0,0,0,0,0
0,0,0,3,0,1,1,1,0,2,0,1,1,4
0,0,1,0,1,3,1,0,0,0,0,0,0,0
0,2,0,3,3,3,1,0,0,0,0,0,0,0
0,0,0,0,0,0,0,0,0,0,0,0,2,5
4,0,1,0,1,0,0,1,1,1,2,0,0,0
0,0,1,0,3,0,2,3,1,3,1,1,1,7
3,2,0,0,0,0,0,0,0,0,0,0,0,0
0,2,1,1,2,5,0,0,0,0,0,0,0,0
4,0,5,7,3,4,2,2,2,4,1,0,1,6
8,1,3,4,4,0,0,1,6,1,1,3,5,4
0,1,1,2,0,2,1,1,1,0,0,0,0,0
3,1,0,2,0,0,2,0,0,1,1,1,1,7
4,3,1,3,12,8,4,5,1,2,2,5,1,7
1,1,3,0,0,0,0,0,0,0,0,0,0,0
0,0,1,3,1,0,0,0,0,0,0,0,0,0
1,0,1,3,0,0,2,1,1,2,1,0,0,0
0,0,0,0,1,0,1,0,0,0,0,1,0,9
3,1,0,8,8,4,3,5,4,4,4,4,6,17
1,0,0,0,0,1,1,0,0,1,0,0,4,5
2,0,1,1,2,0,2,3,1,0,0,0,0,0
0,0,0,3,1,1,1,0,0,0,0,0,0,0
2,0,0,1,1,5,0,3,1,1,2,1,1,2
1,0,0,1,1,0,0,3,1,3,2,0,0,0
4,1,3,0,0,1,1,0,1,5,1,0,0,0
1,0,1,0,2,4,0,0,0,0,0,0,0,0
13,3,3,9,22,16,8,13,8,26,6,4,6,27
0,1,0,1,2,3,0,4,0,8,2,1,2,7
1,0,1,2,8,7,2,7,8,19,11,6,12,6
1,1,0,1,3,0,2,0,0,1,2,2,1,1
1,0,1,1,3,2,7,7,1,9,2,4,8,11
5,2,3,5,9,7,2,7,2,7,2,1,1,9
2,1,0,2,2,9,2,6,2,4,1,2,1,3
5,8,3,9,5,10,3,4,6,14,8,14,11,19
1,0,0,0,1,0,0,0,0,1,1,1,2,5
7,3,3,3,8,6,3,8,6,9,2,1,3,6
0,0,0,0,0,0,0,2,0,4,0,2,0,5
1,0,1,2,1,1,0,0,2,4,2,2,4,1
0,0,0,0,0,0,0,0,0,0,0,1,0,5
0,0,2,1,2,0,0,0,0,0,0,0,0,0
1,1,3,0,2,1,1,4,0,3,1,2,2,6
2,1,1,3,1,1,2,0,0,1,2,1,1,4
0,0,2,1,2,0,0,0,0,0,0,0,0,0
12,0,3,3,10,3,4,7,4,10,1,4,2,6
2,1,1,0,2,1,0,0,4,4,0,0,2,4
1,2,1,0,2,2,1,1,1,1,1,0,0,0
0,0,0,0,0,1,0,0,0,1,0,0,1,12
0,0,0,0,2,0,1,2,2,1,1,0,2,4
0,0,0,0,0,0,0,1,0,0,0,0,0,5
2,0,1,0,2,1,2,0,1,5,1,0,0,0
2,1,0,3,1,3,1,2,1,2,1,0,0,0
0,0,1,2,0,1,1,3,0,4,1,0,2,6
1,0,0,0,2,0,0,0,2,1,0,0,4,10
0,0,0,0,4,4,1,1,3,5,4,3,2,4
0,1,0,1,0,2,0,1,1,2,1,0,0,0
1,0,1,3,8,5,0,3,1,6,2,0,0,0
0,0,1,2,1,1,0,0,0,0,0,0,0,0
4,0,0,1,1,7,0,2,0,5,2,2,1,3
0,0,0,1,1,0,0,0,2,1,0,1,1,12
1,0,0,1,1,2,1,1,0,0,0,0,0,0
0,0,0,0,0,0,0,3,2,0,0,0,0,0
1,0,1,1,2,3,2,3,5,3,4,0,0,0
1,0,0,2,0,4,0,0,2,3,1,0,0,0
0,0,1,1,3,1,0,0,4,0,0,0,1,5
0,1,0,0,1,1,1,2,2,2,0,5,5,9
0,0,1,3,3,13,3,3,2,6,2,3,5,6
0,0,0,0,0,0,0,1,0,1,0,0,3,19
3,3,0,0,0,0,0,0,0,0,0,0,0,0
0,0,0,3,1,4,0,0,2,0,1,1,2,4
0,0,0,0,1,1,2,1,1,0,0,0,0,0
0,0,0,0,1,0,1,3,1,0,0,0,0,0
0,1,0,0,0,0,1,0,1,2,4,0,0,0
1,0,0,2,2,4,0,0,0,0,0,0,0,0
0,0,0,1,1,2,1,2,2,3,1,0,0,0
1,1,6,0,3,3,3,2,1,1,1,0,0,0
4,0,1,2,5,1,4,1,4,3,2,1,1,4
0,1,0,1,3,4,2,6,2,0,0,0,0,0
0,2,0,0,1,3,2,0,0,0,0,0,0,0
1,1,3,0,0,0,0,0,0,0,0,0,0,0
1,1,2,4,4,5,0,1,2,0,2,1,1,4
0,0,1,0,1,3,0,2,2,3,3,0,0,0
8,6,5,2,6,4,3,8,4,4,4,1,1,6
11,1,5,13,15,12,3,4,11,13,0,3,3,6
0,0,0,1,1,2,1,1,1,0,0,0,0,0
1,0,0,2,1,1,0,1,2,1,1,2,1,2
2,0,1,1,1,4,0,0,0,0,0,0,0,0
0,0,0,0,0,1,2,1,3,0,0,0,0,0
0,0,0,2,1,1,2,2,0,0,0,0,0,0
0,0,1,2,1,0,3,4,1,2,0,0,2,3
1,2,0,1,2,1,0,1,1,2,1,0,0,0
1,1,2,0,1,5,1,1,0,2,1,1,1,4
0,0,0,2,0,3,1,0,1,3,1,0,0,0
0,0,1,2,2,3,0,0,0,0,0,0,0,0
1,1,0,0,2,3,0,0,3,1,0,0,1,11
0,1,1,1,1,2,0,4,3,0,0,0,0,0
0,0,0,0,1,1,0,0,3,2,1,0,0,0
16,7,15,20,28,19,12,20,15,27,10,13,13,23
3,1,0,0,2,1,0,2,1,3,1,0,0,0
2,0,1,2,2,1,2,4,0,0,0,0,0,0
3,1,0,0,1,2,3,1,0,0,0,0,0,0
0,1,0,1,1,1,0,0,1,1,3,0,0,0
2,0,1,2,0,2,2,2,4,5,2,3,6,18
1,2,0,3,2,2,1,1,0,2,0,3,4,7
0,0,0,1,3,1,0,0,0,0,0,0,0,0
0,1,2,1,2,1,0,0,0,0,0,0,0,0
0,1,2,1,1,2,0,0,0,0,0,0,0,0
4,1,0,0,0,0,0,0,0,0,0,0,0,0
0,0,0,2,1,1,0,0,0,2,0,5,1,9
1,0,0,0,0,0,1,1,0,0,0,0,1,6
2,2,1,0,0,0,0,0,0,0,0,0,0,0
0,0,0,1,2,0,0,3,0,2,1,2,1,2
0,0,0,0,3,0,1,9,8,16,6,5,9,6
2,1,1,2,0,0,0,0,0,0,0,0,0,0
2,0,0,1,0,0,0,2,0,2,0,2,2,1
2,1,3,0,4,5,1,6,1,3,0,0,2,5
0,0,0,1,1,2,3,0,0,0,0,0,0,0
1,0,0,2,1,1,1,0,0,0,0,0,0,0
13,8,10,19,19,17,8,19,9,18,3,7,2,13
4,4,2,2,6,8,6,7,4,10,5,1,5,10
3,0,0,4,1,2,1,2,2,1,1,0,0,0
0,1,1,2,1,5,1,3,1,0,0,0,0,0
0,0,0,0,0,1,1,2,1,0,0,2,1,2
3,0,1,3,3,1,2,2,0,2,2,1,1,9
3,1,1,1,0,0,0,0,0,0,0,0,0,0
1,0,0,1,1,3,1,2,0,0,0,0,0,0
0,0,0,4,2,0,0,1,0,0,0,1,0,7
0,0,1,0,0,0,0,0,0,1,0,3,8,23
2,0,1,1,5,4,1,3,3,8,2,3,3,7
1,1,3,1,5,5,2,3,4,7,3,1,1,3
9,4,3,13,12,13,6,13,4,8,2,7,4,4
1,1,2,0,3,2,0,0,0,0,0,0,0,0
3,3,2,2,3,0,0,1,0,5,0,1,2,12
0,0,0,0,0,0,1,0,1,4,1,1,2,3
0,0,0,1,0,1,0,1,1,2,1,0,0,0
1,2,1,1,1,1,0,0,0,0,0,0,0,0
0,1,4,3,1,3,3,0,3,3,1,0,0,0
2,0,1,1,0,1,0,0,2,1,1,0,3,6
0,0,0,0,1,0,1,1,2,2,2,0,0,0
0,0,0,0,0,1,1,1,3,3,1,0,0,0
0,0,0,0,4,3,1,4,4,8,3,2,1,8
1,1,0,2,0,0,2,1,0,4,1,0,0,0
0,0,0,0,0,0,0,1,3,5,1,1,2,3
5,0,1,1,2,1,1,1,0,0,1,1,3,3
2,1,1,0,2,5,1,0,2,3,1,2,1,3
1,1,0,0,0,0,1,0,1,2,0,2,4,11
1,0,0,0,0,2,1,1,2,1,0,0,0,9
2,0,1,0,2,1,1,1,0,0,0,0,0,0
0,0,0,1,2,2,0,0,0,0,0,0,0,0
4,1,2,0,0,2,0,1,1,2,1,0,0,0
0,0,0,2,3,1,0,1,1,2,1,0,0,0
7,3,1,11,11,10,7,15,3,5,9,2,0,5
1,2,3,0,0,0,0,0,0,0,0,0,0,0
1,0,3,1,1,2,1,1,1,0,0,0,0,0
7,2,0,4,3,8,2,2,0,4,2,3,2,3
0,0,1,3,2,1,1,2,0,0,0,0,0,0
1,0,0,2,0,2,3,1,1,1,1,0,0,0
0,0,1,1,1,1,1,1,0,0,0,0,0,0
0,0,1,1,1,1,1,0,0,0,0,0,0,0
0,0,0,0,1,1,0,4,1,0,1,0,2,8
7,1,5,6,5,9,7,9,2,5,0,4,6,11
0,0,0,0,0,0,0,1,0,0,1,2,0,6
0,2,0,1,2,3,1,2,1,5,1,0,0,0
1,0,1,0,2,0,0,1,1,5,1,0,0,0
0,0,0,0,1,2,0,2,1,3,2,1,2,1
3,0,1,2,3,2,2,1,3,1,1,0,0,0
0,0,0,1,2,1,1,2,1,0,0,0,0,0
1,1,1,0,0,0,0,1,1,4,1,0,0,0
0,0,0,0,1,2,1,2,0,4,1,4,1,6
11,4,8,12,11,13,7,11,6,20,2,2,5,7
0,0,1,0,0,3,3,0,0,0,0,0,0,0
0,0,0,1,2,1,1,4,4,3,1,1,3,10
2,0,1,2,1,1,3,2,0,2,0,1,6,6
2,1,0,1,0,3,5,3,2,6,1,1,1,7
5,2,0,0,0,0,0,0,0,0,0,0,0,0
0,0,0,0,0,1,0,0,0,0,0,1,2,4
1,0,0,1,1,2,1,0,0,0,0,0,0,0
1,0,0,2,2,3,2,5,4,15,1,2,2,10
7,1,3,2,6,5,3,8,5,5,1,1,2,3
1,1,4,2,3,4,1,9,1,1,1,0,0,0
1,0,0,0,1,1,1,1,2,0,0,0,0,0
0,0,0,0,0,0,0,0,0,0,5,0,1,7
0,0,1,0,2,2,0,3,1,2,1,0,0,0
5,0,4,3,9,4,1,3,0,4,0,4,1,1
0,0,0,1,0,2,1,0,1,0,0,1,0,6
0,0,1,2,3,1,2,0,0,0,0,0,0,0
0,1,0,1,2,1,0,3,1,2,0,2,2,2
0,0,0,1,1,1,2,0,0,0,0,0,0,0
7,0,3,4,7,5,2,3,2,6,0,1,2,2
1,3,6,1,5,6,0,8,5,7,2,1,3,2
0,1,1,1,7,2,3,1,0,0,0,0,0,0
1,0,0,0,2,0,1,1,1,1,1,0,0,0
1,0,1,0,1,1,2,4,0,0,0,0,0,0
9,10,8,11,21,17,6,15,10,20,5,5,7,15
2,2,1,0,3,0,3,2,1,7,2,1,0,5
1,1,1,1,1,0,0,0,0,0,0,0,0,0
0,0,1,0,1,0,3,0,1,0,0,2,3,11
1,0,0,0,1,5,0,3,1,1,1,0,0,0
2,1,0,0,3,2,2,0,0,0,0,0,0,0
2,1,0,1,2,1,1,2,3,0,0,0,0,0
0,0,1,1,1,3,0,0,0,0,0,0,0,0
0,0,0,0,0,0,0,0,0,1,0,1,0,5
2,0,2,2,4,4,2,1,3,4,1,1,5,13
0,0,1,1,1,0,1,0,1,1,3,0,0,0
0,0,1,1,3,1,1,0,0,0,0,0,0,0
5,2,2,5,4,4,4,2,6,7,2,2,3,6
0,2,1,2,2,4,1,4,8,3,0,3,2,3
0,0,0,2,1,1,0,2,0,3,1,3,4,15
0,0,0,0,2,0,0,1,0,0,0,0,3,13
0,0,0,0,0,0,0,0,0,0,0,0,3,8
0,0,0,0,3,0,2,1,0,4,0,2,2,7
0,0,1,2,2,1,1,1,2,6,1,1,1,1
0,0,1,2,2,0,0,2,1,0,1,1,1,2
2,0,1,1,3,2,1,1,1,2,1,0,0,0
2,0,0,0,0,2,0,2,1,2,1,0,0,0
0,0,2,0,3,1,1,1,0,0,0,0,0,0
0,2,0,3,1,6,1,7,7,16,7,0,5,11
1,0,0,0,0,0,1,1,1,2,1,0,0,0
1,0,0,1,2,3,0,0,2,1,2,0,0,0
0,1,0,2,1,3,1,3,3,0,0,0,0,0
3,0,0,2,5,2,1,2,1,2,1,1,1,4
0,0,1,2,0,3,0,4,0,3,0,0,1,5
2,2,2,4,12,5,1,8,5,11,4,2,7,6
1,0,3,0,1,3,1,1,1,0,2,0,1,4
1,0,0,0,2,4,0,0,0,0,0,0,0,0
1,1,1,1,1,1,0,0,0,0,0,0,0,0
1,2,0,1,1,0,1,0,0,0,0,0,1,4
0,0,1,0,0,0,2,2,1,2,2,0,0,0
0,3,1,1,2,2,1,0,0,0,0,0,0,0
1,1,0,1,1,3,2,0,0,0,0,0,0,0
1,2,2,0,3,7,1,2,5,9,1,4,3,6
5,0,0,0,0,0,0,0,0,0,0,0,0,0
0,0,1,1,1,1,1,1,0,0,0,0,0,0
1,1,0,3,4,3,1,6,5,3,2,0,5,13
0,0,0,3,1,2,1,0,0,0,0,0,0,0
0,2,1,6,4,7,5,12,11,22,7,4,10,23
0,0,0,2,0,0,0,0,0,0,1,0,1,4
1,1,0,1,2,0,2,0,3,4,1,0,0,5
1,1,0,1,0,2,0,2,1,4,0,0,3,3
0,1,1,0,0,1,0,1,1,0,3,1,3,4
0,1,0,0,2,4,0,0,0,0,0,0,0,0
1,0,0,3,2,1,0,0,0,0,0,0,0,0
2,0,0,2,1,1,1,0,0,0,0,0,0,0
0,2,1,2,1,2,0,0,0,0,0,0,0,0
0,0,1,1,0,3,1,2,0,0,0,0,0,0
0,0,1,1,2,1,0,0,0,0,0,0,0,0
3,2,0,0,0,0,0,0,0,0,0,0,0,0
3,1,1,2,1,4,3,2,1,4,1,2,4,13
3,1,1,3,2,0,2,4,0,2,1,0,5,3
0,0,0,0,0,0,0,0,2,0,0,2,0,6
1,1,2,0,0,2,0,0,0,3,2,0,0,0
1,0,0,0,1,2,2,0,0,0,0,0,0,0
13,10,7,34,31,44,15,44,29,46,17,18,14,24
0,0,0,0,0,1,0,1,4,2,0,1,1,4
0,1,4,3,2,1,1,2,3,8,2,6,3,10
2,0,1,1,1,1,1,0,0,0,0,0,0,0
2,3,2,5,4,5,0,1,3,6,3,2,2,8
1,0,0,0,2,1,0,0,0,0,0,2,5,5
4,1,0,5,4,2,2,2,1,4,4,2,1,4
0,1,0,0,0,1,1,1,0,0,1,1,0,5
0,0,0,2,2,2,0,1,1,3,0,2,8,20
0,2,0,4,2,3,2,0,0,0,0,0,0,0
3,2,1,0,4,7,1,0,0,0,0,0,0,0
0,1,1,2,1,5,5,3,0,3,1,0,3,6
0,0,0,0,0,0,0,0,0,2,0,0,1,8
0,0,1,1,2,1,1,0,0,0,0,0,0,0
1,0,1,0,1,0,3,2,2,0,0,0,0,0
2,1,1,0,2,1,0,3,0,4,1,0,0,0
0,0,0,2,1,1,1,1,2,2,1,0,0,0
0,0,0,2,1,1,1,1,0,0,0,0,0,0
3,2,2,5,5,10,1,7,4,6,2,0,0,0
1,1,0,3,0,1,1,3,2,4,2,1,3,13
0,0,1,0,0,0,1,2,0,3,2,0,0,0
3,2,0,2,3,4,1,3,4,6,1,0,0,0
0,0,0,0,3,2,1,0,0,0,0,0,0,13
0,1,0,0,1,1,1,2,1,1,0,1,2,2
1,1,1,1,1,0,0,1,2,2,1,0,0,0
0,1,0,0,1,4,3,0,0,0,0,0,0,0
1,2,0,0,0,0,1,0,2,2,1,1,1,6
1,1,0,0,1,0,2,3,2,3,0,1,4,8
2,2,3,2,3,7,0,5,4,12,3,10,7,18
0,0,0,0,0,0,0,1,0,0,0,2,0,12
0,0,0,0,2,1,2,1,0,2,1,3,5,25
2,0,1,0,1,3,0,4,1,3,1,1,1,2
0,0,0,0,0,1,0,0,0,4,2,0,0,0
0,2,1,0,1,2,1,3,0,1,2,1,1,2
1,4,3,2,0,3,1,4,3,2,2,0,0,0
0,1,0,2,0,3,2,1,1,1,1,0,0,0
0,0,0,0,0,0,0,0,0,0,0,0,0,5
0,1,0,0,2,1,1,1,1,1,1,0,0,0
1,1,0,2,3,2,2,3,2,5,0,1,3,3
32,10,19,34,40,31,23,21,10,24,9,7,6,14
1,0,1,1,1,0,1,2,2,0,0,0,0,0
1,0,1,2,1,1,1,0,0,0,0,0,0,0
0,1,0,2,1,3,2,0,0,4,2,0,0,0
0,0,0,2,1,5,0,2,1,4,1,1,4,19
0,1,0,0,1,5,3,4,2,8,2,0,0,0
0,0,0,0,0,0,0,0,1,2,1,1,7,17
0,0,0,0,2,1,0,1,0,2,0,1,2,2
1,1,0,1,1,5,3,0,0,0,0,0,0,0
0,0,1,1,1,1,1,0,1,2,1,1,2,2
0,0,1,1,4,2,1,0,0,0,0,0,0,0
1,1,0,3,1,2,2,1,2,2,1,0,0,0
7,7,8,11,22,13,10,15,19,19,4,2,5,17
0,0,1,4,1,6,1,0,0,0,0,0,0,0
0,1,0,0,2,2,1,1,1,0,0,0,0,0
1,0,0,0,2,3,0,2,3,0,0,0,0,0
4,1,4,3,10,1,2,0,1,1,1,1,2,3
1,0,3,2,0,1,0,2,1,2,1,1,8,20
0,0,0,1,3,2,2,3,5,5,1,1,7,10
2,0,1,0,1,2,2,1,2,1,1,0,0,0
0,4,1,1,0,0,0,0,1,1,0,2,1,4
0,0,0,0,0,0,1,0,0,2,0,0,3,7
1,1,0,1,8,3,3,1,5,4,2,2,1,5
3,7,1,8,10,13,8,9,5,17,8,3,4,11
0,0,1,0,2,3,0,2,2,2,0,2,3,16
1,0,0,0,0,3,0,1,0,0,0,3,4,3
1,0,0,1,1,1,0,1,0,1,0,0,2,7
0,0,2,2,3,1,0,0,0,0,0,0,0,0
0,0,0,0,0,0,0,0,0,0,0,0,3,12
2,0,0,5,1,6,1,1,2,2,2,0,0,0
4,2,0,1,0,3,0,1,2,4,0,2,1,3
2,0,0,0,0,1,0,1,0,0,1,0,3,8
0,1,0,2,0,5,1,0,0,0,0,0,0,0
0,1,0,0,1,2,1,2,1,0,0,0,0,0
2,0,3,2,1,4,0,3,2,1,3,1,5,8
1,2,1,4,4,8,0,7,8,10,2,4,3,11
3,0,0,4,1,1,1,2,4,1,1,0,0,0
6,0,1,5,6,8,4,7,5,3,2,2,1,2
0,0,0,0,5,3,1,1,2,3,1,2,2,6
0,0,0,3,4,1,0,1,2,1,2,0,0,0
0,1,1,1,1,2,1,0,0,0,0,0,0,0
0,1,1,1,2,1,2,1,1,0,0,0,0,0
4,1,0,0,0,3,1,1,1,1,2,0,0,0
0,0,0,3,1,1,2,1,0,0,0,0,0,0
0,0,2,4,3,5,1,1,1,0,0,0,0,0
0,0,0,0,0,0,0,0,0,0,1,2,1,11
2,0,0,4,1,2,0,0,0,0,0,0,0,0
7,3,5,12,10,14,6,10,8,23,15,10,11,24
0,0,0,2,1,3,1,0,0,0,0,0,0,0
9,5,5,6,5,5,3,5,5,6,8,3,6,24
0,0,0,0,0,0,1,1,0,0,0,1,4,6
0,0,0,1,0,0,0,0,0,1,0,0,0,7
0,2,0,1,1,0,0,2,3,3,1,0,0,0
0,0,0,1,3,2,2,0,0,0,0,0,0,0
0,0,0,2,2,3,0,0,0,0,0,0,0,0
0,2,0,2,1,0,1,0,2,2,0,0,2,6
4,1,0,0,0,0,0,0,0,0,0,0,0,0
0,0,1,1,0,2,0,0,3,1,2,0,0,0
0,0,1,3,0,4,0,2,2,3,1,0,0,0
1,0,0,0,1,4,2,1,3,1,2,1,8,17
0,0,0,2,1,2,1,1,1,0,0,0,0,0
2,0,2,1,4,4,3,2,1,0,0,0,0,0
0,0,0,0,1,0,1,3,0,0,0,1,2,2
2,0,0,0,2,2,0,1,3,3,4,3,0,5
0,1,0,3,0,1,0,1,1,2,1,0,0,0
2,5,2,2,6,9,2,3,1,4,1,1,1,2
0,0,1,0,0,0,1,0,1,0,1,0,0,7
0,0,0,0,0,0,0,0,0,0,0,0,0,10
2,0,1,2,1,4,0,0,0,0,0,0,0,0
0,1,0,1,1,1,0,1,1,0,1,1,3,6
0,0,0,0,1,3,0,0,1,1,1,1,1,2
6,4,1,6,2,1,1,7,2,2,1,3,4,2
0,1,0,1,4,0,0,0,0,0,0,0,0,0
0,2,0,2,0,0,0,1,4,0,0,0,0,0
1,1,1,5,8,3,0,5,5,5,4,0,0,0
0,0,1,2,4,1,0,0,0,0,0,0,0,0
1,0,1,1,1,1,1,2,1,0,0,0,0,0
2,0,1,0,4,3,3,2,2,0,0,0,0,0
3,0,0,0,1,1,0,0,0,0,0,0,1,11
1,2,0,0,4,1,0,0,1,3,1,1,1,1
0,1,0,1,2,4,0,4,3,4,0,2,1,7
0,0,1,0,0,0,2,0,0,1,1,0,7,19
0,0,0,1,0,1,1,4,0,1,0,0,2,4
1,0,1,0,0,2,1,0,2,5,3,0,5,12
0,0,1,2,1,4,0,3,1,5,0,1,3,2
1,0,1,2,3,0,0,0,0,0,0,0,0,0
7,6,6,4,11,7,4,7,6,14,4,2,1,9
2,0,3,6,3,6,3,1,0,2,1,0,2,3
1,0,0,1,2,2,2,0,3,5,2,3,1,2
2,0,0,1,3,2,1,3,1,2,1,0,0,0
5,4,3,2,11,13,4,10,6,15,7,3,8,9
4,1,2,1,5,5,1,1,2,1,1,0,0,0
1,0,3,1,0,1,0,0,2,1,2,0,0,0
1,0,1,2,0,0,2,1,2,1,1,0,0,0
0,0,1,3,2,1,1,2,4,9,1,0,0,0
0,1,0,1,2,1,1,2,3,1,1,0,0,0
0,1,0,0,0,2,0,2,1,3,1,0,0,0
4,0,0,1,2,1,1,4,1,0,0,0,0,0
1,1,0,1,1,2,1,1,0,0,0,0,0,0
7,2,1,5,9,6,4,6,4,4,0,2,1,11
0,1,0,3,4,1,1,0,3,2,5,4,1,4
0,0,0,1,0,1,1,1,0,7,1,0,4,8
0,0,0,1,1,0,0,0,0,2,0,0,3,10
2,0,0,0,3,1,3,0,0,0,0,0,0,0
0,1,0,0,0,0,0,0,1,1,0,1,4,15
2,2,1,2,0,2,1,1,0,5,1,0,0,0
0,0,0,0,1,0,1,4,2,0,0,0,0,0
2,0,1,1,1,4,4,5,0,0,0,0,0,0
4,1,0,1,4,7,3,3,5,7,2,2,4,5
2,0,0,1,3,1,0,0,0,0,0,0,0,0
0,0,0,0,1,0,0,1,0,7,1,3,3,24
1,3,0,2,3,4,3,2,4,4,2,1,3,3
0,0,0,0,0,0,0,0,0,0,0,0,0,5
3,4,8,4,11,7,5,8,1,2,3,1,3,4
0,0,0,1,1,3,1,0,0,0,0,0,0,0
0,0,1,3,2,3,0,0,0,0,0,0,0,0
0,1,0,0,1,3,2,0,0,0,0,0,0,0
1,1,0,1,0,2,0,2,2,2,0,0,0,0
1,0,1,2,1,1,0,1,4,4,1,0,0,0
1,3,1,2,0,4,1,4,4,12,2,1,5,3
2,0,0,2,1,3,1,0,0,1,0,0,1,4
0,1,1,0,5,1,2,2,1,1,2,0,0,0
0,0,0,0,0,0,0,0,0,0,0,0,6,8
1,0,1,1,0,0,1,0,1,1,0,1,3,2
0,0,0,0,1,1,2,1,2,0,0,0,0,0
1,1,2,1,6,3,1,1,1,3,1,0,0,0
2,0,0,2,1,0,0,3,0,2,0,0,0,5
1,0,1,4,3,3,2,1,0,5,1,0,0,0
1,0,1,4,1,1,2,2,0,0,0,0,0,0
0,0,0,0,3,2,1,2,3,4,1,0,0,5
0,1,1,3,0,2,0,1,2,10,3,2,4,4
2,0,1,2,1,5,1,2,1,2,1,2,10,14
0,1,0,1,1,2,1,0,0,0,0,0,0,0
2,1,0,1,0,1,0,0,0,2,0,1,0,10
1,0,2,4,2,0,0,0,0,0,0,0,0,0
0,0,1,2,4,1,1,1,1,0,0,0,0,0
1,0,1,1,1,2,1,0,0,0,0,0,0,0
0,0,0,0,0,2,0,1,1,2,1,0,0,0
0,0,1,0,0,1,0,1,1,2,0,4,0,9
3,1,0,0,3,5,4,2,2,3,2,0,0,0
3,0,0,2,2,1,2,1,3,1,1,0,0,0
1,1,0,2,1,1,0,0,2,4,1,3,5,8
1,0,1,0,2,3,0,1,0,5,2,0,0,0
0,0,0,0,2,2,2,0,0,0,0,0,0,0
0,0,0,2,2,0,0,2,1,1,1,0,0,0
0,0,4,0,0,4,1,0,0,0,0,0,0,0
0,2,0,5,16,6,7,12,9,13,5,7,11,23
7,6,5,9,11,14,6,16,9,14,4,2,7,6
0,2,3,3,4,4,2,4,5,10,3,1,9,13
0,1,1,1,1,0,0,2,2,2,1,0,0,0
1,0,0,0,2,0,1,0,0,2,1,1,1,1
3,1,1,2,3,5,1,0,0,0,0,0,0,0
10,3,3,7,9,8,4,10,5,8,2,3,1,5
0,0,0,0,1,0,0,3,2,4,2,1,1,9
1,1,2,2,2,3,3,0,3,5,2,1,1,15
3,0,0,1,1,3,1,2,2,0,0,0,0,0
0,0,0,0,0,0,0,0,1,0,0,1,0,10
0,0,0,1,0,4,0,0,3,4,2,2,3,3
0,0,0,0,1,0,0,1,0,1,0,2,1,2
2,0,1,5,5,3,2,3,5,2,0,3,2,1
2,0,0,0,0,0,0,1,2,0,1,1,0,11
7,5,8,6,10,10,3,7,7,5,4,3,2,6
0,2,8,11,13,11,0,0,0,18,7,0,0,0
1,0,0,1,1,1,1,2,1,1,1,0,0,0
0,0,0,0,1,0,1,1,2,2,2,2,4,18
0,0,0,0,0,0,0,0,0,0,1,0,2,6
0,0,1,1,3,2,0,0,0,0,0,0,0,0
7,0,1,2,4,3,2,2,6,9,1,3,4,9
3,1,1,1,0,1,2,3,0,0,0,3,5,15
0,1,0,1,1,1,0,1,0,2,0,0,1,6
1,2,1,0,2,2,0,5,1,0,0,0,0,0
0,0,1,1,1,2,0,1,4,1,1,0,0,0
0,0,0,0,0,0,0,0,0,0,0,1,2,12
0,0,0,1,1,3,3,6,1,9,3,1,0,9
0,0,1,1,1,2,1,0,0,0,0,0,0,0
1,0,0,1,3,1,0,3,3,0,0,0,0,0
1,0,0,2,4,1,1,0,0,0,0,0,0,0
2,0,1,1,3,1,2,0,0,0,0,0,0,0
0,0,0,2,1,1,1,1,0,2,0,0,2,4
2,1,1,2,1,1,1,0,0,0,0,0,0,0
8,0,3,3,7,8,5,4,3,8,5,3,6,11
1,0,0,1,5,1,1,0,0,0,0,0,0,0
2,2,2,3,7,3,1,8,3,10,2,2,1,13
0,1,1,0,2,2,0,0,0,1,0,3,5,14
0,2,1,2,1,1,4,3,2,4,2,0,0,0
1,0,0,1,0,1,0,0,0,5,1,0,0,0
0,1,1,1,1,1,0,0,0,0,0,0,0,0
2,1,1,0,2,1,3,3,3,7,1,1,3,5
1,0,1,1,1,1,2,0,0,0,0,0,0,0
0,0,1,0,2,1,1,2,0,0,0,0,0,0
4,3,1,3,3,1,0,0,1,4,2,0,0,0
2,0,0,1,4,0,0,0,0,0,0,0,0,0
0,0,0,0,5,2,1,6,5,7,1,0,0,0
2,0,4,8,5,7,4,3,2,5,4,1,2,4
2,1,0,1,1,2,2,2,1,0,1,1,3,9
2,1,2,2,0,0,0,3,2,5,3,2,2,9
1,1,1,3,2,1,1,2,2,0,0,0,0,0
0,0,0,1,2,2,1,0,0,0,0,0,0,0
0,0,0,1,0,0,0,0,1,3,2,0,0,0
0,0,0,3,1,0,0,0,0,1,0,0,0,5
0,0,0,0,0,0,1,2,1,1,0,0,2,6
2,0,0,0,2,0,0,1,1,2,2,0,0,0
0,0,0,1,0,0,0,0,0,5,1,2,1,10
1,1,0,3,1,2,2,0,0,0,0,0,0,0
1,1,0,2,2,3,1,9,1,7,2,1,4,7
0,0,0,2,3,2,0,0,2,2,1,0,0,0
0,1,0,1,5,1,2,2,0,1,2,2,1,2
2,1,0,2,1,2,1,0,0,0,0,0,0,0
3,4,3,5,3,13,5,4,10,25,5,6,10,19
0,0,0,1,2,1,1,0,0,0,0,0,0,0
1,1,0,1,1,2,0,0,0,1,1,3,1,3
1,0,0,0,0,1,0,0,0,3,1,0,2,10
0,1,1,3,4,2,1,0,1,1,0,0,2,3
0,0,0,3,1,3,1,1,0,3,0,1,3,11
1,0,0,1,1,4,1,1,0,4,1,1,1,1
0,0,1,1,2,2,0,0,0,0,0,0,0,0
2,1,1,1,0,0,0,0,0,0,0,0,0,0
0,0,0,0,0,0,0,0,0,0,0,0,0,5
0,1,0,0,4,5,0,6,1,15,4,1,2,6
7,2,0,1,5,1,0,1,2,1,3,0,1,4
1,2,0,0,1,0,2,1,0,4,1,0,0,0
0,0,0,1,0,0,0,1,0,3,2,0,0,0
2,0,2,1,1,3,0,3,3,3,2,0,0,0
2,0,0,0,0,1,1,2,1,3,2,0,0,0
0,2,1,4,7,4,1,5,2,6,2,2,0,12
1,0,0,1,1,2,0,1,1,2,1,0,0,0
2,3,1,2,2,4,2,3,2,3,5,1,6,11
0,1,2,1,0,5,1,1,2,3,2,1,1,7
0,1,1,0,2,1,2,3,3,5,1,2,1,5
1,1,0,1,1,2,0,0,2,4,1,0,0,0
4,0,1,1,2,2,0,2,0,4,1,0,0,0
1,0,0,0,0,0,0,3,0,6,2,5,11,26
1,1,0,3,3,5,5,7,1,10,1,2,1,6
0,0,0,1,1,2,1,1,1,0,0,1,2,5
2,1,0,4,2,9,2,10,7,13,2,4,9,18
0,1,0,1,4,1,1,1,0,3,2,0,0,0
1,0,1,0,3,3,1,1,1,0,0,0,0,0
3,1,1,1,2,1,1,0,0,0,0,0,0,0
1,0,0,0,3,1,1,0,0,1,0,0,1,19
0,0,0,1,1,2,1,1,1,0,0,0,0,0
2,0,3,3,1,3,0,3,1,3,3,0,0,0
2,1,0,1,2,1,0,3,2,1,0,2,1,2
1,1,0,0,2,0,0,0,3,0,2,1,0,5
1,1,0,0,2,2,2,0,1,0,2,1,2,8
2,1,3,1,2,4,2,4,5,5,0,2,2,6
1,0,0,0,1,0,0,0,2,2,1,0,0,0
0,1,0,0,1,1,0,3,1,0,0,0,1,4
3,1,1,5,2,2,2,2,0,3,0,3,1,5
0,1,0,0,2,1,3,0,0,0,0,0,0,0
0,0,0,1,2,3,2,1,1,0,0,0,0,0
9,6,8,13,21,11,8,10,11,16,7,3,4,22
0,1,0,0,0,1,1,3,3,1,0,0,1,4
0,0,0,0,0,0,0,1,0,0,0,1,0,8
1,0,0,0,0,4,1,2,1,1,1,0,0,0
0,0,0,1,2,0,1,2,1,1,1,0,0,0
0,0,0,2,3,2,1,0,0,0,0,0,0,0
0,0,0,1,0,0,1,4,1,1,1,0,0,0
5,3,4,7,11,8,3,6,4,9,4,2,5,6
1,0,0,1,4,1,0,0,0,0,0,0,0,0
1,0,1,0,0,0,2,2,1,0,0,1,2,7
1,0,0,0,0,0,0,2,0,0,0,1,3,7
4,0,0,0,0,0,2,2,1,1,1,1,1,2
2,0,0,1,2,4,1,3,1,2,3,0,0,0
0,0,0,0,0,0,0,0,0,0,0,0,1,7
1,0,0,1,2,2,1,0,0,0,0,0,0,0
2,0,1,0,0,0,0,1,3,1,1,0,0,0
0,1,0,0,2,2,0,3,1,3,0,1,3,3
1,2,0,1,0,0,1,1,1,1,2,0,0,0
1,0,5,1,3,2,1,7,6,13,3,3,6,11
1,1,1,1,1,1,1,0,0,5,3,0,0,0
1,1,1,0,0,0,2,0,3,1,1,0,0,0
1,2,2,4,10,4,5,4,5,8,1,2,4,6
0,0,0,2,0,2,0,3,1,1,1,0,0,0
2,1,1,1,2,2,3,0,0,0,0,0,0,0
5,4,0,5,11,6,6,7,3,6,0,0,3,3
2,1,2,2,0,2,0,10,11,9,6,5,14,22
0,0,0,0,0,0,0,1,1,3,1,1,3,11
3,3,2,4,5,7,5,5,4,5,6,2,1,4
0,0,1,1,4,3,3,2,1,5,2,1,6,10
1,0,0,1,0,2,0,0,1,2,1,1,2,1
3,1,3,2,3,4,0,1,2,5,0,2,8,11
0,1,1,4,3,2,3,3,3,5,1,1,1,1
0,0,0,0,1,1,1,2,0,0,0,0,0,0
0,0,0,3,1,1,1,0,0,0,0,0,0,0
2,1,0,0,2,1,1,1,0,0,0,0,0,0
1,0,1,1,2,1,1,1,0,0,0,0,0,0
0,0,0,1,1,2,1,0,0,0,0,0,0,0
0,3,1,1,0,0,0,0,0,0,0,0,0,0
0,0,0,0,0,0,0,2,0,2,0,1,3,5
1,1,0,0,0,5,0,0,0,0,0,0,0,0
7,2,10,11,20,20,7,20,5,12,3,7,6,18
0,1,0,0,4,2,0,1,1,2,0,1,6,13
0,2,0,0,0,0,0,1,0,1,0,1,3,12
1,0,0,1,0,5,0,0,1,1,0,0,1,8
1,0,1,0,3,2,0,5,1,4,2,0,0,0
16,6,7,18,37,36,11,26,17,35,10,10,10,20
1,1,0,4,8,5,3,5,4,16,5,3,4,11
0,0,1,0,0,1,0,1,0,1,1,0,0,10
0,0,0,2,1,2,0,0,0,0,0,0,0,0
0,0,0,0,1,1,0,2,3,0,0,0,0,0
5,1,0,4,3,2,2,0,5,0,0,0,0,0
1,0,1,3,1,2,0,0,0,0,0,0,0,0
0,0,0,0,1,2,2,3,1,2,2,0,0,0
0,0,0,0,3,2,1,1,2,1,1,0,0,0
2,3,1,0,1,2,3,0,1,1,4,1,0,5
2,0,1,1,0,2,0,0,1,1,0,0,3,3
1,0,0,0,0,0,0,2,3,0,1,0,4,22
0,0,1,0,1,3,0,1,1,2,1,0,0,0
1,0,0,0,0,0,0,1,1,1,3,0,0,0
0,1,1,0,3,3,0,0,0,0,0,0,0,0
1,0,1,1,2,0,0,0,2,0,1,2,1,1
1,1,1,2,3,1,1,1,1,0,0,0,0,0
2,0,3,0,1,0,0,1,2,1,2,0,0,0
0,1,0,1,4,2,1,3,0,0,0,0,0,0
0,1,0,0,1,4,1,3,0,0,0,0,0,0
0,0,0,0,0,1,1,1,1,1,1,0,0,0
0,0,0,0,1,0,0,1,1,2,1,0,0,0
0,0,0,2,2,4,2,4,1,3,3,1,1,4
4,1,6,1,3,5,2,5,3,5,1,1,1,4
2,0,0,1,1,1,2,0,0,0,0,0,0,0
1,1,1,4,2,2,5,3,1,6,1,0,1,5
5,5,4,8,7,10,4,2,7,11,0,3,3,7
2,0,0,1,0,0,0,2,1,3,1,0,0,0
0,0,0,1,1,1,1,1,1,4,1,2,0,5
0,1,0,1,2,1,0,2,0,6,1,0,0,0
5,1,0,4,5,5,1,1,1,0,0,0,0,0
0,0,0,2,1,3,0,3,1,1,1,0,0,0
0,0,0,1,1,1,1,1,2,3,1,0,0,0
0,0,0,0,2,1,0,1,1,1,3,0,0,0
4,1,1,0,0,0,0,0,0,0,0,0,0,0
0,0,2,0,2,2,2,4,1,4,0,2,3,8
0,0,0,0,0,0,0,0,0,0,0,0,2,4
0,0,0,0,2,2,0,2,1,3,0,1,2,2
2,1,0,1,2,0,0,2,3,0,0,0,0,0
0,0,0,0,0,0,0,1,0,1,0,0,0,6
4,1,5,5,7,3,1,8,4,8,1,1,1,5
0,0,0,1,2,1,0,3,3,0,0,0,0,0
0,0,1,0,0,0,1,0,0,3,3,0,0,0
0,0,0,1,1,1,3,0,0,0,0,0,0,0
0,0,1,0,0,0,0,3,0,0,1,0,3,14
2,0,1,0,2,1,2,0,0,0,0,0,0,0
0,1,0,1,2,1,1,0,2,4,0,0,4,13
0,0,0,0,0,0,0,0,0,0,0,1,1,6
0,0,0,0,0,0,0,4,1,1,1,0,0,0
0,3,0,7,0,0,0,3,2,2,0,0,1,5
2,0,0,0,1,0,0,1,0,2,0,1,1,3
0,0,3,0,1,5,0,4,3,10,3,1,3,12
0,0,0,1,1,1,2,2,1,1,1,0,0,0
0,0,1,1,2,4,1,0,0,0,0,0,0,0
0,0,0,0,3,3,0,0,0,0,0,0,0,0
0,0,1,0,1,1,0,1,1,3,3,0,0,0
1,1,1,6,6,2,3,0,4,3,2,2,4,7
0,0,1,0,2,0,1,1,1,3,1,0,0,0
1,0,0,2,1,2,0,0,0,0,0,0,0,0
1,0,1,1,2,1,1,1,1,2,1,0,0,0
2,1,0,1,2,2,1,3,1,2,1,0,0,0
1,0,2,1,5,2,3,4,2,11,1,1,2,10
2,1,1,1,0,2,1,2,0,0,0,0,0,0
0,0,0,0,1,1,0,0,0,3,0,1,2,2
1,1,0,2,3,2,2,1,0,0,0,0,0,0
4,1,0,0,4,5,2,10,11,9,2,6,8,20
0,0,1,1,1,2,1,2,3,0,0,0,0,0
0,0,1,1,1,3,0,2,0,1,0,0,2,4
0,0,0,2,2,2,0,0,2,2,1,0,0,0
1,0,0,0,0,1,0,2,0,1,1,1,4,2
0,1,1,1,1,1,0,0,0,0,0,0,0,0
0,1,0,4,2,1,1,0,0,0,0,0,0,0
1,0,0,0,1,0,1,1,0,2,3,0,0,0
1,0,0,1,0,1,2,0,1,2,2,0,0,0
0,0,0,0,0,0,0,1,1,2,1,0,2,6
0,1,0,0,1,1,0,1,1,2,0,2,2,13
1,0,0,2,2,0,0,0,0,5,1,0,0,0
2,1,0,0,2,1,2,1,1,0,0,0,0,0
3,0,4,1,3,9,0,2,0,2,1,3,1,2
1,0,0,0,0,0,0,0,0,2,0,1,3,7
0,1,0,1,1,0,0,1,2,3,0,1,5,15
3,0,2,1,2,5,1,1,0,2,0,0,2,4
3,1,3,5,9,16,7,26,17,45,13,12,11,22
6,1,2,5,4,8,5,3,2,5,4,7,1,5
3,2,0,0,0,0,0,0,0,0,0,0,0,0
0,0,0,1,2,0,2,2,1,3,2,2,2,4
3,0,0,1,2,2,3,2,3,3,1,0,0,0
2,2,1,1,3,2,0,0,0,1,0,0,2,3
1,1,0,0,2,0,2,1,2,0,0,0,0,0
0,1,0,1,1,3,0,0,0,0,0,0,0,0
1,0,3,0,1,2,3,1,2,2,0,1,6,16
0,0,0,0,0,0,0,0,1,0,0,1,1,5
5,0,0,4,2,8,6,5,1,6,1,0,1,9
1,0,1,5,1,2,0,0,0,0,0,0,0,0
0,0,1,1,1,1,0,0,1,3,1,0,0,0
3,1,1,3,5,1,2,0,3,6,2,1,2,1
1,1,0,1,1,0,0,1,2,0,0,1,3,7
0,0,0,1,2,0,0,1,1,0,1,0,5,4
1,1,0,2,0,2,1,4,0,2,3,0,0,0
4,2,2,2,2,1,1,2,0,0,0,0,0,0
2,0,3,5,6,2,2,4,0,5,2,1,4,2
1,1,0,0,3,1,2,0,0,0,0,0,0,0
3,0,2,4,6,7,3,6,5,0,0,3,1,3
0,1,0,0,2,3,1,3,0,0,0,0,0,0
3,0,0,1,3,1,0,2,1,1,1,0,0,0
7,2,3,6,8,2,3,3,6,3,1,3,1,5
2,0,0,2,2,1,1,2,4,5,0,1,3,11
1,0,0,0,1,2,0,1,2,2,1,0,0,0
0,1,0,0,0,1,0,1,0,1,1,0,1,4
1,0,2,1,3,3,1,2,3,6,0,1,2,4
0,0,1,0,2,2,1,4,2,12,6,1,4,8
1,0,0,2,1,0,1,3,2,13,0,4,6,23
2,2,0,1,6,1,2,1,1,0,0,0,0,0
0,1,1,2,1,3,1,2,2,2,2,0,0,5
3,1,2,1,2,1,2,0,0,0,0,0,0,0
2,0,0,1,0,0,1,1,1,0,1,1,1,2
2,1,0,0,2,2,1,0,0,0,0,0,0,0
1,0,0,1,0,0,0,0,0,1,0,1,2,3
0,1,1,0,1,1,0,0,1,2,1,0,2,9
1,0,0,1,0,1,0,1,0,3,2,0,0,0
0,0,1,2,3,2,0,3,1,3,1,0,0,0
1,1,1,3,0,1,2,1,1,1,3,0,0,0
0,1,1,0,1,2,1,1,0,0,0,1,3,13
2,0,0,3,3,3,0,1,0,5,2,0,0,0
2,1,1,1,3,1,1,0,1,2,2,1,2,1
1,0,3,0,3,1,0,4,1,0,0,0,0,0
0,0,1,1,1,4,0,2,2,1,1,0,0,0
5,0,0,0,0,0,0,0,0,0,0,0,0,0
0,0,1,1,2,2,0,0,0,0,0,0,0,0
1,0,1,3,0,1,0,1,3,1,1,0,0,0
1,0,0,1,3,2,0,1,1,2,2,0,0,0
2,1,1,2,1,0,0,0,0,0,0,0,0,0
2,0,0,0,1,3,2,2,0,4,0,2,1,4
1,0,0,0,3,6,1,2,1,3,2,0,0,0
10,5,2,7,6,10,8,12,6,9,4,2,2,5
0,0,0,0,0,0,0,0,0,0,0,0,0,10
3,1,0,1,1,1,2,2,0,0,0,0,0,0
3,0,0,0,2,0,1,2,1,1,2,0,0,0
1,1,0,1,1,2,0,1,1,4,1,0,0,0
0,0,0,0,2,0,0,0,0,1,0,1,2,10
0,1,0,0,0,0,0,0,0,1,2,1,1,6
2,0,3,2,1,5,3,2,3,6,4,0,4,8
0,2,2,2,0,2,4,1,1,3,1,0,0,0
1,0,0,0,2,1,0,2,1,1,2,0,0,0
0,0,0,1,0,4,1,0,0,0,0,0,0,0
0,0,0,0,3,2,0,0,0,0,0,0,0,0
2,0,0,0,0,1,0,2,1,4,1,0,2,5
0,1,0,0,1,2,3,0,4,1,1,0,0,0
1,1,1,1,1,3,1,1,0,2,3,0,0,0
1,1,1,4,0,0,0,0,0,0,0,0,0,0
0,0,1,0,1,5,2,0,0,0,0,0,0,0
1,1,2,0,2,3,2,2,1,7,1,2,8,14
3,2,1,5,4,1,0,5,4,2,1,0,0,0
0,1,0,1,1,3,0,0,0,0,0,0,0,0
2,0,3,0,5,4,0,4,2,2,2,0,0,0
1,2,1,2,0,0,0,0,0,0,0,0,0,0
1,0,1,2,2,3,2,1,0,0,0,0,0,0
1,0,0,0,1,1,0,0,1,0,1,2,6,14
1,1,2,3,6,4,0,1,3,6,2,0,2,4
4,1,3,7,2,5,2,7,7,7,3,0,0,0
0,0,0,0,1,1,0,1,1,1,2,0,0,0
0,0,0,0,0,0,0,0,0,0,0,0,1,5
3,1,3,1,5,0,1,0,0,0,1,0,0,5
0,0,0,1,2,1,3,2,1,0,0,0,0,0
0,0,1,1,3,0,1,0,1,2,2,0,0,0
0,1,0,0,0,2,1,0,3,3,1,4,8,19
2,1,2,1,4,2,2,2,2,3,1,1,1,3
0,0,1,1,0,1,0,2,0,4,1,0,0,0
1,1,1,1,1,2,0,1,2,2,2,1,1,3
0,0,0,0,3,2,0,0,0,0,0,0,0,0
0,1,0,2,2,1,0,0,0,0,0,0,0,0
1,0,0,0,1,0,1,1,2,1,4,0,0,0
0,2,2,4,2,5,3,4,1,4,1,0,0,0
1,0,0,0,0,0,0,1,3,2,0,2,2,9
0,0,1,1,2,1,0,0,0,0,0,0,0,0
0,0,2,1,3,1,0,1,0,1,1,1,4,9
1,0,0,5,2,1,3,5,3,4,2,2,1,9
1,0,0,0,1,0,0,0,0,2,0,0,1,7
2,0,0,1,1,0,0,1,2,2,1,0,0,0
4,2,1,3,4,5,4,11,13,13,5,10,17,21
0,0,0,2,0,0,0,2,1,1,1,0,0,0
1,0,0,1,0,3,0,0,1,2,3,0,0,0
0,2,0,2,6,9,9,12,12,27,9,3,8,17
0,1,0,0,0,0,0,0,0,3,0,3,5,16
0,2,1,2,1,2,0,1,2,2,1,2,5,16
0,0,0,0,2,3,0,1,3,7,3,2,1,9
0,1,0,0,0,0,1,5,0,3,2,0,0,0
2,0,2,1,1,3,0,2,2,2,1,0,0,0
0,0,1,0,5,0,2,4,1,2,1,0,0,0
0,0,0,1,1,1,3,0,0,0,0,0,0,0
0,0,0,1,0,0,0,0,2,2,1,0,0,0
0,2,0,0,0,1,0,2,2,3,1,0,0,0
2,1,0,0,5,1,0,3,3,0,0,0,0,0
3,4,0,8,9,11,6,11,3,6,1,5,5,17
1,2,1,1,0,0,0,1,1,3,2,1,2,4
1,0,4,0,2,4,1,0,1,1,2,2,2,1
2,1,0,0,2,3,2,2,8,4,2,0,0,0
3,1,1,1,0,1,0,0,0,2,3,0,0,0
0,0,1,0,0,6,2,0,0,3,2,0,0,0
2,0,2,5,2,3,0,3,0,1,1,3,1,4
1,1,0,0,2,1,2,0,0,0,0,0,0,0
1,1,0,0,0,0,0,0,0,0,0,0,5,13
0,1,0,2,3,2,0,0,0,0,0,0,0,0
2,2,0,3,6,1,3,3,0,4,4,1,1,10
0,0,0,0,0,0,0,0,0,0,0,0,4,1
1,0,0,2,0,2,1,1,2,1,0,1,0,5
0,1,1,2,0,3,2,7,5,6,3,3,3,6
0,0,0,0,0,0,0,1,0,4,1,2,4,17
3,1,1,0,0,0,0,0,0,0,0,0,0,0
0,1,1,2,5,5,1,2,0,2,2,1,1,1
5,0,3,5,3,0,0,2,1,3,2,0,0,0
0,1,1,2,3,2,2,0,1,3,1,0,0,0
3,2,3,5,3,6,2,10,5,7,2,3,4,5
1,0,0,1,0,0,0,1,3,4,0,1,2,5
1,0,0,1,0,0,0,0,1,3,1,0,0,0
0,0,0,0,0,4,2,3,1,4,1,1,1,7
3,0,0,1,6,1,1,0,0,0,0,0,0,0
6,3,2,3,4,5,3,1,2,3,1,0,0,0
0,2,0,1,3,4,1,4,2,4,3,0,0,0
0,0,2,5,5,5,5,9,9,21,2,4,7,18
1,0,3,1,2,0,1,1,0,4,2,4,3,9
0,0,0,0,0,0,0,1,1,1,2,0,0,0
0,0,0,0,0,0,0,0,1,0,0,2,1,13
6,2,2,4,13,10,4,5,5,6,2,4,3,1
1,0,0,1,3,0,1,4,4,5,5,6,4,6
1,1,0,1,5,1,2,2,4,3,1,2,1,2
4,4,0,2,9,4,7,17,7,10,4,5,17,11
0,0,0,2,0,0,1,1,1,0,0,2,4,19
0,0,0,1,2,4,0,0,0,0,0,0,0,0
0,0,1,1,0,2,3,0,1,2,0,2,1,2
1,0,0,0,3,0,0,3,3,2,1,0,0,0
2,1,2,2,3,0,0,3,1,2,1,0,0,0
1,2,1,2,7,4,1,3,6,12,5,5,3,8
0,0,1,0,2,2,0,1,2,1,1,0,0,0
1,0,3,0,1,2,0,1,3,2,2,0,0,0
1,0,1,2,2,1,0,1,1,3,1,0,0,0
13,4,4,17,21,21,4,14,9,17,3,5,2,17
0,1,0,3,3,5,2,9,0,16,3,2,5,15
1,0,0,2,3,3,3,2,1,1,1,0,0,0
0,0,0,0,1,2,1,1,1,0,0,0,0,0
0,1,1,1,2,3,0,0,0,0,0,0,0,0
2,2,1,4,1,6,3,7,4,7,3,6,3,14
0,0,0,0,0,2,2,2,0,0,0,0,0,0
0,0,0,0,0,1,1,3,2,0,0,0,0,0
17,3,11,13,19,21,9,19,9,26,9,6,5,17
2,3,0,2,2,1,0,2,1,2,1,0,0,0
2,0,0,1,1,1,3,0,0,0,0,0,0,0
4,2,1,1,2,6,1,1,1,5,1,1,2,6
0,1,0,0,1,2,0,3,1,3,1,0,0,0
0,0,1,0,2,2,1,0,0,0,0,0,0,0
1,0,1,1,1,2,1,0,0,0,0,0,0,0
2,0,0,1,1,7,2,1,2,2,0,1,1,5
0,0,0,0,0,1,0,3,1,2,1,0,0,0
0,0,1,0,1,0,1,0,0,7,3,0,0,0
1,0,1,2,3,1,1,0,0,3,0,0,1,4
0,1,2,0,2,2,1,3,2,7,3,1,3,1
1,0,2,0,2,1,3,2,2,0,0,0,0,0
5,2,2,7,1,2,0,4,3,5,1,0,0,0
0,0,0,1,2,2,0,2,1,1,1,0,0,0
0,0,0,0,0,0,0,0,0,1,0,1,3,5
0,0,0,0,0,0,0,0,0,0,0,0,1,4
2,1,2,1,2,4,0,2,1,2,1,0,0,0
0,0,0,0,0,0,0,0,0,0,0,1,1,4
24,10,13,23,19,37,14,21,18,34,9,7,6,11
4,1,0,0,0,3,1,0,0,3,1,0,5,12
1,0,0,2,3,4,0,0,0,0,0,0,0,0
1,1,0,0,1,2,2,0,0,0,0,0,0,0
0,1,0,1,2,4,2,2,4,8,5,2,4,8
1,0,0,1,2,2,1,1,0,0,0,0,0,0
0,1,0,1,4,3,2,0,1,6,3,5,4,9
1,0,1,0,2,0,0,2,1,2,1,0,0,0
2,0,0,0,2,1,2,1,2,3,1,0,0,0
0,0,0,0,0,5,0,1,1,1,3,0,0,0
6,0,1,7,8,5,2,2,2,6,3,0,0,0
2,1,4,3,8,2,1,3,4,7,1,0,2,4
1,2,0,2,1,5,1,2,1,1,1,0,0,0
1,0,1,1,2,3,1,1,3,2,1,1,3,11
1,0,0,1,1,3,1,0,0,0,0,0,0,0
1,0,1,2,4,2,4,3,1,5,2,1,2,13
2,0,1,0,3,2,1,1,1,1,1,0,0,0
1,3,1,7,13,12,6,7,6,8,3,0,3,8
1,0,2,3,1,0,0,0,0,0,0,0,0,0
4,1,2,0,3,2,1,1,4,2,1,0,0,0
1,1,0,3,2,1,1,3,1,1,1,0,0,0
11,11,3,23,25,24,9,19,13,15,5,2,4,10
1,0,1,1,3,1,1,0,0,0,0,0,0,0
0,0,0,1,0,1,0,3,1,1,1,0,0,0
0,1,0,1,0,1,0,2,1,2,1,0,0,0
1,0,0,2,1,4,1,2,2,6,0,0,4,8
2,0,1,1,0,1,2,4,0,0,0,0,0,0
0,1,0,1,2,1,1,0,0,0,0,0,0,0
6,1,1,4,8,6,1,5,4,2,1,1,3,3
3,3,1,5,4,5,4,8,7,14,4,3,7,13
3,0,0,0,2,1,2,2,0,0,0,0,0,0
0,0,0,0,0,1,0,0,1,3,0,3,4,9
1,0,0,0,1,1,1,1,2,3,2,1,0,8
0,0,0,0,0,0,1,2,1,1,1,0,0,0
3,3,4,3,10,2,5,6,2,4,3,0,0,0
1,1,0,4,3,3,1,1,2,0,0,0,0,0
1,0,2,1,2,1,3,1,0,0,0,0,0,0
2,0,1,0,1,3,0,2,0,3,2,0,0,0
0,0,0,0,2,0,2,3,1,3,0,1,2,3
1,0,1,0,0,3,1,2,1,4,2,0,0,0
0,0,0,1,2,3,1,4,4,5,2,3,1,4
5,1,2,8,7,9,4,2,2,3,2,4,3,6
0,0,0,0,1,2,1,2,0,0,0,0,0,0
0,0,1,1,3,4,3,7,3,5,0,1,0,6
0,0,2,0,2,3,1,0,0,3,0,1,2,3
3,2,4,2,9,6,2,2,2,5,1,1,0,5
1,0,0,2,1,2,1,0,0,0,0,0,0,0
3,1,3,2,3,0,1,3,1,2,4,0,0,0
0,0,3,1,1,0,0,0,0,0,0,0,0,0
0,0,0,1,3,3,1,5,4,5,3,1,1,6
2,0,0,0,1,0,0,0,0,0,1,0,3,5
3,0,1,2,3,5,3,2,1,6,1,1,1,2
3,2,1,3,0,4,0,3,3,4,1,0,0,0
1,0,1,1,3,1,1,0,0,0,0,0,0,0
0,1,1,1,1,2,1,3,2,0,0,0,0,0
20,3,7,16,17,22,6,18,13,20,5,4,4,19
0,0,0,0,0,0,0,0,0,2,0,0,1,4
0,0,0,0,1,0,0,0,0,2,2,0,2,7
1,2,1,2,1,2,3,3,0,2,1,2,2,1
3,1,3,8,3,5,2,8,2,1,1,0,0,0
2,1,0,0,1,1,0,0,3,1,1,0,0,0
1,1,0,0,1,2,0,0,1,3,1,0,0,0
3,1,4,6,11,5,2,7,5,11,2,3,1,12
1,1,0,0,0,1,0,2,1,0,2,1,0,5
1,0,0,0,3,2,1,1,1,0,0,0,0,0
2,1,0,1,8,0,2,1,2,2,2,0,0,0
0,0,0,1,4,3,1,2,0,0,0,0,0,0
0,0,0,0,2,1,0,1,4,2,2,0,0,0
3,3,2,2,5,3,1,4,2,7,1,1,2,4
2,0,1,0,2,3,1,3,2,2,3,0,0,0
0,0,0,1,1,1,1,0,1,3,1,0,0,0
1,1,2,0,0,0,1,4,0,2,0,2,1,17
0,1,3,2,3,1,0,0,0,0,0,0,0,0
0,0,0,0,0,0,0,0,1,0,0,0,4,8
0,2,1,3,2,1,1,3,0,6,2,0,0,0
4,2,0,2,2,1,0,1,1,1,6,4,3,8
11,1,1,9,9,3,3,6,6,14,5,5,5,12
1,0,0,1,4,1,0,2,0,0,1,0,0,5
3,2,0,2,5,3,1,5,1,3,1,2,5,17
1,0,0,0,1,0,1,1,2,1,1,0,0,0
0,0,0,2,0,1,1,0,0,3,2,4,4,1
2,0,1,2,0,1,0,4,5,5,2,2,1,2
0,1,2,2,3,2,2,8,4,13,3,3,7,10
0,1,0,2,3,5,1,2,1,0,0,0,0,0
2,2,0,2,5,8,2,4,2,2,2,0,0,0
3,0,1,2,3,3,0,0,0,0,0,0,0,0
1,1,3,0,3,1,0,0,1,3,1,0,0,0
1,1,1,2,0,4,3,0,0,0,0,0,0,0
0,0,3,1,2,0,4,4,3,13,1,0,0,0
3,0,3,1,5,5,1,4,1,3,3,3,1,1
23,6,3,22,32,19,13,21,15,20,5,3,9,10
0,0,0,0,0,1,0,0,1,4,2,0,0,0
2,0,2,2,5,3,2,3,2,4,1,1,2,2
2,2,0,1,2,3,2,1,2,4,7,3,6,6
0,0,0,0,0,0,0,0,0,1,1,0,3,10
2,2,1,0,0,2,2,3,0,0,0,1,2,3
0,0,0,1,2,6,0,0,0,0,0,0,0,0
0,0,0,0,2,1,0,1,2,1,0,0,2,9
1,0,2,0,1,0,0,2,0,3,2,0,0,0
1,0,1,1,1,2,1,1,0,6,0,2,2,1
1,1,0,2,1,2,2,2,0,0,0,0,0,0
2,0,2,5,3,2,0,2,2,0,1,1,1,3
1,0,1,0,5,2,2,2,1,4,1,0,0,0
1,0,2,0,0,0,1,1,1,6,1,0,0,0
0,0,0,1,0,2,1,2,0,3,2,0,0,0
0,0,0,0,0,0,0,0,0,0,0,0,1,4
2,1,1,2,1,4,0,0,0,0,0,0,0,0
0,0,0,0,0,0,0,0,0,0,0,0,0,6
2,2,0,0,3,1,1,0,0,0,0,0,0,0
1,0,0,2,2,2,0,0,0,1,1,2,1,2
3,1,3,3,1,5,2,2,2,5,2,2,6,15
2,0,1,1,3,2,2,1,1,1,1,0,0,0
22,14,14,15,23,28,7,21,11,27,10,7,10,19
4,1,1,1,2,4,2,1,3,1,1,0,0,0
0,0,0,0,0,0,0,0,0,5,0,0,3,15
1,0,0,0,0,1,1,4,1,5,1,0,0,0
1,0,0,3,2,2,0,0,0,5,1,3,1,1
0,0,0,0,0,0,2,3,1,0,0,0,0,0
3,1,1,0,0,0,0,0,0,0,0,0,0,0
2,0,3,1,2,1,1,0,1,1,1,1,3,1
7,1,6,15,13,17,6,8,10,15,4,4,7,5
4,0,2,0,1,4,0,0,0,0,0,0,0,0
0,0,0,2,1,1,0,4,1,0,0,0,0,0
0,0,2,2,0,5,3,7,2,10,2,1,6,4
3,2,2,2,4,2,2,5,2,2,2,1,3,3
0,0,1,3,3,2,1,2,1,4,1,0,0,0
1,0,0,0,2,3,0,0,0,0,0,0,0,0
1,0,0,0,2,1,0,2,0,2,1,1,1,1
2,0,0,1,0,1,0,1,1,2,1,0,0,0
1,0,2,1,3,0,1,2,1,1,1,0,0,0
2,0,0,1,2,1,1,0,0,0,0,0,0,0
0,1,2,1,0,2,1,1,2,1,1,0,3,2
0,1,2,1,0,1,1,3,2,0,0,0,0,0
0,1,0,2,0,2,0,0,2,2,2,0,0,0
0,0,0,1,2,0,0,0,0,1,0,0,1,4
0,1,2,1,2,3,2,2,0,2,2,3,3,5
1,0,0,0,0,0,0,0,1,0,0,1,1,4
0,0,0,0,2,2,1,0,0,3,0,1,1,4
20,3,7,15,20,20,7,16,15,22,5,4,1,12
2,1,0,3,8,7,4,6,4,8,1,0,0,0
8,1,4,9,8,5,1,3,0,6,1,1,2,5
1,0,0,1,2,2,0,0,0,0,0,0,0,0
1,1,0,2,2,4,0,1,3,3,2,1,1,4
1,1,2,2,0,3,0,1,0,1,1,0,3,2
5,0,3,4,5,7,2,9,1,7,2,0,0,0
0,0,1,0,0,0,1,0,1,3,1,0,0,0
3,2,2,1,2,3,1,2,1,4,1,0,0,0
0,0,0,0,0,0,1,0,0,0,0,1,2,10
0,0,0,2,2,1,2,0,0,0,0,0,0,0
1,1,1,2,0,0,0,0,0,0,0,0,0,0
0,0,2,3,2,2,2,1,0,0,0,0,0,0
0,0,0,0,0,0,0,0,0,0,0,0,4,13
0,0,2,0,4,1,1,0,0,0,0,0,0,0
1,0,2,1,2,0,0,4,1,2,1,0,0,0
0,2,0,1,6,3,1,3,0,1,3,1,0,7
0,1,0,1,1,0,0,0,1,1,0,0,0,10
0,0,1,0,0,2,0,2,1,4,3,0,0,0
2,0,1,4,0,0,0,0,0,0,0,0,0,0
1,0,1,1,1,0,0,1,1,2,1,0,0,0
2,1,1,1,1,3,0,1,2,2,4,0,0,0
2,2,1,2,3,1,3,4,1,1,2,0,0,0
0,1,0,1,3,3,2,1,2,0,0,0,0,0
0,0,1,5,2,0,0,5,1,1,3,1,2,5
0,0,0,2,1,2,0,0,0,0,0,0,0,0
0,3,0,1,0,1,2,2,1,5,1,1,4,5
0,0,0,0,0,0,0,0,0,0,0,0,1,5
0,0,1,0,1,1,0,2,1,3,2,1,1,6
1,1,2,3,6,6,4,3,5,17,6,3,6,12
0,1,0,1,1,2,1,2,1,0,0,0,0,0
2,1,0,1,3,0,0,0,1,2,0,0,2,5
1,0,1,3,1,4,0,0,0,3,2,0,0,0
2,1,1,1,0,0,0,0,0,0,0,0,0,0
0,0,0,1,0,0,0,1,1,3,0,0,2,4
1,0,1,0,1,0,1,0,1,2,2,0,0,0
1,0,0,2,1,2,1,1,1,3,1,0,0,0
2,0,1,1,1,2,0,0,0,0,0,0,0,0
2,0,0,1,2,2,0,1,1,2,2,2,1,9
0,0,1,2,1,2,2,0,0,0,0,0,0,0
0,0,2,2,4,3,1,1,1,7,1,0,0,0
0,0,0,3,0,2,0,0,0,1,0,0,2,3
0,0,0,0,0,0,0,1,0,1,0,1,2,6
0,1,1,4,1,3,1,3,3,4,1,0,0,0
1,0,0,3,0,2,0,2,2,1,1,2,1,2
3,0,0,0,1,1,0,0,0,1,1,1,1,1
0,0,2,2,1,1,0,0,0,0,0,0,0,0
1,0,1,2,2,1,0,2,1,2,3,0,0,0
3,2,0,3,5,5,1,2,3,5,1,0,0,0
0,0,0,0,0,0,0,0,0,0,0,1,0,7
0,3,1,2,2,4,1,2,1,4,1,3,1,3
0,0,2,2,0,0,1,3,0,2,1,1,1,6
6,3,2,9,7,8,1,11,9,15,2,3,1,5
0,1,3,1,2,1,2,2,0,0,1,0,1,4
0,0,0,0,1,1,1,0,0,0,0,1,5,14
0,0,0,0,0,0,0,0,0,1,2,1,0,8
2,0,0,3,2,4,0,1,1,2,3,0,0,0
2,0,0,0,0,5,0,0,0,0,0,0,0,0
4,0,1,1,2,3,0,2,0,1,0,2,1,2
0,1,4,0,0,0,0,0,0,0,0,0,0,0
1,2,3,2,4,6,2,0,2,1,2,0,2,6
8,1,2,3,4,3,2,2,2,3,3,0,1,4
3,1,0,1,3,1,1,1,2,4,1,0,0,0
0,0,0,1,1,1,1,1,1,0,0,0,0,0
5,3,1,4,2,3,2,4,0,5,1,1,1,1
1,0,0,1,2,1,2,0,0,0,0,0,0,0
1,0,1,2,0,2,0,1,0,1,0,0,1,13
1,1,3,8,5,7,2,3,8,10,2,1,2,8
0,0,0,0,0,1,0,0,2,2,1,0,4,13
3,0,2,2,3,1,0,0,0,0,0,0,0,0
0,0,2,5,0,0,0,0,0,0,0,0,0,0
0,0,0,0,0,1,2,1,1,0,0,3,1,7
0,1,0,5,2,3,0,0,1,3,2,0,0,0
2,0,1,4,6,4,0,1,0,3,2,2,2,4
0,0,0,0,2,2,2,0,0,0,0,0,0,0
1,0,2,0,3,2,2,2,3,4,1,3,4,6
4,3,2,2,3,7,3,6,2,3,3,2,2,2
0,0,0,0,1,1,1,1,2,0,0,0,0,0
0,1,0,2,3,4,3,0,0,0,0,0,0,0
0,0,0,0,1,0,0,0,0,1,0,1,3,11
0,0,1,1,2,0,0,0,1,2,3,0,0,0
0,0,0,1,0,0,1,3,1,0,0,0,0,0
2,0,0,1,1,3,2,2,2,3,1,2,1,5
4,1,0,6,4,5,1,4,1,7,1,0,0,0
2,1,1,2,2,1,1,2,1,0,0,1,1,7
0,0,0,0,1,2,0,4,1,3,1,0,2,4
1,0,0,1,1,2,0,2,2,3,0,0,1,4
0,1,0,0,2,2,0,3,1,1,0,1,1,5
0,1,0,0,0,1,0,1,0,1,4,0,0,0
2,1,2,1,2,1,3,0,1,3,1,0,0,0
1,0,0,0,1,1,0,0,2,2,1,0,0,0
3,3,1,5,4,3,0,2,0,4,1,1,1,4
1,1,1,2,0,0,0,0,0,0,0,0,0,0
0,0,1,0,0,1,0,0,1,3,1,0,0,0
0,2,1,0,2,2,1,1,2,0,1,1,2,2
0,1,1,0,3,1,3,0,0,0,0,0,0,0
1,3,1,3,5,1,1,2,1,3,2,0,0,0
3,0,4,1,4,3,2,2,0,5,1,2,0,6
8,0,0,1,4,3,1,1,1,8,0,1,1,4
0,2,2,0,5,6,3,4,1,3,1,0,0,0
1,0,2,0,2,3,1,1,1,1,1,0,0,0
1,1,2,0,4,2,2,3,3,0,0,0,0,0
2,1,2,2,4,1,0,0,0,0,0,0,0,0
0,3,2,0,3,0,1,2,1,1,3,0,0,0
1,0,0,1,1,2,2,5,4,7,4,2,2,10
1,1,1,3,5,11,1,5,1,5,2,3,1,4
1,1,0,0,1,2,1,1,3,2,2,0,0,0
0,3,3,4,5,4,1,5,5,10,4,1,3,7
0,0,0,0,0,2,0,0,1,2,1,1,7,13
0,0,0,0,0,0,1,2,2,0,0,0,0,0
0,2,0,0,3,1,3,1,1,0,0,1,2,6
1,0,0,1,0,0,0,2,1,4,0,6,5,17
1,0,0,1,0,3,1,1,0,0,0,0,0,0
1,0,1,0,0,2,0,0,1,2,2,0,0,0
2,2,0,2,2,4,0,0,0,0,0,0,0,0
0,0,0,1,0,0,0,0,0,0,0,0,3,13
0,0,0,0,0,2,1,1,1,0,0,0,0,0
0,0,0,0,0,0,1,1,0,0,1,2,4,19
7,5,1,7,4,5,2,3,2,3,3,3,3,2
0,0,0,0,0,3,0,2,2,0,1,1,2,5
0,0,3,1,3,2,3,0,0,0,0,0,0,0
0,2,0,2,4,5,1,3,3,11,4,2,6,3
0,1,1,1,2,2,1,1,1,0,0,0,0,0
1,0,0,1,4,5,0,1,1,3,1,0,0,5
0,0,1,1,1,2,2,0,0,0,0,0,0,0
0,0,0,0,1,0,1,2,0,0,1,0,4,17
0,1,0,1,2,2,0,0,0,0,0,0,0,0
0,0,0,0,1,0,1,2,1,1,3,2,1,2
2,0,0,2,0,0,1,0,0,3,1,0,0,10
2,2,1,2,1,2,0,3,1,1,1,0,0,0
2,1,2,0,0,0,0,0,0,0,0,0,0,0
1,0,0,2,1,0,0,1,0,2,1,0,1,5
1,1,1,3,4,1,2,0,2,3,1,0,0,0
2,0,0,2,6,2,2,3,4,2,3,0,2,6
1,0,0,1,1,1,2,0,0,0,0,0,0,0
0,0,0,1,0,0,1,0,2,0,0,1,1,5
0,1,0,0,4,2,2,0,0,0,0,0,0,0
0,4,2,2,3,3,0,0,0,2,1,2,1,3
1,0,0,2,1,2,0,1,3,2,1,0,0,0
1,0,6,3,6,6,6,11,6,19,8,5,5,9
1,1,1,0,4,2,0,0,1,4,1,5,8,24
3,0,2,2,1,1,0,1,1,2,1,0,0,0
0,0,1,1,0,2,2,3,2,2,0,1,4,7
0,0,0,1,3,1,2,0,0,0,0,0,0,0
0,0,1,1,2,2,0,3,1,2,1,0,0,0
1,3,3,0,0,0,0,0,0,0,0,0,0,0
4,2,0,0,0,0,0,0,0,0,0,0,0,0
1,1,0,2,2,0,0,2,2,1,1,3,3,2
2,0,0,2,0,1,1,1,2,1,2,0,0,0
0,1,0,3,5,3,6,6,3,10,2,1,6,11
0,1,2,3,5,6,3,4,6,8,1,3,4,6
2,1,0,0,0,2,0,1,2,3,2,0,0,0
0,0,0,3,1,1,0,0,0,0,0,0,0,0
2,5,3,4,3,5,3,4,3,4,2,2,0,8
1,1,3,3,4,4,1,5,3,7,2,0,0,0
0,1,0,0,1,1,1,2,2,2,1,0,0,0
1,2,0,1,4,4,4,4,5,12,5,4,5,9
1,0,0,1,3,2,1,2,1,0,0,0,0,0
0,1,0,2,5,2,0,0,0,0,0,0,0,0
1,2,0,1,1,3,0,3,2,1,1,0,0,0
2,0,1,0,1,2,1,1,2,2,1,0,0,0
1,0,1,1,1,1,2,2,0,0,0,2,4,16
1,0,0,0,3,0,2,4,2,0,0,0,0,0
4,3,2,5,10,4,6,5,3,8,2,1,6,5
0,0,0,0,0,0,1,1,1,1,1,0,0,0
0,1,0,4,4,4,3,3,2,4,1,0,0,0
0,0,0,0,0,0,0,0,0,0,1,1,1,6
0,0,0,1,2,1,0,0,0,2,2,2,0,7
0,0,0,0,0,0,0,1,0,1,2,2,3,6
6,3,3,1,11,6,0,6,5,3,0,2,2,2
2,0,0,2,0,2,1,3,0,0,0,0,0,0
6,1,0,1,1,1,1,1,2,0,0,0,0,0
1,2,1,3,3,2,1,1,1,2,1,2,1,5
0,0,0,0,1,1,0,2,1,0,0,1,3,3
3,3,3,5,5,15,2,1,2,4,2,3,7,8
3,2,1,1,1,4,1,2,2,4,2,1,2,11
2,0,1,3,2,4,2,0,1,1,0,1,4,1
0,0,2,3,1,0,1,8,3,2,1,0,0,0
2,0,0,1,0,1,0,3,1,2,0,1,2,4
7,3,1,5,7,5,1,7,3,4,4,0,1,6
3,0,0,1,2,1,1,0,0,0,0,0,0,0
0,0,0,3,1,4,0,1,2,4,1,0,0,0
6,2,3,2,3,7,1,6,13,15,4,5,5,9
1,0,0,3,2,1,0,0,0,0,0,0,0,0
2,0,1,7,2,2,2,4,3,10,4,5,6,15
0,0,0,0,0,1,0,0,0,0,0,1,1,3
2,1,1,0,0,0,0,2,0,1,0,2,5,15
0,0,1,1,1,1,1,0,0,0,0,0,0,0
2,0,1,1,0,0,1,1,3,2,0,1,0,5
1,0,0,1,0,0,2,2,1,4,1,1,1,1
2,0,1,0,2,3,1,0,0,0,0,0,0,0
0,0,0,0,0,1,0,1,2,1,2,2,3,14
3,1,1,0,3,3,1,3,2,7,1,1,3,5
0,0,0,1,2,0,1,3,1,1,1,0,0,0
1,0,0,0,1,0,1,2,3,0,0,0,0,0
0,0,0,0,0,0,0,0,0,0,0,0,2,4
2,4,0,4,5,6,2,4,6,6,3,0,0,0
4,1,0,1,1,2,2,2,1,2,2,0,0,0
4,1,1,0,3,5,1,4,2,2,2,0,0,0
1,0,1,3,2,0,0,2,1,5,1,2,0,8
0,0,0,0,0,1,2,2,4,4,3,0,3,3
15,7,13,26,34,32,15,19,18,20,13,8,7,15
3,0,0,1,2,1,2,0,2,3,0,1,1,6
1,0,4,2,5,1,5,2,2,4,2,0,0,0
0,1,1,0,1,2,1,1,0,0,0,0,0,0
0,0,0,3,1,1,0,3,2,6,0,1,3,5
0,0,0,3,2,3,1,4,4,3,2,1,5,12
2,2,0,3,7,4,4,1,4,6,1,1,2,6
1,1,1,1,1,3,1,5,0,5,2,0,2,3
0,0,1,0,0,2,1,1,1,0,0,0,0,0
2,0,0,0,1,0,0,2,0,3,2,0,1,5
6,3,0,3,1,1,0,4,1,1,1,0,0,0
0,0,2,2,0,1,0,0,1,1,0,0,1,6
0,1,1,1,1,0,0,0,1,3,1,0,0,0
0,0,1,1,1,2,0,2,1,5,0,0,0,0
1,0,0,2,4,2,0,0,0,0,3,1,2,1
2,0,1,2,2,1,1,1,1,0,0,2,3,7
0,0,0,0,0,0,0,0,0,0,0,1,0,5
3,1,1,0,1,2,0,2,1,2,1,0,0,0
0,0,1,1,0,0,2,0,2,5,1,0,1,4
3,2,1,6,4,4,3,3,2,6,1,1,1,2
16,5,3,13,15,19,20,7,11,26,7,5,8,23
5,3,5,9,14,5,2,5,2,8,2,2,1,3
1,1,0,1,1,2,1,1,0,0,0,0,0,0
0,0,0,0,0,0,0,0,1,2,1,0,1,6
1,1,2,2,0,0,0,1,1,1,1,1,1,1
0,0,0,0,0,0,0,1,1,1,2,0,0,0
0,0,1,1,0,3,1,1,0,0,0,0,0,0
0,0,0,1,2,3,2,2,0,4,1,0,0,0
3,1,0,3,3,3,0,3,0,2,0,2,1,2
1,0,0,0,1,4,1,2,0,4,6,0,0,0
2,3,0,4,2,3,1,8,1,4,2,0,1,4
1,1,1,1,2,1,0,1,0,4,2,0,0,0
1,0,2,2,2,6,0,0,0,0,0,0,0,0
2,1,1,0,1,4,1,0,0,0,0,0,0,0
1,0,1,2,1,2,0,2,3,1,1,0,0,0
0,0,0,0,0,0,0,1,0,3,2,0,5,8
1,2,0,4,5,1,0,1,4,1,1,1,2,2
4,0,1,3,5,2,1,3,2,2,1,0,0,0
0,0,0,2,1,3,1,0,1,2,0,0,1,4
9,1,2,5,3,3,3,5,3,2,2,0,1,4
0,1,0,1,3,2,1,1,0,0,0,0,0,0
13,1,4,8,13,11,3,10,6,6,3,5,6,3
1,2,0,0,1,2,1,1,1,6,0,0,2,3
1,0,1,1,2,8,2,1,3,6,1,1,2,8
29,8,8,20,22,35,10,16,18,22,9,6,9,14
0,0,1,1,1,2,1,0,0,0,0,0,0,0
1,0,4,5,1,5,3,3,3,3,3,1,4,6
3,0,3,4,7,2,1,3,5,9,1,7,3,7
0,0,1,1,3,1,0,0,0,0,0,0,0,0
1,0,0,0,0,1,0,0,0,0,1,2,0,12
4,1,1,4,7,6,2,3,2,7,1,1,5,12
1,0,0,2,3,3,1,2,5,2,2,1,1,6
1,0,0,0,2,0,0,2,1,3,1,0,0,6
1,0,1,0,1,3,0,0,2,1,2,0,0,0
1,0,0,0,3,5,1,1,1,4,1,2,2,2
0,0,0,0,0,1,0,2,1,0,1,1,1,4
0,1,1,0,0,0,2,1,1,1,1,0,0,0
0,1,0,0,0,5,0,0,0,3,2,0,0,0
4,0,0,0,0,1,0,0,2,3,1,0,3,2
0,1,0,2,3,2,0,0,1,3,1,0,0,0
1,2,3,4,3,3,0,0,0,0,0,0,0,0
2,1,0,1,3,9,4,1,2,4,2,1,1,2
0,1,0,0,1,0,0,0,1,2,0,0,0,5
2,1,0,0,0,2,1,2,2,0,0,0,0,0
1,1,0,0,1,1,1,2,0,0,0,0,0,0
1,1,0,0,1,0,1,2,3,3,0,0,2,5
0,0,0,0,0,0,0,1,0,0,1,0,0,12
1,0,1,0,0,2,0,1,0,1,1,0,5,9
0,0,0,5,0,0,0,0,0,0,0,0,0,0
1,0,0,1,3,4,2,8,3,10,3,3,6,9
2,3,1,4,10,5,1,5,4,7,2,2,1,3
2,0,0,1,2,0,0,1,1,2,2,0,0,0
0,0,0,0,1,0,1,0,0,0,0,2,4,6
2,0,4,1,3,4,1,5,1,7,3,1,2,6
0,0,0,0,0,0,0,0,0,0,1,0,0,7
3,0,1,2,0,0,0,2,1,4,1,0,0,0
0,0,0,0,0,3,1,2,0,3,0,3,8,16
1,0,1,3,3,2,0,1,2,1,1,0,0,0
4,1,0,1,3,2,0,1,1,2,2,0,0,0
3,0,1,4,1,4,1,1,2,5,1,0,0,0
2,3,3,3,6,4,3,6,1,1,4,0,0,0
1,0,1,1,2,2,0,0,0,0,0,0,0,0
1,0,0,2,2,3,2,2,1,2,1,0,0,0
2,0,1,3,2,4,2,2,1,3,3,0,0,0
4,1,1,0,0,0,0,0,0,0,0,0,0,0
0,1,1,0,1,0,1,4,0,3,0,3,1,3
24,10,13,24,17,31,16,23,22,25,8,5,9,14
14,3,6,9,11,11,4,13,2,15,5,7,5,17
0,1,1,2,2,0,1,1,3,0,1,1,2,5
0,0,0,1,0,0,0,0,1,3,1,0,0,0
0,0,0,0,2,2,1,0,0,0,0,0,0,0
0,1,0,2,2,1,1,0,0,0,0,0,0,0
8,1,3,8,18,10,4,8,5,17,2,1,5,20
0,4,3,3,4,2,2,1,2,3,3,0,2,4
1,0,0,2,1,2,0,1,2,2,0,0,0,0
0,1,0,0,2,0,0,2,2,6,3,3,5,14
0,0,0,0,1,2,0,0,0,0,0,2,0,6
0,0,0,3,1,4,2,1,1,0,0,0,0,0
0,1,0,0,1,3,1,0,0,0,0,0,0,0
1,4,0,0,0,0,0,0,0,0,0,0,0,0
0,0,0,0,0,2,1,1,1,0,0,0,0,0
1,0,1,0,2,4,0,2,1,6,1,0,0,0
0,0,1,0,1,0,0,1,1,2,1,0,0,0
2,0,1,2,2,1,2,4,1,6,1,0,0,0
0,0,0,0,0,0,0,3,2,0,0,0,0,0
1,0,0,0,0,1,1,1,1,0,1,1,1,3
0,0,0,0,0,0,0,0,0,1,0,0,0,7
0,0,1,0,2,4,0,0,0,0,0,0,0,0
2,0,0,2,4,1,0,2,2,1,0,0,6,8
4,0,2,0,2,4,0,0,0,2,0,1,6,14
0,0,1,4,2,1,2,0,0,0,0,0,0,0
0,0,0,1,1,0,1,0,1,1,0,1,4,22
8,7,6,15,11,14,7,11,4,20,2,3,3,10
0,1,0,1,0,1,0,1,0,2,1,1,3,9
2,2,0,0,0,0,0,1,1,1,0,3,1,2
0,1,0,2,1,3,1,2,2,5,0,0,0,0
1,0,0,0,2,3,1,0,0,0,0,0,0,0
0,1,0,2,1,2,2,0,0,0,0,0,0,0
0,0,0,2,0,2,0,3,2,0,0,0,0,0
2,0,1,1,2,1,0,1,1,2,2,0,0,0
0,0,0,1,0,2,2,1,2,2,2,2,2,15
2,2,0,0,2,1,1,5,1,2,3,0,0,0
1,0,0,0,0,0,0,0,0,1,0,0,2,6
0,0,1,1,2,1,3,0,0,0,0,0,0,0
3,0,0,1,1,0,0,3,3,3,2,0,0,0
0,0,1,0,0,4,0,1,0,4,1,0,0,6
0,0,0,2,2,1,1,0,0,0,0,0,0,0
6,2,0,7,15,7,0,4,2,10,0,1,7,10
1,1,0,0,2,2,2,1,1,2,1,0,0,0
1,1,0,0,2,1,2,2,1,2,1,0,0,0
0,1,0,0,2,3,1,0,1,2,2,0,0,0
1,0,2,2,0,0,0,1,0,3,2,0,0,0
1,1,1,2,1,1,1,1,1,0,0,0,0,0
2,0,0,2,2,2,0,0,0,0,0,0,0,0
1,0,1,1,2,6,1,2,7,12,4,3,4,10
2,0,2,1,1,4,2,4,2,5,0,3,2,7
2,0,2,2,1,2,1,0,0,0,0,0,0,0
1,3,1,5,6,5,4,9,6,13,1,3,3,6
0,1,0,0,0,1,1,2,1,2,1,0,0,0
0,1,1,1,2,1,0,2,1,2,1,0,0,0
1,0,0,1,2,1,2,1,3,1,2,4,2,4
0,0,0,0,2,3,0,0,0,0,0,0,0,0
5,3,0,8,7,4,3,4,4,5,4,0,0,0
0,0,0,1,1,2,0,4,0,3,1,2,2,2
3,3,4,12,8,11,3,5,4,12,4,4,5,7
3,0,1,0,1,4,1,1,3,2,2,0,0,0
0,0,2,0,2,2,2,1,3,3,1,1,1,3
1,2,1,4,2,3,0,5,2,6,3,1,3,5
0,2,2,0,1,5,0,3,0,2,0,4,1,1
1,0,2,2,2,0,0,0,0,0,0,0,0,0
0,1,0,2,1,3,0,0,0,0,0,0,0,0
0,0,2,1,3,1,0,0,0,0,0,0,0,0
1,0,0,1,3,8,3,7,1,6,1,2,0,10
4,1,3,3,0,3,1,2,1,3,2,0,0,0
1,0,1,0,2,4,4,0,0,0,0,0,0,0
2,1,2,1,1,0,1,0,0,2,3,3,1,3
1,2,3,3,4,6,0,4,0,6,5,1,4,2
2,2,1,7,4,3,1,2,1,2,3,0,4,5
1,0,2,0,0,0,0,0,2,2,1,0,0,0
5,1,0,3,3,1,1,1,1,2,1,0,0,0
0,0,0,2,0,1,2,2,1,5,1,2,5,15
3,3,2,1,5,9,3,2,2,8,0,0,2,3
1,0,1,5,4,6,1,7,1,6,2,2,3,5
1,0,0,2,1,2,3,1,0,0,0,0,0,0
0,0,0,0,1,5,0,0,0,0,0,0,0,0
0,0,0,1,4,3,1,0,0,0,0,0,0,0
0,0,0,0,0,0,1,0,1,0,1,0,4,16
2,0,1,3,2,0,1,3,1,1,1,0,0,0
0,0,2,3,1,1,0,0,0,0,0,0,0,0
0,0,0,1,2,3,1,2,3,6,1,1,1,9
2,0,1,1,0,0,0,1,1,1,1,0,1,5
0,1,0,1,1,2,2,2,0,2,0,0,4,2
0,0,2,1,2,2,0,3,2,3,6,0,0,0
1,1,1,0,0,1,0,2,1,1,1,0,0,0
2,1,2,0,0,0,0,0,0,0,0,0,0,0
21,11,10,19,21,28,21,27,15,26,10,5,10,19
7,3,6,6,14,18,1,4,4,8,2,1,8,15
0,0,3,1,3,3,0,0,2,3,2,0,3,4
1,0,2,1,0,5,2,1,2,5,1,0,0,0
0,0,0,2,0,1,1,1,1,2,1,0,0,0
2,1,0,1,4,1,0,5,1,5,1,1,3,6
1,0,0,0,0,1,0,2,1,0,0,2,4,13
4,0,0,2,0,3,2,4,1,0,0,0,0,0
0,0,0,1,0,0,2,4,3,7,3,1,1,4
0,0,0,0,1,0,0,0,0,0,0,1,1,9
1,0,0,0,1,3,1,3,2,2,2,0,0,0
1,0,1,1,1,1,2,0,0,0,0,0,0,0
0,1,1,4,9,8,2,5,7,12,2,1,4,12
1,0,0,0,0,0,0,1,1,2,0,2,1,8
1,0,0,0,0,0,0,0,0,1,0,0,0,5
1,0,0,1,2,2,0,1,1,4,3,0,0,0
0,0,0,2,1,2,2,5,4,6,2,0,1,6
0,0,1,1,2,3,0,2,2,5,3,3,3,6
0,0,3,3,2,2,0,2,2,2,2,0,0,0
1,0,2,0,2,4,2,2,2,3,1,0,0,0
2,0,1,3,1,2,0,0,0,0,0,0,0,0
0,0,2,1,1,1,1,1,2,0,0,0,0,0
2,0,1,0,2,0,1,3,1,1,1,0,0,0
0,1,1,0,1,0,0,1,0,4,1,0,0,0
1,5,3,2,2,6,3,2,5,5,3,3,3,17
0,0,0,0,1,1,0,0,0,2,4,0,0,0
2,1,2,6,8,3,2,0,0,0,0,0,0,0
1,0,0,1,2,2,1,0,0,0,0,0,0,0
1,0,0,1,3,3,0,0,0,0,0,0,0,0
2,1,0,1,2,4,2,2,1,3,2,0,0,5
0,1,0,0,1,3,1,6,1,4,2,1,2,3
2,0,1,1,1,2,0,0,0,0,0,0,0,0
2,2,0,1,2,2,1,0,0,0,0,0,0,0
0,0,2,0,1,1,0,0,1,1,0,1,1,6
0,0,0,0,1,2,0,3,0,6,2,1,2,1
0,0,0,1,3,5,1,0,0,0,0,0,0,0
3,2,0,0,2,1,3,0,0,0,0,0,0,0
0,0,2,1,1,0,2,1,1,1,2,0,0,0
1,2,1,1,1,3,1,0,0,0,0,0,0,0
0,0,1,1,1,4,0,0,0,0,0,0,0,0
0,0,1,2,1,1,2,0,0,0,0,0,0,0
2,2,0,0,2,2,1,1,0,0,0,0,0,0
1,0,0,2,1,1,1,2,0,0,0,0,0,0
1,1,0,2,6,3,5,2,3,1,2,0,0,0
0,1,0,0,1,2,1,1,2,0,0,0,0,0
2,0,0,0,2,2,1,1,1,0,0,0,0,0
1,1,0,1,2,4,3,0,0,0,0,0,0,0
2,0,0,2,2,2,1,0,1,0,1,1,1,2
0,0,0,0,1,3,2,5,2,2,2,1,3,6
2,1,1,2,3,5,1,1,3,12,0,1,1,14
2,1,0,0,1,0,1,1,1,1,1,0,0,0
1,0,0,1,0,1,0,2,1,2,1,0,0,0
2,0,0,0,4,0,0,2,1,2,1,0,0,0
0,0,4,2,3,5,3,4,3,0,2,3,3,3
0,1,0,1,1,1,1,1,1,1,2,0,0,0
4,0,1,2,6,1,2,1,1,4,2,1,1,3
0,0,0,0,0,0,0,0,0,2,0,1,1,6
0,0,0,0,1,1,0,0,1,1,0,0,0,5
0,1,1,0,1,2,0,3,2,7,3,1,3,6
0,0,2,1,2,2,1,1,2,5,1,0,0,0
3,2,0,1,3,4,3,2,3,2,1,0,0,0
0,0,0,0,0,0,0,1,0,1,0,0,1,4
1,1,0,1,0,0,2,1,2,2,1,0,0,0
1,0,1,3,0,1,0,1,0,1,1,1,5,14
0,1,0,2,1,3,1,5,0,0,0,0,0,0
2,0,0,0,1,2,2,0,0,0,0,0,0,0
0,0,0,0,0,1,1,1,2,0,0,0,0,0
1,0,1,2,0,0,2,4,0,0,0,0,0,0
2,1,1,2,0,0,0,1,2,1,2,0,0,0
0,1,2,2,0,0,0,0,0,0,0,0,0,0
0,0,1,1,0,3,2,0,0,0,0,0,0,0
2,0,0,0,1,1,0,4,1,2,1,0,0,0
0,0,0,0,2,2,1,0,0,0,0,0,0,0
5,1,1,2,2,4,2,2,1,2,2,0,0,0
1,0,2,0,1,2,0,1,0,3,1,0,3,2
0,0,1,2,3,2,5,4,3,8,0,3,2,19
3,1,1,0,0,0,0,0,0,0,0,0,0,0
0,2,0,0,6,0,0,1,1,2,2,0,0,0
1,0,0,1,1,2,0,1,1,4,1,0,0,0
0,1,1,2,1,1,1,0,0,0,0,0,0,0
2,0,3,0,1,0,1,3,2,0,0,0,0,0
0,0,0,0,1,1,2,2,2,0,0,0,0,0
1,1,1,3,1,3,1,2,1,2,1,0,0,0
2,3,0,3,5,2,0,2,1,6,0,2,3,9
2,0,0,1,3,0,0,2,3,6,1,0,0,0
1,0,0,0,3,2,1,0,0,0,0,0,0,0
1,0,0,0,1,1,1,2,1,0,0,0,0,0
3,0,3,2,2,4,2,0,0,0,0,0,0,0
0,0,0,0,1,1,2,1,0,0,0,0,0,0
6,3,3,4,6,6,4,4,5,10,2,3,7,12
0,0,0,3,2,0,0,0,0,3,2,0,0,0
3,0,2,4,2,1,2,4,0,1,0,0,1,4
0,1,0,0,2,2,1,2,6,4,3,2,5,5
0,1,2,1,2,2,1,1,0,0,0,0,0,0
1,1,0,0,1,1,0,2,1,1,2,0,0,0
1,0,0,0,0,0,1,1,1,1,1,0,0,0
2,0,0,1,1,3,0,0,0,0,0,0,0,0
8,4,4,9,7,7,4,7,2,8,6,4,7,6
0,1,0,0,2,0,0,2,1,1,1,0,0,0
1,0,0,3,1,2,0,0,0,0,0,0,0,0
1,1,0,0,3,5,1,5,1,10,1,1,5,3
0,0,1,0,0,0,0,0,0,1,0,0,2,4
0,0,1,0,0,1,1,0,0,2,1,2,6,14
1,1,0,1,1,1,1,2,1,0,0,0,0,0
3,0,0,1,2,4,1,0,2,0,0,1,0,5
0,0,0,2,2,2,1,0,0,0,0,0,0,0
1,0,0,0,1,2,1,1,2,2,1,0,0,0
0,0,0,0,0,1,0,0,0,1,0,1,1,9
0,1,1,0,2,1,2,1,2,2,3,0,0,0
2,1,0,2,4,3,3,1,3,8,5,3,1,7
1,2,1,1,1,2,0,1,1,2,0,1,3,1
0,0,0,0,0,0,0,1,0,0,0,0,2,4
4,2,3,4,5,2,0,7,1,9,0,1,2,4
1,0,0,4,3,2,1,5,0,0,0,0,0,0
0,0,0,2,0,3,0,1,1,2,2,0,0,0
0,0,1,1,0,0,0,1,0,1,0,1,0,5
2,2,2,2,3,1,1,2,0,0,0,0,0,0
2,1,0,1,4,3,3,0,0,0,0,0,0,0
2,0,0,0,0,0,1,1,1,2,1,0,0,0
0,0,1,1,0,3,1,2,1,3,2,0,0,0
1,1,0,4,0,1,1,4,4,2,2,0,0,0
1,1,0,1,0,2,0,2,3,0,0,0,0,0
6,4,2,6,8,10,4,7,3,4,2,2,1,7
3,1,2,1,1,12,2,4,1,3,1,2,3,3
1,0,0,0,1,1,1,1,2,2,1,0,0,0
1,1,1,0,3,3,4,0,0,0,0,0,0,0
1,1,2,0,1,1,1,3,2,2,1,0,0,0
0,0,0,0,2,2,1,1,1,0,0,0,0,0
0,2,1,2,1,1,0,2,1,1,1,0,0,0
0,0,0,0,0,0,0,2,0,0,0,1,2,3
8,6,6,5,10,13,5,5,2,7,0,3,0,5
1,0,0,1,0,2,1,1,0,2,3,0,0,0
1,0,0,0,0,0,0,0,0,1,0,0,4,9
3,1,0,0,1,1,2,2,0,0,0,0,0,0
2,0,0,2,1,2,0,1,1,2,1,0,0,0
7,3,2,6,7,6,4,4,1,5,0,1,3,4
4,1,0,0,0,0,0,0,0,0,0,0,0,0
0,0,1,2,1,1,1,1,3,0,0,0,0,0
1,0,1,0,3,2,0,1,2,1,1,0,0,0
0,0,0,1,2,1,1,0,0,0,0,0,0,0
1,0,1,5,2,3,0,2,4,3,2,0,0,0
0,0,0,0,0,1,0,0,1,3,1,0,2,3
0,1,3,2,2,1,1,3,1,5,1,1,4,13
0,0,0,0,3,2,0,0,0,0,0,0,0,0
1,0,0,0,1,2,0,1,1,2,2,0,2,8
0,0,1,0,2,0,0,0,0,0,0,1,2,9
1,0,0,0,0,0,1,0,0,1,0,1,2,7
1,0,0,0,0,0,0,0,0,3,2,0,0,0
6,4,3,8,9,3,3,5,1,6,2,2,3,5
0,0,0,1,1,1,0,1,0,0,0,1,2,2
0,0,1,0,1,2,1,0,0,3,0,0,2,5
0,0,0,0,0,1,1,0,3,2,1,0,0,0
0,1,1,0,0,3,1,1,1,2,2,0,0,0
1,1,0,1,2,1,0,1,0,2,3,0,0,0
1,0,1,1,3,3,1,3,3,0,0,0,0,0
0,1,3,2,2,3,2,2,2,1,0,0,0,0
4,2,3,0,0,0,0,0,0,0,0,0,0,0
3,2,0,0,2,0,0,1,1,2,2,0,0,0
1,0,0,2,0,1,0,0,0,1,1,3,3,8
3,0,1,0,4,1,0,0,0,0,0,0,0,0
0,0,1,0,3,1,2,0,0,0,0,0,0,0
1,1,1,0,1,1,0,4,2,2,1,0,0,0
3,3,0,2,3,1,0,1,1,3,1,0,0,0
1,0,1,2,1,3,0,0,3,5,1,3,0,6
1,0,0,0,1,1,2,0,2,0,2,0,1,4
1,0,1,0,2,1,0,1,2,1,2,0,0,0
0,0,0,1,0,2,1,0,2,3,1,0,0,0
0,1,0,1,1,2,1,0,0,0,0,0,0,0
1,0,0,1,1,2,1,3,1,0,0,0,0,0
1,2,2,5,3,3,1,3,1,5,2,3,5,10
3,4,1,1,9,4,4,4,4,5,2,1,3,3
2,1,0,2,2,1,1,5,1,2,1,0,0,0
1,1,0,3,2,4,1,0,0,0,0,0,0,0
1,1,0,1,3,2,1,0,0,0,0,0,0,0
3,0,3,0,2,4,3,0,0,0,0,0,0,0
0,1,1,0,2,1,0,0,1,0,1,0,1,5
1,0,0,1,2,3,3,0,0,0,0,0,0,0
0,0,0,0,0,0,0,0,0,0,0,0,1,4
0,0,2,1,1,1,0,0,0,1,1,1,1,1
0,0,1,2,3,2,1,1,0,0,0,0,0,0
0,1,1,0,3,3,0,2,1,2,1,0,2,3
0,0,1,0,1,2,3,0,0,1,0,1,1,3
6,4,3,3,10,16,3,7,9,15,4,3,3,15
0,0,0,0,0,2,2,1,0,0,0,0,0,0
2,1,1,2,1,0,0,0,0,3,2,0,0,0
1,0,1,1,2,1,1,2,2,0,0,0,0,0
0,1,0,0,1,3,0,0,1,2,0,0,1,5
0,0,2,1,2,1,0,0,0,0,0,0,0,0
1,0,0,0,0,0,0,0,0,2,0,0,1,4
0,1,1,1,2,1,2,0,0,0,0,0,0,0
3,1,1,2,3,5,3,4,2,3,1,2,2,3
1,0,0,2,3,2,1,0,0,0,0,0,0,0
0,0,2,0,1,1,0,0,0,2,0,1,2,3
0,0,1,1,0,0,2,2,1,0,0,0,0,0
0,0,1,0,0,0,0,0,1,3,2,0,0,0
0,0,0,0,0,0,0,0,0,0,0,0,2,4
1,0,0,1,1,3,1,3,1,0,0,0,0,0
2,1,0,0,0,3,1,2,0,0,0,0,0,0
0,0,0,2,1,2,2,3,1,0,0,0,0,0
1,2,1,1,1,1,0,0,1,3,1,0,0,0
1,0,0,3,1,1,1,0,0,0,0,0,0,0
0,0,1,2,1,1,0,0,0,1,1,0,1,7
2,0,1,3,5,0,0,0,0,2,0,2,2,3
3,2,1,4,3,4,0,9,1,2,1,1,2,3
2,0,0,1,1,2,1,1,0,2,0,2,3,21
0,0,0,0,0,0,0,0,0,0,0,0,0,8
3,0,0,2,1,1,2,3,2,3,1,3,4,12
3,3,0,2,7,7,2,3,3,7,0,1,1,7
1,0,0,0,1,1,0,1,2,1,0,1,1,10
3,2,0,0,0,0,0,0,0,0,0,0,0,0
0,0,0,2,1,6,1,3,4,0,2,0,2,5
0,0,0,0,2,1,2,1,0,0,0,0,0,0
0,1,0,0,0,3,0,1,5,0,0,0,0,0
1,0,0,0,2,2,0,3,0,6,0,0,5,4
0,0,0,0,0,1,1,2,1,0,0,0,0,0
0,0,0,2,0,0,0,0,3,3,1,0,0,5
2,0,1,1,4,0,0,0,0,0,0,0,0,0
0,1,2,0,1,3,2,1,6,0,1,1,1,2
1,4,0,0,9,7,3,3,0,5,1,0,0,0
2,0,0,0,1,5,1,1,4,1,1,0,0,0
2,0,1,1,0,1,0,0,0,4,1,1,2,1
0,0,0,0,0,1,0,0,0,0,1,0,0,8
2,2,0,1,6,4,0,1,3,1,0,1,1,3
0,0,0,1,0,3,2,3,1,2,1,0,0,0
1,0,1,2,1,0,0,4,1,3,1,0,0,0
0,0,0,0,3,4,1,3,0,0,0,0,0,0
1,0,0,1,2,3,1,4,2,1,1,0,0,0
3,1,1,2,1,0,0,0,0,0,0,0,0,0
2,1,1,2,3,0,0,0,2,3,1,0,0,0
1,0,1,0,1,3,2,2,1,4,5,2,3,4
1,2,0,0,1,3,0,0,0,1,0,2,1,14
2,0,0,0,2,1,1,1,2,1,2,0,0,0
0,0,0,2,1,3,0,3,1,3,3,0,1,4
1,2,2,4,2,2,0,2,0,0,0,2,1,4
0,0,0,1,0,0,1,0,1,2,0,0,2,3
1,0,0,2,1,0,0,2,2,1,2,2,3,10
1,0,0,0,2,2,1,4,2,2,1,0,0,0
0,1,0,2,2,2,1,0,0,0,0,0,0,0
0,1,0,1,0,0,0,1,0,3,0,1,1,8
2,0,2,0,2,2,1,0,0,0,0,0,0,0
5,1,2,5,6,4,5,2,2,5,0,2,1,5
2,2,0,1,3,1,0,2,1,1,1,0,0,0
0,0,0,1,2,0,1,0,3,1,1,0,0,0
0,1,0,0,3,2,1,2,0,0,0,0,0,0
1,0,1,0,3,0,2,2,4,1,1,0,0,0
0,2,0,5,6,6,4,5,6,6,2,2,6,6
2,0,1,0,1,2,0,3,2,1,1,0,0,0
0,1,0,1,1,1,0,0,1,1,3,0,0,0
2,2,2,0,0,0,0,0,0,0,0,0,0,0
1,0,1,0,2,2,1,0,0,0,0,0,0,0
0,0,0,1,5,1,1,0,0,0,0,0,0,0
2,0,2,0,2,2,1,0,0,0,0,0,0,0
0,1,0,0,2,0,0,0,0,2,3,1,8,8
0,0,0,1,1,2,1,0,0,0,0,0,0,0
1,0,0,1,1,1,1,1,0,0,0,0,0,0
0,1,0,1,2,2,1,0,0,0,0,0,0,0
1,0,0,1,0,4,2,3,2,7,2,1,3,6
0,2,1,1,1,1,2,3,0,0,0,0,0,0
2,0,0,3,1,1,0,2,1,2,1,0,0,0
0,0,0,0,4,1,0,0,2,2,1,0,0,0
1,1,1,1,2,2,2,0,0,0,0,0,0,0
6,1,2,4,8,5,4,8,7,9,3,3,1,3
1,0,0,2,3,0,0,1,2,1,2,0,0,0
0,0,0,0,0,1,0,1,0,0,0,1,1,3
1,0,0,0,0,0,0,0,0,0,2,3,1,1
1,1,0,0,1,1,4,0,0,0,0,0,0,0
0,1,0,1,1,1,1,1,0,0,0,0,0,0
2,0,2,5,1,2,0,7,2,1,0,2,4,9
1,0,0,1,0,2,0,0,1,3,1,0,0,0
0,1,1,5,0,0,1,0,1,1,1,1,1,1
1,1,1,0,0,1,0,1,2,1,2,0,0,0
0,0,1,0,0,0,0,0,0,1,0,1,0,5
0,1,2,0,2,0,0,1,1,4,0,2,1,8
1,1,0,1,3,2,0,2,2,4,1,0,0,0
0,0,0,0,0,0,0,0,0,0,0,0,3,6
0,0,0,3,2,0,0,0,0,0,0,0,0,0
2,0,0,1,1,4,0,0,0,0,0,0,0,0
2,0,0,1,2,1,3,0,0,0,0,0,0,0
0,0,0,0,5,2,1,0,0,0,0,0,0,0
1,2,0,3,2,5,1,3,5,7,3,2,1,7
1,0,1,1,1,1,1,0,0,0,0,0,0,0
0,0,1,0,1,1,0,1,1,2,1,0,0,0
2,1,1,1,1,2,1,0,0,0,0,0,0,0
1,0,2,1,2,3,1,1,2,2,2,0,0,0
1,1,1,0,1,2,3,3,1,2,1,0,0,0
0,1,0,1,1,1,1,2,0,0,0,0,0,0
3,2,0,3,1,2,2,5,2,2,2,2,3,1
1,0,0,1,4,2,0,6,3,8,1,0,2,4
0,0,0,1,1,1,1,0,2,2,1,0,0,0
2,1,1,0,0,1,1,3,1,0,0,0,0,0
0,1,0,2,3,3,2,1,4,5,4,0,0,0
0,1,1,2,0,1,4,0,0,0,0,0,0,0
0,0,0,0,1,2,0,0,2,2,1,0,0,0
0,1,0,1,1,3,0,0,0,2,1,2,1,3
0,2,2,1,5,3,1,3,2,2,0,0,4,4
3,0,0,0,0,1,2,2,1,1,1,0,0,0
1,1,0,2,4,2,1,6,2,1,1,0,3,6
5,0,1,1,3,3,0,0,0,0,0,0,0,0
0,0,0,1,0,0,0,1,0,2,0,0,1,4
0,0,1,0,1,1,2,1,0,0,0,0,0,0
4,1,1,6,2,4,4,1,2,3,1,1,2,7
3,3,2,4,8,4,6,3,2,5,5,0,0,0
1,3,2,3,5,6,4,4,6,14,3,3,5,14
1,0,0,1,2,3,1,0,0,0,0,0,0,0
3,0,1,7,2,6,2,3,1,7,5,2,1,3
0,0,2,0,0,2,0,1,0,1,2,1,1,3
1,3,0,3,1,0,1,5,0,0,0,0,0,0
0,0,0,0,3,1,3,2,1,3,0,0,6,9
1,0,2,4,6,2,1,3,0,3,3,0,0,0
3,2,1,1,2,2,0,1,2,1,2,1,4,3
4,0,0,7,10,6,2,2,5,4,4,3,2,9
2,1,1,0,2,1,2,0,0,0,0,0,0,0
0,1,1,1,1,2,0,0,2,1,3,3,1,2
3,4,1,1,7,4,6,3,4,6,1,7,2,13
3,0,1,2,0,2,0,4,2,1,1,0,0,0
0,0,0,0,0,0,0,0,0,1,0,2,9,8
1,0,0,2,3,2,2,4,0,1,0,1,2,2
4,0,3,5,5,14,4,2,5,5,2,2,2,4
0,0,0,2,3,1,1,1,2,0,0,0,0,0
0,1,2,3,3,2,0,0,0,0,0,0,0,0
1,1,0,1,0,3,0,2,1,2,1,0,0,0
0,0,1,0,0,0,1,7,1,7,4,2,1,6
0,0,0,0,2,1,0,2,4,3,3,2,2,2
1,0,1,2,2,1,0,0,0,0,0,0,0,0
0,0,0,2,2,3,0,2,1,3,1,0,0,0
0,1,0,0,2,0,2,0,1,2,3,0,0,0
0,0,1,1,2,1,0,0,0,0,0,0,0,0
2,2,0,3,4,3,2,0,0,0,0,0,0,0
2,0,0,1,1,1,0,2,1,1,1,0,0,0
0,0,0,0,0,0,0,0,0,0,0,1,1,6
4,0,0,2,2,1,0,0,0,0,0,0,0,0
0,1,0,1,2,2,0,0,0,4,1,0,0,0
0,0,1,0,0,1,0,1,1,0,0,0,3,2
1,0,0,0,1,1,1,1,1,1,1,0,0,0
0,0,0,0,0,0,0,0,2,1,2,0,0,0
5,0,0,4,8,0,3,0,6,6,0,2,0,10
2,0,0,4,2,5,0,3,2,4,3,1,0,7
0,0,0,0,0,0,0,0,0,2,2,2,0,10
1,0,3,2,2,4,2,0,0,0,0,0,0,0
1,0,1,1,1,2,1,1,1,3,2,0,0,0
1,3,2,1,0,0,0,0,0,0,0,0,0,0
2,1,1,2,5,3,2,3,2,3,2,0,0,0
1,3,0,1,2,2,1,2,0,0,0,0,0,0
1,0,1,0,0,1,0,2,1,3,0,0,1,6
0,0,0,2,1,3,0,0,0,0,0,0,0,0
0,0,1,1,1,0,3,2,1,1,1,0,0,0
2,1,0,2,3,2,2,3,1,1,0,3,1,4
0,0,0,4,2,1,1,1,0,3,2,0,0,0
0,1,2,1,1,3,1,9,2,9,2,2,4,4
0,0,1,1,1,2,0,0,0,0,0,0,0,0
1,0,1,1,2,2,0,0,0,0,0,0,0,0
1,1,0,4,4,0,2,3,2,2,2,0,0,0
1,0,0,2,2,4,0,3,5,6,2,0,0,0
1,1,0,0,2,1,0,4,8,6,2,3,2,8
2,0,0,1,3,2,0,2,1,3,1,0,0,0
2,0,0,1,2,1,1,1,0,4,0,2,1,2
1,1,2,1,3,1,1,1,0,0,0,0,0,0
0,0,0,1,2,1,1,1,2,1,2,0,0,0
1,0,1,1,4,4,1,2,0,0,0,0,0,0
0,2,5,6,3,4,2,6,2,4,3,0,0,0
0,2,2,1,3,1,2,0,0,0,0,0,0,0
1,1,2,1,6,3,0,0,2,2,3,0,0,0
2,1,2,1,4,1,3,1,1,1,3,0,0,0
1,0,0,0,1,3,0,3,1,2,1,0,0,0
0,0,0,0,2,5,0,1,1,2,1,0,0,0
4,1,0,0,0,0,0,0,0,0,0,0,0,0
0,1,0,1,2,2,1,0,0,0,0,0,0,0
0,1,1,0,0,1,0,0,0,4,2,0,0,0
1,0,0,1,3,1,1,2,0,1,0,1,1,3
1,1,1,3,1,2,3,0,0,0,0,0,0,0
0,1,0,1,2,0,3,1,5,0,0,0,0,0
1,0,0,1,0,0,0,1,1,4,1,1,1,3
0,0,1,0,1,2,0,3,1,2,1,0,0,0
0,1,0,1,5,6,3,6,6,11,3,4,3,5
0,0,0,2,2,2,0,0,0,0,0,0,0,0
1,1,1,1,3,3,1,1,1,2,1,0,0,0
0,0,0,0,0,0,0,2,1,3,0,2,1,2
2,3,0,2,4,0,2,2,0,4,0,4,4,11
0,1,0,4,0,1,1,1,1,1,1,0,0,0
6,0,2,6,6,4,3,2,2,3,1,3,0,5
10,1,3,3,6,6,3,7,3,9,1,0,1,7
1,0,0,1,4,2,0,2,2,2,1,0,0,0
0,0,0,2,1,2,0,0,0,0,0,0,0,0
6,1,2,2,3,2,3,2,0,3,1,2,1,2
6,1,0,2,1,1,1,0,0,0,0,0,0,0
2,1,0,3,1,4,1,1,4,1,4,1,2,2
1,0,0,2,2,3,0,0,0,0,0,0,0,0
0,3,1,0,3,1,1,3,2,0,2,1,1,1
2,0,1,0,1,0,3,2,0,0,0,0,0,0
2,0,0,2,1,3,2,1,2,4,2,0,0,0
0,0,1,0,0,0,0,1,0,1,0,0,1,4
1,1,0,1,2,1,1,3,0,1,1,1,1,1
2,1,0,1,1,0,0,1,2,1,1,0,0,0
3,2,1,0,1,8,0,0,1,4,2,0,0,0
1,0,0,1,1,0,1,0,0,0,0,0,2,3
5,2,4,7,17,7,5,8,7,12,3,5,3,4
1,0,0,0,0,0,0,1,1,1,2,0,0,0
1,0,0,0,1,2,2,0,0,0,0,0,0,0
1,0,0,3,1,3,1,0,0,0,0,0,0,0
0,0,0,0,0,0,0,0,0,1,0,1,0,5
2,0,0,2,1,1,1,1,2,1,2,0,1,4
0,0,0,0,0,1,0,0,0,0,1,0,3,6
0,0,0,1,1,7,4,2,5,3,2,4,4,7
0,0,9,11,13,20,4,14,11,22,0,4,2,9
0,0,1,0,1,3,1,0,0,0,0,0,0,0
1,0,1,1,3,1,2,0,0,0,0,0,0,0
0,0,0,0,0,0,0,0,0,0,0,0,0,5
0,1,0,2,2,2,0,0,1,1,1,1,0,5
0,0,0,1,2,1,0,1,2,1,1,0,0,0
0,1,1,2,1,2,1,0,0,0,0,0,0,0
0,0,1,0,3,1,1,0,0,0,0,0,0,0
0,0,1,1,2,3,3,4,2,4,2,3,1,6
2,0,1,2,1,1,0,0,0,0,0,0,0,0
3,1,2,1,2,3,3,3,1,1,1,0,1,4
0,0,0,0,0,0,0,0,1,2,0,1,2,12
0,1,0,1,0,0,1,2,2,0,0,0,0,0
1,1,0,5,3,2,1,2,2,1,1,0,0,0
0,0,1,1,3,2,0,0,0,0,0,0,0,0
1,0,0,0,3,4,1,1,1,10,1,2,3,4
0,1,0,1,2,2,1,0,0,0,0,0,0,0
2,2,0,1,0,2,1,4,1,4,1,0,0,0
0,1,1,3,2,4,1,3,2,0,0,3,0,6
0,0,1,0,3,0,0,2,0,2,0,1,0,5
0,0,1,0,2,1,0,1,1,3,1,0,0,0
0,0,1,1,0,4,2,6,1,5,2,0,6,8
1,0,0,2,2,1,1,0,1,3,1,0,0,0
1,0,0,0,1,1,3,2,2,2,0,0,2,4
1,0,2,5,1,2,1,2,1,0,0,0,0,0
0,0,1,0,2,1,1,1,0,0,0,0,0,0
0,1,0,2,0,0,0,0,2,1,1,3,7,11
0,0,0,0,3,2,2,0,2,2,1,0,0,0
2,0,0,2,3,0,1,1,0,4,3,0,0,0
1,0,0,2,3,2,2,0,2,3,1,0,0,0
1,0,0,0,2,3,5,4,0,3,3,0,2,7
0,0,0,1,1,1,1,1,1,0,0,0,0,0
1,0,2,4,4,11,3,1,3,0,0,0,0,0
2,0,1,1,1,2,1,1,1,2,1,0,0,0
0,0,0,0,1,0,0,2,2,1,1,0,0,0
0,0,0,0,0,0,0,0,0,0,0,0,0,5
2,0,0,3,3,2,3,2,2,1,1,2,1,5
1,0,2,3,2,2,1,1,2,3,2,0,0,0
2,0,1,0,1,4,2,0,0,0,0,0,0,0
3,1,1,2,0,0,0,0,0,0,0,0,0,0
4,1,0,3,2,2,2,0,0,2,0,2,1,2
0,0,0,0,2,1,0,1,1,1,2,0,0,0
4,0,3,3,5,8,2,2,3,1,1,0,0,0
0,2,0,3,5,8,3,2,2,5,3,1,2,3
1,1,0,2,2,2,0,1,2,2,1,0,0,0
1,0,1,2,2,0,0,0,1,3,2,0,0,0
1,0,0,1,0,5,0,0,0,0,0,0,0,0
1,0,2,4,6,3,2,5,1,1,2,1,3,7
4,2,2,5,3,1,0,1,1,2,0,1,2,4
8,5,2,8,9,13,5,9,11,8,4,2,2,3
0,0,1,2,5,1,1,3,1,6,1,2,4,2
4,0,1,0,2,1,1,0,0,0,0,1,1,4
0,2,0,1,1,2,1,0,0,0,0,0,0,0
1,2,0,1,1,4,0,0,0,0,0,0,0,0
2,0,1,1,0,1,0,2,2,1,1,0,0,0
2,2,5,3,3,3,2,1,4,4,1,6,0,11
1,0,0,0,2,2,2,0,0,0,0,0,0,0
0,1,0,1,0,1,2,3,0,0,0,0,0,0
2,1,1,2,0,2,1,1,2,3,0,2,1,2
1,0,1,2,4,1,1,1,2,0,0,0,0,0
1,0,0,3,1,2,0,0,0,0,0,0,0,0
8,0,3,5,4,6,2,5,5,4,1,3,2,8
2,0,0,2,2,0,2,1,1,1,1,0,0,0
2,0,2,0,2,0,0,2,1,3,1,0,0,0
1,0,0,1,1,0,2,1,2,2,1,0,0,0
1,0,0,0,1,1,0,0,5,0,0,0,0,0
4,0,2,3,1,0,2,1,2,5,1,1,3,2
0,0,1,1,1,2,1,1,0,1,1,1,1,4
5,2,2,6,8,7,6,5,5,13,6,3,5,6
0,0,0,1,0,0,0,0,0,1,0,2,2,7
11,6,4,12,19,18,9,11,15,8,4,6,6,9
2,0,1,3,1,1,3,1,4,5,1,0,0,0
0,0,0,2,1,0,0,0,0,3,2,0,0,0
1,2,0,0,1,2,1,1,0,2,0,3,1,1
0,1,0,1,0,2,1,2,0,0,0,0,0,0
0,1,1,0,0,0,1,2,2,0,0,0,0,0
0,1,0,1,1,0,1,2,2,5,1,2,2,4
3,2,2,3,3,3,2,4,4,5,1,2,1,2
3,0,1,1,2,0,2,2,3,1,1,0,3,4
1,0,0,1,2,1,3,1,2,0,0,0,0,0
2,0,1,2,3,4,0,0,2,3,0,3,2,5
0,2,2,2,6,1,2,3,0,6,2,0,0,0
0,0,0,1,0,1,2,1,1,0,0,0,0,0
1,2,1,6,4,3,2,1,1,1,1,0,0,0
2,1,0,4,0,3,0,3,1,2,0,2,2,3
2,0,0,1,0,2,1,1,1,0,0,0,0,0
1,2,1,1,1,1,0,0,0,0,0,0,0,0
1,0,0,0,2,0,0,2,1,1,1,2,2,8
10,4,5,7,15,11,9,6,8,11,7,2,1,6
0,0,0,5,0,0,0,0,0,0,0,0,0,0
13,5,9,15,15,27,7,23,5,21,4,8,4,12
3,2,3,7,8,4,1,4,5,9,1,2,0,9
1,2,1,1,1,0,3,0,2,1,0,1,2,2
0,1,1,3,1,0,0,0,0,0,0,0,0,0
0,1,0,2,3,1,0,1,0,1,1,0,2,6
0,0,0,0,0,0,0,1,0,1,0,0,1,5
0,1,0,2,2,4,1,3,0,3,2,0,0,0
1,0,0,1,0,1,0,1,1,2,1,0,0,0
0,0,0,0,0,0,0,0,0,0,0,0,0,5
2,3,1,1,1,1,0,0,1,4,1,0,0,0
2,0,1,1,4,5,2,0,0,0,0,0,0,0
0,1,0,1,3,2,0,0,0,0,0,0,0,0
1,0,2,2,1,1,0,0,0,0,0,0,0,0
0,0,0,1,0,1,0,3,4,4,0,0,0,0
0,0,0,0,0,0,0,1,1,2,1,0,0,0
1,0,0,1,2,2,0,0,0,0,0,0,0,0
3,1,2,1,6,4,4,2,1,3,3,4,2,5
1,1,0,2,3,3,2,0,0,0,0,0,0,0
0,0,0,0,0,1,1,0,0,1,0,1,1,3
1,0,0,2,3,4,0,1,0,3,0,2,1,5
2,0,0,0,2,1,0,0,2,1,2,0,0,0
4,0,0,1,4,2,2,1,1,1,2,0,0,0
1,0,1,0,2,3,1,0,0,3,1,1,2,2
2,0,1,0,0,1,1,2,1,0,0,0,0,0
1,1,1,0,2,1,0,0,5,1,0,2,2,1
3,0,0,1,1,5,1,5,2,2,0,0,2,3
1,0,2,0,0,1,2,0,1,2,0,0,1,5
1,0,1,0,2,0,2,0,1,2,1,1,3,14
9,1,3,2,11,7,4,4,2,13,3,7,3,16
0,1,1,1,1,2,0,0,0,0,0,0,0,0
1,2,2,3,1,0,0,0,0,0,0,0,0,0
1,2,2,4,5,8,1,0,2,5,3,1,3,5
1,0,1,2,1,2,0,0,0,0,0,0,0,0
0,0,0,1,0,0,0,3,0,3,3,0,0,0
4,0,1,0,0,0,1,2,1,4,2,0,0,0
4,3,1,0,0,0,0,0,0,0,0,0,0,0
0,0,1,2,2,1,1,1,1,1,2,0,0,0
0,0,0,1,2,1,0,0,1,2,1,1,1,1
0,1,0,2,3,1,1,3,1,5,1,2,1,5
1,0,1,1,1,2,0,0,0,0,0,0,0,0
1,0,2,0,4,1,0,0,0,0,0,0,0,0
1,0,0,5,3,5,0,2,2,4,0,2,1,2
0,0,2,0,0,3,1,2,1,1,1,0,0,0
2,0,0,3,2,1,0,0,1,1,1,1,0,5
2,0,1,2,3,0,0,0,0,0,0,0,0,0
2,1,0,1,1,0,0,0,1,3,1,0,0,0
2,1,2,1,4,8,4,8,7,5,0,4,4,14
3,0,0,0,1,1,2,0,1,1,1,2,1,1
0,0,9,0,0,0,0,0,0,0,0,0,0,0
1,0,1,1,1,2,2,2,2,2,0,1,1,3
0,0,0,1,4,3,2,2,0,3,1,0,4,2
0,0,0,0,3,2,2,0,0,0,0,0,0,0
1,1,0,2,1,2,4,2,0,4,1,0,0,0
0,0,0,0,2,1,1,1,0,3,0,0,1,5
0,0,2,0,4,3,0,7,3,6,2,2,2,5
2,0,0,2,4,1,0,0,0,0,0,0,0,0
1,0,0,2,1,2,1,0,0,0,0,0,0,0
0,0,0,0,1,1,0,4,1,0,0,0,0,0
1,1,0,0,0,1,1,1,2,2,1,2,3,5
0,0,1,0,4,0,4,3,5,4,1,0,3,9
0,0,0,1,1,1,0,0,0,1,0,0,1,8
0,1,2,2,3,2,0,2,2,5,3,2,4,7
1,0,0,0,0,1,2,3,2,0,0,0,0,0
1,0,0,1,2,3,1,0,2,3,2,0,0,0
2,0,0,2,0,2,1,0,1,4,1,0,0,0
0,0,1,4,0,2,1,2,2,0,0,0,0,0
0,0,0,1,1,1,0,0,0,0,2,0,3,2
3,2,3,3,5,3,1,2,2,0,0,0,0,0
1,1,0,1,0,3,1,1,1,2,1,0,0,0
0,0,1,1,2,3,1,0,0,0,0,0,0,0
0,1,0,0,4,3,1,0,0,0,0,0,0,0
1,1,0,1,1,2,2,1,1,0,0,0,0,0
1,1,0,2,2,3,1,0,0,0,0,0,0,0
2,2,2,1,4,10,2,6,6,9,2,2,14,17
1,0,0,2,1,2,1,2,0,0,0,0,0,0
0,1,2,1,3,3,0,2,3,9,0,1,3,3
4,0,0,0,0,0,1,1,3,1,3,0,0,0
0,1,0,0,1,3,2,4,0,7,2,0,3,6
1,0,0,3,2,0,0,0,0,0,0,0,0,0
13,5,5,11,11,13,4,6,8,6,0,2,3,9
3,3,0,1,2,2,2,1,2,3,2,0,0,0
3,0,1,4,3,0,0,0,0,0,0,0,0,0
0,0,0,0,0,1,0,0,0,1,1,0,1,4
0,0,0,0,0,1,0,0,2,3,1,0,0,0
0,0,1,0,0,2,0,0,1,1,3,0,0,0
0,0,0,0,0,2,1,2,2,0,0,0,0,0
1,0,0,2,1,1,3,0,0,0,0,0,0,0
3,2,0,1,1,2,0,1,0,2,1,1,2,7
2,2,1,3,6,5,4,6,4,12,5,3,2,3
1,2,1,0,2,4,1,4,2,2,1,0,0,0
2,2,0,0,3,1,2,2,0,0,0,0,0,0
0,2,0,0,1,4,1,0,0,0,0,0,0,0
1,1,0,0,2,0,0,1,1,3,1,0,0,0
1,1,0,0,1,1,0,1,1,2,1,0,0,0
0,0,0,1,1,4,0,0,0,0,0,0,0,0
4,1,1,3,0,3,1,1,2,0,0,0,0,0
0,1,0,3,5,0,0,3,1,1,1,0,0,0
2,1,2,2,7,2,1,4,0,1,0,1,1,6
1,0,0,2,3,3,1,0,0,2,1,1,1,3
3,1,1,0,0,0,0,0,0,0,0,0,0,0
1,0,0,0,0,1,2,2,0,0,0,0,0,0
1,1,0,2,1,7,1,2,7,7,1,2,3,5
6,1,3,3,6,4,1,3,3,2,1,1,1,1
0,3,0,0,0,2,0,1,2,2,1,0,0,0
2,1,1,0,2,6,1,7,3,6,2,3,4,2
2,1,0,4,5,4,1,4,4,4,4,0,0,0
4,2,1,4,3,7,0,5,4,4,2,2,0,5
2,1,0,3,1,1,1,4,0,0,0,0,0,0
0,0,0,2,1,1,2,0,1,3,3,0,0,0
1,0,1,0,2,2,1,0,0,0,0,0,0,0
2,0,1,1,0,1,0,1,3,3,1,0,0,0
2,1,1,0,0,0,0,1,0,1,0,0,2,6
2,0,0,1,2,0,1,0,1,5,1,0,0,0
1,0,1,0,1,1,1,3,3,3,2,0,0,0
0,0,1,0,0,2,2,0,0,1,0,0,6,7
0,0,0,0,5,4,0,8,3,12,3,6,3,5
0,0,0,2,1,2,0,0,0,0,0,0,0,0
0,0,0,0,0,0,0,0,0,0,0,1,1,6
1,0,0,2,1,2,1,0,0,0,0,0,0,0
0,0,1,0,0,0,0,0,4,6,2,0,0,0
0,1,1,0,2,1,1,4,1,0,2,0,2,6
0,1,0,0,3,2,1,0,0,0,0,0,0,0
7,2,0,5,5,4,3,4,1,9,2,0,0,0
0,2,0,1,3,1,0,0,0,0,0,0,0,0
2,0,1,0,2,2,2,1,1,1,1,0,0,0
2,1,3,1,4,2,0,2,1,1,2,0,0,0
4,1,1,2,1,2,2,2,2,4,0,0,1,4
1,0,0,0,0,0,2,1,0,0,0,0,3,2
8,1,1,2,2,5,1,3,4,5,1,4,2,2
0,0,1,1,0,1,2,2,1,3,1,1,3,3
0,1,1,0,2,1,1,0,1,4,0,0,2,7
5,2,0,3,4,5,2,1,2,4,2,1,1,5
1,1,0,2,2,3,5,3,0,1,0,2,2,4
1,0,0,1,2,2,1,0,0,0,0,0,0,0
1,0,0,2,2,6,3,5,5,2,3,2,2,5
6,0,1,1,4,4,2,2,1,1,1,0,0,0
1,1,1,2,1,3,0,3,3,2,1,0,0,0
0,0,0,0,2,1,2,0,0,0,0,0,0,0
3,1,3,0,2,6,0,0,2,3,3,0,0,0
2,0,1,0,0,1,0,4,0,0,0,1,0,5
2,1,2,2,9,4,4,7,2,4,0,1,1,6
13,11,7,21,17,22,15,11,12,11,7,3,4,18
0,0,0,2,3,1,2,2,1,0,0,0,0,0
7,2,6,5,5,6,3,3,2,4,4,2,2,3
0,0,0,0,1,2,0,0,1,1,3,0,0,0
2,1,2,3,2,1,1,4,3,6,1,1,2,4
3,1,2,0,0,0,0,1,1,0,1,0,2,3
1,1,1,1,0,2,2,3,1,4,2,0,0,0
3,4,2,3,8,5,2,4,2,8,2,0,0,0
10,5,2,7,8,4,1,1,0,1,0,1,1,3
1,1,2,2,6,5,1,13,8,13,2,4,4,4
0,0,1,1,1,0,0,1,0,2,0,4,2,6
2,0,0,0,0,0,0,0,1,3,1,0,0,0
0,1,0,1,0,1,2,2,0,0,0,0,0,0
1,0,2,4,3,2,3,5,3,4,4,0,0,0
0,0,0,0,1,0,0,0,1,3,1,0,0,0
13,7,3,9,10,14,9,13,6,8,4,8,5,23
0,0,0,0,1,1,1,1,1,1,1,0,0,0
1,1,1,0,2,7,4,7,2,5,4,3,2,1
3,2,1,0,7,2,2,2,1,4,3,1,1,5
0,0,0,2,0,0,2,1,0,1,2,5,3,16
1,0,2,1,1,0,0,1,2,3,1,0,0,0
0,0,0,3,0,0,2,2,1,1,1,0,0,0
0,1,0,0,0,1,0,1,1,2,1,0,0,0
1,0,1,0,1,4,2,2,0,0,0,0,0,0
7,5,3,3,6,5,1,3,2,2,1,3,1,2
4,0,0,0,2,2,2,1,3,0,0,0,0,0
2,0,0,1,0,0,1,1,0,4,1,0,0,0
0,0,0,1,2,1,2,0,0,0,0,0,0,0
0,0,4,6,5,5,5,5,4,20,6,7,6,22
0,0,0,0,0,0,0,1,2,3,1,0,0,0
0,0,0,1,0,1,0,0,2,3,1,0,0,0
2,1,0,2,0,2,2,1,1,1,1,2,1,1
2,1,2,3,2,2,0,1,0,1,1,0,4,1
1,2,1,4,0,0,0,0,0,0,0,0,0,0
2,2,0,1,2,1,0,2,1,1,2,0,0,0
0,0,0,1,3,0,0,0,0,0,0,0,1,6
0,0,0,0,2,2,0,0,0,2,2,0,3,2
4,0,0,4,4,0,4,3,1,1,3,0,0,0
1,1,0,3,4,2,2,3,2,8,2,2,1,10
2,1,2,3,4,3,0,2,3,0,0,0,0,0
0,0,0,0,2,0,0,0,0,0,2,0,3,4
1,0,0,0,0,0,1,1,1,1,2,0,0,0
1,0,1,1,2,0,0,0,1,0,0,1,2,4
0,0,3,1,1,0,1,1,0,3,2,0,0,0
1,2,2,1,1,0,0,0,0,0,0,0,0,0
3,0,3,4,6,5,1,1,0,3,2,0,0,0
1,3,1,1,0,0,0,0,0,0,0,0,0,0
0,0,0,0,1,1,1,2,1,0,0,0,0,0
2,0,0,1,2,4,0,0,0,0,0,0,0,0
2,0,1,6,2,1,0,4,1,1,1,0,0,0
0,0,1,1,1,1,1,0,0,0,0,0,0,0
4,0,1,2,1,3,0,0,1,3,1,0,0,0
0,1,0,0,0,1,0,0,0,0,0,2,2,7
2,1,0,1,2,1,1,1,1,0,0,0,0,0
1,0,0,4,3,4,3,6,4,15,2,3,4,9
0,1,0,0,0,1,2,1,2,0,0,0,0,0
0,0,1,1,1,3,0,3,2,2,1,0,0,0
0,0,0,0,0,0,0,0,0,0,0,0,3,4
0,0,1,1,3,2,1,2,1,2,1,0,0,0
0,0,0,1,3,1,0,4,1,3,1,0,0,0
0,0,1,3,1,0,0,0,0,0,0,0,0,0
0,0,0,0,0,0,0,2,0,0,0,0,2,3
2,0,0,0,1,2,2,3,1,7,1,2,9,7
2,0,1,0,1,1,0,1,0,2,0,2,1,3
1,0,1,0,1,4,0,0,0,3,2,0,0,0
0,0,1,1,1,1,0,3,3,5,1,2,1,5
2,2,0,1,0,2,0,0,1,0,0,2,2,1
6,3,1,5,10,10,6,10,6,6,7,5,2,6
0,0,0,0,0,0,0,0,1,0,0,1,1,4
1,0,0,2,2,1,0,0,0,0,0,0,0,0
1,0,0,1,1,2,1,2,0,0,0,0,3,3
0,1,0,0,2,4,1,0,0,0,0,0,0,0
2,0,1,1,2,1,0,0,0,0,0,0,0,0
2,2,2,2,4,2,0,4,2,0,0,0,0,0
1,0,0,1,0,2,0,1,2,3,1,1,3,7
0,0,0,0,1,0,0,0,2,3,1,0,0,0
6,2,1,8,9,6,2,10,5,8,4,1,4,10
1,1,1,1,0,0,0,3,2,0,0,0,0,0
0,0,1,3,3,7,0,8,4,15,6,7,3,12
1,0,0,2,1,1,1,0,0,0,0,0,0,0
1,0,0,1,1,2,2,1,0,0,0,0,0,0
0,0,0,0,2,3,0,0,0,0,0,0,0,0
0,0,0,0,0,0,0,0,0,1,0,1,0,5
0,1,0,1,2,1,2,0,0,0,0,0,0,0
0,0,0,1,1,1,0,3,0,3,2,0,0,0
2,0,0,1,2,1,1,0,0,0,0,0,0,0
1,1,1,3,1,2,0,0,1,1,2,1,1,1
1,0,2,2,2,1,1,0,0,0,0,0,0,0
2,0,0,0,0,0,0,0,0,0,0,1,2,4
3,3,0,0,0,0,0,0,0,0,0,0,0,0
2,1,1,2,1,2,0,5,1,6,0,0,1,4
0,1,0,0,0,1,1,1,1,1,1,0,0,0
13,7,5,7,10,9,2,4,6,2,5,0,6,10
3,1,0,0,3,5,1,3,0,0,0,2,4,9
1,0,3,3,4,3,2,2,3,2,1,0,1,4
1,0,0,4,3,6,3,12,9,10,3,3,8,5
1,1,2,0,0,2,0,0,1,4,1,0,0,0
0,1,0,3,2,0,2,3,7,5,1,3,3,5
0,0,0,1,1,2,1,1,1,1,1,0,0,0
0,0,0,0,1,0,0,0,1,2,2,0,0,0
0,0,0,2,2,1,1,2,1,0,0,0,0,0
0,0,0,0,0,0,1,0,0,1,0,1,1,4
0,0,1,0,3,1,1,0,0,0,0,0,0,0
1,0,0,0,4,1,1,0,4,1,1,0,0,0
0,0,0,1,2,2,0,0,0,0,0,0,0,0
1,0,0,0,1,5,0,1,1,5,0,0,2,18
0,0,0,4,1,1,1,4,0,0,0,0,0,0
9,4,8,17,13,10,8,14,13,13,3,3,10,20
1,0,0,1,3,1,1,2,2,2,2,0,0,0
0,0,1,0,0,1,0,0,1,2,0,1,0,5
3,3,2,3,7,5,1,1,1,3,0,1,3,12
3,1,0,3,3,5,1,3,2,3,0,0,1,4
0,0,1,2,0,4,0,5,0,0,0,0,0,0
2,1,2,0,0,0,0,0,0,0,0,0,0,0
0,1,1,0,0,0,0,1,0,0,0,1,0,6
0,1,0,1,0,0,0,1,1,2,1,0,0,0
2,2,2,2,1,6,0,3,2,4,2,1,1,4
0,0,0,2,1,2,2,0,0,0,0,0,0,0
0,0,0,0,1,2,0,0,0,1,0,0,4,6
0,1,0,2,1,1,1,1,0,1,1,1,1,1
2,0,0,0,0,1,1,2,0,5,0,2,1,4
2,0,0,1,0,3,3,2,1,0,0,0,0,0
4,1,1,4,2,0,0,0,0,0,0,0,0,0
0,0,0,0,3,1,1,2,2,0,0,1,2,4
1,0,1,1,3,1,1,0,3,10,2,2,1,8
4,1,2,2,4,1,0,2,2,6,1,1,3,2
1,0,0,2,3,4,1,2,2,2,1,0,0,0
1,1,0,1,1,4,0,1,1,1,2,0,0,0
0,0,0,3,1,1,1,3,0,0,0,0,0,0
0,0,0,0,2,1,2,0,0,0,0,0,0,0
8,3,4,9,10,10,8,10,6,13,6,6,5,10
2,1,2,0,3,3,1,0,0,1,0,1,2,3
0,0,0,0,3,5,0,1,2,4,2,2,1,5
2,1,1,2,0,0,0,0,0,0,0,0,0,0
0,0,1,1,1,1,1,0,0,0,0,0,0,0
0,0,0,0,1,1,2,1,0,0,0,0,0,0
0,0,1,0,0,2,1,0,3,4,2,1,1,2
0,0,0,0,1,2,0,3,0,0,0,1,1,4
0,0,0,0,0,3,0,1,0,2,3,0,0,0
1,1,0,3,0,3,1,1,0,0,0,0,0,0
0,1,0,0,0,1,0,1,1,3,1,0,0,0
1,0,1,0,1,2,2,3,0,0,0,0,0,0
1,0,0,1,2,0,2,2,1,0,0,0,0,0
0,0,0,2,1,1,3,1,0,0,0,0,0,0
1,2,1,0,2,3,2,1,3,0,0,0,0,0
0,0,1,2,0,1,1,1,1,3,0,1,1,3
1,1,1,1,1,1,1,1,1,0,0,0,0,0
1,0,1,2,0,1,3,1,3,2,1,0,4,3
0,0,0,1,2,2,0,0,1,1,0,0,1,5
2,1,3,0,0,1,1,2,1,4,1,0,4,7
2,0,0,0,2,0,0,0,1,2,1,0,3,6
0,0,0,0,0,1,3,0,1,3,4,0,0,0
1,1,2,1,0,1,0,2,1,2,2,0,0,0
1,0,1,1,4,0,2,1,2,5,1,0,0,0
1,0,0,2,1,1,0,1,2,2,3,0,0,0
0,0,0,2,6,4,2,3,2,5,1,2,4,9
2,0,0,0,2,3,0,0,0,0,0,0,0,0
0,0,1,1,0,3,3,3,1,5,3,0,2,3
0,0,0,1,1,4,0,0,0,0,0,0,0,0
1,1,0,2,1,2,1,0,0,0,0,0,0,0
2,1,0,0,2,0,2,0,3,5,2,0,1,14
0,1,1,0,1,1,1,1,2,0,0,0,0,0
1,0,0,0,4,1,1,0,0,0,0,0,0,0
1,1,1,1,1,0,0,0,0,0,0,0,0,0
0,2,0,2,0,1,0,2,2,2,2,0,0,0
1,0,0,2,2,3,2,0,0,0,0,0,0,0
1,1,0,3,2,2,2,1,1,2,1,0,0,0
1,0,0,0,2,2,0,1,0,2,2,1,1,2
0,1,0,2,3,9,0,0,2,9,3,2,3,2
3,0,1,0,2,2,2,1,1,0,0,0,0,0
2,0,0,2,0,0,2,2,3,2,2,2,3,14
11,0,7,9,0,6,6,0,8,0,0,0,0,0
1,0,1,3,4,4,0,0,0,0,0,0,0,0
0,0,2,2,1,1,0,1,1,3,2,0,0,0
0,0,0,0,0,2,0,3,0,5,0,0,4,3
7,2,3,4,11,5,6,9,5,10,1,6,0,7
1,0,1,1,3,2,2,3,0,4,1,4,1,8
1,0,1,1,4,2,1,0,1,1,0,1,2,5
1,0,0,1,1,1,2,0,0,0,0,0,0,0
12,9,2,6,16,9,8,9,8,15,4,5,5,20
1,0,0,0,1,2,0,1,2,1,1,0,0,0
4,0,3,3,3,2,0,4,2,4,1,0,0,0
0,2,0,3,0,3,1,1,1,0,0,2,2,14
4,3,0,2,2,2,0,2,0,1,0,0,1,6
0,0,0,0,0,1,0,2,0,0,0,2,0,5
2,0,1,0,0,1,1,0,0,0,1,1,1,2
1,1,0,3,2,4,2,4,4,9,1,1,0,5
1,0,0,1,0,2,2,3,3,3,0,3,2,4
0,0,0,0,0,0,0,1,3,2,1,0,2,3
0,0,0,1,1,2,1,0,0,0,0,0,0,0
2,0,3,7,5,9,2,1,3,2,4,1,1,8
0,0,0,0,0,1,0,1,0,1,1,1,1,2
1,0,1,0,1,1,1,3,1,0,0,0,0,0
0,0,0,1,2,1,1,0,0,0,0,0,0,0
3,0,0,1,0,1,1,0,0,0,0,0,3,3
0,0,0,0,0,0,0,0,1,0,1,0,3,3
1,0,0,5,8,8,2,3,5,3,3,2,1,1
1,1,2,2,1,4,1,4,3,4,1,2,2,4
0,0,1,1,0,1,0,1,0,1,0,2,1,2
0,0,0,0,0,0,0,0,1,0,1,2,7,7
0,0,0,1,1,2,0,5,1,0,0,0,0,0
1,3,3,3,0,1,3,4,2,5,1,1,2,6
4,2,1,0,6,8,0,2,3,5,2,0,1,10
2,1,4,2,6,6,4,1,4,5,2,0,0,0
1,1,0,3,3,3,0,3,1,4,2,0,0,0
5,0,0,1,1,5,2,3,2,1,1,0,0,0
0,1,0,1,0,1,0,0,1,3,2,0,0,0
0,1,0,1,2,0,0,0,2,2,0,2,4,14
0,0,1,0,0,0,0,0,1,1,2,3,1,4
0,1,1,0,2,2,1,0,0,0,0,0,0,0
2,0,0,2,1,2,1,0,0,0,0,0,0,0
1,1,1,2,2,4,0,2,6,4,0,1,0,5
6,4,9,13,14,21,5,14,8,23,3,5,4,10
3,0,1,1,3,2,2,3,0,6,1,0,0,0
0,0,0,1,4,2,1,0,0,0,0,0,0,0
0,1,0,1,1,1,2,0,0,0,0,0,0,0
0,0,0,1,1,3,1,0,0,0,0,0,0,0
0,1,0,1,0,0,1,1,0,2,4,1,7,23
1,0,1,1,0,2,0,0,0,1,0,1,3,11
1,1,1,0,2,0,2,4,0,0,0,0,0,0
0,3,1,3,0,1,0,1,1,1,1,0,1,4
2,2,2,2,4,0,4,1,1,4,0,2,1,2
0,0,0,0,1,4,0,0,1,2,0,2,1,4
1,1,0,2,0,2,0,0,1,3,1,0,0,0
2,0,3,0,4,4,1,3,2,1,1,0,0,0
0,1,0,1,3,2,0,2,1,3,3,0,0,0
6,6,5,11,11,13,4,12,9,10,1,4,5,6
1,1,1,2,1,6,0,0,0,0,0,0,0,0
0,0,1,0,1,1,1,1,1,1,2,0,0,0
3,1,1,1,1,2,1,4,0,0,0,0,0,0
8,5,4,6,8,8,4,4,9,10,5,2,1,4
1,0,0,4,1,0,0,0,1,3,1,0,0,0
4,2,1,3,7,1,2,0,0,4,1,2,2,3
2,2,0,1,0,0,0,2,1,0,0,3,1,3
0,0,0,0,0,0,0,0,0,0,0,0,2,5
0,0,0,0,0,0,0,0,0,0,0,0,3,3
1,0,0,1,3,1,0,3,0,5,2,2,3,18
0,1,0,0,2,2,1,0,0,0,0,0,0,0
3,1,0,4,3,1,5,1,5,2,1,0,0,0
4,0,2,5,5,6,3,2,0,3,2,2,4,3
3,0,0,0,1,2,1,2,1,3,3,0,0,0
1,0,0,0,1,1,4,1,2,0,0,0,0,0
2,0,1,0,4,1,1,2,1,0,0,0,0,0
1,3,1,3,1,2,0,0,0,2,1,1,1,1
5,1,0,3,4,4,0,4,5,8,1,0,0,0
2,2,0,3,3,4,1,4,5,3,0,4,1,3
10,4,10,8,11,17,5,11,9,10,4,4,6,8
0,0,0,3,1,4,0,0,0,0,0,0,0,0
0,0,0,1,1,0,1,2,1,2,1,0,0,0
2,2,1,1,2,9,2,0,0,5,1,0,0,0
1,0,0,0,2,2,0,2,3,0,0,0,0,0
2,0,1,3,3,1,0,0,1,0,0,2,2,9
1,1,2,0,2,0,1,1,2,2,1,0,0,0
2,0,0,0,1,3,1,2,1,1,2,0,0,0
0,0,1,0,1,0,0,1,3,4,2,0,0,0
0,2,1,1,1,2,3,1,1,10,2,2,2,4
2,0,0,1,0,1,2,2,0,2,1,2,0,7
0,0,1,3,1,2,2,0,0,0,0,0,0,0
0,2,0,1,2,1,1,0,0,0,0,0,0,0
1,0,0,1,2,2,1,0,0,0,0,0,0,0
0,2,0,2,3,0,0,0,0,0,0,0,0,0
0,0,0,0,2,2,1,0,4,1,1,0,0,0
3,0,1,0,0,3,0,5,3,4,2,2,4,7
0,0,0,1,1,1,0,2,1,2,1,0,0,0
1,0,0,1,1,1,2,0,0,0,0,0,0,0
4,1,1,2,0,2,1,1,1,2,1,0,0,0
1,1,1,1,1,1,0,0,0,0,0,0,0,0
0,0,0,0,0,2,0,1,1,2,1,0,0,0
1,1,1,1,1,0,4,1,1,1,1,0,0,0
2,0,1,0,2,6,1,2,3,4,0,0,3,4
3,1,0,2,2,4,1,0,0,0,0,0,0,0
0,0,0,0,0,2,0,0,2,1,2,0,0,0
1,2,4,5,5,4,1,2,2,6,1,0,4,12
0,1,0,0,1,3,1,1,0,0,0,0,0,0
0,0,0,0,0,2,1,2,1,1,1,1,2,2
1,0,0,2,1,0,1,2,2,1,1,0,0,0
1,1,1,3,1,4,0,0,0,0,0,0,0,0
2,1,0,3,2,1,4,0,0,0,1,3,1,3
1,0,0,1,2,2,0,0,0,0,0,0,0,0
0,0,0,0,1,1,1,3,0,0,0,0,0,0
0,0,0,0,1,2,2,1,1,1,1,0,0,0
1,1,1,3,1,1,3,2,1,0,0,0,0,0
1,1,1,0,2,0,1,1,1,4,1,0,0,0
0,0,2,3,3,5,0,0,1,1,1,0,2,4
1,0,0,0,3,1,0,1,0,1,1,2,1,1
2,0,2,4,5,3,0,1,3,1,1,0,0,0
1,0,0,0,4,1,0,0,0,0,0,0,0,0
3,0,1,1,1,1,3,4,1,2,2,1,2,3
2,2,1,6,8,1,4,4,3,9,1,3,2,3
2,0,1,1,3,3,2,0,0,0,0,0,0,0
0,0,0,0,0,2,0,1,0,1,2,0,1,11
2,0,1,0,0,0,2,4,2,3,1,0,0,0
1,0,1,0,0,2,2,2,3,3,2,0,0,0
3,1,1,0,0,0,0,0,0,0,0,0,0,0
0,0,0,0,1,1,1,1,1,4,1,0,0,0
0,0,0,1,1,1,1,1,0,0,0,0,0,0
0,0,0,1,0,2,0,2,0,1,0,0,2,6
1,0,0,3,3,1,0,2,3,0,0,0,0,0
0,0,0,0,1,1,1,1,1,0,0,0,0,0
5,2,2,5,5,3,1,0,4,9,3,0,0,0
0,0,0,1,2,3,1,0,0,0,0,0,0,0
0,0,0,1,5,5,2,0,0,0,0,0,0,0
4,2,2,5,10,6,2,5,5,9,6,2,2,4
0,0,1,0,2,1,1,0,1,2,2,1,1,1
0,0,0,0,0,0,0,1,1,3,1,0,0,0
0,1,1,0,2,3,1,3,0,0,0,0,0,0
7,1,1,3,2,6,2,2,2,1,2,0,0,0
1,0,0,0,1,0,1,1,2,1,1,0,0,0
1,1,1,2,2,3,0,0,0,0,0,0,0,0
1,1,0,2,0,1,1,0,0,5,1,0,0,0
1,0,1,1,1,1,2,1,2,0,0,0,0,0
1,0,0,1,1,0,0,0,1,3,1,0,0,0
0,0,0,0,0,0,0,0,0,0,0,0,0,6
1,0,1,0,0,0,1,0,0,1,0,2,1,6
1,0,0,0,3,1,1,3,1,4,1,1,1,4
3,4,2,4,4,0,1,4,2,4,2,0,1,4
8,2,0,2,2,2,1,0,0,3,3,0,0,0
0,1,0,0,0,0,1,1,1,4,1,0,0,0
0,0,0,0,0,1,1,0,0,3,1,3,3,1
0,0,0,4,1,3,2,4,2,1,1,0,5,3
0,1,2,0,1,3,0,1,1,2,1,0,0,0
1,2,1,4,3,4,4,5,0,8,1,1,1,2
2,0,0,1,2,1,0,1,3,5,1,0,0,0
1,3,0,3,2,2,3,0,3,8,4,2,2,6
1,0,2,0,1,5,3,1,0,0,0,0,0,0
1,0,1,0,0,0,1,1,0,3,2,0,0,0
1,1,0,0,0,0,1,1,2,2,1,0,0,0
0,0,0,2,3,1,2,0,0,0,0,0,0,0
2,1,1,1,3,0,1,2,1,2,1,0,0,0
2,4,0,3,5,3,2,7,3,10,2,3,3,2
0,0,0,0,0,2,2,0,3,2,1,0,0,0
1,0,0,2,1,1,2,0,0,0,0,0,0,0
0,1,0,0,0,0,0,0,1,0,1,0,2,5
0,0,0,1,2,3,0,0,0,0,0,0,0,0
3,0,0,0,2,1,0,2,2,1,0,0,1,4
4,1,4,3,8,8,0,6,2,2,3,5,4,17
9,3,3,8,16,11,6,13,14,10,4,2,5,8
4,0,3,4,4,3,2,6,1,5,1,1,5,3
3,2,0,0,0,0,0,0,0,0,0,0,0,0
0,1,2,2,5,2,3,8,5,8,1,1,2,4
0,0,0,1,1,0,0,1,0,0,0,0,3,3
3,3,1,4,2,2,2,5,1,4,1,0,0,0
8,3,2,4,3,8,4,9,5,13,1,2,1,3
1,0,0,0,1,0,1,1,1,8,1,0,0,0
0,0,0,0,0,0,0,0,0,0,0,0,1,4
1,1,2,0,2,4,2,0,0,0,0,0,0,0
2,0,0,0,0,4,1,3,1,0,0,0,0,0
0,0,0,0,0,0,0,0,0,3,2,0,0,0
1,0,0,0,0,1,0,1,1,3,1,0,0,0
1,1,2,0,0,1,1,0,1,0,2,1,2,1
0,1,1,2,1,4,0,11,2,8,1,1,2,9
1,0,0,2,1,3,1,0,2,3,0,0,0,0
0,0,1,1,1,1,1,1,2,0,0,0,0,0
1,0,1,0,0,3,1,0,3,0,1,1,1,4
1,0,1,0,0,1,0,1,3,1,0,1,4,7
0,0,1,0,0,0,0,1,1,1,0,1,3,4
0,1,0,0,1,1,0,0,0,0,0,1,1,6
0,0,0,1,1,2,1,0,0,0,0,0,0,0
1,0,0,1,4,2,0,0,0,2,1,1,3,1
0,1,0,2,1,1,0,2,1,3,3,0,0,0
0,0,0,1,1,6,1,1,1,0,0,0,0,0
0,0,0,0,3,3,1,3,1,0,0,0,0,0
0,1,0,2,3,4,0,4,2,2,2,0,0,0
0,0,1,4,0,0,0,0,0,0,0,0,0,0
0,0,0,1,2,2,2,0,1,4,0,0,0,0
1,1,1,1,1,0,0,0,0,0,0,0,0,0
1,1,0,1,2,2,1,4,3,2,0,0,4,2
1,0,0,0,1,1,1,0,1,3,1,0,0,0
1,1,1,1,4,2,5,1,1,3,1,0,0,0
0,0,0,0,3,2,0,0,0,2,0,0,1,5
2,0,1,1,2,2,2,1,0,0,0,0,0,0
1,1,0,7,7,2,2,6,4,5,1,0,0,0
0,1,2,4,4,4,0,3,2,2,1,0,0,0
0,0,1,0,1,4,1,0,0,0,0,0,0,0
0,1,1,2,3,2,2,0,2,3,2,0,0,0
0,1,0,1,2,1,1,1,2,1,1,0,0,0
4,1,0,3,2,2,0,0,2,1,2,0,0,0
1,2,1,2,0,0,0,0,0,0,0,0,0,0
6,1,5,5,7,8,4,5,7,9,5,6,1,6
0,0,0,0,0,0,0,1,0,0,0,0,4,6
1,3,4,1,2,4,2,1,1,2,0,2,6,15
0,0,0,0,0,1,0,1,1,1,0,0,4,4
1,0,0,0,0,0,0,0,1,0,0,1,1,9
0,0,0,0,2,2,2,1,1,1,1,0,0,0
0,0,0,1,0,0,1,2,2,1,2,2,1,2
4,0,1,3,2,2,1,2,1,4,1,0,0,0
1,0,0,2,0,2,1,5,1,1,1,0,0,0
4,2,1,1,1,0,0,0,2,2,0,0,3,2
1,1,0,1,2,2,0,0,0,0,0,0,0,0
0,0,1,0,3,4,2,4,1,11,5,5,3,7
0,1,0,1,2,2,0,3,4,7,1,0,0,0
2,3,1,1,0,8,0,5,4,11,2,2,6,11
2,2,3,0,2,1,1,1,1,0,0,0,0,0
0,1,0,3,0,0,0,0,2,3,2,2,2,9
1,1,1,1,1,0,1,1,3,0,0,0,0,0
0,0,0,0,0,1,0,1,2,1,2,0,0,0
1,1,2,2,10,3,5,4,2,3,2,0,0,0
0,0,1,0,2,0,1,0,3,3,0,1,1,3
1,0,4,1,0,0,0,0,0,0,0,0,0,0
0,0,1,1,2,1,1,2,1,0,0,0,0,0
0,0,0,2,2,1,0,0,0,0,0,0,0,0
1,1,1,3,5,3,2,4,2,6,3,1,2,2
0,0,0,0,0,0,1,1,0,3,1,0,2,10
0,0,2,2,1,1,0,1,3,13,3,0,0,0
0,0,0,0,0,0,0,0,2,2,1,0,0,0
0,0,1,1,2,2,2,3,2,1,1,0,0,6
0,0,0,0,1,1,0,1,2,5,0,0,0,5
0,1,0,1,2,2,2,2,3,8,3,2,1,2
4,2,3,3,8,7,2,5,4,7,3,1,5,5
0,0,0,0,1,2,0,2,2,1,1,0,0,0
0,0,0,2,3,1,1,3,0,0,0,0,0,0
0,0,1,1,1,1,1,0,0,0,0,0,0,0
5,2,5,7,11,11,2,1,2,6,3,2,3,2
0,1,1,0,2,1,2,0,0,0,0,0,0,0
0,0,0,0,0,0,0,0,0,1,0,1,2,3
0,0,0,0,0,0,0,1,0,0,1,1,1,3
2,1,1,1,0,1,1,1,0,0,2,1,1,2
0,1,1,2,2,1,0,0,0,0,0,0,0,0
0,1,1,1,2,0,0,0,0,0,0,0,0,0
1,1,2,2,5,3,2,0,0,6,1,0,0,0
0,0,0,1,2,1,1,0,0,0,0,0,0,0
0,0,0,1,1,1,1,1,1,0,0,0,0,0
0,0,0,5,3,5,0,3,4,5,1,3,2,7
0,0,1,2,1,3,0,0,0,0,0,0,0,0
0,0,0,2,3,2,1,4,2,3,1,0,0,0
0,0,0,0,5,1,2,1,1,0,0,0,0,0
2,1,1,0,3,3,0,0,0,0,0,0,0,0
0,0,1,3,1,0,0,2,2,1,0,0,3,3
2,0,0,0,1,2,1,1,3,0,0,0,0,0
0,0,0,2,2,1,1,1,1,1,1,0,0,0
1,1,1,3,3,1,2,2,2,6,1,0,3,2
1,1,0,0,3,1,3,2,1,4,2,0,0,0
0,0,0,2,1,2,0,3,2,3,2,0,0,0
1,0,1,2,0,1,1,2,1,3,0,2,1,2
2,0,0,1,2,2,0,0,0,0,0,0,0,0
7,6,8,14,14,16,1,12,11,9,2,2,3,9
1,1,1,1,1,0,2,0,0,3,0,2,2,3
1,1,1,4,5,2,0,1,1,3,1,0,0,0
0,2,3,1,4,3,2,1,1,4,1,0,0,0
8,4,6,8,14,14,7,6,13,14,7,5,7,9
4,1,1,3,1,2,1,0,2,1,2,0,0,0
3,1,3,3,2,4,1,2,3,0,0,0,0,0
1,0,2,1,1,1,0,1,1,0,2,1,1,1
2,0,1,3,3,2,1,0,0,0,0,0,0,0
0,0,0,0,1,0,3,1,1,0,0,0,1,6
1,0,0,1,0,1,0,1,0,5,1,0,1,4
1,0,0,1,0,0,0,0,0,0,0,3,3,17
0,0,0,2,1,2,1,3,1,1,1,0,0,0
1,1,2,2,1,0,0,0,0,0,0,0,0,0
2,1,1,1,1,2,2,0,0,0,0,0,0,0
0,0,3,2,3,3,4,3,4,11,2,0,2,4
1,0,0,0,2,2,2,1,1,1,1,0,0,0
1,1,0,1,0,1,1,1,1,1,2,0,0,0
1,0,1,1,1,5,4,5,0,8,4,1,6,12
2,1,0,0,4,2,0,4,2,2,0,3,10,8
4,4,4,6,8,6,8,9,5,5,0,3,4,5
1,0,1,1,0,1,1,2,2,0,0,0,0,0
0,0,1,0,1,1,0,5,1,1,1,0,0,0
6,2,4,4,10,5,6,5,2,2,1,2,1,7
0,1,0,1,1,3,0,0,0,0,0,0,0,0
0,0,2,1,1,1,0,0,0,0,0,0,0,0
0,0,0,1,2,4,0,0,0,0,0,0,0,0
0,0,1,0,1,2,1,1,0,0,0,0,0,0
0,0,0,0,0,0,0,0,0,1,0,1,0,11
0,0,0,0,0,1,0,0,0,1,0,1,2,2
2,0,1,2,5,4,3,2,0,3,4,0,0,0
1,0,1,1,2,4,1,2,2,3,1,0,0,0
0,0,0,2,0,0,0,0,0,2,1,0,1,4
0,0,0,0,0,2,1,3,2,1,2,0,0,0
5,3,3,6,9,7,2,7,1,4,3,7,1,5
1,0,2,2,4,3,2,0,0,0,0,0,0,0
0,0,2,0,0,2,1,3,1,0,0,0,0,0
1,0,0,1,3,1,0,0,0,0,0,0,0,0
1,1,0,0,0,1,0,4,1,2,1,0,0,0
1,2,3,4,0,3,1,1,3,4,3,3,2,5
2,0,0,1,2,0,0,1,0,2,1,2,1,2
0,1,1,1,0,0,1,1,1,1,2,0,0,0
4,0,0,2,1,3,1,2,1,4,1,0,0,0
1,0,0,4,2,0,0,0,0,0,0,0,0,0
2,2,0,0,0,2,0,0,0,4,1,0,0,0
0,0,0,0,0,0,0,0,0,0,0,0,0,27
0,0,0,0,2,1,1,1,2,0,0,0,0,0
1,0,0,0,1,0,1,2,0,2,1,3,2,13
0,1,2,0,0,2,2,3,1,1,3,2,2,11
3,0,1,1,0,2,3,0,0,0,0,0,0,0
0,1,0,2,4,3,2,4,2,4,1,1,2,6
6,2,0,0,0,0,0,0,0,0,0,0,0,0
0,0,0,2,0,2,0,2,1,3,1,0,0,0
1,0,3,0,2,2,0,5,3,1,3,2,1,1
0,0,1,2,0,3,0,0,1,1,3,0,0,0
1,0,1,2,2,1,1,7,0,0,0,0,0,0
0,0,0,0,2,2,1,0,0,0,0,0,0,0
0,1,0,2,4,2,0,1,2,4,1,0,0,0
0,0,0,0,0,0,2,2,2,0,0,0,0,0
0,1,0,0,2,1,2,0,0,0,0,0,0,0
2,0,0,1,1,1,2,1,1,0,0,0,0,0
7,2,2,3,4,10,5,5,5,11,2,4,4,5
0,0,0,0,0,0,0,1,0,0,0,1,1,21
3,1,2,2,2,3,1,3,4,9,4,3,4,15
1,1,0,1,1,1,1,2,0,0,0,0,0,0
0,0,0,2,1,1,0,2,2,1,1,0,0,0
2,2,1,3,1,0,0,0,0,0,0,0,0,0
0,0,0,0,0,0,0,1,0,1,0,0,0,17
0,1,0,0,1,1,0,1,0,4,2,0,0,0
1,0,1,0,1,2,1,4,4,2,0,1,2,2
2,1,4,6,6,6,2,5,4,9,3,4,2,5
1,0,0,3,0,0,2,2,0,2,2,2,2,1
5,2,0,2,0,5,1,2,2,3,1,0,0,0
2,1,0,3,1,2,1,0,0,0,0,0,0,0
0,0,0,0,1,0,1,0,0,0,0,0,1,7
1,0,0,0,0,1,0,1,0,2,1,1,1,2
1,0,2,0,3,2,1,0,0,0,0,0,0,0
0,1,1,1,1,2,1,2,1,2,1,0,0,0
1,0,1,1,1,0,0,0,2,8,4,1,3,6
0,0,1,1,2,3,1,3,1,1,1,0,1,5
3,1,1,2,2,0,0,0,0,0,0,0,0,0
0,0,1,2,3,2,0,1,0,3,2,0,0,0
1,0,0,0,0,1,0,1,3,1,2,0,0,0
1,0,1,0,0,1,2,0,1,3,1,0,0,0
0,0,0,2,3,2,0,1,1,1,1,3,1,7
1,0,1,2,1,2,0,0,0,0,0,0,0,0
2,4,0,0,0,0,0,0,0,0,0,0,0,0
1,3,0,5,7,5,0,0,0,0,0,0,0,0
0,0,0,0,1,3,1,0,0,0,0,0,0,0
0,0,0,1,2,2,1,0,0,0,0,0,0,0
0,0,0,2,2,1,1,0,0,0,0,0,0,0
1,0,1,2,1,0,0,2,4,3,2,0,0,0
1,0,0,0,1,1,1,1,0,3,0,2,1,3
2,2,2,0,1,1,2,8,1,1,1,0,0,0
0,0,0,0,1,0,0,0,2,2,0,0,3,22
7,10,4,9,12,3,4,15,9,9,3,3,2,14
1,0,1,2,1,2,0,0,0,0,0,0,0,0
2,0,0,2,5,1,1,1,0,0,0,2,2,3
2,1,0,1,4,2,3,2,0,4,1,0,0,0
1,0,1,2,1,2,1,2,1,4,1,2,5,7
0,1,0,0,0,1,0,0,0,4,1,0,0,0
3,1,1,2,3,4,2,2,1,2,0,0,1,6
0,0,0,0,0,0,0,0,2,0,1,1,1,7
1,1,0,0,0,0,0,0,1,3,1,1,9,5
0,0,0,0,0,0,0,0,0,0,0,1,1,4
0,0,1,0,2,3,1,0,0,0,0,0,0,0
1,0,1,1,1,0,0,4,4,0,0,1,2,2
0,1,0,1,2,1,2,0,0,0,0,0,0,0
2,0,1,0,4,1,2,2,1,0,2,1,1,1
1,1,0,3,2,3,0,2,4,8,4,1,2,11
1,0,0,0,0,1,2,1,1,0,0,0,0,0
1,1,2,1,2,0,2,3,0,2,1,0,3,2
1,1,0,1,4,2,2,0,3,7,1,1,1,3
1,1,2,0,2,4,2,4,1,1,1,0,0,0
2,1,0,1,2,2,0,1,0,1,0,0,3,9
0,0,0,0,0,2,0,0,0,1,0,1,1,4
0,0,1,3,1,3,1,0,0,0,0,0,0,0
0,1,0,0,1,1,0,1,2,2,1,0,0,0
0,3,0,3,0,1,0,2,1,2,0,0,1,4
1,1,0,1,1,1,0,0,0,1,0,0,3,3
2,0,1,2,3,3,1,5,2,4,2,0,0,5
1,0,0,1,2,2,0,0,0,0,0,0,0,0
7,4,3,5,10,11,10,4,6,14,3,3,5,7
2,3,1,2,4,6,2,5,5,5,0,3,2,7
1,0,0,1,0,0,0,0,0,0,2,0,0,5
0,1,1,0,2,1,1,1,2,0,0,0,0,0
4,0,3,3,5,3,3,6,1,1,0,3,2,1
1,0,0,1,3,1,0,0,0,0,0,0,0,0
0,0,0,0,0,0,0,0,0,0,0,1,1,6
1,0,0,1,0,1,0,2,2,1,1,1,2,1
1,1,0,3,7,10,2,5,6,12,3,2,6,6
0,0,0,0,0,0,1,0,0,0,0,0,3,2
0,0,0,0,0,2,0,1,2,2,1,0,0,0
3,3,1,5,3,1,1,6,1,3,2,0,0,0
1,0,2,0,1,2,1,1,0,4,1,0,0,0
2,2,1,2,2,3,1,2,4,0,0,0,0,0
0,0,0,0,1,4,1,1,0,0,0,0,0,0
1,0,2,3,4,0,0,5,1,2,1,0,0,0
0,2,0,0,2,3,1,3,0,0,0,0,0,0
0,2,0,0,2,2,1,0,0,0,0,0,0,0
1,0,0,4,4,2,1,6,2,3,2,1,3,7
1,0,0,1,1,3,2,4,0,5,1,0,0,8
2,1,1,2,3,5,1,1,1,3,1,0,0,0
0,2,0,2,2,4,1,1,0,0,0,0,0,0
0,1,0,3,2,4,1,3,1,0,0,0,0,0
3,0,1,1,1,2,0,0,0,0,0,0,0,0
0,0,1,2,1,0,0,0,1,3,1,0,0,0
1,0,0,1,2,2,2,0,2,3,1,0,0,0
1,0,0,0,0,2,0,1,2,1,0,0,3,4
0,1,0,1,3,2,0,0,0,0,0,0,0,0
0,0,0,0,0,3,1,3,0,0,0,0,0,0
4,1,0,0,0,0,0,0,0,0,0,0,0,0
5,2,1,2,7,6,5,6,3,8,5,2,1,5
3,0,0,2,1,2,1,1,1,0,0,0,0,0
6,3,2,6,6,3,4,3,5,6,3,3,2,5
2,0,0,4,2,3,0,1,1,5,1,0,0,0
4,2,2,6,11,3,4,8,1,10,3,1,3,4
2,1,1,3,3,2,2,0,0,4,1,0,0,0
2,1,3,1,3,7,0,0,5,11,5,5,1,5
1,2,0,2,1,3,2,0,3,1,0,0,3,2
2,1,0,5,3,3,1,1,2,2,2,1,1,2
2,3,1,1,2,1,0,2,0,0,0,0,3,2
2,0,1,1,3,0,0,0,0,0,0,0,0,0
3,0,1,2,2,1,1,3,0,0,0,0,4,2
0,0,0,1,1,2,2,0,0,0,0,0,0,0
1,0,0,2,3,1,1,0,0,0,0,0,0,0
5,2,1,2,8,8,2,6,3,5,1,4,3,2
1,1,2,1,1,3,0,0,0,0,0,0,0,0
0,0,1,1,2,3,1,0,0,0,0,0,0,0
2,0,2,3,3,5,1,1,0,4,2,0,0,0
0,1,0,3,1,1,0,0,0,0,0,0,0,0
0,3,0,0,3,1,1,0,0,0,0,0,0,0
4,1,1,1,1,0,0,2,1,1,1,0,0,0
2,1,0,0,3,2,0,4,3,3,3,0,0,0
0,1,0,1,3,1,0,0,0,0,0,0,0,0
0,0,0,0,0,0,1,2,1,2,2,0,0,0
0,0,1,2,0,1,0,3,1,2,2,0,0,0
3,0,1,6,2,2,3,4,3,0,0,0,0,0
1,0,0,0,1,1,1,3,0,0,0,0,0,0
0,1,0,2,2,1,2,0,0,0,0,0,0,0
0,0,2,1,2,0,2,0,1,2,0,1,3,6
0,2,1,1,2,6,0,0,1,3,1,0,0,0
2,1,2,0,1,1,3,2,1,0,0,0,0,0
2,1,3,8,11,7,7,12,13,24,6,8,10,19
0,0,0,0,2,1,0,1,2,3,0,3,4,12
2,0,1,1,2,1,1,0,0,0,0,0,0,0
1,0,0,1,1,0,0,1,1,2,2,0,0,0
1,0,0,1,2,1,1,0,0,0,0,0,0,0
3,1,0,2,0,2,4,4,1,0,0,0,0,0
0,0,0,1,2,3,1,0,0,0,0,0,0,0
4,0,2,1,2,3,2,1,0,5,0,0,1,5
0,0,1,0,1,0,0,0,3,1,2,0,0,0
2,1,0,1,2,2,0,3,0,3,2,0,0,0
5,0,0,0,0,0,0,0,0,0,0,0,0,0
0,0,0,3,1,1,1,1,0,0,0,0,0,0
3,0,2,3,1,4,5,4,3,2,1,0,0,0
0,2,0,1,1,5,0,1,2,1,0,2,0,7
6,0,0,1,2,4,3,3,4,2,1,0,0,0
0,0,0,0,1,2,0,1,2,2,1,0,0,0
3,0,3,5,2,2,4,2,2,2,2,0,0,0
0,0,1,0,0,2,4,1,1,6,2,0,0,0
0,0,0,1,2,1,0,2,1,1,1,0,1,4
1,0,2,1,2,2,1,1,0,0,0,0,0,0
1,0,0,1,0,0,0,1,0,1,0,0,3,7
2,0,1,5,3,0,0,0,3,5,3,0,0,0
1,0,0,2,0,2,2,2,0,0,0,0,0,0
0,0,0,1,3,3,1,2,2,7,2,4,3,7
1,1,1,1,0,0,4,2,3,2,1,0,0,0
2,0,1,0,2,2,0,0,0,5,2,0,0,8
0,0,0,0,0,2,1,2,1,0,0,0,0,0
1,1,2,1,1,2,0,0,0,0,0,0,0,0
0,0,0,1,1,1,1,2,1,0,0,0,0,0
2,0,1,2,4,2,2,2,4,8,1,0,0,0
3,0,1,0,2,0,1,0,2,6,4,2,3,11
1,0,0,1,0,2,0,2,1,4,1,0,0,0
0,0,0,0,0,0,1,0,0,1,0,0,2,3
1,2,2,1,0,0,0,0,0,0,0,0,0,0
1,0,0,1,2,2,0,1,1,2,2,0,0,0
2,3,5,4,2,4,4,6,8,18,3,1,5,14
2,0,2,1,0,4,1,3,2,1,2,0,0,0
6,1,0,7,4,5,3,1,3,7,2,2,2,1
0,1,0,1,5,1,1,0,0,0,0,0,0,0
3,1,3,6,3,3,2,0,0,0,0,0,0,0
1,0,0,1,1,2,2,0,0,0,0,0,0,0
0,0,1,1,1,3,0,0,0,0,0,0,0,0
0,0,3,1,4,0,1,3,2,0,0,0,0,0
0,0,0,2,1,2,0,2,1,1,1,0,0,0
0,0,1,0,0,0,3,1,1,1,1,0,0,0
0,0,0,0,0,0,1,0,0,0,1,1,2,19
0,0,1,1,1,0,1,1,2,3,1,0,0,0
2,0,1,2,1,1,0,1,2,1,1,0,0,0
1,0,0,0,0,1,1,2,1,2,1,0,0,0
0,0,0,0,2,0,0,0,1,5,0,1,1,4
1,0,0,0,0,1,0,1,1,1,2,0,0,0
2,1,3,1,0,0,0,0,0,0,0,0,0,0
0,1,2,2,3,0,0,0,0,0,0,0,0,0
0,1,0,2,1,3,0,0,0,0,0,0,0,0
0,0,0,0,0,0,0,0,0,0,0,0,0,12
4,0,1,8,3,0,2,6,2,10,4,4,4,18
1,0,0,1,2,0,1,2,2,1,1,0,0,0
0,1,2,0,2,3,0,4,1,3,1,0,0,0
1,0,4,3,2,4,1,3,4,2,1,2,3,2
3,0,1,1,1,2,2,0,0,0,0,0,0,0
2,0,0,0,1,1,0,3,1,4,3,1,1,3
5,1,2,7,8,5,5,6,4,8,2,4,3,10
2,0,1,0,1,3,0,2,1,1,1,0,0,0
1,0,0,3,1,3,0,0,0,0,0,0,0,0
6,6,5,12,14,12,5,11,12,11,1,0,5,9
1,1,0,4,3,3,0,0,0,0,0,0,0,0
1,0,0,0,0,0,0,0,0,0,0,1,2,5
0,1,0,2,1,1,1,1,1,2,1,0,0,0
2,1,0,0,1,2,0,1,1,0,0,1,1,3
1,1,2,2,1,0,0,1,0,0,1,1,0,9
0,1,0,1,1,2,1,0,0,0,0,0,0,0
1,0,1,1,1,1,1,1,2,2,1,0,0,0
7,2,4,4,5,7,4,7,2,6,3,4,3,1
0,0,1,4,3,3,0,3,2,0,0,0,0,0
3,1,0,2,9,6,2,3,4,8,2,3,2,5
0,0,0,0,1,0,0,0,0,0,1,0,1,6
1,1,1,1,1,0,0,0,0,0,0,0,0,0
6,4,6,4,11,13,2,8,4,9,2,5,6,5
5,0,2,1,1,1,4,5,1,2,1,0,0,0
0,1,0,0,2,2,1,2,0,0,0,0,0,0
3,1,9,3,3,8,1,3,4,6,1,4,3,6
6,2,3,1,6,9,4,8,8,6,3,1,1,3
2,2,0,0,1,2,1,4,1,1,1,0,0,0
1,0,1,0,1,5,1,0,0,0,0,0,0,0
1,0,0,0,4,1,0,0,0,0,0,0,0,0
0,0,0,0,1,1,1,3,2,1,1,0,0,0
0,1,0,1,1,3,0,4,0,4,1,2,2,4
2,0,0,1,1,3,0,2,1,2,1,0,0,0
2,2,2,2,4,2,1,1,2,2,2,0,0,0
0,0,0,1,0,1,0,1,3,2,1,0,0,0
0,0,1,3,1,0,0,0,0,0,0,0,0,0
1,0,1,1,1,2,0,0,0,0,0,0,0,0
4,1,1,0,3,1,3,1,1,3,0,1,1,4
0,0,4,0,0,5,2,2,1,2,1,0,0,0
3,0,0,0,1,0,2,4,1,0,0,0,0,0
1,0,1,1,0,1,1,0,1,3,2,0,0,0
1,0,1,0,2,1,0,2,1,1,1,0,0,0
0,0,0,3,1,2,0,0,0,0,0,0,0,0
1,2,3,2,6,4,2,2,4,7,0,1,1,5
1,0,2,2,1,0,0,0,0,0,0,0,0,0
1,0,0,1,1,0,1,1,1,1,1,0,0,0
1,1,0,2,1,1,0,0,0,0,0,0,0,5
0,1,1,4,3,4,1,6,6,6,4,4,2,9
2,1,0,1,2,3,0,1,1,2,3,0,0,0
0,0,0,1,1,1,2,0,0,0,0,0,0,0
2,1,0,1,4,2,1,2,0,0,0,0,0,0
0,0,0,1,3,1,1,1,0,0,0,0,0,0
0,0,1,0,0,0,0,1,0,2,0,0,1,4
0,1,2,1,2,3,1,1,1,2,0,0,1,4
2,1,1,1,3,2,2,1,0,0,0,0,0,0
2,0,0,0,0,1,2,1,2,2,0,2,1,2
0,2,0,0,5,1,2,2,1,6,1,0,3,2
0,0,0,1,1,2,1,2,2,0,0,0,0,0
3,0,2,0,2,1,1,0,0,0,0,0,0,5
1,0,3,1,3,2,1,1,2,1,1,0,0,0
2,2,1,6,8,6,6,8,2,6,0,2,1,7
0,0,0,2,3,3,0,0,4,4,0,3,5,21
2,0,0,0,0,1,0,1,2,6,1,0,4,16
0,1,1,0,1,3,2,6,2,6,0,1,6,10
0,1,0,0,0,1,1,1,0,5,2,0,0,0
3,0,2,4,2,2,1,2,0,3,2,2,2,5
0,1,2,0,1,4,1,2,2,1,1,0,0,0
0,0,0,3,1,1,0,0,3,0,2,1,1,1
0,0,3,2,0,0,1,0,3,6,1,1,1,4
1,2,2,1,1,2,1,0,0,0,0,0,0,0
1,2,0,2,1,3,1,0,0,0,0,0,0,0
5,6,3,6,13,16,7,12,10,18,4,4,4,6
0,0,0,0,0,0,0,0,0,1,0,5,8,15
0,0,0,0,1,1,1,1,1,1,1,0,0,0
0,0,0,0,1,1,1,2,1,0,0,0,0,0
0,0,0,1,3,1,0,0,0,0,0,0,0,0
0,1,0,0,1,2,2,0,0,0,0,0,0,0
11,10,5,10,18,17,1,16,13,14,3,7,4,11
1,1,0,2,2,0,1,6,2,15,3,2,5,6
0,0,0,0,2,0,1,2,1,2,1,0,0,0
1,0,0,1,2,1,2,1,0,0,0,0,0,0
0,0,0,0,3,2,1,0,0,0,0,0,0,0
0,0,1,1,5,4,2,2,2,3,1,0,0,0
3,1,0,0,4,0,0,1,3,2,1,0,0,0
1,1,0,2,2,1,0,0,0,0,0,0,0,0
5,3,3,9,5,5,5,3,4,6,3,0,2,7
8,1,5,10,5,6,2,4,3,11,1,1,0,11
0,1,1,2,3,5,0,1,2,4,1,0,0,0
1,0,2,1,1,0,0,2,1,2,1,0,0,0
2,0,2,4,4,2,4,6,4,5,3,3,3,5
2,0,0,1,2,5,2,2,1,3,1,0,0,0
2,0,2,3,3,3,3,2,1,3,1,0,2,3
4,0,1,5,5,6,3,4,2,1,1,2,1,2
2,1,1,0,0,0,0,0,0,1,3,1,1,2
1,0,0,0,1,2,1,3,1,2,0,0,3,3
1,0,0,1,1,3,1,0,0,0,0,0,0,0
0,0,1,0,1,0,0,1,1,0,1,0,1,6
4,0,3,3,2,9,3,12,4,12,3,2,4,8
1,0,0,1,0,3,1,1,0,0,0,0,0,0
1,2,2,0,3,1,0,3,5,1,0,0,0,0
0,1,1,1,1,2,0,0,0,0,0,0,0,0
0,0,1,1,1,1,3,0,0,0,0,0,0,0
1,0,1,1,1,2,1,0,0,0,0,0,0,0
1,0,1,0,4,1,1,0,0,0,0,0,0,0
5,1,2,4,5,8,4,3,4,4,1,0,0,0
1,2,0,0,1,6,0,0,0,0,0,0,0,0
1,0,1,0,3,1,1,2,1,3,1,0,0,0
1,0,1,1,2,1,0,1,2,1,2,0,0,0
7,2,3,11,8,9,3,6,1,4,1,2,1,4
3,2,2,0,0,0,0,0,0,0,0,0,0,0
0,0,0,0,0,0,0,0,0,0,0,0,3,4
3,0,0,0,3,2,0,1,0,3,2,0,0,0
0,0,0,1,3,1,1,0,0,0,0,0,0,0
0,0,0,1,2,3,1,4,0,6,1,0,0,0
0,0,1,1,2,2,0,0,0,0,0,0,0,0
2,1,1,3,1,2,0,1,4,5,1,2,1,1
0,0,0,0,2,2,0,0,0,1,1,1,1,1
2,0,1,2,1,2,0,1,2,1,2,1,1,2
0,1,0,0,1,1,2,2,1,2,0,1,2,2
0,0,0,2,2,1,1,1,1,0,0,0,0,0
0,0,1,0,0,3,1,1,1,1,1,0,0,0
1,0,1,2,1,2,0,0,0,0,0,0,0,0
0,1,0,2,1,2,1,1,2,0,0,0,0,0
0,1,0,1,1,2,1,0,0,0,0,0,0,0
12,8,10,11,18,15,10,13,10,13,5,3,7,10
1,1,1,1,2,3,3,3,1,2,1,0,0,0
1,2,0,2,2,3,0,1,4,11,2,4,4,6
1,0,1,1,4,0,1,4,1,2,1,0,0,0
3,2,0,0,1,2,1,4,3,4,3,2,4,8
1,0,0,2,1,1,1,0,0,0,0,0,0,0
2,0,0,2,2,0,1,2,1,1,1,0,0,0
1,1,0,2,1,1,1,1,0,0,0,0,0,0
0,0,1,0,0,1,0,1,2,2,1,0,0,0
0,0,0,0,1,0,0,0,0,0,0,3,3,5
0,0,1,2,1,0,1,3,1,0,0,0,0,0
1,1,0,2,1,4,0,2,1,3,2,1,1,1
2,0,2,0,1,0,0,0,0,1,0,1,1,5
0,0,0,0,0,0,0,0,0,1,0,1,3,5
0,0,0,1,2,2,1,6,0,2,3,0,3,5
0,0,1,0,2,2,1,0,0,0,0,0,0,0
0,0,1,3,1,0,1,1,1,7,0,2,1,2
0,1,0,1,0,1,0,0,0,2,0,1,2,9
1,1,0,0,2,2,2,0,0,0,0,0,0,0
1,0,1,0,0,1,0,0,2,1,2,0,0,0
0,2,0,1,0,2,2,0,1,3,1,0,0,0
0,0,0,0,0,1,0,3,0,3,2,0,0,0
0,2,0,2,0,0,0,5,0,0,0,0,0,0
0,0,0,0,2,1,0,1,1,2,1,0,0,0
3,1,0,2,2,4,3,0,0,0,0,0,0,0
1,1,0,4,2,2,3,3,3,10,3,2,1,9
0,0,1,1,1,2,0,0,0,0,0,0,0,0
1,2,0,2,1,2,1,0,2,3,0,2,3,3
0,0,0,0,0,0,0,0,0,0,0,0,1,4
0,3,2,0,1,3,3,0,0,0,0,0,0,0
0,0,0,1,1,2,1,0,0,0,0,0,0,0
1,0,1,2,1,1,1,2,2,1,1,0,2,3
0,1,1,2,4,5,1,1,1,2,0,0,1,4
1,0,0,0,1,1,1,1,0,4,1,0,0,0
0,0,1,0,3,2,1,1,2,0,0,0,0,0
0,0,0,0,2,1,0,1,0,1,0,0,2,6
1,1,2,1,1,1,2,1,2,1,1,0,0,0
0,0,0,0,0,0,0,0,0,0,0,0,3,7
2,1,1,1,0,0,0,0,0,0,0,0,0,0
1,0,1,2,6,0,4,0,0,4,1,0,0,0
0,2,2,4,4,7,0,3,2,0,0,0,0,0
1,0,3,0,2,2,2,0,0,0,0,0,0,0
0,0,0,1,0,1,0,2,0,2,1,1,1,2
0,0,1,0,0,5,0,0,0,0,0,0,0,0
2,0,1,6,16,8,3,9,1,8,3,0,0,0
2,1,1,3,1,2,0,0,0,0,0,0,0,0
1,1,1,0,4,2,0,2,3,0,0,0,0,0
2,1,0,0,2,1,0,2,0,0,0,1,2,5
0,1,0,0,2,1,0,1,1,4,1,0,0,0
1,1,0,1,4,4,2,1,0,0,0,0,0,0
0,0,0,0,0,0,0,2,1,1,0,0,0,5
3,1,1,0,1,0,0,3,2,0,0,0,0,0
1,0,1,0,0,1,0,1,3,1,1,1,1,3
2,1,1,0,3,1,1,1,1,6,2,0,0,0
1,1,2,1,3,2,1,1,2,1,1,0,0,0
1,0,1,1,3,4,0,0,0,0,0,0,0,0
0,0,2,0,0,2,0,1,1,1,3,0,0,0
1,1,0,1,0,0,0,1,0,0,0,2,2,3
3,3,2,5,4,8,1,8,1,2,5,0,0,0
0,0,1,0,0,1,1,1,1,0,2,1,0,5
1,1,1,1,1,0,0,0,0,0,0,0,0,0
0,0,0,1,2,2,0,0,0,0,0,0,0,0
3,0,0,1,2,2,1,3,0,0,0,0,0,0
1,0,0,5,1,4,1,2,0,0,0,1,0,7
1,2,1,0,0,3,0,0,2,4,1,0,0,0
2,1,2,2,4,3,2,1,2,3,2,0,1,4
1,0,0,0,1,0,1,2,1,2,2,0,0,0
0,0,0,0,1,0,0,0,0,0,0,2,0,5
3,2,1,0,1,1,1,3,1,0,0,0,0,0
0,1,1,2,3,1,1,2,0,0,0,0,0,0
4,0,0,1,2,1,1,5,2,0,0,0,0,0
1,0,1,0,0,0,0,3,2,0,0,0,0,0
0,0,0,0,1,0,0,1,2,2,1,0,0,0
5,1,0,5,7,2,0,5,2,2,3,0,0,0
0,0,0,1,1,2,2,1,1,0,0,0,0,0
4,2,0,1,2,5,1,3,1,1,1,0,0,0
1,1,2,0,0,1,1,2,1,2,1,0,0,0
4,1,2,1,2,2,1,0,0,0,0,0,0,0
4,2,2,6,6,3,6,6,3,6,2,4,1,4
0,0,1,0,0,0,0,1,0,0,0,0,1,10
3,1,2,2,5,8,1,3,2,3,1,6,6,5
2,1,3,1,0,0,0,1,0,4,2,0,0,0
0,0,0,0,0,0,0,0,0,0,0,1,0,6
1,0,1,1,5,2,1,0,0,0,0,0,0,0
0,0,0,0,0,0,0,2,1,1,1,0,0,0
1,0,0,0,2,3,1,0,0,0,0,0,0,0
1,0,0,1,1,2,1,0,0,0,0,0,0,0
1,0,0,1,1,3,1,2,1,4,2,0,0,0
7,4,1,7,8,9,2,2,4,5,0,1,3,3
0,2,0,0,2,0,0,1,3,2,0,0,0,0
0,0,0,4,1,0,0,0,0,0,0,0,0,0
1,2,1,4,3,0,0,1,1,2,1,3,2,3
0,0,0,0,0,0,0,0,0,0,0,1,2,5
5,0,0,2,7,3,1,3,1,7,1,2,1,1
0,0,0,1,2,2,2,0,0,0,0,0,0,0
3,1,3,6,1,0,1,4,1,4,1,0,0,0
0,0,0,0,0,0,3,3,2,7,1,0,2,3
0,0,0,0,0,0,1,0,0,0,0,2,2,5
1,1,0,3,1,2,1,0,0,0,0,0,0,0
0,0,0,0,0,0,0,0,0,1,0,0,1,4
1,0,0,1,3,3,1,5,2,0,4,2,5,3
1,1,0,0,2,2,1,0,0,0,0,0,0,0
0,0,0,1,1,0,2,1,2,1,1,0,0,0
1,1,0,1,1,1,2,3,0,0,0,0,0,0
1,0,0,1,3,2,0,0,0,0,0,0,0,0
2,1,1,3,0,0,0,0,0,0,0,0,0,0
0,0,1,6,2,3,1,0,1,2,0,1,2,2
1,0,0,0,0,1,1,2,1,0,0,0,0,0
0,0,1,1,1,2,1,0,0,0,0,0,0,0
2,0,1,1,1,0,0,2,1,2,1,0,0,0
1,0,0,0,6,1,1,0,0,0,0,0,0,0
1,1,1,3,0,6,4,3,3,4,1,0,0,0
4,1,0,0,0,0,0,0,0,0,0,0,0,0
2,2,5,4,5,5,3,4,1,6,2,0,0,0
0,0,0,0,2,2,1,1,1,1,1,0,0,0
2,2,0,1,3,1,0,0,0,0,0,0,0,0
0,0,0,4,0,0,1,2,2,3,2,1,1,3
0,2,0,3,4,7,2,11,3,9,2,5,3,8
0,0,0,1,0,4,1,0,0,0,0,0,0,0
0,0,1,1,1,2,0,0,0,0,0,0,0,0
0,0,0,0,0,1,1,2,1,0,0,0,0,0
1,1,0,0,0,1,1,2,1,0,0,0,0,0
10,0,4,2,14,8,5,8,3,8,3,2,2,3
1,0,0,1,1,4,1,2,0,0,0,0,0,0
0,1,1,3,1,3,1,1,1,4,1,0,0,0
0,0,0,2,2,4,5,4,5,4,2,2,2,3
1,0,0,0,2,2,1,0,0,0,0,0,0,0
0,1,0,2,1,2,1,1,2,2,1,0,0,0
2,2,5,2,3,2,1,2,1,7,4,2,2,6
2,0,0,1,4,2,0,1,2,3,0,1,1,7
0,0,0,0,1,0,1,2,1,2,0,1,2,2
0,1,0,2,0,1,0,1,0,1,2,2,1,1
1,0,0,1,2,1,1,1,1,0,0,0,0,0
0,1,0,0,1,1,2,3,0,0,0,0,0,0
3,1,2,1,4,1,3,2,1,3,1,0,0,0
1,0,0,0,1,1,1,2,2,2,1,0,0,0
2,0,0,1,0,0,0,3,1,1,1,0,0,0
1,0,0,2,4,4,0,4,3,4,2,2,3,8
0,2,0,0,4,1,0,0,0,0,0,0,0,0
0,1,1,3,4,3,0,0,0,0,0,0,0,0
1,2,0,1,3,3,0,1,1,2,1,0,0,0
0,0,0,2,3,3,5,3,5,7,5,1,2,6
2,1,1,2,1,3,0,1,0,4,0,2,3,2
5,3,4,6,12,14,8,14,7,7,1,0,5,14
0,1,1,1,0,1,3,1,1,2,1,0,0,0
10,6,8,12,19,18,7,13,5,11,7,4,3,4
1,1,0,3,2,3,1,1,0,0,2,1,1,3
1,0,1,3,3,5,1,2,0,11,3,2,1,6
2,1,1,2,0,0,0,0,0,0,0,0,0,0
0,1,0,0,1,1,0,1,1,3,1,0,0,0
1,1,2,2,4,3,1,3,2,2,1,1,0,8
0,0,0,0,1,0,0,0,0,2,0,0,0,10
0,1,0,0,0,1,2,2,0,0,0,0,0,0
0,0,0,1,0,0,0,2,0,0,1,2,1,2
1,0,2,1,0,0,0,2,1,1,2,0,2,8
0,1,0,1,2,2,1,0,0,0,0,0,0,0
0,0,0,1,1,0,0,0,1,3,1,0,0,0
0,1,2,2,2,2,1,2,1,0,0,0,0,0
1,1,1,0,1,1,3,0,0,0,0,0,0,0
1,0,1,1,1,3,2,0,0,0,0,0,0,0
1,0,0,1,0,1,2,1,2,0,0,0,0,0
1,2,1,1,1,2,1,0,0,0,0,0,0,0
1,1,0,2,2,3,1,0,0,0,0,0,0,0
0,0,1,0,0,0,0,0,0,2,2,5,8,18
1,0,1,2,0,0,0,3,0,2,2,2,5,13
1,0,1,2,2,1,0,1,0,7,0,0,2,4
0,0,0,0,3,6,1,3,2,3,3,6,3,4
1,0,1,3,3,2,2,8,1,11,3,3,5,8
0,0,0,1,0,1,0,2,0,1,1,1,5,14
2,0,3,4,2,4,1,1,1,5,3,0,0,0
10,5,2,13,19,13,4,17,12,8,5,2,1,5
0,0,0,0,0,0,0,1,2,1,1,0,0,0
3,0,1,2,2,2,1,0,1,1,1,1,1,2
1,0,1,1,3,1,2,0,0,0,0,0,0,0
0,0,1,1,1,1,1,0,0,0,0,0,0,0
0,1,2,0,1,0,0,3,0,4,0,1,1,4
1,0,2,1,2,0,0,0,0,0,0,0,0,0
0,0,0,2,0,2,1,1,2,0,0,0,0,0
1,4,0,0,0,0,0,0,0,0,0,0,0,0
0,0,0,1,0,0,0,0,0,1,0,2,0,5
2,1,0,0,1,4,0,2,3,0,0,0,0,0
0,0,1,1,3,0,2,2,0,6,0,1,1,4
0,0,0,0,1,0,0,0,0,4,0,0,2,3
6,2,0,1,3,4,2,1,2,0,0,0,0,0
1,2,1,1,7,4,1,5,2,3,1,0,2,3
2,2,3,14,6,15,5,3,2,10,0,2,1,5
1,0,0,1,3,3,1,3,4,4,1,0,0,0
2,0,0,1,0,1,0,1,1,2,1,0,0,5
3,0,0,2,2,2,0,0,0,0,0,0,0,0
2,1,0,6,3,4,4,2,2,3,2,0,0,0
0,2,0,0,4,4,0,2,2,3,1,1,1,6
1,0,1,1,3,2,1,4,0,3,1,2,0,5
1,0,2,1,2,0,0,0,0,0,0,0,0,0
1,1,1,1,4,8,1,2,2,1,2,0,0,0
0,2,0,3,1,0,2,2,2,2,1,1,3,1
23,1,8,11,14,20,8,7,7,18,3,3,1,6
3,0,2,2,5,0,1,0,1,3,1,0,0,0
1,1,0,0,0,2,0,2,1,4,1,0,0,0
1,0,1,6,1,3,4,5,0,0,0,0,0,0
0,0,0,0,1,1,1,1,2,1,1,0,0,0
0,1,0,2,3,0,2,3,0,0,0,0,0,0
1,1,0,1,2,1,1,0,0,0,0,0,0,0
0,0,1,0,2,5,1,4,0,0,0,0,0,0
5,1,1,4,4,3,6,4,2,6,3,2,1,7
1,0,1,0,1,2,0,0,2,2,1,0,0,0
0,0,0,0,0,0,0,0,0,0,0,0,4,8
0,1,0,0,0,2,1,2,0,0,0,0,0,0
1,0,0,0,1,1,0,0,1,0,0,1,2,2
0,0,0,0,1,2,0,0,2,2,1,0,0,0
1,1,0,1,0,1,0,1,0,1,1,2,1,2
0,3,2,10,5,9,2,10,9,17,7,3,7,7
0,0,0,1,3,4,2,1,0,0,0,0,0,0
1,0,2,0,3,3,3,10,6,9,3,5,2,20
2,1,2,3,5,2,2,1,1,6,3,3,2,4
0,0,0,0,3,0,1,1,1,1,1,0,0,0
2,0,0,4,2,2,3,5,2,0,0,0,0,0
0,0,1,1,2,0,1,0,1,2,0,2,1,2
2,3,1,5,5,6,4,4,1,7,1,0,0,0
3,0,1,2,6,5,1,3,3,2,1,0,0,0
0,1,0,2,0,3,0,1,1,3,2,0,0,0
1,0,0,0,4,1,0,0,0,0,0,0,0,0
0,0,0,1,0,1,0,2,3,2,0,0,1,4
1,0,1,0,3,1,1,1,4,7,1,0,0,0
0,0,0,0,0,1,0,0,0,1,0,2,3,1
0,0,1,1,0,0,0,0,0,3,1,0,1,10
0,0,0,2,0,1,0,0,2,2,2,0,0,0
0,1,0,1,2,1,1,0,0,0,0,0,0,0
2,0,2,0,1,1,0,2,3,0,0,0,0,0
4,0,0,1,1,2,1,1,1,0,0,0,0,0
0,0,0,1,0,4,1,0,0,0,0,0,0,0
0,0,3,1,2,0,0,0,0,0,0,0,0,0
2,0,0,0,1,0,0,2,0,2,2,2,2,5
0,0,1,1,0,3,1,1,1,1,3,0,0,0
1,0,1,1,3,1,0,0,0,0,0,0,0,0
1,0,0,1,1,0,1,1,1,0,0,0,2,6
1,0,0,0,0,0,0,0,0,0,0,2,1,7
0,0,0,3,0,1,0,4,2,0,0,0,0,0
8,8,5,9,11,9,3,8,3,6,3,2,1,5
1,0,0,4,3,1,3,4,4,2,1,0,4,5
9,3,4,3,8,4,3,6,2,5,2,2,2,2
0,1,1,0,2,3,2,0,0,0,0,0,0,0
1,1,1,2,3,2,1,1,2,0,0,0,0,0
3,2,1,3,1,9,0,2,2,6,2,0,0,0
1,1,4,2,2,0,2,1,3,1,0,1,3,7
6,0,1,2,6,1,2,4,4,7,3,3,2,4
1,0,0,1,3,2,0,1,1,4,1,0,0,0
0,1,0,0,0,2,0,1,0,2,1,4,1,19
1,3,0,1,1,0,0,1,0,1,2,1,2,2
1,2,0,2,0,1,0,1,1,5,1,0,0,0
4,2,1,5,6,1,4,3,1,5,4,1,1,1
0,1,0,2,1,2,0,0,0,0,0,0,0,0
1,2,3,3,0,0,0,0,0,0,0,0,0,0
1,0,1,0,0,0,0,1,1,2,1,0,0,0
1,0,1,1,2,2,3,1,2,1,1,0,0,0
1,0,0,1,1,1,1,2,0,0,0,0,0,0
2,0,0,2,3,2,2,3,1,1,1,0,0,0
0,0,1,3,1,2,0,0,0,0,0,0,0,0
0,1,0,3,2,0,3,6,1,1,1,0,0,0
0,0,0,1,1,3,3,0,0,0,0,0,0,0
4,0,2,0,5,7,4,5,1,4,1,1,2,2
1,0,1,3,6,2,0,2,3,2,1,0,0,0
4,0,1,2,5,5,1,4,0,0,2,1,1,2
1,0,1,2,3,2,2,0,0,0,0,0,0,0
0,0,0,0,0,0,0,0,0,1,0,1,1,8
0,0,0,1,2,3,1,3,2,6,2,3,4,7
3,0,1,3,2,0,1,0,2,1,0,0,1,6
0,1,2,1,1,2,1,0,0,0,0,0,0,0
0,0,0,1,1,2,1,0,0,0,0,0,0,0
1,0,2,1,2,3,2,2,2,0,0,0,0,0
2,0,0,2,4,6,1,4,0,1,0,0,3,2
1,1,8,7,11,2,4,6,1,7,0,4,3,2
5,3,4,5,6,10,5,3,5,5,3,2,1,4
0,2,0,1,0,3,1,1,2,0,0,0,0,0
0,0,0,0,0,0,0,1,0,0,0,0,0,5
1,2,2,3,0,3,0,2,3,1,2,2,5,2
2,0,4,8,6,5,2,4,1,5,1,2,1,1
0,1,0,3,5,1,1,0,0,0,0,0,0,0
2,1,1,1,2,1,0,0,0,4,1,0,0,0
3,0,0,2,6,4,1,1,1,2,1,0,0,0
2,1,2,1,2,0,0,0,0,0,0,0,0,0
0,0,1,0,1,2,1,1,0,2,0,3,1,4
1,2,2,1,1,5,1,2,3,0,0,0,0,0
1,0,0,0,1,1,2,2,1,2,1,0,0,0
0,0,0,0,0,0,3,1,1,0,0,0,0,0
1,1,0,0,4,2,0,5,2,2,1,2,2,6
0,0,0,0,3,1,0,1,1,1,2,0,0,0
0,2,0,2,1,1,1,1,0,0,0,0,0,0
1,1,1,0,2,4,1,0,1,1,3,0,0,0
0,0,0,0,0,0,0,0,0,0,0,0,1,4
3,1,2,2,6,3,2,7,8,6,4,1,2,6
2,0,3,1,3,0,1,3,1,0,0,0,0,0
4,3,4,2,4,5,3,5,4,3,2,0,2,4
0,0,0,1,2,2,0,0,0,0,0,0,0,0
3,0,1,2,2,3,2,2,1,0,1,0,0,5
0,0,0,1,3,0,2,0,0,1,0,2,5,5
0,0,0,1,0,2,1,1,0,4,1,0,0,0
1,1,0,2,2,0,1,3,2,1,2,0,0,0
1,0,0,1,1,2,0,1,0,6,0,2,1,3
1,0,0,2,4,2,0,0,0,0,0,0,0,0
5,0,0,0,0,0,0,0,0,0,0,0,0,0
0,0,0,1,3,1,1,3,1,1,3,0,0,0
2,1,1,1,1,4,4,3,2,2,1,0,0,0
0,0,1,0,1,0,0,0,0,2,1,1,1,2
5,0,0,2,3,4,1,1,0,5,2,0,4,1
0,0,0,2,2,3,0,2,3,0,0,0,0,0
0,1,1,3,1,1,1,0,0,0,0,0,0,0
1,0,1,1,2,1,1,0,0,0,0,0,0,0
0,1,0,2,1,0,0,3,0,1,1,3,1,3
1,2,1,1,2,1,1,0,0,0,0,0,0,0
0,0,0,0,0,0,2,0,0,0,1,3,2,21
0,0,0,1,1,2,1,0,0,0,0,0,0,0
0,0,0,0,0,0,0,1,1,1,1,0,3,3
0,1,1,1,2,1,1,0,0,0,0,0,0,0
1,0,1,0,3,3,0,1,2,7,3,1,2,6
4,1,2,0,0,0,0,0,0,0,0,0,0,0
0,0,0,2,0,0,0,2,1,1,1,0,0,0
0,0,0,1,0,2,1,3,1,3,1,0,0,0
0,0,0,1,2,2,2,0,0,0,0,0,0,0
0,2,1,3,2,2,0,3,1,7,2,1,0,10
0,0,0,0,1,1,0,0,3,1,1,0,0,0
2,2,0,1,0,3,1,0,2,2,1,0,0,0
3,0,1,2,3,1,2,1,1,0,0,0,0,0
0,0,0,0,1,1,0,1,2,1,1,0,0,0
0,1,1,1,2,2,2,0,1,3,4,0,0,5
0,0,3,2,0,0,0,0,0,0,0,0,0,0
1,1,0,2,1,0,1,2,1,3,0,1,1,6
2,2,0,1,1,3,3,0,0,0,0,0,0,0
3,1,2,0,2,0,0,2,0,2,4,0,4,12
0,1,1,1,1,1,0,0,0,0,0,0,0,0
1,0,0,1,1,1,1,1,0,1,1,0,3,7
11,4,8,7,8,8,4,10,3,8,2,2,2,14
3,1,3,3,6,2,1,1,1,7,3,5,4,20
1,0,0,1,3,2,0,0,0,0,0,0,0,0
5,0,1,5,3,5,4,6,2,3,1,1,2,9
1,1,0,0,1,2,1,1,0,1,0,0,0,8
3,0,1,2,4,2,0,2,2,1,1,0,0,0
0,2,2,2,3,1,0,4,2,1,0,1,1,4
5,6,2,3,2,4,2,9,1,6,1,1,1,2
0,1,2,1,1,0,0,0,0,0,0,0,0,0
2,1,0,0,2,1,0,0,2,1,0,1,1,7
2,1,0,2,6,6,3,10,7,9,4,5,2,9
0,1,0,1,2,2,1,1,1,0,0,0,0,0
0,0,0,0,1,1,2,2,2,1,2,0,0,0
2,0,1,0,3,5,0,1,1,1,0,1,1,4
0,0,0,0,4,3,0,0,0,0,0,0,0,0
8,5,2,3,6,8,3,6,7,8,8,11,5,6
2,0,0,0,0,1,2,1,1,5,0,0,3,7
1,0,1,1,3,4,2,4,2,5,2,0,0,0
0,1,0,1,1,1,0,1,3,1,2,0,0,0
1,1,0,2,1,0,0,1,1,2,0,2,2,3
3,1,0,1,4,0,0,0,1,3,1,1,1,1
1,0,1,1,2,1,0,0,0,0,0,0,0,0
1,1,2,1,0,0,0,0,0,0,0,0,0,0
0,0,0,0,1,1,2,1,1,4,1,2,1,4
0,3,1,8,9,3,3,3,1,4,1,4,2,4
1,0,1,2,1,0,1,3,0,2,1,1,3,2
1,2,0,0,2,5,1,2,2,3,1,2,0,6
0,0,1,0,1,0,1,4,1,0,0,0,0,0
3,1,1,3,5,0,2,1,2,4,1,0,0,0
1,1,0,0,1,2,1,1,1,2,1,0,0,0
5,1,0,5,5,7,1,0,1,5,4,1,3,2
0,0,1,0,1,0,0,0,1,2,2,0,0,0
0,0,4,1,1,1,2,0,0,1,0,0,4,5
0,2,0,0,2,1,2,1,1,0,0,0,0,0
1,0,0,3,2,0,0,0,0,0,0,0,0,0
1,0,0,3,2,6,1,3,2,4,4,0,0,0
2,0,0,0,3,1,2,3,2,0,0,0,0,0
0,0,0,1,2,1,0,0,3,1,1,0,0,0
3,4,0,2,7,2,1,7,6,12,3,2,3,7
0,0,0,0,2,3,0,0,0,0,0,0,0,0
7,3,1,3,4,8,6,8,2,4,0,1,2,2
3,1,1,1,3,7,1,0,2,4,1,1,1,3
0,0,0,0,0,2,0,1,2,1,1,0,0,0
0,0,1,1,2,1,2,4,1,0,0,0,0,0
0,0,1,0,0,1,1,1,2,0,0,0,0,0
0,0,1,3,1,0,0,0,0,0,0,0,0,0
2,0,1,1,1,0,0,2,1,1,2,0,0,0
1,0,2,1,3,2,1,1,3,2,1,0,0,0
0,0,0,1,2,0,3,9,5,8,3,2,5,3
0,0,1,1,1,2,1,0,0,0,0,0,0,0
15,8,12,18,23,21,14,20,11,20,7,6,13,25
4,1,1,5,4,5,0,3,2,4,1,0,6,8
0,0,0,0,0,1,0,0,0,0,0,1,2,5
0,0,1,1,1,5,0,0,0,0,0,0,0,0
2,1,1,1,4,3,2,4,7,2,1,0,0,0
1,1,1,3,1,2,2,0,2,2,1,0,2,3
0,0,1,0,1,1,0,0,0,3,2,0,0,0
1,0,0,2,4,2,0,0,2,1,2,0,0,0
7,3,3,3,6,2,3,4,1,1,1,2,3,3
1,2,2,3,0,0,0,0,0,0,0,0,0,0
0,0,0,2,0,1,0,0,0,6,1,3,2,2
1,0,2,0,0,1,1,1,1,2,1,0,0,0
0,1,1,2,1,0,1,5,1,3,4,1,1,3
2,1,0,0,3,4,1,2,0,0,0,0,0,0
1,0,0,0,2,4,1,2,2,1,2,1,1,1
2,1,1,5,5,5,0,5,2,5,0,2,0,5
2,0,0,0,0,3,0,1,2,1,4,0,0,0
0,0,0,1,3,1,1,0,0,0,0,0,0,0
6,2,1,5,4,9,1,1,2,7,1,0,0,0
1,0,0,0,0,2,1,3,0,0,0,0,0,0
3,1,5,3,6,0,1,3,1,0,0,1,1,3
1,0,1,0,1,1,1,1,0,2,1,0,4,1
0,0,0,0,1,0,0,1,1,5,2,2,1,1
2,0,0,1,2,5,3,0,0,0,0,0,0,0
4,2,4,4,2,3,3,2,2,4,0,1,1,4
1,0,2,0,2,2,0,2,1,1,1,1,4,2
1,1,1,1,3,1,1,0,1,2,2,0,0,0
2,0,0,0,3,6,0,0,4,1,1,0,0,0
2,1,1,1,0,3,4,2,2,1,2,2,5,4
2,0,0,0,0,2,1,1,2,0,0,0,0,0
0,0,0,1,0,1,2,0,0,1,2,0,2,5
2,0,1,2,1,2,0,1,2,1,1,0,0,0
1,0,1,1,4,0,1,2,1,1,2,0,0,0
1,0,0,2,3,0,0,2,1,2,1,0,0,0
0,0,2,1,2,0,0,0,0,0,0,0,0,0
1,0,0,2,1,2,1,0,0,0,0,0,0,0
0,1,0,1,0,0,0,0,1,3,0,1,2,5
2,2,1,2,1,2,1,1,0,0,0,0,0,0
2,1,2,0,0,0,0,0,0,0,0,0,0,0
2,0,1,1,4,8,3,7,7,16,3,5,6,8
2,0,0,1,1,3,2,0,0,0,0,0,0,0
0,1,1,1,0,3,2,4,1,2,2,0,1,9
0,0,1,1,3,0,0,0,0,0,0,0,0,0
1,1,0,0,2,2,2,2,1,0,0,0,0,0
0,0,0,0,1,1,1,1,1,0,0,0,0,0
1,1,0,0,0,0,0,0,1,2,1,0,1,4
6,2,0,5,4,4,0,0,0,0,0,0,0,0
5,0,1,4,5,1,2,3,2,1,0,3,1,1
4,0,2,1,2,3,0,3,2,6,1,1,1,2
0,0,2,1,3,3,2,0,0,0,0,0,0,0
2,1,0,0,2,1,2,0,0,0,0,0,0,0
0,0,1,1,0,1,0,4,0,2,1,1,3,4
0,1,1,2,3,0,0,0,0,0,0,0,0,0
2,0,0,1,4,1,3,2,1,2,1,0,0,0
0,0,1,1,1,0,0,0,2,0,0,0,2,4
0,0,0,0,0,1,0,2,3,2,0,0,0,0
3,0,1,4,5,5,0,2,2,5,1,1,2,7
0,0,0,0,0,0,0,0,1,4,1,0,0,0
0,3,0,2,4,3,1,3,2,9,3,0,4,8
2,3,1,3,3,5,1,1,2,6,0,2,1,3
2,1,0,2,1,6,2,3,0,3,1,1,1,2
1,0,0,0,0,1,1,0,1,0,0,0,0,6
3,1,0,4,0,1,2,0,1,1,1,3,1,7
0,0,0,0,0,2,0,3,3,5,0,1,4,19
2,4,1,1,6,4,1,4,2,6,1,2,2,3
1,1,1,2,1,2,1,0,0,0,0,0,0,0
0,1,0,0,0,1,0,3,1,5,0,1,2,3
0,0,0,0,0,0,1,0,1,3,1,0,0,0
0,0,0,1,3,1,1,3,1,3,0,0,2,5
0,2,0,0,1,2,0,1,1,1,2,0,0,0
0,0,1,0,1,4,1,0,0,0,0,0,0,0
1,0,0,0,1,4,0,0,0,0,0,0,0,0
0,1,0,1,0,0,0,0,0,1,0,0,1,9
1,2,0,0,2,2,0,1,2,2,1,0,0,0
0,0,0,0,0,0,0,0,2,0,0,1,2,15
2,2,1,1,4,4,1,2,0,2,1,1,1,2
3,2,0,1,2,5,0,2,1,2,0,4,5,16
1,1,2,1,1,2,1,0,0,0,0,0,0,0
0,0,0,2,3,0,0,0,0,0,0,0,0,0
0,0,1,2,0,0,2,1,0,4,1,0,5,17
1,0,0,1,0,2,2,0,0,4,1,0,0,0
1,1,0,1,1,2,1,2,0,0,0,0,0,0
1,0,0,0,2,0,0,2,1,1,1,1,1,3
2,0,1,2,1,2,1,1,3,0,0,0,0,0
3,0,1,1,1,1,2,0,0,0,0,0,0,0
1,0,0,0,2,1,0,0,1,2,0,0,1,5
3,2,0,1,3,3,4,2,0,5,0,0,2,3
2,1,1,1,2,1,0,0,0,0,0,0,0,0
0,0,1,1,2,1,0,0,0,0,0,0,0,0
0,0,0,0,0,0,0,0,0,0,0,0,0,6
0,2,2,2,2,2,0,0,1,3,1,2,1,2
3,0,1,3,6,2,1,4,3,8,2,4,2,4
1,1,1,1,3,2,2,1,5,1,1,0,0,0
0,0,0,0,0,0,0,0,1,0,0,0,1,10
3,0,1,1,1,3,1,1,1,1,3,0,0,0
0,0,0,0,1,0,0,1,0,3,0,0,2,10
0,1,1,6,3,5,5,4,3,4,3,1,4,3
0,0,1,1,1,3,1,0,0,0,0,0,0,0
1,0,2,2,1,0,1,1,0,3,1,0,1,6
1,0,0,0,0,1,0,2,0,5,3,0,0,0
0,0,1,1,2,3,0,0,0,0,0,0,0,0
1,0,0,0,6,4,1,0,0,0,0,0,0,0
0,0,1,2,3,1,1,0,0,0,0,0,0,0
2,0,1,1,0,1,1,2,3,2,1,0,0,0
1,0,0,3,3,0,1,1,1,1,1,0,0,0
3,1,0,3,5,4,1,1,1,2,2,0,0,0
0,1,1,1,3,3,3,3,1,4,0,1,2,6
1,2,0,2,2,2,1,2,1,4,2,0,0,7
3,0,0,4,1,1,2,4,2,2,1,0,0,0
0,0,0,0,0,0,0,0,0,1,1,3,7,21
1,1,0,0,1,3,1,2,0,2,0,0,1,5
2,0,0,0,1,1,2,2,1,0,0,0,0,0
0,0,1,0,0,0,0,0,0,0,0,4,0,6
0,0,0,0,1,2,1,1,0,0,0,0,0,0
1,0,1,0,2,2,1,2,4,0,0,0,0,0
1,0,0,0,3,2,1,0,0,0,0,0,0,0
1,2,3,3,5,6,2,2,1,8,4,2,0,5
4,1,1,2,3,2,1,0,0,0,0,0,0,0
0,1,0,0,3,2,0,0,0,0,0,0,0,0
1,0,0,0,0,2,2,2,0,0,0,0,0,0
1,0,4,1,2,5,1,5,4,6,2,0,4,13
0,0,1,0,0,3,2,0,0,0,0,0,0,0
2,4,0,2,1,0,1,0,2,3,2,0,0,0
0,1,2,1,1,2,0,0,0,0,0,0,0,0
5,1,1,4,8,8,2,6,2,8,0,2,3,4
1,0,2,2,0,5,1,2,1,2,1,0,0,0
2,1,1,1,4,4,0,0,0,0,0,0,0,0
0,1,0,1,2,5,0,1,1,3,2,1,1,3
0,1,0,1,1,3,1,1,1,0,0,0,0,0
0,0,0,0,0,1,0,0,0,0,0,0,2,3
0,0,0,3,0,1,3,2,0,0,0,0,0,0
1,0,0,0,2,1,2,1,0,0,0,0,0,0
0,2,1,2,3,5,3,5,2,6,2,0,0,0
3,1,1,1,3,1,0,0,0,0,0,0,0,0
2,0,0,2,1,0,0,2,2,3,2,0,0,0
2,1,0,2,1,1,1,1,1,1,1,0,0,0
2,0,0,1,1,5,0,0,0,0,0,0,0,0
1,1,0,0,0,3,2,2,1,5,1,0,0,0
1,1,1,2,0,0,0,0,0,0,0,0,0,0
0,0,0,1,2,1,1,0,0,0,0,0,0,0
2,0,0,1,0,2,1,2,1,2,1,0,0,0
4,3,1,2,2,0,1,4,1,1,1,0,0,0
0,2,2,2,0,0,0,0,0,0,0,0,0,0
0,1,1,2,1,1,0,0,0,0,0,0,0,0
0,1,0,1,3,0,2,1,2,0,0,0,0,0
0,0,0,0,4,2,1,1,1,1,2,0,0,0
0,0,0,0,0,0,1,0,0,1,2,0,0,10
2,2,1,0,0,0,0,0,0,0,0,0,0,0
0,1,0,3,0,3,1,2,0,0,0,0,0,0
3,1,1,1,4,1,0,0,1,3,0,1,1,3
0,0,2,0,1,2,3,3,1,2,1,0,0,0
0,0,0,0,1,1,2,2,4,1,1,0,0,0
0,0,2,4,0,0,0,0,0,0,0,0,0,0
0,0,0,0,2,1,2,0,1,2,2,1,1,1
3,2,1,0,1,1,0,1,2,3,1,0,0,0
3,1,3,0,7,3,0,3,3,1,1,0,0,0
1,2,0,0,2,1,1,3,0,0,0,0,0,0
0,0,1,0,0,4,0,5,4,10,6,1,4,5
5,1,1,0,2,1,0,1,1,2,2,0,0,0
1,0,1,0,0,0,0,0,3,0,0,2,3,1
2,0,1,2,4,2,3,2,1,1,1,0,0,0
0,0,0,4,2,0,0,1,0,5,1,0,0,0
2,0,0,1,2,6,1,1,4,0,0,0,0,0
2,0,0,3,2,2,0,0,0,0,0,0,0,0
0,0,0,0,0,1,1,2,2,0,0,0,0,0
4,0,0,0,4,2,0,1,0,3,1,1,1,1
1,0,1,3,2,0,0,0,0,0,0,0,0,0
0,1,0,0,0,1,1,1,1,1,2,0,0,0
1,0,1,1,1,2,1,1,1,0,0,0,0,0
0,0,0,0,2,1,0,1,2,3,0,0,0,0
0,1,0,0,1,3,2,0,0,0,0,0,0,0
0,0,0,0,1,3,2,0,0,0,0,0,0,0
1,1,2,0,3,3,3,0,0,0,0,0,0,0
1,2,0,1,2,1,3,0,0,0,0,0,0,0
0,0,0,1,1,1,0,2,1,1,1,0,0,0
3,2,3,4,6,6,1,7,3,0,1,2,1,3
0,0,0,0,1,0,0,0,0,0,1,0,0,8
0,0,0,2,2,1,1,3,0,0,1,1,4,7
2,1,1,2,1,1,0,2,1,1,4,0,0,0
2,0,0,1,3,5,0,5,2,4,3,3,0,5
0,0,0,1,2,2,1,1,1,2,1,0,0,0
0,1,1,2,1,2,1,0,0,0,0,0,0,0
0,2,0,2,1,0,3,2,0,0,0,0,0,0
11,5,1,11,13,21,9,17,15,19,11,2,1,13
0,0,0,2,1,2,0,0,0,0,0,0,0,0
3,1,3,3,5,3,3,3,3,8,0,2,3,3
0,0,0,1,1,1,1,2,0,0,0,0,0,0
1,1,2,1,0,0,0,0,0,0,0,0,0,0
3,1,0,2,1,3,1,0,0,0,0,0,0,0
4,0,1,2,0,1,1,2,1,0,0,0,0,0
0,0,0,0,0,1,0,0,3,1,0,2,1,9
0,0,0,0,2,1,0,0,1,3,1,0,0,0
4,0,1,1,2,4,2,0,2,3,1,0,0,0
0,2,1,1,2,1,2,1,4,4,1,4,3,4
1,0,0,0,1,0,0,1,0,1,1,1,2,1
1,1,2,3,0,0,0,0,1,1,3,1,1,2
0,0,0,2,1,2,0,5,1,2,2,0,0,0
0,0,0,1,5,0,0,0,0,0,0,0,0,0
2,1,1,2,1,1,0,2,2,2,3,0,0,0
2,0,0,1,2,4,0,0,0,0,0,0,0,0
1,0,1,2,0,3,1,4,0,0,0,0,0,0
1,1,0,0,2,1,0,0,1,3,1,0,0,0
0,0,0,0,4,1,2,0,0,0,0,0,0,0
1,0,1,1,1,3,0,0,0,0,0,0,0,0
1,2,3,2,5,3,0,1,2,3,2,0,0,0
2,0,1,1,2,3,0,0,0,3,2,0,0,0
5,2,1,4,2,7,1,3,1,3,3,3,1,2
1,0,0,1,1,2,1,0,0,0,0,0,0,0
0,0,0,1,0,1,1,2,1,0,0,0,0,0
0,0,0,0,0,0,0,0,1,0,1,2,0,6
2,0,0,0,0,0,0,1,2,1,0,1,1,4
0,1,0,4,0,3,2,0,1,3,1,0,0,0
1,0,1,0,1,1,3,0,0,0,0,0,0,0
3,1,3,5,2,3,2,2,1,4,2,1,3,2
0,1,0,3,2,0,0,0,0,0,0,0,0,0
1,0,0,0,1,0,0,2,4,0,0,0,1,6
3,1,2,3,5,6,2,2,0,9,2,1,1,1
1,0,0,1,6,1,1,0,0,0,0,0,0,0
1,1,0,2,0,0,1,0,2,2,2,0,0,0
1,0,1,1,0,1,0,1,1,1,2,0,0,0
1,0,1,1,4,4,2,1,1,2,1,0,0,0
0,0,1,0,4,1,1,0,0,0,0,0,0,0
3,2,3,6,0,6,1,3,2,7,3,0,0,0
2,0,0,2,2,3,2,4,4,8,2,3,3,5
2,1,0,1,4,0,0,3,0,5,1,0,0,0
2,1,0,3,3,3,0,1,0,3,2,2,1,3
0,0,1,1,1,1,1,0,0,0,0,0,0,0
2,0,0,0,1,1,0,1,2,1,2,3,1,6
1,1,0,0,1,0,0,1,1,1,1,1,1,3
0,0,0,1,2,0,0,4,1,0,0,0,0,0
2,1,1,1,4,2,2,3,0,0,1,2,1,1
1,0,0,1,2,2,1,1,0,1,0,0,2,5
1,0,0,0,3,3,2,3,2,5,2,0,0,0
1,1,1,0,2,2,1,0,0,0,0,0,0,0
2,0,0,1,1,0,3,2,3,3,1,0,0,0
0,0,0,0,6,0,6,2,0,0,5,0,0,0
0,0,0,0,0,0,1,2,1,2,0,0,0,9
1,2,0,0,0,6,0,0,0,0,0,0,0,0
0,0,1,1,0,2,1,1,4,1,0,5,5,18
0,1,0,0,1,5,2,2,1,6,1,1,3,3
0,0,0,2,2,2,0,4,1,3,3,0,0,0
3,0,3,0,3,1,0,0,1,4,2,0,0,0
7,0,0,0,0,0,0,0,0,0,0,0,0,0
1,2,1,1,0,0,0,0,0,0,0,0,0,0
0,0,0,0,0,1,1,2,2,3,1,0,0,0
2,1,2,0,2,2,2,3,3,4,1,0,0,0
0,0,0,0,3,0,0,2,3,0,0,0,0,0
0,0,1,0,0,0,1,1,0,2,0,0,1,4
1,0,1,1,1,2,1,2,3,0,0,0,0,0
10,2,5,6,9,8,4,8,8,13,5,1,4,6
1,0,1,1,1,2,1,2,2,1,1,2,1,5
0,0,0,1,0,1,0,1,1,1,2,0,0,0
1,0,3,2,0,0,0,0,0,0,0,0,0,0
0,1,0,1,3,2,2,2,1,1,1,2,2,2
3,2,2,1,3,3,1,5,5,5,2,0,0,0
2,0,0,0,3,4,3,2,2,2,1,2,1,4
1,0,2,0,1,1,0,0,0,5,1,2,4,16
1,0,1,0,2,2,0,2,1,1,1,1,2,6
1,0,1,2,3,1,1,6,2,0,0,0,0,0
0,1,0,1,2,2,0,0,0,0,0,0,0,0
1,0,0,1,0,4,1,1,2,0,0,0,0,0
3,1,0,2,4,1,0,1,1,5,1,2,2,5
1,0,0,1,2,2,1,0,0,0,0,0,0,0
5,2,2,7,8,8,4,7,4,11,1,2,1,7
4,0,1,0,3,1,0,2,1,3,0,0,7,16
3,1,0,3,2,3,1,0,0,0,0,0,0,0
0,1,0,0,2,1,3,0,0,0,0,0,0,0
2,1,1,1,0,0,0,0,0,0,0,0,0,0
2,0,0,1,0,3,2,0,0,0,0,0,0,0
1,2,2,2,2,3,2,2,0,0,0,0,0,0
1,0,0,0,0,0,0,0,0,3,2,0,0,0
0,2,1,0,1,3,2,4,6,5,3,2,1,5
0,0,1,2,3,2,1,2,0,0,0,0,0,0
0,1,1,1,0,3,1,2,1,1,1,0,0,0
1,0,2,4,4,1,0,5,1,3,1,0,1,4
2,0,0,2,1,3,1,1,5,0,0,0,0,0
3,3,2,1,6,4,3,5,4,3,0,2,1,3
0,0,0,1,4,2,0,2,1,1,1,0,0,0
2,1,0,1,1,0,0,0,0,0,1,2,1,2
1,0,1,1,0,0,1,3,1,1,0,1,3,3
1,0,3,1,3,0,0,0,0,0,0,0,0,0
0,1,1,1,1,1,3,0,0,0,0,0,0,0
1,0,1,4,3,4,6,3,5,8,3,2,7,4
3,0,3,0,3,9,0,1,2,4,1,0,2,3
2,0,0,0,0,0,0,0,1,1,1,3,2,2
0,0,0,1,1,1,0,0,1,3,1,0,0,0
1,0,0,0,2,1,1,2,0,0,0,0,0,0
0,0,0,0,1,3,1,2,5,4,2,2,4,6
0,1,1,1,1,1,0,0,0,0,0,0,0,0
1,0,0,1,1,1,2,0,0,0,0,0,0,0
2,1,1,3,5,3,2,5,1,5,4,1,3,1
2,0,0,3,1,0,0,4,1,5,0,0,0,0
26,17,14,21,34,28,15,26,19,30,9,5,11,12
9,2,2,7,9,9,5,7,2,8,3,0,2,7
0,0,0,3,4,3,0,0,0,0,0,0,0,0
0,0,0,2,4,3,0,0,0,0,0,0,0,0
1,0,0,0,4,1,0,0,1,3,1,0,0,0
0,0,0,0,0,2,1,1,1,0,0,0,0,0
2,2,1,0,2,3,1,0,0,0,0,0,0,0
2,0,0,1,1,2,1,0,0,0,0,0,0,0
1,1,3,4,6,10,0,6,3,8,1,1,3,1
1,1,0,1,1,2,0,0,1,4,1,0,0,0
2,2,0,3,1,1,0,0,1,2,3,0,0,0
0,0,0,3,1,3,0,0,0,0,0,0,0,0
0,0,1,4,2,0,0,0,0,0,0,0,0,0
1,0,1,1,3,1,1,1,2,1,1,0,0,0
2,0,1,0,8,1,0,1,3,2,0,1,1,4
0,1,1,1,5,5,5,8,1,14,7,9,2,15
2,1,1,1,1,1,1,0,0,0,0,0,0,0
0,1,0,1,1,2,2,3,0,3,0,1,3,2
3,0,1,1,4,1,0,0,1,1,2,1,1,1
1,0,1,1,1,1,2,0,0,0,0,0,0,0
3,1,2,1,7,1,1,1,1,3,1,0,0,0
0,1,1,0,2,0,0,2,1,1,1,0,0,0
0,0,1,0,0,0,0,1,0,1,0,0,2,8
3,0,3,2,4,2,2,2,1,5,1,0,0,0
2,2,0,10,3,15,5,18,18,32,10,6,14,18
0,0,1,2,3,0,0,0,0,0,0,0,0,0
0,0,0,0,0,2,1,2,1,0,0,0,0,0
2,0,0,0,2,0,0,1,2,2,1,2,2,1
0,0,0,1,3,1,1,1,1,0,0,0,0,0
0,1,0,2,2,5,2,3,4,3,1,0,0,0
2,0,0,1,2,1,3,1,2,2,1,0,0,0
1,0,0,0,1,3,2,0,0,0,0,0,0,0
2,1,0,3,3,4,2,6,3,5,1,1,4,6
2,1,2,1,1,2,2,0,0,0,0,0,0,0
0,0,0,0,0,0,0,0,0,0,0,0,0,7
0,0,0,0,1,1,3,0,0,0,0,0,0,0
0,3,0,0,1,1,0,2,2,3,1,2,1,3
1,1,1,1,4,5,0,3,2,7,1,0,0,0
0,1,0,3,2,0,0,0,0,0,0,0,0,0
0,0,1,0,0,0,0,1,1,3,0,1,2,10
0,1,0,2,0,2,7,2,1,0,0,0,0,0
2,0,1,2,2,0,0,0,3,1,2,0,0,0
0,0,0,1,1,0,1,3,1,0,0,0,0,0
0,0,0,0,0,0,0,1,1,2,2,0,0,0
0,1,0,0,3,2,0,1,1,3,1,2,2,13
1,1,1,2,1,2,1,0,1,5,2,0,0,0
2,2,1,0,0,0,0,0,0,0,0,0,0,0
1,0,0,0,1,4,0,0,0,0,0,0,0,0
0,1,0,2,3,2,1,0,0,0,0,0,0,0
0,0,1,1,2,1,0,0,0,0,0,0,0,0
11,1,2,4,4,6,3,5,1,4,1,0,0,0
0,0,1,1,1,3,0,0,0,0,0,0,0,0
0,0,0,0,0,2,0,0,1,3,2,0,0,0
0,0,0,0,0,2,0,0,1,3,2,5,2,12
2,1,1,1,3,1,1,3,2,3,1,0,0,0
3,4,4,0,9,4,5,5,2,11,1,3,10,23
1,0,0,3,1,1,1,1,0,2,1,1,1,1
1,0,0,2,1,2,1,0,0,0,0,0,0,0
0,2,3,4,8,6,5,10,5,5,2,2,1,4
0,0,1,1,1,0,0,1,3,1,3,0,0,0
1,1,1,5,5,5,0,1,2,2,2,0,0,0
0,0,0,0,0,0,0,0,0,0,0,0,1,9
0,0,0,0,0,2,1,2,2,6,0,2,8,8
1,0,0,1,1,1,2,0,0,0,0,0,0,0
1,0,0,0,0,0,2,1,2,0,0,0,0,0
1,1,0,1,1,1,2,1,2,6,1,0,1,5
1,0,0,1,1,1,0,1,0,0,0,0,3,4
1,1,0,2,1,0,0,0,1,2,0,1,2,2
3,0,1,2,3,7,3,14,8,15,3,6,9,13
0,0,1,0,3,0,1,6,0,0,0,0,0,0
3,0,2,0,0,0,0,2,3,3,1,0,0,0
19,8,7,16,33,21,4,20,9,17,5,9,12,22
2,1,0,5,1,0,1,1,1,2,1,0,0,0
3,0,0,3,7,5,2,2,3,3,1,2,1,1
1,1,0,0,1,4,0,1,2,2,2,2,1,1
0,1,0,2,2,3,1,2,0,0,0,0,0,0
0,0,0,2,2,2,1,0,0,0,0,0,0,0
4,0,0,2,1,1,1,0,1,4,1,0,0,0
4,1,0,4,2,14,5,3,1,6,1,1,0,8
9,3,7,10,19,11,5,8,3,13,2,1,4,8
1,0,1,1,1,2,0,0,0,0,0,0,0,0
0,0,0,1,3,1,0,0,0,0,0,0,0,0
3,1,0,2,3,1,1,1,1,1,1,0,0,0
0,0,0,0,1,0,1,2,1,1,1,0,0,0
0,0,0,1,3,0,0,3,0,3,2,0,0,0
2,0,0,1,3,1,1,1,0,1,1,0,3,10
1,1,1,0,2,2,4,1,1,2,1,0,0,0
0,0,1,1,2,0,0,2,1,1,1,0,0,0
10,3,12,15,21,23,13,8,8,17,1,1,3,16
4,2,2,8,2,4,1,8,5,7,1,1,2,2
1,0,0,0,2,0,0,1,1,2,1,0,0,0
1,0,0,0,2,0,1,0,4,2,1,0,0,0
2,1,3,1,0,1,1,1,3,0,0,0,0,0
2,0,2,0,1,1,1,4,2,2,2,0,0,0
1,0,1,2,0,1,0,1,1,2,1,0,0,0
0,0,0,0,1,1,0,0,0,0,1,0,1,4
2,1,2,5,2,6,3,4,1,5,1,0,0,0
0,0,0,0,0,3,1,1,0,1,2,2,3,1
0,0,1,0,3,1,2,0,0,0,0,0,0,0
0,2,1,1,3,5,2,6,2,8,1,3,6,9
0,0,0,1,1,1,1,0,2,3,1,0,0,0
0,1,0,2,1,1,1,0,0,0,0,0,0,0
1,0,0,2,1,1,0,0,2,2,0,0,4,14
1,1,0,6,2,1,1,4,1,2,1,0,0,0
1,0,0,0,3,3,1,0,0,0,0,0,0,0
1,0,0,1,2,3,0,1,2,2,1,0,0,0
1,2,2,5,3,9,2,3,5,11,0,0,1,4
0,1,1,2,2,2,1,0,0,0,0,0,0,0
1,0,1,0,1,1,0,1,1,1,2,0,0,0
2,0,0,1,4,0,0,0,0,0,0,0,0,0
0,0,0,3,3,2,1,1,1,0,0,0,0,0
1,0,0,1,3,3,2,1,5,0,0,0,0,0
1,1,0,1,2,0,0,2,0,5,0,0,2,3
0,0,1,2,1,2,0,0,0,0,0,0,0,0
2,1,1,0,3,4,0,2,2,2,1,0,0,0
1,0,1,0,0,1,1,1,2,1,1,0,0,0
2,1,1,1,0,0,0,0,0,0,0,0,0,0
1,0,0,0,0,2,0,0,0,4,1,0,0,0
1,0,0,0,0,1,2,2,4,3,1,0,0,0
0,1,1,1,1,2,0,0,0,0,0,0,0,0
0,0,0,3,2,0,2,2,2,8,4,1,6,5
5,2,3,5,6,13,1,7,1,5,1,3,1,1
1,1,1,1,1,2,0,0,0,0,0,0,0,0
0,0,1,1,2,1,1,1,3,5,1,0,3,18
1,1,0,3,3,2,0,2,2,0,0,0,0,5
1,0,1,0,0,2,1,3,0,0,0,0,0,0
1,0,2,3,2,1,1,1,2,1,1,0,0,0
0,0,0,0,1,1,2,1,0,0,0,0,0,0
0,1,1,0,2,1,3,1,0,0,0,0,0,0
2,1,0,0,2,1,1,1,0,0,0,0,0,0
0,0,0,0,0,0,0,0,0,1,0,2,5,7
5,1,3,5,7,6,2,4,6,7,2,4,1,5
0,0,0,2,2,1,0,0,0,0,0,0,0,0
5,0,1,1,2,6,0,3,2,2,1,1,3,1
0,0,1,0,0,0,0,2,3,0,0,0,0,0
0,0,0,0,0,0,0,0,0,0,0,1,0,5
0,1,0,2,5,1,1,1,1,2,1,0,0,0
1,1,2,1,1,3,0,3,1,2,3,0,0,0
4,1,0,2,2,3,2,3,2,4,2,0,0,0
2,0,4,1,7,1,2,5,6,11,1,1,3,6
0,0,1,1,5,3,1,3,2,1,1,0,0,0
2,3,2,6,7,1,4,4,2,6,2,1,2,3
1,0,2,2,1,2,1,3,1,1,1,0,0,0
1,0,1,1,2,2,1,0,0,0,0,0,0,0
0,0,0,0,2,1,1,5,2,3,3,0,1,6
1,0,0,2,5,5,1,1,1,1,0,2,1,2
3,1,0,0,5,1,2,2,3,4,1,0,0,0
10,5,12,19,24,21,10,12,13,18,7,5,5,13
0,0,0,0,0,0,1,2,2,1,1,3,1,9
3,1,0,3,3,5,5,4,2,3,0,2,2,3
1,0,0,0,0,1,1,2,2,2,0,1,0,5
2,0,1,1,3,5,1,3,1,2,0,0,2,3
0,0,0,4,3,4,1,6,1,5,0,1,3,5
5,0,2,3,4,5,2,4,3,7,1,3,2,3
0,0,0,0,1,1,0,0,1,2,1,2,3,12
3,0,0,4,5,3,2,1,4,4,1,0,0,0
2,0,0,6,0,1,0,0,3,5,1,0,0,0
0,0,1,1,1,2,1,0,0,0,0,0,0,0
5,0,0,3,1,4,1,0,0,0,0,0,0,0
5,3,4,8,7,10,8,14,5,11,5,3,3,5
2,0,1,1,1,4,1,0,0,0,0,0,0,0
1,1,1,2,0,0,0,0,0,0,0,0,0,0
1,0,0,1,3,0,0,1,1,3,1,0,0,0
0,0,0,0,0,1,2,1,1,0,0,0,0,0
3,2,0,0,0,0,0,0,0,0,0,0,0,0
0,0,0,0,0,5,1,0,0,0,0,0,0,0
1,1,0,0,0,0,1,0,3,1,4,0,0,0
0,0,1,5,2,0,0,0,0,0,0,0,0,0
1,0,1,1,0,0,1,2,1,1,2,0,0,0
0,0,0,0,0,0,0,0,0,0,0,0,0,5
4,5,3,5,4,4,2,4,4,3,4,0,0,0
0,0,0,0,0,0,0,0,1,4,1,0,0,0
4,2,0,4,2,6,2,3,2,15,2,6,3,9
0,0,1,0,2,2,1,0,1,2,3,0,0,0
3,3,6,8,7,4,4,3,1,11,5,1,5,6
0,0,0,1,2,4,1,2,2,0,0,0,0,0
0,1,0,3,2,0,0,0,0,0,0,0,0,0
2,1,1,2,1,1,0,0,0,0,0,0,0,0
1,1,0,0,1,2,3,0,0,0,0,0,0,0
9,4,2,5,6,5,6,9,7,10,5,2,2,7
1,0,0,0,0,2,0,1,0,3,0,3,5,16
1,1,0,2,0,1,1,4,0,0,0,0,0,0
3,1,2,1,5,3,1,1,0,0,0,0,0,0
1,1,0,6,4,2,1,3,4,3,1,0,0,0
5,1,3,4,12,7,12,8,7,6,3,1,1,4
3,1,0,4,2,3,3,6,1,5,0,2,4,1
0,1,0,1,0,2,0,1,0,3,0,1,0,8
0,0,0,2,1,2,1,1,0,0,0,0,0,0
0,1,1,1,2,0,0,1,1,3,2,0,0,0
2,0,0,2,1,2,1,0,0,0,0,0,0,0
1,1,1,1,2,2,0,0,0,0,0,0,0,0
3,0,0,3,1,2,0,1,0,4,1,0,0,0
3,0,0,2,1,2,1,2,1,5,2,0,0,0
1,1,1,1,3,6,0,1,3,5,1,0,1,5
2,1,2,5,6,5,3,2,2,3,2,2,0,5
0,0,1,1,0,4,0,2,1,0,0,2,2,1
0,1,2,1,2,3,0,1,1,1,2,0,0,0
3,0,1,0,0,2,1,1,1,3,1,0,0,0
2,0,0,0,2,3,1,0,3,1,1,0,0,0
0,1,1,0,1,2,2,3,1,0,3,2,2,12
2,0,3,1,7,2,2,1,5,4,3,0,1,4
3,0,2,9,7,6,2,4,1,3,0,0,0,0
1,0,0,0,1,1,1,1,1,0,0,0,0,0
4,2,3,2,7,4,1,4,1,4,0,3,1,15
1,2,0,0,2,2,0,2,1,2,0,5,3,17
0,0,0,1,2,3,0,0,0,0,0,0,0,0
0,0,1,2,0,0,1,2,3,0,0,0,0,0
0,0,1,2,3,0,0,0,0,0,0,0,0,0
2,1,0,1,7,4,1,5,7,5,2,2,4,1
0,0,0,0,0,1,0,0,3,2,1,1,2,19
0,0,1,0,0,0,0,1,1,1,0,0,2,3
0,1,0,2,3,1,0,1,0,4,1,0,0,0
6,2,4,3,8,10,6,11,5,10,2,3,0,5
1,3,0,2,0,1,0,2,2,1,2,0,0,0
1,0,0,0,3,0,1,2,1,2,1,0,0,0
0,1,0,0,0,1,0,2,3,0,0,0,0,0
0,0,1,2,0,0,0,2,1,2,2,0,0,0
0,0,0,0,0,2,0,3,0,4,2,0,1,7
5,8,7,13,11,19,7,10,6,17,5,5,3,12
2,2,3,7,4,3,4,3,2,5,3,1,2,3
2,1,1,4,0,0,0,0,0,0,0,0,0,0
1,1,0,1,1,1,1,1,1,2,1,0,0,0
0,2,0,1,3,5,0,0,0,0,0,0,0,0
0,1,0,1,0,1,0,1,1,2,0,2,2,4
0,0,0,1,3,1,0,0,0,0,0,0,0,0
1,0,1,4,1,1,1,0,0,0,0,0,0,0
0,1,1,3,2,3,0,1,3,1,1,0,0,0
0,0,0,1,0,4,1,0,0,0,0,0,0,0
3,1,2,2,10,1,3,3,1,1,1,2,1,6
1,1,1,0,2,2,1,0,0,0,0,0,0,0
1,0,0,1,0,0,0,0,2,3,1,0,0,0
0,0,0,0,0,0,1,0,0,1,1,0,0,15
2,1,0,2,1,3,0,0,0,0,0,0,0,0
3,0,1,0,2,0,1,0,1,3,3,1,1,2
0,3,0,0,2,4,0,2,1,2,0,2,1,2
1,0,0,2,4,3,0,0,0,0,0,0,0,0
0,0,0,0,0,2,0,3,1,1,1,0,0,0
2,0,0,3,3,2,0,6,1,1,0,0,2,3
3,2,0,2,1,2,3,4,3,4,2,2,1,8
3,0,0,1,1,1,1,3,3,3,1,0,0,0
1,1,0,3,2,2,2,2,3,2,2,1,0,6
1,0,0,0,0,1,0,1,3,1,1,1,5,15
1,1,0,1,0,1,1,1,0,1,0,1,2,2
1,0,1,0,1,2,1,2,1,1,1,1,1,4
0,0,2,1,0,2,1,3,1,3,1,0,0,0
0,0,0,0,0,0,0,1,0,0,1,0,1,14
0,0,0,2,2,0,0,2,0,1,1,1,1,1
1,0,0,0,2,2,1,1,1,0,0,0,0,0
0,0,3,1,1,0,2,0,0,5,2,1,2,3
0,0,0,0,0,0,0,1,0,0,0,0,1,4
2,0,0,0,1,2,1,1,3,1,1,0,0,0
1,0,0,0,0,2,1,2,2,0,0,0,0,0
1,0,0,0,1,1,0,3,2,4,2,2,1,2
6,3,5,5,13,7,4,10,7,4,3,0,2,5
0,0,0,0,0,1,1,2,1,0,0,0,0,0
3,1,1,4,8,7,1,7,1,4,1,4,0,5
1,2,1,1,0,3,0,1,1,0,1,2,2,3
3,2,2,3,1,4,1,5,1,7,1,2,2,4
0,0,1,0,0,2,3,0,0,0,0,0,0,0
0,1,0,3,3,2,1,2,1,1,1,0,0,0
1,0,0,2,0,3,1,1,1,1,2,0,0,0
1,0,1,0,1,2,2,3,0,1,1,1,0,5
1,1,1,3,1,1,1,1,2,2,1,0,0,0
1,0,0,2,1,1,0,0,1,0,1,2,4,14
2,0,0,0,1,3,1,1,1,0,0,0,0,0
3,1,0,3,3,4,2,6,1,6,1,0,0,0
0,0,2,0,0,4,1,0,0,5,1,0,0,0
2,0,0,3,1,2,0,0,0,0,0,0,0,0
2,0,0,1,1,4,1,3,2,4,2,0,0,0
0,0,1,1,1,2,0,0,0,0,0,0,0,0
0,2,1,0,0,1,0,1,0,0,1,1,2,6
3,0,1,1,0,2,1,1,2,2,1,0,0,0
1,0,0,0,0,2,0,2,3,2,1,0,0,0
1,1,0,0,2,1,2,2,0,7,1,0,0,0
1,2,2,4,3,3,1,3,1,1,1,0,0,0
0,0,2,1,2,1,1,0,0,0,0,0,0,0
1,1,3,3,4,7,3,1,2,0,0,0,0,0
0,0,1,0,1,0,1,1,0,4,2,0,0,0
4,2,2,3,11,10,2,5,2,4,1,1,4,6
2,0,0,1,0,1,1,1,1,1,1,2,2,4
0,0,1,2,2,0,0,0,0,0,0,0,0,0
2,3,0,0,2,1,1,2,0,4,1,0,0,0
2,0,1,1,3,0,3,3,5,2,3,0,2,3
1,0,0,0,0,0,0,3,0,4,0,1,2,3
1,2,0,2,3,1,0,0,0,0,0,0,0,0
4,3,2,4,9,13,5,5,5,9,5,3,4,9
0,0,1,1,1,1,1,2,0,0,0,0,0,0
0,2,1,1,3,4,1,3,1,0,0,0,0,0
1,0,1,0,2,1,1,2,3,4,1,0,0,0
1,0,2,2,2,2,2,2,1,0,0,0,0,0
0,1,0,0,2,2,1,3,1,1,1,0,0,0
0,0,0,0,1,0,0,2,1,1,1,0,0,0
0,0,0,1,3,2,1,1,0,0,0,0,0,0
0,0,0,2,1,0,0,2,0,3,0,5,2,3
2,0,1,2,2,1,0,0,0,0,0,0,0,0
1,0,0,2,2,2,0,4,0,2,1,1,1,2
2,0,0,2,1,5,0,1,1,4,3,0,0,0
0,1,0,1,1,1,4,0,0,0,0,0,0,0
3,2,0,1,2,1,3,0,2,0,1,3,0,16
1,0,0,0,0,2,1,0,1,4,0,2,3,9
1,2,3,2,0,3,0,2,2,4,2,2,3,10
2,0,1,0,0,0,1,3,3,1,2,0,0,0
0,0,1,0,2,3,0,0,0,3,0,0,4,4
3,0,0,0,3,2,1,1,4,1,2,0,0,0
0,1,1,0,1,2,1,1,1,0,0,0,0,0
0,1,0,0,0,0,0,0,0,1,0,1,2,10
1,0,0,0,0,2,1,2,2,1,1,0,0,0
0,0,0,0,1,4,0,1,1,2,1,0,0,0
0,0,0,0,0,4,0,0,4,2,2,0,0,0
2,0,2,3,0,1,0,1,0,4,1,0,0,0
10,2,5,6,4,5,3,4,4,4,3,2,2,3
1,0,0,2,1,1,1,0,0,0,0,0,0,0
0,3,0,2,2,1,1,0,1,2,2,0,0,0
0,3,6,11,9,13,2,7,2,5,1,2,2,6
1,1,0,0,4,1,2,0,0,0,0,0,0,0
0,0,0,1,1,3,1,0,0,0,0,0,0,0
1,0,0,1,1,1,0,1,2,4,0,2,0,15
1,0,0,0,3,2,0,0,0,0,0,0,0,0
0,1,2,0,5,1,0,0,0,0,0,0,0,0
0,0,0,0,1,2,1,0,0,3,0,2,5,6
2,1,0,1,0,1,2,1,1,0,0,0,0,0
2,0,1,1,2,0,2,1,1,3,2,0,0,0
0,0,1,1,3,0,0,0,0,0,0,0,0,0
4,1,3,3,10,11,5,5,4,7,2,1,5,9
0,0,0,1,4,1,0,3,0,0,2,1,1,2
1,1,2,1,2,1,0,4,1,1,0,0,0,0
3,0,0,3,3,0,1,4,1,1,1,0,0,0
1,0,0,1,0,0,1,3,2,3,0,3,2,3
1,0,2,4,2,3,1,0,0,0,0,0,0,0
0,0,2,2,1,1,2,0,0,0,0,0,0,0
3,0,1,1,1,2,0,1,0,5,1,0,0,0
0,0,0,1,4,4,0,3,4,6,1,2,6,2
9,5,6,8,15,11,6,12,13,8,7,4,4,7
0,0,1,1,7,4,2,6,4,5,3,0,2,6
0,0,1,0,1,0,0,2,1,2,1,0,0,0
0,0,0,2,2,2,0,0,0,0,0,0,0,0
0,1,0,1,0,4,2,0,0,0,0,0,0,0
0,0,0,2,1,1,0,1,2,2,1,0,0,0
3,0,0,0,2,3,0,0,0,0,0,0,0,0
0,0,2,1,1,1,1,0,0,0,0,0,0,0
0,1,1,2,1,5,2,1,3,1,1,0,0,0
3,1,0,3,3,1,2,0,0,0,0,0,0,0
1,0,0,3,2,5,0,2,4,4,1,0,0,0
0,0,1,1,1,0,0,2,2,2,1,0,0,0
2,0,2,1,0,3,1,2,2,1,1,0,0,0
0,1,0,0,1,1,1,2,0,6,1,1,4,5
3,0,0,4,2,5,1,1,1,3,1,0,0,0
0,0,1,1,0,1,1,1,1,1,1,0,0,0
1,1,2,2,4,3,2,3,3,13,1,0,0,0
1,0,0,1,1,3,1,0,0,0,0,0,0,0
3,0,2,2,6,6,3,2,0,6,0,1,1,4
0,0,0,2,4,2,0,3,1,2,1,0,0,0
0,0,1,0,0,1,0,1,1,2,0,3,1,2
0,1,1,0,1,0,1,1,1,1,0,1,2,10
1,1,0,0,1,3,1,2,0,4,1,0,0,0
0,0,0,0,1,0,3,3,2,3,2,0,1,6
0,0,0,0,1,1,0,1,1,2,1,0,0,0
0,0,1,1,3,0,0,0,0,0,0,0,0,0
0,0,0,0,0,3,3,2,2,0,0,0,0,0
0,0,0,0,0,0,0,0,0,0,0,1,2,5
1,0,0,2,0,2,2,2,1,0,0,0,0,0
4,1,1,4,4,3,1,1,1,7,1,0,1,5
0,3,0,0,1,2,0,1,1,4,3,0,0,0
2,0,1,0,4,2,2,1,2,0,0,0,0,0
0,1,0,0,2,1,3,0,0,0,0,0,0,0
2,0,1,4,2,2,0,1,1,2,1,1,1,1
0,1,1,1,0,1,0,1,4,1,1,0,0,0
4,1,1,2,2,5,1,3,2,3,2,0,0,0
1,1,0,1,4,3,1,0,1,2,2,1,5,4
1,0,1,1,1,2,0,0,0,0,0,0,0,0
3,0,1,4,0,2,0,1,2,1,2,1,1,2
11,2,5,17,17,17,8,9,10,17,10,3,3,25
0,0,1,1,1,2,0,0,0,0,0,0,0,0
0,0,1,0,1,3,1,0,0,0,0,0,0,0
3,2,1,2,7,3,1,4,1,6,1,2,3,3
3,0,0,0,3,3,2,1,2,0,0,0,0,0
3,0,2,1,2,0,1,4,1,5,3,2,2,6
1,0,1,1,3,0,0,0,0,0,0,0,0,0
1,0,0,4,4,2,3,3,3,2,1,0,0,0
0,0,0,2,2,1,2,0,0,0,0,0,0,0
0,0,1,1,4,3,0,1,1,2,1,0,0,0
4,0,0,1,5,0,0,0,0,0,0,0,0,0
2,0,0,0,3,1,1,0,0,0,0,0,0,0
3,1,1,3,2,0,0,0,0,0,0,0,0,0
1,1,0,1,4,1,2,0,0,0,0,0,0,0
0,0,0,0,0,0,0,0,0,0,0,2,7,19
3,0,1,3,1,2,0,4,2,3,1,0,0,0
6,1,1,4,1,7,2,6,3,4,2,1,1,2
3,1,0,0,0,6,0,0,0,0,0,0,0,0
0,1,0,0,2,2,0,2,2,4,1,1,0,5
0,0,1,1,4,5,1,1,2,1,1,2,1,3
1,1,0,1,0,1,0,2,1,5,1,0,0,0
0,0,0,1,1,1,0,0,0,1,0,1,1,5
4,0,1,8,4,5,3,12,2,6,2,3,2,4
1,1,5,7,8,6,2,1,1,5,1,3,2,7
0,0,0,3,2,0,1,0,1,3,1,0,0,0
0,0,0,0,0,2,0,3,1,3,2,0,0,0
2,1,1,0,0,3,2,0,0,0,0,0,0,0
1,1,0,0,1,0,0,3,1,3,1,0,0,0
1,0,0,0,2,2,1,0,0,0,0,0,0,0
0,1,2,2,2,3,0,0,0,0,0,0,0,0
0,0,0,1,1,2,1,0,0,0,0,0,0,0
2,1,1,1,1,2,0,0,0,0,0,0,0,0
1,0,2,4,0,0,0,0,0,0,0,0,0,0
1,0,0,2,5,4,2,0,0,0,0,0,0,0
0,1,0,3,3,1,0,0,0,0,0,0,0,0
7,3,2,11,5,3,3,5,5,5,1,0,0,0
1,2,1,0,3,6,1,2,0,0,0,0,0,0
2,1,0,2,2,4,2,0,0,3,2,0,0,0
2,1,1,0,1,1,1,2,3,1,1,0,2,4
5,2,2,6,6,3,1,3,2,1,1,0,0,0
2,2,0,0,1,1,1,0,1,3,1,0,0,0
4,0,1,0,5,1,1,2,1,3,1,0,0,0
2,1,1,3,1,7,2,3,1,2,1,0,0,0
0,0,1,1,0,0,0,0,0,2,3,0,0,0
2,3,1,2,2,5,1,0,0,0,0,0,0,0
1,1,1,0,2,4,0,0,0,0,0,0,0,0
2,1,0,2,3,1,0,1,2,1,2,2,0,20
1,0,1,1,2,1,0,2,0,3,4,0,0,0
0,0,0,1,4,2,0,5,1,2,1,1,1,4
4,2,0,0,0,0,0,0,0,0,0,0,0,0
0,0,2,1,1,4,1,1,2,0,0,0,0,0
0,1,0,0,1,4,0,1,0,2,0,2,5,15
1,0,0,1,3,1,2,0,0,0,0,0,0,0
1,0,0,2,3,0,0,0,0,0,0,0,0,0
1,0,1,1,2,4,2,6,1,6,2,2,4,4
0,1,0,1,0,2,0,0,2,1,2,0,0,0
2,0,2,0,3,1,2,0,2,2,1,0,0,0
0,3,2,0,0,3,1,3,1,2,1,0,0,0
1,0,0,0,0,1,2,1,1,3,1,0,0,0
0,0,0,1,4,1,0,0,0,0,0,0,0,0
1,1,0,2,3,1,1,1,2,1,1,0,0,0
1,1,0,1,0,1,0,1,2,1,2,2,11,16
5,1,2,2,3,3,0,0,2,4,1,0,0,0
1,0,0,1,3,2,2,0,0,0,0,0,0,0
0,0,0,1,2,1,1,0,0,0,0,0,0,0
0,0,1,0,4,1,1,0,0,0,0,0,0,0
5,3,3,6,4,0,2,1,2,5,1,0,0,0
4,1,2,3,6,4,0,3,1,4,1,2,0,5
0,0,0,0,1,2,0,1,0,5,0,1,1,3
3,2,0,0,0,0,0,0,0,0,0,0,0,0
1,0,1,1,2,2,1,0,0,0,0,0,0,0
2,0,0,5,8,6,2,6,11,9,5,4,6,11
0,0,0,0,1,3,1,1,3,0,0,0,0,0
0,0,0,1,2,2,0,0,0,0,0,0,0,0
0,0,0,1,0,0,0,0,0,0,0,0,1,4
0,3,1,5,4,0,2,2,2,2,1,0,0,0
7,4,3,9,11,14,3,10,8,17,4,4,9,9
1,0,0,5,1,0,0,0,0,0,0,0,0,0
2,1,4,3,5,4,0,4,2,1,2,1,4,17
1,0,0,0,1,2,2,0,0,0,0,0,0,0
2,2,1,0,0,0,0,0,0,0,0,0,0,0
2,0,0,0,2,2,2,0,0,0,0,0,0,0
1,0,0,1,0,0,1,1,2,3,1,0,0,0
2,0,0,1,1,2,1,4,2,0,0,0,0,0
1,1,0,0,0,1,2,2,1,2,1,0,2,3
2,2,1,2,2,1,0,2,1,4,1,0,0,0
0,1,0,0,3,1,1,1,2,2,1,0,0,0
3,1,1,0,2,3,1,2,2,2,1,0,0,0
7,2,3,14,11,10,4,7,4,10,1,2,5,12
1,1,0,0,1,1,2,1,1,2,1,0,0,0
2,4,4,7,15,7,2,6,5,8,1,4,4,18
1,1,1,1,4,4,3,2,3,3,1,0,0,0
1,1,0,1,0,2,0,1,2,1,1,0,0,0
1,0,1,1,3,0,0,0,0,0,0,0,0,0
1,1,1,1,5,2,0,2,4,8,1,2,2,6
1,0,0,0,2,1,2,3,1,1,1,0,0,0
0,1,0,1,1,3,1,0,0,0,0,0,0,0
0,0,0,1,1,0,1,0,0,0,0,1,3,10
1,1,1,0,2,3,2,2,0,0,0,0,0,0
0,0,0,0,0,0,0,2,1,2,1,1,1,1
0,0,1,2,4,0,0,3,2,0,0,0,0,0
0,0,0,1,4,1,0,0,0,0,0,0,0,0
0,0,0,0,0,1,1,3,0,0,0,0,0,0
1,2,1,7,2,4,2,2,2,1,2,0,0,0
0,0,1,2,2,1,0,1,1,3,1,0,0,0
2,0,0,2,2,1,1,4,1,1,2,0,0,0
9,7,3,6,11,7,3,8,5,14,2,1,4,6
0,0,4,2,2,1,0,3,1,1,1,0,0,0
1,0,2,5,8,6,3,8,8,8,3,2,1,4
1,1,1,2,1,2,0,0,0,0,0,0,0,0
0,0,1,2,1,1,1,3,0,2,1,2,4,3
1,2,3,3,4,5,5,7,5,10,3,3,2,6
0,0,0,2,2,2,0,2,1,1,1,0,0,0
0,0,0,0,3,2,0,0,0,0,0,0,0,0
1,0,1,1,2,2,0,1,1,2,1,0,0,0
0,0,1,1,3,1,1,0,0,0,0,0,0,0
1,1,0,2,1,2,0,0,0,0,0,0,0,0
7,4,6,5,13,15,4,6,3,12,3,4,1,4
4,2,0,2,4,7,0,2,1,1,2,0,0,0
2,1,1,3,1,4,0,0,0,0,0,0,0,0
0,0,0,0,2,1,0,0,1,2,1,0,1,7
2,0,0,1,0,3,1,1,2,0,0,0,0,0
1,2,0,0,3,1,0,3,1,2,1,0,0,0
1,1,2,2,3,0,2,5,0,1,1,1,1,2
0,0,1,2,0,0,1,0,3,1,1,0,0,0
1,0,1,0,1,0,1,3,3,4,1,0,1,4
2,1,1,0,1,5,0,0,0,0,0,0,0,0
2,0,3,3,2,7,1,6,6,9,3,5,6,5
3,2,0,0,0,0,0,0,0,0,0,0,0,0
4,4,3,2,2,0,1,0,1,0,2,0,0,5
2,1,0,1,2,4,0,0,0,0,0,0,0,0
0,0,0,0,2,2,0,2,0,6,0,1,2,6
0,0,0,0,0,1,0,0,0,0,0,0,0,5
1,0,0,1,2,3,1,0,0,0,0,0,0,0
1,0,3,0,5,1,2,0,0,2,1,0,1,6
0,1,1,0,1,2,0,3,3,2,2,0,0,0
2,0,1,2,1,5,0,5,4,5,2,0,0,0
2,0,0,1,2,1,1,1,2,0,0,0,0,0
1,2,0,1,1,1,1,2,1,0,0,0,0,0
0,0,0,1,0,0,0,0,2,2,1,0,0,0
0,1,0,0,3,1,1,1,0,0,0,0,0,0
1,0,0,2,1,2,2,0,0,0,0,0,0,0
1,0,1,3,5,2,3,6,5,5,2,1,1,2
0,0,0,0,1,0,4,1,0,0,0,0,0,0
1,0,0,0,1,2,0,1,0,1,0,1,1,3
1,0,1,1,2,0,0,0,2,2,1,0,0,0
1,0,0,1,1,2,1,2,2,4,1,0,0,0
1,1,1,1,1,5,2,4,1,0,0,0,0,0
0,0,0,0,0,2,0,1,0,4,1,0,0,0
2,0,0,2,3,3,1,7,1,6,1,0,0,0
0,0,0,2,0,0,2,0,4,2,1,0,0,0
0,0,0,2,2,1,0,2,2,1,1,0,0,0
0,0,0,0,3,2,1,0,0,0,0,0,0,0
0,2,0,4,2,3,1,0,2,4,1,0,0,0
0,0,0,1,0,0,0,0,0,0,0,0,0,6
1,0,1,0,1,0,1,2,1,1,1,0,0,0
1,0,0,1,3,1,0,5,2,0,0,0,0,0
2,2,1,1,1,2,1,1,1,3,1,1,2,3
1,2,0,1,2,0,2,1,1,3,2,0,0,0
0,0,0,2,1,0,2,1,2,2,1,0,0,0
0,0,0,3,4,1,0,1,2,5,1,0,2,4
2,0,1,1,0,1,0,1,1,2,1,0,0,0
0,0,0,1,1,3,0,0,0,0,0,0,0,0
0,2,0,2,2,0,1,2,1,2,2,0,0,0
0,0,0,0,0,0,0,0,1,3,1,2,7,10
2,0,1,0,4,1,0,0,2,4,1,1,1,1
0,2,0,0,3,5,1,0,0,1,2,1,1,4
1,0,0,1,4,1,3,3,1,1,2,0,0,0
3,3,5,8,2,9,0,2,5,4,2,1,1,4
1,0,0,1,1,3,2,1,1,0,0,0,0,0
0,0,0,0,1,2,1,2,2,1,1,0,0,0
1,0,1,0,1,3,1,0,0,0,0,0,0,0
1,0,0,0,0,1,0,1,1,1,1,1,7,18
0,0,0,0,0,0,0,0,0,0,0,0,1,8
1,0,1,0,0,3,0,0,2,1,2,0,0,0
2,0,2,1,1,1,1,4,0,2,1,1,1,3
2,1,0,0,0,0,0,0,0,0,0,1,1,4
0,0,0,1,4,3,1,4,2,3,1,0,0,0
0,1,0,0,1,2,0,0,0,4,2,0,0,0
13,2,7,1,11,9,4,9,3,11,2,2,2,10
2,0,2,5,4,1,1,0,2,3,1,0,0,0
1,0,0,0,2,1,0,0,2,2,2,0,0,0
1,0,0,2,2,3,1,1,1,1,1,0,0,0
1,0,0,0,1,1,0,1,0,5,1,0,0,0
0,0,1,1,1,3,2,1,0,4,2,1,1,2
1,1,2,1,2,1,0,0,0,0,0,0,0,0
0,0,0,0,0,0,0,0,0,1,1,1,0,7
0,0,0,1,0,0,0,0,2,3,2,0,0,0
2,0,0,0,1,2,3,0,0,0,0,0,0,0
1,0,0,1,2,1,1,0,0,0,0,0,0,0
1,0,1,0,1,3,1,0,0,0,0,0,0,0
1,0,0,3,1,2,1,0,3,3,1,0,0,0
2,0,1,1,0,1,1,2,1,1,1,0,0,0
2,0,2,2,4,2,0,1,1,2,1,0,0,0
0,0,0,0,0,1,0,1,2,1,0,1,1,9
2,1,1,4,6,5,2,2,3,3,0,1,2,2
1,1,0,2,2,1,0,0,0,0,0,0,0,0
0,0,0,1,1,1,1,1,2,0,0,0,0,0
2,3,2,2,1,2,0,0,2,3,1,3,2,3
0,0,0,1,1,2,2,2,1,4,1,0,0,0
2,0,0,0,2,2,1,0,0,0,0,0,0,0
1,0,0,0,0,2,0,2,3,0,0,0,0,0
6,3,3,4,6,9,6,6,5,12,4,6,3,7
1,0,2,2,2,2,1,3,2,0,0,1,1,4
0,0,0,0,2,1,0,0,1,3,2,0,0,0
0,0,0,2,2,2,1,0,0,0,0,0,0,0
4,4,2,5,7,5,1,3,5,7,4,0,0,0
4,4,1,3,4,0,1,5,2,1,0,4,2,3
1,0,1,3,0,5,1,2,1,0,0,0,0,0
1,1,0,1,1,0,0,2,1,1,0,1,2,3
0,0,1,0,0,2,1,0,1,2,0,0,3,5
0,0,0,2,1,0,0,0,0,3,1,2,1,1
3,1,0,0,0,6,0,0,0,0,0,0,0,0
2,2,2,7,4,4,3,5,1,5,1,1,1,4
3,0,0,2,1,1,0,3,2,0,0,0,0,0
0,0,1,0,0,1,0,2,2,3,1,0,0,0
2,0,0,1,1,0,1,2,1,1,1,0,0,0
0,0,2,0,0,1,0,2,3,2,1,0,0,0
0,0,0,1,1,0,0,1,1,2,1,0,0,0
0,0,4,3,3,1,1,1,1,1,0,0,0,0
1,0,0,2,0,1,2,3,1,1,0,0,0,0
0,1,1,2,1,2,1,0,0,0,0,0,0,0
0,0,0,3,2,1,1,2,1,2,1,0,0,0
0,0,1,0,0,0,1,1,0,1,0,0,4,2
0,0,0,0,1,0,0,5,2,1,2,0,0,0
0,0,0,0,0,0,0,2,1,2,1,0,0,0
0,0,0,1,1,1,2,0,3,4,1,0,0,0
0,0,0,1,2,2,1,0,0,0,0,0,0,0
1,0,0,0,1,1,1,2,0,0,0,0,3,6
0,1,0,0,0,1,0,1,1,0,0,0,1,11
1,0,0,0,3,2,0,0,1,2,1,1,1,2
1,0,0,1,1,0,0,1,0,3,2,0,0,0
1,1,0,0,0,0,1,2,0,3,2,1,2,3
4,2,4,4,9,3,4,7,3,8,3,1,3,3
0,0,0,0,0,0,0,0,0,0,0,0,0,9
2,0,2,1,0,6,2,1,1,2,1,0,0,0
1,1,2,1,1,2,0,0,0,0,0,0,0,0
1,0,0,0,0,0,0,1,2,1,2,0,0,0
0,1,2,0,1,1,0,1,1,3,1,0,0,0
1,2,3,3,1,4,1,1,2,2,1,0,5,15
1,3,1,0,0,0,0,0,0,0,0,0,0,0
0,0,0,0,3,1,3,1,0,0,0,0,0,0
0,0,0,1,1,1,2,0,0,0,0,0,0,0
3,3,3,1,2,1,1,2,0,0,0,0,0,0
1,1,2,3,4,2,2,1,3,8,3,3,3,6
0,0,0,0,1,0,0,2,2,1,1,0,0,0
0,0,0,0,2,3,0,0,0,1,2,1,2,1
1,0,0,3,1,1,0,0,0,0,0,0,0,0
0,0,0,0,0,1,1,0,1,1,4,0,0,0
0,0,0,0,0,0,0,0,0,0,0,0,1,5
1,1,1,3,3,0,0,0,1,1,0,1,2,3
0,1,4,6,7,7,5,7,2,5,1,1,0,5
0,0,0,3,1,1,0,1,1,1,0,2,0,8
0,1,0,2,0,0,1,1,2,1,1,0,0,0
0,0,0,0,3,3,2,0,0,0,0,0,0,0
0,0,0,0,1,0,0,1,2,1,1,0,0,0
0,0,0,0,0,0,0,0,0,1,0,0,0,5
1,1,2,7,4,3,1,0,2,3,0,2,4,4
1,0,0,1,3,1,2,2,0,0,0,0,0,0
0,1,1,1,2,2,3,1,1,0,0,0,0,0
1,0,0,1,2,2,1,3,2,6,0,0,3,4
6,4,0,6,4,6,3,6,1,11,0,3,3,1
0,3,0,1,2,6,2,0,0,0,0,0,0,0
2,0,2,1,2,2,3,1,0,2,2,2,7,16
5,1,1,1,8,5,0,2,2,2,1,0,2,3
7,2,3,7,11,10,5,10,7,16,4,2,4,6
2,0,0,3,0,1,2,1,1,0,2,1,1,1
2,1,0,1,2,3,0,0,0,0,0,0,0,0
0,0,0,2,3,1,1,1,1,1,1,0,0,0
5,0,1,5,4,2,1,3,3,4,1,0,0,0
1,0,1,1,2,1,4,0,0,0,0,0,0,0
0,0,0,0,0,0,0,0,0,0,0,0,1,5
11,2,6,7,8,12,5,5,6,4,2,1,3,8
4,2,2,3,4,8,2,5,1,4,2,3,1,3
0,0,1,0,2,2,1,2,4,0,0,0,0,0
2,0,0,0,1,1,0,1,0,4,1,1,1,5
3,1,0,4,5,5,1,0,3,3,1,0,0,0
1,0,1,1,3,1,0,2,1,3,1,1,2,3
8,3,4,5,6,9,2,5,6,10,2,4,6,10
2,0,0,4,6,2,2,2,1,2,1,0,0,0
0,1,0,1,3,7,1,0,0,0,0,0,0,0
1,1,0,1,1,1,1,3,0,0,0,0,0,0
2,1,0,1,3,1,1,1,0,3,2,0,0,0
1,0,0,1,4,0,1,0,2,2,1,0,0,0
0,0,1,0,1,3,2,0,0,0,0,0,0,0
0,0,0,2,3,1,0,0,0,0,0,0,0,0
0,0,1,1,0,0,1,2,1,1,0,0,2,4
0,0,0,0,0,2,1,1,1,0,0,0,0,0
0,0,0,0,1,0,1,1,1,1,1,0,0,0
5,1,0,1,2,3,0,0,2,1,0,1,1,4
1,1,1,1,2,6,2,0,0,0,0,0,0,0
0,0,0,0,2,1,1,0,0,0,1,0,4,1
1,0,1,2,1,2,1,2,1,0,0,0,0,0
0,0,0,0,0,3,3,2,0,1,0,1,1,3
7,4,4,0,2,8,3,6,2,2,0,1,1,3
0,1,0,1,2,1,0,0,2,2,2,0,0,0
2,0,1,0,1,3,1,1,1,2,0,3,1,1
2,0,0,1,3,2,1,3,1,0,0,0,0,0
1,0,0,1,0,4,2,0,0,0,0,0,0,0
1,0,0,4,1,1,1,1,4,1,4,0,5,2
0,0,0,1,3,1,0,0,2,2,2,0,0,0
0,0,1,0,1,1,1,2,1,1,2,0,0,0
2,0,1,2,1,0,1,0,2,2,2,1,1,1
1,0,0,1,0,2,1,1,1,3,1,0,0,0
2,1,1,2,3,2,1,1,2,3,1,0,0,0
3,1,1,1,1,5,0,3,3,10,3,1,3,4
0,2,1,1,2,3,0,0,1,3,0,3,1,8
0,0,0,0,0,0,0,0,0,1,0,1,3,9
0,1,2,4,2,1,2,4,1,6,3,0,3,3
5,2,1,4,0,4,2,2,5,2,2,0,0,0
0,0,0,0,0,0,0,0,0,0,0,0,0,7
4,2,0,3,0,3,0,3,1,3,3,0,0,0
1,2,1,1,1,0,0,0,0,0,0,0,0,0
2,1,0,1,1,2,1,1,0,1,1,1,1,1
2,1,1,2,1,2,0,1,4,1,1,0,0,0
1,0,0,1,3,0,0,1,1,1,2,0,0,0
4,0,0,0,1,1,3,1,1,1,1,0,0,0
1,0,1,0,3,0,0,1,1,2,1,1,1,1
0,0,0,0,0,1,1,2,5,4,2,0,2,5
0,0,0,1,2,2,0,0,0,0,0,0,0,0
2,1,1,2,2,5,2,1,0,4,2,0,0,0
2,1,1,2,2,4,1,0,5,1,2,0,0,0
3,1,5,2,4,3,1,2,2,2,1,0,0,0
2,1,3,1,3,3,1,1,1,1,1,2,3,2
3,0,0,0,0,1,2,2,1,3,0,0,3,13
2,0,1,0,1,5,1,2,1,5,1,0,0,0
0,0,0,0,2,2,2,1,1,0,0,0,0,0
0,0,1,0,0,0,0,0,0,0,0,0,4,11
1,1,1,1,0,1,0,2,2,4,1,0,0,0
6,3,1,11,24,7,9,10,6,11,5,4,1,7
1,0,1,2,3,1,3,8,2,9,3,1,1,1
5,1,1,0,1,3,0,0,3,2,3,2,2,1
0,0,0,0,2,1,1,1,3,0,0,1,2,2
0,0,0,0,0,0,0,0,0,0,0,0,1,5
1,0,0,0,2,0,2,1,3,2,0,3,2,3
0,0,0,0,2,2,2,1,1,0,0,0,0,0
1,0,3,1,3,0,0,2,1,3,1,0,0,0
1,0,0,0,3,1,0,1,1,4,1,0,0,0
1,1,1,0,3,1,1,1,0,0,0,0,0,0
0,0,1,1,1,3,3,2,0,6,1,0,2,10
0,3,2,2,3,0,0,0,0,0,0,0,0,0
0,0,2,1,4,4,0,0,0,0,0,0,0,0
3,1,1,0,0,0,0,0,0,0,0,0,0,0
1,1,3,0,4,2,1,3,4,2,2,0,0,0
0,0,0,2,2,4,1,3,0,4,1,1,2,2
1,0,1,2,0,2,0,1,1,2,1,0,0,0
0,0,0,2,5,2,1,2,3,1,5,3,4,10
2,1,1,0,0,0,0,1,0,1,1,1,2,2
1,1,2,2,2,3,2,2,1,3,3,0,0,0
2,0,0,2,0,3,0,5,1,0,0,0,0,0
0,0,1,1,3,0,0,0,0,0,0,0,0,0
1,0,0,0,1,1,0,3,2,0,0,0,0,0
0,0,2,2,1,2,1,1,0,1,0,2,2,3
1,1,0,1,2,4,1,0,0,0,0,0,0,0
0,1,0,0,7,8,4,9,4,9,2,3,5,8
2,2,3,2,4,4,1,4,3,3,0,2,1,7
0,0,0,3,4,4,2,0,0,0,0,0,0,0
5,1,0,2,3,4,1,2,3,2,2,0,0,0
0,0,0,0,1,1,1,2,2,0,0,0,0,0
2,1,2,2,9,3,1,1,1,2,1,0,0,0
9,5,8,8,9,16,6,15,7,8,3,3,3,9
1,0,0,0,1,2,3,2,0,0,0,0,0,0
1,0,0,1,2,0,0,1,0,1,1,0,0,5
0,0,1,1,1,3,2,2,2,2,1,0,0,0
0,1,2,0,3,3,1,0,1,5,0,0,0,0
1,2,4,1,6,4,2,7,2,6,5,2,1,9
4,4,4,6,11,10,2,4,2,6,0,3,3,3
2,0,0,0,0,1,0,1,2,1,2,0,0,0
4,1,0,3,2,1,0,2,3,0,0,0,0,0
2,0,1,0,1,0,1,3,0,2,1,2,1,2
2,2,1,3,3,4,0,2,1,3,1,0,0,0
0,0,0,2,0,1,0,2,2,1,1,0,0,0
5,2,2,6,8,7,6,3,3,6,1,1,4,5
0,0,1,0,0,1,1,1,4,0,0,0,0,0
1,0,1,2,1,0,1,0,0,0,1,0,1,4
3,2,1,1,1,3,0,1,0,2,1,1,1,2
0,0,0,0,0,4,1,0,0,0,0,0,0,0
0,0,0,2,3,0,0,0,0,0,0,0,0,0
0,1,0,2,2,1,1,0,0,0,0,0,0,0
2,0,1,0,1,4,2,1,2,2,1,0,0,0
8,3,4,8,7,7,7,4,2,6,3,1,4,7
1,1,1,1,1,0,0,0,0,0,0,0,0,0
0,0,0,0,1,0,2,1,1,3,1,0,0,0
1,1,1,1,2,0,0,0,0,0,0,0,0,0
0,0,0,0,0,0,0,0,0,0,0,1,1,3
1,0,0,1,0,0,1,1,1,1,2,0,0,0
1,0,2,1,1,1,0,2,3,0,0,0,0,0
0,0,1,1,2,3,1,0,0,0,0,0,0,0
0,0,0,2,1,2,0,0,0,0,0,0,0,0
0,0,0,1,0,1,1,0,0,0,1,2,5,14
4,1,3,8,9,7,4,7,5,8,0,2,5,17
1,0,1,4,5,3,2,2,1,2,1,0,0,0
1,0,2,1,0,2,1,1,1,2,1,0,0,0
0,0,1,2,0,0,0,0,0,0,1,0,6,8
0,0,0,1,0,2,0,1,1,3,1,0,0,0
2,0,0,1,2,3,2,2,4,0,0,0,0,0
2,0,5,4,3,4,1,1,2,3,3,0,0,0
1,0,0,1,1,2,0,2,1,1,2,0,0,0
0,0,0,1,3,2,0,3,4,1,1,0,0,5
0,0,0,0,1,0,0,1,1,1,2,0,0,0
0,0,1,0,0,0,0,0,1,1,3,0,0,0
2,1,2,0,0,0,0,0,0,0,0,0,0,0
1,0,0,0,0,0,1,0,1,1,0,0,0,8
0,0,1,1,0,0,0,1,1,4,2,0,0,5
1,0,1,1,2,1,2,1,2,0,0,0,0,0
0,0,0,0,0,0,0,4,1,0,0,0,0,0
4,0,0,0,5,3,1,2,1,3,2,0,0,0
6,2,3,4,8,5,3,0,3,6,1,1,1,2
2,0,1,3,2,2,0,3,1,1,1,0,0,0
0,1,3,1,1,2,0,0,0,0,0,0,0,0
0,0,0,1,0,3,2,0,0,0,0,0,0,0
0,0,1,2,0,2,0,0,1,2,0,2,2,14
1,0,0,1,2,0,2,4,3,4,1,0,0,0
0,0,1,0,3,1,1,0,0,0,0,0,0,0
0,0,1,1,5,1,0,0,2,1,0,1,5,1
2,0,0,0,1,1,1,0,0,2,0,1,9,16
3,1,1,4,4,3,2,3,4,4,1,2,1,3
0,0,1,1,3,0,0,0,0,0,0,0,0,0
2,3,4,6,4,3,1,5,2,1,2,2,2,4
3,2,4,3,6,5,3,7,2,8,0,2,1,5
2,1,0,3,3,1,0,0,2,2,1,0,0,0
1,0,1,0,4,6,5,3,1,4,4,0,9,3
2,0,2,1,0,0,0,2,1,2,1,0,0,0
0,0,0,0,0,0,0,1,0,0,0,0,0,6
8,3,0,8,7,8,3,7,0,5,5,2,1,6
1,1,0,0,1,1,0,5,2,1,1,0,0,0
0,2,2,0,3,1,1,0,0,0,0,0,0,0
0,0,2,1,1,4,0,3,2,5,3,4,6,11
4,5,4,3,10,5,0,4,2,5,1,0,0,0
2,2,1,5,1,2,0,0,0,0,0,0,0,0
2,1,0,2,3,3,3,3,1,1,1,0,0,0
3,0,2,1,1,1,0,1,1,2,1,0,0,0
0,0,0,3,1,1,1,2,1,2,2,0,0,0
2,0,0,0,1,0,2,3,1,4,3,1,1,1
0,0,0,0,0,0,0,0,0,0,0,1,1,5
0,0,0,3,1,1,2,1,0,0,0,0,0,0
0,2,2,1,4,1,1,2,0,3,2,0,0,0
0,0,0,1,2,1,1,1,0,0,0,0,0,0
1,1,0,0,2,6,1,0,0,0,0,0,0,0
1,3,2,3,4,6,1,4,1,2,1,1,3,1
0,0,0,3,0,3,3,2,0,2,2,2,2,4
1,0,0,0,2,3,1,0,0,0,0,0,0,0
1,0,2,0,3,5,1,2,1,1,1,0,0,0
3,4,4,9,9,10,5,8,10,9,4,3,5,10
2,0,0,0,0,1,2,4,1,3,1,0,0,0
0,0,0,4,2,0,0,0,0,0,0,0,0,0
0,0,3,1,1,3,2,0,0,0,0,0,0,0
1,2,0,0,0,2,1,1,1,0,0,0,0,0
4,0,1,3,2,0,0,0,0,0,0,0,0,0
2,1,1,4,2,2,0,0,0,0,0,0,0,0
1,0,0,1,2,0,0,2,1,2,3,0,0,0
0,0,0,0,0,2,1,3,1,0,0,0,0,0
0,0,0,0,1,3,1,0,0,0,0,0,0,0
1,0,2,0,0,4,2,0,0,0,0,0,0,0
4,1,0,0,0,0,0,0,0,0,0,0,0,0
2,1,2,2,1,0,0,0,0,0,0,0,0,0
0,0,1,1,0,2,0,2,4,0,0,2,1,2
2,0,0,2,1,2,1,1,4,1,2,2,1,1
2,0,0,1,1,3,1,0,0,0,0,0,0,0
8,2,6,5,12,11,1,10,1,16,3,5,6,9
1,0,0,2,0,1,0,2,2,3,2,0,0,0
0,0,1,0,3,1,1,0,0,2,0,1,1,3
0,0,0,0,3,0,0,3,0,1,0,1,2,3
0,0,0,2,1,1,1,2,1,0,0,0,0,0
0,1,0,2,2,2,1,0,0,0,0,0,0,0
3,2,2,6,10,8,2,7,4,8,3,1,1,5
4,1,1,1,2,2,2,1,2,0,0,0,0,0
2,0,2,1,3,5,0,6,3,5,1,3,4,7
0,0,0,0,0,0,0,0,0,3,0,1,5,16
1,2,1,2,1,0,0,1,2,1,2,0,0,0
1,0,0,0,1,2,2,0,0,0,0,0,0,0
0,0,0,0,1,0,0,1,0,2,0,0,1,8
3,0,2,3,4,4,1,1,3,2,1,2,2,1
0,0,0,0,2,6,0,2,3,0,0,0,0,0
2,1,1,1,2,2,0,3,1,6,2,0,0,0
0,0,0,4,1,0,2,2,1,5,1,0,0,0
4,2,1,3,5,6,2,5,7,5,1,0,1,4
1,0,2,1,0,0,0,0,2,2,1,0,0,0
4,2,0,0,0,0,0,0,0,0,0,0,0,0
0,1,2,4,8,4,1,3,5,12,2,7,4,9
0,0,0,3,1,3,0,0,1,3,1,0,0,0
1,0,0,1,1,1,1,2,1,0,0,0,0,0
1,0,1,1,2,2,1,1,0,0,0,0,0,0
0,0,0,0,1,3,0,1,1,0,1,1,1,4
0,0,1,3,2,0,0,0,0,0,0,0,0,0
0,1,1,3,1,3,0,3,4,6,1,0,0,0
0,0,0,0,0,1,0,0,0,1,0,2,1,4
0,0,0,0,0,1,0,1,1,2,4,0,0,0
0,0,0,1,1,3,1,1,0,3,1,1,1,2
0,1,0,1,2,5,0,0,0,0,0,0,0,0
0,2,1,3,4,3,0,3,2,3,1,0,0,0
2,2,0,2,0,2,1,4,0,0,0,0,0,0
0,0,0,1,1,4,1,0,0,0,0,0,0,0
0,1,0,0,0,0,0,0,1,6,1,0,0,0
4,2,1,2,7,5,1,3,6,6,1,2,3,8
1,3,0,0,2,3,3,0,0,0,0,0,0,0
1,2,1,1,0,0,0,0,0,0,0,0,0,0
0,0,0,0,1,4,0,0,0,0,0,0,0,0
1,1,1,1,0,0,0,2,1,2,1,0,0,0
0,0,0,1,1,3,0,2,1,4,0,0,2,8
0,0,1,0,5,2,2,4,3,3,3,3,3,11
0,0,0,1,0,1,1,1,3,0,0,0,0,0
2,0,3,1,0,1,1,3,1,4,1,0,0,0
1,0,0,0,2,1,2,2,1,1,2,0,0,0
2,0,0,2,4,0,0,0,0,0,0,0,0,0
0,0,2,3,2,4,0,5,0,0,0,0,0,0
2,0,2,0,2,2,1,3,1,3,1,1,1,15
0,0,0,0,0,1,0,1,1,0,0,3,2,7
0,0,0,0,0,0,0,0,1,1,0,1,0,9
0,0,0,0,2,4,0,0,0,0,0,0,0,0
1,1,0,2,1,0,0,2,1,3,1,0,0,0
4,3,7,6,8,4,4,8,9,12,0,1,2,6
0,0,0,3,2,0,0,2,0,5,1,0,0,0
1,3,1,0,0,0,0,0,0,0,0,0,0,0
2,2,2,0,2,6,2,1,0,0,0,0,0,0
5,0,0,1,5,4,4,5,2,2,3,1,3,6
1,2,0,1,2,2,1,2,1,1,2,0,0,0
0,0,0,0,0,0,1,3,1,0,0,0,0,0
0,0,0,0,0,2,1,1,1,0,0,0,0,0
1,0,2,1,1,0,2,0,0,0,2,1,1,1
3,2,1,0,0,0,0,0,0,0,0,0,0,0
0,0,0,0,1,1,0,0,2,3,1,0,0,0
1,1,1,1,2,4,0,0,0,0,0,0,0,0
0,2,1,4,2,1,1,0,1,2,3,0,0,0
0,2,0,0,0,2,0,2,0,2,1,1,1,4
10,11,2,12,15,20,15,12,15,17,4,6,6,14
2,1,1,0,0,4,1,1,1,3,1,0,0,0
0,0,0,0,0,0,0,2,1,1,1,0,0,0
1,0,1,1,3,1,0,0,0,0,0,0,0,0
1,0,0,2,4,0,0,0,0,0,0,0,0,0
1,0,2,10,7,7,4,4,2,3,1,4,1,1
4,3,1,4,0,0,0,0,0,2,3,0,0,0
1,1,1,1,4,2,1,3,1,0,0,0,0,0
5,0,1,1,0,2,0,0,0,0,1,1,2,2
1,0,1,2,2,4,2,3,2,3,2,0,0,0
0,0,0,0,4,3,1,0,0,0,0,0,0,0
1,3,1,1,1,2,1,0,0,0,0,0,0,0
2,0,2,2,5,7,2,5,3,20,5,6,7,10
1,2,1,3,3,2,1,1,1,2,1,0,0,0
2,1,0,0,0,0,0,4,2,1,1,1,5,16
6,7,4,11,8,10,6,9,6,4,3,3,4,5
3,0,0,1,3,0,1,2,1,2,1,0,0,0
0,0,0,0,4,2,1,0,0,0,0,0,0,0
1,1,0,2,3,4,1,3,3,8,1,0,0,0
0,0,0,2,4,2,0,0,0,0,0,0,0,0
0,0,0,1,2,3,0,3,2,3,3,0,0,0
1,1,0,0,2,3,1,0,0,0,0,0,0,0
0,1,0,0,3,2,0,4,3,1,2,1,7,9
1,0,0,0,0,0,0,2,1,0,0,0,0,7
0,0,0,0,0,0,0,1,0,1,1,0,5,6
0,1,1,2,1,3,1,3,4,0,0,0,0,0
2,2,2,6,2,4,1,3,4,6,3,0,7,9
1,0,0,1,0,1,0,1,0,4,1,0,0,0
4,0,1,0,4,1,1,1,2,0,1,1,3,1
0,0,0,1,2,1,0,1,2,4,3,2,2,15
1,0,0,2,1,1,0,2,1,2,3,1,0,6
1,0,1,1,1,2,0,0,0,0,0,0,0,0
0,0,1,2,1,0,2,1,2,0,0,0,0,0
7,1,3,6,5,7,3,5,3,5,3,2,1,7
1,0,0,1,2,2,0,2,1,2,2,1,1,1
2,0,1,1,0,3,0,1,1,2,1,1,3,1
1,0,0,0,1,1,0,3,0,1,0,0,2,7
0,1,1,3,1,1,0,0,0,0,0,0,0,0
1,0,0,0,1,0,0,2,1,1,1,0,0,0
0,1,0,0,1,0,0,0,0,1,0,0,3,7
0,0,0,0,0,1,1,2,1,1,0,2,1,6
3,2,0,1,3,5,1,3,2,4,1,0,0,0
1,1,2,0,1,1,1,0,1,0,1,0,2,4
2,0,0,1,3,4,1,0,1,2,1,1,1,1
1,0,0,1,2,2,2,2,3,0,0,0,0,0
0,0,0,0,0,0,1,2,0,1,0,0,0,5
4,0,0,1,2,3,2,0,0,0,0,0,0,0
3,1,0,1,5,9,1,4,3,7,2,0,4,12
0,1,0,1,2,0,0,2,2,1,2,0,0,0
1,3,0,3,1,2,0,4,3,0,1,3,1,3
4,1,4,7,6,6,4,2,1,7,1,0,0,0
0,1,0,0,1,1,0,0,1,3,1,1,2,1
0,0,0,0,0,0,0,0,0,0,0,0,2,5
2,3,0,0,0,0,0,0,0,0,0,0,0,0
0,0,0,1,1,1,1,1,0,0,0,0,0,0
0,1,0,0,0,1,0,1,1,0,0,1,1,3
0,0,0,0,0,1,1,0,2,2,1,0,0,0
1,0,1,1,0,4,1,0,0,0,0,0,0,0
1,1,1,1,1,2,0,0,0,0,0,0,0,0
1,1,0,2,1,3,1,4,6,6,0,1,3,4
1,0,1,5,0,0,0,0,0,0,0,0,0,0
1,0,0,1,1,1,0,0,1,4,1,0,0,0
0,0,0,1,0,4,0,1,2,2,1,0,0,0
1,2,1,1,2,0,0,2,1,1,1,0,0,0
4,2,2,8,13,6,7,12,4,8,5,4,4,12
1,2,1,5,3,4,0,2,2,4,1,2,2,2
0,1,0,0,2,0,0,5,3,4,1,0,0,0
0,0,0,1,1,0,2,2,1,0,0,0,0,0
0,0,1,1,1,1,2,2,3,4,1,2,0,6
1,1,0,1,1,1,1,1,0,0,0,0,0,0
0,0,0,1,1,1,0,0,0,0,0,1,1,3
1,1,0,4,3,3,0,0,0,0,0,0,0,0
4,1,0,3,2,5,3,5,2,6,1,0,0,0
4,0,0,7,3,3,1,1,4,4,0,0,3,9
0,0,1,1,0,1,0,2,1,2,1,0,0,0
0,1,0,3,1,3,0,0,0,0,0,0,0,0
3,0,0,2,2,2,1,4,1,2,1,0,0,0
0,0,0,1,1,2,1,0,0,0,0,0,0,0
2,1,0,1,2,1,1,0,0,0,0,0,0,0
4,2,1,0,0,0,0,0,0,0,0,0,0,0
1,0,0,1,2,2,2,1,1,2,1,0,0,0
0,0,0,1,0,1,0,2,2,1,1,1,1,1
2,2,1,3,3,4,2,1,2,4,1,0,0,0
0,0,1,0,0,1,0,1,2,2,1,0,0,0
3,3,1,2,9,5,5,6,2,4,1,3,6,12
1,0,0,0,0,1,0,2,0,4,1,0,0,0
0,0,2,1,2,3,0,2,2,9,1,0,2,3
4,2,2,1,8,6,1,4,4,11,4,5,2,7
1,0,1,1,3,1,1,1,1,2,2,0,0,0
2,0,1,1,0,0,0,2,1,4,2,0,0,0
0,0,0,0,0,1,1,1,2,1,1,0,0,0
0,0,0,0,0,0,0,2,0,0,0,0,2,5
0,2,0,2,4,1,0,4,4,4,1,1,2,1
2,2,3,6,6,3,4,5,2,5,5,4,4,5
3,1,0,0,3,3,2,3,1,2,1,0,0,0
2,0,1,1,0,2,0,0,1,2,4,1,5,11
3,1,0,3,1,3,0,0,0,0,0,0,0,0
2,0,2,2,1,2,1,0,0,0,0,0,0,0
1,0,1,2,0,0,0,2,3,2,0,1,3,1
0,0,0,0,0,0,0,0,0,0,0,0,0,5
1,0,0,0,1,3,1,3,1,0,0,0,0,0
2,1,3,0,0,0,0,0,0,0,0,0,0,0
19,6,6,23,28,34,11,17,13,29,5,6,14,15
1,0,0,1,1,4,1,1,0,0,0,0,0,0
0,1,3,2,1,2,0,0,0,0,0,0,0,0
0,1,1,2,3,1,3,0,0,1,1,2,1,2
6,2,3,2,6,7,3,8,4,7,2,1,2,3
1,1,0,2,1,0,1,2,2,0,0,0,0,0
1,0,0,1,0,0,1,2,2,0,0,0,0,0
1,2,1,0,1,1,1,4,5,0,0,0,0,0
0,0,1,1,1,3,1,0,0,0,0,0,0,0
0,0,1,0,0,0,0,0,1,1,0,0,1,4
0,1,1,2,1,1,1,4,3,9,3,3,3,6
1,0,1,2,3,3,0,2,0,2,2,1,1,2
0,0,0,0,2,0,0,1,2,1,1,0,0,0
1,0,0,0,1,1,1,1,1,0,0,0,0,0
2,1,2,4,3,0,2,1,2,2,2,0,0,0
2,0,1,2,3,1,1,1,1,1,1,0,0,0
2,1,0,0,1,0,1,0,0,2,0,3,2,1
0,0,0,0,0,0,0,0,0,0,0,3,3,4
3,0,1,0,0,1,0,0,1,0,0,0,0,6
0,0,1,0,1,1,0,3,1,2,0,1,1,5
0,0,2,0,2,0,0,1,0,4,1,0,0,0
0,1,1,1,3,1,0,0,0,0,0,0,0,0
3,2,1,1,1,0,1,3,1,0,0,0,0,0
1,0,0,0,1,1,1,1,1,0,0,2,1,2
3,0,0,2,2,2,0,0,4,2,2,3,2,3
2,1,1,4,2,7,0,2,1,2,1,0,0,0
0,0,0,0,1,0,0,0,0,0,0,0,2,4
0,0,0,0,1,2,2,2,0,0,0,0,0,0
1,0,2,3,4,7,2,3,3,2,1,0,2,12
0,0,0,0,1,3,1,3,2,4,1,0,0,0
5,2,7,3,12,6,2,4,6,9,2,2,1,2
0,0,0,0,0,0,0,1,0,0,1,0,3,10
0,0,0,0,0,1,0,0,1,1,1,1,1,1
1,0,0,0,1,1,0,4,1,2,1,0,0,0
0,0,0,1,0,3,2,1,3,2,0,1,1,4
2,1,1,1,3,0,0,0,0,0,0,0,0,0
0,0,1,3,0,0,1,5,2,6,4,2,2,4
1,0,0,3,3,1,1,1,2,0,0,0,0,0
1,0,0,1,2,1,2,2,0,0,0,0,0,0
2,0,0,1,1,2,0,3,3,0,0,0,0,0
1,2,1,2,2,1,2,0,0,0,0,0,0,0
0,0,0,0,3,2,0,0,0,0,0,0,0,0
1,1,0,1,2,2,1,0,0,0,0,0,0,0
1,2,1,2,4,2,1,0,0,0,0,0,0,0
0,0,0,0,0,2,0,0,1,3,1,0,0,0
0,0,2,0,3,1,1,0,0,0,0,0,0,0
0,0,0,0,3,2,0,1,1,3,1,0,0,0
2,1,1,4,2,1,3,3,2,2,1,0,0,0
0,1,3,0,1,0,0,1,1,2,1,0,0,0
4,3,0,1,3,3,3,2,1,4,4,4,1,4
0,1,1,1,0,0,0,2,3,1,1,0,0,0
1,0,1,0,0,2,0,3,3,6,1,0,0,0
1,0,0,0,1,2,2,2,1,2,1,0,0,0
2,0,1,0,2,5,1,4,2,8,1,0,1,7
1,1,0,1,0,3,1,1,4,1,2,0,0,0
0,0,0,0,0,0,0,0,0,1,0,0,0,5
2,1,1,0,2,3,0,1,0,5,1,0,0,0
1,3,0,1,2,0,0,2,0,4,1,0,0,0
8,4,2,8,9,13,4,17,2,5,3,5,1,4
0,0,0,0,0,1,0,1,2,4,1,0,0,0
0,0,0,1,0,0,0,1,1,1,0,1,1,3
0,0,0,1,1,3,1,1,1,0,0,0,0,0
3,0,1,0,0,0,0,4,2,0,0,0,0,0
0,0,1,4,0,0,0,0,0,0,0,0,0,0
3,0,0,2,1,3,0,0,0,0,0,0,0,0
1,0,1,2,3,2,1,2,3,6,0,1,5,5
0,1,0,0,3,1,1,0,0,0,0,0,0,0
2,1,4,7,11,5,2,6,8,15,4,1,4,5
0,0,0,0,0,0,0,0,0,0,0,0,2,4
0,1,1,2,0,2,1,1,6,4,1,2,3,3
0,1,0,1,0,2,1,0,1,3,0,0,2,14
2,0,1,1,4,3,0,5,1,5,2,2,3,3
4,3,1,3,7,3,1,4,1,7,3,0,0,0
1,1,0,0,2,3,0,3,2,3,2,0,0,0
0,0,1,2,0,3,1,3,1,3,2,0,0,0
2,0,0,1,0,1,0,0,1,0,0,0,0,5
0,3,2,3,4,6,5,9,3,10,3,5,8,13
1,0,1,1,1,1,1,0,0,0,0,0,0,0
1,1,0,1,0,2,2,1,1,2,2,0,0,0
1,0,0,3,1,1,1,0,0,0,0,0,0,0
0,0,0,0,0,1,2,1,1,0,0,0,0,0
3,1,2,3,2,1,0,6,0,0,0,0,0,0
0,1,3,2,2,0,6,3,1,2,1,0,0,0
1,2,1,0,1,1,1,1,0,1,0,2,1,2
1,1,0,0,1,1,0,1,1,2,2,0,0,0
4,1,0,0,0,0,0,0,0,0,0,0,0,0
0,0,0,0,0,2,1,1,1,0,0,0,0,0
0,0,0,0,0,0,0,0,0,0,0,1,0,5
1,0,1,1,0,0,3,2,0,0,0,0,0,0
1,1,0,3,0,2,2,0,1,4,1,0,0,0
2,0,0,1,3,2,1,0,0,0,0,0,0,0
3,1,0,3,3,1,1,0,0,0,0,0,0,0
3,0,0,1,0,4,1,0,0,0,0,0,0,0
1,0,1,0,3,1,0,0,1,2,2,0,0,0
1,1,0,3,7,3,1,2,1,4,2,0,0,0
0,1,2,5,4,2,3,3,3,6,3,2,1,2
2,0,1,3,3,1,2,0,0,0,0,0,0,0
1,1,1,1,2,1,2,3,0,0,0,0,0,0
2,0,0,0,1,1,1,1,2,6,0,2,2,4
1,2,1,1,2,3,1,0,0,0,0,0,0,0
0,0,0,2,1,3,2,0,0,0,0,0,0,0
7,10,11,12,12,20,12,13,12,13,1,6,5,11
0,0,0,0,2,3,1,0,0,0,0,0,0,0
0,0,0,2,1,2,1,0,0,0,0,0,0,0
0,0,0,3,3,0,0,0,0,0,0,0,0,0
1,0,0,1,3,1,1,4,0,4,3,3,0,5
0,1,0,2,9,3,1,2,3,4,1,0,4,1
1,0,0,0,2,0,2,0,2,1,2,0,0,0
4,0,2,4,7,7,5,10,10,19,6,4,6,8
1,0,1,1,1,3,0,0,0,0,0,0,0,0
0,0,0,0,2,3,3,0,0,0,0,0,0,0
0,1,1,0,1,2,1,1,0,0,0,0,0,0
2,1,2,0,0,0,0,0,0,0,0,0,0,0
2,1,0,2,2,2,0,3,1,2,1,0,0,0
0,0,0,0,0,0,2,1,1,1,0,0,1,6
1,1,0,1,2,2,0,0,0,0,0,0,0,0
2,0,2,1,1,0,1,2,2,1,1,0,0,0
2,1,2,0,2,5,0,3,2,3,1,1,1,1
0,2,2,1,4,1,1,1,0,0,0,0,0,0
0,1,0,3,1,2,3,1,1,0,0,0,0,0
0,0,1,1,1,1,1,1,0,0,0,0,0,0
6,3,2,3,2,10,9,6,7,10,2,2,9,24
1,0,0,2,2,2,1,0,0,0,0,0,0,0
1,1,0,2,0,4,4,2,1,2,2,0,0,0
1,0,1,1,4,4,1,0,0,0,0,0,0,0
1,0,2,2,2,4,0,0,0,0,0,0,0,0
9,6,5,7,14,14,13,8,6,12,2,5,1,9
0,0,0,0,0,0,0,2,1,1,1,0,5,8
0,0,0,0,0,1,2,2,0,0,0,0,0,0
0,0,1,1,2,1,1,1,1,4,0,0,1,4
0,0,0,0,1,0,0,0,1,3,2,0,0,0
2,0,0,1,3,2,0,2,0,2,0,1,0,5
0,0,0,0,2,0,0,1,1,0,0,0,1,10
3,1,3,2,0,5,3,3,2,6,0,0,4,3
15,7,7,19,27,20,11,11,13,22,6,4,6,19
2,0,0,0,4,2,2,2,1,1,1,0,0,0
0,0,1,1,1,0,0,1,1,0,0,1,1,3
0,2,0,1,1,0,0,2,2,2,1,0,0,0
1,0,0,0,1,3,1,2,1,4,0,0,0,0
2,1,0,1,2,0,1,2,1,1,1,0,0,0
1,0,0,0,3,2,0,0,0,0,0,0,0,0
2,0,0,0,0,0,0,2,2,2,1,0,0,0
0,0,0,0,1,4,3,4,4,5,1,1,2,3
1,1,0,1,4,5,4,1,1,2,2,0,0,0
3,0,0,1,2,2,1,1,2,2,1,0,0,0
15,7,3,9,13,16,6,11,5,8,4,2,8,25
3,1,0,0,0,1,0,0,1,5,0,2,4,7
0,0,0,1,0,0,0,0,2,2,2,0,0,0
0,3,1,0,1,1,0,0,0,1,1,1,1,4
1,0,0,2,1,2,1,2,0,0,0,0,0,0
0,1,0,0,2,7,1,4,0,9,1,2,3,2
1,1,0,0,3,2,0,0,0,0,0,0,0,0
2,0,0,1,1,0,0,3,3,2,1,0,0,0
0,1,1,2,2,0,2,1,2,2,1,0,0,0
0,0,0,1,3,1,0,1,1,2,2,0,0,0
2,0,1,0,0,1,1,1,1,1,1,0,0,0
0,0,2,3,2,4,1,3,1,0,0,0,0,0
1,0,0,1,0,2,2,3,2,2,3,0,2,3
0,1,1,1,3,2,0,0,2,3,1,2,2,4
0,0,1,1,1,1,0,1,1,1,2,0,0,0
0,0,0,0,2,2,0,1,1,1,2,0,2,3
1,0,0,4,3,2,0,2,1,1,1,2,1,2
0,1,1,1,3,5,1,0,0,0,0,0,0,0
0,0,1,0,1,2,0,1,1,1,1,2,4,2
4,0,1,3,3,0,4,0,1,2,1,1,2,3
0,1,1,0,0,1,0,1,3,1,1,0,0,0
1,1,0,0,1,0,0,1,1,1,1,1,2,2
0,1,0,0,2,3,1,0,0,0,0,0,0,0
3,2,0,2,1,3,2,2,0,0,0,0,0,0
4,1,4,1,2,5,1,2,0,3,4,0,3,2
1,2,2,1,2,0,0,0,0,0,0,0,0,0
2,0,0,3,3,1,1,2,1,1,2,0,0,0
3,0,3,0,2,2,0,3,1,7,1,2,9,3
0,0,0,2,0,1,0,3,1,1,1,0,0,0
1,2,0,0,2,3,0,1,1,3,1,0,0,0
0,1,2,0,2,4,0,0,0,0,0,0,0,0
1,1,1,0,5,4,1,1,0,0,0,0,0,0
10,5,5,14,13,13,5,14,6,12,6,5,1,6
1,2,1,0,0,0,0,2,2,1,1,0,0,0
1,0,0,1,2,2,1,1,2,3,1,0,0,0
0,0,0,0,0,0,0,0,1,4,1,1,10,17
0,0,0,0,1,2,1,3,2,5,1,3,2,2
0,0,1,0,0,1,2,1,1,1,1,0,0,0
0,1,1,0,4,1,0,1,1,3,0,1,2,3
2,0,0,1,3,1,0,1,1,2,3,0,0,0
0,0,0,0,0,0,0,2,0,3,0,2,1,21
1,0,0,1,1,2,0,2,2,6,2,2,1,8
0,0,0,0,0,2,0,0,1,1,1,1,1,3
7,2,3,7,11,17,3,14,5,9,3,5,3,5
2,0,0,0,0,1,1,4,0,0,0,0,0,0
0,0,0,0,1,1,0,3,1,1,3,0,0,0
0,0,0,0,0,0,0,1,3,1,1,0,0,13
0,0,0,0,0,1,0,1,1,0,0,1,1,4
1,2,1,2,4,0,1,2,1,4,0,0,1,4
2,0,0,0,0,3,1,2,1,1,2,0,0,0
2,2,3,2,2,1,0,3,3,4,0,2,2,4
0,1,0,1,1,1,1,2,0,0,0,0,0,0
2,2,1,3,3,2,5,2,1,2,1,2,1,2
2,0,0,3,1,1,2,0,0,0,0,0,0,0
0,1,0,0,0,1,0,1,0,2,0,0,2,6
0,0,0,0,1,0,1,2,1,6,3,1,4,7
0,0,1,1,1,2,1,0,0,2,1,1,2,2
0,1,2,1,0,3,2,2,3,1,2,0,0,0
1,0,1,0,1,4,0,4,3,8,1,0,0,0
0,0,0,1,1,0,3,1,1,0,0,0,0,0
2,0,0,0,0,0,1,2,2,0,0,0,0,0
0,0,0,0,1,4,1,3,0,2,0,0,0,7
1,0,0,0,3,2,1,0,0,0,0,0,0,0
1,1,0,0,2,2,1,1,2,0,0,0,0,0
1,0,1,1,1,2,0,0,0,0,0,0,0,0
2,1,1,2,2,2,0,2,2,2,2,0,0,0
1,0,1,1,3,1,2,0,0,0,0,0,0,0
2,0,1,1,1,3,4,0,0,0,0,0,0,0
1,1,0,0,0,1,1,1,1,1,1,0,0,0
0,1,0,1,0,0,0,0,1,1,0,1,2,5
0,0,1,0,0,1,0,0,1,4,2,0,0,0
0,0,0,0,0,0,0,0,0,0,0,1,1,3
0,0,1,1,1,1,1,0,0,0,0,0,0,0
0,0,1,2,0,2,0,7,2,7,3,1,1,1
0,0,1,1,1,3,2,0,0,0,0,0,0,0
1,0,1,0,2,0,0,3,1,3,1,0,0,0
1,2,1,2,3,2,2,3,2,4,0,1,1,4
0,0,1,0,1,3,1,0,0,0,0,0,0,0
0,0,0,0,0,0,0,2,2,1,1,0,0,0
0,1,1,1,1,1,1,0,0,0,0,0,0,0
2,0,2,4,3,2,0,1,4,2,0,0,2,5
4,0,1,1,3,4,1,1,2,3,2,0,0,0
1,0,1,1,1,1,0,0,2,2,1,0,0,0
0,1,0,3,1,3,1,1,0,0,0,0,0,0
0,1,0,1,2,4,0,0,0,0,0,0,0,0
0,0,0,0,1,2,1,1,0,0,0,0,0,0
0,0,1,0,1,1,0,4,4,0,0,0,0,0
0,0,0,1,2,2,0,0,0,0,0,0,0,0
1,0,1,1,3,3,1,0,0,0,0,0,0,0
1,0,0,2,2,0,0,0,2,0,0,2,2,2
1,1,0,1,1,4,1,1,2,2,1,0,0,0
0,1,0,3,6,3,0,4,2,10,3,2,4,2
1,1,1,1,5,2,0,3,2,1,0,0,3,6
4,1,0,0,0,0,0,0,0,0,0,0,0,0
1,4,0,0,1,3,1,2,2,2,1,0,0,0
1,1,1,0,2,3,0,0,0,0,0,0,0,0
0,0,0,0,0,1,1,1,1,3,2,0,0,0
2,1,1,3,2,3,0,3,5,1,1,0,0,0
4,2,0,0,1,0,0,2,0,2,1,3,1,6
1,0,0,1,2,6,2,5,1,11,2,3,0,9
1,0,0,0,2,1,2,0,2,3,1,0,0,0
0,1,2,1,1,1,0,1,2,0,0,1,2,2
0,1,0,0,1,0,0,0,0,4,1,0,0,0
0,0,0,0,2,1,0,2,3,0,0,0,0,0
0,0,2,0,2,1,1,1,0,0,0,0,0,0
0,2,0,0,2,2,2,0,0,0,0,0,0,0
1,0,0,0,2,3,1,2,2,3,1,0,0,0
0,0,0,1,2,2,2,1,3,3,1,0,0,0
1,4,2,1,3,7,2,3,2,2,1,0,0,0
6,3,5,4,7,3,2,3,5,9,2,1,1,4
1,0,0,1,0,0,0,2,2,1,0,0,0,0
2,0,1,2,1,2,0,0,0,0,0,0,0,0
1,1,1,0,2,4,1,6,3,4,2,0,3,7
1,1,2,0,1,1,0,2,4,0,0,0,0,0
1,2,2,2,2,9,1,3,1,1,1,2,1,1
3,2,1,0,2,2,1,0,0,0,0,0,0,0
3,0,0,2,0,2,2,1,2,3,2,2,0,8
1,3,0,3,1,1,1,2,1,0,0,0,0,0
2,2,2,4,2,2,2,2,1,3,3,1,1,4
0,1,0,1,1,2,0,5,0,0,1,1,1,3
0,0,1,2,1,1,1,0,0,0,0,0,0,0
0,0,2,6,4,1,1,5,1,0,0,2,2,3
8,1,0,1,6,7,2,5,1,6,3,2,2,1
1,0,1,3,1,1,0,0,2,3,2,0,0,0
1,0,1,0,2,2,2,0,0,0,0,0,0,0
1,0,1,2,4,1,2,2,0,5,1,1,1,1
2,0,0,0,1,2,1,1,0,0,0,0,0,0
1,0,0,2,0,2,2,5,0,7,5,0,4,12
0,0,0,0,0,0,0,0,1,0,0,1,2,9
2,0,0,2,1,3,1,0,0,0,0,0,0,0
0,0,0,1,0,0,0,1,0,2,0,1,3,13
0,1,1,1,1,1,1,0,0,0,0,0,0,0
2,3,1,2,7,2,1,1,3,4,2,1,2,7
1,0,1,0,1,3,1,1,2,0,0,0,0,0
0,0,0,0,0,1,1,2,1,0,0,0,0,0
0,1,1,0,0,0,0,1,1,1,1,0,1,13
0,0,1,0,2,3,1,1,2,0,0,0,0,0
2,0,2,4,4,5,4,9,5,2,1,0,0,0
1,0,0,0,2,2,1,1,0,0,0,0,0,0
3,1,3,2,5,4,1,5,3,4,0,2,2,1
0,1,0,1,0,0,1,0,1,5,1,0,0,0
6,3,4,6,8,10,7,16,5,13,6,6,11,19
2,1,0,2,1,1,1,0,0,0,0,0,0,0
0,0,0,4,6,10,1,3,2,5,1,2,0,5
0,0,0,0,1,0,0,0,1,3,1,0,0,0
0,0,0,1,1,0,2,2,1,0,0,0,0,0
1,0,0,0,1,2,0,3,1,1,0,3,2,7
1,0,0,1,1,0,0,2,2,2,1,0,0,0
0,0,0,0,1,1,1,1,1,1,1,0,0,0
14,4,11,10,22,26,7,12,10,18,9,4,5,10
0,0,0,0,0,0,0,0,0,1,1,0,5,12
5,0,0,0,0,0,0,0,0,0,0,0,0,0
0,1,0,0,3,4,0,4,4,0,0,1,0,5
2,1,0,0,2,2,2,0,0,0,0,0,0,0
2,1,2,1,1,3,2,1,1,5,2,0,0,0
1,0,0,0,0,1,0,1,0,1,0,1,5,7
0,0,0,0,3,2,0,0,0,0,0,0,0,0
2,0,0,0,2,2,1,0,0,0,0,0,0,0
0,0,0,1,1,1,1,0,2,2,1,0,0,0
2,0,1,0,0,5,1,4,1,0,0,0,0,0
3,0,0,0,5,3,0,2,2,1,2,0,0,0
4,0,1,1,1,2,0,0,0,0,0,0,0,0
0,0,2,0,0,0,0,0,2,2,1,0,0,0
1,0,0,1,1,3,0,0,0,0,0,0,0,0
0,0,0,0,2,4,0,1,1,2,1,0,0,0
0,0,0,0,0,0,0,1,0,0,0,0,1,4
1,0,0,1,1,3,2,0,1,4,0,0,2,6
3,0,1,3,1,2,1,3,2,1,1,0,0,0
0,1,3,1,0,1,1,3,2,0,0,0,0,0
1,1,0,2,1,2,0,0,0,0,0,0,0,0
1,1,3,2,2,3,1,2,2,5,1,0,0,0
1,0,0,1,4,2,0,0,0,0,0,0,0,0
0,0,0,1,0,2,1,1,1,3,1,0,0,0
3,1,1,0,0,0,0,0,0,0,0,0,0,0
0,0,1,1,0,1,0,4,1,1,1,2,2,6
1,2,2,0,0,2,1,0,1,3,1,0,0,0
3,2,2,3,3,4,4,4,3,2,0,2,1,3
0,0,0,1,2,1,1,2,0,0,0,0,0,0
0,0,0,2,2,3,3,1,2,0,0,0,0,0
2,0,1,1,3,2,2,3,2,2,2,0,0,0
0,0,2,0,0,1,1,2,2,0,0,0,0,0
3,1,2,7,5,1,0,3,3,6,2,1,2,5
4,0,0,2,0,3,0,4,1,3,1,0,0,0
1,1,1,5,2,8,2,2,3,3,1,0,0,0
1,0,1,3,1,3,0,0,0,0,0,0,0,0
1,0,0,1,2,3,0,1,1,2,1,0,0,0
0,0,0,0,0,0,0,0,0,0,0,0,1,4
0,0,1,1,1,2,2,1,3,6,5,0,2,6
0,0,0,0,1,0,0,1,3,1,1,0,0,0
1,0,0,0,1,1,0,2,1,3,1,2,2,5
1,0,0,0,1,0,0,2,0,2,2,0,2,4
0,0,0,0,0,0,0,0,0,0,3,1,1,6
0,0,0,1,0,1,1,2,1,2,2,0,0,0
1,0,0,0,0,3,0,1,2,1,1,0,0,0
4,1,0,4,2,2,3,3,1,0,1,1,0,5
1,2,1,1,1,3,1,1,3,0,0,0,0,0
0,0,0,0,3,0,0,3,0,4,1,0,0,0
0,2,0,0,4,0,0,3,2,3,0,2,2,3
0,0,0,1,1,1,1,0,2,2,1,0,0,0
1,0,1,1,0,3,0,2,3,1,1,0,0,0
1,0,1,1,3,2,0,3,1,1,1,0,0,0
0,0,0,0,0,0,0,0,0,0,0,0,0,5
1,1,0,3,2,0,2,1,3,2,1,0,0,0
2,0,0,0,0,1,1,1,1,4,1,0,0,0
3,2,0,6,3,1,2,2,0,0,1,1,1,2
0,0,0,0,0,0,0,0,0,0,0,0,4,5
1,1,1,4,3,2,2,2,2,4,1,0,0,0
1,0,2,4,3,3,3,8,5,18,6,1,5,8
0,0,0,0,1,0,0,0,0,1,1,0,1,9
0,0,0,0,0,1,0,1,2,1,3,0,0,0
7,6,7,11,11,12,3,7,4,12,4,4,7,10
3,1,1,3,2,4,1,2,2,0,0,0,0,0
3,0,3,1,2,0,2,2,0,2,2,0,3,11
0,0,1,3,1,3,3,2,1,3,5,0,0,0
4,2,2,3,4,3,4,4,4,5,1,1,3,5
1,0,0,1,3,2,1,2,0,0,0,0,0,0
1,0,0,1,1,2,1,0,0,0,0,0,0,0
0,0,0,0,1,0,1,4,0,4,0,0,2,4
0,0,0,1,1,1,1,2,1,0,0,0,0,0
0,2,0,0,1,3,1,0,0,0,0,0,0,0
1,1,0,1,1,0,1,1,2,6,2,0,0,0
7,9,6,11,16,12,2,15,9,17,11,6,7,18
5,2,3,6,10,2,5,1,0,10,3,6,1,4
1,1,1,1,1,3,0,1,1,1,2,0,0,0
0,0,2,1,1,0,2,1,1,3,1,0,0,0
0,0,1,0,1,2,2,1,3,0,0,0,0,0
2,4,5,3,5,5,5,3,8,13,3,8,11,11
1,1,1,1,0,3,2,0,0,0,0,0,0,0
1,0,1,2,2,11,2,2,2,5,1,0,0,0
1,0,1,0,2,0,0,1,0,0,1,2,2,7
1,0,0,0,0,0,1,1,1,1,1,0,0,0
1,0,0,1,1,2,1,0,0,0,0,0,0,0
1,0,1,1,1,2,1,3,0,4,2,0,0,0
0,0,0,1,2,2,0,0,1,4,1,0,0,0
0,1,1,0,0,0,1,1,1,2,0,0,0,0
0,0,0,0,0,0,0,0,0,0,0,0,1,4
0,0,0,1,1,1,0,1,1,2,2,0,0,0
2,0,1,4,3,3,0,2,2,1,1,0,0,0
0,1,0,1,3,1,1,1,2,2,0,0,2,11
2,0,1,1,4,4,2,0,3,5,2,2,4,5
2,1,1,0,3,1,1,0,0,0,0,0,0,0
0,0,2,0,1,3,1,0,0,0,0,0,0,0
1,0,1,2,2,3,0,2,0,1,0,1,1,3
8,5,3,5,8,18,1,4,8,10,5,1,3,5
0,0,0,1,2,2,0,0,0,0,0,0,0,0
2,3,3,1,4,5,1,2,8,3,4,4,1,10
5,1,0,1,3,1,0,1,1,2,1,0,0,0
0,1,0,3,1,1,0,0,0,0,0,0,0,0
0,0,0,0,0,0,0,0,2,3,1,0,0,0
1,0,2,3,1,1,2,3,1,3,0,0,0,0
0,0,0,1,1,2,1,1,0,0,0,0,0,0
2,1,0,2,1,1,1,0,0,2,0,5,8,26
0,0,1,2,1,0,0,1,2,1,1,0,0,0
0,0,1,1,2,2,1,0,0,0,0,0,0,0
0,0,0,2,1,2,1,4,0,5,1,0,0,0
0,1,1,0,0,4,1,0,0,3,3,0,0,0
1,0,0,3,1,1,1,1,0,0,0,0,0,0
1,0,0,1,2,5,1,0,0,0,0,0,0,0
0,0,0,0,1,1,1,3,1,0,0,0,0,0
0,0,0,1,2,1,1,0,0,0,0,0,0,0
0,0,1,2,3,3,3,3,3,7,1,0,6,10
2,2,1,1,5,3,0,1,1,2,1,2,1,1
1,0,0,1,2,1,0,2,1,2,2,0,0,0
1,1,1,1,0,0,1,4,1,1,0,1,3,2
3,1,0,1,1,1,2,0,0,0,0,0,0,0
7,3,6,8,9,4,6,4,9,4,3,6,2,7
2,0,2,3,0,1,1,1,0,3,2,0,0,0
2,0,1,1,4,2,0,0,0,0,0,0,0,0
1,0,2,0,1,3,1,1,0,2,3,1,1,1
2,0,0,2,1,3,2,0,0,0,0,0,0,0
1,1,1,3,3,2,1,0,0,0,0,0,0,0
0,0,1,1,1,0,1,3,0,2,3,1,1,12
2,0,1,4,2,5,2,3,3,2,1,1,1,3
0,0,0,2,1,2,1,0,0,0,0,0,0,0
2,0,1,1,0,1,0,0,3,3,1,0,0,0
0,0,1,0,2,2,1,0,0,0,0,0,0,0
0,0,0,1,1,0,0,2,2,1,1,0,0,0
0,0,1,1,1,1,2,1,0,3,2,1,3,8
1,3,0,2,2,3,2,3,1,4,2,0,0,0
3,0,0,0,0,1,1,1,2,0,0,0,0,0
0,0,0,0,1,4,2,0,0,0,0,0,0,0
0,0,0,0,0,1,0,0,0,1,1,2,2,6
2,0,1,2,2,1,1,6,2,6,2,3,6,5
0,0,7,0,0,11,0,4,5,8,3,0,0,0
3,1,0,4,5,3,1,0,1,6,1,0,0,0
3,0,0,1,1,2,1,0,2,4,1,0,0,0
0,0,0,1,1,0,0,2,0,3,1,1,0,13
6,1,3,3,6,4,1,3,5,3,5,2,1,3
0,3,1,2,3,1,0,1,1,1,2,1,2,2
2,1,3,5,0,4,0,3,1,6,3,3,4,3
0,0,0,3,3,0,0,0,0,0,0,0,0,0
1,1,1,0,2,2,1,0,0,0,0,0,0,0
1,0,0,0,3,3,1,0,0,0,0,0,0,0
2,0,1,2,2,1,2,0,0,0,0,0,0,0
0,2,1,1,1,3,0,0,0,0,0,0,0,0
3,0,0,3,4,1,1,0,0,0,0,0,0,0
3,0,0,0,0,2,2,1,0,0,0,0,0,0
3,0,0,0,5,0,1,1,3,0,0,0,0,0
0,0,1,0,1,2,1,2,3,0,0,0,0,0
2,0,1,0,0,2,0,3,2,0,0,0,0,0
3,2,0,3,7,1,0,2,4,3,0,1,3,2
0,0,2,0,1,1,3,3,3,2,2,0,0,0
0,0,0,0,3,1,1,0,0,0,0,0,0,0
2,1,2,0,2,3,1,1,2,2,1,0,0,0
0,0,1,0,1,0,0,0,0,1,0,2,4,5
0,0,0,0,0,1,1,0,0,1,1,1,2,6
0,0,0,1,0,0,1,4,2,0,0,0,0,0
1,0,1,4,2,2,1,1,0,0,0,0,0,0
2,2,2,1,6,2,1,4,0,2,0,2,3,2
2,3,1,1,4,8,5,5,3,1,1,2,4,5
0,0,0,0,0,0,0,0,0,2,0,1,3,2
2,0,0,0,0,0,0,1,1,3,1,0,0,0
1,0,0,0,0,3,1,1,0,0,0,0,0,0
0,0,1,1,1,1,0,1,1,2,1,0,0,0
4,1,2,2,4,2,1,3,6,1,1,0,0,0
1,1,1,0,3,2,0,1,3,4,1,2,4,4
0,0,1,1,2,1,1,0,0,0,0,0,0,0
5,0,0,1,2,0,1,1,0,2,0,1,1,3
4,1,0,0,2,8,3,3,3,2,3,0,0,0
4,2,0,3,3,6,2,0,5,4,1,1,1,3
1,0,0,2,1,0,1,2,0,1,1,0,4,2
1,3,1,2,0,0,0,2,2,1,1,0,0,0
0,0,1,1,2,1,0,2,1,1,1,0,0,0
1,1,0,4,3,3,0,2,1,3,0,1,1,3
0,0,1,2,2,1,1,2,0,0,0,0,0,0
0,0,0,4,2,1,1,2,0,4,3,2,2,5
1,1,1,0,1,3,0,3,1,2,1,0,0,0
1,0,1,1,4,0,0,0,0,0,0,0,0,0
1,0,0,0,2,5,1,1,0,0,0,0,0,0
4,0,0,3,3,3,1,1,1,0,0,0,0,0
0,1,0,0,2,1,1,2,1,0,0,0,0,0
4,1,2,2,1,7,1,2,1,4,2,0,0,0
0,1,0,1,1,1,0,1,1,4,0,2,3,4
1,1,1,2,3,1,1,1,1,2,1,0,0,0
0,0,1,0,2,2,0,4,0,5,1,3,1,5
2,1,0,1,4,0,0,0,0,0,0,0,0,0
0,0,0,0,2,0,1,2,0,2,0,0,1,4
0,0,1,2,0,0,0,2,0,3,2,0,0,0
12,6,6,11,25,23,12,18,13,16,4,9,3,12
3,0,0,1,2,0,1,1,1,1,0,0,3,4
0,0,0,2,1,0,2,0,0,3,0,1,2,4
0,1,0,0,1,2,4,2,1,1,1,0,0,0
0,0,0,1,2,1,0,0,0,0,1,1,2,15
0,0,1,2,1,1,2,0,1,5,1,0,3,5
2,0,0,0,0,2,0,1,1,1,0,0,3,2
0,0,0,3,4,4,4,5,3,6,3,1,4,9
2,2,1,1,4,3,3,3,0,0,0,0,0,0
0,0,0,0,0,0,0,0,0,0,0,2,1,2
3,2,1,0,7,7,2,2,6,7,4,2,3,14
4,0,2,2,0,4,1,2,1,3,1,0,0,0
0,0,0,2,1,0,2,1,2,0,0,0,0,0
0,1,0,1,2,1,0,2,3,0,0,0,0,0
0,1,2,1,4,0,3,2,0,3,0,1,2,6
2,1,1,1,0,4,3,0,0,0,0,0,0,0
0,0,0,0,2,1,1,0,1,2,4,3,2,8
3,0,0,1,4,2,0,1,1,2,1,0,0,0
1,0,1,2,1,4,0,0,0,0,0,0,0,0
0,2,0,0,0,1,2,1,3,0,0,0,0,0
13,1,10,10,19,19,5,8,5,18,3,4,2,15
1,1,0,4,3,5,1,4,4,2,1,0,0,0
0,0,0,2,0,0,2,3,1,3,0,0,5,3
3,0,1,1,1,3,2,1,1,1,2,0,0,0
0,0,1,0,0,0,0,0,0,0,0,0,0,5
2,2,1,4,3,2,0,0,2,5,1,1,1,2
0,0,0,0,0,0,0,0,0,2,0,0,5,16
1,1,0,1,2,1,3,0,0,0,0,0,0,0
1,0,0,1,0,2,1,1,1,0,0,0,0,0
0,1,0,0,0,2,0,0,1,3,1,0,0,0
3,2,3,2,8,11,2,7,3,12,1,2,3,3
1,1,0,2,1,1,1,1,0,1,3,2,3,15
3,1,2,1,1,0,0,0,0,0,0,0,0,0
0,0,0,1,0,0,0,1,0,5,1,1,2,16
0,1,1,0,1,1,0,1,2,1,2,0,0,0
4,0,0,0,0,0,2,0,0,1,0,0,1,6
1,0,0,1,7,2,3,7,3,1,0,0,1,12
1,0,1,1,1,3,1,1,2,1,1,1,1,1
0,1,0,2,5,4,0,1,1,2,1,0,0,0
0,0,1,1,2,4,2,1,2,0,0,0,0,0
0,0,0,0,1,1,1,1,1,1,1,0,0,0
1,0,0,0,1,0,1,3,1,1,1,0,0,0
1,0,0,1,0,1,0,2,2,0,1,0,1,14
1,0,1,0,0,2,1,1,2,0,0,0,0,0
0,0,0,1,2,2,0,0,0,0,0,0,0,0
0,0,1,0,2,0,1,0,0,1,1,1,4,11
1,0,0,0,3,1,1,0,0,0,0,0,0,0
0,1,0,0,2,0,0,0,1,5,1,0,0,0
0,0,1,2,0,1,0,2,1,1,2,0,0,0
1,1,0,0,3,3,1,2,1,2,2,0,0,0
2,0,3,1,2,1,0,1,2,4,1,0,0,0
0,1,0,1,2,1,0,2,1,2,1,0,0,0
2,0,0,0,1,1,1,4,1,0,0,0,0,0
0,0,0,2,1,3,1,2,1,0,0,0,0,0
1,1,0,1,1,3,0,2,4,9,6,3,4,7
0,0,0,0,0,0,0,0,0,0,1,0,1,4
2,0,1,1,7,5,3,5,5,9,2,2,5,9
5,1,3,6,4,6,2,4,5,5,1,4,2,5
0,0,1,1,2,1,0,0,0,0,0,0,0,0
1,0,0,2,1,1,0,0,1,1,1,1,2,8
0,0,2,0,0,0,0,1,0,1,1,2,2,3
0,1,0,1,0,0,0,1,1,2,1,2,3,1
1,0,1,1,2,1,1,1,1,0,0,0,0,0
1,0,0,0,2,3,0,0,0,0,0,0,0,0
1,0,0,0,1,1,3,0,0,0,0,0,0,0
0,1,1,0,1,1,0,1,1,0,2,0,3,7
0,1,2,1,0,5,1,0,0,0,0,0,0,0
0,0,0,0,0,2,1,0,1,2,1,2,1,8
2,2,1,1,2,4,2,2,2,1,1,0,0,0
0,1,1,0,4,0,1,2,1,2,1,0,0,0
2,1,0,2,1,2,1,2,0,0,0,0,0,0
0,1,2,2,1,1,3,5,1,11,1,3,5,3
0,0,0,0,3,2,1,1,1,0,0,0,0,0
1,1,1,2,1,3,4,7,1,11,3,0,3,9
1,2,1,1,4,4,0,4,1,3,2,2,1,3
1,1,0,2,1,2,2,0,0,0,0,0,0,0
1,0,0,3,1,2,0,2,2,3,0,1,2,13
5,3,2,3,7,11,2,10,2,6,3,5,6,5
4,1,1,3,1,9,4,5,1,8,0,1,2,13
1,2,1,1,5,1,1,2,2,0,0,0,0,0
1,1,0,1,2,1,1,0,0,0,0,0,0,0
1,0,1,2,2,0,1,3,1,1,2,0,0,0
1,0,0,2,2,2,0,0,0,0,0,0,0,0
2,2,0,3,2,6,1,1,2,6,0,1,3,3
2,0,2,2,1,2,2,3,3,1,2,1,3,2
0,0,1,1,3,0,0,0,0,0,0,0,0,0
1,0,2,10,2,2,2,1,3,7,1,3,2,5
1,0,0,3,2,1,1,0,0,0,0,0,0,0
2,0,1,0,1,3,2,0,0,0,0,0,0,0
2,0,1,4,0,0,0,0,0,0,0,0,0,0
1,0,1,1,2,3,1,1,1,0,0,0,0,0
0,1,0,0,2,3,0,1,1,2,1,0,0,0
1,0,0,2,3,3,0,2,1,1,1,0,2,4
2,1,1,0,2,3,1,2,1,9,1,2,2,7
1,0,3,2,1,0,0,2,2,1,1,0,0,0
1,1,2,1,1,1,0,3,2,2,1,0,0,0
0,0,1,2,2,0,5,0,0,0,0,0,0,0
5,3,5,3,7,9,6,9,5,4,0,3,3,3
0,0,0,2,1,3,2,3,1,0,0,0,0,0
0,0,1,1,3,2,0,5,1,7,2,2,2,3
0,0,2,2,1,2,0,0,0,0,0,0,0,0
6,5,3,9,6,6,6,6,3,6,0,3,1,4
3,3,0,2,2,3,0,6,1,4,0,0,0,6
1,2,0,2,4,0,0,2,1,2,1,0,0,0
1,1,5,1,5,5,0,5,4,5,3,2,3,6
0,1,0,1,0,3,2,0,0,0,0,0,0,0
2,0,0,0,1,2,1,1,0,0,0,0,0,0
6,0,0,0,0,0,0,0,0,0,0,0,0,0
2,2,1,0,4,2,2,1,0,1,1,1,3,1
2,0,0,1,0,1,1,2,2,0,0,1,3,10
5,0,0,0,0,0,0,0,0,0,0,0,0,0
0,1,0,0,1,2,0,2,3,4,1,0,0,0
0,1,0,3,1,4,2,0,0,0,0,0,0,0
2,0,0,2,3,1,2,4,1,3,1,0,0,0
2,0,1,1,2,4,2,2,0,0,0,0,0,0
1,0,0,0,2,0,0,0,3,3,1,0,0,0
0,1,0,1,1,3,1,4,2,7,1,4,3,5
0,0,1,1,3,1,3,1,1,2,1,0,1,4
1,0,0,0,1,3,0,1,0,6,0,0,0,0
0,1,0,1,3,0,2,2,1,5,0,0,0,0
1,0,0,3,2,0,0,2,0,4,1,0,0,0
2,0,0,0,2,1,1,2,0,0,0,0,0,0
0,0,0,2,0,2,1,1,1,0,0,0,0,0
1,1,2,1,1,3,2,4,1,2,1,0,0,0
1,1,0,0,1,1,2,2,0,4,2,0,0,0
0,0,0,1,0,1,1,0,1,3,1,1,2,3
1,1,1,1,1,1,2,0,0,0,0,0,0,0
11,4,6,11,14,13,3,20,3,14,4,0,5,16
1,1,0,0,0,2,3,0,0,0,0,0,0,0
0,0,0,2,1,0,0,2,1,1,1,0,0,0
0,0,0,0,0,3,3,0,0,0,0,0,0,0
3,0,1,3,7,4,0,3,4,4,4,3,1,3
1,0,0,0,2,1,1,2,3,0,0,0,0,0
1,1,0,0,2,0,3,1,1,0,0,0,0,0
1,0,0,0,1,1,2,2,1,3,2,0,0,0
3,1,0,2,2,4,1,3,0,0,0,0,0,0
1,0,0,0,2,3,1,0,0,0,0,0,0,0
1,0,0,0,0,2,1,3,1,2,1,0,0,0
0,0,0,0,2,1,2,1,2,0,0,0,0,0
1,0,1,0,2,2,0,1,2,1,1,1,1,1
1,0,0,1,1,3,2,6,2,7,1,0,3,3
0,0,2,0,0,1,0,2,2,3,2,0,0,0
0,1,0,3,4,0,0,3,2,0,0,0,0,0
0,0,0,2,0,1,1,1,1,0,1,2,1,3
1,1,1,1,2,1,1,0,0,0,0,0,0,0
2,0,1,1,2,1,2,1,1,2,1,0,0,0
0,0,0,1,1,2,1,0,0,0,0,0,0,0
1,3,3,0,0,0,0,0,0,0,0,0,0,0
2,0,0,0,0,1,0,2,2,1,1,0,0,0
1,0,0,1,0,0,1,1,1,1,1,0,0,0
0,3,0,2,2,2,0,3,2,5,0,0,2,3
1,1,2,1,0,0,0,0,0,0,0,0,0,0
0,0,0,0,4,1,1,0,0,0,0,0,0,0
0,0,0,2,2,0,1,1,1,1,0,0,3,2
0,1,1,0,5,0,0,2,1,1,1,0,0,0
0,1,1,1,1,3,1,1,0,0,0,0,0,0
3,0,1,0,5,2,1,3,0,3,1,1,3,7
0,0,0,2,1,1,0,2,4,4,1,2,0,5
0,0,2,0,0,2,1,2,0,0,0,0,0,0
1,1,1,3,2,4,3,2,4,0,0,0,0,0
0,1,1,2,2,2,3,1,3,3,1,0,0,0
1,1,1,2,1,1,1,2,0,5,1,0,0,0
0,1,2,2,1,1,2,0,0,0,0,0,0,0
2,2,0,1,5,4,0,1,4,7,5,0,0,0
1,0,0,0,0,1,0,0,0,0,1,0,1,8
0,3,0,0,5,2,1,1,3,5,2,4,1,15
2,1,0,3,4,4,1,6,2,5,2,1,2,3
1,0,0,1,1,2,0,1,0,1,2,1,1,1
2,1,2,2,4,3,3,2,2,2,1,1,2,1
4,2,0,1,2,4,1,1,0,2,2,0,5,1
29,7,18,25,32,27,21,30,16,29,17,8,11,18
3,0,0,0,1,2,3,2,3,3,1,0,0,0
8,3,1,5,9,5,0,2,3,3,1,0,0,5
1,0,0,1,1,0,0,0,0,0,0,1,2,3
2,2,1,2,2,2,0,0,0,0,0,0,0,0
0,0,2,0,0,2,2,2,0,0,0,0,0,0
0,0,1,0,2,0,0,1,1,2,1,0,0,0
0,1,0,1,2,0,1,1,1,3,2,0,0,0
0,1,1,0,2,0,0,3,2,0,0,0,0,0
2,1,2,0,1,1,0,4,4,5,1,0,0,0
1,2,0,1,2,1,2,0,1,4,1,0,0,0
2,1,2,0,0,0,0,0,0,0,0,0,0,0
1,0,0,1,3,3,1,0,0,0,0,0,0,0
1,0,1,0,1,0,0,2,2,2,1,0,0,0
0,0,0,1,3,1,1,0,0,0,0,0,0,0
1,2,2,3,3,7,0,4,2,3,1,0,0,0
0,1,1,0,1,2,0,0,0,1,1,1,2,1
1,0,0,3,2,3,1,0,0,0,0,0,0,0
2,1,0,2,2,1,1,2,1,1,2,1,1,1
0,0,0,0,0,0,0,0,0,0,1,0,3,8
1,1,0,0,1,0,0,1,1,1,1,1,2,1
1,0,0,0,2,2,1,0,0,0,0,0,0,0
1,0,0,0,0,0,0,1,1,1,0,0,2,15
2,2,0,1,2,2,0,0,0,0,0,0,0,0
0,0,3,3,7,6,5,5,4,4,1,2,4,6
3,0,1,1,1,2,1,1,0,0,0,0,0,0
0,0,0,0,0,1,0,0,0,1,2,0,3,3
2,0,0,1,0,0,0,1,1,1,2,0,0,0
2,0,0,0,5,1,1,1,2,0,0,0,0,0
1,0,0,1,1,1,0,3,0,4,1,0,0,0
0,0,0,0,0,2,0,0,0,3,2,0,0,0
1,0,1,0,2,2,2,0,0,0,0,0,0,0
1,0,1,0,2,1,1,2,0,0,0,0,0,0
0,0,0,0,1,3,1,0,0,0,0,0,0,0
0,0,1,2,2,1,3,2,1,2,2,0,0,0
1,0,0,1,2,1,1,0,0,0,0,0,0,0
4,1,1,3,2,4,2,3,1,4,2,0,0,0
0,0,0,0,0,0,0,0,0,0,0,0,2,12
0,0,1,1,0,2,1,2,0,4,1,0,0,0
2,0,0,1,1,3,2,3,1,10,2,1,2,5
5,0,0,1,6,5,2,5,2,3,1,0,0,0
1,0,1,1,1,1,1,1,1,0,0,0,0,0
0,0,1,1,0,2,2,3,3,2,1,0,0,0
3,0,1,5,8,2,3,4,1,3,1,1,1,5
4,4,5,2,12,9,1,6,8,12,4,4,2,3
3,1,1,5,1,1,1,2,1,0,0,1,3,1
0,0,0,0,0,0,1,1,0,0,0,0,3,7
0,0,0,0,1,3,1,2,1,0,0,0,0,0
4,1,2,4,4,7,2,1,2,6,0,3,3,8
1,1,0,1,5,1,0,1,2,2,1,0,0,0
1,0,0,1,1,1,3,0,0,0,0,0,0,0
1,0,1,0,3,1,0,1,1,2,2,0,0,0
0,1,0,1,0,0,0,2,1,1,1,0,0,0
0,0,0,0,4,1,1,0,0,0,0,0,0,0
0,1,0,1,0,2,0,5,3,5,3,0,0,0
2,3,0,0,0,0,0,0,0,0,0,0,0,0
0,0,0,0,0,0,0,0,1,1,0,1,2,5
0,1,0,1,1,2,2,0,0,0,0,0,0,0
1,0,1,1,2,1,1,0,0,0,0,0,0,0
1,0,0,1,3,1,1,0,0,0,0,0,0,0
0,1,0,1,4,2,0,0,0,0,0,0,0,0
3,0,0,2,1,3,1,2,2,1,1,0,0,0
0,2,2,1,1,2,0,0,0,0,0,0,0,0
1,1,1,3,0,0,0,0,0,0,0,0,0,0
0,0,1,0,0,3,0,2,2,2,0,1,4,13
7,3,2,0,1,5,1,8,7,9,4,1,6,10
1,1,2,3,1,0,0,1,1,2,0,0,1,4
7,6,7,13,16,21,5,10,5,17,7,4,1,7
1,0,2,4,4,1,0,3,1,2,1,0,0,0
0,0,0,1,0,1,1,1,1,3,1,0,0,0
0,0,0,0,1,1,0,0,0,1,0,0,3,3
0,0,0,0,5,1,1,1,0,0,0,0,0,0
1,0,0,1,2,1,1,1,0,0,0,0,0,0
0,1,0,2,0,1,1,0,1,4,1,0,0,0
0,0,1,0,1,1,1,1,0,0,1,0,3,6
0,0,0,2,1,1,1,0,0,0,0,0,0,0
0,0,0,0,0,0,0,0,0,0,0,1,5,18
2,3,0,1,4,3,2,6,1,5,1,0,0,0
3,0,2,1,1,1,0,0,0,0,0,0,0,0
2,0,0,0,0,0,0,1,0,0,0,0,3,2
0,2,2,1,1,0,0,0,0,0,0,0,0,0
1,0,1,0,2,2,2,0,0,0,0,0,0,0
0,0,0,0,3,2,0,0,0,0,0,0,0,0
2,0,0,0,0,1,0,0,1,2,2,0,0,0
1,1,1,2,1,1,4,3,0,0,0,0,0,0
2,0,2,1,1,1,0,0,0,0,0,0,0,0
0,0,0,2,3,0,0,0,0,0,0,0,0,0
1,0,0,0,0,1,4,1,0,0,0,0,0,0
0,0,0,2,1,1,1,1,0,0,0,0,0,0
0,0,0,0,0,0,0,0,0,1,0,0,1,4
0,0,2,0,2,3,2,3,0,0,0,0,0,0
1,0,0,0,1,0,0,2,1,3,2,2,5,5
1,0,0,2,6,1,2,1,1,2,0,0,0,0
0,0,0,0,0,0,0,1,0,0,0,2,0,5
0,0,0,1,3,1,0,0,1,3,1,1,1,2
0,0,1,0,0,5,0,0,0,0,0,0,0,0
0,1,1,1,2,1,1,1,0,0,0,0,0,0
0,1,0,0,2,0,0,0,0,0,2,0,0,5
2,0,0,3,0,4,1,1,2,3,0,0,0,0
2,1,0,2,1,2,1,2,1,2,0,0,0,0
0,1,0,1,0,0,1,2,0,5,1,3,1,2
0,0,1,0,0,0,1,2,1,1,0,0,0,0
2,0,0,3,4,1,0,2,4,2,2,0,1,5
3,1,1,2,1,2,1,1,0,0,0,0,0,0
2,0,0,1,4,0,0,0,0,0,0,0,0,0
0,0,1,4,0,0,0,0,0,0,0,0,0,0
0,1,0,0,0,2,0,0,0,2,1,1,1,2
0,2,0,0,2,1,1,1,0,0,0,0,0,0
2,1,0,0,5,2,1,3,1,1,2,2,1,2
0,0,2,1,1,1,0,0,0,0,0,0,0,0
1,0,1,2,1,1,0,0,0,0,0,0,0,0
1,2,3,0,0,0,0,0,0,0,0,0,0,0
1,0,1,1,0,2,0,0,2,2,1,1,1,2
1,0,0,1,1,2,2,1,3,8,4,2,2,5
1,0,1,0,0,3,1,1,0,0,0,0,0,0
2,1,0,3,1,1,0,0,0,0,0,0,0,0
0,1,1,2,1,2,0,0,0,0,0,0,0,0
0,1,0,1,3,1,3,1,1,1,0,0,0,0
1,0,1,1,1,1,1,1,1,1,0,0,0,0
1,1,1,2,6,4,3,5,3,11,4,0,2,6
1,0,1,2,1,1,0,0,0,0,0,0,0,0
3,1,6,3,4,7,3,3,3,4,0,0,0,0
0,0,1,0,0,0,1,0,0,0,1,0,4,15
0,1,0,0,1,1,0,0,0,0,1,0,2,8
1,0,2,0,2,1,2,2,1,6,0,0,0,0
2,3,0,0,1,2,0,0,0,2,1,1,1,2
4,1,3,3,2,5,2,5,0,4,2,0,3,7
3,0,1,1,1,0,1,1,1,4,0,0,0,0
0,0,0,1,0,1,1,3,1,7,0,3,1,1
4,4,1,4,5,4,2,3,1,2,2,2,4,1
0,0,0,1,0,1,0,2,1,3,0,0,0,0
0,0,0,0,0,2,0,3,3,1,0,0,0,0
0,0,1,0,1,0,0,0,0,0,0,1,0,11
1,1,2,1,2,2,1,2,0,0,0,0,0,0
0,0,1,1,0,0,0,1,1,4,0,0,0,0
0,1,1,2,2,3,0,0,0,0,0,0,0,0
1,1,2,2,5,5,2,4,7,3,0,0,0,0
2,1,3,0,0,0,0,0,0,0,0,0,0,0
0,0,1,4,1,4,0,0,0,0,0,0,0,0
1,0,0,2,3,0,2,2,2,2,0,0,0,0
1,1,0,1,2,4,1,0,2,2,0,0,0,5
0,0,1,1,1,3,0,0,0,0,0,0,0,0
0,2,0,0,1,3,1,1,1,2,1,1,1,2
0,0,0,0,1,1,4,2,0,0,0,0,0,0
1,0,1,0,0,1,0,1,3,1,0,0,0,0
1,1,0,1,0,0,1,0,0,6,0,0,0,0
0,0,0,1,3,1,0,0,0,0,0,0,0,0
1,0,1,2,1,2,0,0,0,0,0,0,0,0
0,2,0,0,1,3,1,1,0,0,0,0,0,0
1,1,2,4,4,7,3,6,2,14,4,1,3,4
1,1,1,1,0,3,1,4,0,0,0,0,0,0
1,1,0,2,3,1,0,0,0,2,1,1,1,2
1,0,1,1,1,1,1,3,0,0,0,0,0,0
0,0,0,0,0,2,1,2,0,0,0,0,0,0
0,0,0,0,0,2,1,2,0,0,0,0,0,0
0,2,1,1,1,7,2,4,4,9,1,1,1,3
3,0,0,1,1,3,0,2,1,3,0,0,0,0
2,1,0,3,3,4,0,7,2,2,0,0,0,0
0,0,1,1,2,1,0,0,0,0,0,0,0,0
0,2,2,1,1,1,0,0,0,0,0,0,0,0
0,0,0,0,1,1,1,2,0,0,0,0,0,0
1,0,0,1,1,1,2,3,1,2,0,0,0,0
1,0,0,0,0,2,1,1,0,2,0,1,2,7
0,1,0,2,0,1,1,0,1,2,1,1,2,20
2,1,2,0,6,3,1,3,4,5,1,2,7,7
3,0,1,3,3,3,0,3,3,2,0,0,0,0
0,0,1,1,1,1,1,3,2,3,0,0,0,0
0,0,0,1,0,1,1,1,1,1,0,0,0,0
1,0,0,0,2,0,0,0,0,1,0,0,1,4
0,0,0,1,2,3,0,0,0,0,0,0,0,0
2,0,0,1,1,3,0,0,0,0,0,0,0,0
1,0,1,2,2,3,5,6,5,11,6,6,5,4
0,1,1,3,0,0,0,0,0,0,0,0,0,0
0,0,0,0,1,1,0,1,0,5,3,1,2,12
4,4,4,1,3,4,2,8,6,8,2,1,4,3
0,0,0,0,0,2,1,1,1,1,0,0,0,0
1,0,1,0,1,2,2,3,0,6,0,0,0,0
1,0,4,6,2,6,2,0,0,0,0,0,0,0
2,0,0,1,1,0,1,3,2,3,0,0,0,0
0,0,1,0,4,1,1,8,5,13,4,1,3,7
0,2,0,0,1,2,1,1,0,0,0,0,0,0
1,1,1,1,3,2,2,0,1,2,2,0,2,4
0,0,0,3,2,0,1,1,1,2,0,0,0,0
2,1,2,1,1,2,0,0,0,0,0,0,0,0
1,0,1,1,3,3,0,0,0,0,0,0,0,0
0,0,1,1,0,1,0,0,0,3,2,2,2,2
2,1,0,0,0,5,1,1,0,5,0,0,0,0
2,1,1,0,1,0,0,1,1,3,1,1,1,1
4,1,1,2,3,3,1,2,1,3,1,0,1,4
0,1,0,0,0,0,0,1,1,1,1,1,7,16
0,0,1,1,2,5,1,0,1,2,0,0,2,6
0,1,2,3,2,3,0,3,2,4,1,1,1,3
1,0,0,0,1,2,1,4,0,0,0,0,0,0
0,0,0,3,0,1,0,1,3,2,0,0,0,0
0,0,0,2,1,4,1,3,2,5,0,0,4,3
0,0,0,0,0,0,0,1,0,0,3,1,1,1
2,0,0,0,0,0,0,1,0,6,0,1,2,6
2,0,0,0,1,1,0,1,1,3,0,0,0,0
0,2,0,1,1,2,1,4,0,0,0,0,0,0
2,0,0,0,0,1,0,0,0,1,1,3,2,6
0,0,0,0,0,0,0,2,2,4,0,0,0,0
2,0,2,4,9,8,0,4,1,4,1,5,2,8
2,0,2,1,2,2,0,1,0,2,1,0,0,5
2,0,0,1,6,1,2,0,0,0,0,0,0,0
1,0,0,1,3,5,0,0,0,0,0,0,0,0
0,0,0,0,3,1,1,5,3,2,5,2,2,6
1,0,1,0,1,1,1,1,2,2,0,0,0,0
0,3,2,2,0,0,0,0,0,0,0,0,0,0
6,2,2,4,4,5,0,2,4,2,0,0,0,0
1,4,1,2,2,5,2,3,2,2,0,0,0,0
3,1,2,3,7,8,6,7,2,6,0,0,0,0
1,0,1,1,2,2,2,1,0,0,0,0,0,0
0,1,1,1,1,1,0,0,0,0,0,0,0,0
1,1,0,1,4,3,3,3,0,5,2,3,2,3
1,0,2,1,1,3,3,0,2,3,0,0,0,0
1,1,1,2,1,1,1,1,1,5,0,0,0,0
1,0,1,1,0,0,0,0,0,5,0,0,0,0
1,0,2,2,1,2,1,2,2,2,0,0,0,0
1,2,0,3,3,3,0,0,0,0,0,0,0,0
2,0,2,0,2,4,0,0,0,0,0,0,0,0
2,0,0,1,2,4,0,0,0,0,0,0,0,0
1,0,1,2,0,0,0,1,1,2,0,1,2,3
3,0,0,3,2,1,1,3,1,2,2,1,1,3
2,1,2,0,1,2,1,3,0,0,0,0,0,0
0,0,0,1,1,1,1,0,1,4,1,0,2,13
1,1,0,0,0,1,2,0,3,3,0,1,1,3
3,0,2,3,1,5,1,4,1,4,1,1,1,1
3,1,4,4,5,5,1,5,5,4,4,1,3,4
1,0,1,0,0,1,0,1,1,2,0,0,0,5
0,1,1,2,1,0,3,2,0,0,0,0,0,0
0,1,0,2,3,0,0,0,0,0,0,0,0,0
1,0,1,2,0,0,3,2,0,0,0,0,0,0
2,1,3,1,2,3,2,4,0,0,0,0,0,0
1,0,0,0,4,1,1,1,1,2,0,0,0,0
4,1,2,3,5,5,3,5,0,4,1,1,2,5
1,0,0,0,0,0,0,2,3,1,0,0,0,0
2,1,2,2,2,2,2,1,2,2,0,0,0,0
0,0,1,0,3,1,1,3,1,2,0,0,0,0
0,1,2,5,4,2,0,2,2,1,0,0,0,0
0,2,3,1,1,1,1,1,0,0,0,0,0,0
4,1,0,4,3,1,0,0,0,0,0,0,0,0
0,0,0,0,1,0,0,0,0,0,0,1,1,4
1,1,0,0,1,2,2,0,0,0,0,0,0,0
1,2,0,1,1,1,1,0,4,2,0,0,0,0
0,1,0,0,0,2,0,2,0,0,1,0,1,4
3,1,3,3,4,3,4,5,0,8,0,2,2,6
5,5,3,6,14,15,5,8,7,10,10,4,1,6
1,0,1,0,0,1,0,0,0,0,0,0,3,4
3,2,2,5,5,4,3,1,3,10,1,1,1,4
1,1,0,2,1,2,0,0,0,0,0,0,0,0
0,1,0,1,1,3,0,0,0,0,0,0,0,0
3,0,1,0,2,5,0,0,0,0,0,0,0,0
1,0,1,2,2,3,1,2,0,0,0,0,0,0
1,0,0,0,1,2,2,1,0,0,0,0,0,0
2,1,0,3,3,2,0,0,0,0,0,0,0,0
0,3,2,2,2,5,4,1,1,5,0,0,0,0
0,1,0,1,1,1,2,3,0,0,0,0,0,0
2,2,1,0,0,0,0,0,0,0,0,0,0,0
1,0,0,0,0,2,0,0,0,1,1,1,3,2
0,0,0,1,2,3,3,1,0,0,0,0,0,0
0,0,0,0,0,0,0,2,1,2,0,0,0,0
3,3,2,2,4,1,2,4,0,0,0,0,0,0
0,0,0,3,2,1,1,3,0,0,0,0,0,0
1,0,0,3,1,1,0,0,0,0,0,0,0,0
0,0,0,0,0,0,0,1,1,3,1,0,3,6
1,0,0,1,3,4,0,0,0,0,0,0,0,0
0,0,1,0,0,1,0,1,1,3,0,0,0,0
1,2,0,1,4,3,1,0,0,0,0,0,0,0
1,0,1,0,2,7,1,2,1,2,0,0,0,0
0,0,0,3,1,0,3,2,1,5,0,0,0,0
1,0,2,1,1,2,1,2,3,2,0,0,0,0
0,1,0,0,3,2,1,1,0,0,0,0,0,0
1,0,0,0,0,0,1,3,1,5,1,4,2,5
1,0,1,0,1,1,0,1,1,3,0,0,0,0
1,3,1,3,4,2,1,1,2,4,0,3,1,4
1,0,0,1,1,2,0,3,3,7,3,4,3,5
3,1,1,0,0,0,0,0,0,0,0,0,0,0
1,1,1,0,1,4,0,0,0,0,0,0,0,0
0,1,1,0,0,0,0,0,0,2,1,1,2,2
0,0,0,1,2,2,0,0,0,0,0,0,0,0
3,0,0,0,0,1,2,2,1,1,0,0,0,0
2,1,4,3,7,4,0,0,2,7,0,3,1,5
1,0,0,0,0,3,0,2,1,3,0,0,0,0
0,0,0,0,1,2,1,1,0,0,0,0,0,0
0,0,1,1,1,2,1,0,0,0,0,0,0,0
1,0,1,1,2,1,0,0,0,0,0,0,0,0
2,1,0,0,4,4,1,1,0,0,0,0,0,0
0,0,0,0,4,0,0,2,3,1,0,0,0,0
0,0,0,0,1,0,1,3,2,1,0,0,0,0
0,0,0,0,1,0,2,1,1,2,0,0,0,0
0,2,1,2,3,3,0,0,0,0,0,0,0,0
0,0,1,1,3,4,0,0,0,0,0,0,0,0
2,0,2,0,3,2,1,2,0,0,0,0,0,0
0,1,0,0,0,0,0,2,1,2,0,3,1,21
0,3,1,1,3,4,2,1,2,1,1,1,1,1
0,0,0,1,0,4,0,2,1,4,0,0,0,0
2,0,0,0,2,1,1,2,0,0,0,0,0,0
0,0,1,2,1,1,0,1,0,3,1,3,1,4
0,0,1,1,1,2,0,0,0,0,0,0,0,0
1,2,3,1,2,4,0,0,0,0,0,0,0,0
0,4,2,1,0,0,0,0,0,0,0,0,0,0
5,3,1,9,3,8,6,5,4,5,1,3,1,8
1,0,4,0,2,2,0,0,5,3,1,2,2,6
0,0,0,0,0,0,0,2,0,1,0,0,1,4
1,1,0,1,0,0,0,1,2,1,2,1,1,1
0,1,0,0,0,1,0,2,2,3,0,0,0,0
1,0,3,2,2,0,2,3,0,0,0,0,0,0
1,0,0,1,1,3,0,1,1,3,0,0,0,0
0,3,2,0,4,2,1,0,3,2,0,0,0,0
0,1,1,0,1,1,0,2,3,2,0,0,0,0
0,0,1,0,4,1,0,2,1,8,0,0,0,0
2,2,0,2,2,2,0,0,0,0,0,0,0,0
1,0,0,2,3,2,2,1,0,0,0,0,0,0
0,0,2,0,0,1,0,5,3,4,1,1,4,7
0,0,0,1,4,1,0,0,0,0,0,0,0,0
1,0,2,1,1,1,3,0,0,0,0,0,0,0
0,0,0,0,1,1,2,5,0,0,0,0,0,0
4,6,7,6,8,9,6,9,5,11,0,3,5,9
1,0,0,1,1,4,0,0,0,0,0,0,0,0
2,0,4,0,0,5,0,0,0,0,0,0,0,0
0,0,0,0,2,0,1,0,1,2,0,0,2,4
0,0,0,0,0,0,0,0,0,0,0,0,1,4
0,0,0,0,2,2,1,3,0,0,0,0,0,0
1,0,0,0,1,4,0,0,0,0,0,0,0,0
0,0,0,0,0,1,0,2,0,5,0,0,0,0
0,0,0,0,1,1,2,1,1,1,0,0,0,0
2,1,2,3,3,7,0,3,2,2,0,1,2,2
0,0,0,2,1,1,0,1,3,1,0,0,0,0
0,1,0,2,2,0,0,1,4,1,0,1,3,6
0,1,0,2,3,5,4,8,6,11,3,2,5,6
0,0,1,0,0,0,0,0,0,0,0,0,0,9
2,1,0,0,1,1,1,2,1,3,0,0,0,0
0,0,1,1,4,2,0,0,0,0,0,0,0,0
0,1,0,0,3,1,2,0,0,0,0,0,0,0
1,0,1,2,2,1,2,1,0,0,0,0,0,0
1,1,0,2,2,1,3,1,1,2,0,0,0,0
4,0,4,6,0,2,2,1,2,4,0,0,0,0
1,0,1,0,0,0,1,0,1,4,0,0,0,0
1,1,1,0,1,5,0,0,0,0,0,0,0,0
2,0,1,0,1,5,1,1,0,0,0,0,0,0
3,1,2,2,5,3,0,0,3,2,0,0,0,0
0,0,0,0,0,2,1,0,2,0,0,2,1,10
0,0,0,1,1,0,0,3,1,1,0,0,0,0
0,0,0,2,2,1,1,1,0,0,0,0,0,0
1,0,0,0,4,3,2,3,0,0,0,0,0,0
2,0,1,0,6,6,5,3,5,2,0,2,2,4
0,0,1,1,2,2,0,0,0,0,0,0,0,0
0,0,0,2,2,3,1,0,0,0,0,0,0,0
1,3,1,2,1,1,0,2,1,3,0,0,0,0
0,0,0,1,2,3,0,0,0,0,0,0,0,0
0,0,0,1,1,3,0,0,0,0,0,0,0,0
1,1,1,1,1,3,0,0,0,0,0,0,0,0
1,0,1,2,1,1,1,2,2,2,0,0,0,0
0,2,2,1,0,0,0,0,0,0,0,0,0,0
1,0,1,0,2,2,2,2,1,3,0,0,0,0
0,1,1,1,0,2,3,0,1,3,0,1,0,5
0,0,0,1,3,2,0,0,0,0,0,0,0,0
2,0,0,2,4,3,0,0,0,0,0,0,0,0
0,1,1,0,4,2,2,1,0,0,0,0,0,0
0,1,1,1,2,3,0,0,0,0,0,0,0,0
1,0,1,1,2,2,0,3,1,1,0,0,0,0
0,0,2,0,1,1,0,1,0,5,0,0,0,0
2,1,0,0,3,2,1,3,0,0,0,0,0,0
1,0,2,3,1,2,0,0,0,0,0,0,0,0
1,1,2,2,0,0,0,0,0,0,0,0,0,0
9,5,2,11,13,12,3,10,11,13,5,2,1,3
2,0,0,0,6,2,3,5,3,3,2,3,3,11
2,1,2,1,2,2,0,0,0,0,0,0,0,0
4,1,1,1,1,4,2,3,5,4,2,1,5,6
0,0,0,2,1,2,0,0,0,0,0,0,0,0
3,1,0,1,2,3,2,2,1,3,0,0,0,0
3,3,3,2,8,9,2,3,5,6,3,3,1,4
1,0,0,0,0,0,1,2,1,1,0,0,0,0
4,3,4,3,8,6,4,9,2,3,1,3,3,6
1,0,0,2,2,3,0,0,0,0,0,0,0,0
0,0,0,0,0,0,0,0,0,0,0,0,3,9
0,0,0,1,1,1,2,1,2,2,0,0,0,0
1,0,0,0,0,0,0,0,0,1,0,0,1,5
0,0,1,0,3,1,1,1,0,0,0,0,0,0
0,0,0,3,1,3,4,6,2,7,2,3,3,4
1,0,0,1,2,2,0,0,0,0,0,0,0,0
3,0,1,2,1,2,0,0,0,0,0,0,0,0
4,0,2,2,1,4,1,2,1,1,0,0,0,0
0,0,0,1,2,2,0,0,0,0,0,0,0,0
0,0,0,1,0,2,1,2,0,0,0,0,0,0
3,0,1,3,1,2,3,5,2,5,0,3,4,3
0,4,3,5,2,7,1,4,3,2,2,4,1,2
0,0,0,0,2,0,1,1,2,2,0,0,0,0
0,1,0,1,3,1,0,2,0,2,0,1,5,10
1,0,1,1,2,1,0,0,0,0,0,0,0,0
0,0,2,0,1,0,1,0,1,0,2,1,1,1
0,1,1,2,2,4,1,4,3,5,3,0,1,8
3,0,0,3,3,1,2,3,3,6,0,0,0,0
0,0,1,0,0,0,1,2,1,2,0,0,0,0
0,0,2,1,2,0,0,0,0,0,0,0,0,0
0,0,1,3,3,1,0,8,4,7,0,0,0,7
1,1,0,2,2,8,3,1,1,3,0,0,0,0
2,1,2,0,3,4,0,0,0,0,0,0,0,0
2,1,3,2,4,5,5,6,1,3,2,2,3,4
0,0,2,2,2,3,2,1,0,0,0,0,0,0
2,1,1,1,1,2,1,2,0,0,0,0,0,0
0,0,0,0,2,1,1,1,0,0,0,0,0,0
0,0,0,0,0,0,0,0,0,0,0,0,1,6
0,0,0,0,2,2,1,1,0,0,0,0,0,0
0,0,0,1,1,2,1,1,0,0,0,0,0,0
1,0,0,1,2,2,1,1,1,1,0,0,0,0
1,1,2,1,1,4,0,0,0,0,0,0,0,0
0,0,0,0,0,0,0,0,0,0,0,0,1,4
2,2,0,2,3,2,0,1,2,1,2,2,6,19
0,1,1,0,4,2,0,0,0,0,0,0,0,0
0,0,0,0,3,2,1,1,0,0,0,0,0,0
1,3,2,1,3,2,0,0,0,0,0,0,0,0
1,0,0,3,3,4,4,7,2,5,1,1,4,3
1,1,0,2,3,3,0,0,0,0,0,0,0,0
2,0,2,1,4,4,1,2,0,0,0,0,0,0
1,2,1,1,0,0,0,0,0,0,0,0,0,0
1,2,1,1,1,3,2,2,0,0,0,0,0,0
1,1,0,1,1,3,0,2,3,5,0,0,0,0
1,0,1,3,2,2,1,2,0,0,0,0,0,0
1,0,0,1,1,0,0,0,0,1,0,0,0,5
2,0,1,0,1,0,1,1,2,1,0,0,0,0
2,2,0,1,2,2,0,3,1,2,2,2,1,6
2,1,0,2,1,1,0,0,3,3,0,0,0,0
0,0,0,0,0,0,0,2,1,2,0,0,0,0
1,0,0,3,1,1,0,1,0,0,0,1,2,10
1,0,0,1,6,1,1,2,0,0,0,0,0,0
0,1,0,0,1,0,0,0,0,2,1,1,1,6
0,0,0,0,1,1,1,1,1,1,0,0,0,0
0,0,0,1,3,1,0,0,0,0,0,0,0,0
0,1,1,1,2,0,0,0,0,0,0,0,0,0
0,0,0,0,1,1,1,1,1,1,0,0,0,0
2,1,2,4,2,4,6,6,2,3,2,1,3,12
1,0,1,1,2,3,0,2,1,3,0,0,0,0
2,1,3,0,0,0,0,0,0,0,0,0,0,0
1,1,1,0,2,4,1,1,0,0,0,0,0,0
2,0,0,2,1,3,0,0,0,1,0,0,3,3
1,2,1,4,3,4,1,5,3,9,0,3,1,4
0,1,0,4,2,2,2,1,0,4,3,2,4,7
1,1,2,1,4,4,5,6,0,7,1,1,1,3
5,1,1,11,8,9,3,9,11,15,0,1,5,7
0,0,0,2,1,4,0,0,1,4,0,0,0,0
0,0,0,3,1,2,0,0,0,0,0,0,0,0
2,1,0,0,1,0,2,2,1,2,1,1,1,3
0,0,1,2,2,0,0,0,0,0,0,0,0,0
2,1,1,2,4,2,1,3,2,3,0,0,0,0
9,1,3,10,5,7,2,5,4,11,2,4,1,3
2,0,2,4,2,6,1,0,2,5,0,0,0,0
0,1,1,0,0,1,0,0,4,1,0,0,0,0
1,0,0,2,0,3,2,1,0,0,0,0,0,0
0,1,0,0,3,3,4,4,6,4,1,1,2,4
1,0,1,2,1,2,0,0,0,0,0,0,0,0
2,0,1,3,0,1,0,2,1,2,0,0,0,0
2,1,0,0,3,2,0,0,0,0,0,0,0,0
0,0,0,4,1,3,0,0,0,0,0,0,0,0
0,0,0,1,0,0,1,1,2,1,0,3,3,3
2,0,3,0,3,4,4,1,3,7,2,1,2,3
1,0,1,0,1,0,0,1,0,0,0,1,2,3
0,1,1,1,5,0,0,0,0,0,0,0,0,0
0,0,0,0,1,1,0,0,0,1,1,1,1,1
0,1,0,3,2,2,2,1,0,0,0,0,0,0
1,0,1,2,3,2,0,0,0,0,0,0,0,0
1,1,0,3,1,0,1,3,0,5,0,0,0,0
1,0,0,0,0,1,1,3,0,0,0,0,0,0
6,0,1,1,2,3,0,1,1,3,0,0,0,0
0,0,1,0,3,2,0,0,0,0,0,0,0,0
1,0,1,3,0,2,1,3,1,3,2,2,1,2
0,1,0,2,1,0,1,3,2,2,0,0,0,0
1,0,1,1,2,1,0,0,0,0,0,0,0,0
0,0,0,0,2,4,0,0,0,0,0,0,0,0
0,0,1,2,1,0,1,3,1,1,0,0,0,0
1,0,2,1,1,1,0,0,0,0,0,0,0,0
2,1,0,1,2,2,0,0,0,0,0,0,0,0
2,0,4,7,11,2,4,4,1,5,2,1,3,5
1,1,0,3,1,3,0,4,1,1,0,0,0,0
2,1,0,2,0,1,1,2,2,5,0,0,0,0
1,0,0,1,0,0,0,2,1,2,0,0,0,0
3,1,0,0,0,1,0,2,1,3,0,0,0,0
2,1,1,4,2,5,0,3,3,3,0,0,0,0
1,1,4,1,5,4,0,1,2,4,0,0,0,0
0,0,1,1,2,0,0,0,0,2,2,1,1,1
1,2,1,2,1,0,0,2,0,3,0,2,1,2
1,0,0,1,1,0,2,2,3,2,0,0,0,0
0,0,1,2,1,1,0,0,0,0,0,0,0,0
1,0,2,0,0,0,0,1,0,0,0,1,1,3
2,2,0,6,2,5,1,4,0,1,0,3,2,4
0,1,1,1,1,4,1,1,1,2,0,0,0,0
0,1,0,2,3,0,0,0,0,0,0,0,0,0
0,0,1,1,3,0,0,0,3,2,0,0,0,0
1,1,0,3,0,4,1,3,0,0,0,0,0,0
0,0,0,6,0,0,0,0,0,0,0,0,0,0
0,0,1,3,2,3,1,1,0,3,1,1,4,17
0,2,0,0,0,3,1,1,1,3,0,0,0,0
1,0,0,0,4,2,0,0,0,0,0,0,0,0
15,4,10,10,22,15,11,15,15,17,3,4,5,9
2,1,0,3,0,4,0,1,0,1,2,1,1,2
0,1,1,1,2,2,0,0,0,0,0,0,0,0
4,1,0,0,2,3,1,3,2,1,0,0,0,0
0,0,1,0,1,5,0,0,0,0,0,0,0,0
1,0,0,0,0,0,1,0,2,3,0,0,0,0
0,0,0,0,3,0,0,2,1,2,0,0,0,0
1,0,1,2,2,1,1,0,0,1,0,0,1,4
4,1,1,1,2,4,0,2,0,2,0,1,1,3
2,0,0,3,2,2,0,0,0,0,0,0,0,0
2,1,1,1,0,5,0,0,0,0,0,0,0,0
1,0,1,0,2,0,0,0,2,1,0,1,2,2
2,0,0,0,0,1,0,0,1,2,1,1,2,2
0,1,0,0,2,1,2,1,1,2,0,1,1,5
1,0,0,5,5,3,1,1,1,3,0,0,0,0
0,0,1,1,4,2,0,0,0,0,0,0,0,0
1,0,0,0,0,1,0,0,0,0,0,1,1,3
3,0,1,2,3,0,1,3,0,3,2,1,3,2
1,0,0,1,1,1,1,2,0,0,0,0,0,0
0,0,0,0,1,2,1,1,0,0,0,0,0,0
0,1,1,1,1,1,1,0,0,1,1,1,3,6
1,0,1,2,1,2,1,0,2,3,2,3,1,2
0,1,0,0,0,2,1,2,0,0,0,0,0,0
6,2,2,4,4,3,3,7,1,4,0,0,0,0
2,1,1,2,1,3,0,0,0,0,0,0,0,0
0,1,1,5,3,4,0,3,3,3,1,1,1,1
0,0,1,0,3,1,2,1,1,1,0,0,0,0
1,0,0,0,2,1,1,1,0,0,0,0,0,0
4,3,3,8,5,5,1,4,5,6,2,4,2,6
1,0,0,2,0,0,0,2,1,2,0,0,0,0
2,1,1,1,2,0,0,1,1,3,0,0,0,0
0,2,2,3,1,2,2,2,1,3,0,0,0,0
0,0,0,1,0,1,1,0,2,3,0,0,0,0
2,1,1,4,1,0,0,4,0,4,0,0,2,3
0,0,1,1,3,1,0,1,1,3,0,0,0,0
1,2,0,2,1,4,1,4,3,14,3,2,8,8
0,0,1,1,1,2,2,2,2,3,0,0,0,5
4,2,1,3,10,1,1,3,3,3,3,2,8,8
0,1,1,2,1,3,0,3,2,1,0,0,0,0
3,0,3,2,2,2,1,4,0,0,0,0,0,0
2,2,1,0,3,4,2,5,2,4,5,1,1,3
1,1,2,2,0,0,0,0,0,0,0,0,0,0
0,1,0,0,1,1,1,2,0,0,0,0,0,0
2,0,0,1,2,3,0,0,0,0,0,0,0,0
3,1,0,1,4,1,2,2,0,0,0,0,0,0
0,0,0,2,4,1,1,3,0,0,0,0,0,0
1,0,1,1,1,1,1,1,0,0,0,0,0,0
0,0,1,2,1,0,0,1,2,2,0,0,0,0
4,2,0,0,2,2,1,1,0,0,0,0,0,0
0,0,0,0,2,3,0,0,1,2,0,2,2,5
0,0,0,2,3,0,0,0,0,0,0,0,0,0
0,0,0,1,2,5,3,1,0,0,0,0,0,0
1,1,0,0,3,1,1,3,0,0,0,0,0,0
0,1,1,5,2,1,2,2,1,3,0,0,0,0
7,1,3,3,8,5,4,2,2,9,2,4,4,11
1,0,1,0,1,2,2,2,3,2,0,0,0,0
0,0,0,0,0,0,0,0,0,0,0,0,1,4
1,0,0,1,3,4,1,4,0,0,0,0,0,0
1,1,4,11,7,16,4,6,1,12,1,2,4,4
0,0,0,2,2,1,0,0,0,0,0,0,0,0
0,2,0,2,1,2,1,2,4,1,0,1,5,6
0,0,1,1,1,2,0,0,0,0,0,0,0,0
1,0,0,1,0,0,1,1,1,4,0,0,1,9
0,1,0,0,1,0,0,1,1,2,0,0,2,14
0,0,0,0,0,1,0,0,0,5,0,0,0,0
0,0,2,0,1,3,1,0,0,0,0,0,0,0
0,0,0,0,0,2,2,1,1,2,0,0,0,0
2,2,0,3,3,2,1,2,3,1,0,0,0,0
0,0,0,1,1,2,2,2,0,0,0,0,0,0
1,0,0,0,0,3,0,1,2,2,0,0,0,0
2,0,0,0,3,1,1,2,0,0,0,0,0,0
0,1,1,0,1,4,2,3,0,3,1,1,1,2
3,0,0,2,4,2,1,1,0,0,0,0,0,0
1,0,2,7,11,4,2,5,2,4,2,1,4,5
1,2,0,3,7,6,2,3,0,4,1,0,5,3
0,0,1,1,3,3,1,0,3,0,0,2,2,12
0,0,0,1,1,2,1,0,0,0,0,0,0,0
0,0,0,3,1,1,2,3,0,0,0,0,0,0
0,0,0,0,0,6,0,0,0,0,0,0,0,0
0,0,1,2,2,3,2,5,2,10,2,1,4,4
3,0,0,1,3,1,0,0,0,0,0,0,0,0
1,0,1,0,1,0,0,1,2,2,0,0,0,0
0,1,1,2,4,2,2,2,0,0,0,0,0,0
2,0,2,3,3,2,1,1,0,3,1,2,1,4
0,0,0,0,1,2,1,1,1,1,0,0,0,0
2,1,3,2,5,4,1,7,4,1,4,1,3,5
2,0,0,3,3,3,1,2,2,3,0,0,0,0
1,0,1,1,0,1,2,1,0,1,0,1,1,3
1,0,0,1,0,0,2,2,1,1,0,0,0,0
0,1,0,1,0,2,0,1,1,3,0,0,0,0
1,0,2,0,0,1,0,4,1,3,0,0,0,0
1,1,4,1,1,5,0,2,1,2,0,0,0,0
2,1,2,5,6,8,4,12,13,24,11,10,11,24
1,1,1,1,1,2,0,0,0,0,0,0,0,0
0,0,1,2,2,5,1,1,2,2,0,0,0,0
0,1,1,3,0,2,1,1,3,2,0,3,2,3
0,0,2,1,0,1,2,2,0,0,0,0,0,0
1,0,0,2,2,3,0,0,0,0,0,0,0,0
2,1,1,1,1,1,1,1,0,0,0,0,0,0
0,1,1,0,1,1,1,1,0,3,0,1,1,5
2,0,1,0,0,0,2,0,0,2,2,1,1,6
8,4,3,14,17,13,5,7,5,16,2,4,4,20
0,1,1,0,1,1,2,5,1,4,0,1,1,7
10,3,7,8,15,12,7,12,7,11,6,3,3,7
1,0,0,2,1,4,0,0,0,0,0,0,0,0
1,0,0,1,3,3,1,2,1,2,0,1,3,4
2,0,1,3,3,2,1,2,1,4,0,0,0,0
4,0,1,2,2,3,1,7,2,3,1,2,2,2
0,1,1,2,3,1,1,0,0,0,0,0,0,0
3,0,0,3,4,6,3,1,1,2,0,0,0,0
0,0,1,1,3,0,0,0,0,0,0,0,0,0
2,0,0,0,1,2,1,2,0,0,0,0,0,0
2,1,0,1,2,2,0,0,0,0,0,0,0,0
1,1,0,2,1,2,1,1,0,0,0,0,0,0
0,0,1,1,3,1,0,3,1,0,1,2,1,1
3,0,1,1,3,0,0,0,0,0,0,0,0,0
0,0,0,0,0,1,1,2,1,1,0,0,0,0
1,1,0,3,3,1,1,1,1,1,0,0,0,0
0,0,0,0,0,0,0,2,2,1,1,1,1,1
2,2,0,1,2,4,0,0,4,3,0,0,0,0
0,0,0,0,0,0,0,0,2,4,0,0,0,0
0,0,0,0,2,4,1,2,0,0,0,0,0,0
0,0,2,3,3,3,1,0,0,0,0,0,0,0
4,1,1,1,0,2,1,3,1,1,0,0,0,0
0,0,0,3,2,2,1,4,3,5,2,3,1,8
0,0,0,0,1,2,1,1,0,0,0,0,0,0
0,0,0,0,0,1,0,0,0,3,1,0,0,5
1,0,2,1,2,3,0,1,1,5,0,0,0,0
2,0,0,0,3,1,0,2,1,2,0,0,0,0
1,0,1,3,1,2,1,0,0,0,0,0,0,0
0,1,0,0,1,2,0,3,1,1,1,2,1,2
1,1,2,3,0,0,0,0,0,0,0,0,0,0
5,2,1,5,3,3,2,9,5,6,2,2,1,2
0,0,0,0,2,4,0,2,2,4,0,0,0,0
1,0,0,0,2,3,0,0,0,0,0,0,0,0
0,1,0,2,1,3,1,0,0,0,0,0,0,0
1,1,1,2,2,3,1,2,4,4,2,1,1,5
1,1,1,1,2,1,1,2,0,0,0,0,0,0
0,1,0,0,1,1,1,2,0,0,0,0,0,0
0,0,0,0,1,0,0,1,0,0,0,1,2,2
3,0,2,2,2,1,1,1,0,0,0,0,0,0
0,0,1,2,3,2,2,1,0,0,0,0,0,0
1,2,2,3,2,4,1,2,3,6,4,0,2,4
3,0,2,1,2,1,2,4,0,0,0,0,0,0
0,0,0,3,2,2,2,3,1,1,0,0,0,0
2,1,1,3,4,4,2,2,2,4,0,0,0,0
0,0,0,0,0,1,0,0,0,1,0,1,1,4
2,0,0,1,3,1,0,0,0,0,0,0,0,0
1,0,0,2,2,2,1,0,0,0,0,0,0,0
2,0,1,1,2,2,2,3,2,1,2,0,1,4
0,0,0,2,1,2,0,1,3,1,0,0,1,4
0,0,2,1,4,3,2,1,1,2,0,0,0,0
1,1,0,3,1,1,0,0,0,0,0,0,0,0
3,0,1,2,1,5,0,1,1,2,2,1,1,2
0,0,0,0,0,0,2,2,1,0,0,1,3,4
1,1,0,0,4,3,2,4,0,0,0,0,0,0
0,1,1,2,0,2,0,2,1,2,0,0,0,0
1,1,0,2,2,3,0,0,0,0,0,0,0,0
2,0,1,1,2,3,0,0,0,0,0,0,0,0
1,0,0,3,2,1,2,1,0,0,0,0,0,0
1,1,0,0,2,2,1,4,1,2,0,0,0,0
0,0,0,1,2,0,1,1,1,2,0,0,0,0
0,0,1,0,0,0,1,1,1,2,0,0,0,0
2,1,2,3,2,2,1,5,4,5,4,5,2,6
2,1,0,1,0,1,1,3,0,0,0,0,0,0
0,0,0,2,4,2,0,0,0,0,0,0,0,0
1,0,0,2,1,2,0,0,0,0,0,0,0,0
0,0,0,0,1,5,0,0,0,0,0,0,0,0
0,1,0,3,1,2,0,0,0,2,1,1,1,2
0,1,0,1,2,1,1,2,0,0,0,0,0,0
3,2,3,7,15,4,8,3,4,4,3,3,4,4
1,0,0,1,4,2,0,3,1,2,0,0,0,0
0,0,1,2,1,2,0,0,0,0,0,0,0,0
3,3,1,1,1,3,2,1,2,1,0,0,0,0
5,0,1,3,7,3,0,0,0,0,0,0,0,0
2,1,0,2,2,2,0,0,0,0,0,0,0,0
0,1,0,0,1,4,0,0,0,0,0,0,0,0
3,0,1,1,3,1,0,1,2,2,0,0,0,0
1,0,0,1,1,2,0,1,0,2,0,2,3,3
1,0,2,3,2,5,2,4,2,13,3,6,4,4
2,1,1,2,4,2,1,1,2,1,0,0,0,0
0,1,1,0,1,1,2,2,1,2,0,0,0,0
3,2,0,1,1,3,3,3,1,1,0,0,0,0
0,0,2,2,2,4,0,0,0,0,0,0,0,0
0,0,0,0,0,1,1,1,1,3,0,0,0,0
0,0,1,1,1,2,1,0,0,0,0,0,0,0
0,1,1,2,1,2,0,0,0,0,0,0,0,0
1,0,1,3,4,2,0,0,0,0,0,0,0,0
0,0,1,1,1,2,0,3,2,6,5,1,0,7
0,1,1,2,1,2,1,4,1,1,0,0,0,0
1,0,1,1,5,1,0,1,1,3,0,0,0,0
1,0,0,3,2,5,0,0,0,0,0,0,0,0
1,0,0,4,3,1,1,3,2,2,0,0,0,0
0,0,0,1,0,1,1,1,0,0,0,0,2,3
1,0,0,1,0,5,1,1,0,0,0,0,0,0
2,0,3,1,1,4,4,1,0,1,0,1,2,2
0,0,2,0,2,2,2,2,1,3,0,0,0,0
0,0,3,2,6,3,2,3,7,11,8,6,8,16
2,3,0,1,2,4,2,2,2,4,0,0,0,0
1,1,0,2,1,3,0,0,0,0,0,0,0,0
0,0,0,0,0,0,0,0,0,0,0,0,3,3
1,0,0,0,2,0,1,4,0,0,0,0,0,0
1,3,0,0,1,1,0,1,1,1,0,1,2,2
1,0,0,1,0,1,0,2,1,4,0,0,0,0
0,0,1,3,3,3,0,0,0,0,0,0,0,0
2,1,0,0,1,2,1,3,0,0,0,0,0,0
0,0,0,0,2,0,0,2,0,1,1,0,0,6
0,1,1,3,0,0,0,0,0,0,0,0,0,0
2,0,0,1,0,0,1,3,1,2,0,0,0,0
3,1,5,3,11,9,1,6,5,11,2,5,1,8
1,0,1,0,1,3,1,1,1,1,0,0,0,0
0,0,0,1,0,0,0,0,1,0,0,0,0,5
1,1,0,4,2,1,1,1,0,0,0,0,0,0
1,1,1,3,1,2,2,3,2,4,0,0,0,0
0,0,1,2,1,1,1,1,0,0,0,0,0,0
0,0,0,1,2,5,0,6,2,1,2,1,1,2
3,1,1,0,2,1,2,0,0,0,0,0,0,0
2,0,0,2,1,3,0,0,0,0,0,0,0,0
1,0,0,1,1,2,2,0,0,0,0,0,0,0
0,1,0,3,1,0,0,2,1,2,0,0,0,0
1,0,0,0,2,1,1,1,0,0,0,0,0,0
0,0,3,2,3,6,2,4,1,0,2,5,3,5
0,0,1,2,2,4,1,1,3,3,0,0,0,0
0,0,1,3,3,1,0,4,0,5,3,2,4,5
1,0,1,0,2,1,1,1,1,1,0,0,0,0
2,0,1,1,1,2,1,3,0,0,0,0,0,0
1,0,0,2,3,0,2,1,3,5,0,0,0,0
0,0,1,0,1,0,1,3,2,2,0,0,0,0
1,0,0,1,1,5,0,0,0,0,0,0,0,0
1,0,2,1,2,2,1,3,0,0,0,0,0,0
0,0,0,0,0,1,1,1,1,1,0,0,0,0
1,1,0,2,4,2,2,4,0,0,0,0,0,0
1,1,1,0,3,2,0,0,0,0,0,0,0,0
0,1,1,1,0,1,3,1,0,0,0,0,0,0
1,0,2,1,1,0,0,1,1,4,0,0,0,0
2,0,0,0,2,1,1,1,0,0,0,0,0,0
2,1,0,3,1,0,1,3,1,1,0,0,0,0
1,0,1,1,4,1,2,1,1,1,0,0,0,0
3,0,0,0,2,3,0,0,0,0,0,0,0,0
0,0,0,1,2,1,0,5,3,9,0,3,3,3
3,0,0,1,4,3,1,1,1,1,0,0,0,0
1,1,0,0,2,1,1,1,0,0,0,0,0,0
0,0,0,0,3,1,3,1,1,1,0,0,0,0
1,1,0,2,0,2,2,3,1,5,0,0,0,0
2,0,1,3,2,1,2,1,3,4,1,2,1,1
2,1,1,2,1,3,1,1,0,0,0,0,0,0
1,0,1,2,1,2,3,0,2,3,0,0,0,0
0,1,1,0,5,0,1,0,1,4,0,0,0,0
0,1,2,0,2,4,1,3,2,1,0,0,0,0
1,0,0,2,1,1,2,2,0,0,0,0,0,0
1,0,1,1,2,4,3,2,3,2,1,1,1,1
1,1,0,1,3,6,2,5,0,0,0,0,0,0
2,1,0,0,2,0,1,4,0,0,0,0,0,0
1,3,0,2,1,6,0,0,0,0,0,0,0,0
3,7,3,7,17,14,5,5,13,6,5,5,0,8
1,2,1,3,7,0,2,2,3,3,0,0,0,0
0,2,0,1,1,4,0,0,0,0,0,0,0,0
3,2,0,0,0,0,0,0,0,0,0,0,0,0
0,0,0,2,3,0,0,0,0,0,0,0,0,0
0,0,0,0,0,1,0,2,1,2,0,0,0,0
1,1,0,2,3,4,0,3,1,3,0,0,0,0
1,1,1,1,0,1,0,1,2,1,1,2,2,5
0,2,1,1,1,1,0,2,2,2,2,0,2,4
0,0,0,0,1,1,4,1,0,2,1,1,1,2
3,0,9,7,9,7,3,12,7,9,3,1,3,8
0,0,0,0,0,1,0,0,1,6,2,0,0,9
2,0,0,1,2,1,1,2,0,0,0,0,0,0
5,0,1,1,0,4,1,2,0,3,1,1,3,1
2,0,1,0,2,4,0,0,0,0,0,0,0,0
0,0,0,3,4,2,1,1,1,1,0,0,0,0
2,0,0,1,3,2,2,2,0,0,0,0,0,0
3,0,0,1,3,0,1,1,2,2,1,1,1,2
13,4,3,4,6,6,1,3,3,12,2,3,3,6
0,2,0,2,4,1,1,0,2,3,0,0,0,0
4,2,0,1,1,1,0,1,3,0,0,0,8,23
3,0,1,6,1,1,0,0,3,3,4,5,0,7
0,0,0,0,4,1,1,0,0,0,0,0,0,0
1,0,0,4,0,3,6,11,6,17,3,2,3,9
2,0,2,0,1,3,1,1,0,0,0,0,0,0
1,0,0,0,3,1,1,1,1,2,0,0,0,0
1,0,0,3,2,3,1,3,3,2,0,0,0,0
1,1,0,0,2,5,0,0,0,0,0,0,0,0
0,0,1,0,2,0,0,1,0,4,0,0,1,4
0,0,0,0,2,1,1,1,0,0,0,0,0,0
0,0,1,0,1,0,1,1,3,1,0,0,0,0
1,1,1,1,2,0,0,0,0,0,0,0,0,0
0,0,0,2,1,5,0,0,0,0,0,0,0,0
0,0,1,2,3,2,1,3,2,2,3,2,3,2
0,0,0,1,0,7,0,4,2,2,0,0,0,0
4,1,1,1,2,4,2,3,0,5,1,1,1,1
1,2,3,0,0,0,0,0,0,0,0,0,0,0
1,1,1,2,3,0,0,0,0,0,0,0,0,0
0,1,0,2,1,0,1,5,0,0,0,0,0,0
1,0,0,1,0,1,1,1,1,1,0,0,0,0
0,3,0,3,2,4,3,0,0,0,0,0,0,0
1,0,1,1,0,3,4,3,0,4,3,1,3,4
0,0,1,0,6,4,0,0,0,0,0,0,0,0
6,0,2,2,1,4,2,0,2,8,2,2,4,10
0,1,0,0,2,4,0,0,0,0,0,0,0,0
0,1,0,0,1,0,0,3,1,1,0,0,0,0
0,0,0,0,0,0,0,1,0,0,2,0,5,11
0,0,0,0,0,1,0,0,0,0,0,1,4,8
3,0,0,2,0,2,1,2,0,0,0,0,0,0
2,1,1,3,1,1,2,0,2,3,4,2,2,4
0,0,0,1,2,2,0,0,0,0,0,0,0,0
0,0,1,0,1,1,1,2,1,1,0,0,0,0
0,2,1,0,4,1,1,1,0,0,0,0,0,0
1,1,0,1,1,3,1,2,1,2,0,0,0,0
1,0,0,3,2,0,0,0,0,0,0,0,0,0
4,3,1,8,6,4,2,1,4,5,4,1,1,3
1,0,0,2,1,2,0,0,0,0,0,0,0,0
0,0,1,4,2,3,1,3,2,5,0,0,0,0
1,1,1,0,1,4,1,1,2,5,0,0,0,0
1,0,0,1,1,4,0,0,2,1,2,1,1,1
1,0,1,0,2,3,0,0,1,4,0,0,0,0
1,1,1,1,4,5,2,13,9,4,2,2,7,4
0,0,0,1,2,2,0,0,0,0,0,0,0,0
0,0,1,0,0,1,1,1,2,2,0,0,0,0
4,0,3,4,7,4,1,3,2,3,0,3,2,5
0,2,0,0,2,2,0,4,1,1,0,0,0,0
1,2,1,0,1,4,0,0,0,0,0,0,0,0
1,0,0,4,1,1,1,1,2,1,0,0,0,0
3,0,0,1,3,2,1,1,0,0,0,0,0,0
0,0,1,1,0,0,0,3,1,2,0,0,0,0
1,0,0,0,3,2,1,1,0,0,0,0,0,0
0,0,1,4,0,0,0,0,0,0,0,0,0,0
1,0,0,1,0,0,0,1,1,1,1,0,2,13
1,0,0,0,0,2,1,1,1,1,0,0,0,0
2,0,0,2,2,2,0,0,0,0,0,0,0,0
0,1,1,1,1,1,0,0,0,0,0,0,0,0
0,0,0,1,0,1,0,1,1,0,1,0,0,6
1,0,0,3,3,4,1,5,0,0,0,0,0,0
5,2,0,1,4,2,0,2,4,1,1,1,1,1
0,0,1,1,2,0,2,2,1,1,0,0,0,0
5,0,1,0,2,0,2,1,1,0,0,3,2,1
2,1,0,1,0,1,1,3,0,0,0,0,0,0
0,1,0,0,1,2,1,2,0,0,0,0,0,0
1,2,0,2,1,1,2,2,3,8,0,1,2,6
0,2,1,0,0,0,0,0,2,4,0,0,0,0
1,1,3,2,2,1,0,0,0,0,0,0,0,0
1,0,0,3,0,0,0,3,1,2,0,0,0,0
0,0,2,1,0,1,2,2,1,1,0,0,0,0
0,0,0,0,2,2,0,0,0,2,0,0,1,5
3,0,0,0,3,2,0,0,0,0,0,0,0,0
3,0,0,0,1,2,0,1,3,1,0,0,0,0
4,1,0,0,0,0,0,0,0,0,0,0,0,0
1,0,0,2,1,2,0,5,2,3,0,0,0,0
3,0,0,2,2,2,0,2,1,2,0,0,0,0
0,1,0,1,0,1,2,1,1,2,0,0,0,0
2,0,3,1,4,1,1,2,2,3,0,0,0,0
5,1,2,2,1,1,2,2,0,0,0,0,0,0
1,0,0,0,0,1,2,2,0,0,0,0,0,0
1,0,0,0,2,3,0,0,1,3,0,0,0,5
0,0,1,4,0,0,0,0,0,0,0,0,0,0
0,1,2,4,0,0,0,0,0,0,0,0,0,0
4,1,2,1,2,4,2,5,0,1,2,1,1,1
1,0,0,0,1,1,2,3,0,0,0,0,0,0
0,0,0,0,1,2,1,1,0,0,0,0,0,0
0,0,0,2,3,2,1,2,0,0,0,0,0,0
2,2,1,1,1,2,1,2,2,1,0,0,0,0
1,0,0,1,0,2,1,2,0,0,0,0,0,0
2,2,1,2,1,1,1,2,0,0,0,0,0,0
2,0,1,0,0,0,1,0,0,3,0,0,2,3
1,0,0,3,3,2,0,0,3,6,0,0,0,0
2,0,1,0,3,1,1,0,0,0,0,0,0,0
0,0,1,2,0,1,1,0,1,1,0,1,1,4
0,1,1,1,2,1,1,0,0,0,0,0,0,0
0,0,0,1,0,0,1,1,1,6,0,0,0,0
2,1,0,4,1,1,0,0,0,0,0,0,0,0
0,0,1,1,0,1,1,1,1,1,0,0,0,0
2,0,0,2,1,4,3,1,2,1,0,0,0,0
0,0,0,2,1,3,1,1,3,5,0,0,0,0
0,0,0,1,0,1,0,0,1,6,0,2,2,18
4,1,0,0,0,0,0,0,0,0,0,0,0,0
2,0,1,2,0,0,0,2,2,2,0,0,0,0
0,1,1,0,3,0,1,2,1,1,0,0,0,0
3,0,2,0,3,3,1,3,2,3,0,0,0,0
1,0,0,0,1,0,0,4,3,2,2,1,2,3
5,1,1,1,3,1,1,3,1,4,0,0,0,0
2,0,1,2,1,1,0,0,0,0,0,0,0,0
1,1,0,2,2,2,1,3,0,0,0,0,0,0
0,0,1,0,1,2,0,4,3,2,0,0,0,0
0,1,3,1,0,0,0,0,0,0,0,0,0,0
3,0,1,1,2,1,2,1,0,0,0,0,0,0
0,0,0,0,0,2,3,0,0,0,0,0,0,0
1,0,1,1,3,1,1,0,2,4,0,0,0,0
1,0,0,0,1,0,1,1,1,2,0,0,0,0
1,1,1,1,2,0,0,0,0,5,0,0,0,0
0,1,0,1,3,1,0,0,0,0,0,0,0,0
0,0,0,2,0,1,0,1,0,0,0,0,1,5
0,1,1,3,0,0,0,0,0,0,0,0,0,0
6,2,2,11,14,11,4,12,6,14,6,6,6,10
0,1,0,1,1,2,1,0,0,0,0,0,0,0
0,0,2,5,5,4,3,2,1,4,0,0,0,0
0,0,0,0,0,0,0,1,0,0,0,0,3,2
2,0,1,0,3,0,0,1,2,2,0,0,0,0
0,1,0,1,0,4,1,2,2,2,0,0,0,0
2,1,0,4,4,6,3,3,0,4,1,4,1,1
0,0,0,0,1,1,1,3,2,4,0,1,4,5
0,0,1,0,1,1,0,1,0,1,0,0,2,5
0,0,2,2,1,1,0,2,1,2,0,0,0,0
1,1,0,1,2,5,1,2,0,0,0,0,0,0
1,0,0,1,0,0,0,4,2,3,0,0,0,0
0,0,0,1,3,2,0,2,1,1,2,1,1,1
1,0,0,0,4,1,0,0,0,0,0,0,0,0
2,0,2,0,4,2,0,0,0,0,0,0,0,0
1,1,0,0,1,3,1,1,0,0,0,0,0,0
3,2,2,1,2,1,2,1,3,2,0,0,0,0
2,0,1,4,2,1,1,4,1,1,2,2,1,3
1,0,1,1,2,2,0,0,0,0,0,0,0,0
0,0,1,0,1,2,0,1,1,7,2,0,4,4
1,2,1,1,1,2,0,0,1,2,1,1,1,2
0,0,2,2,1,4,2,3,1,2,0,0,0,0
0,0,0,2,1,2,0,0,1,1,1,3,1,2
2,0,2,2,3,4,1,7,4,8,3,4,6,10
1,0,1,0,0,1,0,2,2,2,0,0,0,0
0,0,0,1,2,3,1,0,0,0,0,0,0,0
2,0,0,0,1,4,1,2,0,0,0,0,0,0
2,1,1,1,1,1,0,2,1,2,0,0,0,0
0,1,0,0,1,1,1,2,1,3,0,0,0,0
4,5,3,3,7,3,0,9,4,4,0,2,4,3
1,2,2,0,0,0,0,0,0,0,0,0,0,0
1,0,1,1,0,1,0,3,1,2,0,0,0,0
0,0,0,0,0,0,0,0,0,1,1,2,1,17
0,0,1,0,1,5,2,1,1,2,0,0,0,0
0,1,0,1,1,1,1,1,0,3,1,1,2,2
2,1,1,4,1,1,0,3,1,3,0,0,0,0
1,0,0,3,1,3,0,0,0,0,0,0,0,0
0,1,1,0,1,1,1,3,1,2,0,0,0,0
0,0,0,1,2,0,1,3,1,0,1,0,2,4
2,3,1,1,2,4,0,0,0,0,0,0,0,0
0,0,0,1,1,1,1,0,0,0,0,2,2,1
3,0,1,2,2,1,0,0,0,0,0,0,0,0
0,0,1,1,0,2,0,2,1,3,0,0,0,0
4,1,0,0,0,0,0,0,0,0,0,0,0,0
0,0,2,3,0,1,0,1,2,3,0,0,0,0
1,0,1,2,2,0,0,2,1,3,0,0,0,0
0,0,2,2,1,2,2,3,1,1,0,0,0,0
0,1,0,0,4,4,1,1,0,4,0,1,2,2
2,1,0,0,1,2,1,2,1,1,1,1,1,2
1,2,0,5,7,4,1,1,1,4,0,4,1,1
0,0,0,1,0,0,0,0,0,0,1,0,1,6
6,1,6,3,4,4,1,4,5,4,5,3,5,2
0,0,0,0,0,1,0,1,1,0,0,1,2,2
1,0,0,1,1,1,0,0,0,2,0,0,2,3
0,0,0,1,0,2,0,1,0,3,1,0,4,17
0,1,0,1,3,1,0,0,0,0,0,0,0,0
0,0,0,2,1,2,0,0,0,0,0,0,0,0
4,1,0,2,1,1,1,3,0,0,0,0,0,0
2,2,0,4,3,1,0,2,1,3,0,0,0,0
0,0,0,0,0,3,1,2,5,4,1,2,1,5
0,1,0,1,1,2,1,2,0,5,0,0,0,0
0,0,1,1,2,0,0,1,0,1,0,2,1,2
0,1,0,0,1,0,0,0,0,2,0,0,3,5
0,0,0,0,0,0,1,0,0,0,1,1,2,13
1,0,0,0,0,0,0,2,3,2,0,0,0,0
5,0,0,0,0,0,0,0,0,0,0,0,0,0
2,0,0,1,0,2,0,4,2,2,0,0,0,0
0,1,0,0,1,1,3,2,0,1,0,0,0,5
0,0,1,0,0,1,0,0,0,0,1,0,1,9
3,0,0,2,2,5,1,2,5,3,5,1,3,1
2,0,1,0,1,3,0,0,6,4,0,3,2,1
1,0,1,4,1,3,0,0,0,0,0,0,0,0
2,1,0,1,1,0,1,2,1,1,0,0,0,0
0,0,0,0,0,0,0,4,1,1,0,0,0,0
2,1,1,2,1,4,0,1,1,4,0,0,0,0
6,4,2,8,6,8,5,5,3,9,1,2,2,2
2,2,1,4,4,2,4,4,4,4,2,1,4,3
1,0,0,0,0,1,0,0,1,1,1,0,2,4
0,0,1,0,0,4,1,2,0,0,0,0,0,0
1,0,2,0,2,3,0,2,2,1,0,0,0,0
1,0,1,0,1,0,0,2,1,2,0,0,0,0
2,3,2,5,2,5,0,1,0,4,1,2,1,2
1,0,0,1,2,2,0,0,0,0,0,0,0,0
0,0,0,0,0,1,1,3,0,0,0,0,0,0
0,0,0,0,1,1,1,2,0,0,0,0,0,0
2,0,0,6,1,5,3,6,4,6,2,0,4,1
0,1,1,3,0,0,0,0,0,0,0,0,0,0
1,1,2,2,1,2,0,1,3,3,0,0,0,0
1,0,0,1,4,0,1,3,1,1,2,1,2,2
0,0,0,1,0,1,1,1,1,1,0,0,0,0
3,1,0,6,0,0,0,0,0,0,0,0,0,0
1,0,0,1,1,3,0,0,0,0,0,0,0,0
0,0,0,2,0,4,1,1,0,0,0,0,0,0
3,0,5,4,6,5,4,7,8,15,8,5,7,19
3,0,1,0,2,4,0,0,0,0,0,0,0,0
0,0,0,0,1,0,0,0,0,1,1,1,1,6
1,0,1,2,1,2,1,2,0,0,0,0,0,0
1,1,2,0,6,3,2,3,1,2,0,0,0,0
0,0,0,3,2,0,0,0,0,0,0,0,0,0
0,0,0,0,0,2,1,2,0,0,0,0,0,0
1,0,1,1,0,0,0,0,3,2,0,0,0,0
0,0,1,0,0,1,0,2,2,1,0,0,6,3
2,0,1,2,2,1,0,0,0,0,0,0,0,0
0,0,1,0,1,1,0,0,0,0,0,2,2,1
0,0,0,0,1,2,1,1,0,0,0,0,0,0
1,0,0,0,1,1,2,1,0,1,1,1,4,1
0,0,1,1,2,1,0,0,0,0,0,0,0,0
2,0,0,4,0,0,0,0,0,5,0,0,0,0
1,0,0,1,1,1,1,2,0,0,0,0,0,0
0,0,0,0,1,1,0,1,0,2,0,1,1,4
3,2,0,1,2,2,0,0,0,0,0,0,0,0
0,0,0,0,0,0,1,1,0,0,0,1,2,4
0,0,0,0,0,0,1,1,0,0,0,0,1,4
0,0,0,0,0,0,0,0,0,1,1,1,4,5
2,0,0,0,2,4,0,3,2,3,0,0,0,0
0,0,1,0,1,2,1,2,0,0,0,0,0,0
1,0,0,1,2,4,0,2,2,2,0,0,0,0
1,2,1,0,2,0,0,1,1,3,0,2,3,2
2,0,1,0,1,5,0,5,0,0,0,0,0,0
2,0,1,1,1,2,0,0,0,0,0,0,0,0
0,0,0,0,0,0,0,2,0,0,0,0,2,8
1,1,0,1,1,0,1,1,1,2,0,0,0,0
0,0,0,2,1,2,0,0,0,0,0,0,0,0
0,0,1,0,0,2,1,2,0,0,0,0,0,0
1,1,1,1,1,1,1,0,0,0,0,0,0,0
1,0,0,2,1,1,1,1,0,1,1,2,1,5
0,0,0,3,1,2,2,3,5,12,1,2,4,2
1,1,1,1,2,2,1,1,0,0,0,0,0,0
1,1,0,1,2,1,3,4,0,0,0,0,0,0
1,1,0,1,1,1,0,3,1,1,0,0,0,0
0,0,0,1,1,3,1,2,0,0,0,0,0,0
1,0,1,0,0,2,1,2,0,0,0,0,0,0
2,0,0,2,2,2,0,0,2,3,0,0,0,0
0,0,0,2,1,2,1,0,0,0,0,0,0,0
2,0,3,3,2,1,1,5,0,5,0,0,0,0
1,0,0,3,0,1,1,2,1,1,0,0,0,0
0,2,1,2,1,1,5,1,1,1,0,0,0,0
2,1,0,2,2,1,0,0,0,0,1,0,2,5
0,2,1,3,0,0,0,0,0,0,0,0,0,0
1,0,0,0,4,2,0,0,1,3,0,0,0,5
1,0,1,1,2,1,0,0,0,0,0,0,0,0
0,1,2,0,2,1,3,2,0,0,0,0,0,0
1,0,0,0,0,1,2,2,0,0,0,0,0,0
3,1,1,0,1,3,0,0,2,1,1,1,3,7
0,0,0,0,2,1,3,1,0,0,0,0,0,0
1,0,0,3,1,2,0,0,0,0,0,0,0,0
0,2,1,2,3,2,0,4,2,1,0,0,0,0
3,6,4,9,18,10,4,9,8,12,3,3,5,22
1,0,1,1,0,0,0,1,0,2,0,0,1,11
7,0,3,1,3,3,2,2,2,2,0,0,0,0
0,0,0,1,2,3,0,0,0,0,0,0,0,0
0,1,0,0,1,2,1,1,0,0,0,0,0,0
4,0,4,7,10,14,4,9,6,5,2,2,1,4
8,4,2,8,10,2,2,5,2,5,3,1,4,5
0,1,1,0,4,2,0,0,0,0,0,0,0,0
2,1,0,0,0,2,1,3,0,0,0,0,0,0
0,1,0,1,0,0,1,0,2,1,2,1,1,1
3,2,1,1,2,3,0,1,1,4,0,0,0,0
1,2,2,2,6,2,1,0,4,2,1,0,0,5
3,0,3,4,2,2,2,4,1,2,0,0,0,0
1,0,0,0,3,1,2,0,0,0,0,0,0,0
1,0,1,0,1,1,0,2,1,3,0,0,0,0
1,2,0,4,5,0,2,6,2,3,0,0,0,0
1,0,2,0,0,0,0,0,0,1,0,0,3,8
2,1,2,0,1,2,1,1,0,5,0,0,0,0
1,0,0,1,1,2,0,3,2,2,0,0,0,0
1,3,2,3,1,4,0,5,2,7,0,3,1,3
4,1,4,3,8,6,3,6,2,8,2,1,1,4
2,1,1,0,2,3,0,0,0,0,0,0,0,0
0,1,0,1,1,2,0,2,1,3,1,0,1,5
4,1,0,1,2,0,0,1,0,0,1,4,0,5
1,0,0,0,2,3,1,3,0,0,0,0,0,0
1,0,0,3,3,3,0,1,0,1,3,1,2,5
0,0,1,0,0,1,0,1,2,0,0,2,4,3
2,0,1,2,2,7,2,3,1,5,2,1,1,2
0,0,0,2,1,2,0,0,0,0,0,0,0,0
0,0,1,0,2,1,1,1,0,0,0,0,0,0
2,0,2,2,1,2,0,0,0,0,0,0,0,0
3,1,0,0,0,2,0,2,1,4,2,0,0,5
0,0,1,1,1,3,0,0,0,0,0,0,0,0
2,0,0,0,2,1,1,2,0,0,0,0,0,0
0,1,0,1,0,2,2,1,0,0,0,0,0,0
0,1,1,0,0,0,1,0,0,1,1,1,2,4
1,2,1,5,4,6,0,5,0,7,0,0,0,0
2,1,1,2,3,1,4,1,0,0,0,0,0,0
1,0,0,0,0,0,2,1,1,7,0,0,0,0
1,0,0,2,1,2,2,0,0,0,0,0,0,0
0,0,1,1,1,2,1,4,2,4,0,1,1,7
0,0,0,0,0,0,0,0,0,0,0,0,2,9
1,1,1,0,3,2,2,0,0,5,0,0,0,0
0,0,1,3,0,0,1,4,0,0,0,0,0,0
0,1,1,4,3,4,0,0,0,0,0,0,0,0
2,3,4,0,0,3,2,2,0,0,0,0,0,0
1,0,1,0,3,1,1,1,0,0,0,0,0,0
2,0,0,2,2,2,2,2,0,0,0,0,0,0
3,2,0,0,0,0,0,0,0,0,0,0,0,0
0,1,0,0,0,1,0,1,3,3,0,0,0,0
0,0,0,0,2,0,0,0,0,7,2,1,1,3
0,1,1,0,2,2,1,1,1,1,1,2,3,9
1,1,0,0,1,1,4,1,0,0,0,0,0,0
1,0,0,1,2,0,1,1,1,1,1,1,2,2
2,2,0,1,2,1,1,1,0,0,0,0,0,0
1,0,0,2,2,2,0,0,0,0,0,0,0,0
0,0,0,1,2,0,0,1,1,3,1,1,1,2
0,0,0,0,1,1,2,1,0,0,0,0,0,0
0,0,0,0,0,0,2,1,2,2,0,0,0,0
5,2,0,0,0,4,1,2,0,0,0,0,0,0
8,4,3,3,11,9,8,11,6,10,2,3,4,7
0,0,0,0,0,0,0,0,0,0,0,2,1,7
0,0,0,0,2,0,0,2,1,2,0,0,0,0
1,0,0,0,2,2,2,0,0,0,0,0,0,0
1,1,1,1,1,2,0,0,0,0,0,0,0,0
0,1,0,0,2,1,0,1,2,2,0,0,0,0
2,0,0,0,0,3,0,1,2,4,2,1,2,2
0,0,0,1,0,0,3,2,0,0,0,0,0,0
2,2,5,6,6,4,1,7,2,5,2,4,0,5
0,0,0,1,2,2,0,0,0,0,0,0,0,0
3,1,1,1,5,3,0,0,0,0,0,0,0,0
0,1,0,1,3,1,1,1,1,2,0,0,0,0
4,1,1,2,2,4,1,3,0,0,0,0,0,0
0,0,0,2,1,1,1,2,3,3,0,0,0,0
0,1,1,1,0,3,3,2,0,0,0,0,0,0
1,0,0,1,1,4,0,4,2,2,0,0,0,0
5,0,2,4,5,6,3,2,4,5,1,4,0,5
1,1,1,1,1,3,0,2,1,3,3,0,2,4
0,0,0,1,3,3,2,4,2,0,1,2,1,10
5,3,3,7,8,5,6,7,1,8,2,3,5,3
2,2,1,0,0,0,0,0,0,0,0,0,0,0
8,2,3,4,6,4,2,2,2,7,4,0,3,3
1,1,0,3,2,4,0,0,0,0,0,0,0,0
5,0,1,5,3,5,2,8,6,10,4,2,2,7
1,0,0,1,1,1,1,1,0,0,0,0,0,0
0,0,0,0,0,1,0,0,0,1,0,0,2,3
1,0,0,1,2,1,0,2,1,2,0,0,0,0
3,3,3,6,8,11,7,4,4,8,1,5,1,4
3,1,1,3,2,4,1,2,2,3,0,0,0,0
0,0,1,2,3,4,0,0,0,0,0,0,0,0
0,0,2,0,1,1,1,0,0,2,0,0,0,5
1,2,3,0,0,0,0,0,0,0,0,0,0,0
0,0,0,2,1,3,1,1,0,0,0,0,0,0
9,5,6,9,22,21,10,14,10,16,4,6,7,5
0,2,1,1,1,2,0,0,0,0,0,0,0,0
0,0,1,0,0,2,0,3,2,3,0,0,0,0
3,1,0,1,3,0,3,4,1,4,0,0,2,3
1,0,2,2,1,5,0,1,2,2,0,0,0,0
3,3,2,5,2,9,2,4,6,3,5,2,2,4
3,1,0,0,3,4,0,0,0,0,0,0,0,0
1,2,0,1,3,1,1,1,0,0,0,0,0,0
5,1,3,1,4,2,4,2,1,4,0,0,0,0
0,0,0,1,1,1,1,1,1,2,0,0,0,0
0,1,0,0,0,0,0,0,2,3,0,0,0,0
4,0,1,1,1,1,1,2,3,2,1,0,1,6
2,1,0,1,0,2,1,3,0,0,0,0,0,0
1,1,0,3,1,3,1,2,0,0,0,0,0,0
5,1,0,1,6,2,2,1,0,4,1,1,1,1
0,0,0,0,0,0,0,0,0,0,0,0,0,5
1,0,0,0,3,1,1,1,0,0,0,0,0,0
0,0,2,2,3,0,0,0,0,0,0,0,0,0
0,1,0,0,1,0,1,0,2,4,0,0,0,0
1,1,0,2,2,5,1,1,1,4,0,0,0,0
1,1,2,3,2,2,2,1,1,2,2,1,5,3
2,2,1,3,4,0,0,2,1,3,0,0,0,0
1,1,2,1,2,2,0,0,0,1,1,1,1,1
0,0,0,0,0,0,0,0,0,1,0,1,3,7
5,3,4,0,2,4,0,0,0,0,0,0,0,0
5,0,1,2,6,2,1,1,1,3,0,0,0,0
0,0,1,0,4,1,1,3,1,2,0,0,0,0
0,0,0,0,0,0,1,1,2,1,0,0,0,0
1,2,0,1,2,2,2,2,0,0,0,0,0,0
0,0,0,0,1,0,0,0,0,1,0,0,1,9
2,0,0,1,1,1,1,1,0,0,0,0,0,0
10,3,9,7,11,16,4,8,9,8,8,2,3,3
1,1,0,2,1,1,1,1,2,2,0,0,0,0
1,2,0,3,1,5,0,0,0,0,0,0,0,0
0,0,1,3,5,3,1,0,3,2,0,0,0,0
1,0,0,0,3,1,2,1,0,0,0,0,0,0
1,0,0,3,1,1,0,2,1,2,0,0,0,0
0,2,1,4,1,4,2,1,2,3,0,0,0,0
2,0,0,1,2,2,1,1,2,2,0,0,0,0
1,0,1,2,5,6,1,2,3,1,0,0,0,0
1,0,1,1,0,2,1,1,1,1,0,0,0,0
0,0,0,0,1,1,0,3,0,6,3,4,2,2
0,0,1,0,2,2,1,1,2,1,0,0,0,0
0,0,0,2,1,2,1,9,5,4,0,3,4,7
3,0,1,5,5,3,1,4,2,2,0,0,0,0
0,2,0,3,2,2,0,0,0,0,0,0,0,0
0,1,0,0,0,0,0,0,0,1,0,1,4,3
4,0,1,1,3,4,1,0,2,3,0,2,2,5
1,1,1,2,0,0,0,0,0,0,0,0,0,0
2,0,3,2,1,3,1,0,0,3,2,1,3,1
1,0,0,2,2,1,0,0,0,0,0,0,0,0
2,0,2,0,5,5,1,1,2,2,0,0,0,0
0,0,0,0,0,0,0,1,1,1,0,1,2,3
4,1,0,0,0,0,0,0,0,0,0,0,0,0
0,2,1,1,0,1,0,3,1,4,0,0,0,0
0,0,1,2,2,1,0,0,0,0,0,0,0,0
2,1,3,2,10,11,0,5,4,13,6,5,6,4
0,0,1,2,1,1,0,0,0,0,0,0,0,0
2,1,0,0,0,0,1,2,3,1,0,0,0,0
0,1,1,0,1,4,0,0,0,0,0,0,0,0
1,0,0,0,0,1,1,3,3,5,4,1,2,3
1,0,0,0,5,0,0,0,0,0,0,0,0,0
0,0,0,1,1,2,1,1,4,6,0,2,1,5
0,0,2,1,2,1,0,1,1,6,0,0,0,0
0,0,0,1,1,1,1,2,0,0,0,0,0,0
1,0,3,2,5,4,4,1,3,3,0,0,0,0
0,0,1,2,1,3,1,2,0,0,0,0,0,0
0,0,0,0,1,0,0,1,1,3,2,0,5,2
1,1,1,1,2,3,0,0,0,1,0,0,3,2
4,1,0,0,0,0,0,0,0,0,0,0,0,0
0,0,1,1,5,1,1,1,1,1,0,0,0,0
2,0,0,2,4,3,0,0,0,0,0,0,0,0
1,1,1,1,2,0,0,0,0,0,0,0,0,0
0,0,0,0,2,3,2,3,3,1,0,0,0,0
0,1,0,2,3,2,2,2,0,0,1,0,1,7
2,0,1,4,5,3,0,2,1,2,0,0,0,0
1,0,0,1,1,3,2,3,4,6,2,0,3,4
3,1,0,0,4,4,2,1,0,0,0,0,0,0
2,0,0,1,2,2,0,2,1,2,0,0,0,0
1,0,0,0,0,0,0,2,2,2,0,0,0,0
2,1,0,0,2,3,0,0,0,0,0,0,0,0
0,1,2,2,0,0,0,0,0,0,0,0,0,0
0,1,0,3,1,3,2,1,0,0,0,0,0,0
1,0,0,2,3,1,0,2,2,2,0,2,1,2
1,1,0,0,3,2,0,0,0,0,0,0,0,0
0,1,0,0,0,2,1,2,0,0,0,0,0,0
9,2,1,4,9,9,2,12,3,8,1,5,10,24
0,2,3,1,2,3,0,0,1,1,1,1,2,8
3,0,1,4,1,1,0,0,0,0,0,0,0,0
2,3,0,1,0,3,0,3,1,3,0,0,0,0
1,3,2,1,5,2,4,3,3,2,0,0,0,0
3,2,0,3,5,1,4,1,3,2,0,1,2,2
2,0,1,0,3,2,0,0,0,0,0,0,0,0
0,0,0,1,4,0,0,0,0,0,0,0,0,0
0,2,1,0,3,2,0,0,0,0,0,0,0,0
4,2,4,4,6,2,1,1,1,2,0,0,0,0
0,0,1,0,2,2,1,1,1,2,0,0,0,0
1,0,0,3,1,2,1,0,1,6,0,0,0,0
0,0,0,0,1,0,0,1,0,1,1,3,7,15
0,0,0,0,0,0,0,0,0,0,0,0,0,5
0,0,0,0,0,0,1,0,0,5,0,0,0,0
5,3,2,5,10,10,13,17,10,30,10,10,13,12
2,2,2,3,4,7,4,5,1,0,0,2,5,3
2,1,0,1,0,3,0,0,1,4,0,0,0,0
0,0,0,0,2,3,0,0,0,0,0,0,0,0
1,0,0,1,1,4,0,0,0,0,0,0,0,0
1,0,1,1,2,2,0,0,0,0,0,0,0,0
0,0,0,1,1,1,0,2,5,1,0,0,0,0
1,1,1,0,0,1,1,2,2,3,0,0,0,0
1,0,1,2,2,0,0,0,0,0,0,0,0,0
1,2,0,2,3,1,3,1,1,4,0,3,3,8
1,0,1,3,3,8,2,5,11,11,5,0,4,3
2,1,1,2,1,2,1,3,1,2,0,0,0,0
1,1,2,1,1,2,0,0,0,0,0,0,0,0
1,0,0,2,3,2,0,0,0,0,0,0,0,0
2,0,0,0,4,1,0,0,0,0,0,0,0,0
0,2,0,1,1,1,1,1,1,2,0,0,0,0
1,0,2,2,2,2,2,2,2,2,0,0,0,0
0,0,2,2,2,1,4,0,0,0,0,0,0,0
0,0,0,2,1,0,0,2,1,5,0,0,0,0
0,0,0,3,1,0,0,0,2,3,0,0,0,0
1,1,0,1,3,3,1,2,1,3,0,0,0,0
2,2,2,1,2,2,1,0,2,5,0,4,1,1
5,0,1,2,4,3,2,1,2,3,0,0,0,0
0,0,2,1,4,2,1,2,1,2,0,1,3,2
2,1,1,1,1,0,0,0,0,0,0,0,0,0
0,0,0,1,2,0,1,2,3,0,2,3,3,3
2,0,1,1,3,3,1,1,2,1,0,0,0,0
0,1,1,0,1,2,1,2,1,2,0,0,0,0
1,1,2,2,1,1,1,0,2,3,1,1,1,2
2,0,0,3,2,3,0,0,0,0,0,0,0,0
3,1,1,1,1,4,1,2,1,5,0,0,0,0
2,1,1,3,2,3,2,2,0,0,0,0,0,0
0,0,0,0,0,0,0,2,1,2,0,0,0,0
0,0,1,1,0,3,1,3,1,3,0,0,0,0
1,1,0,0,2,1,1,1,0,0,0,0,0,0
0,1,0,2,2,1,0,5,0,0,0,0,0,0
0,0,0,1,0,2,2,2,2,4,0,0,0,0
2,0,2,1,5,7,0,2,1,5,0,1,3,3
1,0,1,0,0,1,1,1,1,1,0,0,0,0
0,2,2,3,2,5,1,3,4,9,1,4,6,9
1,0,2,1,2,3,1,1,0,0,0,0,0,0
0,0,1,1,2,1,0,0,0,0,0,0,0,0
7,4,3,13,7,5,2,10,3,11,2,2,2,7
2,0,1,1,1,2,2,1,1,0,0,1,3,3
6,2,3,6,2,4,4,6,4,3,4,1,1,8
2,0,1,2,6,6,2,4,7,8,5,4,5,10
0,0,0,0,2,2,1,2,2,1,0,0,0,0
0,0,0,0,1,0,0,1,2,3,0,0,0,0
2,0,1,2,2,3,1,1,0,0,0,0,0,0
0,1,2,1,2,1,0,0,0,0,0,0,0,0
0,0,0,0,0,2,0,0,2,2,1,5,4,11
1,0,0,0,0,1,1,2,1,1,0,0,0,0
2,0,1,1,1,7,2,0,0,0,0,0,0,0
1,3,1,2,4,3,0,0,0,0,0,0,0,0
1,1,0,2,4,4,0,0,0,0,0,0,0,0
1,0,1,0,3,5,1,7,1,4,4,1,2,4
2,2,0,2,1,2,1,2,3,3,1,1,1,3
4,0,3,5,0,2,2,1,0,0,0,0,0,0
1,0,1,0,1,1,1,1,2,2,0,0,0,0
0,0,1,2,1,2,1,1,0,0,0,0,0,0
1,1,2,2,2,1,1,4,2,4,0,0,0,0
0,1,0,0,1,0,1,1,1,2,0,0,0,0
0,0,0,0,2,0,1,1,0,0,2,2,1,2
4,3,1,5,0,3,2,0,1,4,1,4,4,3
0,0,0,1,1,3,2,2,1,2,0,0,0,0
0,0,0,0,3,0,1,1,1,2,0,0,0,0
0,2,0,0,0,1,0,1,1,3,0,0,0,0
1,2,1,1,2,2,0,0,0,0,0,0,0,0
0,1,2,3,1,1,0,3,3,2,0,0,0,0
1,0,0,0,2,2,2,1,0,0,0,0,0,0
0,1,2,1,1,6,4,4,0,0,0,0,0,0
1,1,1,2,2,1,1,1,2,2,0,0,0,0
1,1,1,1,2,1,0,0,1,3,0,1,2,2
0,0,1,3,1,4,0,0,0,0,0,0,0,0
0,0,0,0,0,1,0,0,0,0,0,2,1,7
8,7,3,7,10,18,5,12,4,14,3,2,4,5
0,1,0,5,0,0,0,0,0,0,0,0,0,0
0,0,0,0,0,0,1,0,0,0,0,0,0,8
0,1,1,3,2,2,0,0,0,0,0,0,0,0
0,0,0,0,3,2,0,0,0,0,0,0,0,0
6,1,3,6,4,9,0,13,4,4,3,1,1,1
2,1,0,1,1,4,0,0,0,0,0,0,0,0
0,0,1,1,2,1,1,1,1,2,0,0,0,0
1,0,0,4,5,2,2,2,2,4,2,2,2,2
0,0,0,0,0,10,0,0,0,0,0,0,0,0
1,0,0,2,1,4,1,2,2,1,0,0,0,0
0,0,0,0,0,2,3,4,0,0,0,0,0,0
1,0,0,0,0,0,0,0,0,1,1,2,1,11
0,1,2,1,1,1,0,0,0,0,0,0,0,0
0,0,1,1,0,3,2,1,0,0,0,0,0,0
1,2,1,0,2,1,1,1,0,0,0,0,0,0
1,0,1,1,3,5,0,2,1,2,0,0,0,0
1,1,0,0,3,2,1,5,1,4,0,0,0,0
6,4,1,6,8,5,3,3,4,8,5,3,3,4
2,1,1,2,2,2,2,3,0,0,0,0,0,0
0,0,0,0,0,0,0,0,0,0,0,0,1,10
0,1,0,0,1,1,0,2,1,3,0,0,0,0
1,0,1,5,1,1,1,2,0,0,0,0,0,0
0,1,0,1,1,3,0,0,0,0,0,0,0,0
1,1,1,2,0,1,3,0,2,3,0,0,0,0
0,0,1,0,0,0,0,0,1,0,0,1,0,5
2,4,1,2,3,0,2,8,4,2,0,0,0,0
1,0,1,5,2,3,2,4,0,1,0,0,3,2
0,0,0,0,0,0,0,0,0,0,0,0,0,9
0,0,0,1,1,2,2,1,2,2,0,0,0,0
1,2,1,0,2,1,1,1,1,1,0,0,0,0
2,1,2,3,2,2,1,5,3,5,2,3,2,19
0,0,0,0,0,1,0,0,2,3,1,0,3,6
0,0,0,0,0,1,5,3,0,0,0,0,0,0
3,0,0,1,1,0,0,2,1,3,0,0,0,0
1,0,0,2,0,1,1,3,4,5,3,2,2,9
1,2,2,0,6,2,2,2,0,0,0,0,0,0
0,0,0,0,1,4,0,0,0,0,0,0,0,0
0,0,0,0,0,0,0,0,1,2,0,0,1,4
0,0,0,0,2,0,3,4,3,1,0,2,1,4
1,3,0,1,0,1,1,4,2,4,0,0,3,6
2,0,1,0,2,1,3,0,0,4,0,2,0,6
0,0,1,4,0,2,1,3,0,0,0,0,0,0
0,0,0,2,4,0,0,0,0,0,0,0,0,0
1,2,1,5,2,3,3,3,0,0,0,0,0,0
0,0,0,2,4,1,0,0,0,0,0,0,0,0
0,0,0,3,1,0,0,0,1,3,2,5,2,5
1,0,1,2,9,7,2,5,2,5,2,3,5,4
1,0,1,0,2,2,0,3,1,4,2,1,1,1
1,3,1,0,1,1,1,1,1,3,1,3,3,13
4,0,1,1,1,1,0,0,1,2,2,1,1,3
1,0,2,1,1,1,0,0,0,0,0,0,0,0
1,1,2,5,4,3,2,9,2,6,1,3,1,7
0,0,1,2,4,0,0,2,0,6,0,0,0,0
1,1,0,0,0,3,1,4,0,2,0,1,2,2
4,1,1,2,4,4,0,0,0,0,0,0,0,0
1,0,0,1,0,2,2,3,0,0,0,0,0,0
3,3,2,5,5,10,3,5,6,7,3,4,6,6
1,0,1,0,2,0,4,1,0,0,0,0,0,0
0,0,0,0,0,0,0,0,0,1,0,1,3,10
1,0,1,1,2,1,0,0,0,0,0,0,0,0
0,1,0,2,1,3,0,0,0,0,0,0,0,0
1,1,0,0,2,1,2,2,0,0,0,0,0,0
0,0,1,0,1,3,1,2,0,0,0,0,0,0
0,3,0,2,4,0,0,0,0,0,0,0,0,0
1,0,1,0,2,4,5,4,0,10,2,2,2,6
1,0,0,3,0,3,2,3,1,6,1,1,1,5
2,2,1,1,1,1,0,2,3,2,0,0,0,0
3,0,0,0,4,1,0,0,0,0,0,0,0,0
0,0,0,1,1,1,1,1,1,1,0,0,0,0
0,0,0,0,2,0,0,1,2,3,0,0,0,0
1,1,0,1,4,2,0,0,0,0,0,0,0,0
0,0,0,0,1,2,1,1,0,0,0,0,0,0
2,2,2,1,1,1,2,0,0,0,0,0,0,0
2,0,0,1,2,2,1,2,0,0,0,0,0,0
1,2,0,1,1,4,1,1,1,3,0,0,0,0
4,1,6,7,12,6,2,8,3,5,5,3,2,3
1,0,0,1,1,4,0,0,0,0,0,0,0,0
0,0,0,0,0,1,1,2,1,3,0,0,0,0
10,5,4,6,11,12,5,8,9,10,2,4,5,7
0,0,1,1,0,2,0,1,2,4,0,0,0,0
2,1,1,2,0,0,0,0,0,0,0,0,0,0
0,0,0,0,0,1,3,2,1,1,0,0,0,0
0,1,0,1,1,3,0,1,1,1,0,0,0,7
4,0,1,2,0,3,1,1,0,0,0,0,0,0
6,3,2,2,5,5,2,2,3,7,2,2,1,1
1,0,1,1,1,3,0,0,0,0,0,0,0,0
0,1,1,2,1,1,0,0,0,0,0,0,0,0
1,3,2,1,3,0,0,0,0,2,3,0,3,4
3,0,2,1,6,4,1,1,0,0,0,0,0,0
0,0,2,0,0,2,1,2,0,0,0,0,0,0
2,0,0,1,1,3,0,0,0,0,0,0,0,0
3,0,0,0,1,1,1,2,0,0,0,0,0,0
3,0,1,5,2,1,0,2,1,0,1,1,2,1
0,0,0,0,0,2,2,2,0,0,0,1,1,4
1,0,1,2,1,3,0,2,0,3,2,1,1,3
0,0,0,0,2,3,0,0,0,0,0,0,0,0
0,0,0,3,0,2,0,5,0,0,0,0,0,0
1,1,0,0,0,0,0,2,0,0,1,0,2,4
1,0,1,0,0,2,0,1,2,3,0,0,0,0
1,0,1,1,1,4,0,2,0,2,2,1,2,1
1,0,0,3,3,2,0,0,0,0,0,0,0,0
1,1,0,3,1,0,1,1,0,5,0,0,0,0
2,0,1,2,5,5,1,4,1,5,0,1,3,1
0,0,0,0,0,5,0,0,0,0,0,0,0,0
3,2,1,0,2,0,1,0,2,1,0,0,1,4
0,1,0,1,1,4,2,0,0,0,0,0,0,0
0,1,1,1,1,3,1,1,0,0,0,0,0,0
0,0,0,1,0,2,1,1,1,2,0,0,0,0
1,0,0,0,0,0,0,1,0,2,1,0,3,5
2,0,0,2,1,2,1,0,0,0,0,0,0,0
4,0,0,1,3,1,3,0,1,6,0,0,0,0
2,0,0,1,5,2,2,1,1,1,0,0,0,0
2,1,1,1,1,1,2,2,0,0,0,0,0,0
0,0,0,0,0,0,0,2,1,1,0,2,4,6
1,0,0,1,2,2,0,0,0,0,0,0,0,0
0,0,1,2,3,0,1,0,1,5,2,2,4,2
0,0,1,2,1,1,0,0,0,0,0,0,0,0
0,1,1,2,1,6,0,0,0,0,0,0,0,0
0,0,0,0,3,2,1,0,0,0,0,0,0,0
0,0,0,0,1,0,2,0,0,1,2,1,1,4
1,1,0,2,1,0,1,1,1,2,0,0,0,0
3,1,1,1,0,2,0,0,4,3,0,0,0,0
1,0,1,3,5,3,1,1,0,2,0,1,1,3
0,0,2,1,2,1,0,0,0,0,0,0,0,0
15,3,9,11,17,12,7,9,7,6,1,3,1,9
1,1,2,2,1,2,2,1,1,2,0,0,0,0
3,0,0,2,1,0,3,2,0,0,0,0,0,0
2,2,1,1,1,1,1,0,0,0,0,0,0,0
1,0,1,4,2,5,1,3,3,2,0,1,1,3
2,0,1,0,3,1,2,4,1,1,0,0,0,0
4,0,1,1,4,3,1,3,0,0,0,0,0,0
1,0,0,0,4,2,0,2,0,0,2,1,1,2
2,0,1,3,1,1,2,0,0,0,0,0,0,0
0,1,1,0,1,1,0,4,6,4,0,2,1,5
2,1,0,0,3,1,1,1,1,1,0,0,0,0
0,0,1,1,1,1,2,1,0,0,0,0,0,0
0,1,0,0,1,2,1,3,2,1,1,1,2,3
0,0,0,0,2,4,1,4,0,0,0,0,0,0
1,0,0,2,1,2,0,0,0,0,0,0,0,0
4,1,1,6,3,8,2,2,4,2,1,0,4,7
0,0,1,0,3,0,0,4,4,3,2,2,1,1
0,0,0,0,3,2,0,0,0,0,0,0,0,0
2,2,1,2,1,0,1,4,0,7,1,0,1,5
0,0,1,0,4,4,1,1,0,0,0,0,0,0
2,0,0,2,2,2,0,0,0,0,0,0,0,0
2,0,2,1,1,2,0,0,0,0,0,0,0,0
0,1,0,0,1,0,0,0,0,1,0,3,1,2
0,1,1,0,0,4,0,1,0,3,0,1,1,3
1,1,1,1,2,2,0,2,0,3,1,1,2,12
0,0,0,1,1,0,0,0,0,0,0,2,2,5
1,1,2,2,2,2,0,0,1,0,0,2,2,2
1,1,0,1,1,1,1,1,2,6,0,2,2,8
1,0,0,1,1,1,1,2,3,3,0,0,0,0
1,0,3,2,2,0,0,1,1,0,2,1,1,3
1,0,3,1,4,0,0,3,3,2,0,0,1,4
3,1,1,1,1,1,0,2,0,2,3,1,1,2
0,0,0,0,0,2,1,3,1,1,0,0,0,0
0,0,0,1,1,3,0,0,0,0,0,0,0,0
2,0,0,1,3,4,1,1,2,5,0,0,0,0
0,0,1,1,1,2,0,4,1,1,1,0,9,7
0,0,0,1,0,0,0,1,1,3,0,0,0,0
2,0,1,2,0,2,2,1,0,5,0,0,0,0
2,2,2,2,3,1,2,2,7,3,1,1,3,1
2,4,0,2,7,2,1,2,2,1,1,0,1,4
1,0,1,0,3,6,1,2,0,0,0,0,0,0
0,0,0,1,1,0,0,0,1,4,0,0,0,0
1,1,1,1,2,1,0,0,3,1,0,1,2,3
3,1,1,0,0,0,0,0,0,0,0,0,0,0
0,0,0,1,0,1,3,3,0,0,0,0,0,0
1,1,1,1,1,1,0,0,0,0,0,0,0,0
1,0,0,2,0,1,1,1,0,1,1,1,2,1
0,0,0,2,0,1,0,2,2,2,0,0,0,0
2,0,0,3,1,1,1,1,0,0,0,0,0,0
0,1,0,0,1,1,0,0,1,2,0,0,0,6
0,0,0,0,2,3,0,0,0,0,0,0,0,0
0,0,1,0,1,2,1,1,0,0,0,0,0,0
3,1,0,1,4,6,1,1,5,4,0,0,0,0
2,2,3,5,4,8,3,5,5,6,3,1,2,7
3,2,1,2,1,1,1,2,1,2,0,0,0,0
0,0,0,0,1,1,0,1,1,4,1,1,1,3
2,0,1,2,3,0,0,0,0,0,0,2,2,9
0,0,0,1,2,2,0,2,2,1,0,0,0,0
0,2,0,2,3,2,0,1,1,2,0,6,2,3
0,0,1,1,0,0,1,1,1,2,0,0,0,0
2,0,1,1,0,1,0,3,5,2,1,1,1,2
1,0,1,1,2,6,0,2,3,6,2,3,3,5
11,2,2,7,8,10,4,8,5,3,1,6,8,22
0,1,2,0,2,1,0,1,1,1,1,1,1,2
0,0,1,2,1,2,0,0,0,0,0,0,0,0
1,2,3,2,2,0,3,2,0,0,0,0,0,0
1,0,2,1,1,2,3,1,0,0,0,0,0,0
2,4,1,0,2,2,0,4,0,7,0,0,0,0
4,1,0,1,3,4,1,3,2,1,1,1,2,4
1,2,0,2,4,1,0,2,3,3,1,2,1,6
2,1,0,1,5,2,1,5,2,2,0,0,0,0
0,0,2,3,0,2,1,3,0,0,0,0,0,0
4,0,0,2,3,3,2,1,2,6,0,0,0,0
0,0,1,1,2,1,0,0,0,0,0,0,0,0
0,2,0,0,1,1,2,2,0,0,0,0,0,0
2,2,0,4,2,2,0,0,0,0,0,0,0,0
0,0,0,0,0,0,0,0,0,1,1,0,2,10
0,0,0,0,0,0,1,1,0,5,0,0,0,0
1,0,1,1,1,2,1,2,0,0,0,0,0,0
0,0,1,2,3,1,1,1,0,0,0,0,0,0
0,1,1,4,2,0,1,2,4,2,1,3,3,2
1,0,0,0,6,1,2,0,0,0,0,0,0,0
0,0,0,0,0,0,1,1,1,2,0,0,2,5
2,0,3,1,4,1,1,1,0,4,0,1,3,5
0,0,1,1,1,2,0,1,0,1,0,1,3,1
0,0,0,1,0,2,0,2,1,3,0,0,0,0
0,2,0,0,1,1,1,3,0,0,0,0,0,0
2,0,0,0,1,2,1,1,1,1,0,0,0,0
0,0,0,1,0,1,1,1,2,4,0,1,3,2
2,0,0,1,1,6,2,2,2,2,0,0,0,0
0,1,1,1,2,2,0,0,0,0,0,0,0,0
2,0,0,2,2,1,1,1,2,3,0,0,0,0
1,0,0,1,1,1,1,1,2,2,0,0,0,0
1,1,2,1,1,3,1,1,0,0,0,0,0,0
0,1,0,1,2,3,4,3,1,3,0,1,1,5
1,0,0,0,2,5,3,0,0,0,0,0,0,0
0,0,0,2,2,0,0,2,1,2,0,0,0,0
1,0,0,4,0,1,0,1,2,3,0,0,0,0
0,1,2,1,1,1,0,0,0,0,0,0,0,0
1,0,2,4,1,4,1,1,0,0,0,0,0,0
4,1,3,6,4,3,4,2,2,2,0,0,0,0
0,0,0,0,0,1,0,3,1,2,0,0,0,0
0,0,0,0,0,0,0,2,0,0,1,2,4,4
0,0,0,0,1,0,0,0,3,2,0,0,0,0
3,1,0,1,0,3,1,2,0,1,0,2,0,6
0,1,0,1,1,1,1,1,1,1,0,0,0,0
1,1,6,0,3,3,0,2,1,1,0,1,2,2
0,0,0,4,2,2,3,5,2,9,3,2,3,4
1,0,2,0,2,3,0,0,0,0,0,0,0,0
0,0,0,2,2,2,1,0,0,0,0,0,0,0
3,1,0,0,3,1,1,0,1,3,0,1,0,5
1,1,0,2,1,2,0,2,1,2,0,2,3,1
0,0,0,0,0,0,0,0,0,0,1,0,4,1
0,0,0,2,1,3,1,3,0,0,0,0,0,0
11,5,10,12,12,12,2,16,9,19,2,5,9,20
2,1,3,5,5,5,1,1,2,1,0,0,0,0
1,0,0,2,0,2,1,0,0,2,0,1,2,2
0,1,3,1,4,2,0,1,1,5,0,0,0,0
3,1,0,1,4,1,1,2,1,3,0,0,0,0
2,4,1,1,0,2,1,3,1,1,0,0,0,0
0,0,0,1,3,1,0,0,0,0,0,0,0,0
0,0,1,1,6,1,1,2,4,6,0,2,2,3
0,0,0,0,0,0,1,0,0,0,0,0,4,7
1,0,2,1,5,3,1,10,8,17,2,2,4,8
0,0,3,1,4,1,0,2,2,1,0,1,2,2
1,0,0,1,2,5,0,0,0,0,0,0,0,0
1,2,1,1,3,3,0,0,0,0,0,0,0,0
0,1,1,1,1,2,1,1,0,0,0,0,0,0
0,0,0,2,1,3,0,0,0,3,2,1,1,5
0,1,0,0,1,1,0,2,1,2,0,0,3,2
0,0,1,1,1,1,1,2,0,3,0,2,2,1
2,0,0,1,2,1,1,0,0,0,0,0,0,0
0,0,2,2,1,2,2,1,1,2,0,0,0,0
0,0,1,1,1,2,0,0,0,0,0,0,0,0
0,0,0,2,2,4,1,1,3,4,2,3,1,14
2,0,1,9,4,4,0,6,3,4,0,0,0,0
1,1,0,0,1,1,0,1,3,1,0,0,0,0
1,0,0,0,4,2,0,0,0,0,0,0,0,0
0,0,0,0,1,2,1,1,0,0,0,0,0,0
4,0,0,1,2,2,0,1,1,4,0,0,0,0
1,1,1,0,2,1,1,2,0,0,0,0,0,0
0,0,0,0,4,2,0,0,0,0,0,0,0,0
0,0,0,1,1,4,1,1,0,0,0,0,0,0
0,0,1,2,2,3,0,0,0,0,0,0,0,0
0,0,0,0,2,2,0,2,1,2,0,0,0,0
0,0,1,2,1,1,0,0,0,0,0,0,0,0
0,0,0,0,0,0,0,0,0,0,0,1,1,3
1,0,0,0,1,3,1,1,0,0,0,0,0,0
0,0,0,1,1,0,0,3,1,1,0,0,0,0
0,2,0,1,2,1,2,0,0,0,0,0,0,0
1,0,1,3,1,1,0,3,1,3,0,0,0,0
2,0,1,1,0,0,3,3,4,5,0,2,3,3
2,2,1,1,1,1,0,0,0,0,0,0,0,0
2,1,1,1,0,0,0,3,1,1,0,0,0,0
0,0,0,0,3,1,1,0,0,0,0,0,0,0
1,0,1,1,1,1,0,0,3,3,0,0,0,0
0,1,1,0,1,3,1,2,0,0,0,0,0,0
2,1,0,4,1,0,1,3,0,5,0,0,0,0
1,1,0,0,1,1,1,2,0,0,0,0,0,0
0,1,0,1,1,1,0,1,2,0,0,1,3,3
0,0,0,1,0,3,0,2,1,2,0,0,0,0
1,1,0,3,2,1,0,0,0,0,0,0,0,0
1,2,1,2,3,2,1,2,1,4,0,0,0,0
0,0,0,2,1,3,0,0,0,0,0,0,0,0
1,0,2,0,5,0,0,0,0,0,0,0,0,0
0,1,0,0,3,2,0,0,0,0,0,0,0,0
0,1,0,0,1,1,2,3,0,0,0,0,0,0
1,0,1,0,1,3,1,2,1,3,0,3,1,2
1,1,1,2,1,0,1,1,2,5,0,0,0,0
1,1,0,1,1,4,0,1,2,2,1,2,3,20
0,0,1,0,0,5,0,0,0,0,0,0,0,0
0,0,1,3,0,0,2,1,1,1,0,0,0,0
1,0,0,1,0,1,1,0,0,2,0,1,0,10
2,0,0,3,1,0,0,1,1,1,0,1,2,2
0,1,1,1,1,2,0,0,0,0,0,0,0,0
0,0,0,0,0,0,0,0,0,0,0,0,3,4
0,0,0,1,2,1,2,1,3,2,0,0,0,0
0,0,0,3,2,2,0,0,0,0,0,0,0,0
1,1,0,3,2,2,2,3,2,2,0,0,0,0
0,0,0,0,0,1,0,0,1,1,3,1,1,7
2,1,1,2,0,0,0,0,0,0,0,0,0,0
1,0,0,1,2,3,0,0,0,0,0,0,0,0
0,0,0,0,0,2,0,2,1,2,0,0,0,0
1,0,0,3,0,3,1,2,0,0,0,0,0,0
1,0,0,0,2,4,0,0,0,0,0,0,0,0
2,0,0,0,2,0,1,4,2,8,4,1,3,6
0,0,0,2,3,1,0,0,0,0,0,0,0,0
3,1,1,0,5,2,1,1,2,2,0,0,0,0
0,0,0,0,3,1,1,0,0,0,0,0,0,0
0,0,0,0,2,3,0,2,0,7,1,0,2,3
1,0,1,1,3,1,0,0,0,0,0,0,0,0
0,1,0,1,0,1,1,1,1,1,0,0,0,0
2,0,2,2,2,1,1,3,0,0,0,0,0,0
1,0,0,2,3,3,0,0,0,0,0,0,0,0
2,0,2,1,2,2,0,0,0,0,0,0,0,0
2,0,1,2,1,2,2,1,0,0,0,0,0,0
1,2,0,5,4,4,1,3,2,6,1,0,2,4
1,0,0,2,1,2,0,4,5,4,1,1,4,6
1,0,0,1,2,2,0,0,0,0,0,0,0,0
2,0,0,1,2,2,0,0,0,0,0,0,0,0
0,0,0,1,0,1,1,3,0,0,0,0,0,0
2,1,1,2,0,0,0,0,1,1,0,0,3,6
0,0,0,1,2,2,1,0,0,0,0,0,0,0
2,0,1,1,1,2,0,0,0,0,0,0,0,0
0,0,0,0,0,0,0,1,1,0,0,0,1,4
3,1,2,2,1,2,2,5,2,2,1,2,1,1
5,1,0,0,5,2,0,5,0,0,0,0,0,0
2,0,2,1,1,2,1,2,0,3,0,3,1,3
0,3,0,4,2,2,0,0,0,0,0,0,0,0
3,1,3,2,2,0,1,4,0,0,0,0,0,0
1,0,1,2,2,1,0,4,1,4,0,0,0,0
0,1,1,1,1,2,0,2,0,1,2,0,1,4
2,0,1,2,1,1,0,0,0,0,0,0,0,0
2,0,1,1,3,2,0,3,2,2,1,2,1,2
0,1,0,3,2,0,1,1,1,0,1,1,1,4
1,0,1,2,3,1,0,0,0,0,0,0,0,0
1,0,2,1,0,0,0,1,0,1,0,1,1,3
0,1,2,3,2,4,3,3,2,5,2,3,1,3
2,3,0,6,2,4,0,1,3,3,0,0,0,0
2,1,0,1,1,0,0,2,0,1,1,2,0,5
0,1,0,1,2,1,0,1,0,1,1,1,1,1
0,1,1,1,1,1,0,0,0,0,0,0,0,0
0,1,2,3,1,1,1,1,0,0,0,0,0,0
0,0,0,3,3,1,0,5,2,1,0,0,0,0
0,0,0,0,0,0,0,0,0,0,0,0,1,4
0,1,1,0,2,3,1,3,0,0,0,0,0,0
1,0,1,0,4,0,0,2,0,2,0,0,1,5
0,0,1,0,1,1,3,0,0,0,0,0,0,0
1,0,0,3,5,2,1,1,2,5,0,0,0,0
4,7,0,5,9,10,2,9,5,5,5,0,3,8
0,0,1,0,0,1,1,1,1,2,0,0,0,0
3,1,6,0,2,2,0,1,0,5,0,2,1,4
0,0,0,2,2,1,0,0,1,4,0,0,0,0
0,0,0,1,2,3,0,0,0,0,0,0,0,0
0,0,0,0,0,0,0,2,1,2,0,0,0,0
1,0,0,0,0,3,2,2,0,1,0,0,1,8
0,0,0,0,1,2,2,0,0,0,0,0,0,0
2,2,0,4,2,4,2,2,0,0,0,0,0,0
1,1,0,2,5,2,2,1,1,3,0,0,0,0
2,0,0,0,1,1,1,2,1,2,0,0,0,0
1,2,1,2,1,1,2,2,1,1,0,2,0,5
1,0,0,1,4,3,0,1,1,3,0,0,0,0
0,0,0,0,2,2,1,1,0,0,0,0,0,0
0,1,0,0,0,1,1,3,0,0,0,0,0,0
0,0,2,1,1,3,1,0,0,0,0,0,0,0
1,1,1,0,3,2,1,1,2,3,0,0,0,0
2,1,0,1,1,1,0,0,4,2,0,0,0,0
0,0,1,1,2,1,0,0,0,0,0,0,0,0
1,0,1,0,2,3,0,0,0,0,0,0,0,0
2,1,0,1,0,4,1,1,0,0,0,0,0,0
1,0,0,0,0,2,1,2,0,0,0,0,0,0
2,1,1,1,3,0,0,0,0,0,0,0,0,0
1,0,0,0,0,1,1,1,1,1,0,0,0,0
0,0,0,0,0,0,0,0,0,1,0,2,4,13
0,0,0,1,2,2,0,0,0,0,0,0,0,0
1,0,0,0,0,1,1,0,1,1,0,4,2,11
2,0,0,2,3,4,0,0,0,0,0,0,0,0
0,2,1,2,2,1,0,0,0,0,0,0,0,0
0,0,0,0,0,2,0,0,0,3,1,1,2,2
1,0,1,0,6,2,6,6,7,8,9,2,3,8
1,0,0,1,2,1,0,5,1,4,0,0,0,0
0,0,2,5,1,3,2,1,1,1,0,0,0,0
0,0,0,0,1,1,0,1,2,2,1,0,3,2
1,0,1,1,0,1,1,1,1,1,0,0,0,0
0,0,1,1,3,0,0,0,0,0,0,0,0,0
1,0,0,0,0,1,1,3,0,0,0,0,0,0
0,0,1,2,3,1,0,0,0,0,0,0,0,0
1,0,2,1,4,4,0,3,2,0,0,1,1,6
0,0,0,1,1,2,2,0,2,1,2,1,1,3
0,1,1,2,5,4,0,6,0,0,0,0,0,0
1,0,0,0,1,5,0,0,0,0,0,0,0,0
0,0,0,0,3,2,0,0,0,0,0,0,0,0
0,0,0,0,0,0,0,0,3,4,2,2,4,9
1,0,0,1,1,3,0,0,0,0,0,0,0,0
0,0,1,2,1,2,2,5,2,1,0,0,0,0
3,0,1,0,1,6,0,0,0,0,0,0,0,0
0,0,0,0,0,0,0,2,1,2,0,0,0,0
1,0,0,1,1,1,2,1,0,0,0,0,0,0
0,2,1,2,0,0,0,0,0,0,0,0,0,0
0,0,0,0,1,1,0,1,0,0,0,1,1,3
2,0,1,0,0,2,0,5,5,6,1,2,3,5
0,0,0,0,0,0,0,0,0,0,0,0,2,6
0,0,0,0,0,0,0,2,3,2,0,0,0,0
0,1,2,1,3,3,0,5,2,6,0,0,0,0
0,0,1,1,1,1,0,2,0,2,1,1,2,6
0,1,0,1,2,2,1,1,0,0,0,0,0,0
0,2,2,3,0,2,3,0,2,1,2,2,2,1
3,2,0,3,3,1,2,2,2,2,0,0,0,0
0,0,0,4,1,2,1,1,1,0,0,1,1,6
0,1,0,4,3,3,4,1,1,7,0,0,0,0
0,1,0,0,0,1,1,3,0,0,0,0,0,0
0,0,0,0,0,1,0,2,0,0,1,2,1,9
0,0,1,1,0,2,0,1,1,0,2,0,1,7
0,0,1,3,0,3,0,1,1,1,1,1,1,3
0,2,0,0,1,1,3,4,0,0,0,0,0,0
2,0,0,1,2,1,1,3,0,0,0,0,0,0
0,1,0,0,0,5,0,0,0,0,0,0,0,0
0,0,0,1,0,1,1,1,1,1,0,0,0,0
1,0,0,2,2,4,3,1,0,0,0,0,0,0
1,0,0,0,1,3,1,3,2,2,0,0,1,18
1,0,1,2,1,3,0,0,0,0,0,0,0,0
1,0,0,0,1,2,1,1,0,0,0,0,0,0
0,0,0,0,6,2,0,0,0,0,0,0,0,0
0,0,0,0,0,2,2,1,0,0,0,0,0,0
0,2,0,1,2,2,1,2,1,3,0,0,0,0
2,0,0,2,2,1,1,1,0,0,0,0,0,0
3,2,0,2,1,1,1,2,1,4,0,0,0,0
0,0,1,0,2,2,0,1,1,2,1,1,4,18
1,1,0,1,0,5,2,2,1,1,0,0,0,0
3,3,4,3,5,3,7,6,5,13,3,2,2,3
2,1,0,0,3,5,0,0,0,0,0,0,0,0
0,0,0,0,1,0,0,1,3,3,0,0,0,0
1,1,0,2,0,2,2,1,1,2,0,0,0,0
0,0,0,1,0,0,1,2,1,4,0,0,0,0
0,0,1,1,4,1,1,0,0,0,0,0,0,0
0,1,0,2,4,1,0,0,0,0,0,0,0,0
1,0,0,1,0,1,2,1,1,1,0,0,0,0
1,1,0,1,0,0,1,2,1,0,0,0,0,10
0,1,0,4,3,2,0,1,1,4,0,0,0,0
0,0,0,1,1,1,1,1,0,0,0,0,0,0
1,0,0,1,2,1,1,1,0,0,0,0,0,0
0,0,0,0,2,1,2,1,0,0,0,0,0,0
3,2,1,1,2,2,2,0,0,0,0,0,0,0
1,0,1,3,2,1,0,0,0,1,0,2,1,3
4,0,0,1,1,1,0,1,4,5,2,1,4,5
1,0,0,1,1,1,1,1,1,3,0,0,0,0
2,0,0,2,1,0,0,6,0,0,0,0,0,0
0,0,0,1,0,0,0,1,0,2,0,0,7,19
0,0,0,2,1,2,0,0,0,0,0,0,0,0
0,1,0,0,0,3,1,1,1,2,0,0,0,0
17,5,7,14,22,19,9,16,13,21,3,0,6,17
2,1,3,0,0,0,0,0,0,0,0,0,0,0
2,0,0,1,2,1,1,1,3,1,0,0,0,0
0,1,0,2,3,2,2,3,3,2,0,2,3,2
0,0,1,3,1,2,0,0,2,3,0,0,0,0
1,0,1,0,2,3,0,0,0,0,0,0,0,0
1,0,0,0,1,2,1,1,0,0,0,0,0,0
1,1,0,2,2,1,1,3,0,0,0,0,0,0
0,0,0,4,2,3,1,2,0,0,0,0,0,0
3,0,1,2,0,1,0,1,0,1,1,1,1,5
1,0,0,2,0,4,0,5,1,3,3,2,1,1
2,1,0,3,0,1,0,3,1,1,0,0,0,0
2,1,1,2,0,1,0,0,1,5,0,0,0,0
2,0,1,2,1,5,1,3,1,3,0,2,2,3
0,0,0,0,1,1,1,5,0,6,0,0,0,0
0,0,0,0,5,0,2,1,1,1,1,2,2,2
3,0,0,4,1,1,3,2,2,1,0,0,0,0
0,0,0,1,0,0,0,2,1,2,0,0,0,0
2,1,1,2,0,0,0,1,2,2,0,0,0,0
0,0,0,0,1,0,0,0,1,0,0,0,2,3
2,4,1,3,4,6,0,3,0,8,2,1,3,2
0,0,0,1,0,1,1,1,1,4,0,0,0,0
0,0,0,2,1,2,1,1,1,3,1,3,3,16
1,1,1,1,2,2,1,4,0,0,0,0,0,0
1,2,0,1,1,1,1,1,2,1,0,0,0,0
2,0,0,0,1,2,0,2,2,2,0,0,0,0
0,0,0,0,0,1,0,0,1,2,0,0,4,13
0,1,0,1,5,5,3,6,2,7,3,2,3,3
1,1,0,0,1,1,0,1,0,5,0,0,0,0
0,0,0,0,3,1,1,0,0,0,0,0,0,0
0,1,0,2,1,3,1,1,0,0,0,0,0,0
1,1,2,0,2,2,0,2,2,3,0,0,0,0
2,0,0,3,2,3,1,3,1,2,0,0,0,0
1,3,1,2,0,2,2,2,0,1,1,3,2,3
1,0,1,1,2,2,1,1,0,0,0,0,0,0
0,1,0,0,0,2,0,0,2,1,1,1,1,0
3,3,4,5,4,1,1,3,3,2,0,0,0,0
0,0,0,1,1,3,1,0,0,0,0,0,0,0
1,0,1,1,2,1,0,0,0,0,0,0,0,0
0,1,1,0,1,3,0,1,1,3,0,0,0,0
0,3,3,1,1,3,0,0,0,0,0,0,0,0
5,0,0,0,0,0,0,0,0,0,0,0,0,0
2,0,0,0,1,0,1,1,1,2,0,0,0,0
1,3,0,1,0,4,1,2,0,0,0,0,0,0
0,1,0,2,3,3,0,0,0,0,0,0,0,0
0,0,0,1,2,1,0,2,3,2,0,0,0,0
1,0,0,2,2,1,1,0,0,0,0,0,0,0
0,1,0,0,3,1,3,1,1,2,0,0,0,0
1,1,1,2,1,3,1,2,1,1,0,0,0,0
0,0,0,1,0,1,0,2,1,4,0,0,0,0
0,0,0,1,0,2,3,0,0,0,0,0,0,0
1,1,0,0,2,3,0,0,0,0,0,0,0,0
0,1,0,4,4,1,2,1,1,1,0,0,0,0
1,1,1,1,1,2,1,1,1,1,0,0,0,0
2,1,2,1,2,4,1,1,0,7,0,0,0,0
0,0,0,0,2,1,2,1,0,0,0,0,0,0
0,0,0,0,0,1,1,1,1,1,0,0,0,0
2,1,1,0,2,1,1,1,1,2,0,0,0,0
0,0,1,1,2,3,1,0,0,0,0,0,0,0
2,1,0,0,2,3,0,0,0,0,0,0,0,0
1,1,0,1,3,3,2,1,0,0,0,0,0,0
1,2,1,0,1,6,2,3,1,1,0,0,0,0
2,0,0,5,2,2,0,0,0,5,0,0,0,0
3,1,0,0,1,0,1,2,1,2,0,0,0,0
1,0,1,1,0,0,0,1,2,4,0,0,0,0
0,0,1,0,1,1,1,1,0,5,1,1,1,0
1,3,1,1,2,2,0,0,0,0,0,0,0,0
1,0,0,0,1,2,4,3,0,0,0,0,0,0
1,0,1,1,1,1,1,2,0,0,0,0,0,0
0,0,2,1,1,2,0,0,0,0,0,0,0,0
0,0,0,0,1,2,2,0,0,0,0,0,0,0
0,0,1,1,2,2,0,0,0,0,0,0,0,0
0,1,0,0,2,1,1,1,0,0,0,0,0,0
1,0,1,0,2,4,0,0,0,0,0,0,0,0
0,0,1,1,2,1,1,0,0,0,0,0,0,0
0,0,1,0,1,1,1,2,0,0,0,0,0,0
2,0,0,0,1,0,1,1,1,2,0,0,0,0
1,2,0,2,1,2,1,0,1,4,0,0,0,0
3,1,1,0,0,0,0,0,0,0,0,0,0,0
2,1,0,2,2,1,3,0,0,0,0,0,0,0
0,0,0,0,1,0,0,0,1,4,0,0,0,0
0,0,0,3,2,3,3,3,0,0,0,0,0,0
0,0,1,0,0,2,0,3,1,1,0,0,0,0
3,2,0,1,3,2,1,2,0,4,2,1,1,0
1,0,1,1,2,1,0,0,0,0,0,0,0,0
1,0,1,1,2,1,0,0,0,0,0,0,0,0
2,1,1,1,0,1,1,1,1,1,0,0,0,0
1,0,0,1,3,3,1,3,0,0,0,0,0,0
1,0,0,0,2,0,1,4,0,0,0,0,0,0
3,0,2,5,4,4,2,3,2,2,2,3,1,0
1,1,1,0,1,0,0,2,1,2,0,0,0,0
0,0,0,1,1,3,1,1,0,0,0,0,0,0
0,1,0,2,0,3,2,0,0,0,0,0,0,0
1,1,0,1,2,2,0,0,0,0,0,0,0,0
1,0,0,0,2,3,0,0,0,0,0,0,0,0
1,1,3,1,1,2,2,0,0,0,0,0,0,0
1,0,0,2,4,3,2,3,0,0,0,0,0,0
0,0,2,1,0,1,1,1,1,3,0,0,0,0
0,1,0,0,4,0,0,1,2,2,0,0,0,0
1,0,0,3,1,1,0,0,0,0,0,0,0,0
0,0,1,1,0,0,0,1,1,3,0,0,0,0
1,2,3,2,1,1,0,0,0,0,0,0,0,0
1,0,0,0,1,4,1,2,2,4,0,0,0,0
1,0,0,0,2,1,1,1,0,0,0,0,0,0
2,1,0,2,1,0,0,2,2,2,0,0,0,0
0,4,7,0,0,18,0,0,7,0,0,2,5,0
1,0,1,3,0,5,2,4,0,0,0,0,0,0
0,0,0,1,0,1,0,1,2,4,0,0,0,0
1,1,1,1,1,1,1,1,0,0,0,0,0,0
2,2,0,2,1,3,0,0,0,0,0,0,0,0
0,0,0,1,0,0,1,1,2,2,0,0,0,0
0,0,0,1,2,2,1,0,0,0,0,0,0,0
0,0,0,0,1,2,0,1,1,3,0,0,0,0
1,0,2,1,2,1,2,0,0,0,0,0,0,0
1,2,0,1,1,0,1,4,3,3,0,0,0,0
2,1,1,0,2,1,1,3,0,0,0,0,0,0
1,0,1,1,2,2,0,1,1,3,0,0,0,0
1,1,1,0,1,1,1,2,0,0,0,0,0,0
0,0,0,1,3,1,0,0,0,0,0,0,0,0
1,0,1,0,0,1,3,2,1,1,0,0,0,0
0,0,0,1,1,0,1,0,3,2,0,0,0,0
0,0,0,0,2,1,2,2,0,0,0,0,0,0
1,0,1,0,1,3,2,1,1,0,0,0,0,0
4,2,0,4,2,3,3,1,1,2,0,0,0,0
2,0,0,0,3,2,0,3,1,1,0,0,0,0
0,0,0,1,3,1,0,0,0,0,0,0,0,0
0,1,0,3,7,1,2,4,2,6,0,0,0,0
1,0,0,0,3,1,1,1,0,0,0,0,0,0
0,0,0,0,0,0,0,0,0,0,0,0,38,0
1,0,0,2,1,1,1,1,1,1,0,0,0,0
2,1,1,3,3,0,0,0,0,0,0,0,0,0
1,0,0,3,5,2,1,1,1,4,0,0,0,0
0,3,1,2,3,0,0,5,3,4,0,0,0,0
2,1,1,1,2,0,1,2,2,2,0,0,0,0
3,0,3,1,2,2,0,0,0,0,0,0,0,0
0,0,0,0,1,1,0,2,1,2,0,0,0,0
0,0,1,1,0,0,0,2,1,3,0,0,0,0
0,0,0,3,2,0,0,0,2,4,0,0,0,0
0,0,1,1,1,3,2,3,1,1,0,0,0,0
0,1,0,0,0,0,0,0,0,10,0,0,0,0
0,0,0,0,2,2,1,1,0,0,0,0,0,0
0,1,0,1,0,3,1,3,0,0,0,0,0,0
0,0,1,1,0,0,0,0,2,4,0,0,0,0
0,0,0,3,1,1,1,0,0,0,0,0,0,0
0,0,0,0,0,2,1,2,0,0,0,0,0,0
0,0,1,1,1,4,0,0,0,0,0,0,0,0
0,0,1,0,3,2,0,0,0,0,0,0,0,0
3,0,0,0,0,4,2,0,0,0,0,0,0,0
0,0,0,0,0,2,1,1,1,2,0,0,0,0
1,0,0,0,3,1,1,2,0,0,0,0,0,0
1,0,1,1,4,2,0,0,0,0,0,0,0,0
0,1,3,1,0,0,0,0,0,0,0,0,0,0
0,0,0,2,4,1,0,0,0,0,0,0,0,0
1,1,0,1,3,4,0,0,0,0,0,0,0,0
2,2,0,0,4,1,1,0,0,0,0,0,0,0
1,0,1,0,3,2,1,1,3,0,0,0,0,0
5,0,0,0,0,2,2,1,0,0,0,0,0,0
1,0,0,3,3,4,1,1,0,0,0,0,0,0
0,0,0,3,0,3,1,1,2,4,0,0,0,0
1,0,1,0,0,0,1,3,1,2,0,0,0,0
1,0,0,1,2,2,0,0,0,0,0,0,0,0
0,0,0,1,4,0,0,5,0,0,0,0,0,0
2,1,0,1,1,3,0,0,0,0,0,0,0,0
0,0,0,0,0,0,2,1,1,1,0,0,0,0
0,0,0,1,1,1,1,3,0,0,0,0,0,0
3,0,0,0,2,4,0,0,0,0,0,0,0,0
1,1,1,1,1,1,2,3,0,0,0,0,0,0
2,0,0,2,2,2,0,0,0,0,0,0,0,0
1,0,0,0,2,1,1,2,1,2,0,0,0,0
2,0,0,0,0,1,0,1,2,2,0,0,0,0
0,1,1,4,1,4,1,3,3,3,0,0,0,0
1,0,0,0,1,0,2,2,1,3,0,0,0,0
1,0,0,0,2,3,0,0,0,0,0,0,0,0
2,1,2,1,2,6,2,2,0,0,0,0,0,0
0,0,0,0,1,3,1,2,0,0,0,0,0,0
0,0,0,0,2,2,1,1,0,1,2,1,1,0
1,0,0,2,3,1,1,2,1,5,0,0,0,0
1,0,1,3,2,1,0,0,0,0,0,0,0,0
1,3,1,1,1,1,1,2,2,1,0,0,0,0
1,0,0,1,4,1,1,1,1,3,0,0,0,0
0,0,1,2,1,1,0,0,0,0,0,0,0,0
1,2,0,2,3,1,0,0,0,0,0,0,0,0
0,2,4,6,2,3,6,5,3,7,0,0,0,0
2,2,1,1,2,4,0,0,0,0,0,0,0,0
1,0,0,0,0,0,1,0,0,5,0,0,0,0
1,1,1,1,0,3,1,1,0,0,0,0,0,0
0,0,0,2,2,3,1,5,1,1,2,1,1,0
0,1,1,1,2,0,0,0,0,0,0,0,0,0
1,1,2,1,0,2,1,2,1,3,0,0,0,0
0,2,1,0,2,2,1,2,0,0,0,0,0,0
1,2,2,0,7,1,2,0,0,0,0,0,0,0
2,0,0,0,0,1,1,1,1,1,0,0,0,0
1,3,0,0,0,2,1,2,2,3,1,1,1,0
0,0,2,0,1,1,1,2,1,3,2,1,2,0
0,1,1,1,1,1,0,0,0,0,0,0,0,0
0,1,0,0,4,1,1,3,0,0,0,0,0,0
0,0,1,1,6,3,2,0,0,0,0,0,0,0
2,0,0,1,1,1,1,2,0,0,0,0,0,0
0,1,1,1,1,1,1,0,0,0,0,0,0,0
0,2,0,1,1,2,2,0,0,0,0,0,0,0
0,0,1,0,5,0,0,0,0,0,0,0,0,0
1,1,0,1,1,2,0,1,1,3,0,0,0,0
3,0,0,1,2,3,0,0,4,4,0,0,0,0
0,1,0,0,0,2,1,2,0,0,0,0,0,0
1,0,0,1,0,0,1,1,3,3,0,0,0,0
0,1,0,0,1,0,1,1,1,2,0,0,0,0
1,0,0,2,0,2,2,1,1,2,0,0,0,0
2,1,0,0,3,2,0,0,0,0,0,0,0,0
0,0,0,0,0,1,0,1,3,2,0,0,0,0
1,0,0,1,1,1,1,3,1,2,0,0,0,0
0,0,2,1,2,0,0,0,0,0,0,0,0,0
1,1,1,0,0,1,5,1,0,0,0,0,0,0
1,0,0,2,1,2,1,1,1,4,0,0,0,0
1,2,0,1,3,1,0,1,2,2,0,0,0,0
2,1,0,0,2,3,0,0,0,0,0,0,0,0
0,1,1,3,2,1,0,0,0,0,0,0,0,0
1,1,0,4,3,0,0,0,0,0,0,0,0,0
2,0,1,0,3,1,0,2,3,3,0,0,0,0
1,0,0,0,2,0,0,0,1,4,0,0,0,0
0,0,1,0,2,3,0,0,0,0,0,0,0,0
0,1,1,1,0,0,0,1,1,3,0,0,0,0
0,2,0,0,4,5,1,5,2,3,0,0,0,0
1,0,1,1,4,1,0,0,0,0,0,0,0,0
0,1,0,1,2,1,1,1,0,0,0,0,0,0
1,0,0,2,2,3,3,0,0,0,0,0,0,0
0,0,0,0,2,1,0,3,1,1,0,0,0,0
0,3,1,1,2,3,0,0,0,0,0,0,0,0
0,0,2,1,1,1,1,1,0,0,0,0,0,0
2,0,1,3,0,0,3,2,0,0,0,0,0,0
1,0,1,0,2,3,3,1,1,1,0,0,0,0
2,0,2,1,1,2,1,4,0,0,0,0,0,0
0,0,1,0,2,1,1,1,0,0,0,0,0,0
2,0,1,0,3,0,0,1,1,3,0,0,0,0
0,1,1,1,1,2,1,2,0,0,0,0,0,0
1,0,0,0,1,2,1,3,2,1,0,0,0,0
0,0,1,1,2,2,0,0,0,0,0,0,0,0
6,1,3,3,7,1,0,5,6,7,0,0,0,0
0,0,1,1,0,1,0,0,2,4,0,0,0,0
0,1,1,0,1,2,1,1,0,0,0,0,0,0
1,0,0,0,1,2,0,1,2,2,0,0,0,0
1,2,1,1,1,3,0,0,0,0,0,0,0,0
1,2,0,2,1,2,1,1,0,0,0,0,0,0
0,0,0,0,10,0,0,0,0,0,0,0,0,0
3,1,0,3,0,4,1,2,3,1,2,1,1,0
0,0,0,0,3,1,1,1,0,0,0,0,0,0
0,1,1,2,5,1,1,0,0,0,0,0,0,0
2,0,3,1,0,0,0,2,1,4,0,0,0,0
1,1,0,3,1,2,0,0,0,0,0,0,0,0
0,0,0,0,0,0,3,2,0,0,0,0,0,0
2,0,0,0,0,1,0,2,1,5,0,0,0,0
1,0,0,1,0,1,1,1,1,2,0,0,0,0
2,2,1,0,0,2,1,2,0,0,0,0,0,0
1,1,1,2,4,2,0,0,0,0,0,0,0,0
1,2,1,3,0,2,2,1,1,1,0,0,0,0
1,0,1,3,4,0,1,2,2,1,1,1,1,0
0,0,0,1,0,3,1,1,0,0,0,0,0,0
4,0,0,1,3,1,0,0,1,2,1,1,1,0
1,0,2,1,0,2,1,2,0,0,0,0,0,0
3,1,2,7,3,4,2,2,2,3,0,0,0,0
1,0,0,0,0,0,0,1,3,1,0,0,0,0
0,1,1,2,3,0,0,2,1,2,0,0,0,0
0,0,0,2,4,3,1,0,0,0,0,0,0,0
0,1,0,2,1,1,1,4,0,0,0,0,0,0
1,0,1,0,5,3,0,1,0,1,1,1,2,0
0,0,0,0,1,1,3,1,2,1,0,0,0,0
0,0,0,1,3,2,2,3,0,0,0,0,0,0
0,1,1,1,4,1,1,4,1,3,0,0,0,0
4,2,1,2,0,2,1,1,3,2,0,0,0,0
0,0,0,0,1,1,0,0,1,1,1,1,1,0
0,0,0,0,2,3,0,0,0,0,0,0,0,0
0,0,2,2,2,1,1,2,0,0,0,0,0,0
1,1,0,0,1,3,0,1,1,3,0,0,0,0
1,0,2,2,1,3,0,0,0,0,0,0,0,0
1,0,0,4,3,1,0,3,0,2,2,1,1,0
1,0,0,0,1,0,0,1,1,3,0,0,0,0
1,0,0,0,0,3,1,2,0,0,0,0,0,0
1,0,1,1,2,1,0,0,0,0,0,0,0,0
1,1,1,0,0,1,0,1,1,1,1,1,1,0
1,1,0,2,2,2,0,0,0,0,0,0,0,0
0,1,1,4,4,1,2,1,0,0,0,0,0,0
2,1,1,0,1,2,0,3,1,3,0,0,0,0
1,0,0,1,1,1,1,2,0,0,0,0,0,0
0,0,1,0,1,1,2,2,0,0,0,0,0,0
0,0,0,2,1,2,0,0,0,0,0,0,0,0
1,0,0,1,2,3,0,1,0,4,1,1,2,0
0,0,0,2,1,4,0,0,0,0,0,0,0,0
3,0,2,3,3,3,2,5,2,4,2,2,1,0
1,1,2,0,5,3,1,0,0,0,0,0,0,0
1,0,0,2,1,1,0,1,0,4,2,1,1,0
0,3,0,0,0,7,0,10,0,0,0,0,0,0
2,0,0,1,2,2,0,0,0,0,0,0,0,0
2,1,0,0,1,1,1,4,0,0,0,0,0,0
2,0,1,2,3,1,0,3,2,2,0,0,0,0
1,2,0,0,0,3,1,1,4,1,0,0,0,0
1,0,0,0,3,1,0,1,2,2,0,0,0,0
0,0,1,2,0,1,1,3,1,2,0,0,0,0
0,0,7,15,11,0,0,0,0,13,0,0,0,0
1,0,2,3,2,1,2,0,2,1,1,1,1,0
0,0,0,2,1,3,0,0,0,0,0,0,0,0
0,0,0,2,0,0,0,1,1,1,1,2,1,0
0,0,1,1,1,3,0,0,0,0,0,0,0,0
2,1,2,5,4,1,1,3,4,3,0,0,0,0
2,0,0,2,3,2,1,3,0,3,3,1,1,0
0,0,1,0,1,3,1,2,0,0,0,0,0,0
0,0,0,1,1,0,0,0,0,6,0,0,0,0
9,1,2,3,2,1,4,4,0,5,0,0,0,0
0,0,0,0,0,1,1,2,1,1,0,0,0,0
0,0,0,1,1,1,0,5,0,0,0,0,0,0
0,0,0,1,0,0,1,2,1,1,0,0,0,0
1,0,1,1,2,1,1,1,2,1,0,0,0,0
0,0,0,0,0,2,1,5,0,0,0,0,0,0
2,0,0,0,2,1,1,2,0,0,0,0,0,0
1,1,3,2,2,5,2,2,2,1,2,1,1,0
0,0,1,0,0,2,1,1,2,1,0,0,0,0
0,0,0,2,1,2,0,0,0,0,0,0,0,0
4,2,1,1,0,0,0,0,0,0,0,0,0,0
0,2,2,1,1,0,1,1,2,1,0,0,0,0
1,0,1,1,4,2,0,0,0,0,0,0,0,0
1,1,0,2,3,3,0,0,0,0,0,0,0,0
0,1,0,0,1,1,2,1,0,0,0,0,0,0
2,2,8,3,4,3,0,4,1,5,3,1,2,0
0,0,1,4,3,5,0,0,0,0,0,0,0,0
0,1,1,0,0,3,2,1,0,0,0,0,0,0
2,0,0,0,2,0,1,1,1,2,0,0,0,0
0,0,1,1,1,1,3,1,0,0,0,0,0,0
5,0,0,0,0,0,0,0,0,0,0,0,0,0
1,0,0,0,3,2,0,0,0,0,0,0,0,0
3,1,0,1,1,4,0,2,2,1,0,0,0,0
2,0,1,1,2,1,0,0,0,0,0,0,0,0
1,0,0,1,2,3,2,1,1,1,0,0,0,0
0,1,1,0,1,0,0,3,2,2,0,0,0,0
0,0,0,1,1,3,0,0,0,0,0,0,0,0
2,2,1,4,3,3,1,1,1,2,0,0,0,0
0,0,0,2,1,2,0,0,0,0,0,0,0,0
2,1,0,0,3,4,2,3,1,2,0,0,0,0
0,0,0,0,1,2,1,1,0,0,0,0,0,0
1,1,1,3,1,2,1,0,0,0,0,0,0,0
0,1,2,1,1,1,0,0,1,4,0,0,0,0
0,0,0,0,2,1,0,0,2,1,1,1,1,0
0,0,0,0,0,1,0,0,1,3,1,1,1,0
1,0,0,1,0,2,0,1,1,2,1,1,1,0
6,2,0,18,0,0,0,0,0,0,0,0,0,0
0,0,1,0,2,1,1,1,1,1,0,0,0,0
2,1,0,1,1,0,2,3,0,0,0,0,0,0
0,0,0,1,2,1,2,1,0,0,0,0,0,0
3,0,0,1,2,2,0,0,0,0,0,0,0,0
1,1,0,0,2,1,0,2,1,2,0,0,0,0
2,0,0,0,1,2,0,0,1,1,1,2,1,0
2,0,0,1,1,0,0,1,1,3,0,0,0,0
3,0,1,0,2,2,2,1,0,0,0,0,0,0
5,0,1,4,5,4,2,4,0,6,2,1,1,0
0,0,0,1,0,2,1,1,1,2,0,0,0,0
1,0,0,1,1,4,0,0,0,0,0,0,0,0
2,0,1,1,1,2,0,0,0,0,0,0,0,0
1,0,3,0,3,3,1,2,2,1,0,0,0,0
1,0,1,2,0,3,1,2,3,3,0,0,0,0
0,0,1,0,1,1,2,1,0,0,0,0,0,0
1,1,0,1,2,2,0,0,0,0,0,0,0,0
0,0,0,2,2,2,1,4,2,2,0,0,0,0
3,0,3,1,3,2,2,1,0,6,0,0,0,0
1,0,1,0,2,3,0,0,0,0,0,0,0,0
1,1,2,2,1,0,1,1,1,2,0,0,0,0
0,1,0,4,1,1,0,0,0,0,0,0,0,0
2,2,0,3,1,5,2,2,1,4,0,0,0,0
0,0,0,1,1,4,2,3,1,1,0,0,0,0
0,1,1,0,1,2,0,2,1,2,0,0,0,0
1,0,0,1,1,1,1,1,0,0,0,0,0,0
1,0,2,0,0,1,1,3,0,0,0,0,0,0
2,0,0,1,1,2,2,3,0,5,0,0,0,0
1,0,0,1,2,0,0,2,0,0,2,2,1,0
1,0,0,0,1,1,0,3,1,1,0,0,0,0
1,0,2,3,1,1,0,2,3,1,0,0,0,0
0,0,0,3,1,1,0,0,0,0,0,0,0,0
7,2,0,2,5,4,2,6,1,4,1,1,1,0
2,1,0,0,0,1,1,1,1,1,0,0,0,0
0,0,0,1,0,0,2,1,1,1,0,0,0,0
3,1,2,0,4,3,1,1,0,2,1,1,2,0
1,0,0,1,2,2,0,0,0,0,0,0,0,0
0,0,1,1,2,6,0,0,0,0,0,0,0,0
1,0,0,0,2,0,1,2,1,2,0,0,0,0
0,1,0,1,0,1,0,0,1,3,1,1,1,0
1,0,1,1,2,2,0,0,0,0,0,0,0,0
0,0,0,1,2,2,0,0,0,0,0,0,0,0
0,3,0,2,0,2,3,3,0,0,0,0,0,0
0,0,0,1,3,3,0,0,0,0,0,0,0,0
0,1,1,0,1,4,0,0,0,0,0,0,0,0
1,1,0,0,1,2,1,1,0,0,0,0,0,0
0,1,0,5,0,0,0,0,0,0,0,0,0,0
2,2,1,1,0,2,2,1,0,0,0,0,0,0
0,0,0,1,0,0,0,2,1,2,0,0,0,0
1,0,1,1,1,3,0,1,1,3,0,0,0,0
1,0,0,0,1,1,1,2,0,0,0,0,0,0
0,0,1,1,1,2,0,0,0,0,0,0,0,0
0,0,0,2,2,2,0,0,0,0,0,0,0,0
2,0,0,1,0,0,2,1,1,2,0,0,0,0
3,0,0,1,3,0,3,3,0,0,0,0,0,0
1,0,2,1,5,1,1,1,1,1,0,0,0,0
0,0,0,2,1,1,2,1,1,1,0,0,0,0
0,1,0,0,1,1,3,2,2,1,0,0,0,0
0,1,0,1,2,2,0,0,0,0,0,0,0,0
1,1,0,2,2,2,1,1,1,1,0,0,0,0
1,0,1,3,1,0,0,0,0,0,0,0,0,0
2,0,0,3,2,1,0,0,0,0,0,0,0,0
0,0,0,2,2,2,0,0,0,0,0,0,0,0
0,0,0,1,1,4,0,0,0,0,0,0,0,0
0,0,1,1,2,0,1,1,2,2,0,0,0,0
2,0,4,0,3,2,0,0,0,0,0,0,0,0
3,0,1,1,1,2,0,0,0,0,0,0,0,0
0,0,1,1,2,0,0,2,1,2,0,0,0,0
2,0,0,3,1,0,0,1,2,2,0,0,0,0
2,1,1,3,4,1,0,0,0,0,0,0,0,0
2,0,1,1,1,1,2,0,3,8,0,0,0,0
1,2,2,2,0,1,2,3,1,2,0,0,0,0
1,0,1,3,2,4,0,0,0,0,0,0,0,0
1,0,0,2,1,1,1,4,0,0,0,0,0,0
0,0,0,0,1,2,3,0,0,6,0,0,0,0
0,2,0,1,0,0,1,1,3,3,0,0,0,0
1,1,2,2,3,1,0,0,0,0,0,0,0,0
1,1,2,0,1,4,0,0,0,0,0,0,0,0
2,1,3,1,0,2,1,2,0,0,0,0,0,0
1,0,0,4,2,2,1,0,1,6,0,0,0,0
0,0,1,2,0,7,0,0,0,0,0,0,0,0
0,0,0,0,1,0,1,2,0,1,2,1,1,0
1,2,3,1,1,1,2,5,0,0,0,0,0,0
2,1,0,0,3,3,0,0,0,0,0,0,0,0
0,0,0,0,1,1,1,1,1,1,0,0,0,0
6,1,2,1,4,5,1,1,6,4,2,2,1,0
5,1,1,1,3,0,2,1,3,2,0,0,0,0
1,0,0,2,2,2,0,0,0,0,0,0,0,0
0,0,0,3,2,1,0,0,0,0,0,0,0,0
1,0,0,3,4,1,1,3,0,0,0,0,0,0
0,0,0,0,0,1,0,0,0,1,1,2,1,0
1,0,0,1,1,3,0,0,0,0,0,0,0,0
3,0,1,2,3,1,2,2,0,0,0,0,0,0
0,0,2,1,2,2,1,1,0,0,0,0,0,0
2,1,1,0,3,0,1,2,3,1,0,0,0,0
2,0,2,0,3,1,2,0,0,0,0,0,0,0
1,0,2,0,1,0,1,0,2,3,0,0,0,0
0,0,1,0,2,3,0,0,0,0,0,0,0,0
1,0,0,1,2,1,1,0,0,0,0,0,0,0
0,0,0,1,1,1,1,2,0,0,0,0,0,0
0,0,0,0,3,2,1,0,0,0,0,0,0,0
0,1,1,0,1,0,1,4,1,2,0,0,0,0
0,0,0,0,0,0,0,1,1,3,0,0,0,0
0,0,0,2,3,2,3,3,4,4,0,0,0,0
2,0,1,1,3,3,0,0,0,0,0,0,0,0
2,1,0,0,0,0,0,2,1,2,0,0,0,0
1,0,0,0,1,2,1,2,0,0,0,0,0,0
0,1,1,2,2,1,1,0,0,0,0,0,0,0
0,1,0,2,3,2,0,0,0,0,0,0,0,0
1,0,0,2,2,3,1,1,0,5,0,0,0,0
1,1,0,1,2,3,2,2,1,1,1,2,1,0
1,1,0,2,0,1,2,2,2,2,0,0,0,0
0,0,0,0,0,1,1,1,1,1,0,0,0,0
1,2,2,0,0,0,0,0,0,0,0,0,0,0
1,0,0,2,1,1,1,0,0,0,0,0,0,0
4,1,0,5,3,3,1,4,1,5,0,0,0,0
2,0,1,0,4,1,1,1,0,0,0,0,0,0
1,0,0,2,1,1,1,3,1,1,0,0,0,0
2,0,0,2,1,2,1,3,0,0,0,0,0,0
0,0,0,0,4,2,0,0,0,0,0,0,0,0
0,0,0,1,1,3,0,0,0,0,0,0,0,0
1,0,3,1,3,1,1,1,1,0,0,0,0,0
1,0,0,0,0,2,3,0,0,0,0,0,0,0
0,0,0,2,2,2,1,1,0,0,0,0,0,0
0,0,1,2,1,2,0,0,0,0,0,0,0,0
2,0,3,1,2,0,2,1,1,4,0,0,0,0
0,1,4,2,0,0,0,0,0,0,0,0,0,0
0,1,0,3,2,2,0,0,0,0,0,0,0,0
0,0,0,2,0,0,1,3,2,2,0,0,0,0
7,2,0,2,5,6,3,1,2,1,1,1,1,0
1,1,1,1,1,3,0,0,0,0,0,0,0,0
1,1,0,1,2,2,0,0,0,0,0,0,0,0
1,0,0,2,0,1,0,0,1,0,4,1,1,0
2,0,0,1,0,0,1,1,1,5,0,0,0,0
0,1,0,0,0,5,0,0,0,0,0,0,0,0
2,0,0,2,1,2,0,0,0,0,0,0,0,0
1,0,0,1,1,0,3,3,2,3,0,0,0,0
0,0,1,1,0,3,1,2,0,0,0,0,0,0
2,1,0,1,3,2,0,0,0,0,0,0,0,0
2,1,3,1,2,3,0,0,0,0,0,0,0,0
4,0,0,2,1,3,0,1,3,2,0,0,0,0
0,2,0,0,0,0,1,1,2,1,0,0,0,0
0,1,0,0,3,2,0,0,0,0,0,0,0,0
1,0,0,0,1,2,1,3,0,0,0,0,0,0
2,0,0,4,0,4,0,2,4,2,0,0,0,0
3,1,1,3,5,8,2,4,2,2,0,0,0,0
1,1,1,1,3,0,0,0,0,0,0,0,0,0
3,0,2,2,2,2,0,0,0,0,0,0,0,0
2,1,0,1,3,1,1,1,0,0,0,0,0,0
1,1,1,0,1,4,1,2,6,1,0,0,0,0
0,1,0,1,0,4,1,4,0,0,0,0,0,0
0,0,0,2,0,1,0,2,4,3,0,0,0,0
1,0,2,0,2,2,2,1,1,1,0,0,0,0
0,0,0,0,1,2,1,1,0,0,0,0,0,0
0,0,0,1,1,1,2,1,0,0,0,0,0,0
1,0,0,1,2,3,1,4,3,3,0,0,0,0
0,0,0,1,1,0,1,0,0,3,1,1,2,0
0,1,0,2,1,2,0,0,0,0,0,0,0,0
0,0,1,1,1,2,0,0,0,0,0,0,0,0
0,1,1,0,2,3,0,1,2,3,1,1,1,0
0,0,1,0,0,3,1,2,0,0,0,0,0,0
0,0,0,2,2,2,0,0,0,0,0,0,0,0
0,0,2,2,0,1,1,3,0,0,0,0,0,0
2,1,1,1,1,0,1,1,1,3,1,1,1,0
0,2,1,2,0,0,0,0,0,0,0,0,0,0
1,2,0,0,1,3,0,1,4,4,0,0,0,0
0,0,1,1,4,2,0,0,0,0,0,0,0,0
0,0,0,0,0,0,1,0,1,1,1,1,1,0
5,0,2,1,3,4,0,3,2,4,1,1,1,0
1,1,2,1,1,3,1,2,1,2,1,1,1,0
2,1,0,0,0,4,0,2,2,1,0,0,0,0
3,1,1,0,0,0,0,0,0,0,0,0,0,0
0,0,0,0,0,2,1,2,0,0,0,0,0,0
0,0,0,5,1,0,0,0,3,3,0,0,0,0
0,2,0,0,2,1,0,2,1,2,0,0,0,0
0,0,1,0,3,1,2,3,0,0,0,0,0,0
3,0,0,1,1,1,0,0,2,1,1,1,1,0
1,0,2,1,2,2,0,0,0,0,0,0,0,0
0,1,0,2,2,6,0,0,2,5,0,0,0,0
1,0,0,0,2,1,1,1,1,1,0,0,0,0
0,1,0,0,2,2,1,2,3,1,0,0,0,0
0,2,0,2,0,2,1,2,0,0,0,0,0,0
4,2,2,1,2,0,0,2,3,3,0,0,0,0
0,0,0,1,2,3,0,0,0,0,0,0,0,0
0,0,1,0,4,1,0,0,0,0,0,0,0,0
0,1,0,1,2,3,1,1,1,2,0,0,0,0
1,0,0,0,1,2,1,1,1,3,0,0,0,0
1,2,0,4,3,1,2,0,1,2,2,1,1,0
1,1,1,1,1,1,0,0,0,0,0,0,0,0
2,2,0,1,1,2,0,3,1,1,0,0,0,0
0,2,0,2,2,2,0,0,0,0,0,0,0,0
2,1,0,1,4,1,2,3,0,0,0,0,0,0
1,0,1,1,3,3,0,0,0,0,0,0,0,0
0,0,0,2,1,2,0,0,0,0,0,0,0,0
0,1,0,2,1,4,0,0,0,0,0,0,0,0
1,0,0,0,0,1,0,2,1,2,0,0,0,0
0,0,1,3,1,2,1,2,1,1,0,0,0,0
0,1,0,1,1,3,3,0,0,5,0,0,0,0
0,0,1,0,1,0,0,2,1,4,0,0,0,0
0,0,0,1,3,2,2,0,2,3,0,0,0,0
0,2,0,1,3,3,0,0,0,0,0,0,0,0
1,0,1,0,1,2,0,1,4,3,1,1,1,0
0,0,0,1,1,2,0,1,2,2,0,0,0,0
0,0,1,2,2,0,0,0,0,0,0,0,0,0
2,0,0,0,2,1,1,1,1,1,0,0,0,0
0,0,0,3,1,2,0,0,0,0,0,0,0,0
2,2,1,1,3,3,1,5,1,4,0,0,0,0
0,0,0,2,1,4,1,2,1,2,0,0,0,0
0,0,1,2,1,1,3,0,0,0,0,0,0,0
1,1,0,2,1,3,2,3,0,0,0,0,0,0
1,0,0,1,0,1,0,0,1,1,1,1,2,0
0,2,0,0,1,2,1,1,0,0,0,0,0,0
0,0,0,0,1,1,0,3,1,1,0,0,0,0
2,1,2,2,2,1,2,2,1,2,0,0,0,0
1,0,0,0,2,3,1,3,0,0,0,0,0,0
2,0,0,1,0,0,0,2,1,2,0,0,0,0
0,0,1,0,2,0,1,0,1,4,0,0,0,0
1,0,1,1,3,2,2,0,0,0,0,0,0,0
1,1,0,1,2,1,2,4,2,1,0,0,0,0
3,2,0,1,3,6,3,5,1,1,0,0,0,0
0,0,0,0,2,1,2,1,0,0,0,0,0,0
1,3,1,1,3,1,0,0,0,0,0,0,0,0
0,0,1,1,1,0,3,1,1,1,0,0,0,0
2,1,2,0,0,0,0,0,0,0,0,0,0,0
0,0,1,0,1,0,2,2,1,2,0,0,0,0
0,0,0,1,2,1,1,1,0,0,0,0,0,0
2,0,0,2,2,7,0,0,0,0,0,0,0,0
0,2,0,0,1,2,2,1,0,0,0,0,0,0
0,1,1,2,1,1,0,0,0,0,0,0,0,0
0,0,0,0,0,0,1,4,0,0,0,0,0,0
0,0,0,0,1,3,1,1,2,5,0,0,0,0
1,0,1,0,1,3,1,1,0,0,0,0,0,0
0,0,0,3,3,1,2,1,2,4,0,0,0,0
3,2,2,1,1,3,2,1,3,4,0,0,0,0
1,0,0,1,0,3,2,1,0,0,0,0,0,0
0,0,1,1,1,1,0,1,1,4,0,0,0,0
0,1,1,0,4,2,0,0,0,0,0,0,0,0
0,1,0,1,2,1,2,0,1,4,0,0,0,0
4,2,2,1,3,4,1,5,3,5,1,1,2,0
1,0,2,3,3,2,0,0,0,0,0,0,0,0
0,1,0,0,0,1,1,1,1,1,0,0,0,0
1,0,4,0,2,2,2,2,0,0,0,0,0,0
1,0,0,0,0,7,0,0,0,0,0,0,0,0
1,0,0,1,4,1,0,0,0,0,0,0,0,0
1,0,1,2,1,2,0,0,0,0,0,0,0,0
2,0,2,4,2,3,2,1,1,2,0,0,0,0
0,0,0,0,3,2,0,0,0,0,0,0,0,0
1,0,0,0,2,1,1,1,0,0,0,0,0,0
2,0,1,2,0,2,2,1,0,0,0,0,0,0
0,0,2,1,0,1,0,2,1,2,0,0,0,0
0,0,0,0,1,3,0,0,2,4,0,0,0,0
0,0,0,2,0,4,1,2,0,0,0,0,0,0
0,1,1,1,1,2,0,1,1,3,0,0,0,0
1,0,0,1,1,0,0,3,2,3,0,0,0,0
2,0,1,1,0,5,0,0,0,0,0,0,0,0
0,0,1,0,0,0,1,3,1,1,0,0,0,0
0,0,0,2,1,1,1,0,0,0,0,0,0,0
0,1,0,0,0,1,0,1,2,3,0,0,0,0
1,0,0,0,0,0,2,1,2,1,0,0,0,0
1,0,1,3,1,2,2,2,0,3,3,2,1,0
0,1,0,5,1,3,1,2,1,3,0,0,0,0
2,0,0,1,2,0,2,1,1,4,2,1,1,0
2,0,2,0,0,2,1,1,3,1,0,0,0,0
1,0,0,1,1,1,2,2,0,0,0,0,0,0
1,0,0,0,0,1,0,0,1,1,1,1,1,0
2,1,0,1,1,1,2,1,0,0,0,0,0,0
2,0,0,1,0,5,0,0,0,0,0,0,0,0
0,0,0,0,0,0,1,1,1,2,0,0,0,0
1,0,0,1,2,8,0,5,1,2,2,1,1,0
0,1,0,3,4,2,3,2,0,0,0,0,0,0
1,0,0,2,2,1,1,0,0,0,0,0,0,0
1,2,0,1,3,1,0,0,0,0,0,0,0,0
0,0,0,3,2,1,1,1,0,0,0,0,0,0
3,3,0,2,5,1,1,1,1,2,0,0,0,0
0,0,1,0,1,1,2,0,2,3,0,0,0,0
1,0,0,1,1,3,0,0,0,0,0,0,0,0
0,0,0,0,3,6,1,1,0,0,0,0,0,0
2,0,0,2,0,1,1,1,1,3,0,0,0,0
0,0,0,0,2,3,0,0,0,0,0,0,0,0
0,1,3,1,1,0,1,3,1,4,0,0,0,0
1,1,0,4,3,1,1,2,2,3,0,0,0,0
0,0,1,5,2,2,2,2,1,4,0,0,0,0
0,0,0,1,2,1,2,0,0,0,0,0,0,0
0,1,0,0,1,1,3,0,0,0,0,0,0,0
0,1,0,3,2,2,1,2,1,1,0,0,0,0
2,1,0,5,1,3,1,2,3,4,0,0,0,0
0,0,0,1,4,1,3,2,1,2,0,0,0,0
0,2,0,1,1,3,0,0,0,0,0,0,0,0
1,2,0,0,2,0,2,4,2,2,0,0,0,0
1,1,0,1,1,2,0,1,0,2,2,1,2,0
0,0,0,3,3,1,0,0,0,0,0,0,0,0
0,0,0,0,1,2,1,1,0,0,0,0,0,0
1,0,0,2,1,2,0,0,0,0,0,0,0,0
1,0,0,1,2,2,0,0,0,0,0,0,0,0
2,0,0,3,3,0,0,3,2,1,0,0,0,0
2,1,0,0,2,4,1,3,0,0,0,0,0,0
1,0,1,2,3,2,0,0,0,0,0,0,0,0
1,1,1,1,1,1,0,2,2,3,0,0,0,0
0,0,0,0,0,0,0,0,1,4,0,0,0,0
1,0,1,1,1,1,1,2,0,0,0,0,0,0
0,1,1,0,1,1,1,1,1,1,0,0,0,0
1,0,0,1,2,2,0,0,0,0,0,0,0,0
0,0,1,0,1,3,2,2,0,0,0,0,0,0
3,0,2,3,2,4,2,2,0,0,0,0,0,0
2,1,2,3,1,4,1,1,1,3,0,0,0,0
0,0,0,0,1,2,1,1,0,0,0,0,0,0
3,2,0,0,3,0,1,1,2,2,0,0,0,0
1,0,0,1,1,1,1,1,0,0,0,0,0,0
0,0,0,1,0,0,0,2,1,3,0,0,0,0
1,1,1,4,1,3,0,3,2,4,0,0,0,0
0,0,3,1,0,1,1,3,0,0,0,0,0,0
0,0,0,0,0,2,0,2,1,4,0,0,0,0
1,2,1,0,1,4,0,0,2,6,0,0,0,0
0,0,1,1,2,1,0,0,0,0,0,0,0,0
0,1,1,3,2,2,1,1,1,4,0,0,0,0
1,0,1,1,1,0,1,1,1,2,0,0,0,0
3,1,2,0,4,3,0,0,0,0,0,0,0,0
2,0,1,2,1,1,0,0,0,0,0,0,0,0
0,0,0,0,0,0,0,0,1,4,0,0,0,0
1,2,2,0,0,0,0,0,0,0,0,0,0,0
0,0,5,0,0,3,0,0,0,0,0,0,6,0
0,0,1,1,1,2,0,0,0,0,0,0,0,0
0,0,2,1,5,1,1,1,0,0,0,0,0,0
0,0,0,1,2,2,0,0,0,0,0,0,0,0
3,0,0,2,6,4,0,2,2,7,0,0,0,0
1,0,1,1,4,1,0,0,0,0,0,0,0,0
2,0,1,1,3,2,1,2,0,0,0,0,0,0
0,1,0,4,1,1,1,1,2,1,0,0,0,0
1,0,0,2,1,2,0,0,0,0,0,0,0,0
1,0,1,0,0,1,1,1,3,2,0,0,0,0
1,0,0,0,1,2,0,1,1,3,0,0,0,0
0,0,1,0,1,3,1,2,0,0,0,0,0,0
0,0,0,1,2,2,1,0,4,2,0,0,0,0
0,0,0,0,1,0,0,2,1,4,0,0,0,0
2,1,0,0,1,4,0,2,3,3,0,0,0,0
0,0,0,0,0,1,0,0,0,2,1,2,1,0
1,0,0,1,1,2,1,0,1,5,0,0,0,0
0,1,0,0,1,4,0,0,1,4,0,0,0,0
1,0,2,1,2,2,0,0,0,0,0,0,0,0
0,1,2,2,0,0,3,1,1,2,1,2,1,0
1,0,1,1,3,3,0,0,0,0,0,0,0,0
1,1,0,1,0,0,1,2,1,1,0,0,0,0
0,1,0,1,4,2,1,1,0,0,0,0,0,0
3,0,0,2,1,2,1,2,0,0,0,0,0,0
2,0,1,1,3,3,0,0,0,0,0,0,0,0
1,0,2,0,2,0,0,0,4,3,0,0,0,0
1,0,0,2,2,1,0,1,2,2,0,0,0,0
1,0,0,0,0,0,1,1,2,1,0,0,0,0
2,0,1,3,2,2,4,1,1,2,0,0,0,0
0,0,0,0,3,1,0,1,2,5,0,0,0,0
0,0,0,3,1,2,1,3,4,4,0,0,0,0
1,0,0,2,1,2,1,0,0,0,0,0,0,0
2,1,0,1,5,3,0,0,0,0,0,0,0,0
0,1,1,0,2,2,1,1,2,3,1,1,1,0
1,0,1,0,1,1,1,2,0,0,0,0,0,0
1,0,0,0,0,1,0,1,1,3,0,0,0,0
1,1,1,1,1,1,0,0,0,0,0,0,0,0
1,0,0,0,2,3,0,0,0,0,0,0,0,0
0,0,1,1,2,1,0,0,0,0,0,0,0,0
0,0,0,3,6,3,0,0,0,0,0,0,0,0
2,3,1,0,2,4,0,0,0,0,0,0,0,0
1,2,2,0,0,2,1,1,1,2,0,0,0,0
0,1,0,2,0,0,0,1,2,2,0,0,0,0
0,0,0,1,2,2,0,1,3,1,0,0,0,0
1,1,0,0,2,4,2,2,1,4,0,0,0,0
0,0,0,0,3,1,2,1,0,0,0,0,0,0
2,0,0,1,1,2,2,1,2,2,0,0,0,0
0,0,1,0,4,0,0,1,2,3,0,0,0,0
0,0,0,1,2,2,0,0,0,0,0,0,0,0
3,1,1,1,2,3,1,6,4,6,0,0,0,0
0,0,1,0,3,1,2,4,0,0,0,0,0,0
2,2,1,0,4,1,1,1,1,1,0,0,0,0
4,1,0,0,3,0,0,2,3,2,0,0,0,0
0,0,0,0,0,1,0,1,1,3,0,0,0,0
0,0,0,0,0,1,1,2,1,1,0,0,0,0
0,0,1,2,1,1,1,0,4,1,0,0,0,0
4,0,1,3,3,5,5,4,1,6,0,0,0,0
0,0,1,1,4,4,0,0,0,0,0,0,0,0
0,0,0,1,4,0,2,0,3,2,0,0,0,0
0,0,0,1,0,0,0,1,0,6,0,0,0,0
0,1,0,3,4,2,5,2,1,7,0,0,0,0
4,1,2,0,4,2,1,1,2,3,0,0,0,0
1,0,1,1,1,3,0,0,2,3,0,0,0,0
0,0,0,0,1,4,0,0,0,0,0,0,0,0
0,0,0,2,1,0,1,2,0,1,1,2,1,0
0,0,0,0,0,0,0,0,0,0,0,0,9,0
0,0,0,0,0,0,0,1,1,3,0,0,0,0
3,2,0,2,2,0,0,2,1,2,1,1,1,0
0,0,0,1,1,2,1,1,1,2,0,0,0,0
2,1,0,0,1,1,1,1,1,1,0,0,0,0
5,0,0,0,0,0,0,0,0,0,0,0,0,0
0,1,0,2,1,1,1,0,0,0,0,0,0,0
0,0,1,0,0,4,0,0,2,3,0,0,0,0
1,0,0,0,1,2,0,1,1,2,1,1,2,0
1,0,1,1,2,3,1,1,0,0,0,0,0,0
0,1,0,1,0,3,1,1,1,3,0,0,0,0
0,0,0,1,2,2,0,0,0,0,0,0,0,0
3,0,1,1,3,1,1,5,0,0,0,0,0,0
1,1,2,2,6,1,0,0,0,0,0,0,0,0
3,2,1,0,0,0,1,2,1,1,0,0,0,0
0,1,0,1,3,1,1,1,2,1,0,0,0,0
2,0,1,0,0,2,0,1,1,3,0,0,0,0
1,0,3,5,1,3,0,0,0,0,0,0,0,0
1,0,0,1,1,3,2,1,0,6,0,0,0,0
2,0,1,0,0,3,1,1,0,0,0,0,0,0
0,0,0,1,1,4,0,0,0,0,0,0,0,0
0,0,0,0,1,2,1,0,2,3,0,0,0,0
0,0,1,1,0,0,1,0,1,5,0,0,0,0
1,1,0,4,2,4,3,1,0,0,0,0,0,0
0,0,2,1,2,2,0,0,0,0,0,0,0,0
1,0,0,0,0,1,0,2,2,2,0,0,0,0
1,1,0,2,1,3,1,1,0,0,0,0,0,0
2,1,4,0,2,4,0,0,1,1,2,2,3,0
0,0,1,1,0,2,1,1,2,1,0,0,0,0
1,1,1,2,0,0,0,0,0,0,0,0,0,0
3,2,3,3,6,5,3,6,3,11,0,0,0,0
2,0,0,1,1,3,1,0,3,6,0,0,0,0
1,0,0,2,2,1,0,0,0,0,0,0,0,0
3,1,1,4,1,4,0,0,0,0,0,0,0,0
0,0,1,1,1,1,3,3,0,0,0,0,0,0
3,0,1,1,2,1,0,0,0,0,0,0,0,0
1,0,1,2,2,1,1,1,1,1,0,0,0,0
0,0,0,0,1,4,0,0,0,0,0,0,0,0
0,0,0,1,5,2,0,0,0,0,0,0,0,0
1,0,0,1,2,3,2,1,0,0,0,0,0,0
0,0,1,1,1,2,0,0,0,0,0,0,0,0
0,0,1,1,1,0,0,2,1,5,0,0,0,0
2,1,2,0,0,0,0,0,0,0,0,0,0,0
2,1,0,2,2,1,0,0,0,0,0,0,0,0
1,1,0,4,1,0,2,2,0,5,0,0,0,0
0,0,1,1,0,1,0,1,2,2,0,0,0,0
0,0,0,0,0,0,1,2,2,1,0,0,0,0
2,0,0,1,4,1,0,3,1,5,0,0,0,0
0,1,0,1,0,1,0,2,1,4,0,0,0,0
1,1,1,4,8,9,3,6,3,6,0,0,0,0
0,1,0,0,0,3,1,2,0,0,0,0,0,0
2,0,0,1,2,1,1,2,0,0,0,0,0,0
1,0,1,0,2,4,1,1,0,0,0,0,0,0
1,1,0,0,2,1,0,2,1,2,0,0,0,0
2,1,1,0,0,2,2,0,3,4,0,0,0,0
1,1,1,3,3,0,0,0,0,0,0,0,0,0
0,0,1,0,0,1,1,1,3,1,0,0,0,0
0,0,0,2,1,1,2,1,1,4,0,0,0,0
0,1,1,1,0,0,2,0,3,6,0,0,0,0
1,0,1,2,2,1,0,0,0,0,0,0,0,0
0,0,1,1,2,2,1,3,0,0,0,0,0,0
0,1,0,4,2,1,1,4,0,0,0,0,0,0
1,0,0,1,0,1,2,1,1,1,0,0,0,0
2,1,0,2,2,1,1,2,2,3,0,0,0,0
0,0,0,2,1,2,3,2,0,0,0,0,0,0
0,1,0,0,1,0,1,1,3,0,0,0,0,0
1,0,0,1,0,1,0,5,0,0,0,0,0,0
1,0,0,1,1,1,0,1,2,2,0,0,0,0
1,1,1,1,1,1,0,3,4,3,0,0,0,0
0,2,0,3,2,2,1,2,0,0,0,0,0,0
0,0,1,1,1,2,0,0,0,0,0,0,0,0
4,1,0,2,2,1,1,1,1,6,1,1,1,0
2,0,1,2,2,1,1,0,0,0,0,0,0,0
2,1,0,2,2,1,1,0,0,0,0,0,0,0
1,1,0,1,1,4,0,0,0,0,0,0,0,0
0,0,1,4,3,0,0,0,0,0,0,0,0,0
2,0,1,2,1,3,2,4,3,5,0,0,0,0
5,1,3,1,5,1,1,3,1,7,0,0,0,0
0,0,0,1,1,0,3,1,2,2,0,0,0,0
0,1,0,0,0,0,0,2,0,2,1,1,1,0
1,2,2,4,8,5,0,7,2,3,0,0,0,0
0,0,0,0,2,2,1,1,0,0,0,0,0,0
1,2,2,2,3,4,3,4,1,4,1,1,1,0
5,1,0,1,1,5,0,2,3,0,0,0,0,0
1,0,0,1,7,2,1,2,0,0,0,0,0,0
1,0,0,0,1,4,3,0,1,3,1,2,1,0
1,0,0,0,1,2,0,2,2,4,1,1,1,0
1,1,3,1,3,2,1,2,1,2,1,1,1,0
1,0,0,1,3,5,1,1,0,0,0,0,0,0
1,0,0,1,0,1,0,2,1,2,0,0,0,0
2,1,2,0,0,0,0,0,0,0,0,0,0,0
0,0,1,1,1,1,1,2,0,0,0,0,0,0
0,0,0,0,2,0,1,2,2,4,0,0,0,0
1,0,1,1,2,4,0,0,2,3,0,0,0,0
0,0,0,1,2,3,0,0,0,0,0,0,0,0
0,0,1,1,3,3,1,1,1,3,0,0,0,0
1,0,1,1,3,3,0,0,0,0,0,0,0,0
1,0,0,0,1,1,1,2,0,2,1,1,1,0
2,1,3,0,1,3,1,1,3,2,0,0,0,0
1,0,0,0,4,1,0,0,0,0,0,0,0,0
0,0,0,0,0,4,1,1,1,1,0,0,0,0
2,0,2,2,3,2,0,0,2,3,0,0,0,0
1,0,0,5,3,2,0,0,0,0,0,0,0,0
1,0,0,0,5,2,1,0,1,2,0,3,3,0
0,0,0,2,2,1,2,0,0,0,0,0,0,0
2,0,1,0,2,2,3,1,3,2,0,0,0,0
0,0,2,2,1,0,0,0,0,0,0,0,0,0
3,0,1,0,3,2,1,1,2,3,0,0,0,0
0,0,0,0,2,3,0,0,0,0,0,0,0,0
1,0,2,0,1,4,0,0,0,0,0,0,0,0
1,0,0,0,3,5,1,0,0,0,0,0,0,0
2,0,2,4,1,1,0,0,0,0,0,0,0,0
1,1,0,0,0,1,2,2,0,0,0,0,0,0
1,0,0,2,0,1,0,0,3,1,1,1,1,0
2,1,1,3,3,2,3,1,2,3,0,0,0,0
0,1,0,0,3,2,0,0,0,0,0,0,0,0
1,0,0,1,3,2,0,0,0,0,0,0,0,0
1,1,1,3,2,1,3,3,0,0,0,0,0,0
3,1,0,1,3,3,0,0,0,0,0,0,0,0
1,0,1,1,0,0,0,3,1,3,0,0,0,0
0,0,0,1,1,3,0,0,0,0,0,0,0,0
0,0,0,0,0,1,0,1,1,3,0,0,0,0
0,1,1,2,3,1,0,0,0,0,0,0,0,0
0,0,0,1,2,2,0,0,0,0,0,0,0,0
0,1,2,1,3,1,1,0,0,0,0,0,0,0
2,0,0,2,3,5,0,0,0,0,0,0,0,0
0,1,0,1,1,2,1,1,0,0,0,0,0,0
1,0,1,2,4,3,1,3,1,1,0,0,0,0
2,0,0,2,2,1,0,1,1,2,0,2,3,0
1,0,2,1,2,1,1,1,2,5,0,0,0,0
2,2,2,1,2,0,3,2,1,1,0,0,0,0
0,0,1,1,4,3,0,1,3,3,0,0,0,0
1,1,2,1,3,2,1,4,0,0,0,0,0,0
3,0,0,4,0,1,1,3,1,1,0,0,0,0
1,0,1,1,3,1,1,3,3,1,0,0,0,0
1,0,1,1,1,2,0,0,0,0,0,0,0,0
2,0,0,1,2,2,0,0,0,0,0,0,0,0
0,0,0,4,1,1,0,0,0,0,0,0,0,0
1,3,1,2,5,2,3,8,1,2,0,0,0,0
1,0,2,4,3,3,0,2,3,0,1,1,3,0
1,0,0,0,4,5,0,0,0,0,0,0,0,0
0,0,1,1,0,5,1,0,0,0,0,0,0,0
0,0,0,2,1,2,0,0,0,0,0,0,0,0
0,0,1,3,2,9,1,0,0,0,0,0,0,0
0,0,0,2,2,2,2,1,1,1,1,1,1,0
1,2,0,1,1,1,2,1,0,0,0,0,0,0
1,0,0,0,0,0,1,2,2,2,0,0,0,0
0,1,0,1,2,0,0,3,1,1,0,0,0,0
1,0,1,3,1,1,1,0,0,0,0,0,0,0
1,0,0,2,0,3,1,3,1,3,0,0,0,0
1,2,1,2,3,1,2,2,0,0,0,0,0,0
0,0,0,3,1,2,1,1,0,0,0,0,0,0
2,0,3,0,0,0,1,2,1,1,0,0,0,0
2,0,0,3,1,2,1,1,1,4,0,0,0,0
0,0,0,1,2,0,0,1,2,2,0,0,0,0
0,0,1,2,0,2,1,1,1,1,0,0,0,0
0,2,0,0,0,3,1,1,0,0,0,0,0,0
0,1,0,1,2,1,3,0,0,0,0,0,0,0
0,0,0,1,2,1,1,0,0,0,0,0,0,0
2,0,0,1,1,1,1,3,0,0,0,0,0,0
0,0,2,1,0,0,1,1,2,1,0,0,0,0
1,0,0,0,1,1,1,1,1,3,3,1,1,0
2,0,0,0,1,2,2,2,0,0,0,0,0,0
0,0,0,1,4,0,1,2,1,3,0,0,0,0
0,1,0,2,0,0,0,1,1,3,0,0,0,0
1,0,0,3,1,0,0,1,2,2,0,0,0,0
1,0,0,1,1,4,0,0,0,0,0,0,0,0
0,0,2,1,1,1,0,0,0,0,0,0,0,0
3,0,0,2,0,1,0,2,2,1,0,0,0,0
0,3,2,1,1,1,1,0,1,3,3,3,1,0
0,0,1,3,1,2,0,0,0,0,0,0,0,0
0,1,0,0,1,3,1,3,0,0,0,0,0,0
2,0,0,1,0,3,1,1,0,0,0,0,0,0
0,0,1,2,1,1,3,2,0,0,0,0,0,0
0,0,0,3,0,1,0,1,2,2,0,0,0,0
0,0,1,0,0,0,0,0,2,5,0,0,0,0
0,0,2,0,1,2,1,3,1,2,0,0,0,0
2,0,0,1,0,2,1,2,1,3,0,0,0,0
3,0,1,1,3,1,0,1,1,3,0,0,0,0
1,1,1,1,4,0,3,2,0,0,0,0,0,0
0,0,0,0,2,1,0,1,1,6,0,0,0,0
1,0,0,0,0,5,0,0,0,0,0,0,0,0
1,0,0,1,3,2,0,0,0,0,0,0,0,0
1,0,0,1,3,1,1,1,0,0,0,0,0,0
0,0,1,1,2,1,0,0,0,0,0,0,0,0
2,0,2,2,1,2,0,5,2,1,0,0,0,0
1,0,0,1,0,0,0,0,2,3,1,1,1,0
0,1,0,1,1,2,0,1,1,4,0,0,0,0
0,0,2,0,2,1,2,1,2,3,0,0,0,0
1,1,0,2,0,1,1,2,2,3,1,2,1,0
0,0,0,1,4,3,0,1,1,3,0,0,0,0
1,1,0,2,2,1,1,2,0,0,0,0,0,0
0,0,1,0,2,4,1,0,0,0,0,0,0,0
0,1,1,2,0,3,1,2,0,0,0,0,0,0
2,0,0,1,1,0,4,1,0,0,0,0,0,0
1,0,2,0,3,4,1,0,2,3,0,0,0,0
3,0,0,1,2,2,0,0,0,0,0,0,0,0
2,1,0,2,2,1,0,0,0,0,0,0,0,0
3,1,0,0,2,3,2,4,0,0,0,0,0,0
0,1,2,1,0,3,1,2,1,2,0,0,0,0
0,0,1,0,2,1,1,1,3,2,0,0,0,0
2,0,1,2,3,3,1,1,0,0,0,0,0,0
0,0,0,0,2,1,1,2,1,2,0,0,0,0
2,0,2,0,2,1,1,1,0,0,0,0,0,0
0,1,0,2,1,2,0,0,0,0,0,0,0,0
0,0,0,2,3,1,0,0,0,0,0,0,0,0
0,0,0,0,4,2,1,0,0,0,0,0,0,0
1,1,0,2,1,2,1,1,1,3,0,0,0,0
0,0,0,0,1,2,2,0,0,0,0,0,0,0
1,0,0,1,1,0,1,0,2,3,0,0,0,0
2,1,1,2,3,4,1,1,2,4,0,0,0,0
1,0,2,0,1,2,2,3,0,0,0,0,0,0
0,1,1,0,0,1,0,1,3,1,0,0,0,0
1,0,0,2,0,1,1,3,0,0,0,0,0,0
0,1,0,3,1,2,0,0,0,0,0,0,0,0
1,0,0,2,1,0,2,1,1,3,0,0,0,0
1,0,2,3,0,0,0,0,0,0,0,0,0,0
1,2,0,0,0,2,1,2,0,0,0,0,0,0
2,0,0,1,1,3,1,2,1,1,0,0,0,0
3,1,1,1,1,1,0,0,0,0,0,0,0,0
0,0,1,0,3,1,1,1,0,0,0,0,0,0
4,0,0,3,3,2,1,0,2,2,2,1,1,0
1,0,0,1,0,2,1,1,1,1,0,0,0,0
3,0,0,2,1,1,3,1,0,0,0,0,0,0
0,0,1,3,1,1,1,0,0,0,0,0,0,0
2,1,1,3,5,1,3,7,0,0,0,0,0,0
0,1,0,4,5,2,1,0,0,0,0,0,0,0
0,1,1,1,2,0,0,0,0,0,0,0,0,0
1,0,1,0,2,3,0,0,0,0,0,0,0,0
0,1,0,1,1,1,1,1,0,0,0,0,0,0
6,0,0,0,1,1,1,2,1,1,0,0,0,0
3,0,2,1,3,0,0,0,0,0,0,0,0,0
1,0,0,1,3,1,0,0,0,0,0,0,0,0
1,0,2,2,5,3,1,3,0,0,0,0,0,0
0,0,0,1,3,1,0,0,0,0,0,0,0,0
0,1,0,2,1,2,1,1,1,1,0,0,0,0
0,0,0,1,0,4,2,2,0,0,0,0,0,0
1,0,1,0,2,2,1,3,1,1,0,0,0,0
0,1,1,2,3,0,0,0,0,0,0,0,0,0
1,1,0,2,0,1,2,4,1,4,0,0,0,0
2,2,0,0,0,1,2,3,1,2,0,0,0,0
2,0,1,1,3,1,0,0,0,0,0,0,0,0
0,0,1,0,1,2,2,3,0,0,0,0,0,0
0,0,2,1,0,1,1,0,1,1,1,1,1,0
0,1,1,5,1,1,0,0,0,5,0,0,0,0
0,1,1,1,1,2,1,0,0,0,0,0,0,0
2,0,0,1,1,3,0,0,0,0,0,0,0,0
2,0,1,0,3,2,1,1,1,2,0,0,0,0
0,0,1,0,1,0,0,1,2,3,1,1,1,0
0,0,0,2,2,1,0,0,0,0,0,0,0,0
0,1,0,0,1,0,0,2,2,1,0,0,0,0
0,2,1,3,2,0,0,0,0,0,0,0,0,0
0,0,0,0,3,2,0,0,0,0,0,0,0,0
1,1,0,2,2,1,0,0,0,0,0,0,0,0
1,0,1,1,1,0,1,1,1,3,0,0,0,0
1,1,2,0,2,3,0,0,0,0,0,0,0,0
0,0,0,1,2,2,0,4,1,3,0,0,0,0
2,3,0,1,2,1,0,1,2,2,0,0,0,0
1,0,0,1,1,1,1,4,1,4,1,2,2,0
2,1,1,1,5,4,0,5,6,3,0,0,0,0
5,0,0,0,0,0,0,0,0,0,0,0,0,0
1,1,1,0,2,2,1,6,0,0,0,0,0,0
1,0,1,1,1,3,4,3,0,0,0,0,0,0
0,0,0,3,3,1,1,0,1,1,1,1,1,0
2,0,0,1,0,0,0,2,1,2,0,0,0,0
0,0,1,0,1,1,1,2,0,0,0,0,0,0
1,0,0,0,1,1,3,2,0,0,0,0,0,0
1,0,1,2,1,2,1,3,0,0,0,0,0,0
0,1,2,1,0,5,1,5,1,4,0,0,0,0
0,0,0,0,2,0,1,1,2,1,0,0,0,0
1,2,0,2,1,0,1,1,3,3,2,1,1,0
2,1,1,1,0,0,0,0,0,0,0,0,0,0
0,1,0,1,3,1,1,0,0,0,0,0,0,0
2,0,0,0,5,3,0,0,0,0,0,0,0,0
2,0,2,1,2,0,2,2,0,3,1,1,2,0
0,0,2,2,0,0,1,2,1,1,0,0,0,0
0,0,0,1,0,4,0,5,0,0,0,0,0,0
1,1,0,0,1,4,0,0,0,0,0,0,0,0
1,0,0,3,1,3,0,0,0,0,0,0,0,0
0,0,0,2,1,1,1,1,0,0,0,0,0,0
0,0,0,1,0,3,1,0,1,1,1,1,1,0
2,1,2,3,2,4,3,1,0,0,0,0,0,0
0,2,1,1,1,2,0,0,0,0,0,0,0,0
0,0,1,1,2,1,0,0,3,1,1,1,1,0
3,1,1,0,0,0,0,0,0,0,0,0,0,0
2,0,1,0,1,1,0,1,2,3,0,0,0,0
1,0,0,3,1,0,0,2,1,2,0,0,0,0
0,0,0,1,0,3,2,1,2,1,1,1,1,0
2,0,0,3,1,2,1,3,0,0,0,0,0,0
2,0,2,1,0,2,1,2,1,1,0,0,0,0
1,0,1,1,2,1,0,0,0,0,0,0,0,0
1,1,0,2,5,2,2,1,0,0,0,0,0,0
2,0,0,1,1,1,1,5,0,0,0,0,0,0
0,1,1,1,2,1,1,2,0,0,0,0,0,0
0,1,0,0,3,2,0,1,1,3,0,0,0,0
0,0,0,1,3,1,0,0,0,0,0,0,0,0
1,0,0,1,4,1,0,0,0,0,0,0,0,0
1,0,0,0,1,0,0,0,1,6,0,0,0,0
1,0,1,3,0,2,4,0,0,0,0,0,0,0
0,2,0,2,2,2,1,1,0,0,0,0,0,0
1,1,0,0,2,3,0,0,0,0,0,0,0,0
0,0,0,0,2,3,0,0,0,0,0,0,0,0
4,1,0,1,10,3,4,8,0,5,0,0,0,0
1,1,0,3,4,2,0,0,0,0,0,0,0,0
1,0,0,2,0,2,2,1,1,1,0,0,0,0
0,0,0,1,2,3,0,0,0,0,0,0,0,0
0,1,1,0,2,5,1,3,0,3,1,5,1,0
1,0,0,0,0,0,0,6,0,0,0,0,0,0
1,0,0,1,1,2,1,2,0,0,0,0,0,0
0,0,2,1,1,2,0,0,0,0,0,0,0,0
0,1,0,0,0,1,2,0,1,1,1,1,1,0
0,0,2,3,2,0,0,0,0,0,0,0,0,0
3,0,0,1,3,6,0,0,0,0,0,0,0,0
1,0,1,2,1,3,2,0,0,0,0,0,0,0
0,1,3,0,7,4,0,0,0,0,0,0,0,0
1,1,1,4,4,1,2,1,0,0,0,0,0,0
1,0,1,1,1,0,0,2,1,2,0,0,0,0
2,0,0,1,1,3,1,0,0,0,0,0,0,0
0,0,0,0,1,2,0,2,1,2,0,0,0,0
0,2,0,0,0,0,2,4,0,0,0,0,0,0
0,0,1,2,0,2,1,2,1,3,0,0,0,0
3,2,0,4,1,2,1,3,1,4,0,0,0,0
1,0,1,1,2,1,0,0,0,0,0,0,0,0
1,0,2,3,4,1,1,1,3,1,0,0,0,0
0,0,0,2,3,1,2,2,1,1,0,0,0,0
1,0,1,0,2,0,2,1,1,2,0,0,0,0
1,1,1,1,3,3,1,4,0,0,0,0,0,0
0,2,0,1,0,1,1,1,4,2,2,1,2,0
1,0,0,1,2,4,3,3,1,7,0,0,0,0
0,0,0,1,1,3,0,0,0,0,0,0,0,0
1,0,0,1,2,3,0,0,0,0,0,0,0,0
2,0,0,2,1,1,2,1,0,0,0,0,0,0
2,1,0,3,1,5,1,1,1,3,0,0,0,0
0,0,0,2,2,4,0,0,0,0,0,0,0,0
0,1,1,0,3,1,1,0,0,0,0,0,0,0
0,1,0,1,4,5,0,0,0,0,0,0,0,0
0,0,1,2,2,2,0,1,2,2,0,0,0,0
2,1,0,0,1,1,1,1,2,3,3,1,1,0
0,0,0,0,1,1,1,1,1,1,0,0,0,0
1,0,2,2,1,0,0,0,0,0,0,0,0,0
1,0,0,0,2,0,0,2,0,2,1,1,1,0
0,1,0,4,0,2,1,3,0,0,0,0,0,0
1,1,0,1,2,3,1,3,0,0,0,0,0,0
3,0,1,1,2,3,3,5,3,1,0,0,0,0
2,1,0,3,5,6,1,0,0,0,0,0,0,0
2,0,0,2,2,1,1,3,2,6,0,0,0,0
0,0,1,0,0,2,3,1,1,1,1,1,2,0
4,3,1,9,4,6,3,7,4,2,2,2,1,0
0,0,1,1,1,2,2,2,0,0,0,0,0,0
0,1,0,2,2,3,1,2,1,1,0,0,0,0
0,1,1,0,2,1,1,0,1,3,1,1,3,0
1,0,2,0,4,3,1,1,1,1,0,0,0,0
1,0,0,4,1,3,3,1,3,2,0,0,0,0
0,1,0,2,0,2,3,2,1,2,0,0,0,0
1,2,0,3,1,1,1,1,1,2,1,1,1,0
2,0,0,0,2,3,0,0,0,0,0,0,0,0
1,0,0,0,2,4,3,2,0,0,0,0,0,0
2,1,0,1,3,4,3,1,2,1,0,0,0,0
1,1,1,2,3,0,0,0,0,0,0,0,0,0
0,0,1,1,1,2,1,2,0,0,0,0,0,0
1,0,1,1,0,1,0,2,1,2,0,0,0,0
1,0,2,2,1,2,0,0,0,0,0,0,0,0
0,0,0,0,1,1,1,0,3,3,0,0,0,0
1,0,1,1,0,1,2,2,0,0,0,0,0,0
2,1,1,4,3,2,1,1,2,0,2,1,2,0
4,0,0,2,1,1,1,1,2,2,0,0,0,0
3,1,0,2,4,4,1,0,0,4,1,1,1,0
1,1,0,1,1,4,0,0,0,0,0,0,0,0
1,0,1,0,0,0,2,2,1,2,0,0,0,0
0,0,0,2,1,1,1,0,0,0,0,0,0,0
2,1,0,0,0,1,0,0,1,1,1,1,1,0
0,1,1,1,1,0,0,1,1,4,0,0,0,0
1,1,1,0,1,2,2,1,0,0,0,0,0,0
4,0,0,1,0,1,2,2,1,1,0,0,0,0
1,0,3,1,4,3,1,1,2,5,0,0,0,0
2,0,2,0,0,1,3,1,0,0,0,0,0,0
0,0,0,1,2,4,0,0,0,0,0,0,0,0
0,1,0,1,3,0,0,1,3,1,0,0,0,0
1,3,2,1,3,2,1,1,1,2,0,0,0,0
0,0,0,2,1,0,0,0,1,5,0,0,0,0
10,2,2,5,7,5,2,8,2,2,0,0,0,0
4,1,0,0,5,2,1,3,1,2,0,0,0,0
4,1,1,2,4,4,2,2,3,4,1,2,1,0
1,0,1,1,0,1,3,1,0,0,0,0,0,0
1,1,0,0,1,0,0,1,1,0,1,2,2,0
0,1,2,0,3,0,2,4,1,2,0,0,0,0
4,1,4,3,3,5,2,4,2,4,0,0,0,0
0,0,0,1,0,0,3,1,1,2,0,0,0,0
0,1,0,0,4,1,0,1,2,1,1,1,2,0
0,1,0,1,0,0,0,3,1,2,0,0,0,0
0,1,1,1,3,0,2,3,4,6,0,0,0,0
2,0,0,1,1,3,2,1,0,0,0,0,0,0
2,0,0,1,3,1,1,1,3,2,0,0,0,0
3,0,0,0,2,1,1,1,2,2,0,0,0,0
1,0,1,5,2,2,0,0,0,0,0,0,0,0
0,0,0,0,0,3,1,1,1,2,0,0,0,0
1,0,0,0,2,3,0,0,2,3,0,0,0,0
1,0,0,3,3,8,2,5,2,4,0,0,0,0
0,0,0,0,1,0,0,0,1,1,2,1,1,0
0,0,0,7,2,1,3,1,0,0,0,0,0,0
0,0,0,0,1,3,1,1,0,0,0,0,0,0
2,0,2,1,4,4,0,0,0,0,0,0,0,0
0,0,0,0,2,2,1,1,0,0,0,0,0,0
2,0,0,2,2,3,1,2,3,2,0,0,0,0
0,1,0,1,1,0,0,1,2,1,2,1,1,0
1,1,0,0,4,0,0,5,1,3,0,0,0,0
0,1,0,0,1,4,0,0,0,0,0,0,0,0
0,1,0,0,0,2,0,2,1,4,1,1,1,0
3,0,0,1,1,3,0,0,0,0,0,0,0,0
0,0,2,0,3,1,2,2,1,1,0,0,0,0
1,0,1,2,1,1,0,1,3,4,0,0,0,0
0,0,3,3,0,0,0,0,0,0,0,0,0,0
0,0,0,2,2,1,0,0,0,0,0,0,0,0
1,0,1,1,4,2,0,0,0,0,0,0,0,0
2,1,0,1,3,1,0,0,0,0,0,0,0,0
0,0,0,2,2,2,0,0,0,0,0,0,0,0
1,0,0,2,3,0,3,1,1,3,0,0,0,0
1,0,0,0,1,1,1,1,2,1,0,0,0,0
1,0,0,0,1,2,1,1,1,3,0,0,0,0
0,1,2,1,1,1,1,2,0,0,0,0,0,0
1,2,0,2,3,3,0,0,0,0,0,0,0,0
0,0,2,2,1,2,0,0,0,0,0,0,0,0
1,0,0,1,3,1,1,1,0,0,0,0,0,0
3,0,0,2,0,1,1,1,2,2,0,0,0,0
2,0,1,0,2,1,2,1,1,1,0,0,0,0
0,1,1,3,1,1,0,1,1,3,0,0,0,0
1,2,1,3,3,2,1,3,0,0,0,0,0,0
4,0,1,3,3,0,1,1,1,2,0,0,0,0
1,0,0,1,1,1,2,1,0,0,0,0,0,0
1,0,0,1,0,2,1,1,1,2,0,0,0,0
0,1,0,0,1,1,0,3,1,1,0,0,0,0
0,0,0,1,1,3,0,0,0,0,0,0,0,0
0,0,0,1,5,4,2,3,1,4,0,0,0,0
3,2,3,1,1,6,0,1,2,4,0,0,0,0
1,0,1,1,1,1,0,0,3,1,2,1,1,0
3,0,1,0,4,3,2,2,4,3,1,1,1,0
2,1,0,0,3,2,3,1,2,2,0,0,0,0
0,0,0,0,0,1,0,3,1,1,0,0,0,0
1,0,0,1,0,2,1,1,2,1,0,0,0,0
1,0,0,1,2,3,0,0,0,0,0,0,0,0
0,0,1,0,2,1,1,1,0,0,0,0,0,0
0,2,1,2,1,2,3,2,1,1,1,1,1,0
0,0,0,4,1,3,3,4,1,6,0,0,0,0
1,0,1,2,3,1,1,3,5,0,0,0,0,0
1,0,1,4,2,3,0,6,2,5,0,0,0,0
1,1,1,5,0,2,3,0,0,0,0,0,0,0
2,0,0,1,1,2,2,0,0,0,0,0,0,0
1,2,3,1,3,5,4,2,0,0,0,0,0,0
2,0,1,1,2,1,0,0,0,0,0,0,0,0
1,0,1,0,2,3,1,1,0,0,0,0,0,0
3,0,0,2,1,4,0,0,0,0,0,0,0,0
3,0,0,3,1,1,2,3,0,0,0,0,0,0
3,0,2,0,0,1,0,1,1,3,2,1,1,0
0,0,1,1,2,2,2,3,2,2,0,0,0,0
2,0,0,0,1,1,1,1,1,1,0,0,0,0
2,0,0,2,3,1,0,0,0,0,0,0,0,0
1,0,0,1,3,1,0,0,0,0,0,0,0,0
1,0,0,0,1,2,1,1,0,0,0,0,0,0
1,0,1,0,1,3,1,3,1,2,0,0,0,0
2,1,0,1,0,1,1,3,0,0,0,0,0,0
0,0,0,1,1,4,0,0,0,0,0,0,0,0
0,2,1,1,1,3,0,1,2,2,0,0,0,0
0,0,0,5,1,1,2,2,1,6,0,0,0,0
0,1,0,2,3,1,2,2,5,4,0,0,0,0
3,0,2,3,4,4,2,1,1,2,1,1,1,0
0,0,0,1,1,1,1,1,2,0,0,0,0,0
1,0,1,3,1,1,1,1,0,0,0,0,0,0
3,0,0,4,1,3,1,2,0,0,0,0,0,0
0,1,0,2,6,2,0,0,0,0,0,0,0,0
1,0,0,1,4,0,0,3,1,1,0,0,0,0
1,0,1,1,4,0,0,0,0,0,0,0,0,0
0,0,0,4,1,1,0,0,0,0,0,0,0,0
0,1,0,1,3,0,0,3,1,2,0,0,0,0
0,0,1,0,2,2,1,1,0,0,0,0,0,0
0,0,2,0,0,1,0,5,1,3,0,0,0,0
0,0,0,0,0,4,1,4,0,0,0,0,0,0
0,1,0,3,2,0,0,1,2,3,0,0,0,0
2,0,1,1,7,0,1,1,0,6,0,0,0,0
1,1,0,0,1,0,0,2,2,1,0,0,0,0
1,0,2,3,8,5,0,2,1,4,0,0,0,0
0,1,0,0,1,0,1,1,1,2,0,0,0,0
1,1,0,1,2,2,1,4,2,2,2,1,2,0
6,1,2,1,3,3,2,2,2,2,0,0,0,0
2,2,0,2,2,0,0,0,3,2,0,0,0,0
0,0,0,2,0,3,2,1,1,1,0,0,0,0
2,1,0,0,0,2,1,1,2,2,0,0,0,0
1,0,5,1,1,3,2,2,1,3,0,0,0,0
0,0,0,2,3,0,0,0,0,0,0,0,0,0
2,0,0,1,3,1,3,3,0,0,0,0,0,0
0,0,0,1,2,2,0,0,0,0,0,0,0,0
1,1,0,1,2,4,0,3,1,3,2,5,1,0
0,0,1,0,2,4,0,0,0,0,0,0,0,0
2,1,2,0,0,0,0,0,0,0,0,0,0,0
1,0,0,2,0,2,1,2,1,1,0,0,0,0
1,2,3,0,0,0,0,0,0,0,0,0,0,0
0,0,0,1,0,2,1,1,1,2,0,0,0,0
0,1,1,0,5,1,2,2,2,1,0,0,0,0
0,0,0,0,1,1,1,2,0,0,0,0,0,0
0,0,0,1,1,1,1,1,1,1,0,0,0,0
2,2,0,2,4,2,1,1,1,4,0,0,0,0
1,0,0,2,0,2,1,0,3,2,0,0,0,0
2,0,2,1,2,0,0,0,0,0,0,0,0,0
4,1,1,2,0,4,3,1,1,5,4,2,1,0
0,0,1,1,1,2,0,5,0,0,0,0,0,0
0,2,0,1,0,2,1,1,1,1,0,0,0,0
1,3,1,2,2,2,1,1,0,2,2,2,1,0
1,0,1,2,2,5,1,2,0,0,0,0,0,0
5,0,0,0,0,0,0,0,0,0,0,0,0,0
1,0,0,2,3,2,0,0,0,0,0,0,0,0
0,0,0,4,5,4,2,3,2,4,0,0,0,0
0,0,0,1,1,1,2,0,0,0,0,0,0,0
3,1,1,0,1,1,2,2,1,2,0,0,0,0
2,0,0,0,2,3,0,0,0,0,0,0,0,0
0,0,1,1,1,1,1,1,0,0,0,0,0,0
0,0,1,0,2,3,0,0,0,0,0,0,0,0
2,0,0,2,2,2,2,1,0,0,0,0,0,0
1,0,2,0,2,3,0,0,0,0,0,0,0,0
0,0,1,1,2,0,3,2,0,0,0,0,0,0
1,1,2,1,1,1,0,0,0,0,0,0,0,0
3,1,0,0,1,2,1,4,1,3,0,0,0,0
1,1,0,3,3,1,1,1,2,3,0,0,0,0
2,1,0,3,2,2,0,0,0,0,0,0,0,0
3,1,3,2,2,2,0,0,0,0,0,0,0,0
1,2,1,2,2,4,1,1,6,1,0,0,0,0
0,0,1,1,3,1,0,0,0,0,0,0,0,0
1,1,3,2,5,3,1,2,1,3,0,0,0,0
0,0,0,2,1,2,0,0,0,0,0,0,0,0
2,0,0,0,0,2,0,2,1,2,0,0,0,0
0,0,3,0,1,1,0,2,2,2,0,0,0,0
5,4,1,1,1,2,1,3,3,3,1,2,2,0
1,0,0,4,3,0,0,0,0,0,0,0,0,0
3,1,2,1,0,0,0,0,0,0,0,0,0,0
0,1,1,1,1,1,2,0,0,0,0,0,0,0
2,0,0,2,3,1,1,0,0,0,0,0,0,0
0,0,1,1,0,2,1,1,2,1,0,0,0,0
2,1,1,2,2,3,1,0,0,0,0,0,0,0
2,1,0,3,2,2,0,0,0,0,0,0,0,0
0,1,1,0,0,4,0,3,1,2,0,0,0,0
0,0,0,2,1,2,0,0,0,0,0,0,0,0
0,0,0,2,1,2,0,0,0,0,0,0,0,0
0,0,1,2,2,2,1,1,1,3,0,0,0,0
0,0,1,3,1,1,0,0,0,0,0,0,0,0
0,0,1,0,0,3,1,1,1,1,0,0,0,0
0,1,1,0,2,3,0,0,0,0,0,0,0,0
1,0,0,0,0,2,4,2,0,0,0,0,0,0
2,1,1,0,4,3,2,3,3,2,0,0,0,0
0,1,0,2,1,1,1,0,0,0,0,0,0,0
1,0,1,0,0,0,0,1,2,2,0,0,0,0
1,0,1,1,2,6,0,0,0,0,0,0,0,0
1,1,2,3,1,2,1,4,2,2,0,0,0,0
0,0,0,0,2,3,0,0,0,0,0,0,0,0
3,2,2,2,0,0,0,0,0,0,0,0,0,0
1,0,0,2,3,3,0,0,0,0,0,0,0,0
0,0,0,2,1,0,1,2,2,1,0,0,0,0
0,0,1,0,2,3,0,0,0,0,0,0,0,0
0,1,0,0,0,2,1,3,0,2,1,1,4,0
0,0,0,1,1,0,0,4,0,1,2,2,1,0
1,0,0,2,1,3,0,0,0,0,0,0,0,0
1,0,0,0,3,2,1,1,0,5,0,0,0,0
2,1,1,1,0,2,2,6,0,6,0,2,3,0
4,0,1,1,3,1,1,1,0,0,0,0,0,0
0,0,0,1,3,1,2,1,3,1,0,0,0,0
1,0,0,1,4,2,1,1,0,0,0,0,0,0
0,0,1,3,5,0,2,2,2,2,0,0,0,0
2,1,1,2,3,2,2,3,2,3,0,0,0,0
1,0,0,1,2,0,1,0,2,3,0,0,0,0
0,0,0,0,3,2,0,2,2,1,0,0,0,0
0,1,0,0,0,4,0,1,1,4,0,0,0,0
2,0,2,1,0,1,1,1,1,3,0,0,0,0
0,0,1,2,0,4,1,1,0,0,0,0,0,0
1,0,0,0,2,2,0,0,1,4,0,0,0,0
1,0,0,1,1,1,1,1,0,0,0,0,0,0
0,0,0,1,0,3,1,3,0,0,0,0,0,0
0,0,0,0,0,1,0,2,1,2,0,0,0,0
1,0,0,0,4,3,2,0,0,0,0,0,0,0
0,0,1,0,1,3,1,0,0,0,0,0,0,0
0,0,1,0,2,1,2,1,2,2,3,1,1,0
3,1,0,7,3,2,1,1,1,4,0,0,0,0
0,0,0,0,0,2,0,1,3,2,0,0,0,0
1,1,0,3,0,0,2,2,2,1,0,0,0,0
2,0,1,2,0,0,1,2,1,1,1,1,2,0
0,1,0,0,1,1,0,1,0,2,2,2,3,0
1,0,0,1,0,0,2,3,1,2,0,0,0,0
3,1,0,0,1,3,1,0,0,4,1,1,1,0
1,0,1,1,2,3,0,0,0,0,0,0,0,0
0,0,1,1,1,2,0,0,0,0,0,0,0,0
0,0,2,2,1,1,0,1,0,1,1,2,1,0
1,0,2,1,1,1,0,0,0,0,0,0,0,0
0,0,0,0,2,1,1,1,1,1,0,0,0,0
1,1,0,2,2,2,0,0,0,0,0,0,0,0
1,0,1,1,1,1,0,2,3,5,0,0,0,0
0,0,0,1,0,1,1,1,1,1,0,0,0,0
0,1,2,1,3,1,1,4,0,0,0,0,0,0
0,0,0,0,2,1,0,3,1,1,0,0,0,0
0,0,1,0,2,3,1,2,1,2,0,0,0,0
2,0,0,4,3,3,0,1,1,4,0,0,0,0
0,1,0,1,2,2,1,1,0,0,0,0,0,0
1,0,1,0,1,6,0,0,0,0,0,0,0,0
0,0,0,1,1,2,2,2,0,0,0,0,0,0
3,2,0,0,3,1,1,0,2,3,0,0,0,0
1,0,0,2,2,1,0,0,0,3,1,3,2,0
1,0,0,1,0,2,0,2,3,3,0,0,0,0
0,0,0,0,1,1,2,1,0,0,0,0,0,0
0,0,0,1,1,0,2,4,0,0,0,0,0,0
1,0,0,1,1,3,0,0,0,0,0,0,0,0
3,0,0,1,3,4,0,1,3,3,2,1,1,0
0,1,1,2,2,0,0,0,0,0,0,0,0,0
1,1,0,0,2,1,0,1,3,2,0,0,0,0
3,2,0,3,3,3,0,0,0,0,0,0,0,0
0,1,1,2,1,4,0,0,0,0,0,0,0,0
1,0,1,0,2,1,0,1,1,4,1,2,1,0
1,0,1,2,1,1,1,3,2,1,0,0,0,0
3,2,0,1,0,0,0,2,1,2,0,0,0,0
1,0,0,0,1,1,1,3,0,0,0,0,0,0
0,0,0,0,3,0,1,2,1,2,0,0,0,0
0,0,0,2,1,2,0,0,0,0,0,0,0,0
1,0,1,0,2,3,2,0,0,0,0,0,0,0
2,2,2,1,7,6,4,5,1,4,0,0,0,0
0,1,2,1,3,1,0,0,0,0,0,0,0,0
4,1,0,0,2,1,1,1,0,0,0,0,0,0
0,1,0,0,3,2,2,4,3,7,0,0,0,0
2,0,3,1,3,2,3,1,1,1,0,0,0,0
0,0,0,0,3,1,0,3,0,3,1,2,2,0
1,0,0,1,2,4,0,1,0,5,1,1,1,0
0,1,0,0,2,0,1,0,0,2,1,1,2,0
1,0,0,0,2,2,0,1,1,4,0,0,0,0
2,0,0,0,2,1,1,1,0,0,0,0,0,0
0,0,0,0,0,0,0,0,0,2,1,1,1,0
2,1,0,2,2,1,0,0,1,4,1,1,1,0
1,0,1,1,2,1,1,1,2,3,0,0,0,0
0,0,0,0,1,1,0,2,1,3,0,0,0,0
0,0,2,3,0,0,0,0,0,0,0,0,0,0
3,0,0,3,2,1,0,0,0,0,0,0,0,0
0,1,0,0,1,3,2,2,1,1,0,0,0,0
1,0,0,0,0,1,2,2,0,0,0,0,0,0
0,0,0,2,1,1,0,3,2,3,0,0,0,0
1,1,0,0,4,2,0,0,0,0,0,0,0,0
0,0,0,0,0,0,0,0,0,0,0,0,5,0
4,1,0,5,2,2,1,4,0,0,0,0,0,0
0,0,0,0,2,4,0,0,0,0,0,0,0,0
0,2,0,0,0,0,1,4,0,0,0,0,0,0
0,0,0,0,3,2,0,4,1,5,0,0,0,0
0,0,0,2,1,3,1,1,0,0,0,0,0,0
1,0,0,5,3,4,1,4,1,3,0,0,0,0
0,1,0,1,1,1,0,3,1,1,0,0,0,0
3,0,1,4,3,7,4,7,2,7,0,0,0,0
1,0,2,4,2,2,1,1,1,3,0,0,0,0
0,0,0,2,1,6,0,0,0,0,0,0,0,0
1,0,1,1,1,2,0,2,3,1,0,0,0,0
2,0,1,1,4,4,3,4,1,1,1,1,1,0
0,0,1,0,1,0,0,0,0,2,1,1,1,0
3,0,0,1,2,1,1,1,0,0,0,0,0,0
7,3,2,3,5,4,1,6,5,2,1,6,3,0
1,0,1,1,1,3,1,1,0,0,0,0,0,0
0,0,0,1,3,2,0,0,0,0,0,0,0,0
3,1,0,0,3,2,0,0,0,0,0,0,0,0
0,0,0,3,3,0,0,0,0,0,0,0,0,0
3,1,0,3,3,0,0,4,1,0,0,0,0,0
2,1,1,1,1,4,1,1,0,0,0,0,0,0
0,0,0,0,1,2,1,1,1,4,0,0,0,0
4,0,0,1,3,1,1,3,0,0,0,0,0,0
1,0,0,0,2,0,2,0,1,4,0,0,0,0
1,0,0,0,3,2,1,1,0,0,0,0,0,0
1,0,0,4,1,3,1,4,1,2,0,0,0,0
2,2,0,2,4,2,1,5,3,1,0,3,2,0
0,2,0,2,2,2,0,2,1,1,2,1,2,0
1,0,0,2,1,3,1,1,0,0,0,0,0,0
1,1,0,2,1,2,1,0,0,0,0,0,0,0
0,0,1,0,0,2,1,2,0,0,0,0,0,0
0,0,0,0,1,1,2,0,0,0,3,1,1,0
1,2,0,4,3,2,1,4,3,9,1,1,2,0
1,0,1,1,2,3,0,0,0,0,0,0,0,0
5,5,1,4,3,2,1,1,2,3,1,1,2,0
2,0,0,0,3,2,0,0,2,2,2,1,1,0
3,0,0,0,2,3,0,0,0,0,0,0,0,0
1,0,1,3,1,3,0,0,0,0,0,0,0,0
1,0,0,1,0,2,2,1,0,0,0,0,0,0
1,0,1,1,2,3,0,0,0,0,0,0,0,0
1,0,0,0,1,0,1,2,3,1,0,0,0,0
0,0,1,0,1,1,1,3,0,0,0,0,0,0
2,0,0,4,3,2,0,0,0,0,0,0,0,0
2,0,1,0,0,3,2,1,0,0,0,0,0,0
0,0,1,3,1,1,1,1,0,0,0,0,0,0
3,1,0,1,0,2,2,1,1,4,1,1,1,0
1,0,0,2,1,1,1,2,0,0,0,0,0,0
1,0,0,0,2,4,1,1,3,4,0,0,0,0
1,0,1,0,1,3,2,1,0,0,0,0,0,0
3,1,4,1,1,0,0,0,0,0,0,0,0,0
0,2,0,1,0,1,1,1,1,2,0,0,0,0
1,2,3,0,0,0,0,0,0,0,0,0,0,0
0,0,1,0,0,0,0,0,1,6,0,0,0,0
1,0,1,2,0,0,0,2,1,3,0,0,0,0
0,0,0,0,0,0,0,7,0,8,0,0,0,0
1,0,0,2,5,2,2,1,1,3,0,0,0,0
0,0,0,0,1,1,1,2,0,0,0,0,0,0
0,0,3,2,1,4,1,0,1,5,0,0,0,0
1,1,3,2,4,10,1,4,2,2,0,0,0,0
0,0,0,1,2,2,0,0,0,0,0,0,0,0
1,1,0,1,1,3,0,0,0,0,0,0,0,0
4,1,1,4,3,2,0,2,1,5,0,0,0,0
2,0,2,2,1,2,2,1,1,4,0,0,0,0
1,0,0,0,0,2,1,0,0,2,0,2,3,0
0,0,0,0,1,3,1,2,0,0,0,0,0,0
0,1,0,1,0,4,1,3,0,0,0,0,0,0
0,0,2,0,3,1,1,0,0,0,0,0,0,0
3,0,0,5,6,3,0,1,1,3,0,0,0,0
1,0,0,1,1,1,1,1,0,0,0,0,0,0
0,0,0,0,2,2,0,3,1,1,0,0,0,0
0,0,2,1,4,2,0,0,0,0,0,0,0,0
0,0,1,1,1,1,1,0,0,0,0,0,0,0
2,1,0,1,4,2,0,0,0,0,0,0,0,0
0,0,0,0,0,0,0,2,2,3,0,0,0,0
1,0,2,1,0,0,3,4,1,2,0,0,0,0
0,0,0,0,1,0,0,0,2,3,0,0,0,0
1,1,1,0,1,0,1,1,2,1,0,0,0,0
1,0,0,0,1,0,0,1,2,3,0,0,0,0
1,0,1,1,0,0,0,3,0,1,2,1,1,0
0,0,0,1,1,3,0,0,0,0,0,0,0,0
1,0,0,3,2,1,1,1,0,5,2,1,1,0
3,0,0,2,0,2,3,2,1,1,0,0,0,0
0,0,0,3,1,2,0,0,0,0,0,0,0,0
0,0,0,0,0,1,1,3,0,0,0,0,0,0
1,0,0,0,0,0,1,1,1,2,0,0,0,0
1,0,1,0,2,3,0,0,0,0,0,0,0,0
0,0,1,2,1,1,0,0,2,5,0,0,0,0
1,2,0,2,2,1,0,0,0,0,0,0,0,0
2,0,0,2,1,1,1,3,2,3,0,0,0,0
0,1,0,0,0,2,1,1,1,2,0,0,0,0
3,0,1,1,1,2,0,0,0,0,0,0,0,0
0,0,0,0,0,2,0,1,1,3,0,0,0,0
1,0,1,2,1,0,1,0,3,2,0,0,0,0
1,1,1,1,1,2,2,2,1,1,0,0,0,0
0,0,1,0,0,0,2,1,1,1,0,0,0,0
0,0,1,0,1,1,1,2,0,0,0,0,0,0
2,0,0,0,1,4,0,0,0,0,0,0,0,0
0,0,1,0,1,4,0,0,0,0,0,0,0,0
2,0,0,1,0,0,0,1,5,2,0,0,0,0
5,1,1,1,4,5,6,2,0,3,2,1,1,0
1,0,0,3,4,1,0,0,1,4,0,0,0,0
0,0,1,0,0,2,1,1,1,1,0,0,0,0
3,0,0,4,2,1,2,1,0,0,0,0,0,0
0,1,0,3,1,3,0,0,0,0,0,0,0,0
0,0,0,1,0,1,1,2,1,1,0,0,0,0
0,0,0,0,1,1,3,3,0,0,0,0,0,0
0,0,0,1,3,1,0,0,0,0,0,0,0,0
1,3,2,1,4,3,2,2,0,0,0,0,0,0
2,1,0,1,1,3,0,0,0,0,0,0,0,0
1,0,0,0,0,2,3,1,1,2,0,0,0,0
0,3,0,1,1,1,0,0,2,3,0,0,0,0
1,0,0,0,2,3,1,2,1,2,0,0,0,0
0,2,0,3,2,1,0,0,0,0,0,0,0,0
0,0,0,1,0,5,0,0,0,0,0,0,0,0
0,0,0,0,0,1,2,2,1,1,0,0,0,0
1,1,0,1,1,1,1,1,0,0,0,0,0,0
1,1,0,0,4,1,1,2,1,4,0,0,0,0
1,0,0,0,2,3,0,0,0,0,0,0,0,0
1,1,0,2,1,0,2,1,1,2,0,0,0,0
1,1,0,0,4,1,0,3,0,6,0,0,0,0
0,1,0,1,1,2,0,1,1,3,0,0,0,0
1,2,2,0,0,0,0,0,0,0,0,0,0,0
1,1,4,0,0,0,0,2,3,1,0,0,0,0
0,0,0,1,1,3,0,0,0,0,0,0,0,0
1,1,0,3,2,3,1,1,0,0,0,0,0,0
0,1,1,3,1,3,0,2,2,1,0,0,0,0
0,0,1,0,3,3,0,2,1,2,0,0,0,0
0,0,0,1,0,2,0,0,5,2,0,0,0,0
4,0,1,4,0,0,0,0,0,0,0,0,0,0
1,0,0,2,1,0,1,4,3,2,0,0,0,0
1,0,0,0,1,3,0,2,3,6,0,0,0,0
2,0,1,0,0,0,1,1,1,2,0,0,0,0
1,0,0,0,0,1,1,1,1,4,0,0,0,0
1,2,3,1,2,0,0,0,0,0,0,0,0,0
0,1,1,0,2,4,0,2,2,1,0,0,0,0
3,1,1,1,2,1,0,0,0,0,0,0,0,0
1,0,1,3,2,3,2,3,2,4,0,0,0,0
2,1,1,0,5,1,0,0,0,0,0,0,0,0
2,0,0,2,3,3,2,1,0,0,0,0,0,0
2,0,1,1,0,0,0,2,0,6,0,0,0,0
5,1,4,2,4,1,1,1,0,0,0,0,0,0
0,0,2,0,2,0,1,2,0,3,1,2,2,0
1,0,1,0,0,3,0,0,2,3,0,0,0,0
2,0,1,1,2,1,0,0,0,0,0,0,0,0
0,1,0,0,0,1,1,1,2,2,0,0,0,0
0,0,0,1,2,3,0,0,0,0,0,0,0,0
1,1,0,2,3,1,3,0,0,0,0,0,0,0
0,0,0,2,2,1,1,1,1,1,0,0,0,0
0,0,1,0,1,6,0,0,0,0,0,0,0,0
3,1,2,0,1,3,3,3,2,3,0,0,0,0
1,1,0,0,3,3,0,0,0,0,0,0,0,0
1,1,1,2,2,2,0,0,0,0,0,0,0,0
0,0,0,0,3,1,1,1,0,0,0,0,0,0
1,0,0,2,3,1,0,0,0,0,0,0,0,0
0,0,1,1,1,2,1,1,0,0,0,0,0,0
2,0,1,1,1,1,1,1,0,0,0,0,0,0
0,0,1,1,1,2,0,0,0,0,0,0,0,0
2,1,3,0,3,0,0,0,0,4,1,1,1,0
0,0,0,2,0,1,0,3,2,1,1,1,1,0
0,1,0,1,2,2,0,0,0,0,0,0,0,0
0,0,1,0,4,1,0,0,0,0,0,0,0,0
0,3,1,0,1,0,0,1,2,2,0,0,0,0
0,0,0,0,1,2,1,1,0,0,0,0,0,0
1,0,0,0,2,2,1,0,0,0,0,0,0,0
0,0,0,1,1,0,0,2,2,1,0,0,0,0
0,3,0,4,1,3,1,1,0,0,0,0,0,0
2,2,0,1,2,3,0,0,0,0,0,0,0,0
1,1,0,0,1,3,1,3,1,1,0,0,0,0
1,1,0,1,2,3,0,0,0,0,0,0,0,0
0,0,0,3,4,2,1,3,1,4,1,3,1,0
0,0,1,1,1,2,1,2,0,0,0,0,0,0
0,0,0,3,3,0,0,0,0,0,0,0,0,0
2,0,1,1,2,3,1,3,0,0,0,0,0,0
3,0,0,1,0,0,2,1,1,4,0,0,0,0
1,0,0,0,1,3,1,1,0,0,0,0,0,0
0,1,0,2,0,1,1,1,1,1,0,0,0,0
2,1,1,0,3,1,1,3,2,2,0,0,0,0
0,0,1,0,1,1,0,0,2,3,0,0,0,0
0,1,0,1,2,3,0,0,0,0,0,0,0,0
0,0,1,3,2,3,2,3,0,0,0,0,0,0
1,0,0,1,1,1,1,1,0,0,0,0,0,0
4,5,3,4,8,4,4,9,3,7,1,3,4,0
0,0,0,2,1,3,0,2,2,2,0,0,0,0
2,0,0,0,2,1,1,0,2,4,0,0,0,0
0,0,0,0,2,1,2,2,0,0,0,0,0,0
0,0,1,0,2,3,0,0,0,0,0,0,0,0
0,0,0,2,2,6,1,1,0,0,0,0,0,0
0,0,0,0,2,0,0,2,1,3,0,0,0,0
0,0,0,0,1,3,1,2,0,0,0,0,0,0
1,0,0,2,2,2,2,1,0,0,0,0,0,0
3,1,1,3,2,2,0,3,1,4,0,0,0,0
0,0,0,0,0,1,1,1,2,2,0,0,0,0
0,0,0,0,2,1,2,1,0,0,0,0,0,0
1,0,1,0,1,4,0,0,0,0,0,0,0,0
3,0,1,3,2,0,0,0,0,0,0,0,0,0
1,0,1,1,2,2,2,2,0,0,0,0,0,0
0,0,0,2,2,3,1,1,1,4,0,0,0,0
3,0,0,1,4,2,0,0,0,0,0,0,0,0
2,0,0,1,1,1,1,2,2,1,0,0,0,0
1,0,0,0,1,2,1,2,0,3,1,1,1,0
3,3,1,1,4,0,1,0,3,3,0,0,0,0
2,0,0,1,1,0,1,1,3,1,0,0,0,0
0,0,1,1,2,2,1,1,1,1,0,0,0,0
1,0,1,2,4,2,0,1,1,2,2,2,1,0
0,0,0,0,1,1,0,2,1,2,0,0,0,0
0,1,2,2,0,3,3,1,1,2,0,0,0,0
5,2,2,7,9,9,5,6,2,10,4,4,3,0
0,0,0,0,0,0,0,2,3,0,0,0,0,0
2,0,1,1,3,0,0,0,0,0,0,0,0,0
0,0,0,2,3,1,0,0,0,0,0,0,0,0
0,0,1,0,2,1,1,1,1,3,0,0,0,0
0,0,0,1,1,1,2,3,0,0,0,0,0,0
1,0,0,1,1,2,1,1,0,0,0,0,0,0
0,1,0,4,2,3,1,4,3,3,0,0,0,0
2,0,0,1,2,2,0,0,1,5,0,0,0,0
2,0,0,2,1,2,2,1,1,1,1,1,1,0
0,1,0,0,0,3,1,2,0,0,0,0,0,0
1,2,1,1,1,4,1,1,0,0,0,0,0,0
1,1,0,2,1,2,1,2,1,1,0,0,0,0
1,0,1,2,2,0,2,3,1,2,0,0,0,0
0,1,0,1,0,5,2,3,1,1,0,0,0,0
0,0,0,1,5,1,0,1,1,3,1,1,1,0
3,0,2,3,0,0,0,2,5,3,0,0,0,0
0,1,0,1,1,2,1,1,0,0,0,0,0,0
1,0,1,2,2,4,0,0,0,0,0,0,0,0
1,0,0,3,1,3,2,1,1,2,0,0,0,0
0,1,0,0,2,0,1,1,1,2,0,0,0,0
0,0,2,2,2,0,0,0,0,0,0,0,0,0
0,0,0,4,1,1,0,0,0,0,0,0,0,0
0,0,0,0,1,1,0,1,2,2,0,0,0,0
0,0,0,0,0,1,3,2,1,1,0,0,0,0
0,0,0,0,3,2,1,0,0,0,0,0,0,0
1,0,0,1,1,1,1,1,1,3,0,0,0,0
0,0,0,0,0,2,1,2,1,2,0,0,0,0
2,1,1,2,3,1,1,1,0,0,0,0,0,0
0,1,1,2,4,2,1,2,0,0,0,0,0,0
1,0,0,1,0,1,0,0,2,3,0,0,0,0
0,1,1,1,3,3,0,0,0,0,0,0,0,0
1,0,2,2,3,2,1,0,0,0,0,0,0,0
1,0,0,0,0,1,1,1,1,2,0,0,0,0
2,0,1,0,1,1,1,1,3,2,0,0,0,0
6,3,1,4,4,4,2,2,6,2,2,5,2,0
1,1,0,1,1,3,0,0,0,0,0,0,0,0
2,0,0,0,2,3,0,1,0,5,0,0,0,0
2,1,0,0,3,4,0,3,1,3,0,0,0,0
1,1,1,1,4,1,0,0,0,0,0,0,0,0
1,0,1,0,2,1,2,1,0,0,0,0,0,0
4,0,0,1,5,1,2,4,1,1,2,1,1,0
1,1,0,1,2,4,1,0,0,0,0,0,0,0
1,0,1,1,2,2,0,0,0,0,0,0,0,0
1,0,0,1,4,2,0,0,0,0,0,0,0,0
3,0,0,1,2,3,0,0,0,0,0,0,0,0
1,0,0,1,1,1,0,1,3,4,0,0,0,0
2,1,1,1,0,4,1,0,0,0,0,0,0,0
2,0,0,2,1,1,1,0,0,0,0,0,0,0
1,0,1,0,1,0,1,4,1,1,0,0,0,0
0,1,2,0,1,1,0,0,1,5,0,0,0,0
0,0,1,2,2,1,1,1,0,0,0,0,0,0
0,0,1,1,0,1,0,5,0,0,0,0,0,0
0,1,0,0,1,4,0,0,0,0,0,0,0,0
1,3,3,3,4,4,3,4,2,4,1,2,1,0
0,0,1,2,1,1,0,2,1,2,0,0,0,0
0,0,0,1,0,5,0,0,0,0,0,0,0,0
0,0,0,1,1,1,0,1,1,1,1,2,1,0
2,0,0,3,1,2,2,2,1,1,0,0,0,0
0,0,0,0,1,2,1,1,0,0,0,0,0,0
1,2,1,1,1,1,0,0,0,0,0,0,0,0
0,0,0,0,0,3,2,1,1,2,0,0,0,0
1,1,1,1,1,0,1,1,2,1,0,0,0,0
3,1,1,1,0,0,0,0,0,0,0,0,0,0
2,1,0,1,2,1,1,0,0,0,0,0,0,0
5,0,0,0,0,0,0,0,0,0,0,0,0,0
0,0,0,1,2,1,3,3,2,4,0,0,0,0
1,1,0,2,1,1,1,3,1,1,0,0,0,0
5,5,4,6,7,8,1,1,2,6,4,2,3,0
2,0,1,3,0,1,0,4,1,2,0,0,0,0
1,0,0,1,1,4,0,0,0,0,0,0,0,0
0,0,0,0,0,5,0,0,0,0,0,0,0,0
0,0,0,1,4,0,0,0,0,0,0,0,0,0
2,1,2,0,3,2,0,0,1,4,0,0,0,0
2,0,0,1,1,5,0,2,2,3,0,0,0,0
1,1,0,0,4,1,1,1,0,0,0,0,0,0
1,1,1,1,1,4,0,0,0,0,0,0,0,0
2,0,2,0,0,0,2,1,2,2,0,0,0,0
0,0,0,2,1,3,0,0,0,0,0,0,0,0
0,1,0,0,0,2,1,2,2,1,0,0,0,0
2,0,0,1,6,7,0,0,0,0,0,0,0,0
0,1,1,2,4,0,0,0,0,0,0,0,0,0
1,0,0,1,0,1,1,3,0,0,0,0,0,0
1,1,1,0,0,0,1,1,1,2,0,0,0,0
0,0,0,3,3,0,1,7,0,0,0,0,0,0
0,0,1,0,1,0,0,0,3,4,0,0,0,0
0,1,0,0,2,2,1,2,0,0,0,0,0,0
2,1,0,1,2,3,0,0,0,0,0,0,0,0
1,1,1,2,1,1,0,0,0,0,0,0,0,0
0,1,0,3,1,2,1,2,0,0,0,0,0,0
0,5,0,2,1,2,2,2,0,0,0,0,0,0
0,1,0,4,2,1,1,6,4,2,0,0,0,0
1,0,2,1,1,2,1,1,2,2,2,1,1,0
1,1,0,2,1,2,2,0,0,0,0,0,0,0
2,1,1,1,0,0,0,0,0,0,0,0,0,0
0,0,0,1,0,1,1,2,1,1,0,0,0,0
1,1,1,1,2,1,0,0,0,0,0,0,0,0
2,2,0,2,1,0,0,1,3,2,1,1,1,0
1,0,0,3,1,1,0,5,0,0,0,0,0,0
1,1,0,1,3,1,1,3,0,0,0,0,0,0
0,0,0,2,3,0,0,0,0,0,0,0,0,0
1,0,0,1,1,1,1,1,0,0,0,0,0,0
1,0,0,0,3,3,1,1,1,1,0,0,0,0
2,0,0,2,1,3,0,0,0,0,0,0,0,0
0,0,0,0,2,1,2,1,0,0,0,0,0,0
0,0,0,1,2,2,0,0,0,0,0,0,0,0
1,2,0,2,2,5,0,0,0,0,0,0,0,0
1,1,0,1,0,5,0,0,0,0,0,0,0,0
1,1,0,3,3,1,0,0,0,0,0,0,0,0
1,0,0,0,1,3,0,2,1,3,0,0,0,0
0,1,0,1,3,2,1,0,0,0,0,0,0,0
2,3,1,0,2,1,0,0,2,4,0,0,0,0
1,0,0,2,6,1,1,1,1,3,0,0,0,0
0,1,2,3,4,1,3,1,0,0,0,0,0,0
1,0,0,1,1,1,1,1,0,0,0,0,0,0
3,0,1,2,0,1,2,2,2,1,0,0,0,0
0,1,1,0,4,2,1,1,2,1,0,0,0,0
0,0,0,0,0,2,1,2,0,0,0,0,0,0
2,1,1,3,3,1,0,0,0,0,0,0,0,0
0,0,0,0,2,1,2,1,1,3,0,0,0,0
1,3,1,2,3,2,2,0,0,0,0,0,0,0
1,0,1,1,2,2,0,0,0,0,0,0,0,0
0,0,0,1,1,1,1,1,1,1,0,0,0,0
1,1,2,1,3,1,0,0,0,0,0,0,0,0
1,2,0,5,2,3,2,3,0,0,0,0,0,0
0,0,0,3,0,3,3,1,0,0,0,0,0,0
5,2,2,3,4,6,4,1,4,5,0,0,0,0
4,0,0,3,0,2,1,0,0,1,1,1,2,0
0,0,0,0,0,5,2,0,1,4,0,0,0,0
1,1,0,2,3,0,0,0,0,0,0,0,0,0
2,0,2,3,4,2,0,0,0,0,0,0,0,0
1,0,0,2,2,3,1,3,1,2,0,0,0,0
2,1,2,1,0,0,0,0,0,0,0,0,0,0
1,2,0,0,1,2,0,1,0,4,1,1,1,0
1,0,0,0,0,0,0,0,1,1,2,1,1,0
2,0,1,1,3,0,0,0,0,0,0,0,0,0
2,1,0,1,2,2,2,1,0,0,0,0,0,0
2,1,0,3,5,1,1,2,2,2,0,0,0,0
1,1,0,2,3,0,2,0,2,4,0,0,0,0
0,1,0,5,1,2,3,1,2,0,0,0,0,0
1,0,0,3,1,4,0,4,1,4,1,2,1,0
1,1,0,0,0,0,0,1,0,1,1,1,2,0
5,2,0,3,5,6,0,4,0,6,1,4,1,0
0,0,0,1,1,3,0,1,1,5,0,0,0,0
0,0,0,0,0,0,0,1,1,5,0,0,0,0
0,0,0,1,1,0,1,1,2,2,0,0,0,0
1,0,1,1,1,2,0,0,0,0,0,0,0,0
0,0,0,0,1,1,2,1,0,0,0,0,0,0
1,0,1,0,1,4,0,0,0,0,0,0,0,0
0,0,1,1,1,2,1,1,0,0,0,0,0,0
0,0,4,1,2,3,1,3,1,3,0,0,0,0
2,0,1,1,2,5,2,2,1,2,0,0,0,0
5,0,0,0,0,0,0,0,0,0,0,0,0,0
0,0,2,2,2,2,0,0,0,0,0,0,0,0
2,0,0,0,2,0,3,3,6,4,2,1,3,0
0,0,0,0,3,2,0,0,0,0,0,0,0,0
2,0,0,0,2,2,0,3,2,3,0,0,0,0
3,2,2,5,3,0,0,2,1,1,2,1,1,0
2,1,0,0,1,1,1,1,2,2,0,0,0,0
2,0,2,3,7,11,4,2,3,11,1,6,2,0
1,0,0,0,2,3,0,0,0,0,0,0,0,0
0,0,0,0,3,4,0,0,0,0,0,0,0,0
1,0,0,0,2,1,1,2,0,0,0,0,0,0
3,0,1,1,0,1,3,2,0,0,0,0,0,0
1,1,0,1,2,1,0,0,4,3,0,0,0,0
0,0,0,1,3,4,0,0,0,0,0,0,0,0
2,1,0,1,0,1,0,2,2,1,0,0,0,0
1,1,1,0,0,0,3,2,0,0,0,0,0,0
0,1,0,1,1,1,1,3,0,0,0,0,0,0
1,1,2,0,3,3,0,0,0,0,0,0,0,0
2,1,1,1,0,0,0,0,0,0,0,0,0,0
1,1,1,0,1,4,1,1,5,4,0,0,0,0
0,0,1,0,2,1,1,2,2,2,0,0,0,0
2,1,1,1,0,0,0,0,0,0,0,0,0,0
1,1,2,1,2,3,2,1,2,1,0,0,0,0
0,0,2,3,1,2,0,0,0,0,0,0,0,0
0,0,1,0,2,1,0,1,2,2,0,0,0,0
1,0,1,1,3,2,0,5,0,0,0,0,0,0
1,0,1,1,1,2,1,0,0,0,0,0,0,0
0,0,0,3,2,1,1,4,1,1,0,0,0,0
2,1,0,1,4,1,0,0,0,0,0,0,0,0
0,1,0,2,1,2,0,0,0,0,0,0,0,0
3,0,1,0,4,5,3,0,3,5,0,0,0,0
2,0,0,0,3,2,0,0,0,0,0,0,0,0
0,1,0,0,1,1,2,2,1,1,0,0,0,0
0,1,1,1,0,0,1,1,1,2,0,0,0,0
0,0,1,1,2,2,0,0,0,0,0,0,0,0
0,0,1,0,1,2,0,5,0,0,0,0,0,0
1,1,1,1,1,3,0,0,0,0,0,0,0,0
0,1,1,0,1,0,1,4,1,1,0,0,0,0
2,1,0,0,2,1,1,1,0,0,0,0,0,0
0,1,1,0,1,3,0,1,1,4,0,0,0,0
1,0,1,0,1,1,2,1,1,2,0,0,0,0
0,0,0,0,2,1,2,1,0,0,0,0,0,0
1,1,0,1,0,2,1,2,0,0,0,0,0,0
0,0,0,0,2,0,0,1,2,4,0,0,0,0
0,0,0,1,0,2,1,2,0,0,0,0,0,0
0,0,0,0,0,2,0,3,1,2,0,0,0,0
2,0,2,2,1,3,1,2,0,0,0,0,0,0
2,0,1,0,2,0,0,3,1,2,3,1,1,0
0,0,1,1,2,3,0,0,0,0,0,0,0,0
1,1,0,1,4,3,3,1,2,2,0,0,0,0
1,1,1,0,3,2,1,3,1,1,0,0,0,0
0,1,0,1,3,0,1,3,2,2,1,1,1,0
0,0,1,2,1,2,0,0,0,0,0,0,0,0
1,1,1,2,0,0,0,0,0,0,0,0,0,0
2,0,0,1,2,2,0,0,0,0,0,0,0,0
0,0,0,2,2,2,0,0,0,0,0,0,0,0
0,1,1,3,1,1,1,1,0,0,0,0,0,0
0,0,0,1,3,1,1,1,1,1,0,0,0,0
2,0,1,2,2,0,0,0,0,0,0,0,0,0
0,0,0,0,1,2,0,1,1,2,2,1,3,0
3,0,2,0,0,0,0,2,2,2,1,1,1,0
1,0,0,2,2,1,0,0,0,0,0,0,0,0
0,1,2,1,1,1,1,3,1,1,0,0,0,0
0,0,1,3,0,1,1,0,2,5,0,0,0,0
1,0,0,3,1,1,2,0,1,4,0,0,0,0
1,0,0,0,4,3,0,0,0,0,0,0,0,0
0,0,0,0,0,0,1,1,2,1,0,0,0,0
0,0,0,0,0,1,3,1,3,5,0,0,0,0
0,0,2,0,2,2,1,2,0,0,0,0,0,0
1,1,0,1,1,2,1,1,0,0,0,0,0,0
2,1,0,2,4,1,2,1,0,0,0,0,0,0
1,0,0,1,0,0,1,1,2,2,1,1,1,0
2,0,1,1,1,5,1,3,3,1,4,1,1,0
0,1,1,0,1,2,1,1,1,1,0,0,0,0
2,2,2,2,2,2,1,2,2,1,0,0,0,0
0,0,0,1,1,3,0,0,0,0,0,0,0,0
1,1,0,3,6,1,0,0,4,3,1,2,1,0
1,0,0,1,2,3,0,2,1,3,0,0,0,0
0,1,0,3,1,2,0,1,2,4,0,0,0,0
2,1,0,1,2,1,1,4,3,3,0,0,0,0
0,0,2,1,2,2,1,3,1,1,0,0,0,0
0,0,0,1,2,1,1,1,0,0,0,0,0,0
2,0,0,0,2,0,0,1,2,3,0,0,0,0
1,0,1,0,2,1,2,1,0,0,0,0,0,0
0,3,1,0,2,4,2,0,0,5,0,0,0,0
0,0,0,0,2,1,1,1,0,0,0,0,0,0
2,1,1,2,0,0,0,0,0,0,0,0,0,0
1,0,1,0,1,0,1,2,1,1,0,0,0,0
1,0,0,1,0,2,1,1,1,1,0,0,0,0
0,2,1,1,3,2,0,0,2,3,0,0,0,0
0,0,0,0,0,0,1,2,1,1,0,0,0,0
4,2,3,4,6,11,6,7,4,8,0,0,0,0
0,0,1,1,4,2,0,0,0,0,0,0,0,0
0,0,0,1,2,2,1,3,0,0,0,0,0,0
2,0,0,1,1,4,0,0,0,0,0,0,0,0
0,1,0,0,1,1,0,2,1,2,0,0,0,0
1,2,0,0,2,4,0,0,0,0,0,0,0,0
0,0,2,1,3,2,0,0,1,5,0,0,0,0
1,1,0,1,0,1,2,4,0,0,0,0,0,0
0,1,0,1,1,2,2,2,0,0,0,0,0,0
0,0,0,1,2,1,1,1,0,0,0,0,0,0
1,2,1,2,4,1,0,7,0,0,0,0,0,0
0,0,0,0,0,8,0,0,8,12,0,7,3,0
2,0,3,0,5,1,0,1,4,0,0,3,2,0
1,0,2,1,0,3,1,1,0,0,0,0,0,0
1,1,0,1,1,3,2,3,2,1,0,0,0,0
0,0,3,2,0,0,0,0,0,0,0,0,0,0
0,0,0,2,2,1,0,0,0,0,0,0,0,0
0,0,0,0,3,1,0,5,0,5,0,0,0,0
0,0,0,0,1,2,1,1,0,0,0,0,0,0
2,2,0,2,2,2,0,0,0,0,0,0,0,0
0,0,0,2,1,3,0,0,0,0,0,0,0,0
1,1,0,2,1,2,0,0,0,0,0,0,0,0
5,2,3,4,7,7,1,4,4,3,0,0,0,0
0,0,1,1,2,2,1,1,0,0,0,0,0,0
1,0,0,1,1,3,0,0,4,1,0,0,0,0
0,0,2,3,0,0,0,0,0,0,0,0,0,0
0,0,0,0,0,1,1,3,0,0,0,0,0,0
0,0,3,0,6,1,0,0,0,0,0,0,0,0
1,1,0,2,0,2,1,1,2,1,0,0,0,0
2,0,1,0,5,4,2,2,2,2,0,0,0,0
0,0,1,0,0,0,0,2,0,5,0,0,0,0
1,1,0,0,1,4,0,0,0,0,0,0,0,0
6,0,0,2,2,2,1,1,0,2,1,1,3,0
0,0,0,2,3,1,3,3,1,3,0,0,0,0
1,1,1,0,2,2,0,2,2,1,0,0,0,0
0,1,1,0,0,1,0,0,0,3,1,1,1,0
0,0,1,2,0,1,0,1,2,2,0,0,0,0
0,0,1,0,3,2,0,0,0,0,0,0,0,0
1,1,1,1,4,3,0,0,0,0,0,0,0,0
1,0,0,1,0,1,1,0,0,1,1,3,1,0
2,0,0,0,0,3,1,0,2,3,0,0,5,0
1,3,1,5,1,7,3,1,1,5,0,0,0,0
1,1,0,2,0,1,1,1,1,2,0,0,0,0
0,0,0,1,0,2,0,4,0,2,1,2,1,0
1,0,0,2,1,4,0,4,2,1,0,0,0,0
3,2,0,0,0,4,3,2,1,3,0,0,0,0
1,1,0,3,6,2,3,2,3,5,0,0,0,0
1,1,0,3,0,2,0,2,2,1,0,0,0,0
1,0,0,4,1,3,0,3,1,1,0,0,0,0
1,0,2,3,2,2,0,1,1,5,0,0,0,0
2,0,0,1,1,3,0,0,0,0,0,0,0,0
0,0,0,0,1,0,1,1,2,1,0,0,0,0
1,3,1,0,0,0,0,0,0,0,0,0,0,0
3,1,1,0,0,0,0,0,0,0,0,0,0,0
1,2,2,1,0,0,0,0,0,0,0,0,0,0
1,1,0,3,3,1,0,0,0,0,0,0,0,0
0,1,1,1,4,2,0,0,0,0,0,0,0,0
2,0,1,1,3,4,0,0,0,0,0,0,0,0
1,0,0,2,2,1,0,0,0,0,0,0,0,0
0,0,0,1,2,1,1,1,0,0,0,0,0,0
1,0,0,2,4,1,0,0,0,0,0,0,0,0
2,0,3,2,1,5,0,2,1,4,0,0,0,0
1,0,1,0,1,1,0,2,2,3,0,0,0,0
1,0,1,1,1,2,0,0,0,0,0,0,0,0
3,3,2,5,2,3,1,1,0,4,3,2,3,0
6,2,1,6,6,3,3,8,6,8,0,6,1,0
0,0,0,1,0,2,1,1,1,3,0,0,0,0
0,2,1,1,2,2,0,0,0,0,0,0,0,0
1,1,0,0,0,1,0,2,1,2,0,0,0,0
3,1,0,1,1,1,1,1,0,0,0,0,0,0
0,0,0,2,0,5,1,0,0,0,0,0,0,0
1,0,0,1,2,2,0,0,0,0,0,0,0,0
3,1,1,1,1,2,0,0,0,0,0,0,0,0
0,0,0,3,4,3,0,0,0,0,0,0,0,0
0,0,0,2,1,2,0,0,0,0,0,0,0,0
0,0,1,0,1,1,0,1,2,2,0,0,0,0
1,3,0,1,3,3,2,2,1,1,0,0,0,0
2,0,1,0,0,1,0,1,2,3,0,0,0,0
1,0,0,1,2,2,0,0,0,0,0,0,0,0
1,0,0,0,2,1,3,2,1,1,0,0,0,0
2,0,2,2,4,4,2,8,1,3,0,0,0,0
1,0,1,1,0,1,0,1,1,3,0,0,0,0
2,0,2,2,4,3,0,0,0,0,0,0,0,0
1,0,0,1,3,2,0,0,0,0,0,0,0,0
0,1,0,3,1,1,1,1,0,0,0,0,0,0
0,0,1,0,0,0,0,0,2,4,0,0,0,0
1,1,2,0,1,3,1,4,0,0,0,0,0,0
0,0,1,2,3,1,1,1,0,0,0,0,0,0
1,2,0,2,1,2,0,0,0,0,0,0,0,0
0,1,0,1,3,2,0,0,0,0,0,0,0,0
2,0,0,3,1,2,2,1,0,0,0,0,0,0
2,0,1,0,1,6,1,1,0,0,0,0,0,0
0,0,0,0,0,2,0,4,1,2,0,0,0,0
3,1,1,2,4,4,3,3,2,2,0,0,0,0
0,0,0,2,2,1,1,0,0,0,0,0,0,0
0,0,0,1,0,0,2,3,0,0,0,0,0,0
0,2,3,0,2,1,1,1,4,2,0,0,0,0
0,2,0,2,1,1,0,1,1,3,0,0,0,0
0,0,2,3,4,1,0,0,0,0,0,0,0,0
3,0,0,1,2,2,0,0,0,0,0,0,0,0
1,0,0,0,3,2,1,3,0,0,0,0,0,0
1,2,0,0,2,1,0,1,3,3,0,0,0,0
0,0,0,0,3,2,0,0,0,0,0,0,0,0
0,0,0,0,0,4,0,2,0,5,0,0,0,0
0,1,0,0,1,0,2,1,0,5,0,0,0,0
0,0,0,0,2,0,0,1,1,1,1,2,1,0
1,2,1,1,0,1,0,1,3,8,0,0,0,0
1,0,0,0,1,0,1,3,1,1,0,0,0,0
0,0,0,0,0,0,0,3,1,1,0,0,0,0
0,0,0,0,0,0,0,2,0,2,1,1,2,0
0,1,1,2,1,2,0,0,0,0,0,0,0,0
0,0,0,0,1,1,1,3,0,0,0,0,0,0
1,0,1,0,1,1,0,1,1,3,0,0,0,0
0,0,1,0,1,0,1,0,1,5,0,0,0,0
0,2,1,1,1,3,1,2,0,0,0,0,0,0
3,2,2,1,3,3,0,3,1,1,0,0,0,0
1,1,0,2,1,4,0,0,0,0,0,0,0,0
1,1,0,2,2,0,1,2,1,1,0,0,0,0
1,1,0,2,2,1,1,3,0,0,0,0,0,0
2,0,0,0,4,2,0,0,0,0,0,0,0,0
0,0,0,2,0,0,0,1,2,3,0,0,0,0
0,1,0,1,0,2,1,2,1,2,0,0,0,0
1,0,0,0,0,1,0,3,1,1,1,1,4,0
0,0,0,0,1,2,1,2,1,3,1,3,2,0
1,1,0,1,2,1,1,0,0,0,0,0,0,0
0,1,0,1,1,1,0,4,1,2,2,2,2,0
0,0,0,0,3,0,2,0,2,6,0,0,0,0
0,0,0,0,0,0,0,0,2,3,0,0,0,0
1,1,0,1,0,0,1,1,1,2,0,0,0,0
1,0,1,0,2,0,2,2,1,1,0,0,0,0
4,1,0,1,3,3,0,0,0,0,0,0,0,0
3,2,0,0,1,4,1,4,1,0,3,2,1,0
0,1,2,1,2,3,2,2,1,2,0,0,0,0
2,0,0,0,2,0,0,2,1,3,0,0,0,0
0,0,1,1,2,1,0,1,1,3,0,0,0,0
1,0,0,1,0,3,1,1,0,0,0,0,0,0
0,0,0,0,4,4,0,0,0,0,0,0,0,0
0,2,0,1,2,2,0,0,0,0,0,0,0,0
2,1,0,0,0,3,0,1,0,2,1,1,1,0
1,0,0,0,2,2,1,2,0,0,0,0,0,0
0,1,0,1,2,2,0,0,0,0,0,0,0,0
0,1,0,3,2,0,0,2,1,2,0,0,0,0
1,0,0,5,0,1,1,4,0,0,0,0,0,0
0,0,0,3,1,1,1,1,0,0,0,0,0,0
3,4,1,4,5,4,4,3,2,6,0,0,0,0
2,0,0,0,2,1,1,1,2,2,0,0,0,0
0,0,1,0,1,1,0,1,1,3,0,0,0,0
2,1,1,1,0,0,0,0,0,0,0,0,0,0
0,0,1,1,2,1,0,0,0,0,0,0,0,0
3,0,0,3,5,2,1,2,0,0,0,0,0,0
1,0,1,2,4,3,0,0,0,0,0,0,0,0
3,1,1,1,2,1,0,0,0,0,0,0,0,0
0,0,1,1,1,1,2,0,0,0,0,0,0,0
4,1,1,2,3,2,2,1,2,2,0,0,0,0
0,0,0,0,2,0,1,0,2,4,0,0,0,0
0,0,1,2,1,1,0,0,0,0,0,0,0,0
2,1,2,1,2,1,0,2,2,1,1,1,2,0
1,1,0,1,0,0,0,2,1,1,2,1,2,0
0,0,0,1,0,1,0,2,1,2,0,0,0,0
0,0,1,1,2,1,0,0,0,0,0,0,0,0
1,0,1,0,1,3,1,0,0,0,0,0,0,0
1,0,0,1,0,1,1,1,1,2,0,0,0,0
3,0,3,0,3,2,0,0,0,0,0,0,0,0
2,1,2,3,2,1,2,1,3,4,2,2,1,0
1,0,0,0,1,0,0,2,1,2,0,0,0,0
0,0,0,0,1,1,0,0,4,2,0,0,0,0
1,0,1,1,3,3,0,0,0,0,0,0,0,0
0,0,0,0,3,2,1,2,1,1,0,0,0,0
4,2,3,5,4,3,1,1,0,0,0,0,0,0
1,0,2,0,2,2,2,0,0,3,1,1,1,0
0,0,1,0,0,1,1,5,1,6,0,0,0,0
4,1,3,1,0,2,0,0,2,3,0,0,0,0
0,0,0,4,3,3,0,0,0,0,0,0,0,0
0,0,1,1,1,2,1,1,0,0,0,0,0,0
3,0,0,0,1,2,2,2,2,3,0,0,0,0
0,1,0,4,1,3,1,2,0,1,1,1,3,0
0,0,0,0,0,1,3,1,0,0,0,0,0,0
3,0,0,0,1,3,1,0,0,0,0,0,0,0
3,1,1,1,3,2,1,3,0,0,0,0,0,0
2,0,0,1,2,2,0,0,0,0,0,0,0,0
1,0,0,2,3,1,1,2,1,0,0,0,0,0
0,1,0,1,1,2,3,2,0,0,0,0,0,0
0,0,0,2,4,1,1,0,0,0,0,0,0,0
1,1,0,1,3,1,1,4,1,3,1,1,2,0
0,0,1,0,4,0,0,1,1,1,1,1,1,0
5,3,2,5,8,6,3,4,7,5,1,2,1,0
1,1,1,1,1,0,1,1,1,2,0,0,0,0
0,1,0,1,3,1,0,0,1,1,1,2,2,0
0,0,0,0,0,0,0,2,1,2,0,0,0,0
0,1,0,2,1,1,2,2,0,0,0,0,0,0
2,0,0,1,3,1,1,0,0,0,0,0,0,0
2,2,4,3,6,4,2,4,2,8,4,2,2,0
0,2,1,1,3,0,1,1,1,2,0,0,0,0
1,1,1,5,2,2,2,3,0,0,0,0,0,0
0,0,0,1,1,0,0,2,1,2,0,0,0,0
0,0,0,1,2,3,0,0,0,0,0,0,0,0
1,1,2,0,3,2,0,0,0,0,0,0,0,0
1,2,0,1,2,2,0,0,0,0,0,0,0,0
0,1,0,1,2,1,1,1,0,0,0,0,0,0
2,0,0,2,3,1,0,0,2,3,0,0,0,0
1,0,1,3,1,1,0,0,0,0,0,0,0,0
2,1,0,3,1,3,0,4,1,7,0,0,0,0
1,1,2,0,3,2,0,3,4,5,0,0,0,0
2,4,5,5,8,4,2,5,2,1,2,1,2,0
0,2,1,0,0,1,1,3,0,0,0,0,0,0
4,1,3,1,0,2,0,2,1,3,0,0,0,0
0,1,1,1,2,0,0,0,0,0,0,0,0,0
0,0,2,3,4,4,0,0,0,0,0,0,0,0
1,0,0,1,0,3,1,3,0,0,0,0,0,0
2,1,2,3,2,1,2,2,2,5,2,1,2,0
2,0,0,0,1,2,3,1,0,2,2,1,2,0
2,0,0,1,4,0,0,1,2,2,0,0,0,0
4,2,1,1,0,0,0,0,0,0,0,0,0,0
2,0,0,1,1,3,0,0,0,0,0,0,0,0
1,0,1,0,2,2,1,1,1,1,0,0,0,0
7,1,1,3,4,1,2,3,0,3,3,3,1,0
1,1,0,3,2,0,0,0,0,0,0,0,0,0
0,1,1,1,2,3,3,1,1,3,0,0,0,0
0,0,1,0,1,0,0,2,1,1,1,1,1,0
1,0,0,0,3,2,1,2,0,0,0,0,0,0
1,1,2,1,2,0,1,0,2,7,0,0,0,0
0,1,0,1,0,0,0,3,1,1,0,0,0,0
0,0,0,0,1,2,1,1,1,2,0,0,0,0
2,2,1,0,0,0,0,0,0,0,0,0,0,0
0,0,1,1,2,3,0,0,0,0,0,0,0,0
0,0,0,1,1,1,1,2,0,0,0,0,0,0
2,1,0,4,3,1,0,2,3,2,0,0,0,0
2,1,0,6,4,2,1,2,2,7,0,0,0,0
1,0,0,2,1,1,1,1,0,0,0,0,0,0
1,0,0,0,0,3,2,1,0,0,0,0,0,0
1,1,1,1,2,1,2,2,1,1,0,0,0,0
0,1,0,2,3,4,1,1,3,3,0,0,0,0
1,0,0,1,2,4,1,3,1,2,0,0,0,0
1,0,0,0,1,2,1,1,0,0,0,0,0,0
0,0,0,0,1,2,1,2,0,0,0,0,0,0
1,0,0,0,0,1,1,2,1,1,0,0,0,0
0,0,2,2,1,0,0,0,0,0,0,0,0,0
3,3,1,7,2,4,5,2,0,7,0,0,0,0
1,1,1,0,2,3,1,2,0,0,0,0,0,0
1,0,1,2,2,2,0,0,0,0,0,0,0,0
0,0,0,1,0,0,0,2,2,1,0,0,0,0
1,0,0,2,1,1,1,1,0,0,0,0,0,0
0,0,0,3,5,3,0,0,0,0,0,0,0,0
1,0,1,0,2,1,2,4,2,1,0,0,0,0
1,1,0,1,2,1,0,2,1,2,0,0,0,0
0,1,0,0,0,0,4,1,0,0,0,0,0,0
1,0,0,2,2,2,4,2,0,0,0,0,0,0
0,0,1,1,2,1,0,3,1,2,0,0,0,0
2,1,2,0,2,3,0,0,0,0,0,0,0,0
2,1,2,2,2,2,0,1,1,3,0,0,0,0
2,0,2,0,1,0,3,2,1,3,0,0,0,0
1,0,0,0,0,1,0,0,0,5,0,0,0,0
0,0,0,3,2,2,1,0,0,0,0,0,0,0
2,2,0,1,0,0,0,1,1,4,0,0,0,0
0,1,0,0,0,8,1,0,0,0,0,0,0,0
2,1,0,3,5,4,4,3,2,4,0,0,0,0
0,0,0,0,3,2,0,0,0,0,0,0,0,0
0,1,0,1,2,4,0,2,1,4,0,0,0,0
0,0,1,2,0,1,3,1,0,0,0,0,0,0
0,1,0,1,2,2,2,2,0,0,0,0,0,0
0,0,0,2,3,2,0,0,0,0,0,0,0,0
0,0,1,1,1,2,4,5,4,4,1,1,1,0
0,1,0,0,2,1,0,3,1,3,0,0,0,0
1,3,0,0,0,0,0,1,2,3,1,1,3,0
0,0,0,0,0,0,1,1,0,5,0,0,0,0
1,0,3,2,0,2,0,1,1,2,2,2,1,0
0,1,1,1,2,1,2,1,2,1,0,0,0,0
0,0,0,0,0,0,0,2,1,2,0,0,0,0
1,0,4,1,2,3,0,1,2,3,0,0,0,0
1,1,1,0,3,1,1,1,0,0,0,0,0,0
0,0,0,0,4,1,0,0,0,0,0,0,0,0
0,0,0,0,1,1,0,1,3,4,0,0,0,0
1,2,0,1,3,0,0,1,0,1,2,2,1,0
0,0,1,3,1,3,0,1,2,3,0,0,0,0
1,0,0,2,2,6,0,0,0,0,0,0,0,0
1,2,0,1,1,0,3,0,1,1,3,1,1,0
1,0,2,5,4,2,3,3,3,1,0,0,0,0
4,1,0,3,3,2,2,1,0,0,0,0,0,0
2,0,1,2,1,4,1,3,0,0,0,0,0,0
1,0,2,0,1,1,1,2,0,0,0,0,0,0
2,0,2,0,0,2,1,4,0,0,0,0,0,0
2,1,1,1,4,2,3,1,3,2,0,0,0,0
1,0,0,2,2,1,0,0,0,0,0,0,0,0
1,0,0,4,3,2,2,1,0,0,0,0,0,0
3,1,1,0,0,0,0,0,0,0,0,0,0,0
2,0,1,2,1,1,0,0,0,0,0,0,0,0
0,0,0,1,0,1,1,1,2,1,0,0,0,0
0,0,0,2,2,1,1,1,0,1,2,1,2,0
1,0,0,1,4,2,0,0,0,0,0,0,0,0
1,0,0,2,1,1,1,0,0,0,0,0,0,0
5,3,0,0,1,1,0,1,1,4,1,1,1,0
0,1,0,2,4,2,1,1,2,2,0,0,0,0
0,1,1,2,1,1,2,1,0,0,0,0,0,0
0,0,0,1,0,2,0,2,2,1,0,0,0,0
1,0,0,1,0,1,0,2,2,3,0,0,0,0
0,1,0,0,2,1,1,2,0,0,0,0,0,0
1,1,1,3,1,4,0,0,0,0,0,0,0,0
1,0,0,2,1,3,1,1,0,0,0,0,0,0
2,1,1,1,1,1,0,0,0,0,0,0,0,0
1,0,0,0,0,0,1,2,1,2,0,0,0,0
1,1,0,1,4,4,1,1,4,5,0,0,0,0
6,1,2,2,4,3,2,0,0,5,0,0,0,0
2,0,2,0,3,1,1,2,0,5,0,0,0,0
1,0,1,0,3,0,0,1,2,2,0,0,0,0
0,1,1,1,2,0,0,0,0,0,0,0,0,0
1,3,1,0,0,3,1,0,2,1,1,1,2,0
1,0,0,3,1,1,1,2,0,0,0,0,0,0
0,1,0,0,3,3,0,0,0,0,0,0,0,0
2,0,0,0,0,2,0,2,2,1,0,0,0,0
3,0,0,1,1,1,0,0,0,4,1,1,1,0
1,0,1,0,3,1,1,1,0,0,0,0,0,0
2,1,0,1,0,2,1,1,2,4,0,0,0,0
1,0,1,0,2,2,2,1,0,0,0,0,0,0
0,0,0,0,1,1,1,2,0,0,0,0,0,0
1,1,2,2,4,2,0,0,0,0,0,0,0,0
0,0,1,0,3,1,1,0,1,4,0,0,0,0
0,0,0,1,3,2,0,0,0,0,0,0,0,0
3,0,3,2,3,2,1,2,0,0,0,0,0,0
1,1,1,1,0,0,1,2,1,3,0,0,0,0
1,0,0,3,1,2,0,0,0,0,0,0,0,0
1,0,1,3,3,2,0,0,0,0,0,0,0,0
4,0,0,1,3,3,0,0,0,0,0,0,0,0
1,0,1,3,3,3,2,3,0,0,0,0,0,0
1,0,0,2,3,2,1,1,0,0,0,0,0,0
0,0,0,0,1,3,0,2,4,4,0,0,0,0
3,1,1,1,1,1,0,0,0,0,0,0,0,0
1,1,0,1,0,3,0,5,0,0,0,0,0,0
2,0,3,0,3,2,1,2,1,2,0,0,0,0
2,1,0,1,2,0,0,2,0,1,2,2,1,0
2,0,4,2,3,4,0,0,0,0,0,0,0,0
0,0,0,2,3,3,0,0,0,0,0,0,0,0
0,1,0,1,1,1,1,1,1,0,0,0,0,0
1,0,0,0,2,1,1,1,0,0,0,0,0,0
0,0,1,4,4,5,1,3,1,2,0,0,0,0
0,1,0,1,3,2,0,0,0,0,0,0,0,0
0,0,0,2,1,2,0,0,0,0,0,0,0,0
1,1,1,2,0,0,0,0,0,0,0,0,0,0
0,1,0,0,0,1,1,2,1,1,0,0,0,0
1,0,1,2,2,3,2,0,0,0,0,0,0,0
0,0,0,1,0,2,1,1,2,2,1,3,1,0
0,0,1,0,0,0,1,0,1,5,0,0,0,0
2,1,0,1,1,3,0,0,0,0,0,0,0,0
0,0,0,1,1,1,1,1,0,0,0,0,0,0
2,0,2,2,1,2,1,1,1,0,1,1,3,0
2,1,0,0,1,2,0,1,2,2,0,0,0,0
0,0,0,0,5,1,1,0,3,3,0,0,0,0
0,0,0,1,2,2,0,0,0,0,0,0,0,0
2,1,0,0,1,2,0,0,2,3,0,0,0,0
0,0,2,2,1,0,0,0,0,7,0,0,0,0
0,0,2,1,0,1,1,1,1,2,0,0,0,0
0,0,1,2,3,0,0,2,1,2,0,0,0,0
2,0,2,1,0,2,2,2,0,0,0,0,0,0
4,2,1,3,1,4,2,3,0,5,0,0,0,0
1,0,0,1,0,1,0,0,1,5,0,0,0,0
0,0,0,1,1,1,1,2,0,0,0,0,0,0
1,3,1,2,1,0,0,3,1,1,0,0,0,0
2,2,1,0,0,0,0,0,0,0,0,0,0,0
2,0,0,2,8,2,0,3,0,6,0,0,0,0
1,1,1,1,3,2,4,0,0,0,0,0,0,0
0,0,1,0,0,1,0,1,3,2,0,0,0,0
1,0,1,1,2,1,2,1,0,0,0,0,0,0
1,0,0,1,3,2,0,0,0,0,0,0,0,0
3,1,2,2,3,0,0,2,1,4,0,0,0,0
2,1,0,0,4,1,0,0,0,0,0,0,0,0
1,0,0,1,0,1,0,2,0,5,0,0,0,0
2,0,1,3,2,0,0,0,1,0,1,2,2,0
2,0,1,2,1,0,1,4,1,1,0,0,0,0
0,0,0,0,0,0,0,2,2,1,0,0,0,0
0,1,0,3,5,2,4,1,3,2,0,0,0,0
2,0,0,0,1,2,2,2,0,0,0,0,0,0
2,1,2,1,2,0,0,0,0,0,0,0,0,0
1,0,2,0,0,1,0,0,2,1,1,2,1,0
2,0,3,0,3,1,1,1,0,0,0,0,0,0
2,0,0,1,4,1,1,3,0,0,0,0,0,0
1,0,1,3,5,1,0,0,0,0,0,0,0,0
1,1,0,1,1,0,0,1,0,3,1,1,1,0
2,1,2,4,4,6,3,7,3,7,0,0,0,0
0,1,0,1,1,2,2,2,2,1,0,0,0,0
1,0,1,3,3,1,0,2,1,2,0,0,0,0
2,0,1,1,2,1,1,1,0,0,0,0,0,0
0,0,0,2,1,3,0,0,0,0,0,0,0,0
0,1,0,1,3,1,1,0,0,0,0,0,0,0
1,1,1,0,0,4,1,2,0,0,0,0,0,0
0,0,2,1,1,1,0,0,0,0,0,0,0,0
1,0,0,1,2,2,0,0,0,0,0,0,0,0
2,0,3,2,1,1,2,2,4,5,0,0,0,0
0,1,0,2,2,2,1,2,0,0,0,0,0,0
0,0,0,0,2,0,0,1,2,2,0,0,0,0
0,0,1,0,1,3,1,1,0,3,1,1,1,0
4,1,0,0,2,3,1,3,1,2,0,0,0,0
0,0,0,0,1,1,3,1,0,0,0,0,0,0
2,1,0,0,0,3,2,1,0,0,0,0,0,0
4,1,0,0,2,1,0,2,0,2,1,1,1,0
0,0,0,0,1,4,0,0,0,0,0,0,0,0
2,0,1,2,5,2,1,1,1,2,0,0,0,0
1,0,0,0,0,6,1,0,0,0,0,0,0,0
1,1,0,2,1,1,3,1,2,2,0,0,0,0
0,1,0,0,1,1,2,2,0,0,0,0,0,0
0,0,1,1,2,3,1,0,0,0,0,0,0,0
0,0,0,2,2,1,2,2,0,0,0,0,0,0
1,2,1,2,3,2,0,0,0,0,0,0,0,0
0,0,0,2,5,3,1,2,1,4,0,0,0,0
3,0,2,4,0,1,4,0,2,3,0,0,0,0
1,0,0,1,1,5,1,0,3,2,0,0,0,0
0,0,0,2,3,1,1,2,1,2,0,0,0,0
1,0,2,1,1,1,1,2,1,3,0,0,0,0
0,1,0,0,2,3,0,0,0,0,0,0,0,0
1,0,0,0,2,2,5,2,0,0,0,0,0,0
0,1,0,2,0,0,0,2,1,3,0,0,0,0
3,1,1,0,4,2,2,1,0,0,0,0,0,0
0,0,1,1,3,2,0,0,0,0,0,0,0,0
1,0,0,1,0,0,1,0,0,4,1,1,1,0
1,0,0,2,3,3,1,3,0,0,0,0,0,0
0,4,2,0,3,2,3,0,0,0,0,0,0,0
0,0,1,0,1,0,2,0,1,5,0,0,0,0
2,1,0,0,3,2,0,0,0,0,0,0,0,0
0,0,1,1,2,1,2,1,0,0,0,0,0,0
2,1,0,6,6,4,0,2,3,6,0,0,0,0
0,0,0,0,1,1,2,3,0,0,0,0,0,0
1,3,0,1,2,4,3,0,2,4,0,0,0,0
1,0,1,1,1,4,0,0,0,0,0,0,0,0
6,2,3,2,7,4,0,1,4,5,0,0,0,0
0,0,0,1,1,1,0,0,0,3,1,1,2,0
2,1,0,1,4,2,1,3,0,0,0,0,0,0
3,1,1,1,3,2,0,0,0,0,0,0,0,0
0,1,0,3,0,1,0,1,4,1,0,0,0,0
4,0,0,1,2,2,1,0,0,0,0,0,0,0
0,0,0,1,0,6,0,0,0,0,0,0,0,0
0,1,1,0,1,2,0,1,2,3,0,0,0,0
4,1,2,0,0,0,0,0,0,0,0,0,0,0
1,1,1,0,3,3,2,1,0,0,0,0,0,0
0,0,0,1,1,2,1,0,0,0,0,0,0,0
1,0,0,0,3,1,1,0,0,0,0,0,0,0
2,1,1,1,0,0,0,0,0,0,0,0,0,0
1,0,0,2,0,2,0,3,2,1,0,0,0,0
0,0,0,2,0,3,1,1,0,0,0,0,0,0
2,0,0,1,3,2,0,1,1,2,1,2,1,0
1,0,2,1,1,2,1,3,0,0,0,0,0,0
3,2,0,4,2,2,0,0,0,0,0,0,0,0
0,0,0,0,1,1,1,2,0,0,0,0,0,0
0,0,0,0,0,3,1,1,0,0,0,0,0,0
2,1,0,1,2,0,0,0,3,2,0,0,0,0
0,0,0,1,0,1,2,2,0,0,0,0,0,0
1,1,0,1,2,2,0,2,2,2,0,0,0,0
0,0,0,1,1,3,0,0,0,0,0,0,0,0
0,0,1,0,2,1,1,1,0,0,0,0,0,0
2,1,0,1,2,2,0,0,0,0,0,0,0,0
0,0,0,2,2,0,1,3,1,1,0,0,0,0
0,0,1,2,3,1,0,2,0,6,0,0,0,0
1,0,0,1,0,0,0,1,1,4,0,0,0,0
2,1,2,1,2,1,2,1,0,0,0,0,0,0
2,0,1,0,2,2,3,2,2,4,0,0,0,0
2,0,0,0,1,2,1,1,0,0,0,0,0,0
0,1,2,2,2,1,3,0,0,0,0,0,0,0
0,1,0,0,1,0,0,0,1,4,1,1,1,0
0,0,0,0,1,1,1,2,2,5,0,0,0,0
1,0,0,2,1,1,1,1,0,0,0,0,0,0
2,0,0,3,3,1,0,0,0,0,0,0,0,0
1,0,1,1,2,1,0,2,1,4,0,0,0,0
0,1,0,2,2,1,0,0,0,0,0,0,0,0
1,1,1,2,2,3,0,1,1,4,3,1,1,0
0,0,0,3,1,1,0,0,0,0,0,0,0,0
3,0,1,2,1,2,1,2,0,0,0,0,0,0
0,1,3,4,3,2,0,1,3,4,1,2,1,0
0,1,1,0,1,3,0,1,4,1,0,0,0,0
1,0,2,0,2,3,0,0,0,0,0,0,0,0
0,2,1,0,0,2,0,5,0,0,0,0,0,0
1,0,1,2,3,0,0,0,0,0,0,0,0,0
2,2,0,2,1,2,1,1,0,0,0,0,0,0
2,0,1,0,5,3,0,2,0,5,0,0,0,0
1,0,0,0,0,1,2,2,1,0,0,0,0,0
2,0,0,0,1,2,0,3,1,2,0,0,0,0
0,0,0,0,0,1,1,1,1,2,0,0,0,0
0,0,0,1,3,1,1,0,0,0,0,0,0,0
2,0,0,4,1,1,1,0,0,0,0,0,0,0
1,0,0,1,1,4,0,0,0,0,0,0,0,0
0,0,1,1,1,1,1,1,0,0,0,0,0,0
1,0,1,2,1,2,1,0,1,2,1,1,1,0
2,0,0,1,1,3,0,0,0,0,0,0,0,0
1,1,0,0,3,2,0,0,0,0,0,0,0,0
0,3,1,1,2,2,0,0,0,0,0,0,0,0
1,0,1,0,0,4,3,3,0,0,0,0,0,0
0,0,1,2,2,2,0,1,2,2,0,0,0,0
2,0,1,1,2,1,1,2,0,0,0,0,0,0
1,0,0,0,3,2,0,0,0,0,0,0,0,0
2,1,2,1,5,3,0,0,0,0,0,0,0,0
0,1,3,0,2,2,0,0,2,2,1,1,1,0
2,2,1,1,1,0,0,0,0,0,0,0,0,0
1,1,0,2,4,1,0,0,0,0,0,0,0,0
2,0,0,1,1,0,2,1,2,2,0,0,0,0
1,4,0,2,2,5,2,2,1,1,0,0,0,0
0,2,0,0,0,0,1,1,0,1,2,2,1,0
1,1,1,2,2,2,2,2,2,1,0,0,0,0
2,1,2,0,6,3,2,0,0,0,0,0,0,0
1,1,1,2,1,0,0,0,0,0,0,0,0,0
0,0,0,1,0,3,2,2,0,0,0,0,0,0
0,1,1,5,3,4,0,0,0,0,0,0,0,0
1,0,2,1,0,3,2,2,0,0,0,0,0,0
0,0,1,0,3,0,0,2,2,1,2,1,1,0
1,0,0,1,1,4,0,0,0,0,0,0,0,0
1,1,0,3,2,1,0,0,0,0,0,0,0,0
1,0,0,1,2,2,2,0,0,0,0,0,0,0
1,0,0,1,3,2,1,1,0,0,0,0,0,0
0,0,0,0,1,4,0,0,0,0,0,0,0,0
0,0,1,3,1,2,0,0,0,0,0,0,0,0
2,3,0,0,1,3,2,0,1,5,1,0,5,0
0,0,0,0,0,5,0,0,0,0,0,0,0,0
1,0,0,2,1,0,1,3,1,1,0,0,0,0
1,0,0,1,0,0,1,1,1,2,0,0,0,0
0,0,0,0,1,2,0,1,1,3,0,0,0,0
0,1,1,0,5,0,2,0,1,2,3,2,2,0
1,0,1,0,1,4,0,0,0,0,0,0,0,0
1,1,1,3,2,3,2,1,0,0,0,0,0,0
2,0,0,2,2,1,0,2,1,3,0,0,0,0
0,0,1,2,0,2,2,2,0,0,0,0,0,0
1,0,0,0,0,2,0,1,1,3,0,0,0,0
1,1,0,0,2,2,1,1,0,0,0,0,0,0
0,0,0,2,3,3,0,0,0,0,0,0,0,0
1,0,0,3,1,3,0,0,0,0,0,0,0,0
1,0,1,1,0,1,1,2,1,1,0,0,0,0
1,2,2,1,1,2,3,1,2,2,0,0,0,0
0,1,0,2,1,0,1,3,1,1,2,1,2,0
1,0,1,0,3,2,1,2,0,0,0,0,0,0
0,0,1,1,1,2,0,0,1,4,1,0,5,0
1,1,1,1,2,4,0,0,0,0,0,0,0,0
1,0,0,1,1,1,1,2,0,0,0,0,0,0
1,1,3,2,3,2,0,0,0,0,0,0,0,0
0,0,2,2,1,3,3,3,0,0,0,0,0,0
0,0,1,2,3,2,1,1,0,0,0,0,0,0
3,0,2,2,0,2,0,0,0,5,0,0,0,0
1,1,1,2,1,1,1,1,0,1,2,1,1,0
0,0,0,0,2,1,1,3,0,0,0,0,0,0
0,1,2,2,2,3,0,0,0,0,0,0,0,0
1,0,1,3,2,2,0,0,0,0,0,0,0,0
0,0,0,1,2,1,1,0,0,0,0,0,0,0
3,0,1,2,0,1,0,0,1,3,1,1,1,0
1,1,0,2,1,1,1,1,2,3,0,0,0,0
1,0,0,0,3,2,0,0,0,0,0,0,0,0
1,0,0,1,1,2,1,2,0,0,0,0,0,0
0,1,1,0,3,2,0,0,0,0,0,0,0,0
1,0,1,0,2,1,2,2,0,0,0,0,0,0
0,0,0,0,2,1,0,1,2,2,0,0,0,0
1,0,0,0,2,3,0,0,0,0,0,0,0,0
0,0,0,1,1,2,1,1,0,0,0,0,0,0
0,0,0,4,3,2,1,1,0,0,0,0,0,0
1,0,1,1,2,4,0,0,0,0,0,0,0,0
0,1,0,1,2,0,0,0,0,3,1,1,1,0
0,0,1,2,1,2,0,0,0,0,0,0,0,0
1,1,0,1,0,0,2,2,1,2,0,0,0,0
2,1,1,0,3,0,1,3,1,3,0,0,0,0
1,0,1,0,1,2,1,1,4,1,0,0,0,0
2,0,0,0,2,3,0,0,0,0,0,0,0,0
0,1,0,0,0,3,2,1,1,5,0,0,0,0
0,0,1,0,0,1,0,2,1,3,0,0,0,0
6,0,0,0,0,0,0,0,0,0,0,0,0,0
1,0,0,0,1,2,1,1,0,2,1,1,1,0
0,2,2,2,1,0,0,0,1,4,0,0,0,0
0,0,1,0,1,3,0,2,3,2,0,0,0,0
1,0,0,2,3,1,0,0,0,0,0,0,0,0
0,0,0,3,3,5,0,2,2,5,0,0,0,0
1,0,1,2,3,2,1,0,3,3,0,0,0,0
5,0,0,0,0,0,0,0,0,0,0,0,0,0
0,1,1,0,4,4,1,3,2,3,1,1,3,0
1,1,1,5,4,2,2,3,1,1,0,0,0,0
0,1,0,2,2,1,0,0,0,0,0,0,0,0
1,1,2,3,3,2,2,0,0,0,0,0,0,0
1,2,1,0,2,2,2,4,0,0,0,0,0,0
2,0,2,0,4,1,2,1,2,3,0,0,0,0
0,0,0,2,1,2,0,0,0,0,0,0,0,0
1,0,0,0,1,3,1,4,1,2,0,0,0,0
1,0,1,1,2,3,0,0,0,0,0,0,0,0
0,1,1,1,0,1,1,1,2,2,0,0,0,0
1,0,1,2,2,4,1,0,0,0,0,0,0,0
1,2,0,3,2,3,1,4,0,5,0,0,0,0
6,2,2,2,4,4,1,4,3,2,0,0,0,0
2,2,1,1,0,0,0,0,0,0,0,0,0,0
3,1,1,0,5,5,0,0,0,0,0,0,0,0
0,0,0,4,4,3,1,2,2,3,0,0,0,0
0,0,0,0,0,1,2,3,2,1,0,0,0,0
1,0,2,0,0,1,1,1,1,1,0,0,0,0
2,1,1,2,1,1,3,3,0,1,2,1,3,0
0,0,0,0,0,2,2,2,0,0,0,0,0,0
1,0,1,1,1,1,1,0,0,0,0,0,0,0
1,0,1,3,3,2,0,0,0,0,0,0,0,0
0,0,0,1,2,2,1,1,1,1,0,0,0,0
1,0,2,1,1,1,0,0,0,0,0,0,0,0
1,1,0,0,2,1,1,2,0,0,0,0,0,0
1,0,0,0,2,2,2,2,0,0,0,0,0,0
1,1,1,1,2,0,0,0,0,0,0,0,0,0
3,1,1,0,3,1,2,1,0,0,0,0,0,0
0,1,1,0,2,3,0,0,2,1,1,1,1,0
1,1,0,0,1,2,2,1,1,2,0,0,0,0
1,0,2,3,2,2,1,1,1,1,0,0,0,0
2,0,2,1,1,1,0,1,1,3,0,0,0,0
0,2,0,1,5,1,0,3,2,4,0,0,0,0
1,2,1,1,6,3,0,0,0,0,0,0,0,0
0,0,0,3,0,1,3,1,1,2,0,0,0,0
0,0,0,0,2,1,1,2,0,0,0,0,0,0
0,1,1,1,1,1,0,0,0,0,0,0,0,0
2,0,2,2,2,3,0,1,1,4,0,0,0,0
1,0,0,1,1,0,0,1,1,4,0,0,0,0
1,1,0,2,2,3,1,0,0,0,0,0,0,0
1,0,0,1,2,3,1,4,1,1,0,0,0,0
3,0,0,3,2,7,0,0,0,0,0,0,0,0
0,0,0,0,0,2,2,2,0,0,0,0,0,0
1,0,0,0,3,1,1,1,0,0,0,0,0,0
0,0,2,1,2,0,0,2,1,3,0,0,0,0
1,0,1,0,2,1,0,2,1,2,0,0,0,0
1,0,1,0,1,2,1,1,0,0,0,0,0,0
0,0,1,2,1,2,0,1,2,2,0,0,0,0
1,0,0,0,1,0,0,1,2,3,0,0,0,0
0,1,0,0,1,1,1,2,1,2,0,0,0,0
1,3,0,1,2,2,1,0,2,1,1,1,1,0
0,0,1,1,2,1,0,0,0,0,0,0,0,0
1,2,0,0,2,3,1,1,1,1,0,3,3,0
1,0,1,0,2,2,1,0,0,0,0,0,0,0
0,2,1,1,1,1,2,1,2,2,0,0,0,0
2,2,1,3,4,3,1,1,0,0,0,0,0,0
4,0,1,3,1,3,1,3,3,4,0,0,0,0
0,0,0,1,1,1,1,1,0,0,0,0,0,0
1,0,1,0,2,2,2,1,0,0,0,0,0,0
0,0,0,1,3,1,1,1,0,0,0,0,0,0
0,0,0,2,0,0,1,2,1,2,0,0,0,0
0,0,0,0,1,3,1,4,1,2,0,0,0,0
3,0,1,2,5,2,1,2,0,0,0,0,0,0
0,0,1,1,1,0,0,2,1,2,0,0,0,0
1,1,2,2,2,2,1,1,0,0,0,0,0,0
1,0,2,3,0,0,0,1,0,2,1,2,1,0
0,0,0,1,2,0,3,2,0,0,0,0,0,0
0,0,0,1,1,0,1,3,1,3,0,0,0,0
0,1,0,0,2,3,1,0,0,0,0,0,0,0
0,0,0,2,1,2,0,0,0,0,0,0,0,0
1,1,0,0,0,1,1,0,1,0,0,2,3,0
1,0,1,2,1,1,0,0,0,0,0,0,0,0
0,1,0,5,4,3,1,4,1,7,1,3,1,0
0,0,0,0,1,0,2,2,1,1,0,0,0,0
1,0,1,1,2,1,1,1,0,0,0,0,0,0
2,0,1,1,4,2,0,0,0,0,0,0,0,0
0,0,0,1,2,4,0,0,0,0,0,0,0,0
0,1,0,0,1,1,1,2,1,1,0,0,0,0
0,0,1,1,0,1,1,1,1,4,0,0,0,0
0,1,0,0,2,3,0,0,0,0,0,0,0,0
2,0,0,1,2,1,2,1,0,0,0,0,0,0
1,0,1,1,4,0,0,0,0,0,0,0,0,0
0,1,1,1,2,1,0,0,0,0,0,0,0,0
2,0,1,1,3,0,0,0,0,0,0,0,0,0
2,1,0,0,0,5,1,0,0,0,0,0,0,0
1,0,1,2,0,1,2,2,0,0,0,0,0,0
0,0,1,1,0,2,1,2,2,4,0,0,0,0
0,1,0,1,1,1,0,3,1,1,0,0,0,0
0,0,0,0,1,2,1,3,0,0,0,0,0,0
1,1,2,0,0,0,1,1,2,1,1,1,1,0
1,0,0,0,1,4,0,0,0,0,0,0,0,0
1,0,0,3,0,2,1,1,1,1,0,0,0,0
0,0,0,2,3,1,0,0,0,0,0,0,0,0
0,1,0,0,3,1,2,2,0,0,0,0,0,0
1,1,0,3,1,5,2,2,2,2,0,0,0,0
2,0,2,1,3,1,2,2,1,1,0,0,0,0
0,0,0,2,3,4,0,0,0,0,0,0,0,0
0,0,1,0,2,3,0,0,0,0,0,0,0,0
0,1,2,0,0,2,2,2,1,2,0,0,0,0
0,0,0,2,2,1,1,1,0,0,0,0,0,0
0,0,0,0,0,1,2,2,0,6,0,0,0,0
1,1,4,4,0,4,3,3,6,4,2,2,2,0
5,3,1,4,10,4,2,5,5,7,0,0,0,0
2,0,1,0,1,4,0,0,0,0,0,0,0,0
5,2,1,0,3,3,0,0,0,0,0,0,0,0
2,0,1,0,3,1,2,0,2,4,0,0,0,0
1,0,0,0,3,1,0,0,1,4,0,0,0,0
0,2,0,3,3,0,9,5,4,3,1,2,2,0
1,0,0,0,1,2,2,1,0,0,0,0,0,0
0,0,0,2,4,1,1,3,1,3,0,0,0,0
3,0,0,0,3,0,0,1,2,2,0,0,0,0
0,0,2,4,2,2,1,1,0,0,0,0,0,0
0,0,0,0,0,0,1,1,2,2,0,0,0,0
1,1,0,1,3,2,3,3,1,1,0,0,0,0
2,1,1,3,4,4,2,1,1,2,0,0,0,0
6,4,2,3,5,4,3,4,1,8,0,0,0,0
1,0,1,1,0,1,2,2,1,2,0,0,0,0
0,0,0,2,1,2,1,0,0,0,0,0,0,0
0,0,1,0,0,0,0,1,1,3,0,0,0,0
0,0,0,0,1,2,3,1,0,0,0,0,0,0
0,0,0,0,1,0,0,0,1,5,0,0,0,0
0,0,0,0,1,2,1,1,0,0,0,0,0,0
0,0,0,1,1,3,0,0,0,0,0,0,0,0
4,3,1,1,6,6,4,6,6,5,0,6,1,0
0,1,1,0,0,1,3,1,1,3,0,0,0,0
6,3,3,0,6,0,1,2,6,10,0,0,0,0
1,1,2,1,0,0,0,0,0,0,0,0,0,0
0,0,0,0,6,1,0,0,0,0,0,0,0,0
0,0,1,0,1,0,1,1,2,1,0,0,0,0
2,1,0,0,1,4,0,0,0,0,0,0,0,0
0,0,0,1,0,1,0,1,0,2,1,2,1,0
1,1,1,2,2,1,0,0,0,0,0,0,0,0
2,0,2,2,1,1,0,0,0,0,0,0,0,0
1,0,0,1,2,3,0,0,0,0,0,0,0,0
0,0,1,1,0,1,1,3,0,0,0,0,0,0
1,0,1,0,3,2,2,0,0,0,0,0,0,0
1,1,0,2,0,3,1,1,1,5,0,0,0,0
0,0,1,1,0,2,1,3,0,0,0,0,0,0
3,0,0,1,4,3,0,1,1,3,0,0,0,0
0,1,1,1,1,4,0,3,0,0,3,1,3,0
1,0,1,1,2,3,1,1,1,1,1,1,2,0
2,0,1,1,0,4,1,1,0,0,0,0,0,0
1,0,0,0,4,2,0,0,0,0,0,0,0,0
0,1,0,2,3,0,0,1,1,3,0,0,0,0
0,0,1,0,1,2,1,1,0,0,0,0,0,0
0,0,1,0,0,1,2,2,0,0,0,0,0,0
0,1,1,1,1,1,0,0,0,0,0,0,0,0
1,0,2,0,5,3,0,1,1,4,3,1,2,0
1,1,1,0,1,2,1,1,1,1,0,0,0,0
0,1,0,0,0,1,1,1,1,2,0,0,0,0
4,2,0,4,3,3,0,0,0,0,0,0,0,0
1,1,1,1,3,4,0,1,1,4,0,0,0,0
0,0,1,0,3,1,1,1,0,0,0,0,0,0
0,0,0,0,2,1,1,2,0,0,0,0,0,0
2,1,0,2,2,1,0,0,0,0,0,0,0,0
2,1,0,2,4,0,0,0,0,0,0,0,0,0
2,0,1,0,1,3,1,0,1,2,2,1,1,0
1,2,0,3,2,2,2,2,0,0,0,0,0,0
2,1,2,4,2,5,0,0,0,0,0,0,0,0
3,1,0,1,0,1,1,3,1,2,0,0,0,0
1,0,0,0,2,1,1,1,1,1,0,0,0,0
1,0,1,2,3,3,1,1,0,0,0,0,0,0
2,0,1,0,3,2,1,1,0,0,0,0,0,0
0,0,0,1,1,3,2,1,0,0,0,0,0,0
2,2,0,1,2,5,1,1,0,0,0,0,0,0
1,1,0,0,2,0,0,3,2,4,0,0,0,0
3,2,1,0,0,0,0,0,0,0,0,0,0,0
1,0,2,2,3,1,2,4,0,0,0,0,0,0
0,0,1,3,1,2,2,1,1,2,0,0,0,0
2,0,0,1,3,1,0,0,0,0,0,0,0,0
0,0,0,1,0,2,1,1,1,1,0,0,0,0
2,2,2,0,1,2,1,1,1,2,0,0,0,0
4,1,0,1,2,4,0,0,0,0,0,0,0,0
2,1,1,0,0,0,0,0,0,0,2,1,2,0
3,3,0,2,3,1,1,1,2,1,0,0,0,0
1,2,1,1,2,2,0,0,0,0,0,0,0,0
1,0,0,1,0,2,1,0,1,1,1,1,1,0
3,0,1,1,1,0,1,0,2,3,0,0,0,0
0,0,0,1,2,3,0,0,0,0,0,0,0,0
3,1,1,0,4,2,0,0,0,0,0,0,0,0
2,2,0,1,2,1,1,2,0,0,0,0,0,0
0,0,0,0,2,2,1,0,0,0,0,0,0,0
0,2,2,2,0,2,0,1,0,5,0,0,0,0
0,0,0,0,1,2,3,1,2,3,0,0,0,0
0,0,0,0,2,1,2,3,2,11,0,0,0,0
1,0,0,0,2,3,0,0,1,1,1,1,1,0
2,1,1,2,2,4,2,2,1,3,0,0,0,0
1,0,0,1,1,2,0,2,2,1,0,0,0,0
0,0,0,1,4,0,0,2,1,3,0,0,0,0
0,0,0,0,0,0,1,1,1,3,0,0,0,0
4,0,1,3,2,2,0,0,0,0,0,0,0,0
1,0,1,0,1,2,2,2,1,2,0,0,0,0
2,2,0,2,0,3,2,1,0,0,0,0,0,0
0,0,0,0,1,1,0,4,1,2,0,0,0,0
0,0,2,0,3,4,0,1,3,3,1,1,2,0
1,0,1,1,2,4,0,0,0,0,0,0,0,0
1,0,1,2,2,0,0,0,0,0,0,0,0,0
1,2,2,5,2,8,1,4,0,4,1,1,3,0
1,0,0,1,4,0,0,0,0,0,0,0,0,0
1,1,3,1,0,0,0,0,0,0,0,0,0,0
2,0,1,1,2,1,0,0,0,0,0,0,0,0
2,0,2,2,3,0,0,0,0,0,0,0,0,0
2,0,0,0,1,0,0,1,3,1,0,0,0,0
0,0,0,0,0,1,1,1,1,2,0,0,0,0
1,0,0,0,2,4,0,0,0,0,0,0,0,0
1,1,0,3,1,0,0,1,2,3,0,0,0,0
1,0,0,3,2,0,0,0,0,0,0,0,0,0
0,0,0,0,2,5,0,0,0,0,0,0,0,0
6,0,0,0,0,0,0,0,0,0,0,0,0,0
1,1,1,4,0,0,0,0,0,0,0,0,0,0
0,0,0,0,1,2,1,1,0,0,0,0,0,0
1,0,0,2,0,3,1,1,0,0,0,0,0,0
3,1,0,2,3,4,0,1,1,1,1,1,2,0
1,1,0,0,2,1,2,0,0,0,0,0,0,0
0,0,0,0,1,4,0,0,0,0,0,0,0,0
0,0,0,1,1,2,1,2,0,0,0,0,0,0
1,2,0,0,0,2,1,1,1,1,0,0,0,0
0,0,2,2,5,2,1,2,4,1,0,0,0,0
0,0,2,1,2,2,0,0,0,0,0,0,0,0
2,2,3,3,4,0,2,3,2,1,0,0,0,0
3,0,0,1,7,1,0,3,2,3,0,0,0,0
2,1,1,1,1,2,1,3,0,0,0,0,0,0
0,1,1,2,0,8,0,0,0,0,0,0,0,0
4,2,0,2,0,2,2,2,0,0,0,0,0,0
2,0,0,0,3,2,0,0,0,0,0,0,0,0
0,0,0,3,3,1,1,1,1,2,0,0,0,0
1,1,1,0,4,1,0,0,0,0,0,0,0,0
0,0,1,0,1,3,2,1,0,0,0,0,0,0
1,0,0,1,2,2,0,0,0,0,0,0,0,0
0,0,1,0,1,1,1,3,0,0,0,0,0,0
2,1,0,1,2,2,0,0,0,0,0,0,0,0
1,1,1,0,2,0,0,1,1,4,0,0,0,0
0,1,0,1,1,1,0,3,0,4,2,1,1,0
1,2,0,1,4,3,4,4,1,1,1,2,2,0
1,1,1,0,1,2,0,4,4,2,0,0,0,0
2,1,1,2,1,0,3,2,2,1,0,0,0,0
0,1,1,1,2,1,1,0,0,0,0,0,0,0
1,0,0,0,4,5,0,3,2,5,0,0,0,0
0,1,0,0,1,4,0,0,0,0,0,0,0,0
0,0,0,1,3,1,0,0,0,0,0,0,0,0
1,0,0,0,2,3,0,1,1,2,1,1,1,0
1,1,0,1,1,4,0,0,0,0,0,0,0,0
1,1,0,1,2,1,0,1,2,1,2,2,1,0
0,2,0,1,2,3,1,2,1,0,0,0,0,0
3,0,0,1,1,2,1,3,0,0,0,0,0,0
1,3,1,2,3,2,3,3,0,0,0,0,0,0
0,0,0,2,3,3,0,0,0,0,0,0,0,0
0,0,1,0,1,0,2,3,2,3,0,0,0,0
1,2,1,1,3,3,1,6,2,3,1,3,1,0
1,0,0,2,0,2,0,3,2,3,0,0,0,0
1,1,1,4,0,2,1,0,4,4,0,0,0,0
1,0,1,3,6,3,3,1,0,0,0,0,0,0
1,1,1,3,0,0,0,0,0,0,0,0,0,0
0,0,0,0,2,1,1,1,1,1,0,0,0,0
1,1,0,3,1,3,0,0,0,0,0,0,0,0
0,2,0,0,1,0,1,3,1,3,0,0,0,0
4,2,0,3,3,5,0,3,3,5,0,0,0,0
0,1,0,0,1,1,2,1,1,2,0,0,0,0
8,4,4,3,6,6,0,2,3,9,2,1,3,0
2,1,0,2,0,3,1,1,1,1,0,0,0,0
0,0,0,2,3,2,1,0,0,0,0,0,0,0
2,0,0,1,2,1,3,1,1,1,1,1,2,0
1,1,1,2,2,0,0,0,0,0,0,0,0,0
0,0,0,1,0,1,1,1,1,1,0,0,0,0
1,1,1,1,0,3,1,0,2,3,0,0,0,0
0,0,1,3,2,1,0,0,0,0,0,0,0,0
2,0,1,1,4,3,1,2,1,1,0,0,0,0
2,0,1,1,2,4,0,2,2,2,0,0,0,0
1,0,0,1,0,1,1,1,1,3,0,0,0,0
3,3,1,1,1,4,1,2,2,4,0,0,0,0
0,1,1,2,3,1,0,0,0,0,0,0,0,0
2,0,2,1,0,3,3,0,0,0,0,0,0,0
2,0,0,2,2,7,0,0,0,0,0,0,0,0
2,1,0,1,1,4,0,0,0,0,0,0,0,0
0,1,0,1,3,1,0,0,0,0,0,0,0,0
0,0,1,0,0,3,0,3,2,1,1,1,1,0
1,0,1,1,2,0,0,0,3,2,0,0,0,0
0,1,0,0,2,1,1,3,0,0,0,0,0,0
0,0,1,0,0,1,0,0,1,2,1,1,1,0
0,0,0,1,1,3,0,0,0,0,0,0,0,0
1,0,1,0,0,2,0,1,1,4,0,0,0,0
1,0,0,0,0,2,1,1,1,2,0,0,0,0
0,0,1,2,2,1,0,0,0,0,0,0,0,0
1,0,0,0,2,1,1,1,0,0,0,0,0,0
3,0,2,1,5,1,0,0,3,4,0,0,0,0
2,0,0,2,2,2,1,1,1,2,0,0,0,0
0,1,0,1,1,2,1,1,1,1,0,0,0,0
2,2,0,0,6,3,3,2,0,6,0,0,0,0
0,0,0,3,1,1,0,0,0,0,0,0,0,0
0,0,1,1,3,2,1,3,2,2,0,0,0,0
0,1,1,4,3,2,1,2,1,1,0,0,0,0
1,0,0,0,2,3,1,2,0,0,0,0,0,0
1,0,1,2,2,1,0,0,0,0,0,0,0,0
2,1,0,2,2,1,0,0,0,0,0,0,0,0
0,0,0,2,2,4,0,0,0,0,0,0,0,0
0,1,0,1,3,2,1,2,0,0,0,0,0,0
0,1,0,2,1,3,1,1,0,0,0,0,0,0
0,0,0,0,1,2,1,1,0,0,0,0,0,0
1,1,1,1,3,3,3,3,2,3,0,0,0,0
0,1,1,2,3,3,3,2,1,6,0,0,0,0
2,0,1,0,0,2,1,2,0,0,0,0,0,0
1,1,1,1,3,4,1,2,0,0,0,0,0,0
5,1,0,2,2,4,1,3,1,5,0,0,0,0
2,0,0,1,2,2,1,0,2,4,0,0,0,0
1,1,2,1,1,3,0,0,0,0,0,0,0,0
1,0,0,0,2,3,0,0,0,0,0,0,0,0
0,0,0,0,1,4,0,0,0,0,0,0,0,0
4,1,1,1,2,5,3,3,1,5,0,0,0,0
0,0,1,1,2,2,1,1,1,1,0,0,0,0
3,0,0,0,0,3,2,3,0,0,0,0,0,0
1,1,1,2,3,0,0,0,0,0,0,0,0,0
2,0,1,3,5,4,2,0,4,4,0,0,0,0
0,0,0,0,1,5,1,0,0,0,0,0,0,0
0,2,0,0,1,1,0,1,1,3,0,0,0,0
3,1,1,0,2,1,1,1,0,0,0,0,0,0
0,0,0,1,1,4,1,1,1,1,0,0,0,0
0,0,1,1,1,2,0,0,0,0,0,0,0,0
0,0,0,0,0,0,1,0,0,2,2,1,1,0
0,0,2,2,1,3,1,1,1,2,0,0,0,0
1,0,0,1,0,2,2,2,0,0,0,0,0,0
2,0,0,2,4,1,0,0,0,0,0,0,0,0
2,0,3,1,7,3,0,1,2,4,3,2,1,0
3,0,2,0,2,7,3,1,1,7,0,0,0,0
0,0,0,0,2,4,3,1,0,0,0,0,0,0
0,1,0,0,1,0,1,1,1,3,0,0,0,0
1,1,1,1,1,1,1,1,0,0,0,0,0,0
2,0,0,2,4,7,1,4,3,3,0,0,0,0
0,0,1,0,1,1,1,2,0,0,0,0,0,0
0,0,0,3,1,3,2,0,0,0,0,0,0,0
2,0,0,1,6,2,0,0,0,0,0,0,0,0
3,0,1,3,4,1,1,1,0,0,0,0,0,0
1,0,0,2,0,3,0,3,1,2,0,0,0,0
2,0,0,2,1,3,2,1,1,4,0,0,0,0
0,0,0,0,0,1,1,3,1,1,0,0,0,0
1,0,0,2,0,4,1,1,0,0,0,0,0,0
1,2,1,1,0,3,1,1,0,2,1,1,2,0
9,2,2,9,10,11,3,6,4,4,1,2,1,0
0,0,0,0,2,2,2,1,0,0,0,0,0,0
1,0,0,1,0,1,0,3,3,4,0,0,0,0
0,0,1,3,2,2,1,1,0,0,0,0,0,0
0,0,0,2,1,3,0,1,1,3,0,0,0,0
0,0,1,0,3,2,1,0,0,0,0,0,0,0
2,0,0,0,1,1,3,1,0,0,0,0,0,0
2,2,1,4,7,1,2,2,1,2,3,1,1,0
1,3,0,2,7,4,0,1,2,3,1,1,1,0
0,1,1,0,0,2,1,2,0,0,0,0,0,0
1,0,2,0,2,1,0,1,1,1,1,1,1,0
2,1,0,1,2,5,0,0,0,0,0,0,0,0
0,0,0,0,2,1,1,2,0,0,0,0,0,0
1,1,1,2,0,0,0,0,0,0,0,0,0,0
0,0,0,1,1,3,0,0,0,0,0,0,0,0
0,0,0,0,4,2,1,1,0,0,0,0,0,0
0,0,1,1,1,1,1,1,0,0,0,0,0,0
1,0,1,0,2,1,2,0,0,0,0,0,0,0
0,0,0,1,2,1,1,2,0,1,1,2,1,0
1,0,1,2,2,3,2,2,0,0,0,0,0,0
2,0,2,1,1,2,0,2,2,1,0,0,0,0
1,1,0,1,3,2,0,0,0,0,0,0,0,0
0,0,0,1,1,3,0,0,0,0,0,0,0,0
1,1,0,2,4,2,0,0,0,0,0,0,0,0
0,0,1,1,3,2,0,0,0,0,0,0,0,0
1,0,0,1,1,2,2,1,1,1,0,0,0,0
0,0,1,2,2,2,0,0,0,0,0,0,0,0
6,1,3,2,7,7,7,3,2,9,0,0,0,0
1,0,3,2,2,1,1,1,3,1,0,0,0,0
1,2,1,2,5,3,0,0,0,0,0,0,0,0
0,0,0,4,3,2,0,0,0,0,0,0,0,0
1,0,2,2,4,3,3,1,4,3,0,0,0,0
0,0,1,0,1,0,1,4,0,0,0,0,0,0
1,2,2,0,3,1,1,0,0,0,0,0,0,0
0,1,1,0,1,2,2,3,1,2,0,0,0,0
0,0,1,0,2,1,0,1,1,4,0,0,0,0
1,1,2,0,1,1,1,2,0,0,0,0,0,0
6,1,0,1,2,1,1,1,0,0,0,0,0,0
1,2,1,1,1,2,2,2,1,1,0,0,0,0
0,0,1,2,4,1,1,2,0,0,0,0,0,0
0,0,0,0,1,2,0,0,0,3,0,1,4,0
0,0,1,0,0,0,0,2,1,2,0,0,0,0
0,0,1,1,2,1,0,0,0,0,0,0,0,0
1,1,2,0,2,2,0,1,3,2,0,0,0,0
1,0,1,0,3,0,1,1,1,3,0,0,0,0
1,0,1,2,1,1,1,1,0,0,0,0,0,0
2,0,0,5,4,1,3,1,1,1,0,0,0,0
0,0,0,1,1,1,2,3,0,0,0,0,0,0
2,0,0,1,1,1,0,1,1,3,0,0,0,0
0,0,0,2,2,2,0,0,0,0,0,0,0,0
0,0,1,1,1,2,0,0,0,0,0,0,0,0
2,2,0,2,3,2,3,0,2,5,1,1,1,0
0,1,1,1,2,1,1,1,1,1,0,0,0,0
0,0,1,3,4,1,1,2,0,0,0,0,0,0
1,0,1,1,2,2,0,0,0,0,0,0,0,0
1,0,0,3,2,0,1,0,3,3,0,0,0,0
1,0,0,2,0,3,0,2,1,3,0,0,0,0
0,1,0,0,0,4,1,2,0,0,0,0,0,0
1,2,1,0,1,2,2,2,0,0,0,0,0,0
0,1,1,1,2,1,0,0,0,0,0,0,0,0
2,1,1,1,4,1,0,0,0,0,0,0,0,0
2,0,1,0,4,1,0,0,0,0,0,0,0,0
0,0,0,1,0,0,4,4,1,1,0,0,0,0
1,0,0,0,1,4,0,0,0,0,0,0,0,0
2,0,0,1,2,1,1,2,1,2,0,0,0,0
0,0,2,2,1,2,0,0,0,0,0,0,0,0
2,1,3,0,0,0,0,0,0,0,0,0,0,0
2,0,3,1,2,3,1,3,1,1,0,0,0,0
2,1,1,0,1,5,0,0,0,0,0,0,0,0
0,0,0,1,0,3,1,2,3,1,0,0,0,0
0,0,0,2,2,2,4,3,0,0,0,0,0,0
3,0,0,2,1,3,0,0,0,1,1,2,1,0
1,0,2,3,2,2,2,2,5,4,0,0,0,0
0,1,0,2,0,1,0,1,1,3,0,0,0,0
1,1,1,2,6,1,1,0,0,0,0,0,0,0
0,0,0,0,0,0,0,2,1,3,0,0,0,0
0,0,0,2,2,1,0,0,0,0,0,0,0,0
1,0,0,1,0,1,0,3,1,1,0,0,0,0
0,0,0,0,2,2,0,2,1,2,0,0,0,0
0,0,1,0,3,1,1,0,0,0,0,0,0,0
0,0,0,0,1,0,0,0,1,4,0,0,0,0
0,1,0,0,4,3,0,0,0,0,0,0,0,0
2,0,0,1,2,0,0,0,1,4,0,0,0,0
0,0,0,0,0,1,1,1,1,2,0,0,0,0
1,0,0,3,4,2,0,0,0,0,0,0,0,0
3,1,1,1,2,2,1,2,0,0,0,0,0,0
0,1,2,2,1,2,1,1,0,0,0,0,0,0
1,0,0,0,1,3,1,1,1,2,0,0,0,0
1,2,2,4,6,4,4,5,3,4,2,2,1,0
1,0,0,1,1,1,1,1,0,0,0,0,0,0
0,1,0,1,1,3,0,2,1,2,0,0,0,0
1,0,0,0,1,1,1,0,2,3,0,0,0,0
0,1,0,2,2,2,2,1,0,0,0,0,0,0
0,0,0,0,0,1,0,0,0,2,1,1,1,0
1,1,0,0,0,2,2,0,0,1,2,3,2,0
0,0,1,0,1,1,1,1,2,1,0,0,0,0
0,0,0,1,3,2,0,0,0,0,0,0,0,0
1,0,0,1,0,0,0,2,2,2,0,0,0,0
0,0,0,3,2,1,1,1,1,2,0,0,0,0
0,1,0,0,2,3,0,0,0,0,0,0,0,0
2,2,2,2,3,0,3,2,3,7,1,1,1,0
2,0,0,0,2,0,1,3,1,1,0,0,0,0
1,0,0,1,3,1,2,1,0,0,0,0,0,0
1,1,1,0,0,1,1,3,1,2,0,0,0,0
0,0,0,1,1,0,0,2,0,1,2,1,1,0
0,1,0,2,5,1,2,3,2,2,0,3,4,0
2,1,0,0,0,0,0,2,1,2,0,0,0,0
0,1,2,2,1,1,1,2,2,2,0,0,0,0
0,0,0,0,2,0,0,5,0,0,0,0,0,0
1,0,2,2,0,1,2,1,1,3,0,0,0,0
0,0,0,0,4,3,0,0,0,0,0,0,0,0
2,0,0,0,1,1,2,1,0,0,0,0,0,0
2,0,2,0,1,1,1,1,1,1,0,0,0,0
1,1,1,1,1,0,0,0,0,0,0,0,0,0
0,1,0,2,1,0,2,0,2,5,0,0,0,0
0,0,1,0,1,1,2,3,0,0,0,0,0,0
2,0,2,1,1,2,4,1,4,2,0,0,0,0
1,0,0,0,3,3,0,0,0,0,0,0,0,0
3,1,1,3,2,3,2,2,1,2,0,0,0,0
1,0,1,1,0,4,3,3,2,1,0,0,0,0
1,1,0,3,1,3,0,0,0,0,0,0,0,0
0,0,0,1,2,4,0,0,0,0,0,0,0,0
1,0,0,0,1,0,1,1,1,2,0,0,0,0
3,0,0,0,2,2,1,1,0,0,0,0,0,0
1,1,1,2,0,0,0,0,0,0,0,0,0,0
0,1,0,1,2,1,2,2,1,1,0,0,0,0
4,2,2,1,1,2,0,0,0,0,0,0,0,0
2,0,1,1,0,2,0,2,2,2,0,0,0,0
3,0,0,1,2,0,2,1,1,1,0,0,0,0
0,0,0,2,4,1,0,0,0,0,0,0,0,0
2,0,0,0,1,1,1,2,2,1,2,1,1,0
2,2,2,0,2,1,0,3,1,3,0,0,0,0
0,0,0,4,1,0,0,0,1,4,0,0,0,0
1,0,0,0,2,3,0,0,0,0,0,0,0,0
0,0,0,1,1,0,0,2,4,2,0,0,0,0
0,0,2,1,0,0,0,2,2,2,0,0,0,0
0,1,0,0,0,1,1,1,2,1,0,0,0,0
1,0,0,1,2,2,1,0,0,0,0,0,0,0
1,0,1,1,0,1,1,1,1,2,0,0,0,0
1,0,0,1,2,3,0,0,0,0,0,0,0,0
0,0,0,0,1,3,2,3,0,0,0,0,0,0
2,0,1,1,0,2,1,1,1,1,0,0,0,0
3,1,0,0,3,4,1,1,0,0,0,0,0,0
1,1,0,1,1,1,1,1,0,0,0,0,0,0
0,0,3,3,3,2,1,1,1,3,0,0,0,0
1,0,0,1,4,3,0,0,0,0,0,0,0,0
1,0,1,3,2,1,1,2,0,0,0,0,0,0
0,0,0,2,4,2,0,0,0,0,0,0,0,0
0,0,0,2,2,3,0,0,4,2,0,0,0,0
1,0,1,1,2,1,0,0,0,0,0,0,0,0
2,1,0,0,2,3,0,0,0,0,0,0,0,0
0,1,0,0,0,3,1,2,1,1,0,0,0,0
2,0,2,0,2,3,0,0,0,0,0,0,0,0
1,0,0,0,1,2,1,2,0,0,0,0,0,0
0,0,1,1,0,0,0,2,2,1,0,0,0,0
1,0,0,1,0,1,1,2,1,1,0,0,0,0
1,0,0,2,2,1,1,0,3,3,0,0,0,0
0,0,1,2,1,1,1,0,0,0,0,0,0,0
1,0,1,1,0,1,2,2,1,3,0,0,0,0
0,0,0,1,1,1,1,3,0,1,1,1,2,0
0,2,0,0,0,1,1,3,0,0,0,0,0,0
0,0,1,0,0,1,0,3,0,1,1,2,1,0
0,1,0,0,5,0,0,0,0,0,0,0,0,0
0,1,0,0,2,3,1,0,0,5,0,0,0,0
0,1,0,1,1,1,3,2,1,5,0,0,0,0
3,1,0,0,1,1,1,2,0,3,1,2,1,0
1,1,0,2,2,2,0,2,2,2,0,0,0,0
0,0,1,1,1,3,0,0,0,0,0,0,0,0
0,1,0,0,3,2,0,0,0,0,0,0,0,0
1,0,0,3,1,1,0,0,0,0,0,0,0,0
1,0,0,0,0,5,0,0,0,0,0,0,0,0
1,0,0,1,4,1,1,3,0,0,0,0,0,0
1,0,0,2,5,1,0,2,1,2,0,0,0,0
0,0,0,1,0,0,0,1,1,3,0,0,0,0
1,0,0,1,0,0,0,2,1,2,0,0,0,0
0,0,3,0,2,1,1,1,0,0,0,0,0,0
2,1,0,2,2,1,0,0,0,0,0,0,0,0
3,1,0,1,1,2,2,1,0,0,0,0,0,0
3,2,1,0,0,0,0,0,0,0,0,0,0,0
1,1,0,3,5,3,2,5,0,0,0,0,0,0
0,0,0,3,1,2,0,0,0,0,0,0,0,0
1,0,1,1,1,3,2,3,1,1,1,1,1,0
1,0,1,0,0,3,1,2,0,0,0,0,0,0
2,0,1,0,0,2,0,1,1,3,0,0,0,0
2,0,0,0,2,3,1,4,1,5,0,0,0,0
2,0,1,1,1,1,0,1,2,2,0,0,0,0
2,0,1,1,1,2,0,0,0,0,0,0,0,0
1,1,1,1,1,1,0,0,0,0,0,0,0,0
0,0,0,0,3,2,0,0,0,0,0,0,0,0
4,2,3,1,2,0,3,1,2,2,0,1,4,0
1,2,1,1,0,0,0,0,0,0,0,0,0,0
0,0,0,0,1,0,0,2,1,3,0,0,0,0
1,0,0,0,2,1,1,0,0,5,0,0,0,0
1,2,0,0,1,1,0,0,1,4,0,0,0,0
2,0,1,1,1,2,0,2,1,2,0,0,0,0
0,0,0,1,1,2,2,2,0,0,0,0,0,0
2,0,1,0,2,0,0,3,2,1,0,0,0,0
1,1,0,1,3,1,1,0,0,0,0,0,0,0
0,0,0,1,1,0,1,1,1,2,0,0,0,0
8,1,1,3,8,8,3,6,4,7,0,0,0,0
0,1,2,2,2,0,0,4,2,2,0,0,0,0
1,0,2,0,0,3,1,1,2,3,0,0,0,0
2,0,1,1,1,0,0,1,4,3,0,0,0,0
0,0,1,0,3,0,3,4,2,2,0,0,0,0
1,2,1,1,2,4,1,5,2,2,0,0,0,0
2,1,1,1,0,0,0,0,0,0,0,0,0,0
1,0,1,1,0,1,1,1,1,1,0,0,0,0
0,1,1,0,0,1,0,2,2,1,3,1,1,0
0,0,1,2,1,1,1,0,1,5,0,0,0,0
7,5,6,4,13,10,1,3,4,11,0,3,3,0
1,0,1,4,2,3,1,3,5,2,0,0,0,0
1,0,0,0,0,1,0,3,1,1,0,0,0,0
0,1,0,1,3,4,1,2,0,0,0,0,0,0
2,1,3,1,0,0,0,0,0,0,0,0,0,0
1,1,0,0,1,1,2,1,0,0,0,0,0,0
1,1,1,0,0,1,0,0,1,1,1,1,1,0
1,0,0,3,1,1,0,0,0,0,0,0,0,0
0,0,1,1,1,3,0,0,0,0,0,0,0,0
0,0,0,0,0,0,1,2,2,2,0,0,0,0
1,2,1,0,2,2,0,0,0,6,0,0,0,0
1,0,1,2,2,2,0,0,0,0,0,0,0,0
0,0,0,0,2,2,1,1,1,1,1,1,1,0
1,0,0,1,3,0,0,3,1,4,0,0,0,0
1,2,1,2,4,1,0,2,2,3,0,0,0,0
0,0,0,0,0,0,0,2,2,1,0,0,0,0
1,0,1,1,3,3,2,0,0,0,0,0,0,0
0,1,0,0,1,3,0,3,0,2,2,1,1,0
2,0,1,1,0,1,1,2,0,0,2,2,2,0
1,1,0,2,2,2,0,0,0,0,0,0,0,0
1,0,0,1,3,1,1,0,0,0,0,0,0,0
3,2,3,1,4,2,1,1,0,0,0,0,0,0
1,1,1,2,1,1,0,2,1,3,0,0,0,0
0,1,1,2,3,1,0,1,0,5,0,0,0,0
1,1,1,3,0,2,2,3,1,1,0,0,0,0
0,1,1,2,1,0,0,0,0,0,0,0,0,0
2,1,0,2,2,2,0,0,0,0,0,0,0,0
2,0,1,1,1,6,0,0,0,0,0,0,0,0
0,0,1,2,6,1,0,0,0,0,0,0,0,0
0,0,0,2,0,1,2,1,1,3,0,0,0,0
2,0,1,1,2,1,0,0,0,0,0,0,0,0
1,1,0,1,1,1,1,2,0,0,0,0,0,0
2,0,0,1,3,2,1,3,0,0,0,0,0,0
1,0,0,0,0,0,0,1,1,4,0,0,0,0
0,3,1,1,0,0,1,1,1,4,0,0,0,0
1,0,1,3,2,3,1,0,0,0,0,0,0,0
0,0,0,0,1,1,0,2,0,1,0,1,4,0
1,0,0,1,0,2,1,3,1,1,0,0,0,0
1,0,0,4,3,6,3,0,1,3,1,2,2,0
2,0,0,0,0,1,0,4,1,2,0,0,0,0
0,0,0,0,1,1,0,1,1,4,0,0,0,0
2,0,0,0,1,5,0,0,2,4,0,0,0,0
1,0,0,1,0,0,0,0,2,5,0,0,0,0
0,0,1,0,1,1,3,0,0,0,0,0,0,0
1,0,0,2,2,2,0,0,0,0,0,0,0,0
0,0,0,1,0,0,1,2,1,3,0,0,0,0
1,2,0,1,4,1,1,3,1,1,0,0,0,0
0,0,1,1,0,2,0,0,2,3,0,0,0,0
0,0,0,1,0,0,0,0,1,4,0,0,0,0
1,0,0,2,2,3,0,0,0,0,0,0,0,0
0,0,0,1,0,1,0,1,2,3,0,0,0,0
2,2,2,0,2,6,3,4,0,0,0,0,0,0
0,2,2,0,2,0,1,1,1,2,0,0,0,0
0,0,1,0,0,0,1,2,1,1,0,0,0,0
0,0,0,0,2,0,0,2,1,3,0,0,0,0
1,0,2,0,2,2,2,0,1,3,1,2,1,0
3,1,0,3,0,0,2,2,1,2,0,0,0,0
0,1,1,1,3,2,2,0,0,0,0,0,0,0
5,0,1,1,3,3,0,4,1,1,0,0,0,0
1,0,2,2,2,1,0,0,0,0,0,0,0,0
5,0,0,1,2,2,1,2,2,2,0,0,0,0
1,0,0,0,1,2,0,4,0,1,1,1,2,0
0,0,1,1,1,1,2,0,0,0,0,0,0,0
0,0,0,0,2,1,1,2,0,0,0,0,0,0
1,0,3,1,2,0,1,1,2,3,0,0,0,0
0,1,0,1,0,4,1,0,0,0,0,0,0,0
2,0,3,1,2,0,0,0,0,0,0,0,0,0
2,0,0,0,0,0,0,0,0,0,2,2,1,0
2,0,0,1,3,2,2,1,0,0,0,0,0,0
0,0,0,0,1,1,1,2,0,0,0,0,0,0
0,0,0,1,1,1,1,1,1,1,0,0,0,0
4,1,0,5,0,2,0,1,2,3,0,0,0,0
0,0,1,2,2,2,0,0,0,0,0,0,0,0
2,0,0,2,1,2,0,0,0,0,0,0,0,0
2,0,1,2,1,3,0,0,0,0,0,0,0,0
1,0,0,1,1,1,1,1,0,0,0,0,0,0
1,0,0,0,2,2,0,1,0,0,2,1,2,0
2,1,0,2,2,2,0,0,0,0,0,0,0,0
0,2,1,0,2,3,0,0,0,0,0,0,0,0
0,0,0,0,0,2,1,2,1,1,0,0,0,0
2,0,0,1,2,3,0,4,1,2,1,2,2,0
1,0,0,3,1,2,0,0,0,0,0,0,0,0
2,1,0,0,2,0,0,2,3,2,0,0,0,0
0,0,0,0,2,1,1,2,0,0,0,0,0,0
2,1,0,3,2,3,0,2,4,4,0,0,0,0
0,1,0,1,2,2,1,0,0,0,0,0,0,0
3,1,1,3,2,1,0,0,0,0,0,0,0,0
1,1,0,2,1,1,0,4,1,2,0,0,0,0
1,0,1,1,1,2,0,0,0,0,0,0,0,0
1,0,3,1,3,1,0,3,1,3,0,0,0,0
2,1,2,2,2,5,0,4,1,1,1,1,1,0
0,0,1,0,0,0,0,2,3,1,0,0,0,0
2,0,0,1,3,2,0,0,0,0,0,0,0,0
1,1,2,2,3,2,1,0,0,0,0,0,0,0
1,0,0,0,2,4,1,1,0,0,0,0,0,0
1,0,0,2,1,1,2,3,0,2,1,2,2,0
3,1,0,0,1,2,0,5,1,3,0,0,0,0
0,0,0,2,2,2,0,0,0,0,0,0,0,0
0,0,0,1,4,2,1,2,0,1,2,3,1,0
1,0,1,1,3,4,1,1,0,3,3,1,1,0
4,1,2,4,8,3,4,4,3,5,0,0,0,0
1,1,0,2,4,1,0,0,0,0,0,0,0,0
0,0,0,0,0,1,1,3,0,3,1,1,3,0
0,4,0,1,2,3,1,1,2,4,0,0,0,0
2,1,4,1,2,2,1,5,0,4,0,2,3,0
0,1,0,5,2,4,0,2,1,2,0,0,0,0
1,0,0,0,0,1,0,0,0,5,0,0,0,0
1,0,1,0,3,1,1,0,0,0,0,0,0,0
0,1,0,1,1,5,0,1,1,3,0,0,0,0
0,1,0,1,1,3,1,1,0,0,0,0,0,0
0,1,0,0,3,1,1,0,0,0,0,0,0,0
1,0,1,0,2,3,2,2,1,2,0,0,0,0
1,0,1,1,2,1,0,0,1,5,0,0,0,0
0,0,0,1,0,3,1,1,0,0,0,0,0,0
0,0,0,0,1,0,0,0,0,1,0,1,4,0
2,1,0,1,2,0,0,2,2,2,0,0,0,0
0,0,1,1,1,0,0,3,1,1,0,0,0,0
1,0,0,1,1,1,2,1,2,2,0,0,0,0
0,0,2,1,0,2,0,3,1,1,0,0,0,0
0,1,2,2,2,1,0,0,0,0,0,0,0,0
0,2,0,3,2,2,0,0,0,0,0,0,0,0
0,1,1,3,2,1,1,2,0,0,0,0,0,0
1,0,1,1,1,0,1,1,1,2,0,0,0,0
4,0,0,4,1,5,1,1,1,2,1,1,2,0
0,1,0,3,2,2,0,0,0,0,0,0,0,0
0,0,0,0,3,3,0,0,0,0,0,0,0,0
2,1,1,1,0,0,0,0,0,0,0,0,0,0
1,0,0,0,1,1,1,2,0,0,0,0,0,0
0,0,0,0,3,2,0,0,0,0,0,0,0,0
0,1,0,0,1,0,2,1,0,5,0,0,0,0
0,0,0,1,2,2,0,0,0,0,0,0,0,0
0,0,2,4,2,0,0,0,0,0,0,0,0,0
2,1,0,2,1,1,1,0,1,4,0,0,0,0
0,0,1,0,0,1,1,1,1,1,0,0,0,0
1,0,0,0,1,4,0,0,0,0,0,0,0,0
0,0,1,1,1,3,0,0,0,0,0,0,0,0
1,1,1,1,1,2,1,1,1,2,0,0,0,0
0,0,0,0,1,2,1,1,0,0,0,0,0,0
2,1,4,1,2,3,1,2,4,5,0,0,0,0
5,0,2,1,2,5,2,1,1,1,0,0,0,0
0,0,0,0,1,0,0,2,1,3,0,0,0,0
2,0,1,0,0,4,1,1,0,0,0,0,0,0
4,1,0,1,1,3,0,0,0,0,0,0,0,0
0,0,1,1,2,2,1,1,0,0,0,0,0,0
4,0,1,1,3,8,0,2,2,4,0,0,0,0
0,0,1,2,7,2,0,4,0,3,1,1,1,0
1,0,0,0,0,0,0,1,1,4,0,0,0,0
3,0,0,1,1,2,1,3,2,1,0,0,0,0
0,0,2,3,0,0,0,3,1,4,0,0,0,0
2,0,2,2,6,3,2,3,2,3,0,0,0,0
2,0,1,1,2,2,1,2,3,4,0,0,0,0
1,0,0,0,1,1,2,1,0,0,0,0,0,0
0,2,0,0,1,4,0,0,1,4,1,2,1,0
0,0,0,1,2,1,2,3,0,0,0,0,0,0
1,0,0,4,1,3,1,3,1,1,0,0,0,0
2,1,0,0,1,4,0,0,0,0,0,0,0,0
1,0,0,1,0,2,1,2,1,1,0,0,0,0
2,0,0,1,2,4,0,0,0,0,0,0,0,0
1,0,0,0,2,3,0,2,2,1,0,0,0,0
1,0,0,2,1,3,0,0,0,0,0,0,0,0
2,2,0,0,2,2,2,2,1,1,0,0,0,0
0,0,0,0,0,0,0,0,0,5,0,0,0,0
0,0,0,3,3,1,2,1,1,1,0,0,0,0
0,1,1,1,1,1,1,2,3,1,0,0,0,0
0,1,0,0,5,0,0,1,1,4,0,0,0,0
0,1,1,4,2,0,1,1,0,2,1,1,1,0
1,0,1,0,1,4,1,3,0,0,0,0,0,0
0,1,2,1,1,2,1,0,0,0,0,0,0,0
1,0,1,0,0,3,2,2,0,0,0,0,0,0
0,0,1,0,0,1,0,0,2,3,0,0,0,0
3,0,0,0,4,1,1,4,3,3,0,0,0,0
4,0,2,3,2,6,1,2,3,4,0,0,0,0
0,0,0,0,2,3,1,0,0,2,1,2,1,0
1,0,2,2,4,2,2,1,0,0,0,0,0,0
0,0,0,0,0,0,1,0,0,7,0,0,0,0
1,1,1,1,1,3,0,0,0,0,0,0,0,0
0,0,3,2,2,1,1,1,0,5,0,0,0,0
3,0,0,1,4,0,0,0,0,0,0,0,0,0
1,0,0,1,2,4,1,1,4,2,0,0,0,0
1,1,0,2,3,1,0,0,0,0,0,0,0,0
0,1,1,0,2,1,2,3,0,0,0,0,0,0
2,1,0,0,1,2,1,1,0,0,0,0,0,0
6,0,0,0,0,0,0,0,0,0,0,0,0,0
0,0,0,0,1,1,0,1,3,2,0,0,0,0
0,1,0,0,1,2,1,1,1,1,0,0,0,0
2,0,0,1,2,1,0,1,2,3,0,0,0,0
0,1,0,1,3,2,0,0,0,0,0,0,0,0
1,1,1,2,0,0,0,0,0,0,0,0,0,0
0,0,0,0,0,3,1,1,1,1,0,0,0,0
0,0,0,1,0,2,1,2,0,0,0,0,0,0
0,2,1,1,1,3,0,2,1,2,0,0,0,0
1,0,0,2,3,4,2,1,2,1,0,0,0,0
0,1,1,4,2,2,0,1,2,4,0,0,0,0
1,0,0,1,0,1,0,0,0,1,0,2,3,0
2,0,0,0,1,0,1,1,0,5,0,0,0,0
1,0,1,3,0,1,1,2,4,1,0,0,0,0
0,0,0,1,4,4,0,0,0,0,0,0,0,0
3,0,0,0,1,3,0,2,1,2,0,0,0,0
0,1,0,2,2,1,0,0,0,0,0,0,0,0
0,0,2,1,1,4,1,1,0,0,0,0,0,0
1,1,2,1,2,2,0,0,0,0,0,0,0,0
0,0,1,0,0,1,1,4,1,2,1,1,1,0
1,0,0,2,2,1,0,0,0,0,0,0,0,0
0,0,0,1,1,2,0,2,1,3,0,0,0,0
1,1,0,0,3,0,0,1,0,3,2,1,2,0
1,1,1,2,0,0,0,0,0,0,0,0,0,0
0,1,1,1,1,1,0,0,0,0,0,0,0,0
1,0,0,3,3,2,1,2,2,1,0,0,0,0
2,0,0,3,0,1,0,1,2,2,0,0,0,0
1,0,0,0,0,3,1,1,0,0,0,0,0,0
1,1,1,0,1,3,2,3,2,0,0,0,0,0
0,0,1,0,2,0,2,3,1,2,0,0,0,0
0,0,0,0,2,3,0,0,0,0,0,0,0,0
1,0,0,0,0,1,2,2,1,2,0,0,0,0
3,0,0,2,2,0,0,0,4,1,0,3,3,0
2,0,0,2,1,4,0,3,1,5,0,0,0,0
0,1,0,3,0,6,0,0,0,0,0,0,0,0
3,0,1,1,2,3,0,1,2,2,0,0,0,0
1,0,1,3,1,0,0,0,0,0,0,0,0,0
0,0,0,0,4,3,2,0,0,5,0,0,0,0
1,1,1,2,1,1,0,1,1,5,0,0,0,0
2,0,1,1,2,5,0,0,0,0,0,0,0,0
0,0,0,0,5,1,0,0,0,0,0,0,0,0
1,0,0,0,2,2,1,4,0,0,0,0,0,0
1,0,1,0,1,4,0,0,0,0,0,0,0,0
3,1,0,0,0,0,0,0,0,1,2,1,1,0
3,0,1,1,2,1,0,0,0,0,0,0,0,0
2,0,1,0,4,1,0,0,0,0,0,0,0,0
1,1,0,2,1,7,0,3,1,2,0,0,0,0
3,2,1,1,3,2,0,5,0,0,0,0,0,0
0,0,0,0,0,2,1,2,0,7,0,0,0,0
5,0,0,0,0,0,0,0,0,0,0,0,0,0
2,0,0,1,1,0,3,3,0,0,0,0,0,0
1,1,2,2,4,1,0,0,0,0,0,0,0,0
5,1,1,1,1,2,1,1,1,2,0,0,0,0
0,0,0,1,1,1,3,2,0,0,0,0,0,0
3,1,2,2,1,4,1,3,0,0,0,0,0,0
1,0,0,0,1,3,1,1,0,0,0,0,0,0
0,1,1,1,3,4,1,1,0,0,0,0,0,0
2,0,0,0,1,1,1,4,3,1,0,0,0,0
1,0,0,1,0,0,2,2,1,1,0,0,0,0
0,2,0,1,3,2,2,3,2,1,0,0,0,0
1,0,0,1,1,0,0,3,1,2,0,0,0,0
2,1,0,0,2,1,0,2,2,5,0,0,0,0
0,2,0,2,1,1,3,1,1,1,0,0,0,0
0,2,0,0,1,0,0,2,1,2,0,0,0,0
0,0,0,1,1,2,1,1,0,0,0,0,0,0
1,0,0,0,2,1,1,2,1,2,0,0,0,0
4,1,1,2,6,3,1,1,3,2,0,0,0,0
2,0,0,1,2,0,0,1,2,3,0,0,0,0
0,0,0,3,1,2,2,1,0,0,0,0,0,0
0,0,0,0,3,4,1,1,1,1,0,0,0,0
1,1,1,1,0,4,0,1,1,1,1,1,1,0
2,0,0,0,3,6,0,2,1,2,0,0,0,0
1,3,0,1,2,1,1,0,0,0,0,0,0,0
0,0,0,2,1,2,0,0,0,0,0,0,0,0
0,0,1,0,2,1,2,2,0,0,0,0,0,0
0,0,0,2,2,3,0,0,0,0,0,0,0,0
3,0,1,3,1,1,0,0,0,0,0,0,0,0
0,0,1,0,0,0,0,0,3,1,1,1,2,0
0,0,0,0,1,2,0,1,1,3,0,0,0,0
0,0,0,0,1,1,2,1,0,0,0,0,0,0
0,0,0,1,1,4,0,0,0,0,0,0,0,0
3,0,1,6,2,6,0,0,0,0,0,0,0,0
0,0,0,0,0,0,0,1,1,3,0,0,0,0
1,0,0,2,2,1,0,0,0,0,0,0,0,0
1,0,0,1,2,3,0,0,0,0,0,0,0,0
0,1,0,0,4,1,1,1,0,0,0,0,0,0
2,1,1,1,0,1,1,0,0,5,2,1,3,0
2,2,0,0,3,2,0,0,0,0,0,0,0,0
1,0,0,0,0,0,0,0,0,2,1,3,1,0
1,3,2,0,4,6,2,1,1,2,0,0,0,0
1,1,0,1,2,0,1,1,3,2,0,0,0,0
1,0,2,4,2,2,2,3,1,4,0,0,0,0
2,0,1,0,2,1,1,1,1,1,0,0,0,0
0,1,2,1,0,0,0,2,2,1,0,0,0,0
0,0,1,2,2,1,1,0,0,0,0,0,0,0
2,0,0,2,1,1,1,2,0,0,0,0,0,0
1,0,1,0,5,1,2,0,0,0,0,0,0,0
0,1,1,1,1,1,0,2,1,1,1,1,1,0
2,0,0,0,3,2,0,0,0,0,0,0,0,0
2,1,0,0,1,1,1,2,1,5,0,0,0,0
1,0,0,1,1,1,0,2,2,3,3,1,1,0
1,0,0,1,4,0,0,0,0,0,0,0,0,0
0,0,0,0,3,1,2,3,0,2,2,1,1,0
4,0,1,5,3,5,1,2,0,5,0,0,0,0
1,0,0,2,2,0,0,2,2,2,0,0,0,0
0,0,0,0,0,3,1,3,0,0,0,0,0,0
3,1,1,0,2,0,1,0,4,1,0,0,0,0
1,1,1,1,0,3,0,4,2,3,0,0,0,0
2,1,0,1,2,2,1,5,0,0,0,0,0,0
1,0,1,4,1,0,1,3,2,0,0,0,0,0
0,0,1,0,2,1,1,1,0,0,0,0,0,0
4,0,2,1,1,2,0,0,0,0,0,0,0,0
1,0,0,1,2,0,3,1,1,1,0,0,0,0
0,0,1,0,1,1,3,4,0,0,0,0,0,0
0,2,2,1,0,0,2,2,2,2,0,0,0,0
0,0,1,0,1,4,0,0,0,0,0,0,0,0
2,0,1,1,3,1,0,0,0,0,0,0,0,0
2,0,0,1,0,4,0,3,2,2,0,0,0,0
2,0,0,3,2,3,0,0,0,0,0,0,0,0
0,1,0,2,2,3,0,0,0,0,0,0,0,0
1,0,0,0,1,5,0,0,0,0,0,0,0,0
1,1,0,1,3,1,0,0,0,0,0,0,0,0
0,2,1,3,1,1,0,0,0,0,0,0,0,0
2,1,2,0,5,0,3,1,1,4,0,0,0,0
0,0,1,1,2,1,0,0,0,0,0,0,0,0
1,1,0,3,0,0,0,0,1,4,0,0,0,0
1,0,0,0,1,0,0,3,3,1,0,0,0,0
1,0,0,1,2,3,0,0,2,3,0,0,0,0
4,1,0,1,0,1,1,2,2,3,0,0,0,0
1,0,1,0,3,3,1,0,1,1,3,2,1,0
2,0,0,0,1,3,1,2,1,2,0,0,0,0
0,0,1,1,2,1,2,1,0,1,2,1,1,0
0,1,0,1,1,4,0,0,0,0,0,0,0,0
1,0,0,2,0,3,0,2,1,2,0,0,0,0
1,1,0,1,2,2,0,0,0,0,0,0,0,0
3,2,1,4,4,5,5,1,2,3,0,0,0,0
0,0,0,0,0,1,2,1,1,1,0,0,0,0
0,0,0,0,0,1,3,2,1,1,1,1,1,0
1,1,0,2,2,2,2,3,2,2,2,1,2,0
1,1,0,1,1,4,0,0,0,0,0,0,0,0
1,0,0,0,3,1,1,2,1,3,0,0,0,0
2,0,0,1,8,5,1,0,1,7,0,0,0,0
2,0,0,3,2,4,2,4,1,1,1,3,2,0
1,0,2,2,0,3,1,2,0,1,1,1,2,0
0,2,1,3,5,1,3,1,0,0,0,0,0,0
1,0,0,0,1,0,2,1,1,1,0,0,0,0
0,1,2,1,3,2,1,0,0,0,0,0,0,0
1,0,1,0,1,2,1,3,1,3,0,0,0,0
0,0,2,1,1,1,0,0,0,0,0,0,0,0
3,0,1,2,1,1,1,0,0,0,0,0,0,0
0,2,0,1,0,0,1,1,2,1,0,0,0,0
2,0,0,0,2,1,2,1,1,2,0,0,0,0
0,0,1,3,2,3,1,1,0,0,0,0,0,0
0,0,0,1,2,3,0,0,0,0,0,0,0,0
1,1,0,2,2,2,0,0,0,0,0,0,0,0
2,1,0,0,1,1,2,1,1,2,0,0,0,0
0,0,0,1,3,4,0,0,0,0,0,0,0,0
1,0,0,0,2,3,0,0,0,0,0,0,0,0
1,0,0,3,1,1,1,2,0,0,0,0,0,0
0,0,0,1,0,0,0,1,2,2,0,0,0,0
0,0,1,0,2,1,1,2,0,0,0,0,0,0
0,0,0,1,0,2,1,3,1,3,0,0,0,0
0,1,0,3,2,0,0,0,0,0,0,0,0,0
2,0,0,2,2,3,0,0,0,0,0,0,0,0
1,0,0,0,0,0,2,1,1,1,0,0,0,0
1,0,0,1,2,3,0,0,0,0,0,0,0,0
0,0,1,1,4,1,1,1,0,0,0,0,0,0
0,0,1,0,0,1,0,2,1,1,1,1,1,0
0,0,0,2,0,2,2,1,1,2,0,0,0,0
3,1,1,0,0,0,0,0,0,0,0,0,0,0
2,0,3,2,3,1,0,0,0,0,0,0,0,0
2,0,1,1,2,2,2,1,0,0,0,0,0,0
5,0,0,0,0,0,0,0,0,0,0,0,0,0
0,1,1,0,2,4,0,0,0,0,0,0,0,0
0,0,0,3,1,1,1,0,0,0,0,0,0,0
0,1,1,2,0,6,0,0,0,0,0,0,0,0
2,0,0,0,2,3,3,2,2,4,0,0,0,0
1,1,2,1,0,0,0,0,0,0,0,0,0,0
5,1,3,2,1,2,1,2,1,5,0,0,0,0
0,1,0,0,1,2,0,3,1,3,0,0,0,0
0,0,1,1,0,0,3,3,1,1,0,0,0,0
1,1,2,3,1,1,0,0,0,0,0,0,0,0
2,3,0,1,2,2,1,2,0,0,0,0,0,0
2,0,0,0,3,0,2,0,0,2,2,1,1,0
0,0,0,3,1,2,0,0,0,0,0,0,0,0
2,2,1,3,4,4,5,0,2,6,1,1,3,0
2,3,4,4,7,3,2,2,6,7,1,4,3,0
1,1,1,1,1,2,0,0,0,0,0,0,0,0
2,1,1,1,0,0,0,0,0,0,0,0,0,0
2,0,1,1,3,1,2,2,2,4,3,1,2,0
0,0,0,1,2,2,0,0,0,0,0,0,0,0
0,0,0,2,3,1,0,0,0,0,0,0,0,0
2,0,0,1,4,0,0,1,1,3,0,0,0,0
2,1,0,0,3,1,1,1,0,0,0,0,0,0
1,1,0,0,2,1,0,1,0,5,0,0,0,0
2,0,0,0,1,1,1,1,3,2,0,0,0,0
0,2,0,2,1,2,0,0,0,0,0,0,0,0
0,1,1,1,1,2,0,0,0,0,0,0,0,0
0,1,0,2,6,1,0,0,0,0,0,0,0,0
2,0,0,1,1,0,0,2,1,2,0,0,0,0
1,0,0,0,3,2,0,0,0,0,0,0,0,0
3,0,0,0,1,1,1,1,1,1,0,0,0,0
0,0,0,0,3,3,0,0,0,0,0,0,0,0
3,0,1,3,1,0,3,2,2,2,0,0,0,0
3,0,0,0,2,1,0,1,3,2,1,3,1,0
3,0,0,2,2,4,1,1,0,0,0,0,0,0
4,2,3,6,5,6,5,9,2,8,4,1,3,0
0,3,1,1,1,1,1,0,2,5,0,0,0,0
1,1,0,0,0,1,1,3,0,2,1,1,1,0
0,1,0,3,0,5,2,2,1,2,0,0,0,0
1,0,3,2,2,1,0,2,3,3,0,0,0,0
0,0,2,0,0,2,1,3,1,1,0,0,0,0
0,0,0,0,0,0,1,2,1,1,0,0,0,0
0,0,0,0,0,1,0,0,1,2,1,1,1,0
0,0,0,1,2,2,2,0,0,0,0,0,0,0
1,1,1,4,0,0,0,0,0,0,0,0,0,0
0,2,0,0,1,3,2,0,1,4,0,0,0,0
0,1,1,0,1,0,0,0,0,2,2,1,3,0
6,0,0,5,1,1,0,0,0,0,0,0,0,0
1,1,1,5,4,7,0,1,0,5,0,0,0,0
1,0,1,1,1,3,0,0,0,0,0,0,0,0
0,1,1,1,2,1,0,0,0,0,0,0,0,0
1,2,0,2,1,1,1,0,0,0,0,0,0,0
2,0,0,0,0,1,0,2,2,1,0,0,0,0
1,0,4,2,4,3,0,6,2,10,3,0,5,0
0,0,0,0,2,2,2,3,2,1,1,2,1,0
0,0,2,0,0,0,2,1,1,1,0,0,0,0
2,0,1,1,1,1,1,1,0,0,0,0,0,0
0,0,0,0,3,2,0,0,0,0,0,0,0,0
3,0,0,1,1,4,4,0,0,0,0,0,0,0
2,3,1,0,2,3,2,1,1,1,0,0,0,0
0,0,1,1,2,1,0,0,0,0,0,0,0,0
1,2,0,0,3,0,0,0,0,3,2,1,1,0
1,1,1,2,1,3,0,0,0,0,0,0,0,0
2,0,1,0,3,2,0,1,3,2,2,1,3,0
3,1,1,2,0,0,0,0,0,0,0,0,0,0
1,0,0,4,1,3,0,0,0,0,0,0,0,0
3,0,1,0,0,2,2,1,0,0,0,0,0,0
2,0,1,0,1,1,0,1,2,4,0,0,0,0
0,1,1,0,1,0,2,1,2,3,0,0,0,0
1,0,0,2,1,1,1,3,0,0,0,0,0,0
3,1,0,1,2,2,1,2,0,0,0,0,0,0
0,0,0,1,3,2,1,0,0,0,0,0,0,0
0,0,1,0,2,3,0,0,0,0,0,0,0,0
2,0,0,1,3,3,0,0,0,0,0,0,0,0
0,1,1,3,4,1,1,2,0,3,1,1,2,0
1,2,0,2,3,0,2,3,1,2,0,0,0,0
0,0,1,0,3,4,0,0,0,0,0,0,0,0
1,0,0,2,2,1,1,1,0,0,0,0,0,0
1,0,0,4,1,2,2,1,0,0,0,0,0,0
0,0,1,1,3,3,0,0,0,0,0,0,0,0
2,1,0,1,0,0,2,1,1,2,0,0,0,0
1,1,0,1,0,0,0,2,1,3,0,0,0,0
0,0,1,2,1,0,0,1,1,5,0,0,0,0
2,0,0,0,1,1,1,2,0,0,0,0,0,0
1,1,0,0,2,5,1,0,0,0,0,0,0,0
0,1,1,1,1,1,0,0,0,0,0,0,0,0
2,1,0,4,1,4,0,0,0,0,0,0,0,0
0,1,0,0,4,1,0,0,0,0,0,0,0,0
0,1,0,1,5,1,1,0,1,1,1,1,1,0
4,1,1,2,1,1,0,0,0,0,0,0,0,0
1,0,0,1,0,2,0,1,1,0,2,2,3,0
0,0,1,3,2,2,2,1,0,0,0,0,0,0
0,0,0,1,0,1,0,5,0,0,0,0,0,0
1,0,0,0,0,2,1,1,2,3,0,0,0,0
0,0,0,2,0,1,2,2,0,0,0,0,0,0
1,0,0,0,3,3,1,1,1,2,0,0,0,0
1,1,0,0,1,1,1,2,1,1,0,0,0,0
0,0,1,2,1,1,0,0,0,0,0,0,0,0
2,1,0,1,1,1,1,2,0,0,0,0,0,0
1,0,1,3,0,5,0,0,0,0,0,0,0,0
0,1,0,4,1,2,0,0,0,0,0,0,0,0
0,0,0,0,0,0,0,1,3,1,0,0,0,0
1,1,0,0,3,4,0,0,0,0,0,0,0,0
0,0,0,4,1,2,0,0,0,0,0,0,0,0
4,3,1,2,2,2,1,3,2,3,0,0,0,0
0,0,0,0,1,0,0,1,2,2,0,0,0,0
0,2,0,0,2,2,1,1,0,0,0,0,0,0
2,2,1,3,2,4,1,1,0,2,1,1,1,0
1,0,0,2,1,1,1,2,3,4,0,0,0,0
1,2,0,2,1,1,3,2,2,1,0,0,0,0
0,0,0,1,1,3,0,0,0,0,0,0,0,0
0,0,0,0,1,0,0,2,1,2,0,0,0,0
1,0,0,2,4,2,0,2,1,2,0,0,0,0
0,1,0,1,2,5,0,0,0,0,0,0,0,0
0,1,0,2,1,1,4,1,3,2,0,0,0,0
1,0,0,1,2,2,1,2,1,1,0,0,0,0
0,2,6,1,1,2,0,0,0,0,0,0,0,0
0,0,2,2,1,3,0,0,0,0,0,0,0,0
0,1,1,2,1,2,0,0,0,0,0,0,0,0
0,2,0,0,2,2,0,1,1,3,0,0,0,0
1,0,0,1,1,1,1,1,0,0,0,0,0,0
1,0,0,0,2,0,1,2,1,1,0,0,0,0
1,1,0,0,2,3,1,1,0,0,0,0,0,0
1,1,2,2,4,2,3,0,1,5,0,0,0,0
0,0,2,0,3,2,2,2,1,1,0,0,0,0
1,1,2,1,2,1,1,1,0,0,0,0,0,0
2,1,0,1,2,0,1,1,1,2,0,0,0,0
0,0,0,1,3,1,0,0,0,0,0,0,0,0
1,0,1,2,3,5,2,3,0,0,0,0,0,0
2,0,0,0,1,4,0,6,0,2,0,3,3,0
1,0,0,1,0,2,1,2,1,2,0,0,0,0
5,2,1,2,0,4,1,3,0,0,0,0,0,0
1,1,0,2,1,2,0,0,0,0,0,0,0,0
0,0,1,1,2,2,0,0,0,0,0,0,0,0
1,0,0,0,2,1,1,1,0,0,0,0,0,0
0,0,1,1,2,2,0,0,0,0,0,0,0,0
2,0,0,0,0,2,1,2,0,0,0,0,0,0
1,2,0,0,1,0,0,1,0,2,1,2,1,0
2,0,1,1,3,1,0,0,0,0,0,0,0,0
0,1,0,1,2,2,0,0,0,0,0,0,0,0
1,0,1,1,2,1,1,0,0,0,0,0,0,0
1,2,0,1,1,1,2,3,0,0,0,0,0,0
0,0,1,0,1,1,0,2,1,2,1,1,1,0
0,0,1,0,2,1,1,2,1,1,0,0,0,0
0,0,0,1,0,1,3,1,2,3,0,0,0,0
2,0,1,2,3,4,0,0,0,0,0,0,0,0
5,0,0,0,0,0,0,0,0,0,0,0,0,0
2,0,1,1,0,2,0,2,1,3,1,1,2,0
1,2,0,1,2,2,0,0,0,0,0,0,0,0
0,1,0,0,2,6,0,0,0,0,0,0,0,0
1,0,0,1,0,0,1,1,1,2,0,0,0,0
3,1,1,1,2,1,1,0,0,0,0,0,0,0
0,2,0,1,2,3,0,2,1,3,0,0,0,0
0,1,0,2,1,3,1,3,1,1,0,0,0,0
0,0,1,0,1,3,2,2,0,0,0,0,0,0
0,0,0,0,2,1,1,1,1,1,0,0,0,0
2,0,0,1,0,1,1,3,2,1,0,0,0,0
0,0,1,0,0,1,2,3,0,0,0,0,0,0
0,0,2,2,1,2,0,0,0,0,0,0,0,0
0,0,0,3,2,1,0,0,2,4,0,0,0,0
1,0,0,1,1,3,1,1,1,1,1,1,2,0
0,2,0,2,1,3,0,0,0,0,0,0,0,0
0,0,2,0,0,2,3,1,2,3,0,0,0,0
0,0,0,0,0,5,0,0,0,0,0,0,0,0
1,0,1,1,1,2,0,0,0,0,0,0,0,0
0,0,0,3,1,1,0,0,0,0,0,0,0,0
1,0,1,1,4,0,0,2,2,1,0,0,0,0
1,0,0,0,2,3,0,0,0,0,0,0,0,0
1,3,2,0,0,5,1,1,1,5,0,0,0,0
1,1,0,2,2,1,0,1,2,4,0,0,0,0
0,0,0,0,1,1,2,1,0,0,0,0,0,0
1,0,2,0,5,0,2,2,1,1,0,0,0,0
0,2,0,1,1,0,1,1,2,2,1,1,3,0
3,1,1,4,0,2,0,1,1,4,0,0,0,0
1,1,0,1,2,0,2,3,0,0,0,0,0,0
0,2,2,2,2,2,0,0,0,0,0,0,0,0
0,0,0,0,0,3,1,1,1,2,0,0,0,0
11,0,0,0,0,0,0,0,0,0,0,0,0,0
1,1,0,1,1,1,1,1,0,0,0,0,0,0
1,2,1,0,1,5,0,0,0,0,0,0,0,0
0,2,0,1,1,3,1,2,0,0,0,0,0,0
3,1,0,1,6,4,5,1,1,4,0,0,0,0
3,2,0,2,2,3,0,4,1,3,0,0,0,0
1,0,0,1,4,2,1,1,2,3,0,0,0,0
2,0,1,0,2,1,1,1,0,0,0,0,0,0
2,0,0,7,7,2,2,1,1,5,0,0,0,0
1,0,1,1,4,0,0,0,0,0,0,0,0,0
3,0,0,1,3,1,0,0,0,0,0,0,0,0
1,0,1,1,2,2,1,1,1,2,0,0,0,0
0,0,0,1,2,2,0,0,0,0,0,0,0,0
0,0,0,0,3,2,2,3,5,3,0,0,0,0
4,3,0,0,3,3,0,0,0,0,0,0,0,0
0,0,0,2,2,0,1,1,0,2,1,2,3,0
0,1,0,1,3,1,0,0,0,0,0,0,0,0
0,0,0,0,2,3,0,0,0,0,0,0,0,0
2,2,1,3,3,4,0,1,1,5,0,0,0,0
1,0,1,1,2,1,1,0,0,0,0,0,0,0
0,1,1,2,3,2,0,2,0,2,2,1,2,0
0,0,0,0,2,0,0,3,2,1,0,0,0,0
0,0,1,0,0,0,0,3,2,1,1,1,1,0
1,0,1,0,5,2,1,0,0,0,0,0,0,0
1,0,0,1,1,1,2,1,0,0,0,0,0,0
0,0,2,2,4,3,1,2,2,2,0,0,0,0
0,0,0,0,1,0,3,1,1,2,0,0,0,0
2,0,0,1,5,0,1,2,1,1,0,0,0,0
0,1,1,1,3,5,0,2,2,1,0,0,0,0
0,0,0,0,1,2,3,2,2,1,0,0,0,0
1,0,0,0,1,2,0,0,1,4,0,0,0,0
1,1,0,2,0,0,0,5,0,0,0,0,0,0
2,0,1,2,1,4,0,2,1,3,0,0,0,0
1,0,1,0,0,3,1,1,2,2,2,1,1,0
0,0,0,0,1,0,0,0,0,1,1,2,1,0
0,0,1,1,3,1,0,0,0,0,0,0,0,0
0,0,1,1,2,1,0,0,0,0,0,0,0,0
1,0,1,2,2,4,1,1,0,6,0,0,0,0
1,1,0,1,1,2,1,1,2,4,0,0,0,0
3,1,0,0,1,1,2,5,1,2,0,0,0,0
0,0,2,1,4,3,0,0,0,0,0,0,0,0
0,0,0,1,2,0,1,1,2,2,0,0,0,0
2,2,1,3,1,2,1,2,0,0,0,0,0,0
0,0,0,2,1,3,0,2,0,2,2,1,1,0
0,1,2,4,3,2,0,0,0,0,0,0,0,0
1,1,0,2,1,1,1,1,0,0,0,0,0,0
0,1,1,1,1,2,0,0,0,0,0,0,0,0
1,0,0,1,1,1,1,1,0,0,0,0,0,0
2,2,2,0,3,2,1,2,0,0,0,0,0,0
0,2,1,1,1,1,0,0,0,0,0,0,0,0
3,0,0,0,0,0,1,3,1,1,2,1,1,0
1,1,0,1,1,3,0,0,0,0,0,0,0,0
0,0,0,0,0,0,0,1,1,3,0,0,0,0
0,1,0,1,1,3,0,0,0,0,0,0,0,0
0,1,0,2,1,0,1,2,1,2,0,0,0,0
1,0,1,2,4,3,1,3,2,6,0,0,0,0
0,0,0,1,2,2,0,0,0,0,0,0,0,0
0,1,0,1,1,1,1,1,1,1,0,0,0,0
2,1,1,0,1,3,1,0,0,0,0,0,0,0
0,0,0,1,3,0,0,3,1,2,0,0,0,0
0,0,1,0,0,0,2,1,2,1,2,2,1,0
0,1,2,2,5,2,4,2,2,1,1,1,1,0
1,0,0,2,0,2,1,2,2,1,0,0,0,0
1,0,0,1,1,2,3,0,0,2,2,1,1,0
1,1,1,1,2,1,1,1,0,0,0,0,0,0
1,0,1,0,0,0,0,1,0,3,0,2,3,0
2,1,1,1,0,0,0,0,0,0,0,0,0,0
2,0,0,2,1,1,1,3,2,4,0,0,0,0
0,1,0,0,0,1,1,3,0,0,0,0,0,0
1,0,0,4,0,0,2,0,2,1,1,1,1,0
0,0,0,1,0,2,0,2,1,2,0,0,0,0
2,0,2,2,2,5,0,0,0,0,0,0,0,0
2,0,1,3,3,4,2,1,2,3,0,0,0,0
0,2,2,1,1,0,1,2,1,1,0,0,0,0
1,0,3,1,3,2,0,1,3,2,0,0,0,0
2,0,1,2,1,3,0,0,0,0,0,0,0,0
0,0,0,0,0,4,0,4,1,3,0,0,0,0
1,0,2,0,3,2,0,0,0,0,0,0,0,0
0,0,0,3,3,3,4,2,2,5,2,1,1,0
0,0,0,0,1,0,2,0,1,4,0,0,0,0
0,2,0,0,1,3,1,2,0,0,0,0,0,0
0,0,1,1,2,0,0,2,1,4,0,0,0,0
3,1,0,0,2,3,0,0,0,0,0,0,0,0
4,2,1,1,5,6,1,3,2,4,0,0,0,0
1,0,0,0,2,4,0,2,0,1,2,1,1,0
1,1,0,1,1,2,1,1,0,0,0,0,0,0
3,1,2,6,4,1,0,0,1,2,1,1,1,0
1,0,0,3,2,2,0,0,0,0,0,0,0,0
4,0,0,2,0,0,2,4,1,2,0,0,0,0
0,0,2,2,3,0,0,0,0,0,0,0,0,0
0,1,2,1,1,2,0,0,2,4,0,0,0,0
0,2,0,3,3,2,2,2,0,0,0,0,0,0
1,0,0,0,1,0,0,1,1,3,0,0,0,0
1,0,1,0,1,2,1,4,1,1,0,0,0,0
0,1,1,0,5,3,1,0,2,3,1,2,2,0
0,1,0,0,0,2,1,1,2,1,0,0,0,0
1,0,0,2,3,1,3,2,1,1,0,0,0,0
2,0,0,1,2,2,0,0,0,0,0,0,0,0
0,0,1,2,1,2,1,4,0,0,0,0,0,0
3,1,1,1,2,1,0,0,0,0,0,0,0,0
0,0,0,0,1,1,1,2,0,0,0,0,0,0
1,0,1,2,1,0,0,2,3,2,0,0,0,0
0,1,0,2,1,3,0,0,0,0,0,0,0,0
0,0,0,2,1,1,1,1,0,0,0,0,0,0
2,0,1,1,2,0,1,1,1,4,0,0,0,0
2,0,1,1,1,4,0,0,0,0,0,0,0,0
0,0,2,1,1,4,3,0,0,0,0,0,0,0
0,0,1,1,0,0,1,0,1,0,3,1,1,0
0,2,2,2,1,1,1,2,0,0,0,0,0,0
1,0,0,2,0,2,2,1,0,0,0,0,0,0
1,0,1,0,1,2,1,1,0,0,0,0,0,0
1,1,0,1,2,2,2,1,0,5,0,0,0,0
1,0,0,1,0,3,1,1,0,0,0,0,0,0
2,0,1,2,2,2,0,3,1,1,0,0,0,0
0,0,1,1,3,1,0,0,0,0,0,0,0,0
1,1,3,1,1,1,0,0,0,0,0,0,0,0
1,0,0,2,2,3,0,0,0,0,0,0,0,0
2,1,1,1,5,3,0,0,0,0,0,0,0,0
0,0,1,1,1,2,0,0,0,0,0,0,0,0
0,0,0,1,3,1,0,0,0,0,0,0,0,0
0,0,0,1,1,1,1,2,0,0,0,0,0,0
0,2,0,1,4,2,2,1,0,0,0,0,0,0
1,0,1,2,1,3,2,2,0,0,0,0,0,0
1,0,0,2,2,1,1,1,0,0,0,0,0,0
1,0,0,2,2,1,0,1,2,2,0,0,0,0
2,1,1,0,2,1,1,3,2,2,0,0,0,0
1,0,0,4,1,2,0,0,0,0,0,0,0,0
1,0,0,2,1,7,0,0,0,0,0,0,0,0
0,1,0,3,0,1,1,1,1,1,0,0,0,0
0,0,0,0,3,1,2,1,0,0,0,0,0,0
1,0,0,2,4,0,0,0,0,0,0,0,0,0
1,0,0,0,0,1,1,2,1,1,0,0,0,0
1,0,1,1,2,2,0,0,0,0,0,0,0,0
1,1,1,0,2,0,0,4,1,1,0,0,0,0
0,0,0,2,1,2,0,0,0,0,0,0,0,0
2,1,2,0,2,3,0,0,0,0,0,0,0,0
1,0,1,1,3,1,0,0,0,0,0,0,0,0
2,0,0,3,1,1,1,1,0,0,0,0,0,0
0,0,0,1,2,3,0,0,0,0,0,0,0,0
2,0,1,0,3,2,2,0,0,1,2,1,1,0
0,0,0,1,3,0,1,2,1,1,0,0,0,0
0,1,0,0,3,1,1,3,1,1,0,0,0,0
0,0,0,0,2,2,1,1,0,0,0,0,0,0
0,0,0,0,1,2,1,1,0,0,0,0,0,0
4,0,0,5,5,8,1,4,1,3,1,1,2,0
0,0,1,2,1,2,1,1,1,2,0,0,0,0
3,0,1,2,3,4,2,2,2,3,1,4,1,0
1,0,0,0,1,0,1,1,2,1,0,0,0,0
2,1,0,0,3,2,1,2,1,2,0,0,0,0
1,2,0,0,0,1,1,1,1,1,2,1,2,0
0,1,0,2,2,2,1,0,0,0,0,0,0,0
2,1,1,0,6,2,1,0,2,2,1,1,2,0
0,1,2,2,1,1,1,3,0,0,0,0,0,0
0,1,0,0,1,0,0,3,2,1,1,1,1,0
2,1,1,0,1,2,2,1,0,0,0,0,0,0
2,1,0,1,1,4,0,6,1,4,0,0,0,0
1,2,0,2,2,2,0,0,0,0,0,0,0,0
0,1,0,0,1,1,1,4,1,4,0,0,0,0
1,0,1,4,3,2,1,1,1,5,0,0,0,0
1,1,1,2,1,2,1,0,0,0,0,0,0,0
0,0,1,1,1,5,0,0,0,0,0,0,0,0
0,0,0,0,0,0,0,2,1,2,0,0,0,0
0,0,0,0,1,1,1,2,0,0,0,0,0,0
1,0,1,0,2,2,1,3,2,2,0,0,0,0
0,0,0,0,2,3,0,0,0,0,0,0,0,0
1,0,0,2,2,2,0,0,0,0,0,0,0,0
0,0,1,2,3,1,0,0,0,0,0,0,0,0
0,0,1,2,0,3,1,1,0,0,0,0,0,0
3,5,2,2,1,7,1,2,1,3,0,0,0,0
1,1,0,4,1,3,2,2,0,0,0,0,0,0
0,0,1,2,0,4,0,1,1,1,2,1,1,0
0,1,1,7,5,2,0,1,3,4,1,2,3,0
0,1,2,0,2,2,1,3,1,3,0,0,0,0
2,3,1,0,8,2,2,2,0,0,0,0,0,0
1,0,0,0,1,3,0,2,2,2,0,0,0,0
1,1,1,1,2,0,0,1,2,2,0,0,0,0
0,0,2,1,1,2,0,0,0,0,0,0,0,0
0,0,1,1,3,0,0,0,0,0,0,0,0,0
0,0,0,0,2,0,1,4,0,0,0,0,0,0
1,0,0,1,1,1,1,3,1,1,1,2,1,0
0,1,0,1,2,1,0,3,2,1,0,0,0,0
1,1,1,0,0,1,2,3,0,0,0,0,0,0
2,0,1,0,4,0,1,1,2,2,0,0,0,0
0,0,1,1,2,1,0,0,0,0,0,0,0,0
1,1,1,0,0,2,3,2,0,0,0,0,0,0
2,2,3,1,2,1,1,2,0,0,0,0,0,0
1,0,0,1,1,1,1,1,0,0,0,0,0,0
5,0,1,1,0,1,1,3,0,0,0,0,0,0
0,1,0,2,1,1,1,0,0,0,0,0,0,0
0,0,0,2,3,0,0,0,0,0,0,0,0,0
2,1,1,1,0,0,0,0,0,0,0,0,0,0
0,2,0,2,0,1,2,2,1,3,0,0,0,0
1,0,0,2,1,1,1,1,1,1,0,0,0,0
0,0,1,1,2,1,0,0,0,0,0,0,0,0
1,1,3,1,1,4,1,1,2,4,0,0,0,0
0,0,0,0,2,1,1,2,0,0,0,0,0,0
0,1,0,0,3,2,2,1,0,0,0,0,0,0
1,1,1,0,4,1,2,2,0,0,0,0,0,0
0,0,0,0,1,2,1,2,0,0,0,0,0,0
1,1,1,1,3,1,1,3,0,0,0,0,0,0
1,1,1,1,4,1,7,2,0,0,0,0,0,0
1,0,1,1,2,2,0,0,0,0,0,0,0,0
0,0,0,1,1,3,0,0,0,0,0,0,0,0
0,0,0,1,0,1,2,2,0,0,0,0,0,0
0,1,0,2,0,2,0,2,2,3,0,0,0,0
0,1,1,3,1,3,1,1,0,0,0,0,0,0
0,0,3,1,4,1,0,1,3,6,0,0,0,0
2,0,0,1,0,2,1,3,0,0,0,0,0,0
0,0,1,0,1,1,1,1,1,1,0,0,0,0
0,0,0,0,0,1,0,1,0,0,2,2,1,0
1,0,1,2,3,3,1,2,0,0,0,0,0,0
0,0,0,0,1,2,1,1,0,0,0,0,0,0
0,1,0,1,1,1,2,2,0,0,0,0,0,0
0,1,0,0,2,8,1,1,2,1,1,1,1,0
1,1,2,0,2,1,2,2,1,1,0,0,0,0
1,1,1,0,2,1,1,2,0,0,0,0,0,0
1,1,1,3,1,1,2,1,1,5,0,4,2,0
3,0,1,1,2,3,1,1,0,0,0,0,0,0
0,0,0,0,1,2,0,3,1,1,0,0,0,0
0,2,0,1,1,1,1,1,0,0,0,0,0,0
0,0,1,0,1,1,0,1,1,1,1,1,1,0
0,0,0,2,4,0,1,2,3,1,0,0,0,0
0,1,0,0,1,2,0,5,1,3,0,0,0,0
0,1,1,1,3,1,0,0,0,0,0,0,0,0
1,1,1,1,3,2,2,0,0,0,0,0,0,0
3,0,3,7,5,2,3,3,5,4,1,1,1,0
0,1,0,3,0,0,0,1,1,3,0,0,0,0
1,1,1,0,1,2,2,1,1,2,0,0,0,0
1,0,0,0,1,1,2,1,1,2,0,0,0,0
1,1,1,3,9,5,1,11,2,4,2,1,2,0
1,0,1,0,3,4,3,1,0,0,0,0,0,0
1,1,1,0,3,5,0,1,0,6,0,0,0,0
0,1,1,1,0,2,1,3,0,0,0,0,0,0
2,1,0,0,3,1,0,1,0,2,1,1,2,0
0,0,0,0,2,1,1,1,0,0,0,0,0,0
1,2,0,0,4,0,3,4,1,2,0,0,0,0
0,0,0,2,4,1,2,2,0,0,0,0,0,0
2,2,0,2,4,3,0,0,0,0,0,0,0,0
0,1,1,0,1,0,1,2,2,3,0,0,0,0
1,0,0,2,2,3,0,2,1,2,0,0,0,0
3,1,0,0,2,2,3,1,0,0,0,0,0,0
0,0,1,2,1,2,0,0,0,0,0,0,0,0
0,0,0,1,2,3,0,0,0,0,0,0,0,0
0,0,0,1,1,2,1,1,0,0,0,0,0,0
2,1,1,1,3,1,1,1,1,2,2,2,2,0
1,1,0,2,4,3,0,0,0,0,0,0,0,0
1,0,0,0,2,4,4,2,0,0,0,0,0,0
2,0,0,0,3,5,1,0,0,3,1,1,1,0
2,0,0,0,2,3,0,0,0,0,0,0,0,0
2,4,3,3,0,2,0,2,5,1,0,0,0,0
2,0,1,0,0,2,2,3,0,0,0,0,0,0
0,0,0,0,1,1,1,2,0,0,0,0,0,0
2,1,0,1,1,1,1,3,0,0,0,0,0,0
0,0,0,2,3,1,0,0,0,0,0,0,0,0
0,2,0,0,1,1,1,1,1,3,0,0,0,0
0,0,0,0,1,1,0,1,0,1,2,1,1,0
2,0,1,2,3,2,1,1,1,2,0,0,0,0
0,0,0,1,1,2,1,2,2,1,1,1,2,0
0,1,1,1,4,0,0,0,0,0,0,0,0,0
1,1,2,1,0,0,0,0,0,0,0,0,0,0
0,0,0,0,1,0,0,1,2,2,0,0,0,0
0,0,1,1,1,2,0,0,0,0,0,0,0,0
0,0,0,3,1,2,0,0,0,0,0,0,0,0
2,1,0,1,2,0,3,0,2,4,0,0,0,0
1,0,0,0,1,0,2,1,1,1,0,0,0,0
0,1,0,1,3,1,1,0,0,0,0,0,0,0
1,0,1,1,1,2,0,0,0,0,0,0,0,0
0,0,1,1,2,1,0,0,0,0,0,0,0,0
0,2,0,0,0,1,2,1,1,3,0,0,0,0
2,0,0,1,2,2,2,1,0,0,0,0,0,0
0,0,0,0,0,0,0,1,1,3,0,0,0,0
4,0,0,2,2,2,1,3,2,2,0,0,0,0
1,1,0,3,0,0,1,3,1,2,0,0,0,0
1,1,1,0,4,2,0,4,1,1,0,0,0,0
2,0,1,0,3,1,1,0,3,4,0,0,0,0
0,0,0,1,1,0,1,0,2,3,0,0,0,0
1,0,1,0,3,2,1,1,0,0,0,0,0,0
0,0,1,2,2,1,0,3,1,1,0,0,0,0
1,0,1,2,1,1,0,0,0,0,0,0,0,0
1,1,1,1,2,2,3,1,0,0,0,0,0,0
0,0,0,0,1,1,0,3,2,1,0,0,0,0
0,1,0,1,2,3,0,0,0,0,0,0,0,0
0,1,1,0,1,3,1,1,0,1,2,1,1,0
1,0,3,2,5,0,0,1,1,5,0,0,0,0
0,0,0,1,0,0,1,2,1,1,0,0,0,0
0,0,0,0,0,0,0,0,1,4,0,0,0,0
0,0,1,1,2,0,1,1,2,2,0,0,0,0
0,1,2,1,2,3,2,3,0,0,0,0,0,0
0,0,0,0,2,2,1,2,0,0,0,0,0,0
0,0,0,0,1,0,1,1,1,2,0,0,0,0
1,0,0,2,1,2,0,0,0,0,0,0,0,0
1,0,0,1,8,4,2,3,5,4,0,0,0,0
0,1,0,0,0,3,0,1,3,2,0,0,0,0
1,0,0,0,3,2,3,3,2,6,0,0,0,0
0,0,1,2,0,2,2,1,0,0,0,0,0,0
1,0,1,1,3,1,0,0,0,0,0,0,0,0
0,0,0,0,3,1,1,1,0,0,0,0,0,0
0,0,0,1,2,4,0,0,0,0,0,0,0,0
0,0,1,1,1,2,0,0,0,0,0,0,0,0
0,0,0,0,0,0,1,1,1,4,0,0,0,0
0,0,0,1,1,0,0,3,1,2,0,0,0,0
0,1,0,2,2,0,0,4,1,2,0,0,0,0
1,2,0,1,1,2,1,0,0,0,0,0,0,0
2,0,0,1,1,1,1,1,0,0,0,0,0,0
2,0,0,0,0,0,0,3,1,1,0,0,0,0
1,0,2,2,2,2,0,0,0,0,0,0,0,0
1,1,0,3,1,1,1,1,1,2,0,0,0,0
0,0,1,0,0,0,1,2,1,2,0,0,0,0
0,0,0,1,1,3,0,0,0,0,0,0,0,0
0,1,0,1,0,3,1,2,2,4,0,0,0,0
2,2,1,1,0,0,0,0,0,0,0,0,0,0
0,0,0,0,0,1,0,0,1,5,0,0,0,0
0,0,0,0,0,2,0,2,2,3,0,0,0,0
0,1,0,0,1,2,1,1,0,0,0,0,0,0
1,0,1,4,3,2,2,1,2,2,0,0,0,0
2,0,0,3,2,2,0,0,0,0,0,0,0,0
0,0,0,3,0,2,0,3,2,1,0,0,0,0
2,1,0,4,1,6,0,0,0,0,0,0,0,0
1,0,0,1,2,2,0,0,0,0,0,0,0,0
1,0,0,0,3,1,2,1,0,0,0,0,0,0
1,2,1,1,3,1,0,0,0,0,0,0,0,0
1,0,2,0,3,1,1,1,0,0,0,0,0,0
2,1,2,0,2,3,0,0,0,0,0,0,0,0
0,2,0,1,2,1,2,0,0,0,0,0,0,0
1,0,0,0,1,2,1,1,0,0,0,0,0,0
3,0,0,1,1,2,2,2,0,0,0,0,0,0
4,0,0,4,4,1,1,1,1,2,1,1,1,0
0,0,0,1,4,0,0,0,0,0,0,0,0,0
0,1,1,1,2,4,0,0,0,0,0,0,0,0
3,1,2,3,1,3,0,0,0,1,2,1,2,0
0,0,1,0,1,4,1,1,1,1,0,0,0,0
2,1,0,0,0,2,3,0,0,0,0,0,0,0
1,0,1,3,1,0,0,0,0,0,0,0,0,0
4,1,1,3,3,0,1,1,1,3,0,0,0,0
0,0,0,1,2,2,0,0,0,0,0,0,0,0
0,1,1,1,2,1,2,1,0,0,0,0,0,0
2,2,1,4,1,1,1,2,2,1,2,1,1,0
0,1,1,1,1,1,2,0,0,0,0,0,0,0
0,1,2,4,2,1,0,0,0,0,0,0,0,0
0,1,1,2,2,1,1,3,0,0,0,0,0,0
3,0,0,0,9,3,3,4,2,3,0,0,0,0
0,0,0,2,3,0,0,0,0,0,0,0,0,0
3,2,0,1,2,2,2,1,2,2,2,1,1,0
0,1,0,0,2,1,1,1,0,0,0,0,0,0
0,0,0,0,2,1,2,0,0,0,0,0,0,0
1,0,1,1,2,4,1,1,0,0,0,0,0,0
0,1,0,0,3,3,0,0,0,0,0,0,0,0
0,0,0,1,1,0,0,1,0,3,1,1,1,0
2,1,1,1,0,0,0,0,0,0,0,0,0,0
1,0,0,0,1,1,0,0,3,2,0,0,0,0
0,0,0,1,2,4,0,0,0,0,0,0,0,0
2,0,0,0,1,1,0,1,3,1,0,0,0,0
1,2,1,2,1,2,1,2,0,0,0,0,0,0
0,1,0,0,2,2,0,1,1,3,0,0,0,0
1,0,1,1,2,6,2,1,0,0,0,0,0,0
2,1,1,2,1,0,0,0,0,0,0,0,0,0
1,0,0,1,1,0,1,2,1,2,0,0,0,0
1,0,3,5,4,2,2,1,1,7,0,0,0,0
0,1,1,0,1,2,1,2,0,0,0,0,0,0
1,1,0,1,2,2,0,0,0,0,0,0,0,0
2,0,0,1,2,1,1,2,0,0,0,0,0,0
1,2,1,1,1,0,0,0,0,0,0,0,0,0
2,0,1,0,1,1,1,1,1,2,0,0,0,0
1,0,1,0,1,4,0,0,0,0,0,0,0,0
1,1,0,0,4,3,0,0,0,0,0,0,0,0
1,2,1,2,2,2,0,0,0,0,0,0,0,0
2,0,1,2,4,2,0,0,0,0,0,0,0,0
0,0,0,2,1,3,0,0,0,0,0,0,0,0
3,0,1,0,2,2,1,2,0,0,0,0,0,0
0,0,1,0,2,0,2,3,0,0,0,0,0,0
1,1,1,2,3,0,0,0,0,0,0,0,0,0
0,1,0,0,0,0,1,1,1,2,0,0,0,0
0,0,0,0,2,1,1,1,0,0,0,0,0,0
1,1,0,1,4,2,1,0,0,2,1,1,1,0
0,0,0,2,5,4,2,1,1,1,0,0,0,0
0,0,0,0,1,2,1,1,0,0,0,0,0,0
3,0,1,2,1,2,0,0,0,0,0,0,0,0
1,0,0,0,0,1,1,4,1,1,0,0,0,0
2,0,0,0,0,4,1,5,0,0,0,0,0,0
0,0,0,1,1,5,0,0,0,0,0,0,0,0
0,1,0,0,1,2,2,2,1,1,0,0,0,0
2,0,1,1,0,5,0,0,0,0,0,0,0,0
5,0,0,1,1,4,0,0,0,0,0,0,0,0
0,0,0,1,3,3,1,3,1,4,0,0,0,0
2,1,0,1,4,2,0,3,1,3,0,0,0,0
0,2,0,1,1,2,2,0,0,0,0,0,0,0
1,0,0,1,1,4,1,2,1,1,1,1,1,0
2,0,1,3,1,2,2,3,0,0,0,0,0,0
0,0,1,1,1,2,0,0,0,0,0,0,0,0
3,0,1,1,1,2,2,0,0,0,0,0,0,0
0,0,2,2,2,1,1,1,0,0,0,0,0,0
1,0,1,0,1,0,0,3,1,1,0,0,0,0
0,0,0,1,0,0,1,2,2,1,0,0,0,0
0,1,0,2,3,0,0,0,0,0,0,0,0,0
1,1,2,0,2,1,0,2,1,2,0,0,0,0
1,1,0,0,2,3,0,0,0,0,0,0,0,0
4,1,1,3,3,6,1,6,2,6,0,0,0,0
0,0,1,0,3,1,1,0,0,0,0,0,0,0
1,0,0,1,2,5,2,1,0,0,0,0,0,0
0,0,0,2,0,2,2,2,0,0,0,0,0,0
0,0,1,1,1,2,0,2,0,3,1,2,1,0
0,0,0,11,15,0,1,0,0,13,0,0,0,0
1,0,0,0,3,1,1,1,0,0,0,0,0,0
1,0,1,2,1,5,0,1,3,1,0,0,0,0
1,0,2,4,1,1,1,1,0,0,0,0,0,0
1,0,0,1,3,1,0,0,0,0,0,0,0,0
1,0,5,0,1,4,0,0,0,0,0,0,0,0
2,1,0,1,1,1,0,2,2,1,0,0,0,0
1,0,0,1,4,2,0,1,2,5,0,0,0,0
1,1,1,2,0,0,0,0,0,0,0,0,0,0
0,1,2,0,3,2,0,0,0,0,0,0,0,0
0,0,0,0,1,1,1,2,1,1,0,0,0,0
2,0,0,1,0,0,0,0,1,2,1,1,1,0
1,2,1,0,3,2,0,0,0,0,0,0,0,0
1,0,0,2,1,4,1,3,0,0,0,0,0,0
1,1,0,1,1,2,0,1,3,1,0,0,0,0
1,1,1,0,3,1,1,0,0,0,0,0,0,0
1,0,1,1,2,3,0,0,0,0,0,0,0,0
0,0,1,0,3,3,0,0,0,0,0,0,0,0
1,3,0,1,1,2,2,1,2,2,0,0,0,0
2,0,0,2,1,2,1,1,0,0,0,0,0,0
1,1,0,0,3,1,2,0,2,1,1,1,1,0
0,0,0,0,4,2,0,1,2,2,0,0,0,0
1,0,3,3,0,0,0,0,0,0,0,0,0,0
0,0,2,1,1,1,1,1,0,0,0,0,0,0
0,0,0,2,1,1,1,0,0,0,0,0,0,0
0,1,1,1,2,1,0,0,0,0,0,0,0,0
3,0,0,0,1,1,1,3,0,0,0,0,0,0
1,2,0,0,2,3,0,0,0,0,0,0,0,0
3,0,0,0,2,3,0,0,0,0,0,0,0,0
2,1,2,2,3,3,0,0,0,0,0,0,0,0
2,1,0,1,1,1,2,3,0,0,0,0,0,0
0,1,1,0,2,4,0,0,0,0,0,0,0,0
1,1,0,2,0,1,1,1,1,2,0,0,0,0
1,1,1,0,3,3,0,0,0,0,0,0,0,0
1,1,0,3,1,0,0,1,1,4,0,0,0,0
0,1,1,0,0,1,0,2,3,3,0,0,0,0
1,0,0,3,0,2,0,2,1,3,0,0,0,0
1,0,1,2,1,4,1,2,2,3,0,0,0,0
0,0,1,1,1,5,0,0,0,0,0,0,0,0
1,1,0,1,1,3,0,0,0,0,0,0,0,0
0,1,0,1,2,0,0,1,1,3,0,0,0,0
6,0,0,5,3,1,3,0,0,3,2,1,3,0
1,0,0,0,5,1,0,0,0,0,0,0,0,0
0,0,0,0,0,2,0,2,1,2,0,0,0,0
0,1,1,1,2,1,0,0,0,0,0,0,0,0
4,0,0,1,0,3,1,3,1,1,0,0,0,0
2,0,0,2,3,3,2,0,0,0,0,0,0,0
0,2,2,1,1,1,1,1,1,3,0,0,0,0
2,0,1,2,1,2,0,0,0,0,0,0,0,0
1,0,2,2,2,1,2,0,0,0,0,0,0,0
1,0,0,2,4,3,1,2,0,0,0,0,0,0
0,1,0,0,3,1,1,2,0,0,0,0,0,0
2,1,1,2,0,3,1,1,2,0,0,0,0,0
0,0,0,0,2,1,2,1,0,0,0,0,0,0
1,1,1,2,1,2,2,0,0,0,0,0,0,0
2,0,2,1,1,1,0,0,0,0,0,0,0,0
3,0,0,2,2,2,0,1,1,3,0,0,0,0
0,0,1,0,1,0,0,4,1,2,0,0,0,0
0,1,0,0,1,0,0,1,2,3,0,0,0,0
0,0,1,1,3,1,0,0,0,0,0,0,0,0
0,0,0,1,1,2,1,1,0,0,0,0,0,0
0,0,0,0,0,3,1,2,1,2,0,0,0,0
2,4,1,3,4,4,0,0,0,0,0,0,0,0
0,2,1,0,0,5,2,0,2,3,0,0,0,0
2,1,0,0,1,1,0,1,1,1,1,2,1,0
1,2,0,0,0,2,3,2,0,0,0,0,0,0
1,0,0,0,2,2,1,2,3,1,0,0,0,0
1,1,0,1,1,3,0,0,0,0,0,0,0,0
0,1,2,1,1,1,0,0,0,0,0,0,0,0
0,0,0,2,1,0,0,0,1,1,1,1,1,0
0,2,1,1,4,2,3,3,0,5,0,0,0,0
2,0,1,3,6,2,2,2,1,2,0,0,0,0
0,1,0,2,1,1,2,1,0,0,0,0,0,0
0,0,0,0,2,2,2,1,0,0,0,0,0,0
2,0,1,2,3,2,1,0,0,0,0,0,0,0
0,0,0,1,2,2,0,0,0,0,0,0,0,0
0,0,0,0,3,3,2,1,0,0,0,0,0,0
2,0,0,1,1,2,3,0,0,0,0,0,0,0
0,0,2,2,0,0,1,0,2,3,0,0,0,0
0,1,0,1,3,1,0,0,0,0,0,0,0,0
0,1,1,0,1,1,0,0,3,3,0,0,0,0
2,0,0,0,2,2,0,2,4,1,0,0,0,0
1,0,2,3,4,1,1,2,0,0,0,0,0,0
0,0,0,0,0,0,0,2,2,3,0,0,0,0
0,0,1,1,1,2,0,0,0,0,0,0,0,0
1,1,0,1,1,3,0,0,0,0,0,0,0,0
0,0,1,2,2,3,0,0,0,0,0,0,0,0
0,4,2,0,1,0,0,1,1,4,1,2,1,0
0,1,0,3,2,2,1,0,0,0,0,0,0,0
1,0,0,2,1,1,1,2,0,0,0,0,0,0
0,0,0,2,2,1,0,0,0,0,0,0,0,0
1,2,4,1,2,2,2,2,3,2,0,0,0,0
2,1,1,2,0,2,1,1,1,3,0,0,0,0
1,0,1,1,0,2,2,2,0,0,0,0,0,0
2,0,0,1,0,2,1,2,0,0,0,0,0,0
1,0,1,0,0,0,1,1,2,1,0,0,0,0
0,3,0,0,5,7,0,0,0,0,0,0,0,0
2,1,1,1,2,3,0,1,1,5,0,0,0,0
2,0,1,1,1,0,0,1,1,3,0,0,0,0
2,0,0,1,2,2,0,0,0,0,0,0,0,0
1,1,0,1,1,2,1,0,0,0,0,0,0,0
1,1,0,2,2,5,0,1,2,3,0,0,0,0
2,0,0,1,1,1,1,1,0,0,0,0,0,0
1,0,0,1,3,3,0,3,1,1,0,0,0,0
2,0,1,0,1,3,0,0,2,3,0,0,0,0
2,0,1,0,1,3,1,0,0,0,0,0,0,0
0,1,0,0,2,3,1,1,0,0,0,0,0,0
0,0,1,1,1,5,1,1,0,0,0,0,0,0
0,1,0,0,3,3,2,0,1,1,1,1,1,0
1,0,1,1,0,1,2,1,1,2,0,0,0,0
2,1,1,1,0,0,0,0,0,0,0,0,0,0
0,0,0,0,3,3,0,0,0,0,0,0,0,0
3,2,3,2,4,3,3,1,5,2,0,0,0,0
0,0,1,3,1,2,1,0,0,0,0,0,0,0
0,1,1,1,1,1,1,2,2,1,0,0,0,0
1,0,0,5,2,0,6,2,0,0,0,0,0,0
0,0,0,0,1,1,1,2,0,0,0,0,0,0
1,1,0,3,3,3,2,2,0,0,0,0,0,0
2,0,1,1,1,1,0,2,1,2,0,0,0,0
0,0,2,1,3,3,2,1,0,0,0,0,0,0
0,2,0,1,2,1,1,0,0,0,0,0,0,0
1,0,1,1,1,0,1,3,1,2,0,0,0,0
0,0,0,0,1,2,1,1,0,0,0,0,0,0
2,1,1,1,0,0,0,0,0,0,0,0,0,0
1,1,1,0,2,1,1,2,1,1,0,0,0,0
2,1,1,0,1,2,4,2,0,0,0,0,0,0
0,0,0,1,3,1,0,0,0,0,0,0,0,0
0,1,1,3,3,1,0,0,0,0,0,0,0,0
0,0,0,0,0,1,0,2,1,2,0,0,0,0
0,1,1,2,0,0,0,2,1,4,1,1,2,0
0,0,0,3,2,1,1,1,1,3,0,0,0,0
0,0,0,0,2,1,1,2,1,1,0,0,0,0
1,0,0,0,1,2,1,1,2,1,0,0,0,0
0,0,0,1,1,3,0,0,0,0,0,0,0,0
1,2,1,1,1,1,0,0,0,0,0,0,0,0
1,0,2,2,0,5,1,1,1,4,0,0,0,0
0,0,0,2,3,1,0,0,0,0,0,0,0,0
0,0,0,3,1,2,0,0,0,0,0,0,0,0
3,0,0,1,0,2,2,2,0,0,0,0,0,0
2,1,0,0,1,2,0,0,2,3,0,0,0,0
4,0,0,3,2,3,0,0,0,0,0,0,0,0
0,0,0,3,1,2,1,1,0,0,0,0,0,0
1,0,0,1,3,2,0,4,1,2,0,0,0,0
5,0,0,0,0,0,0,0,0,0,0,0,0,0
0,0,0,0,3,2,0,0,0,0,0,0,0,0
2,1,0,0,0,0,2,3,1,1,0,0,0,0
1,1,1,1,1,1,0,0,0,0,0,0,0,0
2,1,0,0,1,1,1,0,0,2,2,1,2,0
0,0,0,0,3,1,1,1,1,3,0,0,0,0
1,0,0,0,1,3,1,1,1,1,0,0,0,0
0,0,1,1,3,0,0,1,1,4,0,0,0,0
0,0,1,0,0,3,1,0,4,4,0,0,0,0
1,0,2,0,1,2,1,1,1,2,0,0,0,0
0,0,0,1,2,2,1,2,0,0,0,0,0,0
0,0,0,0,3,2,1,1,0,0,0,0,0,0
0,2,0,2,2,1,1,0,0,1,1,1,2,0
1,1,0,1,1,3,0,0,0,0,0,0,0,0
1,2,0,3,3,1,3,0,2,4,0,0,0,0
0,0,0,2,1,2,0,0,0,0,0,0,0,0
0,0,0,0,0,2,0,0,2,2,1,2,1,0
1,1,0,1,3,3,1,0,0,0,0,0,0,0
1,1,1,0,0,3,1,1,0,0,0,0,0,0
5,0,0,2,1,2,0,0,0,0,0,0,0,0
2,0,1,0,2,1,2,0,0,0,0,0,0,0
1,2,2,2,3,5,2,0,1,2,0,4,1,0
3,0,3,0,1,2,1,1,0,0,0,0,0,0
0,0,1,0,1,2,1,0,1,4,0,0,0,0
1,2,1,0,4,0,1,1,4,2,0,0,0,0
1,0,0,3,1,2,2,2,0,0,0,0,0,0
2,1,0,2,1,1,1,2,1,4,0,0,0,0
0,0,0,1,0,0,0,0,0,3,1,1,2,0
1,1,0,1,1,1,1,1,0,0,0,0,0,0
6,1,0,1,3,5,4,2,2,6,0,0,0,0
2,1,2,5,2,1,2,2,3,2,3,1,1,0
1,1,1,6,5,2,1,2,1,1,0,0,0,0
0,1,0,0,1,5,2,0,0,0,0,0,0,0
2,0,2,0,1,3,1,2,0,0,0,0,0,0
0,0,0,1,2,1,1,1,0,0,0,0,0,0
0,0,1,1,3,3,1,1,1,1,0,0,0,0
2,0,0,0,4,2,0,0,0,0,0,0,0,0
0,0,1,0,2,1,2,1,0,0,0,0,0,0
0,1,0,1,0,5,0,0,0,0,0,0,0,0
0,1,1,2,0,0,2,1,1,1,0,0,0,0
1,0,0,1,2,1,2,1,0,0,0,0,0,0
1,0,1,1,1,2,0,0,0,0,0,0,0,0
0,0,1,0,0,0,0,3,1,1,0,0,0,0
1,0,0,1,0,3,0,0,1,4,1,2,1,0
1,1,0,0,1,2,1,2,1,2,0,0,0,0
1,0,0,1,2,4,1,1,0,0,0,0,0,0
0,2,0,0,1,2,1,1,0,0,0,0,0,0
0,1,0,0,1,3,2,2,0,0,0,0,0,0
0,0,1,2,1,1,0,0,0,0,0,0,0,0
0,1,0,2,1,2,0,0,0,0,0,0,0,0
0,0,1,1,1,3,0,0,0,0,0,0,0,0
0,0,1,1,0,0,1,2,0,2,3,1,2,0
3,0,0,1,3,2,2,0,0,0,0,0,0,0
0,0,0,0,0,1,0,1,2,2,0,0,0,0
1,1,0,0,3,3,0,0,0,0,0,0,0,0
0,0,0,1,1,1,1,2,0,0,0,0,0,0
0,0,0,3,2,4,0,0,0,0,0,0,0,0
4,0,0,0,4,2,1,1,0,0,0,0,0,0
1,2,0,1,1,2,2,3,0,0,0,0,0,0
0,0,1,0,0,3,2,3,0,0,0,0,0,0
0,0,0,0,0,2,2,2,0,0,0,0,0,0
1,0,2,0,1,4,1,3,2,1,0,3,2,0
0,0,0,2,3,1,3,1,1,1,1,1,1,0
0,0,2,1,2,1,0,0,0,0,0,0,0,0
0,1,0,0,1,0,1,1,3,1,0,0,0,0
1,0,3,0,2,1,1,4,0,0,0,0,0,0
1,0,0,2,2,1,2,0,0,0,0,0,0,0
0,0,0,0,2,2,0,2,1,2,0,0,0,0
0,0,1,3,1,2,2,1,0,1,1,2,3,0
0,0,2,1,3,2,1,1,0,3,1,1,1,0
0,0,1,1,4,2,2,3,1,1,0,0,0,0
1,0,1,0,1,2,1,2,2,1,0,0,0,0
0,0,0,1,2,2,0,0,0,0,0,0,0,0
1,0,0,0,0,2,0,1,4,1,0,0,0,0
1,1,1,1,1,1,1,1,0,0,0,0,0,0
2,1,0,0,3,3,0,4,1,3,0,0,0,0
4,0,4,0,7,3,0,1,3,2,0,0,0,0
0,0,0,1,1,0,2,1,1,1,0,0,0,0
1,2,0,1,2,1,0,2,3,0,0,0,0,0
2,1,0,0,2,2,2,1,1,4,0,0,0,0
1,0,0,0,3,2,0,0,0,0,0,0,0,0
0,1,2,1,2,3,0,0,0,0,0,0,0,0
1,0,0,0,1,3,1,1,0,0,0,0,0,0
1,0,1,1,0,0,0,1,0,4,1,1,1,0
0,0,1,3,1,1,1,0,0,0,0,0,0,0
0,3,0,1,3,1,1,1,0,0,0,0,0,0
0,3,1,0,1,3,1,2,1,1,0,0,0,0
0,0,0,0,3,3,0,0,0,0,0,0,0,0
1,2,3,1,7,7,0,2,3,2,0,0,0,0
2,0,1,2,2,1,0,2,1,2,0,0,0,0
0,0,1,0,2,0,0,1,3,2,1,1,1,0
1,0,3,0,4,3,0,0,0,0,0,0,0,0
1,1,0,2,2,1,0,0,0,0,0,0,0,0
0,0,0,2,3,2,0,0,0,0,0,0,0,0
2,1,2,3,2,3,0,0,0,0,0,0,0,0
1,0,0,0,3,3,0,0,0,0,0,0,0,0
0,1,0,0,3,0,2,2,1,1,0,0,0,0
3,0,2,2,2,0,1,1,2,2,0,0,0,0
0,1,1,0,1,0,0,1,2,2,0,0,0,0
1,0,0,1,3,1,0,0,0,0,0,0,0,0
4,1,1,1,3,0,0,1,1,3,0,0,0,0
2,2,2,0,1,3,1,1,0,0,0,0,0,0
2,0,1,0,2,2,1,1,0,0,0,0,0,0
0,1,2,3,4,2,1,1,0,0,0,0,0,0
2,0,2,0,2,5,1,0,0,5,0,0,0,0
0,0,0,0,2,2,1,0,0,0,0,0,0,0
1,0,0,1,2,2,0,0,0,0,0,0,0,0
0,0,0,1,0,0,1,1,1,2,0,0,0,0
4,1,1,4,0,4,1,1,0,0,0,0,0,0
0,0,0,1,2,2,0,0,0,0,0,0,0,0
0,0,0,1,5,0,0,0,0,4,2,1,1,0
1,1,0,1,3,2,1,1,0,0,0,0,0,0
1,0,0,1,0,1,1,2,2,2,0,0,0,0
6,0,0,9,0,0,6,0,7,7,0,2,3,0
2,0,2,0,3,2,0,3,1,2,0,0,0,0
0,1,0,1,0,0,0,0,2,3,0,0,0,0
0,2,2,2,1,2,0,0,0,0,0,0,0,0
0,1,1,2,4,1,0,0,0,0,0,0,0,0
0,0,0,1,2,5,0,0,0,0,0,0,0,0
0,0,0,1,3,1,1,0,0,0,0,0,0,0
0,0,0,1,2,4,1,0,0,0,0,0,0,0
0,0,0,0,2,3,1,2,1,4,0,2,3,0
1,1,2,1,3,1,1,1,2,3,2,2,1,0
0,0,1,1,0,3,1,1,0,0,0,0,0,0
0,0,0,0,0,2,1,2,0,0,0,0,0,0
6,1,2,0,4,2,0,3,1,3,0,0,0,0
2,0,0,2,1,1,1,2,0,0,0,0,0,0
0,0,2,2,3,3,1,1,1,1,0,0,0,0
0,0,1,0,1,0,0,1,1,3,0,0,0,0
2,0,2,1,1,2,0,0,0,0,0,0,0,0
2,3,0,1,2,3,0,0,0,0,0,0,0,0
2,1,1,1,1,0,0,0,0,0,0,0,0,0
2,2,1,1,3,3,0,0,0,0,0,0,0,0
1,2,0,0,0,3,1,1,0,0,0,0,0,0
1,0,0,3,5,1,0,2,1,4,0,0,0,0
1,1,1,2,0,0,0,0,0,0,0,0,0,0
0,0,0,1,4,1,1,0,1,4,0,0,0,0
0,1,1,2,3,0,0,0,0,0,0,0,0,0
0,0,1,0,0,1,1,1,2,1,0,0,0,0
2,1,1,1,0,0,0,0,0,0,0,0,0,0
0,1,0,0,0,1,1,1,1,1,0,0,0,0
1,0,1,3,2,2,0,0,0,0,0,0,0,0
0,0,0,0,0,0,1,3,1,1,0,0,0,0
1,2,0,1,2,2,0,0,0,0,0,0,0,0
0,1,0,1,1,3,1,1,0,0,0,0,0,0
0,1,2,1,2,2,1,4,4,2,0,0,0,0
3,0,0,1,8,7,7,8,1,5,3,1,1,0
0,0,0,0,3,0,1,2,1,2,0,0,0,0
0,1,0,0,1,3,1,0,0,0,0,0,0,0
0,1,2,4,0,0,0,0,0,0,0,0,0,0
1,1,1,0,0,2,1,2,2,1,0,0,0,0
1,0,1,2,1,4,2,2,0,0,0,0,0,0
2,0,0,4,5,2,1,1,0,0,0,0,0,0
0,1,1,5,3,0,1,1,1,4,0,0,0,0
1,1,1,1,5,2,0,0,0,0,0,0,0,0
1,0,0,0,2,3,2,1,0,0,0,0,0,0
0,0,0,1,1,0,1,2,1,2,0,0,0,0
0,0,0,2,1,2,0,0,0,0,0,0,0,0
2,0,0,1,4,0,0,0,0,0,0,0,0,0
1,0,1,1,2,2,2,0,0,0,0,0,0,0
1,0,0,1,0,2,1,3,1,1,0,0,0,0
0,0,0,1,3,2,0,0,0,0,0,0,0,0
0,0,0,0,0,2,1,1,2,3,0,0,0,0
0,0,1,2,1,1,0,0,0,0,0,0,0,0
0,0,1,1,3,2,0,0,0,0,0,0,0,0
0,0,1,0,2,5,3,0,0,0,0,0,0,0
0,0,0,0,0,1,2,1,1,3,0,0,0,0
0,1,1,1,2,0,1,3,1,1,0,0,0,0
1,1,2,1,0,0,0,0,0,0,0,0,0,0
2,1,0,1,4,4,0,0,0,0,0,0,0,0
1,0,0,0,3,2,0,0,0,0,0,0,0,0
1,1,3,2,0,0,0,0,0,0,0,0,0,0
1,1,1,2,1,1,0,0,0,0,0,0,0,0
0,0,0,0,2,2,1,2,0,0,0,0,0,0
1,3,2,1,2,0,0,0,0,0,0,0,0,0
2,1,1,0,1,4,0,0,0,0,0,0,0,0
0,3,1,2,0,0,0,0,0,0,0,0,0,0
2,1,1,2,1,0,0,0,0,0,0,0,0,0
1,1,0,1,2,2,0,0,0,0,0,0,0,0
0,1,0,1,2,2,0,0,0,0,0,0,0,0
0,0,0,1,2,2,3,2,1,2,0,0,0,0
1,1,0,2,1,0,0,0,3,3,0,0,0,0
3,0,0,5,1,2,0,0,0,0,0,0,0,0
0,0,0,2,1,6,0,2,5,1,0,0,0,0
2,0,0,2,3,1,1,3,0,0,0,0,0,0
0,0,1,0,2,1,2,2,0,0,0,0,0,0
0,0,1,1,2,3,0,0,0,0,0,0,0,0
0,1,0,1,2,2,0,0,0,0,0,0,0,0
0,0,1,1,1,3,0,0,0,0,0,0,0,0
0,0,2,2,1,3,0,1,2,4,0,0,0,0
0,0,1,2,1,2,0,0,0,0,0,0,0,0
2,1,0,1,1,1,1,4,1,2,0,0,0,0
2,2,1,2,2,2,4,3,2,4,0,0,0,0
1,0,0,3,2,2,1,1,0,0,0,0,0,0
1,0,1,2,0,0,1,0,2,3,0,0,0,0
0,0,0,1,0,3,1,2,0,0,0,0,0,0
0,1,0,0,0,0,1,1,1,4,0,0,0,0
0,0,0,0,2,1,1,1,0,0,0,0,0,0
0,0,0,1,1,1,1,2,1,1,0,0,0,0
3,0,2,4,2,2,1,1,0,0,0,0,0,0
0,0,1,0,3,1,0,1,3,2,0,0,0,0
4,0,0,2,2,6,0,0,0,0,0,0,0,0
0,0,2,1,2,3,2,1,0,0,0,0,0,0
1,0,1,1,2,4,0,3,2,1,0,0,0,0
1,0,0,4,1,1,0,0,0,0,0,0,0,0
1,0,1,0,2,3,0,0,0,0,0,0,0,0
0,0,0,1,0,1,0,4,1,1,0,0,0,0
1,1,1,4,2,2,3,2,0,0,0,0,0,0
0,0,0,0,1,2,0,2,1,4,0,0,0,0
0,0,2,1,3,2,1,2,1,2,0,0,0,0
2,0,0,1,0,3,1,1,0,0,0,0,0,0
2,0,0,2,1,1,1,1,0,0,0,0,0,0
0,0,1,0,2,3,0,0,0,0,0,0,0,0
2,0,2,3,2,4,1,4,1,1,0,0,0,0
0,0,0,1,0,0,0,3,2,1,0,0,0,0
1,0,0,1,1,3,0,0,0,0,0,0,0,0
0,1,0,1,2,1,0,4,1,2,0,0,0,0
1,0,0,0,0,3,1,1,1,3,0,0,0,0
2,2,1,4,2,0,4,2,0,0,0,0,0,0
0,0,1,1,1,2,0,0,0,0,0,0,0,0
0,1,0,0,3,3,0,0,0,0,0,0,0,0
0,1,1,2,1,4,1,3,0,0,0,0,0,0
0,1,1,1,1,3,2,0,0,0,0,0,0,0
0,0,0,1,0,1,2,3,1,1,0,0,0,0
0,0,1,0,1,3,1,0,0,0,0,0,0,0
3,0,1,0,0,0,1,1,1,2,0,0,0,0
0,1,0,0,3,1,2,0,0,0,0,0,0,0
0,1,1,1,1,1,0,0,0,0,0,0,0,0
3,4,1,1,4,0,0,5,1,6,0,0,0,0
1,1,1,0,0,4,0,1,1,7,0,0,0,0
0,1,0,1,2,0,1,1,2,1,0,0,0,0
0,0,0,0,1,3,1,1,0,0,0,0,0,0
0,0,1,1,1,2,0,0,0,0,0,0,0,0
1,0,0,1,2,3,0,0,0,0,0,0,0,0
1,1,2,1,0,0,0,0,0,0,0,0,0,0
0,0,0,2,4,1,0,0,0,0,0,0,0,0
0,0,0,1,2,2,0,0,0,0,0,0,0,0
1,0,0,2,2,3,0,2,3,3,0,0,0,0
1,2,1,2,2,1,0,0,0,0,0,0,0,0
1,0,0,1,2,1,3,0,0,0,0,0,0,0
1,0,2,1,3,1,2,2,1,4,0,0,0,0
0,0,0,2,2,1,0,0,0,0,0,0,0,0
0,1,1,3,3,3,0,1,3,1,0,0,0,0
1,0,1,2,1,2,1,0,0,0,0,0,0,0
1,0,1,0,0,2,0,4,1,3,0,0,0,0
1,0,0,0,1,1,1,2,0,0,0,0,0,0
0,1,0,0,0,3,0,1,2,2,0,0,0,0
0,1,1,1,1,2,0,0,0,0,0,0,0,0
1,0,0,1,1,1,1,2,0,0,0,0,0,0
0,0,0,0,1,0,0,2,2,1,0,0,0,0
2,0,1,0,1,0,1,2,1,1,0,0,0,0
3,1,2,1,0,0,0,0,0,0,0,0,0,0
0,0,1,5,0,1,3,1,0,0,0,0,0,0
0,0,0,1,2,2,1,2,2,2,0,0,0,0
0,0,0,3,1,0,1,4,0,0,0,0,0,0
1,0,0,1,0,5,2,1,0,0,0,0,0,0
2,0,1,1,4,2,1,0,0,0,0,0,0,0
1,0,0,1,3,2,1,1,0,0,0,0,0,0
1,1,2,0,1,0,2,1,2,1,0,0,0,0
2,0,0,0,1,1,2,3,0,0,0,0,0,0
1,0,0,1,0,0,0,3,1,1,0,0,0,0
1,1,0,3,1,1,0,0,0,0,0,0,0,0
0,0,0,1,0,1,0,1,1,3,0,0,0,0
0,0,0,1,2,2,0,0,0,0,0,0,0,0
3,3,1,2,1,3,1,1,0,0,0,0,0,0
0,1,1,1,3,3,0,0,0,0,0,0,0,0
0,0,0,0,0,0,1,0,1,4,0,0,0,0
0,0,0,0,3,1,1,1,0,0,0,0,0,0
0,0,1,1,1,3,0,0,0,0,0,0,0,0
1,0,0,0,1,2,1,1,2,2,0,0,0,0
1,0,0,1,1,3,0,1,2,2,0,0,0,0
1,1,1,1,2,0,1,1,2,5,0,0,0,0
0,1,0,1,2,1,1,0,0,0,0,0,0,0
0,0,1,1,2,3,2,2,0,0,0,0,0,0
0,0,1,2,2,1,0,2,1,2,0,0,0,0
1,0,0,3,2,2,0,0,0,0,0,0,0,0
0,0,0,1,3,2,1,3,1,1,0,0,0,0
4,1,3,2,4,1,1,3,2,2,0,0,0,0
1,0,0,5,0,0,0,0,0,5,0,0,0,0
3,0,1,2,2,2,1,3,1,4,0,0,0,0
0,0,1,0,0,8,3,2,3,3,0,0,0,0
1,0,1,0,3,1,2,3,0,0,0,0,0,0
2,0,0,0,1,2,0,1,2,2,0,0,0,0
0,0,0,0,1,3,1,2,1,1,0,0,0,0
0,0,0,0,2,4,1,1,1,1,0,0,0,0
1,0,0,1,0,2,0,3,1,2,0,0,0,0
1,0,0,1,2,2,0,0,0,0,0,0,0,0
1,1,0,1,1,2,0,1,1,3,0,0,0,0
2,1,1,0,0,2,2,2,2,2,0,0,0,0
1,0,1,0,1,2,1,1,0,0,0,0,0,0
0,1,0,0,2,3,0,0,0,0,0,0,0,0
2,0,0,1,2,2,0,0,0,0,0,0,0,0
1,1,1,2,0,0,1,1,1,2,0,0,0,0
3,1,1,2,2,3,0,1,1,3,0,0,0,0
3,1,0,0,1,1,2,3,1,4,0,0,0,0
0,0,0,0,2,4,0,0,0,0,0,0,0,0
0,0,0,1,3,2,0,0,0,0,0,0,0,0
0,0,0,1,0,1,0,1,1,3,0,0,0,0
1,1,2,9,10,7,3,9,3,5,0,0,0,0
0,0,0,1,0,2,1,2,0,0,0,0,0,0
1,1,0,1,0,2,3,2,0,0,0,0,0,0
0,4,0,1,0,4,1,0,0,0,0,0,0,0
1,1,0,0,0,2,1,1,2,1,0,0,0,0
0,1,1,1,2,0,0,0,0,0,0,0,0,0
0,0,0,0,2,1,0,1,1,4,0,0,0,0
0,0,1,1,2,2,0,0,0,0,0,0,0,0
2,0,0,0,1,1,2,2,0,0,0,0,0,0
1,1,1,2,6,2,0,5,1,4,0,0,0,0
2,2,4,2,3,2,1,8,2,3,0,0,0,0
1,0,1,2,1,0,1,1,1,4,0,0,0,0
1,2,0,2,1,4,0,0,0,0,0,0,0,0
1,0,0,0,1,2,1,1,0,0,0,0,0,0
2,0,1,2,3,1,2,1,1,1,0,0,0,0
1,1,0,2,2,1,0,0,0,0,0,0,0,0
1,0,0,2,4,2,0,0,0,0,0,0,0,0
0,1,0,1,2,3,0,0,0,0,0,0,0,0
1,0,0,1,1,3,1,3,2,2,0,0,0,0
1,0,1,0,3,1,1,3,2,2,0,0,0,0
2,1,0,2,4,2,2,1,2,4,0,0,0,0
2,0,1,2,5,3,1,3,3,1,0,0,0,0
0,0,0,0,0,2,1,2,0,0,0,0,0,0
1,1,2,2,2,4,2,4,1,5,0,0,0,0
1,0,1,5,1,2,1,3,2,1,0,0,0,0
2,1,2,2,2,3,1,2,0,0,0,0,0,0
0,0,0,1,0,0,1,2,1,3,0,0,0,0
0,1,0,1,1,1,1,2,0,0,0,0,0,0
1,3,1,1,1,1,0,0,0,0,0,0,0,0
1,0,1,4,2,3,0,3,3,2,0,0,0,0
1,0,0,1,2,1,1,0,0,0,0,0,0,0
1,0,0,3,1,2,1,0,0,0,0,0,0,0
0,0,1,0,1,4,0,0,0,0,0,0,0,0
1,2,1,0,2,3,0,1,1,3,0,0,0,0
0,0,0,1,1,0,1,0,1,4,0,0,0,0
3,0,1,2,1,4,1,1,3,2,0,0,0,0
1,0,0,0,0,0,0,3,1,1,0,0,0,0
4,2,0,0,3,4,1,1,0,0,0,0,0,0
1,0,0,0,4,2,0,0,0,0,0,0,0,0
0,0,1,1,3,1,1,1,0,0,0,0,0,0
1,0,0,1,1,4,0,0,0,0,0,0,0,0
1,0,1,1,0,2,0,2,1,2,0,0,0,0
0,0,0,1,2,0,0,1,2,2,0,0,0,0
1,0,2,2,4,2,0,3,1,3,0,0,0,0
0,0,0,0,2,2,1,2,0,0,0,0,0,0
2,0,0,0,1,0,0,3,1,1,0,0,0,0
2,1,2,0,2,2,0,0,3,3,0,0,0,0
1,0,0,0,2,1,1,1,0,0,0,0,0,0
1,0,0,0,0,2,2,1,0,0,0,0,0,0
0,0,1,1,1,1,1,0,0,0,0,0,0,0
1,0,0,1,0,3,2,0,0,0,0,0,0,0
0,0,0,0,2,1,0,1,2,5,0,0,0,0
0,1,0,1,3,4,1,2,0,0,0,0,0,0
0,0,0,1,1,1,0,1,1,4,0,0,0,0
0,2,0,0,3,3,3,0,0,0,0,0,0,0
1,0,1,0,1,2,1,3,0,0,0,0,0,0
0,0,0,2,1,2,0,0,0,0,0,0,0,0
1,0,0,1,1,2,1,0,2,3,0,0,0,0
1,0,0,2,2,0,0,2,1,3,0,0,0,0
0,0,1,3,2,1,3,3,3,1,0,0,0,0
0,1,0,0,4,2,0,0,0,0,0,0,0,0
2,0,1,3,2,4,1,0,3,3,0,0,0,0
1,1,1,1,1,3,1,1,0,0,0,0,0,0
2,1,0,2,1,1,0,3,4,1,0,0,0,0
2,0,0,0,2,1,1,2,0,0,0,0,0,0
0,1,0,2,1,2,0,0,0,0,0,0,0,0
2,0,0,0,0,0,0,1,3,5,0,0,0,0
0,0,1,1,2,1,0,0,0,0,0,0,0,0
2,0,1,2,3,0,0,0,0,0,0,0,0,0
1,0,0,1,1,2,1,1,0,0,0,0,0,0
1,1,2,2,0,0,0,0,0,0,0,0,0,0
0,0,0,2,2,1,0,0,0,0,0,0,0,0
3,0,0,0,1,1,0,2,1,2,0,0,0,0
2,0,0,3,4,0,0,0,0,0,0,0,0,0
0,2,0,2,1,3,0,1,1,4,0,0,0,0
2,1,0,1,2,2,0,0,0,0,0,0,0,0
0,0,1,0,0,1,2,2,0,0,0,0,0,0
1,1,0,2,2,3,4,2,1,1,0,0,0,0
0,1,1,1,1,1,1,1,1,3,0,0,0,0
0,0,0,6,0,0,0,0,0,0,0,0,0,0
1,1,0,4,4,4,0,0,0,0,0,0,0,0
0,0,0,2,2,1,0,0,0,0,0,0,0,0
0,0,0,1,1,1,3,1,1,2,0,0,0,0
1,1,1,1,0,3,1,3,0,0,0,0,0,0
0,0,0,2,1,2,0,0,0,0,0,0,0,0
0,0,0,1,2,2,0,3,1,2,0,0,0,0
3,1,1,1,1,2,1,1,0,0,0,0,0,0
1,0,1,3,1,0,0,1,1,4,0,0,0,0
0,0,0,0,4,2,1,2,0,0,0,0,0,0
0,1,0,0,2,3,0,0,0,0,0,0,0,0
3,0,0,2,0,3,1,1,0,0,0,0,0,0
3,1,0,1,0,1,1,3,0,0,0,0,0,0
2,0,0,2,1,1,1,0,0,8,0,0,0,0
2,0,0,1,1,0,1,2,2,3,0,0,0,0
1,0,1,0,1,1,3,2,0,0,0,0,0,0
1,0,0,0,1,1,1,2,0,0,0,0,0,0
2,0,0,2,2,1,2,0,0,0,0,0,0,0
2,1,2,1,1,5,0,0,0,0,0,0,0,0
1,0,0,1,1,2,1,2,1,1,0,0,0,0
0,0,0,0,1,2,1,1,0,0,0,0,0,0
1,1,0,0,1,0,1,0,4,1,0,0,0,0
0,0,0,2,1,0,0,3,1,1,0,0,0,0
0,1,1,1,1,1,0,0,0,0,0,0,0,0
0,0,2,0,2,3,0,0,0,0,0,0,0,0
1,1,0,3,2,2,0,0,0,0,0,0,0,0
0,0,1,2,1,2,0,0,0,0,0,0,0,0
1,0,0,0,2,0,1,2,1,1,0,0,0,0
3,0,0,1,1,0,0,1,1,3,0,0,0,0
0,0,0,0,1,2,1,2,1,1,0,0,0,0
0,1,0,2,3,2,0,0,0,0,0,0,0,0
1,1,5,1,1,2,0,0,0,0,0,0,0,0
0,1,1,0,2,1,1,1,0,0,0,0,0,0
1,0,1,1,3,1,0,0,0,0,0,0,0,0
2,1,0,3,0,1,3,3,0,0,0,0,0,0
0,1,1,3,2,3,1,1,0,0,0,0,0,0
0,1,1,3,5,3,1,0,1,4,0,0,0,0
1,0,1,0,2,1,1,1,3,3,0,0,0,0
0,2,1,3,2,1,0,1,1,3,0,0,0,0
0,3,0,2,0,2,0,2,2,3,0,0,0,0
2,0,1,0,1,0,2,1,1,2,0,0,0,0
3,2,1,1,2,5,1,2,2,7,0,0,0,0
1,0,1,4,4,4,2,1,0,0,0,0,0,0
3,1,3,1,0,4,1,3,0,0,0,0,0,0
2,1,0,2,3,1,1,0,0,0,0,0,0,0
1,1,0,2,1,1,1,1,0,0,0,0,0,0
0,0,0,0,2,3,0,0,0,0,0,0,0,0
0,2,0,1,0,1,1,1,1,1,0,0,0,0
2,1,1,1,0,0,0,0,0,0,0,0,0,0
1,0,0,1,4,1,2,0,0,0,0,0,0,0
1,2,2,2,1,2,1,3,1,2,0,0,0,0
1,0,0,1,3,1,0,0,0,0,0,0,0,0
0,2,0,0,2,1,1,2,0,0,0,0,0,0
0,2,0,2,2,2,0,0,0,0,0,0,0,0
2,1,1,0,3,2,1,3,2,1,0,0,0,0
1,1,1,2,3,3,0,1,1,3,0,0,0,0
0,1,0,2,2,2,1,2,2,4,0,0,0,0
3,1,1,0,2,0,1,2,1,1,0,0,0,0
0,0,0,2,3,1,2,1,4,2,0,0,0,0
1,2,0,2,4,0,0,0,0,0,0,0,0,0
0,0,0,2,1,4,2,1,1,2,0,0,0,0
0,1,0,0,1,1,0,0,1,4,0,0,0,0
1,1,3,1,1,4,2,5,2,6,0,0,0,0
2,1,1,3,1,3,0,0,0,0,0,0,0,0
0,0,1,0,3,1,0,1,3,2,0,0,0,0
0,1,0,1,1,5,1,2,1,3,0,0,0,0
0,0,0,1,2,1,1,3,0,0,0,0,0,0
0,1,2,0,0,2,0,2,2,1,0,0,0,0
0,0,1,2,1,1,1,1,0,0,0,0,0,0
1,2,0,1,1,0,0,5,1,2,0,0,0,0
0,0,2,1,1,1,2,0,0,0,0,0,0,0
0,1,0,0,0,1,0,1,1,3,0,0,0,0
0,0,0,0,4,1,2,1,0,0,0,0,0,0
1,0,0,3,0,4,1,1,0,0,0,0,0,0
3,0,0,1,2,0,0,3,1,3,0,0,0,0
2,2,1,3,8,5,2,2,2,2,0,0,0,0
4,0,1,1,2,3,1,1,1,3,0,0,0,0
0,0,1,1,0,1,0,0,2,3,0,0,0,0
0,0,3,0,3,2,0,0,0,0,0,0,0,0
0,0,0,1,1,1,1,1,0,0,0,0,0,0
3,0,0,0,1,1,1,1,2,2,0,0,0,0
1,0,0,2,1,1,2,1,0,0,0,0,0,0
0,0,0,1,1,2,2,2,0,0,0,0,0,0
3,2,4,1,4,2,2,3,1,3,0,0,0,0
1,0,1,1,0,5,2,1,0,0,0,0,0,0
1,0,1,0,1,2,1,1,0,0,0,0,0,0
0,1,1,0,3,2,1,2,0,0,0,0,0,0
0,0,0,1,3,2,0,0,0,0,0,0,0,0
0,1,0,3,1,2,0,0,0,0,0,0,0,0
1,2,0,2,1,2,1,4,1,2,0,0,0,0
1,0,1,1,0,3,1,1,0,0,0,0,0,0
1,0,0,3,0,1,0,0,1,4,0,0,0,0
2,0,0,1,3,8,2,1,3,2,0,0,0,0
0,0,0,1,3,3,0,0,3,2,0,0,0,0
0,0,0,0,1,1,3,0,0,0,0,0,0,0
1,1,2,0,1,2,1,1,2,1,0,0,0,0
1,0,1,0,1,2,1,1,0,0,0,0,0,0
1,0,0,2,4,1,0,0,0,0,0,0,0,0
2,0,0,1,0,3,1,2,0,0,0,0,0,0
0,0,1,1,0,1,2,2,0,0,0,0,0,0
1,0,1,1,3,1,0,0,0,0,0,0,0,0
1,0,0,2,1,2,0,0,0,0,0,0,0,0
0,0,0,2,1,1,4,2,0,0,0,0,0,0
0,0,0,0,2,1,1,1,0,0,0,0,0,0
2,0,1,2,3,1,1,0,1,5,0,0,0,0
0,1,1,3,1,4,0,4,1,1,0,0,0,0
0,0,1,2,1,3,0,0,0,0,0,0,0,0
0,0,0,1,2,1,1,4,1,2,0,0,0,0
0,1,0,0,4,3,0,2,2,2,0,0,0,0
1,1,0,0,0,1,1,1,2,1,0,0,0,0
1,0,0,1,0,2,0,4,1,1,0,0,0,0
0,1,0,1,2,0,0,3,1,2,0,0,0,0
1,1,0,1,5,1,1,0,0,0,0,0,0,0
0,0,1,2,1,2,0,3,1,5,0,0,0,0
0,1,0,2,1,2,0,0,0,0,0,0,0,0
1,2,1,0,0,2,2,1,1,1,0,0,0,0
0,0,0,1,0,0,0,1,2,3,0,0,0,0
0,0,0,0,2,1,1,1,0,0,0,0,0,0
1,0,1,1,3,1,0,0,0,0,0,0,0,0
3,0,2,1,0,2,2,1,0,0,0,0,0,0
0,0,0,2,1,1,1,2,1,3,0,0,0,0
0,2,1,0,0,2,0,2,2,3,0,0,0,0
4,1,1,0,0,3,1,2,0,0,0,0,0,0
0,0,1,1,1,3,5,1,2,2,0,0,0,0
2,1,0,1,1,1,1,2,0,0,0,0,0,0
1,0,0,1,2,2,0,0,0,0,0,0,0,0
0,0,0,1,1,0,0,2,1,4,0,0,0,0
0,1,0,2,1,0,1,1,1,2,0,0,0,0
2,1,0,0,1,0,0,1,2,2,0,0,0,0
1,0,0,1,2,2,0,0,0,0,0,0,0,0
2,1,0,3,2,0,0,4,1,2,0,0,0,0
1,1,1,5,1,4,4,2,3,3,0,0,0,0
0,0,0,1,0,2,0,1,1,3,0,0,0,0
0,0,0,0,1,2,0,1,2,2,0,0,0,0
4,2,2,0,2,3,4,1,2,1,0,0,0,0
0,1,1,1,0,3,3,4,1,3,0,0,0,0
0,2,0,0,4,1,1,1,0,0,0,0,0,0
0,0,1,3,2,2,1,0,0,0,0,0,0,0
5,0,0,3,1,2,2,1,2,4,0,0,0,0
0,0,0,0,1,1,1,3,1,2,0,0,0,0
0,0,1,0,1,1,0,2,2,3,0,0,0,0
0,2,1,1,1,2,0,0,0,0,0,0,0,0
2,3,0,1,0,1,1,2,1,1,0,0,0,0
0,0,0,0,2,3,0,0,0,0,0,0,0,0
0,1,0,3,1,1,0,0,0,0,0,0,0,0
0,0,1,2,2,2,2,1,0,0,0,0,0,0
0,0,1,0,0,0,1,0,1,4,0,0,0,0
0,0,1,1,2,1,1,1,2,1,0,0,0,0
2,0,1,2,2,1,1,4,3,5,0,0,0,0
0,1,0,0,2,3,0,0,0,0,0,0,0,0
1,0,1,1,1,2,0,0,0,0,0,0,0,0
0,0,1,1,0,0,0,2,2,1,0,0,0,0
0,0,0,0,1,2,0,3,1,1,0,0,0,0
0,0,0,1,0,4,2,1,0,0,0,0,0,0
0,0,0,1,2,2,1,0,0,0,0,0,0,0
1,1,1,0,1,3,2,1,4,1,0,0,0,0
0,1,1,2,2,5,2,1,3,2,0,0,0,0
2,0,0,1,3,1,0,0,2,4,0,0,0,0
0,0,1,0,0,3,3,2,0,0,0,0,0,0
1,0,1,0,1,2,1,2,0,0,0,0,0,0
1,0,2,0,2,1,3,3,0,0,0,0,0,0
0,0,1,3,0,1,0,2,1,2,0,0,0,0
2,0,0,3,0,2,0,4,1,3,0,0,0,0
1,0,1,1,1,2,0,0,0,0,0,0,0,0
3,0,0,3,3,2,1,1,0,0,0,0,0,0
2,1,0,0,1,0,1,3,2,4,0,0,0,0
2,1,1,0,2,3,1,0,0,0,0,0,0,0
1,0,1,2,4,1,1,1,0,0,0,0,0,0
1,0,0,1,4,1,0,0,0,0,0,0,0,0
2,0,0,1,3,1,0,2,1,2,0,0,0,0
0,0,0,0,0,0,1,1,3,3,0,0,0,0
2,0,2,1,1,1,0,0,0,0,0,0,0,0
1,0,1,2,1,3,0,0,0,0,0,0,0,0
2,1,4,2,2,2,1,1,0,0,0,0,0,0
1,0,2,1,1,1,1,0,2,3,0,0,0,0
2,0,1,2,3,1,0,0,0,0,0,0,0,0
1,0,0,3,1,0,1,0,2,6,0,0,0,0
3,1,1,2,0,0,0,0,0,0,0,0,0,0
0,0,0,0,1,1,0,2,1,3,0,0,0,0
2,0,1,2,0,3,1,2,0,0,0,0,0,0
2,0,0,5,0,0,0,0,0,0,0,0,0,0
0,2,0,1,1,3,1,0,0,0,0,0,0,0
3,0,2,1,2,5,2,1,1,1,0,0,0,0
0,1,0,0,2,1,1,0,2,5,0,0,0,0
1,2,1,1,0,0,0,0,0,0,0,0,0,0
3,0,0,1,1,1,2,2,2,1,0,0,0,0
1,0,0,1,2,3,2,1,1,1,0,0,0,0
0,0,2,4,3,1,0,0,0,0,0,0,0,0
3,0,0,1,1,1,2,0,0,0,0,0,0,0
3,1,0,0,1,2,1,3,0,0,0,0,0,0
0,0,1,1,2,3,1,0,3,2,0,0,0,0
0,0,0,1,0,3,2,0,0,0,0,0,0,0
2,1,0,2,2,0,0,2,1,3,0,0,0,0
1,0,1,1,2,2,1,1,4,1,0,0,0,0
0,0,1,2,1,2,1,0,0,0,0,0,0,0
1,0,0,0,3,3,1,2,0,0,0,0,0,0
2,0,1,0,2,3,0,0,0,0,0,0,0,0
1,1,1,0,1,2,1,1,1,1,0,0,0,0
0,0,0,1,4,1,0,0,0,0,0,0,0,0
1,0,1,1,3,1,1,2,1,1,0,0,0,0
3,1,0,1,0,6,1,1,0,0,0,0,0,0
0,2,0,0,3,2,1,2,2,1,0,0,0,0
0,0,0,0,1,3,1,1,0,0,0,0,0,0
2,2,0,1,1,5,2,0,0,0,0,0,0,0
0,1,1,3,2,1,1,1,0,0,0,0,0,0
0,2,0,0,1,0,2,1,1,1,0,0,0,0
0,0,0,0,3,5,0,0,0,0,0,0,0,0
0,0,1,1,1,0,0,0,1,4,0,0,0,0
3,3,0,1,1,5,1,1,0,0,0,0,0,0
0,2,0,4,4,2,0,0,0,0,0,0,0,0
1,0,1,1,1,1,0,3,3,4,0,0,0,0
0,0,1,1,3,3,0,0,0,0,0,0,0,0
0,0,0,1,2,2,0,0,0,0,0,0,0,0
0,1,0,0,3,4,1,1,2,5,0,0,0,0
1,0,0,0,4,1,0,0,0,0,0,0,0,0
1,1,0,1,1,6,0,0,0,0,0,0,0,0
0,1,1,1,1,1,0,0,0,0,0,0,0,0
2,0,1,3,0,3,0,2,2,3,0,0,0,0
3,0,0,3,1,1,1,2,0,0,0,0,0,0
1,0,0,1,3,2,0,0,0,0,0,0,0,0
2,1,0,1,2,2,0,0,0,0,0,0,0,0
5,1,0,2,6,2,2,1,2,1,0,0,0,0
0,1,0,0,2,2,2,2,0,0,0,0,0,0
0,0,0,0,0,0,1,1,1,2,0,0,0,0
0,0,2,1,1,2,1,1,2,2,0,0,0,0
2,0,0,1,2,2,0,2,3,1,0,0,0,0
2,1,0,1,3,0,3,4,3,3,0,0,0,0
2,0,0,1,1,3,0,0,0,0,0,0,0,0
0,0,1,2,2,0,0,0,0,0,0,0,0,0
0,1,1,2,0,0,0,2,2,1,0,0,0,0
0,0,0,1,1,2,1,1,0,0,0,0,0,0
1,0,0,2,1,1,4,1,1,2,0,0,0,0
2,1,1,2,1,1,0,0,0,0,0,0,0,0
1,1,1,2,4,2,0,0,0,0,0,0,0,0
3,2,1,1,1,1,1,1,0,0,0,0,0,0
2,0,0,0,4,1,0,0,3,4,0,0,0,0
1,0,0,1,3,1,1,1,2,1,0,0,0,0
0,0,0,0,3,1,2,1,0,0,0,0,0,0
0,0,0,0,2,3,0,0,0,0,0,0,0,0
4,1,2,0,3,2,1,1,0,0,0,0,0,0
2,0,0,0,0,2,1,2,0,0,0,0,0,0
0,0,0,0,1,4,1,0,0,0,0,0,0,0
5,0,0,0,0,0,0,0,0,0,0,0,0,0
1,2,0,1,7,3,0,1,3,3,0,0,0,0
3,2,2,1,1,4,1,2,1,1,0,0,0,0
1,0,0,1,1,1,0,3,1,2,0,0,0,0
0,0,1,1,1,1,1,0,0,0,0,0,0,0
0,1,0,2,1,2,0,0,0,0,0,0,0,0
0,0,1,2,2,0,2,1,2,1,0,0,0,0
4,2,2,0,3,3,1,1,2,3,0,0,0,0
0,2,2,3,1,1,1,2,0,0,0,0,0,0
0,0,0,1,2,1,1,0,0,0,0,0,0,0
1,1,1,1,2,1,2,1,0,0,0,0,0,0
1,0,1,2,1,3,0,0,0,0,0,0,0,0
0,1,0,1,6,3,2,2,0,5,0,0,0,0
2,0,0,1,0,0,0,0,2,3,0,0,0,0
0,0,0,2,1,2,0,0,0,0,0,0,0,0
0,0,0,1,1,1,1,1,0,0,0,0,0,0
0,1,0,5,3,3,4,4,1,4,0,0,0,0
0,1,0,1,1,3,1,1,0,0,0,0,0,0
2,0,1,0,4,3,1,2,1,3,0,0,0,0
0,2,0,0,1,5,2,5,0,0,0,0,0,0
2,1,0,0,0,1,1,2,1,1,0,0,0,0
2,2,0,0,2,4,1,0,0,0,0,0,0,0
0,0,0,1,1,3,0,0,0,0,0,0,0,0
1,1,0,1,3,3,1,1,2,4,0,0,0,0
0,1,0,2,0,2,0,3,1,1,0,0,0,0
0,1,2,2,2,2,0,0,0,0,0,0,0,0
1,2,0,2,2,1,0,0,0,0,0,0,0,0
2,0,1,2,1,1,1,1,0,0,0,0,0,0
0,0,1,2,2,1,1,1,1,2,0,0,0,0
0,1,0,4,2,0,2,3,0,0,0,0,0,0
2,1,2,1,0,0,0,0,0,0,0,0,0,0
1,1,1,2,3,0,0,3,1,3,0,0,0,0
2,1,2,4,1,2,1,0,2,4,0,0,0,0
0,0,0,0,0,1,1,1,1,1,0,0,0,0
1,0,0,0,0,0,1,1,1,2,0,0,0,0
0,1,0,3,1,1,0,0,0,0,0,0,0,0
0,0,1,2,1,1,0,0,0,0,0,0,0,0
4,0,1,3,4,5,2,2,2,2,0,0,0,0
0,0,0,2,2,1,0,0,0,0,0,0,0,0
2,1,0,0,3,1,1,1,3,2,0,0,0,0
0,0,0,3,2,2,0,0,0,0,0,0,0,0
1,0,0,1,4,2,0,0,0,0,0,0,0,0
0,2,1,0,0,0,0,1,3,2,0,0,0,0
0,0,0,0,1,0,0,1,3,1,0,0,0,0
0,0,0,2,1,2,0,0,0,0,0,0,0,0
2,0,1,1,1,1,1,1,0,0,0,0,0,0
0,0,0,0,2,4,1,3,0,0,0,0,0,0
0,2,1,0,3,3,0,0,0,0,0,0,0,0
2,0,1,4,2,0,0,0,0,0,0,0,0,0
1,0,0,5,1,0,3,2,1,4,0,0,0,0
0,1,1,5,1,1,1,1,0,0,0,0,0,0
1,0,1,4,2,2,0,0,0,0,0,0,0,0
1,1,0,1,3,1,0,0,0,0,0,0,0,0
0,0,0,1,1,1,2,2,0,0,0,0,0,0
0,0,1,1,1,1,1,0,0,0,0,0,0,0
1,0,1,0,3,1,1,0,0,0,0,0,0,0
3,1,1,0,3,4,0,1,1,3,0,0,0,0
1,0,1,1,0,3,1,1,0,0,0,0,0,0
0,8,0,0,0,0,0,7,0,0,0,0,0,0
0,1,0,1,2,1,3,1,1,1,0,0,0,0
0,0,1,2,1,1,0,0,0,0,0,0,0,0
0,1,0,1,0,0,0,1,1,3,0,0,0,0
1,1,0,1,2,2,0,0,0,0,0,0,0,0
0,0,1,1,0,2,0,3,1,2,0,0,0,0
1,0,0,2,2,1,1,1,1,1,0,0,0,0
0,0,0,0,2,3,1,1,0,0,0,0,0,0
1,0,0,4,1,2,0,2,2,1,0,0,0,0
2,1,0,1,1,2,2,1,2,1,0,0,0,0
2,0,0,3,1,3,0,0,0,0,0,0,0,0
3,0,2,2,3,1,1,1,3,3,0,0,0,0
0,1,2,2,0,0,0,0,0,0,0,0,0,0
0,0,2,0,1,1,2,1,0,0,0,0,0,0
0,0,0,2,1,2,0,0,0,0,0,0,0,0
0,0,0,1,3,1,0,0,0,0,0,0,0,0
2,1,1,0,1,2,0,4,1,2,0,0,0,0
1,0,2,1,1,3,0,0,0,0,0,0,0,0
0,0,0,0,1,0,0,1,1,5,0,0,0,0
2,1,2,2,0,0,1,3,3,2,0,0,0,0
0,0,0,1,0,2,0,1,2,2,0,0,0,0
2,0,1,2,5,0,2,1,3,2,0,0,0,0
0,1,0,0,4,0,1,1,1,2,0,0,0,0
3,0,0,2,3,1,0,0,0,0,0,0,0,0
0,0,0,1,2,2,0,0,0,0,0,0,0,0
1,0,0,0,0,4,0,0,4,4,0,0,0,0
0,0,0,3,1,1,1,0,0,0,0,0,0,0
0,0,2,2,2,3,3,0,2,3,0,0,0,0
1,0,0,1,3,1,1,1,1,1,0,0,0,0
1,0,0,0,4,1,3,1,0,0,0,0,0,0
2,0,0,1,4,0,0,0,0,0,0,0,0,0
0,0,1,2,2,1,1,1,0,0,0,0,0,0
0,2,2,1,0,0,0,0,0,0,0,0,0,0
0,0,1,0,1,1,1,0,6,1,0,0,0,0
0,1,0,0,0,0,0,3,1,4,0,0,0,0
1,0,4,2,3,1,2,0,5,3,0,0,0,0
3,1,0,2,2,2,2,1,0,0,0,0,0,0
3,1,1,3,3,2,1,2,0,0,0,0,0,0
2,0,0,1,2,2,0,0,0,0,0,0,0,0
1,0,0,0,0,0,2,2,1,1,0,0,0,0
0,0,0,1,1,2,1,1,1,1,0,0,0,0
0,1,0,2,2,0,0,2,2,1,0,0,0,0
2,0,0,0,1,3,3,1,0,0,0,0,0,0
0,0,2,2,3,3,0,0,0,0,0,0,0,0
0,0,2,1,0,5,2,1,0,0,0,0,0,0
0,0,0,1,3,1,0,0,0,0,0,0,0,0
1,0,0,1,2,2,0,0,0,0,0,0,0,0
1,2,0,1,3,1,2,3,0,0,0,0,0,0
0,0,0,1,3,2,0,0,0,0,0,0,0,0
2,1,1,2,3,4,0,0,0,0,0,0,0,0
2,0,2,0,1,2,0,2,4,1,0,0,0,0
0,1,0,1,3,2,3,1,2,2,0,0,0,0
3,0,1,0,2,3,0,0,0,0,0,0,0,0
0,0,2,0,3,1,1,2,0,0,0,0,0,0
0,0,0,2,2,2,1,2,0,0,0,0,0,0
0,0,0,0,0,1,1,1,1,2,0,0,0,0
1,0,2,2,5,2,0,0,0,0,0,0,0,0
2,0,1,1,2,1,1,2,0,0,0,0,0,0
2,0,3,2,3,5,0,0,0,0,0,0,0,0
0,0,0,0,2,0,4,2,0,0,0,0,0,0
2,1,1,2,1,3,1,4,0,0,0,0,0,0
1,1,0,1,1,2,2,1,1,2,0,0,0,0
1,1,0,3,1,1,0,0,2,3,0,0,0,0
0,1,1,1,0,2,1,1,1,1,0,0,0,0
1,0,0,2,3,1,0,0,0,0,0,0,0,0
5,1,1,1,2,6,1,0,2,3,0,0,0,0
0,1,0,0,3,0,0,3,1,2,0,0,0,0
0,0,0,0,0,3,0,0,3,2,0,0,0,0
1,0,0,2,1,1,1,7,1,1,0,0,0,0
1,0,0,1,0,0,0,2,2,1,0,0,0,0
0,0,0,0,0,0,1,1,2,1,0,0,0,0
0,0,0,1,2,2,0,0,0,0,0,0,0,0
2,0,0,0,2,4,1,2,0,5,0,0,0,0
2,1,1,1,3,0,0,0,0,0,0,0,0,0
0,0,0,0,0,1,1,2,2,1,0,0,0,0
0,0,0,0,0,2,0,3,2,1,0,0,0,0
0,1,0,1,2,1,1,1,0,0,0,0,0,0
0,0,1,3,4,1,0,0,0,0,0,0,0,0
0,0,1,2,2,2,0,0,0,0,0,0,0,0
2,0,0,3,0,5,1,0,0,0,0,0,0,0
0,1,1,1,2,1,0,0,0,0,0,0,0,0
1,0,0,0,5,1,3,1,1,2,0,0,0,0
1,0,2,1,2,2,1,2,0,0,0,0,0,0
0,0,0,0,1,1,2,1,0,0,0,0,0,0
0,0,1,1,3,1,1,3,0,0,0,0,0,0
0,1,1,1,2,2,0,4,1,3,0,0,0,0
0,0,0,1,2,2,0,0,0,0,0,0,0,0
2,0,0,1,0,0,0,1,2,4,0,0,0,0
1,0,0,2,2,3,1,0,0,0,0,0,0,0
3,2,0,2,5,3,3,1,0,0,0,0,0,0
0,0,0,2,3,0,1,0,1,7,0,0,0,0
2,0,1,1,1,5,0,0,1,4,0,0,0,0
2,0,0,0,1,0,0,2,1,2,0,0,0,0
0,0,1,0,3,0,0,3,1,2,0,0,0,0
1,0,2,0,1,0,1,3,2,3,0,0,0,0
1,1,0,1,2,1,0,3,1,1,0,0,0,0
4,0,0,2,1,3,0,0,0,0,0,0,0,0
0,0,0,2,2,2,0,0,0,0,0,0,0,0
0,1,0,1,1,1,1,1,1,1,0,0,0,0
2,1,0,2,1,3,1,0,0,0,0,0,0,0
2,1,0,2,0,4,0,2,1,2,0,0,0,0
0,0,0,1,0,1,2,1,1,1,0,0,0,0
0,3,1,2,0,5,3,3,2,3,0,0,0,0
1,1,1,1,1,2,0,0,0,0,0,0,0,0
2,0,0,1,2,2,1,2,0,0,0,0,0,0
3,1,2,1,1,1,1,0,0,0,0,0,0,0
0,0,0,0,3,2,0,0,0,0,0,0,0,0
0,1,0,3,0,5,2,2,1,1,0,0,0,0
0,0,0,0,2,3,0,0,0,0,0,0,0,0
2,0,0,1,2,3,0,0,0,0,0,0,0,0
1,0,0,0,1,1,2,1,1,2,0,0,0,0
0,0,0,0,0,1,2,2,0,0,0,0,0,0
2,1,0,1,3,1,0,0,0,0,0,0,0,0
1,1,2,1,2,0,1,1,1,3,0,0,0,0
1,0,0,0,4,1,0,0,0,0,0,0,0,0
0,0,2,2,2,1,0,0,0,0,0,0,0,0
0,0,1,1,1,2,0,0,0,0,0,0,0,0
1,1,0,0,1,0,0,4,1,3,0,0,0,0
1,0,1,0,0,1,0,2,2,4,0,0,0,0
2,1,0,2,1,2,1,1,0,0,0,0,0,0
1,0,1,1,2,1,0,0,0,0,0,0,0,0
0,0,2,0,2,2,0,0,0,5,0,0,0,0
3,0,0,2,1,2,0,0,0,0,0,0,0,0
0,0,1,1,1,2,0,0,0,0,0,0,0,0
3,0,0,4,2,1,0,1,2,2,0,0,0,0
2,1,0,0,2,1,1,2,0,0,0,0,0,0
0,0,1,1,2,1,0,1,2,3,0,0,0,0
1,0,0,1,2,3,0,0,0,0,0,0,0,0
2,1,1,1,2,4,2,2,0,0,0,0,0,0
1,0,0,1,0,1,1,1,1,1,0,0,0,0
2,0,1,1,1,3,0,0,0,0,0,0,0,0
0,2,0,3,1,2,1,1,0,0,0,0,0,0
3,0,1,2,1,2,0,0,0,0,0,0,0,0
0,0,0,0,1,0,1,1,2,2,0,0,0,0
1,0,1,1,1,0,1,0,4,3,0,0,0,0
1,1,1,1,3,2,0,0,0,0,0,0,0,0
0,0,0,0,0,1,3,1,0,0,0,0,0,0
0,0,0,0,1,3,0,0,2,3,0,0,0,0
1,1,0,0,3,2,1,1,1,2,0,0,0,0
0,1,0,0,1,1,1,2,0,0,0,0,0,0
0,0,0,0,4,2,0,0,0,0,0,0,0,0
1,0,1,1,1,2,2,2,0,0,0,0,0,0
0,0,0,1,1,0,1,3,3,4,0,0,0,0
0,0,1,2,5,1,0,0,0,0,0,0,0,0
2,0,0,1,1,4,1,2,1,4,0,0,0,0
0,2,0,1,2,2,0,0,0,0,0,0,0,0
3,1,0,4,2,2,1,3,0,0,0,0,0,0
0,0,0,1,1,0,0,0,2,3,0,0,0,0
1,0,1,1,3,1,1,3,0,0,0,0,0,0
0,0,1,0,0,1,1,2,1,1,0,0,0,0
2,0,0,1,0,1,2,1,2,2,0,0,0,0
1,0,2,0,1,0,1,3,1,1,0,0,0,0
1,1,0,4,2,1,0,0,0,0,0,0,0,0
0,0,1,0,0,0,2,3,1,2,0,0,0,0
0,1,0,0,1,2,0,5,0,0,0,0,0,0
1,0,0,0,1,0,2,3,0,0,0,0,0,0
1,0,2,1,1,1,0,0,0,0,0,0,0,0
0,0,2,0,2,4,2,1,0,0,0,0,0,0
1,0,0,1,1,3,0,0,0,0,0,0,0,0
5,0,0,0,0,0,0,0,0,0,0,0,0,0
1,0,0,0,1,1,0,4,2,1,0,0,0,0
0,1,0,2,1,2,1,1,1,10,0,0,0,0
1,0,0,1,1,1,1,1,0,0,0,0,0,0
0,0,0,1,4,0,1,2,1,2,0,0,0,0
0,0,0,2,1,2,0,0,0,0,0,0,0,0
1,0,0,0,1,2,1,1,0,0,0,0,0,0
0,0,1,0,1,0,0,3,1,1,0,0,0,0
0,0,1,0,2,0,1,3,0,5,0,0,0,0
0,1,1,1,5,2,0,0,0,0,0,0,0,0
2,1,0,1,0,1,0,1,1,3,0,0,0,0
1,0,1,0,2,1,1,1,0,0,0,0,0,0
0,0,0,0,1,1,1,2,0,0,0,0,0,0
1,0,0,0,1,2,1,2,0,0,0,0,0,0
0,0,0,1,1,1,0,1,1,3,0,0,0,0
2,0,0,1,3,4,0,0,0,0,0,0,0,0
0,0,1,0,3,2,1,0,0,0,0,0,0,0
0,0,0,0,3,1,2,2,0,0,0,0,0,0
0,0,0,0,1,2,2,1,0,0,0,0,0,0
1,1,1,3,3,1,1,2,1,3,0,0,0,0
2,1,1,1,0,0,0,0,0,0,0,0,0,0
1,0,0,1,3,7,1,5,1,3,0,0,0,0
0,2,1,0,1,0,1,2,2,1,0,0,0,0
2,1,0,1,0,3,1,2,1,1,0,0,0,0
1,0,0,2,1,4,0,3,1,1,0,0,0,0
1,0,1,1,1,2,0,0,0,0,0,0,0,0
0,0,0,1,1,1,2,1,0,0,0,0,0,0
2,1,0,0,1,2,1,1,0,0,0,0,0,0
2,1,3,2,3,1,2,2,0,0,0,0,0,0
1,1,0,0,1,1,3,1,0,0,0,0,0,0
1,0,0,1,3,1,0,0,0,0,0,0,0,0
1,1,0,1,1,2,1,0,0,0,0,0,0,0
0,0,0,2,1,2,0,0,0,0,0,0,0,0
0,0,0,1,0,1,2,2,0,0,0,0,0,0
2,0,0,0,1,4,0,0,0,0,0,0,0,0
0,0,1,1,2,4,3,1,0,0,0,0,0,0
0,0,1,0,3,3,0,4,2,3,0,0,0,0
1,0,2,1,1,1,0,0,0,0,0,0,0,0
2,1,1,1,2,2,1,0,0,0,0,0,0,0
1,1,1,1,0,1,0,3,3,1,0,0,0,0
0,0,0,3,1,0,1,0,1,4,0,0,0,0
1,1,2,1,1,4,0,0,0,0,0,0,0,0
1,3,1,2,1,0,0,0,0,0,0,0,0,0
2,0,1,4,3,1,0,0,0,0,0,0,0,0
0,0,0,0,3,2,0,3,1,1,0,0,0,0
1,2,0,1,1,5,1,1,2,1,0,0,0,0
2,0,0,2,1,2,0,0,0,0,0,0,0,0
1,0,1,0,0,1,1,2,1,1,0,0,0,0
1,1,0,1,1,3,0,0,0,0,0,0,0,0
1,1,1,2,0,0,0,2,1,2,0,0,0,0
0,0,1,1,2,3,0,0,0,0,0,0,0,0
0,0,1,0,1,0,2,3,0,0,0,0,0,0
0,1,0,0,3,2,1,2,1,3,0,0,0,0
2,1,1,1,0,1,1,1,2,1,0,0,0,0
0,0,0,0,2,3,0,0,0,0,0,0,0,0
3,0,2,1,3,1,0,0,0,0,0,0,0,0
3,1,0,1,3,1,0,0,0,0,0,0,0,0
3,0,0,1,1,1,2,1,0,0,0,0,0,0
1,0,0,0,2,1,2,0,0,0,0,0,0,0
0,0,0,0,1,5,0,0,0,0,0,0,0,0
0,0,2,3,1,1,1,0,0,0,0,0,0,0
0,0,0,0,1,4,0,0,0,0,0,0,0,0
2,0,0,0,0,2,1,2,2,1,0,0,0,0
3,1,1,1,0,0,0,0,0,0,0,0,0,0
0,0,1,1,2,1,2,1,0,0,0,0,0,0
2,0,0,2,1,3,1,1,1,1,0,0,0,0
1,0,0,0,11,2,0,2,2,2,0,0,0,0
6,3,2,5,2,7,3,0,1,11,0,0,0,0
1,1,1,1,1,1,0,0,0,0,0,0,0,0
0,0,0,2,2,2,0,0,0,0,0,0,0,0
0,0,0,0,2,1,2,2,0,0,0,0,0,0
0,0,1,3,3,0,0,0,0,0,0,0,0,0
2,1,0,3,0,1,2,3,0,0,0,0,0,0
1,1,2,0,3,0,1,1,1,2,0,0,0,0
0,0,0,1,1,2,0,1,2,3,0,0,0,0
0,0,0,1,3,1,0,0,0,0,0,0,0,0
1,0,0,0,3,0,0,2,1,2,0,0,0,0
0,0,1,1,3,2,0,0,0,0,0,0,0,0
0,2,2,0,2,0,0,2,1,2,0,0,0,0
2,1,1,4,3,3,1,3,0,0,0,0,0,0
0,0,1,2,2,1,0,0,0,0,0,0,0,0
0,0,0,0,1,3,1,0,0,0,0,0,0,0
1,0,2,0,0,2,0,2,5,3,0,0,0,0
1,0,0,2,1,3,2,1,0,0,0,0,0,0
0,0,0,1,2,2,0,0,0,0,0,0,0,0
0,0,0,1,1,1,1,2,3,1,0,0,0,0
1,0,1,2,6,4,0,1,1,3,0,0,0,0
2,0,1,1,2,0,2,3,0,0,0,0,0,0
2,1,1,2,2,2,0,1,1,6,0,0,0,0
3,1,0,3,5,1,1,1,3,1,0,0,0,0
0,1,2,1,3,2,1,0,2,3,0,0,0,0
2,0,1,0,1,0,0,1,2,2,0,0,0,0
0,0,2,2,3,0,0,0,0,0,0,0,0,0
3,1,1,1,1,2,0,1,1,3,0,0,0,0
0,0,0,1,1,3,1,0,0,0,0,0,0,0
0,1,0,0,0,1,2,2,0,0,0,0,0,0
0,0,1,2,3,3,0,0,0,0,0,0,0,0
2,1,2,3,2,1,0,0,0,0,0,0,0,0
1,3,1,7,2,1,2,5,1,9,0,0,0,0
0,0,0,2,0,3,0,0,2,3,0,0,0,0
0,1,0,5,1,1,3,3,3,1,0,0,0,0
3,0,0,0,4,4,2,0,0,0,0,0,0,0
2,1,0,0,0,3,3,2,0,0,0,0,0,0
0,1,0,0,1,2,2,0,0,0,0,0,0,0
2,1,0,3,1,1,0,0,0,0,0,0,0,0
1,1,0,1,3,1,0,0,0,0,0,0,0,0
2,2,0,0,0,4,1,1,0,0,0,0,0,0
0,1,0,2,1,1,1,1,0,0,0,0,0,0
0,1,0,1,3,5,1,3,0,0,0,0,0,0
2,0,1,3,1,1,0,0,0,0,0,0,0,0
0,0,0,1,2,1,1,0,0,0,0,0,0,0
1,0,0,1,3,2,0,0,0,0,0,0,0,0
2,1,2,1,1,3,0,3,1,1,0,0,0,0
0,1,0,0,2,0,0,1,4,1,0,0,0,0
2,1,0,0,0,1,1,2,2,2,0,0,0,0
1,1,0,0,1,0,1,2,1,2,0,0,0,0
2,1,0,2,2,1,1,1,2,1,0,0,0,0
0,0,1,1,2,1,0,0,0,0,0,0,0,0
1,0,0,1,3,0,2,1,1,1,0,0,0,0
0,0,0,1,2,4,0,0,0,0,0,0,0,0
0,1,0,0,2,3,2,0,0,0,0,0,0,0
0,0,0,2,2,4,0,0,0,0,0,0,0,0
0,0,0,1,1,3,0,1,1,3,0,0,0,0
2,3,0,2,1,2,1,6,1,4,0,0,0,0
0,1,0,0,2,0,0,1,2,4,0,0,0,0
2,1,1,0,1,2,1,3,0,0,0,0,0,0
0,2,0,2,5,1,1,0,0,0,0,0,0,0
0,0,0,1,4,2,2,1,0,0,0,0,0,0
2,0,0,0,0,1,1,2,1,1,0,0,0,0
1,2,1,3,0,0,1,1,3,3,0,0,0,0
2,0,0,0,2,3,1,1,0,0,0,0,0,0
0,0,2,1,3,2,1,0,0,0,0,0,0,0
2,0,0,1,4,2,1,0,1,5,0,0,0,0
0,0,1,1,1,1,2,0,0,0,0,0,0,0
2,0,3,1,1,1,0,0,0,0,0,0,0,0
2,1,1,4,3,0,3,4,2,3,0,0,0,0
1,0,0,1,1,0,2,1,2,1,0,0,0,0
2,0,1,2,0,3,2,1,0,0,0,0,0,0
0,2,0,1,0,6,0,5,5,7,0,0,0,0
0,0,0,1,2,1,1,0,0,0,0,0,0,0
0,0,2,1,1,2,0,0,0,0,0,0,0,0
1,0,1,0,1,1,0,2,3,3,0,0,0,0
1,1,2,0,1,1,0,1,1,4,0,0,0,0
0,0,0,3,0,5,0,0,0,0,0,0,0,0
0,0,1,1,2,2,0,0,0,0,0,0,0,0
0,1,0,0,2,2,0,3,1,3,0,0,0,0
1,0,1,0,3,2,0,0,0,0,0,0,0,0
4,0,1,2,7,1,3,0,1,4,0,0,0,0
1,0,1,1,0,2,1,1,2,2,0,0,0,0
0,1,0,1,1,0,1,1,3,1,0,0,0,0
1,0,0,0,1,4,1,0,0,0,0,0,0,0
1,0,0,0,2,5,0,0,0,0,0,0,0,0
0,0,1,1,1,2,0,0,0,0,0,0,0,0
0,1,0,0,1,0,0,0,1,4,0,0,0,0
0,0,1,3,3,0,1,1,2,1,0,0,0,0
1,0,0,4,3,1,4,3,1,2,0,0,0,0
1,0,0,1,1,1,0,0,2,3,0,0,0,0
1,1,0,1,4,1,0,0,0,0,0,0,0,0
1,1,1,2,1,5,2,3,0,0,0,0,0,0
2,0,2,1,0,4,2,5,2,2,0,0,0,0
0,0,0,1,1,3,0,0,0,0,0,0,0,0
3,0,2,0,2,2,2,1,1,1,0,0,0,0
0,0,0,1,3,1,1,1,0,0,0,0,0,0
1,1,0,1,2,2,1,1,1,3,0,0,0,0
0,1,1,1,1,1,0,0,3,3,0,0,0,0
1,0,0,3,3,4,0,0,0,0,0,0,0,0
2,1,2,5,9,4,1,7,2,4,0,0,0,0
0,0,1,1,1,1,2,1,0,0,0,0,0,0
1,2,1,1,2,2,2,1,0,0,0,0,0,0
1,0,0,2,2,3,0,0,0,0,0,0,0,0
1,0,0,1,1,2,2,1,0,5,0,0,0,0
1,1,0,0,1,1,0,1,2,3,0,0,0,0
0,1,0,1,0,2,2,1,0,0,0,0,0,0
3,1,0,2,4,1,1,1,0,0,0,0,0,0
0,0,1,5,0,2,1,2,0,0,0,0,0,0
0,0,0,0,0,1,0,1,1,3,0,0,0,0
2,2,0,2,3,2,1,1,0,0,0,0,0,0
0,0,1,0,1,2,1,1,0,0,0,0,0,0
1,0,1,0,3,3,0,0,0,0,0,0,0,0
1,0,0,1,1,4,0,0,0,0,0,0,0,0
2,0,0,1,2,1,0,2,1,4,0,0,0,0
0,0,1,1,1,3,1,0,0,0,0,0,0,0
0,0,1,1,2,1,0,0,0,0,0,0,0,0
1,0,0,0,1,1,1,2,2,1,0,0,0,0
0,0,0,1,4,1,1,2,1,1,0,0,0,0
0,0,1,4,1,1,2,0,0,0,0,0,0,0
2,0,2,0,1,4,0,0,0,0,0,0,0,0
0,0,0,0,1,2,1,1,0,0,0,0,0,0
0,0,0,3,6,1,0,3,1,2,0,0,0,0
0,0,0,0,1,2,1,2,0,0,0,0,0,0
0,0,0,0,2,2,1,0,0,0,0,0,0,0
0,0,1,0,3,3,1,0,2,3,0,0,0,0
3,3,1,3,0,1,1,2,1,2,0,0,0,0
0,0,0,0,1,1,1,1,2,1,0,0,0,0
0,1,1,1,3,3,0,0,0,0,0,0,0,0
0,0,1,2,1,2,1,0,2,3,0,0,0,0
1,0,0,0,1,3,2,2,1,2,0,0,0,0
0,0,0,2,3,2,0,0,0,0,0,0,0,0
0,0,0,2,0,2,2,3,1,2,0,0,0,0
0,1,0,1,0,3,2,2,0,0,0,0,0,0
0,0,0,0,0,3,1,1,0,0,0,0,0,0
2,0,0,2,2,3,0,0,0,0,0,0,0,0
1,0,0,1,2,1,1,0,0,0,0,0,0,0
2,0,2,1,2,0,0,0,0,0,0,0,0,0
0,0,0,0,1,4,0,0,2,4,0,0,0,0
0,0,3,2,0,0,0,0,0,0,0,0,0,0
0,0,0,0,0,0,2,1,1,3,0,0,0,0
1,0,0,2,0,6,0,1,3,1,0,0,0,0
3,0,0,2,2,1,0,1,2,2,0,0,0,0
0,0,0,0,1,2,2,0,0,0,0,0,0,0
2,2,0,3,2,2,0,2,1,2,0,0,0,0
1,0,1,1,4,4,2,0,0,0,0,0,0,0
0,0,0,2,1,4,2,0,0,0,0,0,0,0
1,0,0,0,0,0,0,2,2,1,0,0,0,0
1,0,0,1,3,1,0,0,0,0,0,0,0,0
0,0,0,0,2,3,2,0,0,0,0,0,0,0
1,1,1,1,1,3,1,1,0,0,0,0,0,0
0,0,0,0,0,0,1,1,1,2,0,0,0,0
0,1,1,0,3,1,1,1,1,1,0,0,0,0
0,2,2,2,1,1,2,2,0,0,0,0,0,0
1,0,2,0,3,2,0,0,0,0,0,0,0,0
0,0,0,0,2,3,0,0,0,0,0,0,0,0
2,0,1,0,1,2,0,2,3,3,0,0,0,0
0,0,0,0,2,3,0,0,0,0,0,0,0,0
2,0,1,2,1,1,2,1,0,0,0,0,0,0
0,0,1,1,1,2,0,3,2,3,0,0,0,0
4,0,0,0,4,1,1,1,0,0,0,0,0,0
0,0,0,2,0,1,1,2,3,3,0,0,0,0
0,1,1,0,2,2,1,2,1,1,0,0,0,0
1,0,0,1,4,5,1,4,0,0,0,0,0,0
1,0,0,0,1,3,0,2,1,6,0,0,0,0
0,1,0,0,1,1,1,2,0,0,0,0,0,0
0,0,0,0,3,1,1,0,0,0,0,0,0,0
1,0,1,3,3,2,2,0,0,0,0,0,0,0
0,0,0,0,1,2,2,0,0,0,0,0,0,0
0,0,1,2,2,0,0,0,0,0,0,0,0,0
0,1,0,1,2,1,1,1,1,2,0,0,0,0
1,1,0,3,1,2,2,2,2,3,0,0,0,0
0,1,0,0,1,2,2,0,0,0,0,0,0,0
1,0,0,1,2,1,0,3,1,2,0,0,0,0
0,0,0,2,1,1,1,0,0,0,0,0,0,0
1,0,0,1,2,2,0,2,2,1,0,0,0,0
0,0,0,1,2,1,1,0,0,0,0,0,0,0
0,0,1,0,0,1,1,2,1,2,0,0,0,0
0,0,0,2,1,3,2,1,1,3,0,0,0,0
2,0,2,0,3,3,1,0,0,0,0,0,0,0
1,1,1,1,3,1,1,0,0,0,0,0,0,0
1,1,0,2,1,1,1,0,0,0,0,0,0,0
0,0,2,1,1,2,3,1,1,1,0,0,0,0
0,0,1,0,3,1,1,3,1,1,0,0,0,0
1,0,1,1,2,2,1,2,2,1,0,0,0,0
0,1,1,0,0,0,2,0,1,4,0,0,0,0
1,0,0,2,2,1,1,0,0,0,0,0,0,0
3,0,0,0,3,1,2,0,4,7,0,0,0,0
0,0,0,0,2,2,1,0,0,0,0,0,0,0
3,0,0,0,3,2,2,1,4,2,0,0,0,0
1,0,0,1,3,2,2,0,0,0,0,0,0,0
0,1,1,1,1,3,1,0,0,0,0,0,0,0
0,1,0,1,2,2,2,0,0,0,0,0,0,0
1,0,0,1,4,0,0,0,0,0,0,0,0,0
1,0,2,1,1,0,0,2,3,1,0,0,0,0
2,2,1,1,3,2,1,0,0,5,0,0,0,0
1,0,0,1,1,2,1,0,0,0,0,0,0,0
2,0,0,1,3,2,1,0,0,0,0,0,0,0
1,0,0,0,0,2,1,1,1,2,0,0,0,0
1,1,1,1,3,0,0,0,0,0,0,0,0,0
1,1,2,1,1,4,2,0,0,0,0,0,0,0
2,0,0,3,2,4,1,0,0,0,0,0,0,0
0,0,0,1,0,4,1,0,0,0,0,0,0,0
1,1,1,2,1,1,1,0,0,0,0,0,0,0
1,0,0,1,1,1,3,0,0,0,0,0,0,0
2,1,0,1,2,2,1,0,0,0,0,0,0,0
0,1,1,0,0,1,0,2,1,2,0,0,0,0
0,0,0,0,1,2,2,0,0,0,0,0,0,0
0,0,1,3,2,0,0,0,0,0,0,0,0,0
1,1,0,1,1,2,2,0,0,0,0,0,0,0
0,0,0,2,1,1,0,1,1,3,0,0,0,0
0,1,0,1,0,1,0,1,4,1,0,0,0,0
2,0,0,2,1,1,1,4,1,2,0,0,0,0
1,0,0,1,2,0,0,3,1,1,0,0,0,0
0,0,1,0,2,2,1,1,3,3,0,0,0,0
0,0,0,0,1,0,1,3,1,4,0,0,0,0
0,0,0,2,1,4,1,1,1,1,0,0,0,0
1,0,1,3,1,0,0,0,0,0,0,0,0,0
0,0,1,1,1,1,1,0,0,0,0,0,0,0
1,1,3,0,3,1,2,3,1,2,0,0,0,0
0,0,1,1,2,2,1,0,0,0,0,0,0,0
0,1,1,1,2,0,0,0,0,0,0,0,0,0
0,2,1,1,1,2,1,0,0,0,0,0,0,0
0,0,0,0,1,2,3,0,0,0,0,0,0,0
0,0,0,0,0,1,3,1,1,2,0,0,0,0
1,1,1,1,2,0,2,2,1,3,0,0,0,0
0,0,0,2,1,2,1,0,0,0,0,0,0,0
2,1,1,4,5,2,2,5,2,3,0,0,0,0
0,0,0,1,0,0,1,2,1,2,0,0,0,0
0,0,0,0,2,0,3,2,1,3,0,0,0,0
0,0,1,0,0,0,0,5,2,2,0,0,0,0
1,0,1,1,1,1,1,4,4,1,0,0,0,0
0,0,0,2,2,1,0,2,2,3,0,0,0,0
1,0,0,3,0,1,1,1,1,1,0,0,0,0
1,1,2,3,2,2,1,0,0,0,0,0,0,0
0,2,0,1,2,2,2,0,3,3,0,0,0,0
0,0,0,0,2,1,4,0,0,0,0,0,0,0
0,1,1,2,2,0,0,0,0,0,0,0,0,0
0,0,0,0,0,0,0,0,2,3,0,0,0,0
2,0,0,0,1,3,1,0,1,4,0,0,0,0
0,0,1,1,0,2,1,1,1,1,0,0,0,0
0,0,0,1,4,0,0,0,0,0,0,0,0,0
1,1,0,4,2,0,2,0,3,2,0,0,0,0
1,0,4,1,1,1,0,1,2,3,0,0,0,0
1,0,0,0,1,0,2,1,1,2,0,0,0,0
1,0,1,2,2,0,0,0,0,0,0,0,0,0
2,2,2,1,2,2,1,0,0,0,0,0,0,0
0,2,1,2,0,0,0,0,0,0,0,0,0,0
0,0,0,0,1,3,1,0,0,0,0,0,0,0
1,1,0,1,3,2,3,0,0,0,0,0,0,0
4,0,1,4,6,1,4,0,0,0,0,0,0,0
0,0,1,1,1,2,2,0,0,0,0,0,0,0
2,1,1,2,1,2,0,1,3,2,0,0,0,0
0,0,1,1,1,1,1,0,0,0,0,0,0,0
0,0,2,2,4,2,2,0,0,0,0,0,0,0
2,0,1,2,0,3,0,6,1,1,0,0,0,0
1,1,0,2,3,1,1,0,0,0,0,0,0,0
1,1,2,1,2,0,0,0,0,0,0,0,0,0
3,1,0,1,2,1,0,2,2,3,0,0,0,0
2,0,2,3,1,1,1,0,0,0,0,0,0,0
0,0,0,0,3,0,2,1,1,3,0,0,0,0
0,0,0,1,2,2,2,1,1,1,0,0,0,0
0,0,3,2,0,3,2,0,0,0,0,0,0,0
0,0,0,0,2,3,0,2,1,2,0,0,0,0
1,3,0,0,1,4,1,0,0,0,0,0,0,0
1,1,1,1,1,3,1,0,0,0,0,0,0,0
1,0,0,1,2,3,1,0,0,0,0,0,0,0
2,0,3,0,3,2,2,0,0,0,0,0,0,0
2,1,0,1,1,2,3,0,0,0,0,0,0,0
0,1,0,1,1,1,2,0,0,0,0,0,0,0
2,2,0,1,3,1,1,0,0,0,0,0,0,0
1,0,0,2,3,2,1,2,1,2,0,0,0,0
0,0,0,1,1,1,2,0,0,0,0,0,0,0
0,0,0,2,3,1,2,0,0,0,0,0,0,0
2,0,0,0,2,2,1,0,0,0,0,0,0,0
0,0,0,0,1,0,0,3,1,2,0,0,0,0
1,0,0,1,5,0,0,0,0,0,0,0,0,0
0,0,0,2,2,2,1,0,0,0,0,0,0,0
0,1,1,3,2,0,0,0,0,0,0,0,0,0
2,2,1,2,1,4,2,0,0,0,0,0,0,0
0,0,1,0,1,0,2,1,1,2,0,0,0,0
1,3,1,0,0,3,1,0,1,4,0,0,0,0
0,1,0,4,1,2,1,0,0,0,0,0,0,0
1,0,0,1,2,1,2,0,0,0,0,0,0,0
1,0,1,0,5,1,2,2,2,1,0,0,0,0
1,0,0,0,2,1,2,0,0,0,0,0,0,0
0,0,0,1,0,2,1,2,1,1,0,0,0,0
1,0,2,2,0,2,0,2,2,2,0,0,0,0
3,0,0,1,1,2,1,0,0,0,0,0,0,0
0,0,0,2,2,1,1,0,0,0,0,0,0,0
2,2,0,2,0,3,2,0,0,0,0,0,0,0
0,0,0,3,2,1,2,0,0,0,0,0,0,0
0,0,1,0,3,1,1,0,0,0,0,0,0,0
0,1,1,2,4,0,1,4,2,1,0,0,0,0
1,0,1,0,2,2,0,1,1,4,0,0,0,0
1,0,1,2,1,1,1,0,0,0,0,0,0,0
1,0,1,2,2,1,1,0,0,0,0,0,0,0
0,0,0,0,2,0,1,2,1,4,0,0,0,0
1,0,4,3,8,4,3,0,0,0,0,0,0,0
0,0,0,1,0,1,0,2,1,2,0,0,0,0
0,0,1,2,2,0,0,0,0,0,0,0,0,0
1,0,1,0,1,0,1,1,3,2,0,0,0,0
1,1,0,1,1,2,1,0,0,0,0,0,0,0
0,0,0,2,1,1,1,0,0,0,0,0,0,0
3,0,0,2,1,1,0,3,1,1,0,0,0,0
0,1,1,3,1,1,1,0,0,0,0,0,0,0
0,0,1,1,4,0,0,0,0,0,0,0,0,0
0,1,0,2,1,1,1,0,0,0,0,0,0,0
0,0,1,1,2,0,1,0,1,5,0,0,0,0
3,0,0,1,6,4,1,0,0,0,0,0,0,0
0,0,1,0,1,2,2,0,0,0,0,0,0,0
0,0,0,0,2,2,2,0,0,0,0,0,0,0
0,1,1,1,1,2,1,0,0,0,0,0,0,0
0,0,0,2,1,1,2,0,0,0,0,0,0,0
0,0,0,1,3,0,0,1,1,3,0,0,0,0
0,0,1,2,0,2,1,3,1,2,0,0,0,0
0,0,0,0,2,2,1,1,1,1,0,0,0,0
0,0,0,1,1,1,3,0,0,0,0,0,0,0
1,0,0,0,3,2,1,0,0,0,0,0,0,0
0,0,0,2,2,1,1,0,0,0,0,0,0,0
1,0,1,0,0,0,0,3,2,1,0,0,0,0
0,0,0,0,0,1,1,1,1,2,0,0,0,0
3,1,1,1,5,4,4,2,3,2,0,0,0,0
0,0,0,2,2,0,0,1,2,2,0,0,0,0
2,0,0,2,0,1,0,2,1,2,0,0,0,0
2,0,0,2,6,0,0,0,0,0,0,0,0,0
2,0,1,2,3,0,0,0,0,0,0,0,0,0
0,0,0,0,1,0,2,1,1,3,0,0,0,0
0,0,0,1,2,2,1,0,0,0,0,0,0,0
2,2,2,2,2,0,0,0,0,0,0,0,0,0
1,0,1,2,2,0,0,0,0,0,0,0,0,0
0,1,1,2,2,0,0,0,0,0,0,0,0,0
1,0,1,0,2,2,3,0,0,0,0,0,0,0
2,1,0,0,0,0,0,1,1,3,0,0,0,0
1,1,1,1,3,3,2,0,0,0,0,0,0,0
1,0,0,3,1,1,1,0,0,0,0,0,0,0
0,0,0,0,4,3,1,0,0,0,0,0,0,0
1,0,2,3,0,0,0,0,0,0,0,0,0,0
0,1,0,1,0,0,2,2,1,5,0,0,0,0
1,0,0,3,2,1,1,1,2,2,0,0,0,0
1,0,1,2,2,0,0,0,0,0,0,0,0,0
2,1,0,1,2,1,1,2,2,5,0,0,0,0
0,1,1,1,2,1,2,0,0,0,0,0,0,0
1,1,0,0,0,3,3,0,0,0,0,0,0,0
0,1,0,1,2,3,1,1,1,1,0,0,0,0
0,0,1,1,1,1,1,0,0,0,0,0,0,0
1,0,1,0,2,2,1,0,0,0,0,0,0,0
0,0,0,1,3,2,2,0,0,0,0,0,0,0
1,0,2,1,1,1,1,0,0,0,0,0,0,0
1,0,0,0,0,4,1,0,0,0,0,0,0,0
0,0,0,0,1,2,1,1,1,1,0,0,0,0
0,0,2,1,2,1,2,0,0,0,0,0,0,0
0,1,0,2,0,3,2,0,0,0,0,0,0,0
1,0,0,3,2,0,0,0,3,4,0,0,0,0
4,1,3,7,7,6,2,3,5,6,0,0,0,0
2,1,0,0,2,2,1,0,0,0,0,0,0,0
1,0,1,2,1,0,1,3,1,4,0,0,0,0
0,0,0,1,3,1,1,4,2,4,0,0,0,0
0,1,0,1,1,1,2,0,0,0,0,0,0,0
1,0,0,1,2,2,1,1,1,4,0,0,0,0
0,1,2,0,2,1,0,1,1,3,0,0,0,0
0,0,0,0,2,2,1,0,0,0,0,0,0,0
0,0,0,2,0,2,0,1,1,3,0,0,0,0
1,0,0,2,4,1,0,2,3,2,0,0,0,0
1,1,2,3,5,6,0,0,0,0,0,0,0,0
0,0,1,0,2,1,2,0,0,0,0,0,0,0
0,1,0,2,1,2,1,0,1,5,0,0,0,0
1,0,0,0,3,1,1,0,0,0,0,0,0,0
2,1,2,2,0,0,0,0,0,0,0,0,0,0
0,0,0,2,2,0,2,1,2,1,0,0,0,0
0,1,2,2,2,1,1,0,0,0,0,0,0,0
2,0,1,1,1,2,1,0,0,0,0,0,0,0
2,0,1,4,5,1,1,1,1,4,0,0,0,0
5,0,2,2,3,2,1,1,2,3,0,0,0,0
2,1,1,1,3,1,1,0,0,0,0,0,0,0
1,0,1,3,1,2,1,0,0,0,0,0,0,0
1,0,0,0,2,2,1,3,1,2,0,0,0,0
1,0,2,0,1,2,2,0,0,0,0,0,0,0
0,0,0,0,3,3,1,0,0,0,0,0,0,0
1,0,0,0,0,0,1,1,1,2,0,0,0,0
0,0,0,0,2,2,1,0,0,0,0,0,0,0
0,0,0,0,3,0,1,2,2,1,0,0,0,0
0,4,0,0,2,4,0,0,0,6,0,0,0,0
0,0,0,0,0,5,1,0,0,0,0,0,0,0
0,0,1,0,0,2,2,3,2,4,0,0,0,0
0,1,2,4,3,0,0,0,0,0,0,0,0,0
0,0,0,1,1,2,1,0,0,0,0,0,0,0
3,0,0,0,0,2,1,1,1,2,0,0,0,0
0,0,2,2,3,6,0,1,3,2,0,0,0,0
1,0,1,0,1,3,3,1,1,1,0,0,0,0
1,1,0,0,3,1,3,0,0,0,0,0,0,0
2,0,0,0,1,2,2,0,0,0,0,0,0,0
1,1,1,1,1,2,1,0,0,0,0,0,0,0
1,0,1,2,0,2,0,1,3,1,0,0,0,0
1,0,0,0,0,5,0,0,0,0,0,0,0,0
1,0,2,2,4,2,0,4,2,1,0,0,0,0
1,0,1,2,1,2,1,0,0,0,0,0,0,0
0,0,0,0,6,6,1,1,1,1,0,0,0,0
0,0,1,1,3,1,1,0,0,0,0,0,0,0
3,0,2,2,1,2,1,0,0,0,0,0,0,0
3,0,1,3,2,3,2,0,0,0,0,0,0,0
0,0,0,1,2,2,1,0,0,0,0,0,0,0
3,0,1,2,3,2,1,0,0,0,0,0,0,0
0,1,0,0,0,4,1,0,0,0,0,0,0,0
1,0,0,1,1,1,0,3,1,1,0,0,0,0
0,0,0,1,1,2,1,0,0,0,0,0,0,0
2,0,0,1,2,3,1,0,0,0,0,0,0,0
0,1,0,1,1,2,1,0,0,0,0,0,0,0
0,0,0,0,1,3,1,3,2,1,0,0,0,0
0,0,1,1,0,1,1,2,1,3,0,0,0,0
0,1,0,1,1,1,1,1,2,2,0,0,0,0
0,0,1,0,1,2,0,2,1,3,0,0,0,0
2,0,1,2,5,1,1,1,4,1,0,0,0,0
1,0,0,3,0,2,0,1,2,5,0,0,0,0
0,0,2,0,1,0,2,2,2,4,0,0,0,0
0,0,0,0,1,4,1,0,0,0,0,0,0,0
0,0,0,1,1,2,1,0,0,0,0,0,0,0
0,1,3,1,2,1,0,1,2,3,0,0,0,0
1,0,0,0,0,0,1,3,2,2,0,0,0,0
1,0,0,0,3,1,1,0,0,0,0,0,0,0
1,3,0,2,1,2,0,2,2,2,0,0,0,0
0,1,3,1,3,1,2,0,0,0,0,0,0,0
0,0,0,2,2,1,2,2,1,2,0,0,0,0
0,0,0,1,2,2,3,0,0,0,0,0,0,0
0,2,1,1,1,0,0,0,0,0,0,0,0,0
0,0,0,3,2,0,0,0,0,0,0,0,0,0
2,1,1,1,6,1,1,7,2,3,0,0,0,0
2,0,1,1,1,1,1,0,0,0,0,0,0,0
1,0,0,1,2,1,2,0,0,0,0,0,0,0
1,1,2,2,4,3,1,0,3,2,0,0,0,0
3,0,1,1,4,0,1,1,1,2,0,0,0,0
1,0,0,1,0,1,1,1,1,1,0,0,0,0
1,1,0,2,3,0,0,0,0,0,0,0,0,0
0,0,0,1,0,0,0,1,1,3,0,0,0,0
1,0,0,0,2,5,0,1,2,3,0,0,0,0
1,0,2,2,0,2,1,1,1,1,0,0,0,0
1,1,0,1,1,2,1,0,0,0,0,0,0,0
0,0,0,2,0,2,1,1,3,1,0,0,0,0
1,1,0,2,1,0,0,3,1,1,0,0,0,0
2,0,0,0,2,1,3,0,0,0,0,0,0,0
0,0,0,2,2,1,1,0,0,0,0,0,0,0
1,0,0,0,1,3,1,0,2,3,0,0,0,0
0,0,0,3,4,1,1,0,0,0,0,0,0,0
5,0,0,0,0,0,0,0,0,0,0,0,0,0
0,0,0,1,2,2,1,0,0,0,0,0,0,0
0,1,0,0,1,3,1,0,0,0,0,0,0,0
0,0,1,1,1,1,4,0,0,0,0,0,0,0
1,0,0,0,2,2,1,0,0,0,0,0,0,0
0,0,0,1,1,2,1,0,0,0,0,0,0,0
0,1,1,0,1,0,0,2,2,1,0,0,0,0
1,0,0,0,1,0,0,0,1,4,0,0,0,0
2,1,1,2,3,5,0,3,2,3,0,0,0,0
1,0,1,1,3,0,0,0,0,0,0,0,0,0
1,2,0,1,1,0,0,2,2,1,0,0,0,0
0,0,0,0,1,0,0,2,3,1,0,0,0,0
1,0,0,0,0,1,0,2,3,1,0,0,0,0
2,1,1,2,1,1,0,0,0,0,0,0,0,0
2,0,1,1,3,1,1,0,0,0,0,0,0,0
1,1,1,1,0,5,2,1,1,2,0,0,0,0
1,1,0,3,2,3,0,0,0,0,0,0,0,0
1,0,0,5,1,1,1,0,0,0,0,0,0,0
2,0,1,1,0,1,2,2,1,1,0,0,0,0
0,1,0,1,1,1,1,2,3,2,0,0,0,0
2,1,0,2,0,3,0,3,3,3,0,0,0,0
0,1,0,3,2,0,1,1,1,4,0,0,0,0
0,0,0,1,1,0,1,2,1,1,0,0,0,0
0,1,0,1,6,2,1,0,0,0,0,0,0,0
0,0,3,0,0,5,5,0,0,0,0,0,0,0
0,0,1,1,3,0,0,0,0,0,0,0,0,0
1,0,0,1,2,4,2,0,0,0,0,0,0,0
1,0,0,4,1,0,0,0,0,0,0,0,0,0
1,2,0,3,2,1,0,1,2,2,0,0,0,0
3,0,0,0,2,2,2,0,0,0,0,0,0,0
0,1,0,0,0,1,1,1,1,1,0,0,0,0
1,0,1,1,4,4,1,0,0,0,0,0,0,0
2,0,0,0,1,3,3,0,0,0,0,0,0,0
0,0,1,1,0,1,0,1,1,4,0,0,0,0
1,0,0,1,4,0,0,0,0,0,0,0,0,0
1,0,0,4,3,1,1,0,0,0,0,0,0,0
3,2,0,1,0,2,0,3,1,2,0,0,0,0
0,0,0,0,1,0,1,4,1,1,0,0,0,0
0,0,1,0,2,2,0,2,1,3,0,0,0,0
0,0,2,2,1,1,1,2,2,2,0,0,0,0
0,0,0,1,1,2,1,0,0,0,0,0,0,0
2,0,0,2,0,0,1,1,2,1,0,0,0,0
1,0,0,4,2,3,1,0,0,0,0,0,0,0
2,0,0,1,4,3,1,1,2,2,0,0,0,0
0,0,1,1,2,0,0,1,2,3,0,0,0,0
0,0,0,4,2,0,0,0,0,0,0,0,0,0
1,2,2,1,4,6,2,0,1,4,0,0,0,0
1,1,1,1,2,0,0,0,0,0,0,0,0,0
0,0,0,2,1,2,1,0,0,0,0,0,0,0
1,0,0,0,0,0,0,1,3,1,0,0,0,0
2,0,1,1,3,0,0,0,0,0,0,0,0,0
0,1,0,3,2,1,2,0,0,0,0,0,0,0
0,0,0,2,1,1,1,0,0,0,0,0,0,0
0,0,1,1,3,1,0,2,2,3,0,0,0,0
1,1,1,1,2,3,1,0,0,0,0,0,0,0
2,0,0,0,3,1,2,1,2,2,0,0,0,0
1,0,0,1,3,1,1,1,2,1,0,0,0,0
3,0,0,1,2,1,1,4,1,4,0,0,0,0
1,2,1,1,1,1,1,0,0,0,0,0,0,0
0,1,0,0,4,1,1,0,0,0,0,0,0,0
0,0,1,2,2,2,1,0,0,0,0,0,0,0
1,0,0,0,0,0,0,3,1,2,0,0,0,0
1,0,1,1,1,1,1,0,0,0,0,0,0,0
0,2,0,0,0,0,0,2,1,2,0,0,0,0
3,1,1,3,1,5,3,1,1,2,0,0,0,0
1,2,1,1,2,0,0,0,0,0,0,0,0,0
0,0,0,0,0,1,2,1,1,1,0,0,0,0
0,0,0,4,2,1,1,3,2,3,0,0,0,0
2,1,0,0,3,3,1,1,1,3,0,0,0,0
0,0,0,0,1,2,2,0,0,0,0,0,0,0
0,0,0,1,0,1,1,2,1,1,0,0,0,0
0,0,0,0,1,1,0,2,1,2,0,0,0,0
1,0,0,0,0,1,2,3,2,2,0,0,0,0
0,0,0,0,0,3,1,2,1,1,0,0,0,0
1,0,0,0,0,1,1,2,1,2,0,0,0,0
1,0,1,0,0,0,0,2,2,2,0,0,0,0
1,0,0,2,1,2,1,0,0,0,0,0,0,0
1,0,0,1,2,1,1,0,0,0,0,0,0,0
0,0,1,1,3,1,1,0,0,0,0,0,0,0
0,0,0,1,2,1,1,0,0,0,0,0,0,0
0,0,0,1,1,2,1,0,0,0,0,0,0,0
2,0,2,2,1,0,0,0,0,0,0,0,0,0
2,1,1,0,5,2,2,0,0,0,0,0,0,0
0,0,0,2,0,0,0,2,2,1,0,0,0,0
1,0,3,0,2,2,1,2,3,1,0,0,0,0
0,0,0,2,1,2,1,0,0,0,0,0,0,0
2,0,0,0,3,1,2,0,0,5,0,0,0,0
1,0,0,4,2,3,1,0,0,0,0,0,0,0
4,2,1,2,1,0,0,1,4,4,0,0,0,0
1,0,1,1,0,3,0,2,2,1,0,0,0,0
1,0,1,2,1,0,0,1,2,3,0,0,0,0
2,1,1,0,2,2,1,0,0,0,0,0,0,0
1,0,1,1,0,0,0,3,1,1,0,0,0,0
0,1,0,1,2,2,1,0,0,0,0,0,0,0
1,0,1,1,1,1,1,0,0,0,0,0,0,0
2,1,0,2,3,2,0,0,0,0,0,0,0,0
0,0,0,0,2,2,1,0,0,0,0,0,0,0
0,1,1,2,0,1,1,0,2,3,0,0,0,0
0,0,0,1,4,1,1,0,0,0,0,0,0,0
0,1,1,1,2,0,0,1,2,2,0,0,0,0
3,2,1,0,2,3,2,0,0,0,0,0,0,0
0,0,0,0,2,1,2,0,0,0,0,0,0,0
0,0,0,2,1,2,0,2,2,1,0,0,0,0
2,1,1,1,1,1,1,0,0,0,0,0,0,0
1,0,0,0,2,2,2,0,0,0,0,0,0,0
0,1,1,3,1,3,0,4,1,3,0,0,0,0
1,0,0,1,4,0,0,0,0,0,0,0,0,0
1,0,1,1,1,3,0,2,2,1,0,0,0,0
2,2,1,2,2,0,0,0,0,0,0,0,0,0
1,0,0,0,2,2,1,0,0,0,0,0,0,0
1,0,2,0,2,1,2,0,0,0,0,0,0,0
0,0,1,1,1,1,2,0,0,0,0,0,0,0
1,1,2,1,2,1,3,3,1,1,0,0,0,0
1,0,0,2,4,0,1,1,1,2,0,0,0,0
1,0,2,1,2,0,0,0,0,0,0,0,0,0
1,1,0,2,1,2,1,0,0,0,0,0,0,0
1,1,2,2,4,0,0,0,0,0,0,0,0,0
0,0,1,2,0,2,3,0,0,0,0,0,0,0
0,0,0,0,0,1,0,1,2,2,0,0,0,0
0,1,1,2,1,0,0,0,0,0,0,0,0,0
0,0,0,1,0,4,1,1,1,2,0,0,0,0
2,0,1,1,6,0,1,2,1,1,0,0,0,0
0,0,0,3,2,2,1,0,0,0,0,0,0,0
2,3,0,0,2,0,2,3,2,1,0,0,0,0
0,2,0,2,4,0,0,0,0,0,0,0,0,0
1,1,0,0,0,2,1,4,2,3,0,0,0,0
0,0,3,1,1,0,0,0,0,0,0,0,0,0
0,1,0,0,3,1,1,0,0,0,0,0,0,0
0,0,0,0,0,2,1,1,1,3,0,0,0,0
0,1,1,2,2,5,2,0,0,0,0,0,0,0
3,0,0,0,2,2,3,0,0,0,0,0,0,0
2,0,0,3,1,1,0,0,0,0,0,0,0,0
3,0,2,1,0,1,1,3,1,3,0,0,0,0
2,0,0,0,0,0,0,2,1,3,0,0,0,0
2,1,0,0,1,4,0,1,2,2,0,0,0,0
0,1,0,1,0,1,0,2,2,1,0,0,0,0
1,1,0,3,2,0,0,0,0,0,0,0,0,0
0,0,0,0,2,2,1,0,0,0,0,0,0,0
0,0,0,0,3,1,0,6,2,4,0,0,0,0
1,0,0,1,2,0,1,1,1,4,0,0,0,0
0,0,0,1,0,0,3,1,1,2,0,0,0,0
0,0,0,0,0,0,2,2,1,1,0,0,0,0
0,0,0,2,1,1,1,0,0,0,0,0,0,0
0,0,0,2,1,1,1,0,0,0,0,0,0,0
0,1,0,2,0,1,0,1,4,4,0,0,0,0
2,0,1,3,1,0,0,0,0,0,0,0,0,0
0,0,2,2,1,1,1,1,1,3,0,0,0,0
1,1,1,2,1,1,1,0,0,0,0,0,0,0
2,0,0,1,0,3,0,1,1,3,0,0,0,0
0,0,1,2,1,1,1,0,0,0,0,0,0,0
0,0,0,0,2,2,2,0,0,0,0,0,0,0
3,0,0,3,1,2,1,0,0,0,0,0,0,0
1,0,0,1,3,0,1,3,1,1,0,0,0,0
0,0,0,0,1,2,2,0,0,0,0,0,0,0
1,0,0,2,2,1,1,0,0,0,0,0,0,0
1,1,0,0,0,0,0,1,1,4,0,0,0,0
0,0,0,0,0,4,2,0,0,0,0,0,0,0
0,0,2,1,2,2,0,1,2,2,0,0,0,0
2,1,0,0,3,3,1,3,2,2,0,0,0,0
1,0,2,1,2,3,1,0,0,0,0,0,0,0
2,0,0,3,1,1,1,1,1,2,0,0,0,0
0,2,0,1,1,2,1,0,0,0,0,0,0,0
0,1,1,0,2,2,1,0,0,0,0,0,0,0
3,0,1,0,3,1,1,0,0,0,0,0,0,0
2,1,1,2,3,0,0,0,0,0,0,0,0,0
1,2,0,0,3,1,1,3,3,4,0,0,0,0
1,0,0,2,1,4,2,1,1,1,0,0,0,0
0,0,0,2,2,1,2,0,0,0,0,0,0,0
1,0,0,0,0,3,2,0,0,0,0,0,0,0
6,2,0,5,1,1,2,6,4,5,0,0,0,0
0,0,0,0,0,1,1,1,1,3,0,0,0,0
1,1,0,1,2,2,0,0,0,0,0,0,0,0
2,0,0,2,2,1,3,0,0,0,0,0,0,0
0,0,1,0,1,0,0,0,2,3,0,0,0,0
2,0,0,1,2,1,1,0,0,0,0,0,0,0
1,1,0,1,1,3,1,0,0,0,0,0,0,0
1,0,0,1,2,2,0,0,0,0,0,0,0,0
4,1,1,2,1,0,0,4,1,1,0,0,0,0
0,1,0,0,0,1,1,1,1,1,0,0,0,0
2,0,2,2,3,2,1,3,1,1,0,0,0,0
4,1,1,2,3,2,2,0,0,0,0,0,0,0
1,0,1,1,2,1,1,0,0,0,0,0,0,0
0,0,1,0,1,2,2,0,0,0,0,0,0,0
1,1,0,1,2,2,4,2,2,1,0,0,0,0
0,0,1,2,2,2,0,2,2,2,0,0,0,0
2,0,2,1,1,3,1,0,0,0,0,0,0,0
0,2,0,0,2,1,0,3,2,1,0,0,0,0
1,1,0,1,3,2,1,1,2,2,0,0,0,0
0,0,0,1,1,1,2,0,0,0,0,0,0,0
0,0,0,0,1,3,1,0,0,0,0,0,0,0
1,1,0,1,1,2,1,0,0,0,0,0,0,0
2,1,0,0,1,3,1,0,0,0,0,0,0,0
0,0,0,0,2,2,1,0,0,0,0,0,0,0
1,0,2,1,3,3,2,0,0,0,0,0,0,0
0,0,0,1,2,0,0,1,2,2,0,0,0,0
0,0,1,3,1,0,0,0,0,0,0,0,0,0
2,1,1,2,5,0,0,1,1,3,0,0,0,0
0,0,2,0,1,0,1,1,2,3,0,0,0,0
3,0,2,1,2,2,1,0,0,0,0,0,0,0
1,0,0,3,3,0,0,0,0,0,0,0,0,0
0,0,0,3,2,0,0,0,0,0,0,0,0,0
2,0,1,1,2,1,2,0,0,0,0,0,0,0
2,0,0,0,2,2,2,0,0,0,0,0,0,0
2,2,1,2,2,3,4,0,0,0,0,0,0,0
2,0,1,2,3,1,1,0,0,0,0,0,0,0
2,2,2,1,2,2,2,0,0,0,0,0,0,0
1,0,0,0,3,1,1,1,1,2,0,0,0,0
1,0,1,1,2,2,1,1,1,2,0,0,0,0
0,0,0,0,1,3,1,1,2,2,0,0,0,0
0,0,2,1,1,1,1,0,0,0,0,0,0,0
1,0,0,0,2,2,2,0,0,0,0,0,0,0
0,1,1,1,1,1,2,1,1,1,0,0,0,0
2,1,0,4,3,5,1,0,0,0,0,0,0,0
0,0,0,1,1,2,1,0,0,0,0,0,0,0
0,0,0,1,1,0,0,2,2,1,0,0,0,0
2,1,3,0,1,2,2,0,0,0,0,0,0,0
1,1,3,11,3,4,3,8,3,10,0,0,0,0
0,0,0,0,2,2,2,0,0,0,0,0,0,0
1,0,0,1,0,0,0,1,2,2,0,0,0,0
0,2,1,0,2,2,2,0,0,0,0,0,0,0
0,1,0,4,1,0,0,0,0,0,0,0,0,0
1,0,1,1,1,2,1,0,0,0,0,0,0,0
3,1,1,2,1,1,1,0,0,0,0,0,0,0
0,1,1,2,2,0,0,0,0,0,0,0,0,0
1,0,0,2,1,3,1,0,0,0,0,0,0,0
1,0,2,1,1,2,0,0,0,0,0,0,0,0
1,0,2,0,3,3,1,1,3,3,0,0,0,0
2,1,1,4,2,3,1,0,0,0,0,0,0,0
0,2,2,2,4,4,1,1,0,5,0,0,0,0
2,2,0,1,0,2,0,1,1,3,0,0,0,0
0,0,0,1,1,2,1,0,0,0,0,0,0,0
2,1,0,1,1,2,1,0,0,0,0,0,0,0
2,2,0,1,8,2,0,3,1,3,0,0,0,0
1,1,1,2,7,2,5,1,2,2,0,0,0,0
1,0,1,4,1,0,0,0,0,0,0,0,0,0
1,0,0,1,2,3,1,0,0,0,0,0,0,0
1,2,1,2,5,1,2,0,0,0,0,0,0,0
0,1,0,2,1,1,1,0,0,0,0,0,0,0
0,1,0,1,1,1,2,0,0,0,0,0,0,0
0,2,0,0,0,0,0,1,3,1,0,0,0,0
1,0,2,1,3,0,0,0,0,0,0,0,0,0
0,1,0,1,3,0,2,1,1,3,0,0,0,0
4,1,0,0,1,4,2,0,0,0,0,0,0,0
0,1,3,2,0,0,0,0,0,0,0,0,0,0
0,0,0,1,1,3,1,0,0,0,0,0,0,0
0,0,0,3,3,2,1,0,0,0,0,0,0,0
3,2,0,4,2,2,1,0,1,4,0,0,0,0
0,0,0,0,1,3,1,0,0,0,0,0,0,0
0,0,0,2,1,0,0,2,3,3,0,0,0,0
0,0,1,1,1,1,1,0,0,0,0,0,0,0
1,0,1,0,4,2,0,2,2,1,0,0,0,0
0,1,0,0,2,1,2,0,0,0,0,0,0,0
5,1,0,0,5,0,0,0,0,0,0,0,0,0
1,0,3,1,2,1,0,5,4,3,0,0,0,0
0,1,0,0,4,1,1,2,2,3,0,0,0,0
2,0,0,1,3,1,1,0,0,0,0,0,0,0
0,0,1,1,1,1,1,0,0,0,0,0,0,0
1,1,0,2,1,1,2,0,0,0,0,0,0,0
2,1,1,1,1,1,1,0,0,0,0,0,0,0
0,1,1,3,3,1,1,0,0,0,0,0,0,0
2,0,1,0,0,1,1,1,1,1,0,0,0,0
1,1,3,2,1,0,3,1,1,1,0,0,0,0
1,1,0,3,2,7,0,3,2,3,0,0,0,0
3,2,2,3,4,3,3,0,0,0,0,0,0,0
2,0,2,1,1,2,1,4,4,4,0,0,0,0
0,0,0,1,2,1,1,0,0,0,0,0,0,0
0,0,0,0,1,3,1,1,1,2,0,0,0,0
1,1,1,0,3,2,2,0,0,0,0,0,0,0
0,1,1,1,3,0,0,0,0,0,0,0,0,0
0,0,0,0,3,2,2,2,3,2,0,0,0,0
0,0,1,1,1,1,1,0,0,0,0,0,0,0
1,0,1,0,2,3,1,0,0,0,0,0,0,0
3,4,1,3,4,2,1,6,4,4,0,0,0,0
0,1,0,2,1,2,1,2,1,3,0,0,0,0
0,0,0,0,0,0,0,0,2,3,0,0,0,0
0,0,1,0,1,3,1,1,1,1,0,0,0,0
0,0,0,1,3,3,3,0,0,0,0,0,0,0
1,0,1,0,2,3,1,0,0,0,0,0,0,0
0,1,0,0,1,3,1,0,0,0,0,0,0,0
0,0,0,0,2,1,2,0,0,0,0,0,0,0
2,1,1,1,0,0,0,0,0,0,0,0,0,0
1,0,0,2,0,1,2,3,1,1,0,0,0,0
1,0,1,0,1,3,2,0,0,0,0,0,0,0
0,0,4,2,3,2,0,0,0,0,0,0,0,0
0,0,0,0,1,0,0,2,1,3,0,0,0,0
0,0,2,2,1,0,4,2,2,2,0,0,0,0
0,0,1,1,3,3,1,0,0,0,0,0,0,0
2,2,0,1,6,0,2,2,0,6,0,0,0,0
0,2,0,1,2,1,0,3,1,7,0,0,0,0
0,0,0,0,2,1,2,0,0,0,0,0,0,0
1,2,1,8,2,3,0,3,1,5,0,0,0,0
1,0,1,1,2,1,0,2,1,3,0,0,0,0
3,1,2,1,1,3,3,0,0,0,0,0,0,0
2,2,0,2,4,0,1,2,2,1,0,0,0,0
0,0,0,1,1,0,2,2,1,1,0,0,0,0
0,0,1,0,2,3,0,4,5,5,0,0,0,0
0,0,0,1,2,0,1,1,2,1,0,0,0,0
0,0,1,0,1,3,1,0,0,0,0,0,0,0
2,0,0,2,4,2,1,0,0,0,0,0,0,0
1,0,1,0,3,1,2,0,0,0,0,0,0,0
0,0,0,0,1,1,1,1,1,1,0,0,0,0
0,0,0,3,4,0,0,0,0,0,0,0,0,0
3,1,0,0,0,0,1,1,2,1,0,0,0,0
0,1,0,0,0,2,3,0,0,0,0,0,0,0
1,0,1,1,0,1,0,3,1,1,0,0,0,0
0,0,1,0,2,2,1,1,3,1,0,0,0,0
0,0,0,1,5,0,0,0,0,0,0,0,0,0
0,2,2,1,3,0,0,0,0,0,0,0,0,0
0,0,0,2,3,3,3,0,0,0,0,0,0,0
3,1,1,1,1,0,0,0,0,0,0,0,0,0
1,1,0,0,0,1,1,2,1,1,0,0,0,0
1,0,1,2,2,3,1,0,0,0,0,0,0,0
1,0,0,0,0,1,1,2,1,2,0,0,0,0
2,0,0,0,2,1,1,1,1,2,0,0,0,0
5,1,0,2,2,1,3,0,0,0,0,0,0,0
0,0,0,2,2,2,1,0,0,0,0,0,0,0
0,0,1,1,1,2,1,0,0,0,0,0,0,0
0,0,0,2,3,0,0,0,0,0,0,0,0,0
0,0,0,0,2,1,3,0,0,0,0,0,0,0
0,0,1,1,1,1,1,3,1,1,0,0,0,0
0,2,1,1,3,2,1,0,0,0,0,0,0,0
1,0,0,2,3,1,1,0,0,0,0,0,0,0
2,0,0,1,1,0,1,2,1,2,0,0,0,0
2,1,1,1,0,0,0,0,0,0,0,0,0,0
1,1,0,4,4,0,0,0,0,0,0,0,0,0
0,0,1,1,1,1,1,0,0,0,0,0,0,0
1,0,0,2,2,2,2,0,0,0,0,0,0,0
0,1,1,0,4,3,2,0,0,0,0,0,0,0
4,0,1,3,0,0,0,2,1,6,0,0,0,0
0,0,0,0,2,0,0,1,2,3,0,0,0,0
0,0,0,0,1,0,0,3,1,1,0,0,0,0
0,0,1,3,1,0,2,5,1,2,0,0,0,0
1,1,2,2,2,2,1,2,2,1,0,0,0,0
1,0,0,1,2,1,1,0,0,0,0,0,0,0
1,0,0,1,1,2,2,0,0,0,0,0,0,0
0,1,1,1,2,0,0,0,0,0,0,0,0,0
2,0,1,1,1,3,2,0,0,0,0,0,0,0
2,2,1,0,8,4,1,1,1,1,0,0,0,0
0,0,2,1,0,0,0,1,1,3,0,0,0,0
3,0,1,1,1,1,1,0,0,0,0,0,0,0
2,0,2,1,3,0,0,0,0,0,0,0,0,0
0,0,0,3,2,2,1,3,1,2,0,0,0,0
0,0,1,1,0,0,4,1,1,2,0,0,0,0
0,0,0,2,4,2,1,0,0,0,0,0,0,0
0,2,0,2,0,0,0,0,3,2,0,0,0,0
0,0,0,1,1,0,1,2,1,1,0,0,0,0
1,0,0,0,1,0,0,2,3,1,0,0,0,0
1,1,0,1,0,5,0,1,2,4,0,0,0,0
1,1,1,2,2,1,2,0,0,0,0,0,0,0
3,0,0,0,3,1,2,1,1,2,0,0,0,0
0,0,1,4,1,0,0,0,0,0,0,0,0,0
0,0,0,0,0,1,0,0,2,3,0,0,0,0
1,0,0,0,1,3,2,0,0,0,0,0,0,0
3,2,2,2,2,0,0,0,0,0,0,0,0,0
1,1,0,1,3,1,3,0,0,0,0,0,0,0
1,0,1,2,3,1,1,4,1,2,0,0,0,0
1,0,1,0,1,3,1,0,0,0,0,0,0,0
3,0,1,4,2,0,1,1,3,2,0,0,0,0
0,0,0,0,3,1,1,0,0,0,0,0,0,0
2,0,0,2,2,4,0,1,2,2,0,0,0,0
0,2,1,1,3,0,1,0,0,5,0,0,0,0
9,1,2,3,14,9,3,3,2,4,0,0,0,0
1,1,0,0,5,2,1,0,0,0,0,0,0,0
1,0,0,2,4,0,0,0,0,0,0,0,0,0
1,1,1,2,0,0,0,0,0,0,0,0,0,0
1,0,0,1,0,0,1,2,1,1,0,0,0,0
1,2,1,0,1,3,2,0,0,0,0,0,0,0
4,0,3,4,3,0,0,3,4,4,0,0,0,0
0,1,1,1,1,2,1,1,1,1,0,0,0,0
0,0,1,1,1,1,1,0,0,0,0,0,0,0
3,1,0,1,3,1,1,0,0,0,0,0,0,0
0,0,0,0,0,4,1,0,1,4,0,0,0,0
0,1,1,2,1,0,0,0,0,0,0,0,0,0
1,2,0,0,1,1,1,1,1,1,0,0,0,0
1,0,0,0,3,0,2,1,3,4,0,0,0,0
0,0,0,0,1,3,1,0,0,0,0,0,0,0
2,4,0,0,2,2,1,5,2,2,0,0,0,0
1,0,1,2,2,0,0,0,0,0,0,0,0,0
7,0,3,0,5,5,1,4,4,1,0,0,0,0
0,1,1,1,3,0,0,0,0,0,0,0,0,0
2,0,3,1,1,3,2,1,3,1,0,0,0,0
1,1,1,1,2,0,0,0,0,0,0,0,0,0
1,1,1,1,1,1,1,0,0,0,0,0,0,0
1,0,1,2,0,1,1,1,3,2,0,0,0,0
0,1,0,1,4,0,0,0,0,0,0,0,0,0
0,0,0,0,1,0,0,1,3,1,0,0,0,0
3,2,0,2,0,1,1,1,2,1,0,0,0,0
1,0,0,1,1,3,1,0,0,0,0,0,0,0
0,0,1,0,2,3,0,6,2,4,0,0,0,0
0,0,2,1,0,0,0,1,2,2,0,0,0,0
0,0,1,0,2,2,1,0,0,0,0,0,0,0
1,0,0,2,1,1,0,1,1,3,0,0,0,0
1,0,0,2,2,4,1,2,2,1,0,0,0,0
0,0,0,0,0,1,1,1,1,1,0,0,0,0
0,0,0,2,3,0,0,0,0,0,0,0,0,0
0,0,1,1,4,1,1,4,1,1,0,0,0,0
3,0,1,3,3,1,1,0,0,0,0,0,0,0
3,1,1,2,1,4,1,2,2,5,0,0,0,0
0,0,1,0,1,2,0,2,1,2,0,0,0,0
0,1,1,3,3,0,0,0,0,0,0,0,0,0
2,1,0,2,1,6,0,3,1,3,0,0,0,0
0,0,1,1,2,0,1,2,1,1,0,0,0,0
1,1,1,3,0,0,0,0,0,0,0,0,0,0
0,0,1,1,1,1,1,0,0,0,0,0,0,0
1,1,1,1,4,0,0,0,0,0,0,0,0,0
0,0,0,3,2,1,2,0,0,0,0,0,0,0
0,1,1,1,2,1,1,0,0,0,0,0,0,0
1,0,2,6,4,5,3,6,1,2,0,0,0,0
0,0,0,1,1,3,1,2,1,4,0,0,0,0
1,0,0,2,2,3,1,0,0,0,0,0,0,0
0,0,0,0,3,0,0,2,1,2,0,0,0,0
0,0,1,1,1,2,1,0,0,0,0,0,0,0
2,1,0,1,3,1,1,1,1,1,0,0,0,0
3,0,1,2,2,1,1,0,0,0,0,0,0,0
0,0,1,3,1,1,1,0,0,0,0,0,0,0
3,1,0,0,3,1,1,0,0,0,0,0,0,0
1,0,1,2,1,3,0,2,3,1,0,0,0,0
0,0,0,1,2,3,1,0,0,0,0,0,0,0
0,0,0,0,0,0,1,1,2,1,0,0,0,0
3,1,2,2,4,3,0,6,1,2,0,0,0,0
0,0,0,0,1,1,0,1,1,3,0,0,0,0
1,2,1,1,4,0,0,0,0,0,0,0,0,0
1,0,1,2,1,4,1,0,0,0,0,0,0,0
2,0,1,1,1,1,1,0,0,0,0,0,0,0
0,0,0,1,2,2,0,1,1,3,0,0,0,0
1,1,0,1,2,1,1,0,0,0,0,0,0,0
1,0,0,1,2,2,1,0,0,0,0,0,0,0
0,0,0,0,2,1,2,0,0,0,0,0,0,0
1,2,1,1,4,3,1,4,1,1,0,0,0,0
0,0,0,0,0,1,1,1,1,2,0,0,0,0
0,1,1,2,2,1,2,0,0,0,0,0,0,0
0,0,1,0,0,0,1,1,1,2,0,0,0,0
0,0,0,0,6,0,0,0,0,0,0,0,0,0
5,0,3,2,2,3,3,2,2,1,0,0,0,0
1,0,0,0,2,2,1,0,0,0,0,0,0,0
0,0,2,0,4,2,2,2,2,3,0,0,0,0
0,0,1,1,1,2,1,0,0,0,0,0,0,0
0,0,1,0,0,2,0,0,0,6,0,0,0,0
0,0,0,1,0,0,1,1,1,2,0,0,0,0
0,1,1,0,1,1,0,2,1,2,0,0,0,0
1,0,0,2,1,2,1,0,0,0,0,0,0,0
1,1,3,0,3,0,2,2,2,1,0,0,0,0
1,0,0,2,1,2,0,1,1,5,0,0,0,0
1,0,1,0,1,4,1,0,0,0,0,0,0,0
0,0,1,2,1,1,2,1,1,3,0,0,0,0
1,0,1,0,1,2,2,0,0,0,0,0,0,0
1,0,0,1,1,2,1,2,1,1,0,0,0,0
2,0,0,0,2,2,2,0,0,0,0,0,0,0
0,0,1,1,1,1,1,0,0,0,0,0,0,0
0,1,4,2,3,1,2,1,3,2,0,0,0,0
2,0,2,1,1,3,1,0,0,0,0,0,0,0
0,0,1,0,1,6,2,0,0,0,0,0,0,0
0,0,0,2,1,2,3,5,1,2,0,0,0,0
0,0,0,0,1,0,1,1,3,2,0,0,0,0
1,3,0,1,2,0,3,2,1,3,0,0,0,0
0,2,0,0,0,0,3,1,1,3,0,0,0,0
0,0,1,0,1,1,1,2,1,1,0,0,0,0
2,0,0,2,0,2,1,1,1,1,0,0,0,0
1,0,1,2,1,1,0,3,1,1,0,0,0,0
0,0,0,0,3,1,1,0,0,0,0,0,0,0
0,0,1,4,2,2,1,0,0,0,0,0,0,0
3,0,0,0,1,3,1,0,0,0,0,0,0,0
0,1,1,3,2,2,1,0,0,0,0,0,0,0
1,0,2,3,2,2,1,1,2,2,0,0,0,0
1,0,0,0,1,3,1,0,0,0,0,0,0,0
0,0,1,0,0,1,0,0,1,5,0,0,0,0
0,0,0,1,1,2,1,0,0,0,0,0,0,0
1,0,1,0,1,3,1,0,0,0,0,0,0,0
2,0,0,1,4,0,0,1,2,2,0,0,0,0
1,1,0,0,3,4,1,0,0,0,0,0,0,0
0,1,0,0,2,1,2,0,0,0,0,0,0,0
2,0,1,2,2,1,1,0,0,0,0,0,0,0
1,1,1,2,2,0,0,0,0,0,0,0,0,0
0,0,1,3,3,2,1,2,1,2,0,0,0,0
1,1,0,1,2,1,2,0,0,0,0,0,0,0
1,0,1,0,0,1,1,1,1,3,0,0,0,0
0,1,0,0,1,0,0,1,1,3,0,0,0,0
2,1,1,1,4,0,0,0,0,0,0,0,0,0
1,1,0,2,1,1,2,0,0,0,0,0,0,0
2,0,2,0,0,2,2,2,1,2,0,0,0,0
0,0,0,1,4,0,0,0,0,0,0,0,0,0
0,2,1,1,1,0,0,0,0,0,0,0,0,0
0,0,0,2,1,1,2,0,0,0,0,0,0,0
1,0,2,3,1,0,0,0,0,0,0,0,0,0
4,1,0,1,4,1,1,0,0,0,0,0,0,0
3,2,0,3,4,2,2,2,3,2,0,0,0,0
0,0,0,0,6,1,2,1,1,3,0,0,0,0
0,0,0,1,3,2,1,0,0,0,0,0,0,0
0,0,0,2,1,1,1,0,0,0,0,0,0,0
1,0,1,2,1,1,1,0,0,0,0,0,0,0
3,0,0,1,2,2,3,2,1,2,0,0,0,0
1,0,0,1,1,2,0,1,0,5,0,0,0,0
1,0,1,3,2,0,0,0,0,0,0,0,0,0
0,1,0,3,1,1,1,0,0,0,0,0,0,0
1,2,1,2,3,0,0,0,0,0,0,0,0,0
1,0,1,2,1,1,2,0,0,0,0,0,0,0
1,0,0,1,1,2,1,0,0,0,0,0,0,0
0,0,2,0,3,2,1,0,0,0,0,0,0,0
0,0,0,2,3,0,0,0,0,0,0,0,0,0
1,0,0,0,5,0,0,0,0,0,0,0,0,0
2,2,1,1,0,0,0,0,0,0,0,0,0,0
1,0,0,1,0,3,2,0,0,0,0,0,0,0
0,0,1,1,1,1,1,0,0,0,0,0,0,0
3,1,0,2,2,4,1,0,0,0,0,0,0,0
1,0,0,0,1,2,1,0,1,4,0,0,0,0
0,0,1,3,1,5,0,0,0,0,0,0,0,0
0,0,1,1,3,0,0,0,0,0,0,0,0,0
1,0,0,1,0,0,1,1,2,2,0,0,0,0
0,0,1,1,1,2,1,0,0,0,0,0,0,0
0,0,0,3,1,2,3,0,0,0,0,0,0,0
1,0,1,2,3,1,2,0,0,0,0,0,0,0
1,0,1,1,2,2,1,0,0,0,0,0,0,0
0,0,1,0,2,2,1,1,1,3,0,0,0,0
1,0,0,0,3,0,1,1,2,1,0,0,0,0
3,1,0,3,0,2,0,3,1,2,0,0,0,0
1,1,1,0,4,2,1,0,0,0,0,0,0,0
0,0,2,0,0,1,3,2,1,1,0,0,0,0
0,2,1,1,2,2,1,0,0,0,0,0,0,0
0,1,1,2,1,2,0,2,2,2,0,0,0,0
2,1,4,4,2,1,1,5,1,2,0,0,0,0
1,0,0,0,0,1,0,2,1,3,0,0,0,0
2,1,1,1,0,2,1,1,1,1,0,0,0,0
1,0,2,2,1,1,0,0,0,0,0,0,0,0
0,0,0,1,3,1,0,0,0,0,0,0,0,0
0,1,1,1,1,2,0,0,0,0,0,0,0,0
1,0,3,2,0,2,2,2,1,2,0,0,0,0
0,1,0,1,1,0,0,2,2,2,0,0,0,0
2,0,0,1,0,2,1,2,2,1,0,0,0,0
0,1,2,0,2,4,3,2,2,2,0,0,0,0
0,1,1,1,3,1,1,2,1,1,0,0,0,0
0,0,0,2,2,3,0,0,0,0,0,0,0,0
0,2,0,2,2,1,1,2,0,5,0,0,0,0
1,1,1,1,2,1,0,0,0,0,0,0,0,0
0,0,0,0,1,0,1,2,1,2,0,0,0,0
1,1,0,0,3,2,2,1,1,2,0,0,0,0
2,0,0,2,3,4,0,0,0,0,0,0,0,0
2,0,0,0,2,4,0,0,0,0,0,0,0,0
0,1,0,1,5,1,0,0,0,0,0,0,0,0
0,0,0,1,0,1,2,3,1,2,0,0,0,0
1,0,0,0,0,0,0,1,2,2,0,0,0,0
1,0,1,1,1,4,0,0,0,0,0,0,0,0
3,3,6,2,8,8,4,1,1,4,0,0,0,0
2,0,0,0,2,3,0,0,0,0,0,0,0,0
1,0,0,1,3,3,0,0,0,0,0,0,0,0
0,1,1,0,3,0,1,0,3,3,0,0,0,0
1,0,0,1,2,2,0,0,0,0,0,0,0,0
1,0,0,0,1,2,1,1,1,1,0,0,0,0
1,0,1,1,1,2,0,0,0,0,0,0,0,0
2,0,1,1,1,5,0,2,1,2,0,0,0,0
1,1,1,0,3,3,0,2,1,3,0,0,0,0
2,0,1,1,1,2,0,0,0,0,0,0,0,0
2,1,0,1,2,0,0,2,1,4,0,0,0,0
0,0,0,0,0,5,0,0,0,0,0,0,0,0
0,0,0,0,0,1,0,2,1,2,0,0,0,0
0,0,1,1,1,2,0,0,0,0,0,0,0,0
2,0,0,1,2,3,0,4,1,1,0,0,0,0
1,1,0,1,1,0,2,1,1,2,0,0,0,0
1,0,0,2,0,2,0,3,1,1,0,0,0,0
1,0,1,0,2,1,1,3,2,1,0,0,0,0
0,1,1,3,4,3,0,1,5,2,0,0,0,0
0,0,0,0,0,2,0,2,1,2,0,0,0,0
3,1,1,2,5,2,0,0,0,0,0,0,0,0
0,0,0,3,3,1,0,0,0,0,0,0,0,0
1,0,0,3,2,2,0,0,0,0,0,0,0,0
0,0,1,2,2,1,0,0,0,0,0,0,0,0
1,0,0,1,0,0,1,1,2,2,0,0,0,0
0,0,0,4,2,1,2,2,1,2,0,0,0,0
0,1,0,2,0,0,1,1,1,6,0,0,0,0
3,1,1,0,4,3,1,4,1,3,0,0,0,0
0,0,0,0,1,1,1,0,1,5,0,0,0,0
2,0,2,0,3,3,0,0,0,0,0,0,0,0
2,1,1,2,1,2,0,0,0,0,0,0,0,0
0,0,1,0,0,2,1,2,1,2,0,0,0,0
0,1,0,1,2,0,1,2,1,2,0,0,0,0
1,1,0,1,2,1,1,1,1,1,0,0,0,0
0,0,1,1,1,9,0,0,0,0,0,0,0,0
1,0,1,1,0,0,1,2,2,2,0,0,0,0
1,0,0,2,4,1,0,0,0,0,0,0,0,0
0,0,0,2,0,0,1,2,1,4,0,0,0,0
0,1,0,1,1,2,1,1,1,6,0,0,0,0
2,0,2,1,1,2,0,0,0,0,0,0,0,0
1,2,1,0,2,2,2,3,1,1,0,0,0,0
0,0,0,0,0,0,0,1,2,3,0,0,0,0
0,0,1,1,4,1,0,0,0,0,0,0,0,0
1,1,1,1,1,3,0,0,0,0,0,0,0,0
2,0,0,2,3,4,0,0,0,0,0,0,0,0
2,1,1,1,1,1,0,3,1,3,0,0,0,0
2,2,3,0,3,4,1,1,1,1,0,0,0,0
1,0,0,1,3,4,1,2,1,1,0,0,0,0
2,0,0,0,1,1,0,3,1,1,0,0,0,0
0,0,0,2,6,3,0,0,0,0,0,0,0,0
0,1,0,2,0,2,0,2,3,2,0,0,0,0
0,0,1,0,2,4,0,0,0,0,0,0,0,0
1,1,0,2,2,2,0,0,0,0,0,0,0,0
0,1,0,0,3,2,0,0,0,0,0,0,0,0
1,0,0,0,1,2,1,2,1,2,0,0,0,0
0,0,5,1,3,1,0,2,2,1,0,0,0,0
0,2,1,1,1,2,0,0,0,0,0,0,0,0
1,0,0,1,1,4,0,0,0,0,0,0,0,0
0,1,1,1,1,2,0,0,0,0,0,0,0,0
2,1,1,3,2,1,0,0,0,0,0,0,0,0
0,0,1,0,1,1,1,2,1,2,0,0,0,0
1,0,1,2,2,1,2,0,1,5,0,0,0,0
0,1,0,2,1,4,0,0,0,0,0,0,0,0
2,0,0,1,3,0,2,1,1,3,0,0,0,0
2,0,1,1,3,3,0,0,0,0,0,0,0,0
0,0,0,1,1,3,0,2,3,3,0,0,0,0
1,0,0,4,2,2,0,3,4,1,0,0,0,0
1,0,0,3,5,2,0,0,0,0,0,0,0,0
0,0,1,0,2,0,1,2,1,1,0,0,0,0
0,0,1,3,0,2,0,0,1,4,0,0,0,0
0,1,0,3,2,1,0,0,0,0,0,0,0,0
1,1,0,1,2,2,0,0,0,0,0,0,0,0
0,0,0,1,3,3,0,0,2,3,0,0,0,0
0,0,1,2,1,1,0,0,0,0,0,0,0,0
3,1,0,1,2,3,0,0,0,0,0,0,0,0
0,0,1,2,1,1,0,0,0,0,0,0,0,0
1,0,0,1,1,3,0,0,0,0,0,0,0,0
0,1,0,2,2,2,0,0,0,0,0,0,0,0
0,0,1,1,1,4,0,0,0,0,0,0,0,0
0,0,1,1,3,1,0,0,0,0,0,0,0,0
0,0,2,1,2,1,0,0,0,0,0,0,0,0
0,0,0,1,3,2,0,0,0,0,0,0,0,0
2,2,1,2,5,4,0,1,3,5,0,0,0,0
1,1,1,1,1,1,0,0,0,0,0,0,0,0
2,0,0,0,0,1,1,3,1,3,0,0,0,0
2,0,0,0,3,2,0,2,2,2,0,0,0,0
1,0,0,1,2,3,0,0,0,0,0,0,0,0
0,0,0,1,4,0,1,0,0,6,0,0,0,0
2,0,0,0,3,1,3,0,3,2,0,0,0,0
0,1,1,0,0,2,1,1,1,1,0,0,0,0
0,1,0,2,1,3,0,0,0,0,0,0,0,0
0,0,1,1,1,2,0,0,0,0,0,0,0,0
1,1,0,0,0,1,0,2,2,2,0,0,0,0
1,0,1,1,3,0,0,3,1,1,0,0,0,0
1,1,0,2,1,0,1,4,2,3,0,0,0,0
1,0,1,1,4,1,0,2,2,2,0,0,0,0
1,0,1,1,0,3,0,1,1,3,0,0,0,0
1,1,1,0,5,3,0,2,1,2,0,0,0,0
0,0,1,1,4,0,0,0,0,0,0,0,0,0
0,0,0,1,1,1,1,1,1,3,0,0,0,0
1,1,0,1,0,0,1,2,1,3,0,0,0,0
0,0,0,0,2,4,0,0,0,0,0,0,0,0
0,1,1,1,1,2,1,2,4,3,0,0,0,0
0,0,0,1,3,0,1,3,1,1,0,0,0,0
2,0,0,0,1,0,0,2,1,2,0,0,0,0
1,0,0,0,1,0,1,3,1,1,0,0,0,0
4,0,3,1,5,5,1,2,3,3,0,0,0,0
2,0,2,0,0,0,0,0,2,3,0,0,0,0
1,0,0,1,2,2,0,0,0,0,0,0,0,0
0,0,0,1,1,0,1,1,1,2,0,0,0,0
1,0,1,0,2,0,1,2,1,2,0,0,0,0
1,1,2,2,1,3,4,0,1,4,0,0,0,0
0,1,0,0,0,1,2,1,2,1,0,0,0,0
5,0,1,0,2,2,0,2,1,3,0,0,0,0
1,0,1,1,1,2,0,0,0,0,0,0,0,0
1,0,1,1,0,1,0,3,1,1,0,0,0,0
1,0,1,0,3,2,0,0,0,0,0,0,0,0
0,0,0,3,0,0,1,0,1,5,0,0,0,0
0,1,1,2,1,3,0,0,0,0,0,0,0,0
0,0,0,2,2,1,0,0,0,0,0,0,0,0
0,0,1,1,0,2,2,2,1,4,0,0,0,0
1,0,0,1,0,0,0,0,0,5,0,0,0,0
0,0,1,0,1,0,1,1,1,2,0,0,0,0
1,0,0,1,2,2,2,1,2,1,0,0,0,0
1,0,1,0,3,2,0,0,0,0,0,0,0,0
0,1,1,3,3,1,1,1,6,2,0,0,0,0
2,1,0,2,4,0,1,4,3,1,0,0,0,0
0,2,0,0,1,6,0,0,0,0,0,0,0,0
1,0,0,1,1,1,2,2,1,2,0,0,0,0
3,1,1,1,0,0,2,1,1,1,0,0,0,0
0,1,0,2,2,1,0,0,0,0,0,0,0,0
4,1,0,2,0,1,0,0,0,5,0,0,0,0
1,0,0,1,1,3,0,0,0,0,0,0,0,0
0,0,2,2,1,2,0,0,0,0,0,0,0,0
1,0,1,2,1,1,0,0,0,0,0,0,0,0
3,1,1,2,2,2,0,0,0,0,0,0,0,0
0,0,0,0,0,0,1,1,3,1,0,0,0,0
2,0,1,0,1,1,0,0,2,3,0,0,0,0
2,0,0,0,2,3,0,0,0,0,0,0,0,0
0,0,1,1,2,2,0,0,0,0,0,0,0,0
1,0,4,0,0,3,3,1,4,2,0,0,0,0
1,0,1,0,0,0,0,2,1,2,0,0,0,0
0,0,1,1,0,0,1,1,1,2,0,0,0,0
3,0,0,1,5,3,0,0,0,0,0,0,0,0
3,0,4,1,4,3,0,0,0,0,0,0,0,0
2,0,0,1,3,2,2,2,2,2,0,0,0,0
3,1,1,1,6,3,1,5,3,2,0,0,0,0
1,0,0,2,1,1,2,1,1,1,0,0,0,0
0,0,0,1,0,1,0,1,3,1,0,0,0,0
1,1,2,3,5,1,0,0,0,0,0,0,0,0
0,0,0,1,3,1,0,0,0,0,0,0,0,0
3,3,2,2,2,7,0,6,1,1,0,0,0,0
2,1,0,1,2,2,1,3,1,3,0,0,0,0
2,0,1,2,1,4,0,0,0,0,0,0,0,0
1,0,0,3,1,2,0,0,0,0,0,0,0,0
0,0,0,1,1,3,0,0,0,0,0,0,0,0
4,0,0,3,2,2,1,4,2,2,0,0,0,0
0,0,0,2,2,2,0,0,0,0,0,0,0,0
0,1,0,3,3,3,2,0,5,1,0,0,0,0
0,0,1,1,1,2,0,0,0,0,0,0,0,0
0,0,0,2,1,2,1,5,1,3,0,0,0,0
1,0,1,2,3,1,0,0,0,0,0,0,0,0
1,0,1,2,2,1,0,0,0,0,0,0,0,0
1,1,0,1,2,2,0,0,0,0,0,0,0,0
1,0,2,1,1,0,0,1,2,2,0,0,0,0
0,1,1,1,2,1,0,0,0,0,0,0,0,0
1,0,2,2,2,2,1,3,2,2,0,0,0,0
1,1,0,3,1,1,0,0,0,0,0,0,0,0
0,0,1,2,2,1,0,0,0,0,0,0,0,0
2,0,0,2,0,1,1,1,1,1,0,0,0,0
1,0,0,1,3,4,0,0,0,0,0,0,0,0
0,0,0,1,1,4,0,0,0,0,0,0,0,0
1,1,2,3,2,2,1,4,1,1,0,0,0,0
0,0,0,0,1,3,1,1,2,1,0,0,0,0
0,0,0,0,2,2,1,2,1,2,0,0,0,0
2,0,0,1,3,1,0,0,0,0,0,0,0,0
1,0,0,0,2,3,0,0,0,0,0,0,0,0
3,1,1,3,4,1,1,0,1,4,0,0,0,0
0,3,3,5,4,3,1,2,1,2,0,0,0,0
1,0,0,1,1,3,0,0,0,0,0,0,0,0
0,0,1,3,0,0,1,1,3,1,0,0,0,0
0,0,0,2,2,5,0,0,0,0,0,0,0,0
2,0,1,6,4,2,1,1,2,2,0,0,0,0
1,0,0,1,1,4,1,1,1,2,0,0,0,0
0,0,0,1,3,2,0,0,0,0,0,0,0,0
0,0,2,0,1,3,1,1,1,4,0,0,0,0
0,0,1,0,2,3,1,1,2,1,0,0,0,0
0,0,0,3,2,1,0,0,0,0,0,0,0,0
0,0,0,1,1,0,0,2,1,3,0,0,0,0
1,0,1,2,0,1,1,2,1,2,0,0,0,0
0,1,0,0,1,1,2,1,2,1,0,0,0,0
0,0,1,0,1,0,1,1,2,2,0,0,0,0
0,0,0,0,4,1,0,0,0,0,0,0,0,0
3,0,0,2,3,2,0,0,0,0,0,0,0,0
1,0,0,3,3,1,0,0,0,0,0,0,0,0
1,1,0,0,1,2,1,1,1,1,0,0,0,0
1,1,1,1,2,2,2,1,1,1,0,0,0,0
0,0,1,3,1,1,0,0,0,0,0,0,0,0
0,0,0,2,2,2,0,0,0,0,0,0,0,0
4,2,0,1,1,4,0,0,0,0,0,0,0,0
1,1,0,0,3,2,0,0,0,0,0,0,0,0
0,0,0,2,2,1,0,0,0,0,0,0,0,0
1,2,1,1,1,3,0,0,0,0,0,0,0,0
0,0,0,0,2,3,2,1,1,2,0,0,0,0
1,2,1,1,3,1,1,5,1,3,0,0,0,0
2,0,0,1,2,1,0,1,1,3,0,0,0,0
0,1,0,2,2,2,0,1,2,3,0,0,0,0
1,0,0,0,3,2,0,0,0,0,0,0,0,0
0,0,2,0,2,3,0,0,0,0,0,0,0,0
0,0,1,0,0,1,0,3,1,1,0,0,0,0
0,0,0,0,3,2,0,0,0,0,0,0,0,0
1,0,2,2,4,2,0,0,0,0,0,0,0,0
1,0,1,0,1,2,1,1,1,3,0,0,0,0
2,0,0,0,0,0,0,3,1,2,0,0,0,0
0,0,0,0,5,1,0,0,0,0,0,0,0,0
2,1,0,0,1,4,0,0,0,0,0,0,0,0
1,1,0,3,1,1,0,0,0,0,0,0,0,0
0,1,0,1,2,2,0,0,3,2,0,0,0,0
3,1,0,1,1,3,0,0,0,0,0,0,0,0
0,2,2,1,2,3,0,0,0,0,0,0,0,0
0,0,0,0,2,1,2,1,1,1,0,0,0,0
0,0,0,0,0,0,2,1,1,1,0,0,0,0
2,1,2,1,2,2,0,4,1,1,0,0,0,0
0,2,3,4,3,4,0,0,0,0,0,0,0,0
0,0,3,0,3,1,2,1,4,3,0,0,0,0
2,0,1,2,1,1,0,0,0,0,0,0,0,0
1,1,0,2,2,1,0,0,0,0,0,0,0,0
1,0,0,1,1,3,0,0,0,0,0,0,0,0
1,0,2,2,1,2,0,1,2,2,0,0,0,0
1,0,1,0,1,4,0,0,0,0,0,0,0,0
2,0,0,0,1,3,0,1,2,2,0,0,0,0
0,0,1,2,2,2,0,0,0,0,0,0,0,0
0,0,0,2,0,2,2,3,1,3,0,0,0,0
4,3,0,5,4,3,0,1,1,5,0,0,0,0
0,1,0,1,0,1,0,3,1,1,0,0,0,0
2,0,1,0,2,3,0,0,0,0,0,0,0,0
1,0,0,0,3,2,0,0,0,0,0,0,0,0
2,1,0,0,2,4,0,0,0,0,0,0,0,0
0,0,1,2,2,1,0,0,0,0,0,0,0,0
2,1,1,2,3,3,0,4,2,1,0,0,0,0
0,0,0,2,2,1,0,0,0,0,0,0,0,0
1,2,1,2,0,2,0,3,1,1,0,0,0,0
3,0,0,1,1,3,0,1,2,2,0,0,0,0
0,1,1,1,0,1,0,2,0,5,0,0,0,0
1,0,0,0,2,0,2,1,1,1,0,0,0,0
0,0,2,0,1,1,1,2,1,2,0,0,0,0
4,0,2,1,1,2,0,0,0,0,0,0,0,0
0,0,0,1,2,2,0,0,0,0,0,0,0,0
1,0,0,0,0,5,0,0,0,0,0,0,0,0
3,0,0,0,3,3,0,5,1,2,0,0,0,0
0,0,0,0,2,3,2,2,1,2,0,0,0,0
3,0,2,0,0,2,1,3,1,1,0,0,0,0
0,0,0,0,1,3,0,1,1,3,0,0,0,0
0,0,0,0,2,3,0,0,0,0,0,0,0,0
1,0,0,0,0,1,1,2,3,1,0,0,0,0
1,0,0,1,0,2,0,2,3,2,0,0,0,0
0,0,1,2,2,2,0,0,0,0,0,0,0,0
1,1,2,2,0,1,1,1,2,1,0,0,0,0
0,3,1,0,1,0,1,0,2,3,0,0,0,0
1,0,2,0,2,3,0,0,0,0,0,0,0,0
0,0,1,2,2,2,0,0,0,0,0,0,0,0
0,2,1,1,1,2,0,0,0,0,0,0,0,0
0,0,0,0,1,1,0,1,1,3,0,0,0,0
0,1,0,2,1,3,0,0,0,0,0,0,0,0
0,1,0,4,2,4,0,0,0,0,0,0,0,0
0,0,1,2,2,1,0,0,0,0,0,0,0,0
1,1,0,3,1,3,0,0,0,0,0,0,0,0
2,0,0,2,2,2,1,2,2,1,0,0,0,0
1,1,0,3,1,3,0,0,0,0,0,0,0,0
1,0,2,2,0,2,2,2,1,1,0,0,0,0
1,0,0,0,3,2,0,0,0,0,0,0,0,0
0,1,0,0,0,0,2,1,1,1,0,0,0,0
1,1,0,1,3,1,0,0,0,0,0,0,0,0
0,0,0,1,3,1,0,0,0,0,0,0,0,0
3,0,1,3,4,2,1,3,1,3,0,0,0,0
2,0,0,0,0,0,0,0,1,4,0,0,0,0
3,2,0,1,3,1,1,1,1,1,0,0,0,0
0,0,2,0,3,3,1,1,1,2,0,0,0,0
0,0,0,0,2,1,0,2,1,2,0,0,0,0
0,0,0,0,2,1,1,3,2,1,0,0,0,0
0,1,0,2,0,3,1,1,3,1,0,0,0,0
1,0,0,1,2,3,0,0,0,0,0,0,0,0
0,0,1,1,3,2,0,0,0,0,0,0,0,0
1,1,0,2,2,1,0,0,0,0,0,0,0,0
0,0,0,0,0,1,1,2,2,1,0,0,0,0
1,0,1,2,2,2,2,2,2,2,0,0,0,0
2,0,0,1,2,3,0,4,2,6,0,0,0,0
0,0,0,0,0,0,0,2,1,3,0,0,0,0
4,3,2,3,4,3,1,2,1,3,0,0,0,0
0,0,0,1,1,3,0,0,0,0,0,0,0,0
3,0,1,2,1,2,0,0,0,0,0,0,0,0
0,0,0,4,2,2,0,0,0,0,0,0,0,0
1,0,0,2,2,2,0,0,1,4,0,0,0,0
0,0,0,0,2,0,1,2,2,3,0,0,0,0
2,0,1,0,3,0,0,1,4,1,0,0,0,0
0,1,2,1,2,1,0,0,0,0,0,0,0,0
1,0,0,0,1,3,0,3,2,1,0,0,0,0
4,0,2,1,3,1,0,0,0,0,0,0,0,0
0,1,0,0,1,4,0,0,0,0,0,0,0,0
0,0,0,0,2,5,0,0,0,0,0,0,0,0
1,0,0,2,2,0,0,2,1,3,0,0,0,0
1,0,0,2,2,2,0,2,1,2,0,0,0,0
0,0,0,0,3,2,0,0,0,0,0,0,0,0
0,1,0,0,4,1,0,0,0,0,0,0,0,0
0,1,2,3,1,2,2,2,1,1,0,0,0,0
3,1,1,4,2,4,3,1,4,1,0,0,0,0
1,1,0,1,1,1,0,0,4,3,0,0,0,0
2,1,2,1,2,1,4,2,3,4,0,0,0,0
3,1,0,1,2,0,2,4,2,2,0,0,0,0
0,0,1,2,0,1,0,2,2,1,0,0,0,0
1,0,0,0,2,3,0,0,0,0,0,0,0,0
1,0,1,1,1,0,0,2,2,2,0,0,0,0
0,0,1,3,3,1,0,0,0,0,0,0,0,0
2,0,1,0,2,1,1,1,1,2,0,0,0,0
1,0,0,2,2,1,0,0,0,0,0,0,0,0
0,0,1,3,2,0,0,1,4,1,0,0,0,0
1,0,1,2,1,2,0,0,0,0,0,0,0,0
0,0,0,2,2,1,0,0,0,0,0,0,0,0
0,0,2,2,2,3,0,0,0,0,0,0,0,0
1,0,0,1,3,2,0,0,0,0,0,0,0,0
0,1,2,3,2,6,0,0,0,0,0,0,0,0
0,0,0,0,1,0,0,2,1,2,0,0,0,0
0,0,0,0,1,1,1,1,2,1,0,0,0,0
0,0,1,1,1,3,0,0,0,0,0,0,0,0
0,0,1,1,0,0,1,0,2,4,0,0,0,0
1,0,0,0,2,3,0,0,0,0,0,0,0,0
0,0,0,0,0,0,0,1,2,2,0,0,0,0
1,0,0,2,2,2,0,0,0,0,0,0,0,0
1,0,0,0,1,2,2,2,2,1,0,0,0,0
0,0,1,0,3,3,0,0,0,0,0,0,0,0
0,0,1,2,3,2,0,0,0,0,0,0,0,0
1,0,0,0,2,4,0,0,0,0,0,0,0,0
0,0,0,1,2,2,0,0,0,0,0,0,0,0
1,0,2,1,2,1,1,1,1,1,0,0,0,0
1,0,1,2,1,1,0,0,0,0,0,0,0,0
0,0,1,1,3,2,1,3,2,4,0,0,0,0
2,0,1,2,1,1,0,0,0,0,0,0,0,0
0,0,0,1,3,1,0,2,1,3,0,0,0,0
0,1,1,0,1,3,1,1,1,1,0,0,0,0
1,0,0,0,2,1,1,3,2,1,0,0,0,0
0,1,0,1,2,2,0,0,0,0,0,0,0,0
1,0,0,1,1,3,0,0,0,0,0,0,0,0
0,0,0,2,2,1,0,0,0,0,0,0,0,0
0,0,0,2,2,3,0,0,0,0,0,0,0,0
0,0,0,0,0,1,0,3,2,1,0,0,0,0
1,1,1,1,1,1,0,0,0,0,0,0,0,0
0,0,1,3,3,1,1,1,1,2,0,0,0,0
0,1,0,1,3,0,1,2,1,1,0,0,0,0
0,1,0,0,0,0,0,1,3,1,0,0,0,0
1,0,1,2,0,1,2,1,2,1,0,0,0,0
3,0,0,0,2,3,0,0,0,0,0,0,0,0
1,1,0,1,1,1,2,1,1,2,0,0,0,0
0,0,0,0,3,2,0,0,0,0,0,0,0,0
1,3,0,1,2,2,0,0,0,0,0,0,0,0
2,0,0,3,1,0,1,1,1,3,0,0,0,0
1,0,3,1,3,1,0,0,0,0,0,0,0,0
0,2,0,0,2,5,0,0,0,0,0,0,0,0
1,0,0,0,0,2,1,1,1,1,0,0,0,0
0,1,0,1,2,1,0,2,1,2,0,0,0,0
3,3,0,1,5,3,1,1,2,2,0,0,0,0
0,0,0,1,2,4,0,0,0,0,0,0,0,0
0,0,1,0,0,2,1,1,4,1,0,0,0,0
1,0,0,1,2,3,0,0,0,0,0,0,0,0
0,0,1,4,0,5,0,0,0,0,0,0,0,0
0,0,1,0,3,5,0,0,0,0,0,0,0,0
0,0,0,0,3,3,0,0,0,0,0,0,0,0
2,0,0,0,1,0,1,2,1,1,0,0,0,0
2,0,1,2,2,1,0,0,0,0,0,0,0,0
0,1,1,0,3,2,0,0,0,0,0,0,0,0
0,0,0,0,1,1,1,1,1,1,0,0,0,0
0,0,0,1,3,1,0,0,0,0,0,0,0,0
0,0,1,2,3,1,0,0,0,0,0,0,0,0
0,1,0,0,1,0,2,1,1,4,0,0,0,0
1,0,1,1,3,0,2,4,1,4,0,0,0,0
1,0,0,3,5,2,2,1,2,2,0,0,0,0
2,1,0,2,3,1,1,2,1,2,0,0,0,0
3,2,2,4,5,2,1,2,1,2,0,0,0,0
1,0,0,0,0,2,0,2,1,3,0,0,0,0
0,0,0,1,0,1,0,2,3,1,0,0,0,0
1,0,1,3,1,1,0,0,0,0,0,0,0,0
0,1,0,0,3,1,1,1,1,4,0,0,0,0
2,1,1,2,2,3,0,0,0,0,0,0,0,0
3,1,0,0,3,2,0,0,0,0,0,0,0,0
2,0,0,3,2,2,0,0,0,0,0,0,0,0
1,0,0,0,1,4,0,0,0,0,0,0,0,0
0,0,0,1,3,1,0,0,0,0,0,0,0,0
2,0,1,1,2,2,0,0,0,0,0,0,0,0
0,2,1,0,3,1,1,1,1,1,0,0,0,0
0,0,1,2,1,5,0,0,0,0,0,0,0,0
1,0,0,0,3,2,0,1,1,3,0,0,0,0
0,1,0,2,1,0,0,3,1,1,0,0,0,0
1,0,1,0,2,0,1,1,1,2,0,0,0,0
1,0,1,1,1,5,0,2,4,2,0,0,0,0
0,0,0,1,2,4,2,6,2,4,0,0,0,0
0,0,0,2,5,3,0,0,0,0,0,0,0,0
0,1,1,1,1,2,0,0,0,0,0,0,0,0
4,1,0,3,2,2,1,1,3,2,0,0,0,0
1,0,1,1,1,2,0,0,0,0,0,0,0,0
0,0,1,1,2,1,0,0,0,0,0,0,0,0
0,0,0,0,0,0,2,1,1,1,0,0,0,0
1,0,1,2,5,4,3,2,2,5,0,0,0,0
1,0,0,0,1,0,1,1,1,2,0,0,0,0
1,1,0,0,2,3,0,0,0,0,0,0,0,0
0,1,1,1,1,3,0,0,0,0,0,0,0,0
0,1,0,0,2,0,0,3,1,1,0,0,0,0
1,0,0,2,1,2,0,0,0,0,0,0,0,0
2,1,0,2,2,2,0,0,0,0,0,0,0,0
0,0,1,1,2,1,0,0,0,0,0,0,0,0
0,0,0,1,1,0,2,1,1,1,0,0,0,0
0,0,1,1,2,1,0,0,0,0,0,0,0,0
2,0,5,3,4,3,1,1,2,1,0,0,0,0
0,0,0,0,1,1,0,0,2,5,0,0,0,0
2,1,0,0,0,0,2,2,1,1,0,0,0,0
2,0,0,3,1,3,0,0,0,0,0,0,0,0
1,1,1,1,3,1,1,1,2,0,0,0,0,0
1,0,0,3,1,2,0,0,0,0,0,0,0,0
2,0,0,1,0,3,1,1,2,0,0,0,0,0
0,0,0,1,2,2,0,0,0,0,0,0,0,0
1,1,1,1,1,1,0,0,0,0,0,0,0,0
0,0,1,1,6,1,0,0,0,0,0,0,0,0
1,1,0,1,1,4,0,2,4,0,0,0,0,0
1,0,0,1,1,1,1,1,1,0,0,0,0,0
0,0,0,1,1,3,0,0,0,0,0,0,0,0
0,0,1,0,0,2,1,2,1,0,0,0,0,0
2,1,0,2,2,5,0,0,0,0,0,0,0,0
0,1,0,0,2,3,0,0,0,0,0,0,0,0
0,0,0,2,2,2,0,0,0,0,0,0,0,0
2,0,0,3,1,1,1,3,2,0,0,0,0,0
1,0,0,1,1,5,0,0,0,0,0,0,0,0
4,1,1,2,1,1,0,0,0,0,0,0,0,0
2,2,2,1,1,1,3,4,3,0,0,0,0,0
0,0,0,1,2,2,0,0,0,0,0,0,0,0
2,1,1,5,6,1,0,0,0,0,0,0,0,0
0,0,2,1,2,2,0,0,0,0,0,0,0,0
0,0,0,0,2,3,0,0,0,0,0,0,0,0
1,0,0,1,0,1,0,4,2,0,0,0,0,0
0,1,0,2,2,3,0,0,0,0,0,0,0,0
2,1,1,0,3,2,0,0,0,0,0,0,0,0
3,0,0,0,0,1,0,2,3,0,0,0,0,0
0,2,0,3,3,0,1,5,1,0,0,0,0,0
0,1,0,0,4,1,0,0,0,0,0,0,0,0
0,1,2,0,1,5,0,0,0,0,0,0,0,0
2,1,0,0,1,4,0,0,0,0,0,0,0,0
0,2,1,1,2,2,0,0,0,0,0,0,0,0
0,0,0,2,1,2,0,0,0,0,0,0,0,0
2,1,0,1,2,2,0,0,0,0,0,0,0,0
0,1,0,1,3,1,0,0,0,0,0,0,0,0
0,0,0,1,1,4,1,3,1,0,0,0,0,0
1,2,0,3,1,1,0,0,0,0,0,0,0,0
2,0,0,2,2,1,0,0,0,0,0,0,0,0
1,0,2,2,1,1,0,0,0,0,0,0,0,0
0,0,1,2,1,6,2,1,1,0,0,0,0,0
1,0,0,4,1,1,0,0,0,0,0,0,0,0
4,1,0,0,0,1,1,1,3,0,0,0,0,0
1,0,0,1,2,2,0,0,0,0,0,0,0,0
3,0,1,2,3,1,1,1,1,0,0,0,0,0
1,1,1,0,0,1,1,2,2,0,0,0,0,0
0,0,0,0,0,0,0,2,3,0,0,0,0,0
3,0,2,0,1,1,1,1,1,0,0,0,0,0
1,0,0,3,2,3,0,0,0,0,0,0,0,0
0,1,0,0,1,1,1,2,2,0,0,0,0,0
0,0,0,2,1,2,0,3,3,0,0,0,0,0
0,0,0,1,1,1,1,1,1,0,0,0,0,0
0,2,0,3,1,4,1,1,2,0,0,0,0,0
1,0,0,2,0,3,1,1,5,0,0,0,0,0
3,1,2,1,2,2,0,0,0,0,0,0,0,0
0,0,0,0,0,1,2,1,1,0,0,0,0,0
0,1,1,1,1,1,0,0,0,0,0,0,0,0
0,0,0,0,2,2,2,2,1,0,0,0,0,0
2,0,1,0,1,2,1,2,1,0,0,0,0,0
0,1,0,3,2,2,0,0,0,0,0,0,0,0
0,0,1,0,0,1,2,1,1,0,0,0,0,0
1,1,0,2,2,1,1,1,1,0,0,0,0,0
0,0,0,1,2,2,0,0,0,0,0,0,0,0
1,0,1,1,0,0,0,1,4,0,0,0,0,0
1,0,0,0,3,0,2,2,1,0,0,0,0,0
3,1,0,0,4,3,1,2,1,0,0,0,0,0
0,1,1,2,1,2,0,0,0,0,0,0,0,0
1,2,1,0,3,3,1,1,1,0,0,0,0,0
0,1,2,3,4,1,0,0,0,0,0,0,0,0
0,1,1,0,4,1,0,0,0,0,0,0,0,0
0,0,0,0,0,9,0,0,0,0,0,0,0,0
0,0,0,1,1,0,1,4,1,0,0,0,0,0
3,1,1,1,3,1,1,2,2,0,0,0,0,0
0,0,1,2,2,2,0,0,0,0,0,0,0,0
0,0,1,2,1,1,0,0,0,0,0,0,0,0
0,2,1,0,4,1,2,2,1,0,0,0,0,0
1,1,0,0,1,2,1,1,1,0,0,0,0,0
0,0,0,1,2,3,0,0,0,0,0,0,0,0
1,0,2,3,2,1,0,0,0,0,0,0,0,0
0,2,1,1,2,1,0,0,0,0,0,0,0,0
1,0,0,2,2,1,0,0,0,0,0,0,0,0
1,0,0,1,2,2,0,0,0,0,0,0,0,0
2,0,0,0,0,0,1,1,3,0,0,0,0,0
0,0,2,2,0,1,1,1,2,0,0,0,0,0
1,0,0,5,0,2,2,5,1,0,0,0,0,0
0,0,1,1,4,1,0,0,0,0,0,0,0,0
0,0,0,0,2,1,2,1,1,0,0,0,0,0
0,1,0,0,2,2,1,2,1,0,0,0,0,0
1,0,0,0,1,2,0,1,4,0,0,0,0,0
1,0,0,1,3,2,0,0,0,0,0,0,0,0
0,1,1,4,2,1,2,3,1,0,0,0,0,0
3,0,1,2,1,1,0,0,0,0,0,0,0,0
1,0,0,0,5,1,2,2,1,0,0,0,0,0
4,0,1,0,1,1,2,1,1,0,0,0,0,0
0,0,0,1,3,1,0,0,0,0,0,0,0,0
1,0,0,3,2,2,0,0,0,0,0,0,0,0
0,0,0,0,3,2,0,0,0,0,0,0,0,0
0,0,4,0,1,5,0,0,0,0,0,0,0,0
1,2,0,3,2,3,0,0,0,0,0,0,0,0
0,0,0,1,2,2,0,0,0,0,0,0,0,0
1,0,1,2,1,1,0,0,0,0,0,0,0,0
1,0,0,0,0,5,0,0,0,0,0,0,0,0
1,0,1,1,0,4,1,1,1,0,0,0,0,0
0,0,1,1,1,2,0,0,0,0,0,0,0,0
0,0,1,2,2,2,0,0,0,0,0,0,0,0
1,1,3,3,2,5,0,0,0,0,0,0,0,0
2,0,0,1,3,1,0,0,0,0,0,0,0,0
2,0,1,1,0,1,3,1,3,0,0,0,0,0
0,0,1,1,3,3,0,0,0,0,0,0,0,0
1,0,2,1,1,1,0,0,0,0,0,0,0,0
1,0,1,2,1,1,0,0,0,0,0,0,0,0
0,0,0,1,3,1,0,0,0,0,0,0,0,0
0,0,0,2,1,2,0,0,0,0,0,0,0,0
1,1,0,2,1,1,2,1,1,0,0,0,0,0
1,0,0,1,0,1,2,1,1,0,0,0,0,0
0,0,2,0,3,2,0,0,0,0,0,0,0,0
0,0,0,2,1,2,0,0,0,0,0,0,0,0
0,0,1,0,2,2,2,4,3,0,0,0,0,0
1,1,0,0,0,1,1,1,2,0,0,0,0,0
0,0,0,1,3,3,0,0,0,0,0,0,0,0
1,0,0,1,2,5,0,0,0,0,0,0,0,0
3,0,1,1,2,1,2,1,2,0,0,0,0,0
4,0,1,3,1,1,0,0,0,0,0,0,0,0
1,0,0,0,0,5,1,2,1,0,0,0,0,0
1,0,0,0,0,1,1,2,1,0,0,0,0,0
0,0,0,1,1,1,1,2,1,0,0,0,0,0
0,0,0,0,0,3,1,2,2,0,0,0,0,0
1,0,0,0,3,2,0,0,0,0,0,0,0,0
0,0,0,1,2,2,0,0,0,0,0,0,0,0
0,1,2,0,0,1,5,1,1,0,0,0,0,0
2,0,0,1,1,0,1,4,1,0,0,0,0,0
0,0,0,0,1,1,1,1,1,0,0,0,0,0
1,0,1,1,2,2,0,0,0,0,0,0,0,0
0,0,1,0,0,2,1,1,1,0,0,0,0,0
1,0,0,1,3,1,0,0,0,0,0,0,0,0
3,0,1,2,3,1,0,0,0,0,0,0,0,0
1,0,0,0,1,2,1,1,2,0,0,0,0,0
0,1,2,2,2,1,0,0,0,0,0,0,0,0
5,2,0,1,4,2,0,0,0,0,0,0,0,0
0,1,1,2,1,0,2,2,1,0,0,0,0,0
2,1,1,2,1,0,3,1,2,0,0,0,0,0
2,0,1,1,1,3,0,0,0,0,0,0,0,0
0,0,0,0,1,1,1,1,1,0,0,0,0,0
0,0,1,1,1,1,1,3,1,0,0,0,0,0
0,0,0,0,2,1,2,2,1,0,0,0,0,0
0,0,0,1,0,2,1,2,1,0,0,0,0,0
1,2,1,4,2,4,1,2,1,0,0,0,0,0
0,0,2,0,0,0,0,3,2,0,0,0,0,0
2,1,0,0,8,2,1,3,5,0,0,0,0,0
0,0,1,1,2,1,0,0,0,0,0,0,0,0
0,0,1,1,3,1,0,0,0,0,0,0,0,0
1,1,0,1,0,2,1,1,1,0,0,0,0,0
1,0,0,0,2,0,2,2,1,0,0,0,0,0
1,0,0,1,0,4,2,4,1,0,0,0,0,0
1,0,1,1,2,2,0,0,0,0,0,0,0,0
1,0,1,1,1,1,2,1,2,0,0,0,0,0
2,0,0,0,2,2,1,1,1,0,0,0,0,0
2,0,0,4,2,1,0,0,0,0,0,0,0,0
2,0,0,2,1,2,0,0,0,0,0,0,0,0
0,0,1,3,1,2,0,0,0,0,0,0,0,0
0,0,0,4,1,6,0,0,0,0,0,0,0,0
2,1,0,2,1,0,2,3,1,0,0,0,0,0
0,0,2,0,2,3,0,0,0,0,0,0,0,0
0,0,1,1,3,2,0,0,0,0,0,0,0,0
2,2,1,0,0,3,1,2,2,0,0,0,0,0
2,0,0,2,2,1,0,0,0,0,0,0,0,0
0,0,1,1,1,2,0,0,0,0,0,0,0,0
1,2,1,2,2,3,0,0,0,0,0,0,0,0
1,0,1,0,3,2,2,1,3,0,0,0,0,0
2,0,1,2,1,4,1,2,1,0,0,0,0,0
0,0,2,1,5,2,0,4,1,0,0,0,0,0
1,1,2,0,3,1,1,1,1,0,0,0,0,0
1,0,0,3,2,1,1,1,2,0,0,0,0,0
0,0,0,2,1,3,0,0,0,0,0,0,0,0
1,0,0,1,2,4,0,3,2,0,0,0,0,0
2,1,0,1,3,1,0,0,0,0,0,0,0,0
0,0,0,1,2,3,0,0,0,0,0,0,0,0
0,0,2,2,1,1,1,1,3,0,0,0,0,0
0,0,0,0,0,1,2,2,1,0,0,0,0,0
0,1,1,0,2,4,0,0,0,0,0,0,0,0
0,0,0,4,1,3,1,1,1,0,0,0,0,0
3,1,0,3,2,0,1,4,1,0,0,0,0,0
1,0,0,0,5,1,0,0,0,0,0,0,0,0
2,1,1,2,1,0,0,4,1,0,0,0,0,0
1,0,0,1,3,1,0,0,0,0,0,0,0,0
0,0,0,0,2,0,6,5,1,0,0,0,0,0
0,0,0,0,2,1,1,1,2,0,0,0,0,0
1,1,1,0,1,1,0,2,4,0,0,0,0,0
1,0,0,0,1,0,0,4,1,0,0,0,0,0
0,0,0,0,0,0,0,3,2,0,0,0,0,0
5,0,0,0,0,1,2,1,1,0,0,0,0,0
1,0,0,1,1,4,1,1,1,0,0,0,0,0
0,0,0,0,3,2,0,0,0,0,0,0,0,0
0,0,0,0,0,2,1,1,1,0,0,0,0,0
1,1,0,0,2,0,0,3,2,0,0,0,0,0
0,0,0,3,2,1,0,0,0,0,0,0,0,0
0,1,1,0,0,1,2,2,1,0,0,0,0,0
2,0,0,4,3,2,0,0,0,0,0,0,0,0
0,1,0,0,0,2,1,2,2,0,0,0,0,0
2,1,1,1,1,3,0,0,0,0,0,0,0,0
1,0,0,1,4,1,0,0,0,0,0,0,0,0
0,2,0,1,0,3,1,1,1,0,0,0,0,0
0,0,2,0,1,0,4,1,1,0,0,0,0,0
3,0,1,4,2,4,2,1,2,0,0,0,0,0
2,1,0,1,4,2,0,0,0,0,0,0,0,0
0,0,0,2,1,3,0,0,0,0,0,0,0,0
3,1,0,0,1,4,0,0,0,0,0,0,0,0
0,0,1,1,3,3,0,0,0,0,0,0,0,0
0,0,0,0,2,2,3,1,2,0,0,0,0,0
1,0,1,1,1,2,1,4,1,0,0,0,0,0
2,0,2,0,4,4,0,5,1,0,0,0,0,0
1,1,1,1,0,2,2,2,1,0,0,0,0,0
2,0,0,1,3,2,2,2,6,0,0,0,0,0
0,1,1,2,1,3,0,0,0,0,0,0,0,0
1,0,0,3,1,3,0,0,0,0,0,0,0,0
0,0,0,0,4,2,0,0,0,0,0,0,0,0
2,2,0,3,1,1,0,1,4,0,0,0,0,0
0,0,2,2,2,4,2,3,1,0,0,0,0,0
0,0,1,1,2,1,0,0,0,0,0,0,0,0
1,0,1,1,2,1,0,0,0,0,0,0,0,0
1,0,0,3,1,1,0,0,0,0,0,0,0,0
4,1,1,1,2,0,0,0,0,0,0,0,0,0
0,0,1,0,3,0,0,4,1,0,0,0,0,0
0,0,3,1,1,1,3,2,1,0,0,0,0,0
0,1,1,1,1,4,1,4,1,0,0,0,0,0
0,0,0,0,1,1,1,1,1,0,0,0,0,0
0,0,0,2,2,4,0,0,0,0,0,0,0,0
0,0,1,1,1,2,0,0,0,0,0,0,0,0
1,1,2,0,1,3,2,2,1,0,0,0,0,0
0,0,0,4,1,2,0,0,0,0,0,0,0,0
1,0,0,1,2,2,0,0,0,0,0,0,0,0
2,0,0,1,1,1,1,4,1,0,0,0,0,0
0,1,0,2,1,2,0,0,0,0,0,0,0,0
3,0,1,0,1,1,1,1,2,0,0,0,0,0
0,1,1,1,1,1,0,0,0,0,0,0,0,0
0,1,0,2,4,1,0,0,0,0,0,0,0,0
2,0,2,2,1,4,0,0,0,0,0,0,0,0
1,0,0,1,0,1,1,3,1,0,0,0,0,0
0,0,0,0,0,0,0,0,8,0,0,0,0,0
0,0,0,0,1,0,1,2,3,0,0,0,0,0
2,0,1,1,2,1,2,1,4,0,0,0,0,0
0,1,1,3,0,0,1,3,3,0,0,0,0,0
0,1,1,2,4,3,1,2,1,0,0,0,0,0
0,0,0,2,1,4,0,0,0,0,0,0,0,0
0,1,1,2,2,6,0,0,0,0,0,0,0,0
2,1,1,2,1,3,0,3,3,0,0,0,0,0
0,0,0,1,2,2,0,0,0,0,0,0,0,0
0,0,0,0,1,0,0,3,2,0,0,0,0,0
0,0,2,4,2,2,0,0,0,0,0,0,0,0
0,2,1,2,2,1,0,0,0,0,0,0,0,0
0,0,0,0,1,3,2,1,1,0,0,0,0,0
0,1,1,2,5,1,0,0,0,0,0,0,0,0
3,1,0,0,3,3,2,1,2,0,0,0,0,0
0,0,0,1,2,3,0,0,0,0,0,0,0,0
1,1,0,0,1,1,1,2,1,0,0,0,0,0
1,0,0,1,1,5,0,0,0,0,0,0,0,0
2,0,1,1,2,1,1,1,1,0,0,0,0,0
0,0,0,0,1,1,1,3,2,0,0,0,0,0
3,0,0,3,2,2,0,0,0,0,0,0,0,0
3,1,3,1,1,2,0,0,0,0,0,0,0,0
0,0,0,0,1,1,0,3,2,0,0,0,0,0
3,1,1,0,2,1,2,1,2,0,0,0,0,0
0,1,1,0,0,0,0,4,1,0,0,0,0,0
2,0,0,1,1,1,0,2,3,0,0,0,0,0
0,0,0,3,1,1,0,0,0,0,0,0,0,0
0,0,0,1,1,3,0,0,0,0,0,0,0,0
0,0,0,1,3,2,0,0,0,0,0,0,0,0
2,2,0,3,3,2,0,0,0,0,0,0,0,0
1,0,0,2,1,2,0,0,0,0,0,0,0,0
1,0,0,0,2,2,2,1,1,0,0,0,0,0
0,0,1,2,2,3,0,0,0,0,0,0,0,0
0,0,0,0,0,1,2,1,1,0,0,0,0,0
0,0,0,0,3,3,0,0,0,0,0,0,0,0
1,0,1,1,2,3,0,0,0,0,0,0,0,0
0,2,0,1,2,3,0,0,0,0,0,0,0,0
0,1,1,0,3,2,0,0,0,0,0,0,0,0
1,1,0,0,0,2,1,1,2,0,0,0,0,0
0,0,1,1,1,3,0,0,0,0,0,0,0,0
0,1,1,0,4,3,1,1,1,0,0,0,0,0
1,3,1,3,1,1,0,0,0,0,0,0,0,0
1,1,1,3,1,2,2,1,2,0,0,0,0,0
1,3,1,1,3,1,0,0,0,0,0,0,0,0
0,0,0,0,1,1,1,1,2,0,0,0,0,0
0,1,2,0,1,4,1,1,1,0,0,0,0,0
2,0,1,1,3,2,0,0,0,0,0,0,0,0
0,0,0,1,2,2,0,0,0,0,0,0,0,0
0,0,0,1,2,2,0,0,0,0,0,0,0,0
1,1,0,1,0,0,2,2,2,0,0,0,0,0
1,0,0,1,0,1,2,1,1,0,0,0,0,0
1,1,0,3,2,3,0,0,0,0,0,0,0,0
0,0,0,0,0,1,0,3,2,0,0,0,0,0
0,0,0,0,1,2,1,1,1,0,0,0,0,0
2,0,0,0,2,1,1,1,2,0,0,0,0,0
0,0,0,0,0,1,2,1,2,0,0,0,0,0
1,0,1,0,0,1,1,2,3,0,0,0,0,0
2,0,1,1,2,2,0,0,0,0,0,0,0,0
0,0,0,1,2,0,1,3,1,0,0,0,0,0
0,0,0,2,2,3,0,0,0,0,0,0,0,0
0,0,1,2,1,2,0,0,0,0,0,0,0,0
1,0,0,1,3,3,0,0,0,0,0,0,0,0
2,1,1,1,1,3,1,1,2,0,0,0,0,0
2,0,1,0,0,1,1,2,1,0,0,0,0,0
0,1,1,0,0,0,2,2,2,0,0,0,0,0
1,0,1,2,2,1,0,0,0,0,0,0,0,0
0,0,0,1,1,1,1,1,1,0,0,0,0,0
1,0,0,0,1,1,0,1,5,0,0,0,0,0
2,2,1,1,2,1,0,0,0,0,0,0,0,0
2,0,2,0,3,3,0,0,0,0,0,0,0,0
0,0,0,3,1,1,0,0,0,0,0,0,0,0
0,0,0,1,3,3,0,0,0,0,0,0,0,0
1,1,0,1,2,2,0,0,0,0,0,0,0,0
0,5,1,1,2,6,0,0,0,0,0,0,0,0
0,1,0,1,3,3,0,0,0,0,0,0,0,0
2,0,2,4,2,1,0,0,0,0,0,0,0,0
1,0,0,3,1,3,0,0,0,0,0,0,0,0
0,0,1,1,2,1,0,0,0,0,0,0,0,0
2,1,1,0,3,2,0,0,0,0,0,0,0,0
1,1,1,2,4,2,0,0,0,0,0,0,0,0
2,0,2,1,1,3,0,0,0,0,0,0,0,0
0,1,1,1,2,3,0,0,0,0,0,0,0,0
0,0,0,1,1,1,1,2,1,0,0,0,0,0
2,0,1,2,1,2,0,0,0,0,0,0,0,0
1,4,0,4,3,3,0,0,0,0,0,0,0,0
1,1,0,0,2,0,2,3,2,0,0,0,0,0
0,0,3,9,2,2,0,3,8,0,0,0,0,0
2,1,0,2,5,2,0,0,0,0,0,0,0,0
1,0,0,1,3,2,2,2,1,0,0,0,0,0
2,1,0,2,0,2,2,4,1,0,0,0,0,0
2,0,2,1,2,1,1,1,1,0,0,0,0,0
1,1,0,1,5,2,0,4,1,0,0,0,0,0
0,0,0,1,3,1,0,0,0,0,0,0,0,0
1,1,2,5,4,3,1,4,2,0,0,0,0,0
0,2,2,1,4,5,1,1,2,0,0,0,0,0
0,0,1,1,2,3,0,0,0,0,0,0,0,0
3,2,0,2,1,0,2,3,2,0,0,0,0,0
0,0,2,1,1,2,0,0,0,0,0,0,0,0
3,1,2,0,2,1,1,2,3,0,0,0,0,0
0,0,0,0,1,6,0,0,0,0,0,0,0,0
3,0,0,1,1,3,0,0,0,0,0,0,0,0
0,0,0,1,2,0,0,3,2,0,0,0,0,0
1,0,1,1,2,2,0,0,0,0,0,0,0,0
0,0,0,1,4,2,0,0,0,0,0,0,0,0
1,0,2,3,4,2,0,0,0,0,0,0,0,0
2,1,0,1,1,1,1,3,5,0,0,0,0,0
1,0,1,2,2,3,3,1,1,0,0,0,0,0
0,0,0,0,2,3,0,0,0,0,0,0,0,0
0,1,0,1,0,0,1,2,3,0,0,0,0,0
1,1,1,2,1,1,0,0,0,0,0,0,0,0
3,1,1,1,2,0,1,3,2,0,0,0,0,0
0,0,0,1,3,2,2,1,1,0,0,0,0,0
0,0,1,1,1,2,0,0,0,0,0,0,0,0
0,0,0,0,1,1,1,1,1,0,0,0,0,0
1,0,1,2,2,2,0,0,0,0,0,0,0,0
1,0,0,0,2,3,0,0,0,0,0,0,0,0
0,0,1,0,1,1,1,1,2,0,0,0,0,0
1,0,2,1,2,1,0,0,0,0,0,0,0,0
0,0,1,0,4,2,0,0,0,0,0,0,0,0
2,0,0,2,1,1,1,1,1,0,0,0,0,0
0,0,0,0,1,4,0,0,0,0,0,0,0,0
1,0,1,1,2,2,2,2,1,0,0,0,0,0
1,0,1,0,3,2,0,0,0,0,0,0,0,0
1,2,1,0,0,1,1,1,2,0,0,0,0,0
0,0,1,2,1,1,0,0,0,0,0,0,0,0
2,0,0,2,3,3,0,0,0,0,0,0,0,0
0,0,0,0,0,2,1,1,1,0,0,0,0,0
0,1,0,3,3,2,2,2,2,0,0,0,0,0
0,0,0,0,2,3,0,0,0,0,0,0,0,0
0,1,0,0,2,3,0,0,0,0,0,0,0,0
2,0,0,0,1,4,2,1,1,0,0,0,0,0
0,1,1,3,1,0,0,3,2,0,0,0,0,0
0,0,1,1,1,3,0,0,0,0,0,0,0,0
1,2,0,0,2,1,1,2,1,0,0,0,0,0
1,0,1,3,3,2,0,0,0,0,0,0,0,0
2,0,2,2,0,1,2,4,2,0,0,0,0,0
3,0,0,0,0,5,0,0,0,0,0,0,0,0
1,2,2,1,3,1,0,0,0,0,0,0,0,0
1,0,2,1,6,2,0,0,0,0,0,0,0,0
2,0,0,1,1,2,1,2,2,0,0,0,0,0
0,0,0,2,2,2,0,0,0,0,0,0,0,0
0,1,1,2,1,2,0,0,0,0,0,0,0,0
1,0,0,0,1,0,2,1,2,0,0,0,0,0
0,0,3,2,1,1,0,0,0,0,0,0,0,0
1,0,1,3,2,1,0,0,0,0,0,0,0,0
0,0,0,1,3,2,0,0,0,0,0,0,0,0
0,3,1,3,3,3,1,3,1,0,0,0,0,0
2,0,1,2,3,4,0,0,0,0,0,0,0,0
0,0,1,0,1,0,1,2,2,0,0,0,0,0
1,1,0,2,2,2,3,3,2,0,0,0,0,0
2,0,0,1,2,2,0,0,0,0,0,0,0,0
0,0,1,4,1,1,0,0,0,0,0,0,0,0
0,0,1,1,1,2,1,1,3,0,0,0,0,0
2,1,3,4,6,3,0,4,2,0,0,0,0,0
5,1,0,1,1,3,0,0,0,0,0,0,0,0
0,0,1,2,1,1,0,0,0,0,0,0,0,0
0,0,0,2,2,1,0,0,0,0,0,0,0,0
1,0,1,4,1,1,0,0,0,0,0,0,0,0
1,0,0,0,0,2,1,1,1,0,0,0,0,0
1,0,0,0,2,3,0,0,0,0,0,0,0,0
0,0,0,1,1,3,0,0,0,0,0,0,0,0
0,0,0,3,4,2,0,0,0,0,0,0,0,0
2,0,0,2,4,2,0,0,0,0,0,0,0,0
1,3,1,1,4,0,2,2,1,0,0,0,0,0
1,1,0,0,1,1,0,6,1,0,0,0,0,0
3,2,0,2,2,2,0,0,0,0,0,0,0,0
1,1,0,3,0,2,2,1,2,0,0,0,0,0
1,1,2,1,2,1,2,3,1,0,0,0,0,0
0,1,0,0,3,4,0,0,0,0,0,0,0,0
1,0,0,0,0,1,1,1,2,0,0,0,0,0
2,0,2,0,4,1,0,3,2,0,0,0,0,0
1,0,0,3,0,0,2,2,1,0,0,0,0,0
1,2,1,3,2,6,0,0,0,0,0,0,0,0
0,0,1,1,0,2,1,1,2,0,0,0,0,0
2,0,0,3,1,2,0,4,1,0,0,0,0,0
1,1,1,2,0,4,0,4,1,0,0,0,0,0
1,0,1,0,0,1,1,2,1,0,0,0,0,0
0,0,2,1,2,1,0,0,0,0,0,0,0,0
0,1,0,2,2,1,0,0,0,0,0,0,0,0
1,1,0,0,1,0,2,1,2,0,0,0,0,0
0,0,1,0,1,1,2,2,1,0,0,0,0,0
1,0,1,0,4,3,0,0,0,0,0,0,0,0
0,0,0,2,0,2,1,1,1,0,0,0,0,0
4,1,3,0,1,2,1,3,1,0,0,0,0,0
0,1,0,2,1,4,0,0,0,0,0,0,0,0
1,1,0,1,2,2,0,0,0,0,0,0,0,0
1,0,0,0,2,1,1,1,1,0,0,0,0,0
0,0,0,1,1,1,1,1,3,0,0,0,0,0
1,0,0,0,2,0,0,3,2,0,0,0,0,0
2,1,0,1,4,3,0,0,0,0,0,0,0,0
2,1,0,0,2,3,0,0,0,0,0,0,0,0
3,0,1,2,1,1,0,0,0,0,0,0,0,0
0,1,1,2,3,3,0,0,0,0,0,0,0,0
2,1,2,1,4,2,0,1,5,0,0,0,0,0
0,2,1,1,1,1,1,2,3,0,0,0,0,0
1,0,0,2,2,1,0,0,0,0,0,0,0,0
0,0,2,0,3,2,0,0,0,0,0,0,0,0
1,0,1,1,1,3,0,0,0,0,0,0,0,0
0,1,1,2,4,2,0,0,0,0,0,0,0,0
0,0,0,2,2,2,0,0,0,0,0,0,0,0
3,0,0,0,1,3,1,1,1,0,0,0,0,0
1,1,0,0,2,3,0,0,0,0,0,0,0,0
3,0,0,1,1,1,2,1,1,0,0,0,0,0
1,0,0,1,1,4,0,0,0,0,0,0,0,0
3,1,2,1,5,1,0,0,0,0,0,0,0,0
0,1,1,1,4,2,0,0,0,0,0,0,0,0
1,0,1,1,1,2,1,1,1,0,0,0,0,0
0,0,0,1,2,2,0,0,0,0,0,0,0,0
0,2,0,1,0,1,2,1,1,0,0,0,0,0
1,0,1,2,2,1,1,1,1,0,0,0,0,0
0,0,0,0,0,1,2,1,3,0,0,0,0,0
2,1,0,1,1,4,0,0,0,0,0,0,0,0
2,0,2,2,1,3,0,0,0,0,0,0,0,0
0,1,0,2,1,3,0,0,0,0,0,0,0,0
3,0,3,0,1,5,0,0,0,0,0,0,0,0
4,0,1,1,0,6,1,3,3,0,0,0,0,0
0,1,0,2,3,3,0,0,0,0,0,0,0,0
0,1,0,0,4,1,0,0,0,0,0,0,0,0
1,0,0,1,2,2,0,0,0,0,0,0,0,0
0,1,0,0,3,4,0,0,0,0,0,0,0,0
2,0,1,2,1,1,0,0,0,0,0,0,0,0
3,0,0,0,5,3,0,0,0,0,0,0,0,0
0,0,0,1,1,2,1,1,1,0,0,0,0,0
2,0,0,1,2,4,0,2,3,0,0,0,0,0
2,2,0,2,1,4,0,0,0,0,0,0,0,0
1,0,1,2,1,2,0,0,0,0,0,0,0,0
0,0,0,1,2,2,0,0,0,0,0,0,0,0
1,0,0,2,1,2,0,0,0,0,0,0,0,0
1,0,0,1,2,2,0,0,0,0,0,0,0,0
0,0,1,3,1,5,0,0,0,0,0,0,0,0
0,0,0,2,1,2,0,0,0,0,0,0,0,0
0,0,2,1,1,1,0,0,0,0,0,0,0,0
0,0,0,1,1,4,0,0,0,0,0,0,0,0
2,1,3,0,3,2,1,3,1,0,0,0,0,0
1,0,0,1,1,3,0,0,0,0,0,0,0,0
0,1,0,0,0,4,1,1,2,0,0,0,0,0
2,0,0,2,7,1,0,0,0,0,0,0,0,0
0,0,0,1,3,1,0,0,0,0,0,0,0,0
2,1,0,1,2,2,0,0,0,0,0,0,0,0
1,1,1,0,6,1,0,0,0,0,0,0,0,0
2,0,1,2,1,1,0,0,0,0,0,0,0,0
0,0,0,0,0,2,1,1,1,0,0,0,0,0
1,0,1,2,2,1,2,3,1,0,0,0,0,0
0,0,0,1,1,4,0,0,0,0,0,0,0,0
0,0,1,3,1,3,0,0,0,0,0,0,0,0
2,1,0,1,3,1,0,0,0,0,0,0,0,0
1,0,0,1,2,1,4,1,2,0,0,0,0,0
1,0,0,0,1,2,3,1,1,0,0,0,0,0
0,0,0,2,2,4,0,0,0,0,0,0,0,0
3,1,0,1,3,1,0,0,0,0,0,0,0,0
0,1,1,0,2,2,1,1,1,0,0,0,0,0
0,0,0,2,2,1,1,2,2,0,0,0,0,0
1,1,1,3,1,4,0,0,0,0,0,0,0,0
0,0,0,2,1,2,0,0,0,0,0,0,0,0
0,0,0,1,0,1,1,5,1,0,0,0,0,0
1,1,0,1,2,1,2,1,2,0,0,0,0,0
1,0,1,0,0,1,0,2,3,0,0,0,0,0
0,0,0,1,2,2,0,0,0,0,0,0,0,0
0,2,0,2,1,4,0,0,0,0,0,0,0,0
1,1,0,1,1,2,1,3,1,0,0,0,0,0
1,0,0,2,1,2,0,0,0,0,0,0,0,0
1,0,1,0,1,3,0,3,2,0,0,0,0,0
0,1,0,4,2,0,1,4,1,0,0,0,0,0
1,0,0,0,2,3,1,1,1,0,0,0,0,0
2,3,1,1,3,1,1,2,1,0,0,0,0,0
0,0,0,0,1,1,0,4,1,0,0,0,0,0
0,0,0,1,2,2,0,0,0,0,0,0,0,0
1,0,1,0,2,2,1,1,1,0,0,0,0,0
3,0,1,2,1,3,0,0,0,0,0,0,0,0
0,0,0,0,1,1,1,1,1,0,0,0,0,0
0,0,0,0,0,5,0,0,0,0,0,0,0,0
1,0,0,0,1,4,0,0,0,0,0,0,0,0
0,0,0,0,0,1,0,3,3,0,0,0,0,0
1,0,0,0,0,1,2,1,2,0,0,0,0,0
0,0,0,1,3,2,0,0,0,0,0,0,0,0
0,1,1,1,2,2,0,0,0,0,0,0,0,0
0,1,0,1,3,2,0,0,0,0,0,0,0,0
0,0,0,1,1,3,0,0,0,0,0,0,0,0
1,0,0,0,3,3,0,0,0,0,0,0,0,0
4,1,1,2,0,1,0,5,2,0,0,0,0,0
0,1,0,0,2,1,2,1,1,0,0,0,0,0
0,1,0,1,0,1,1,2,1,0,0,0,0,0
0,0,0,0,0,2,2,1,1,0,0,0,0,0
1,1,0,1,3,1,0,0,0,0,0,0,0,0
0,1,0,2,2,5,1,1,2,0,0,0,0,0
1,0,0,1,2,1,0,3,2,0,0,0,0,0
0,0,1,1,2,2,0,0,0,0,0,0,0,0
4,1,2,3,3,7,2,4,3,0,0,0,0,0
0,0,2,2,1,1,0,0,0,0,0,0,0,0
0,1,1,0,0,1,2,1,1,0,0,0,0,0
1,0,1,1,1,0,0,2,3,0,0,0,0,0
0,1,0,0,3,0,2,4,1,0,0,0,0,0
0,0,0,0,3,2,0,0,0,0,0,0,0,0
0,0,0,0,0,0,0,2,3,0,0,0,0,0
0,0,1,1,1,2,0,0,0,0,0,0,0,0
1,1,1,1,2,1,0,0,0,0,0,0,0,0
0,0,2,0,1,1,1,1,2,0,0,0,0,0
0,0,0,0,0,1,1,2,1,0,0,0,0,0
0,0,0,1,3,1,1,2,3,0,0,0,0,0
1,0,2,1,2,3,0,0,0,0,0,0,0,0
0,0,1,0,2,1,1,1,2,0,0,0,0,0
1,0,0,0,1,2,1,1,1,0,0,0,0,0
1,4,2,0,2,1,1,1,1,0,0,0,0,0
0,0,0,0,1,4,0,0,0,0,0,0,0,0
3,0,1,3,1,1,0,0,0,0,0,0,0,0
0,0,1,0,4,0,1,3,2,0,0,0,0,0
2,0,0,1,5,1,2,1,3,0,0,0,0,0
0,0,0,0,1,4,0,0,0,0,0,0,0,0
0,0,0,1,0,0,1,3,1,0,0,0,0,0
0,0,0,1,1,3,0,4,3,0,0,0,0,0
1,1,1,2,1,2,0,0,0,0,0,0,0,0
1,1,0,1,2,2,0,0,0,0,0,0,0,0
2,1,1,1,1,2,0,0,0,0,0,0,0,0
0,0,1,1,3,0,0,0,0,0,0,0,0,0
0,0,0,0,2,1,0,4,1,0,0,0,0,0
1,0,0,2,1,5,0,0,0,0,0,0,0,0
2,0,0,2,3,3,1,2,1,0,0,0,0,0
1,0,1,2,1,1,0,0,0,0,0,0,0,0
3,0,3,1,3,2,2,1,3,0,0,0,0,0
0,0,0,0,3,0,3,1,1,0,0,0,0,0
1,1,2,1,1,1,1,1,1,0,0,0,0,0
0,0,1,2,2,3,0,0,0,0,0,0,0,0
1,0,0,1,2,0,2,2,1,0,0,0,0,0
2,0,0,2,0,2,2,1,1,0,0,0,0,0
0,0,0,0,2,3,0,0,0,0,0,0,0,0
0,0,0,0,3,3,0,0,0,0,0,0,0,0
0,1,0,2,1,3,0,0,0,0,0,0,0,0
0,0,0,1,1,3,0,0,0,0,0,0,0,0
1,0,0,0,2,0,3,1,1,0,0,0,0,0
1,0,0,0,4,1,0,0,0,0,0,0,0,0
2,0,1,2,1,2,1,2,1,0,0,0,0,0
0,0,0,3,3,1,0,0,0,0,0,0,0,0
0,0,2,2,3,1,0,4,1,0,0,0,0,0
0,0,0,0,0,1,1,1,2,0,0,0,0,0
3,0,1,1,4,0,1,4,1,0,0,0,0,0
1,0,0,1,2,0,1,1,3,0,0,0,0,0
0,0,1,4,1,1,0,0,0,0,0,0,0,0
0,0,0,0,2,1,1,2,3,0,0,0,0,0
1,1,1,0,1,0,1,3,2,0,0,0,0,0
0,0,0,0,0,1,2,2,1,0,0,0,0,0
2,0,0,0,1,1,1,1,1,0,0,0,0,0
1,1,1,1,1,5,0,0,0,0,0,0,0,0
4,0,0,1,3,2,0,0,0,0,0,0,0,0
0,0,1,1,3,1,0,0,0,0,0,0,0,0
3,0,0,1,1,1,0,4,2,0,0,0,0,0
2,0,1,1,1,3,1,1,1,0,0,0,0,0
2,1,2,3,5,2,0,0,0,0,0,0,0,0
0,0,0,2,1,2,0,0,0,0,0,0,0,0
0,1,1,0,1,0,0,2,3,0,0,0,0,0
1,1,0,0,3,1,2,1,1,0,0,0,0,0
1,0,0,2,1,1,1,2,1,0,0,0,0,0
0,0,0,1,1,4,0,0,0,0,0,0,0,0
0,1,0,0,6,1,2,2,1,0,0,0,0,0
2,1,0,2,2,1,0,0,0,0,0,0,0,0
0,2,0,1,3,2,0,0,0,0,0,0,0,0
0,0,0,0,4,1,0,0,0,0,0,0,0,0
3,0,1,3,4,1,0,0,0,0,0,0,0,0
3,0,1,0,3,3,0,0,0,0,0,0,0,0
0,0,1,1,0,0,0,1,4,0,0,0,0,0
0,0,2,1,1,1,0,0,0,0,0,0,0,0
0,0,0,1,1,5,0,0,0,0,0,0,0,0
1,0,0,2,1,3,0,0,0,0,0,0,0,0
1,0,1,1,4,2,0,0,0,0,0,0,0,0
1,1,0,1,3,1,0,0,0,0,0,0,0,0
1,1,1,0,0,1,1,1,2,0,0,0,0,0
0,0,0,1,1,1,1,1,1,0,0,0,0,0
0,1,0,1,1,1,1,3,1,0,0,0,0,0
0,0,0,4,1,3,0,0,0,0,0,0,0,0
1,1,2,3,1,1,0,0,0,0,0,0,0,0
0,1,0,1,2,2,0,0,0,0,0,0,0,0
0,0,0,1,1,0,2,1,2,0,0,0,0,0
0,1,0,0,1,2,1,2,1,0,0,0,0,0
0,0,0,0,1,1,2,1,1,0,0,0,0,0
1,1,1,2,4,1,2,1,2,0,0,0,0,0
5,1,0,2,5,3,2,6,2,0,0,0,0,0
1,0,2,0,1,1,1,1,1,0,0,0,0,0
1,0,0,2,1,3,0,0,0,0,0,0,0,0
3,1,2,2,4,3,1,3,3,0,0,0,0,0
1,1,0,2,0,2,2,2,2,0,0,0,0,0
1,0,1,1,3,2,0,0,0,0,0,0,0,0
1,0,0,1,1,3,0,0,0,0,0,0,0,0
0,1,0,2,1,2,1,2,1,0,0,0,0,0
1,2,1,2,1,1,1,1,1,0,0,0,0,0
0,0,0,0,2,1,0,3,2,0,0,0,0,0
1,0,2,2,1,3,2,2,2,0,0,0,0,0
0,1,0,1,0,1,1,2,1,0,0,0,0,0
0,0,1,0,0,2,0,4,2,0,0,0,0,0
0,0,0,1,1,1,1,3,1,0,0,0,0,0
0,1,1,1,2,1,0,0,0,0,0,0,0,0
1,0,2,1,0,0,2,2,1,0,0,0,0,0
4,0,0,0,3,3,1,1,1,0,0,0,0,0
0,0,0,0,0,2,1,2,1,0,0,0,0,0
1,0,1,1,1,3,1,1,1,0,0,0,0,0
0,0,2,1,2,0,0,0,0,0,0,0,0,0
0,1,1,1,2,2,0,0,0,0,0,0,0,0
1,0,0,2,2,2,0,0,0,0,0,0,0,0
0,0,1,2,2,1,0,0,0,0,0,0,0,0
0,0,1,3,1,3,1,1,1,0,0,0,0,0
0,0,1,3,3,3,1,3,1,0,0,0,0,0
1,1,0,0,0,1,1,3,1,0,0,0,0,0
1,0,0,1,1,1,1,3,1,0,0,0,0,0
1,1,0,1,2,3,0,0,0,0,0,0,0,0
1,0,2,1,2,3,0,0,0,0,0,0,0,0
1,1,1,3,0,2,1,3,1,0,0,0,0,0
0,0,1,3,1,2,0,0,0,0,0,0,0,0
1,0,0,0,3,3,0,0,0,0,0,0,0,0
1,1,0,2,1,3,0,0,0,0,0,0,0,0
1,0,2,2,1,1,0,0,0,0,0,0,0,0
1,2,0,0,1,2,1,1,3,0,0,0,0,0
0,0,1,1,1,2,1,1,1,0,0,0,0,0
3,0,1,0,2,4,0,0,0,0,0,0,0,0
3,1,1,0,1,3,1,1,1,0,0,0,0,0
0,0,0,3,3,0,0,0,0,0,0,0,0,0
1,0,1,2,3,0,1,1,3,0,0,0,0,0
0,0,1,0,1,0,1,3,1,0,0,0,0,0
0,0,0,1,4,1,0,0,0,0,0,0,0,0
3,0,0,5,1,0,2,3,2,0,0,0,0,0
2,1,1,1,1,3,0,0,0,0,0,0,0,0
0,0,1,1,2,2,0,0,0,0,0,0,0,0
4,1,0,3,4,1,0,3,2,0,0,0,0,0
0,0,0,0,3,2,1,1,1,0,0,0,0,0
1,1,0,1,4,1,1,1,1,0,0,0,0,0
1,0,1,1,2,1,0,0,0,0,0,0,0,0
1,1,2,3,2,3,1,3,3,0,0,0,0,0
0,1,0,1,2,1,1,2,2,0,0,0,0,0
2,1,2,1,2,1,0,0,0,0,0,0,0,0
0,0,0,1,3,2,0,0,0,0,0,0,0,0
0,0,1,1,2,3,0,0,0,0,0,0,0,0
2,2,1,1,1,1,1,1,1,0,0,0,0,0
0,1,2,0,4,1,0,0,0,0,0,0,0,0
0,1,0,3,2,0,2,2,1,0,0,0,0,0
0,0,2,0,1,1,2,1,2,0,0,0,0,0
0,1,1,1,1,1,0,0,0,0,0,0,0,0
1,1,0,2,1,2,0,0,0,0,0,0,0,0
0,0,2,1,3,1,0,0,0,0,0,0,0,0
1,1,0,0,1,1,1,2,1,0,0,0,0,0
1,2,1,1,2,2,0,0,0,0,0,0,0,0
2,0,1,0,3,2,0,0,0,0,0,0,0,0
3,1,1,1,1,2,0,0,0,0,0,0,0,0
1,2,2,2,1,4,2,3,2,0,0,0,0,0
0,0,1,0,0,1,1,2,1,0,0,0,0,0
0,1,0,0,4,1,0,0,0,0,0,0,0,0
0,0,0,1,2,1,2,3,1,0,0,0,0,0
0,0,0,0,1,0,1,1,3,0,0,0,0,0
1,0,0,3,3,1,0,0,0,0,0,0,0,0
1,0,0,0,0,1,1,3,2,0,0,0,0,0
0,1,1,1,1,1,0,0,0,0,0,0,0,0
2,0,0,1,2,0,2,1,2,0,0,0,0,0
2,2,0,3,1,1,0,0,0,0,0,0,0,0
1,0,1,1,2,2,0,0,0,0,0,0,0,0
0,0,1,1,2,5,0,0,0,0,0,0,0,0
3,0,0,0,4,1,0,0,0,0,0,0,0,0
0,0,1,1,3,1,0,0,0,0,0,0,0,0
1,0,2,2,1,5,0,0,0,0,0,0,0,0
1,0,2,0,2,3,0,0,0,0,0,0,0,0
1,1,0,1,1,3,1,4,1,0,0,0,0,0
0,0,0,2,2,1,0,0,0,0,0,0,0,0
0,0,0,1,2,2,0,0,0,0,0,0,0,0
1,0,0,0,1,1,4,1,1,0,0,0,0,0
1,0,0,0,2,1,1,1,2,0,0,0,0,0
0,0,0,1,2,1,1,1,1,0,0,0,0,0
3,1,0,1,3,1,0,0,0,0,0,0,0,0
1,0,0,0,1,1,1,1,1,0,0,0,0,0
0,0,0,0,0,3,1,1,1,0,0,0,0,0
0,0,0,1,3,1,0,0,0,0,0,0,0,0
0,0,0,0,2,1,1,1,2,0,0,0,0,0
2,1,0,1,1,3,1,2,1,0,0,0,0,0
1,1,1,0,0,1,2,2,1,0,0,0,0,0
3,1,1,1,2,3,0,0,0,0,0,0,0,0
2,0,0,1,1,1,2,2,1,0,0,0,0,0
1,2,0,1,1,2,1,2,1,0,0,0,0,0
0,0,2,2,3,0,1,2,3,0,0,0,0,0
1,0,0,3,1,1,0,0,0,0,0,0,0,0
0,0,1,1,5,1,0,0,0,0,0,0,0,0
0,1,1,1,1,2,0,0,0,0,0,0,0,0
0,0,1,1,2,2,0,0,0,0,0,0,0,0
2,0,0,1,2,2,0,0,0,0,0,0,0,0
1,1,0,1,4,2,0,2,3,0,0,0,0,0
2,0,2,1,7,2,0,0,0,0,0,0,0,0
2,0,0,0,0,0,2,1,4,0,0,0,0,0
1,0,0,1,1,3,1,1,1,0,0,0,0,0
1,1,0,1,2,2,0,0,0,0,0,0,0,0
1,0,1,1,1,3,0,0,0,0,0,0,0,0
0,0,0,0,0,1,0,3,2,0,0,0,0,0
0,0,1,1,2,2,0,0,0,0,0,0,0,0
0,0,1,0,2,3,0,0,0,0,0,0,0,0
0,0,0,2,4,1,0,0,0,0,0,0,0,0
1,0,0,1,2,1,2,1,1,0,0,0,0,0
2,0,0,2,1,2,0,4,2,0,0,0,0,0
1,0,1,1,1,2,0,0,0,0,0,0,0,0
0,0,1,2,1,1,0,0,0,0,0,0,0,0
0,0,1,0,3,2,0,0,0,0,0,0,0,0
1,1,1,1,1,3,0,0,0,0,0,0,0,0
0,0,1,1,2,1,0,0,0,0,0,0,0,0
1,0,0,3,2,2,1,2,1,0,0,0,0,0
1,0,0,0,2,1,2,3,1,0,0,0,0,0
1,1,0,1,0,1,2,1,2,0,0,0,0,0
1,1,0,1,5,2,1,2,1,0,0,0,0,0
0,0,0,1,0,2,1,1,1,0,0,0,0,0
2,0,0,2,5,2,1,3,1,0,0,0,0,0
0,0,1,2,2,1,0,0,0,0,0,0,0,0
1,0,1,1,1,2,0,0,0,0,0,0,0,0
0,1,1,1,1,2,0,0,0,0,0,0,0,0
1,0,0,1,1,0,2,2,1,0,0,0,0,0
0,0,0,0,0,3,1,2,1,0,0,0,0,0
0,1,0,1,2,1,0,3,3,0,0,0,0,0
2,0,3,1,2,2,0,0,0,0,0,0,0,0
0,0,0,3,1,1,0,0,0,0,0,0,0,0
0,1,0,1,1,3,0,0,0,0,0,0,0,0
1,0,1,1,3,1,0,0,0,0,0,0,0,0
2,0,1,0,4,3,0,0,0,0,0,0,0,0
0,0,1,2,1,2,0,0,0,0,0,0,0,0
2,0,0,1,1,1,1,1,1,0,0,0,0,0
2,0,1,2,1,1,0,0,0,0,0,0,0,0
0,0,0,3,1,1,0,0,0,0,0,0,0,0
0,1,0,3,1,2,0,0,0,0,0,0,0,0
1,0,0,2,4,2,0,0,0,0,0,0,0,0
1,0,0,1,2,2,0,0,0,0,0,0,0,0
0,0,0,1,2,3,0,0,0,0,0,0,0,0
1,0,0,1,0,1,1,1,2,0,0,0,0,0
1,0,2,1,1,2,0,0,0,0,0,0,0,0
1,1,1,0,3,2,0,0,0,0,0,0,0,0
1,1,0,1,3,1,0,0,0,0,0,0,0,0
0,0,1,3,3,1,0,0,0,0,0,0,0,0
1,0,1,0,4,1,1,1,1,0,0,0,0,0
0,0,0,1,2,2,0,0,0,0,0,0,0,0
0,1,0,1,1,1,0,2,3,0,0,0,0,0
0,0,0,2,1,3,0,0,0,0,0,0,0,0
1,0,0,3,1,3,0,0,0,0,0,0,0,0
0,0,0,2,1,1,1,1,1,0,0,0,0,0
0,2,2,1,1,1,0,0,0,0,0,0,0,0
0,0,0,0,2,1,1,1,1,0,0,0,0,0
1,1,0,1,0,1,1,2,1,0,0,0,0,0
0,3,2,0,0,1,2,1,1,0,0,0,0,0
1,1,0,1,1,3,0,0,0,0,0,0,0,0
0,0,1,2,2,2,0,0,0,0,0,0,0,0
1,0,1,3,2,2,0,0,0,0,0,0,0,0
1,1,1,1,1,1,0,0,0,0,0,0,0,0
1,0,0,0,1,5,1,1,1,0,0,0,0,0
1,0,2,1,3,2,1,3,2,0,0,0,0,0
1,0,1,1,2,1,0,0,0,0,0,0,0,0
1,0,0,1,1,3,0,0,0,0,0,0,0,0
1,1,2,0,0,2,1,2,4,0,0,0,0,0
2,0,1,1,2,1,1,2,3,0,0,0,0,0
0,1,0,2,2,0,0,4,1,0,0,0,0,0
0,0,0,0,1,1,0,2,4,0,0,0,0,0
0,1,0,2,4,2,0,0,0,0,0,0,0,0
1,1,0,1,3,1,2,1,3,0,0,0,0,0
0,0,0,1,2,2,0,0,0,0,0,0,0,0
0,1,3,1,1,0,0,0,0,0,0,0,0,0
0,0,0,0,0,6,0,0,0,0,0,0,0,0
4,1,0,5,4,3,0,0,0,0,0,0,0,0
0,1,0,1,1,0,1,1,3,0,0,0,0,0
1,0,0,1,1,2,2,1,3,0,0,0,0,0
1,0,1,1,2,1,0,0,0,0,0,0,0,0
2,0,0,0,4,2,0,0,0,0,0,0,0,0
0,0,3,1,2,5,2,1,1,0,0,0,0,0
1,0,0,2,4,1,0,0,0,0,0,0,0,0
2,0,1,1,2,0,2,1,2,0,0,0,0,0
0,1,0,0,2,4,0,0,0,0,0,0,0,0
1,0,1,3,3,1,0,0,0,0,0,0,0,0
4,0,0,0,1,1,1,2,1,0,0,0,0,0
1,0,0,2,1,2,0,0,0,0,0,0,0,0
3,1,0,2,2,1,0,0,0,0,0,0,0,0
1,0,1,1,2,1,0,3,3,0,0,0,0,0
1,0,0,1,3,2,0,0,0,0,0,0,0,0
0,0,0,1,1,0,0,4,1,0,0,0,0,0
1,1,2,1,3,3,1,3,1,0,0,0,0,0
0,2,1,1,2,1,0,0,0,0,0,0,0,0
1,0,1,2,1,2,0,0,0,0,0,0,0,0
0,1,0,2,2,0,2,2,1,0,0,0,0,0
0,0,2,1,3,2,0,0,0,0,0,0,0,0
0,0,1,1,1,1,1,1,1,0,0,0,0,0
1,0,0,0,2,1,1,2,1,0,0,0,0,0
3,1,2,1,2,1,0,0,0,0,0,0,0,0
0,0,0,0,2,0,0,4,2,0,0,0,0,0
0,0,1,2,4,0,1,2,4,0,0,0,0,0
1,0,1,1,3,2,0,0,0,0,0,0,0,0
1,0,0,2,2,2,0,0,0,0,0,0,0,0
1,0,1,0,3,3,0,0,0,0,0,0,0,0
0,0,1,1,2,2,2,1,2,0,0,0,0,0
0,0,0,2,1,1,1,2,1,0,0,0,0,0
0,0,2,1,2,1,0,0,0,0,0,0,0,0
0,0,3,4,0,3,2,2,2,0,0,0,0,0
0,1,0,2,3,1,3,1,2,0,0,0,0,0
0,0,0,0,0,0,2,2,1,0,0,0,0,0
1,1,1,1,1,2,0,0,0,0,0,0,0,0
1,0,2,2,3,2,0,0,0,0,0,0,0,0
1,1,2,1,1,1,2,2,1,0,0,0,0,0
0,1,1,2,2,1,0,0,0,0,0,0,0,0
2,3,0,3,5,2,1,2,4,0,0,0,0,0
0,1,0,1,3,1,0,0,0,0,0,0,0,0
1,2,0,3,0,1,1,1,2,0,0,0,0,0
0,0,0,1,5,1,0,0,0,0,0,0,0,0
0,0,0,0,1,2,4,1,1,0,0,0,0,0
0,0,1,1,2,1,0,0,0,0,0,0,0,0
0,0,0,1,1,2,1,1,1,0,0,0,0,0
1,0,1,0,1,1,0,3,3,0,0,0,0,0
0,0,0,4,1,1,0,0,0,0,0,0,0,0
1,2,1,0,3,3,0,0,0,0,0,0,0,0
0,0,1,2,1,2,3,2,1,0,0,0,0,0
0,0,2,0,1,1,1,1,1,0,0,0,0,0
0,1,0,2,2,2,0,0,0,0,0,0,0,0
1,0,0,0,0,0,1,2,2,0,0,0,0,0
1,1,1,1,2,3,0,0,0,0,0,0,0,0
2,1,0,1,1,3,0,0,0,0,0,0,0,0
0,0,0,0,1,0,0,2,3,0,0,0,0,0
0,0,1,1,2,2,0,0,0,0,0,0,0,0
0,1,0,1,2,2,0,0,0,0,0,0,0,0
1,1,0,1,2,1,1,1,1,0,0,0,0,0
1,0,0,0,0,3,1,1,1,0,0,0,0,0
0,1,1,2,1,2,0,0,0,0,0,0,0,0
0,0,0,3,1,1,0,0,0,0,0,0,0,0
0,0,0,2,2,1,0,0,0,0,0,0,0,0
0,0,0,0,3,2,0,0,0,0,0,0,0,0
1,2,2,1,2,4,0,0,0,0,0,0,0,0
2,0,2,3,1,1,0,3,2,0,0,0,0,0
0,0,0,1,0,1,1,2,1,0,0,0,0,0
1,1,1,1,3,1,0,0,0,0,0,0,0,0
4,1,1,0,0,1,0,2,4,0,0,0,0,0
0,0,1,0,2,4,0,0,0,0,0,0,0,0
2,0,1,1,2,1,1,1,2,0,0,0,0,0
0,0,2,1,0,1,2,1,2,0,0,0,0,0
0,0,0,1,2,2,0,0,0,0,0,0,0,0
2,0,0,2,0,2,1,3,2,0,0,0,0,0
1,0,0,1,2,2,0,0,0,0,0,0,0,0
0,0,1,0,6,2,0,0,0,0,0,0,0,0
0,0,0,1,3,1,0,0,0,0,0,0,0,0
1,0,1,1,1,2,0,0,0,0,0,0,0,0
0,0,0,0,4,2,0,0,0,0,0,0,0,0
1,0,2,1,2,2,0,0,0,0,0,0,0,0
1,0,0,1,1,3,0,0,0,0,0,0,0,0
0,1,1,0,0,1,2,1,1,0,0,0,0,0
1,0,0,0,3,1,1,2,3,0,0,0,0,0
4,1,0,1,0,3,1,1,1,0,0,0,0,0
1,0,0,2,2,2,0,0,0,0,0,0,0,0
1,1,0,0,4,1,1,1,6,0,0,0,0,0
0,1,1,2,1,1,0,0,0,0,0,0,0,0
0,0,0,2,3,2,0,0,0,0,0,0,0,0
0,0,1,0,3,1,1,1,1,0,0,0,0,0
0,0,0,2,2,2,0,0,0,0,0,0,0,0
4,0,0,3,2,1,2,2,1,0,0,0,0,0
2,2,1,3,3,3,1,1,2,0,0,0,0,0
2,1,0,3,4,4,0,0,0,0,0,0,0,0
0,1,0,0,1,2,0,4,2,0,0,0,0,0
4,0,0,2,0,1,3,1,1,0,0,0,0,0
1,1,2,3,2,2,2,1,1,0,0,0,0,0
2,1,0,1,5,1,0,0,0,0,0,0,0,0
0,0,0,0,1,1,1,1,2,0,0,0,0,0
0,1,0,1,1,1,1,1,1,0,0,0,0,0
0,1,1,3,3,2,3,1,3,0,0,0,0,0
0,0,0,2,0,3,1,2,2,0,0,0,0,0
2,0,0,0,3,3,1,1,1,0,0,0,0,0
2,0,1,5,1,1,0,3,3,0,0,0,0,0
0,0,0,1,1,3,0,0,0,0,0,0,0,0
0,0,0,1,5,1,0,0,0,0,0,0,0,0
2,1,0,2,3,1,0,0,0,0,0,0,0,0
1,0,1,1,0,0,0,1,4,0,0,0,0,0
1,0,1,0,2,0,0,3,2,0,0,0,0,0
1,1,1,1,1,1,0,0,0,0,0,0,0,0
0,0,1,2,1,1,0,0,0,0,0,0,0,0
0,1,2,0,3,4,2,1,1,0,0,0,0,0
0,0,1,1,1,4,1,1,1,0,0,0,0,0
1,1,0,0,2,2,1,2,3,0,0,0,0,0
2,0,1,1,1,2,0,0,0,0,0,0,0,0
1,0,0,2,1,3,0,0,0,0,0,0,0,0
0,0,1,0,4,1,0,0,0,0,0,0,0,0
1,1,1,1,1,1,1,3,1,0,0,0,0,0
3,1,0,0,5,4,0,3,2,0,0,0,0,0
0,0,0,1,3,0,2,3,1,0,0,0,0,0
0,1,1,1,1,2,0,0,0,0,0,0,0,0
0,1,0,3,0,1,2,1,2,0,0,0,0,0
0,0,0,0,1,2,1,2,1,0,0,0,0,0
0,0,0,0,4,2,0,0,0,0,0,0,0,0
1,0,0,3,1,5,2,1,3,0,0,0,0,0
1,0,0,1,3,0,2,4,1,0,0,0,0,0
1,0,0,1,3,2,0,0,0,0,0,0,0,0
1,2,0,0,3,2,0,0,0,0,0,0,0,0
0,0,0,1,3,3,0,0,0,0,0,0,0,0
3,0,2,1,2,1,0,0,0,0,0,0,0,0
1,0,0,2,1,3,1,1,3,0,0,0,0,0
3,1,0,1,2,3,0,0,0,0,0,0,0,0
0,0,1,0,0,1,3,1,1,0,0,0,0,0
2,0,0,1,5,4,1,3,1,0,0,0,0,0
0,0,0,2,6,1,4,3,2,0,0,0,0,0
0,1,1,1,1,1,0,0,0,0,0,0,0,0
1,0,0,1,0,1,1,2,2,0,0,0,0,0
0,1,1,0,1,1,0,4,1,0,0,0,0,0
2,0,0,1,3,1,0,0,0,0,0,0,0,0
0,0,1,0,3,2,1,2,1,0,0,0,0,0
0,1,0,1,1,4,0,0,0,0,0,0,0,0
1,0,1,1,2,2,1,1,1,0,0,0,0,0
0,0,0,0,2,2,1,1,2,0,0,0,0,0
1,0,0,3,2,1,0,0,0,0,0,0,0,0
1,0,0,0,0,0,2,2,2,0,0,0,0,0
0,0,0,1,1,0,0,1,4,0,0,0,0,0
4,0,0,0,3,1,1,1,1,0,0,0,0,0
1,0,0,2,0,2,0,4,1,0,0,0,0,0
0,0,2,2,4,3,0,0,0,0,0,0,0,0
1,0,1,3,0,1,1,2,2,0,0,0,0,0
1,0,1,2,1,2,0,0,0,0,0,0,0,0
0,0,0,0,1,0,1,2,2,0,0,0,0,0
0,0,0,0,3,1,0,4,1,0,0,0,0,0
2,0,0,2,1,2,0,0,0,0,0,0,0,0
1,3,0,0,0,5,2,1,1,0,0,0,0,0
1,0,1,1,1,2,2,1,2,0,0,0,0,0
0,0,1,0,3,2,1,2,1,0,0,0,0,0
0,0,0,2,2,2,0,0,0,0,0,0,0,0
0,0,0,1,0,1,1,2,1,0,0,0,0,0
2,0,0,3,2,1,0,0,0,0,0,0,0,0
0,0,0,0,5,1,0,0,0,0,0,0,0,0
1,2,0,2,2,1,0,0,0,0,0,0,0,0
0,0,0,1,3,2,0,0,0,0,0,0,0,0
0,1,0,2,1,2,0,0,0,0,0,0,0,0
0,0,0,4,1,1,0,0,0,0,0,0,0,0
1,1,1,0,3,3,0,0,0,0,0,0,0,0
0,4,0,2,2,1,0,0,0,0,0,0,0,0
2,0,1,1,4,2,0,0,0,0,0,0,0,0
0,1,1,1,2,3,0,0,0,0,0,0,0,0
0,1,2,2,1,1,0,0,0,0,0,0,0,0
0,0,1,5,4,2,0,0,0,0,0,0,0,0
2,1,1,5,1,3,0,0,0,0,0,0,0,0
1,0,1,1,1,3,0,0,0,0,0,0,0,0
1,0,0,1,2,2,0,0,0,0,0,0,0,0
0,0,1,3,1,1,0,0,0,0,0,0,0,0
1,0,2,2,4,1,0,0,0,0,0,0,0,0
2,0,2,3,2,1,0,0,0,0,0,0,0,0
1,0,1,2,1,1,0,0,0,0,0,0,0,0
2,0,0,2,1,3,0,0,0,0,0,0,0,0
0,0,0,0,3,2,0,0,0,0,0,0,0,0
1,0,1,2,2,1,0,0,0,0,0,0,0,0
1,0,1,1,2,1,0,0,0,0,0,0,0,0
2,1,2,1,2,2,0,0,0,0,0,0,0,0
0,0,0,2,3,1,0,0,0,0,0,0,0,0
2,1,1,0,2,3,0,0,0,0,0,0,0,0
1,0,1,3,1,1,0,0,0,0,0,0,0,0
0,1,1,3,3,2,0,0,0,0,0,0,0,0
1,0,1,1,2,1,0,0,0,0,0,0,0,0
1,0,0,0,4,1,0,0,0,0,0,0,0,0
1,0,1,1,2,1,0,0,0,0,0,0,0,0
2,1,0,1,4,3,0,0,0,0,0,0,0,0
0,0,1,1,3,2,0,0,0,0,0,0,0,0
0,0,1,1,3,1,0,0,0,0,0,0,0,0
0,0,2,2,1,1,0,0,0,0,0,0,0,0
0,1,1,2,4,2,0,0,0,0,0,0,0,0
3,1,0,1,3,2,0,0,0,0,0,0,0,0
0,0,0,2,3,1,0,0,0,0,0,0,0,0
0,0,0,1,1,3,0,0,0,0,0,0,0,0
0,0,0,1,2,2,0,0,0,0,0,0,0,0
1,0,1,1,1,3,0,0,0,0,0,0,0,0
1,0,2,0,2,3,0,0,0,0,0,0,0,0
1,0,1,0,3,2,0,0,0,0,0,0,0,0
0,0,0,0,2,3,0,0,0,0,0,0,0,0
0,0,0,1,1,3,0,0,0,0,0,0,0,0
0,0,1,1,1,2,0,0,0,0,0,0,0,0
0,1,1,2,1,1,0,0,0,0,0,0,0,0
1,0,0,2,1,2,0,0,0,0,0,0,0,0
3,0,1,6,4,2,0,0,0,0,0,0,0,0
2,0,2,0,5,2,0,0,0,0,0,0,0,0
0,0,0,2,2,1,0,0,0,0,0,0,0,0
0,0,1,0,3,2,0,0,0,0,0,0,0,0
3,1,0,3,3,1,0,0,0,0,0,0,0,0
2,1,0,2,1,2,0,0,0,0,0,0,0,0
0,0,1,2,1,2,0,0,0,0,0,0,0,0
0,0,0,2,1,2,0,0,0,0,0,0,0,0
0,0,0,1,2,2,0,0,0,0,0,0,0,0
0,0,0,1,2,2,0,0,0,0,0,0,0,0
2,0,0,3,2,2,0,0,0,0,0,0,0,0
0,0,0,3,1,1,0,0,0,0,0,0,0,0
0,1,1,1,2,2,0,0,0,0,0,0,0,0
2,0,1,2,1,1,0,0,0,0,0,0,0,0
0,0,1,2,3,0,0,0,0,0,0,0,0,0
1,0,0,3,2,0,0,0,0,0,0,0,0,0
0,1,1,3,2,0,0,0,0,0,0,0,0,0
0,0,1,1,3,0,0,0,0,0,0,0,0,0
0,0,1,2,3,0,0,0,0,0,0,0,0,0
1,0,1,2,2,0,0,0,0,0,0,0,0,0
0,0,1,1,5,0,0,0,0,0,0,0,0,0
0,0,1,2,3,0,0,0,0,0,0,0,0,0
0,1,1,1,4,0,0,0,0,0,0,0,0,0
1,0,1,2,2,0,0,0,0,0,0,0,0,0
0,1,1,1,2,0,0,0,0,0,0,0,0,0
0,0,0,2,4,0,0,0,0,0,0,0,0,0
1,0,0,1,5,0,0,0,0,0,0,0,0,0
0,0,1,4,1,0,0,0,0,0,0,0,0,0
0,0,0,3,2,0,0,0,0,0,0,0,0,0
1,1,1,3,1,0,0,0,0,0,0,0,0,0
1,0,2,3,1,0,0,0,0,0,0,0,0,0
1,0,2,1,3,0,0,0,0,0,0,0,0,0
2,0,1,2,2,0,0,0,0,0,0,0,0,0
1,1,0,1,4,0,0,0,0,0,0,0,0,0
1,0,1,2,3,0,0,0,0,0,0,0,0,0
0,1,0,4,1,0,0,0,0,0,0,0,0,0
3,1,2,2,1,0,0,0,0,0,0,0,0,0
2,0,0,3,3,0,0,0,0,0,0,0,0,0
1,1,0,1,4,0,0,0,0,0,0,0,0,0
0,1,1,1,3,0,0,0,0,0,0,0,0,0
1,0,0,2,3,0,0,0,0,0,0,0,0,0
0,0,1,4,2,0,0,0,0,0,0,0,0,0
1,2,1,1,1,0,0,0,0,0,0,0,0,0
2,0,0,1,4,0,0,0,0,0,0,0,0,0
2,0,2,1,2,0,0,0,0,0,0,0,0,0
2,0,0,3,3,0,0,0,0,0,0,0,0,0
2,2,1,2,3,0,0,0,0,0,0,0,0,0
0,1,1,2,1,0,0,0,0,0,0,0,0,0
1,0,1,1,3,0,0,0,0,0,0,0,0,0
3,0,1,2,2,0,0,0,0,0,0,0,0,0
1,1,3,1,1,0,0,0,0,0,0,0,0,0
1,1,0,3,4,0,0,0,0,0,0,0,0,0
0,1,0,2,4,0,0,0,0,0,0,0,0,0
1,1,2,2,1,0,0,0,0,0,0,0,0,0
2,1,1,4,1,0,0,0,0,0,0,0,0,0
1,0,0,4,1,0,0,0,0,0,0,0,0,0
2,1,4,1,2,0,0,0,0,0,0,0,0,0
0,0,2,2,4,0,0,0,0,0,0,0,0,0
0,0,1,1,3,0,0,0,0,0,0,0,0,0
0,1,1,2,3,0,0,0,0,0,0,0,0,0
1,0,3,1,2,0,0,0,0,0,0,0,0,0
0,1,1,2,1,0,0,0,0,0,0,0,0,0
0,0,0,1,6,0,0,0,0,0,0,0,0,0
2,1,0,1,4,0,0,0,0,0,0,0,0,0
1,1,0,1,5,0,0,0,0,0,0,0,0,0
0,0,0,2,3,0,0,0,0,0,0,0,0,0
2,0,2,1,3,0,0,0,0,0,0,0,0,0
2,1,1,2,4,0,0,0,0,0,0,0,0,0
3,0,0,3,3,0,0,0,0,0,0,0,0,0
0,2,1,2,2,0,0,0,0,0,0,0,0,0
1,0,0,1,4,0,0,0,0,0,0,0,0,0
0,1,1,1,2,0,0,0,0,0,0,0,0,0
2,2,1,2,1,0,0,0,0,0,0,0,0,0
1,0,1,1,3,0,0,0,0,0,0,0,0,0
0,0,1,1,3,0,0,0,0,0,0,0,0,0
1,3,1,1,1,0,0,0,0,0,0,0,0,0
1,1,2,3,1,0,0,0,0,0,0,0,0,0
1,1,3,1,2,0,0,0,0,0,0,0,0,0
0,1,1,1,2,0,0,0,0,0,0,0,0,0
0,0,0,4,1,0,0,0,0,0,0,0,0,0
0,0,0,1,4,0,0,0,0,0,0,0,0,0
0,0,1,2,2,0,0,0,0,0,0,0,0,0
2,0,0,2,3,0,0,0,0,0,0,0,0,0
2,0,0,3,4,0,0,0,0,0,0,0,0,0
1,0,0,2,3,0,0,0,0,0,0,0,0,0
0,0,0,3,3,0,0,0,0,0,0,0,0,0
4,3,0,1,4,0,0,0,0,0,0,0,0,0
0,0,1,3,1,0,0,0,0,0,0,0,0,0
0,0,0,0,5,0,0,0,0,0,0,0,0,0
2,0,1,1,3,0,0,0,0,0,0,0,0,0
1,0,1,2,2,0,0,0,0,0,0,0,0,0
0,1,0,2,4,0,0,0,0,0,0,0,0,0
2,0,0,1,4,0,0,0,0,0,0,0,0,0
1,0,3,1,3,0,0,0,0,0,0,0,0,0
1,1,0,2,3,0,0,0,0,0,0,0,0,0
0,0,2,1,2,0,0,0,0,0,0,0,0,0
1,0,0,3,3,0,0,0,0,0,0,0,0,0
0,0,2,2,2,0,0,0,0,0,0,0,0,0
0,2,1,2,1,0,0,0,0,0,0,0,0,0
0,0,3,1,3,0,0,0,0,0,0,0,0,0
2,1,1,2,2,0,0,0,0,0,0,0,0,0
1,0,0,2,4,0,0,0,0,0,0,0,0,0
0,0,3,1,2,0,0,0,0,0,0,0,0,0
2,2,1,1,2,0,0,0,0,0,0,0,0,0
0,1,0,1,4,0,0,0,0,0,0,0,0,0
0,0,1,3,3,0,0,0,0,0,0,0,0,0
2,0,0,2,3,0,0,0,0,0,0,0,0,0
0,0,1,4,3,0,0,0,0,0,0,0,0,0
2,2,0,1,4,0,0,0,0,0,0,0,0,0
1,1,1,1,2,0,0,0,0,0,0,0,0,0
2,2,1,1,2,0,0,0,0,0,0,0,0,0
0,0,0,0,5,0,0,0,0,0,0,0,0,0
2,0,1,1,3,0,0,0,0,0,0,0,0,0
1,0,0,2,3,0,0,0,0,0,0,0,0,0
0,1,1,2,2,0,0,0,0,0,0,0,0,0
2,0,0,3,2,0,0,0,0,0,0,0,0,0
4,0,1,2,2,0,0,0,0,0,0,0,0,0
3,1,1,1,1,0,0,0,0,0,0,0,0,0
2,0,0,4,1,0,0,0,0,0,0,0,0,0
0,1,1,2,1,0,0,0,0,0,0,0,0,0
2,1,1,1,1,0,0,0,0,0,0,0,0,0
1,1,1,1,1,0,0,0,0,0,0,0,0,0
0,0,1,1,3,0,0,0,0,0,0,0,0,0
1,0,1,3,1,0,0,0,0,0,0,0,0,0
0,0,1,2,2,0,0,0,0,0,0,0,0,0
0,0,0,2,4,0,0,0,0,0,0,0,0,0
2,1,1,2,1,0,0,0,0,0,0,0,0,0
0,0,0,3,2,0,0,0,0,0,0,0,0,0
0,0,1,3,3,0,0,0,0,0,0,0,0,0
2,1,1,1,1,0,0,0,0,0,0,0,0,0
1,0,0,3,2,0,0,0,0,0,0,0,0,0
2,1,1,0,5,0,0,0,0,0,0,0,0,0
0,0,0,3,3,0,0,0,0,0,0,0,0,0
1,0,2,3,3,0,0,0,0,0,0,0,0,0
0,0,0,3,3,0,0,0,0,0,0,0,0,0
0,1,1,0,5,0,0,0,0,0,0,0,0,0
1,1,1,1,2,0,0,0,0,0,0,0,0,0
0,0,1,1,3,0,0,0,0,0,0,0,0,0
0,0,2,2,1,0,0,0,0,0,0,0,0,0
0,1,2,3,2,0,0,0,0,0,0,0,0,0
0,2,1,1,2,0,0,0,0,0,0,0,0,0
2,1,1,1,1,0,0,0,0,0,0,0,0,0
2,1,1,1,1,0,0,0,0,0,0,0,0,0
1,0,1,2,3,0,0,0,0,0,0,0,0,0
2,2,1,1,2,0,0,0,0,0,0,0,0,0
1,0,1,0,5,0,0,0,0,0,0,0,0,0
0,1,1,1,2,0,0,0,0,0,0,0,0,0
4,1,1,1,1,0,0,0,0,0,0,0,0,0
1,0,2,0,5,0,0,0,0,0,0,0,0,0
0,1,1,2,1,0,0,0,0,0,0,0,0,0
1,1,1,1,2,0,0,0,0,0,0,0,0,0
0,1,0,2,4,0,0,0,0,0,0,0,0,0
0,0,0,4,1,0,0,0,0,0,0,0,0,0
0,1,0,1,4,0,0,0,0,0,0,0,0,0
1,0,0,4,1,0,0,0,0,0,0,0,0,0
0,2,1,1,1,0,0,0,0,0,0,0,0,0
1,0,0,1,4,0,0,0,0,0,0,0,0,0
1,0,1,3,5,0,0,0,0,0,0,0,0,0
1,0,0,1,5,0,0,0,0,0,0,0,0,0
0,0,1,3,1,0,0,0,0,0,0,0,0,0
1,0,0,1,4,0,0,0,0,0,0,0,0,0
2,2,1,2,1,0,0,0,0,0,0,0,0,0
0,1,1,1,3,0,0,0,0,0,0,0,0,0
2,0,2,1,3,0,0,0,0,0,0,0,0,0
1,1,1,1,2,0,0,0,0,0,0,0,0,0
0,0,1,1,3,0,0,0,0,0,0,0,0,0
1,0,1,1,3,0,0,0,0,0,0,0,0,0
1,0,1,1,3,0,0,0,0,0,0,0,0,0
1,1,0,4,3,0,0,0,0,0,0,0,0,0
1,1,1,2,2,0,0,0,0,0,0,0,0,0
0,0,2,1,2,0,0,0,0,0,0,0,0,0
2,0,1,3,1,0,0,0,0,0,0,0,0,0
1,0,0,2,4,0,0,0,0,0,0,0,0,0
1,0,0,1,4,0,0,0,0,0,0,0,0,0
2,0,1,1,3,0,0,0,0,0,0,0,0,0
1,0,1,1,3,0,0,0,0,0,0,0,0,0
0,1,2,1,1,0,0,0,0,0,0,0,0,0
1,1,1,3,1,0,0,0,0,0,0,0,0,0
0,0,2,1,2,0,0,0,0,0,0,0,0,0
1,1,1,1,3,0,0,0,0,0,0,0,0,0
1,1,1,1,2,0,0,0,0,0,0,0,0,0
0,0,0,2,3,0,0,0,0,0,0,0,0,0
0,0,0,2,3,0,0,0,0,0,0,0,0,0
1,1,1,1,1,0,0,0,0,0,0,0,0,0
0,0,2,2,1,0,0,0,0,0,0,0,0,0
2,0,2,4,3,0,0,0,0,0,0,0,0,0
3,0,1,2,2,0,0,0,0,0,0,0,0,0
0,2,2,2,1,0,0,0,0,0,0,0,0,0
0,2,1,3,2,0,0,0,0,0,0,0,0,0
0,0,1,2,2,0,0,0,0,0,0,0,0,0
0,0,0,3,2,0,0,0,0,0,0,0,0,0
0,0,1,2,2,0,0,0,0,0,0,0,0,0
1,1,0,2,4,0,0,0,0,0,0,0,0,0
1,2,1,1,2,0,0,0,0,0,0,0,0,0
2,0,1,3,2,0,0,0,0,0,0,0,0,0
0,0,0,2,3,0,0,0,0,0,0,0,0,0
0,0,0,0,5,0,0,0,0,0,0,0,0,0
2,1,1,1,1,0,0,0,0,0,0,0,0,0
0,0,1,2,2,0,0,0,0,0,0,0,0,0
0,0,3,1,2,0,0,0,0,0,0,0,0,0
0,1,0,3,2,0,0,0,0,0,0,0,0,0
1,0,0,1,4,0,0,0,0,0,0,0,0,0
0,0,1,1,4,0,0,0,0,0,0,0,0,0
0,0,1,2,2,0,0,0,0,0,0,0,0,0
2,0,1,1,3,0,0,0,0,0,0,0,0,0
1,0,0,2,3,0,0,0,0,0,0,0,0,0
0,0,2,1,3,0,0,0,0,0,0,0,0,0
2,1,1,1,5,0,0,0,0,0,0,0,0,0
3,0,1,3,2,0,0,0,0,0,0,0,0,0
0,0,0,4,1,0,0,0,0,0,0,0,0,0
1,0,0,3,3,0,0,0,0,0,0,0,0,0
0,0,0,1,5,0,0,0,0,0,0,0,0,0
1,0,0,4,1,0,0,0,0,0,0,0,0,0
0,0,0,3,3,0,0,0,0,0,0,0,0,0
3,1,1,1,1,0,0,0,0,0,0,0,0,0
1,0,1,3,2,0,0,0,0,0,0,0,0,0
1,1,1,2,2,0,0,0,0,0,0,0,0,0
0,1,1,1,2,0,0,0,0,0,0,0,0,0
2,0,0,0,5,0,0,0,0,0,0,0,0,0
1,0,1,2,4,0,0,0,0,0,0,0,0,0
0,1,0,2,3,0,0,0,0,0,0,0,0,0
0,1,1,1,2,0,0,0,0,0,0,0,0,0
0,0,2,2,1,0,0,0,0,0,0,0,0,0
0,1,1,1,2,0,0,0,0,0,0,0,0,0
1,1,0,2,3,0,0,0,0,0,0,0,0,0
0,0,1,2,3,0,0,0,0,0,0,0,0,0
0,0,0,0,6,0,0,0,0,0,0,0,0,0
1,0,0,3,2,0,0,0,0,0,0,0,0,0
2,1,1,1,1,0,0,0,0,0,0,0,0,0
1,1,1,1,1,0,0,0,0,0,0,0,0,0
0,0,0,3,3,0,0,0,0,0,0,0,0,0
0,0,1,5,2,0,0,0,0,0,0,0,0,0
0,0,3,1,3,0,0,0,0,0,0,0,0,0
1,0,4,1,2,0,0,0,0,0,0,0,0,0
0,2,1,1,1,0,0,0,0,0,0,0,0,0
0,1,2,2,1,0,0,0,0,0,0,0,0,0
1,0,1,1,3,0,0,0,0,0,0,0,0,0
0,0,1,3,1,0,0,0,0,0,0,0,0,0
0,1,1,2,1,0,0,0,0,0,0,0,0,0
1,1,1,2,1,0,0,0,0,0,0,0,0,0
0,0,1,1,3,0,0,0,0,0,0,0,0,0
1,0,0,4,1,0,0,0,0,0,0,0,0,0
1,0,0,2,4,0,0,0,0,0,0,0,0,0
0,0,1,2,2,0,0,0,0,0,0,0,0,0
1,0,1,2,2,0,0,0,0,0,0,0,0,0
1,1,0,2,3,0,0,0,0,0,0,0,0,0
0,0,0,3,2,0,0,0,0,0,0,0,0,0
0,1,0,4,1,0,0,0,0,0,0,0,0,0
2,1,1,1,1,0,0,0,0,0,0,0,0,0
0,0,1,2,2,0,0,0,0,0,0,0,0,0
0,0,1,2,3,0,0,0,0,0,0,0,0,0
1,0,2,2,1,0,0,0,0,0,0,0,0,0
0,0,3,1,3,0,0,0,0,0,0,0,0,0
2,1,1,2,2,0,0,0,0,0,0,0,0,0
1,1,0,2,5,0,0,0,0,0,0,0,0,0
2,1,1,8,1,0,0,0,0,0,0,0,0,0
0,0,2,1,3,0,0,0,0,0,0,0,0,0
1,0,1,2,3,0,0,0,0,0,0,0,0,0
0,0,0,1,4,0,0,0,0,0,0,0,0,0
4,1,0,2,3,0,0,0,0,0,0,0,0,0
1,2,1,1,1,0,0,0,0,0,0,0,0,0
0,1,1,1,3,0,0,0,0,0,0,0,0,0
1,3,1,1,4,0,0,0,0,0,0,0,0,0
0,1,0,0,5,0,0,0,0,0,0,0,0,0
0,0,0,2,3,0,0,0,0,0,0,0,0,0
1,0,1,1,4,0,0,0,0,0,0,0,0,0
4,1,2,1,1,0,0,0,0,0,0,0,0,0
0,0,0,4,3,0,0,0,0,0,0,0,0,0
1,0,0,2,3,0,0,0,0,0,0,0,0,0
4,0,0,2,4,0,0,0,0,0,0,0,0,0
0,0,1,2,3,0,0,0,0,0,0,0,0,0
0,0,2,1,2,0,0,0,0,0,0,0,0,0
1,0,1,3,1,0,0,0,0,0,0,0,0,0
1,0,1,3,1,0,0,0,0,0,0,0,0,0
1,0,0,1,4,0,0,0,0,0,0,0,0,0
2,0,0,2,3,0,0,0,0,0,0,0,0,0
1,1,1,1,1,0,0,0,0,0,0,0,0,0
0,0,2,1,3,0,0,0,0,0,0,0,0,0
4,1,1,1,3,0,0,0,0,0,0,0,0,0
0,0,2,4,1,0,0,0,0,0,0,0,0,0
1,1,1,1,1,0,0,0,0,0,0,0,0,0
0,1,1,1,2,0,0,0,0,0,0,0,0,0
3,1,1,1,1,0,0,0,0,0,0,0,0,0
1,1,0,2,4,0,0,0,0,0,0,0,0,0
2,1,0,1,4,0,0,0,0,0,0,0,0,0
0,0,0,0,12,0,0,0,0,0,0,0,0,0
1,0,0,4,4,0,0,0,0,0,0,0,0,0
2,0,1,2,3,0,0,0,0,0,0,0,0,0
0,0,2,1,3,0,0,0,0,0,0,0,0,0
0,0,0,2,4,0,0,0,0,0,0,0,0,0
0,0,1,2,2,0,0,0,0,0,0,0,0,0
1,1,1,1,1,0,0,0,0,0,0,0,0,0
0,0,1,2,2,0,0,0,0,0,0,0,0,0
2,0,0,3,2,0,0,0,0,0,0,0,0,0
0,1,2,1,5,0,0,0,0,0,0,0,0,0
0,0,0,0,5,0,0,0,0,0,0,0,0,0
0,1,2,2,1,0,0,0,0,0,0,0,0,0
0,0,0,3,4,0,0,0,0,0,0,0,0,0
0,1,1,2,5,0,0,0,0,0,0,0,0,0
1,0,0,3,2,0,0,0,0,0,0,0,0,0
2,0,0,2,4,0,0,0,0,0,0,0,0,0
1,0,1,2,2,0,0,0,0,0,0,0,0,0
1,1,1,1,1,0,0,0,0,0,0,0,0,0
0,0,0,4,2,0,0,0,0,0,0,0,0,0
2,1,1,2,1,0,0,0,0,0,0,0,0,0
1,0,0,4,1,0,0,0,0,0,0,0,0,0
0,1,0,3,5,0,0,0,0,0,0,0,0,0
0,0,2,1,2,0,0,0,0,0,0,0,0,0
1,0,0,1,5,0,0,0,0,0,0,0,0,0
3,1,1,1,3,0,0,0,0,0,0,0,0,0
0,1,0,3,3,0,0,0,0,0,0,0,0,0
0,2,1,2,3,0,0,0,0,0,0,0,0,0
2,1,2,1,1,0,0,0,0,0,0,0,0,0
0,0,0,3,2,0,0,0,0,0,0,0,0,0
0,1,1,1,3,0,0,0,0,0,0,0,0,0
0,1,0,2,3,0,0,0,0,0,0,0,0,0
1,0,1,1,3,0,0,0,0,0,0,0,0,0
0,0,0,1,4,0,0,0,0,0,0,0,0,0
0,0,0,2,3,0,0,0,0,0,0,0,0,0
0,0,1,1,3,0,0,0,0,0,0,0,0,0
0,0,1,2,3,0,0,0,0,0,0,0,0,0
0,0,0,4,2,0,0,0,0,0,0,0,0,0
1,2,1,2,1,0,0,0,0,0,0,0,0,0
0,0,1,2,3,0,0,0,0,0,0,0,0,0
1,0,0,0,5,0,0,0,0,0,0,0,0,0
1,0,1,3,2,0,0,0,0,0,0,0,0,0
0,1,1,1,2,0,0,0,0,0,0,0,0,0
2,0,1,2,2,0,0,0,0,0,0,0,0,0
2,1,1,3,1,0,0,0,0,0,0,0,0,0
0,0,1,1,3,0,0,0,0,0,0,0,0,0
1,2,1,4,3,0,0,0,0,0,0,0,0,0
1,0,3,2,1,0,0,0,0,0,0,0,0,0
0,1,1,2,1,0,0,0,0,0,0,0,0,0
0,2,1,1,1,0,0,0,0,0,0,0,0,0
2,0,2,1,4,0,0,0,0,0,0,0,0,0
1,0,1,1,3,0,0,0,0,0,0,0,0,0
0,0,0,2,3,0,0,0,0,0,0,0,0,0
0,0,0,0,5,0,0,0,0,0,0,0,0,0
3,2,1,1,1,0,0,0,0,0,0,0,0,0
0,1,1,0,5,0,0,0,0,0,0,0,0,0
0,1,0,2,3,0,0,0,0,0,0,0,0,0
1,0,2,1,2,0,0,0,0,0,0,0,0,0
2,0,3,2,4,0,0,0,0,0,0,0,0,0
0,2,1,1,2,0,0,0,0,0,0,0,0,0
0,0,1,5,2,0,0,0,0,0,0,0,0,0
1,0,1,2,3,0,0,0,0,0,0,0,0,0
1,1,1,2,2,0,0,0,0,0,0,0,0,0
0,0,1,3,1,0,0,0,0,0,0,0,0,0
0,1,3,2,1,0,0,0,0,0,0,0,0,0
0,1,2,1,2,0,0,0,0,0,0,0,0,0
0,1,0,2,3,0,0,0,0,0,0,0,0,0
1,1,1,3,2,0,0,0,0,0,0,0,0,0
1,2,0,3,2,0,0,0,0,0,0,0,0,0
1,1,1,2,1,0,0,0,0,0,0,0,0,0
0,0,0,1,4,0,0,0,0,0,0,0,0,0
1,2,0,4,1,0,0,0,0,0,0,0,0,0
0,0,1,2,2,0,0,0,0,0,0,0,0,0
3,0,1,2,3,0,0,0,0,0,0,0,0,0
0,0,1,2,2,0,0,0,0,0,0,0,0,0
4,0,1,1,3,0,0,0,0,0,0,0,0,0
0,1,1,1,2,0,0,0,0,0,0,0,0,0
1,0,1,1,3,0,0,0,0,0,0,0,0,0
1,0,1,3,1,0,0,0,0,0,0,0,0,0
0,1,1,1,2,0,0,0,0,0,0,0,0,0
0,0,0,2,3,0,0,0,0,0,0,0,0,0
2,0,1,3,2,0,0,0,0,0,0,0,0,0
0,0,2,1,2,0,0,0,0,0,0,0,0,0
2,0,1,2,3,0,0,0,0,0,0,0,0,0
2,1,1,2,1,0,0,0,0,0,0,0,0,0
1,2,1,1,1,0,0,0,0,0,0,0,0,0
1,0,1,2,7,0,0,0,0,0,0,0,0,0
1,0,0,1,4,0,0,0,0,0,0,0,0,0
0,1,1,1,4,0,0,0,0,0,0,0,0,0
1,0,0,0,5,0,0,0,0,0,0,0,0,0
0,0,1,3,2,0,0,0,0,0,0,0,0,0
0,0,1,2,2,0,0,0,0,0,0,0,0,0
2,1,0,1,4,0,0,0,0,0,0,0,0,0
0,0,1,3,1,0,0,0,0,0,0,0,0,0
3,0,0,2,3,0,0,0,0,0,0,0,0,0
4,0,1,0,5,0,0,0,0,0,0,0,0,0
1,0,1,2,2,0,0,0,0,0,0,0,0,0
0,0,1,2,3,0,0,0,0,0,0,0,0,0
0,1,1,2,1,0,0,0,0,0,0,0,0,0
1,1,0,2,3,0,0,0,0,0,0,0,0,0
0,0,1,1,4,0,0,0,0,0,0,0,0,0
1,1,0,4,3,0,0,0,0,0,0,0,0,0
1,0,2,2,1,0,0,0,0,0,0,0,0,0
1,0,0,3,2,0,0,0,0,0,0,0,0,0
0,0,1,2,2,0,0,0,0,0,0,0,0,0
0,1,1,2,2,0,0,0,0,0,0,0,0,0
2,1,1,1,2,0,0,0,0,0,0,0,0,0
0,1,1,1,2,0,0,0,0,0,0,0,0,0
3,0,0,2,3,0,0,0,0,0,0,0,0,0
0,0,0,1,4,0,0,0,0,0,0,0,0,0
1,0,2,1,2,0,0,0,0,0,0,0,0,0
1,0,1,2,2,0,0,0,0,0,0,0,0,0
1,1,0,1,4,0,0,0,0,0,0,0,0,0
0,0,1,2,2,0,0,0,0,0,0,0,0,0
0,0,1,2,2,0,0,0,0,0,0,0,0,0
2,1,0,6,2,0,0,0,0,0,0,0,0,0
2,0,0,4,1,0,0,0,0,0,0,0,0,0
0,0,0,3,3,0,0,0,0,0,0,0,0,0
2,0,1,3,2,0,0,0,0,0,0,0,0,0
1,1,1,3,2,0,0,0,0,0,0,0,0,0
1,0,0,2,3,0,0,0,0,0,0,0,0,0
3,0,1,2,3,0,0,0,0,0,0,0,0,0
1,0,1,2,2,0,0,0,0,0,0,0,0,0
0,0,0,3,2,0,0,0,0,0,0,0,0,0
0,0,0,3,2,0,0,0,0,0,0,0,0,0
1,0,0,3,3,0,0,0,0,0,0,0,0,0
2,1,1,1,1,0,0,0,0,0,0,0,0,0
1,2,1,2,2,0,0,0,0,0,0,0,0,0
1,1,1,2,1,0,0,0,0,0,0,0,0,0
1,0,2,1,2,0,0,0,0,0,0,0,0,0
1,0,2,1,3,0,0,0,0,0,0,0,0,0
1,3,2,2,1,0,0,0,0,0,0,0,0,0
2,1,1,2,2,0,0,0,0,0,0,0,0,0
0,2,1,2,1,0,0,0,0,0,0,0,0,0
1,0,0,0,5,0,0,0,0,0,0,0,0,0
0,1,0,2,3,0,0,0,0,0,0,0,0,0
0,1,1,1,3,0,0,0,0,0,0,0,0,0
0,2,1,1,2,0,0,0,0,0,0,0,0,0
4,2,4,1,1,0,0,0,0,0,0,0,0,0
0,0,0,1,4,0,0,0,0,0,0,0,0,0
1,0,1,2,2,0,0,0,0,0,0,0,0,0
1,0,0,2,4,0,0,0,0,0,0,0,0,0
1,0,1,2,2,0,0,0,0,0,0,0,0,0
2,0,0,1,5,0,0,0,0,0,0,0,0,0
0,1,1,1,3,0,0,0,0,0,0,0,0,0
0,0,1,1,4,0,0,0,0,0,0,0,0,0
2,0,2,2,1,0,0,0,0,0,0,0,0,0
4,0,1,1,3,0,0,0,0,0,0,0,0,0
1,0,1,2,2,0,0,0,0,0,0,0,0,0
1,1,0,3,3,0,0,0,0,0,0,0,0,0
0,0,0,3,2,0,0,0,0,0,0,0,0,0
0,0,0,4,1,0,0,0,0,0,0,0,0,0
0,0,0,3,3,0,0,0,0,0,0,0,0,0
2,0,1,4,1,0,0,0,0,0,0,0,0,0
0,0,0,5,1,0,0,0,0,0,0,0,0,0
0,0,1,3,1,0,0,0,0,0,0,0,0,0
2,2,4,3,1,0,0,0,0,0,0,0,0,0
1,0,0,2,4,0,0,0,0,0,0,0,0,0
1,0,0,2,3,0,0,0,0,0,0,0,0,0
0,0,1,0,5,0,0,0,0,0,0,0,0,0
1,0,1,1,3,0,0,0,0,0,0,0,0,0
1,2,1,2,2,0,0,0,0,0,0,0,0,0
0,0,1,2,2,0,0,0,0,0,0,0,0,0
3,1,1,1,1,0,0,0,0,0,0,0,0,0
3,0,0,4,1,0,0,0,0,0,0,0,0,0
2,0,1,3,2,0,0,0,0,0,0,0,0,0
0,2,10,0,5,0,0,0,0,0,0,0,0,0
2,0,0,4,1,0,0,0,0,0,0,0,0,0
0,0,2,2,1,0,0,0,0,0,0,0,0,0
1,1,3,3,3,0,0,0,0,0,0,0,0,0
0,1,0,5,1,0,0,0,0,0,0,0,0,0
0,0,1,3,2,0,0,0,0,0,0,0,0,0
1,1,1,1,1,0,0,0,0,0,0,0,0,0
0,0,3,1,1,0,0,0,0,0,0,0,0,0
1,0,0,2,3,0,0,0,0,0,0,0,0,0
1,1,1,1,1,0,0,0,0,0,0,0,0,0
1,0,1,4,2,0,0,0,0,0,0,0,0,0
4,0,2,2,1,0,0,0,0,0,0,0,0,0
0,0,2,1,3,0,0,0,0,0,0,0,0,0
2,1,1,4,2,0,0,0,0,0,0,0,0,0
1,0,0,1,4,0,0,0,0,0,0,0,0,0
1,1,1,1,1,0,0,0,0,0,0,0,0,0
1,0,0,2,3,0,0,0,0,0,0,0,0,0
1,1,0,3,2,0,0,0,0,0,0,0,0,0
1,0,1,4,1,0,0,0,0,0,0,0,0,0
1,0,1,2,2,0,0,0,0,0,0,0,0,0
2,0,0,2,3,0,0,0,0,0,0,0,0,0
1,0,0,4,4,0,0,0,0,0,0,0,0,0
0,0,2,3,1,0,0,0,0,0,0,0,0,0
1,0,0,3,2,0,0,0,0,0,0,0,0,0
1,0,1,1,3,0,0,0,0,0,0,0,0,0
1,1,2,1,2,0,0,0,0,0,0,0,0,0
0,1,1,0,5,0,0,0,0,0,0,0,0,0
2,0,0,3,3,0,0,0,0,0,0,0,0,0
3,0,1,3,1,0,0,0,0,0,0,0,0,0
1,1,0,4,2,0,0,0,0,0,0,0,0,0
1,2,3,1,2,0,0,0,0,0,0,0,0,0
0,0,2,3,3,0,0,0,0,0,0,0,0,0
3,1,1,1,3,0,0,0,0,0,0,0,0,0
3,1,0,4,3,0,0,0,0,0,0,0,0,0
1,0,0,5,1,0,0,0,0,0,0,0,0,0
0,0,0,3,4,0,0,0,0,0,0,0,0,0
0,0,0,1,4,0,0,0,0,0,0,0,0,0
1,1,1,1,1,0,0,0,0,0,0,0,0,0
0,0,0,2,5,0,0,0,0,0,0,0,0,0
0,1,1,2,2,0,0,0,0,0,0,0,0,0
0,1,1,1,2,0,0,0,0,0,0,0,0,0
1,1,1,2,4,0,0,0,0,0,0,0,0,0
1,0,1,1,3,0,0,0,0,0,0,0,0,0
3,0,2,1,2,0,0,0,0,0,0,0,0,0
1,1,0,1,4,0,0,0,0,0,0,0,0,0
1,0,0,2,3,0,0,0,0,0,0,0,0,0
0,0,2,2,1,0,0,0,0,0,0,0,0,0
0,1,3,1,1,0,0,0,0,0,0,0,0,0
3,0,1,3,3,0,0,0,0,0,0,0,0,0
1,0,0,3,4,0,0,0,0,0,0,0,0,0
0,1,0,1,4,0,0,0,0,0,0,0,0,0
0,2,1,1,1,0,0,0,0,0,0,0,0,0
1,1,0,2,3,0,0,0,0,0,0,0,0,0
1,0,0,5,4,0,0,0,0,0,0,0,0,0
0,1,1,1,2,0,0,0,0,0,0,0,0,0
1,0,3,1,1,0,0,0,0,0,0,0,0,0
1,2,0,1,4,0,0,0,0,0,0,0,0,0
2,0,1,3,1,0,0,0,0,0,0,0,0,0
2,1,1,2,3,0,0,0,0,0,0,0,0,0
1,1,1,1,2,0,0,0,0,0,0,0,0,0
0,1,1,2,1,0,0,0,0,0,0,0,0,0
3,0,0,0,5,0,0,0,0,0,0,0,0,0
4,0,1,2,2,0,0,0,0,0,0,0,0,0
2,1,0,1,4,0,0,0,0,0,0,0,0,0
0,0,2,2,1,0,0,0,0,0,0,0,0,0
2,0,2,1,3,0,0,0,0,0,0,0,0,0
2,0,2,1,4,0,0,0,0,0,0,0,0,0
0,3,2,1,4,0,0,0,0,0,0,0,0,0
2,1,1,0,5,0,0,0,0,0,0,0,0,0
0,1,1,2,2,0,0,0,0,0,0,0,0,0
1,0,0,1,4,0,0,0,0,0,0,0,0,0
4,1,1,2,3,0,0,0,0,0,0,0,0,0
0,0,1,6,1,0,0,0,0,0,0,0,0,0
2,1,1,2,1,0,0,0,0,0,0,0,0,0
0,0,0,2,4,0,0,0,0,0,0,0,0,0
1,1,1,2,2,0,0,0,0,0,0,0,0,0
1,0,0,2,3,0,0,0,0,0,0,0,0,0
2,1,2,2,1,0,0,0,0,0,0,0,0,0
0,0,2,3,2,0,0,0,0,0,0,0,0,0
0,0,1,2,2,0,0,0,0,0,0,0,0,0
1,1,1,1,1,0,0,0,0,0,0,0,0,0
1,1,1,1,1,0,0,0,0,0,0,0,0,0
0,1,3,1,1,0,0,0,0,0,0,0,0,0
0,0,0,1,4,0,0,0,0,0,0,0,0,0
1,1,2,1,1,0,0,0,0,0,0,0,0,0
1,0,2,2,2,0,0,0,0,0,0,0,0,0
1,2,1,1,1,0,0,0,0,0,0,0,0,0
1,3,4,3,2,0,0,0,0,0,0,0,0,0
2,1,1,1,1,0,0,0,0,0,0,0,0,0
1,0,0,4,1,0,0,0,0,0,0,0,0,0
