barcode_highcomplexity,Ancestor,evolution_condition of fitness_withMutations_Grant_2024,1D_Fitness_Li2019_Li2019Neutrals,2D_Fitness_Li2019_Li2019Neutrals,3D_Fitness_Li2019_Li2019Neutrals,5D_Fitness_Li2019_Li2019Neutrals,1day_Grant_corrected,2day_Grant_corrected,3day_Grant_corrected,5day_Grant_corrected,M3_1_day_mean_Fitness_Per_Cycle_change_from_ancestor,M3_2_day_mean_Fitness_Per_Cycle_change_from_ancestor,M3_3_day_mean_Fitness_Per_Cycle_change_from_ancestor ,M3_5_day_mean_Fitness_Per_Cycle_change_from_ancestor
TCACTAAGAAGGAAGTCCATTATTAC,Levy_ancestor,Evo2D,0.725217903,1.122449036,1.398342994,0.966104982,0.768764782,0.749646546,0.658610153,0.102877691,0.677807882,0.805494645,1.174212003,0.415621942
GACAAAATAATGAAGTAAATTCGTGG,Levy_ancestor,Evo2D,0.367651712,0.759471226,1.186515376,1.262492544,0.376207695,0.449466202,0.372750926,0.852486595,0.270671467,0.417807525,1.13104735,1.891877243
CCGTCAAATCGTAACGTGCTTAAAGG,Levy_ancestor,Evo2D,0.363905712,0.854246788,1.236797174,1.311939036,0.368319699,0.420587598,0.435356834,0.9842587,0.262963213,0.444975983,1.153701885,2.015707998
CATCGAAACACTAAATATTTTAGCTC,Levy_ancestor,Evo2D,,,,,0.796649654,0.905914699,0.694041563,-0.650242217,0.774984609,0.922175101,1.067780946,-1.765376596
TAATCAATACATAATGCATTTAAGAC,Levy_ancestor,Evo2D,,,,,0.81965193,0.897835648,0.589300468,-0.745548951,0.767529389,0.909070559,0.417284679,-6.647111394
GGGTCAACGACTAAGTGTCTTCCCCA,Levy_ancestor,Evo2D,,,,,0.626555051,0.63463042,0.587577798,0.465297564,0.528628806,0.666505253,1.139811562,0.908879441
CAGGCAAGAGTGAAGGGCCTTGGTGC,Levy_ancestor,Evo2D,,,,,0.748741811,0.785048956,0.629686128,0.350946165,0.6846414,0.769599296,1.13450579,0.085759396
AGGTAAAACTGCAAGCCATTTAGTAC,Levy_ancestor,Evo2D,,,,,0.594012904,0.647252564,0.617114464,0.32324758,0.488903424,0.626711456,1.121335492,1.125572119
TACCTAAGCAATAAGCTACTTACCGA,Levy_ancestor,Evo2D,,,,,0.342649788,0.261125636,0.182417005,0.856032883,0.221342075,0.151078651,0.46784133,1.19819023
CTGCGAAAGTGCAAGCACGTTTTTTC,Levy_ancestor,Evo2D,,,,,0.392422821,0.301036245,0.174001197,0.546813057,0.215003979,0.166690207,0.469178246,1.232246462
AGCCAAAAAAGTAATATTTTTGACCA,Levy_ancestor,Evo2D,,,,,0.598324356,0.648909298,0.45196456,0.179750358,0.519294901,0.673278738,1.164929653,1.109271206
CGTGAAAACTGTAAGCGAGTTGCGAA,Levy_ancestor,Evo2D,0.382168126,0.388902213,0.493514127,0.651645139,0.383229357,0.404635792,0.381572617,0.83720614,0.290574501,0.246143783,0.755768514,1.534004081
TCCATAATTGGGAATTGGATTTTGGC,Levy_ancestor,Evo2D,0.74585403,1.773304887,2.022585098,1.347328262,0.907710976,0.948830078,0.582953929,-0.835848417,0.856827397,0.936639213,1.098121998,-3.505573714
CGAGCAAGCCGGAAGAGTCTTGCGAC,Levy_ancestor,Evo2D,0.740222651,1.170808115,1.329497497,1.179401666,0.786976902,0.824522333,0.655715031,0.033250615,0.718371093,0.841229985,1.147100835,0.09939081
ATTACAACGCTCAACTAGGTTGGACC,Levy_ancestor,Evo2D,,,,,0.613452623,0.647205723,0.55355535,0.494058916,0.530967725,0.66016882,1.162629134,0.920833272
GTCGGAAGGAACAAACTAATTGTGCT,Levy_ancestor,Evo2D,0.125747273,-0.129937718,-0.145879279,-0.163880552,0.277119309,0.24355287,-0.113998194,0.220658565,,,,
CTTCCAACAAAAAATCATTTTTATAC,Levy_ancestor,Evo2D,0.637999076,1.069081894,1.343676394,1.063111244,0.63227069,0.669707693,0.378113462,-0.046642194,0.59606642,0.667810721,1.031830221,0.4161028
TGGCCAATGTGTAATTTGTTTTAGTA,Levy_ancestor,Evo2D,,,,,0.332629091,0.212819481,0.075071773,0.512882134,0.198473787,0.143091819,0.467504519,1.260551744
GGCTGAAGAGGAAAACAAATTGATAA,Levy_ancestor,Evo2D,0.511513509,1.19220597,1.51360397,1.327082339,0.617134452,0.667277992,0.513894289,0.280888851,0.526032628,0.67054437,1.151004486,1.02399477
TACTTAATACAGAATGTACTTGGATA,Levy_ancestor,Evo2D,0.615240539,1.069124779,1.427067354,1.307829412,0.677750397,0.64612886,0.524139278,1.030669394,0.575298427,0.606577717,1.268408909,1.954497278
ACGAGAATAGCAAACGCAGTTGAGCG,Levy_ancestor,Evo2D,0.004882131,0.057036612,-0.00597066,-0.011875706,0.030004106,0.006717553,0.045385706,0.169871811,,,,
CCAAAAATAACTAAGTACATTTCAGG,Levy_ancestor,Evo2D,0.521645671,1.230900011,1.568974807,1.344228504,0.633081418,0.667947532,0.527729168,0.187418676,0.515612606,0.675204997,1.147192131,0.972524908
AATAAAAGACCAAAAGTCCTTGTCCG,Levy_ancestor,Evo2D,0.340628105,0.747764298,1.203179148,1.276055252,0.410032038,0.487623072,0.374731225,1.09783608,0.280371654,0.435278772,1.127255636,1.88815572
CTCCCAATGATGAATTTACTTGCCTT,Levy_ancestor,Evo2D,,,,,0.340032273,0.271405501,0.185096764,0.361011094,0.212015862,0.160806941,0.449622397,1.252316873
TTTCAAATCGGGAAGAGCGTTGGCCG,Levy_ancestor,Evo2D,0.485712982,1.19094433,1.497473362,1.241766079,0.606894592,0.651021584,0.581508506,0.463143992,0.514654654,0.655810596,1.13014417,0.951905918
TCGCCAACAATTAACTCGATTACGGC,Levy_ancestor,Evo2D,0.787848935,1.057604435,1.284682681,1.07836222,0.734943177,0.751092118,0.651017075,1.096017138,0.697105826,0.635758285,1.071903859,0.453337472
GGGCGAAGTCGCAAGGGCCTTAAGGG,Levy_ancestor,Evo2D,,,,,0.308664141,0.24123438,0.094194197,0.697310068,0.214303636,0.123826451,0.471600927,1.116157792
TCGATAATGACCAATACCATTTTGTC,Levy_ancestor,Evo2D,0.028365229,0.0430156,0.025935302,0.043280752,0.014336612,-0.016474111,0.019726788,0.142057013,,,,
GGGGCAAGTGGGAAGAGGGTTGGGGA,Levy_ancestor,Evo2D,,,,,0.76288122,0.722149016,0.667257695,0.694470516,0.696131562,0.635360061,1.057116303,0.466439511
AACTAAACAAGTAAAGGCTTTGGTGT,Levy_ancestor,Evo2D,,,,,0.824895901,0.872277379,0.568899896,-1.346302851,0.716832216,0.874126385,-0.315973703,-6.638821927
GCATCAAGAATAAAGCGGGTTCCGCT,Levy_ancestor,Evo2D,0.012017418,-0.025933713,0.027734879,0.034101694,0.016403868,-0.003222078,-0.010148535,0.078576077,,,,
ACCCCAAATACCAAAGGAGTTGCGTG,Levy_ancestor,Evo2D,-0.008327026,0.0631365,-0.022786336,-0.016208574,0.033101219,0.02734799,0.102160291,0.190009763,,,,
AATTTAAACGACAATCCGATTATTAG,Levy_ancestor,Evo2D,0.378226582,0.811424424,1.18630731,1.330755126,0.41889012,0.453968937,0.280609287,1.025482359,0.293476491,0.46858439,1.169920174,1.901559043
CATTCAAGCGCTAATGCATTTATATT,Levy_ancestor,Evo2D,,,,,0.289198681,0.257829157,0.029683716,0.337426788,0.204073725,0.182366533,0.384179661,1.251041534
CCCCAAAGGTTGAAATAAGTTGCAAA,Levy_ancestor,Evo2D,-0.048796431,0.063837777,-0.021372703,-0.078430572,0.084152774,0.258402975,-0.103486235,-0.954573312,,,,
CGGCCAATTTGGAAGTCGCTTATATA,Levy_ancestor,Evo2D,0.031548127,-0.0441304,0.055214899,-0.051663094,-0.021355978,-0.024663738,-0.18565652,-0.206296183,,,,
ATGGAAAAGGCCAACTTTATTACGCT,Levy_ancestor,Evo2D,,,,,0.357701106,0.289502687,0.192720486,0.635833534,0.231076908,0.150170299,0.495979955,1.17734378
ATCCCAAACTGGAACAGGGTTACAAT,Levy_ancestor,Evo2D,-0.026406174,-0.210783559,-0.156610682,-0.119542839,0.067392781,0.146673992,-0.113160796,-0.471588552,,,,
GCACCAACGACGAAGCGCCTTGGGGT,Levy_ancestor,Evo2D,0.054364591,0.188449,-0.024509973,-0.014163954,0.137856259,0.014698635,-0.145950549,0.159190615,,,,
ATCACAATGGATAACAAGATTTTGCA,Levy_ancestor,Evo2D,0.003602063,0.231363,0.123952984,-0.06777619,0.042437786,0.238448792,-0.300104088,-0.070254663,,,,
AGCTGAAATATTAACAAGGTTTGAGC,Levy_ancestor,Evo2D,0.153149698,0.310844197,0.701527371,1.045025957,0.283723324,0.282809789,0.160672956,1.187671497,0.135978534,0.351445291,1.284415946,2.984174166
TAAGAAACAATTAACAGGGTTTGGTA,Levy_ancestor,Evo2D,0.503933274,1.285839235,1.585928087,1.236182306,0.598526193,0.631282927,0.498209912,0.060464275,0.536385726,0.677263607,1.13458722,1.006674212
TGCCCAATGCTTAATTCGATTATGGT,Levy_ancestor,Evo2D,0.935788706,1.643944182,1.588516369,0.240613617,0.89641753,0.955766293,0.551768882,-0.253440998,0.82163543,0.871009026,-0.109410127,-6.647111394
TGCTTAAGCGCGAAATGCTTTACACC,Levy_ancestor,Evo2D,0.065909751,-0.00162436,-0.037644262,-0.061391628,0.003400708,-0.019669988,0.038594988,0.128384688,,,,
CACCAAACTCCAAAACAGTTTTCTGT,Levy_ancestor,Evo2D,0.706946916,1.071114887,1.253151785,1.010016168,0.692133334,0.694814838,0.2490833,0.713007348,0.591578005,0.590270036,1.009842131,0.498926237
TCTAGAAAGGTCAACAAGCTTGCGTA,Levy_ancestor,Evo2D,0.033553418,0.02509469,0.141653633,-0.095153161,0.084111175,0.103908074,-0.290891084,-0.406740207,,,,
CGGAAAACATTGAACTTTATTAATGG,Levy_ancestor,Evo2D,0.004670263,0.0416327,-0.061489024,-0.017705958,0.023454307,0.022976965,0.028069537,-0.040765261,,,,
TTTACAATTCGTAACAGTATTTTGTG,Levy_ancestor,Evo2D,0.394759998,0.366285803,0.448552949,0.22849532,0.368391061,0.384508539,0.245363787,0.024599422,0.286331455,0.309199197,0.292883147,0.340725769
AGGGAAAACAGGAAACCCGTTTCCCT,Levy_ancestor,Evo2D,-0.020412614,0.039444507,-0.002049301,-0.061502927,0.023318055,0.044855965,0.123210737,0.164757686,,,,
TATTAAAACCCGAACGTCATTTGTCA,Levy_ancestor,Evo2D,-0.018871494,-0.0463168,0.061849553,-0.046548216,0.068320807,0.235760618,-0.365389918,-0.433226362,,,,
TGAGAAAGCCCAAAGGTCATTTGGGC,Levy_ancestor,Evo2D,0.769628262,1.157828881,1.355522199,1.06614848,0.775107421,0.776431016,0.779636607,0.953656617,0.695478391,0.650682298,1.082803482,0.501708171
ATTCAAATCGAAAATGATGTTCTTCA,Levy_ancestor,Evo2D,-0.05969115,-0.00470967,-0.02012218,0.010169681,-0.006372159,-0.01384278,0.035437064,0.144957685,,,,
TCGACAAATTGCAAGAAGGTTTCATC,Levy_ancestor,Evo2D,-0.03719503,-0.019721704,-0.034293396,-0.017034859,0.008614868,-0.018143817,0.005308467,0.087677297,,,,
AATAGAACCCCAAATATTTTTTCTCG,Levy_ancestor,Evo2D,-0.010936454,0.017081,0.031111206,0.0132051,-0.048125792,-0.01985341,-0.143634973,-0.119481523,,,,
CATCTAACCAGCAATCTACTTAGTCA,Levy_ancestor,Evo2D,-0.029212584,0.126338,0.094783668,-0.072216676,0.110323179,0.267855273,0.239320639,-0.036425102,,,,
TGCCTAAACGGTAAGCGAGTTTCCCA,Levy_ancestor,Evo2D,,,,,0.377732357,0.264719564,0.081859971,0.648327688,0.198222495,0.183487172,0.504524642,1.265024985
AACCCAATAAAGAAACCTCTTGATCG,Levy_ancestor,Evo2D,0.593709865,1.044941134,1.417176549,1.257187199,0.729479133,0.707741316,0.666079317,1.179609455,0.592415696,0.622493948,1.035175505,1.763172464
TTTTCAACCGGTAATTAAATTCTCGT,Levy_ancestor,Evo2D,0.040597688,0.058849,0.00935606,-0.00904802,-0.02340168,-0.033046535,-0.04267498,-0.032020577,,,,
GACCCAACTCGTAAGACGATTTAGGA,Levy_ancestor,Evo2D,,,,,0.379635326,0.267825352,0.074432451,0.845745042,0.209963763,0.170935215,0.445179121,1.257356397
AGTCAAAGGTGAAATGCAGTTCCGGT,Levy_ancestor,Evo2D,0.248340711,0.851881376,0.970225229,0.893782579,0.290807919,0.385609181,0.292899657,0.314827024,0.16863679,0.287304959,0.718158248,0.394199832
CAGTAAACTCTAAATCGCATTAAAGT,Levy_ancestor,Evo2D,,,,,0.789519322,0.864630638,0.657066423,0.139135562,0.764225931,0.844212404,1.203180699,0.196727094
ATATTAATTTCAAAATATTTTCGTTG,Levy_ancestor,Evo2D,0.388853492,0.672195439,0.986012637,0.951334862,0.403938939,0.271721251,0.358958134,0.701056206,0.221998661,0.180317433,1.042966088,2.458347142
CTTCAAAGCCCAAAGCACTTTGAATT,Levy_ancestor,Evo2D,,,,,0.401200561,0.280722905,0.154026952,0.359959751,0.215981203,0.170074587,0.442281339,1.183965422
TTAACAATTGCAAATGTGTTTTTAAT,Levy_ancestor,Evo2D,0.119529082,0.779256014,0.945939213,0.557811606,0.355641993,0.333512317,-0.06566034,-0.042089377,0.197203055,0.271173854,0.308517238,-0.168518936
GCATCAATGATCAACGCGGTTACCTG,Levy_ancestor,Evo2D,-0.010021155,0.0626723,-0.000858269,-0.045968215,0.029868979,0.006465805,0.078154548,0.186208911,,,,
TAGCGAAAGTGAAAAACTGTTAAGCA,Levy_ancestor,Evo2D,0.750541175,1.040963836,1.251119515,1.04535239,0.770185374,0.769057415,0.586298201,0.640451026,0.693378097,0.641429547,1.058596961,0.453458282
GACCGAATGTAAAAAACAGTTCAGAG,Levy_ancestor,Evo2D,,,,,0.345736283,0.326402183,0.066055173,0.506184546,0.199112854,0.194100891,0.428367428,1.083490311
GCGCAAATAGTCAAGCTTGTTAAACT,Levy_ancestor,Evo2D,0.642801023,1.059363688,1.233371919,1.060094261,0.669620664,0.676090554,0.616253712,0.54250511,0.590624266,0.613854843,1.056467109,0.690614046
TAATCAACAGCCAACAGGGTTGCGGC,Levy_ancestor,Evo2D,-0.024622361,-0.0173472,0.021539718,-0.130945935,0.125509443,0.2322708,-0.227830747,0.069936176,,,,
AAATTAATATCTAACACGTTTGGCAA,Levy_ancestor,Evo2D,,,,,0.369107771,0.270314583,0.083357257,0.562032724,0.224173441,0.198474889,0.450920911,0.995132856
CAAATAATCAAGAACGGCCTTATGTT,Levy_ancestor,Evo2D,-0.058357551,0.042703916,0.066570078,-0.026715863,-0.018128207,-0.037192158,-0.175498668,-0.242733796,,,,
ACAAAAAGTTGCAAGAAGGTTCTGTC,Levy_ancestor,Evo2D,-0.010703824,0.0114698,0.03185783,-0.003568054,0.121927069,0.121383502,-0.481464683,-0.019605107,,,,
TAGACAAAATGCAATTGTATTGTCAG,Levy_ancestor,Evo2D,0.461258491,0.71897109,0.74635229,0.353733241,0.508585472,0.479380965,0.415894278,0.360064497,0.379842722,0.388735871,0.297285991,-0.168907475
AATCTAATCATGAAAACATTTGCCCG,Levy_ancestor,Evo2D,-0.035071415,-0.02252341,0.038327403,-0.075038731,0.087053559,0.106398622,0.017468353,-0.509184228,,,,
TTAGGAATACTCAATATATTTTTTGT,Levy_ancestor,Evo2D,0.528330779,1.154881727,1.494907855,1.283863778,0.599671014,0.641021258,0.439367752,0.021424954,0.517367933,0.680806508,1.130689343,0.876866941
ACCCCAACAGTTAACGTGCTTGCAGC,Levy_ancestor,Evo2D,0.025903696,0.0539977,0.144101863,0.109563742,0.126797388,0.122746001,-0.110445715,-0.092123623,,,,
GTCTTAATTGGAAACGCAATTGAAAC,Levy_ancestor,Evo2D,,,,,0.799824398,0.873325068,0.330244861,-0.397856349,0.739448224,0.760164884,-1.181157871,-5.936335626
ATTTAAAGTTGGAAGGGAATTGAAGG,Levy_ancestor,Evo2D,0.867071406,1.52317477,1.506033425,0.514533508,0.837622858,0.914097661,0.39886045,-0.522140654,0.788498322,0.785811525,-0.087546112,-6.647111394
GGGTCAACATAGAAAACGCTTTTGAT,Levy_ancestor,Evo2D,,,,,0.37398296,0.344408397,0.005949324,0.526181662,0.185803481,0.138708528,0.44603521,1.290078171
AATTTAAACTGTAAGCCGCTTGGTTT,Levy_ancestor,Evo2D,-0.008588889,0.138234,0.177676477,-0.129590644,0.191503028,0.03391899,-0.506727383,-0.785330777,,,,
AGGCTAATACCCAATTCGATTGTCAT,Levy_ancestor,Evo2D,-0.052750339,0.0344895,-0.061411145,-0.034644577,-0.019798296,-0.01220662,0.030275091,0.10535601,,,,
AAATTAAGAACGAAGCGAGTTTTATG,Levy_ancestor,Evo2D,0.018732734,-0.131846518,-0.053848105,-0.121466412,0.156728816,0.153506722,-0.282639693,-0.497145532,,,,
GTTGCAAATGTTAAGAAATTTGTTTT,Levy_ancestor,Evo2D,,,,,0.351253798,0.212327387,-0.017768558,0.397081983,0.203464769,0.171256293,0.500495509,1.360149093
ATGTAAACGTGAAATGCAATTTTGAG,Levy_ancestor,Evo2D,0.417285492,0.693630609,0.984423138,0.883877115,0.406613797,0.319081486,0.3886262,1.045213003,0.220078132,0.174445802,1.009898529,2.387283268
ACGTAAATTGTTAAATATGTTAGTTC,Levy_ancestor,Evo2D,,,,,0.343576473,0.273057205,0.057514816,0.632094199,0.232254557,0.172498488,0.424230171,1.232495088
AGCAGAATACGCAACACCATTTCCTC,Levy_ancestor,Evo2D,0.05569377,0.044997546,0.008509674,0.065977681,-0.006717263,0.14010197,-0.372145212,-0.085967104,,,,
AGCATAACCGTGAATGTAGTTATATA,Levy_ancestor,Evo2D,0.091221167,0.131552,0.221195416,-0.003310885,0.008550419,-0.035099479,-0.226955111,-0.185330827,,,,
ATTGTAACGAAGAACGTGCTTGTATT,Levy_ancestor,Evo2D,-0.147671813,-0.0352074,0.041593168,-0.033266222,0.151445388,0.245846933,0.206700817,0.106946949,,,,
ACTAGAAAGTCAAAAGAAATTGACCA,Levy_ancestor,Evo2D,,,,,0.338235762,0.331052246,0.14718528,0.372973334,0.21384674,0.178707861,0.430800946,1.24993282
TTAGTAAGATACAACATTTTTTCTTT,Levy_ancestor,Evo2D,0.329366004,0.472118297,0.574693871,0.583268739,0.396270856,0.316235758,0.191602444,0.496697484,0.286204325,0.401228041,0.922547813,1.451643577
GATGTAATTGTCAACTGCGTTTGGAA,Levy_ancestor,Evo2D,0.012333332,0.1029421,0.064427272,-0.226422671,0.146055079,0.072878651,-0.090127164,-0.266090167,,,,
CCGCGAAAATGTAACCCCTTTTGACA,Levy_ancestor,Evo2D,0.006320387,-0.0200288,0.056184032,0.025597663,0.092746727,0.255554932,-0.22917316,-0.503929883,,,,
ACGACAAAAGATAATAAAGTTATCTT,Levy_ancestor,Evo2D,0.701389042,0.872048044,1.040526605,1.06611745,0.663610864,0.67621689,0.521370057,0.46775096,0.597761639,0.575937766,0.939995932,0.626780753
CAATCAAGGGTCAATTAACTTTTCAA,Levy_ancestor,Evo2D,-0.057894137,0.00819339,-0.039533692,0.019990025,-0.01385011,-0.047936795,-0.162426076,-0.2095664,,,,
CCCGGAATACTTAAGCGGTTTATTAC,Levy_ancestor,Evo2D,,,,,0.037113892,-0.00163516,-0.325593681,-0.099621139,-0.126179342,0.016294816,0.353475725,1.601203853
TGGACAACGGACAACAAACTTGGATC,Levy_ancestor,Evo2D,0.022154395,0.237169,0.31821613,-0.068609312,0.209260382,0.311233483,0.041718561,0.21582727,,,,
AATTCAAAAAGCAACTATGTTCAACC,Levy_ancestor,Evo2D,,,,,0.381136411,0.298329375,0.068796389,0.429910052,0.211847281,0.18556781,0.443764714,1.208081258
CTCGAAACAGGAAAAGCACTTATCGA,Levy_ancestor,Evo2D,0.585303834,1.216962243,1.366039383,1.078116152,0.55852318,0.587074028,0.386977899,-0.032016835,0.516475402,0.551826121,1.025655942,0.232757374
ACATCAATTTGGAAGGACTTTGTTCT,Levy_ancestor,Evo2D,,,,,0.394383007,0.243032911,0.259391869,0.37490606,0.217706953,0.196651927,0.408689887,1.261940813
TTCAAAATCATAAAGCAGTTTCAGGA,Levy_ancestor,Evo2D,0.497815832,1.26735742,1.588641651,1.27697385,0.596090493,0.673182349,0.539508815,0.144921742,0.526588887,0.668420832,1.157446291,0.839974758
AGTTCAAGTTGCAAGGGGTTTACCCG,Levy_ancestor,Evo2D,-0.060785175,-0.0759318,-0.088117065,-0.132067559,0.153702767,0.091855441,-0.13120225,-0.238911073,,,,
CTCATAAACACGAAGTTGCTTCTGTT,Levy_ancestor,Evo2D,,,,,0.414875574,-0.023960168,-0.808086111,-1.227416151,0.261267402,-0.031462321,-0.537903105,-0.009877459
ATAGCAACCCAGAAGATCCTTATCTG,Levy_ancestor,Evo2D,0.000876043,0.00872407,-0.007994284,0.063110207,0.030376479,0.02262088,0.040679116,0.094580768,,,,
TATGAAAATTAAAAATGAATTCTCCG,Levy_ancestor,Evo2D,0.051258365,0.0857444,0.028394603,-0.019712393,0.148065204,0.150459858,-0.188775469,-0.71349569,,,,
TCGCCAACGTCGAATTCCTTTTACAT,Levy_ancestor,Evo2D,-0.056935696,-0.180245425,-0.013342739,0.081936871,0.164507697,0.235812869,0.198617029,0.329117205,,,,
TTTGGAATCCACAATCTAGTTACGTC,Levy_ancestor,Evo2D,,,,,0.433057813,0.307917772,0.310715812,0.956586088,0.231703978,0.224468024,0.583326033,1.462223459
TCGGCAACAGATAAGCTTCTTAACTT,Levy_ancestor,Evo2D,0.901248945,1.665356759,1.619127659,0.203216108,0.834648766,0.912523769,0.174147241,-0.973977109,0.797602969,0.871949439,-0.095252205,-6.647111394
CTGTGAATTACGAAAAATGTTACTCC,Levy_ancestor,Evo2D,-0.078182454,-0.040028519,-0.032206051,-0.086193552,0.221897019,0.110951665,-0.195744026,0.295111029,,,,
TTCTCAATTGTAAATGTCATTACTCA,Levy_ancestor,Evo2D,0.043914774,0.20875092,0.254552329,-0.015945503,0.089721235,0.10164882,-0.072849815,-0.133200194,,,,
ATCTTAAGATAAAAGGCATTTTATTC,Levy_ancestor,Evo2D,-0.025193732,0.0251768,0.042778801,0.045368703,-0.001704882,0.018189133,0.114735983,0.140694833,,,,
TCCCCAACCATTAATTATGTTTACAC,Levy_ancestor,Evo2D,0.018896657,0.0058277,-0.039948326,-0.00790273,0.050821267,0.055538815,0.189328933,0.21188494,,,,
TTCATAAACTCTAACAACCTTTTTAG,Levy_ancestor,Evo2D,-0.05035834,0.0274944,0.012346813,-0.021944956,-0.015813392,-0.008161435,-0.031611053,0.014073024,,,,
GCTCTAATTTTAAAAGGAATTGATAC,Levy_ancestor,Evo2D,-0.027656694,-0.0904208,-0.103181681,-0.095968292,0.076644765,0.110626586,-0.381371284,-0.396092319,,,,
GTATCAACAACCAAAGGGATTGGCGG,Levy_ancestor,Evo2D,0.137466065,0.225381,0.154480703,-0.106100354,0.115013214,0.32044871,-0.109931649,0.17094241,,,,
CTAGCAAATCAAAAATAACTTAGTCA,Levy_ancestor,Evo2D,0.384362122,0.842677866,1.22111903,1.303173857,0.376532947,0.475094761,0.341309799,0.76796892,0.264929307,0.464899103,1.138790419,1.929673372
TTACCAACGGGTAAAGATCTTAACTT,Levy_ancestor,Evo2D,0.570173638,1.162249348,1.373445659,0.507390169,0.584578377,0.591437691,0.64044598,0.602575229,0.488982173,0.622084078,0.672155638,0.308289891
CCAGTAATTGGAAAACTCCTTGGGAA,Levy_ancestor,Evo2D,-0.015198562,0.0598611,0.063704303,0.018145645,0.025751308,0.032567036,0.062019478,0.00620788,,,,
TGCATAACCTGCAAACAGATTGCCGT,Levy_ancestor,Evo2D,-0.005291348,-0.0623701,-0.056283471,-0.022843813,0.026702121,-0.036777869,-0.070992098,0.007311254,,,,
CTAGAAATATGGAAACTTATTAACGA,Levy_ancestor,Evo2D,0.320359237,0.332826,0.412275983,0.572562828,0.419406452,0.292583541,0.085427158,0.444356637,0.215933189,0.204345333,0.465476717,1.175161063
CATTCAAGCCTCAATTTACTTAGATT,Levy_ancestor,Evo2D,0.447350969,0.944317799,1.316530116,1.320393839,0.405886869,0.343157891,0.377513863,0.712680602,0.325409147,0.643715183,1.503661721,2.735414763
CGCTGAATCAAAAAACTGGTTGTGGT,Levy_ancestor,Evo2D,0.476618227,0.897514063,0.850207532,0.604390661,0.508657499,0.51069056,0.146996832,0.085826204,0.398025065,0.355406458,0.342584276,-0.028038077
GGCAGAACAGGGAAGGGTCTTTGGTA,Levy_ancestor,Evo2D,0.719128193,1.186923001,1.339902106,1.040522509,0.701696672,0.720556938,0.644919857,0.933324548,0.676246471,0.616862706,0.994556809,0.480382241
TCTCAAAATTTCAATCAGCTTGGCGT,Levy_ancestor,Evo2D,,,,,0.356635837,0.280274476,0.090250879,0.597656251,0.226567683,0.20251087,0.457135471,1.205783097
ATTAAAACGGGAAAGTGGCTTGAGTC,Levy_ancestor,Evo2D,0.461390502,0.817515092,0.849990565,0.449639169,0.473338297,0.509432738,0.358181299,0.706128057,0.395915021,0.368992968,0.314728672,-0.227576781
TTGCGAATACGTAATTTTGTTGCGGG,Levy_ancestor,Evo2D,-0.046465563,0.0669412,0.044660646,-0.035176397,0.002199127,-0.034669518,-0.034575728,0.028511755,,,,
CTGAGAACTTGCAAACATGTTGTATA,Levy_ancestor,Evo2D,-0.03229916,0.101926,0.090512449,-0.077121539,0.120534634,0.243035201,-0.192258175,-0.182984328,,,,
ATGGTAATTACCAACCGCGTTGATAT,Levy_ancestor,Evo2D,-0.024058442,0.363004,0.322978369,0.077751498,0.188350863,0.21465873,-0.11010172,-0.345643116,,,,
AGCATAATCTTTAACACGCTTGTCAG,Levy_ancestor,Evo2D,0.037655137,-0.0238468,-0.053068738,-0.018079814,0.025726184,-0.014176199,0.038043907,0.101808026,,,,
GTTTCAAAGGGGAAGCCAGTTTAATG,Levy_ancestor,Evo2D,-0.040102172,-0.132354,-0.026419175,-0.05162194,0.122469061,0.15435968,-0.239052714,-0.24651894,,,,
CGGAGAACCTGAAAGTAGATTAAGGG,Levy_ancestor,Evo2D,0.234056506,0.32783706,0.542285261,0.495131285,0.252092891,0.37151641,0.046153857,0.232495959,0.164857897,0.119236883,0.258915157,-0.004149869
ATTTCAACGACTAAAGGATTTGTTAG,Levy_ancestor,Evo2D,0.129055351,-0.0174721,0.147106007,0.09089508,0.111963589,0.139401176,-0.350766891,-0.02536166,,,,
TTGAAAAACCGTAATCTGTTTTTTAT,Levy_ancestor,Evo2D,0.514498819,1.201763722,1.522401918,1.35078566,0.584906577,0.639743432,0.458994937,0.143941155,0.508047283,0.665752694,1.13585596,0.943078053
GTGTGAATCAATAAGCATATTGTTTA,Levy_ancestor,Evo2D,0.005136151,0.030375,0.046275742,0.063958119,0.106833908,0.258850728,0.138345815,0.116204603,,,,
GAATCAAACTTTAAGGACGTTTAACG,Levy_ancestor,Evo2D,,,,,0.345138081,0.37527648,0.247308204,0.753510303,0.231282934,0.195361458,0.51859609,1.170484795
AAGCTAATTGAGAATTATTTTGCATT,Levy_ancestor,Evo2D,0.029137765,0.033952381,0.056465493,-0.032993084,-0.010273577,-0.018161952,-0.037199861,-0.026354619,,,,
ACTCGAAGCTCCAACTAAATTCTATA,Levy_ancestor,Evo2D,0.716850945,0.907505043,1.342676956,1.395230148,0.691676427,0.724641394,0.593306004,1.035494303,0.586322468,0.648855994,1.312280159,2.041475692
ACAGCAACCGTGAATGTACTTCGCAC,Levy_ancestor,Evo2D,-0.025544446,0.056473,-0.005369598,-0.046744461,0.061654739,0.044288043,0.133514616,0.173473694,,,,
GACGCAAGTGTTAATAGGCTTGTTCA,Levy_ancestor,Evo2D,0.902029205,1.644545442,1.567652451,0.111122348,0.855684071,0.920081586,0.366726156,-0.590511277,0.789015869,0.798168041,-0.880045557,-6.647111394
GAGGAAAATTATAACGAATTTTGTCG,Levy_ancestor,Evo2D,-0.017203229,-0.0324547,0.009156665,-0.068891384,0.009560911,0.018590683,0.049126614,0.094072765,,,,
ATTGGAAGCTTCAAACTTGTTCCGAA,Levy_ancestor,Evo2D,,,,,0.350423241,0.229158322,0.037130591,0.708299656,0.218688761,0.198921168,0.464462535,1.123178584
CCGTTAATTTTAAACTTGCTTTTTTT,Levy_ancestor,Evo2D,0.394152007,0.638196711,0.770677549,0.560278249,0.473446042,0.479772893,0.041289733,-0.302703215,0.396299331,0.373723657,0.306315695,-0.148613939
TGAGGAAGGTGAAAGTGCTTTCGAGT,Levy_ancestor,Evo2D,-0.110942149,0.0219682,0.007230023,0.003371695,0.213625575,0.097109205,-0.129262706,0.223046875,,,,
TACTCAACAATTAACAGCATTACGCA,Levy_ancestor,Evo2D,0.945509452,1.586295131,1.510656224,-0.001710817,0.848385603,0.917248228,0.187598484,-0.662564469,0.794007221,0.844974482,-0.850762804,-6.647111394
CTACGAACTACGAAATGCCTTGTTTC,Levy_ancestor,Evo2D,0.041181638,0.0178278,0.047408655,0.03922934,0.064341014,0.052588954,0.081028101,0.090789847,,,,
CACGTAACGCAGAAGTGCTTTGAAAG,Levy_ancestor,Evo2D,0.024869107,0.0543415,0.01771512,0.008937686,0.077914314,0.062323547,0.114586185,0.092596428,,,,
TTATAAATTTTGAACTCACTTGTTAC,Levy_ancestor,Evo2D,0.903535293,1.501920357,1.408591255,0.078955901,0.805290891,0.903500824,0.214415739,-0.972341547,0.778223702,0.813887508,-1.092994598,-6.647111394
TAATGAACGTCTAATAAAGTTTAAGT,Levy_ancestor,Evo2D,0.735322903,1.206591429,1.399260471,1.125453568,0.727619465,0.737611618,0.597960744,0.499802823,0.69190872,0.645024896,1.033005214,0.427316788
TACCCAAGTCTGAAGGCACTTGATTT,Levy_ancestor,Evo2D,-0.080457736,-0.131511,0.223817407,0.026851365,0.057780274,0.115664949,-0.166980607,-0.205777763,,,,
AATTTAAATAACAAGTAGATTGGAGT,Levy_ancestor,Evo2D,-0.01215072,-0.055185,0.190177372,-0.00661402,0.08128369,0.193932547,-0.201877934,-0.486869073,,,,
TCACCAATAAGGAAAATTTTTTGCAC,Levy_ancestor,Evo2D,0.080839185,-0.089052773,-0.092608726,-0.045352252,0.247951609,0.252104908,-0.113559355,0.022428456,,,,
TTCTGAATTAGTAAGTTTCTTTGCAA,Levy_ancestor,Evo2D,0.787449087,1.447659647,1.632062295,1.101211444,0.790430074,0.877744249,0.703492761,-0.273605621,0.765072847,0.877094686,1.048353727,-1.794009505
ATGGGAAATCCAAAATGTCTTGAAGG,Levy_ancestor,Evo2D,0.112714149,0.356818,0.264103504,0.098549851,0.122720953,0.065069674,-0.122473967,-0.153402871,,,,
GCGAGAAAATGAAACGTGCTTCGGCT,Levy_ancestor,Evo2D,0.013190353,-0.231888,-0.055644251,-0.212114219,0.157149945,0.166375013,0.12855649,0.30859817,,,,
AAAGAAAAGCTTAAAGATATTGATGA,Levy_ancestor,Evo2D,-0.057458321,-0.031614622,0.066096002,0.064354434,-0.046676788,-0.03744457,-0.141495185,-0.125784961,,,,
ATTTCAAGGAAGAACAACCTTGTGCA,Levy_ancestor,Evo2D,0.049265204,-0.0562151,0.003948559,-0.125167532,0.130378019,0.154538625,-0.092796806,-0.361174558,,,,
TCATTAATTCACAAAAAATTTAGCCT,Levy_ancestor,Evo2D,,,,,0.061758151,0.193911637,-0.073845749,-0.243861373,-0.010906991,0.004429818,0.334718499,0.332513832
AGTATAAGCGCTAAATAATTTTCTCC,Levy_ancestor,Evo2D,0.058041868,0.002299633,0.018417581,-0.008889469,-0.025771744,0.004603341,0.04272356,0.065922133,,,,
TAGGAAAGGAGTAAACTGATTGAAGA,Levy_ancestor,Evo2D,0.074560552,0.139602,0.034707817,-0.143679005,0.164473539,0.14936468,-0.266792445,-0.27566896,,,,
CTGAAAAGAGATAAATATTTTACATC,Levy_ancestor,Evo2D,-0.030099843,-0.0230911,0.016855194,0.025293371,-0.017185877,-0.022179051,-0.069427317,-0.112322308,,,,
TCGTGAACACCAAACCCTGTTCTTTA,Levy_ancestor,Evo2D,0.783823456,1.035753292,1.285923424,1.120776679,0.740621243,0.737289393,0.719517189,0.532429761,0.676009154,0.631903365,1.032470416,0.329587335
TCGTAAAGCATTAAATGATTTGTTGT,Levy_ancestor,Evo2D,0.087512393,-0.143483,0.056929145,-0.04256584,0.164198854,0.120205405,0.063754405,-0.042624632,,,,
CGAGCAACATGAAACTTGGTTTTCAG,Levy_ancestor,Evo2D,0.258244475,0.589483,0.834673108,0.883613068,0.363300147,0.263368751,0.379517439,0.750156758,0.233569805,0.358439968,0.956172732,1.358764645
TTTTCAAAAATAAAGCGGCTTGAGGG,Levy_ancestor,Evo2D,,,,,0.358486747,0.285247397,-0.066742142,0.119754958,0.217438696,0.197174501,0.518973815,1.151269266
TAGGAAATTCCAAAGAAATTTGGTAA,Levy_ancestor,Evo2D,-0.00339399,-0.0253288,0.000953575,-0.005051028,-0.047644944,-0.049395194,-0.185205145,-0.157062159,,,,
TCACAAATGAGAAACAGTCTTGCGCT,Levy_ancestor,Evo2D,0.013650945,-0.0815688,0.057059491,-0.012228306,0.157803365,0.125053402,-0.033182846,0.051001293,,,,
GCTTAAAATGTCAAAGCTGTTGGGAT,Levy_ancestor,Evo2D,0.92129944,1.585574942,1.492859257,-0.044979015,0.835846902,0.898723031,0.059229259,-0.79364785,0.777847301,0.805418385,-1.196215539,-6.647111394
GCTTTAATGAAAAATTATTTTGGCTG,Levy_ancestor,Evo2D,0.018963044,0.011843,0.06460317,-0.05875649,-0.024178995,-0.024933774,-0.046805806,-0.033336431,,,,
TTTAGAACGCTTAAATATATTCATCT,Levy_ancestor,Evo2D,0.453059351,0.692847218,0.960851997,0.901223217,0.465654763,0.480244819,0.184017937,0.225052129,0.425403306,0.463866302,0.857252164,0.642759465
AGCAAAATAGTAAATCGGTTTCCTTA,Levy_ancestor,Evo2D,,,,,0.899099537,0.933073301,0.246795422,-0.908069365,0.803735544,0.845907545,-1.104767424,-6.636104961
CTTGTAACTGTTAATTTAATTGCCCG,Levy_ancestor,Evo2D,0.902398651,1.46686448,1.400651379,-0.140050287,0.797007772,0.867147557,0.24687776,-0.891556736,0.738584843,0.807202362,-0.6246344,-6.647111394
ATATCAACGATCAAGCGATTTGTTCC,Levy_ancestor,Evo2D,0.066594835,0.065688494,-0.093902661,-0.155258929,0.139907743,0.157334974,0.035246776,-0.026618246,,,,
ATCATAATCAGAAATTGAATTAACGT,Levy_ancestor,Evo2D,-0.034434347,-0.0437817,0.13327231,0.080072669,0.136419188,0.265237469,-0.119647479,-0.151679571,,,,
TATAGAACAATGAAGCGAGTTCACTC,Levy_ancestor,Evo2D,0.482890208,0.874453628,1.082801048,0.956651609,0.535946817,0.60469769,0.483324522,0.608328611,0.521301405,0.521580542,0.970599105,0.878300741
GACTAAAACTGTAACATTTTTAATGG,Levy_ancestor,Evo2D,0.033018083,-0.0147185,0.030580253,0.005209355,0.011912783,-0.006303088,-0.004669953,0.005085803,,,,
TAATAAATGTGGAAGAGGGTTTGTCG,Levy_ancestor,Evo2D,,,,,0.3622456,0.154675789,0.036145467,0.359567238,0.118069228,0.123985276,0.287663068,0.892418156
AACAAAAGAAATAAGGTGGTTGGCAT,Levy_ancestor,Evo2D,0.372945346,0.836354092,1.225324134,1.335760749,0.33691873,0.527763011,0.25117309,0.581263955,0.279726444,0.479555151,1.167757933,1.939821939
TAACAAATGTCTAATGGAATTTTGCA,Levy_ancestor,Evo2D,-0.007134006,-0.0296161,-0.008048607,-0.057382847,0.021714324,0.013252029,-0.059123072,-0.101064614,,,,
CTTATAATTATTAAAATCGTTGTCAA,Levy_ancestor,Evo2D,0.902242811,1.695193023,1.64947977,0.021231776,0.83667424,0.880360278,0.006931179,-0.945694437,0.768980829,0.812317537,-1.186864536,-6.647111394
GATGGAAGAGGTAAAAGTGTTATATT,Levy_ancestor,Evo2D,0.641037433,0.955631874,1.281878359,1.352367985,0.68549136,0.677783053,0.503413724,0.881309623,0.586250071,0.637373688,1.288057649,1.977240755
GGTCCAACAGGGAACGGCATTAGCGT,Levy_ancestor,Evo2D,0.807134916,1.048180169,1.180731448,0.95149939,0.741070346,0.810124189,0.692137562,1.053281556,0.686954933,0.633905499,1.027210864,0.194707815
TTTTTAAAATGAAACAAGCTTGTATG,Levy_ancestor,Evo2D,-0.041526345,-0.0173772,0.06941287,0.047936637,-0.004366558,0.007409468,0.086275006,0.079984828,,,,
GACCGAATCCAAAATATTATTATTAA,Levy_ancestor,Evo2D,0.967584335,1.540925885,1.471958807,0.062467102,0.810713053,0.90832982,0.154623667,-2.393265051,0.770965907,0.841485336,-1.221109769,-6.647111394
GCACGAAACAATAATTTGTTTATTAC,Levy_ancestor,Evo2D,-0.068449659,0.0782207,0.266204,-0.148267309,0.160418792,0.132702706,-0.046388152,0.02038618,,,,
TACAGAATTCGCAAGCGTTTTGAAGA,Levy_ancestor,Evo2D,0.44195876,0.788672422,0.959969975,1.011516602,0.448818288,0.32981128,0.291515461,0.882872581,0.215562137,0.178345622,1.059245233,2.461030572
GCATCAATATTGAAGGCATTTTTGAT,Levy_ancestor,Evo2D,0.941379654,1.712882576,1.630190337,0.070960756,0.868791825,0.902473069,0.089270996,-0.824262265,0.793062346,0.820595766,-1.137331065,-6.647111394
CATCTAATTGATAACTTCTTTCCCGC,Levy_ancestor,Evo2D,-0.001199128,-0.030033576,0.060008531,-0.030622325,0.029681304,0.013795273,0.071467339,0.026384393,,,,
CCTGCAAAAATCAATTTTATTGATTT,Levy_ancestor,Evo2D,0.404874246,0.866462659,1.236850695,1.307731264,0.446957328,0.381428602,0.237776698,0.708013361,0.267901519,0.367651528,1.142441142,2.49754628
TCGTAAACCGTAAAAGATGTTATAGT,Levy_ancestor,Evo2D,-0.08848548,0.0785656,-0.080245495,-0.002812977,0.123495804,0.167243613,0.205695908,-0.239961987,,,,
TTATGAATTAGAAAGTAAGTTTAATA,Levy_ancestor,Evo2D,-0.038240031,0.203441,0.285445,-0.013911263,0.08268358,0.225918977,-0.398907023,-0.627215673,,,,
GGTAGAATATGGAATGTTTTTACGAA,Levy_ancestor,Evo2D,0.037938135,0.0568944,-0.01595495,-0.007137468,-0.047529473,-0.081616398,-0.06389971,-0.009148206,,,,
CCGTTAAAAAGAAATGATTTTTATAG,Levy_ancestor,Evo2D,-0.040904168,-0.0374318,0.000398178,-0.053081431,-0.02214574,0.030377791,-0.088535598,-0.184274271,,,,
AATCAAATGGGAAAAAAAGTTCGTAT,Levy_ancestor,Evo2D,,,,,0.119823996,0.124778464,0.026035478,-0.35181788,-0.030006535,-0.017495809,0.025118474,-0.143842333
TTTTCAAATAGTAATTGATTTCCAGT,Levy_ancestor,Evo2D,-0.041132786,0.0159675,0.051239251,-0.042629817,-0.007147428,-0.028224865,-0.042147708,-0.027237262,,,,
TTTTTAATTTGCAAGGACCTTAGTCT,Levy_ancestor,Evo2D,-0.047607006,-0.00312336,0.048652928,0.026178785,0.011913871,0.025554295,0.064276244,0.045274032,,,,
TACGTAAAAAAAAATGTGTTTAGTAT,Levy_ancestor,Evo2D,0.511826821,1.181630102,1.502544182,1.306580842,0.592947113,0.652191846,0.405379484,0.05934984,0.519526669,0.67103707,1.144246948,0.959559215
ATGGAAACAAAAAATAGTATTCGCAC,Levy_ancestor,Evo2D,0.035853052,0.029878232,0.023340938,0.058770465,0.011495333,0.004144442,0.056226248,0.129851283,,,,
TTTCCAAATGTAAAGCGTATTCATAC,Levy_ancestor,Evo2D,-0.038010971,-0.032467,0.062723582,0.023952936,-0.011265338,-0.058169043,-0.074392749,0.027124315,,,,
TCAAAAAATTAAAACCAATTTATCTC,Levy_ancestor,Evo2D,-0.023525065,0.0422695,0.036632184,0.06428417,0.081932049,0.211665823,0.062792071,0.001522949,,,,
ATGCCAACTAATAAATCGTTTAAACT,Levy_ancestor,Evo2D,-0.02520339,0.144658,0.320665273,0.109967902,0.158237488,0.212800046,-0.088758695,-0.383787719,,,,
AAGAGAAGAATTAATGATTTTATGAA,Levy_ancestor,Evo2D,0.586880303,1.085354707,1.28761255,1.063094436,0.549932509,0.60050515,0.305732559,0.042180459,0.502881527,0.574531552,1.037041014,0.356010175
CTTAAAAGTCGTAATTTGTTTACGTG,Levy_ancestor,Evo2D,0.117438715,0.00288063,-0.078184164,0.085480873,0.22455527,0.17082645,0.100409355,0.271505383,,,,
TCGAAAATCAGGAAACGGTTTAGGGT,Levy_ancestor,Evo2D,0.935216275,1.771031681,1.659723462,0.000644909,0.821583876,0.907274794,0.101785081,-0.802111575,0.782454414,0.806584711,-1.254246562,-6.647111394
CTCCTAACCAGTAATAACTTTCTCAA,Levy_ancestor,Evo2D,-0.045112638,-0.0566475,-0.00445358,0.049319754,-0.006034555,-0.045312919,-0.07444465,-0.06164025,,,,
AGAGTAATCTGCAAGATTCTTTTTCT,Levy_ancestor,Evo2D,0.918967268,1.590496473,1.508126541,-0.179355203,0.827587296,0.901522421,-0.086979824,-0.958733279,0.782022408,0.804215102,-1.484572282,-6.647111394
ATTGGAACTCAGAAGCGGGTTAGGCA,Levy_ancestor,Evo2D,-0.107132048,0.0879129,0.074214772,0.059938284,0.065278757,0.123093185,-0.41808028,-0.236772908,,,,
CAGTAAACGATCAAATACTTTCAATA,Levy_ancestor,Evo2D,-0.004433635,-0.062346,0.063651517,-0.045744243,0.003142261,0.004172571,-0.018218669,-0.110284537,,,,
TTCCTAACCTCTAACAGGTTTAATTA,Levy_ancestor,Evo2D,-0.096619416,-0.097582299,0.016770853,-0.003612778,0.152918203,0.057654044,-0.197690195,-0.431273441,,,,
ATCTTAACCGATAAGCCACTTTTATG,Levy_ancestor,Evo2D,0.927341143,1.640417474,1.577303596,0.148644239,0.949894233,0.966888313,0.598644193,-0.161015164,0.819070548,0.836740704,-1.137367353,-6.647111394
TCCAAAACTCAGAATTCTTTTTACTC,Levy_ancestor,Evo2D,-0.133352767,-0.0587736,-0.064737101,-0.057895705,0.100164636,0.328408265,-0.240916017,-0.334592415,,,,
CACGCAAGGAGAAATCACGTTTCGAG,Levy_ancestor,Evo2D,0.965700889,1.665158277,1.541712573,0.254235013,0.837125947,0.924966511,0.077063421,-0.255851059,0.783699403,0.819086168,-1.149670316,-6.647111394
TAACTAATTAGGAAAAATCTTTATAT,Levy_ancestor,Evo2D,0.73366122,1.055397933,1.287476446,1.055967464,0.695324961,0.703572906,0.120285229,-0.142691453,0.673605388,0.673140949,1.03050285,0.319610067
CAACAAAAACCAAAACCTTTTTCGTT,Levy_ancestor,Evo2D,0.83674074,1.570828618,1.633378683,1.147490443,0.824748761,0.898369626,0.829966625,-0.40158756,0.75118221,0.928129271,0.957273501,-3.856266124
TAACAAACGCATAAGATCCTTGTTAT,Levy_ancestor,Evo2D,0.935176126,1.648933703,1.546688839,0.36850655,0.845871815,0.931039446,0.240866881,-0.141658718,0.790931193,0.911793461,-0.301681003,-6.647111394
CAAGCAAAAGTAAAAAGGCTTAGGGC,Levy_ancestor,Evo2D,0.123883486,0.360979,-0.038934004,0.036656467,0.403846399,0.301584568,0.261927086,-0.141509628,,,,
AATTAAATATGCAAACTGCTTTGTGT,Levy_ancestor,Evo2D,-0.045361175,-0.0481316,0.283237,-0.25172345,0.224230535,0.216332663,-0.211331069,0.13087807,,,,
AAGTAAATAATAAAGGTTATTTCGCT,Levy_ancestor,Evo2D,0.014605278,-0.00584573,0.072673262,-0.152828679,0.210988439,0.199393179,-0.270378976,-0.004375896,,,,
CAAAAAAACCCTAAGTAATTTTCCCG,Levy_ancestor,Evo2D,0.763259086,1.073109386,1.319069008,1.10346323,0.696981691,0.759352711,0.623988469,0.386102698,0.672680293,0.673063297,1.01448979,0.603644343
GCAGCAATTTGTAAAATCGTTGTACC,Levy_ancestor,Evo2D,-0.081736899,0.0899102,0.030072931,-0.20221398,0.107410897,0.236432819,-0.108156231,-0.504269434,,,,
CAGCCAAATATGAAACGTATTTTGAA,Levy_ancestor,Evo2D,0.057559275,0.271991,0.116432627,0.02170351,0.164244748,0.267142428,-0.17021952,-0.230076132,,,,
AATACAAGAGATAACAAGGTTCGCTG,Levy_ancestor,Evo2D,0.887563522,1.66561497,1.603467989,0.062271596,0.874705896,0.923245936,0.350382905,-0.000744422,0.780731522,0.817906596,-1.064457115,-6.647111394
AACGCAAATGTTAAAGAGTTTTTAAA,Levy_ancestor,Evo2D,0.114008457,0.104213,-0.072822687,0.173985205,0.147615623,0.369736748,-0.330661756,-0.768189871,,,,
AACACAAGTTTCAAACTAATTATGGG,Levy_ancestor,Evo2D,-0.008194027,0.141317,0.264419074,0.050618337,0.280174655,0.206028068,0.08372644,-0.153885655,,,,
ATACTAAAAAGTAAAGTGGTTATTCT,Levy_ancestor,Evo2D,-0.025538799,-0.004211052,-0.025425621,0.065765016,0.035375422,0.056958128,0.070838233,0.063060682,,,,
TGAAAAAGGTAAAAAGAGTTTTACAT,Levy_ancestor,Evo2D,0.006330424,0.340813,0.154918714,0.032759708,0.263616706,0.286823871,-0.476400506,-0.551349848,,,,
TTAGAAAAAAAAAACTTCGTTGGATT,Levy_ancestor,Evo2D,0.507521212,1.181741414,1.481991286,1.256035103,0.561903528,0.648305526,0.348783215,0.154177815,0.504449203,0.671990962,1.136851834,0.888935996
CGGGAAAACGATAAGCTACTTTATGC,Levy_ancestor,Evo2D,0.881036552,1.546272601,1.308698245,0.495054862,0.744852601,0.783515651,-0.091078412,-0.579161444,0.664099158,0.748979933,-0.36861424,-6.647111394
ACCACAAATTGGAAAAGAATTGACCA,Levy_ancestor,Evo2D,-0.040682314,0.095879,0.168870935,-0.00619824,0.132687653,0.07278425,-0.125974296,-0.151210306,,,,
AGACAAACTTATAAGACATTTCGAGT,Levy_ancestor,Evo2D,0.904757993,1.581600074,1.666009677,0.678049993,0.810675202,0.906060026,0.668444707,-0.556143477,0.803893894,0.958472966,0.766184322,-6.362047349
TGAACAACGCGCAAGATGTTTGTGCG,Levy_ancestor,Evo2D,0.786525111,1.034459792,1.204031828,0.989964635,0.750568873,0.755202619,0.599066856,1.002384229,0.669745483,0.679607245,1.084798547,0.408371129
CGATTAACTAATAATTCTTTTTAAAG,Levy_ancestor,Evo2D,-0.012005366,-0.0328707,0.0313219,0.041678771,-0.044394853,-0.045564899,-0.169742036,-0.313723884,,,,
AATGCAATTCTGAAGGCTTTTAGAGG,Levy_ancestor,Evo2D,0.80878752,1.320180603,1.417535289,1.142042396,0.791302096,0.779992375,0.612424724,0.245295372,0.731655316,0.707722514,1.145177926,0.285406486
CCACAAAACAGCAAAAGTTTTTTCCA,Levy_ancestor,Evo2D,0.046473767,-0.180264,0.255882516,0.05726103,0.204958576,0.237699149,-0.340636784,0.353867783,,,,
GCATCAATCGTGAAAATGTTTGCGGG,Levy_ancestor,Evo2D,0.303636865,1.161804691,1.296271521,1.356089548,0.375198838,0.499803297,0.743203048,0.761445818,0.226974388,0.620019112,1.490050742,2.563532248
ACTAAAAAACATAATGGTTTTATTAT,Levy_ancestor,Evo2D,0.087170632,-0.204118,0.061941885,-0.071442196,0.165384101,0.185185265,-0.38410787,-0.510562449,,,,
AGTGCAAGAGACAAGTGCCTTGCTAT,Levy_ancestor,Evo2D,0.096272398,0.079641,0.0511827,-0.04686713,0.23124557,0.081437654,-0.335315949,-0.287117787,,,,
AGAATAAATGAAAAATCATTTAATAT,Levy_ancestor,Evo2D,0.057561372,-0.0201816,-0.060536658,-0.037609275,0.016637479,0.176988938,-0.131291752,-0.274416071,,,,
TAAGAAAATCAGAACCGCTTTCAGGG,Levy_ancestor,Evo2D,-0.024462718,-0.0152223,0.007496095,0.006834933,-0.012215008,-0.054262612,-0.136281601,-0.128096518,,,,
TGCAGAATTGTTAACGATCTTACCAT,Levy_ancestor,Evo2D,0.025694202,0.0468608,0.21701,0.163678822,0.144981588,0.163753666,-0.008994311,-0.148762273,,,,
AAATCAAACCTAAACATTCTTTATGG,Levy_ancestor,Evo2D,0.76030778,1.455278047,1.504214519,1.001219429,0.733900404,0.818334905,0.472142252,-0.490815511,0.669812233,0.715077749,1.100992945,-0.427897208
TGAAGAATGATGAATCCGGTTTCTAC,Levy_ancestor,Evo2D,,,,,0.374624111,0.260094152,0.050054014,0.549809481,0.221685865,0.146115245,0.445076777,1.182220987
AAAATAACGATTAAACCTCTTGGTAG,Levy_ancestor,Evo2D,0.50051644,1.19860193,1.484917634,1.282253605,0.590210259,0.674909053,0.528548438,0.276811699,0.526451299,0.670009398,1.134923441,0.897274165
CAAGAAACTTGTAACAGTTTTGAGTT,Levy_ancestor,Evo2D,0.112069724,0.101249,0.188752738,-0.12760645,0.131513207,0.464840036,-0.154622719,-0.674947443,,,,
TTCTGAACGGTGAACCGCGTTAAAGT,Levy_ancestor,Evo2D,,,,,0.336535698,0.282048332,-0.012550292,0.495899029,0.22616957,0.141301818,0.448716152,1.397770531
TGAAAAATCTTTAAGACACTTTACTT,Levy_ancestor,Evo2D,0.482034205,0.548692,0.848473447,0.599353359,0.497316761,0.524460814,0.321331824,0.265086507,0.391375989,0.381719846,0.283638862,-0.318971481
TGGACAACGCGAAAAACCATTGAATG,Levy_ancestor,Evo2D,,,,,0.387386633,0.332601899,0.199314008,0.785776541,0.210897459,0.199990229,0.509082015,1.231168258
CGTATAATGGGAAAGGGGGTTTGGAT,Levy_ancestor,Evo2D,0.555722607,1.216882679,1.506379812,1.279374174,0.599216319,0.63010519,0.430694635,0.060747406,0.512980809,0.677102028,1.145057532,0.920518123
GCGTAAATCAGGAAACTCCTTTTGTT,Levy_ancestor,Evo2D,0.8873859,1.736467248,1.611056057,0.179071634,0.827121105,0.944916983,0.394997462,-0.412289635,0.801848723,0.919118848,-0.447535471,-6.647111394
AGATCAAAGCGAAACTTCTTTAGGGC,Levy_ancestor,Evo2D,,,,,0.346046919,0.236368089,0.109122872,0.547989861,0.240826537,0.151747304,0.46473038,1.208517727
CTTTTAACCGGGAAAATTGTTTCATG,Levy_ancestor,Evo2D,0.821511132,1.271502885,1.486716178,1.161841017,0.798750522,0.804658251,0.525865076,0.001970059,0.709098358,0.638550038,1.004016824,-0.093004172
ACGCTAATAAGGAACACTTTTCAGAC,Levy_ancestor,Evo2D,,,,,0.328513114,0.210075033,0.270795175,0.643321096,0.226894292,0.158332788,0.506811879,1.202625578
CACAAAAAGCCTAAGGGGGTTGAGAC,Levy_ancestor,Evo2D,,,,,0.35967913,0.277185379,0.152299578,0.565671614,0.196843417,0.218055197,0.431829987,1.20553169
TGTCGAAGAAATAAGCCCGTTATTTG,Levy_ancestor,Evo2D,,,,,0.312317812,0.174975436,-0.31433072,-0.056845262,0.276360182,0.2572484,-0.098682262,0.052815867
CCGGGAAATGAGAAGTGTTTTAACTG,Levy_ancestor,Evo2D,,,,,0.364858084,0.215495951,0.080505861,0.533279415,0.191812417,0.140265719,0.456093259,0.97919572
GTTAGAACCGTCAAATGCATTGGCTC,Levy_ancestor,Evo2D,,,,,0.3743033,0.249401467,0.255345135,0.89566094,0.223383552,0.210471808,0.48529758,1.319701951
ATCGGAATCGTAAAATGAGTTAGATG,Levy_ancestor,Evo2D,,,,,0.309912551,0.314800876,0.228837605,0.706798369,0.225154561,0.16830524,0.37708048,1.108807357
AAGAAAATCAACAATCATATTTTGCG,Levy_ancestor,Evo2D,,,,,0.396301589,0.268972469,0.174345674,0.664774191,0.224931722,0.190431834,0.37804538,1.138191122
CCATAAATTAGAAAGCACCTTTACGA,Levy_ancestor,Evo2D,,,,,0.332224932,0.265602159,0.074189843,0.394426014,0.199553335,0.156784473,0.410127233,1.182035071
AGTCCAACGGATAATGTACTTGCTGC,Levy_ancestor,Evo2D,0.23339476,0.786410854,0.875166552,0.846513068,0.449791233,0.297770157,0.321787099,0.315441566,0.02800547,0.357534396,1.01460372,0.478048359
TATGAAAATCGTAATCTGATTTAAAG,Levy_ancestor,Evo2D,,,,,0.37493296,0.281384477,-0.012180773,0.37722534,0.17099527,0.150487289,0.487658733,1.252136942
TTCACAACATTTAATTGTGTTTTCAA,Levy_ancestor,Evo2D,,,,,0.484456577,0.398267298,0.345483963,0.998540196,0.364297121,0.361219938,1.056105823,2.065665019
TAGCTAATAATAAACAAAATTGTTTT,Levy_ancestor,Evo2D,,,,,0.321603809,0.233650571,0.017431761,0.171463047,0.201794064,0.23741603,0.457916941,1.073102392
ATAGTAAAGTTAAACTCATTTCACAG,Levy_ancestor,Evo2D,,,,,0.079896373,0.24401626,-0.074972032,0.043236559,-0.030066223,-0.012874377,-0.036533895,-0.26445084
CATAAAAACATTAACAGCTTTATAAA,Levy_ancestor,Evo2D,,,,,0.300317166,0.239958134,-0.598101248,-0.944421989,-0.07273287,0.047118654,-0.221931127,0.230602682
TAAGCAATTAAGAAGACTGTTAGCCT,Levy_ancestor,Evo2D,,,,,0.78788132,0.758916713,0.038276478,-0.592842214,0.618504776,0.521480111,0.055932771,-6.49504686
TCCACAAGCGGAAAGTTGCTTACGGC,Levy_ancestor,Evo2D,0.494360135,1.081092477,1.435897217,1.178123309,0.573674671,0.62965662,0.551180296,0.497385296,0.525434366,0.626194623,1.153305902,0.969537126
GTTCCAATAGCTAATCTATTTACTTT,Levy_ancestor,Evo2D,,,,,0.674916939,0.565761191,0.410085531,-0.472148375,0.522860663,0.570801512,0.813714005,-1.227993127
CCGTTAAGACGAAACAGCCTTGTCAA,Levy_ancestor,Evo2D,0.836103136,1.601913511,1.707613189,0.893357178,0.625532831,0.689654755,0.567767904,0.003435959,0.556248053,0.668791055,0.375769091,-6.647111394
TTGTTAAAACTTCAATGGTGTTTGCA,Levy_ancestor,Evo2D,0.38847236,0.588149967,0.724974551,0.968614345,0.420494413,0.437972314,0.445021857,1.026865349,0.341635986,0.364764383,0.768465862,1.389733627
TCTGAAACAGAAATAGTTTTAGGGCA,Levy_ancestor,Evo2D,0.156910678,0.058811,0.033826161,-0.045255539,0.241134561,0.169270349,-0.04837879,-0.07620592,,,,
TGTCAAATTTCAAATAGATTCTTTCA,Levy_ancestor,Evo2D,0.556901535,0.971697985,1.201928542,0.980149272,0.575442575,0.584272708,0.452075351,0.277197372,0.510934318,0.553676258,0.867319398,0.636291915
TAAACAAGGCATAAGAAGTTTGCTTA,Levy_ancestor,Evo2D,-0.046372983,0.098209,-0.080443289,-0.081882498,0.080911226,0.129983237,-0.196173962,-0.080196265,,,,
GCATCAAACAGAAATGAAATTGAACG,Levy_ancestor,Evo2D,-0.074068805,0.444803085,0.193571282,-0.053771447,0.216900492,0.155101566,-0.364193764,0.158360061,,,,
GTCCAAAACAACAAATGCACTTGCAA,Levy_ancestor,Evo2D,-0.0098852,-0.01975515,-0.040589853,0.009125134,0.056643733,0.06610103,0.227685555,0.318044342,,,,
CGGCCAAGGCGTAAGACGGTTCGGCT,Yuping_ancestor,Evo1_5D,0.905461577,0.466813097,0.431675943,0.729392002,1.209985929,0.926706367,1.200982882,2.082729772,1.007564391,0.701117965,0.745924257,0.833637797
ACGGAAAGTATCAATCATTTTGTGTT,Yuping_ancestor,Evo5D,1.106666667,1.388666667,1.43820423,2.212,1.45758529,1.600068867,2.676008628,3.324117671,1.296541358,1.562597224,2.421920935,3.421066785
AGAGAAAGTTGGAAGAGGGTTTGCTC,Yuping_ancestor,Evo1D,0.891333333,0.301602857,0.384845163,0.737,1.174699957,0.965666972,1.063338542,1.869665085,1.079878525,0.715867553,0.7628366,1.163050905
CTCGGAACAATTAAGGTCCTTATCAA,Yuping_ancestor,Evo1_5D,0.922601884,0.405123466,0.376119917,0.663025567,1.181574011,1.009486984,1.125755802,1.923432542,0.990857179,0.676377179,0.652481932,0.395103222
TCCGTAATTAGAAATACACTTACCTA,Yuping_ancestor,Evo1_5D,0.873,0.400567202,0.388533725,0.524931294,1.170977009,0.955571006,1.177802362,1.99670642,0.961128816,0.668977703,0.712672749,0.638595631
TTGCTAAGGCGAAATACTCTTCCGTC,Yuping_ancestor,Evo1_5D,0.889666667,0.346774161,0.331879688,0.729535802,1.182409263,1.004722485,1.173979505,1.964654849,0.980451781,0.653972664,0.491384813,0.376204141
CGGGGAATGACGAAGGGGGTTCGCTG,Yuping_ancestor,Evo1D,0.889364049,0.256251698,0.327784148,0.708023737,1.173705897,0.977246822,1.182936005,2.071926155,1.056204033,0.679266532,0.773624733,1.245120633
AGCAGAATGGGGAACGGAATTGGGGC,Yuping_ancestor,Evo1_5D,0.847333333,0.195436056,0.339330465,0.587759334,1.262121783,1.080069767,1.373157197,1.952496553,0.992620465,0.697977752,0.629256667,0.649412106
AGGGCAATATGGAATTTGATTTTTGA,Yuping_ancestor,Evo1_5D,1.032333333,0.491754003,0.63605463,0.622674038,1.299734823,1.082640923,1.145546413,1.493529678,1.159080112,0.801522806,0.413226013,-0.344169566
GATAAAATCTAGAATGTTGTTCGTCC,Yuping_ancestor,Evo1_5D,0.873333333,0.261949211,0.259147316,0.245042207,1.075449986,1.005045292,1.156247736,2.310580882,0.979816966,0.65518877,0.761499386,0.524686992
CTAACAAACTCCAATGCACTTGACAA,Yuping_ancestor,Evo1_5D,0.869086019,0.419373662,0.419428299,0.469357422,1.151110342,0.953167614,1.080762159,1.851376966,1.00483079,0.679611965,0.753994096,0.778400955
CGGGTAAGCAAAAAGACAGTTTACCC,Yuping_ancestor,Evo1D,0.879,0.309220572,0.34062874,0.191757605,1.16140936,0.987769382,1.141191033,1.78072307,0.976541619,0.705500894,0.714673846,0.743074645
TAACTAAACTTAAAGGGTCTTTCTCC,Yuping_ancestor,Evo1_5D,0.861,0.406554795,0.375152538,0.459675646,1.15707415,0.910759706,1.287360621,2.207122275,0.974553613,0.685401346,0.75176637,0.669181401
TCCAAAAGCCGAAAGATCTTTGCAAG,Yuping_ancestor,Evo1D,0.845,0.300461781,0.389787919,0.176600283,1.159868577,1.017991482,1.07568329,1.873375363,0.974324693,0.655935293,0.757813774,0.665947205
AGCTGAACCGCTAAAGGATTTTTGCG,Yuping_ancestor,Evo1D,0.831666667,0.281852343,0.313308764,0.165926085,1.121033694,1.013394432,1.197128835,1.868315272,0.949875013,0.632732904,0.705618069,0.640490631
CTAGAAAATAACAAACCTCTTACATC,Yuping_ancestor,Evo1_5D,0.882718111,0.361554061,0.34873481,0.780663047,1.133448901,0.961180305,1.109952917,1.696491885,0.945499724,0.648040973,0.510848124,0.571340621
CTACCAACGGCTAATGTAGTTAGTGA,Yuping_ancestor,Evo1D,0.935333333,0.326887331,0.335654553,0.587421197,1.148983723,0.966408348,0.944752438,1.73765775,1.027560805,0.67541903,0.521379214,0.411553661
GCCTAAATTTGGAACTTGCTTACTCC,Yuping_ancestor,Evo1D,1.165333333,0.297257717,0.463679052,0.731150454,1.414187983,1.107351082,1.438304403,2.572371784,1.254901254,0.920062173,1.164329745,1.736118061
AGCCTAATGCTTAAGATGGTTAACAC,Yuping_ancestor,Evo5D,1.071666667,1.186,1.061746571,1.396666667,1.273194623,1.344075744,2.05686893,2.821832966,1.186461187,1.228549779,1.816088552,2.362263566
CAAAAAATATGTAAGTACGTTATACC,Yuping_ancestor,Evo1_5D,0.872333333,0.224638226,0.26030479,0.265055067,1.107760224,1.122149686,1.181425814,2.057888049,0.978291799,0.665489668,0.693665894,0.786499597
ACACGAAGATTGAAACATTTTAACTG,Yuping_ancestor,Evo1D,1.096,0.639597144,0.633598819,0.582908155,1.331048076,1.06759252,1.282479685,1.624641461,1.127095068,0.795798105,0.606432758,-0.103183408
CGTCCAAATGCGAAGAAGTTTAGTTA,Yuping_ancestor,Evo1_5D,1.204333333,0.818,0.847431474,1.022333333,1.515772117,1.298694672,1.499436989,2.089136847,1.405695869,0.985493947,0.982443027,0.480987795
GAGCTAATAACGAATAGTATTTGTAG,Yuping_ancestor,Evo1_5D,0.837666667,0.405411919,0.608836382,1.134,1.212623348,1.003330839,1.285109691,2.01791412,0.96732807,0.761178889,1.125123626,1.946935701
TCCTAAATTAATAATATAATTGAGAA,Yuping_ancestor,Evo1_5D,0.864,0.302666667,0.510396981,0.933957653,1.119994699,0.987858855,0.670578412,1.293204693,0.988553024,0.798764047,1.330984272,2.76864925
ATATGAATATTTAAAGCCCTTGTCGC,Yuping_ancestor,Evo1_5D,0.867666667,0.328900312,0.335113746,0.433449375,1.126776712,0.9715251,1.090250101,2.086305323,0.963649167,0.675393605,0.749236454,0.953133507
CCACTAAGGGGCAAGGGGCTTGGGGC,Yuping_ancestor,Evo1_5D,0.870666667,0.258259393,0.308644491,0.707779101,1.176105151,1.026939314,1.050656469,1.841844568,1.063865676,0.710658408,0.734524787,0.966263343
CTGTAAAGCGACAAGTGATTTGGGAT,Yuping_ancestor,Evo1_5D,0.852666667,0.309628636,0.282503072,0.232825118,1.090173101,1.0346601,1.095358919,1.799871717,0.965572287,0.631258905,0.684404802,0.62457519
GCGCGAACGGGAAAGCGGGTTGTGGG,Yuping_ancestor,Evo5D,1.044103245,1.006996324,0.867337106,0.407766663,1.366936783,1.296012941,1.758464949,2.320554326,1.215395658,1.177245804,1.752698136,2.151044271
CCTTAAACAGCGAAGCGACTTGGGGG,Yuping_ancestor,Evo1_5D,0.856666667,0.103534823,0.128454574,0.103958546,1.152981631,0.931664244,1.00473333,1.42902861,0.974681899,0.61975958,0.593854422,0.667839103
CCTAAAACAGGAAACTTCCTTTAGGT,Yuping_ancestor,Evo1D,0.868677354,0.350794393,0.39318406,0.270956283,1.152350466,0.979370188,1.102087981,1.77231692,1.012816439,0.702158157,0.767196925,0.580424447
ACGCTAACCAGAAACGACCTTGTTGT,Yuping_ancestor,Evo1D,0.897,0.349582555,0.357597823,0.434411056,1.133072289,0.994738412,1.103923707,1.957958522,0.984532945,0.669034523,0.782219259,0.703624046
TTGTGAAAAGGAAAAATCATTTGAGT,Yuping_ancestor,Evo5D,1.030666667,1.221333333,1.178674189,1.400333333,1.295647858,1.368432823,1.933792382,2.729168697,1.176879587,1.215454068,1.819745257,2.336872119
GCTTAAAGGTAGAAGTTCATTGAACG,Yuping_ancestor,Evo1_5D,0.921666667,0.3171815,0.337445025,0.64895272,1.164733504,0.950492249,1.176560495,1.872654644,1.01717581,0.673808288,0.636996741,0.209378088
TTGCAAAGGGTCAAACGCCTTCAGGT,Yuping_ancestor,Evo1D,0.899333333,0.398576524,0.405555028,0.675362677,1.144017811,0.990271354,1.31394958,1.879316984,0.988956147,0.647027528,0.693918689,0.633717952
GAGGAAAGTACTAAGAGACTTTCACG,Yuping_ancestor,Evo1D,0.893333333,0.279657751,0.347398727,0.617999628,1.077581506,0.974693034,1.173367448,1.739626283,0.995261362,0.653051856,0.634560582,0.336189593
TAGCAAAATATCAACGAGGTTGTGGG,Yuping_ancestor,Evo1D,0.872221156,0.375344237,0.440561965,0.240535786,1.204909697,1.008249663,1.134546267,1.74452673,1.014705717,0.695675906,0.762934213,0.554449601
TGGACAACCTTGAACACTCTTTGAGC,Yuping_ancestor,Evo1_5D,0.854,0.31863969,0.323607484,0.798218187,1.040810521,0.918657747,0.940754791,1.731723191,0.895728171,0.588087318,0.481954239,0.617409654
GCGACAATAACTAATGAAATTAGGGT,Yuping_ancestor,Evo1_5D,0.863333333,0.229195421,0.278550885,0.707207577,1.149867469,1.040768039,1.146227893,1.717594531,1.040738285,0.704305847,0.700580941,1.125643742
ACTGCAAACGTAAAGCAGGTTCTGCA,Yuping_ancestor,Evo1_5D,0.892666667,0.216155536,0.290735077,0.653556279,1.130266187,0.9803398,1.224159441,2.12307722,1.03921814,0.657235988,0.704355681,1.05763189
GTCATAACGAAAAAATTAATTAGTTC,Yuping_ancestor,Evo1_5D,0.878,0.321730892,0.328349719,0.607997285,1.071168014,0.957878182,0.868370601,1.495117238,0.956955783,0.648438308,0.540350347,0.20380545
AAGCGAACCACAAACCACATTGACCA,Yuping_ancestor,Evo1D,0.842666667,0.052473251,0.167439953,0.417321151,1.0519393,0.929398815,0.901909478,1.832615666,0.936743447,0.569422419,0.717207321,0.855117565
GTTAAAATGTTGAACCGGGTTGGCCA,Yuping_ancestor,Evo5D,0.977,0.696770306,0.927216629,1.863666667,1.268560407,1.127335067,1.275233249,2.155441213,1.168602773,1.062613204,1.816337555,3.394645644
CGGCCAACTCCCAACAGACTTTATAC,Yuping_ancestor,Evo1_5D,0.903333333,0.287649107,0.387110569,0.682812769,1.233371412,1.013165475,1.126604684,2.003973558,1.06345264,0.70295329,0.705389177,1.226912414
CGAACAAGAATCAATCCATTTAATTT,Yuping_ancestor,Evo1D,0.895333333,0.424421918,0.461634947,0.467380826,1.208918697,0.968273687,1.126194544,1.575991659,0.990571452,0.71412742,0.639531922,0.693931585
GCCTCAAGGTAAAACGGCGTTAACGG,Yuping_ancestor,Evo1_5D,0.900666667,0.228661965,0.244462595,0.677893675,1.180294742,1.027231448,1.109670807,2.147079445,1.020577824,0.696074463,0.726659728,1.183922366
ACGCGAAGACAGAACCAGTTTGGGAA,Yuping_ancestor,Evo1_5D,0.906666667,0.22889949,0.294385381,0.691950416,1.181908471,1.010647536,1.094926851,1.963166034,1.049249569,0.677964684,0.698057639,1.177026055
GCGGGAAGAGAAAAGGAGGTTGGCGG,Yuping_ancestor,Evo1D,0.882,0.308251253,0.422327313,0.751586481,1.185806089,1.024938263,1.095221784,2.055630338,1.059712778,0.694215441,0.744778203,0.990990086
GAAATAACCTAGAAATGACTTGTGAG,Yuping_ancestor,Evo1_5D,0.935951609,0.322165305,0.323146204,0.644590646,1.049843518,1.0733421,0.992276439,1.494278373,1.007398396,0.653746492,0.626513883,0.254752277
CCGCTAACATCAAAGTGTTTTTATAC,Yuping_ancestor,Evo1_5D,0.871666667,0.414766091,0.396805718,0.693913601,1.111010499,0.939999732,1.032585006,1.817035323,0.977697434,0.715955069,0.80691005,0.963651066
TCGAAAAATGTGAAGTTGTTTGCAAT,Yuping_ancestor,Evo1D,0.844666667,0.323561043,0.389693272,0.111825737,1.125176658,0.967319383,1.12650283,1.802860063,0.952597247,0.635496341,0.709169079,0.592181394
CCACAAAACTGAAATAGATTTGACAC,Yuping_ancestor,Evo1_5D,0.913143472,0.246416419,0.357157011,0.74441513,1.19392051,1.063030186,1.261898145,2.369625205,1.058102578,0.670323712,0.742938057,1.0438857
CACTTAACATAGAACTACTTTTTTCG,Yuping_ancestor,Evo1D,1.014333333,0.186780342,0.308783905,0.479699787,1.250847337,1.042707925,1.223259275,2.326457052,1.134319102,0.766846229,1.114393482,2.074552193
CCCGAAAAAAGGAAGATTATTGTCTC,Yuping_ancestor,Evo1D,0.878333333,0.415970655,0.396127684,0.569295132,1.145068138,0.902793729,0.987770881,1.821341024,0.984724329,0.666969549,0.698477831,0.866308055
CGGCAAAGAGAGAAGAGACTTAACCG,Yuping_ancestor,Evo1_5D,0.921333333,0.237116715,0.323439138,0.654810485,1.142782921,1.003045425,0.909513718,1.846329373,1.066518274,0.706049133,0.717754002,1.082087002
TGCCTAATAGTAAACCGAATTGCAAG,Yuping_ancestor,Evo1_5D,0.899666667,0.362582555,0.323411508,0.741070889,1.139336454,1.008190899,0.923170008,1.618701232,0.965993133,0.651663678,0.580993791,0.670332313
AAGGAAAACGGAAAGGCGGTTGACAG,Yuping_ancestor,Evo1D,0.902333333,0.489280154,0.583594577,0.561390038,1.235476039,0.989572621,1.138376316,1.634627281,0.989993565,0.659998351,0.670722856,0.710944616
ATGTGAACGCGGAATGTGCTTGGGAC,Yuping_ancestor,Evo1_5D,0.869094213,0.172288136,0.233567197,0.660165248,1.159900378,1.034821108,1.056683552,1.983902681,1.004445489,0.635967306,0.643156003,1.046092197
CTATAAATCTGTAAGGGCATTGTACG,Yuping_ancestor,Evo1_5D,0.912333333,0.361556075,0.345823161,0.68923804,1.150020683,0.982297168,0.944712328,1.558276707,0.985094711,0.680724627,0.586776763,0.450614425
CTAAAAACCTTAAACTATATTCCAGC,Yuping_ancestor,Evo1D,0.911666667,0.437568083,0.480801322,0.706279862,1.12788775,1.057724217,1.162777813,1.698102229,1.014399969,0.68091671,0.709368615,0.576614419
GAGAGAAAGCGCAATGGCGTTTAGAT,Yuping_ancestor,Evo1D,0.887666667,0.166145689,0.335661027,0.652771824,1.198121988,1.051064644,1.105976971,2.107540427,1.040657503,0.707978635,0.720535647,1.168099201
TTCGAAAAAAGCAAAGTGATTCAGCT,Yuping_ancestor,Evo1_5D,0.906666667,0.358363967,0.364478659,0.651036897,1.192531254,1.052222645,1.294226944,1.426100648,1.013229077,0.611681904,0.579916142,0.295521809
GTTAAAACTTGTAATGCTGTTATGGG,Yuping_ancestor,Evo5D,1.079333333,1.221,1.1914429,1.477666667,1.296242049,1.318643289,1.87392802,2.467266423,1.212776748,1.261505265,1.852067755,2.383269061
TACCCAATACGCAAGTGGTTTCTAGG,Yuping_ancestor,Evo1D,0.905666667,0.254581977,0.323455288,0.710928034,1.156665972,1.042239754,1.160105545,1.959961123,1.072282648,0.694139103,0.752002447,1.137274215
CTCAAAAGTTAGAAATCGGTTATAAT,Yuping_ancestor,Evo1_5D,0.85,0.325432965,0.383973872,0.191310116,1.09474827,1.018507898,0.858613736,1.353772255,0.95962569,0.678250344,0.647783942,0.58844333
ACATTAATGGAGAAAAGAATTGCTGA,Yuping_ancestor,Evo1_5D,0.837174643,0.141331418,0.270601168,0.709061899,1.087064988,0.989960405,1.110631764,2.169298827,0.909102267,0.568955686,0.761596177,1.195969483
ATGTAAATTTTCAAGATTGTTCAGAC,Yuping_ancestor,Evo1_5D,0.713666667,0.03688045,0.101188615,0.635347313,1.071096495,0.863184437,1.011418877,2.316735543,0.87478263,0.400728921,0.786501004,1.382869967
GAATCAAACATAAACACTGTTAGCAC,Yuping_ancestor,Evo1D,0.906666667,0.264251298,0.287017154,0.666498647,1.122466357,0.942602944,1.095380732,2.036367315,1.060063694,0.656465085,0.670410011,1.014932681
CGATAAAAGTTGAAACAGTTTAATAG,Yuping_ancestor,Evo1_5D,0.904666667,0.183550563,0.388985098,0.69879096,1.211343744,1.104032032,1.030737384,1.689124979,0.957033316,0.709460788,0.524628646,0.707739993
AGAACAAGCTACAAGCTAGTTGTCAC,Yuping_ancestor,Evo1D,0.872666667,0.5639844,0.56802188,0.579071241,1.160544816,0.914956628,0.990279748,1.858784087,0.9944898,0.66129123,0.7201554,0.738278133
CCCTTAATAATCAAGGACATTAAACC,Yuping_ancestor,Evo1_5D,0.891666667,0.269389464,0.275118641,0.626395382,1.075645225,0.898290106,0.605505059,1.207920247,0.915049389,0.535471179,0.186334835,-0.024068079
CAGGGAAAAATTAAATACGTTCACAA,Yuping_ancestor,Evo1_5D,0.888869919,0.300641289,0.430048969,0.75371964,1.198024482,1.084882516,1.181389697,2.067360509,1.056751179,0.687241717,0.764084094,1.069620165
ATTCGAATTTTCAATAGCCTTAAATC,Yuping_ancestor,Evo1_5D,0.877841438,0.419210561,0.431054654,0.761660018,1.265111272,0.890328096,1.112663855,1.794246354,0.979551082,0.696356123,0.727905756,0.759354795
CATCAAAAGGATAACCGGGTTGTGTA,Yuping_ancestor,Evo1_5D,0.888798183,0.114642959,0.284327377,0.638690404,1.197614085,1.011633243,1.281275641,1.907057207,1.004636788,0.664322984,0.669436732,1.189382506
AAAGGAAACAGAAACCTCTTTAATGT,Yuping_ancestor,Evo1_5D,0.777,0.344195339,0.482125988,0.545515905,1.137488302,0.964187985,1.121475913,1.746595051,0.953877034,0.677605661,0.893448905,0.600004732
CTGGAAAAATTCAATTTTGTTGTGGA,Yuping_ancestor,Evo1_5D,0.888,0.509878576,0.590791203,0.093897809,1.262576771,1.004173032,0.899794528,1.679072454,0.967383419,0.65836573,0.66389914,0.651357619
ATAGAAAGGTATAAATGAGTTTAGCT,Yuping_ancestor,Evo1_5D,0.887666667,0.213142429,0.296620002,0.64875218,1.140028615,0.958600515,0.915950036,1.987046998,1.039485929,0.657321167,0.666769725,1.09852723
TAATCAACTGCGAAGTACTTTATAAG,Yuping_ancestor,Evo1D,0.857333333,0.417581048,0.622077585,0.109333003,1.089867771,0.987804998,0.975987426,1.503258589,0.966688854,0.687854676,0.700024922,0.68926914
TAGCGAAGGCTGAAGTTGGTTTGGTT,Yuping_ancestor,Evo1_5D,0.992129008,0.355413943,0.241569767,0.213319496,1.29035566,1.099201167,1.221608985,1.656542683,1.140475219,0.765809701,0.359770029,-0.083119649
ATAACAATCGAGAAATATCTTTTGCT,Yuping_ancestor,Evo5D,1.137,0.771153293,1.008837087,1.721333333,1.392978234,1.317949048,1.325957649,2.114040244,1.326073534,1.203340515,1.818461863,3.04792226
CGACAAACATATAATCTGGTTATATT,Yuping_ancestor,Evo1D,0.912666667,0.237051679,0.39306911,0.64350436,1.157338691,1.06501961,0.936545863,1.810191459,1.039149638,0.700419595,0.694793941,1.185934634
GATAAAAAAAGGAAATGGTTTAACAA,Yuping_ancestor,Evo1D,0.901666667,0.488624219,0.651046359,0.455985893,1.171443118,1.036891785,0.914381552,1.393845824,0.998319385,0.65956138,0.612975504,0.316496241
TACCAAATAGCGAAAATTTTTCAGTG,Yuping_ancestor,Evo1D,0.845,0.259872281,0.477714796,0.122767132,1.109892098,0.984892972,1.07386023,1.727768674,0.969113473,0.645836986,0.654125851,0.666858813
TTATAAATCCACAAAAGGGTTGATTC,Yuping_ancestor,Evo1D,0.849666667,0.372329074,0.494722942,0.163193011,1.189553839,1.019003437,1.101312567,1.680630065,0.968938084,0.655725386,0.768694922,0.611492877
ACCTGAAGTGCCAAAAATTTTGACGA,Yuping_ancestor,Evo1D,0.898,0.639121932,0.788689931,0.416291765,1.174343686,0.957159547,1.007758449,1.497953271,0.9959995,0.706817403,0.758714112,0.734738793
TCTTGAAACGAGAATGATGTTGGGGG,Yuping_ancestor,Evo1_5D,0.900333333,0.293259393,0.399144573,0.816,1.192367537,0.958398446,1.262884552,2.336446827,1.06349017,0.733332055,0.891209193,1.44897165
GAAATAAGAGAAAATTCATTTTTCAG,Yuping_ancestor,Evo1_5D,0.890255619,0.230548704,0.396797158,0.744718753,1.233746206,1.084652069,1.050438633,2.258123327,1.062430855,0.736183598,0.682019189,1.068455536
TTCGAAACGAATAAGCCCCTTGTGTC,Yuping_ancestor,Evo1_5D,0.883,0.2095836,0.298922132,0.658294091,1.193434175,1.049331964,1.071178407,1.93085182,1.030201766,0.705816125,0.710106545,1.020620115
ATAGAAACGTTGAATGACCTTACGCG,Yuping_ancestor,Evo1_5D,0.907333333,0.147613855,0.25699262,0.662260701,1.197779032,1.051089464,1.195960143,2.085258055,1.04162647,0.674708075,0.682656703,0.944090412
GATCTAACACCGAATCTAATTATTTG,Yuping_ancestor,Evo1D,0.914333333,0.20602476,0.347060264,0.671114605,1.221156778,1.059019774,1.210477611,1.980862725,1.051261267,0.70447901,0.736772872,1.222043158
TTGGAAATCGGCAACAAGCTTCCCTT,Yuping_ancestor,Evo1D,0.902666667,0.580315963,0.702950543,0.656221557,1.14950333,0.869580257,0.813593397,1.44169392,0.998444628,0.66763424,0.521126922,0.505154876
AAATTAAACAAAAAGCACGTTTATAT,Yuping_ancestor,Evo1_5D,0.901666667,0.261778929,0.415404214,0.660527682,1.214398505,0.967585136,0.898334968,1.642882253,1.041670734,0.688791829,0.726980698,1.186383493
TGCTAAAGAGCGAAGGGGGTTGAGGA,Yuping_ancestor,Evo1_5D,0.867279091,0.210644817,0.291331084,0.70827073,1.19510307,1.058754219,1.26744649,1.972338595,1.056104016,0.656070396,0.704250263,1.197072188
TCCGTAAACAGGAATACGATTTGGCT,Yuping_ancestor,Evo1_5D,0.924941655,0.325331091,0.306381761,0.599524535,1.084923316,0.943322956,0.873620375,1.536583333,0.979838806,0.634198521,0.494254029,0.265940556
TAGAAAATATGTAAGTACTTTATATA,Yuping_ancestor,Evo1_5D,0.918666667,0.269283493,0.391484511,0.691378196,1.141508504,1.042834498,0.977822436,1.572067478,1.056921544,0.746128038,0.718488418,1.121929935
GATATAACGGGAAATTCATTTCCCGA,Yuping_ancestor,Evo1_5D,0.909666667,0.197501015,0.32661023,0.676807883,1.142619584,1.069648274,1.222115373,2.042016137,1.065573834,0.701505536,0.741874144,1.142688383
CTGCGAAAACTCAATGTTGTTAATTT,Yuping_ancestor,Evo1D,0.889674184,0.20150602,0.41044497,0.671239443,1.176294002,0.942315149,0.879651891,1.92362564,1.038590112,0.691809932,0.705985824,1.252949188
CAAATAAACGTCAAGCCCTTTACGAG,Yuping_ancestor,Evo1D,0.853479915,0.382872911,0.605518287,0.332352049,1.113012776,0.974534652,1.331501667,1.688558355,0.948120681,0.683976477,0.715654206,0.648883043
TTTAGAAGATCTAAAACACTTTTCGG,Yuping_ancestor,Evo1_5D,0.898,0.342766228,0.382487055,0.617483479,1.136762644,0.978339179,0.929235679,1.446046293,0.978135814,0.668570426,0.532661394,0.360218945
CTACCAAGCTATAAATTAGTTAGAAA,Yuping_ancestor,Evo1_5D,0.941845901,0.371913695,0.440628623,0.646863238,1.151392638,1.054187598,1.077284555,1.267451928,1.022456014,0.683636871,0.535287039,0.301135169
AAGGTAAGACGGAATGCTCTTTCTCG,Yuping_ancestor,Evo1_5D,0.897542563,0.255614834,0.259420837,0.749736702,1.21986763,0.994843484,1.330941447,2.235980333,1.01628403,0.600602406,0.513222293,0.778742874
TTGGAAATTGTCAACACGGTTGTAAA,Yuping_ancestor,Evo5D,0.932333333,0.191915367,0.523392285,1.260410843,1.18341827,1.187844727,1.439805396,2.642522669,1.118724832,0.820873637,1.687772934,3.711708626
TTCATAAAGGGAAAATGCTTTCCCGA,Yuping_ancestor,Evo1_5D,0.881666667,0.20120149,0.346595145,0.680036897,1.158241111,0.990078902,0.925050131,2.228508071,1.069171217,0.707665065,0.672641267,1.096772136
TTTCTAATGGAGAAACTGGTTGGGGG,Yuping_ancestor,Evo1_5D,0.895,0.46354525,0.500620258,0.662765007,1.177132946,1.023614742,0.917431721,1.311446304,0.986856585,0.656132733,0.508244627,0.405990982
TCTATAACAATTAAGCTGTTTCCTAG,Yuping_ancestor,Evo1D,0.899995457,0.439144134,0.623151249,0.596364361,1.074379114,0.976949316,0.935329861,1.370013573,0.968876217,0.669882055,0.602188325,0.313756261
ATATTAAACAACAATCGTCTTTTTAT,Yuping_ancestor,Evo1D,0.888912396,0.338357742,0.488069615,0.629590859,1.122393321,1.071916254,1.031109393,1.8495078,1.050577986,0.692621929,0.794801853,1.084052577
TTCTGAATAAACAACGTGTTTGCCCT,Yuping_ancestor,Evo1_5D,0.896333333,0.242678058,0.309503973,0.676116609,1.109976554,0.957758333,1.206233795,1.994031725,1.059909871,0.67876569,0.742814407,1.179631283
TCAATAATTTAGAAACTTCTTCCTAT,Yuping_ancestor,Evo1_5D,0.860110171,0.210624783,0.38351569,0.670643134,1.188380932,1.008853522,0.972673172,1.818581812,1.044693897,0.668294058,0.647558343,1.13018932
AAATAAATGGGCAAAGTGGTTGACGT,Yuping_ancestor,Evo1_5D,0.873542563,0.202856639,0.232817025,0.67140118,1.153977262,0.978012194,0.967294258,1.744924828,1.04534659,0.693680548,0.667638422,0.925817331
AAGAGAAGTTACAACTCAGTTGTATT,Yuping_ancestor,Evo1D,0.908333333,0.239251028,0.350594389,0.702980244,1.179551629,1.025006518,0.99130195,1.883477978,1.066151573,0.726984433,0.75544421,1.128794685
TCGTGAATCTATAACCTGTTTGTACG,Yuping_ancestor,Evo5D,0.904,0.241303517,0.388585932,0.652419793,1.133323911,0.962625754,0.90321511,1.308724378,1.042487386,0.717124859,0.678330955,1.156919075
AGACAAAAGTTCAAAGTAGTTACGCC,Yuping_ancestor,Evo1_5D,0.900309421,0.218533452,0.259763277,0.679135202,1.212838345,1.01134429,1.042296572,2.04269958,1.03373957,0.625122655,0.657777541,0.969146367
CGAGCAAAAATAAAACTTATTGATCC,Yuping_ancestor,Evo1_5D,0.862864595,0.065672289,0.340114998,0.619589559,1.099819732,1.126757124,0.957596875,1.969268298,1.006718894,0.688522296,0.661654059,1.232385336
CTTACAACGTAAAAGGGTTTTGTTCG,Yuping_ancestor,Evo1_5D,0.889333333,0.258804893,0.32392336,0.689903772,1.147565075,1.065033346,1.169233391,2.027430248,1.059811124,0.690802673,0.71202772,0.959430208
TGTTTAAAAGGAAATAAGTTTTGTAA,Yuping_ancestor,Evo1_5D,0.914666667,0.427025557,0.48677352,0.542999534,1.181217133,1.066019209,0.956288748,1.27748126,1.006923967,0.666794829,0.593868327,0.299872511
CACCAAAATTGTAATTATGTTTAACG,Yuping_ancestor,Evo1D,0.899333333,0.230626304,0.430773553,0.606146468,1.231585444,1.076778695,0.927386276,1.95175848,1.051291532,0.717484277,0.724094251,1.114403919
TATAGAAAGGCTAAAATCATTCGGTG,Yuping_ancestor,Evo1D,0.888333333,0.506818,0.630371238,0.686183368,1.1737608,1.004686355,0.920960068,1.517841941,0.991118264,0.694930607,0.687016193,0.734167717
AAACAAACAATAAACGTGTTTGGCTT,Yuping_ancestor,Evo1_5D,0.795333333,0.212577072,0.214933033,0.541161063,1.160850592,1.011925327,1.073609128,1.910900334,0.874986626,0.516232063,0.249671583,-0.274499797
TACTAAAATCAAAAGGATCTTTTGTT,Yuping_ancestor,Evo1_5D,0.893666667,0.248388275,0.39027988,0.677938755,1.17883425,1.062893724,1.291737846,1.928587891,1.050105806,0.683246698,0.759318697,1.094994192
CATTAAATTTGGAAAACAATTGTAAG,Yuping_ancestor,Evo1_5D,0.877333333,0.243334638,0.349846245,0.641020381,1.084198048,1.001130278,0.923037559,1.661131018,1.029879424,0.705024527,0.660481088,1.066774221
GGCAAAATACTAAAGCTAATTTATTA,Yuping_ancestor,Evo1_5D,0.883666667,0.286111546,0.424635754,0.614600175,1.168295453,1.046054235,1.015867872,1.714349611,1.029244835,0.649107677,0.643396532,1.093794433
ATATGAAAATATAAAAACGTTCGATA,Yuping_ancestor,Evo1D,0.917666667,0.315357795,0.488299488,0.631411073,1.145756401,1.08219862,1.126795027,1.880835269,1.07723949,0.727425181,0.746423738,1.087669982
AGCAAAAAGCTCAAAATACTTTTAAA,Yuping_ancestor,Evo1_5D,0.916845901,0.353415378,0.464627632,0.524325969,1.158588401,0.975355876,0.89061662,1.195172997,0.964352681,0.688402143,0.556507261,0.394895446
ATATAAATAAGTAAAAGAATTGGAGA,Yuping_ancestor,Evo1D,0.883,0.286636713,0.439836807,0.623562665,1.172464869,0.975731845,0.762457984,1.802458521,1.021548021,0.695181685,0.703067567,1.032596902
AATCGAAATTCTAAGGAGGTTTGATC,Yuping_ancestor,Evo1D,0.865422598,0.416883656,0.63635323,0.255496962,1.100411667,1.018882787,0.885201918,1.581286751,0.978729577,0.711757125,0.723700684,0.677982027
AAAGCAATCGCTAATATTATTCGGTC,Yuping_ancestor,Evo1D,0.916,0.273412577,0.447593423,0.685636105,1.207299643,1.120334751,1.259781775,2.039887657,1.044800079,0.725877811,0.742220126,1.186411647
TGGACAATCGATAAGGATATTGAGGG,Yuping_ancestor,Evo1_5D,0.871333333,0.052816106,0.170716791,0.762965619,1.196442139,0.945178846,1.129922432,2.243704876,0.905215068,0.539911333,0.860820627,1.544856944
CTGATAAGCCTCAATCTTATTGAATC,Yuping_ancestor,Evo1_5D,0.891333333,0.180428229,0.32664645,0.609613184,1.218004138,1.018079396,1.001405412,2.05986051,1.022527182,0.674855232,0.695307162,0.919525106
CCCAAAAATTCCAAACCTCTTGGAAC,Yuping_ancestor,Evo5D,0.779333333,0.505766747,0.967133815,1.008293399,1.061333945,0.941228019,0.986187462,1.754833894,0.881539561,0.75294385,1.355832692,2.096949861
ACTAAAATACGGAACGATCTTGATAT,Yuping_ancestor,Evo1D,0.914,0.409316721,0.613911353,0.587644291,1.187294386,1.020553958,1.059747149,1.795958151,1.038849162,0.717137198,0.719529794,1.243972506
GCGGAAACCCAGAATTGGATTGCACG,Yuping_ancestor,Evo1_5D,0.792262814,0.07795723,0.265275857,0.636298561,1.021672306,0.652566889,0.810190817,1.510969771,0.814148329,0.21529774,0.823042453,1.316141459
TGCGCAAAGACAAACTTCGTTCTTCG,Yuping_ancestor,Evo5D,0.881264467,0.295893554,0.489348942,0.644263591,1.127768723,1.047844785,0.965068672,2.023671614,1.008791641,0.706357585,0.745991795,1.156953043
GATTTAATGAAAAATATGCTTTTGTG,Yuping_ancestor,Evo1D,0.921,0.368189473,0.467101209,0.727667613,1.227576356,1.125822508,1.118891499,1.687342645,1.125091513,0.761070169,0.687868636,0.978090469
GGATGAAAAATTAAGAAGTTTTCCCG,Yuping_ancestor,Evo1D,0.903666667,0.272116144,0.472508844,0.676847633,1.22274999,1.055574105,1.019148075,1.99650831,1.037235491,0.718719783,0.74325902,1.223321412
CGGGAAAGTCCTAAATTTTTTGGGGC,Yuping_ancestor,Evo1D,0.879300335,0.414165477,0.575007242,0.567225336,1.076778382,0.907326538,0.702321654,1.593847451,0.996319279,0.635449922,0.587456272,0.981414156
AGCTCAAAAATTAATGGTGTTAACGC,Yuping_ancestor,Evo1_5D,0.913143472,0.206484389,0.282827875,0.721323191,1.16096013,1.067979111,0.751307201,1.828422699,1.044718792,0.739290834,0.738198885,1.199593027
ATATGAAAATAGAACATGTTTATTCA,Yuping_ancestor,Evo1_5D,0.915333333,0.170365504,0.28945184,0.604512881,1.109717464,1.076290196,0.953875355,1.672035853,1.050583609,0.712333988,0.711331364,1.09662475
CATCCAAAAGTTAAAAACTTTTGATA,Yuping_ancestor,Evo1_5D,0.893666667,0.375855648,0.644045619,0.57475071,1.176209764,1.023492756,0.924383892,1.56891785,1.030193169,0.685846841,0.691680927,1.067768615
AGTACAACAATTAATCTTATTATATT,Yuping_ancestor,Evo1D,0.865666667,0.637333333,0.829365881,0.286148268,1.13901447,0.947621827,0.753480407,1.412900852,0.957245058,0.706544374,0.752638374,0.753197109
TAACAAATCATCAAAGTACTTCAAAG,Yuping_ancestor,Evo5D,0.909333333,0.286337338,0.463034115,0.654361489,1.461408174,1.280338692,1.384030396,2.107260499,1.065023716,0.714829341,0.704063171,1.077252828
TATATAAATACGAATCCGTTTACATT,Yuping_ancestor,Evo1_5D,0.861557958,0.300401984,0.359584818,0.596960582,1.142141801,0.987232675,1.089767573,1.43151396,1.075237603,0.721046664,0.688788854,0.87740862
ATATCAATTCGAAAATTAATTCGAAG,Yuping_ancestor,Evo1_5D,0.903215208,0.227410794,0.366270769,0.651110214,1.213152831,1.04663727,1.030425071,1.966106305,1.015996354,0.692921978,0.702031925,1.060179474
GACGGAATCGAGAACGACTTTAGCCA,Yuping_ancestor,Evo5D,0.811313675,0.852502532,0.832408972,0.845666667,1.122245208,1.091752363,1.7478631,2.378503255,0.988323403,1.02520175,1.566855682,1.997729987
AGAGAAATTCTAAACTCTTTTAAAGT,Yuping_ancestor,Evo1_5D,0.879,0.359172293,0.493338036,0.199626206,1.099717029,1.022332504,0.980074678,1.429789885,1.004765231,0.691193917,0.684927808,0.72002278
TTTACAAGCTGTAATAGTTTTTAGTA,Yuping_ancestor,Evo1_5D,0.888,0.23466941,0.382066607,0.592,1.110277703,1.016276233,0.793153749,1.544425328,1.035165771,0.681460166,0.666478825,0.978139863
ACTATAAACGCTAATCCGGTTCACGG,Yuping_ancestor,Evo1D,0.898703969,0.500799497,0.627395358,0.589829812,1.116203398,0.975054281,0.840553795,1.424227388,1.071140443,0.711545157,0.507278446,0.62146954
GGAACAATTAATAAGTTTATTTAAAC,Yuping_ancestor,Evo1D,0.916632233,0.204088436,0.338447297,0.561460333,1.162652184,0.998691308,0.977895648,1.275205482,1.039475701,0.715601656,0.515897718,0.897132749
TTAAAAACCGACAAGATATTTGATGC,Yuping_ancestor,Evo1_5D,0.900666667,0.242246944,0.351254042,0.697291523,1.210722532,1.025782505,1.163627503,1.72295249,1.03164469,0.671219401,0.689246709,1.095783447
AGGTCAATAGTTAAGGTTGTTGAATA,Yuping_ancestor,Evo1_5D,0.335777005,0.683681205,0.564182925,0.708303184,1.064882035,0.822678558,1.145187042,1.337466721,-0.156264468,0.366537611,-0.77038984,-1.41137201
CCCATAATAAAAAACCAATTTATATA,Yuping_ancestor,Evo1_5D,0.882788584,0.42293731,0.576148054,0.654034082,1.134877045,0.937319364,0.802252858,1.024726716,0.956061102,0.661560717,0.566538298,0.431689715
AGAGGAAAGAGTAAGGTCTTTCGGTT,Yuping_ancestor,Evo5D,0.979674269,0.917684744,1.235504593,1.837333333,1.272382686,1.201027073,1.429164859,2.272689707,1.216789086,1.0698009,1.827179046,3.432954042
TAGAGAAGGGGGAACGGCATTGGACA,Yuping_ancestor,Evo1_5D,0.785,0.131630269,0.247932561,0.625648149,1.132397667,0.911920861,0.54900507,1.679950887,0.906026299,0.339986992,0.730001567,1.356899939
GGCGAAACATCGAAGAGCGTTGAAGC,Yuping_ancestor,Evo1_5D,0.796643777,0.159309308,0.234881923,0.603153664,1.052234835,0.714145555,0.494574428,1.831672024,0.867309595,0.270844017,0.818202067,1.59898293
ATCGAAAATATAAATCTTTTTCACCG,Yuping_ancestor,Evo1D,1.008,0.608432542,0.951916949,0.516620163,1.447603345,1.312728617,0.94368571,1.064697478,1.257358803,0.933278346,0.954949304,0.459555735
GTAGTAACAAAGAAAGACCTTTTAAC,Yuping_ancestor,Evo1_5D,0.891,0.162152469,0.386703472,0.662564514,1.165158786,1.067731066,1.084034586,2.008219702,1.059119904,0.715865917,0.685621749,1.14815107
GGAAGAATACGGAACGCGCTTTAGGG,Yuping_ancestor,Evo1_5D,0.784154175,0.097590554,0.291984264,0.658846523,1.065605985,0.767141178,0.323276155,1.737036068,0.872746932,0.422888537,0.698266227,1.478653869
TTTTCAACGCCCAAGGGTTTTCGGCA,Yuping_ancestor,Evo1_5D,0.547143638,0.495018433,0.433151994,1.278,0.873456299,0.645395231,0.570435587,1.338736035,0.465291755,0.358069875,0.974846151,2.419826851
TAGTTAATCGGTAATTCGGTTGGTAC,Yuping_ancestor,Evo1_5D,0.811333333,0.164178482,0.276210582,0.608083437,0.893403749,0.769831197,0.756946676,1.277448509,0.887345967,0.32489135,0.699323455,1.531952113
GTATTAAAATTTAATGCTTTTTCCAG,Yuping_ancestor,Evo1D,0.897991308,0.50009985,0.698316557,0.587974626,1.190354508,1.019514685,0.980924069,1.512066953,1.051268973,0.731783595,0.530767632,0.485327918
GCATCAACTTTGAAATATCTTTAAGT,Yuping_ancestor,Evo5D,0.886,0.324550751,0.549656672,0.622174748,1.188427199,1.052870317,1.007301935,1.528182145,1.045011885,0.712377845,0.687304723,1.109097045
GTGAAAACAGTAAAAGTGGTTTTCCA,Yuping_ancestor,Evo1_5D,0.879321588,0.214024876,0.311314914,0.661441991,1.233073664,1.055839659,1.056206622,1.871868676,1.055841788,0.718752677,0.707243202,1.190101154
TCCGAAAAAGATAATCCTATTAGCGT,Yuping_ancestor,Evo1D,0.906666667,0.503017081,0.695401473,0.577698174,1.210992615,1.011121153,0.937954147,1.687125172,1.050434277,0.756238089,0.706936401,1.015829806
CTAAGAAATGCTAAATCAATTTTATT,Yuping_ancestor,Evo5D,0.997409997,0.703504807,1.181451763,1.703666667,1.235462311,1.136226136,1.199366014,2.173109192,1.16260099,1.065879237,1.785258428,3.27374754
CGGCAAACCACGAATCGATTTCGTAG,Yuping_ancestor,Evo1_5D,0.52884573,0.405116215,0.359442186,0.647614919,0.899864533,0.720369071,0.936790708,1.237760407,0.37798645,-0.025315604,0.49622413,1.372351039
AGAATAATAGGTAATGCGTTTGCCGG,Yuping_ancestor,Evo1_5D,0.792,0.129483796,0.288113578,0.599042207,1.122394663,0.677730042,0.664221062,1.264636813,0.875976197,0.31534741,0.740709885,1.464816689
TAATCAACTGGAAAGGGTATTTAAAC,Yuping_ancestor,Evo1_5D,0.895085127,0.191373266,0.300038131,0.663816757,1.176387162,1.02742141,1.18240032,1.812750787,1.020702411,0.683941172,0.6798341,1.110444646
ATACAAACTCTGAAGACCCTTGTTTA,Yuping_ancestor,Evo1_5D,0.854180339,0.28390343,0.355343541,0.499462935,1.152666603,0.858964087,1.286462862,0.863203812,1.046288054,0.678282807,0.373144745,0.332846147
TAAAGAACAGTGAAAGAGATTGGAGT,Yuping_ancestor,Evo1D,0.864771162,0.387181253,0.639312302,0.597119448,1.139757985,1.026320413,1.117221971,1.70408904,1.054183224,0.676997018,0.762529393,1.185636952
AGAGTAAGAAGTAAACCCTTTTCTAG,Yuping_ancestor,Evo1_5D,0.89944835,0.226680642,0.363035404,0.659771327,1.18526893,0.959609912,1.196524728,1.756776911,1.035661655,0.667421806,0.729550462,1.188326774
ATACCAACAGTAAAGACCGTTTATTG,Yuping_ancestor,Evo1_5D,0.117006315,0.009787689,0.018984262,0.129157415,0.829642733,0.142753799,1.120345002,1.671727884,,,,
AAGTTAACCGTCAACAATTTTGAAAA,Yuping_ancestor,Evo1_5D,0.896666667,0.236824913,0.326804361,0.636747917,1.082944091,1.074854867,0.862201539,1.48374538,1.012596046,0.643771492,0.651668125,1.04070881
TCGCGAAGATGCAATTGCCTTAAGTA,Yuping_ancestor,Evo1_5D,0.587501838,0.422635709,0.448197191,0.754104881,0.871047619,0.814184029,0.882091507,1.62528861,0.377701255,0.178464606,0.72249939,1.357901018
GTCAAAATTTGTAACACTCTTAATAC,Yuping_ancestor,Evo1_5D,0.111792696,0.01793362,0.037096946,0.139919465,0.498247442,0.814770518,0.212784795,1.636611579,,,,
TAGGGAAGGGGGAACTGTCTTTGCGT,Yuping_ancestor,Evo5D,0.550494643,0.569387794,0.611332947,1.121478098,1.102888555,0.727716361,1.010526144,1.7752116,0.357006929,0.44123909,1.106381473,1.99778308
CTAGCAATCGGCAATTCTGTTGACAG,Yuping_ancestor,Evo5D,0.438636711,0.539102331,0.415226346,1.059479169,1.210564198,0.531706979,0.603568954,1.292288396,0.249839774,0.614886792,0.752590568,1.935495653
TAGATAACGGCAAATGTCGTTATGAC,Yuping_ancestor,Evo1_5D,0.55577698,0.328974051,0.332953904,0.648143093,0.706266775,0.774582479,0.938972348,1.29196144,0.298834014,0.153325112,0.306971324,1.209941809
TGAGCAAACTGTAATTTTATTCTGCA,Yuping_ancestor,Evo1D,1.061666667,0.599356387,0.669256684,0.335745599,1.131558409,0.93823908,0.949018473,1.689549112,1.14530426,0.79977016,0.873946322,1.121289136
TAATTAAAATAAAATTGAATTAGACT,Yuping_ancestor,Evo1_5D,0.919152319,0.258806142,0.435504437,0.680696248,1.220074913,1.036927449,0.783665456,1.513392915,1.071681444,0.729976691,0.725401165,1.112879508
GTAAAAAACTATAACCTATTTTTAAT,Yuping_ancestor,Evo1_5D,0.936134385,0.388,0.527478924,0.418159284,1.187310857,1.087723993,0.092191643,1.110566755,0.991517167,0.64108926,0.256934395,0.261204131
TATACAACAACCAAGGGCCTTTTGAA,Yuping_ancestor,Evo1_5D,0.15326006,0.03058672,0.097160921,0.068714429,0.74212136,0.547954318,-0.011773531,1.27357394,,,,
ACTTAAACCTTAAAGAAGATTTTCGC,Yuping_ancestor,Evo5D,0.67,0.439657808,0.727235073,1.099333333,0.945929132,0.940454926,0.991493723,1.948907562,0.845865855,0.633394027,1.2206751,1.997006873
GTTACAACTTGAAAGGTTGTTTTTCT,Yuping_ancestor,Evo1_5D,0.531740102,0.341616392,0.427861645,0.768930191,0.8944836,0.759130481,0.884018252,1.166667656,0.295213355,0.035361281,0.750708473,1.288354589
GTAACAATCGGCAAGGTAGTTTTCAT,Yuping_ancestor,Evo1D,0.501999845,0.326100029,0.391889079,0.595624203,0.85775931,1.018515513,1.007187128,1.318808207,0.326401934,0.051528517,0.515805997,1.510529878
CACGTAAGAAGGAAGCTGCTTATGAT,Yuping_ancestor,Evo1_5D,0.713215204,0.230553823,0.405384475,0.526619839,1.003980086,0.820144781,1.099286352,1.843628062,0.687220078,0.568625854,1.218642788,2.100498967
CTAGCAACGACCAAGTTTGTTACGAA,Yuping_ancestor,Evo5D,0.791644143,0.309345371,0.572287434,0.851644349,1.201599669,1.000404893,1.05745316,1.698379674,0.910764451,0.700780896,1.0176007,1.687881292
ATTCTAATGAATAAACTAGTTAAGAG,Yuping_ancestor,Evo5D,0.774949638,0.517288633,0.430326209,0.203017257,1.106531403,1.023586175,1.317177433,2.420902153,0.965205089,1.12109424,1.857985641,3.451181321
ATCCTAACGCCTAATGGGATTGCGAA,Yuping_ancestor,Evo5D,0.244849836,0.014945418,0.050310972,0.542172627,0.459238474,0.596958758,0.559695239,1.718311993,0.027556234,-0.427705127,0.62871596,0.781679905
TAGTAAAACAATAAGTCCATTCTAGT,Yuping_ancestor,Evo1_5D,0.562169862,0.060497284,0.144754575,0.441088846,1.016828231,0.55648597,0.644101975,1.527505568,0.548639739,0.373038421,0.694671653,0.981169171
GCAGTAAATCGGAAATAGATTGCTAA,Yuping_ancestor,Evo1_5D,0.543244497,0.348879088,0.40538868,0.684569607,1.012589482,0.718898449,0.800239444,1.359599956,0.339962097,-0.050471706,0.533609652,1.390482218
CGGTAAAGATAAAACCCGGTTGAGGA,Yuping_ancestor,Evo5D,0.747217761,0.989447832,1.080267106,0.084860083,1.169082901,1.049071571,1.040986922,2.005088331,0.985531653,1.131574633,1.85475771,3.423151541
AGAATAATAATTAACCTCCTTTGAAT,Yuping_ancestor,Evo5D,0.897336203,0.257665663,0.52411491,0.584673968,1.134072436,0.949437803,0.807219805,1.260254628,1.00944407,0.694729499,0.658378506,0.990782017
TAGTAAAATAACAAGTAATTTTTCTA,Yuping_ancestor,Evo1_5D,0.587666667,0.368535396,0.59580211,0.824596115,0.741368043,0.561504121,0.177156161,0.915450115,0.511873046,0.319110695,0.460843357,0.720132051
CTGCCAATGCTCAAGGTGTTTGCTAA,Yuping_ancestor,Evo1_5D,0.568990754,0.420006025,0.452111022,0.707660012,1.201174862,0.823617972,1.031862099,1.630855103,0.325525838,0.468849361,0.66371086,0.997840675
AGTTTAATTCAGAACAAAATTGGCAA,Yuping_ancestor,Evo5D,0.786943051,0.487607047,0.695169792,1.071621549,1.219898358,1.044254425,1.121849752,2.127491005,0.970999575,0.978720313,1.787224461,3.590123321
CCGCGAACCCGCAAAACCCTTCGCGG,Yuping_ancestor,Evo1_5D,0.607567351,0.608724517,0.634290298,1.08623737,0.957991212,0.799880761,1.033001412,1.588571722,0.512210807,0.429774319,0.98681598,1.788383575
TCGGCAAATTAGAATACGTTTTACCG,Yuping_ancestor,Evo5D,0.552254943,0.681803342,0.793553226,1.039333333,0.871929768,0.758632304,0.890271064,1.562095561,0.573994018,0.556368887,1.023839945,1.860546614
GGTGCAACGAGGAAGAACATTAAGAG,Yuping_ancestor,Evo5D,0.467007649,0.185621479,0.611132692,1.138889171,1.138398801,0.6480404,0.116867101,1.045077734,0.145490453,0.310042303,0.838472871,2.350842158
ACAATAATTGGGAATGGCTTTTGGGC,Yuping_ancestor,Evo1_5D,0.32653376,0.493105415,0.432195986,0.624424645,0.887609592,0.675459638,1.059155682,1.391082782,0.129818372,0.184126617,-0.45753171,-0.807576582
GGTCCAATCGTAAATGCGGTTGTGGA,Yuping_ancestor,Evo1_5D,0.744069134,0.388211088,0.468990603,0.917259384,1.240868061,0.876277757,0.91695714,1.508993809,0.609990022,0.530094455,0.851225845,2.09860858
GGGCGAACGGGGAAAGGAGTTGGGGG,Yuping_ancestor,Evo1_5D,-0.032529004,0.063969535,0.041417524,0.148573939,0.399890848,0.761887889,-0.472877672,0.650266933,,,,
TTCTTAACTGTGAATTAAGTTAGACT,Yuping_ancestor,Evo5D,0.564963783,0.502552948,0.591225274,1.188531679,0.814157537,0.663563244,0.542499659,1.468929041,0.431756117,0.265051279,0.930359886,2.425607453
TGGTCAATCCCGAAATGAATTATTGG,Yuping_ancestor,Evo1D,0.522201545,0.571570965,0.700184473,0.605150203,0.854537183,0.666449628,0.903235494,1.332884066,0.371537301,0.227753553,0.568252767,1.226352734
GTCAGAAGTACAAAATCCGTTAACTG,Yuping_ancestor,Evo1_5D,0.573809987,0.457054278,0.440260964,0.720605763,0.863484696,0.751793838,1.063486344,1.521591031,0.458307713,0.188431607,0.466148803,1.540412818
ATTTTAATTTTAAACAACTTTGCGTC,Yuping_ancestor,Evo1_5D,0.537510309,0.455438367,0.494216016,0.756060607,0.978572706,0.856627444,1.041586514,1.407354497,0.481391359,0.210627861,0.536972165,1.164165992
TGGCTAACAGGAAACGAGGTTGGGCG,Yuping_ancestor,Evo1_5D,0.021348066,-0.007486711,-0.026400044,0.019919232,0.089674303,-0.003989679,0.049966837,0.140721393,,,,
AGAATAACCTTTAATTCCCTTCAGGT,Yuping_ancestor,Evo1_5D,0.552283682,0.36403033,0.458874243,0.679014905,0.952664447,0.796034511,0.803901759,1.371182672,0.392427097,0.177555657,0.494482767,1.249275921
TTTGCAAAGTTAAATGATGTTGTTAT,Yuping_ancestor,Evo1_5D,0.778205041,0.097712592,0.208395968,0.536149579,1.173890995,1.026484126,0.87425695,1.811694291,0.922300808,0.615108199,0.596385083,0.881424166
ATGCAAAGCTCGAAGTCATTTTACTT,Yuping_ancestor,Evo1_5D,0.325219038,0.500762222,0.460230929,0.599799967,0.82372179,0.778804121,1.194214148,1.597907474,0.164467146,-0.024542354,-0.597153602,-0.838338376
GTGGCAAAATGGAAGCCTCTTGCAAA,Yuping_ancestor,Evo5D,0.540939563,0.741129322,0.961937444,1.000148304,0.828392069,0.863408224,0.945347046,1.60526428,0.491171193,0.276637379,0.881493931,1.81737811
CTTTTAAATGTAAATTCTCTTTAGTC,Yuping_ancestor,Evo1_5D,0.8,0.135769309,0.418210506,0.58014469,1.005280449,0.625414077,0.749802986,0.724770209,0.898288095,0.397722781,0.631322531,1.505238378
ATGTCAATATAGAAGATCGTTCTGGC,Yuping_ancestor,Evo1_5D,0.766797693,0.210918154,0.30896846,0.655679821,1.03548533,1.007285606,1.400088469,2.456870905,0.899368448,0.561109736,1.061156604,1.546220707
CTGCCAATTATAAAACGCGTTGTGTA,Yuping_ancestor,Evo1_5D,0.410792874,0.357860307,0.440520879,0.681976201,0.730796046,0.518771867,-0.123465117,1.134559279,0.220090596,0.21189582,0.303455697,0.527966012
TTTTAAATCACCAAAGTAGTTACTTG,Yuping_ancestor,Evo5D,0.545882837,0.672832771,0.856842598,1.085666667,0.848837313,0.781281931,0.932433252,1.17827696,0.420442242,0.44907928,1.032189222,1.968238224
TTACGAACCCCCAAATCACTTACTCG,Yuping_ancestor,Evo5D,0.591301241,0.624703361,0.691415708,1.204654038,1.071711787,0.972438522,1.168957337,1.639410051,0.272221495,0.656395088,1.084993402,1.965116742
GCTCAAAGTCGGAAACCTTTTCATCT,Yuping_ancestor,Evo5D,0.569889629,0.613631318,0.730623119,1.178636965,1.588633536,1.103606676,1.249439163,1.819375592,0.514361525,0.46297996,1.070644582,2.077880012
AGGATAAGCTATAATGTTGTTCATGT,Yuping_ancestor,Evo1D,0.547429324,0.416445317,0.449721235,0.677024006,1.135225463,0.708888149,0.929950104,1.606869251,0.286143392,0.302633082,0.789133346,1.233542992
GATGAAAACAGTAAGGCGGTTGGAGG,Yuping_ancestor,Evo5D,0.527828341,0.69443459,0.798951822,1.035164314,0.940236173,0.792770946,0.904072202,1.583968817,0.197222124,0.378314587,0.860490687,1.767527561
ATATCAATTGCGAAAAATGTTACGAG,Yuping_ancestor,Evo5D,0.532666667,0.875382061,1.015795193,1.081235883,1.060985418,1.083811255,1.240569934,2.004324768,0.560095819,1.021156476,1.511612065,1.905773074
CATAAAAATCTCAATTGTTTTGGGCT,Yuping_ancestor,Evo1_5D,0.517846172,0.209860357,0.368049223,0.586829952,1.193050897,0.623176117,0.904519623,1.605155309,0.765490857,0.586280347,1.100215933,1.730960385
CAGATAATTAACAAATTATTTGAAAC,Yuping_ancestor,Evo1_5D,0.577627756,0.346256568,0.44380023,0.64142148,1.045638094,0.670041503,0.798843425,1.137696958,0.455274076,0.084928152,0.509136103,1.347459837
TCGAGAAGAGGGAACAGCTTTGCCGT,Yuping_ancestor,Evo1D,0.545622249,0.491674398,0.54635678,0.660585832,0.919477027,0.751951221,0.897872779,1.873752144,0.291216954,0.42048352,0.093714409,1.248177849
TAAATAATCCTAAAACGGGTTATCGC,Yuping_ancestor,Evo5D,0.460263042,0.371218913,0.484920503,1.161217705,1.171408872,0.626953075,0.70905605,1.440128912,0.424610222,0.383206236,0.946168111,2.266431076
CTGACAACCTTGAACAAGGTTTATAG,Yuping_ancestor,Evo1_5D,0.57702211,0.372912803,0.437583197,0.722125777,1.181088677,0.735693867,1.027705021,1.549812618,0.448475938,0.075218505,0.453520433,1.771483558
GGTACAATATCGAACCCAGTTTAAGC,Yuping_ancestor,Evo1D,0.512290143,0.290559041,0.327846669,0.606975309,0.932250769,0.818149528,0.988196073,1.384700223,0.361850265,0.135284408,0.067808885,1.343495934
CAAATAAATAACAATGGAGTTCGCTC,Yuping_ancestor,Evo1_5D,0.302050998,0.420832564,0.438114024,1.0324448,0.809297961,0.750630893,0.535555999,1.481017728,0.072312352,0.377651423,0.691868985,2.134404829
ACATCAAAGTGAAAACGGTTTTTTTG,Yuping_ancestor,Evo1_5D,0.50975946,0.465233927,0.511918361,0.702262726,1.237902403,0.679692746,0.848541747,1.251716392,0.304951068,0.163298798,0.519690252,1.149672014
AGGGGAAGTTAGAAGGTGATTACATT,Yuping_ancestor,Evo1D,0.495825259,0.567608024,0.650584492,0.61558776,0.865804886,0.723261341,0.776003538,1.235257579,0.186744811,0.284698567,0.423865412,1.286122014
TTTTCAAATGTGAATGCAATTAGCGC,Yuping_ancestor,Evo5D,0.553488024,0.564132165,0.658423454,1.168366411,0.864570909,0.687630859,0.730424091,1.533749561,0.485558133,0.427355668,0.917281481,2.557601298
GCCGTAAACTATAAACAGGTTCGGTC,Yuping_ancestor,Evo1_5D,-0.0326325,0.019281746,-0.007748463,0.114309788,0.144032506,0.556189356,-0.087704808,-0.284204857,,,,
GATAAAATGATCAAACGTGTTACCCT,Yuping_ancestor,Evo1D,0.558737633,0.570015943,0.657564098,0.671507166,0.869688848,0.735839106,0.859279387,1.392722711,0.389369724,0.059660077,0.602918621,1.144557355
GAGGCAACCTCTAATGTCGTTTTCGA,Yuping_ancestor,Evo5D,0.546525292,0.651765822,0.730852949,1.051803614,0.876100776,0.735695093,0.873810824,1.65275497,0.370189021,0.5130937,1.003897979,1.935549638
AGGATAATCCGTAAGACAATTGGGTT,Yuping_ancestor,Evo1D,0.560338078,0.415879088,0.45234288,0.676590073,1.003652059,0.741678105,0.81622655,1.200843869,0.385528988,-0.084876194,0.51612705,1.276293761
TTCGTAAATGTGAACCCCTTTGTTCA,Yuping_ancestor,Evo1D,0.52648041,0.437074395,0.442227097,0.651527961,0.979902129,0.831462033,0.997597784,1.43982937,0.290632263,0.261971476,0.773289599,1.154744137
GAGAGAATGCGCAATCATGTTTTCAT,Yuping_ancestor,Evo1_5D,0.57948108,0.391734891,0.44813601,0.66640971,0.791179987,0.698059835,1.092465779,1.472050918,0.387345607,0.210804638,0.29390224,0.802581671
GGCTTAACAACCAATAGGCTTTCACG,Yuping_ancestor,Evo5D,0.52176827,0.472381462,0.545921322,1.006112668,0.882707413,0.792967345,1.089305241,1.931506812,0.484120749,0.391866147,1.035794874,1.88716553
CAGAGAATGTCGAATCCTTTTTCAGC,Yuping_ancestor,Evo5D,0.58949355,0.640849474,0.670213757,1.162333333,0.921705484,0.87586188,1.212434291,1.655406821,0.361429225,0.58370116,1.141600333,2.037227597
CGGAAAATTCGTAAGATTGTTTACTA,Yuping_ancestor,Evo5D,0.55651867,0.594865183,0.787526995,1.184925408,0.885994292,0.625241519,0.47055786,1.56074309,0.486719488,0.429410573,0.855081866,2.427768309
TGAATAATCTATAATGGATTTGCTAT,Yuping_ancestor,Evo1_5D,0.379937665,0.506408132,0.481221898,0.504119365,0.738441011,0.853316054,1.001979421,1.556663975,-0.034711769,0.288933887,-0.141882715,-0.469981365
CGTTCAAGTCACAAGGTTATTAGGTA,Yuping_ancestor,Evo1D,0.536709126,0.503662329,0.664960026,0.639779896,1.107409417,0.712969316,0.874137588,0.873798541,0.38791729,0.327369867,0.393132917,1.391331431
ACAGAAATCTAAAACACATTTCCCAA,Yuping_ancestor,Evo5D,0.88702631,1.509333333,1.635147429,2.108666667,1.267608922,1.169921419,1.148273379,2.535657302,0.762223849,1.212713586,1.741082267,2.812615422
ACATAAAACTGCAACCCTTTTGCGAG,Yuping_ancestor,Evo1_5D,0.792,0.138509007,0.255453689,0.588343709,0.949439975,0.60235651,0.553298353,1.486058193,0.866445488,0.338675336,0.64239462,1.26199796
CCCCGAAGTTTAAAGCAAATTTGTAG,Yuping_ancestor,Evo1_5D,0.57008041,0.384519742,0.481996477,0.675506783,1.099237563,0.764084902,0.837783828,1.381616078,0.062212779,-0.467787303,0.4523583,1.756641029
CGTCCAATCGTTAATAGACTTTGCTT,Yuping_ancestor,Evo1_5D,-0.018350208,-0.004996371,-0.041597229,0.035988951,0.01347947,-0.03501182,0.007778046,0.088796485,,,,
GGGTTAAGCGTCAATGACGTTCTATA,Yuping_ancestor,Evo1D,0.724284145,0.206990221,0.341858114,0.165042339,1.122197356,1.131273606,0.883696415,1.320920734,0.856895139,0.570209029,0.572391617,0.623089438
ATCTCAACAATAAAGCGCCTTTTAAC,Yuping_ancestor,Evo5D,0.532289252,0.592027387,0.684040385,1.227231665,0.873789882,0.726369046,0.721072862,1.898856039,0.549088182,0.377428848,0.932065983,2.3687486
TTGTCAAACCCTAATGCTCTTACCCG,Yuping_ancestor,Evo1D,0.60243323,0.505671981,0.542238745,0.666987815,1.370495112,0.828781049,0.904912149,1.611442812,0.361931077,0.244539119,0.602486815,1.491576417
AATAAAATCTGCAATCTGGTTGTTCT,Yuping_ancestor,Evo5D,0.493419786,0.773438116,0.959250903,1.119,1.311065817,0.853293004,0.908316578,1.61225891,0.402418182,0.61376767,1.135968715,1.708277503
GTAACAATCGTCAAAATCCTTAGGGG,Yuping_ancestor,Evo5D,0.542548056,0.575981134,0.6690863,1.064721507,0.676918801,0.67465365,0.825070848,1.435304909,0.454508007,0.429856893,1.092604017,1.882385793
GTGGGAAGATGCAAGTCCATTTACTC,Yuping_ancestor,Evo1_5D,-0.018623667,-0.011600973,-0.018582905,-0.001219108,0.036458373,0.015898289,0.087687578,0.012387545,,,,
CCCCGAACGTGAAATGTTGTTATATA,Yuping_ancestor,Evo1_5D,0.028645793,-0.007851195,-0.010531073,0.028,-0.0065573,0.029785022,-0.030011859,-0.053192771,,,,
GCCTTAACATTCAACTACGTTATCTT,Yuping_ancestor,Evo1_5D,0.580934887,0.79704952,0.83016873,1.526666667,0.906577441,1.073731592,1.449818601,2.022759644,0.541183174,0.937110039,1.572382767,2.578791857
TCATCAACAGCTAACCGATTTGCGTT,Yuping_ancestor,Evo1_5D,-0.004804985,0.011913775,-0.030893519,0.017033433,0.026657521,0.007931593,0.092742006,0.148073254,,,,
ATAAAAATATGAAATTATTTTGTGTA,Yuping_ancestor,Evo1D,0.511338181,0.415774615,0.524202205,0.561164404,0.816076713,0.713282713,0.669491617,1.164479616,0.407214282,0.327798786,0.306531374,1.223191136
TCAAAAACACTTAAGCCATTTCTTGC,Yuping_ancestor,Evo5D,0.511995684,0.392365584,0.460221065,1.010725466,0.983804459,0.636992009,0.731711573,1.323311487,0.45445266,0.176528721,0.725941864,1.769149515
AGACGAAGCAGTAAGGGGCTTGCGGG,Yuping_ancestor,Evo1D,0.577506408,0.496955451,0.586493671,0.676658117,1.132725198,0.640711183,1.079876931,1.566874858,0.366714402,0.224325336,0.513694252,1.170150108
TATCTAATCACTAATATGCTTTTCAC,Yuping_ancestor,Evo1_5D,0.529869776,0.342858713,0.444460447,0.831832872,0.711208469,0.797237047,0.928471182,1.27857142,0.530776508,0.346999279,0.693881244,0.677552993
TGACGAATCAGTAACACGTTTCTTAA,Yuping_ancestor,Evo1D,0.549442497,0.424338842,0.452302979,0.683808989,0.895740768,0.875018365,0.986689467,1.991471902,0.37804877,0.195639501,0.475400391,1.123420787
GCTGTAACACAGAAGGTAGTTTTCCT,Yuping_ancestor,Evo1_5D,-0.014107079,-0.006149653,-0.045974709,0.041531122,-0.00613089,-0.047951461,-0.048021559,-0.033310553,,,,
TAGTTAATACACAATAGCATTAGATT,Yuping_ancestor,Evo1D,0.522565481,0.433729706,0.450859795,0.609508665,0.953917176,0.843752392,0.804140081,1.494972226,0.443419682,0.07160163,0.497788222,1.167011343
ACTACAATCTAAAAAGAGTTTCTTTG,Yuping_ancestor,Evo1D,0.557234612,0.489546346,0.515106983,0.630938642,1.255012299,1.02148446,1.12895383,1.438341122,0.195157364,0.083804425,0.388670484,1.187880288
CCCACAATACTTAAGGGCATTGTCAT,Yuping_ancestor,Evo1_5D,-0.031547866,-0.007406521,0.013337392,0.007143586,0.006981733,-0.002462083,0.025309439,0.080908323,,,,
TACTAAACCTACAATGGTTTTTTCGC,Yuping_ancestor,Evo5D,0.54302796,0.484299549,0.525981053,0.682665821,0.855765266,0.743512577,1.00685416,1.929205587,0.50486129,0.302894649,0.631857154,1.154752641
CAGCTAACTGGAAAATGATTTCACAT,Yuping_ancestor,Evo5D,0.590256098,0.620816106,0.696907756,1.129776293,1.011884183,0.876000097,1.102423789,1.642940406,0.286750449,0.43741948,1.033441622,2.065897347
TATTAAACTGCGAAATTCTTTTAAAT,Yuping_ancestor,Evo1_5D,0.604530663,0.611597343,0.783801413,0.726000299,1.044708317,1.011514958,1.242389143,2.020199947,0.479402579,0.773757911,1.297939516,1.996637563
TATACAATATAAAAACTTCTTCGATT,Yuping_ancestor,Evo1D,0.539849168,0.534849589,0.795239175,0.507027775,1.070721058,0.788618203,0.998329834,1.40110759,0.321802495,0.170113111,0.413076994,1.327959941
TTGGTAATATGTAAGGGTTTTGTTCC,Yuping_ancestor,Evo1_5D,0.58092868,0.484190677,0.487244826,0.68297181,1.092985173,0.824438721,0.883695449,1.689555001,0.29043293,-0.001877559,0.365499264,1.270492152
CGCCCAAGCCCTAAGCGTGTTCAGCG,Yuping_ancestor,Evo5D,0.56566942,0.598608448,0.734414719,1.102332387,1.317289129,0.966034963,0.673201759,1.886792557,0.361358291,0.444866681,0.944359341,2.080661635
GCTGAAAAAGTTAATATACTTATCGT,Yuping_ancestor,Evo1_5D,0.553835687,0.41983095,0.428837335,0.684858913,0.991825722,0.808259539,0.705738446,1.208908761,0.42910028,0.218098003,0.581100923,1.24658111
CGAGAAATATAAAAATGCGTTGCTCG,Yuping_ancestor,Evo5D,0.578715409,0.636437609,0.695224207,1.175306024,1.07165815,0.872052909,1.011792546,1.741256847,0.363590198,0.388356969,1.095743603,2.080664852
GTGGTAATTTGTAAAAAGTTTTGAAC,Yuping_ancestor,Evo1_5D,0.501407115,0.424186256,0.449288813,0.62545984,1.207940836,0.838167461,0.753721985,1.078561696,0.184393891,0.044784165,0.325462238,1.264019389
GGACTAATTGAAAAGTATGTTTCGGG,Yuping_ancestor,Evo5D,0.289784185,0.923310488,0.878356797,1.200299042,0.838321946,0.977650054,0.905892115,1.74003036,-0.112298396,0.802269176,0.858443306,1.299783816
AAGGAAAAAGGAAAATGTATTTTTAA,Yuping_ancestor,Evo1_5D,0.451188748,0.197043173,0.29736234,0.630154874,0.751763633,0.910706345,0.715901226,1.036333979,0.061238801,-0.064300344,-0.305759925,1.390368515
CCCCCAATTTTCAAGTATATTATGTC,Yuping_ancestor,Evo1_5D,-0.01496071,0.008761587,-0.028659184,-0.013192606,-0.055628714,-0.025811184,-0.053143632,-0.096815963,,,,
AAAGAAAGATAAAAGCCGGTTCTTAG,Yuping_ancestor,Evo5D,0.535370634,1.230281293,1.519271663,1.553666667,1.11151655,1.027127558,1.247002368,1.909136806,0.082330847,0.572903847,0.98592379,1.996183102
CAGGGAAAGCGTAAGTGTTTTGTTAC,Yuping_ancestor,Evo5D,0.521823747,0.541023658,0.581741082,0.778244257,0.831847209,0.914098197,0.799516385,1.580678492,0.339757165,0.278113979,0.368121324,0.699593311
ATTTGAACAATGAAACGTATTCGTGG,Yuping_ancestor,Evo5D,0.595524093,0.656899572,0.76844798,1.094356055,1.136819579,1.035133217,1.004728636,1.782506514,0.338712457,0.534612274,1.026247966,1.93937344
GCGGCAAGGGGGAAGGGCGTTGGGAA,Yuping_ancestor,Evo1D,0.548620148,0.552482917,0.655501303,0.671365802,1.016552307,0.8507897,0.585221193,1.757355797,0.35901707,0.098497369,0.489274943,1.318477524
CCTGGAAACATTAATAATTTTGGGTG,Yuping_ancestor,Evo5D,0.535332225,0.575868451,0.767702136,0.939478424,1.155027313,0.861919362,0.817108646,1.635887444,0.269535936,0.271006328,0.99719519,1.769046909
CTCTCAAGCGTTAAGTTGTTTATTTG,Yuping_ancestor,Evo5D,0.603428061,0.764308057,0.886524358,1.164666667,1.307213872,0.845116486,0.902581326,1.491720456,0.422310229,0.518883949,1.081288459,1.875292444
ATAACAAACATCAACTGAGTTATATG,Yuping_ancestor,Evo1_5D,0.025644195,-0.018803721,-0.003712094,-0.018150647,0.028739708,0.046852785,0.028419814,-0.021502765,,,,
GTCAAAATCAACAACTGTCTTCACAT,Yuping_ancestor,Evo5D,0.591451719,0.590549578,0.674080649,1.130109757,0.958499132,0.885976166,1.030437007,1.814668739,0.309350536,0.427485124,1.056616609,2.010634093
TAGGCAATGTAGAAAGCAGTTAGCGC,Yuping_ancestor,Evo1_5D,0.620492793,0.434334666,0.415580064,0.742000322,0.873663743,0.748883059,0.769392333,1.492205947,0.531921809,0.076921921,0.598216905,1.285041508
TAAACAAGCGTCAAACTAATTCGCAG,Yuping_ancestor,Evo1D,0.566835402,0.456340663,0.575537275,0.673055053,0.810998434,0.961805445,1.03776973,1.468012304,0.22916721,0.118511142,0.506399367,1.505985584
CAAGAAACCGAAAAGGGATTTTTTGG,Yuping_ancestor,Evo5D,0.525253072,0.775774388,0.98416011,1.136328685,1.232673365,0.94983015,0.929119551,1.417274594,0.424957406,0.499459419,1.02047292,1.897815481
TCAGGAACGTTTAAATCTTTTGACAC,Yuping_ancestor,Evo1_5D,0.588252648,0.429437798,0.487487694,0.714808569,1.167214105,0.894694074,0.942203688,1.276933915,0.289363433,0.232566398,0.14869711,1.441874024
CAAAGAAAAGTTAATACCGTTCGGCG,Yuping_ancestor,Evo1_5D,-0.03835781,0.001089824,-0.009106832,0.009510977,0.005141398,-0.010889336,0.002961467,0.005870032,,,,
GAACCAATCCAAAATATTTTTCAGTC,Yuping_ancestor,Evo1_5D,0.193450142,-0.050580095,-0.043618457,0.420199466,0.201563967,0.720915417,0.719070639,1.457909295,-0.098052583,-0.425980171,0.465290635,0.777259667
GGTGCAAGAGAAAATAAATTTCTGCT,Yuping_ancestor,Evo1D,0.561801379,0.571011711,0.68330898,0.660954222,0.859325432,0.843398447,0.930955311,1.500968662,0.352772778,0.263571924,0.594152866,1.235699003
ACACTAAATTTCAAAGCGGTTAAAAC,Yuping_ancestor,Evo1_5D,0.281348804,0.480966761,0.547250366,0.826849805,0.838481727,0.50552967,0.672716061,1.01737288,0.314352852,0.581565414,0.863622725,1.493013247
ACATCAAACTCGAAAATTGTTGCCAC,Yuping_ancestor,Evo1_5D,0.298456551,0.278469769,0.302135881,0.716376924,0.954173389,0.348608301,0.971514679,0.741855757,-0.794393263,-0.035861597,0.154979954,1.09307748
GGCAAAAAGACGAAATGGCTTTGATA,Yuping_ancestor,Evo1_5D,0.022315479,-0.003731484,-0.01032129,0.038275403,0.015241116,0.037419844,0.063444309,0.068296075,,,,
TTTACAACATAGAAGATACTTGCTTC,Yuping_ancestor,Evo1D,0.542424204,0.432178206,0.46974697,0.70292919,0.909562244,0.741858298,1.138578062,1.333013028,0.304315427,0.121041571,0.589545553,1.464752716
CCTTTAAACCAAAACACAGTTCGACA,Yuping_ancestor,Evo1_5D,-0.039961003,-0.024248919,-0.0458305,0.048382512,-0.00914481,-0.091278469,-0.020710065,-0.004527689,,,,
TTGTTAAAACCGAACTCAATTTTTAT,Yuping_ancestor,Evo1_5D,-0.008027732,0.043372412,0.006674201,0.024840998,-0.061447168,-0.015763153,-0.009599481,-0.003327846,,,,
AAGCCAAGTTCGAAAATGATTTAGGG,Yuping_ancestor,Evo1_5D,-0.017149164,-0.005151925,-0.046234742,0.047400526,0.042027819,0.00044268,-0.004844555,-0.03060478,,,,
TCACTAAGACCTAAGGTGATTGTTTC,Yuping_ancestor,Evo1_5D,0.007940528,-0.003272813,-0.009705306,0.026541335,0.052133783,0.000322788,0.035739174,0.011852746,,,,
TCAATAACATCGAATCCATTTCTTGT,Yuping_ancestor,Evo5D,0.609245319,0.609721461,0.651696492,1.153934922,0.914547906,0.882921861,1.197028562,2.095404687,0.32536501,0.454133965,1.018232643,1.660333598
CCGGGAATCACGAATGTGTTTTTAAC,Yuping_ancestor,Evo1_5D,-0.00439802,0.044616982,0.010812666,0.014710363,0.011333454,-0.042992064,-0.095723424,-0.070474535,,,,
GATCGAAAATAAAAAGCATTTGACCG,Yuping_ancestor,Evo5D,0.596422782,0.565583569,0.713809332,1.151980244,0.91257787,0.838463295,1.256462648,2.054745299,0.489193487,0.471176956,1.119796389,1.998634619
AATGTAAAATTTAAGTCACTTCTTAT,Yuping_ancestor,Evo1D,0.55885742,0.456891064,0.504966553,0.714850844,1.058676433,0.756822163,0.871988132,1.613474331,0.140202595,0.210582791,0.408579729,1.237271947
TTGCGAATAAAGAAGGTATTTGGCCA,Yuping_ancestor,Evo1_5D,0.528197649,0.466610621,0.560837764,0.711955819,1.133276079,0.701215384,0.978459551,1.689899477,0.316869109,0.366367476,0.603905902,0.80743256
GTAACAAGCAGTAAGAGATTTCGTGG,Yuping_ancestor,Evo1D,0.556614648,0.494010886,0.540649004,0.657149327,0.981417121,0.851416726,0.897793909,1.645391103,0.455662049,0.236866486,0.42959535,0.994577886
GTTTAAATTTTCAAACGTGTTTGCGC,Yuping_ancestor,Evo1D,0.553525977,0.412102634,0.556092582,0.599289156,1.154499218,0.632245055,1.114042394,1.559339625,0.256215018,0.035700343,0.253633366,0.976990582
AATCTAAACCTGAAAAGAATTTGGTA,Yuping_ancestor,Evo1_5D,-0.013747597,-0.013178727,-0.033844733,0.010125215,-0.01727396,-0.003751341,0.028466321,0.032249329,,,,
GCTCGAATCACGAATATTTTTTTGTC,Yuping_ancestor,Evo1_5D,-0.02360637,0.000846957,-0.020212808,0.02052283,-0.04636966,-0.052239575,-0.041778203,-0.011770971,,,,
TTCAGAACAGACAAGAATTTTTTATG,Yuping_ancestor,Evo1_5D,-0.021655663,-0.029627747,0.035400915,0.022725016,-0.007347453,0.009180625,0.061632983,0.069006227,,,,
TGTTCAAAAGTGAAATCTGTTTTGTA,Yuping_ancestor,Evo1_5D,-0.010382523,0.018647275,-0.013239749,-0.015797417,-0.044845438,0.043899286,0.063952883,0.06604186,,,,
GAAGAAATAGTAAAGGCAATTCCAAA,Yuping_ancestor,Evo1_5D,0.009526098,0.031217888,-0.030193399,-0.021408173,-0.007615865,0.068604858,-0.016592718,-0.007787741,,,,
TGCTCAACTGGCAAAAAATTTCGAAC,Yuping_ancestor,Evo1_5D,0.010007737,-0.018696694,-0.045678504,-0.0180804,-0.010089464,-0.036539941,-0.032350719,0.031684018,,,,
TTATCAAATTTCAAGCGCGTTCTGTA,Yuping_ancestor,Evo1_5D,0.579225167,0.458956516,0.503348415,0.672475002,0.612707243,0.946364856,1.019225714,1.453962106,0.538141022,0.132760084,0.769467041,1.490866411
AATTTAACTGTCAAATAGATTTTATT,Yuping_ancestor,Evo5D,0.569555778,0.585323451,0.867356746,1.161032074,1.103969424,0.667035836,0.940609169,1.393354462,0.537179091,0.444595694,1.00523432,2.294206611
TCCTGAAAACGAAACCGCTTTCGTTC,Yuping_ancestor,Evo5D,0.570583308,0.756879127,0.879784582,1.103725918,1.151050447,0.828615292,1.015273206,1.627952883,0.47540802,0.553924357,1.047819512,1.984653441
CTAGCAATTTGCAAGTGAATTTTGAT,Yuping_ancestor,Evo1_5D,0.546568118,0.477021055,0.513218356,0.641457837,1.14691105,0.801257928,0.876730273,1.453885823,0.105229592,0.295397297,0.592373515,1.284725413
CCAAGAAACAAGAAACTTCTTACTCG,Yuping_ancestor,Evo5D,0.573367133,0.702630094,1.011705549,1.095540807,0.869334946,0.858870942,1.173063817,1.513274068,0.500334711,0.463176946,1.10140035,2.042154966
ACCACAATAATTAATGACATTCCCTA,Yuping_ancestor,Evo5D,0.599302984,0.626199152,0.777351102,1.079431454,0.820736985,0.93490883,1.025016156,1.524356797,0.340023091,0.505234034,1.149464581,2.182627066
ATACAAATATTCAACAACGTTTGAGC,Yuping_ancestor,Evo5D,0.519618319,0.488091015,0.571012855,1.028389062,0.89634662,0.864312813,0.958484784,2.114384349,0.40307571,0.470893572,0.843864991,1.724982389
ATGTAAAGGCGAAATCTAATTTACTG,Yuping_ancestor,Evo1_5D,-0.017223088,-0.027960968,-0.025024346,0.008658335,0.023680199,0.025443612,0.064117018,0.017166776,,,,
TACTCAATGTGTAAAGAGCTTCCTTT,Yuping_ancestor,Evo1_5D,-0.002435789,-0.03882565,-0.00487398,0.006557094,-0.042631861,-0.045565728,0.007376087,0.01694357,,,,
CCTCTAACCAGTAAACTGGTTGTATA,Yuping_ancestor,Evo1_5D,0.553113761,0.423552307,0.445731575,0.688974909,1.022553515,0.915904939,0.633921769,1.295394546,0.379386877,0.219999297,0.154640929,1.082869254
GTCTAAACGTTTAAAATAATTACGTA,Yuping_ancestor,Evo1_5D,0.003232839,-0.043343838,-0.029311687,0.033470998,0.071313879,0.09415849,0.114336811,0.115893453,,,,
GGTAGAAAGACTAAAAGACTTTTACC,Yuping_ancestor,Evo1D,0.528333333,0.409449125,0.704399646,0.744336984,0.922065987,0.790328081,0.633982943,1.3414592,0.031632957,0.15950751,0.576391419,1.60640776
TCTAGAATTAGCAAGTACATTGCCGT,Yuping_ancestor,Evo1_5D,-0.035721196,-0.024924965,-0.044851011,0.013674125,0.03387333,0.021927268,0.036674627,0.045311293,,,,
TCAAGAATGCTCAAATGCATTTTCTT,Yuping_ancestor,Evo1_5D,-0.025254177,0.005337315,0.040258729,-0.00046096,-0.017595027,0.001789833,0.096088494,0.065272996,,,,
TCTGCAAAATGGAACACACTTACGGA,Yuping_ancestor,Evo1D,0.568457768,0.587836628,0.676165438,0.605044227,1.028251107,0.825534613,0.840784686,0.983839902,0.385477798,0.189194129,0.380744334,1.221674083
GACTTAAAAGTCAATAAGCTTTGAGT,Yuping_ancestor,Evo5D,0.572373701,0.795349242,1.007672665,1.109074152,0.860698705,0.95971114,1.062577726,1.494022513,0.472185867,0.46342813,1.027737444,1.904758595
ACTAGAAGTGAGAAGACTCTTGGATT,Yuping_ancestor,Evo1_5D,-0.013175573,0.027498259,0.017672285,-0.015653285,-0.008274718,0.011837106,-0.020598095,-0.013155247,,,,
CCTTAAATGAGCAACTACCTTTTTTA,Yuping_ancestor,Evo1D,0.559361512,0.457657577,0.63490202,0.648972951,0.820690144,0.643420799,0.958288325,1.721813712,0.380358721,0.271860547,0.217656259,1.332429747
TGGATAACTCGTAAGGACCTTGTCAA,Yuping_ancestor,Evo1_5D,0.003672897,0.003222554,-0.010253169,-0.016032431,-0.018730905,-0.044818156,-0.074189717,-0.041442237,,,,
ATGTCAAGTTTGAACGATATTACTAG,Yuping_ancestor,Evo1_5D,0.008119956,-0.012716906,-0.000738328,0.01905076,0.040131624,-0.034633992,-0.080106495,0.014421578,,,,
AAACAAATCGGGAATTTAATTGGCCC,Yuping_ancestor,Evo1_5D,0.579604702,0.397315343,0.494437989,0.658888605,0.760493135,0.755892509,0.9100638,1.586215155,0.356873026,0.032598335,0.22963061,1.456615617
TGCATAACCAATAATTAGATTGTAGA,Yuping_ancestor,Evo1_5D,0.032940004,0.011266188,-0.018487446,0.025168314,0.00624124,0.015971162,-0.052095754,-0.073104913,,,,
ATAAAAAATCACAATTTTCTTGGAAT,Yuping_ancestor,Evo1D,0.504141803,0.41436526,0.586954861,0.515030897,1.256383133,0.828603915,0.73453214,1.998325063,0.243037998,-0.411382287,-0.336373151,0.429426018
TATAAAACAGTTAACAGCGTTTGCTT,Yuping_ancestor,Evo1_5D,-0.002369353,-0.021509774,-0.043966816,0.026922635,-0.024636862,-0.012150852,-0.078472596,-0.053604749,,,,
AACACAAATGCGAATGAGTTTAATAG,Yuping_ancestor,Evo1_5D,0.01252283,-0.031176406,-0.030495977,0.039986319,0.037243226,-0.000299124,-0.065340409,-0.011691065,,,,
TTCTTAAGTGTAAAGATATTTCCCTT,Yuping_ancestor,Evo1_5D,-0.012574918,0.073152765,0.029786303,0.071840217,0.685378692,0.599604083,-0.177641516,0.306552188,-0.212941839,-0.559488071,-0.155798553,-0.232970326
TAAAAAAACTCTAATATTCTTTCAAC,Yuping_ancestor,Evo1D,0.562666667,0.489164189,0.667679858,0.638424395,0.996673974,0.856857137,0.783979037,1.172024599,0.41452671,0.325396562,0.481931622,1.078036345
CCTACAAGTCCAAACTCTTTTCAGTT,Yuping_ancestor,Evo1_5D,-0.012772328,-0.008984837,-0.003717364,0.020947438,-0.031207273,-0.046947743,-0.01342112,-0.001993737,,,,
TTGAGAAATACGAATACACTTGTAAA,Yuping_ancestor,Evo1_5D,0.036464617,-0.034074258,-0.014383937,-0.033863878,0.019716609,0.017079686,-0.018632749,-0.031705937,,,,
ATCTGAATTCACAATGATCTTTACTT,Yuping_ancestor,Evo1_5D,-0.010193121,-0.030258913,0.026797607,-0.022012422,-0.003204976,-0.012453695,0.065732539,0.029842029,,,,
AAGGAAAAAAAAAATCAAATTTTGCC,Yuping_ancestor,Evo5D,0.563920952,0.764741328,0.90827138,1.144244879,1.330181834,1.019127681,1.185454702,1.829388754,0.285232459,0.433171438,1.077607058,2.035686857
CCGGGAAAGCAAAACTGTTTTAGATG,Yuping_ancestor,Evo1_5D,0.574225332,0.480966021,0.620754238,0.722533401,1.156026573,0.834176219,0.793902708,1.627472998,0.203066355,0.278210705,0.691015223,1.295060069
GTGGTAAAAAATAAATGATTTTCACT,Yuping_ancestor,Evo5D,0.578310097,0.689092638,0.812258692,1.155,1.080870589,1.076667402,1.113195425,1.649703126,0.466297922,0.53179456,0.954189141,1.935301684
GATCCAATTATTAAATGATTTGCCGG,Yuping_ancestor,Evo1_5D,0.001832637,0.019847553,0.006249079,0.034374403,-0.002985962,-0.003375574,0.005377411,-0.03869527,,,,
AAATAAAATTTCAAGGGGTTTATGGG,Yuping_ancestor,Evo1D,0.633281407,0.484904236,0.649748847,0.6782285,0.974903247,0.955170735,0.956456365,1.379568761,0.546300399,0.2855832,0.505950218,1.764431999
CCGTTAAGAGGAAAAAGTATTTTTGC,Yuping_ancestor,Evo1D,0.543529084,0.434658474,0.645477691,0.628718929,1.058450443,0.685364957,1.068757867,1.441556667,0.159980622,0.325077703,0.287125384,1.381340632
TGAGGAACAATTAAATCACTTATACA,Yuping_ancestor,Evo1_5D,0.575034614,0.395459948,0.426111053,0.673206992,1.064939651,0.693237418,0.834348117,1.399894194,0.252427971,0.144663195,0.62361284,1.558712224
GTATTAAAACCGAATATCGTTCGGGA,Yuping_ancestor,Evo1_5D,0.583929739,0.453139192,0.441539062,0.658778388,1.519230308,0.701372817,0.999564468,1.50421529,0.144511362,0.27333756,0.28403108,1.322237842
TTTCAAAGAGTAAAAGGCGTTGACTG,Yuping_ancestor,Evo5D,0.56530956,0.838197446,0.920323231,1.191605294,1.025364578,0.843796225,1.119166133,1.785255447,0.453689835,0.500037292,0.788534385,1.3804762
AGTTGAATTCGCAATGCATTTTAAGG,Yuping_ancestor,Evo1_5D,0.54271539,0.425238892,0.520712164,0.704183946,1.11350538,0.826738151,1.07238213,1.464062548,0.326974732,0.148133915,0.440469061,1.603671891
GAGATAAATGAAAATAGCTTTTATCC,Yuping_ancestor,Evo5D,0.508919352,0.552180968,0.737208351,0.595371211,1.05241394,0.755190695,0.914109861,1.163771231,0.456628468,0.316781359,0.580219766,1.348921358
TTTCGAATGCTGAATGTTCTTTCAAA,Yuping_ancestor,Evo5D,0.573506296,0.762589848,0.975505822,1.107206956,1.310497127,0.865569404,0.827902241,1.628544861,0.426180062,0.498850865,1.05912465,1.905128933
ATTGTAACTAAGAATACCGTTCGCAG,Yuping_ancestor,Evo1_5D,-0.020324448,0.005232704,-0.015,0.038977719,-0.002962514,-0.004624121,-0.029130721,-0.057394426,,,,
GCTTCAAAATATAATATGTTTTCTGT,Yuping_ancestor,Evo5D,0.545900318,0.471114424,0.619169181,0.713362815,1.241662571,0.825581985,0.796877859,1.474580047,0.499610396,0.178465632,0.331529382,0.848451727
GTTTAAACTCTGAACTTTTTTTAGGG,Yuping_ancestor,Evo1_5D,0.531079388,0.448659051,0.578709899,0.677694122,1.487352589,0.995524193,0.882332361,1.363824516,0.478065764,0.474561675,0.557743792,1.565965289
AGACAAATCCAGAACATCCTTAGTTT,Yuping_ancestor,Evo1_5D,0.020735262,-0.007541791,0.040788293,0.011033935,0.014511712,0.099597368,0.115369242,0.091512531,,,,
AGAGTAAGACGTAAATCGCTTGGCTT,Yuping_ancestor,Evo5D,0.363511574,0.391845515,0.753917061,0.877685144,0.971318545,0.968955669,1.093939248,2.082147497,0.40813166,0.494566066,1.326756301,2.588666357
GGGTAAATCTTCAATTTGCTTGAGTT,Yuping_ancestor,Evo1_5D,0.565221199,0.478488025,0.521733515,0.597798047,0.843057346,0.796076616,0.843848429,1.526513609,0.104223525,0.136977861,0.359074258,0.841299778
CATTAAATCATGAATCGCTTTCATTT,Yuping_ancestor,Evo1D,0.519793627,0.439673896,0.510812168,0.595347562,1.027548711,0.779417623,0.964558069,1.497695514,0.436848132,0.18025892,0.181327913,1.19790998
AGACAAATTTTGAAAGCCGTTTGTCA,Yuping_ancestor,Evo1D,0.516334164,0.74839503,0.957575103,0.605973847,1.113718838,0.671652409,0.693469035,1.328513573,0.526331387,0.495481918,0.339036733,1.114519594
CATCGAATATTCAAGTATGTTTTCTA,Yuping_ancestor,Evo1_5D,-0.030027449,-0.026830457,-0.022572094,-0.017270023,-0.033914814,0.009238771,0.037381847,0.028211894,,,,
TCAGCAACCAGCAAAATTATTATCTC,Yuping_ancestor,Evo1_5D,-0.03076653,-0.002246186,-0.005952166,-0.047351806,-0.003198324,0.008366543,0.032339026,0.028613477,,,,
AAGGTAAACCATAAATCGGTTGAATT,Yuping_ancestor,Evo1_5D,-0.023831545,-0.032384974,-0.002750735,-0.032557777,0.004109326,-0.005612745,-0.117433061,-0.124193525,,,,
GCTGGAATTATGAAATGCTTTTATTG,Yuping_ancestor,Evo1_5D,0.566025683,0.432371781,0.479350695,0.66520305,1.155134778,0.707335839,0.890384094,1.1439195,0.44446393,0.184543545,0.615748724,1.547825162
AAAATAAACCGAAAGTAACTTTGAAT,Yuping_ancestor,Evo5D,0.545503954,0.883290711,1.140962579,1.066530119,1.093960174,0.877381393,1.137999794,1.584800412,0.529058775,0.521482452,1.110171907,1.943688684
AAGGTAACCGGGAATGATCTTAAGTG,Yuping_ancestor,Evo1D,0.571259654,0.475197556,0.543105642,0.684930801,1.897792104,0.850746437,1.485795115,1.83077423,0.457488098,0.247086803,0.609385762,1.520189902
TTTTTAAACAGTAATGCCATTAGCAG,Yuping_ancestor,Evo1_5D,0.014438634,-0.030439067,-0.003711135,0.020299147,-0.03246871,-0.019207725,0.031597762,0.05163294,,,,
TATACAATACTCAACTCTGTTTGTAA,Yuping_ancestor,Evo1_5D,-0.00261991,-0.032029819,0.013843299,-0.023,-0.036592048,-0.037455252,-0.071249162,-0.062852319,,,,
ATGGAAAAGATTAATGTGCTTGTCCA,Yuping_ancestor,Evo1_5D,0.023261197,-0.00063408,-0.039271216,-0.018095134,0.018410908,0.032652026,0.078486462,0.075229405,,,,
ACTGTAATGTGAAAGGCATTTTTTGC,Yuping_ancestor,Evo1_5D,0.010895452,-0.0147019,-0.032391101,0.026308387,0.041038946,0.042081431,0.140864661,0.25241895,,,,
CCCAAAAACATTAAAGAGATTCGTTG,Yuping_ancestor,Evo1_5D,-0.016139894,0.026888951,0.012966803,0.04,0.024591999,0.057994156,0.117662477,0.096351504,,,,
ACCCCAAAAGTCAAAGGGCTTTACAA,Yuping_ancestor,Evo1_5D,-0.011089681,-0.007232314,0.015076814,0.045569123,-0.025685496,-0.047189893,-0.05402918,-0.040116403,,,,
AATATAACAATTAATCATGTTATCGG,Yuping_ancestor,Evo1D,0.583279336,0.546449125,0.659065673,0.664338214,1.121919922,0.797156826,0.78954297,1.435997561,0.319409003,0.180127547,0.290040354,1.463876105
TTAGGAAATTCTAATGCGATTGAATG,Yuping_ancestor,Evo1_5D,-0.018276825,-0.002237807,0.001970685,-0.017810388,-0.023929038,-0.021732696,0.016218929,-0.008458069,,,,
CAAGGAAACGTAAACTTACTTTTCGA,Yuping_ancestor,Evo1_5D,-0.009203741,-0.031480526,-0.042583523,0.025689566,0.019600558,0.038132572,0.124966139,0.073083135,,,,
CTCTTAATTCTTAAAAGATTTTTTAG,Yuping_ancestor,Evo1_5D,0.530598193,0.463659855,0.657232769,0.702891855,0.850954042,0.834025506,0.729536433,1.534339116,0.454658712,-0.057244852,0.104434596,1.073617974
AATTGAACAGAGAAAGGTATTTAAGT,Yuping_ancestor,Evo1_5D,0.142108068,-0.112972823,0.084826204,0.382438821,0.709746689,0.671179687,-0.379997425,0.802982749,-0.101542422,-0.294753122,0.011657858,1.022431985
TTTAGAAATACTAACGGGTTTTCATG,Yuping_ancestor,Evo5D,0.568419322,0.742885172,0.905543848,1.102279862,1.070231388,0.848200347,0.917540848,1.65500985,0.420880778,0.585036308,1.16095039,1.930758886
AAATGAAAGGGAAAGTATATTCGTTA,Yuping_ancestor,Evo5D,0.286085593,0.661451043,0.852211511,0.82378746,0.727996326,0.520067681,0.518230185,0.776217034,0.350684204,0.605888467,0.874434658,1.52797491
GTTTAAATATGGAAATTTATTCTAAC,Yuping_ancestor,Evo1_5D,0.020000086,0.001105257,-0.025830875,0.043357136,-0.035151065,0.01232065,0.007253534,-0.055405748,,,,
GTCTGAATTGAAAAGTCGCTTTAAGG,Yuping_ancestor,Evo5D,0.474086628,0.999882786,1.213749882,1.521666667,1.04054558,1.101010261,1.408222443,1.882291924,0.638715979,0.956583695,1.683290098,2.409176294
GCATCAACATCGAATTCTTTTAATCA,Yuping_ancestor,Evo1D,0.521999887,0.550136836,0.731134347,0.596424177,0.93890546,0.753047525,1.069101356,1.370916406,0.220584625,0.33643186,0.321231449,1.385714271
GCGTAAAAATCTAAATCGATTCTATA,Yuping_ancestor,Evo5D,0.531145998,0.446069615,0.61074631,0.647670575,0.982382162,0.789943755,0.780385582,1.29726225,0.283174141,0.146371646,0.367269618,0.869311031
TACAAAACTATAAACTTGATTAATCA,Yuping_ancestor,Evo1_5D,0.028896038,0.032052212,0.002599884,-0.023,-0.033152092,-0.00507107,-0.107478264,-0.073898858,,,,
AACGGAACCCTAAAATCCATTATTTC,Yuping_ancestor,Evo5D,0.554241008,0.691590063,0.881838509,1.1172536,0.847637276,1.224270562,1.042977534,1.556878989,0.433414251,0.438043428,1.034155908,1.798297591
CAACAAAGGCGTAATTATGTTTTTAA,Yuping_ancestor,Evo1_5D,0.573545033,0.433016303,0.511830462,0.645399495,0.937519882,0.933623695,0.891128091,1.562570056,0.181505987,0.109290565,0.45618143,1.532602239
CTGTGAATTGTAAAAGATTTTGTGTA,Yuping_ancestor,Evo5D,0.618666667,0.575455346,1.187930938,0.894036768,1.413982961,1.246555401,0.70743786,2.133449518,0.722637678,0.693227343,1.270326674,2.228085647
GAACAAAACTCCAAATGGGTTAGATT,Yuping_ancestor,Evo5D,0.57008041,0.507421024,0.661785642,0.641732823,1.025810323,0.802359849,0.65156447,1.811367036,0.376803965,0.247038103,0.50829954,1.437282898
ACATCAATTCACAACCGTCTTTTTAT,Yuping_ancestor,Evo5D,0.52039445,0.691055364,0.932223861,0.63711523,0.714281762,1.031565239,1.075482413,1.186017894,0.408181024,0.414345505,0.242267346,1.134111537
ATTGAAACGTTCAATAAGTTTAGTTT,Yuping_ancestor,Evo5D,0.574274918,0.574616804,0.726092328,1.114763757,1.076103538,0.907868983,0.92960367,1.269690941,0.393322675,0.47850735,1.046856465,1.928110856
TCCACAAAAACGAAACAGCTTGGAAA,Yuping_ancestor,Evo1D,0.535610707,0.615461724,0.835375908,0.636579334,0.95573115,0.866740728,0.931825348,1.135478576,0.413667673,0.42210645,0.625133989,0.95166187
TCTGCAATAATAAAGTATTTTTCCTT,Yuping_ancestor,Evo5D,0.556795301,0.681217505,0.867887664,1.072002941,0.954455317,0.921289913,0.86445684,1.336466975,0.36428113,0.586107189,1.006446818,1.914335097
TCTGGAAAACCTAACTCATTTTACCC,Yuping_ancestor,Evo5D,0.508258285,0.373219537,0.559819472,0.635459881,1.018081256,0.89107068,0.982738105,1.07957563,0.316021314,0.059339991,0.35604937,0.863039601
GTTGAAAGCGAAAAATATGTTAATAG,Yuping_ancestor,Evo5D,0.533096499,0.430473206,0.553692929,0.663947933,0.995578572,0.753040514,0.733877737,1.530721457,0.357112764,0.354297625,0.250156996,1.478328111
AATAGAAAACAGAAGGGCCTTGTTAA,Yuping_ancestor,Evo5D,0.531332496,0.905673107,1.316397116,1.051645236,1.128718216,0.938263507,0.992001086,1.51997408,0.359496294,0.511407134,1.072291392,1.996907807
AAACAAACATCCAAATATCTTTGTGT,Yuping_ancestor,Evo1_5D,0.002513302,0.008187388,-0.026473904,0.017892849,-0.008652583,0.042327864,0.006151102,0.016363546,,,,
AAAGAAATCGGTAATACCCTTTTACC,Yuping_ancestor,Evo1D,0.564732469,0.62558112,0.776815768,0.585700576,0.950630155,0.982780308,0.912884504,1.20698504,0.342456688,0.168533969,0.691924269,1.041610107
TGACTAAGAGTTAATTCAGTTTATAT,Yuping_ancestor,Evo1_5D,-0.024300936,0.007378016,-0.001122897,0.015545684,-0.073265735,-0.047937391,-0.166556754,-0.212343539,,,,
AATTCAATCTGAAATTCCTTTCAATA,Yuping_ancestor,Evo5D,0.585291459,0.737468242,0.894429184,1.085684788,0.917229574,0.920838478,0.742527987,1.423373098,0.505087192,0.603118835,1.027891911,1.951201878
TTCGCAAAGCAGAACGCTATTAAAAA,Yuping_ancestor,Evo1_5D,-0.02566947,-0.039627728,-0.001889319,-0.022227329,-0.035485737,-0.001717866,-0.059675266,-0.05399389,,,,
ACGAGAATACAAAACTGAATTGGCCT,Yuping_ancestor,Evo1D,0.52460386,0.608722476,0.790030029,0.574578983,0.715847998,0.72735421,0.994149143,1.38426486,0.269848404,0.063134605,0.380057727,1.045565939
GCTAGAAGTTCGAAGTGATTTAGGAT,Yuping_ancestor,Evo5D,0.532726818,0.692679011,0.797063626,1.108543226,1.272492513,1.073077831,1.007406615,1.248588568,0.384346762,0.441822584,1.016655581,1.989327896
TTGATAATGTTGAATGGGATTGAACA,Yuping_ancestor,Evo5D,0.454880962,0.497452074,0.725292138,0.836217247,1.13321832,0.956120766,1.176791331,1.952761037,0.466562527,0.752365774,1.379080662,2.114988231
TGGATAATTGTAAACCGATTTTGGTA,Yuping_ancestor,Evo5D,0.551859022,0.758723916,1.011171909,1.085707709,1.351894283,0.880274069,1.174490944,1.512359956,0.389033148,0.409432275,0.987409084,1.813918951
ATAAGAAAGAGCAAATTTCTTCCTGA,Yuping_ancestor,Evo5D,0.584885996,0.708883455,0.945351798,1.072184002,0.874336396,0.873320396,1.176113168,1.439244436,0.50731919,0.432226032,1.088903842,2.038905039
TCATAAAAGCATAACGTTTTTGTGTG,Yuping_ancestor,Evo5D,0.575816408,0.679393881,0.814658257,1.081550103,0.898923866,0.984816838,1.02178118,1.773876636,0.301504118,0.389837054,1.127685741,1.881376082
ATTTTAATTGATAACATGTTTGCAAA,Yuping_ancestor,Evo1D,0.582876984,0.478082668,0.614736488,0.668096958,0.762760304,0.695092245,1.129415141,1.335018112,0.336291331,0.055346719,0.67403746,1.150068983
AAGACAAAATTAAAAACCATTTTTGT,Yuping_ancestor,Evo1D,0.530333333,0.222664864,0.362431433,0.221676705,1.096409234,0.704618896,0.534175638,1.955759525,0.263904243,-0.177460003,-0.151229869,0.669624432
GAAAAAAGAGGTAACCTCCTTTAGGA,Yuping_ancestor,Evo1_5D,0.011407809,-0.007781104,-0.030486615,0.009126559,0.019042763,0.031623846,0.027490857,0.057981578,,,,
TATTGAAGCGTAAATCTACTTAGTAA,Yuping_ancestor,Evo1_5D,0.009485516,-0.037112457,-0.010472612,-0.029418456,0.004395981,0.0000181,-0.044056929,-0.051834088,,,,
TTTTAAATCTGCAATGTGTTTGCTTC,Yuping_ancestor,Evo5D,0.420414607,0.980361114,1.248902542,1.474577538,0.906642854,1.016933571,1.306872193,2.024501996,0.428788538,0.87046312,1.592198483,2.294698628
TATAAAAATAGCAATCTTTTTGAGAA,Yuping_ancestor,Evo1D,0.573477491,0.795750157,1.052736668,0.571920937,1.070967829,0.880141598,0.848965719,1.464560406,0.509502098,0.205740575,0.384841238,1.515260021
TATTGAATCAGTAAGATGTTTGATTA,Yuping_ancestor,Evo1_5D,0.008669001,-0.034995764,-0.03154661,-0.011778138,0.030832548,-0.01889534,-0.134750017,-0.209304517,,,,
CAGCGAATAATAAAATGTATTGAAGT,Yuping_ancestor,Evo1D,0.527468547,0.402417593,0.777366181,0.579560268,1.085565094,0.953208812,0.94371349,1.194373453,0.299306986,-0.322677014,0.219430099,1.113343172
ATTAGAATTTATAAGTAGGTTGTATT,Yuping_ancestor,Evo1_5D,-0.009560414,-0.028203772,0.016863909,-0.033948562,-0.033104431,-0.028890617,-0.180408946,-0.245264523,,,,
CGAAAAAATTTAAAGCCCTTTGTTGG,Yuping_ancestor,Evo5D,0.518371453,0.772667345,1.063686012,1.151376705,0.908049392,1.175742396,0.981689901,1.842706848,0.577489666,0.593071073,1.075543098,1.886093914
TCTTCAAAGGGCAATCTGGTTGAGCA,Yuping_ancestor,Evo5D,0.651749178,-0.097334042,0.23144874,0.801477723,1.43232489,1.187103132,0.960569597,1.807204766,0.458516732,0.373978596,1.554125333,3.235320934
TGATAAAACACAAAACTATTTTCCAT,Yuping_ancestor,Evo5D,0.576398443,0.751739311,0.999210749,1.067655952,1.282206308,0.811947766,0.989797763,1.947166121,0.253374553,0.680434904,1.081230086,2.066007656
ACTTTAAGAGAGAAGAGACTTAGGCC,Yuping_ancestor,Evo1D,0.566638219,0.535916477,0.809979711,0.593288946,0.966084368,0.820438481,1.389055838,1.649585919,-0.02818438,0.116237445,-0.044736729,0.298284323
AACATAACCGGGAATTACATTGAAAT,Yuping_ancestor,Evo5D,0.559492834,0.764771476,0.954275948,1.203178087,1.571269682,1.22902694,1.124835271,1.491972795,0.347190642,0.81590324,1.768437511,2.90846621
CTTGAAACTTTAAATCTTTTTGTATT,Yuping_ancestor,Evo5D,0.550849185,0.612935506,0.978556444,0.615751147,0.908294816,0.7055681,1.076841948,1.374867531,0.384062583,-0.146808277,0.195233605,0.941887992
TAAAAAAATAATAATTGTTTTTCATT,Yuping_ancestor,Evo1D,0.553444681,0.601188709,0.850362127,0.579392529,0.911346518,1.343616667,1.16506445,1.349335505,0.342382583,0.346718157,0.462144895,0.685454951
ATCACAAAAGTTAAGGGCGTTGTGGA,Yuping_ancestor,Evo1D,0.474734902,0.577860951,0.784518976,0.642151673,0.633294864,0.783968028,0.724045346,1.382789696,0.444461734,0.157340486,0.163119358,1.406561727
TCTTGAAAATTCAATACCTTTTCACT,Yuping_ancestor,Evo5D,0.51547065,0.626136397,0.871717567,0.650597521,1.585314137,1.173072213,1.084825392,1.899802708,-0.004683084,0.386715353,0.524410603,1.013473226
ATTCCAAAAGTAAATTCTTTTCTGT,Yuping_ancestor,Evo1_5D,0.881,0.34626783,0.506547426,0.731822146,1.201790291,1.105864779,1.357548878,2.034204782,1.046790395,0.705754103,0.769492682,1.076574133
AAAAGAAGTGGGAAATATTTACGTA,Yuping_ancestor,Evo1_5D,0.868640495,0.322284528,0.312083109,0.219927306,1.230408,0.994773194,1.160787161,1.866656293,1.006861462,0.687045376,0.746211301,0.689985506
ACTAGAAAACTGTTATGAA,Yuping_ancestor,Evo1_5D,-0.005388472,0.03237525,0.020224286,0.015,0.05673328,0.041174194,-0.04726232,-0.057205451,,,,
TATGCAAGTGCAAATGTTTTATCTC,Yuping_ancestor,Evo1_5D,0.023840602,0.044956373,0.021662082,0.046978329,-0.043226058,0.015598824,0.063335762,0.134046798,,,,
GACGAAACGCACAGAAAATTTGATA,Yuping_ancestor,Evo1_5D,0.877666667,0.277591793,0.353945506,0.240246415,1.167281384,1.047793933,1.082846634,1.862695013,0.971786673,0.662546134,0.703162036,0.609645575