15321.425377055644,584633.7368211831,260425.36404625975,15157.15015702484,329.49357923215865
4478.941178971719,140536.5687764075,50915.308251324954,2429.565564733913,43.5312805200571
1536.3489072716243,80260.59537011167,47036.672430445564,4543.818701465866,133.11199429760705
121.23329309320208,420.29784916817323,39.13089476999022,0.18638226164674343,0.0003757810799890999
2.99150923554396,37.895321157491495,7.482291356083781,0.1300326207004153,0.0009641085914476206
4307.8132408093325,116163.26022256922,37478.213570175074,1562.422901030165,24.22145016266334
156.8096761854318,372.45357194986997,22.478900028263087,0.0727340660680583,9.952588082269857e-05
126.91185792034874,321.186034809596,23.961080085394265,0.08299550715953385,0.00012159041716130353
131.06522728114547,452.5187644140211,36.8428490100329,0.854297808739186,0.0017093679130150456
149.25294441089238,615.8547917639766,49.268112420983925,1.1199277558892105,0.12677879856859164
116.09297340038891,292.585177692223,29.28864191632358,0.1018563511375899,0.00014982259009720092
95.64204613341364,168.01017540772398,8.392815726771415,0.020045195531334953,2.023582754561942e-05
101.81748638870795,66.61729223724261,1.2123345949871949,0.0018058386131735932,0.09314782102192873
164.52887800759748,654.5861532772153,52.87004810081299,0.3137288103456232,0.10972027968283332
183.69968495058913,433.7902491575644,25.927317095660843,0.08339055660558198,0.0001134243576700249
99.01408377159096,267.2716725172662,30.829481155247176,0.11532364040732268,0.00018249097278327618
153.3164578280009,360.16790277616,24.012905005496258,0.07702997542607123,0.00010449673165368632
155.54120556502258,395.45225285667993,35.96584148493443,0.1258220870399606,0.00018617844883851625
85.4532039029562,358.1299290705815,29.32365772375178,0.16764031497127596,0.000405920310400046
171.30966282694862,662.6900652069107,50.45988019172651,2.340483852298026,0.005231676394589337
138.5613131361317,317.57966958695334,21.81630161184867,0.06833824032114522,9.052199310787156e-05
144.5452621928411,540.9206404685876,35.442415854185555,0.18003191225560444,0.0003871740839084779
79.10238035460493,3261.5339227509335,1595.3366742725054,110.18522877119618,2.5941912385009975
138.1709797115701,378.3234692626711,39.06327742452881,0.14769045377936943,0.0002362206475411533
167.94616282554827,553.0560579256622,47.09301519702166,0.2335078380396519,0.10595199386002278
150.1924050966414,577.0061378303786,54.08777714068085,1.083928254740248,0.002421956414546302
269.6569556477278,185.91715960422113,16.812028695077167,0.015888815677856615,6.341386660341169e-06
173.85605272435615,786.5542133629377,69.87415021309604,0.4666133832122908,0.11514882016648992
101.28011867361067,3.155732734500331,0.9103033495860063,6.968025800132546e-05,0.09266935876839234
91.52372995047396,84.10457759511604,3.8091198883332806,0.004757360107019854,2.5096323013941954e-06
187.46394874803732,310.7733654937305,22.306518828700362,0.050638089558264314,4.858466093203704e-05
104.54578553708089,517.9567118155707,55.71777193327118,0.3792322223859652,0.0010939863080835445
167.63520952345334,424.89081778504277,32.07692482695467,0.13490903634958257,0.2929794116933304
142.10055589565275,287.4647028581664,25.280048590826333,0.07034551202394292,8.275775356285545e-05
100.71637226015359,317.1217503401374,33.87517329376029,0.14734099114299729,0.00027120648747281566
139.7858239855705,264.70147825681926,19.215190297101227,0.05761268266922834,0.09754907962546674
130.6280711419129,232.08070057672276,14.989383998394196,0.03638446858722198,3.7330757406628996e-05
306.2678791714508,14643.900697273779,7172.936136347969,1070.7130598389442,40.017023722388736
229.75777697250473,473.52732259890325,35.645236371241204,0.1121014945526131,0.09982491311315357
161.21068250520062,497.8294733086067,39.03952611008124,0.16495021236994,0.0002949186600561933
100.46277373258948,85.47714596398848,5.124458993823136,0.008650598715414496,0.18707281829014705
129.79550194343173,280.1713039815532,19.038637960866556,0.06498575048267789,0.09821021921205292
601.3800280604654,2152.864560333201,188.20157009804836,0.9233601007410442,0.0019177985347795918
113.77881819572468,178.2211446369587,7.167337631690639,0.015218029972478016,1.3655134588199454e-05
2937.8316120343575,1234.9514900473118,44.14631419677304,0.025133273995085175,6.041216149730658e-06
129.2585698856461,624.6877856036394,61.489072299725855,0.47842498825438223,0.41653902425783895
206.55953172762236,891.7821264386085,70.5953972373617,0.415032077552774,0.001033552501037116
843.5501994681674,3051.707677959435,244.89527808622577,1.210685834756321,0.002533824873041881
113.90103625120906,83.1863765698185,3.1268781109749106,0.003096835056158144,1.295265007896685e-06
1403.8039096746772,400.0088372499166,7.7476219970853375,0.002977415574955256,4.830383992615716e-07
1659.7415779625949,449.49896067170175,8.086357338862726,0.0029524837027535065,4.5508039193587946e-07
693.2594723199978,1188.2993782875308,46.461623925719486,0.1078489844140108,0.00010581026412130646
707.1020166675768,2395.520420554771,194.27760297950613,0.9004999402140944,0.0017666714760565829
398.3552542226705,293.04989356682626,13.06587378318194,0.013058156279036693,5.511389650762156e-06
1496.6025119972578,624.4657209732532,9.071980059204195,0.00509866900843615,1.2098465569690027e-06
717.8534543772968,367.74185961862594,39.194020211504295,0.02753239644428857,8.166285422777253e-06
58.83577814030787,2495.41221584166,1263.789320749612,97.47534859914028,2.365651075508756
165.50374703728266,5556.619968139185,1965.7950168846749,128.35389259971615,2.4311738087624524
69.68258127471279,2892.9071357871862,1394.3026824465437,124.29812100292853,2.950089713050638
76.44660445852388,2868.215010164909,1286.7353875402607,88.20126558192655,1.8996148503820476
134.97397568795046,185.14068948329992,10.498617798899703,0.019635757115144502,1.5517878849690394e-05
90.60555191198667,3527.836300723888,1511.9999003691173,111.19207047459905,2.4495429994258675
44.34443236010524,1962.6676520732403,1112.5743455445934,82.03326200873124,2.0980178921679222
126.93349342044347,209.70621297792707,14.744052495549328,0.033341673194301924,3.186632048706651e-05
51.89915896674951,2218.811409160194,1174.9404064231262,95.87992577248976,2.3636145303515668
149.0056502968789,5076.250693358008,1810.1787887534292,117.06345311691732,2.2460656343461447
127.53573277594566,5760.3822435834645,2982.69306626274,273.09381480225574,7.008716277895188
82.40333171093555,55.69995014167109,5.565498180208426,0.00516405952435735,2.023462346514794e-06
569.1114409197523,1309.6789992199062,122.2936439525788,0.3876537861002852,0.0005196391564530303
27.57056389700488,1335.5438245555908,803.3112389059493,74.4378740950455,2.072709428042675
1700.8226826797622,83158.92634685367,48264.46301376354,3550.3281545145483,98.22090825495248
111.3227059859187,90.11548997622178,5.791221585580168,0.006399289983633428,2.9864656836944233e-06
149.32264912756116,5782.453039692683,2377.6490015548857,205.79329812849144,4.495700979549472
46.0400468028892,2013.92439367409,1103.7864685144073,84.53617647795579,2.1312293492371217
59.227413746265,2340.5322632720977,1099.077541875606,90.18421886058162,2.0466461479844615
111.8565483228207,81.79088350570487,6.597517687164316,1.7544949658867535,0.0007432585879279717
146.91270201596973,5045.984781340448,1739.080302084626,137.01477968732166,2.6395283922567194
131.94155825544297,274.6060695544153,12.791594492358906,0.04857326563971034,0.286030419586954
61.68984735934591,1883.2703804320508,639.7252204285634,35.242067622929795,0.6124687158668697
138.37562276673722,4478.28452659335,1448.3840786493854,90.63063892406599,1.6428949455661093
81.08480926273249,4107.046444173013,2374.874147121143,262.4355763981364,7.5295848696053245
150.70433114952843,5258.88848407114,1902.4463600820443,115.90143045746744,2.270298363435333
68.53037744636443,29.69661193589767,2.9759897326586167,0.30210691766008313,7.573271521727081e-05
56.642274887803254,2453.172003450608,1303.5033899001628,105.4322202927783,2.626099193095327
47.031802958992124,1918.1654102414534,933.3130084100204,70.36533118354785,1.6441490683358373
67.23748913860642,2454.0034166253567,1048.8417400134756,63.315197784191774,1.3203533700478245
50.40386171710678,2027.9236756335613,967.9627107644811,76.23323832128622,1.7580768589442377
149.47230232959214,4758.09553014512,1570.176370028258,84.21869683661171,1.5079787284862245
73.62808440267575,72.40045921752552,6.202938354587051,0.008370249875433151,4.7709951724567875e-06
89.58141588552185,2935.70004193787,1016.9888148132775,65.483935932857,1.21209421906573
14.475259422284571,69.70342010308008,14.172167036295257,0.09672994090128503,0.00027982458906351896
55.36751417758764,2326.384565072055,1082.6017491220905,107.67207298391669,2.5690202284762775
95.80218791199387,110.21331952960003,7.027216774671618,0.011043948780585346,7.332541734729688e-06
129.9371719644521,227.55510555897325,14.588991887012067,0.034902675743041164,3.5294034386925576e-05
90.96063141315597,103.89914153181778,7.5061101485481885,0.6823741387660833,0.00045136623904560094
98.40198637080921,70.14749258051393,3.2112346095421938,0.003110690138726313,1.2725331169101523e-06
121.35679457515121,208.42261244611575,10.853538350560749,0.03492758464423939,0.28417173697747783
119.3665971582147,222.1285692881365,10.302597584766726,0.03936140941588598,0.47210674788309964
58.66702108709663,131.89461441407357,4.01150304891419,0.016459738602702324,0.09546213537527144
111.7882226661961,367.3507608116222,18.512936319943066,0.10547905848664585,0.29298664484312986
101.10698582282073,41.91155167441939,1.595708599899317,0.0008962587681941294,2.125357023482418e-07
100.89775748457792,250.1448381096544,12.91153204380094,0.06311026836919094,0.4762296174361719
125.15585466582816,147.25361748963488,7.6102730971043995,0.012191951344083386,8.251701010832513e-06
116.29187576871813,137.70582396577163,5.002980573746178,0.008027434076416306,5.441550077811278e-06
141.23576076667788,329.8755217410343,18.990993221490214,0.06985700632560132,0.09864121211984851
101.24086602513147,52.010346848977825,1.5146584664666367,0.001052541015308137,3.0882870058459767e-07
122.46865516346483,3973.8729017445708,1413.3587330332257,90.01486316281904,1.6591715762239663
132.72797097884433,114.40889808969544,9.916234838128487,0.01172413935039975,5.8546370850688794e-06
152.11390281348886,292.96524706604225,11.27667726127571,0.02937917331748909,3.235670059733966e-05
129.41103266063564,241.97772185742824,12.287823589052499,0.04010748680100446,0.19099112325606596
123.29602927433639,3247.2945739875827,933.2005928352879,43.05869737418534,0.6448143598857923
167.38865967894338,6097.658186754207,2329.4853943696294,145.21670865459348,2.970175644459107
144.27498430547962,5937.956531451771,2525.9480103013334,351.66619828060885,12.553439990285503
85.14184811328272,38.869305185950566,2.859613274198865,0.0017804604990129859,4.6805010242710155e-07
64.93641704799337,2124.881871256108,701.7952733328472,35.33972335883954,0.6467502575149348
70.18984230151115,3106.2834522891026,1631.113209198161,150.27885265765573,3.808663823812526
96.93114829777538,55.67692867410538,3.144250806554553,0.0024584270983506857,8.1166176687106e-07
110.64981550093152,4270.133029423579,1891.9805823740387,133.92827147864585,2.94469063820682
91.98450542596991,516.7342961397186,73.23648885492804,0.5709818276575803,0.0018878997786785584
53.01314763638891,95.86045731155325,5.882552806418667,0.014517118238907195,1.514343378000327e-05
104.52747111785044,3906.33557497141,1638.616790586987,112.31388609814921,2.3840761783033035
119.26939212399822,345.98245500471523,18.584871513127187,0.07309039490105147,0.00012161399333326639
100.49238250719343,139.94840155384696,7.369257283069348,0.013975869313405062,1.1199796773049706e-05
89.7044064185447,3612.279632666547,1647.3499647439203,138.03780256364394,3.1637639498332963
74.19303176526826,3047.542460041828,1499.4742324370554,117.99481868682565,2.780401962806982
145.96811598218628,374.2804230646264,16.743304941746203,0.07830258859827666,0.3837552273361079
142.6691753965313,5263.532882767801,1952.4429496202315,242.16508571516857,13.012947395507979
137.0133811402521,258.4816328608949,13.420150821373731,0.0409158063241365,0.09674780362588224
19.826103576300895,1605.727553249092,1421.642673647827,500.2078519636663,39.43824067562002
193.03052378524043,6842.428020118279,2477.6979093997716,164.4889756757906,3.2670982054136335
161.93053010735235,5243.821179486299,1772.610018519115,117.25114290710182,2.142118523216976
164.21740303603386,5253.308466853542,1801.860440190991,84.01141787867259,1.5165588102603478
151.32770426266194,4953.669599348221,1695.5545257500441,104.6553864509141,1.9308050133928376
55.37879875953116,2077.0057926081345,870.2555268317601,60.03348579744678,1.2778280000530349
90.07228693534071,3911.3201047786415,1979.9599181346305,175.0357545172503,4.338230636681887
41.71939894397356,2001.5073825006814,1215.2865569667845,104.81815999237394,2.8973706504520926
50.45323247531891,1241.732159617021,404.7597321800722,13.455407310287194,0.19275203440902786
132.86551119602242,4740.667203494588,1796.552312468944,134.04424232226646,2.7006736899612838
119.80238744343998,187.60495870896708,16.696336937207146,0.04465182260985779,0.19082575926588677
131.77235827321428,164.67750013529692,14.07182713590547,0.02415573990039939,1.751935775894224e-05
55.472210015697605,1928.0430987775035,821.9304530706436,51.26411580296358,1.0280355139742499
135.2196008694318,237.59750795776654,10.609809507471438,0.03306353498370702,0.19029890453497755
79.15225551522373,3254.1017571914194,1573.1854664536456,125.44226518895385,2.94932425993863
119.84641071364409,763.5560974713308,106.05127460487694,0.9949032692104093,0.13348993268096174
99.54810040510111,271.7781068401791,14.764467605819046,0.068798675396355,0.19434401833058548
74.76668067253848,3059.6325608913126,1458.03685503061,117.3218636534896,2.741962094601191
36.36144448503374,1410.9353745110707,652.1773899089,41.869737761762714,0.9296825932940479
144.52981093524187,3267.3610441067976,871.1652300988216,26.26347031160417,0.3405281162583455
71.27501997221061,2629.9813618405833,1177.62207008144,79.27399622504845,1.6838018150297032
146.37024854749035,161.82989382748568,8.87263810858151,0.013368891337011931,8.509612254277463e-06
80.72193093175159,3361.5815958529656,1631.5760785459286,120.82728738076207,2.866719037647152
136.80175556596097,169.72207595356767,12.089336539898039,0.02053117315112675,1.4731539655742917e-05
114.41293714576227,127.59129459681388,8.759317196582309,0.6944049858065608,0.0004479391952286429
88.37008480604062,3732.070513310472,1890.7812403067746,133.1742472512199,3.2153821421234956
767.7613713450403,1158.7032960805054,145.32223192138005,0.3041675302887415,0.000269043514757838
92.79304966137623,3871.38601442658,1840.8335124741582,145.26333069506708,3.443162847091566
85.26734493282262,121.44145766003369,10.13665022036829,0.7369880935479259,0.0006100800400630507
126.49336804979055,3214.168129444943,875.567541724697,51.06411503245806,1.3539198541122202
172.8821520344245,6047.233524328259,2173.373174060769,195.1351389915908,3.847906705965451
137.68964873407538,267.73363404817763,16.375831208804527,0.05081526799799789,0.09730057633826157
120.19711564821621,621.7676345078578,67.9749773125631,0.4829566688733035,0.0014545975191550303
628.0656492222637,2807.8577662152634,273.6649443164884,1.906938407997935,1.1661713886926086
57.80530554375133,2522.6146336587503,1334.0453363742772,116.6115229371121,2.9242474165283587
151.25588800822968,164.92581907196418,9.821529654782578,0.014612753620634397,9.184418691465298e-06
113.33234589548556,329.2930014626193,21.726404561725516,0.09863058399141408,0.10063817687448634
159.7063089429061,352.921806522029,19.06601059533064,0.05728993379245936,7.27897489187865e-05
149.5522146037787,5366.19212996076,2064.8389073738667,142.42593804967944,2.886064700785037
101.85773587251337,167.7897100085649,14.364396337815847,0.032525999989556104,3.112782262525698e-05
95.59612484368084,136.88143799014523,14.13264720846972,0.782852371735794,0.0006546176910406278
125.98077559898384,188.10239257516452,9.035872925064387,0.018342558423152605,1.5734816428036276e-05
158.41395639146154,4600.131580557678,1399.7537881046326,78.51683776814039,2.072880589809476
79.7008095763487,3309.2720831771167,1573.3766189935998,136.36799668727744,3.226835067451351
122.12497544568922,241.9707121973205,14.397310647503966,0.03889241299596878,4.441609840571311e-05
107.11120268525137,318.1515258498874,19.31484492985938,0.07798827873185946,0.00013323493785102463
124.71632252681493,4750.8075113328805,2096.276559469769,158.27478025560873,3.44621565874912
150.03736747505678,218.79855097160353,12.467126911630901,0.024790261345437672,2.083035508679697e-05
150.69876304254694,256.73061662166526,10.789726851283053,0.03594002003664838,0.37783881694138927
150.32217026939063,5246.449766894433,1896.216728871763,125.27299550356128,2.4566195165865734
125.45484554724771,1448.474575541093,211.96867288332456,3.518481015475738,0.3402678899021878
107.53825025229575,161.27069611045778,8.37736169281294,0.017102386979476684,1.4754389881639e-05
90.32468789424249,216.79223545209575,10.341659438259185,0.040896729963555506,0.09727038126863927
91.02965472694186,72.28265113297071,4.219345102852377,0.004567226502704345,2.0879406169402924e-06
104.44684345915704,3778.2508609018855,1577.0995863628086,106.40259619313089,2.1985167796976013
139.97581604936713,5303.933523784115,2097.179595511838,160.69957655902604,3.4209704167820196
142.4453522622292,304.69849415013937,15.726107033107148,0.05363196775366259,0.09765619454292875
105.27775232990986,2397.4514472373025,616.3566560978661,19.75658537036084,1.4100468037647786
115.6709206852877,278.41471402711653,17.20790718334184,0.6126090190470872,0.4069539549210712
91.7581383817395,256.6683642624221,14.560877105865858,0.055316434932563566,8.890115291952145e-05
3.8726013862683315,15.001987896961909,0.8370453709191984,1.2193784161744232,0.12718586221387748
127.3644562952638,101.14365304346614,3.6633211003550517,0.35350737508629115,0.4806647911674197
194.69029512330863,6237.277106836271,2103.848683665559,136.20750486667495,2.465214923439138
95.47852842880219,63.01229739462158,4.387936331498953,0.003954061279574978,1.5046517830115453e-06
102.4028593560685,3531.5420924568516,1260.6339298709336,83.97791215164186,1.628122094551018
73.68923599059463,2556.902929596556,1070.3640765471598,69.55469530010323,1.3896884352574945
25.89204884897311,71.01236188517802,4.206665404935457,0.023641073879783474,0.19059145188130522
132.13357145243324,167.18159920114127,10.703775000485416,0.018504366575389106,1.3515829959164024e-05
137.83990905113572,232.91364868443452,12.393910354451197,0.4951548726643645,0.30157018286153797
143.43021732358702,89.32746488016012,11.277284475438252,0.009671771374123662,3.502719765638517e-06
24.311734543234554,107.5843508409223,11.955145707665105,0.07292523007855925,0.00018845417763263046
10.062181822975916,4.59296568930985,0.847216261069246,0.0005343244154389189,1.4228295510887513e-07
19.355386478214914,30.89557643148693,0.1576076750618405,0.00033424444704350105,2.995624295396639e-07
11.302252399921016,57.104903993445596,3.221483103055169,0.021829057980097512,6.269041731493402e-05
19.553680667423546,52.79402106987329,0.4518473795813477,0.0016102241199991026,2.4271927827778347e-06
16.06933509426977,14.870131341189214,0.6457883318744546,0.0008117867904104889,4.310211910995105e-07
11.198112644190095,24.786130618426913,3.9684652255423343,0.012302507617172302,1.6127374572843364e-05
157.972141877358,430.4857818166614,41.329862366276046,0.20019484349155714,0.6775760346530959
38.21633916039234,205.69992565209762,16.120504878358428,0.11746165285568831,0.00036285913213841327
11.297389697337644,11.512230645490567,0.37712461846157064,0.0012293517999179219,0.09316389864889445
4467.717367215916,8850.116770789611,1051.688146592358,2.8888591426863717,0.0033548257392049625
570.0028881289534,11921.961799926201,3072.045127554358,106.05306653981698,1.2801793473244816
14.298396186967324,16.574648595108638,0.061902005610081884,0.0007900207032052946,0.1859143658008314
61.72045783368692,314.2168054107614,30.373724977487335,0.21137064234720312,0.0006234872245037435
2233.4652012174106,11420.766578303124,1248.6360409628542,9.142256947805953,0.7150728625371218
9.871347639727249,52.57153403198471,6.239655906703591,0.5196622322804071,0.001622074064398112
13.19737337973477,0.005861102533786779,1.804946030960408e-08,2.760545513911219e-07,0.18529611839520924
2370.1631543657395,9747.209000964474,1037.5148428454052,5.8778111775747846,0.014103439696937257
2604.168834518704,9890.275440733692,1083.1422903096595,5.678566424393839,0.012605682600471244
40.21692270646573,646.6212904452982,141.2525657279147,3.389756446788574,0.49731088219366637
404.65852346636285,10821.243717472418,3407.449639060362,144.26766703842617,2.2136995309182397
197.87638333716552,518.9569124974001,51.60902378466124,0.18670977649714854,0.0002857237813380401
169.86936940126836,561.3075317186668,43.87819765420781,0.9069775480400505,0.0017352151987890699
120.28779216736152,434.4710019543204,43.13953979300458,0.2144491135031007,0.0004513094668320176
222.6165464821052,765.2302814896967,52.6318559791673,1.0525721085093696,0.12253774067421867
124.87259864281711,573.1532236127283,60.264747089600085,0.38020832917246195,0.001016345109235015
226.8287650728997,5931.574134762215,2018.8777201731568,71.0698123377326,1.079454676586301
186.69548209865138,515.2597804357983,58.8407276026734,1.469303226901264,0.12472225719035177
174.94134785022084,739.438411027903,71.5951262201612,1.4280105951149167,0.34393436995361193
153.97769915937005,568.8760289713991,64.68610796340626,0.33046030794761944,0.0007147695111927815
213.4841894506283,556.5229607597277,36.88840475763901,0.1311907403518954,0.00019735036623761315
76.389963436041,2697.98610415747,1461.3251665814785,86.32289671722056,1.824677486486574
181.0074560244989,4862.569275117573,1712.1101404010844,81.05370257257447,1.2693916941275936
7.855679328880645,245.37235367222306,97.34106415540123,11.25966056706703,0.2066164456804527
199.5826459947551,311.9754582367242,27.86572067695822,0.059925983593489086,5.446335038012653e-05
133.92915853842217,281.7154431321315,24.680272236078345,0.07139910238190883,8.733311650724455e-05
149.8142127642531,481.66354379137545,47.7085686061089,0.21131898108708477,0.0003961288790635776
140.9268691645166,114.7503543915957,4.245586736558075,0.00468734660459077,2.185648380341775e-06
217.63784172116732,897.2781341832218,69.48108486515561,0.4216569872464647,0.11292851629537333
115.45867049785916,644.4270258465244,69.81287072965358,2.0954223432675363,0.006806181668156635
239.7449203014342,860.9712811245768,70.68454973280649,1.2747595546378827,0.23228691326558498
472.3504847378227,9934.295712365929,2607.7677777129165,82.65441224984102,1.004243718052618
220.09605549467375,582.1417433101778,42.85220804996131,0.155022774180882,0.0002372223896903728
100.78076725634537,453.2526611170301,49.83363813375381,0.30872723674712016,0.000810322608362445
499.8493549762935,13742.260764276842,4497.127688330734,177.47282593085617,2.8008303095833904
102.43295679182064,444.5613397820529,36.23985712108386,0.21436950509618072,0.0005371491488045521
236.76104689109067,577.5463634008368,32.350490018436616,0.10729923915712715,0.00015051145095199507
183.99654514649143,795.6981560270741,71.85889823458,0.42512485938421896,0.0010653885479034
448.0872431988922,10232.79210970145,2936.7678316325078,107.50906058828332,1.4207504452264095
10.825361763773333,175.00655395599432,30.32713884917143,1.72379397693323,0.015898154078960492
196.71610404594048,6131.661027581153,2029.2605647655678,144.02163282569586,6.293746287240463
331.9513750537198,12151.201963487194,5463.8991201659865,263.793465003452,5.541270338875419
103.15690667972709,4003.0923301981866,1806.5499739035852,134.2231704119377,2.9761617700638707
109.9047354733009,4224.221941719148,1841.5212581847952,130.2759012792546,2.84730349360581
128.73638852157106,1097.7352636031417,145.1417922382675,1.852637522785446,0.3880393584957282
43.02852710713239,76.32113419285825,4.722173218399814,0.011433683745563066,1.170165590140551e-05
143.58346728380917,312.86003210640706,23.182501227190855,0.09654120561710032,0.6664347315836696
176.88739633480316,5472.919616989116,1780.072670365253,122.97940661929854,2.153157282544658
133.61125068274237,149.57791673300966,6.319082624233975,0.009605480303368797,6.1682143828570495e-06
153.80532697441674,5441.040229987388,2036.902731118863,145.69705744753563,2.906088740154792
105.88425214202248,95.35731492062116,3.1850833461987302,0.00775980776589128,0.46596523301098103
15.97050906533663,20.03080264724136,0.7700912086639649,0.0013095370742041495,9.408428699957279e-07
32.29819220527285,4.370751944655848,0.9607907720707979,0.00017783196713639415,1.3893404991228707e-08
34.886912515916656,188.37393634666952,19.863249060486694,0.14693320533861812,0.00046083338875618486
10.439421932259506,81.28767240096869,11.463392499412725,0.12269327560089902,0.0005579234879565791
76.26481004145612,121.44377106327359,8.578176723020126,0.018699587627993973,1.7227459453116875e-05
167.11048405449932,574.3845243031636,47.046814341022184,0.22127268664279603,0.00044050907504890275
58.310782013625385,25.593625195697207,1.4812302595736677,0.0014285910334262122,0.09301356302327567
23.452595578731287,27.20427300782054,0.8623361182863044,0.29622204667331675,0.0001966193852624876
487.98076637678025,10853.756172203468,2913.746639736687,86.68657323748906,1.108899079076771
30.90888875080927,98.0760568953299,5.712469765581439,0.02459172211334467,4.47998348789223e-05
80.54786792747174,94.22257916753082,7.257414229966459,0.014660315550813378,0.09457622068605427
18.979498868829342,120.80663499608039,17.294566174343885,0.17761506256706672,0.10900496880522101
7.961461320519447e-10,3.5441286916294573e-13,1.086075581310669e-18,1.3804375820435219e-24,7.405291634854927e-31
2253.5878670475627,7617.096018269918,780.5047320294519,3.6371268882307106,0.007173964092397813
141.71871461763251,381.1741201242614,34.39748861556652,0.12724130388300614,0.00019910824602982675
10.69845173869156,101.9343713515267,11.666835535295087,0.7973368267200222,0.004360252794355985
516.0909485172109,12199.059915976724,3397.5530534120962,136.10983559008363,3.2038324191210967
1.1583842316204496,26.34930754486032,2.949519458873624,0.08198195844142975,0.000978560767668358
7.9080896431567185,72.0621217261384,9.030520701948788,0.11153146206852646,0.0005858329902326797
10.846572350179638,61.28024273627727,5.66343712201369,0.062308475569059614,0.19777210013336316
130.4621799708237,450.7040177677657,36.73242164180845,0.193027631175822,0.10499725020352946
6.617011888680727,81.0734941454038,12.831126262685776,0.2124570730513132,0.0015000662421213358
29.800523267544076,57.29263083345308,3.952447325098375,0.014130470984718438,0.09507653473749147
279.4533744734521,607.8703967884449,36.81100324118936,0.14017319421086388,0.575832332490011
21.14676574234451,40.26594802547084,0.8371884314263467,0.002137871677255405,2.3077695019451477e-06
66.19033370749649,63.95208345178285,2.170563529824315,0.002840575071678402,1.5702135797076524e-06
73.65360028084048,77.0751704091851,1.215056620240623,0.0017093681873765626,1.0158268725364452e-06
8.184124726725162,0.003634662139907962,1.1111935866508393e-08,1.4090342912634356e-14,7.54088061784561e-21
24.778902821204014,35.42789571466456,1.8006769288971953,0.0035038592409496415,2.881024345829208e-06
7.961461320519447e-10,3.5441286916294573e-13,1.086075581310669e-18,1.3804375820435219e-24,7.405291634854927e-31
7.961461320519447e-10,3.5441286916294573e-13,1.086075581310669e-18,1.3804375820435219e-24,7.405291634854927e-31
7.961461320519447e-10,3.5441286916294573e-13,1.086075581310669e-18,1.3804375820435219e-24,7.405291634854927e-31
163.46897672807862,7.991241131955777,0.0012628163473947303,8.277564967624752e-08,2.2900811214530783e-12
7.961461320519447e-10,3.5441286916294573e-13,1.086075581310669e-18,1.3804375820435219e-24,7.405291634854927e-31
720.1184209408451,160.61339489550082,4.0629216707490174,0.0012232582631054824,1.5547005817323404e-07
74.94367879127813,42.37439378357918,1.9236558702488868,0.0014771229298841265,4.789384987990884e-07
79.1911973500574,26.916656176323762,7.263590302705417,0.32055682119427376,6.387301254522535e-05
96.21546097060849,86.52007195441371,2.592050313566282,0.003153294032201132,1.6202406067068114e-06
93.50074516448996,42.856236922608566,2.6951831732733527,0.001681981908680049,4.431897467171377e-07
116.01541724074687,514.6833367996678,44.5582447915177,1.1071130321181026,0.12795397634162936
7.961461320519447e-10,3.5441286916294573e-13,1.086075581310669e-18,1.3804375820435219e-24,7.405291634854927e-31
64.26213880138553,74.20504906315766,2.4125290545504345,0.007053728827475852,0.2802237529258485
82.58040114014447,56.56774583295607,1.9052024784302566,0.0017678132102285457,6.927049798145755e-07
103.8135101255061,3585.493789841902,1346.3232205029342,97.16800810549846,1.903478750939833
55.765630687824206,65.2450373144936,1.7821593429441882,0.005127938183352148,0.18689209651818225
0.3861653957290423,7.000740846879788,0.35946792769684394,0.007841020653088088,7.317273747184743e-05
89.84943722232376,88.27896147671356,1.8696423112329292,0.0038153200798613615,0.09353945970265418
75.66190100682408,54.274183730863214,1.6683721035892394,0.0016197543312717814,6.641001612671378e-07
84.5191366648135,62.393226137121914,1.7495450303763747,0.0017465610843322523,7.363393098876417e-07
27.852742211835405,229.19473148063932,21.244416391430956,0.23434273565420433,0.0010984822700263672
496.25186190235934,1940.0993119790542,176.79154047906383,2.1916780887944833,0.00497573540952766
58.88588206526179,47.83308889286102,2.1410515376575345,0.002363157880358498,1.101595480461298e-06
510.3470809437976,22316.2925327882,11287.237009283039,756.5687572637855,18.73215097852527
81.76778583745866,85.72014980796415,1.5992863625337568,0.004757125214539725,0.27972223533809254
97.10054556475077,76.60955969448928,2.6495111032724505,0.00516972247579609,0.2795569373698529
104.70392820317697,100.36609531949122,4.756642370567455,0.006200701536902856,3.414274846310538e-06
90.8916595137592,86.07320256364872,1.22110194665415,0.001554189010156985,8.355353201387569e-07
79.76787266498869,41.874074587211226,1.4483034879477572,0.0010298763862747928,3.092212081013262e-07
875.9570627069,238.9086816415947,5.656932647484504,0.0020827305029741364,3.2370693151132167e-07
713.5092492021618,193.5094626558047,3.4701036454717396,0.0012687787811531915,1.9583735680061687e-07
77.69190595024074,24.59615970293078,1.805206123452681,0.0007779095543788856,1.415191010058471e-07
99.51773573309973,122.60916632853684,6.380448939788275,0.010704568578916055,7.58760409392386e-06
112.23468054546542,3580.9571391807203,1205.4733850138184,76.46878282620624,1.3786125122503528
79.55311720136426,102.80531434809035,6.639417001632541,0.011725276351592017,8.748980579493253e-06
41.78335200394757,738.1944320490708,185.99171817105042,4.484235317208864,0.04632072839906363
56.10892756690128,2345.403805880519,1180.8194417519326,81.68549084797343,1.9537837364463901
35.5900509420558,943.1241038741492,336.0920566580462,12.039743237614175,0.18616235417208848
73.00792279004861,88.65819322130358,6.765032731469729,0.011259136990029322,7.916883887597217e-06
54.80739209874236,48.70979812922369,5.269347227119225,0.006449845999772477,3.334555002770597e-06
88.86026598969818,123.59192566182915,8.787174961745512,0.01673223976364345,1.3462854005828343e-05
87.65572395912719,104.1674148461556,6.845205655603369,0.3756945405699507,0.0002580496515210195
109.70287550710765,174.08400658427453,7.683658155362274,0.020724634158829962,0.09531097924844815
55.32718981018722,126.7182795216947,6.991423552194735,0.021777023824023325,2.868364670557877e-05
61.37015367689304,70.88706687236999,3.6279331606343153,0.005705133725485792,3.7901968302472797e-06
57.20440933059094,67.93842704928379,6.580718261752689,0.010760084102497264,7.4330007174051e-06
60.44993864547284,60.18389395086871,2.974455321405874,0.8883541699565163,0.0005091865327234716
523.2698310152252,1178.366216933346,120.75160504293585,0.37554479663879103,0.0004938922759409099
54.899816209855075,604.2536696928684,125.16927424928843,1.9138693426631173,0.012468534421478163
86.20451749825438,66.02841371593837,4.111581667550424,0.0042962351546203354,1.8958990320619755e-06
54.6654847669671,56.54214989021282,2.625322998782981,0.0036918989012388417,2.193116419199397e-06
47.34200312925513,52.336250412872495,3.3231613934010302,0.005018018668948953,3.201000469302028e-06
92.56709549941819,107.64851170503955,6.540014126292621,0.010381914153271908,6.962569669380883e-06
92.50632733404976,123.07929606327122,5.269506367830491,0.009518300958989244,7.264420126550183e-06
85.55894595677636,33.711677578274504,1.5214016630033351,0.0008132309177570626,1.8352500989351462e-07
62.13027451726844,153.37884343179505,12.374316639932173,0.06528685589753624,0.6642049216199897
90.39099980044803,180.89510092857705,9.289934892040263,0.033601693070834236,0.190686512863623
82.96148161225469,79.17140505844391,3.067388985824274,0.003970961578362891,2.171387957471593e-06
67.17327124840087,155.0815419730368,6.065701799705382,0.01891477549663064,2.494165051954324e-05
90.86135514051912,207.09044485295823,13.812269850226063,0.05723750239882518,0.2871719364296279
104.88667891365542,110.44269601815414,4.01153671495175,0.005725080228412357,3.4514597171169335e-06
925.86668839958,3446.967192113964,347.70773857426514,1.78199473334858,0.003866707250659362
749.6333425606063,2929.434754292388,311.4091236615051,1.6774613558668452,0.00382636940127496
30.72749302017734,48.680100816508144,2.0624322126486208,0.004432342551849348,4.025602195006101e-06
221.00966619486272,5370.922145654884,1547.1910175066648,57.50951845462355,0.8026890094524027
911.210493908996,3647.668567059616,361.7648831642173,1.9904596587305403,0.004637934006937427
1182.3432879178024,4697.709616923333,480.05580792323764,2.624756149592407,0.006077446388187818
955.543295328339,4555.417547686685,519.6803135263173,3.4145775973361805,0.009507567085363204
860.9877900776773,4804.576477192313,576.2010781850726,79.68714132381882,3.7581707814010965
996.1096910809533,4151.272472706501,411.01355114388923,2.4299921590669,0.1452665833532653
1183.333195813018,4458.712655031424,468.6224167344214,2.433968595061948,0.005352642297835613
785.2538667170292,3469.4532378113386,348.2391349328468,2.264575346450295,0.4692946325571955
24.551007231973674,91.54348336123732,8.550867718668597,0.04377134282761017,9.486603402763246e-05
1051.6403250449353,4651.115025505385,457.57910065898193,3.024005829447105,0.900767076929109
1075.2074670146708,5085.43454479818,585.3192080693389,3.922406470583142,0.1668733208648273
1299.8074901289472,7185.635389658138,900.7660738103059,96.40034670327192,32.67873535064028
96.7292393124996,232.8245935191473,22.602144220058605,0.07501091391654365,0.00010528267816633017
85.12410460504925,52.100413419096135,0.8348024191808536,0.001570469815887196,0.18593293613395628
7.961461320519447e-10,3.5441286916294573e-13,1.086075581310669e-18,1.3804375820435219e-24,7.405291634854927e-31
110.28477927590065,476.7184285463427,51.99443599480098,0.3387014860859615,0.11129949276013694
72.06137742360116,11218.469702401106,12395.55263474706,15832.308061498448,4083.100148037702
19.6327634572256,938.088314339158,399.98578724353587,122.16976601127864,10.494669224050076
8679.992662347975,2363967.8474523546,6006757.041160567,9554696.856886532,2901186.0522810835
59.33222356595337,13013.851216581126,21930.54046764191,29399.664000135723,10340.608378101846
2497.0458643277157,853560.5484610855,2644395.609548976,4947958.824508699,2088457.9276120372
404.094876865675,203890.5281102803,850056.8667158973,2353522.4066731217,1501193.2295480985
27.987891830111227,19901.639793256392,107578.18110497811,405517.5621369562,378732.30250364123
55.66061659636393,2251.3411013597124,1071.6813560442395,67.72082034686699,1.560673514083005
691.1013993838452,4220.649047767183,530.4667132592505,4.460369644619529,0.01591147420633132
94.24350199556282,230.66660675073229,18.334775073252377,0.5998272785139465,0.11127263611911424
219.52733653440424,36.62482974203771,2.1461533243043878,0.000485112456366446,4.628634830463673e-08
71.59502905598166,273.8887378055011,28.119439558773724,0.7956311052425857,0.0017768556763021748
7.985402891819816,31.97088148022323,3.8857231465723534,0.029377923549214625,0.09777482493940344
60.97566369902211,232.69309303977678,25.75408114710751,0.13571786693516402,0.00030283755599625823
944.5612767983945,4280.81545248672,453.6033602552885,3.0266536361944927,0.5929334168279101
26.720948461737322,730.455578926495,218.80690517050246,7.860381290158193,0.12189049389863525
55.48567448011879,137.3697096979117,4.636302160140576,0.015449266195777618,2.1772347224827823e-05
80.66759739055655,193.71778386434806,12.938952862849806,0.04242510524764881,5.8829299048728315e-05
26.059600741932638,49.118582635230396,0.9304454415337262,0.004231595138630654,0.09394629939386202
783.9645484424777,3313.06120895069,379.60243995386026,2.2155318139771993,0.005477231959161901
110.72667785908801,194.2202539628231,10.6792404247786,0.030924698069562672,0.09608106866255911
46.46797321605053,214.71715825500766,12.284843908511572,0.0763683395003741,0.00020113768448577592
32.10683595562318,49.46017296416682,2.5767760923612735,0.005403596452441564,4.788716039543555e-06
50.81087101366342,265.46786385071493,21.835922150542814,1.2953957745183926,0.13457969040572243
55.798131737270765,240.2930605354501,19.729662320735265,0.13371280041640088,0.10408312852254008
462.2572169210354,2690.7360577985655,334.3305721243731,2.6812261859680055,0.009120378658438783
65.12666197783881,237.4069562012745,15.944905967744491,0.6211329036271588,0.0013040083269448902
54.60231729869296,106.69531796501215,7.268295711819264,0.01942072279464677,2.193725642772155e-05
64.195564324701,135.77018579635012,6.402457936285155,0.018368937296567807,2.2282212584442448e-05
272.96050669601425,7773.003327732844,2633.360919075698,123.36347800356022,2.0186341530914302
18.625810245421633,25.433885359433617,1.8556645335656972,0.0034707455667182465,2.7429334859828994e-06
18.04444777582792,92.37586749322101,6.8526606248188395,0.04746430784536994,0.00013934859194804822
42.55381881256153,26317.69119538769,125362.09509354092,430278.9766106922,337005.1615779589
7.961461320519447e-10,3.5441286916294573e-13,1.086075581310669e-18,1.3804375820435219e-24,7.405291634854927e-31
55.16770735208569,89.14755583952099,5.317902649967214,0.011725086714685553,1.092573328417356e-05
67.4017322288787,408.6685730136978,38.28922994365773,0.3153730019650654,0.0011019272551286265
115.74377614315992,979.9287313290737,144.00659457723415,1.838026357868552,0.38754306203233363
132.94692430504153,343.9709889703904,16.52413985340508,0.080827037305195,0.47825887350828433
275.3615129817992,990.9735680362741,77.49379496861297,1.2638419457560184,0.002630711467588259
85.42480297211632,177.88541127768733,9.359129446568797,0.026497667632986235,3.1718064426250376e-05
92.13986251387561,99.43955685222693,6.530385949146622,0.009631422571201849,6.000745864127358e-06
5.1529091089444865,0.002288465080145687,6.996324891965554e-09,8.871596996264007e-15,4.747908141999711e-21
120.79930684227524,186.54506123474434,9.36710426500781,0.01967876467075882,1.7471141474152864e-05
0.13431154891075434,7.395012844272922,4.43969650590959,0.3046339834722853,0.009215980069775613
475.999085533317,14947.4093658154,5116.580742281864,263.58690430477753,4.6903732671668354
7.961461320519447e-10,3.5441286916294573e-13,1.086075581310669e-18,1.3804375820435219e-24,7.405291634854927e-31
533.3447293711074,11189.038207546493,3089.287977808158,87.6323756289242,1.067899200788625
450.9163020589717,16131.404622201922,7705.3644533261695,368.96565828046283,7.685143869235971
938.3335144452842,35646.74843118611,16559.964616438214,1071.180596131176,23.414507125579995
1113.5753376582395,471.45273585972586,243.95208719274734,0.14584140886073838,3.681166738421714e-05
1547.8321514614947,4919.486398633538,572.1579169227846,2.519347656566473,0.00469471407316985
83.71875037945422,50.847515636760676,2.2545817237163566,0.003194472474559034,0.18620500547291932
11522.871699556947,772309.0847704578,646510.7140465635,61195.8720365832,2285.591371297297
43.4253234768207,35.68989787491121,3.311746846293254,0.005214123647540146,0.09360999178932135
1139.714639282067,62365.57894006443,42142.709080040346,3343.0081074709897,103.52859561479234
86.31266973927204,38.6496921707386,4.256226213231993,0.002611856316255745,6.767159673413831e-07
1358.239201741665,44447.36924874284,16846.129601439436,858.0929195934723,16.03583783733228
87.69441491862361,119.71949844201255,5.012015394781148,0.015565289427654415,0.3748539341032085
123.33320390649445,146.694764870967,7.144512785914923,0.01960735695787183,0.5613603475839476
1583.5540380058085,7793.741443103288,1194.8647644871232,8.211492895028748,0.0239187472218224
99.1884576802932,62.38142068971836,3.704224372035898,0.005338272865915235,0.279411084211456
116.10001715722925,80.69008981041864,1.3259248208571144,0.002450566213754275,0.1861441326791735
72.20162260317117,121.40766862710726,5.665019498751921,0.012938716587578775,1.2489960324691196e-05
1234.1206654873956,44717.25302598858,18708.092006613755,1086.8468815056096,22.441403151531254
80.68516006797059,134.5961865556586,7.179873181057107,0.020569900092887637,0.09537280822431352
91.18026643076773,67.13794050523792,3.204894821540069,0.005583155002334919,0.27956604987677086
1835.690133028144,6729.363229162994,783.0071227441206,3.9728087487255244,0.008534118301958002
1343.5387219274578,44535.28121977272,17431.394320116004,953.1439196036462,18.106985107503846
95.09166575813785,115.44781154899142,4.770157644325373,0.007860121733620088,5.471864703151961e-06
104.04225741691927,76.57757331114767,3.529186780130872,0.003530204074291147,1.491286431551987e-06
113.06513502832962,124.11764441400798,5.232097413383414,0.011304170400256094,0.18759983780237838
120.48074689916666,178.25946968438657,6.483015435281611,0.01656976771987029,0.09494187702084086
3157.9581365883546,171173.44537736542,111442.97448751981,8330.346273855534,253.90499853072225
1671.663404084996,91135.70285232851,56596.05168921482,4807.67580164195,146.29722431261274
1039.9129239104905,63798.414505573375,50437.38652699862,4352.033150994925,150.98649042778916
1008.7021684920239,44692.90960112617,24802.89713236805,1651.6680172043402,42.00846219970797
2251.635755383868,122492.15848445278,82254.03740464653,6013.1607661864045,184.7632255472983
809.2700089167992,29060.351495022474,12319.233547020795,685.4516582588511,14.073091840763187
1589.7637269307447,57852.98304859483,24021.446714027446,1432.4110519572378,29.653730410200208
608.2865396546352,23954.357220821585,11353.030925682488,717.100997994915,16.173076645001313
1177.231495732408,42076.39401372143,17119.975652754412,962.9470383231239,19.568597310836914
3694.7359744884766,190500.74660103756,114490.9373067644,8171.463514092399,236.32163064622506
215.87114753887795,10689.529698536979,7873.070106270975,609.3239927142101,17.858069149622523
5006.845468044689,301130.7656617712,216657.71663690827,19255.791348563802,647.0566499671579
877.4869275496166,25369.879938236765,9285.660805949508,398.5706939698416,6.67324972725477
853.1264361855888,26809.711698363903,10083.602695091178,419.24592185082594,7.551523406320859
702.1082779031359,25960.16167449157,11101.133453054012,648.7898272270529,13.66412284275056
1519.9336639584772,55104.669268422964,22911.062840865616,1319.6163274740643,27.228637818053414
96.28858167081894,3213.6275918329434,1171.152768302235,61.59893358434784,1.1631760486839733
77.50787495476446,206.33145967239304,11.446521284311771,0.04138603541211011,6.329529979934626e-05
121.4676076678961,131.82299286983246,11.326317026643624,0.020347457877900838,0.09483937976403829
65.93639282674805,35.27662171076354,0.9460395407257435,0.0006842362386049905,2.089607709461749e-07
66.5194020407182,71.51016253057281,3.3288027244526366,0.007671877502264822,0.1871743464501381
983.8739180957264,4696.092838081586,435.2169571216656,3.0430081046920896,0.596490443037497
95.07572735043286,111.98661706674599,4.4293740631120695,0.00707726077079651,4.777318389262471e-06
115.14462948727771,4008.747202136755,1520.6804318035838,107.69885296038115,2.126242061575027
127.6127700960887,57.87214023316462,2.396961395994077,0.0014741914632220056,3.828068261305851e-07
204.65453819984788,9093.124335094988,4395.482434772631,399.76364867087267,10.001730257283421
4.072039671223971,130.1233116805917,53.76246851563883,2.515165050960566,0.2709499443193558
111.07839823956556,187.53343990681785,12.089249021900349,0.4548163281602834,0.00044379050640793024
124.71247557472174,460.9677259238985,37.3899869853067,0.18886299432756784,0.00040388842037199555
201.63042519034803,1196.2398183883424,136.82243074431526,1.2250268895291359,0.35074444546214417
69.40459334852973,643.8141738272352,73.3511437005727,2.141904507712263,0.011393732405370168
115.8984739757074,174.94002401896256,12.788560045026948,0.026443387139823377,2.3106523939358386e-05
22.197326838849175,341.7152808897606,73.52091722876453,1.5406657125200005,0.013804991384156976
394.0591034843201,1243.1665576771845,106.47917394211322,0.4607287220299352,0.0008436343575304386
108.08740530327088,284.34906341941786,16.257745195615783,0.05813742593458494,8.793828309921415e-05
144.35666805747712,5208.783945101277,1970.9458848566753,128.2100133194858,2.6002055006762514
664.7837033791719,41803.34382396752,31516.50940210635,4318.3374421462895,153.68599239927448
76.02139782403252,2825.2908137175714,1118.4227579714222,79.54765773255446,1.6660121834790433
140.68508105626356,4840.359823585827,1715.8333785483255,111.19504015848734,2.1485610182120913
196.70444124243795,19.269544742967028,0.24688537315873063,3.254053987219863e-05,1.8103299726116952e-09
2116.6710211868603,0.9428635180722037,1.2322670415177748,0.5173151078934921,2.768570995482895e-07
890.9752304717802,32.321486150363505,0.42734483314250943,2.0839855947448815e-05,4.289358474643113e-10
802.0439723298983,250.16861078362754,2.334950842010678,0.0009794320601202522,1.734408808494057e-07
342.24049245538475,0.15199334750268875,1.3297082122062638e-06,0.25776057874430297,1.3794850589155574e-07
7.961461320519447e-10,3.5441286916294573e-13,1.086075581310669e-18,1.3804375820435219e-24,7.405291634854927e-31
153.1848814696592,19.94220185842332,0.008387222076225715,1.4633592083091042e-06,1.0777021773178388e-10
65.19933213014318,0.028955759101137447,8.852391933904856e-08,1.1225158194235658e-13,6.007488844239679e-20
188.00500006567867,6.17177111556686,0.5637274417453326,2.4979975520027648e-05,4.67191598225441e-10
7.961461320519447e-10,3.5441286916294573e-13,1.086075581310669e-18,1.3804375820435219e-24,7.405291634854927e-31
7.961461320519447e-10,3.5441286916294573e-13,1.086075581310669e-18,1.3804375820435219e-24,7.405291634854927e-31
886.2740393389012,0.39498598585657846,0.7029975094907277,8.914266689846175e-07,4.77074414161294e-13
310.3944757172901,0.13784968912340254,4.214358434966275e-07,5.343961324003469e-13,2.859985354548062e-19
158.19363420439237,12.291501199227929,0.4195981386289242,4.396455621358477e-05,1.944322030731463e-09
452.03875320715065,585.280049513378,17.757117886401396,0.031073925720918202,2.297506171011277e-05
323.28479593488385,550.668886667678,21.556061937247733,0.049726923827655256,4.848417080714641e-05
294.7789149804191,19.65483383077662,1.3758615832173946,0.00012398477043203322,4.7157891515215066e-09
72.23485358214496,13.94008757327569,0.008687013210859323,2.24596428318897e-06,2.451165977146924e-10
654.6874128769439,186.4858347110545,2.556872259877887,0.0009808331929577379,1.588372138157272e-07
232.01494602682246,0.10304045556181561,3.150166067120882e-07,3.9945263049313533e-13,2.137793677350581e-19
217.5593200674841,0.09730572306893481,0.7020697068954076,8.902501812078391e-07,4.764447805229894e-13
565.4813528441465,209.22665550779368,4.734231875811717,0.0023648287673437075,4.987143701886788e-07
229.03067778972434,24.939545832298492,0.008774847391227868,1.2807516793370628e-06,7.890375612053038e-11
219.29690221269104,21.95108821930135,0.007100091932054043,9.52666004832097e-07,5.3953744817130486e-11
7.961461320519447e-10,3.5441286916294573e-13,1.086075581310669e-18,1.3804375820435219e-24,7.405291634854927e-31
192.1686909947438,0.085344284539879,2.615262888994856e-07,4.145846528761779e-07,0.2779441778940949
7.961461320519447e-10,3.5441286916294573e-13,1.086075581310669e-18,1.3804375820435219e-24,7.405291634854927e-31
469.9955947862921,60.460136040647825,0.3332974933815478,5.760116582835274e-05,4.2018937871281435e-09
822.0490355772265,287.9048110216036,5.974212763291341,0.0028233171238247925,5.632918111184406e-07
52.20853313970351,0.023477661695397053,0.5269398724922766,0.2585899389122246,1.383923635076742e-07
114.14043746866614,0.05069105622806141,1.5497334941454908e-07,1.965119005187924e-13,1.051693909074008e-19
211.43250114442114,34.87193751945625,0.018576194980800084,4.10532113652704e-06,3.8297019239532195e-10
473.61168584621953,0.21146607006321266,0.8779511181361083,1.1132742722493445e-06,5.958029860595993e-13
557.0791130033347,0.24740512010463225,7.563701168984293e-07,9.591050959977342e-13,5.132946070745462e-19
145.1358479773211,16.95590205919802,0.0064002626694409795,1.0021991629787655e-06,6.624002685681514e-11
195.36848555864836,8.990792003874077,0.001337516877710299,8.253444294130387e-08,2.1495918943923385e-12
130.72830620134673,33.7507635133031,0.577848471828785,0.0002010793845115523,2.9538101081719408e-08
505.51807240677766,1018.3066734562271,67.23271593362817,0.1850442044544871,0.0002153158421428078
444.91793056381755,0.19828530114831383,0.3515006010726845,4.457156757031822e-07,2.3853846005169304e-13
851.7400771384873,189.79147568363373,5.240145054205255,0.0015768656074484676,2.003064366535043e-07
294.7477861129641,3.9987924689392225,0.00017541598569077038,3.1917113147117235e-09,2.451044711965794e-14
403.28801663788084,313.0536925906185,14.592515270183393,0.015397892886672811,6.861881631843955e-06
7.961461320519447e-10,3.5441286916294573e-13,1.086075581310669e-18,1.3804375820435219e-24,7.405291634854927e-31
184.72491233197954,0.08248467116754486,0.3511729122923564,4.4530015429098967e-07,2.3831608098094007e-13
365.6380207953729,360.5400542860311,16.764183879066934,0.022474923728121394,1.2727446773415883e-05
150.58364589654897,22.922310962946607,0.011270835600609675,2.2990875218970753e-06,1.9796016357649787e-10
192.30749443077218,16.234950617390087,0.23552950670824424,2.675626463574178e-05,1.2829341526962119e-09
7.961461320519447e-10,3.5441286916294573e-13,1.086075581310669e-18,1.3804375820435219e-24,7.405291634854927e-31
131.3583666172042,21.919315489516904,0.011813354893638285,2.6413772203409208e-06,2.492962596201537e-10
410.8315041301939,407.96246119940827,11.296199748615527,0.015160027693408292,8.593998071877775e-06
191.81349412551774,7.197539437597408,0.569694923347944,2.88528871129927e-05,6.167626731681393e-10
192.30749443077218,16.234950617390087,0.23552950670824424,2.675626463574178e-05,1.2829341526962119e-09
50.23499286924986,8.964719991041294,0.005166634031586683,1.2353695576092507e-06,1.2468620273197577e-10
115.06006059473542,22.89851703335057,0.014714893457795235,3.9231785447528845e-06,4.41528452708024e-10
7.961461320519447e-10,3.5441286916294573e-13,1.086075581310669e-18,1.3804375820435219e-24,7.405291634854927e-31
758.001245556317,272.30726486733477,5.473286531442299,0.0026527701519048572,5.428115694973624e-07
783.5227964751472,219.55556759905667,5.378694289355816,0.0020349991587273364,3.2502830373381056e-07
263.20960650708395,0.11689495530544353,1.5990849029688962e-06,0.5155205652946294,2.758966948522811e-07
696.6342298414984,227.3290519342064,8.176279525391752,0.003611654330391495,6.735086266733606e-07
327.02973716959366,0.1452375964448434,4.440222488304772e-07,5.630365241503488e-13,3.0132632246284533e-19
514.0774160212387,782.7761107218514,29.61944865033757,0.061088030636719706,5.324219517847929e-05
7.961461320519447e-10,3.5441286916294573e-13,1.086075581310669e-18,1.3804375820435219e-24,7.405291634854927e-31
285.21361630455516,99.75572493039586,2.0854182434606847,0.0009842514198601484,1.9611624319843297e-07
210.15880031396745,17.439153402553046,0.6299568671679361,7.051587452787449e-05,3.3316644649363534e-09
248.44925848065705,5.101337867073448,0.3727455270979741,1.031210122184768e-05,1.2040863230049736e-10
171.85608914979468,27.899152700380444,0.014628565928391986,3.182149279938528e-06,2.921903577651027e-10
226.65245958925817,0.10065891482518219,3.0773572972537116e-07,3.902202109867595e-13,2.0883835432302645e-19
410.3146606295965,38.78563470678732,0.8956486966530837,0.00011407540723104348,6.132658260184571e-09
543.2650491819484,0.2418108469973909,0.17600969671040192,2.2318676173007943e-07,1.1944526376153475e-13
832.3612449019291,337.4217656688423,7.845448257732286,0.004294674548556692,9.925618593914572e-07
142.2785683373484,9.984404463342795,0.0022645671426029176,2.1305813711911742e-07,8.460665989047583e-12
829.6908294372154,68.8727444529017,0.018476413691382317,2.0561081662566415e-06,9.657669557829877e-11
201.8752237668041,2.999129957495699,0.00014420009670081392,2.32829067072668e-06,0.09265058746522095
52.346795864835684,0.023247802914528923,7.133379136194633e-08,2.762116392105332e-07,0.18529611848934766
150.13576603793354,0.06667698781302824,2.038457451698917e-07,2.5848389382648366e-13,1.383356102166692e-19
7.961461320519447e-10,3.5441286916294573e-13,1.086075581310669e-18,1.3804375820435219e-24,7.405291634854927e-31
551.7264501785298,115.1586282531958,4.226132323798946,0.0011927919839901527,1.421118149163267e-07
7.961461320519447e-10,3.5441286916294573e-13,1.086075581310669e-18,1.3804375820435219e-24,7.405291634854927e-31
7.961461320519447e-10,3.5441286916294573e-13,1.086075581310669e-18,1.3804375820435219e-24,7.405291634854927e-31
130.1882479852948,0.05781806996023686,1.7676214751000667e-07,2.2414089698775968e-13,1.1995589860669476e-19
152.20850630619523,16.260349249805802,0.24378037221834548,9.753646212422336e-05,0.09269473962018707
303.58323404513783,39.1311810196734,1.3305862702645082,0.00023154917217865835,1.700819862836963e-08
154.79029402374331,0.06924465194308817,0.5265345098702833,6.676651025110149e-07,3.5732152595255054e-13
197.13161505178815,0.08800935021375442,0.3511925212227349,4.4532501913510897e-07,2.3832938816744696e-13
752.4186197493641,156.50658090138964,3.151147455051338,0.0008832049279956909,1.0449549545200948e-07
255.95519369524183,39.87409749840318,0.021816346306900745,0.259897764546866,2.290365348796433e-05
198.33185948208194,1.0230303723796437,0.3554961179971826,2.47217644422343e-06,7.255949529651251e-12
7.961461320519447e-10,3.5441286916294573e-13,1.086075581310669e-18,1.3804375820435219e-24,7.405291634854927e-31
7.961461320519447e-10,3.5441286916294573e-13,1.086075581310669e-18,1.3804375820435219e-24,7.405291634854927e-31
271.8888690309587,52.7719084255069,0.033074779759601186,8.600410999851627e-06,9.440160095961752e-10
158.14969041880536,0.07023606205882059,2.1472659275381267e-07,2.72281208307001e-13,1.4571966765157805e-19
73.47369790739737,14.932417203253921,0.009799000978576474,2.667886412829266e-06,3.066154619160474e-10
170.58010890193523,6.101021889485773,0.19826713850278982,9.547215197933719e-06,1.940367073245449e-10
294.11388381107963,43.671992901241175,0.5432246393033449,0.00010855767320605401,9.15721462128872e-09
177.5851327794425,24.922130828322008,0.011298453109280784,2.124941505699794e-06,1.686916646040848e-10
542.1905398166979,141.45665092194955,5.129925499560407,0.0018107545776576254,2.698179949003558e-07
7.961461320519447e-10,3.5441286916294573e-13,1.086075581310669e-18,1.3804375820435219e-24,7.405291634854927e-31
313.9550242786979,23.56249131900815,0.833754364189031,8.438432613170795e-05,3.604797399380375e-09
7.961461320519447e-10,3.5441286916294573e-13,1.086075581310669e-18,1.3804375820435219e-24,7.405291634854927e-31
183.4818878107346,16.96508302084321,0.005069062418669875,6.282944851961079e-07,3.287004878269604e-11
142.00904488991893,0.06345916386118046,0.35109978363559,4.4520742446758577e-07,2.3826645376233087e-13
237.27291447060017,0.10537557867803882,3.221555751523654e-07,4.0850510474914353e-13,2.186240779088231e-19
208.641561365205,345.4692263384733,22.71603064299643,0.05141490810041281,4.918359034761731e-05
481.4188464018992,771.06154302348,26.618838158294402,0.05765335655503565,5.2772601854445807e-05
7.961461320519447e-10,3.5441286916294573e-13,1.086075581310669e-18,1.3804375820435219e-24,7.405291634854927e-31
171.21814304993984,27.89877810726872,0.014682610902631798,3.205751349424941e-06,2.9544941098399437e-10
7.961461320519447e-10,3.5441286916294573e-13,1.086075581310669e-18,1.3804375820435219e-24,7.405291634854927e-31
582.2750908418823,239.75695512468147,2.7987799632358805,0.0015507336846118434,3.6276242608005474e-07
95.15986172958709,0.04248804415369999,0.17559091694914805,2.2265573360754292e-07,1.191610677202038e-13
215.49772861566052,0.09570497293104183,2.925904748171692e-07,3.7101547135187524e-13,1.9856034691175102e-19
443.9698358019167,129.6585198538531,5.35772485888366,0.002119352283090283,3.5391590598843605e-07
112.47703248275788,4.995062496325455,0.0007171021379899791,4.270263993787405e-08,1.0732791490025886e-12
939.7616371880755,0.4183645190750301,0.3519185278270084,4.4624562218159356e-07,2.388220772178845e-13
223.16394854815266,16.22000716432212,0.23085687826288215,2.2574009526549943e-05,9.316849507636994e-10
164.79146705830607,6.9933963168691715,0.0009594248531032576,5.459667053799063e-08,1.3113085920666555e-12
240.41510512803276,33.406924347108855,0.2992206979529773,0.26537857407568305,2.0935330680337234e-05
329.82860182346894,595.024790685838,23.839034529970377,0.05824357124104471,6.0149233201189665e-05
221.02980256215267,0.9999074821294638,1.4627208214321221e-05,8.875063876138273e-11,2.272749035098884e-16
80.18063831151993,0.03560912622370913,1.0886467892453899e-07,1.3804441238217736e-13,7.387871538607042e-20
795.3568221965496,1476.150314794027,111.01008639245094,0.282379760919071,0.0003036368077083158
220.6749493926849,6.995129213423588,0.0007168760784544197,3.0473197296995186e-08,5.467284317463891e-13
570.2525151097002,112.18733545454512,2.951445162661125,0.0007837754383147284,8.7859346459755e-08
273.9242028937599,11.988325764309186,0.001696101401788861,9.953556811947854e-08,2.465408082489178e-12
309.29572796156526,38.89113198143883,0.015798990440812746,2.662521066596465e-06,1.8939573287973926e-10
212.50867126284783,2.9990580762448236,0.00013685269140290593,2.590217821010706e-09,2.069153083694074e-14
156.36190644882623,8.988504288708945,0.0016701869444101186,1.2873143591165664e-07,4.187869045180537e-12
7.961461320519447e-10,3.5441286916294573e-13,1.086075581310669e-18,1.3804375820435219e-24,7.405291634854927e-31
162.89943387059992,36.814573402044836,0.026859610807658387,8.130698505367056e-06,1.038975557017603e-09
7.961461320519447e-10,3.5441286916294573e-13,1.086075581310669e-18,1.3804375820435219e-24,7.405291634854927e-31
554.5021357944875,0.24703337356846541,0.35160786395630794,4.4585168898027543e-07,2.386112517425241e-13
405.96666637404593,639.3550316954146,24.11188253796737,0.05142261885500123,4.634648108242074e-05
7.961461320519447e-10,3.5441286916294573e-13,1.086075581310669e-18,1.3804375820435219e-24,7.405291634854927e-31
125.21640681036716,35.79593375248402,0.5994142247523396,0.00023095533715056685,3.756647079326952e-08
7.961461320519447e-10,3.5441286916294573e-13,1.086075581310669e-18,1.3804375820435219e-24,7.405291634854927e-31
124.80551071267918,134.7486369970138,0.4667211719324796,0.0006715441453260882,4.0817386449911556e-07
186.64692663217787,35.87547710381677,0.7651388603366159,0.00019833403710073423,2.1701609002876397e-08
302.2621679686984,17.976324935468732,0.0034556842974185413,2.7555629642814167e-07,9.274196248405769e-12
163.8172094934508,0.07275307123153671,2.2242162558658733e-07,2.820387926415697e-13,1.5094173918253892e-19
1283.4705268471746,296.42157735571357,5.050716873101191,0.0015720573368446674,2.0655483124532134e-07
212.13557057024656,5.0763203144057245,0.19229770339977834,6.19317391307882e-06,8.418396918434561e-11
279.7342633863623,31.918921381787325,0.011767661588770571,1.7997399386207347e-06,1.1618193047760731e-10
194.2749286716669,23.70548385649523,0.8730239187099788,0.00041866532547428704,0.3707993618886093
150.01176210057145,9.331020748895574,0.7757892729352073,6.525094572462472e-05,2.316438012938789e-09
34.997940998388266,5.9772712030784785,0.0032970160061489237,7.544883460769266e-07,7.288087500797612e-11
7.961461320519447e-10,3.5441286916294573e-13,1.086075581310669e-18,1.3804375820435219e-24,7.405291634854927e-31
231.86002180569898,10.988216697123637,0.0016833658652379683,1.069708179916234e-07,2.8690455749209833e-12
526.6686085164843,113.15548896833796,2.7871231997776245,0.0008081933508043593,9.892824447587036e-08
7.961461320519447e-10,3.5441286916294573e-13,1.086075581310669e-18,1.3804375820435219e-24,7.405291634854927e-31
134.00866657754497,0.0599805492237606,0.5264882407746805,6.676064315979416e-07,3.5729012640791437e-13
7.961461320519447e-10,3.5441286916294573e-13,1.086075581310669e-18,1.3804375820435219e-24,7.405291634854927e-31
48.68985793853968,5.983702937788742,0.0023758292215047107,3.9133039621388445e-07,2.7207231162769205e-11
210.88616295411683,0.09365692458434714,2.8632915505649504e-07,3.630758878649455e-13,1.9431123448052185e-19
7.961461320519447e-10,3.5441286916294573e-13,1.086075581310669e-18,1.3804375820435219e-24,7.405291634854927e-31
314.29996742560184,0.1395841620602055,4.267384964789587e-07,5.411200911925271e-13,2.8959706892170132e-19
232.01494602682246,0.10304045556181561,3.150166067120882e-07,3.9945263049313533e-13,2.137793677350581e-19
469.17425230926574,242.67591454538703,4.8591899277112045,0.0033909979284433463,9.99185857350526e-07
696.6032245132391,0.30936935240101227,9.458079652570773e-07,1.1993192473455776e-12,6.418526023811712e-19
231.40280305428874,14.978419442512775,0.0031337271784598873,2.7195862019933976e-07,9.961758796920228e-12
7.961461320519447e-10,3.5441286916294573e-13,1.086075581310669e-18,1.3804375820435219e-24,7.405291634854927e-31
7.961461320519447e-10,3.5441286916294573e-13,1.086075581310669e-18,1.3804375820435219e-24,7.405291634854927e-31
160.42898711095444,1.0180258431751086,0.17914466827443912,4.846609756503956e-06,0.09265043898749564
41.199782543105144,0.01829728832123822,5.593870531299524e-08,7.093233343116583e-14,3.796162106672508e-20
7.961461320519447e-10,3.5441286916294573e-13,1.086075581310669e-18,1.3804375820435219e-24,7.405291634854927e-31
214.94873691562057,35.8248914003772,0.747057177272285,0.00016786312308642116,1.592154500608243e-08
356.2588064837616,0.15821855594489034,4.837078052585408e-07,6.133592676819695e-13,3.2825808726710354e-19
236.5615591089774,20.958669165914777,0.0060007358496166965,7.127001269639036e-07,3.5728046353007545e-11
7.961461320519447e-10,3.5441286916294573e-13,1.086075581310669e-18,1.3804375820435219e-24,7.405291634854927e-31
200.09598447294746,0.08932930862024967,0.3511971144023716,4.4533084345563386e-07,2.383325052318102e-13
153.15665116241775,0.06830583367061537,0.17567185445108785,2.227583653335109e-07,1.192159942466855e-13
132.49204314346105,0.05884121138575138,1.7989010864230964e-07,2.2810726661956984e-13,1.220786233739472e-19
136.11135540280117,0.06091801001025616,0.5264930782524765,6.676125656975076e-07,3.572934092600643e-13
199.6074225903113,27.355675111072234,0.2796967425549106,5.156053388747479e-05,4.012038178676995e-09
237.27251339671324,0.10573284268961171,0.17576539593067247,2.2287697936618134e-07,1.1927947419642955e-13
191.089658931461,0.08486507376629704,2.5945059559826826e-07,3.2899288699868407e-13,1.7607066771617804e-19
40.198875280504346,0.017852774111788997,5.457973075166874e-08,6.920910376095591e-14,3.7039381679028505e-20
170.73920407863804,17.260636755514717,0.2439045035935806,3.3183754582644305e-05,1.905618487820956e-09
261.2734745259338,163.84145587842937,2.288125891042677,0.0019311748130922122,6.882678699320269e-07
192.74452085688762,7.110267055180557,0.2005540106378827,9.958214961940853e-06,2.0869558192731673e-10
115.12050200596029,0.05137538227778726,0.17562100952017282,2.2269389209315308e-07,1.191814894080454e-13
7.961461320519447e-10,3.5441286916294573e-13,1.086075581310669e-18,1.3804375820435219e-24,7.405291634854927e-31
498.91799666677474,197.5569917610885,2.5952533939707765,0.0013835908652258648,3.1142007752352045e-07
217.68032692866228,7.149965589058319,0.3840257548699501,1.699965402971117e-05,3.1761425479018733e-10
160.49812862458415,14.969020207265253,0.004516102754703641,1.9708265611100824e-05,0.09266752705204348
237.71231339205792,19.962685314718293,0.005417792043570016,6.09936052290762e-07,2.8983092877197424e-11
140.58422378000583,2.054710722096949,0.362369748839219,7.147132775140726e-06,5.949567140730742e-11
180.17488776015594,2.9989227718811335,0.00016139521758222057,3.6027333380902683e-09,3.394281638437305e-14
135.2023175963145,64.31785823698912,0.09859578594550647,6.273220449959141e-05,1.685238448060484e-08
7.961461320519447e-10,3.5441286916294573e-13,1.086075581310669e-18,1.3804375820435219e-24,7.405291634854927e-31
142.2785683373484,9.984404463342795,0.0022645671426029176,2.1305813711911742e-07,8.460665989047583e-12
251.7390229697903,5.996820957004214,0.00046187102805690346,1.4755059681671067e-08,1.9894732075633164e-13
254.7639694387172,0.11366751597034172,0.3512764204641107,4.4543140645549075e-07,2.3838632461585176e-13
318.0502098378413,19.321125122256767,0.42742475232821076,3.49578939214062e-05,1.2067604339942138e-09
393.84759451896247,750.542422458621,50.567812199911415,0.13174990862125865,0.0001451084650898003
192.2766762710397,8.990643863806294,0.0013589719204276445,8.520503747668602e-08,2.2547851372628806e-12
71.22681092299337,0.031632630446454424,9.670768486307313e-08,1.226288972846503e-13,6.562862809338898e-20
245.03902316907406,31.920610773560995,0.015310070384165155,0.517813883761785,3.81641232866304e-05
197.16280812018783,1.9995673154386313,6.567634129791766e-05,4.566011824257016e-06,0.27794907961271775
381.2418880378285,7.140498796916676,0.5565082733398248,1.4043316362352784e-05,1.495694211938848e-10
95.57729460136935,0.042840464552844446,0.5263920022724686,6.674843976414954e-07,3.572248161807191e-13
252.2680609461325,32.432918980870504,2.265268022210268,0.0003945789008570284,2.9011024051600154e-08
187.86243165534097,0.08374991389366637,0.17571295779655624,2.2281048588563267e-07,1.192438881640816e-13
238.71264242310806,29.916531110619914,0.01211296516650408,2.0345782770436513e-06,1.4424860102607098e-10
128.61835811965105,22.693940570458864,0.7042410566287043,0.00016781602871020914,1.6880201642109814e-08
189.82958174097405,6.994264898302764,0.0008331200265544107,4.116251574721898e-08,8.583764469712139e-13
97.21752986022294,0.04317540200291112,1.3199639460277735e-07,1.6737627768265218e-13,8.957656574365656e-20
236.26248338485058,26.93165417272247,0.009919072186931516,1.5155023737591723e-06,9.773528876750339e-11
174.17254342236075,0.07778532912576791,0.35115570982871575,4.4527834093510345e-07,2.3830440689226583e-13
7.961461320519447e-10,3.5441286916294573e-13,1.086075581310669e-18,1.3804375820435219e-24,7.405291634854927e-31
218.32150356753007,33.77978755964292,0.7316526480255086,0.0001526255003082553,1.3439199430446127e-08
224.29147618652473,14.285266624347322,0.4178540752020171,3.58577682756919e-05,1.2987727232421668e-09
235.6232336743598,31.903825133515948,0.013955277874412163,2.5323590457030747e-06,1.9396749505666248e-10
106.14780342525563,0.04762039659399476,0.7017951312748736,8.89902009233554e-07,4.762584455765057e-13
7.961461320519447e-10,3.5441286916294573e-13,1.086075581310669e-18,1.3804375820435219e-24,7.405291634854927e-31
199.46063479676354,0.08858271860525505,2.7081622724016927e-07,3.4340492547487366e-13,1.8378371361453546e-19
210.16172065324005,20.953492806485414,0.006750638306623191,9.021978357799893e-07,5.089355756790981e-11
192.33808355719805,8.99063907829324,0.0013585362090969893,8.51504531084702e-08,2.2526193281708476e-12
218.63215372745066,4.997458352863577,0.000369331662904313,1.1321498194526042e-08,1.4647644495126634e-13
206.76475590277772,12.981858518093773,0.0026345188011288496,2.2177416585679463e-07,7.8797321996527e-12
116.82877693325472,1.030263321101802,0.35704157230666406,4.2517020086225616e-06,2.1368712872352842e-11
154.76157606705075,1.9994281687220121,8.352430062291466e-05,1.4472168576028152e-09,1.0583451908703125e-14
226.04602399991253,34.40253726477939,0.30126423058512974,6.165452146562845e-05,5.326051739352257e-09
230.21692168994707,13.981106510862169,0.0027444579366044733,2.2346810031313383e-07,7.680059936426155e-12
188.27993910580034,23.321116641055973,0.2656426574845522,4.4267389572024476e-05,3.1137441612614537e-09
244.71212056455676,4.997729314532166,0.00033001221218366823,9.038695510120508e-09,1.0448577224528179e-13
147.14184553006893,0.0653473539324136,1.997807713597811e-07,2.53329357694938e-13,1.3557700158312738e-19
7.961461320519447e-10,3.5441286916294573e-13,1.086075581310669e-18,1.3804375820435219e-24,7.405291634854927e-31
212.5055840566432,0.09471441689337645,0.1757398740620303,2.2284461669911237e-07,1.1926215431923733e-13
179.38219323163477,9.30304349898581,0.7690358487581952,5.3894426673375555e-05,1.5941464119280036e-09
7.961461320519447e-10,3.5441286916294573e-13,1.086075581310669e-18,1.3804375820435219e-24,7.405291634854927e-31
284.9218661371947,43.00856827738147,0.9652373010885482,0.00019645491654794026,1.6877747917413986e-08
192.27241362417456,7.159365516314043,0.3862703670855559,1.9389699439568682e-05,4.108019723950489e-10
210.84115863011814,37.84871028431412,0.02194200737761789,5.277406125487598e-06,5.357934046432603e-10
126.47585318535033,13.965670846957579,0.004982728519853773,7.374760908775498e-07,4.607195004286744e-11
394.896153917308,42.58504852861703,0.5098865069659078,7.397607726236187e-05,4.530187996955807e-09
387.76912191050985,924.063857076483,54.875036621886785,0.17807252764506615,0.0002443750689896302
440.9638128102407,65.41948569095037,1.258846622768427,0.5384901401525791,4.5456592618851364e-05
140.11461603727017,0.06222648202017181,1.9023960158896532e-07,2.412308038989559e-13,1.2910208820523663e-19
164.43733237387784,26.962694679730856,1.1152402083207404,0.0002472611519803427,2.3140407983162674e-08
177.47227158677774,17.95954242992803,0.005872741110203213,7.966286427687674e-07,4.561163098456101e-11
131.20580541627996,45.549552984350626,0.41584975567409405,0.00019411385707243778,3.825338531587342e-08
658.9371578036886,145.27665101899976,5.22745518483378,0.001558503369049441,1.96143210733132e-07
265.97815606073846,18.414334765848885,0.6232769744086284,5.817358760263228e-05,2.2917324456995135e-09
7.961461320519447e-10,3.5441286916294573e-13,1.086075581310669e-18,1.3804375820435219e-24,7.405291634854927e-31
192.56258755670615,44.0192184287546,0.8204732534783925,0.0002528578090339669,3.289569826908647e-08
205.3654532341419,17.965019704728455,0.005078703632485583,5.955782860169486e-07,2.9479800910852606e-11
170.54378288486038,6.993677947495567,0.0009284405837959214,1.3578534273609947e-05,0.18531107117003917
283.23970541331596,15.272468875509942,0.41443634969960863,3.0094452908425804e-05,9.223650153690627e-10
543.1962814616478,74.38996611098614,1.2497170071700276,0.00023051381158184037,1.7947332426639555e-08
12.215196248288446,4.9552146317436225,0.006480808960522775,3.517688042528192e-06,8.061187369988308e-10
218.75261021760326,6.160226206778663,0.5608509691651221,2.1311152959478603e-05,3.417786356493418e-10
36.257970985233136,14.863857904981723,0.019644704043493055,1.0775153955430658e-05,2.4952645603755263e-09
335.12181689574663,46.37204076844574,1.5676358023686912,0.00029289975215235933,2.3099956253748477e-08
116.43030469651278,0.051958491908591094,0.17562329807767282,9.943385624068982e-07,0.18529641551481812
388.7093523602185,594.892611734549,23.253973371498194,0.04822560631543094,4.2265105945609994e-05
410.5504622103487,0.18233009287417964,5.574219062362994e-07,7.068314558543028e-13,3.7828260522715524e-19
255.86029123695985,13.25011568400088,0.40866202101050575,2.8507493327566037e-05,8.393455194021223e-10
176.55269250487586,0.07840904294270958,2.3971313508543996e-07,3.039650619471958e-13,1.6267625694790858e-19
132.14021741366471,22.91154299454509,0.01282988835702916,2.9806188378076234e-06,2.922944028856961e-10
153.4326428910877,3.99771596073313,0.00033676715412749676,1.1767102649235145e-08,1.735349812904197e-13
616.1188747557712,118.22536193263919,2.964110370282808,0.0007675545255402426,8.389995387875566e-08
40.198875280504346,0.017852774111788997,5.457973075166874e-08,6.920910376095591e-14,3.7039381679028505e-20
189.44401259403818,26.352601158395046,0.2783999434478976,5.209644598335525e-05,4.1149584089532854e-09
226.320368466337,14.977939554736333,0.0032038613816215426,2.842776567048684e-07,1.0646425140727827e-11
183.82607820232624,36.44880939463403,0.3267677691675047,8.713317545760779e-05,9.807708533249386e-09
241.40149631898333,12.984455813115808,0.002257566181740589,1.628158826807086e-07,4.956106948295959e-12
175.88119447152428,16.963311768532765,0.005286823241003175,6.835108478814986e-07,3.7299151588244934e-11
304.09289793682007,22.96140867608878,0.005603431007609031,5.672346925049481e-07,2.4236335395805835e-11
7.961461320519447e-10,3.5441286916294573e-13,1.086075581310669e-18,1.3804375820435219e-24,7.405291634854927e-31
124.71059797895504,1.0203630033123814,0.1796737984845346,1.980723239516472e-06,9.215822928715419e-12
256.80917567703136,9.313972389750564,1.1207974973270387,5.49443335238063e-05,1.1368420022972778e-09
144.27473433530042,11.977868965554265,0.0032137200408608774,3.5767989000007987e-07,1.6802701527403225e-11
210.4658388674039,22.555835117198242,0.6621610662726302,9.5714536786558e-05,5.8398160489177365e-09
396.0867213785869,28.683049095463392,1.036902568785772,0.00010126001197001424,4.173807888376296e-09
213.5221758009607,5.134922344030844,0.5553093684241382,1.802002616116843e-05,2.4680436912252483e-10
179.76383655844765,46.847449860572716,0.6256328361731823,0.0002195462550306451,3.2523312046038854e-08
183.9180208384211,32.8691955156422,0.018970814877103816,4.542566395093076e-06,4.5914407321187466e-10
7.961461320519447e-10,3.5441286916294573e-13,1.086075581310669e-18,1.3804375820435219e-24,7.405291634854927e-31
155.98485257689575,8.200511651452713,0.39627312201830495,2.809889708028999e-05,8.409520440849474e-10
242.00178611873824,13.176137341160235,0.21798226698947137,1.5966753175545328e-05,4.93628225512229e-10
32.94580848346969,17.785878675996,0.03092602424233113,2.2321253923842692e-05,6.802594589382757e-09
489.10035615363313,33.94755569159502,0.007615560414787468,7.086709486852693e-07,2.7834320111412357e-11
170.56114569188654,21.466090018161925,0.4701848715358254,7.975839640550712e-05,5.7108123905344535e-09
258.95679907825576,33.901193164229994,0.014337985505789089,2.5156459532954343e-06,1.8630571478187158e-10
7.961461320519447e-10,3.5441286916294573e-13,1.086075581310669e-18,1.3804375820435219e-24,7.405291634854927e-31
238.60706118685025,15.975813090201383,0.003457232768614494,3.103431216737788e-07,1.1758393062728952e-11
7.961461320519447e-10,3.5441286916294573e-13,1.086075581310669e-18,1.3804375820435219e-24,7.405291634854927e-31
125.81160882791421,0.9998265750768687,2.5692676402602546e-05,2.738448637204195e-10,1.231887451215864e-15
7.961461320519447e-10,3.5441286916294573e-13,1.086075581310669e-18,1.3804375820435219e-24,7.405291634854927e-31
239.32892649457372,40.84478397318619,0.022513134417451043,5.14811965416332e-06,4.969249664633557e-10
176.90030696717008,11.981937348725296,0.0026230931913384585,2.382038307781147e-07,9.130117949681754e-12
147.69948825669212,0.06587708777046776,0.17566498256535157,2.2274965152993567e-07,1.1921133078654868e-13
134.63316350121593,15.957893551583256,0.006111169358502324,9.70853024097491e-07,6.510187428149808e-11
166.83521148076116,12.977532658266545,0.0032625150280652044,3.4022608287372984e-07,1.4975416835316292e-11
244.27030608616727,8.161197460829554,0.38667854170422505,1.7406264762994412e-05,3.307055396851976e-10
7.961461320519447e-10,3.5441286916294573e-13,1.086075581310669e-18,1.3804375820435219e-24,7.405291634854927e-31
264.8912361965656,63.659235302736114,0.0493843869793651,1.5895534884013315e-05,2.1598077035242265e-09
224.09222320986004,16.219598182934654,0.2307321907565681,2.246766691785161e-05,9.234261014234942e-10
147.66052222888635,7.2248094939812795,0.5761667820253003,3.8081704022990394e-05,1.0623571434332414e-09
177.5579251481908,20.438652597503282,0.4616476722886446,7.162030684560655e-05,4.689985974331228e-09
46.120900094351235,17.433726833381264,0.31903197287895085,0.00016262439514955774,3.4997895050674404e-08
243.2253034184226,21.96121275732276,0.007167079309539953,0.2586868458157864,1.3217021611589702e-05
159.9270249215845,3.9977758959822216,0.00032310252231237366,1.0831375337990238e-08,1.5325129730891838e-13
7.961461320519447e-10,3.5441286916294573e-13,1.086075581310669e-18,1.3804375820435219e-24,7.405291634854927e-31
59.858004715963716,4.9907418221599436,0.0013447642033958792,1.5030914322054074e-07,7.09125157903566e-12
178.05230997281365,0.07951317032855484,0.35116209360655937,4.452864357999388e-07,2.3830873910828917e-13
198.19985020441445,12.981076986315701,0.0027479796575547518,2.4130328475512307e-07,8.943443690412764e-12
370.05047227187544,47.65787799769126,0.5374282705734155,9.311866430506267e-05,6.810322175964658e-09
196.82015326380105,2.9994729975136867,0.00022006162943543118,0.5156087428244421,4.4479872160208275e-06
219.2051634982417,14.977220765707134,0.0033074855143351034,3.0297960139793546e-07,1.1714443625100303e-11
210.09141270771212,17.965803973781618,0.004964964840487363,5.691742852124543e-07,2.7540597965091872e-11
711.8257259956706,181.30334208356794,4.466290357242409,0.0015357558306126695,2.2292446613173018e-07
47.19528797572926,0.021185822264816762,0.35087943611677724,4.449280157185324e-07,2.381169195719101e-13
255.1136901099491,41.84716044662508,0.022170600807337563,4.873018444113619e-06,4.5211174523028685e-10
248.81745675965703,0.11113700224346429,0.5267127295520385,6.678910916149729e-07,3.5744247097599316e-13
168.634945328857,14.475866562388175,0.8116090800871214,9.414839015865994e-05,4.609759477581699e-09
23.208229886245302,0.01041903485035346,0.17543876461118166,7.107718626039154e-07,0.09264826920222163
167.30199268714966,23.336610547407926,0.2718172559139215,5.101692299811666e-05,4.041755592812251e-09
7.961461320519447e-10,3.5441286916294573e-13,1.086075581310669e-18,1.3804375820435219e-24,7.405291634854927e-31
58.07185995136727,33.56504465108385,0.4478123030546768,0.0003483357544691776,1.1441332657138852e-07
194.5195939131604,10.276533760340106,0.5885214033948355,4.1959286917769e-05,1.2626452218752844e-09
22.379726854126446,24.154843848574384,2.8266263168778725,0.004214349649851781,2.6543625964090976e-06
231.74651400766064,21.2735037066854,0.24821081436055817,3.064839470974099e-05,1.5973354541275e-09
168.95055813640954,20.661873743562477,0.8610908245106574,0.00014227553998687355,9.922567503144557e-09
142.30505424313804,4.996099379532387,0.0005670675719673542,2.669723583699193e-08,5.304918390903396e-13
28.201541488276398,0.01252462279805674,3.829043799040413e-08,4.855368209835487e-14,2.5984997138161758e-20
470.7716109852743,50.40734008646474,0.3034277112707454,4.365332968872936e-05,2.6508571943235446e-09
44.230237416781065,2.0042537540362875,0.0004173254534812959,0.2605314258258791,0.09422922990280776
320.7789415381548,60.83233638532357,0.616814994266683,0.0001573590495103348,1.6945918694694213e-08
149.6812998097827,7.180106653896969,0.39129069016335283,2.532002627205134e-05,6.915354212443151e-10
330.97906364050766,566.6364229457981,38.543577690417436,0.0902565322948829,8.933071377622053e-05
203.97550011190606,79.31256799717195,0.09944059929479818,5.1741166917376424e-05,1.136622588209568e-08
7.961461320519447e-10,3.5441286916294573e-13,1.086075581310669e-18,1.3804375820435219e-24,7.405291634854927e-31
34.237868388150524,9.935766578330112,0.009304017351174842,3.6151664844796494e-06,5.930050622982216e-10
213.5234693997904,0.9998915129866698,1.514083409932542e-05,9.509446481287474e-11,2.520755270962317e-16
246.21247804978483,22.639871353113662,0.8578083403626183,0.5304053108584018,2.7797386818755045e-05
7.961461320519447e-10,3.5441286916294573e-13,1.086075581310669e-18,1.3804375820435219e-24,7.405291634854927e-31
178.92979384411245,0.07946474047041635,2.429406271523109e-07,3.0805764046063784e-13,1.648665262820462e-19
237.5202138108033,32.57951504453916,0.507765112330849,0.000464161884544962,0.6488416887638127
102.26664601733813,10.302538456870366,0.42269687580867993,5.749772274704483e-05,3.3012390613805248e-09
98.02090757692164,0.04353219111212339,1.3308717485877547e-07,1.6875942712069641e-13,9.031680072967519e-20
247.78184970223634,14.532251250371006,1.3464229243142802,0.00010680732927050074,3.5761042137400186e-09
183.6227776672992,10.985377489097118,0.002124306018104158,1.7039722833326635e-07,5.768963123029466e-12
161.33559560310607,41.50333295131382,0.36550178353103996,0.00012643590006096138,1.8463422399972717e-08
255.07959927198473,14.33389946892041,0.6026275831142295,4.5662171048132646e-05,1.460335720364036e-09
160.6750781258275,16.254079692058472,0.241738372986238,3.291506835735838e-05,1.8916844251357134e-09
148.4345166107056,0.06592144374568364,2.0153588612454259e-07,2.555549076966307e-13,1.3676807315433539e-19
217.72897817810906,14.977284834652725,0.003335740426999538,4.74676524513175e-05,0.3706439127333455
275.1615530927887,415.71081507271566,22.0770759026822,0.04542109404581096,3.9490529162052273e-05
288.5702735906716,5.065662456686163,0.18979077127599966,4.481861803867107e-06,4.467005396884369e-11
209.82566084443604,15.45701040468303,0.8066965964074461,8.024512220605292e-05,3.3691628587529267e-09
40.198875280504346,0.017852774111788997,5.457973075166874e-08,6.920910376095591e-14,3.7039381679028505e-20
11.122204634475693,4.950879546231241,0.007103158682934736,4.22967365163617e-06,1.063383446166868e-09
169.78452576066667,2.998824108423107,0.00017125881241108668,4.056687768878331e-09,4.055691403662348e-14
783.9940746907102,1693.3202281938288,133.36773888555206,0.3950918817816113,0.0004948886115211532
53.18665651711451,0.023790185992505673,0.17551489417012772,2.225593339307957e-07,1.1910947646664407e-13
309.4365612240988,29.596965495217766,0.6740053963687962,8.686211222166208e-05,4.724982548104242e-09
244.4638132300455,32.90141190021153,0.014305010157678108,2.580193944141504e-06,1.9644144648270785e-10
197.46108763599864,27.68560968301389,0.7012234161221352,0.00013260636000703217,1.058500887966214e-08
192.22545213142178,13.980815966953799,0.0037777985049388756,0.2583606309116949,1.0634058918326808e-05
225.38915535229705,9.232558797917061,0.577910849227755,3.1934803715495865e-05,7.448190351478984e-10
234.7569043738801,24.303863397875077,0.2590277870869589,3.606825333178082e-05,2.1198710945838405e-09
123.47415839658318,1.999285571322731,0.00010467133483930868,2.272984553804235e-09,2.0832401818992758e-14
259.4540665325092,25.942260667717836,0.008381849983308588,1.123416138341901e-06,6.355440004663308e-11
240.75352460431893,12.296633782265875,0.5933839382059958,4.087456892723968e-05,1.1883854959875618e-09
7.961461320519447e-10,3.5441286916294573e-13,1.086075581310669e-18,1.3804375820435219e-24,7.405291634854927e-31
589.342770298992,39.309326198614954,0.26091649960682856,2.3383055454367175e-05,8.844907231336817e-10
7.961461320519447e-10,3.5441286916294573e-13,1.086075581310669e-18,1.3804375820435219e-24,7.405291634854927e-31
111.09971543511789,7.987223184163589,0.0018558960736133588,1.788802767777079e-07,7.277217920792722e-12
213.3176549089463,95.53171087224693,0.6248278415072736,0.0003756513281955185,9.535395579760948e-08
236.43029529753193,46.79407476168301,0.02990545917326139,7.929404672842031e-06,8.875032835797569e-10
62.17996746032604,0.02787398644025208,0.35092417809533133,1.0784511371187295e-06,0.09264835622853172
228.31038133836097,18.445268881793943,0.6315569151168783,6.881235802323883e-05,3.1645930265676142e-09
144.92446709743749,27.131451279929173,1.3318812237990096,0.00033761126049508094,3.612472147963173e-08
331.4212027644718,55.16770709528314,1.0199050022983058,0.00022878613284296105,2.1663470175257722e-08
7.961461320519447e-10,3.5441286916294573e-13,1.086075581310669e-18,1.3804375820435219e-24,7.405291634854927e-31
7.961461320519447e-10,3.5441286916294573e-13,1.086075581310669e-18,1.3804375820435219e-24,7.405291634854927e-31
325.86582903100646,1.9997174001684088,3.968106544745781e-05,3.265934430372666e-10,1.1344938011053686e-15
7.961461320519447e-10,3.5441286916294573e-13,1.086075581310669e-18,1.3804375820435219e-24,7.405291634854927e-31
256.39685320637847,25.30289993447694,0.2586760583153747,3.433080688443757e-05,1.9231609241463336e-09
7.961461320519447e-10,3.5441286916294573e-13,1.086075581310669e-18,1.3804375820435219e-24,7.405291634854927e-31
218.54345866564952,26.926145672715787,0.010718173745055458,1.7699082753032306e-06,1.233653626476764e-10
648.5388446074245,39.55632450702684,0.6619160092898159,5.4322002702156525e-05,1.88165044015107e-09
43.31585733713376,16.853852796575275,0.021145049396127998,1.1009539126300499e-05,2.420121913552626e-09
240.02010438007974,72.34616744064182,0.9819675197082008,0.000398588459797565,6.830134717989953e-08
9.177013119903897,1.0767692672164901,0.19271763014688773,3.083021457711883e-05,2.0818181073372392e-09
7.961461320519447e-10,3.5441286916294573e-13,1.086075581310669e-18,1.3804375820435219e-24,7.405291634854927e-31
194.50860941924964,9.327652240944005,0.9493004604685689,6.155263693648833e-05,1.6845166604575683e-09
39.15028795065543,6.972447917647305,0.004018478123097212,3.6896173483514115e-05,0.09268500881816007
7.961461320519447e-10,3.5441286916294573e-13,1.086075581310669e-18,1.3804375820435219e-24,7.405291634854927e-31
262.21152069866594,32.908055127640885,0.013343062389571938,2.2443657398197373e-06,1.5934743598439712e-10
196.9914233788843,61.34798600618286,0.9655045621677275,0.27853727651205706,4.9359949693272346e-05
93.57921424135878,177.34305484581375,10.108624116321819,0.02610160086860101,2.8490643578727203e-05
273.9102813817892,30.9222855748612,0.01127919577235996,1.7067170922864495e-06,1.0900684166909792e-10
239.44267533144412,31.905350761775065,0.013734203759887199,2.452636294502408e-06,1.8487531482656778e-10
67.23797971179448,7.980676524721328,0.0030607897566487484,4.869762871255352e-07,3.270340918718736e-11
57.85373403439465,12.93621531742283,0.009360842523877094,9.500564890399007e-05,0.1853901559345531
7.961461320519447e-10,3.5441286916294573e-13,1.086075581310669e-18,1.3804375820435219e-24,7.405291634854927e-31
112.89647615321422,50.013724961698074,0.7395240875288457,0.00044130223202283603,1.1118544980419348e-07
4.12963720798117,0.0018814372767325845,0.17535250975759048,2.2235342452996735e-07,1.1899927771425266e-13
271.72552180224847,3.0410879829101964,0.18419336216122018,2.773502143184541e-06,1.7626066012849607e-11
194.7815333396395,12.180935456420164,0.21935993713108226,1.846127706858802e-05,6.557782573256191e-10
57.21511623514787,0.02565850273572626,0.35090974026990024,4.4496644249801604e-07,2.3813748484547447e-13
81.91063015567518,24.4493419668205,0.3276709522726465,0.00013170515801025543,2.2348249673475806e-08
18.18694279180324,4.9697491066423165,0.004382662787013493,1.6036870965017484e-06,2.477236447277692e-10
144.47414048167752,234.93214871883512,7.1679884819207,0.015733560359554463,1.459529677857195e-05
184.09707324081398,5.168864628519187,0.7379990955436316,2.8001027483968543e-05,4.484051430690196e-10
301.75134917106243,20.967571519185764,0.004709010109327476,4.3869285934770095e-07,1.7249827725415175e-11
198.94547383876952,21.435301498302092,0.4605460027548326,6.686046781698576e-05,4.097066166322846e-09
229.4410034622524,3.0446793074630176,0.18500221408113318,3.3038397142593216e-06,2.4901993654958326e-11
204.20639451324925,41.80936984633391,0.027639268004372237,7.5807862315511856e-06,8.776951223207299e-10
7.961461320519447e-10,3.5441286916294573e-13,1.086075581310669e-18,1.3804375820435219e-24,7.405291634854927e-31
7.961461320519447e-10,3.5441286916294573e-13,1.086075581310669e-18,1.3804375820435219e-24,7.405291634854927e-31
30.299423357728543,17.494793311437565,0.3597794725937882,0.0006733575403273802,0.09293464109323994
121.97046932570231,9.17293412840158,0.21712793887894136,2.1995699144915974e-05,9.404923444581937e-10
172.09216822741706,11.32153247206447,0.5996131429328659,5.325300533993745e-05,1.9962236272836876e-09
210.82267603412603,4.126718059502059,0.7285628150316317,3.7027182158796425e-05,0.09266026867294266
226.22925019139979,60.650655083857394,2.619716346159115,0.0009513303555414713,1.458390896441995e-07
7.961461320519447e-10,3.5441286916294573e-13,1.086075581310669e-18,1.3804375820435219e-24,7.405291634854927e-31
255.1888301030943,18.338479260099295,0.4322566161920617,4.183810439787998e-05,1.7092145237619087e-09
65.912484516271,1.046299180580215,0.3616812666682701,0.26059765585704847,2.3686223975564997e-06
50.14229752574879,13.346952451677035,0.2766976555752558,9.935608194096983e-05,1.5060793435420127e-08
7.961461320519447e-10,3.5441286916294573e-13,1.086075581310669e-18,1.3804375820435219e-24,7.405291634854927e-31
7.961461320519447e-10,3.5441286916294573e-13,1.086075581310669e-18,1.3804375820435219e-24,7.405291634854927e-31
43.201118728281386,10.76006183020535,1.0603799396228077,0.0003599974590173125,5.159368464399229e-08
56.922789277610484,11.432273729582246,0.4603399979044273,0.00012506847081066185,1.4343594426365784e-08
199.4856886040985,19.26793515029501,0.24633531748133336,3.201212226704424e-05,1.7559225313632304e-09
316.79014436308285,157.95735749908442,4.358245657424568,0.5960838582480988,0.00016975480438253464
7.961461320519447e-10,3.5441286916294573e-13,1.086075581310669e-18,1.3804375820435219e-24,7.405291634854927e-31
148.53897590328722,0.0664581781366537,0.5265209369948307,6.676478916062963e-07,3.5731231500725193e-13
7.961461320519447e-10,3.5441286916294573e-13,1.086075581310669e-18,1.3804375820435219e-24,7.405291634854927e-31
7.961461320519447e-10,3.5441286916294573e-13,1.086075581310669e-18,1.3804375820435219e-24,7.405291634854927e-31
7.961461320519447e-10,3.5441286916294573e-13,1.086075581310669e-18,1.3804375820435219e-24,7.405291634854927e-31
7.961461320519447e-10,3.5441286916294573e-13,1.086075581310669e-18,1.3804375820435219e-24,7.405291634854927e-31
7.961461320519447e-10,3.5441286916294573e-13,1.086075581310669e-18,1.3804375820435219e-24,7.405291634854927e-31
248.02851883197542,24.95047711082419,0.00901024433373127,0.25885849085290324,1.4734313235378504e-05
168.63494511308355,11.378678261409197,0.7873043937856711,7.179654504591982e-05,2.763485207528474e-09
7.961461320519447e-10,3.5441286916294573e-13,1.086075581310669e-18,1.3804375820435219e-24,7.405291634854927e-31
7.961461320519447e-10,3.5441286916294573e-13,1.086075581310669e-18,1.3804375820435219e-24,7.405291634854927e-31
182.72286204992102,15.227157365838378,0.233093794770775,2.6141292448126113e-05,1.237433115887178e-09
7.961461320519447e-10,3.5441286916294573e-13,1.086075581310669e-18,1.3804375820435219e-24,7.405291634854927e-31
7.961461320519447e-10,3.5441286916294573e-13,1.086075581310669e-18,1.3804375820435219e-24,7.405291634854927e-31
7.961461320519447e-10,3.5441286916294573e-13,1.086075581310669e-18,1.3804375820435219e-24,7.405291634854927e-31
7.961461320519447e-10,3.5441286916294573e-13,1.086075581310669e-18,1.3804375820435219e-24,7.405291634854927e-31
7.961461320519447e-10,3.5441286916294573e-13,1.086075581310669e-18,1.3804375820435219e-24,7.405291634854927e-31
7.961461320519447e-10,3.5441286916294573e-13,1.086075581310669e-18,1.3804375820435219e-24,7.405291634854927e-31
7.961461320519447e-10,3.5441286916294573e-13,1.086075581310669e-18,1.3804375820435219e-24,7.405291634854927e-31
7.961461320519447e-10,3.5441286916294573e-13,1.086075581310669e-18,1.3804375820435219e-24,7.405291634854927e-31
7.961461320519447e-10,3.5441286916294573e-13,1.086075581310669e-18,1.3804375820435219e-24,7.405291634854927e-31
7.961461320519447e-10,3.5441286916294573e-13,1.086075581310669e-18,1.3804375820435219e-24,7.405291634854927e-31
7.961461320519447e-10,3.5441286916294573e-13,1.086075581310669e-18,1.3804375820435219e-24,7.405291634854927e-31
7.961461320519447e-10,3.5441286916294573e-13,1.086075581310669e-18,1.3804375820435219e-24,7.405291634854927e-31
7.961461320519447e-10,3.5441286916294573e-13,1.086075581310669e-18,1.3804375820435219e-24,7.405291634854927e-31
7.961461320519447e-10,3.5441286916294573e-13,1.086075581310669e-18,1.3804375820435219e-24,7.405291634854927e-31
7.961461320519447e-10,3.5441286916294573e-13,1.086075581310669e-18,1.3804375820435219e-24,7.405291634854927e-31
7.961461320519447e-10,3.5441286916294573e-13,1.086075581310669e-18,1.3804375820435219e-24,7.405291634854927e-31
7.961461320519447e-10,3.5441286916294573e-13,1.086075581310669e-18,1.3804375820435219e-24,7.405291634854927e-31
7.961461320519447e-10,3.5441286916294573e-13,1.086075581310669e-18,1.3804375820435219e-24,7.405291634854927e-31
7.961461320519447e-10,3.5441286916294573e-13,1.086075581310669e-18,1.3804375820435219e-24,7.405291634854927e-31
7.961461320519447e-10,3.5441286916294573e-13,1.086075581310669e-18,1.3804375820435219e-24,7.405291634854927e-31
7.961461320519447e-10,3.5441286916294573e-13,1.086075581310669e-18,1.3804375820435219e-24,7.405291634854927e-31
7.961461320519447e-10,3.5441286916294573e-13,1.086075581310669e-18,1.3804375820435219e-24,7.405291634854927e-31
7.961461320519447e-10,3.5441286916294573e-13,1.086075581310669e-18,1.3804375820435219e-24,7.405291634854927e-31
7.961461320519447e-10,3.5441286916294573e-13,1.086075581310669e-18,1.3804375820435219e-24,7.405291634854927e-31
7.961461320519447e-10,3.5441286916294573e-13,1.086075581310669e-18,1.3804375820435219e-24,7.405291634854927e-31
7.961461320519447e-10,3.5441286916294573e-13,1.086075581310669e-18,1.3804375820435219e-24,7.405291634854927e-31
7.961461320519447e-10,3.5441286916294573e-13,1.086075581310669e-18,1.3804375820435219e-24,7.405291634854927e-31
61.111894325663386,224.14944867376198,23.294214760830673,0.72300440868864,0.0015495032885613905
80.77296233138179,353.3935077445344,21.76574005787078,0.12858757275301494,0.0003217939681747769
45.24571585645566,15.119373941287177,1.3317479613467074,0.0006070279634368837,1.1681151711573193e-07
47.253681520235524,16.377898015678035,1.7436519320669654,0.000826291479168557,1.65311056035886e-07
907.3101924179725,3125.8262099776766,282.9271451909515,1.3380078560866546,0.0026784228236791286
723.8625439857452,4186.106992895237,679.8198036644253,5.492231776986989,0.018820967043004025
28.263196906922175,14.826569328964762,0.02505432571793766,1.7573606762243703e-05,5.204693363916693e-09
327.05784587427246,224.99033773146195,3.8562955750950523,0.003574240595792721,1.3989869862044817e-06
61.97808985708657,40.2022060949705,2.8237563316861927,0.002501027068954793,9.354379174786354e-07
25.678363563136042,16.809679337156506,0.6102642899844117,0.0005415053267867689,2.029052786932981e-07
10.591718147343222,59.91949479451627,6.519727901500629,0.050539339693891634,0.00016614202484219618
68.0936815513726,111.01071178222162,9.141656713666672,0.020467989131904712,1.9368386931084048e-05
557.5938606645077,116.47704656886408,3.206225244457092,0.0009043502415584334,1.0767703625848698e-07
37.4688124303642,34.02554126349835,2.476627615560831,0.003076884309965646,1.6145910751373139e-06
137.43887406330475,72.16094101902344,4.737465610447557,0.003390320263853908,1.0244605671525516e-06
60.79530028731679,22.09609671102687,0.9980176292973268,0.0004919634357497242,1.0238296122337295e-07
323.5256630601972,269.9357298330787,6.6586339071633605,0.0075032555325600025,3.570954509634332e-06
608.1537518284867,1655.2119503860556,104.22543589147566,0.3863515206404583,0.0006058336193109815
297.7190382180077,2358.661112616273,345.26378131301846,3.7656239492294032,0.017451153766499902
32.201622968180835,2.1348341271894844,0.3814613498195506,0.26697289117979023,0.09460099839871983
91.04864859714473,63.026375143695155,0.14036400063707502,0.000129786804227483,5.067819859907579e-08
269.9426874453371,140.31770460368372,3.9845861207804965,0.002801150162485638,8.314689673169207e-07
560.6992253182477,452.1675253000747,8.753385689817542,0.009515404127073945,4.368554266498128e-06
352.67753303129206,366.70067759640784,8.61757959330559,0.012088205489205106,7.162790513758949e-06
292.1232137614202,274.82630519764405,6.15825794581602,0.010031242646006758,0.09406493603701084
52.31622394494382,32.56752842297665,0.4552926370385703,0.0003814716521725208,1.3496666113638806e-07
58.502849523964365,30.878801909932708,3.029534972875921,0.0021906152469671337,6.688336293001776e-07
274.4189669562133,225.88715016489695,6.5168293196606335,0.007255325770530988,3.411487994186278e-06
152.92447573552917,35.81319469046806,0.027074674742156968,8.49252425453385e-06,1.1245081523746458e-09
50.19562824146098,0.02229244490401812,6.815274942924787e-08,8.642019009408602e-14,4.625042417432453e-20
22.327900787882335,5.221831908904052,0.2320317385975331,7.348565490102961e-05,9.824508222192831e-09
31.195875886900723,0.013984241125846494,0.17546246655464176,7.108255838091516e-07,0.0926482692164103
23.22066476460308,1.99616692141408,0.0005545585778496369,6.390838713123803e-08,3.1086186636051623e-12
41.280201904004976,16.677256869514405,0.5476763761974675,0.0002994573844058312,6.912906850149976e-08
246.0690318919065,219.40738654030278,3.316219798882402,0.006863991078152762,0.27991326970472347
357.858163262223,633.6123091973425,36.40684190371956,0.10529833934894181,0.2889795517257016
35.08149868141722,7.73126738718067,1.3981991995979834,0.0004223830291545393,5.386330987800191e-08
14.144374391926164,5.2714037606624435,0.24864318482046976,0.00012573440774517488,2.6843267500616863e-08
313.40584269975415,194.60416227781536,8.303698969442156,0.006999397252348138,2.491401007398205e-06
1000.8271381049883,1013.9274094754055,28.64374188242653,0.039224221384985686,2.2688921904013616e-05
35.33516792526776,21.874974433361157,0.6433355574470786,0.0013478642623989305,0.18589069769102667
67.94358631535498,8.595074205031397,1.362813711414411,0.0005211667691071571,0.27814905871895923
210.1154098666452,232.31420501160076,5.863987891742697,0.011297367857730625,0.0942796499459557
428.72475883441274,181.53906190222602,2.5812552926973114,0.0014720618009017499,3.5443947118289906e-07
36.36355557440312,9.561624727143407,0.6655286615833605,0.00046910740500272403,0.09280992443019975
56.46178441385318,13.332055452337464,0.2701996781383231,0.00022989556337642237,0.09275494614755488
44.21444312101282,0.01979060443260137,0.1754950264414606,2.225341409209387e-07,1.190959936521438e-13
466.8424978078224,269.4765461792362,11.507096478503307,0.009015697752599047,2.9827095564928967e-06
446.96511939460083,719.0490337270307,36.74175341951361,0.08042475603478744,7.44002184125563e-05
28.18395252534871,0.012691489147975948,0.35081170392998695,1.0782291004333755e-06,0.09264835618091978
410.24715087383964,666.213939584944,29.969439040508192,0.06607591564765225,6.15696382224432e-05
16.091108557627777,7.515256747808139,0.48874629689166715,0.00031093245706221895,8.351937413780972e-08
360.2634977150189,208.11143499090062,9.848761983168433,0.013009477010954578,0.7447628388758659
129.60658271269745,78.76508373388955,2.016478224831927,0.003552320049927735,0.3719442116882223
85.44139143389266,36.65049039922872,0.05074889183250213,0.00017683694062316986,0.09277394678404288
190.66262954212155,199.87203762091755,7.273484849450604,0.010334657861830496,6.202951857312982e-06
51.32402184671171,114.18977044508156,5.842538054080637,0.02280349427735723,0.0959631648079463
50.16937537566579,6.642285593442818,1.8982941442735286,0.0007538589935380382,0.37088431058285026
92.88040203582486,5.204608790271622,0.5715194241985031,8.941483825698047e-05,0.09268046480954646
238.63624336141743,241.45216574088897,9.153149540339168,0.012559308539394262,7.279416800995805e-06
285.44040710692803,309.3233734189088,9.307447664343256,0.020177069498804018,0.3749072210717318
45.245510832180486,12.930721890667764,0.013784481940098915,0.26003611526565584,4.202048978738114e-05
36.46780804027663,45.17703349115551,2.3543499254500104,0.003971757989759732,2.8308352218913127e-06
26.478864489191526,7.27437354408365,0.24925791051187107,9.262560783631549e-05,1.4530513500443595e-08
55.95662308354658,14.911488400586965,0.012824518815398901,4.5765148930183195e-06,6.894336931120688e-10
55.264778449343176,12.31365168306121,0.26318274476473097,7.909930152141622e-05,1.0035445064688209e-08
43.23481285567161,7.9674993594866015,0.004750897427189621,3.9259721366102504e-05,0.0926868384700965
48.89307990989556,33.363707864652454,0.9951377252235724,0.0027800040838890545,0.46465785949959243
64.24681847061389,61.55697706711994,1.8874357347241748,0.0037628566565391986,0.09352380544651404
259.4928030406207,584.1856363239107,25.80605700278648,0.07866869601815746,0.0001014068681191481
86.71301603135227,96.83336602843201,2.3334165012671555,0.003515235776551161,2.2371151192175304e-06
470.37602470587166,277.58163618562844,7.009399654465925,0.005589500875010742,1.882118653218459e-06
296.1141521429734,342.59691899356085,10.414522865289005,0.022573157826280582,0.2820313653650201
140.59570748457963,126.46393695153075,0.3658098727212121,0.0010483164668763144,0.0930921711137011
286.1883723565332,388.59173229267986,14.85705160459444,0.027341673003873086,2.1260754695755603e-05
46.30181468523924,9.500329623478528,0.6477931403464684,0.00018042390481382226,2.1212637387079667e-08
304.3958219133959,432.16195366510004,18.849843083148208,0.036335217420838735,2.95959526414836e-05
212.17708447329522,326.2401006975052,9.301969009949781,0.025651224683717628,0.18940089553148565
293.3203614992356,213.07751204262684,6.662492265599292,0.006551477004165201,2.7206537325688016e-06
66.42027673588603,25.38220161801761,3.0448582680322445,0.002254297764789874,0.09307816656942948
246.59387956608217,277.6681999592257,10.128877123818569,0.01545702555249638,9.964774292640792e-06
27.967790485438126,44.32748228420116,0.7994128285664903,0.0017000030026803846,1.527798681698014e-06
87.50906275326477,108.6374676767018,4.20251080205198,0.00707424302137664,5.031183768886401e-06
116.71381501073925,518.1888951732119,31.84422246323065,0.1908268093264217,0.00048442244773484993
27.969557700589665,3.9874752751820375,0.001840844618224467,2.6543915157612153e-05,0.09267606161611797
47.65079259024393,23.83609101037325,0.6222010321173801,0.00042066075236369733,1.2008327872047946e-07
352.3875383362003,267.8460134898893,7.208419465177947,0.007406489290473131,3.2138685941092953e-06
233.11891687930193,141.63250275436104,5.991182993632998,0.004940676926012536,1.7204790266258066e-06
192.6247554396669,52.38964411989478,1.107407969574487,0.00040635372828087975,6.29458894886468e-08
39.18955355341975,0.01740452294371463,5.320933151234469e-08,6.747138717932156e-14,3.610938917487123e-20
230.76246063730295,196.0568447835847,8.2410841588269,0.00950714257240154,4.632258842374762e-06
201.65355231167388,104.78760700179471,2.811428538228587,0.0035501369241617065,0.27902674698856905
25.20982266640142,1.045627980146783,0.1853793601734351,1.0416097722277505e-05,2.4701997518043925e-10
256.02270035074565,147.83602216649837,6.203726663369187,0.004861442676540018,1.6086284838795095e-06
493.77156328215847,252.17087985004719,7.736956073271052,0.005346867270185759,1.560206082030527e-06
155.4066949040896,146.5303569760187,1.9401060849015928,0.002457486059622216,1.314813285207386e-06
51.81202766672905,228.28648018740068,18.922264705844572,0.1555244090479677,0.49071963957852927
270.5563632094461,308.05463894880097,10.509600683498663,0.01620354034589702,1.0553943219724168e-05
319.7346261070711,699.0572452017867,33.35955293189419,0.09893742306892364,0.00012406917833519764
314.2454478180121,232.5579966339663,3.725879559288092,0.003712682928868409,1.5623630921225017e-06
61.93010003228615,17.188267587953334,1.519095709081534,0.0005744742153353885,9.1711853636069e-08
30.21544644859331,0.013733015816711441,1.0521543001231424,1.33417030694187e-06,7.140222967534642e-13
298.17853209888125,207.89246472314144,6.545026417805292,0.006177450351619657,2.4622270201560193e-06
453.1345712856737,750.3867577160916,49.50103459204297,0.11205925980987436,0.00010721508076299919
46.944879583053584,9.95300395472641,0.006813109773336135,1.934977772617426e-06,2.3198019047132966e-10
341.7145327468304,244.0296740537621,5.886694282185008,0.005677915745521643,2.3127725124299577e-06
289.0325287140727,218.88424068141336,8.77974658101589,0.36306159094445384,0.00015763378317871696
397.48361115788987,258.5946683681388,5.56884674958056,0.004889599917894376,1.8129454223443986e-06
19.94725765772699,13.118161203741803,1.0105569949396198,0.0009086419306639883,3.450116323779822e-07
526.1417664839854,1069.3318283160754,50.44815733980976,0.13913386752767665,0.00016222866376714863
47.05290847344932,24.33879306411644,2.5333889736542314,0.001796458752683994,5.378866217914753e-07
74.92591539800218,48.56990292725974,0.5441143644088741,0.0004741007857800437,1.744426640899276e-07
434.61515777115665,126.13689749973452,11.713067056677582,0.004635459511680174,7.744425168461964e-07
28.831718406168164,8.444968126251466,0.4649173329109604,0.00018483743641003526,3.102264729847666e-08
240.7784053380526,130.23144772422074,1.7285457426112103,0.001258355851328321,3.868024715063329e-07
56.20250419938728,44.22545958741218,0.11207785860523432,0.0004640261393980018,0.09292431461351919
307.81241546280614,510.3512203618867,24.536284024327237,0.05528801331926543,5.26532312780947e-05
315.2908403655429,225.55029674625206,6.24863706553307,0.006044456642712258,2.4692012685673142e-06
9.161269907549702,10.511229116329176,0.3800101092043069,0.0005908076212419612,3.8804458854444937e-07
268.7020077247412,224.59223746215133,7.776208748096465,0.00880675259798119,4.212454126283056e-06
266.6940980968029,242.27202570093127,6.869085640280601,0.008437077743667153,4.3770581688719584e-06
62.458813749805806,45.931320915847714,2.2977757622763173,0.002298606957394332,9.710864537406793e-07
85.9179008827978,43.705094272114586,3.618693307110229,0.31110994261199193,9.141028317255929e-05
25.848903500359416,20.19159617224176,0.9057157622025852,0.000961301303743634,4.309030641280521e-07
18.346695754018278,5.612094178371789,1.022694324240714,0.000430254129307384,7.641615138683046e-08
82.78478048161156,88.06567292886692,3.0116198490894743,0.0043390353573088845,2.6408291188617706e-06
16.200861930715295,0.007194985592186776,2.1996602540575038e-08,2.789250013976332e-14,1.4927529797631643e-20
242.28731047879094,116.0816588678314,3.058329757579977,0.001980478115181144,5.414987101000075e-07
621.54100945835,454.3212667939063,20.17742487402138,0.02003588088194629,8.402050234322997e-06
513.0191235514632,247.909630374444,7.609800411049202,0.004975853628111752,1.3737422530836057e-06
10.215287084888788,2.140142114441318,0.20878675988535011,5.955330850429517e-05,7.170566823660614e-09
35.421068665163496,10.83650796921367,1.0821991178624968,0.00045195634223227566,7.968303793374087e-08
361.0304124003099,1107.1019903078968,82.01930633413535,0.34359451216034126,0.00060907069142894
288.08737600618747,155.6420147590818,5.057414704881818,0.0036992688770745887,1.142529258494049e-06
328.49890029057144,192.90764001501816,7.742093040027144,0.0061675838081173984,2.074690335408473e-06
239.81184495547652,138.72820255657783,1.5240046357093406,0.0011852875393404693,3.892580868963636e-07
27.331478534936743,8.934920590682985,0.009422691709841495,4.123547950572137e-06,7.618203255356779e-10
398.25094155793727,96.94524840149742,2.562362585957249,0.0008423078636273592,1.1688463344321598e-07
91.62393293154184,49.48721183149853,1.9681035366710005,0.002855064512459403,0.2789354438356332
61.402656488434005,41.44628424204309,1.0539234120714593,0.0016782559722946346,0.0931379943529496
413.95069284081586,555.4014628871621,22.759101399893922,0.0414290704341842,3.186478914186434e-05
28.355118391520964,2.9929693910006203,0.0010207986183326742,1.444275667693374e-07,8.625142931965462e-12
31.053535981579902,36.64452102148863,0.6545414876996668,0.2912691009429978,0.00019542984574013673
25.103245696462725,15.488052540419774,0.35402747322259503,0.0009386878812998623,0.18579085957632555
59.28272005858289,0.026328124917753284,8.049068230008973e-08,1.0206514224929054e-13,5.462330176898674e-20
279.13627474713303,225.1812362097499,6.721560603439756,0.007336331723923198,3.381803012876075e-06
164.8217027291416,181.0123526258968,5.345279224816803,0.007936742933878112,4.978289011973089e-06
24.223130964198994,3.985399865024492,0.0021178303496269166,4.668956961991311e-07,4.3448610549936685e-11
300.48814063442205,767.6077332502726,47.209177574283466,0.16425726992411435,0.00024172608745511086
45.879015491261654,24.96947775746452,1.7686586272931206,0.29577105956055444,9.28630545937909e-05
275.2936111340044,164.88046062787478,4.307901375278201,0.003487363047982098,1.1921024346628676e-06
215.56745705060678,197.12822107007366,7.446973492098282,0.009235571590763512,4.837801979407697e-06
527.473219530909,454.3744441470197,13.493435678845364,0.015724422623930378,7.739397695360022e-06
23.208229886245302,0.01041903475784143,0.17543847568486995,2.2246243248400178e-07,1.190576166754026e-13
127.1299754738765,374.37279742506473,27.476466192558217,0.14014997392464462,0.3896378557748635
57.4924687267347,26.723096910464587,0.04002920738937578,2.488661074829217e-05,6.532647710205784e-09
528.2075292997,737.961708924822,29.483447979289444,0.05585761107148569,4.4715914415698246e-05
25.211942115428574,5.978995543562843,0.006119257732996348,0.5174222753261375,6.941586685374888e-05
351.6420479968471,374.02188315090933,13.308682647179928,0.019180985254737656,1.1677797860916285e-05
278.5805773917526,283.35455252602475,7.247734529817731,0.009954434052771993,5.775198418833511e-06
170.42427788113204,168.75318731631464,8.012535373626669,0.01079006502310243,6.137719296297632e-06
356.53777632061775,239.500636052168,10.468664376403842,0.00955006968197285,3.679038353451132e-06
283.8288509131418,210.43104844031438,5.441546659098881,0.005451866978403077,2.3067719481056834e-06
247.5693641843227,104.47450294318006,1.7534353079699254,0.29073347711093983,6.984130158375031e-05
7.961461320519447e-10,3.5441286916294573e-13,1.086075581310669e-18,1.3804375820435219e-24,7.405291634854927e-31
197.58292075341882,280.6407588570143,8.18756964501668,0.01570260645927442,1.2725369678361134e-05
27.73255502981705,219.26117698823043,31.621021442812115,0.34389344727007076,0.0015891496221954913
14.25784145358715,3.380193008012046,0.7899144180027445,0.00048464778681271594,0.09280526454065671
225.81609593591423,141.3739920962939,3.945142821000292,0.0033401138907212693,1.1941386702831394e-06
152.14456736261954,142.92730285906606,3.12164262202172,0.003955049512093709,2.1165483005306736e-06
325.1028170097149,213.6607634734087,7.199775023001217,0.006409424612364697,2.4094935838201385e-06
24.067076162564337,3.1349069924983923,0.20714023938103243,3.654602734086201e-05,2.7216445958595213e-09
66.06614684143524,177.30047466721132,12.770005494566828,0.04684138621407146,7.268081925247086e-05
226.87143228304427,154.68080321606942,1.7131031789347835,0.0015695913160498891,6.072999268412614e-07
279.21698567743687,273.3032367115574,8.381170149599512,0.011099257440769618,6.2087770637624e-06
9.225278900558706,5.9153810830343065,0.012207718084891215,1.045913186290926e-05,3.784028839407606e-09
441.7737670408614,588.2896234016239,16.262915877607117,0.0292336163007369,2.2203239807458824e-05
215.8229023775284,228.250169723216,3.644156877054111,0.009381386882915269,0.37348734297062697
61.87450889580318,40.41893588162073,1.0358886963037832,0.0009144671843248817,3.4090060895384774e-07
46.682848856943124,35.05113524920174,0.7815758054781258,0.0007920417919466055,3.389726698221798e-07
347.2270717689369,996.24123398016,64.19456931536006,0.25085666436903536,0.0004147331685795169
433.6456927540852,358.9561007114203,12.453190922838893,0.013967595430998984,6.616544330125258e-06
36.00463703457744,86.03271477969366,2.3674290380354255,0.012894790648568523,0.18891371769921886
23.229011706211203,14.991407041362663,0.8149202031531692,0.0007158745825769907,2.655597572265049e-07
71.49369178818354,135.06138657515174,9.027095252572057,0.023311890351032854,2.54487856491619e-05
354.3448408466285,643.6709014109872,32.66584825422659,0.08068647135766098,8.424370771929423e-05
252.13608824813755,226.71649210852559,6.4472411295826815,0.007838742375523395,4.025433761964e-06
257.2140347941933,257.81659027938053,8.031032582279536,0.010892432268225073,6.2403621016058954e-06
352.7276745380966,247.3587240665258,7.607952055485577,0.007221033199683591,2.8943650555464974e-06
269.97895479151754,148.52855349049486,4.098693693133583,0.003049008070873192,9.577212333413558e-07
62.9594214801184,76.25769043129385,2.4761100434144523,0.008754171973064467,0.4665969939101737
325.72857308735394,854.7757738545274,62.04611825789038,0.2226303123468144,0.00033789668842516693
6.167319259111966,0.0027389760743283765,8.37363290074839e-09,1.0618074151388709e-14,5.6825891366532155e-21
17.2155410716493,0.9987663011975187,0.00018729993571756787,1.4569799862471004e-08,4.783642160822855e-13
69.26263206219272,301.8558137818759,27.841708395325664,0.16609934946308771,0.00041976762503321695
66.42869790886161,32.92728311456712,0.6758664442747943,0.0004520698480555209,1.2767255330834466e-07
319.3027823698596,353.2169599647487,8.98042183567928,0.01340944691227345,8.458495276768041e-06
529.1147817069417,93.8931647592741,1.582424259829635,0.00037832744055831387,3.818080270777447e-08
330.46376319920773,281.7281194045463,10.088944634622505,0.011658088739523802,5.689664250644213e-06
218.604555402003,89.18897154580377,0.11731666238578782,6.40429108054885e-05,1.4760356609567577e-08
45.7200091162229,21.493930254222754,0.3595151779451839,0.0002278042292040346,6.09458654206379e-08
390.8626726781414,327.91791528614067,9.482384761972853,0.01075971498933168,5.156512183685104e-06
354.72715808346857,132.8156553554652,4.9597199922801485,0.0025151908401697875,5.38503798629037e-07
141.50859036402227,77.14061263984475,0.9232977027192404,0.0006770646281940608,2.096443167128585e-07
300.2999361310581,159.72672250595355,1.5605110183871582,0.0011155402960024137,3.367156808505838e-07
359.0997406878327,278.2466686588663,6.823259501544938,0.007140934385294136,3.156215690402342e-06
378.8490380761785,359.64742965846824,12.95608696495507,0.016670827642916313,9.060523114247692e-06
240.9601869974073,232.98273825205465,5.936167009467367,0.3750520134071827,0.19788766694081408
281.28790552878854,110.61996678867382,1.2108186654776474,0.0006406065352315861,1.4309140274469294e-07
290.9261555583794,298.08439270124455,11.073035495399308,0.022957041485459812,0.46824917861520987
218.25906890813266,103.60687698345777,3.6470071899674394,0.004244910567890278,0.3718997674067054
327.6487407962727,122.02140101139742,2.22459559543386,0.0011171927320871061,2.368687983081122e-07
246.72435816734313,308.3248031769366,10.8436198252101,0.018351253420999702,1.312135446510294e-05
21.19648127982128,26.04122844098165,2.495738460158108,0.004221144254211524,3.0163555355315405e-06
195.46911166858644,194.54937642873332,5.027181658346335,0.006757478756791026,3.836833903723998e-06
40.10632130306225,8.482341372401272,0.6428052572403825,0.0004622019539030723,0.18549970187319298
21.204400683004938,0.00941711361146326,2.8790120916397687e-08,3.6506931022786586e-14,1.953780758024777e-20
18.116659215373822,10.417801930486426,0.3115136273035043,0.00024237392740142713,7.962901196983186e-08
35.22682174213688,1.997510865723568,0.0003661268689839948,2.783655163985741e-08,8.932806723859094e-13
273.1323751723252,216.35816748853247,6.8547431189430155,0.007350873489310769,3.329217017038184e-06
225.79027177496002,204.8768174621354,8.002132058398791,0.014232119378785485,0.28081946217064657
28.91300690349326,4.267775658226649,0.414061566003409,0.2719337934887232,0.09559611557806055
239.73657223164486,207.69610123517324,5.68921598398306,0.006662597932216233,3.2954643843852437e-06
29.123131080812765,6.506729511003499,0.8213822611584466,0.0002505717123306576,3.226775290150169e-08
290.3113890531975,45.754926189253545,2.1817782833035015,0.00046524077595934795,4.187649405860749e-08
23.207007546792198,0.010306493916868255,3.150914583100673e-08,3.99547545069295e-14,2.138301641913367e-20
57.544775298689274,10.395349690289379,0.44920425350617177,0.00010978154804219385,1.1325270000296939e-08
21.213621772769038,0.009528299289347194,0.17543223103042527,7.107570537552082e-07,0.0926482691983103
200.10067615292306,181.5716354966101,6.2878813554504225,0.007730457246338241,4.014241376228032e-06
37.9541634597634,4.301971362188975,0.7696012501483853,0.00011890464932956459,7.754281746418557e-09
136.73105006240596,156.25562862724504,5.4169670412077,0.008384132829966468,5.482048148001126e-06
48.41049069036852,33.48490521986584,0.0746538823725827,0.0003360206929471429,0.09286845010901922
64.40954539400875,46.124836510194044,2.5093811332611837,0.002446795241267937,1.0075299293982771e-06
17.2155410716493,0.9987663011975187,0.00018729993571756787,1.4569799862471004e-08,4.783642160822855e-13
44.9286406328815,4.150379772222899,0.21042269591845592,0.2667709289409791,0.09494633421110282
176.80306649663075,119.49100527023292,4.087348855400538,0.003742401469612059,1.4470130661081822e-06
61.68129958257328,3.1529291473085466,0.5596250071090418,3.879832382621682e-05,1.1353132109661655e-09
226.10415340287406,195.29344224913726,6.080996095512082,0.007108783452260682,3.5099192230724154e-06
55.0724316768577,78.6523287923932,1.7632750402375044,0.006189808626357503,0.18723135237243127
46.13938448406993,38.39164331639717,1.8170175741141839,0.0020557764699126093,9.823445850514907e-07
227.54558054679399,0.10105555992030318,3.089483582143732e-07,3.9175786846075237e-13,2.0966127903922498e-19
23.336551931363935,15.762453872318995,0.03425703493062257,3.091053872598015e-05,1.1778045483811937e-08
67.83211761264387,21.882138433460664,0.7687799509292887,0.0007877829322349587,0.18562399344459482
163.69875368620154,65.56689398506603,3.247114589501302,0.0017658566799344379,4.054405276584834e-07
72.66450279653705,25.134250734909216,1.0110221950545315,0.0004738150918406363,9.374558747027929e-08
25.71590757111444,27.29386733160869,1.776760136596421,0.0025766473931923806,1.5784752571471812e-06
59.78145176950718,49.90849009711591,2.1789891667296897,0.0036989890695721295,0.0934599845516734
13.198117151162629,0.006008232348450034,0.5260635763405773,6.67067941494039e-07,3.5700193685762463e-13
68.50812148912695,2.9971788404618622,0.0004238916565098307,2.486739417551894e-08,6.157291468294343e-13
66.01595600795243,35.978183582017294,0.7126123457084804,0.0005239288122064712,1.6265084775621992e-07
29.789272182902444,12.20491407734838,1.5270743447118214,0.0008583195104107134,2.0368382425236858e-07
82.47651085245447,72.9925664043086,2.200008637553785,0.0026342599120177655,1.3322377486528657e-06
344.72402675902447,285.84846817212957,7.297322203352887,0.008174818310073622,3.8677724015183e-06
260.17210785301324,118.46599053476183,0.6990338717543599,0.0004271393327857162,1.1019776154177017e-07
44.9164691742022,12.777046232162567,0.8956758728026668,0.0008910775353868728,0.27834606004074847
27.166343591631367,3.231920082627374,0.5785397887848099,9.385213111492921e-05,6.426385574089956e-09
328.77653766123206,544.4245360788325,22.35163400856591,0.05017197732250855,4.7597340547850314e-05
284.5986552354499,164.0134867539783,1.310097974288482,0.001013604322695718,3.311376331637911e-07
323.388931717695,227.4755040128397,4.17644240352649,0.003959802201435995,1.5854867137716177e-06
291.34391820364436,270.7002162775726,6.641666736344707,0.008331829673912591,4.414767682153339e-06
48.38168495027556,209.62899334483055,19.588952057652318,0.11625408427340345,0.0002922575959270527
451.513368243895,347.9099030440553,10.161742181690432,0.015429997214431175,0.37377157711174447
38.385314394706555,12.903352623969834,0.013991589716862698,6.295774439592619e-06,1.1959692227127425e-09
62.12839653654846,7.402853386463242,0.793912773511831,0.0002411918261746895,0.09272604677535018
304.11502158985684,124.66833420832046,1.2809466103187717,0.0007062311922546115,1.6439122846434917e-07
270.93775451193665,203.33490758156356,6.877718301737052,0.006992255363194691,3.002137965558535e-06
155.412110172364,107.2422522047955,1.7600413687469105,0.0016358750904992788,6.420879506351661e-07
324.77039901825134,240.5702617034204,3.77646441876542,0.003766059572298608,1.5860769192003834e-06
55.35419850931773,121.8694450985502,8.92270721768521,0.04009204287340066,0.3793466591063739
20.3379135907501,11.846106417721073,0.022216817498111188,1.7296592857083408e-05,5.686119517797497e-09
49.232031872252385,21.77562991414125,0.5912264078947311,0.0003534998770877579,8.923866347402757e-08
224.9720291579503,155.70576117665615,4.167847517043999,0.0038995069921367153,1.5407293392954819e-06
31.95289000361601,15.033743687884344,0.9786318311040875,0.0006272198787828643,1.6973060179371313e-07
384.9700703657859,263.4758041457394,6.203779446706956,0.005733843375220856,2.2379533293095033e-06
370.8161262802516,229.54135963654977,4.787677585416259,0.003999073893706603,1.4105414821332957e-06
94.74413326871453,67.91358943150684,0.1565910714806924,0.00014991121338870053,6.060742440257313e-08
16.043069594612227,10.487650634712146,0.336928899957626,0.2754604994228882,0.00010311098506342523
52.99590499934473,572.0787638949599,93.6049595221834,1.4765102479959131,0.1605583754538898
58.19496113069816,7.192613316803631,0.22324793997739212,0.0002441826821967936,0.4634179550235073
32.236950709982814,7.956268031114294,0.006338385779676707,2.095121667105183e-06,2.92345631555311e-10
454.71236711712436,653.1085843434689,27.268276504910105,0.05313937924147005,4.375880661046853e-05
295.4383421859768,285.86529155390616,6.872985800067363,0.014061983813901236,0.3739904075505519
355.84744670643767,377.14564729487347,7.9037835930776295,0.01128813274258105,6.810200211695431e-06
390.3724190509774,347.687535827173,5.401767123460527,0.006472362598664551,3.2755098780863955e-06
359.8489566860912,489.22938379823773,12.668528453953037,0.02322898038113094,1.799672419150334e-05
395.3068322685797,333.38804649626144,12.030595405561364,0.022147897184440025,0.7468246410901143
654.1833603847468,1009.891860366669,51.38766845067209,0.10794568755941139,9.582583031045648e-05
365.644755463565,240.34387684287722,7.657903377026437,0.00681491817511932,2.561049306346335e-06
53.0813452578278,100.89052480632616,5.284856190442561,0.017866859394307138,0.09535761496422615
334.96532327301094,526.714973597613,24.636957969748828,0.0675618836785009,0.380162226744066
1536.0513283361267,16629.532065322877,2849.4049417274023,42.27590903409138,0.26717588371328266
1208.0376123051133,3644.1681773378964,262.86360769981457,1.0826515011564535,0.0018867715492977325
72.27095024833882,1107.2680460585923,205.50068744115995,4.230921914568131,0.037238039757247335
125.06529896907331,404.51974329820547,38.53013829954337,0.17146466070051816,0.0003229312973820916
44.45569658079327,29.85847546086942,2.705372023705959,0.0024904210291666487,9.68129128493477e-07
74.58836551132838,113.94066192995143,5.89362886406145,0.018702438567539906,0.282234741751801
36.552691575250144,45.83528552738976,4.889653766428475,0.012409149682204051,0.18789818967840766
36.31219597118294,7.961128658454783,0.005635064562518844,1.6548822223002712e-06,2.0515504353952903e-10
31.889321431483662,22.92906987856244,0.678411846776018,0.0012944318925529057,0.09309236940211263
21.213621772769038,0.009528299289347194,0.17543223103042527,7.107570537552082e-07,0.0926482691983103
36.27752389397453,88.423940605838,5.777232504780529,0.024852564540808277,0.09628235955532675
38.58514220872768,71.2369312786293,5.426707787699088,0.01373576447240768,1.4696556302157578e-05
73.80323185040214,1235.9089416082456,268.81297584583194,6.085600885052648,0.05897209974885301
186.69640816252146,249.3817454854807,12.121949181730068,0.022024132676951635,1.6907524591437387e-05
60.33327550065329,120.33357524524084,7.077220244269612,0.028394020898608107,0.2840000777927798
80.96251193382925,120.8269494627332,5.172093806359785,0.010475065456199308,8.965155362453764e-06
23.93001184142844,18.763480251969348,1.5498050231374514,0.0016646793096815715,7.55161707042274e-07
49.17945107561556,83.05533496523583,6.0193795887248465,0.019722958721343897,0.1890956803037469
33.383262317234156,16.87579205651577,4.230492214024773,0.6161309167354979,0.19715692801868742
59.13733864980425,60.28458561600447,2.4163900805075462,0.0033427338280385037,1.9533282979622536e-06
1.4332090400343476,57.41834584540054,38.27141290183396,2.122438573709199,0.05145144297869412
39.771798861852524,75.81598597590411,5.079398122747331,0.022123561136838592,0.376627188798092
24.97882174390282,7.5340179010324855,0.658226916274048,0.00027061580572240544,4.6968752858108494e-08
1585.4010307599754,4887.052808784413,371.659144567622,1.5661658027819434,0.0027927281762738848
50.757721091789165,84.95904536533999,6.763198502985812,0.0197282603512523,0.09533142001505973
300.49315703969853,317.6142875267861,5.593868178570636,0.007955437603761481,4.779307909905617e-06
549.4681403559475,1354.6789805384205,85.49380790214241,1.5710993907433195,0.0022344192361178406
17.381287771183636,34.34404394723592,0.7843756256013996,0.0020800301396432363,2.3318138831626946e-06
5.1529091089444865,0.002288465080145687,6.996324891965554e-09,8.871596996264007e-15,4.747908141999711e-21
34.472378256016036,10.92382371284432,0.01121045315831753,0.00019453611634767087,0.2781405300930973
51.98860573437796,70.91352406676428,7.27929167122583,0.01369624005408883,1.088894447172221e-05
29.793482981065186,14.144576915876605,1.175786275991061,0.0007625556271483654,2.0881254080231353e-07
309.37793520039764,307.29102255578664,5.672435184806112,0.007586116752987687,4.285444493344819e-06
45.79903171378687,35.74931938685937,1.2959883223239759,0.0013712755177714094,6.127734268314888e-07
36.08528044710424,1.1376165306542405,1.4348967246385105,0.26810486659870225,0.09400603433417555
7.176145430798269,0.003249419521610209,0.17537246687621405,2.2237873088957315e-07,1.1901282119135913e-13
392.5062122281286,199.6405068812076,5.7557870548228935,0.003959686898735372,1.1501895762838809e-06
60.07090308750818,11.1048355017623,2.5335305532599834,0.0009367756825103317,0.09284081427883746
43.8072241808357,55.705836752970264,1.4488919119751058,0.0024859355719457155,1.802069367343013e-06
228.2621264924852,223.63240475004142,7.1174662326103215,0.00943809720114952,5.286482708282483e-06
43.75003325455507,16.896301955302324,2.742263613404085,0.0014575403412911303,3.270713764665993e-07
46.850499394744965,76.83416324681137,6.789430821014949,0.015316313287196645,1.4603187394102256e-05
47.12024610949614,7.522186439149032,0.9976416671295387,0.00021704006520158905,1.9931123685648717e-08
46.47582177062622,28.72309180810953,1.3851615035519154,0.0022687948222427936,0.18606894650202757
513.2594790672869,251.5937062779608,5.563124041740323,0.003681549393707781,1.0286981648269152e-06
542.5848235550682,474.0241275544507,24.527696598369356,0.02917131011309364,1.4653515161700774e-05
63.188107150104045,35.569413252972005,0.4534303097470888,0.000762302851842806,0.09294872571369259
45.5484598922172,34.16765636067779,2.8161036455008226,0.0028930547172307947,1.2551857146310738e-06
34.198443441527196,8.411662526190222,0.4544979359846453,0.00015161196537454323,2.1349742107404353e-08
422.12056039912414,267.9897482363348,5.84299022400948,0.005006969921681237,1.8118093611361025e-06
55.347792445513434,41.31179727555639,0.0991651425108444,9.883695577842323e-05,4.160205689716904e-08
469.17060369546476,262.2934531820012,10.479877419278461,0.007946875487769381,2.544531910583609e-06
43.590002142940385,65.25321554515905,2.5219230972705016,0.00511549050638982,4.384845354340113e-06
73.82594723314904,50.561821158577274,0.5672295154254364,0.0005220862966817759,2.0292729407348824e-07
134.26257508810647,55.916511981239424,1.4667920299127966,0.0008255449709962503,1.9616968076189814e-07
121.1968480933729,275.8056008704988,20.298300592931486,0.0632382561918751,8.331116070535479e-05
70.13032422237939,43.53997373616216,6.180859330622468,0.3368484599944839,0.00012203690240657679
44.8475373478729,26.840525499142743,1.5735208536295502,0.0012826262465586644,4.414832664253018e-07
129.6604435429425,262.12361467039085,22.731544520076987,0.0631896026709995,7.426348955821144e-05
48.865668309163404,34.15071852583746,1.7012645227661194,0.0016171065395643599,6.491247720185732e-07
40.127388330027,6.678548001720873,1.5649697289238633,0.2772947731346609,2.6783493035218935e-05
317.2376168267364,178.42387609188643,9.725410876612811,0.007442270010792996,2.4047837720987546e-06
45.043722620568374,23.076814685743745,0.8486220451898635,0.0005891856286829747,1.7272059652151572e-07
75.88421591380386,399.84701007975997,48.47954279203441,0.3865594677886035,0.1148499911551963
298.86483083798214,271.5093115186325,22.42465904193708,0.027928121217223958,1.4691269812220103e-05
58.661717424452014,22.551850403804714,1.6279722807717079,0.0008526209634016488,1.8852697404424417e-07
93.6452914853749,174.18275034392795,18.955569560345857,0.048763102521951485,5.3027757335026437e-05
41.115281462598354,17.4502854058898,0.32903339235559,0.0001883535798370604,4.552283627935209e-08
637.0461422684637,3148.664652356858,428.9081983646785,2.9431761755140995,0.008560090137753464
44.25456151087389,5.982028760759551,0.0026122324136068588,4.7322322166329216e-07,3.618570871442611e-11
60.935672201401324,71.29435204346132,3.1585213338832903,0.008002605955428376,0.1872970278631231
7.961461320519447e-10,3.5441286916294573e-13,1.086075581310669e-18,1.3804375820435219e-24,7.405291634854927e-31
38.19850640523601,0.017107987425762666,0.17548055064139945,2.225157850746445e-07,1.1908616995612716e-13
28.683875471837368,321.72979591817045,58.71268330032309,0.9048707078722895,0.005942411248244459
38.0325290141987,43.14125518854991,0.9797400063485711,0.0014982438163478487,9.679031861696287e-07
11.141756610492891,0.9980201268239659,0.0002888983515446248,3.4690692106425955e-08,1.7582528187010957e-12
61.87429495566605,39.273638555596065,4.4560284524780025,0.0038886177769635348,1.432994321347243e-06
58.382743059931656,19.431449494376366,0.31747149145669473,0.00014240769820745826,2.6968113772724037e-08
78.25999272662148,142.4444245171468,12.496636217349222,0.03128623207628265,3.3109479446835055e-05
27.814195463823374,44.25664649465747,5.094798442990811,0.011221420344798606,1.0445443551476668e-05
64.91606409707362,121.66352208974978,7.9806845274154705,0.02043867513175147,2.2126855466275073e-05
39.40591105961577,54.8200405663348,2.829424398758419,0.005358647979210462,4.288326684754989e-06
285.26024618423963,6.139580025314833,0.5563292701727968,1.614376254066698e-05,1.9772141192294366e-10
46.46428493036991,32.50750206703145,2.121776775790417,0.0020256656524789488,8.166946592858879e-07
30.162381704502586,57.553183171514334,3.4346890833231085,0.008937534479620807,9.831355953368217e-06
40.96245425865497,45.154374161599,4.32292443786244,0.00982974492722563,0.1874628109716629
37.74170895997942,309.9153709904254,60.86272148428604,0.7002422334582816,0.003424588452603605
7.961461320519447e-10,3.5441286916294573e-13,1.086075581310669e-18,1.3804375820435219e-24,7.405291634854927e-31
542.1561168169364,942.1510239387612,108.24995572577349,0.2604865824710929,0.0002649450867320644
128.8651889556342,108.08076714519183,3.729066248861173,0.004237604985588105,2.0338240361443842e-06
32.028923403509076,10.652629700774783,0.6932986795954039,0.00031359739477178545,5.988442658757466e-08
5.2587760317516015,9.606733971166152,0.05599081537539095,0.0001357083875233439,1.39031798566969e-07
87.65572385626598,105.28776073498176,9.070058093352888,0.014964880587140716,1.043149506988047e-05
53.61744476715049,70.372238020821,3.9945519979658233,0.007149020876628639,5.405957446454572e-06
39.952042726276574,12.544555292830903,0.4974022452344901,0.00021152787753972856,3.797603465314577e-08
101.08903376734045,53.75524012181642,6.558123618163557,0.00479307320625447,1.4791508477961536e-06
106.63190362916173,44.56037382882186,3.8925603969966085,0.0022217243922834293,5.353848604694392e-07
219.69476089809922,165.2325769397701,6.988745504447632,0.007136887341862274,3.077939952067094e-06
24.29268231688438,17.163438995547516,2.321528074098315,0.002264118595212725,9.325106275303625e-07
59.60715421131469,152.0696663562944,12.965992437948326,0.045433377235500255,6.733667414738387e-05
108.83364382104723,289.3970494956009,34.065509631394356,0.12561488406847002,0.0001959403746463697
54.0952173884226,35.36172449897493,0.9980715025419611,0.0008823878695048187,3.2942941341304767e-07
30.09019380669146,284.3774823265821,47.84758620999877,0.6233781364609946,0.0034555601853920024
44.585182395013994,53.59010257029585,1.9409773939008221,0.0031608728249296497,2.1746929232437197e-06
81.05188242293536,100.13779756552444,11.227171185576001,0.019160830083419247,1.3816040905854666e-05
163.28933272292403,283.8459388762212,16.34922830672047,0.038743559508497845,3.88065332383567e-05
47.89870182393661,774.7453478775031,176.53217265574798,3.8905316858136247,0.036687656423785374
48.61415480749497,247.86272950755873,30.809747014904513,0.21705221783173004,0.0006481861450707306
58.83471086617298,60.986390360539595,3.855799683640912,0.00545826970928595,3.263945141441349e-06
111.35101380218686,112.23042180160172,8.193889147262626,0.011303506658182244,6.586792243694184e-06
39.395957045702204,10.187447073619287,2.3821648462454186,0.0008487630376970276,1.2766292160791277e-07
62.383406786362535,0.028394604117970932,2.4549691654189445,3.112991093204178e-06,1.6660129809346525e-12
55.742459703142195,25.364163118190127,2.705203752807429,0.0016864258845626274,4.438842229250272e-07
263.82313734004646,171.911134307799,6.819448534547098,0.006028441831176859,2.2504317206578134e-06
55.1577964657512,41.08143150612185,3.7559907589719086,0.0038371509442656094,1.6555223505673916e-06
23.077382517904113,38.57446551555473,1.9422091399501011,0.004415510350786331,4.242707267397371e-06
81.50741458124503,591.9415545603387,91.77867649564934,0.9235310126774675,0.003946702940892655
68.198395218455,65.64802686276624,2.682505729979583,0.00578619424069243,0.18683752494789618
62.386996741142944,83.7964201072609,2.929248277414941,0.005326360858988605,4.092231908972818e-06
27.23208207599885,49.02492605376961,1.2662457325471752,0.0030674715226852753,3.140944747329493e-06
49.72894183330298,547.5408997749292,97.66276552788771,1.4766010765226558,0.009511292688309334
15.173714835570856,4.963820067045868,0.005238369564249356,2.2939722546806027e-06,4.2409749442610584e-10
7.961461320519447e-10,3.5441286916294573e-13,1.086075581310669e-18,1.3804375820435219e-24,7.405291634854927e-31
58.451172083704776,76.45556644944311,5.742911119096064,0.010293953118358073,7.796157251877557e-06
31.094704177295704,4.228260308686907,0.40371538233104487,7.454644023002278e-05,5.810269254252097e-09
226.62317130832363,2515.7735371149947,383.66391003522057,5.779385517692856,0.037088516798551664
60.36135002783321,41.29380480601564,1.7653856718206318,0.0016398046753898397,6.432230555022116e-07
231.6759656825176,199.73714039006398,8.783925322803862,0.010288428790321533,5.089690331419585e-06
303.6367858284826,176.6913237153983,1.6940470831778442,0.00132446499587755,4.3725328646564263e-07
46.41660100019818,46.001298719186224,2.231115732974555,0.006712718456135499,0.46590496169423234
55.720313600567145,741.8315717890426,134.59929448051378,4.593208394134728,0.5121559852334652
239.1816425677055,228.24086078523325,6.846399401770924,0.008837635021464755,4.818632466412881e-06
37.78450184331476,30.587532111155127,2.156680725719991,0.0023863518257635995,1.1151867979641634e-06
294.5792601276248,316.2404148292471,5.932824166177327,0.008573579320039144,5.233811775343585e-06
10.489522612164786,16.3679031090016,1.952745279831536,0.004221280689063451,3.856471768079518e-06
46.09819611624034,1.9980740560931805,0.0002799663494736304,1.6271703848978965e-08,3.991573276164188e-13
196.32786184870412,154.14956228332795,3.803379166432027,0.004033592162091627,1.8066189665041745e-06
274.6293450906134,153.91174291611551,4.391840845546736,0.0033290467641251187,1.0655268741156404e-06
51.20566572335673,33.47137661650407,2.1064581603801638,0.001877566513984958,7.067156933192887e-07
91.43260879041473,41.578172413983886,0.06093610513330855,3.706604211125912e-05,9.519384313920155e-09
461.2592579881375,974.6286611098951,114.64016661400517,0.3358573386020238,0.00041603141213550604
286.6116687333853,182.84473603562753,4.265265208908887,0.003674576750798056,1.3368033627211244e-06
47.87287367615291,46.473974827380054,4.882653428230651,0.006528545295059859,3.6872555851888015e-06
42.723308000421866,51.40138830855943,5.397564805128737,0.011680860728934305,0.0943981942384838
55.54567220402178,38.09522503201925,4.0761358273783825,0.003842113571457809,1.5293693542053931e-06
79.04101912585064,59.676457259662165,5.091005853184316,0.005267011956511461,2.3012843295842737e-06
35.05978965777691,23.546663292199387,0.4159250089651943,0.0003764601116059044,1.4389095613760355e-07
7.961461320519447e-10,3.5441286916294573e-13,1.086075581310669e-18,1.3804375820435219e-24,7.405291634854927e-31
627.1616776976022,1954.224719813557,191.349050229349,0.821320896100132,0.0014918270479619626
27.550881620427443,9.920402806289287,0.011520556733067167,5.5520106631516526e-06,1.1295992994657339e-09
29.53776839389271,16.787215734035133,0.030722880216218103,2.3340427370251747e-05,7.487336381849522e-09
68.31708173613384,39.90926447339652,4.010375110714397,0.003212887548226605,1.0868980608600703e-06
27175.024577092052,4058.1764226235236,57.99522754801847,2.7702144922718155,4.791940549013922
11157.532318977,7846.521933333136,337.8553414258657,12.417417451830662,15.56241169895056
9152.116715805463,6325.856936393888,243.5812589144533,5.3910275107870165,6.9114589005178155
