Fitness_Per_Cycle,Error_Fitness,Cell_Number,Error_Cell_Number,Log_Likelihood_Value,Mean_Fitness,Kappa_Value,Inference_Time
2.6119904630620083,0.0028882041788649677,188189.68267508666,1426.044157588828,-12257.025677459595,0.0,2.5,232.15112
2.4186732845463808,0.011626045915710271,55013.844890262204,696.7579247772657,-2038.2692800699624,4.424126563348334,2.5,232.84708
2.910329027980505,0.010399007489528076,18870.63417550156,283.28124403457446,-2238.845803577485,4.855303592542279,2.5,234.72757
0.2341129787546466,0.18036484690226304,1489.081752865598,264.69199987409155,-10.703969115251137,5.446217462486334,2.5,
1.5363245614374756,0.7980708227528144,36.74404697357188,34.52467376044489,-2.6644951918109774,5.596759946677183,2.5,
2.2739068267403275,0.01817126485678648,52911.918236111036,802.8696184250057,-1571.9790551115304,,,
-0.15348616594586278,0.16196452269243528,1926.058605873033,293.65663158084493,-7.524820912610172,,,
-0.08522234165181233,0.17455904661474678,1558.8303099724958,265.421338410087,-8.542531800503262,,,
0.22650505835885026,0.17047856161737465,1609.8452281544078,274.46329413830745,-8.99854226917863,,,
0.40198721423541944,0.15654401544577867,1833.240939127682,290.3198941610642,-8.81694261040831,,,
-0.08120566317115921,0.1879469767251299,1425.9443418197786,256.5750470234027,-11.731517339946187,,,
-0.45762885254570973,0.2425907293452563,1174.7501207816472,227.50067496362539,-5.323200664206171,,,
-1.4547422334030213,0.38815613104830343,1250.6016889890775,229.91416636903722,-4.249777238056421,,,
0.3656050901460134,0.14916664576475477,2020.8718563160198,304.20956577276337,-10.0297228207028,,,
-0.1594929364235904,0.1500867273422857,2256.3426422541006,316.8186573932129,-8.090208588663419,,,
-0.008135758664593234,0.20799964800921525,1216.168114047949,239.4608035632948,-12.640175114134225,,,
-0.1621328685884692,0.1649735890223771,1883.1521766067215,290.0347533976361,-8.40330984009549,,,
-0.075257311487203,0.16042464315890653,1910.478261508013,300.08191438466207,-12.730502536672773,,,
0.4172421325074752,0.205060148053357,1049.6028228645923,219.32933080443692,-6.759178429100513,,,
0.3372800524581661,0.14676295282450422,2104.1587380543665,308.7527959580548,-8.958039078810721,,,
-0.1859706846372323,0.1758891718707746,1701.9179944694542,277.2660074608357,-8.252500128797108,,,
0.29864626950700013,0.15490804139038075,1775.4175185941758,281.0669139973768,-6.731777500012136,,,
2.6917732118978828,0.06283148397203757,971.5970604190509,74.02546616888421,-82.7977552286064,,,
0.0025537343812220455,0.17322234142399912,1697.123615258775,282.58600638685107,-13.953001764591669,,,
0.18027456676034884,0.1519714965113732,2062.8456106942263,306.4977967341183,-11.901939700286587,,,
0.3368899080444792,0.16182660144869834,1844.780127159207,295.81054080954266,-11.970785733982211,,,
-1.3856120106651066,0.23464677051300914,3312.136806179316,378.479153363295,-13.014954089359028,,,
0.49551002654804877,0.1452368524243896,2135.4354825456326,317.1108579084388,-11.539610258661506,,,
-4.4933776395553595,1.8029090306122841,1244.001320074614,229.02164313232657,-4.859603432157724,,,
-1.1066506922023767,0.34609395781977675,1124.1657530384398,220.1725165574553,-4.966002344823779,,,
-0.5084902148913745,0.17932394518792052,2302.5782627733206,316.42721248656204,-10.377801255254486,,,
0.5923406999076432,0.19252967782021507,1284.1127846175498,247.1975228537546,-11.07802688674047,,,
-0.08330894803959125,0.15180393849419702,2059.026239988962,306.98835066893196,-10.899062809502793,,,
-0.304595304159843,0.18615810907342753,1745.3897312976603,279.209187873194,-11.170479226364147,,,
0.1430368828817326,0.2032400041344661,1237.0769474365054,242.19497254728213,-11.663469593859368,,,
-0.37516845616711686,0.19378731247457337,1716.9583906804476,274.6709036846328,-9.040491778863636,,,
-0.4414184403275715,0.20694293864227412,1604.475735884789,264.5447674371285,-7.534790066842817,,,
2.8237636412775267,0.027133284448420787,3761.8206907276167,134.4563015372006,-104.28007057705369,,,
-0.28972934657151356,0.1446562377683178,2822.064010137036,357.6014515875579,-13.049219521192958,,,
0.11396187842640165,0.15355956715731775,1980.1151941072217,298.4265404985201,-10.208676594446295,,,
-1.1801052382725379,0.34433458624588104,1233.9620527544068,229.65862089584053,-6.235221723906889,,,
-0.24593928900030776,0.18757079784964298,1594.249472373963,266.2261234218209,-8.065295023464142,,,
0.2638198845271408,0.0797172813589041,7386.618011227264,591.3710032106267,-33.191893483530606,,,
-0.5754593222012906,0.23564007361680164,1397.5200847477938,244.697062926873,-4.998999724298471,,,
-1.8926813105486937,0.09064129276629114,36084.736583942446,1248.3719946254828,-24.313910453978284,,,
0.5644700836525067,0.1705891082160739,1587.6544545420008,273.9181691886351,-11.69982738864317,,,
0.445307338426203,0.13119347869455353,2537.1250893894276,339.85028843411186,-10.367301977995742,,,
0.2714489379007969,0.06653907320221146,10361.140719723779,703.8202735310379,-36.32868179028851,,,
-1.3387593529382003,0.3482788185212608,1399.0212621195294,244.30256875991202,-4.8919545185921605,,,
-2.285808820534862,0.15910330792329724,17242.613255509776,845.2456248500314,-8.070382968769074,,,
-2.3370219654422657,0.15007963532137966,20386.239086291374,908.0026580549928,-8.240425306767053,,,
-0.4861784531562498,0.09105629350657192,8515.152924529666,605.22498641126,-10.642724167877716,,,
0.20680840882470117,0.07331005700169405,8685.17783827482,633.8923616179151,-32.82567170591892,,,
-1.3296901702905297,0.1857522423893012,4892.909572002517,458.02304871585727,-9.138085107680535,,,
-1.9055800139021972,0.12705355199771914,18382.437984214885,878.0228427770301,-7.1784751082954825,,,
-1.6824432450808404,0.167229131281836,8817.235372159568,616.2294906467852,-28.16870125169475,,,
2.7221150219663652,0.07144783052624917,722.6668632767983,61.412197957543526,-65.16606175821897,,,
2.474244207597313,0.05227676249843968,2032.8459572127263,127.4677696255074,-51.12491512449807,,,
2.6998139521865836,0.06769344150423477,855.8957496021951,71.563988268046,-57.196506925893175,,,
2.602691096253778,0.07304847259990684,938.9767518746454,78.1392074427235,-62.375661870141464,,,
-0.7024534395112842,0.23250798110032728,1657.855521206838,267.94392442898766,-6.78828101338647,,,
2.6253036585851457,0.0610276154114641,1112.8879750608817,85.31543492072042,-52.880354695899605,,,
2.774529491736431,0.08023788785216178,544.67286488581,50.73514619669783,-82.6463026784027,,,
-0.5123524200173841,0.21825922348942522,1559.0960540398487,261.3085430363877,-8.019674680452667,,,
2.737756645492928,0.07768639361813018,637.465902596942,57.63568615104976,-69.93107230987204,,,
2.4871252094074805,0.05378261477478037,1830.203480164281,118.10242063802308,-48.31058979150812,,,
2.7780004297640803,0.044485890808483614,1566.4932269801764,88.23923285772439,-122.05085419253061,,,
-1.4040069487632079,0.4291542845271267,1012.1419165917689,208.99895564733507,-6.748205569657335,,,
-0.17407202273706332,0.08700120506964328,6990.27008504292,567.3956380847782,-37.53039617509356,,,
2.8595530339846515,0.09010991468163336,338.64314469856686,37.70167201256544,-52.206850793426206,,,
2.8530850444947227,0.010722803970279379,20890.829218763203,286.9697499383166,-2950.3132917654025,,,
-1.229190427621271,0.3356694934250203,1367.3522011467044,242.46977487735904,-6.2987336355943295,,,
2.616910597242292,0.04779832442752955,1834.0971067614387,110.03088246515571,-59.55736263704951,,,
2.760180658617934,0.07944496986902744,565.4997224446809,53.65558365231129,-73.24469442134645,,,
2.655009226330278,0.07890989579081482,727.4772368938449,66.03878695557776,-50.530029965363795,,,
-1.3259863355037333,0.3532701963414816,1373.9092686197191,240.99249097981698,-7.712003203067303,,,
2.4911727138312476,0.053449844950130665,1804.4962588616534,119.94943713367051,-34.69351478030221,,,
-0.2900651819619637,0.18882253767748008,1620.6090078885286,264.1198481380695,-6.136527775820399,,,
2.3881633669018014,0.09664553814670514,757.7227648946619,88.0545029042379,-22.28091611386476,,,
2.43032881541064,0.057473707767523974,1699.6372006900124,122.97304757515013,-34.52072271402878,,,
2.8894955342946806,0.04853046755341673,995.9467966847858,62.424846419796914,-98.18529335273463,,,
2.507832420919988,0.05149357248284955,1851.0680017580148,118.91240102962404,-56.347973675106836,,,
-1.8506647764213335,0.5881194520161767,841.7434845551967,187.9082455897373,-5.562125171674385,,,
2.748092516720173,0.07234200119299733,695.7245474754376,57.48383181023265,-75.73894250829508,,,
2.6841835324707533,0.08377137411294314,577.6812441840074,59.90605100553709,-48.451497552155374,,,
2.5704352665096124,0.07823160710584959,825.8632231314998,76.62408364379463,-49.55416578082712,,,
2.6710842046818635,0.08298108336178302,619.0994968618332,60.658628201687264,-45.69546096415272,,,
2.4180144672847006,0.05676357474067635,1835.935263976478,128.58569859903582,-44.288325042943214,,,
-1.0292228491852349,0.37497536988914065,904.3574927737433,197.40325760587908,-6.3954515981025075,,,
2.4512060163667835,0.07287676837504921,1100.3087385281528,97.1425863763316,-27.25459603336238,,,
0.595145931881815,0.6112954998388602,177.796413210922,101.02913165241182,-7.259511518080816,,,
2.705095598262596,0.07365832036527174,680.0669433271056,64.65855239161418,-33.622481389486225,,,
-0.8766544688139709,0.30246871913806894,1176.7171068650157,225.57823150899935,-6.181892028726065,,,
-0.45594356912025025,0.20903800248945575,1595.9895739405133,265.35667469207715,-7.471601954481693,,,
-0.88039305417609,0.3120055853276706,1117.249338119801,221.07124717458322,-6.670402384877833,,,
-1.3609291430662902,0.3798179914732505,1208.6498569155635,225.84303946134787,-5.006963725268651,,,
-0.4793109326701716,0.21802843015529438,1490.5986942810302,254.09685606219193,-6.617466871094198,,,
-0.4014300756235214,0.21055837052236823,1466.1535391380278,252.76797375647936,-6.429030415303964,,,
-0.22098868895461554,0.2707557161229395,720.5940576786608,173.7368756299738,-3.879420074183168,,,
0.16372875323745106,0.1733893145721312,1373.0700396757852,242.4957674971655,-5.396470218614353,,,
-1.9062132158802563,0.4921894446764693,1241.8747675216391,229.76447086741663,-4.548368510227221,,,
-0.11425396913997164,0.1970175846244514,1239.3048620714899,232.53221003586734,-6.227721600257429,,,
-0.8574506720203022,0.261077477055875,1537.2617099818235,259.025225502571,-6.102611977794199,,,
-0.8558949997910464,0.2691779689139019,1428.387415662977,247.48269716690396,-4.883206946903684,,,
-0.17118624913154618,0.17209983543441343,1734.7676438028209,277.86751260091097,-6.985766274144966,,,
-1.693269804187535,0.4408786219903554,1243.51918846612,228.8892978985788,-4.3510138692775655,,,
2.447004877251534,0.06434103548728366,1504.2554322244216,118.10783247989909,-41.335943832575296,,,
-1.16150992343718,0.29863098342666305,1630.2683416141085,266.3681465905038,-8.608852706445102,,,
-0.37055893117067756,0.1828373973982278,1868.3814590650454,282.52500216203845,-5.147308531400138,,,
-0.39504847576056984,0.20189270229834036,1589.527121120922,263.54719497208805,-6.415321510177974,,,
2.239304195056706,0.07785807931190351,1514.4178856219803,139.56170838720234,-26.626706834400057,,,
2.551055174331821,0.04681536996098097,2055.9979227234285,121.04126476496359,-74.32090611218015,,,
2.6813461066602633,0.047739607194992054,1772.0977550209498,106.9258130177562,-28.649967246405623,,,
-1.8031459965979202,0.5129195810416032,1045.7785084933296,211.0697091138153,-5.340290163784765,,,
2.439858554246868,0.08191303984170278,797.5996630587236,81.41616868680596,-23.62490790352963,,,
2.7654470921040004,0.06299692870307129,862.1263247162819,65.07511725917392,-76.19038477490604,,,
-1.5752873495090813,0.42746340697049656,1190.5838778425468,225.5728666708935,-5.260613410407697,,,
2.623360648842225,0.057206232179091564,1359.087235993106,92.60781704532626,-76.9412398469923,,,
0.7287688521724416,0.2190970501984173,1129.8253563967476,249.45328677705257,-16.40595803074188,,,
-0.4248555232768643,0.32167351902444946,651.1487792930635,168.89153132176247,-4.832761113178519,,,
2.588175449636112,0.060158453981944186,1283.887832652668,94.20740136420653,-60.558994597903656,,,
0.04206105212932647,0.17063578776767133,1464.9595911799602,255.28267320359467,-5.5409790149636216,,,
-0.688530615244099,0.2671632594567334,1234.3257307908812,230.45886320056724,-5.653200563392647,,,
2.664896115740136,0.060757076043450056,1101.8194040708165,81.26550359441514,-59.56216533654918,,,
2.692616046986481,0.06679864012663636,911.2966164047355,72.9465972679129,-75.26032726956353,,,
-0.08392381888388824,0.16061591555703456,1792.8941173126543,278.2438088622307,-6.028681487056367,,,
2.569443347190821,0.05344993973451255,1752.3739589918703,114.37329854693093,-19.787868072156776,,,
-0.38579368215417353,0.19534017695852937,1682.9050877758357,271.45758439288625,-6.49147319740354,,,
3.371279385688623,0.06230471121066319,243.51964969883724,21.96234719472598,-24.391327083459373,,,
2.5217198940566834,0.04474148885874092,2370.9512740342107,132.682607530347,-67.3902730910603,,,
2.4381384014414658,0.054757370263117694,1988.9569231558926,131.349019667815,-41.28505863187335,,,
2.426152363785222,0.054273787713481986,2017.0460780599333,135.4323234284157,-61.84874008617315,,,
2.4479253555335103,0.05559446052829237,1858.7247559738762,127.28399156375309,-43.9739295454621,,,
2.5909205113480778,0.08191486970025523,680.2055493538172,68.45887613342764,-33.20010302062484,,,
2.7431375658691937,0.056083001612456024,1106.3379991763256,76.08124167356635,-85.9702168478868,,,
2.8522378670797286,0.07423589516898103,512.4301594301473,48.265512817638815,-88.95093685475304,,,
2.1949294851633576,0.14779649888184213,619.7059069766052,99.91120529442053,-29.783864198271985,,,
2.5359925975114916,0.055076532530781486,1631.9577177125343,109.8453013817974,-46.2775112279047,,,
-0.5608739364127007,0.2317186527090548,1471.5062549246572,256.56690954660706,-10.10944677815489,,,
-0.7883096277670887,0.24800012201142382,1618.530761891134,266.8708123378874,-9.405810670968624,,,
2.5313199555738963,0.09508772532408957,681.3528991743223,74.04813118017812,-45.936835612025945,,,
-0.45926093735108975,0.2037810017721673,1660.872481040693,267.6832647309876,-5.982417307382184,,,
2.6903917181645434,0.06388644224488906,972.2096659971372,75.86243060835034,-72.31507751752547,,,
0.851404030180229,0.1864951236332416,1472.046983025741,281.71299525470124,-18.7971750666871,,,
-0.017612797439359288,0.18874733536341592,1222.7273223676914,229.19919169329964,-5.677624151930921,,,
2.6844138807156503,0.06586425482779795,918.3426191864194,74.68654111435985,-63.28887884454657,,,
2.6331858873850624,0.09977855456139487,446.6195886378612,51.45043746005265,-35.28322268078486,,,
2.0952246573642013,0.08513272106612199,1775.227734211002,172.17586294805852,-36.96488972810795,,,
2.5888053163152875,0.07807191659320602,875.4553222781437,76.86193469786953,-60.23865835673741,,,
-0.918828114094396,0.24937691535575457,1797.8334227620821,277.20611180155834,-6.756884440807379,,,
2.69946728733228,0.06132305793217464,991.4896423224229,73.47230884479869,-76.25079025520233,,,
-0.799047648592538,0.2437889280176798,1680.3057376049685,269.89482647446573,-8.16152493940925,,,
-0.905491871189642,0.2814749356582076,1405.3088277040818,245.54504533096951,-7.1681231418974,,,
2.716949065280109,0.05806221151492197,1085.4302265195104,78.91591098926892,-103.32079384547811,,,
-0.589799530787389,0.09378082179378629,9430.243289242746,651.9792372134451,-67.51605927860635,,,
2.698503565015231,0.056583346070985,1139.7565265943813,81.69081105087551,-76.05567806531243,,,
-0.6560756011022966,0.28823993109128104,1047.3199581995243,215.10610075064707,-7.418728278064551,,,
2.204070867479272,0.08031403156985581,1553.690091356738,149.4530893897962,-18.384704501676488,,,
2.5144982015588004,0.049557820948282004,2123.4732755521663,130.6907754111397,-37.233854661855275,,,
-0.35239767408265044,0.1921493853040487,1691.211533211104,272.15617060547135,-7.510763684115922,,,
0.6354635589357244,0.17922239959643493,1476.3546142496969,268.07025830005864,-12.352807157727788,,,
0.48735733706321277,0.07871590296751038,7714.39159983521,607.6974969950681,-41.525475654258784,,,
2.7548503134128555,0.07091624473833286,710.0097960536823,61.258462455657096,-73.84333246999196,,,
-0.9314802814141688,0.24725574450915103,1857.8426527883098,283.6703921286148,-7.303921302970548,,,
0.04884124911732296,0.17954363895493372,1392.0361641309144,248.64611051204378,-6.924376266687742,,,
-0.2276438251468067,0.1665284078866088,1961.6373060292,292.6066987711543,-6.809041728796884,,,
2.5417330001951894,0.05156571115408184,1836.9168087838907,115.63209320967452,-60.10364855223543,,,
-0.5110317578726081,0.2446460949280685,1251.096064505635,236.4722382888931,-8.528676020698706,,,
-0.6459867750573847,0.2722518856549507,1174.1860797260554,231.03484314286595,-9.528012048937228,,,
-0.6204421188669452,0.2299536850187174,1547.3940315395216,258.35409642640155,-5.821415302484376,,,
2.331263605210544,0.0616258736564799,1945.763625181927,146.45533256698084,-32.4780812279301,,,
2.6968059649632914,0.062499398747106305,978.9474343282635,76.79631810228327,-61.16311029629306,,,
-0.3342912386252319,0.2019470116176363,1500.0340901861728,257.1348469244565,-6.713223694587146,,,
0.06846145104670295,0.18232096492067879,1315.623236625913,240.53497534219812,-5.941025766306724,,,
2.613605333297098,0.05555338690345643,1531.86303383187,102.4157611796716,-82.76589290323989,,,
-0.6411336124593973,0.2136664188839028,1842.8758343084648,285.4843408156482,-7.229396633710278,,,
-0.49105016941673535,0.19607133167303395,1850.999609930221,283.66255790766223,-6.399797506620185,,,
2.5089521575617644,0.05185258216846437,1846.3740041047897,118.93045041577663,-50.91389501203553,,,
1.4262301939969273,0.13826348638344138,1540.9341489169994,246.2888795596014,-11.582206083419646,,,
-0.6147714117255403,0.24851530110303252,1320.8685675368085,240.0211533963523,-5.7681376360754655,,,
-0.14811577813445193,0.21165014649492933,1109.4381843871445,218.4498878461203,-4.999704043344131,,,
-1.2498219251477711,0.3745468849239178,1118.0971362325015,218.4637681795713,-5.4705635580586245,,,
2.5612142178938715,0.06372150061876991,1282.89750093542,98.5099738179833,-63.21765423572589,,,
2.591048873527293,0.04955194138708637,1719.2920212217819,112.95079448648258,-56.60629533841218,,,
-0.26088790088989094,0.17930807786699893,1749.6247888864089,275.2194941832239,-6.418071903959887,,,
2.0980424915564773,0.09696401652080058,1293.1033710076038,146.03817690313747,-23.446061017178966,,,
-0.13873839726705584,0.18738285523472759,1420.7603615717007,251.03017801050763,-7.329559929576421,,,
0.0073610247819607295,0.19662476814298635,1127.0449400077075,221.77518233594978,-5.301909350667254,,,
0.3388932249022378,0.8362863359696847,47.56630718577374,40.08299337262325,-2.781081835968645,,,
-1.2544808814699795,0.31557916256414265,1564.3894758110787,259.08122218471885,-6.0805180493586715,,,
2.4287607525878694,0.05073744072242772,2391.3378786573035,144.73362415731407,-49.604050694179186,,,
-1.4332757508506198,0.40218768845651337,1172.7416689447398,223.36361927635244,-5.900257025666345,,,
2.4975347005975133,0.06395886012902341,1257.7916958104486,98.66591786753216,-34.327626593872566,,,
2.527627401789938,0.08211148118440677,905.1086042168578,84.65072070943417,-53.462175836641144,,,
-0.010934229131008397,0.3691044288056233,318.0263152273679,117.96995461910124,-4.057273162207757,,,
-0.7812391733853067,0.24528559171201472,1622.967463562316,265.2693867076276,-7.3474719013594445,,,
-0.49439223921624526,0.20640075357148788,1693.0571474859084,274.5127412574684,-7.086493194097474,,,
-1.4827657586128264,0.33980605940749464,1761.7216688315518,277.5337676893599,-10.721995920618319,,,
0.4823261909878605,0.39867309505457504,298.6156637765438,118.39248088016087,-5.124043872487212,,,
-1.7902794836230378,1.5049759573422372,123.59155611726511,68.23601652165782,-3.2251937366720487,,,
-0.5766437870675559,0.5597233624656277,237.7379355868333,97.84334596437627,-3.0685636108996586,,,
0.5878725588573704,0.488525170353662,138.82306902333502,70.79194291275807,-2.726824031843566,,,
-0.056732044261203866,0.4219455762658843,240.17353930026906,96.47313615090034,-3.229122519134877,,,
-1.100174502233596,0.8227641294259893,197.3760924828136,88.66876990815443,-3.0848482058843913,,,
-0.19637902685855782,0.6397948158048246,137.54394341311524,76.24602832021547,-4.352501889049611,,,
-0.004261227175702476,0.16074732427154564,1940.3369151230247,298.35478155584485,-15.222677929748087,,,
0.6608087454550541,0.28716812059193375,469.40285010087035,142.2417125387988,-4.109498119351839,,,
-1.0069833401314972,0.9323291682904091,138.76334152190566,72.41392796371639,-2.9693516033199687,,,
-0.31755586153537557,0.03373608736153857,54875.985290339304,1970.5619674957366,-385.6036211629918,,,
2.023721839506011,0.04782464219003716,7001.219534150467,392.7357813025951,-128.20856322448844,,,
-0.8942204040358481,0.768882687729822,175.6240411690175,81.40344040693412,-3.2564297786484397,,,
0.6146210575617963,0.2414167653214621,758.0987465876834,187.9084759307846,-6.625318987538333,,,
0.624168698165112,0.04176130724008912,27433.159587905524,1139.2505398038784,-162.40556643360006,,,
0.671187822690624,0.6073237429074735,121.24758200876559,74.52748648104905,-3.590930042667721,,,
-8.0,20.14229011114606,162.10042129606376,79.30433007173613,-3.187699988139825,,,
0.4081402477577406,0.04474006302511813,29112.190343349608,1284.279175843234,-179.29619315235328,,,
0.3303548754032983,0.03660463102569791,31986.43040968846,1167.2827352557053,-213.7549878917408,,,
1.7679493970880809,0.22684422254679854,493.9755757732714,126.2236773820799,-11.8710610448953,,,
2.26365599169207,0.044432887254747165,4970.33123543094,254.4867898785885,-134.06086060386048,,,
-0.04162389541582928,0.14432289976019144,2430.471896229746,336.5399084218773,-17.327730980195515,,,
0.18167499673942056,0.14941303001587275,2086.467932136029,309.84559444731207,-10.08728410208583,,,
0.2769867801639303,0.18259761112762868,1477.4683738996046,261.9395898548269,-11.703622140001135,,,
0.21691739829303106,0.1275795357438586,2734.3498538607873,351.3907618987514,-9.655955194379555,,,
0.516154881631185,0.17712723459249877,1533.782538835901,272.7129836898023,-12.452665023522378,,,
2.2534545710879943,0.06509536551279808,2786.087604132169,194.430700652399,-132.2819455985519,,,
0.014971177747975512,0.15256776126819027,2293.1393567097307,334.0832017112903,-20.374055575368068,,,
0.4325868688524211,0.14967709641950497,2148.7659227833374,321.6870085084858,-14.237064460169254,,,
0.3043795475422785,0.16589866560918318,1891.2740577802813,301.5716898321484,-17.579092704560537,,,
-0.05876566566470106,0.1322560105499337,2622.1791302150014,341.11262703254874,-9.913467053028855,,,
2.5839696262720393,0.09939119296334992,938.281042710183,77.31309902076883,-221.9774371806659,,,
2.2840871278752597,0.07353502839422604,2223.2745891963,172.59328285592125,-111.95422946144659,,,
2.4425436517163304,0.3209922646466871,96.48957350359696,33.95105766720148,-7.89567995798406,,,
-0.5626762146731575,0.17969020862199359,2451.4295434583773,329.88176163736415,-13.803900341513675,,,
-0.2656495913519014,0.1878532849284523,1645.0222630089638,271.02672231763813,-10.750557420764427,,,
0.16127683374559584,0.16482603432528942,1840.134874301148,294.49597847273606,-13.864862519788757,,,
-1.2300481664192093,0.2962301730878484,1730.9735965023142,272.09327397938335,-5.224300488827479,,,
0.3992778837100421,0.1282170104208057,2673.19752331477,348.25420322295696,-10.802461621021143,,,
0.7109821130718726,0.181516456425367,1418.1533394156734,265.29765778264715,-10.866795751157643,,,
0.26561711211197664,0.12610488955556887,2944.7338850114993,370.67885868656555,-13.791643913214925,,,
2.0302277841467813,0.05267432705281042,5801.776639355777,344.8454274160381,-120.07115278588233,,,
-0.04166800816007782,0.13161877110469827,2703.3912199584565,348.7486144036194,-11.819817765878774,,,
0.49788026609709396,0.19931575517901498,1237.8678969468128,248.48577152985936,-11.715508263056448,,,
2.2917596613772155,0.03894238133725908,6139.539186687108,272.9257387492361,-197.76615930958326,,,
0.4514805889569367,0.18635195610558322,1258.1613759638376,239.2704485366273,-7.26176068186335,,,
-0.12867641757267254,0.12983441807832702,2908.0836271917474,359.4327679432345,-8.513900997625214,,,
0.4516179066403086,0.14271034672295807,2259.9889104498375,320.45972408565916,-12.470192518655239,,,
2.1142713388774803,0.051320307154847845,5503.75660443669,332.4380464634466,-142.61527463399602,,,
1.7545813185464394,0.3700639661872071,132.96552670734724,58.698156424567394,-2.958897709570947,,,
2.4051855174839827,0.05307560801641761,2416.220442056487,155.5387303279808,-42.45413093833045,,,
2.5777185629512527,0.03532119184942518,4077.285395944224,174.07814457308723,-335.76249618275676,,,
2.631791861119309,0.05952674775247626,1267.0534924820438,90.63472689015634,-76.49072593806218,,,
2.6173791376231854,0.05709507477439253,1349.9355826373203,94.38772746141417,-71.84850920623941,,,
1.1314870381238469,0.1584917641151153,1581.2406162217565,274.1420218906659,-14.131068869838206,,,
-0.4439273776259386,0.360696996604535,528.5098914095765,148.64503258961275,-4.488250916078729,,,
-0.2344358331762964,0.17768218766699373,1763.6040042327584,282.3245126870485,-10.61129923900071,,,
2.3955796058224745,0.05559675454891278,2172.6688063448314,147.20222556598705,-36.439617822453656,,,
-0.9100184337128535,0.25877763596083087,1641.1174710586083,266.1337693378827,-5.523756766465505,,,
2.525939837392139,0.05136483698083466,1889.1568483177107,120.35741319231771,-53.34984287989587,,,
-1.1302726674297514,0.32444458208277394,1300.55287419514,236.45486351260445,-5.625200807877056,,,
-0.7977468576842727,0.705451255232552,196.16223420479608,88.33562031108296,-3.0434528361191435,,,
-3.0165188592212413,1.538183314527322,396.71155865116475,126.58846468622986,-4.042847012801207,,,
0.6759644408163852,0.3220078070847506,428.50823825541124,139.98673683103965,-5.4552566527534,,,
1.0474402618701386,0.5575416643487534,128.2251130293203,76.80232494936327,-3.8979340313229573,,,
-0.5490909071216511,0.28702748419641905,936.7438112168319,203.893211556387,-6.161170209313177,,,
0.2214412036185363,0.15043059494191363,2052.5811529906027,308.1601136369424,-10.897936819656223,,,
-1.845150431492598,0.6311755165029473,716.2184518493614,172.96955359356457,-4.5241382189160495,,,
-0.8769335514842708,0.6055346518719605,288.0630497001932,109.75031563117764,-3.3634158669206324,,,
2.0817299481852616,0.04795295423048099,5993.759935254773,328.1338049042327,-124.5143055411049,,,
0.13270054070790255,0.3312079284240863,379.64705128317297,126.965455570953,-3.729658577147972,,,
-0.856604482468241,0.32774035768100984,989.3516648996466,209.60086807080145,-6.685608217945696,,,
0.8523177602944301,0.4592912770674373,233.12099113219395,109.09088280176239,-5.797238514884704,,,
-7.997640104987177,512.1764624304056,9.778887033462524e-09,72.6818996190345,-4.0122170481980375e-10,,,
0.21217029418605268,0.040735571483917835,27680.321846243714,1151.0837359003729,-164.00115978872293,,,
-0.01933071363830676,0.16795906592682483,1740.6996592466298,281.30282282207753,-11.724512576189664,,,
1.2319140811727598,0.47477074730767127,131.406718909726,69.76748053525644,-2.917337289943221,,,
2.1413819750596534,0.04428193283140969,6339.031091610013,329.0530621908889,-121.43416293718448,,,
2.012489657622778,0.6886549191818,14.228177574844496,13.34905783379584,-1.1192741778980828,,,
1.1916340011226125,0.5572445420658453,97.13331781391982,59.38957651995865,-2.9688905330551942,,,
0.7151334003886427,0.5310484597485764,133.22605165374893,73.96009637373741,-3.5142520430445705,,,
0.22639285980493207,0.17013696865309738,1602.438131283547,270.5775713101536,-9.369568969358465,,,
1.4874305626260922,0.546978386117094,81.2752950161485,52.161994316923675,-3.01118977672551,,,
-0.36108901243707175,0.41613870095163447,366.03324294285653,124.85272936507731,-4.36764342761958,,,
-0.24082667313211892,0.12713235342286217,3432.4640541210206,389.55761357394505,-11.956285082554434,,,
-0.39062334244050423,0.4910226947746863,259.74105128729065,101.29441803504736,-3.0441410918430294,,,
-1.0598888996799138,0.3958765326325305,813.0012443375958,186.60373302041762,-4.12206434854088,,,
-0.9875149136994734,0.35873220172261344,904.6708986675701,195.92223002718606,-3.7369898008584066,,,
-8.0,25.57715738002318,100.52379575611761,60.682098613504515,-2.5168905655490392,,,
-0.6628131208757656,0.5305689128223587,304.3537885151596,113.53264153357274,-3.541898464849803,,,
-7.997640104987177,512.1764624304056,9.778887033462524e-09,72.6818996190345,-4.0122170481980375e-10,,,
-7.997640104987177,512.1764624304056,9.778887033462524e-09,72.6818996190345,-4.0122170481980375e-10,,,
-7.997640104987177,512.1764624304056,9.778887033462524e-09,72.6818996190345,-4.0122170481980375e-10,,,
-4.0546407170655,1.1247457729213013,2007.8533230822727,290.7738407581933,-4.085451810120268,,,
-7.997640104987177,512.1764624304056,9.778887033462524e-09,72.6818996190345,-4.0122170481980375e-10,,,
-2.529914150166308,0.2513982437593224,8845.055456020837,613.5579431931311,-6.796775411779993,,,
-1.5933733404485042,0.4893361555720059,920.516647971599,197.6146404700892,-4.489648157918388,,,
-2.0802566426923765,0.6234992218706066,972.6879799502965,203.75926701285061,-9.329593641498862,,,
-1.132966996198192,0.340368057020114,1181.7932485323122,223.34501512583293,-4.368560642814346,,,
-1.800824110250591,0.48795292869376367,1148.4489940955448,220.75713359387447,-5.214503086465724,,,
0.4762199222307706,0.17829158155310923,1424.9917366467384,257.44908497985085,-8.378198321493674,,,
-7.997640104987177,512.1764624304056,9.778887033462524e-09,72.6818996190345,-4.0122170481980375e-10,,,
-0.88228334455485,0.36656823890254625,789.3176523357612,182.52742929637745,-4.63297710569454,,,
-1.4039884194142915,0.4222840076116837,1014.3168212676869,207.97871940798953,-4.32143132700998,,,
2.5079028639197203,0.06547797141602409,1275.1184075316294,102.7607841292336,-37.62604494397312,,,
-0.8711955642457682,0.3904059124599526,684.9569204594768,169.43727379508965,-4.171497359009171,,,
1.7663598753379073,1.2850526441101653,4.743184233444562,8.28534260972864,-0.47068803074248244,,,
-1.0478099127537817,0.3359710171688891,1103.6007853894348,216.38999521828126,-4.18928380672041,,,
-1.3586908120972119,0.43074111619543803,929.3384127557161,198.04100017340193,-4.150424322469256,,,
-1.330807033672908,0.4014447248732573,1038.1298813583464,209.75911427344118,-4.178478588031304,,,
1.0778059993717044,0.29840406682576054,342.10907859302495,113.46101744987116,-3.5214858196260708,,,
0.35281165358153294,0.08851296087559508,6095.351974117229,535.2777942785996,-28.921083873200566,,,
-1.2303332698932428,0.4594166174035819,723.2822787166681,173.97069412311632,-4.278608125539363,,,
2.7421091863323603,0.02243764344846577,6268.480435299204,179.25843821631435,-577.4500674138166,,,
-0.9842855170872199,0.3404401571997946,1004.3356470501514,206.96789421923197,-4.4508082941344025,,,
-1.2622572832954368,0.3625182897238183,1192.6645470448957,223.98390660804165,-5.159793006277245,,,
-1.06379133609095,0.3167892038523061,1286.0552160439745,234.59588823608675,-5.323785517535303,,,
-1.0877305564095359,0.3397885485592655,1116.402171518682,218.63549382335526,-3.84833827823739,,,
-1.6702311822136164,0.49167263182741533,979.7711554286037,203.41261163030416,-4.261612140908174,,,
-2.3286905056498184,0.20601311707033673,10759.187060668331,680.0526346543692,-7.352320704235346,,,
-2.3356196507973292,0.22873355347752325,8763.876459834843,604.7702738832439,-6.104348985395402,,,
-2.171269592110768,0.6450389186536659,954.2725149510991,202.34481938435653,-4.815026055746715,,,
-0.8112487710252292,0.2859474361415972,1222.354359810498,227.74429687722312,-5.563705838961953,,,
2.4248562304313266,0.06694587268705816,1378.5537831630788,113.28518517233175,-30.43662568632232,,,
-0.7599037212210155,0.31272748173683773,977.1333615185969,205.31560140433632,-5.808590420811369,,,
1.8679275492546246,0.21924770347356326,513.2156807355367,125.04403721708442,-16.983434062030312,,,
2.7075527275109796,0.07363006064419003,689.1735601745786,61.4328943089591,-68.11141431126788,,,
2.271312024885526,0.1660003045995722,437.14473218697094,77.60602033434131,-28.20318562444028,,,
-0.8192763221510637,0.33766101106980007,896.7401847090284,196.4994724766029,-6.161384399568398,,,
-1.1268110426220532,0.458742739387399,673.187087590246,169.16403822552846,-6.199091481241709,,,
-0.6844970714051064,0.28520721962633583,1091.451013694048,217.94722170118132,-6.590323783401545,,,
-0.8427184330733597,0.311134648345092,1076.6558900731463,214.59167296363302,-6.099962329310943,,,
-0.5610111340576085,0.23856976199475596,1347.4561812730321,241.84335735387316,-5.401928882806887,,,
-0.19162232791747344,0.2776831797692269,679.5716480318962,173.02864230285624,-4.549099080238181,,,
-0.8760424973571955,0.3763477878721023,753.7960380286268,181.02134810311776,-4.629006723291965,,,
-0.837007754776699,0.38695885865956636,702.6291206339749,174.66839298591475,-6.359109458268934,,,
-1.023650111211497,0.40919565862784474,742.4932401169424,180.37680578961303,-4.831808600210306,,,
-0.1931543603316581,0.09192058661661195,6427.207719176676,546.0462429464658,-40.4291304197912,,,
1.4069871716400866,0.27350819108301283,674.3223125261633,209.54263318168992,-19.330276606752733,,,
-1.285139970581411,0.39219319661534296,1058.831041754747,210.53893754358614,-5.489499571543568,,,
-0.9879114044281005,0.42163361830659274,671.4440711881267,170.02613416179364,-4.293197903761932,,,
-0.9166657868506568,0.4391246706723527,581.4913643373826,156.84643812453584,-4.6044096172105835,,,
-0.8666106831045257,0.30586205910017233,1136.9811815470675,221.48203841898172,-5.9025792573924765,,,
-0.7373219118655187,0.2845680824207033,1136.234779598424,220.35532665472599,-4.873825081917932,,,
-1.9557581751106092,0.549332409773625,1050.9016291482183,211.51641785300973,-4.503305340127225,,,
-0.10765959404864105,0.2531725557170483,763.132434364126,184.59572629118492,-7.671462182341802,,,
-0.3271931456353137,0.2331347032856929,1110.2526788796145,218.7834915994032,-5.618572961361978,,,
-1.0707357278349836,0.3561661328197783,1018.9975485078228,208.22071244311334,-4.5443423257052435,,,
-0.1904982973901459,0.2500257916007619,825.07444897489,187.96031056088353,-4.046414026377973,,,
-0.19211892775299605,0.21779255336657663,1116.029949597851,220.88464466631098,-6.957111798182716,,,
-0.9731533411846641,0.30106237483517895,1288.299902642461,234.7492674489654,-4.748518550647358,,,
0.3075759055614689,0.06634246512130022,11372.215965642365,731.5625937225938,-66.28491592418632,,,
0.3575408376391696,0.0740357860420837,9207.580717026956,676.1680606473179,-60.50928725102579,,,
-0.5633477498080821,0.4509731792748922,377.41900760276195,125.62030470827057,-3.5730281869631595,,,
2.1689228545093204,0.06575631171875031,2714.6128983288386,207.24270470837683,-62.46033951171,,,
0.3788093874901128,0.06573071173384183,11192.197166964681,730.4980886620735,-61.493938583514996,,,
0.37250258335882214,0.05784398666388292,14522.461369650266,830.5787622982368,-84.1600501464775,,,
0.5569401957384869,0.06386896832290966,11736.727171574936,757.200579964182,-84.04961401222334,,,
0.7194919820634442,0.07103331822829466,10575.322792387593,749.8280376551315,-86.90948921224827,,,
0.4185614911001796,0.062352522247541974,12234.99524755884,773.6009014586315,-65.66550501702997,,,
0.32097320843766525,0.05870492785533169,14534.62018960948,848.2647398127923,-90.99711346485718,,,
0.4768077027025337,0.07145238681187467,9645.099744973017,686.0680776528233,-53.152099971802684,,,
0.3063923722218223,0.38946595767524783,301.5545973456138,116.22566367279217,-4.509259939983002,,,
0.4770463399964046,0.05996891115853665,12917.065755181311,785.6973235996336,-66.56131312147717,,,
0.5495362890657337,0.0625405029754503,13206.535752893464,815.1955545391046,-96.41689834533949,,,
0.7124709256347326,0.058499401298275425,15965.248211982922,928.1541821952003,-185.35932801632185,,,
-0.12807874218905058,0.20620877937411106,1188.1038743876986,231.77945805217053,-9.89685453333708,,,
-1.5221829743346216,0.4389471057264265,1045.5605689020824,209.49912251922132,-4.2833321148479895,,,
-7.997640104987177,512.1764624304056,9.778887033462524e-09,72.6818996190345,-4.0122170481980375e-10,,,
0.45849413588692006,0.19169159230073055,1354.6035766949087,257.77083331298377,-12.563817740362502,,,
4.020488469748104,0.022352211668472295,885.1139771098273,32.61519280936519,-1442.8513581299687,,,
2.8239724074856687,0.11793536365851008,241.14489573425962,37.24585996803918,-5.055158998925501,,,
4.568707039493704,0.0006535825863073742,106614.43204857071,172.2438178943512,-18230.35287828385,,,
4.360275390020891,0.014642964189257207,728.764592751605,20.33845446893204,-1354.8235485883304,,,
4.797326645259813,0.0009395007327765849,30670.66263538958,77.60137061117004,-9630.767567256698,,,
5.192788354571053,0.0014532637486354312,4963.408088771022,22.697811759425175,-24656.716968933324,,,
5.554257666721932,0.0037262964140743022,343.7690914933308,4.2607760136084325,-11959.829179636941,,,
2.670385049755355,0.0756975039014123,683.6670555766757,62.65612995577715,-56.70989795012363,,,
0.8047148284873482,0.07552393600355573,8488.645791475816,653.2039029432731,-69.0899538735759,,,
-0.11578416805541587,0.20647197471226236,1157.5721121413162,228.45993198750443,-7.841896003720898,,,
-2.816627694389748,0.527979052133972,2696.405770626523,339.20291761458225,-5.66998098543802,,,
0.3363709383278115,0.2386244332746227,879.3859231488827,204.1574300856631,-8.419121876963544,,,
0.3872199636661018,0.6754052964151338,98.08293936507633,64.38530659876885,-3.5801023376590813,,,
0.3355242936718594,0.25975249815971274,748.9506047920294,189.63424470464818,-8.636651948460198,,,
0.5040401048416995,0.06396130895680348,11601.837464421635,757.6131410977343,-71.92907708251023,,,
2.2741939090839067,0.15756666056234359,328.20750602761814,62.099114272767444,-10.20109951397141,,,
-0.12401484423951203,0.2646781634443196,681.5182802158673,169.0473907627269,-3.679333524343277,,,
-0.14019430408171768,0.22479961505060456,990.8222754407867,208.61052426530068,-6.001899182843663,,,
-0.4017148345705441,0.4444907592439175,320.08431810841074,114.12258913939978,-3.3523242232541324,,,
0.43801335900613786,0.07340870308096209,9629.263333478406,693.0426177037932,-73.05413115539096,,,
-0.45729933683616,0.22587685973358265,1360.0313193557931,243.60772116485666,-6.252694375639853,,,
0.5013274390434582,0.2555937519403463,570.755848028252,154.99959477535094,-3.7162486813924045,,,
-0.5878964424200798,0.448533189907387,394.36117211641107,129.95538581465527,-3.8369753488123415,,,
0.6357035149324005,0.2588031816322004,624.0987021237346,166.08030352357574,-4.882149107295387,,,
0.444226881525117,0.25237445001606784,685.3561236688018,175.89966364231915,-5.654181191184064,,,
0.7571430747097232,0.09350572618386946,5677.803260844901,538.4488422067411,-48.007831205677164,,,
0.2745590275062787,0.23302681627328511,799.9363994978654,187.07699291513558,-4.9314609035170704,,,
-0.3452483092175586,0.3047344987192092,670.6681991320124,170.80258315712877,-5.21073801361724,,,
-0.273966355500342,0.2684270342571135,788.4999327481121,183.0775168333229,-4.390593637208624,,,
2.327947270392587,0.05155061711617432,3352.713593793933,202.4674628350761,-111.18883980770676,,,
-0.7024354946986485,0.6290762954845054,228.7767119175093,96.3016057537663,-3.5949636607328284,,,
0.6099066085277141,0.4107292547312586,221.63596515409876,94.85531735707528,-3.2833319053889047,,,
5.401259499163851,0.0034773436892636925,522.6791543129939,6.022233559536534,-8975.63493126925,,,
-7.997640104987177,512.1764624304056,9.778887033462524e-09,72.6818996190345,-4.0122170481980375e-10,,,
-0.5377038775675113,0.33425717517168974,677.6127602362924,169.46410598849607,-4.813185936993514,,,
0.7839658782229341,0.21972626166096199,827.8805847202069,192.7253414327185,-5.923606131581504,,,
1.1310619316700448,0.17678158831791893,1421.655229063511,272.7788065888406,-17.574906152829698,,,
-0.07352038040218078,0.1676247935397137,1632.9576969425896,266.1292467828475,-6.358624611711506,,,
0.2660040584938999,0.11630877183021769,3382.2046235057906,396.63578625391875,-13.55387818759829,,,
-0.28726436709012004,0.23488767230480032,1049.253980506202,214.61212923476606,-5.1926376523841435,,,
-0.9402411916920731,0.31876806307624633,1131.7335731817263,220.25261220971365,-6.122703541887942,,,
-8.0,32.233775258098696,63.29204406255972,46.10228068712307,-2.2377912766066803,,,
-0.5860836838591281,0.23086130574037408,1483.7511956336593,252.50388080800502,-5.886141524340158,,,
2.9424891924732597,1.0092569847202986,1.6497190794641066,2.366892898674969,-0.3546697012359219,,,
2.411790298824559,0.03318458498678133,5846.591596777454,238.44045517036582,-156.60277259643604,,,
-7.997640104987177,512.1764624304056,9.778887033462524e-09,72.6818996190345,-4.0122170481980375e-10,,,
2.033204093198346,0.05171801216356692,6550.955469657942,378.5304206890185,-183.4359525304519,,,
2.56924677774821,0.033301271744471034,5538.5053093414435,203.25637890437633,-650.477381153152,,,
2.617500365693229,0.020651595442780158,11525.34323544717,275.0792178306858,-899.034533110226,,,
-1.8437989733474505,0.15099675177255706,13677.799830721682,778.9222223320772,-200.25640343196181,,,
0.1553431828368948,0.051855996299925,19011.680326691152,996.5903726275317,-148.19303134704978,,,
-1.5217981982498432,0.44649217383875756,1028.2989134586614,208.59150191682372,-5.0374658433591115,,,
3.1532063126867023,0.002595371067616795,141532.88713547104,601.8812791771197,-63973.837498326684,,,
-1.2082603088859267,0.5352572405504791,533.3836535472752,150.26127947950897,-5.236659510184552,,,
2.9658828019197174,0.011291014196240097,13998.863097152693,218.56264198324902,-3226.4133941210534,,,
-1.8176588670549096,0.5160578066387908,1060.1594518351951,212.3798299655112,-6.411221475909125,,,
2.4607749436630404,0.019341345143800277,16682.95201537884,388.43011551801317,-694.2873444444992,,,
-0.711857602356247,0.28837993497051906,1077.1311225799684,215.9275226451305,-5.553826173741355,,,
-0.8473599270589017,0.26142165463678185,1514.874493415134,253.64334060842657,-7.026659830880236,,,
0.6020337823768326,0.05736168535357194,19450.444366451906,1042.9591453716434,-270.04822318716947,,,
-1.4835999986862067,0.4038300207659995,1218.309910241052,228.03088125273442,-6.103163572318037,,,
-1.3951261718181842,0.35236495972169457,1426.0308587287477,245.05743523778153,-4.490126163641007,,,
-0.5023929809086669,0.28546048056632384,886.8365776636579,194.4754462553206,-4.639422103147556,,,
2.56053284678165,0.01819175754715487,15158.431458253237,328.56420604748047,-793.6800290906164,,,
-0.5079402450619641,0.27154335774079885,991.0379939270329,206.83180164221426,-5.4113188292722985,,,
-1.3279433760935426,0.3882792346259223,1119.9470665133088,218.5472125339616,-5.5750528132886865,,,
0.29750468305627814,0.04938063059033046,22547.37631276063,1099.5060073675168,-175.04040942849937,,,
2.477193124558055,0.01968986065275466,16502.389269855823,377.02368278611414,-751.6048370395615,,,
-0.8292766654614748,0.2941636612723715,1167.989920237326,224.9446028638275,-4.86204441975498,,,
-1.3288105824614145,0.36345459150221365,1277.9280599709055,232.73325167986928,-5.13379223284546,,,
-0.9296094944566807,0.28416577051598024,1388.7540720892225,243.1333547781923,-5.586712594248741,,,
-0.6337064027222105,0.23569594441320313,1479.8383942374933,252.9426974277628,-5.057453267117245,,,
2.9499611246014577,0.006882147556870046,38788.50204862451,363.6514234536299,-8279.711524048658,,,
2.9483325431411713,0.009217886018143313,20532.672242454642,269.1649503911292,-3430.6745725710844,,,
3.0794532123903373,0.010117271520360785,12773.020678187388,178.66043888505487,-4805.654393584169,,,
2.7689913560232227,0.016327620041556502,12389.665865322078,257.72429719214074,-1690.9070574337802,,,
2.95803058919784,0.008035710941174971,27656.34448999283,295.27911250597793,-6639.821177032078,,,
2.5548478707799056,0.0229357098067882,9940.084713305188,273.77997039887435,-580.1884807587898,,,
2.5631348314561073,0.015717418824353024,19526.716603501387,380.3264660681128,-962.2478850171814,,,
2.6487924844670494,0.024103194548119964,7471.449167161686,220.36347114542144,-608.1500496560606,,,
2.544588942487986,0.018710239061407702,14459.674355674986,334.01539721119093,-689.8439889572577,,,
2.897451667283834,0.006640328568831149,45381.625631807445,403.69805762041386,-7653.977093579068,,,
2.91076657816204,0.03402566894809223,2651.4976090204477,93.91449271400771,-1129.4567174608378,,,
3.047527957697452,0.004868545901553299,61497.976633790044,412.7397353823828,-17029.92479988794,,,
2.3508833269514726,0.02955063554942163,10777.97805251154,345.26840616566903,-533.7210168344513,,,
2.4239528980380336,0.025789151115672836,10478.763519477894,325.6510021432906,-507.2296201264791,,,
2.5803260568084716,0.023584669718502704,8623.840848385502,246.99107676537582,-487.0682614368992,,,
2.559834220930978,0.016363479635712292,18669.009368793846,365.6325438065727,-950.8582575063856,,,
2.4711709311204864,0.06886362668648066,1182.6913739371582,99.35043567264334,-42.15617802470823,,,
-0.04222646754105156,0.2165443581225843,952.0121028948603,204.4070092338888,-4.976697019757856,,,
-0.9299589970540407,0.27765849541912385,1491.9597870153352,255.95513282066887,-8.862655692973739,,,
-1.6532507266614567,0.5350111899365261,809.8821446069762,181.7807631831409,-3.9181298280348917,,,
-0.9491878457676513,0.3747753482013523,817.0431179677184,186.59889279380872,-4.960733292835166,,,
0.5495879667369241,0.06104682389452263,12084.70595144527,759.0186825179363,-49.9454173051282,,,
-0.8601015795274389,0.29870659186852605,1167.7941522970377,223.28372745801462,-4.763090759623662,,,
2.515678450269942,0.06172086980907658,1414.296043069291,103.08219434330046,-43.62320835737506,,,
-1.815428492540449,0.41889978809774675,1567.4394593622867,258.3677305146381,-5.020025597838695,,,
2.7525458624737627,0.03490202249682353,2513.7264747914123,114.20756265230918,-147.84544190122978,,,
2.4547330503563716,0.37453601289323685,50.01596357448487,20.25385399742042,-6.2529325494972205,,,
-0.491635070525567,0.23050905711153935,1364.351423077445,245.7886302992663,-6.911010535650387,,,
0.29302277204414545,0.17260431935072465,1531.815782569284,262.06938134138426,-8.657230349508671,,,
0.7719828667886017,0.13684679977391648,2476.5819628660643,347.51956213082815,-19.12176698119753,,,
1.2042739989608466,0.1941130921908163,852.4812853256377,189.0313759198687,-5.22834374186005,,,
-0.6019851402726806,0.23947952902204428,1423.5553483605856,249.9727828322935,-7.835822921818059,,,
1.7257215912796042,0.30992930217837616,272.64486111676473,96.08089104403604,-7.772775311095027,,,
0.1378157346137412,0.09941912386328121,4840.140901707307,475.37159660342996,-23.118062518930564,,,
-0.053268406681077574,0.18460792346184302,1327.613717693477,240.88453286132105,-5.815449269271132,,,
2.5425820850394016,0.051159256009323625,1773.101058498911,114.91786565554756,-59.114276629801914,,,
3.1049470074650425,0.012901535861443153,8165.391346280676,142.639539657649,-1784.1845978373315,,,
2.574737799211973,0.06918576956985785,933.754032731549,80.60771511401866,-34.75279021983732,,,
2.494173799143538,0.05429994135266604,1728.0037665911304,115.28549211771703,-45.84978591072728,,,
-3.3560715848290927,0.725382684850782,2416.0771904179333,320.21149619861006,-4.3060388907689715,,,
-8.0,1.5961747525854701,25998.60247997736,1071.867784053395,-7.221322341472042,,,
-4.350409241613052,0.5601804536329017,10943.65189709709,676.9853721636446,-5.223084558960105,,,
-2.1982301023616166,0.20078345365590503,9851.328902483312,644.478240380358,-5.309043006672231,,,
-8.0,3.955278275792473,4203.664351633668,421.99881199545325,-4.661669310887559,,,
-7.997640104987177,512.1764624304056,9.778887033462524e-09,72.6818996190345,-4.0122170481980375e-10,,,
-3.0755825786320274,0.7111505655285307,1881.5360532686834,281.91226012978325,-4.057097684331545,,,
-8.0,9.061861991364047,800.8289909223284,183.01178484918395,-3.6326936469178017,,,
-4.446184381709998,1.2851888168482901,2309.22387656395,312.7212340826009,-4.634341403266111,,,
-7.997640104987177,512.1764624304056,9.778887033462524e-09,72.6818996190345,-4.0122170481980375e-10,,,
-7.997640104987177,512.1764624304056,9.778887033462524e-09,72.6818996190345,-4.0122170481980375e-10,,,
-8.0,2.4672960707883815,10885.908205128566,680.7525764666907,-5.76999142166775,,,
-8.0,4.1531924350777265,3812.5067643387947,401.81239757884566,-4.465603696338079,,,
-3.5855644488238676,0.9096806672778236,1943.057456437802,287.44228720798975,-4.36092458435427,,,
-0.7690537381833509,0.13021278442780482,5552.292128791702,489.3280195686513,-6.894078737433922,,,
-0.4924031698907827,0.13378093981911202,3970.835719486922,414.13642134910606,-7.157514794966692,,,
-3.736336492582724,0.7204452135049747,3620.7042820275806,390.7169292767772,-5.458417616766841,,,
-2.682250252503028,0.8498097582372092,887.2447464360899,192.89532944878647,-3.676728099776148,,,
-2.287616568176835,0.23281656259399044,8041.380840792386,587.6647387731929,-5.537197346719547,,,
-8.0,4.803757331531524,2849.7883189152644,346.87263354850876,-4.305531338775472,,,
-8.0,4.999517598721138,2672.2330591917453,336.8467390460515,-4.941469170793972,,,
-2.0235213941720356,0.2199156534910513,6945.682515269294,539.8976324976607,-6.372736303788876,,,
-3.254067627338942,0.6361178415757621,2813.133211525722,346.4530119659635,-4.260022128424146,,,
-3.338231299187723,0.6781239763116514,2693.575396766817,338.22952776920897,-4.236741736265834,,,
-7.997640104987177,512.1764624304056,9.778887033462524e-09,72.6818996190345,-4.0122170481980375e-10,,,
-8.0,5.2783617524349635,2360.3655722883777,316.8589043139106,-4.807980412559096,,,
-7.997640104987177,512.1764624304056,9.778887033462524e-09,72.6818996190345,-4.0122170481980375e-10,,,
-3.0851015083274755,0.4090112377678289,5772.852046388275,495.5286687413167,-4.705121440159816,,,
-2.0789639753523064,0.1874574915947083,10097.046674280678,652.4919614162517,-6.95264623455143,,,
-8.0,10.332440240372842,641.2658772078727,163.37137798839058,-4.16063010302666,,,
-8.0,6.848875540535995,1401.961774378444,243.16085839908848,-3.92602703748073,,,
-2.8391761160135744,0.5375168400389854,2596.9786960653487,332.0800746419626,-4.223798091863842,,,
-8.0,3.382065915202601,5817.26769391093,494.6310924537674,-5.5447057753321385,,,
-8.0,3.1001349452643967,6842.479659758848,538.8832276058614,-4.805371194103281,,,
-3.183761137933201,0.7713855983162466,1782.6715532964658,273.5463756230001,-4.026412123428443,,,
-4.115031714968815,1.0604213819294452,2399.6679419300713,317.9717168967376,-4.175573434510289,,,
-2.3851128119330403,0.5476990218452743,1605.7069009731244,261.86574436907426,-4.188479731405487,,,
-0.31558278227267683,0.09852582882957302,6209.166790396558,527.7944383945819,-18.929370772746093,,,
-8.0,3.4822662816770293,5464.828637591907,480.95295390234924,-5.005464752418206,,,
-2.5304400118391825,0.23132590571923578,10461.735177614972,668.7134111953942,-7.535629998565547,,,
-5.336307100632543,1.5908076167637408,3620.3219330264783,391.91446140879776,-4.381252350464052,,,
-1.275343006149822,0.17970021419366713,4953.497602866812,461.2164588843584,-9.657923024152716,,,
-7.997640104987177,512.1764624304056,9.778887033462524e-09,72.6818996190345,-4.0122170481980375e-10,,,
-8.0,5.41580676313957,2268.9352836582484,310.51594709800935,-4.517858050351307,,,
-1.0357333880641826,0.16706610872555597,4491.05102260735,441.9334377766714,-9.44188671769555,,,
-2.9192958033108236,0.6631024130482068,1849.5856514607785,279.7332849496501,-4.052317705774533,,,
-3.504712902631027,0.7904507961574612,2362.070464224836,315.6844297043839,-4.298723645318195,,,
-7.997640104987177,512.1764624304056,9.778887033462524e-09,72.6818996190345,-4.0122170481980375e-10,,,
-2.827507773715228,0.6779467955542724,1613.4457938508012,260.2977765044639,-3.9781959801406814,,,
-1.0346921720743034,0.15648865930494296,5046.152593019868,465.19239098556983,-6.454998742573144,,,
-4.312575062780644,1.1899584675050048,2356.0027676235495,318.14917807928254,-4.650686803035539,,,
-3.504712902631027,0.7904507961574612,2362.070464224836,315.6844297043839,-4.298723645318195,,,
-2.7604192644704915,1.059905452554785,617.0253181147636,160.5388062509956,-3.4896058769843035,,,
-2.6515090200773836,0.6629990893941082,1413.257302047483,244.24814173743326,-3.916477593490152,,,
-7.997640104987177,512.1764624304056,9.778887033462524e-09,72.6818996190345,-4.0122170481980375e-10,,,
-2.0536914972405604,0.19271452488433488,9310.361820655668,628.0564049154613,-6.66663983754111,,,
-2.3014324436410893,0.21491029608014678,9623.837391667697,638.5051311760097,-7.185695962610101,,,
-8.0,4.510186099224746,3232.9454412107375,369.88771547645507,-4.658089523529245,,,
-2.1465144312494506,0.21142017799990115,8556.604325521876,602.9057272802646,-8.725615980984628,,,
-8.0,4.046181926697134,4016.834005237299,412.08009279422447,-4.495493399702237,,,
-0.6045587507478255,0.1124436601738865,6314.299316847044,524.1660799404623,-8.91373730161014,,,
-7.997640104987177,512.1764624304056,9.778887033462524e-09,72.6818996190345,-4.0122170481980375e-10,,,
-2.080267837546806,0.3184705840371255,3503.215831821182,383.92814279790036,-5.086221881975975,,,
-3.5194598627605247,0.7638197955378121,2581.3341101859546,330.52772818069707,-4.649592501292981,,,
-4.917276159461824,1.4122350582660492,3051.647347664762,359.42272383720996,-4.616101128579892,,,
-2.855000647762769,0.6009673474283912,2110.870371846331,300.0174009624456,-4.119212289914929,,,
-8.0,4.860252353334958,2783.9220828308635,343.9172188062222,-4.293774944892825,,,
-3.39032541916157,0.5117536391445797,5039.804318497331,463.51776342220586,-5.0994798708895575,,,
-8.0,3.1469918369271594,6672.804566024217,530.2485373894258,-4.956776913161415,,,
-1.9319357457091646,0.17312706367665395,10223.70926295869,667.3145857339091,-7.549794067277681,,,
-3.6932312061745494,1.0059219233242689,1747.5762187875964,271.4660169243394,-4.016493474810855,,,
-3.5253267958415986,0.3829313133308103,10190.909139827347,661.1070582782387,-4.909381710769291,,,
-5.245495085568743,1.836821660797841,2479.5887696930304,323.6151361864287,-4.3909978257024616,,,
-8.0,10.113406955324187,642.9641277118618,163.376862866956,-3.9178564195748655,,,
-8.0,5.971685825704496,1844.0844421153593,279.2529962012337,-4.071006083446998,,,
-7.997640104987177,512.1764624304056,9.778887033462524e-09,72.6818996190345,-4.0122170481980375e-10,,,
-2.594531892483604,0.29725491215762173,6776.734084939469,538.3628660778515,-7.080103771227142,,,
-7.997640104987177,512.1764624304056,9.778887033462524e-09,72.6818996190345,-4.0122170481980375e-10,,,
-7.997640104987177,512.1764624304056,9.778887033462524e-09,72.6818996190345,-4.0122170481980375e-10,,,
-8.0,6.41288045062799,1599.0734852298945,258.9460220596954,-3.995217068273442,,,
-3.2689476150268764,0.7897960101833889,1869.5434528635487,281.13144578304275,-4.377523315050901,,,
-3.078190783848814,0.5098992723968279,3728.8457878068584,398.2841745283641,-5.231591409791436,,,
-8.0,5.9283812832843,1901.2549809585398,283.89421025498393,-4.590779993312173,,,
-8.0,5.241607649160679,2421.3240719351784,319.5031315022245,-4.551553123160632,,,
-2.6015073165749065,0.2547865806031586,9241.79166133632,626.462872436364,-6.274105397573912,,,
-2.896085927727366,0.5028035267691329,3143.8410914875653,364.61880182589675,-4.460610171068239,,,
-6.2981264621415125,3.155569579690181,2436.0664090814194,322.1425958869321,-4.517491923112959,,,
-7.997640104987177,512.1764624304056,9.778887033462524e-09,72.6818996190345,-4.0122170481980375e-10,,,
-7.997640104987177,512.1764624304056,9.778887033462524e-09,72.6818996190345,-4.0122170481980375e-10,,,
-2.6765161725761737,0.4367631774031335,3339.5509051297636,377.54673204566564,-4.358565501814492,,,
-8.0,5.818417568251311,1942.5177046287083,286.70980090416214,-4.0986464344124425,,,
-2.6305414629222033,0.8209658999660606,902.4611975635556,194.15229324813055,-3.6843936378872395,,,
-4.363051460577794,1.2905377564019278,2095.197788386574,297.3289574164597,-4.2587384752527075,,,
-2.9398335563608726,0.4816474763616424,3612.535851111587,390.75567687229704,-4.6078994742403925,,,
-3.0005210016133104,0.6360507758748707,2181.238948931183,303.2770088166498,-4.135013361758184,,,
-2.3708453184991702,0.2681316768380058,6659.606604901049,533.8197907640512,-7.3707032677688735,,,
-7.997640104987177,512.1764624304056,9.778887033462524e-09,72.6818996190345,-4.0122170481980375e-10,,,
-3.6202101318684576,0.6570581621114622,3856.240195624112,403.38436306504025,-4.999502410810869,,,
-7.997640104987177,512.1764624304056,9.778887033462524e-09,72.6818996190345,-4.0122170481980375e-10,,,
-3.417541136359247,0.7714488501043207,2253.6674881070103,308.6815036262903,-4.145542607858477,,,
-8.0,6.182074139562172,1744.2657218333636,271.4982144280651,-4.376707597567127,,,
-8.0,4.7502334998591,2914.3707835749788,351.5295429557607,-4.317190733033238,,,
-0.5114621590422801,0.16990354823746945,2562.698199408523,337.462602657664,-10.094605743108367,,,
-0.5555503423571388,0.11309105506978347,5913.161322043403,506.3587812684168,-7.608214473298069,,,
-7.997640104987177,512.1764624304056,9.778887033462524e-09,72.6818996190345,-4.0122170481980375e-10,,,
-2.851298174227432,0.600966169976962,2103.0346208544374,298.74332050401875,-4.116187631711678,,,
-7.997640104987177,512.1764624304056,9.778887033462524e-09,72.6818996190345,-4.0122170481980375e-10,,,
-1.9198293225527185,0.20494207549319143,7151.956288560339,555.5411638061798,-5.2001153474159905,,,
-8.0,7.54502095191112,1168.8275562869048,221.762533366077,-3.9978058466062,,,
-8.0,4.984455035397576,2646.9109868925616,334.3795704471673,-4.264246362576461,,,
-2.2569004890463424,0.28016306777538846,5453.183399110687,480.59056044636117,-7.405997738056071,,,
-4.1506361823639875,1.4227125769774334,1381.530538461777,239.7657682291982,-3.896204788473514,,,
-8.0,2.3931660445428933,11542.884551556665,708.1338177777266,-5.47235276529133,,,
-3.654653806768119,0.7908241907414282,2741.0734724909066,340.45450100678727,-4.376365295037952,,,
-4.196041363988667,1.2024192230019177,2024.097179607468,293.0918092622153,-4.091556935140183,,,
-3.0068132191478796,0.5504949975284094,2952.965617160919,353.6162463447029,-4.5215595538658135,,,
-0.43489905328077755,0.1285515817479167,4051.211841378582,420.526526187938,-7.281535678929213,,,
-6.434519617283297,3.1816846113367463,2714.8602288791803,339.70944336191667,-4.237808621079131,,,
-8.0,8.171546875425443,984.8410646653917,203.14985934708017,-3.740746635167724,,,
-0.3945145853492455,0.08213329154814007,9769.19211490478,666.755230299046,-34.2229131164179,,,
-4.4877446145428195,1.2024512923720931,2710.5016458025434,338.5788754505514,-4.2359806726260585,,,
-2.6554793746236376,0.3008821247013879,7004.285647200512,545.2653697672143,-6.234568710097774,,,
-4.165251730442934,0.9183587010480734,3364.550461264536,378.3337599219931,-4.349261014027081,,,
-3.110284097614691,0.5092730740910664,3799.0110884208434,400.4877754041429,-4.412762174620992,,,
-5.296866799810045,1.8369029065027864,2610.1970558528405,332.2519373703088,-4.217011243605588,,,
-3.89263034470941,1.0603796758799289,1920.55874913193,283.280656198089,-4.061475911925859,,,
-7.997640104987177,512.1764624304056,9.778887033462524e-09,72.6818996190345,-4.0122170481980375e-10,,,
-2.5245056766521374,0.522683529338201,2000.8577540029569,290.04041305820436,-4.095481325995726,,,
-7.997640104987177,512.1764624304056,9.778887033462524e-09,72.6818996190345,-4.0122170481980375e-10,,,
-8.0,3.1180013446002097,6810.82721807936,538.6624310021368,-5.137638741183253,,,
-0.5710267887477302,0.12432861591788105,4986.39886573505,463.7064305503233,-7.81659698676615,,,
-7.997640104987177,512.1764624304056,9.778887033462524e-09,72.6818996190345,-4.0122170481980375e-10,,,
-2.283206453932526,0.5316498006105363,1538.0054585943485,256.93955315063977,-4.160849190667196,,,
-7.997640104987177,512.1764624304056,9.778887033462524e-09,72.6818996190345,-4.0122170481980375e-10,,,
-0.9649805591712601,0.2699246718419338,1532.9585126129302,253.36420966199293,-4.186083440770519,,,
-2.6796602859984473,0.5318023399669103,2292.5429606432476,311.82440132552944,-4.520244769187083,,,
-3.85865002970081,0.7497915688846712,3712.6194250762564,397.300170148724,-4.39832882171913,,,
-8.0,5.716882362918868,2012.1305891981656,291.49301807820774,-4.118601264456306,,,
-2.4966685684926664,0.184855580220359,15764.584901604803,822.0023770171371,-7.104017806523083,,,
-4.765292495474584,1.4147049364020607,2605.6143424813004,332.0324263224818,-4.3733069952159305,,,
-3.207334152327138,0.5622442162707063,3435.9141505765815,381.9838324975067,-4.360745336468464,,,
-3.1328148510955622,0.655255460265595,2386.236024305985,318.0826433653348,-5.539009090327732,,,
-3.805303899490917,1.0459902089317614,1842.5613291511058,279.22465007283904,-4.665034310071996,,,
-2.804307599289223,1.2982005686218252,429.8719765741397,133.41609751268018,-3.3062543730139815,,,
-7.997640104987177,512.1764624304056,9.778887033462524e-09,72.6818996190345,-4.0122170481980375e-10,,,
-4.085670672158679,0.9592012908312345,2847.8854189373305,346.2027560792338,-4.2608077206242125,,,
-2.56750056749653,0.29950661511117843,6468.954152273103,524.4011352606054,-6.024922208816532,,,
-7.997640104987177,512.1764624304056,9.778887033462524e-09,72.6818996190345,-4.0122170481980375e-10,,,
-8.0,6.375339859008306,1645.9988426864033,263.80607856986836,-4.513509909287874,,,
-7.997640104987177,512.1764624304056,9.778887033462524e-09,72.6818996190345,-4.0122170481980375e-10,,,
-3.133163442849483,1.2983915467425962,598.0467671546166,158.3870941322077,-3.478780928958382,,,
-8.0,5.038659352037217,2590.2681447859213,332.42670724241447,-4.257522235550101,,,
-7.997640104987177,512.1764624304056,9.778887033462524e-09,72.6818996190345,-4.0122170481980375e-10,,,
-8.0,4.127307824163191,3860.4770560831917,404.76571095938243,-4.47275363863487,,,
-8.0,4.803757331531524,2849.7883189152644,346.87263354850876,-4.305531338775472,,,
-1.689032752604217,0.20378213052179028,5762.763678216562,496.87775103547943,-5.807989576658329,,,
-8.0,2.7723387528736843,8556.223493925418,601.4847110006571,-4.943020871509101,,,
-3.7739903071753047,0.8213469689552166,2842.2695020351184,346.29540829848463,-4.261572870070894,,,
-7.997640104987177,512.1764624304056,9.778887033462524e-09,72.6818996190345,-4.0122170481980375e-10,,,
-7.997640104987177,512.1764624304056,9.778887033462524e-09,72.6818996190345,-4.0122170481980375e-10,,,
-6.0920338109184895,3.1610335726267476,1970.5138022933722,287.55484872272757,-4.44092985775794,,,
-8.0,11.399650694217762,506.0478259862476,144.70593158511863,-3.393304761381947,,,
-7.997640104987177,512.1764624304056,9.778887033462524e-09,72.6818996190345,-4.0122170481980375e-10,,,
-2.8225697060737893,0.5322354958857495,2640.167843139338,334.12566776186094,-4.596793908612636,,,
-8.0,3.8766467886493365,4375.848205532184,429.96828791015207,-4.543542181301303,,,
-3.4602187862855467,0.6941088177294863,2905.6333628403854,352.44842091749416,-4.276132102473329,,,
-7.997640104987177,512.1764624304056,9.778887033462524e-09,72.6818996190345,-4.0122170481980375e-10,,,
-8.0,5.202411797756395,2457.734766565139,322.6342922851377,-4.55970398160158,,,
-8.0,5.939870573578549,1881.1893066422538,282.5978842535491,-4.24883199147541,,,
-8.0,6.356881778786097,1627.3704921397714,262.71001741348806,-4.0077377111046495,,,
-8.0,6.325478222792472,1671.825704943096,265.8599610644204,-4.5213224329405515,,,
-3.0205511726412206,0.6084474037350666,2451.7338689072662,320.4688726926127,-4.294371820125091,,,
-8.0,4.76787910838115,2914.365857273042,351.4801703993741,-4.484425822134272,,,
-8.0,5.293226205448991,2347.112059864558,315.1467826395207,-4.200185998760671,,,
-8.0,11.540696679258087,493.7539032277221,142.87135916547967,-3.380465616340724,,,
-3.3243478410733087,0.7665228350922649,2097.151919290326,299.3558902674074,-4.23640842542453,,,
-1.4987997262824162,0.24735219005202302,3209.164359869874,369.6266661347207,-4.587551795827946,,,
-4.332370495575292,1.1952543882236328,2367.438363256897,316.31691860637574,-4.3212035876068535,,,
-8.0,6.8561167341878395,1413.999690547177,244.2679511496228,-4.097954114284611,,,
-7.997640104987177,512.1764624304056,9.778887033462524e-09,72.6818996190345,-4.0122170481980375e-10,,,
-1.958388768629678,0.22588498914021346,6128.099518352618,510.70430630226883,-5.1839091774092,,,
-4.447204686547154,1.1928933543460882,2673.7193597314285,336.5896803379766,-4.544360111666744,,,
-3.408883476190379,0.821267327529793,1971.3630522286385,288.5294711412545,-4.278233276624095,,,
-3.5137354897387554,0.7112610013954136,2919.7678234431323,352.62345104276767,-4.2778452784138885,,,
-5.255657010459595,2.2275303683204717,1726.764958951024,269.0757098535834,-4.335589972387156,,,
-5.131864885412734,1.8368645429558133,2213.0483371592873,307.22231918706797,-4.138427595951217,,,
-1.7814768112868402,0.3940295669365167,1660.6601944156896,265.72620787136356,-4.044318386261428,,,
-7.997640104987177,512.1764624304056,9.778887033462524e-09,72.6818996190345,-4.0122170481980375e-10,,,
-3.6932312061745494,1.0059219233242689,1747.5762187875964,271.4660169243394,-4.016493474810855,,,
-4.773395288465892,1.298843573034839,3092.054798019406,360.39922037278836,-4.304050883292908,,,
-8.0,4.6075559026071,3129.2095471427456,363.8772369376113,-4.69003814556157,,,
-3.833298890685249,0.7249916219867317,3906.5404550258836,408.94479402392204,-4.709751215739275,,,
-0.37051802207638,0.1149501522006164,4837.542983818206,463.30264500668443,-16.266147748308896,,,
-4.099099897911726,1.0604187705105568,2361.6919315780387,315.98969499628214,-4.167780356861942,,,
-8.0,8.66996379371964,874.8631811782793,191.35153420627748,-3.6786099247981974,,,
-3.074814012727693,0.5621946278198021,3009.7601808157,357.80762028166504,-4.578771845997146,,,
-5.627256780305924,2.24976073745969,2421.7072095023,320.54773232487867,-4.781578373636206,,,
-5.009235243084719,1.1936650751866382,4682.709876310309,447.6641593879246,-4.993350303073734,,,
-8.0,7.561137285576819,1173.954792020239,221.8046307214818,-4.333031702502959,,,
-3.0772372511143398,0.5613043343226084,3098.552854593176,364.44388378098336,-5.93589804171927,,,
-8.0,5.360796190409516,2307.472740279912,311.4601773179655,-4.356507986664971,,,
-3.1135996605666576,0.5806614755545279,2932.05464391128,351.8125300519999,-4.281154551961649,,,
-2.763820903574635,0.6693440030569301,1579.7908748735003,258.909840926222,-4.364393306509219,,,
-4.337334582713277,1.2024422821519332,2331.6348101447657,314.2116750577269,-4.162379225566022,,,
-8.0,7.421073533885609,1194.1014392987877,224.19589956341582,-3.8413519421610225,,,
-3.208333599935929,0.6120943061627214,2901.959881800982,349.17843650268986,-4.273949059648457,,,
-8.0,5.578453384133038,2139.322867861381,300.8755903654781,-4.48488106499331,,,
-7.997640104987177,512.1764624304056,9.778887033462524e-09,72.6818996190345,-4.0122170481980375e-10,,,
-2.896905469430405,0.548191317226032,2681.5947907202385,337.3822103128446,-4.613423432106067,,,
-3.7852344984730926,0.8435128699422973,2754.92264534857,342.0504910567442,-4.540104351452937,,,
-3.036310008756245,0.5622040675510754,2894.1081188476765,350.7072621733687,-4.277925226727357,,,
-8.0,7.1818750943959015,1303.7900163760844,234.40889070067215,-4.557638136126878,,,
-7.997640104987177,512.1764624304056,9.778887033462524e-09,72.6818996190345,-4.0122170481980375e-10,,,
-8.0,5.180962373103502,2449.9309068715215,321.693833012398,-4.222390938531742,,,
-3.342191507091361,0.6940830492556502,2581.3699800679983,331.3312487088901,-4.215490345234356,,,
-4.099420069529972,1.060419827948158,2362.4461837061326,313.968957278766,-4.165879357327363,,,
-4.814688088241106,1.4228163720748375,2685.4104379971536,336.2804928557651,-4.23119870987301,,,
-3.804459700824833,0.882273900444709,2539.6458125890836,327.7315552680433,-4.206363926635021,,,
-5.7602408435535635,3.147145931761855,1434.982054039987,245.3205717685091,-4.244694759394927,,,
-5.385199967975723,2.2497427821570355,1900.902244641647,283.8615943355678,-4.059705741565841,,,
-2.916030392092393,0.5423726159616111,2776.473368477384,343.6611056583002,-4.348490706938396,,,
-3.8377353507260685,0.8501860082985423,2827.703583254483,346.6150222389558,-4.262009767884292,,,
-3.1215163926043386,0.6591499536644511,2312.6008920466593,313.7661632665764,-4.2733116700176055,,,
-4.927313255738981,1.4228280689422794,3005.7449083527413,357.3190483872675,-4.289864407636449,,,
-8.0,6.032133432397134,1807.3107780166376,276.017393616138,-4.060277500708465,,,
-7.997640104987177,512.1764624304056,9.778887033462524e-09,72.6818996190345,-4.0122170481980375e-10,,,
-8.0,5.03912844484894,2610.1591363811394,333.5701522461919,-4.426559031090903,,,
-3.987782669398845,1.047257567260867,2203.31184540937,305.1269886391146,-4.761401915666279,,,
-7.997640104987177,512.1764624304056,9.778887033462524e-09,72.6818996190345,-4.0122170481980375e-10,,,
-2.9215309357233243,0.48587559879672204,3499.6323289769757,384.4137735358563,-4.87915973655177,,,
-4.321479994042468,1.1922628132996709,2361.6395744284155,316.10139209434215,-4.478960973135866,,,
-2.7545353703224618,0.5158378189274515,2589.7153666178406,331.92589869462574,-4.22555766594708,,,
-3.2401233887787733,0.8500438560123386,1553.4749601466851,258.0090521971973,-3.957699205048892,,,
-3.260072347749693,0.48787606006126727,4850.422207231462,453.6935264703022,-4.7717029629747465,,,
-0.15058073904915445,0.10279488586759886,4762.882447792169,460.12760711384504,-12.686605949239484,,,
-2.9391053504828295,0.39382738953680946,5416.261082877324,482.3068489287813,-5.486372731280391,,,
-8.0,6.181548932698222,1720.9968708056788,269.6691962731905,-4.034408401299739,,,
-2.835958746978656,0.6146117038858625,2019.7474215238244,293.4502085150934,-4.781037268323832,,,
-3.3273199030444496,0.7496915081440377,2179.8526998380853,304.4066257068484,-4.132438726184326,,,
-2.0913068438048685,0.4703156984000875,1611.5719183278711,260.9465868966279,-4.042848206950709,,,
-2.539730227617369,0.26462555667329396,8093.579518756892,592.1275179852406,-7.669088096322221,,,
-3.7012173985339554,0.7431601363547172,3266.9509236740555,372.2974675871042,-4.772109121726112,,,
-7.997640104987177,512.1764624304056,9.778887033462524e-09,72.6818996190345,-4.0122170481980375e-10,,,
-2.506579439699389,0.4798082658966627,2365.203716728484,317.5061878085284,-4.510427516750304,,,
-3.47292155500044,0.7497260615154715,2522.458487082716,325.7793138755919,-4.201000107337947,,,
-4.230301315891278,1.2024226444075774,2094.751603944988,296.0556296480281,-4.505893198272551,,,
-3.952249130707876,0.8156474036621814,3478.970720474852,384.312283813415,-4.65660843932726,,,
-3.0199633142908273,0.3692574071152468,6671.959907309823,533.7702159179169,-5.310550531567753,,,
-1.940422224783986,1.4210072650845762,150.03655660013226,75.91883470597953,-2.74404569207634,,,
-4.59991659058333,1.2859929746685819,2686.8899784511327,336.0948874583,-4.710687404144904,,,
-1.9299421904058287,0.8204308104674893,445.34864650202593,135.51921475911,-3.3287378280570974,,,
-3.0070937100150785,0.4683915522999874,4116.227232588505,417.47158879527495,-5.41137570995396,,,
-8.0,6.817305955713894,1430.0877075975473,245.31805993113412,-4.503611024094006,,,
-0.5990223303895655,0.12900558208952412,4774.431090664332,454.84310798422587,-8.017536083030679,,,
-8.0,3.611235147877282,5042.700617213931,464.2180323465785,-4.630656955685042,,,
-3.992393837010006,0.875831477992479,3142.675425560953,367.4178287935238,-4.60980693672623,,,
-8.0,5.506832337093476,2168.557713153823,303.442338076856,-4.1595688641005335,,,
-2.7892187243425917,0.6630555965406287,1623.0490944357134,261.4847802982958,-3.9849928520094227,,,
-4.683777831691046,1.5907251382309595,1884.5792520658126,282.49820248240536,-4.056970678087356,,,
-2.6806784823467047,0.29306880320574785,7567.6520086737455,569.7968514277193,-6.266786628901482,,,
-8.0,11.540696679258087,493.7539032277221,142.87135916547967,-3.380465616340724,,,
-3.005562030359924,0.6199361464197711,2326.898949503508,313.55538401016935,-4.2702312360155235,,,
-3.751821282858924,0.821342732749913,2779.84308094274,342.1683983810896,-4.250606151346474,,,
-2.6513630652433613,0.5266902776816252,2257.895102638909,308.8811688032187,-4.237269984544559,,,
-3.9590934912960285,0.882300762012511,2965.081242218655,353.6472706450854,-4.282414227517301,,,
-3.3753659724637424,0.7714518751018882,2160.309851176006,301.90901341753636,-4.123476745505435,,,
-3.6200141942329322,0.6632733189346763,3735.1058767794075,398.8035841698763,-4.399297919842681,,,
-7.997640104987177,512.1764624304056,9.778887033462524e-09,72.6818996190345,-4.0122170481980375e-10,,,
-5.837389465286746,3.158537305077306,1531.7927204753319,253.70067187750416,-4.111964738919481,,,
-4.3451603361103945,1.0470052595344248,3154.3303634846657,366.1561904751871,-5.273609206966333,,,
-3.5251927718201888,0.918236714274281,1772.0946846924692,271.78763858834833,-4.0215958609287235,,,
-3.26376491471411,0.6713710953674399,2585.1053968984006,331.8886853253785,-4.6341441223599,,,
-3.655956829056729,0.5955409310087417,4865.045684305395,453.9627212676607,-5.26598747042406,,,
-4.757737014098011,1.4088166248628742,2622.645708163144,333.0825511206006,-4.702484244694094,,,
-2.376699839571966,0.4646017553437052,2207.9994860694574,306.9157221673939,-4.3330078916263925,,,
-2.7589773968982767,0.5535402323991224,2259.0244137235627,309.52674194499895,-4.155245660862104,,,
-7.997640104987177,512.1764624304056,9.778887033462524e-09,72.6818996190345,-4.0122170481980375e-10,,,
-3.9760449949996057,1.1141505326792118,1915.9274797321343,286.8317644901575,-4.368458081937569,,,
-3.9435752850018724,0.877590529896433,2972.4544691964884,355.1599535710429,-4.4244939784954385,,,
-1.6553292447647368,0.7486186065345962,404.6660863070313,129.6804538804923,-3.290021717561532,,,
-3.704215543025676,0.5455391436274606,6007.511609113247,504.6041322781577,-4.639881851394225,,,
-3.1037347577227337,0.6877782215855969,2094.9648674674204,297.42045661286403,-4.369969468082883,,,
-3.069989963653576,0.5454262499508609,3180.709147209792,365.82099619646374,-4.324612290562148,,,
-7.997640104987177,512.1764624304056,9.778887033462524e-09,72.6818996190345,-4.0122170481980375e-10,,,
-3.7402052667955807,0.7952803473277984,2930.75781291424,352.70652608677926,-4.275740583123735,,,
-7.997640104987177,512.1764624304056,9.778887033462524e-09,72.6818996190345,-4.0122170481980375e-10,,,
-5.871108274950238,3.1816640809034675,1545.3161934674558,255.536469893671,-3.9553690940749524,,,
-7.997640104987177,512.1764624304056,9.778887033462524e-09,72.6818996190345,-4.0122170481980375e-10,,,
-2.8050417956178224,0.4966219357964933,2939.6243249946415,352.0813697438742,-4.28831542334038,,,
-3.7286421516624735,0.9182843367563405,2172.8273847896216,302.42278894018216,-4.127607722081311,,,
-8.0,6.0491219298592425,1814.16018041796,276.03514021586403,-4.227892846188404,,,
-3.16931577784161,0.7951215093168716,1653.6694004187927,263.7291285539195,-3.989379551132367,,,
-3.5902943933459843,0.8822290173044183,2049.2000407881756,295.71751169972947,-4.1032847233999545,,,
-4.430451119129376,1.1163483511830927,3000.3181987325065,357.2673747956104,-4.5990564315252955,,,
-7.997640104987177,512.1764624304056,9.778887033462524e-09,72.6818996190345,-4.0122170481980375e-10,,,
-2.4631130794116123,0.39739977425249523,3253.6005271346935,370.0293915487002,-4.351288687006516,,,
-3.6588357786009094,0.7908343760384182,2752.475265060653,341.38283251512064,-4.378688015636586,,,
-4.04633782400316,1.1881684974927393,1813.6815693078697,276.21841716782495,-4.502938416231083,,,
-3.1930430831272876,0.704919570787047,2180.904763607978,303.07488179049784,-4.394735638545432,,,
-2.0032493253744037,0.7612673777317781,566.4928255593729,153.2140242819651,-3.5392723844863236,,,
-3.4412067518523957,0.6781328959507723,2987.4826618553707,355.1623031102166,-4.428511512788212,,,
-4.725217311307189,1.590745712649366,1964.3483116286536,288.6015065043201,-4.0756752369446385,,,
-7.997640104987177,512.1764624304056,9.778887033462524e-09,72.6818996190345,-4.0122170481980375e-10,,,
-3.5209263018293395,1.4225236921704758,735.222646447129,175.8043449289283,-3.5808602673783283,,,
-8.0,5.516967936934486,2186.9771831757084,304.39130746789084,-4.497052579387509,,,
-3.7622278961133535,0.8822657953540064,2434.4449682909553,320.33087343289134,-4.183933634733741,,,
-3.0825292379047142,0.4610719877876032,4545.24818917292,440.2167045559844,-4.727099875175571,,,
-5.219990570791798,1.8368675112734958,2417.4984556100494,321.0645890988051,-4.467861700041605,,,
-3.7199369289303026,0.8213370579087422,2692.448590406679,336.81967923394654,-4.234852154862919,,,
-3.4956195085741917,0.7497310215713625,2580.5064031074467,330.81801602022347,-4.217880922514515,,,
-2.3970389655577984,0.23654854540868392,8743.198116259828,609.5753461670732,-6.848712707697894,,,
-8.0,10.778080371968437,579.6892945229769,155.13550677497025,-3.7991915961361378,,,
-2.8446334806746,0.49068495733015516,3133.505088877564,364.7217557296834,-4.320674366553027,,,
-8.0,4.667985564948727,3056.1698457732136,360.09403254738635,-4.84634978147879,,,
-3.483790500799104,0.8392425956235844,2071.3057739975657,296.29814896619,-4.700336760559579,,,
-8.0,15.371899594899201,285.0615598913871,107.35355152821859,-3.4591991179913077,,,
-3.0025722770326477,0.6588704135178779,2054.933411212085,294.7502442776039,-4.210950851274246,,,
-7.997640104987177,512.1764624304056,9.778887033462524e-09,72.6818996190345,-4.0122170481980375e-10,,,
-1.5804432892818427,0.5467669538540947,713.2838249478875,172.20063888286143,-3.6177719363884857,,,
-3.9705849123858195,0.995610966418302,2389.241193409066,319.92818672077266,-4.6375007480663015,,,
-0.9293847622536068,0.651224525310607,274.8852402035803,107.58418611483339,-4.452054979820223,,,
-3.421337412386913,0.6903146787072829,2846.4912277332946,347.4347919683404,-4.387441129213949,,,
-3.130047917282073,0.7020794353775202,2075.1823763788593,296.74768051760435,-4.6745625342864425,,,
-4.3856047639348,1.4227563642058774,1747.9015393164148,271.59610120134784,-4.01565303214245,,,
-8.0,13.778518406681021,346.3933030392066,118.85845324545079,-3.1944777334484935,,,
-3.268490529771639,0.44808388802536014,5782.383681901501,495.2237044897148,-4.721573473948106,,,
-4.129102503087916,2.244868733502888,543.2702336280513,149.45324195248463,-3.762736597189613,,,
-2.695597140094912,0.40780643979171627,3940.0568635942705,408.73385256916305,-4.622179382181546,,,
-4.06753056640054,1.1908606797824588,1838.5023338481788,279.131845067585,-4.348560570959987,,,
-0.4774046326958624,0.13262819405834347,4065.3427096855567,424.30692690230427,-14.418716138656492,,,
-1.982701439937344,0.3552732780176985,2505.38599998902,326.57580801980566,-4.251001391341119,,,
-7.997640104987177,512.1764624304056,9.778887033462524e-09,72.6818996190345,-4.0122170481980375e-10,,,
-2.27478427772564,1.0051854220474588,420.53617263876504,131.38524430435226,-3.29412743713218,,,
-6.399991315788449,3.181726225846998,2622.6615971517513,332.2938640990407,-4.219320153791682,,,
-3.415793460914892,0.6703763836294514,3024.173467843498,356.56142445833,-5.145773736724584,,,
-7.997640104987177,512.1764624304056,9.778887033462524e-09,72.6818996190345,-4.0122170481980375e-10,,,
-8.0,5.470130595238064,2197.7551236889663,305.296703979037,-4.165356994731387,,,
-3.018578896599319,0.5579064137471713,2917.4083067305123,352.44871519632017,-5.923640185054774,,,
-3.3245414975899292,0.9941360312150964,1256.118617466826,231.80281108676638,-4.144987133737721,,,
-8.0,7.390599704716737,1203.9691502886656,225.2586085828769,-3.8467478302977502,,,
-3.8638465769841,0.8383307178335208,3043.44971310175,359.82411070942186,-5.394457798178556,,,
-3.8527340117384443,0.9591419631704493,2255.3980070859257,310.5841851774025,-4.151530666953979,,,
-2.391037879633024,0.4932269461298205,1981.6494740895523,289.30615284733625,-4.156604366846632,,,
-3.909697859486698,0.8425451004575115,3133.0863586471346,364.6378333458026,-4.763182999141368,,,
-3.323556921425612,0.7899575170065565,1973.536483855853,289.8385082783541,-4.207281896138676,,,
-8.0,6.0058097101424694,1823.1883712875988,277.63708133777254,-4.063963370502173,,,
-3.7131717000773805,0.8213330456586448,2674.316932279009,336.8060443875653,-5.032420473947623,,,
-0.6070097747084715,0.1548000548681938,3379.748560369721,383.8684874393778,-9.356206721581144,,,
-5.075584502884345,1.4158924429191442,3544.4449116213714,387.64685666912146,-4.528734413625297,,,
-3.637515700159642,0.8119069208284478,2577.2422316880475,332.2358786932441,-4.818914970244805,,,
-8.0,11.540696679258087,493.7539032277221,142.87135916547967,-3.380465616340724,,,
-1.8477631102094656,1.420829885128602,136.61158210148147,72.59804171228102,-2.696893630747105,,,
-5.072509852796879,1.8368787943279163,2085.4258164445123,296.19615388349,-4.106180163344711,,,
-0.24187966605596192,0.07644709841535273,9629.625997861694,650.162209472478,-36.921015966544005,,,
-8.0,10.11239219340294,653.2799505386553,164.8794772854119,-3.6940770281401636,,,
-3.3785521030523875,0.5858168711362652,3800.7409122677795,402.5379805754741,-4.820432922058053,,,
-3.042349468726535,0.5536218799381875,3002.695004225835,357.8541192218686,-4.297010659907138,,,
-2.9950403230936753,0.6057719192104212,2425.370910890878,319.9458185835088,-4.5782773757885975,,,
-3.657388473635895,0.8501346565574414,2361.0627567889596,315.3090696465201,-4.310304581889037,,,
-4.225404462685577,1.0502861709167752,2768.405196012237,342.21846633407534,-4.715570942129726,,,
-3.301151813061961,0.6457254306322683,2883.4671874632145,349.15249958874574,-4.385626375826123,,,
-5.159433500048289,2.2497140802706688,1516.6058062733457,254.10750132687113,-3.9478155137560162,,,
-3.3393272389409687,0.6237835037506185,3186.816973480365,368.1549409600772,-4.323873958359724,,,
-4.005006449278525,0.9098271295352583,2957.12234881519,354.01129751880677,-4.7405963044528345,,,
-7.997640104987177,512.1764624304056,9.778887033462524e-09,72.6818996190345,-4.0122170481980375e-10,,,
-3.7418489139895885,0.5076321421528186,7238.76703374561,555.5049802355378,-4.8491928262671795,,,
-7.997640104987177,512.1764624304056,9.778887033462524e-09,72.6818996190345,-4.0122170481980375e-10,,,
-3.6690621279307827,1.1246476766780276,1364.6132574804321,238.87233471296537,-3.888596260337213,,,
-1.8381596023374227,0.32409740953268495,2620.1336232349195,332.86588871163195,-4.241405356174863,,,
-2.657015043994069,0.4637952371320972,2904.0210784468172,350.38751122324624,-4.28441112808458,,,
-8.0,9.3756452678562,763.7428018041688,178.63374454518035,-4.143531223394896,,,
-3.5464529156300313,0.7426068188876451,2804.285969361357,344.21825672131934,-4.689934869442346,,,
-2.7020117063318723,0.6130468442974024,1780.0752086529415,272.8325610968008,-4.858706468941689,,,
-2.8242542356096854,0.42878838636387506,4070.7734068556556,414.4601947910018,-4.927607583784482,,,
-7.997640104987177,512.1764624304056,9.778887033462524e-09,72.6818996190345,-4.0122170481980375e-10,,,
-7.997640104987177,512.1764624304056,9.778887033462524e-09,72.6818996190345,-4.0122170481980375e-10,,,
-6.1296235687838525,2.2498101893066678,4002.537978733676,412.1487022783955,-4.4329379474346045,,,
-7.997640104987177,512.1764624304056,9.778887033462524e-09,72.6818996190345,-4.0122170481980375e-10,,,
-3.349166990070761,0.6328402068314917,3149.265897679273,365.80779726465266,-4.433953370181148,,,
-7.997640104987177,512.1764624304056,9.778887033462524e-09,72.6818996190345,-4.0122170481980375e-10,,,
-3.130626648080244,0.6120752468880261,2684.3210161500065,337.46240392295493,-4.236306982144501,,,
-3.8298740918670333,0.5065089725362034,7965.85933524893,580.781618021498,-5.196877474638199,,,
-1.9820382000185381,0.7706938432941816,532.0391051397751,147.97141899390525,-3.420618950576884,,,
-2.2310939908061282,0.37371457758486465,2948.1139102482566,352.3888119162895,-4.551813752194874,,,
-3.1623476260149954,3.0933498164823394,112.71922451328133,64.84754993723097,-2.738429607228419,,,
-7.997640104987177,512.1764624304056,9.778887033462524e-09,72.6818996190345,-4.0122170481980375e-10,,,
-4.065508045751233,1.0463037689656223,2389.106273297357,319.0156378261124,-4.965573382053454,,,
-2.76245623541136,1.201883831890915,480.87433673798176,140.95192784109125,-3.562480856671087,,,
-7.997640104987177,512.1764624304056,9.778887033462524e-09,72.6818996190345,-4.0122170481980375e-10,,,
-3.1121853148681935,0.5536386528821718,3220.686173750546,370.677158578364,-4.329853563278151,,,
-2.197506563549842,0.40595931073822267,2419.602128591906,318.8107138479634,-4.595557101417243,,,
-0.37951493663457614,0.23603561594515082,1149.412812429175,223.50382064359087,-5.741555923625701,,,
-3.2180103534405764,0.571243069192348,3364.3794664089237,376.8764436898449,-4.351353403429356,,,
-3.0523311657670473,0.5622081272423881,2941.0214768253945,354.93388796610964,-4.286402043830866,,,
-3.167830127321073,1.1241997309200058,825.8692487335777,185.51742303046152,-3.6374172597373335,,,
-2.53511913183283,0.8817841233072982,710.6046325040982,172.16737013501398,-3.960392610204692,,,
-7.997640104987177,512.1764624304056,9.778887033462524e-09,72.6818996190345,-4.0122170481980375e-10,,,
-1.8456244740433803,0.4488283975626279,1386.682472390944,240.20917348991665,-4.050350751063722,,,
-8.0,37.06212613905352,50.723421392439334,40.125008342807696,-2.2624087290110557,,,
-5.525581308479337,1.8276737677330581,3337.5445472106853,376.58571564827474,-4.503755054320921,,,
-3.8047020026611382,0.9128379057775834,2392.4585375096362,318.88975341461094,-4.315402778256978,,,
-8.0,9.778152341480542,702.7606311769835,171.23013029803863,-3.89935526191967,,,
-2.2409117953373854,0.6428583645319967,1006.0901722497038,205.64133053662016,-3.8297589408068555,,,
-2.3348409294621897,1.4216254408457396,223.38619995140002,95.03993180834078,-2.9603160564863304,,,
-0.542190721205182,0.20461704952583332,1774.5439463301211,274.86281696775393,-4.619958024907245,,,
-4.601393349499761,1.4053888329370938,2261.223674820966,310.50891164176016,-4.791607356989586,,,
-3.7030914008145137,0.6941536532697944,3706.345150649052,395.9429574496111,-4.396954239683786,,,
-3.259430755667951,0.6882835669271219,2443.6032986480286,321.21551498812846,-4.451919510415736,,,
-5.3549867802167785,1.8268460825804522,2818.1731511009352,345.45592277881303,-4.416740948925334,,,
-2.6231669316118147,0.49061854048306014,2508.222024905168,325.38850561309414,-4.2113529436337345,,,
-7.997640104987177,512.1764624304056,9.778887033462524e-09,72.6818996190345,-4.0122170481980375e-10,,,
-7.997640104987177,512.1764624304056,9.778887033462524e-09,72.6818996190345,-4.0122170481980375e-10,,,
-1.5788137412768277,0.758534871242471,372.1611225198434,123.23266261282893,-3.505861926656052,,,
-3.619292737087721,1.0523282472047857,1498.1363256521213,250.73706390900782,-4.077061165888372,,,
-3.75089105809061,0.9485940682129804,2113.770078995675,298.8779231760828,-4.571314455965359,,,
-4.962568277165765,1.5725865612122478,2589.4883489749536,331.5631177975224,-5.064875165662347,,,
-2.342451517158441,0.40975227994076086,2778.7238953040455,344.7031817917241,-5.69081568526574,,,
-7.997640104987177,512.1764624304056,9.778887033462524e-09,72.6818996190345,-4.0122170481980375e-10,,,
-3.6648676167130345,0.7442545147523311,3134.4280168113696,362.7102023431936,-4.592611673289092,,,
-5.167763176297552,3.1235259477181256,809.5884841118691,183.96416554083095,-4.09810369365619,,,
-2.353709304623382,0.8713267487455061,615.8867616913484,160.14204185670133,-3.5991622146408133,,,
-7.997640104987177,512.1764624304056,9.778887033462524e-09,72.6818996190345,-4.0122170481980375e-10,,,
-7.997640104987177,512.1764624304056,9.778887033462524e-09,72.6818996190345,-4.0122170481980375e-10,,,
-2.4097917248789,0.9768732741375241,530.6297961584551,147.33729749102696,-4.1358626553518025,,,
-2.63265191882421,0.9437481672291482,699.1700437464747,170.6087124981879,-3.8237053827905263,,,
-3.370214300322109,0.7254164629495246,2450.2386372514397,322.9378311516529,-4.311228297687904,,,
-1.7231203163084712,0.2529808854295765,3891.063349207796,407.24724018327794,-6.058764688219705,,,
-7.997640104987177,512.1764624304056,9.778887033462524e-09,72.6818996190345,-4.0122170481980375e-10,,,
-8.0,6.052860431685863,1824.471421698355,278.27282494498854,-4.570040220889043,,,
-7.997640104987177,512.1764624304056,9.778887033462524e-09,72.6818996190345,-4.0122170481980375e-10,,,
-7.997640104987177,512.1764624304056,9.778887033462524e-09,72.6818996190345,-4.0122170481980375e-10,,,
-7.997640104987177,512.1764624304056,9.778887033462524e-09,72.6818996190345,-4.0122170481980375e-10,,,
-7.997640104987177,512.1764624304056,9.778887033462524e-09,72.6818996190345,-4.0122170481980375e-10,,,
-7.997640104987177,512.1764624304056,9.778887033462524e-09,72.6818996190345,-4.0122170481980375e-10,,,
-3.333196563746468,0.6361224713507143,3046.479495521397,360.6995658371519,-4.443834885820299,,,
-3.7244377424008785,0.9468546623034879,2071.305771347268,296.0047281200798,-4.715002613717992,,,
-7.997640104987177,512.1764624304056,9.778887033462524e-09,72.6818996190345,-4.0122170481980375e-10,,,
-7.997640104987177,512.1764624304056,9.778887033462524e-09,72.6818996190345,-4.0122170481980375e-10,,,
-3.517571010167528,0.8162497836369791,2244.344542391814,307.80360708440827,-4.276081266807193,,,
-7.997640104987177,512.1764624304056,9.778887033462524e-09,72.6818996190345,-4.0122170481980375e-10,,,
-7.997640104987177,512.1764624304056,9.778887033462524e-09,72.6818996190345,-4.0122170481980375e-10,,,
-7.997640104987177,512.1764624304056,9.778887033462524e-09,72.6818996190345,-4.0122170481980375e-10,,,
-7.997640104987177,512.1764624304056,9.778887033462524e-09,72.6818996190345,-4.0122170481980375e-10,,,
-7.997640104987177,512.1764624304056,9.778887033462524e-09,72.6818996190345,-4.0122170481980375e-10,,,
-7.997640104987177,512.1764624304056,9.778887033462524e-09,72.6818996190345,-4.0122170481980375e-10,,,
-7.997640104987177,512.1764624304056,9.778887033462524e-09,72.6818996190345,-4.0122170481980375e-10,,,
-7.997640104987177,512.1764624304056,9.778887033462524e-09,72.6818996190345,-4.0122170481980375e-10,,,
-7.997640104987177,512.1764624304056,9.778887033462524e-09,72.6818996190345,-4.0122170481980375e-10,,,
-7.997640104987177,512.1764624304056,9.778887033462524e-09,72.6818996190345,-4.0122170481980375e-10,,,
-7.997640104987177,512.1764624304056,9.778887033462524e-09,72.6818996190345,-4.0122170481980375e-10,,,
-7.997640104987177,512.1764624304056,9.778887033462524e-09,72.6818996190345,-4.0122170481980375e-10,,,
-7.997640104987177,512.1764624304056,9.778887033462524e-09,72.6818996190345,-4.0122170481980375e-10,,,
-7.997640104987177,512.1764624304056,9.778887033462524e-09,72.6818996190345,-4.0122170481980375e-10,,,
-7.997640104987177,512.1764624304056,9.778887033462524e-09,72.6818996190345,-4.0122170481980375e-10,,,
-7.997640104987177,512.1764624304056,9.778887033462524e-09,72.6818996190345,-4.0122170481980375e-10,,,
-7.997640104987177,512.1764624304056,9.778887033462524e-09,72.6818996190345,-4.0122170481980375e-10,,,
-7.997640104987177,512.1764624304056,9.778887033462524e-09,72.6818996190345,-4.0122170481980375e-10,,,
-7.997640104987177,512.1764624304056,9.778887033462524e-09,72.6818996190345,-4.0122170481980375e-10,,,
-7.997640104987177,512.1764624304056,9.778887033462524e-09,72.6818996190345,-4.0122170481980375e-10,,,
-7.997640104987177,512.1764624304056,9.778887033462524e-09,72.6818996190345,-4.0122170481980375e-10,,,
-7.997640104987177,512.1764624304056,9.778887033462524e-09,72.6818996190345,-4.0122170481980375e-10,,,
-7.997640104987177,512.1764624304056,9.778887033462524e-09,72.6818996190345,-4.0122170481980375e-10,,,
-7.997640104987177,512.1764624304056,9.778887033462524e-09,72.6818996190345,-4.0122170481980375e-10,,,
-7.997640104987177,512.1764624304056,9.778887033462524e-09,72.6818996190345,-4.0122170481980375e-10,,,
-7.997640104987177,512.1764624304056,9.778887033462524e-09,72.6818996190345,-4.0122170481980375e-10,,,
-7.997640104987177,512.1764624304056,9.778887033462524e-09,72.6818996190345,-4.0122170481980375e-10,,,
0.29518035353545974,0.2588364677314935,750.6238954792419,189.7041100253912,-7.863083260175838,,,
0.4502072920050801,0.19975477779709125,992.1164497288183,204.4835730521648,-4.5564539700047115,,,
-2.115107213403362,0.8236599472367717,555.7431309351084,151.20400776162347,-4.272072186022866,,,
-2.0762127304785545,0.7924637804006168,580.4065295282372,155.53666106748952,-4.592354445028192,,,
0.22695226334303395,0.06640349647762836,11144.290625512469,720.5974417187219,-52.24428400354041,,,
0.7645428008441549,0.08197747863215302,8891.043692126557,716.73888078659,-141.79257266498962,,,
-1.683931398329122,0.8201098439338431,347.15060292381946,118.87274921154336,-3.201826954116316,,,
-1.4050983655125584,0.2110662188725349,4017.17925824632,412.36150591468214,-4.976339953255228,,,
-1.4505359996057767,0.5035948067640983,761.2631838079388,181.36747493918628,-4.956510820029198,,,
-1.4487076668786152,0.7752443652470036,315.40166607467,113.31769865906817,-3.354317434238346,,,
0.7229969309320283,0.5568421508010772,130.0957337897191,73.8183612199462,-3.406212695640799,,,
-0.5223139887880305,0.30067136606556094,836.379645363897,192.94436799280632,-6.560126959703231,,,
-2.5951744049113206,0.2953070308760618,6848.802191548806,538.9096502657123,-6.343864662728304,,,
-1.1119298030639588,0.546422969672052,460.22114444012885,139.33759874991463,-4.379591904610114,,,
-1.6638522180492208,0.3760034004566043,1688.1313233380756,269.81794230882025,-6.39928548036883,,,
-2.036778117807183,0.6786613685617178,746.7352408569055,176.85923290745978,-4.089878840210675,,,
-1.2095980937843398,0.19264749472886492,3973.7942371681465,410.8247445725469,-5.637388483892843,,,
-0.017236263622243928,0.07803137388855703,7469.818163632248,578.5775496209425,-18.575807383773537,,,
1.066398167682876,0.11267417773717954,3656.817166141878,454.16226887314906,-41.183675159399165,,,
-3.7332040796609443,2.189267350911832,395.52542004869923,126.95468677570773,-3.913957307724499,,,
-1.4074913526622927,0.3968261924612633,1118.3304337435545,216.32021330249577,-3.857407578658607,,,
-1.6816854336415985,0.26836811664558047,3315.646386717613,376.1118037451858,-5.641597505608091,,,
-1.2455738756861516,0.14872945447636482,6886.944699468006,544.5961440194557,-5.866130527536225,,,
-0.9904246087760957,0.16480364083633195,4331.860214989069,429.3866129243897,-5.510335310354307,,,
-1.0906041650033678,0.19057266839308942,3588.0848907252757,391.81881457632466,-5.389580662219265,,,
-1.506102774452648,0.5548340929950505,642.5886195746207,163.65559247031206,-3.5603692183454037,,,
-1.6534964006088753,0.5766423504811452,718.5775746420106,175.97950308294014,-5.319148252706299,,,
-1.2216812562939345,0.2108007058220872,3370.627538926747,379.42535439044286,-5.795776316000466,,,
-2.488934560990538,0.5298770336060071,1878.3375471723714,281.77783875750515,-4.066526213634673,,,
-8.0,10.32775828682491,616.5418110891507,160.14283208902415,-3.4964093738915047,,,
-2.479304139089811,1.3967823599075735,274.2486720827458,104.88787822919139,-3.1976901953523096,,,
-8.0,13.236518818662095,383.1720508666818,125.32267124566512,-3.6156315720889305,,,
-3.4903661649856295,2.2492058852999173,285.2142947547999,107.6455027716629,-3.087172295774184,,,
-1.9330908291430635,0.7798029657955099,507.03559922772,144.27913518253254,-3.6131720484233583,,,
-1.1472251900748853,0.21304789892508144,3022.4115503803546,357.88399579652935,-5.093116537416531,,,
-0.44711088807863164,0.1250907146053031,4395.492751468075,436.52071330634067,-12.639683306074659,,,
-2.5265570416538625,1.1570699528379316,430.8982971329196,133.48165086140796,-4.371819908058183,,,
-2.011250788676414,1.389686127731176,173.73222549126405,82.56577498630175,-2.9499737722614423,,,
-1.5000728588362466,0.22813868111042848,3849.494719630266,406.341701348346,-7.5799774911397435,,,
-1.0145116910530358,0.09924979008910238,12292.938607046734,729.696391708799,-9.828734555877826,,,
-1.506400786000863,0.6791115465307709,434.0140604075397,135.39601920380676,-3.9115565228284606,,,
-3.0875469154586943,1.09440786996412,834.5360587430661,185.98999264192227,-5.325465505396464,,,
-0.9284439965326283,0.20696190926453184,2580.801154908508,332.55839041311435,-5.134881716901017,,,
-1.8909757216327179,0.23561189686866962,5265.9314870811295,472.31789892806216,-5.111634792081448,,,
-2.358328730056436,1.0343029438740337,446.6455186821453,135.6044309738277,-3.938327605747196,,,
-2.4737602610505505,0.8719799293378007,693.5076228628355,171.23270232127427,-3.870749478431364,,,
-8.0,11.099592290768793,543.0762357828407,149.99480143617262,-3.5974295870490933,,,
-1.5732291442962159,0.1939520077367938,5734.123252870761,497.49373093545614,-9.180979976053221,,,
-0.5449571882989255,0.11751284202076766,5489.973805679077,490.15106809438663,-12.038727444737837,,,
-8.0,13.997365312530752,346.177261693804,118.85852040210958,-3.7299521057489526,,,
-0.5377294811800473,0.12190878941276556,5038.975111083484,468.8324362596956,-9.635588625199258,,,
-1.7815911042982466,1.165435366371642,197.64353112244675,89.17501578726355,-3.152173364460975,,,
-1.5714176321830768,0.2208465571181496,4425.03694309903,432.97484485237,-10.207226900568108,,,
-1.526045464827502,0.35769553002081284,1591.9290192040937,258.6050800581845,-5.306122842196297,,,
-1.8846970390386344,0.5223366594857756,1049.4577329170208,208.36580946995034,-3.982378988392388,,,
-0.977571829128811,0.22381005322034342,2341.866952226396,315.55674811163755,-5.771952911828336,,,
-0.2219306844551908,0.2925493745298701,630.4016204266511,165.41666613760216,-4.466317630046218,,,
-3.0355494287633844,1.2501153168381625,616.2193529390945,160.20863834409238,-5.873030254939511,,,
-3.9088082337066146,1.4014330676203595,1140.8294565094413,219.73666386890264,-4.475633029116501,,,
-1.0125053837980573,0.2037782123395758,2931.116251116719,354.98623101346345,-6.476154701486053,,,
-0.9465837603696983,0.17960611494023673,3506.0014531378574,387.59234983783125,-6.730867228155098,,,
-2.2897572009500786,0.8815424750838639,555.7406126672361,151.1772842875405,-3.5798319833112284,,,
-0.8057310418561339,0.47104217744977206,447.9260286861434,137.37589841172422,-3.9661751836586356,,,
-2.3194088543831555,1.1820557183283746,325.23404208069695,114.43134607559509,-3.276288226853014,,,
-2.359916547188833,0.820794254495998,687.3028378568342,168.88466038916437,-3.5513668346867693,,,
-2.531674738022654,0.9075309614850238,678.8050630762856,167.24825524698682,-3.6538210805487563,,,
-2.728317031365081,1.1242221546242266,531.0436536805546,148.27289849274203,-3.6128392530432394,,,
-1.408812866918,0.549552603067304,600.5428977273857,158.99970936967665,-4.75097972259669,,,
-1.069308148386299,0.40330127257882664,789.1294760978826,182.95872726187324,-4.200234876509566,,,
-0.2131985171877522,0.12907931555066424,3187.292765450762,369.71803044915345,-6.746069608531096,,,
-0.9190134837704872,0.3204237934318071,1065.0768168852871,212.98570172378038,-4.025002541892361,,,
-1.5555859348700922,0.19055870056070975,5777.524783035415,494.94345737977335,-6.499711059468344,,,
-0.8811691539034676,0.17051056717043436,3637.1047050778657,394.5569019723409,-6.5980763383677274,,,
-1.1466306079171633,0.2793328601006899,1726.9060107570078,267.7498085021021,-4.392569257711887,,,
-0.7186431774001402,0.15994717699082941,3515.1885450376735,389.5526671268559,-6.934578925427854,,,
-2.6078060277768693,1.0374252085684628,568.7149595066161,153.5168179188704,-3.8728582342419524,,,
-0.6722438570558521,0.1517174745259489,3738.8266250533798,404.25374246070305,-8.058795347085063,,,
-0.5986999619749485,0.17377022612122023,2606.124248580052,334.3705595472092,-5.372290718838505,,,
-1.3459123528750898,0.21738984949069418,3602.789191882012,392.59032519277986,-6.193079207908752,,,
-1.9762674715473196,0.6372402670835993,815.8255837499576,186.64629954453187,-5.832794872269142,,,
-0.9061013510215659,0.18970623487507576,3028.8581383984506,360.9661319472997,-6.380698750825529,,,
-0.5738961142102272,0.46973271357439167,343.5221911180538,118.67701331946485,-3.196141086792096,,,
-0.8078991723258167,0.3029823061790343,1074.8544828859713,215.10516063617405,-4.6175498904632315,,,
0.4644970665681761,0.16591425206905594,1433.5700021462837,247.1772273606484,-5.0479425750247,,,
-2.984782937902263,1.5901039622974538,343.5438974312983,118.896546333603,-3.3909573817755625,,,
-1.720735229672555,0.6510288813452763,585.2841570604354,156.97796243841026,-3.6635356124085616,,,
-1.301975192178873,0.19366236591032057,4328.298274222872,430.58900496986104,-6.08924864084476,,,
-1.521993621582522,0.26743981929032623,2863.3481489766227,349.0616120699868,-6.560332434911951,,,
-2.3320425979986443,0.4397927475176441,2365.9673110990498,316.2260771798258,-4.618218947052332,,,
-8.0,11.68836736818645,481.3566274610974,141.03007407676006,-3.3672984767946685,,,
-1.1860927719002308,0.22673149581445834,2834.4043176093655,346.54602289757304,-6.7729487455685655,,,
-1.6823919267990777,0.31048008324888293,2476.866028187429,325.02775360649554,-5.677215523776855,,,
-4.208732567925244,3.1298492401689986,309.64668176303843,111.76445840774929,-3.2913052264332876,,,
-1.5730473244232088,0.2618300473409466,3144.670260821689,366.5851988211133,-6.747014075737299,,,
-1.6987869421413968,0.20027816583252278,6064.887014181187,507.7801948681498,-7.337240831109804,,,
-1.0925382594408342,0.2603670672381821,1908.8260967795732,284.8051226724903,-4.118752275760578,,,
0.4672274623455892,0.2615377996935508,636.3956880902373,169.7584888375743,-6.286377651261942,,,
-0.895824229355793,0.17999314410418074,3323.1840305380115,378.29708198585087,-6.30053172612738,,,
-0.24074228634186512,0.11819756504846679,3927.229767893198,413.5020915461901,-8.308111656486028,,,
-1.3326493250520675,0.20740652611110855,3859.8074037891406,406.4075048533782,-4.8240538566280815,,,
-2.301897604178364,0.7724682966173909,760.6737353931491,178.16281513827613,-4.593644229546763,,,
-8.0,13.663244033875921,371.129652699427,123.20349433116637,-4.235643665425884,,,
-1.3869334148341077,0.22016553615060203,3662.461027956603,396.46851128284214,-6.240222270294266,,,
-0.5112849454275433,0.11528712222235377,5565.751820131889,497.31856568335576,-17.396894019727572,,,
-2.5882931623729686,1.005444688890795,576.6135835628606,155.1330423482861,-3.459104765205651,,,
-1.3652312186221804,0.2028960462534842,4197.204104743,424.03237768012895,-5.7091424395289145,,,
-1.3013920032882904,0.2147459863027886,3550.1226891679735,391.1161847079038,-7.247352439205531,,,
-1.4592516820598636,0.1971517757890534,4882.20337282521,453.13335867545044,-5.686776763963641,,,
-1.4354669935263282,0.882235255781652,245.00775851229739,99.5427848571965,-3.5126180377747036,,,
-0.31352372679376966,0.09575299545659997,6462.4830679923725,531.4645901079756,-11.241467945382052,,,
-1.673018874797695,0.6498811057841847,577.9404785548736,155.3419265399061,-4.949269222468388,,,
-1.4669178383364694,0.45385292749298983,920.2984641367685,196.36024721624463,-3.728069714437534,,,
-2.2564412013153254,0.2852483321456012,5338.281955751984,478.2081052686314,-12.275544904637565,,,
-2.2518532470106694,1.0991861155723808,354.1336268856297,121.53861106156619,-3.4759916155723385,,,
-1.6467411408838906,0.277710674217302,2957.427953370304,353.8617402684887,-4.515483293269205,,,
-1.2797764073316238,0.4731067127852969,690.3229412758772,168.56487453203795,-3.8018033999424774,,,
-0.5159225443117471,0.13931352495621244,3780.791888732837,404.9729155523939,-8.864073954968738,,,
-1.3623408954413094,0.211184935212804,3872.647729473547,406.02259060580946,-5.953280030950619,,,
-0.8874642246081063,0.9747065945673743,112.52585411435884,64.79595320040877,-2.6569748575475813,,,
-1.2045673883082162,0.21160231137082083,3300.407391834669,377.0816139118353,-6.393433578567786,,,
-1.1233531880797705,0.20331366463545844,3275.744681517401,375.5356983071569,-5.673588615514754,,,
-1.3287370737361754,0.4695690894230822,767.1678091674463,180.25994518052704,-4.475477074123849,,,
-1.6918824095557201,0.48398117510840283,1055.3105931943307,212.6511278857154,-5.857216156860766,,,
-1.2694987618241202,0.7073487472516421,317.4963704432046,114.20089182008064,-3.4592224663607265,,,
-2.19527597920562,1.3597074236852065,225.3484102892629,94.43090422220877,-3.7075487562988334,,,
-0.9636531535951659,0.33696310760383724,1016.8271675618139,207.71105132614153,-4.352783207897124,,,
-8.0,18.1789932177922,198.99160755434266,88.66286733040792,-2.8986455967290397,,,
-1.7638469086168838,0.2950865202749913,2975.9615018251097,354.99523801471287,-5.285527229488414,,,
-1.3361429848098132,0.14918756648636514,7634.250891218182,572.3819907136118,-11.884046861296842,,,
-1.7541523780754105,0.20204766907650792,6301.300544267911,518.4420215581814,-7.416782340296638,,,
-2.5839811724095085,2.189777276025974,125.47211422110952,68.75543110543815,-2.787647907521206,,,
-2.2026228740733726,0.9737007791152547,435.0691602161216,132.81389591044513,-4.0187657626225235,,,
0.10537809434897934,0.10198867195652662,4434.456786730544,449.1591667030396,-16.35496362799192,,,
-1.6419847728062085,0.25492203661463225,3538.5135872861874,388.2510065143835,-6.135276650507542,,,
-1.5565892775158876,0.229130503372705,4034.879411244288,415.87784868828595,-7.377829074380754,,,
-1.5805921133998508,0.2687868791755311,2945.5559057502633,353.92933706903915,-4.40726893348865,,,
-2.1558525163084945,1.0594311412006359,335.7065120216072,116.08694449085738,-3.175134563957171,,,
-2.442052197897388,0.32358325608226185,4891.628322589226,456.6460133611565,-5.750666093691095,,,
-1.6404707917876589,0.45257940637862915,1125.3965241152941,216.00991778619573,-5.168308300208934,,,
-1.4211233640204,0.49269579671201225,754.1952628813681,178.09242981326463,-4.039485195741991,,,
-0.7295752334203278,0.13389190013564892,5084.464898775356,469.2570924555648,-8.933627245066148,,,
-3.2851906053569704,1.83633314495329,348.27965420932026,118.48920255528373,-3.1898093324807997,,,
-0.8661401417760937,0.5198893976834159,381.42372125927847,125.84350967621486,-3.388244889805771,,,
-1.5117525926871231,0.8061669050738374,308.33762038920105,111.93876445142685,-3.613812572453388,,,
-8.0,9.5033115725268,728.1565521082517,174.23303849049097,-3.582390002649833,,,
-1.241523975654093,0.2112130110753846,3428.5691882450496,384.0914599694045,-5.938295817753829,,,
-0.9335107472674473,0.23470468152579027,2024.4685576718437,294.2222594190396,-4.948523192018509,,,
-2.841621037165807,1.5899981548473645,297.52736559199303,109.48802530845094,-3.1101574523843563,,,
-0.0807227287471676,0.11257843430643553,3690.8294392963203,404.73666422294974,-11.064500098475325,,,
-1.6255538570804253,0.6394338969257639,563.5218104234323,154.2379159936554,-4.452180136832017,,,
-1.5405214030255703,0.24726532273082008,3381.3706001120727,379.5654853512513,-5.527527589551691,,,
-1.1136960507249418,0.22578242365187604,2647.7674458526803,336.6763477533275,-6.1925600706304635,,,
-1.175985243512256,0.14858656367669074,6478.837011586455,528.1573257665859,-7.624364945761046,,,
-8.0,15.371393015783086,285.0615598913871,107.33146097830979,-3.258692269718166,,,
0.06508136320831011,0.1718207727191083,1561.5093996899398,266.18676178636,-8.929202903414676,,,
-1.8046116342644576,0.6113903971131119,706.167290550793,172.41533993770435,-3.584109313248001,,,
-0.6895703539109423,0.11604928483467514,6487.8563762325775,529.8659165373281,-9.876223101809497,,,
-2.475837876971071,1.2977114263993874,309.6727144871519,112.09924357521174,-3.415414932151131,,,
-0.9633240427926737,0.16355249214255146,4319.141581098856,428.73106130407814,-7.288690676730775,,,
-1.0115394974084,0.18762589662863294,3421.743680408877,383.83906400348695,-5.403835327498211,,,
-1.0312666085651567,0.24422535610120671,2093.2837503885294,302.04573122791754,-6.519423827655873,,,
-1.4209910760888165,0.2055762457919706,4379.274730400588,433.1382601574322,-8.339007659272033,,,
-1.3272030188113393,0.21849572952814159,3486.2070644789624,384.27310222802333,-5.56438415504709,,,
-1.8932754393811808,0.3107627072508709,3040.83980043337,358.92310778704353,-4.845866989052215,,,
-7.997640104987177,512.1764624304056,9.778887033462524e-09,72.6818996190345,-4.0122170481980375e-10,,,
-0.6773231278458159,0.18767730618708295,2426.867360153422,321.6601078593982,-5.006832468983894,,,
1.0635284341345332,0.35908071115226753,340.632845991356,134.00816839218803,-6.497821587955955,,,
-2.4492561878460877,1.7545150173709594,175.12591633937748,82.5238748343561,-3.640468704403262,,,
-1.495673784048982,0.26703247947699116,2773.649212869334,343.01735855057103,-5.348646724090061,,,
-1.09230054445391,0.2642261490191274,1868.758104946761,282.2926222598471,-4.446535709251971,,,
-1.445446934730693,0.21734983774191685,3993.166070661783,414.24901606743794,-6.688580123301291,,,
-3.064430186896725,1.8050881961862573,295.6105789434395,109.90178829781323,-3.256918831896391,,,
-0.027783643558829813,0.23768385473967532,811.4758845005484,190.75203200192328,-5.798632548958408,,,
-1.416641799885613,0.25419234461779,2786.6116760471596,343.6226534775737,-4.342078486769548,,,
-1.048008288567256,0.1913448188006644,3429.56054276909,382.62926888830646,-5.99775061451097,,,
-1.483780212841898,1.296230629153038,113.31206243285872,64.65903538769058,-2.5881130889961383,,,
-0.7421751008903181,0.12973377175104311,5426.209571734641,483.1654719793141,-6.261876194039672,,,
-0.9768561277654542,0.20844785687461453,2650.9050243632414,336.1128991020264,-5.17686190278524,,,
-1.4538446441139223,0.499049741249,759.9909217464538,178.72260760369346,-3.8538433617858043,,,
-1.315788700010467,0.534915951323985,573.3951180490909,155.1840262438323,-3.598379121870094,,,
0.03565960231935332,0.10282850101463008,4264.913403569583,436.2221605476077,-12.594669736681116,,,
-1.2142608316600292,0.16739529028831612,5326.374231148209,475.89565182657117,-7.880270991282921,,,
-0.1622975805656568,0.3343320199020192,442.2370015596359,134.942913293492,-3.740525726908758,,,
-1.458759124078764,0.8230921062730246,285.3168183943362,108.06784914602827,-3.433227784321961,,,
-0.379389545318229,0.2710052554725358,878.1412198787389,195.55363828360194,-5.786318809482358,,,
-0.4239510655503641,0.12386349435975762,4352.339388497282,437.1625117746254,-10.139755553581011,,,
-1.1335397643138707,0.21020072478938445,3096.9318631027477,364.01686606486794,-5.582084900225247,,,
-1.0241240771017863,0.1969691320322768,3159.303158568139,367.14836906256045,-5.873826069297837,,,
-1.3813263087707344,0.2018041715416523,4332.476092038507,431.54977531397986,-6.586011859075164,,,
-1.6251088726921692,0.26072685587584987,3316.0918505175664,375.4829088607199,-5.597036361994136,,,
-0.8346134666409164,0.3613456220730597,773.3166633108281,182.28524273870096,-5.009420655210424,,,
-0.049866436537121625,0.10790212487823725,4000.8520943041553,426.6733691742736,-15.338460435898854,,,
-8.0,29.46386380168356,75.75181980563688,51.41076312678361,-2.348934851577174,,,
-3.883427788255796,3.1809392068966704,211.45468725157224,92.02012793346363,-2.9279375984399554,,,
0.4600211582449456,0.23178138698860384,850.7376062115576,199.9163247939672,-7.017808807249586,,,
-1.7314619161912148,0.5534137496785906,815.929019156979,186.34693377091875,-3.8132536043904004,,,
-0.9278821836023297,0.16784651378041615,3921.9255266838413,409.568753363502,-5.53747671273672,,,
-2.7605212492484608,0.3285885210269289,6498.999957095537,526.8292062111772,-5.383766554496164,,,
-1.1844430381290008,0.1889341349796878,4059.013388219436,416.65728254717544,-7.1266600626421654,,,
-1.9347023867187314,0.33493352107557745,2685.0714538634625,336.70112817160816,-4.2898528880800715,,,
-1.7855946243486216,0.6846886945360956,561.5687702508991,153.20665370059314,-3.5257203982941236,,,
-1.2026426749651236,0.17492715466547656,4800.879848358547,452.4326539864928,-6.590563776429485,,,
-2.0084034358895377,0.27654761280847534,4357.0353066453345,431.7663248267922,-6.754791781111989,,,
-1.6394483922957754,0.36070420437908046,1738.1187494659728,270.68349814619546,-4.115276643498811,,,
-1.6649492657940272,0.25057681728223874,3688.517764964823,395.39833644367593,-4.50856947631596,,,
-1.2835639165778328,0.18988449816691536,4410.742772663358,434.4806496673218,-5.833030279448461,,,
-1.0768275130237661,0.1670352411703476,4653.319028925681,448.1455780965894,-7.64573513973702,,,
-1.0616902025880794,0.20707712549686846,2959.6607373279467,355.72022159076175,-5.653624690102992,,,
-1.9660258588698412,0.3017402763470285,3454.99719373859,382.93158177670813,-4.558179472731532,,,
-1.0001313869336108,0.18335561658486482,3573.3816893043945,391.54936542418056,-7.937939336045337,,,
-1.770924382711526,0.312773129971015,2680.8279195936448,338.52029499191536,-6.482011268968837,,,
-2.0181619604850662,0.28776313777736084,4024.437090016468,411.8382206710977,-5.1010719297912175,,,
-0.8025508897482492,0.1796985649879788,3030.4607782288126,362.84586765848917,-6.153813358507646,,,
-0.8031509413643433,0.6246905945358752,260.351696249592,105.0776012145055,-4.100617500370317,,,
-1.0330963593596405,0.22651224499970565,2400.903910205349,320.4031771277246,-4.9371343289386385,,,
-2.5764932414481754,1.0985160582699003,492.61708317237475,142.6375422146655,-4.205287774457493,,,
-8.0,15.89007258639668,260.44896852912416,102.34870389658948,-3.043249838396532,,,
-1.580197215871403,0.9845909378605121,222.52292231110098,94.51632435832904,-3.05636452044922,,,
-3.9062984351040355,2.2493728125049075,432.683268178966,133.49697439888766,-3.304574250746894,,,
-1.2591760280360564,0.21558697956604722,3354.8246163145427,379.0989269716151,-6.087280449186619,,,
-1.1210577724889124,0.22154838428505355,2773.3320204061183,345.1607107164115,-7.029746710964503,,,
-2.9333178312191173,1.5481208344163029,355.13207553778017,121.29099513027371,-3.8428291951477935,,,
-1.1710564204146088,0.21965834126690978,2944.631347514762,355.81671571002636,-5.40834468768762,,,
-2.516770813089873,1.2579844665221263,357.71298438137495,120.99690694781727,-3.803727049311609,,,
-2.8749244269338865,0.4720194162332135,3565.830648152394,390.06750183269185,-5.7897667425696895,,,
-8.0,15.189005141117573,285.0465461659575,107.3369473171148,-3.091232180839839,,,
-2.7385499782808416,0.9899663630933551,706.8097606171025,172.89240525589838,-3.8296736409427656,,,
-8.0,16.087352198956875,260.5622291373195,102.32271672225093,-3.411221725192619,,,
-1.1224136569883338,0.23514068033299362,2457.792393433664,323.9252094832117,-5.721883865897379,,,
-3.1971707576925565,1.5473958027369459,466.18260389712196,138.62367359978848,-3.9736559210957774,,,
-0.8919562160696818,0.25274239744210514,1679.4372775270094,267.37200386213124,-5.023339699429208,,,
-1.4082499955945234,0.5444435093495331,594.6153609708373,156.77573637498807,-3.7043396025024258,,,
-1.354371408624024,0.4689557932158343,791.1282149438277,183.6638135075178,-4.633247787528567,,,
-3.883427788255796,3.1809392068966704,211.45468725157224,92.02012793346363,-2.9279375984399554,,,
-3.408658339094307,1.5659212385027528,551.8485660209385,151.33857012903445,-3.9191106907815656,,,
-1.4173200582558756,0.2906046522640294,2171.63300157503,304.25266121714515,-5.390635007848619,,,
-3.9985625017939195,1.803053006854427,757.6177744411739,177.22815447822944,-4.069403645902701,,,
-1.172832127686913,0.22669961597043142,2777.187359090412,344.24087952421144,-5.64696293658227,,,
-0.6748948109700101,0.3538982294273778,676.4425101683933,167.74621775735784,-4.020310398447914,,,
-1.2055607778432118,0.5128999562125867,566.7198652342072,153.73703743757522,-4.058248435658715,,,
-8.0,4.850704529088617,2794.892090219395,343.38115296277203,-4.292609826110708,,,
-1.4319539646900952,0.793691950268366,286.63771121913874,108.20360548214677,-3.104301377519397,,,
-2.1581667352892064,0.6814119644760113,833.1669132964015,187.14821573227428,-4.410169751626538,,,
-1.938511050217936,0.3940708636535665,2010.6756226902426,290.7461004838289,-5.716563175296691,,,
-2.0873265733402384,0.6360505413198819,892.5220328065298,193.17138885854445,-4.17451935842952,,,
-0.9571237660376759,0.6085057158318401,315.86281082941235,114.51702649329803,-3.786218196110509,,,
-1.203153443568437,0.44959204397023667,734.2823635199887,176.0803627180508,-4.4726250913650345,,,
-8.0,20.71234031671605,162.10955687617766,79.31908392501346,-3.289239362221683,,,
-4.165599609466596,1.8366528514999905,841.4701195498478,187.80846604883504,-3.643788514102084,,,
-1.6368439815840226,0.5290534695236655,810.8594015824202,183.81169991046394,-3.791664073508646,,,
-1.905501535619759,0.919328673510196,365.8950483561029,123.49811097470585,-4.221351673495059,,,
-1.1488362541833637,0.3706459659183455,1013.0407598182943,207.63533579706817,-4.218480962474739,,,
-1.2154737831109992,0.18725392853540007,4234.169054754473,427.29200685003,-5.861306361418186,,,
-1.8219277085834076,0.2909520054505432,3195.6365163706505,368.6457195992206,-4.333019561097277,,,
-2.279173860385585,0.8947892850119561,551.6990666832345,151.63336737347493,-4.589165630240256,,,
-3.1484022354752765,1.7855744804619074,333.6781959991472,116.71676709176832,-3.6396224160605097,,,
-0.5197737874500666,0.13468759018240717,4038.2895697248177,418.0167168180745,-7.667805958213878,,,
-1.585827820694971,0.24700287213184438,3495.6624008834992,386.27461217576405,-4.402583733554762,,,
-1.3823966658761713,0.20992529488368877,3972.1147962986465,411.5370292003112,-5.061765511944745,,,
-1.102221894356653,0.1921367935662411,3578.5129755725543,391.06424247616496,-5.412807886808945,,,
0.45476338770976943,0.2769268544976745,594.261546429833,165.65342221174728,-5.947152318884263,,,
-1.2875601330818105,0.16998067394479896,5545.83894137055,487.89522385646916,-7.841587064598766,,,
-2.1280157889236246,0.8814736293670528,471.4783355692891,139.16589336331833,-3.3537503222278424,,,
-3.1508710901812678,1.1767850851396784,763.1093675418776,178.71104626191087,-4.408584851309362,,,
-1.9247875514269384,0.28412806309339506,3735.3776167214914,397.5533731729263,-4.578381130488842,,,
-1.3125724959619545,0.22257512342251745,3327.868575639032,376.4685662538403,-6.282677971797527,,,
-1.4023019007471822,0.3056561845560276,1908.8926113232978,283.88020020581496,-4.292184178899091,,,
-1.3318596537779048,0.20390565399855018,3989.083053919574,412.1544964179529,-4.827663814272995,,,
-0.22435143237135022,0.2845693798786752,679.9033899158106,174.36233800622213,-6.292817381126644,,,
-1.579575530876304,0.9167430715583941,249.80609902315183,99.94424049932366,-3.0249782859038303,,,
-1.8436627710583202,0.6816508067184917,604.7061697904114,158.64624417057587,-3.6854143527876735,,,
-1.395688257729007,0.2542005550998741,2763.2817271300833,342.817521658705,-5.2705511915414816,,,
-1.7741787043762796,0.8239897437559308,392.4702880018868,127.46604509960511,-3.7708600892899726,,,
-1.4079183221814362,0.19531374684453598,4728.502316111885,449.9322232955876,-5.864433048366303,,,
-1.5091831733046475,0.2093096825387053,4554.652548188433,439.4151843520808,-5.508067025439657,,,
-1.3727198337568267,0.3821485680401972,1163.721255456189,219.3401987898461,-3.8869736439986324,,,
-1.4497323336497947,0.9811124949025828,197.0534791538176,88.68090811187676,-3.122392377931696,,,
1.3707423110647863,0.2371916583746353,650.9369917919682,175.3737755295969,-10.201164907628343,,,
-3.1207179544267154,1.189264692807568,714.7958495347058,172.99271417008862,-4.703472480735053,,,
-2.4365241597826857,1.1239909681949312,395.9593428956752,127.52024796190125,-3.261400480501408,,,
-0.6613193983108028,0.12334157302580713,5585.131537719486,492.6134176473919,-9.525810120719946,,,
-1.0619146263003536,0.1868638038779309,3628.8038806946256,393.83837539913117,-6.1535478361555835,,,
-0.9724244808254431,0.16236238358519922,4370.795564276245,431.5386286298215,-5.198219668593075,,,
-1.1481616851197902,0.1692583066872221,4794.858171376425,452.04055155910197,-4.884219423717311,,,
-0.7223049276297633,0.1421487940090636,4419.9452272325325,435.44185752507434,-5.559930197492352,,,
-1.195121503894829,0.17371456089123152,4855.466478681759,456.85639587675706,-9.384700244577918,,,
-0.5861899576868379,0.09923508074302378,8035.189675399889,590.703171705018,-15.64086371731548,,,
-1.4457910248036305,0.20486761328867611,4491.133743048746,438.22911237207967,-6.785479596247732,,,
-0.37816130154664385,0.31264903943352756,651.9864356091006,166.93549520036734,-4.616033829000936,,,
-0.5691644224574512,0.13725440631743843,4114.305055997324,424.19948694527085,-9.850450959657383,,,
1.376595758479723,0.045114414464852655,18866.979079186178,1000.3601851183179,-226.67422035228284,,,
0.0883600414059522,0.05467827949785993,14838.05907900177,832.6585445031309,-42.37208924392331,,,
1.7078168707924521,0.15811171418725,887.6881138114793,164.05705694931112,-10.430076428262296,,,
0.16596838756184826,0.17884079309579087,1536.1494343666425,267.9339391651721,-11.483012177921303,,,
-1.4119356137155208,0.5855910715324736,546.0394987249649,152.08329565390136,-4.8434524497933245,,,
-0.5963127013444898,0.29557423444064007,916.1524134595722,196.8952737919183,-5.5767202777834175,,,
-0.7801363009245669,0.47150228087785645,448.96863439141464,139.2638042701508,-5.8660409402840585,,,
-2.554813143392263,1.124094110925528,446.0146800235699,135.3613422632144,-3.3217203589090394,,,
-1.3566256332985258,0.6625854584841407,391.68948927570494,127.52090475328282,-3.635059386163503,,,
-8.0,16.087352198956875,260.5622291373195,102.32271672225093,-3.411221725192619,,,
-0.12580797608967784,0.332518475865598,445.58881055992936,139.0839081970804,-4.50247918147104,,,
-0.39948380164502184,0.37398875337487264,473.9327764574461,144.64091695863598,-4.85695883431257,,,
1.8040449501967675,0.15726709043406908,906.5087901757684,162.78369411994382,-16.498910320013582,,,
-0.7314740532015389,0.20012556659242337,2293.1507313476354,315.99301991148593,-7.006506190146588,,,
-0.3278072563258856,0.28632191444658944,741.0602924855591,179.52170989134916,-5.506993471935385,,,
-0.6227463039104766,0.2866169039936615,994.4446456151616,206.3100234386123,-4.652798423499334,,,
-1.2575498953529995,0.7374848934321424,293.9270481709522,110.09505655106288,-3.842668992929595,,,
-0.48959978165252865,0.3468329681630412,604.0603314829191,161.3525703995718,-5.561510359518056,,,
-1.675774767282833,0.787552735069391,410.0392350928106,132.11609600636135,-6.895516176636158,,,
-1.004348272612915,0.4079495630061835,726.3708643858887,175.65355071154923,-4.188017224509424,,,
2.7209787837570256,0.5061196327749603,17.60378997472631,9.411392908899769,-8.83811088450496,,,
-0.3701156484234518,0.3617193430286301,488.50821793890697,144.67351881596755,-5.342025224840383,,,
-2.2183116022549423,1.1667284865859053,306.8093484710743,111.39056712411809,-3.5541182305805035,,,
0.11129446431995246,0.04705266380242532,19473.130570362828,962.3479297099756,-60.9235596140217,,,
-0.49655563609231523,0.3433919115037447,623.4458733766977,165.506812632785,-5.760218797064747,,,
-0.9766539489956134,0.17678015603989772,3690.891054693969,397.2235368671963,-4.725273910937898,,,
-0.11488830461015756,0.08489030037089547,6748.995764356697,550.94583493815,-17.56945042570669,,,
-0.35282995459838307,0.5314558442072477,213.4905173406265,91.09066066819057,-2.935853442804324,,,
-8.0,32.233775258098696,63.29204406255972,46.10228068712307,-2.2377912766066803,,,
-2.1869062362807763,0.9583143317474092,423.416605531378,132.24397707869363,-3.8967423511361616,,,
-0.6964673668080382,0.37842265477191583,638.5645574806788,167.31129042663045,-6.492203914050363,,,
-1.762332570054909,0.8509833628794704,365.94676865957035,122.3474853615112,-3.8910666431896477,,,
-1.0381895807779074,0.1799229912622848,3800.020821771934,402.62713695399236,-4.853757404512455,,,
-1.272595392702924,0.5308979026283465,562.5393873569286,153.66349000410008,-3.820102279463977,,,
-4.460874034219848,3.016752266793195,443.2275267777387,135.37674461894377,-4.979750641341829,,,
-8.0,27.91501248798581,88.1430087747961,56.23328954127438,-2.6074006458307832,,,
-1.7033322045487902,0.22503120736959414,4821.067081515015,451.87155470696047,-6.456841653569775,,,
-2.701122044554162,0.9666243357530665,737.8376301054376,175.10782338629951,-5.800276040219648,,,
-0.7888074494289506,0.42177413742055564,538.0744555146694,149.92359237889116,-3.56555357926397,,,
-1.046695288015547,0.2115767456637756,2803.6932657512543,346.11238828640467,-5.717982322294816,,,
-1.9614211986386063,0.7832723297097292,537.371992003359,150.28493524034232,-5.324613386727264,,,
-0.5147726948665868,0.3617197467665169,575.4543325629365,159.39728687797148,-5.734164133700707,,,
-2.854893480625755,1.1694126065232533,578.7675718603514,155.38430021061933,-4.217426039483858,,,
-1.5034593832527932,0.5943306827374297,570.8522500899863,154.50776101063056,-4.422537438118062,,,
-1.7421336354066235,0.20027481643311465,6304.252777962814,519.9582339230436,-6.223588706535103,,,
-1.1555994725575076,0.14600276748120183,6664.449504943428,539.7230255492882,-13.250529868977747,,,
-1.607056327441055,0.531181589607898,776.1255588677249,180.7981732829833,-3.8586823576475524,,,
-1.3021234241736594,0.5466401105100103,559.4616690358166,152.93922213750457,-4.801143832317539,,,
-2.427378763158963,1.1013840512083335,420.0519247302358,131.4808353938528,-3.56264114194792,,,
-1.483598959192045,0.19371248406277056,5184.813576881896,470.40102059026384,-5.82788661694492,,,
-1.332415996583653,0.48977005932574225,679.8247056495064,168.57481499612706,-3.5858566338734694,,,
-1.6059261491511856,0.19654793174476876,5762.718863099397,496.7576054550462,-8.685562712848073,,,
-0.6212129583659792,0.38965097881873706,535.4063652178767,150.16496349494233,-3.8050678073004995,,,
-1.412079162033725,0.4445983575424857,906.7877982031405,196.33647880439747,-3.717486544668754,,,
-1.904157762388441,0.4254305411177234,1649.1175448211686,265.1255948444593,-4.5170791282012495,,,
-0.1914209413732443,0.18895962681997666,1488.6341069851294,260.5647748056089,-8.251605621211976,,,
-1.4824037039895421,0.4872716090537154,861.3952773006799,193.06527142463258,-7.514988977059934,,,
-1.5336189184942244,0.6157067522095189,550.8523922907494,151.34491072677508,-4.152096414333314,,,
-0.3056143603020647,0.19491096294615126,1592.5905798815754,268.8942857169719,-10.3725584625617,,,
-1.3798628197479057,0.5447445039920248,600.2062070921185,159.93332889903013,-4.138336199142724,,,
-2.8043893631927324,1.244944983852532,492.87584480987493,142.95498731106653,-4.753470679731588,,,
-1.5968099455374976,0.2387516468865531,3896.5595546109116,410.00286680497913,-8.848053690383367,,,
-1.694160079277833,0.6626291309055172,553.2620926486139,151.2741646587223,-3.763384453086502,,,
0.6583553040080579,0.23113290484575788,932.0690576382163,216.28534731597884,-10.976370390639996,,,
-1.1094747092197306,0.19368094134956026,3670.8906837329596,396.8498977532441,-14.347346752105944,,,
-1.9761680227324736,0.6734748995616091,720.5289139622282,174.338061279838,-4.511125654002516,,,
-0.3832524573692552,0.2404241358600642,1150.2244246178202,227.84767509799028,-10.55480145611375,,,
-1.8872008700770118,0.7605881921488978,505.0099178846887,143.43893825324068,-3.47673474370367,,,
0.6005273640741784,0.08440103124307058,7824.697011703814,646.8167883152929,-85.75192187642033,,,
-3.037996976702964,1.298348202010347,543.5690011014447,149.52315717072645,-3.423052577691658,,,
-0.8651977688006112,0.37477085014912714,748.4593980627764,177.37316684698104,-4.763374120295631,,,
-7.997640104987177,512.1764624304056,9.778887033462524e-09,72.6818996190345,-4.0122170481980375e-10,,,
-8.0,11.949600893123364,469.1838143093886,139.14938768737414,-3.521215418810268,,,
1.4149841686555318,0.33163897651259605,352.3177047887776,135.31814688966665,-8.414606765693513,,,
-0.9040108702084101,0.4797803240812204,467.1451506875741,138.68998531330539,-3.43889116318772,,,
-3.449244838744726,3.1807583940292337,136.85173470293967,72.44307149778862,-2.6934306046416086,,,
-1.4653816072778536,0.5118549464855643,759.988293967019,180.7148930236812,-6.152848795904498,,,
-2.1311328873505433,0.721189618520555,717.102333481525,172.6774589916106,-3.6579419821817796,,,
-0.41045252761978945,0.26508428504421866,961.2501993080065,206.88064194570433,-7.567924219018128,,,
-0.5387526491012584,0.4787847666301199,341.6356174040024,121.06661429372534,-5.247059413376633,,,
-0.3877309216613538,0.28552424541724836,797.3496722595108,185.5722684899016,-5.452138651254315,,,
-0.6899091200184166,0.426790513639533,484.0140989060438,141.23036141336053,-4.049225492650149,,,
-4.869524030336492,1.2878014027533324,3503.7885763305894,385.3094532588499,-4.847910880472037,,,
-1.3754823779544463,0.5594816190576598,570.7105456301546,154.40103550907554,-4.406092591329414,,,
-0.3717769270196374,0.41448410213370784,370.47787017228546,126.0213501998172,-3.929997161178565,,,
-0.912112362874763,0.4749917903403834,503.13277510544737,147.71143336089722,-5.682166841864957,,,
1.1202162345568036,0.3677608431393883,463.5730722175749,181.5099776502845,-14.207660096426798,,,
-7.997640104987177,512.1764624304056,9.778887033462524e-09,72.6818996190345,-4.0122170481980375e-10,,,
-0.4501227945196334,0.10360875015076465,6659.183794800657,552.1512106159639,-46.06675075136883,,,
-1.2011744912281823,0.3050138722724965,1582.8226434952148,260.1950392589605,-4.944422565895517,,,
-2.1227875259422277,0.9794349261588863,393.40418945338047,127.11325004583911,-3.662718958482215,,,
-0.44289972671987343,1.000631919055202,64.59238408436306,46.17827880652074,-2.2664268477075074,,,
-0.827970585943315,0.31033640914650473,1076.6558888097247,215.98383915259328,-7.365897637186379,,,
-0.7465678568295996,0.3773953102316293,658.5712274322419,168.0412155851154,-4.6414392826809765,,,
-2.18449553086477,0.9004423617317064,490.7221135011887,142.7522441049543,-3.6243281977669293,,,
-1.642797648125034,0.43795524537491315,1241.6542663906373,231.5647364161994,-7.865718259340339,,,
-1.8901470991060099,0.47970818157901607,1309.7361122199125,234.58875936390348,-6.183577098855425,,,
-1.308110234420803,0.24724656138112916,2698.4622070937867,339.3634571574786,-6.577921286946612,,,
-1.354154298842956,0.7756607475719597,298.38164948982717,111.3619298893335,-4.489614911687976,,,
-0.07363601889577287,0.2555076028508151,732.1415051233276,182.2942319218335,-6.4857520987019,,,
-0.022504374897651055,0.19913412539954511,1336.779600527757,251.0310374336718,-13.90227309874586,,,
-1.4523636391348846,0.5337895179478034,664.4396029766406,168.02006344849565,-3.8097351974514035,,,
1.245492539265584,0.3451355455867473,369.59120217321004,140.31381202465954,-8.203604925243145,,,
-0.8410547561386712,0.4314084425391369,547.6299443714656,151.6902775061651,-3.7973922190729255,,,
-0.7941318198897083,0.3192373112762282,995.542363586662,209.17143898039518,-8.770214761438073,,,
-0.46546994698265165,0.1869658956385019,2005.6467954588604,297.0621931934505,-7.601462354824248,,,
1.7768005066959338,0.21143562173650393,588.3291714029466,140.17628990770504,-15.06890698914183,,,
0.6269459301348899,0.290439475543115,597.1169223224152,173.0242556005835,-8.422076975559236,,,
-0.9812892327828434,0.4070704249402944,722.653754184411,176.7579513366114,-4.954854329756752,,,
-1.007140558618496,0.300590579412673,1367.6998997993837,244.8599107441148,-7.14744874687637,,,
-2.3614807005091754,1.0109958168029836,483.89183595245834,141.8230547054987,-5.200628535468871,,,
-8.0,9.525135267931589,766.241602096456,178.6905819465976,-5.953470554646357,,,
-1.8018969640995957,0.6368212167031343,684.6723163741998,168.86781487741118,-5.204592096891997,,,
-1.4524605270147704,0.24254977828461108,3240.481304873886,371.6942396039409,-6.733347361319181,,,
-1.3077075970332253,0.4990547339081237,677.4910270092317,170.18929078721374,-5.437471506408728,,,
-0.5070158762862338,0.5068766964696965,283.4543905764568,109.25638383602944,-3.483955765019493,,,
0.9853374039653429,0.22849805734477135,1001.1375644384686,241.18935352511986,-16.417859577880172,,,
-1.0613885635024274,0.3912673930402653,837.6658202004428,188.5344894228994,-4.772896302591811,,,
-0.7306717452042053,0.3442630570422927,766.285696717832,180.38409545044763,-4.053870627452597,,,
-0.4434240105053496,0.4463046343578253,334.4856472778764,116.41699759629552,-3.2146233590093334,,,
1.3956428938763479,0.2543589119899587,610.8096050509611,179.0790730143855,-11.836228273495681,,,
-2.1551708605140223,1.421374609476076,186.37538673031017,85.28369764500815,-2.8638074941527822,,,
-7.997640104987177,512.1764624304056,9.778887033462524e-09,72.6818996190345,-4.0122170481980375e-10,,,
-0.7450197207842355,0.36318338639397635,717.9428320613056,176.25454527000488,-5.557505757837009,,,
-3.0188894030513715,1.556646950025734,381.92938111124397,125.32103983000252,-3.5436757489037998,,,
1.3919160101167316,0.10828935064823755,2783.562341347318,347.1076249822485,-22.825629543017428,,,
-1.4029348772493897,0.4949587282935223,741.4051256999122,176.90097465507185,-4.223268357288459,,,
-1.170896881337713,0.2246738695954229,2845.624698243042,349.901777086583,-7.01931855133587,,,
-1.5753452762132254,0.23806738977593458,3729.5035525295475,396.86796096551217,-4.491588605750758,,,
-1.0299740203635475,0.4679017786015646,570.1248544515024,154.2889347338242,-5.133056757390428,,,
1.5782065745576639,0.21239892793595913,684.4003006893973,164.41481193894467,-10.128962336300656,,,
-1.073623168318909,0.2094194814305713,2937.815269062941,354.9709852836433,-5.626066916747076,,,
-1.2278378704523354,0.5766298410845137,464.0986877486005,140.19018249132301,-4.282199150714362,,,
-0.9606394869308721,0.1771769534734257,3618.251965583958,390.8969276940112,-4.780095360046891,,,
-0.5574798731851919,0.7879940707678744,128.84048861097475,72.54424869565301,-3.5023739503204196,,,
-4.174921300225111,2.2495120445508507,566.213957612625,153.47717910526796,-3.444663002438817,,,
-1.2702942362798664,0.2550883019028125,2411.4517489289924,317.9205042173415,-4.927947111146026,,,
-1.6063106378007581,0.2561377169464486,3373.2115670690514,379.1218900412932,-5.712375970268465,,,
-1.4441973820859286,0.5514097413385171,628.9478783139765,165.583051986927,-4.465066090295202,,,
-1.8264650958014492,0.49022313099721,1123.0465319624286,215.60446789113465,-3.8182806071631785,,,
-0.25301974107054964,0.1014894200770626,5665.54555176869,516.9463775617402,-44.17386612854611,,,
-1.4782507685007151,0.23457780759995525,3520.3878009082537,388.1368767279957,-5.361424396588178,,,
-1.038395734521228,0.4692044145910063,588.0119299703852,158.97938452773948,-5.826099566875728,,,
-0.8221957787740155,0.4453266239829626,524.7609525592628,149.548118783279,-5.985446022697459,,,
-1.3882611868914465,0.5192737275282594,682.255219002218,170.09432789259836,-5.777517070704132,,,
-1.2950898654418734,0.41375047816951627,970.8433740038746,203.54418223090937,-6.207046151825853,,,
-1.428850358799577,0.6526475340627402,430.63164999210113,132.9721123554874,-3.3681002550502495,,,
-7.997640104987177,512.1764624304056,9.778887033462524e-09,72.6818996190345,-4.0122170481980375e-10,,,
0.129748935196785,0.08084063290531467,7703.28831732808,605.6031913762704,-45.09618320939796,,,
-2.0593912023196106,1.0049559669112558,338.40139164411687,116.5095069140343,-3.1767195917681694,,,
-1.6040678524137408,0.7702528619256866,362.80588288484046,120.7335566384311,-3.223368196754491,,,
-1.550936283157339,0.5072358172502606,839.1236204735975,189.20142149520706,-5.913488479675438,,,
-2.9336495936366873,0.04997560173199681,333784.82262551837,2803.5989716922722,-43.71135404117568,,,
-1.3747252731529975,0.03590245085698788,137045.50424464594,3657.862821876252,-159.15917516330114,,,
-1.3933861125599012,0.03996265415152514,112413.42748253958,1731.559232935461,-101.23851664664429,,,
