Fitness_Per_Cycle,Error_Fitness,Cell_Number,Error_Cell_Number,Log_Likelihood_Value,Mean_Fitness,Kappa_Value,Inference_Time
0.42104265724615336,0.002826428890701915,336064.9587015308,1461.0529061034576,-59.67059947199948,0.0,2.5,252.33649
0.28604592890891606,0.006208123937057213,101706.39683787763,1807.932650514623,-11.6507041102346,0.15040006733670533,2.5,258.69869
0.3507839533969275,0.03160833496355229,3846.022211755258,325.9229695693452,-7.763608992817811,0.29919208412410747,2.5,259.79107
0.23173150849348775,0.15304012638283013,191.45155390339582,70.12881218742922,-6.225734313816669,0.4391559249916961,2.5,259.54247
0.16657231351654606,0.4081240082429299,34.22805954687784,25.947934023030736,-4.870663260628329,0.6113189876090666,2.5,259.95342
0.26761741798919075,0.006362035620168141,102337.45847049964,445.78187225274166,-11.14475119452671,,,259.94444
0.23048204337726927,0.13142465563310984,298.14658367818924,94.86999357793269,-6.9292232856121165,,,259.65486
0.11419188728625018,0.13586382604695793,340.7530914965022,96.69128211086209,-6.640277471956614,,,
0.17617800492199254,0.12944854229026279,318.8491075855656,94.58022387556397,-6.506960616456835,,,
0.2539922829273478,0.11900445799738048,308.87375949464933,92.66830003035666,-6.44695047354018,,,
0.24858214749952334,0.1512256594514304,189.5640650235484,70.37171808168048,-6.093778390751366,,,
0.3612525234375916,0.17704273899788772,102.43257817774534,48.76576727662399,-5.785344767020149,,,
-1.005018845362102,0.7577048775372413,157.31241303569794,71.94549193002464,-6.220253528877535,,,
0.2740435538794697,0.10527202658109933,348.5635470194612,91.41888439557175,-6.814944863624838,,,
0.2324868820676384,0.11599366335865509,331.02111784588806,91.9610253337644,-6.350622734641897,,,
0.38243841061022527,0.13391161482615083,177.74631345365282,64.1324351553813,-6.103777294695791,,,
0.26107285116528545,0.11616240456463425,309.2474679413822,89.98409831228825,-6.238550801245647,,,
0.09433925208641672,0.12869869701711747,421.10319075443124,114.35900255373649,-6.9835492848486025,,,
0.2836266125112867,0.15671324392612818,181.1851522827793,70.72179290416943,-6.281570230018076,,,
0.13345416350052444,0.11862096272859371,435.64340862643485,114.45814030194141,-7.34480560155232,,,
0.19970068682447192,0.13113233452888393,293.4322106137616,91.40697163829483,-6.743264923549241,,,
0.1639803145070969,0.11025437480124603,443.5695276541367,108.59674002759996,-6.66599783044568,,,
0.38354530985246454,0.13442133353524172,215.5928649187964,75.99124803804511,-6.280890608135628,,,
0.19420137804886323,0.11638780151792048,370.8177788806879,98.46897342219651,-6.946842311876095,,,
0.30148866722317225,0.10631048846494776,331.23092198323104,92.22067275121496,-6.421802331505675,,,
0.4236473667977623,0.11134869352564122,356.30053107202957,102.93913738397237,-7.944730466206845,,,
0.12115233538305992,0.06034321825429812,1667.8963561173125,216.55028187880583,-7.701603263555729,,,
0.29014877176655063,0.101902227341212,365.50303207103076,95.32594056994643,-6.528518232348295,,,
-0.10541410492481706,0.12453090215823341,696.4397475463757,142.58859931135405,-7.321454806244351,,,
-0.5566579800228117,0.4008041987432678,209.51838492786223,81.01141911576684,-6.137397734563331,,,
0.24794242835511615,0.10750917622567585,376.203711163959,100.76667638088314,-6.536797135354333,,,
0.2867526931032457,0.104852450977408,344.58908814222775,91.7594787651861,-6.593593443882869,,,
0.20374888459456753,0.10470835907320294,449.03561761705635,110.7024657376061,-6.825154409218673,,,
0.3610351087265355,0.11375279377780452,271.1534822996712,82.68400384007045,-6.192110064846847,,,
0.12991076878822105,0.1507313633060016,271.72538569612936,88.2554304685268,-6.4078891195373435,,,
0.1802327944547579,0.12918663981575848,317.83103009114313,94.71119273711905,-6.487496602849659,,,
-0.3597572026270354,0.23924618019218505,364.215256988717,106.41740302286668,-6.332546003586246,,,
0.2819344432866692,0.16783648250103514,145.45108879938138,61.37197600081103,-6.135290357658137,,,
0.18764210036777132,0.1145583323084189,389.26195274610285,102.29368888040014,-6.353842839818279,,,
0.1298392565859294,0.13985745570107277,321.61428121097146,98.96360828362614,-6.803467756095569,,,
-0.7477095118891235,0.40309581029676705,288.0122500169062,96.27602106733316,-6.546856055112021,,,
-0.11898428452280842,0.2596250126996582,184.76158505920748,74.87434363916739,-7.336622781102123,,,
0.13849878483304304,0.03278808614054468,5484.6559199887415,412.7011160116401,-8.126825521811387,,,
-0.47826205806951505,0.3159636336887303,274.8008910849164,92.56598313172331,-6.2125649342377,,,
0.09296803641746985,0.012876449400002838,40497.96634573593,484.03963975595667,-10.040588497841492,,,
0.34787842196622565,0.08992694417586529,393.9619135773899,95.06359371022833,-7.168377035460635,,,
0.2840643986619115,0.08773356552376602,509.8440318208688,116.27552755103908,-6.553563778283669,,,
0.17889075853908645,0.027339515330714395,6998.239221992168,434.6242423534184,-9.4230661778681,,,
-0.6269013955809877,0.47056705048320013,160.7303694466198,69.14509453478813,-5.9263267346013855,,,
-0.3145858259860099,0.03175089923851663,18978.546019949645,672.5544389037852,-10.67363519376446,,,
-0.29151518203248494,0.029487810717068727,20668.606736360794,812.8427740177984,-8.585719632403645,,,
0.059504923192618187,0.03308401424082693,6667.143243144053,443.6242127045707,-9.818382245695696,,,
0.1550831379783196,0.02973713569400562,6384.741041634064,427.6081098712403,-8.053266816103502,,,
-0.19250109637911075,0.0643887896986137,3332.704093798923,324.0925839707338,-7.708174626786723,,,
-0.3076687252344036,0.02951291318011605,21367.223890051515,557.2186793598183,-8.765672456867021,,,
-0.2663174947364973,0.04753489934775408,7304.3678320336085,479.1478177678249,-8.598725106280968,,,
0.07729264939843179,0.20912439369658725,156.23313130622924,63.79241375888156,-5.845273697154988,,,
-0.2414278953390707,0.2523512749009053,247.743239240419,85.72664843421076,-6.278875573821548,,,
-0.11301612124368483,0.25774209112741475,165.30661988549565,66.89989649833909,-5.917301405448974,,,
-0.19817552709555766,0.25916142004769116,212.98500317250463,80.42236790541462,-6.335202422101238,,,
-0.8455865244155488,0.6404360977875593,129.04230889310466,61.89125092012169,-5.873039106982371,,,
-0.348733809021488,0.3196970456087125,214.8411173944899,83.06917776424581,-6.164888848565061,,,
-0.21958172731440925,0.26679911633393905,205.1384165695194,76.30908763613513,-6.224227763820236,,,
-1.0820858621705012,0.9460452241533486,123.44008656160324,62.49353721517341,-6.461473183805757,,,
-0.020023093828250925,0.3082723053327667,97.76705063819854,52.103407035876984,-6.234223321223463,,,
-0.2246880829071206,0.26877853624424375,216.81690922348562,81.20827265346594,-6.196098257888503,,,
0.04568611497172771,0.19091663399063452,205.66131570254805,75.06098484060284,-6.2299464518912835,,,
-1.744396481708204,1.5515158419443698,106.09280127667472,56.70948937754664,-5.711141057650946,,,
0.15761320929305062,0.03439578026522323,4658.038962919188,362.19777220752263,-8.627300700522682,,,
-0.19818440216696995,0.3224348176514426,128.39507991555803,58.522462782952786,-5.838300794905141,,,
0.5384849150563505,0.022288166986033482,6074.297894059744,387.0373077036275,-8.12359447515797,,,
-1.31644034650935,0.795207313525762,183.73722741689681,75.66470335368696,-6.435103782907492,,,
-0.256858129111707,0.35221082245940183,150.29402190506678,70.4287979615791,-6.447920453199443,,,
-0.13688806254322894,0.3428084391127945,99.9994710927024,51.193373050136884,-5.8802680457211975,,,
-0.15362912998677292,0.29086831740752084,149.67387943665642,65.06182912378782,-5.82812093156361,,,
-1.2633439200350511,1.0121965329306266,120.26171369842912,60.45426551225548,-5.965739032112917,,,
-0.4206922032876111,0.3896110415530611,173.05432873730382,74.86348155384528,-6.330796586060075,,,
-0.5086198746877376,0.4919187353576733,117.76788901927203,57.07771798697381,-7.0042751255294355,,,
-0.3119776843350933,0.5302263788674455,73.20483278558062,45.672519460297366,-5.823671261266514,,,
-0.3112239187581838,0.35653674057485335,133.11052798275327,59.56291621094316,-5.908942648200354,,,
-0.04634324820693068,0.29627501152555824,110.0046329895171,53.78278387418119,-5.707954311947048,,,
-0.09125908511410682,0.21412453564476247,233.95002598807952,81.77976547448871,-6.093273551417071,,,
-1.5236709264352757,1.3589778499014866,89.1827722067676,50.59062233450983,-5.6309555675595,,,
-0.32951540575832233,0.34441056925450086,171.49575998895924,72.77154652363,-6.027684574655405,,,
-0.026705756164696583,0.2500956175157495,147.87494399168003,64.37649713525266,-6.18431543198329,,,
-0.6194186637908776,0.5903452721112374,143.8054724228565,71.07001920270524,-6.541988758437232,,,
-0.18625166128979415,0.34325103734728074,108.20063768287963,52.71082804991535,-5.808694606226602,,,
-0.06812047057960556,0.2279439367625001,194.14549078774002,74.13839543388744,-6.224765393518241,,,
-1.2157043564636005,1.2837114257225308,55.87286161849567,37.11681438602885,-5.3609927676164535,,,
-0.05608240626943603,0.3140102961503918,91.72678431804877,46.15098881685418,-6.613114399962172,,,
-7.992773573292273,664.3004567797451,9.778887033462524e-09,83.03731963835958,-1.1524530148116143e-09,,,
-0.2874571090495761,0.4183057769819864,100.77507076315385,52.53939846209696,-5.607825374291431,,,
-0.6690933194458716,0.6893979133733631,81.68699807758917,46.77343343410735,-5.500714824895176,,,
-0.7535782199729523,0.7741889572910784,72.03120597548111,42.87826313010908,-5.589569039787114,,,
-0.4638959024223986,0.7175067373397278,57.67810254095781,38.952694894804395,-5.434204210977908,,,
-0.07813183698340397,0.2468839151276612,175.69431242835512,71.81090103212274,-6.1171356338322305,,,
-0.9247417951495285,0.6561605490364316,158.49551350227446,70.29273300052621,-5.93321986479962,,,
-1.2923157235281955,0.8272499456781947,195.94374096588925,79.72157217690166,-6.405856259510648,,,
-1.0693281412719646,1.5648903256107571,56.81287797097446,40.61275902934661,-5.560385902428487,,,
-1.1028173908565806,1.0342477805219414,73.07288036259018,43.799758853756664,-5.699535322790935,,,
-0.4260335666869546,0.32713054134071506,228.83082313719933,84.71202345265247,-6.398027208319428,,,
-1.147411050330549,1.0534125403736456,92.96047929393623,52.18153520156673,-5.590242214212858,,,
-1.5730289313183063,1.1976158020912415,167.91068663234245,74.72062025188275,-5.9545428774087235,,,
-0.09204369701026271,0.23454234534999308,205.13461314427303,78.95889611143147,-6.396061570143512,,,
-0.929874516959171,0.6637122951383849,141.89897190213142,65.1946923126001,-5.918016424033383,,,
-0.8460505947793551,0.523991118307774,238.36558557402066,89.16207407637438,-6.271108659701614,,,
-0.2823095196584132,0.2509681536656247,272.8606492630674,91.1732003792511,-6.325158977319509,,,
-1.1981700243984275,0.8640866749457347,177.56019628762843,76.71636024335463,-6.671157385698304,,,
-1.5391591463741334,1.010470977414681,195.86421967276846,80.22224240305883,-6.275384876859425,,,
-2.2052397965898334,1.8369638833606097,134.02824468756464,65.09296201254503,-5.786819355585594,,,
-0.052910911678879034,0.21202295203959004,210.74150816380435,75.70064044707686,-6.074357246032054,,,
-0.5992277040454654,0.3409499217146813,322.9591538316485,102.96622299849781,-6.75407622643478,,,
0.18111234819946764,0.18819501952371523,150.65572628133228,63.528407262729694,-6.070197393525789,,,
-0.6513556414677574,0.30955380506179,445.1932538289855,123.41850743163205,-6.707149250909299,,,
-0.8593242532880365,0.6490543972836837,189.80689947757034,82.40671929569268,-6.714497761960691,,,
0.013338143102787348,0.22523599249403947,172.7605005138564,72.17095070617161,-7.6933516260835155,,,
-0.6476949356774033,0.4416189213748435,231.42040050316336,88.24901381027058,-6.751465664714144,,,
-0.6151068403275282,0.35308352439465707,318.14518257571507,103.17030917963072,-6.32143239223758,,,
-0.5368874518705343,0.3736822507686289,209.28862764683754,78.5059953959906,-6.742353353928071,,,
-1.7189543237746427,2.2919594742633,41.874699207481065,31.328483445057465,-4.986362552215635,,,
0.1921247791965074,0.1930207300254448,131.00688118903483,55.144619747344336,-6.328342265761341,,,
-0.9450185352040683,0.5120166736642945,287.3142043886749,98.02532018099728,-6.205514249381181,,,
-1.5467498485729663,1.076254262043935,157.94037034676185,71.28401343986208,-5.881318287354562,,,
-0.24542553421517171,0.28300848745579305,214.00391192880346,82.48017273624251,-6.520182478116174,,,
-0.6644690054551411,0.4139332907244108,219.33151578125114,81.83623370245284,-6.6303258416939945,,,
-0.9905872130506176,0.6822787395630813,164.4461664349617,71.87415898973101,-5.91494642695451,,,
-0.5978505943243755,0.37349087773509193,215.5506439819598,78.11687757367278,-7.082906472779611,,,
-1.8095911360741237,1.387750163411239,131.6780197831461,63.98316997465116,-5.834863512961752,,,
-0.1210073548494871,0.5424825619520685,38.52185123071137,28.344003824859684,-5.4439281731550615,,,
0.07190398619455961,0.21077759437943955,159.69857708354257,65.87123888295399,-5.867376800696913,,,
-0.051640352570160857,0.34576478094539337,95.52273759667061,54.69457185239328,-6.22409005064601,,,
-0.11103598620920369,0.23829862202161037,218.16139780352393,84.41709152506783,-7.057866587133851,,,
0.05450665779422901,0.20525922865069363,170.64347762755875,67.15775889528219,-6.179430160834956,,,
-0.20501260451020833,0.35654693474994686,118.47072132602226,58.18693837968979,-5.803212212570881,,,
-0.22872848620722347,0.22095073098653065,310.27779429151786,97.00565695759205,-6.589717962936277,,,
-0.22951798478017443,0.29878524754345487,171.21534040122427,70.78497874501431,-5.931720228266244,,,
-0.6035901668789809,0.44608660170227166,209.43640462946348,84.67294342434813,-6.505640902332051,,,
-0.19399755744792616,0.25917452551290837,212.94192294217464,79.3908094356975,-6.157307711607151,,,
-1.5746858262889836,0.9744357023468101,187.0820742440291,77.301632652157,-6.196836246508885,,,
-0.723633615965924,0.5534026972013293,138.72648169182082,63.38576231896316,-5.96419190884091,,,
-0.18807431979267944,0.27519439601260826,168.74436105388656,66.93246714255527,-6.128481094927002,,,
-1.6068203866387039,1.1017691256193924,190.97714609181799,79.71801689091926,-6.054625067702885,,,
-0.21088539862743194,0.2530747189661747,213.0027637913803,76.77243203976265,-6.376341638047456,,,
-0.12122790864394858,0.21410537951223463,264.35489460330956,90.84538903768592,-6.8734126183411135,,,
-0.9259632755658336,0.7117179580148957,128.7992726090793,61.60548054638741,-6.300344241983181,,,
0.05031395290309694,0.23674588324493293,132.54130350904117,59.38103780317153,-5.966190205630856,,,
-0.8503792823089931,1.01017725021537,46.2605925117031,31.913015743089694,-5.443769890710255,,,
-0.1161816440301398,0.24630707651309316,176.53982679929905,67.63060571781797,-6.383367714677252,,,
-0.0864093467586242,0.22259174851964675,216.74737965275872,78.86940855691422,-6.4711118494995015,,,
-0.8151627489907579,0.6595596559117887,147.82328075597772,69.68807295860573,-6.705154145770701,,,
-0.07037531235361248,0.2729072357353535,128.49243274549272,55.928851067072486,-6.752552538362422,,,
-1.238999915508358,1.146051004715978,120.75123233698127,63.02949822115927,-6.039046940403642,,,
-1.8782583721224355,1.922497527202504,181.26827160789287,81.13853165143514,-6.851975910325305,,,
-0.14070195405356561,0.28263717575499053,151.57494466319784,65.05039278519547,-6.761788526160528,,,
0.08125163258176823,0.03139175056292458,6947.145280881755,455.0603651289603,-9.085274659023128,,,
-0.4529757592840865,0.3163544430409897,262.8483629204838,91.36809968443231,-6.235600183590657,,,
-0.565264125946881,0.5682951104355464,90.92205698336916,48.89673868643834,-5.759238569524975,,,
-0.40560624756460845,0.5813375858372707,60.43569051231523,37.49299948857618,-5.307761613385886,,,
-0.09211273422074209,0.2157590863383406,238.29561188377934,84.73747108902175,-6.282929535614847,,,
-0.11161259985235619,0.3749957715355756,76.32452424247107,42.28986568427742,-5.500535449222952,,,
-0.017578155013447446,0.1635844661756771,345.1465428019606,102.84223871844416,-6.480391452743553,,,
0.11807191390040707,0.03217447007279799,5944.283438924537,404.26458836316766,-8.562948369737832,,,
-0.07246187455516392,0.23656765557186404,182.89887317745638,72.00363092859745,-6.34553964126306,,,
-0.35149386293960544,0.4815834543845194,112.73821164460406,63.61601531254121,-6.412451789211536,,,
-1.180859206694483,0.8587506527260486,141.81918496543238,66.41397838053626,-5.85237806371169,,,
-0.7587664995790379,0.5957381307576757,138.0436171202536,64.83951191586065,-6.166240075631182,,,
-0.3899332935764061,0.3336045292697621,197.096512755803,76.77230793172205,-6.263649377058269,,,
-1.6054234065380948,1.0075474552507921,180.2843974449015,75.74903407420375,-6.149126246747838,,,
-1.2278795699743628,0.8074899662473094,154.55056166290535,68.68557554263404,-6.043515090756242,,,
-1.037864391934177,0.7133469280124874,192.8154245541904,80.53676219353615,-6.586956816230237,,,
-0.22543183233029598,0.20667392340950022,351.04346741028917,103.31225681447472,-6.575150859562442,,,
-0.11966687894870835,0.279884885079828,148.20293981027942,64.54646715533059,-5.871922352446395,,,
-1.172633744460793,0.6523505071590924,223.8460294195211,84.37125699030393,-6.203223978042249,,,
-0.5689100566077006,0.4879598407765038,139.61041033548298,64.15995468537501,-5.87090638287073,,,
-0.09536017284296765,0.22850031766173487,195.1612335048501,71.7346108645083,-6.212580024184151,,,
-1.0464192475984389,0.6377608995118725,168.72778305029254,70.5013098626116,-6.870962038561386,,,
-0.7768388170021249,0.4753461918423375,211.16470614645272,80.90907608400113,-6.394992017558782,,,
-0.07382791522453976,0.22454682627844835,219.36383286324065,81.95427479440178,-6.442351504010416,,,
-0.36946893615873955,0.1954559960238569,539.6856152348303,128.7063641159631,-6.907534228580702,,,
-1.391582381595154,1.0186493576930593,125.73777488256391,61.421525156788036,-5.9814958085669305,,,
-1.936346115063296,1.3821027826437906,191.16787437525565,79.7582484100244,-5.9809976415970425,,,
-3.8276611195462746,5.174357454114447,165.60584455547533,73.96347784742004,-6.047510198437801,,,
-0.3341330361065491,0.3982252400744359,117.46523797701906,56.55965764532906,-5.734486218746762,,,
-0.33099528813434304,0.29098831524741126,233.19244576056363,84.25654885334329,-6.083912085281121,,,
-0.4932527400086165,0.4677594110121098,102.57935321043999,50.41648406858636,-6.321853440492125,,,
-0.14190533920757173,0.32390513125479187,138.81725818569046,69.49482249713485,-7.365522145935817,,,
-1.7544353817945033,1.1988823533600923,161.88610086779465,71.74486657915541,-5.996069850866471,,,
-1.559073502064435,1.226986663650159,137.8460656391819,65.19817207151891,-5.958295025902084,,,
-8.0,61.24961117114464,29.626408057776697,24.490044713177518,-4.644360001968344,,,
-0.38513664524582647,0.2551873700191188,300.2159835108699,91.55256128550619,-7.430391094275244,,,
-0.09174365056379133,0.22389023890576168,218.14726276526085,80.16532427537605,-6.177493085622248,,,
-1.5352418099494725,1.1671785653528164,124.09653119099292,61.175067932296294,-5.895527957714447,,,
-0.28131227181210694,0.31046546138210457,167.32715159281256,67.74614881202947,-6.032046799111333,,,
-0.05247700173038723,0.2756340961989046,126.74302064822216,57.94625436423053,-5.778546984954733,,,
-0.21207421726038758,0.6192011406199117,41.94379625114312,31.62548785287209,-5.322650172896328,,,
-1.1464528504962617,0.7610714501433041,159.04192232606593,69.72099929648358,-6.3108585514915925,,,
-1.9572009803602535,1.6667504404954105,199.03985890780214,83.74809073852846,-6.833034800205244,,,
-0.8221697811877711,0.59611828076355,138.49107244372,63.509967704215576,-5.966788791926308,,,
0.2649618944545737,0.2862936277385539,51.18763593473464,33.60755729734369,-5.491201757584258,,,
-1.9569205358133663,4.29919019005927,18.187840107719907,16.471631578560707,-4.032949450246168,,,
0.1784571499345797,0.6467997217060046,12.160708899984513,11.230028649544263,-3.838889048689005,,,
0.48860790586907055,0.24250808765901263,35.50140417704192,23.09918815558699,-4.826687114373727,,,
0.1698988425147107,0.3856829111825091,32.55831468048782,22.46252450335796,-4.935920898409736,,,
0.48033469235816645,0.28484038460006833,26.78235938300102,19.71277589517297,-4.456795253870676,,,
0.6955611233229473,0.2908109973423275,22.02038693549988,18.489394785253662,-5.517618677414026,,,
0.06356639935128591,0.12323268427461756,458.67297247387984,111.71960410835347,-6.643201275666507,,,
0.48415929853771744,0.15786593637411767,102.29186540193588,46.321217282934384,-5.961857559790729,,,
-6.74041421677413,78.19378447522301,2.630140560846133e-07,0.001925303633007433,-0.7687270230680643,,,
0.2843034049683702,0.015885366672602586,21707.398139637095,493.22612228272027,-16.169909486113283,,,
0.34045935400021937,0.047135158538193174,1673.8909200627097,209.54135271116027,-7.113022175703412,,,
-0.023501513911560135,0.5107703306049483,33.42379401453249,24.663374536232396,-4.876185030014563,,,
0.40762435180434037,0.16253908045582463,126.07456080845098,55.4941772529867,-6.274395421931836,,,
0.36471917657534925,0.015838482701738432,12906.204451883466,576.3871086393291,-8.993616568478078,,,
7.74238246459819,9.99949804228623,9.778887033462524e-09,4.681330582287805e-05,-4.153761900567825e-05,,,
0.4741154631132655,0.6055054484235703,7.787467721622913,8.277252348480934,-3.368822064245585,,,
0.3335109724020303,0.017666379855298526,11771.265071777563,553.6381286549145,-8.556577740881965,,,
0.34414976199926006,0.015344647832587353,14016.135203281094,549.4775799471978,-8.583843705009624,,,
0.18678502306070738,0.31265142466549867,54.837514753127685,35.01729818777363,-5.451438195687331,,,
0.4023447080168385,0.05446235210397403,1188.211478594564,175.31955749563204,-7.103232621261516,,,
0.08820680922050833,0.1152447225344403,512.5320075137082,122.112008472476,-6.5684811398297835,,,
0.1891831776198735,0.13002069331664043,308.57917800759196,93.8160523064693,-6.5233897206992095,,,
0.3507518238473412,0.10670375679622948,333.38113614470865,93.15210263021983,-6.683372671150612,,,
0.31587553509902005,0.09467483703201465,412.3845041971111,103.26494402538061,-6.388543465852105,,,
0.2304656538513702,0.12643074417519928,283.0342876140486,86.30047353635378,-6.291541667090117,,,
0.3119155897529144,0.05079948117840062,1577.956303259659,208.63202362183182,-7.555778112968566,,,
0.1929415899203806,0.11256969115275674,412.9415661697942,110.46842454229679,-6.762611866941283,,,
0.23529242805907855,0.10600476567220045,406.34939676932106,106.593201932719,-6.508763360956296,,,
0.28515184722272524,0.11445322573491207,345.4444584681644,99.82772792155176,-7.0160804989373124,,,
0.21273946228541243,0.10631532574346857,419.1713984128543,106.12414771988225,-6.576381563826826,,,
0.2783439136783085,0.057774377629002165,1170.0736716658184,173.96274995945572,-7.4385741608726175,,,
0.34575686766259073,0.05667923121662934,1095.8097977579719,167.38342043984287,-7.133922395140904,,,
0.251349064684327,4.470204260359815,0.0803858291761535,0.9194601300398138,-0.09248023518890022,,,
0.3602098109094303,0.11494283858416873,256.49381654719156,79.49543250286612,-6.515402702561294,,,
0.15166618993291173,0.13363315594435138,321.6406863389289,95.19211187481869,-6.277263106716197,,,
0.24695389360684672,0.11981953342652316,297.5951908386144,85.97061014605075,-6.500947113056834,,,
-0.33672106369762655,0.273951822506423,263.17876485959755,89.99216766728476,-6.385176691666177,,,
0.16932214074702595,0.09896842859087142,561.0109518155203,128.72401286598344,-7.70859588315776,,,
0.20718425203194943,0.12655315918433777,309.8538559029958,91.98756398401301,-6.730219001381112,,,
0.380652799329493,0.09831785237593178,362.0742702373608,95.43158572825084,-6.887222378838808,,,
0.25470734986102717,0.05112925313881912,1642.077603178674,214.27458189045265,-7.408767269390337,,,
0.2864176736832528,0.10113343779739324,378.8451575109687,99.27287060968708,-6.497022034026683,,,
0.14190978879902608,0.1371465356624213,326.8531978977059,100.93444605726307,-7.182832731027239,,,
0.33610045057655885,0.04037025916670113,2404.537868776506,255.58044037415175,-7.644214563305775,,,
0.25490941100659636,0.13418294433027797,227.83819882257643,74.093338077795,-6.341239484949677,,,
0.3175699638145287,0.08981108473771665,495.27901880641423,115.44584908952243,-6.607427397235773,,,
0.3481139365153833,0.08939505370469762,406.41019048978484,99.23229812825039,-6.709605746819912,,,
0.33770655966997887,0.045843832378258106,1732.6428916126172,212.41647027999883,-7.516829211165118,,,
-0.7163996028097213,1.4745903161493574,17.94973638304403,15.880691308374933,-3.9880415908142592,,,
-0.31809418743744794,0.24634543235180978,324.2176316585471,101.74489905909944,-6.419875524886786,,,
0.04115973886219643,0.053438593972295535,2671.1646954856806,280.95157006178954,-7.761173630648657,,,
-0.4889422671080263,0.38695503586109653,184.0091349702677,74.85842247207471,-6.112621589369281,,,
-0.29258597600626335,0.3037447299157268,189.84690307263747,73.9301450556142,-6.165080291395248,,,
-0.9628468068141384,0.5036984727095891,267.14859691229407,92.92069118760271,-6.346704419397191,,,
-0.59297201593261,0.6742519524911913,68.69946206735843,41.4253965967093,-5.4808626634552455,,,
-0.627540632272341,0.5074263915978506,120.44100338910036,56.47882222886022,-6.385912062471363,,,
-0.03302515191115975,0.2303832141868758,181.6250252846261,72.20469120532812,-6.18143499913367,,,
-0.5659779144237987,0.310161303047901,365.0001893003744,109.77851548299464,-6.743122943576458,,,
-0.07048271120883928,0.2278039602180737,193.31839153606109,73.63119116965633,-6.107910164655134,,,
-0.31358713741216293,0.2667090332127734,254.2024753012074,86.19147567594396,-6.400397717226303,,,
-0.7648108299519243,1.3717123802538473,23.075589626254377,19.508784108845216,-4.347686360930397,,,
-8.0,87.10985098657144,14.848678846101905,13.891482613298065,-3.7107097247745116,,,
0.5466606321748362,0.23737056034593584,54.317475100640536,35.09245920821419,-5.722622124590498,,,
0.19474976319687534,0.5507968327391409,13.839751587674508,11.728288978879716,-3.565955703909796,,,
0.13662290290724835,0.22532682951318692,108.68116555708447,49.716207930705544,-5.898373129318071,,,
0.4369147286974051,0.10932460335675098,261.34404709379237,79.42336110526611,-6.318307870995328,,,
0.352184052898756,0.2537669075874866,48.05434898823672,30.171539494595454,-5.557844602690226,,,
-0.6775483665464561,0.631327065370988,98.75019483902096,52.48288732996617,-5.623462351286532,,,
0.31511930832139223,0.05161430702039942,1524.24049796466,204.73560840439558,-7.316951318961225,,,
0.29001939915936953,0.3022602263049726,43.76137673389888,30.061492462279197,-5.306495217793121,,,
-0.10267152570847084,0.31373059340300824,120.25198758123014,59.85182235874039,-6.134339705210269,,,
0.2645899604477141,0.28231431028905585,54.58216873975025,36.01993956367884,-5.622149364741883,,,
-7.992773573292273,664.3004567797451,9.778887033462524e-09,83.03731963835958,-1.1524530148116143e-09,,,
0.31873389233485894,0.0175566034434579,11462.838223745826,524.7247527546651,-9.289877392810688,,,
0.15744999184493408,0.11472597920342884,431.68012398689467,112.30682423675223,-6.858015220271643,,,
0.8523990023263572,0.7569451282056304,1.256624406201582,3.4882160422187094,-0.6469938080284863,,,
0.35677945443931747,0.04747699601511225,1646.5818460291714,208.86870775771305,-7.531990021353172,,,
0.25134817791967995,4.279144550704689,0.120577424678031,1.1867068743774134,-0.13872035278370826,,,
0.40317655552239207,0.5846400321789014,9.56033664957145,9.63142812701857,-3.647182136194723,,,
-0.2371870064269552,0.48841850832620887,78.54878721253185,49.638476462553456,-6.2527060799581236,,,
0.39725828751713754,0.10785536575930607,280.5843796597236,82.43654603108854,-6.202508680510942,,,
0.5652261506986254,0.28221905926188995,21.856301291807632,17.435458429486985,-4.5468041166218995,,,
0.1708463413650042,0.37619792052777484,39.05194172686579,28.49091815368782,-5.1229637052302195,,,
0.30779110381732033,0.06613154925441016,852.2280281608378,149.48163703314626,-6.931615818762973,,,
-0.29139907787655733,0.7618251398584067,40.602984084366966,32.99968886560018,-5.714949649759277,,,
0.46509849878075493,0.1916864671676858,61.04408334862561,32.92489666271702,-5.464069164133144,,,
0.41863440265319685,0.16909395324082174,131.17125289990202,58.18557694405319,-6.4566056504106175,,,
-7.992773573292273,664.3004567797451,9.778887033462524e-09,83.03731963835958,-1.1524530148116143e-09,,,
0.15931006397858133,0.45903993762158757,22.189784170082085,16.890915529843966,-4.412409896214279,,,
-7.992773573292273,664.3004567797451,9.778887033462524e-09,83.03731963835958,-1.1524530148116143e-09,,,
-7.992773573292273,664.3004567797451,9.778887033462524e-09,83.03731963835958,-1.1524530148116143e-09,,,
-7.992773573292273,664.3004567797451,9.778887033462524e-09,83.03731963835958,-1.1524530148116143e-09,,,
-0.4117730543941225,0.09842924392585885,2468.811690556787,286.04836022921603,-7.653363305625937,,,
-7.992773573292273,664.3004567797451,9.778887033462524e-09,83.03731963835958,-1.1524530148116143e-09,,,
-0.33070696161965085,0.046111687070624297,9231.368763152454,523.1631007861375,-8.403965820742304,,,
-0.679053555706035,0.72730422510053,87.4390407515648,50.56359991223173,-5.551782111309408,,,
-0.012468640346554836,0.26288402273178696,123.52011637172595,56.634448436180755,-5.783503215288414,,,
-0.4833713106475419,0.38786603441380924,211.63211499250264,85.0879194080724,-7.438444820303781,,,
-0.6062475728351491,0.4292732172979187,219.5096447656403,85.95496848540138,-6.391659679484868,,,
0.06217530954103687,0.18503383538833829,220.54662371473404,80.37557320420743,-6.252393724312208,,,
-7.992773573292273,664.3004567797451,9.778887033462524e-09,83.03731963835958,-1.1524530148116143e-09,,,
-0.15321778864577013,0.3378995507200147,119.79523020985054,60.36485136401802,-6.332939781928199,,,
-0.8661792739809598,0.6999367314863645,134.7633970325107,64.3748787227641,-5.847021510832184,,,
-0.437942617687926,0.4071269598550846,159.22969215767856,70.17648822883883,-6.435827188349988,,,
-1.1612177699140622,0.8253108922543227,155.95983421992727,70.44707253249943,-5.939458052281191,,,
-0.9803202581137735,0.9594401449142073,81.46398981683929,47.824587499555555,-5.447166776232518,,,
-0.6231066203592832,0.4569180510702592,183.50535677735576,75.87566092046112,-6.033758492285052,,,
-0.6446053378964469,0.5067244517525468,148.60664522290995,67.42836874351833,-5.9866181603444355,,,
-0.5692836728911413,0.476382362708143,155.6715775900052,69.75365997372528,-5.89736403346424,,,
0.29317495112760117,0.49841647128446204,16.37701289572198,14.958900276976921,-4.422676522020058,,,
0.17386896110269398,0.03510109734626916,4359.503520800129,351.3574813845581,-7.998073873482274,,,
-0.04900401648614763,0.2920618258143158,115.94165557337004,56.882014977536556,-5.866026687982596,,,
0.11623625196967576,0.034728683635700607,5121.103933379773,379.8494352218473,-8.400431937333302,,,
-0.8709215191405941,0.45180949139201865,316.94751823325595,102.6392970327007,-6.433114232315449,,,
-0.33491946116281096,0.3265642831642933,193.52286021369582,78.01252947367301,-6.239059227273732,,,
-0.24571124404376238,0.3720577232435783,118.89199507834144,58.97603699760009,-5.866096565825722,,,
-0.5211488250155203,0.42788098029270744,190.61425534112539,79.81142387612964,-6.282521907252955,,,
-0.5785799213859646,0.6781887797575434,85.92022798050324,50.31074606013602,-5.695648616611836,,,
-0.2676776922539038,0.040264911367694035,10295.235227216603,569.7692181121164,-8.227257119695908,,,
-0.3449726404694439,0.04842731000536025,8598.998192917277,472.3102567615059,-8.43782813584644,,,
-0.9545142349158346,0.6182353684963791,184.28684918921576,76.3678498314098,-6.003611815346475,,,
-0.709939640456512,0.6908319325351746,123.02791237089696,64.73265441342271,-6.34222764712266,,,
-0.25180928843342343,0.41716525941676313,97.54801480492863,52.48598942925801,-5.6136075931358125,,,
-1.8624900087427654,1.8343847464398932,84.07675673105297,49.3006164117845,-5.520074580301276,,,
-0.929036838464805,0.8800893446261612,84.12200981360056,48.306105273326146,-5.550136882761319,,,
0.06920122642407964,0.29778850628003084,82.03498302272783,45.68779603121877,-5.519673820852437,,,
-0.27656369530145325,0.4660599929072142,83.43826930817636,48.022254611623815,-5.50121898643512,,,
-0.5161787982878115,0.6199285552510531,78.057874899943,46.361151762798194,-6.123116064885319,,,
-8.0,40.48555098892809,94.60376097762732,53.482908452937664,-5.63603005003032,,,
-1.0603902689318894,1.0892894684441712,71.48779509771154,44.22189622637903,-5.431919000004499,,,
-1.491259312884173,1.22108376605881,101.30700491858941,54.37747535793902,-5.745920787017531,,,
-1.091779555173221,1.0383928610314186,89.7562805489904,51.08479805086506,-5.638356693703466,,,
-4.229171853979521,6.919803292307172,111.63300917705793,58.98299519583293,-5.7920897630531645,,,
-0.9649038156304754,0.9305122717120099,85.0632286885465,49.075642712368534,-5.478697980031929,,,
-0.8227991696804146,0.7597664317413845,96.31516904981238,52.659873189024864,-5.602912542379028,,,
-1.4065615456438498,0.9744118343116456,156.8845948076591,70.46172185104466,-5.86774101694556,,,
0.14525529362475345,0.03834483077980585,3910.079215541977,334.18946789292505,-8.221008007411921,,,
-0.45098106053693615,0.4609049183561333,109.89167790709463,53.940231523300454,-5.9150534187412065,,,
-1.0521154131939372,0.9161839654093943,93.54440612126473,51.45010450962068,-5.629775202453992,,,
-0.7020821583159736,0.7123529893557875,107.4850432851878,58.862780252942535,-6.129113239136345,,,
-1.7604718676084135,1.4031907412349856,158.2538123436796,72.1441444278,-5.8890844998878205,,,
-2.518921646484839,2.2997797823811106,166.0130312393269,74.1452649871518,-5.956912758153748,,,
-0.45536697331296627,0.6796722189291945,49.84177669227712,33.68191170032877,-5.554553501379307,,,
-0.312948997654461,0.3815178090254351,121.82367888268242,58.034596880757924,-5.930454115622514,,,
-4.1883944537752145,5.372045559465534,160.9098740754727,72.60487466061805,-5.857116320522118,,,
-0.8637518813825372,0.6758882733843499,119.20331209557547,58.41883025730288,-5.884673025831071,,,
-0.46072070587937475,0.49588110705188215,108.18667862875463,55.446740151495725,-5.708437370951733,,,
-1.5440531346349315,1.8327046882797777,49.19303496704391,34.6746018386876,-5.142172197456428,,,
-1.1881057993031412,1.1271734550215073,71.40816047692027,43.41241685494128,-5.594679413053767,,,
-0.3174054962484099,0.29693602753128634,210.52454990760475,79.34863733904231,-6.128030069631474,,,
0.32248595955918224,0.02896073295991029,4369.592612013951,337.2093523782445,-8.40903784908654,,,
0.33277777201541253,0.029850278513039386,3767.384703526541,307.8065023167263,-9.964001281523354,,,
0.09045798168276378,0.3005086190156011,68.55973669722903,38.07366974527712,-5.44898469635343,,,
0.30360767844696596,0.07928015275982558,611.039228028905,127.31165683077187,-6.776396005067898,,,
0.34319569348812184,0.029787767018974367,4334.590419287972,347.85040778967704,-7.65838688921085,,,
0.3164171630831879,0.02648013722532033,5434.1114809118835,373.0072999531625,-8.080696020524124,,,
0.37103841990724695,0.027675666621236057,4824.094439563963,353.0047514947506,-7.757431046320567,,,
0.43785917750775905,0.02786256042924563,4282.448422170929,330.51259836094937,-7.895462226361993,,,
0.3585144596080673,0.026315611148706883,5078.239015066578,367.42857226263607,-8.058379039547741,,,
0.3173846226685586,0.02530699332169725,5529.891606536,377.8228608904079,-8.474832176437333,,,
0.37321952946914544,0.028362376800318438,4159.95506878814,319.9243622861703,-9.09708518030428,,,
-8.0,61.339410052535655,29.626228633460084,24.491906691290314,-4.949276752913674,,,
0.3193058627044198,0.027696837104622264,4903.315548035757,360.76073188745625,-7.707740237707953,,,
0.3769668719966846,0.025179817550844086,5285.73858890516,367.0937373934315,-9.008067168629399,,,
0.3906849728861836,0.020799935824596168,7390.322348097938,422.54806923686647,-8.043700814430622,,,
0.12956932478356473,0.21501751706203132,122.59332528823337,53.63219622863857,-6.0777490775359215,,,
-0.594599693395312,0.415569518536244,201.86270964986653,78.92313361921936,-6.039627471795553,,,
-7.992773573292273,664.3004567797451,9.778887033462524e-09,83.03731963835958,-1.1524530148116143e-09,,,
0.2138192283796177,0.17359824738590107,150.62657318287444,58.52219393109291,-6.174583788064521,,,
8.0,22.677758320060455,1e-08,2.3811178910652382e-05,-0.0010079876996632166,,,
7.74238246459819,9.99949804228623,9.778887033462524e-09,4.681330582287805e-05,-4.153761900567825e-05,,,
0.7188496036282549,0.004414723671898367,55966.58645120572,1052.3883414631084,-59.46213878025503,,,
-0.5298298696771907,0.08058710313965928,4958.072002121747,411.74822013275116,-8.87007001159446,,,
0.5795320279833363,0.007561024795792159,30851.1169203676,1044.4730130691166,-41.79994887012437,,,
0.2220583816509155,0.014233497723325803,22742.688752163453,594.1269506159074,-13.82201080995404,,,
-0.17372205670313443,0.03791224976340523,9204.642560832091,494.317966989683,-8.998697595921401,,,
-0.39786037581391703,0.6463495039436149,63.636639666596494,41.30492561411177,-6.072974486057345,,,
0.3664023101907965,0.03740973339365134,2483.8585111738253,250.69113003568216,-7.828088364072322,,,
0.250378249149075,0.17953425797691314,134.76733663710806,58.317196702214794,-5.836296053750627,,,
0.14657237139290324,0.07420704509708062,1062.0578543490271,176.93338508858915,-7.0810590505507225,,,
0.1649074665404641,0.1485370728584941,254.93296606815494,84.68762277448279,-6.376444448498574,,,
-0.5917950043382639,1.122426602419901,27.06612203560679,22.22583766928077,-4.604139293538601,,,
0.25726476739396886,0.16302109870680967,152.7327310465275,59.72427433169215,-6.102007558259012,,,
0.23629860323812674,0.030003169206085114,4918.46152803193,361.70457129116664,-8.553548271425912,,,
0.5269625835206536,0.21281977857847756,59.10589284928698,35.079366015302675,-5.359735063435188,,,
0.16510786033081568,0.2840201248531855,75.24299439706613,47.409005124337014,-6.549506015554976,,,
-0.25345728919903265,0.37907931565949177,119.86529842984906,59.479627798462026,-5.824831277922861,,,
0.4830655839354576,0.15891669066564357,102.68289480938608,46.1836887658665,-5.630100388411496,,,
0.2220489289125755,0.03515025794103251,3788.316436687788,325.5539281876606,-7.834217139330385,,,
0.08634971224906954,0.12011263091043516,486.3935460790598,120.27462753081997,-7.079881441268541,,,
0.4831480877017885,0.1623657292979917,80.4409411293834,37.97325890232263,-6.223685653362984,,,
0.2780799678017358,0.2877838684076724,47.38983816385078,31.094730171454774,-5.314720105346796,,,
0.5374336594990614,0.22588317846076236,49.301861287161024,31.325464022579787,-5.354834839727806,,,
0.10284995459684074,0.2530976698373572,104.12720001375028,52.84080358658248,-5.921353634272761,,,
0.2759790079219284,0.034306703003094824,3354.267233905708,294.556185046685,-8.524384597708334,,,
0.48110983112023337,0.20697926816964385,54.13288825537215,31.646044179839542,-5.18962127527051,,,
0.29980329143684575,0.18757941993293475,107.2818492847162,51.174563089905256,-5.7198206125941935,,,
0.6817741678630916,0.2058878876880122,45.27691828888492,27.127188441425513,-5.1930301302443285,,,
0.43522801796400495,0.06778170375896075,715.0125397720734,133.36954549838055,-6.774764925687499,,,
-1.9185826042890473,2.7478340483158092,39.64644348906931,30.133413637734897,-4.9215826299518675,,,
0.3723914509807035,0.2835695701056381,39.20068770206938,27.968889562555937,-5.107482608270739,,,
-0.1053351561248105,0.03902999722083709,7373.198581704247,460.6417290267871,-9.087457632562081,,,
-7.992773573292273,664.3004567797451,9.778887033462524e-09,83.03731963835958,-1.1524530148116143e-09,,,
-1.15059752272083,1.0188233843390604,95.70619925762082,52.90644741679904,-5.587717152965529,,,
-1.149965865811409,0.839453531387571,162.96334513078165,72.91124121109273,-5.960000953950088,,,
-0.0757834841383021,0.29153070095163586,119.40003192907525,55.66135041104496,-5.849877532180793,,,
-1.1359725446007818,0.684390833108739,168.80529437150736,71.65543758949103,-6.690749903800801,,,
0.13919826441897343,0.0479723694426704,2460.7032568743166,254.63790167920575,-10.739697604380591,,,
-0.6866503931209403,0.8126907957003181,58.17148913360817,37.82639418008162,-5.365706954541891,,,
-0.27543233858061344,0.34291979102296083,135.45266856371524,59.36083312046717,-7.239317589884328,,,
-8.0,57.46742403546483,33.646925604222375,26.957834389241338,-4.7575203363150935,,,
-2.5701342325116143,2.4860753042996215,162.81378791331235,73.49664734336788,-5.959892784367594,,,
-7.992773573292273,664.3004567797451,9.778887033462524e-09,83.03731963835958,-1.1524530148116143e-09,,,
0.33666125991777485,0.059614225413923805,1053.4890612985205,166.82206737161204,-6.905860624092648,,,
-8.0,58.75482937682583,39.22116782841784,30.146676959660095,-4.911492081171044,,,
0.2465492617608862,0.017324911495415766,14571.206724249962,571.5744315101523,-8.65827366737911,,,
0.2677715980238784,0.018035677008698264,16938.550370854788,603.3717014629709,-12.345495503097156,,,
0.34130763082977006,0.010906319914331546,27945.1856747965,453.3545296127598,-11.483148348881802,,,
0.27860081273511156,0.01465803985108354,18279.893727738377,510.32466516190414,-19.393904112985016,,,
0.3392840649691575,0.0313540384875509,27862.981990757293,454.81510385240534,-10.863515489589648,,,
-1.0584499031492118,0.6216786273156352,209.19491894597397,81.45802607735078,-6.135517225263495,,,
1.1316543003614383,0.010345481719447528,37655.63895015924,437.2566119902073,-58.13441234918121,,,
-0.8191193138857281,0.6047904397305289,140.23997138204913,64.34445588573914,-5.855359063519733,,,
0.6281377182829503,0.013754185599278898,12284.069722206254,532.6018257926864,-8.978431553831523,,,
-0.21692855193756755,0.3362252448439565,127.35965371390792,59.47836505678911,-5.979362181091819,,,
0.3147545511814262,0.011259451531184484,28456.018133369835,637.7991851897435,-12.035358232987825,,,
-0.8413494331137239,0.5559378050607215,180.8456591400677,74.70179110493925,-6.190787913713618,,,
-0.5539721869375336,0.3341272674505244,267.2740848703768,89.76146456728874,-6.316655262126486,,,
0.4901816468353698,0.01012965671538451,30877.02343563801,634.4504663001484,-10.24320963515833,,,
-0.9380000588736096,0.601873530906449,228.48904344092523,88.68203416717395,-6.371091196777757,,,
-0.22829855066128207,0.31522283021294945,159.0104823036887,69.46522680018643,-6.659444712729554,,,
-1.0375603034378311,0.8244757741342744,117.98493025492442,59.24717368625006,-5.732349570841822,,,
0.398934201731368,0.010576035379987069,25465.73623343931,556.7108071407033,-10.38025121850541,,,
-0.8592791607566106,0.4715892841727317,283.72471105402474,97.10070195605834,-6.257192488992422,,,
-0.2641546329132664,0.2774421331924623,196.89418443634952,73.28109376099908,-6.395249669038525,,,
0.35069388055771156,0.09441790320444086,31192.519649742506,4354.575526686428,-11.100948495872146,,,
0.3858243569691669,0.00916396902336566,35132.83979993797,672.5444785395051,-9.415743389772121,,,
-0.18633546462001122,0.24835482468272777,193.37237533089632,69.94833034873534,-6.896809697951442,,,
-0.7926464990049282,0.4783478849820906,215.32812697681308,81.30985822336912,-6.436082768156311,,,
-0.30631023218934983,0.31407845900434783,188.0928109680559,76.1837677123008,-6.748543947611769,,,
-2.6531708013633772,2.205115416332655,167.7198015116244,74.10632058197983,-5.89802782188314,,,
0.7812584726798985,0.010944532457654072,24351.356871196534,829.0384406744157,-9.765280117595275,,,
0.74478421901801,0.013252241516454455,11377.484010004935,526.4572614649613,-8.596772162259937,,,
0.734402812433302,0.012963915939333862,11582.081927779236,506.95068840616176,-14.995710419581489,,,
0.45916290518641006,0.008964730022020806,29416.714250866677,520.3236666760931,-15.831017514233764,,,
0.8095825311751156,0.010153957830213547,19962.940923055303,565.9336814862722,-9.317169699539651,,,
0.3488202299512713,0.012749848414570468,19995.66225716765,568.605963942151,-10.561840842778068,,,
0.3851039017882768,0.009213425754571288,34826.82470045996,956.6534752574801,-10.38122430962028,,,
0.33749380992669226,0.013450930174834817,18577.626384697425,477.8528617078223,-9.532839379666527,,,
0.34518058665363016,0.015468551469858711,25239.142446000846,474.71474776107505,-9.300900969106527,,,
0.7799993965193969,0.008327639997716381,24507.12263632703,452.5215841405751,-10.483009187354572,,,
0.27590440909013647,0.012810445619722255,24191.54719723955,507.4101219971155,-20.77605375483205,,,
0.8954137092287822,0.005020672454848351,31056.843431745318,1310.1960263621816,-9.525120795260055,,,
0.27901307220064314,0.012919563998945966,23852.50727079172,688.6803925624482,-9.425377790295691,,,
0.36796644013553687,0.013553241994673362,20062.559222570955,1190.0401798684154,-9.434634999152461,,,
0.3692057714948995,0.013640286886263557,16528.597737476128,755.9889335126609,-9.077368350162137,,,
0.40539680553668483,0.009355317197699145,31791.706588229084,647.840110757635,-8.675769143264695,,,
-1.3446216470283823,0.9648844945421352,135.66693796424656,64.30965888773581,-5.95033931487838,,,
-1.9642993589980704,2.017467930757975,105.13161031457197,57.09616844219257,-5.8116922861171645,,,
-0.23618376293096138,0.23415661376799615,294.9450714862747,96.35268853970736,-6.377362723005701,,,
-1.5122349520150455,1.1667786027761713,164.52922379608913,74.08702687415702,-6.14875061277077,,,
-0.44761049206141357,0.22806946746561324,535.6472202072831,135.1943973683816,-6.88508897017251,,,
0.357002714376626,0.025390050734632623,5305.474401244233,369.3356119402779,-8.014079800113148,,,
-0.23319296529148115,0.357919643960378,116.66972684138267,56.188974775948594,-5.760554506746025,,,
-0.6378544138262604,0.4573261026388406,183.47097136911128,75.42473129262937,-6.562855250524068,,,
-0.5031833875262153,0.18960149276042262,833.7036597746587,167.54301274024175,-6.900783433194271,,,
-0.161334058791571,0.2618025558977759,177.22299080203365,69.01721799332077,-6.070549622710848,,,
0.33141521403152585,0.21208055481277616,79.65436641894307,43.641930689095325,-5.549313714872747,,,
-1.480717251895088,0.9850913402903592,158.1059953201504,70.2182722920051,-6.121809579559909,,,
-0.5454533442822984,0.3099487988610933,345.92511365442056,106.36460044728503,-6.510602973081018,,,
-0.24314069495577212,0.23303849788307868,316.329299698213,101.17207456903598,-6.8521296484944285,,,
-0.7644885833184514,0.48805303305747816,194.11930108183762,76.93234696003513,-6.2499040374878865,,,
-0.43447903777625363,0.31327274793354315,248.4874615737207,87.76885573127466,-6.338746508190933,,,
0.0066299245201969165,0.35657234254539943,66.122045072398,39.673141380939306,-5.317651929317819,,,
0.1598961045129079,0.04609411949956344,2631.499381467776,275.772813729622,-7.770768584230865,,,
-3.4182864755662927,3.5667475568237155,204.9894665896715,83.16528435301363,-6.735106516564405,,,
0.13314109093791407,0.25084468329696075,91.42247259260155,46.514565233693084,-6.918562788812382,,,
0.9584291841801199,0.020515856945600548,3773.162076092241,252.020066664854,-12.31625433884711,,,
-1.2569010402168335,0.8527291563361269,166.60366153078746,72.53740326676441,-6.240007596093733,,,
0.07764032271231378,0.279459219177705,88.26273468927475,46.04376422555532,-5.925171784687328,,,
-0.3783450306697399,0.08374802413322456,3163.410518897702,321.85268693229574,-7.594408782342238,,,
0.1656024399544044,0.008531853488935327,75096.11560427376,594.1757856452059,-9.8449019797914,,,
0.04299858175111199,0.019526610414015568,20128.412603849923,540.9828247539905,-8.735645571463902,,,
0.09397826123651334,0.020878306712363615,15321.38140980758,595.2992555889402,-8.670089143507832,,,
0.062164143944557715,0.017140199277528724,24201.010585089578,616.2824915819396,-12.155329672712345,,,
-7.992773573292273,664.3004567797451,9.778887033462524e-09,83.03731963835958,-1.1524530148116143e-09,,,
-0.41304379534947977,0.09828747236702609,2475.892535935803,286.72773783980523,-7.398265012122718,,,
0.10872771812714645,0.03631481431381274,4867.072712385714,371.81320633300226,-7.78007370173793,,,
-0.4073490223460798,0.09267835631978472,2818.808647621122,307.6795854833712,-7.878622322943713,,,
-7.992773573292273,664.3004567797451,9.778887033462524e-09,83.03731963835958,-1.1524530148116143e-09,,,
-7.992773573292273,664.3004567797451,9.778887033462524e-09,83.03731963835958,-1.1524530148116143e-09,,,
0.05374099933850913,0.012324051519219548,48227.214251004974,391.89051650805544,-12.095905208933754,,,
0.1486042517344378,0.01814066677691281,17234.075308759024,812.6084195666025,-10.69309495465775,,,
-0.3091349406402373,0.08780961133778922,2455.015133097342,281.62242186678344,-7.695058455871933,,,
0.09967890544981371,0.02576862600182239,9825.533963718435,491.1742850780311,-8.616026983918955,,,
0.1467494897408127,0.03090699763078633,6007.431757972892,422.2733225117392,-7.861022573937797,,,
-0.38320147457472115,0.0736340960127204,4063.867410008028,367.19690150168964,-7.644216460542139,,,
-0.17528502732408566,0.0977208920272706,1380.6127190595996,206.89701593095074,-7.501906598305514,,,
0.056090042320420266,0.02526648140188305,11557.331016000131,556.7560067269109,-8.21997489101369,,,
0.170276805318322,0.03160540740939026,5434.852637271743,392.6610956620678,-8.003983919264321,,,
-0.2518998884987187,0.07432545603939868,2964.6596842381155,307.0166807590566,-8.257353868346433,,,
0.02607030127581575,0.026878654280377345,11217.784855944805,616.8606410660102,-9.213610633280986,,,
-0.34915846200890505,0.0757663705839337,3530.1417198933127,332.3687335131268,-7.720646614150309,,,
-0.5918515661613893,0.10601704227557818,3118.9809684659003,324.487757318681,-7.858906944815274,,,
-7.992773573292273,664.3004567797451,9.778887033462524e-09,83.03731963835958,-1.1524530148116143e-09,,,
-0.3775851602882125,0.07890849279667242,3533.6010099077303,343.8531886234889,-7.708803586105164,,,
-7.992773573292273,664.3004567797451,9.778887033462524e-09,83.03731963835958,-1.1524530148116143e-09,,,
-0.34804091628477585,0.05259809934585788,7375.508848612086,470.9914886187861,-8.134357263452745,,,
0.0687255710944903,0.02235417290776881,14259.214670010431,646.355564138835,-8.878199206107096,,,
-0.36199562382531875,0.13226074577320376,1255.0669101906499,204.446281497336,-7.241041671279272,,,
-0.4414050384276798,0.14024273342604424,1277.5936572961098,203.40070303022918,-7.025353019006479,,,
-0.4093354730327786,0.08687163038084438,3131.0712449655903,322.1123531108185,-7.945037245143231,,,
0.019170524280385022,0.02442642438263307,13628.360131928526,546.4096911022258,-8.385907124094262,,,
-0.03205875424705933,0.01819365473813028,27711.91348127562,954.1155244931227,-10.524145706707888,,,
-0.3042225713512621,0.096938059165427,1980.3925605210318,255.25566208502664,-8.172582771555884,,,
-0.3087008194931269,0.08675156594838723,2465.408444031438,279.69486182354336,-7.565471671449778,,,
-0.31886328286686155,0.09030903496215985,2355.3163014988186,275.99033955953496,-7.58065116947219,,,
-0.1093391171150261,0.03766718932423728,8078.416894889241,483.4470343212902,-8.126777612603828,,,
0.07095504809665283,0.023029533615875616,13333.761750943637,708.7665658362872,-8.482001230096735,,,
0.013460352049720811,0.02343682707935685,14851.743464061945,588.1853739929519,-8.802249811221445,,,
-0.39078314117308777,0.08312399505463712,3387.182129957391,337.80692994001026,-8.142791097582244,,,
0.04201006431792728,0.029722612581669514,8626.3482441472,524.4380107158248,-9.095493921798134,,,
-7.992773573292273,664.3004567797451,9.778887033462524e-09,83.03731963835958,-1.1524530148116143e-09,,,
0.008094358747038687,0.025891203052993552,12194.058278451734,625.5351219714345,-10.911349514432283,,,
0.10615808032841449,0.028965192476207234,7636.725992473309,446.9706510350005,-7.997091471362876,,,
-0.5614453136979602,0.10500852678886873,3077.236395948871,324.41187051687984,-7.5360798428421285,,,
-0.25141401821445525,0.060723344906982606,4336.858064135109,368.0393218185858,-7.705459465292622,,,
-7.992773573292273,664.3004567797451,9.778887033462524e-09,83.03731963835958,-1.1524530148116143e-09,,,
-0.35151496828645046,0.09690108864897608,2216.491400824987,269.9288158152986,-7.379330516061658,,,
-0.06836465289601797,0.034156113734148806,8756.397568001965,479.16942961938184,-9.01914061971782,,,
-0.3582421511740838,0.08425652853873629,3043.6698152528234,320.32160771332144,-7.956892704908356,,,
-0.27727557613030396,0.06742191135588718,3731.664200833273,337.7885953305353,-7.723698085380364,,,
-0.5976355663586324,0.26322095873108453,545.1282404484059,136.02526806577737,-6.647182770403606,,,
-0.45914250698517456,0.12294764457228456,1836.7441847266432,249.65362828903213,-7.903829932976213,,,
-7.992773573292273,664.3004567797451,9.778887033462524e-09,83.03731963835958,-1.1524530148116143e-09,,,
0.0869026724752744,0.022165269697705655,14045.63777462523,581.0263579238631,-10.258715663279668,,,
0.060779259759275284,0.02276000993160351,14162.004123328295,648.1588532430501,-9.389664641008427,,,
0.08532278088339638,0.02086087119177916,15513.107163152357,541.3841559336518,-8.712992797732792,,,
0.09065472647805914,0.022697840331111843,13075.420434964186,700.2517726858221,-8.544423918735884,,,
0.09024872807071939,0.019613697688836206,18196.891231157286,720.3443823846013,-9.409256866962732,,,
0.07353159055557379,0.026056782618199246,10482.033186343344,534.653839892521,-8.849148364482227,,,
-7.992773573292273,664.3004567797451,9.778887033462524e-09,83.03731963835958,-1.1524530148116143e-09,,,
0.04501260505114883,0.041282955183927786,4557.429878427373,372.7698221558064,-9.150069341703347,,,
-0.26119693557131124,0.0706118471439391,3287.5457533366866,322.9607131737896,-7.55918974486579,,,
-0.31303813762008237,0.07007284248474512,3808.039037454257,348.3969223468827,-7.556277185969422,,,
-0.3763997406967501,0.0802941313600652,3450.408054239237,338.58911636989905,-8.23398207699307,,,
-0.469065226535358,0.07513472008726656,4811.678959683738,404.029123913435,-7.913283837376534,,,
-0.19153874722177114,0.044242584685901205,7313.474743744329,460.6893855296143,-9.138412075384196,,,
0.101403705648613,0.016160077117086648,24810.943262992318,517.1006100758382,-9.468395241779335,,,
0.02933118296113343,0.02005305058089126,19606.61309690723,535.7447140893732,-8.449301409165843,,,
-0.31367851938221214,0.09678891335849116,2032.304827394057,256.82494659376783,-7.228933601883864,,,
0.045532498306059405,0.021463505952339593,16476.098243790973,824.7192815591064,-8.776018166253223,,,
-0.39735731290380394,0.08680408302976092,2959.7836876421193,307.97979499431324,-8.246304717707492,,,
-2.0358335405930656,0.4741573237368197,1582.5702838808222,237.13058057777928,-7.77738538620003,,,
0.025786004940316055,0.031102992499467835,8094.081939055552,467.88383208874876,-9.417629219930223,,,
-7.992773573292273,664.3004567797451,9.778887033462524e-09,83.03731963835958,-1.1524530148116143e-09,,,
0.0464497255510585,0.0265745664319388,10695.078121292392,561.2126826825041,-8.69931594241324,,,
-7.992773573292273,664.3004567797451,9.778887033462524e-09,83.03731963835958,-1.1524530148116143e-09,,,
-7.992773573292273,664.3004567797451,9.778887033462524e-09,83.03731963835958,-1.1524530148116143e-09,,,
-0.004949193348055176,0.03472277386041782,7055.427057861783,474.4934551720926,-8.690737722692543,,,
-0.2699499615872469,0.08775803640669025,2222.9054872088673,267.75743626231707,-7.356809913885372,,,
-0.3674056413040646,0.07439490604366202,3945.9228584506286,364.2159896575917,-8.01473511944275,,,
-0.30400500429436544,0.08603669035948108,2445.8216517533942,279.0527962597442,-7.55055411529325,,,
0.108851409833637,0.0212437056389608,13848.653677298771,621.0304318168152,-11.534683153097607,,,
0.048126803583515586,0.027207978611699952,15295.582839475977,982.3433971354544,-8.60506104109298,,,
-0.41831341265764055,0.07922602326667745,3865.813494088235,357.48900166670546,-7.565982198659569,,,
-0.3089121727824867,0.08316346645147317,2708.690447282964,297.23187334638277,-7.742166870700926,,,
-7.992773573292273,664.3004567797451,9.778887033462524e-09,83.03731963835958,-1.1524530148116143e-09,,,
-7.992773573292273,664.3004567797451,9.778887033462524e-09,83.03731963835958,-1.1524530148116143e-09,,,
-0.340285523637928,0.08030996806767414,3149.794833888038,320.1321990832496,-7.907248122152655,,,
0.0851892504299449,0.023869606744408765,11778.773617402598,574.7997974761491,-9.764892120176544,,,
-0.46000261910209267,0.23049358701646372,530.6602140853958,133.89126213207044,-6.788154412686006,,,
-0.3370836371767527,0.09040882902041003,2462.057633543725,284.03897665635526,-7.4218840776691195,,,
-0.3295322087488214,0.06351547416617966,4786.207584246208,395.40532238327637,-8.153251248751735,,,
-0.3624157163380386,0.08707787353438412,2836.363646838968,305.20892817229424,-7.60929935295519,,,
0.07533450864069949,0.024762629320330444,11446.82508273398,580.7468331857683,-8.389088263118925,,,
-7.992773573292273,664.3004567797451,9.778887033462524e-09,83.03731963835958,-1.1524530148116143e-09,,,
-0.39530718954146626,0.06803644736059616,4918.3051536751855,399.6286776207132,-7.665380011481174,,,
-7.992773573292273,664.3004567797451,9.778887033462524e-09,83.03731963835958,-1.1524530148116143e-09,,,
-0.19821443432000138,0.0763703909797231,2460.9751901835907,278.9192725353893,-7.827615179391916,,,
0.006485803182346299,0.036679432494951245,6119.95302176993,444.18268611316347,-8.686948908719145,,,
0.07431119435995855,0.020635353023539083,16169.56021266945,792.3483679009416,-10.771853397034302,,,
-0.12380604671752306,0.05686320338704241,3638.4469772836037,332.51505980361117,-7.52585464723711,,,
-0.005811113244398371,0.030947498481043792,9142.709243846915,505.31770409657383,-8.716292836571284,,,
-7.992773573292273,664.3004567797451,9.778887033462524e-09,83.03731963835958,-1.1524530148116143e-09,,,
-0.30628553473663783,0.09353617860642627,2082.2022947197725,257.7294740067428,-7.378739619238596,,,
-7.992773573292273,664.3004567797451,9.778887033462524e-09,83.03731963835958,-1.1524530148116143e-09,,,
0.10738528062733861,0.024170562457971743,11068.771196103156,595.3084655407998,-9.70371120152928,,,
0.048291104045739296,0.04775499721480588,3269.2505062422138,310.83129439425215,-7.705454161044681,,,
0.09047249346006725,0.021956926680901493,13660.183962586078,536.7612594187365,-10.8419411489866,,,
0.07159189600152129,0.026908482357729753,9721.622527263055,531.8832710883705,-8.042945650693591,,,
-0.3297991886012112,0.10336062316181116,1834.526178808559,244.1155358636913,-7.432719278047314,,,
0.10866286370648684,0.01376387535072638,33445.19501731862,470.20607778375347,-9.800012185498053,,,
-0.28412892009643015,0.07707460684693788,2844.463043606144,297.8588661141329,-8.37452377769935,,,
-0.3304913887973607,0.09512710001505137,2175.0197378651947,265.74019693212244,-7.635847044022168,,,
-0.32323030048668505,0.07540294921545568,3426.136078287738,335.03751329066137,-7.859953285409238,,,
0.08824320934454322,0.03158502694615199,6793.697268851038,458.0896874180732,-7.9072322069458965,,,
-0.3899347217556759,0.0804962248276933,3474.051239817126,337.09673160652216,-7.541693417417373,,,
-0.3032765166257352,0.07561645715527268,3124.7703227522284,313.76374583136976,-7.953459883247297,,,
-0.11905435783961692,0.03162116238404805,11700.481845105256,635.8253160329687,-8.191347333133441,,,
-0.2986450935928623,0.07975041275455212,2829.59999577943,301.74270453011917,-7.5845954825783535,,,
0.08525378679889956,0.023582977650472996,12211.77004351254,627.1513189407862,-8.248962756962337,,,
-0.3599602371126876,0.07410680956697198,3737.2157722900165,346.6192890655548,-7.924139117058207,,,
-0.29233864192398273,0.06076266456137142,4855.407442280598,393.46914353909807,-7.93396073015237,,,
-0.292160846504925,0.0810826412878237,2716.5827864078274,296.02866844456605,-7.365614299826121,,,
-0.47183306975653977,0.10376990413748717,2567.0898292169754,294.2508087533757,-7.428041773775356,,,
-7.992773573292273,664.3004567797451,9.778887033462524e-09,83.03731963835958,-1.1524530148116143e-09,,,
-0.3003427963297562,0.0852203690832956,2624.7419524819124,293.71782253803394,-8.232624143348986,,,
-7.992773573292273,664.3004567797451,9.778887033462524e-09,83.03731963835958,-1.1524530148116143e-09,,,
0.04658520800397723,0.021839197647288033,15911.498483841986,552.5621292036575,-8.367510887263874,,,
0.08995553452768838,0.02874662769336783,8163.6741735878795,524.2313860565656,-8.315050114911626,,,
-7.992773573292273,664.3004567797451,9.778887033462524e-09,83.03731963835958,-1.1524530148116143e-09,,,
-0.37484052231333936,0.10195953608489139,2105.7377076550165,263.61304024327706,-7.852841827343614,,,
-7.992773573292273,664.3004567797451,9.778887033462524e-09,83.03731963835958,-1.1524530148116143e-09,,,
-0.49159377645371277,0.10614160805560892,2507.3471029347797,288.00247561043057,-7.36185229677496,,,
-0.38045731007199296,0.07963935368885221,3481.674841992591,338.1476622618186,-7.644258668139236,,,
0.13413302182680908,0.028850900889184163,7302.494597234763,471.4919282324095,-9.75356281689268,,,
0.12160613158284557,0.023552112072058415,11009.490316263458,533.0310532269542,-8.68711766643998,,,
-0.0560637239773261,0.020777612953919573,23149.241312627688,2056.8064783570317,-9.028149861282845,,,
-0.33174931807180563,0.08479748794804491,2761.3429636974943,300.6125860650522,-7.564844168350255,,,
-0.428364877513761,0.07877643072962581,4014.454034638176,361.29866611728653,-7.817079542824821,,,
-0.4511167843080588,0.09013124845811661,3214.5463618563626,330.46217213282864,-7.56052160911111,,,
-0.303854327240817,0.0899774337540391,2257.975288560447,268.1149651350946,-7.2749033218646675,,,
-0.7044735281155691,0.23045645276298307,797.2653922177943,161.16687549522265,-7.260585438947702,,,
-7.992773573292273,664.3004567797451,9.778887033462524e-09,83.03731963835958,-1.1524530148116143e-09,,,
-0.2742328207358152,0.06933629359698598,3553.5265067193977,339.1634461178893,-7.683768730514791,,,
0.06841387802717931,0.027653857508631457,9376.59345249384,488.23498836838536,-8.216023146806126,,,
0.25134513665143754,12.594596510352915,0.020096238799054998,0.41485748815932927,-0.02312005879737278,,,
0.06661620468726671,0.02777732537996423,9146.985553202565,493.369361306303,-8.989220457528022,,,
-7.992773573292273,664.3004567797451,9.778887033462524e-09,83.03731963835958,-1.1524530148116143e-09,,,
-0.40588213074855684,0.23259986825693096,469.5044807815801,126.33874741503874,-6.91219507854607,,,
-0.5074248317204618,0.07638159356061806,5159.305773359703,405.94306359350685,-7.9508654162388375,,,
-7.992773573292273,664.3004567797451,9.778887033462524e-09,83.03731963835958,-1.1524530148116143e-09,,,
-0.30490390948596163,0.060079007625133365,5143.41849594623,402.65342229009354,-7.7883785662741785,,,
0.03849541223331895,0.02220207758761801,15187.159228130595,655.079604050167,-13.957760608122058,,,
-0.05607712815375784,0.03206613188701872,9622.759909738126,562.8953572107195,-8.040065140549371,,,
0.09136444874949187,0.027094493994821372,18924.254750460077,646.0041628212801,-9.032323393847166,,,
-0.4360078077377025,0.08465856291926015,3547.5816464523623,347.07917798406345,-7.670161539291141,,,
-7.992773573292273,664.3004567797451,9.778887033462524e-09,83.03731963835958,-1.1524530148116143e-09,,,
-7.992773573292273,664.3004567797451,9.778887033462524e-09,83.03731963835958,-1.1524530148116143e-09,,,
-0.43094228491493564,0.08610526995989283,3244.343071673978,322.0836627396349,-7.767052226288344,,,
-0.7983335274723082,0.2474658622222178,837.0790961743763,166.37610169501428,-7.190097838346237,,,
-7.992773573292273,664.3004567797451,9.778887033462524e-09,83.03731963835958,-1.1524530148116143e-09,,,
-0.28546313360601555,0.07485834621444092,3146.9188168768605,321.5662751479158,-7.421289463273742,,,
0.10241859899469086,0.018362617004871996,19142.01216952122,644.0243051739908,-8.792067639720763,,,
-0.3160867162561343,0.07757825221119252,3103.8423597789733,314.165299653898,-7.64565310638527,,,
-7.992773573292273,664.3004567797451,9.778887033462524e-09,83.03731963835958,-1.1524530148116143e-09,,,
0.02420170227856251,0.023117300287239278,14794.113645489251,617.8810498259387,-9.485259184934902,,,
-0.4639391164511985,0.09844054029083871,2838.246411504161,309.9130633103911,-7.839499585619025,,,
0.09646047901099744,0.02767067230644686,8452.0312782539,455.3417389656594,-10.712389593802094,,,
-0.378550322771717,0.0962390795464938,2333.528393377221,272.918407769907,-7.32926925577625,,,
-0.3683147328458572,0.08264830913540865,3023.337368701538,310.06502169324915,-7.958706810251097,,,
0.10332427558483748,0.021456735923201423,13723.780306087621,618.5360175202985,-12.642622599119502,,,
-0.3155295206154453,0.08654912702611085,2556.3576949078133,287.218560218091,-7.495196662247569,,,
-0.5321995710584805,0.24273403530125565,488.3977516618355,122.53015909537166,-7.140650377085887,,,
-0.42329084482635293,0.08830656073892436,3064.574168929558,318.82720467790153,-7.598055991630142,,,
-0.14392646181726815,0.04864392700972641,5264.737219361315,394.54547857288264,-7.926338003301044,,,
-0.3089582395943092,0.07713719051057387,3041.0287381228704,309.5089127891857,-8.045617466905027,,,
-0.3092637238506864,0.10109851440783431,1814.6932646377445,242.03164990699761,-7.150793943265463,,,
-7.992773573292273,664.3004567797451,9.778887033462524e-09,83.03731963835958,-1.1524530148116143e-09,,,
0.06690068344924888,0.02615099111213976,10503.68987793712,555.7179442327856,-8.243946385706783,,,
-0.33838979765959193,0.08152113568750437,2993.5077238785207,313.649887999073,-7.552262051960705,,,
-0.3255404741964402,0.09061944338437722,2269.6421300529346,266.7398509198184,-7.877366144531115,,,
-0.3532270237368984,0.07717854948355098,3533.6306940098957,341.3778298239602,-7.60478779573158,,,
-0.43024354532900416,0.09949394517826189,2429.0747626005564,279.2030988609983,-7.551840499038519,,,
-0.3321225454149956,0.08372697417184653,2795.1566923761416,300.453203919841,-7.547386017231515,,,
-0.3531940744528044,0.08661999983634462,2747.7987125695186,296.67016851610845,-7.458943050955639,,,
-7.992773573292273,664.3004567797451,9.778887033462524e-09,83.03731963835958,-1.1524530148116143e-09,,,
-0.28127977069681676,0.08607146660971383,2384.4725342281085,276.4330780235106,-7.918014437164835,,,
-0.24831723665217253,0.06845646743114803,3466.3642449399763,332.99485475436785,-8.057125184523306,,,
0.06392567660750634,0.020123258471452403,17341.36609135356,556.2594158574758,-13.436800772452678,,,
-0.3061581819980347,0.05863509367990111,5397.000789401945,417.2446889642592,-8.179033157684431,,,
-0.09333203329407247,0.043241569622800236,5913.500782965609,428.7992028135576,-8.113472327046724,,,
-0.36201824843864994,0.09211174549655558,2458.7975101093652,280.23486662607144,-7.61932055218265,,,
0.013052093548693586,0.0685441490737399,1781.5305502570068,233.6585829096758,-7.947532227497015,,,
-0.40346878022047344,0.08234149354916666,3388.6647750663005,331.2692259272228,-7.577159655099945,,,
-0.4075397313643703,0.0856028920587562,3231.489986654418,329.14311732143057,-7.454756188637683,,,
-0.011806233639023944,0.033056894762149104,7952.87545351383,500.2178816704194,-8.43494040413575,,,
0.06103394105508738,0.027823545955537047,9172.640427705752,491.43055241493187,-10.07539354312371,,,
0.0343929031696995,0.04016848346918586,4874.251377757826,385.21296026928894,-7.894753905871262,,,
-0.3253671042208604,0.08538923352422183,2684.92833582406,298.5754794540263,-7.833543018267548,,,
-0.3346299807024973,0.0722781512324855,3734.947841195265,346.6220540100699,-7.836953035237559,,,
-0.33895755256628063,0.09614948302639567,2202.4540613266854,271.559441701507,-7.6583474477585245,,,
-0.3774664070582913,0.07656349511250811,3682.332400051744,341.8886859855257,-7.581068411995409,,,
-0.4480039393309717,0.08797572244270187,3113.105648663224,315.81674752844526,-9.464630513317331,,,
-0.3080909071766272,0.07363772152440787,3435.9085406445124,334.80253787067807,-7.493177208785349,,,
-0.35412030304257297,0.07953854839122462,3203.6889435663825,321.9691903322601,-7.640857492130161,,,
-7.992773573292273,664.3004567797451,9.778887033462524e-09,83.03731963835958,-1.1524530148116143e-09,,,
-0.3424931445611988,0.07372594827169791,3733.218690687391,346.6868787166541,-7.879819560064297,,,
-0.3730855149115514,0.07838556134922967,3495.340483513728,336.90955912401324,-7.6266769437327735,,,
-0.38926524830452475,0.07348466979603563,4133.70420306035,373.9423177353416,-7.919871629991088,,,
-0.2626409739392011,0.1033070577631067,1511.9188076906491,216.6843351154358,-7.3675743333530495,,,
-7.992773573292273,664.3004567797451,9.778887033462524e-09,83.03731963835958,-1.1524530148116143e-09,,,
-0.350142541860797,0.08506450384508334,2914.8436953282444,313.880905812175,-7.824824594454876,,,
-0.3137179663446356,0.07680222425356618,3175.9449729185603,320.91160331745857,-7.702131904479606,,,
-0.40556248099626996,0.0829354465635926,3371.6336795162397,332.17145410508834,-7.837277380424517,,,
-0.3243744287981327,0.07767238509661628,3215.4398360482533,324.0477625072131,-7.489200968030566,,,
-0.39319629910505505,0.08659007481897076,3095.5567564925204,319.93693063894756,-7.969758604579314,,,
-0.3365498799924545,0.09763208966813189,2083.8328944565346,260.9942832345586,-7.377512134596378,,,
-0.3445055535226848,0.09382792068697422,2287.1068084398416,271.2126016706305,-7.288853376920522,,,
-0.3229565690526029,0.07850900219721874,3229.036267733188,326.29595441943866,-8.642949718194643,,,
-0.2834712448033767,0.06906925497446602,3676.1665867274796,347.51898997839834,-7.79656479600378,,,
-0.351283193654224,0.07300519503219954,3879.569616407311,355.801194021726,-7.807870917036551,,,
-0.3796995290209615,0.08045550967368935,3388.8060061111705,333.483174974175,-7.766401361762671,,,
-0.38527881572159206,0.09800541131052871,2297.174508668004,272.291030173452,-7.720850264699995,,,
-7.992773573292273,664.3004567797451,9.778887033462524e-09,83.03731963835958,-1.1524530148116143e-09,,,
0.08123872934820628,0.022084487027916353,13891.855061049038,716.5293408710972,-9.622126653632087,,,
-0.4845851411725453,0.0934786007134243,3302.0606042495792,336.51157255475783,-8.048960775011652,,,
-7.992773573292273,664.3004567797451,9.778887033462524e-09,83.03731963835958,-1.1524530148116143e-09,,,
-0.39940631478634864,0.06989511919662042,4781.498020418791,405.41375063297454,-7.829959905750413,,,
-0.3675014006451325,0.08575139644149612,2895.22108553177,308.537891609184,-8.15786313051068,,,
-0.3206633417148245,0.07846699244953168,3129.4033571860123,319.23596462515746,-7.564906730005712,,,
-0.39944795045102544,0.10559585010270475,2098.804042073023,265.0518993820826,-7.8143169355587565,,,
-0.3634020239533221,0.060842676813048814,5638.690662246853,413.2173616910237,-8.087414393103966,,,
0.19863675810893985,0.027374933537520952,6603.201768228579,419.745898838035,-8.147049320523928,,,
-0.36753108033043747,0.05714922553716054,6610.395232105489,456.572163402004,-8.081783984805606,,,
-0.31878505039591803,0.09579855039484848,2083.784712994765,259.2763408666186,-7.5057516088129,,,
-0.3813013478370408,0.0899881571010517,2700.568000688335,295.57419967855134,-7.450525290585472,,,
-0.2798121840488316,0.07938453463820316,2804.5204494311774,305.1914497924314,-7.808852441035903,,,
-0.35280588950935887,0.10820390943269063,1781.4012710166821,241.71606044471318,-7.216749191709892,,,
0.06471199416282007,0.024630064660275692,12896.290518766096,651.4427633348757,-9.694076735913594,,,
-0.3109864306510575,0.0740924600357723,3480.4873666916305,341.55649754617895,-7.955081366504397,,,
-7.992773573292273,664.3004567797451,9.778887033462524e-09,83.03731963835958,-1.1524530148116143e-09,,,
-0.33600032631882754,0.07551897374648028,3459.3925229114584,332.26509549342353,-7.532814444180539,,,
-0.4533809157616028,0.09040467010384587,3269.0147212516395,330.79657754942525,-8.202210845301774,,,
-0.45641003082961734,0.10898975341373143,2165.760907475147,267.9628356254509,-7.75949583822724,,,
-0.3282857585253558,0.06828695871780346,4164.193528096039,370.07250391501606,-7.993042531761501,,,
-0.0532438952557379,0.03411290571497816,8572.972882370614,557.9837326101243,-8.609453081831006,,,
-0.673273981414129,0.3774608971727466,301.0735093715951,99.16682543409993,-6.309022250911987,,,
-0.24423088971592102,0.0705723963168676,3203.785538968269,318.1737939367849,-7.62507246097055,,,
-0.4338672047061589,0.15066817993076667,1087.2197778127156,188.06168600508187,-7.104095625109047,,,
-0.42130845488132673,0.06276384455908118,6225.607328486607,446.8288356275664,-8.156876731163436,,,
-0.2959625739102521,0.09433072594401064,1980.5855041379548,250.02881058348697,-7.490512102433919,,,
0.12930778840079146,0.02783963139346733,7903.143122046612,465.7102617511895,-8.69379877230877,,,
-0.5191033246444055,0.06366730099130329,7507.91734223128,508.6894913459883,-8.027674134348295,,,
-0.36104488040516247,0.07554827034061758,3612.7042968153087,344.9103798265667,-8.059309073815747,,,
-0.3831219665989893,0.08704045018842164,2985.8271160929175,315.41482926078936,-8.243985168811117,,,
-0.32409032269323956,0.09451856026522135,2146.9889129364824,263.5280520031407,-7.2277335155963875,,,
-0.4321460813340683,0.1047224591573623,2236.9139773687684,270.23857713621805,-7.308755886092862,,,
0.01810196726994608,0.02717525499067129,11010.754095560076,546.0172222180906,-8.212673647630924,,,
-0.5374283336608926,0.25653112460554395,420.6422523894798,112.09951845931688,-7.224771543967563,,,
-0.2948003301881117,0.07241261085873704,3483.9447119373394,333.5269319655253,-7.802715421371814,,,
-0.3314478869265258,0.08028002088217681,3059.304404806198,318.5943944090491,-7.7931237050357,,,
-0.4018241365191396,0.08090902463004462,3472.6514273988664,335.79510048166526,-7.794495547162676,,,
-0.25592959570912044,0.07439826227997597,2984.3158524744904,310.18660830131665,-7.528738956145738,,,
-0.3192150706283915,0.08364244461390274,2724.5830169339947,296.56421550898665,-7.506123717575794,,,
-0.3612738900133876,0.0694218372640551,4324.860758646477,371.6124874574597,-7.806216623115229,,,
-7.992773573292273,664.3004567797451,9.778887033462524e-09,83.03731963835958,-1.1524530148116143e-09,,,
-0.3071801558741006,0.09745145095089407,1923.2327976852018,247.27062347018256,-7.587186296181029,,,
-0.3220124853031437,0.07195338068273942,3735.346301371203,346.72785335033467,-7.603533076472599,,,
-0.40500281406625926,0.10383378351297286,2145.6129422364565,263.464957268831,-7.301171890622967,,,
-0.33722763916546444,0.07338351114709757,3816.005716321405,348.5596118218469,-8.087700691517176,,,
-0.25607793480310065,0.05684615800643239,5024.377568266613,401.7629291584386,-7.7591297661857395,,,
-0.43634581608856265,0.09078770425512138,3089.1698867882646,323.2981279883175,-7.657620307553024,,,
-0.29147554179175544,0.0763919124468244,3108.42679709225,320.2306842758123,-7.576381387273487,,,
-0.3304337130209251,0.08178462408963293,2954.1709107559736,310.6166430823179,-7.588487750359099,,,
-7.992773573292273,664.3004567797451,9.778887033462524e-09,83.03731963835958,-1.1524530148116143e-09,,,
-0.4038800878018289,0.09752360504015328,2482.181701689654,288.8849920518094,-8.146600169835583,,,
-0.31071000971345847,0.06859242944959176,3992.2925776401985,360.62147278707334,-7.772085795862754,,,
-0.4187778949986548,0.26529947024535827,339.6065094577693,103.32152203612875,-6.479570519085368,,,
-0.3060730872954815,0.055538470302918,6026.327173963978,428.73324751102643,-8.634123101991424,,,
-0.27665008526649165,0.07686730032590514,2881.0952331167623,302.51110009555237,-7.5961091190890695,,,
-0.24878140901473506,0.06587073701079875,3768.2917343600284,356.7391167821275,-8.20063055224665,,,
-7.992773573292273,664.3004567797451,9.778887033462524e-09,83.03731963835958,-1.1524530148116143e-09,,,
-0.3811326292612713,0.08561034717685229,3003.587255436544,315.86506039143984,-8.299422997601118,,,
-7.992773573292273,664.3004567797451,9.778887033462524e-09,83.03731963835958,-1.1524530148116143e-09,,,
-0.4060864555343251,0.10237232720339962,2293.512770581647,276.5599926751308,-7.528035270699266,,,
-7.992773573292273,664.3004567797451,9.778887033462524e-09,83.03731963835958,-1.1524530148116143e-09,,,
-0.3972703246571467,0.07591570594127216,4086.4324091703515,366.4651139250849,-7.871298863019618,,,
-0.4255803222135944,0.09012201751058209,3056.3089673430736,316.61858967271746,-7.845035279123925,,,
-0.3050339029198479,0.08197523934518025,2722.217683394224,294.51832837050983,-7.365206355912194,,,
-0.34564957845194033,0.09466767372643992,2337.620956192056,279.2393510008069,-8.215664718961897,,,
-0.41608018799646324,0.09365285581387016,2727.413385793124,298.7269806950987,-8.372905392010683,,,
-0.33808017962689074,0.07565860118118647,3494.0575046911417,340.1157402627381,-7.574969007034537,,,
-7.992773573292273,664.3004567797451,9.778887033462524e-09,83.03731963835958,-1.1524530148116143e-09,,,
-0.2566549666377563,0.06863008211661437,3476.961358327049,331.9894669466609,-7.72138592492067,,,
-0.3846739266252803,0.0808853695258043,3465.3257206160333,333.2157784561625,-7.595857462980176,,,
-0.30651499357397705,0.08313927776053659,2667.0068941755303,291.0692517363107,-7.360629466436157,,,
-0.31381959399864645,0.08365743399265835,2700.4621375950032,296.6958193724086,-7.412311337642009,,,
-0.49125983233069465,0.22476973169269612,539.4753415859756,130.9804721287968,-6.650811060259705,,,
-0.3799058795439277,0.07756079515856071,3624.5560558963,341.5766850035991,-7.569799587170999,,,
-0.33053562998058755,0.08932971664101472,2424.9234652502705,279.8901461055446,-7.435604860655764,,,
-7.992773573292273,664.3004567797451,9.778887033462524e-09,83.03731963835958,-1.1524530148116143e-09,,,
-0.34363663079403023,0.11315556347556141,1536.3653329071708,220.19067170250364,-7.228015031736142,,,
-0.3229178287354432,0.09386973569383654,2095.923953335714,255.2306094494703,-7.8641142746969255,,,
-0.397615508611616,0.0841449696603335,3343.8829113712673,334.03088696395395,-8.361339637279029,,,
-0.3903901719726671,0.06174901628670573,5872.904170451635,429.5167801952729,-7.815695938149716,,,
-0.35548440986457963,0.080240977370045,3227.2311306667325,330.489253642769,-7.732319723983599,,,
-0.3481086571606134,0.07706505161936221,3453.679033554172,337.470021916061,-7.8578871921911215,,,
-0.3983250375469684,0.08362898826495604,3293.508335459819,326.5857931936676,-8.172850642536996,,,
0.10824578379187604,0.022480664753316847,12626.86753455442,573.0159627986363,-8.440778185924009,,,
-0.6783711034378813,0.23622465666658654,788.6204296974785,164.29704563905997,-6.789875368938136,,,
-0.32711499853070514,0.07130069775721574,3861.4903044551857,350.7792326414405,-7.6657540470634,,,
-0.37841975107325154,0.0731423234845621,4018.4543129627523,360.73886993442494,-8.30946190441055,,,
-0.32443127626252605,0.0829690521606502,2803.552166945692,302.5456756381126,-7.359847241723448,,,
-0.9340357628956918,0.3198143905542468,663.746519657612,149.57775002194586,-6.701950632389902,,,
-0.39953829438465094,0.0962410343742568,2496.554504364376,287.8823926101712,-7.418177865651793,,,
-7.992773573292273,664.3004567797451,9.778887033462524e-09,83.03731963835958,-1.1524530148116143e-09,,,
-0.48441407840323536,0.17740487112944292,909.6232683391017,174.70902175807174,-6.971608758595592,,,
-0.35628523428593134,0.0855634986248279,2995.686444982353,322.40251368788097,-8.38734874108384,,,
0.38648517178591235,0.11218811059352345,238.63615920396495,74.88219028021425,-6.995910432986053,,,
-0.4402197392096206,0.08232753543426448,3809.0335897985465,355.0691459230518,-8.64241307212198,,,
-0.32709798804730167,0.08776883157115287,2594.2973704751994,292.0814539997517,-7.648652049663417,,,
-0.3469142868916145,0.10055351695118975,2062.7373090463816,262.46901471343153,-7.817047358005256,,,
-0.7429635233241545,0.31391684770596373,511.89872336791757,132.22180661597656,-6.685537325921405,,,
-0.38235204848816523,0.056387919945970914,7077.585742624334,466.6576956160513,-8.254163114782925,,,
-0.7162694585434354,0.26072773387573905,688.8796116545083,152.5818862959484,-6.666010826142659,,,
-0.34575647884654787,0.06991019458680334,4284.614216918152,387.4904739193146,-8.416537962969652,,,
-0.36188445590894924,0.09550724577634896,2263.9358106768877,269.1913542155307,-7.671713024114686,,,
-0.11648634479358971,0.045224748049325116,5681.844804623504,404.64404518717686,-8.066986553623828,,,
-0.47254733366186547,0.08672234613129857,3620.361831897511,349.06444583874537,-7.558041822905579,,,
0.5413079873017502,4.943774023818944,0.05530474296142684,0.6849691548990454,-0.037063874466534655,,,
-0.8748439026043263,0.35656132299743515,474.04293165208213,125.50346886207586,-6.7848670328698,,,
-0.27305924798043013,0.0782449127126303,2848.027897461148,307.4573561688762,-7.60789176937856,,,
-0.3929515177048784,0.07743581538749282,3816.578882742112,354.3506215793347,-7.601507830275999,,,
-7.992773573292273,664.3004567797451,9.778887033462524e-09,83.03731963835958,-1.1524530148116143e-09,,,
-0.36751846831789864,0.08985153276878029,2646.054868782238,291.98564916962965,-7.507260512331674,,,
-0.40053854502893166,0.07686047528048177,3961.0042722866933,369.9380698750734,-7.693829591076938,,,
-0.31178134344795794,0.10674260553435418,1686.4731116816686,235.13977438398567,-7.676336205680718,,,
-0.35356470713781096,0.11531274348477952,1548.5801324975862,223.89679862423787,-7.125820609573886,,,
-0.3656192198290446,0.07154707922209785,4197.488744006001,365.2726230816713,-8.178466334846355,,,
-0.3461443135695494,0.08149708090365732,3222.7969729995257,330.9636833129988,-8.613610524192453,,,
-0.4307092994948713,0.09270129992121018,2906.908954980142,308.676292193978,-7.5299822073831235,,,
-0.24999558205353672,0.06421100901959312,3869.4967272125505,347.2188954706693,-7.923764035125373,,,
-0.46952007113484245,0.10515449340593189,2497.648170121006,286.91537581907915,-7.5059503668545196,,,
-0.3238797704150235,0.0846706750105601,2737.1300669252337,297.42745187933815,-9.039055980863436,,,
-0.3646269461184875,0.07829240046014213,3477.0126555417305,337.8697741223681,-8.44149991831506,,,
0.053070894069603906,0.03112609889341866,7686.516582505856,475.69541597647043,-8.141965339667035,,,
-0.36889213754695405,0.06448322968700286,5120.974945204798,405.4259930423056,-8.42223079751069,,,
-0.34917447063345075,0.0797077171314042,3189.624522210503,324.1063003142352,-7.897298931618221,,,
-0.6929061624020205,0.2990471181060038,462.924827331459,121.82063252355137,-6.6065678307974585,,,
0.09277124948031011,0.16903019664735844,231.31020840401436,79.26604451148748,-6.073015471051237,,,
-0.4262451798757798,0.09723982714380879,2447.472965182859,276.7815190618871,-8.411236789781322,,,
-0.1165624500789604,0.028354388488515517,14516.384555300976,598.4944839173781,-8.657665793214052,,,
-0.4912585295798875,0.17589398256108993,962.7269725817237,180.75534788616693,-7.040212781125577,,,
-0.40710782811727075,0.07429890843122018,4198.929333046734,364.3742390456949,-7.641886778353799,,,
-0.35458769900821785,0.07612036998630703,3474.1787486900193,331.6539228121416,-7.9234175348634475,,,
-0.3554353257115791,0.08237823111216798,3092.714786485524,319.01752364215895,-7.792942189026842,,,
-0.3889899007390252,0.0849572579648029,3069.4700334761073,318.0388884483141,-7.496960951529978,,,
-0.42788958328008225,0.0858569166227672,3294.098424029781,326.9983567940635,-7.889039759139038,,,
-0.45302868662349605,0.07454227284560827,4539.573399164406,377.57308603493055,-8.13291826323393,,,
-0.30055663886363754,0.09320428895687351,2095.1414758231667,260.95539650865305,-7.34430286234489,,,
-0.47061914137705346,0.0828458546072321,3991.0017571091944,366.58799940896284,-7.752875237707054,,,
-0.2557673240577224,0.07237413988666608,3214.0698873904266,325.55361434361,-8.008106561443869,,,
-7.992773573292273,664.3004567797451,9.778887033462524e-09,83.03731963835958,-1.1524530148116143e-09,,,
-0.5807498172292189,0.06924784649561425,7338.234805133065,536.7837650165638,-8.460617493090782,,,
-7.992773573292273,664.3004567797451,9.778887033462524e-09,83.03731963835958,-1.1524530148116143e-09,,,
-0.4354564090049127,0.11723605663142922,1874.96258958004,251.8462622866817,-7.450892130924075,,,
-0.3986394287220809,0.08746287853153534,3074.548320381056,323.16633186820235,-8.0068237293791,,,
-0.44617434875508666,0.07871048592785705,4273.078939810883,375.19899165542614,-8.2887657586948,,,
-0.7990717303536202,0.204891186869747,1262.2925841477945,206.2697871606517,-7.375834596698982,,,
-0.3621861242823322,0.08346014271339684,3124.18279937524,324.0368694849402,-7.768788900381294,,,
-0.34449161220743807,0.09894368913431131,2137.6984234731826,266.4087222913681,-7.767232228999857,,,
-0.39300214262977634,0.06316245370720061,5754.849369883969,446.89278601360013,-7.7993232843991525,,,
-7.992773573292273,664.3004567797451,9.778887033462524e-09,83.03731963835958,-1.1524530148116143e-09,,,
-7.992773573292273,664.3004567797451,9.778887033462524e-09,83.03731963835958,-1.1524530148116143e-09,,,
0.12402142100662827,0.027804923123901048,7956.538876768559,478.6471626310994,-8.292292188798655,,,
-7.992773573292273,664.3004567797451,9.778887033462524e-09,83.03731963835958,-1.1524530148116143e-09,,,
-0.3823304336517708,0.07377549731877991,4064.8560819164563,364.1409603696583,-7.659760120484864,,,
0.4687395564547039,5.256682704617108,0.056802447434984936,0.696783628027749,-0.038512256431058746,,,
-0.3347315375860744,0.08295777508529349,2839.426660342875,304.12692258537356,-7.566640425642341,,,
-0.5453732435816496,0.06567438372056071,7280.667984844102,465.62521853828696,-8.337579085641536,,,
-0.5806881002851253,0.20062270425025788,841.5757952180481,166.35772766351172,-6.790736294297248,,,
-0.4638847319888526,0.08319511158665889,3987.856380781978,367.5953397313121,-7.934389310453544,,,
0.09522905093059632,0.20438952337028857,157.72482787275126,64.49166116226,-5.845921079466075,,,
-7.992773573292273,664.3004567797451,9.778887033462524e-09,83.03731963835958,-1.1524530148116143e-09,,,
-0.2746096536920246,0.07805785315913971,2938.0153381529926,312.8276287285821,-8.710045966284381,,,
-0.5257208966641509,0.22341824663896956,634.4918999919826,145.06457818042995,-7.354565436467589,,,
-8.0,169.9576360928851,8.48546146154464,8.485256057408343,-2.4925510119591934,,,
-0.3522453994740326,0.07174985600023678,3913.6976001968237,348.7959111329149,-7.9181040182171305,,,
-0.4968308867537034,0.09089479860923348,3517.7802483301753,341.7700968029949,-7.6940811621280085,,,
-0.17830466599518152,0.10084675779929285,1357.3944741203195,207.7349406066537,-7.264429374985919,,,
-0.38409590877222055,0.07462801231387688,4014.438143118491,366.83620694803085,-7.556701484153145,,,
-0.31778521803630516,0.0707788684188579,3796.972725554872,344.6457265797775,-8.295972082837658,,,
-0.42751474794628497,0.2203456277247289,503.17831731797537,126.51277789133104,-6.576626350941852,,,
-0.2439981832083988,0.1654279957425369,634.1624519836633,147.00316384392764,-7.494686239522843,,,
-7.992773573292273,664.3004567797451,9.778887033462524e-09,83.03731963835958,-1.1524530148116143e-09,,,
-0.43328741825372474,0.09796297057882021,2561.1194065295185,289.343881702459,-7.364118376104655,,,
-0.4753730228915066,0.5461106493140562,84.99898489441442,46.809292279299015,-5.922253741576903,,,
-0.4088024384211623,0.07578605138294309,4189.326883670161,369.11138544189,-8.046256044551555,,,
-0.32986478572965383,0.072667520290206,3737.2968206198398,349.107817260497,-7.577039206744741,,,
-0.6720599216163322,0.2315859957002586,766.1082115814562,159.29005377708881,-6.726216360520997,,,
-0.4796483265786506,0.16968789566653292,1052.7501255084896,191.93324664942563,-7.749754978930099,,,
-0.9022940109350873,0.431785755199784,369.2787539330341,111.83030631435345,-6.405698798068789,,,
0.020936679347046825,0.03859168270584511,5409.286665681724,395.61999460064624,-8.067850177160638,,,
-0.4182935070778167,0.09178883274043492,2762.1460916938736,300.6491592374952,-7.772554671742992,,,
-0.4144984379127059,0.07290943370904,4542.1842715154935,385.791431097979,-7.892347707178078,,,
-0.3541385503922485,0.08520085553673451,2882.9691741741353,307.362926323136,-7.723540987331466,,,
-0.24367635247653918,0.07895301384203451,2509.340734023309,281.08171317695843,-7.624022971874129,,,
-0.35852618146136617,0.0751306593671872,3785.0020913825765,353.3135342421889,-8.141747887208757,,,
-7.992773573292273,664.3004567797451,9.778887033462524e-09,83.03731963835958,-1.1524530148116143e-09,,,
-7.992773573292273,664.3004567797451,9.778887033462524e-09,83.03731963835958,-1.1524530148116143e-09,,,
-0.6125342006784039,0.3219488725563697,336.67140772542814,102.17478350808527,-6.939886106869089,,,
-0.4945992216962972,0.1502625422868918,1306.6962777640244,210.23791652619366,-7.248379959153907,,,
-0.3244182761980124,0.07290572895521291,3642.677769273278,340.7241822388611,-7.5013856321464365,,,
-0.4478323691051275,0.0874920274800789,3400.6103522873223,335.1076198566513,-7.6444331744626774,,,
-0.33312080828482055,0.08571260281709511,2610.867664489999,286.79147651662487,-7.948808852010462,,,
-7.992773573292273,664.3004567797451,9.778887033462524e-09,83.03731963835958,-1.1524530148116143e-09,,,
-0.3913897099728358,0.07747535056803669,3909.496947859937,366.0033403010232,-8.251257039373737,,,
-0.6859688436551805,0.214350134211001,941.7033454025362,178.75315539199914,-7.163479759591125,,,
-0.47116982893591025,0.21701520737992963,599.3798774760972,141.47989262008028,-6.666230021305631,,,
0.5413083476426636,8.078123742878626,0.027652604473394914,0.3909660282089239,-0.018531937233434343,,,
-7.992773573292273,664.3004567797451,9.778887033462524e-09,83.03731963835958,-1.1524530148116143e-09,,,
-0.8145380990144688,0.2866686784439178,681.0698661312491,151.49938279301205,-7.116847530796803,,,
-0.3986342814952953,0.14243269847599108,1128.223166948362,191.70207867178144,-6.996828506610019,,,
-0.3379627972072852,0.08846657940658564,2543.4906421204014,287.4854995038213,-7.4111010090196165,,,
-0.13798532054575596,0.04858223550451123,5153.455612547746,403.20351707112087,-7.7498128008186375,,,
-7.992773573292273,664.3004567797451,9.778887033462524e-09,83.03731963835958,-1.1524530148116143e-09,,,
-0.353264774384486,0.09812620439849808,2113.671242044657,259.89795329349323,-7.387449552752152,,,
-7.992773573292273,664.3004567797451,9.778887033462524e-09,83.03731963835958,-1.1524530148116143e-09,,,
-1.9614507159812227,7.488378058954535,8.436044112236932,8.461061906984508,-2.481757059746785,,,
-7.992773573292273,664.3004567797451,9.778887033462524e-09,83.03731963835958,-1.1524530148116143e-09,,,
0.251345205693978,17.82320830986458,0.010048006060592666,0.29771277988220124,-0.011560029398875207,,,
-7.992773573292273,664.3004567797451,9.778887033462524e-09,83.03731963835958,-1.1524530148116143e-09,,,
-0.3416846260004118,0.07790886597660027,3378.7273780100873,329.9491792214553,-7.646154848239348,,,
-0.42892321072930634,0.09162920970634454,3015.4533768662673,316.55840363107217,-7.7898700657039655,,,
-7.992773573292273,664.3004567797451,9.778887033462524e-09,83.03731963835958,-1.1524530148116143e-09,,,
-7.992773573292273,664.3004567797451,9.778887033462524e-09,83.03731963835958,-1.1524530148116143e-09,,,
-0.392118076140627,0.0837961448559034,3127.0104370927934,317.575961085055,-7.838986947946634,,,
-7.992773573292273,664.3004567797451,9.778887033462524e-09,83.03731963835958,-1.1524530148116143e-09,,,
-7.992773573292273,664.3004567797451,9.778887033462524e-09,83.03731963835958,-1.1524530148116143e-09,,,
-7.992773573292273,664.3004567797451,9.778887033462524e-09,83.03731963835958,-1.1524530148116143e-09,,,
-7.992773573292273,664.3004567797451,9.778887033462524e-09,83.03731963835958,-1.1524530148116143e-09,,,
-8.0,128.42669663765216,10.375029129172969,10.126074961208442,-2.969717578494457,,,
-7.992773573292273,664.3004567797451,9.778887033462524e-09,83.03731963835958,-1.1524530148116143e-09,,,
1.3615368828048293,13.230301039650088,0.002209503373898039,0.07988977545403782,-0.009047575314723163,,,
-0.9501199501359169,2.631132088047456,11.668558462419075,11.219251539192738,-3.237734588542969,,,
-7.992773573292273,664.3004567797451,9.778887033462524e-09,83.03731963835958,-1.1524530148116143e-09,,,
-7.992773573292273,664.3004567797451,9.778887033462524e-09,83.03731963835958,-1.1524530148116143e-09,,,
-7.992773573292273,664.3004567797451,9.778887033462524e-09,83.03731963835958,-1.1524530148116143e-09,,,
-7.992773573292273,664.3004567797451,9.778887033462524e-09,83.03731963835958,-1.1524530148116143e-09,,,
-7.992773573292273,664.3004567797451,9.778887033462524e-09,83.03731963835958,-1.1524530148116143e-09,,,
-7.992773573292273,664.3004567797451,9.778887033462524e-09,83.03731963835958,-1.1524530148116143e-09,,,
-7.992773573292273,664.3004567797451,9.778887033462524e-09,83.03731963835958,-1.1524530148116143e-09,,,
-7.992773573292273,664.3004567797451,9.778887033462524e-09,83.03731963835958,-1.1524530148116143e-09,,,
-7.992773573292273,664.3004567797451,9.778887033462524e-09,83.03731963835958,-1.1524530148116143e-09,,,
-7.992773573292273,664.3004567797451,9.778887033462524e-09,83.03731963835958,-1.1524530148116143e-09,,,
-7.992773573292273,664.3004567797451,9.778887033462524e-09,83.03731963835958,-1.1524530148116143e-09,,,
-7.992773573292273,664.3004567797451,9.778887033462524e-09,83.03731963835958,-1.1524530148116143e-09,,,
-7.992773573292273,664.3004567797451,9.778887033462524e-09,83.03731963835958,-1.1524530148116143e-09,,,
-7.992773573292273,664.3004567797451,9.778887033462524e-09,83.03731963835958,-1.1524530148116143e-09,,,
-7.992773573292273,664.3004567797451,9.778887033462524e-09,83.03731963835958,-1.1524530148116143e-09,,,
-7.992773573292273,664.3004567797451,9.778887033462524e-09,83.03731963835958,-1.1524530148116143e-09,,,
-7.992773573292273,664.3004567797451,9.778887033462524e-09,83.03731963835958,-1.1524530148116143e-09,,,
-7.992773573292273,664.3004567797451,9.778887033462524e-09,83.03731963835958,-1.1524530148116143e-09,,,
-7.992773573292273,664.3004567797451,9.778887033462524e-09,83.03731963835958,-1.1524530148116143e-09,,,
0.12037515318186516,0.12352764180150574,396.85742321277337,104.4425202780998,-7.16649240034424,,,
0.1963131640220879,0.09862654201152793,514.141912035051,118.96640890061657,-7.237660159063204,,,
-0.278812878131018,0.21934080533784367,379.7253907091183,110.98790408106056,-6.540792343998755,,,
0.08351483642607892,0.16254755469769774,280.974769161029,95.05459573105936,-7.063351755545492,,,
0.19247414759400894,0.01653410273567578,18322.89317138389,624.4108357492421,-11.207740556730302,,,
0.1984476676047985,0.020879538566231773,11574.992201392077,606.5094010741556,-9.678831625442532,,,
-0.3448628445610075,0.33394470124518555,171.37575225392052,70.26800886498181,-6.092592615569702,,,
-0.33711207160461704,0.08538220343481534,2787.6007892896614,303.3774620590893,-7.560176430169548,,,
-0.07584111921436329,0.14968523127041825,461.9508305651261,116.62286609676967,-6.664230117523634,,,
-0.24638163229648072,0.2175398636997332,320.4342642486962,96.76474594217257,-6.408580238732921,,,
-0.6174211082247959,0.45762581140071124,172.25015819789363,72.48220492782174,-5.977080408425535,,,
-0.07714417681668564,0.1438629961626232,504.46712334615756,122.0793313357081,-6.695217844045789,,,
-0.128240121678892,0.03716620847411021,8738.05461916083,524.3047780098814,-8.463509126745242,,,
-0.3408060207347663,0.2539230373841366,289.09483227858516,92.45406289318414,-6.577328774643224,,,
0.08124934377364762,0.09622370176009905,730.3281771447367,142.87238065147642,-7.101698494350477,,,
-0.10779059210749829,0.2760558123808819,141.15446230209815,60.97771228890375,-5.831371485393748,,,
-0.11668228779282805,0.050191305972011546,4561.138992434601,377.44532758423503,-7.841122584911303,,,
-0.02929331333040895,0.03642023468329321,7004.960256467852,477.5090719152117,-8.799111169498188,,,
0.4467144594295781,0.024941356541599208,5091.3129029359,351.89364914448805,-7.880949074992861,,,
-0.26672098697122315,0.23324141644076968,277.45953975911027,87.96470315954492,-6.700883316015254,,,
-0.6639500028258224,0.19823644151909375,1094.7812755930959,194.00852604324362,-7.2823759293246395,,,
-0.44686413231230243,0.09284957316768859,2912.875586693006,305.9392578025078,-7.632600751439819,,,
-0.1289438820617831,0.04529219655863326,5778.985559595533,415.5270882002934,-8.149433101170732,,,
-0.4670633894750615,0.09097852450285802,3365.4497453449817,341.6356550152451,-7.945324827109878,,,
-0.28578041198604526,0.07911329747078326,2823.029991318112,302.60573885760004,-7.47796773009992,,,
-0.2620402661527847,0.1977194465352974,426.8154939166046,115.27579326788344,-6.396708916714454,,,
-0.19327796737770053,0.1738816304158199,465.0788599988629,120.00948768304774,-6.6302660448711475,,,
-0.3537426636087498,0.08850972635446709,2634.8147461983376,291.86517479757873,-7.885651177270663,,,
-0.67026091837231,0.16612879294896538,1497.8046831515057,225.08274801624384,-7.542927776736436,,,
-0.4923352904444517,0.7814877991178267,60.79056069752943,42.52914305102976,-5.895117721041984,,,
-0.18778090055501212,0.22737157262800756,259.5252854389575,86.85949665763135,-6.2045854560848,,,
-0.21408542988267978,0.3471814204810421,118.12840563149982,56.3012096367051,-5.833113744076896,,,
-0.49771564698806503,0.4701191079175289,128.15710336555472,60.608187675015344,-6.138863027381557,,,
-0.3642023996535292,0.26632664973368736,305.0227260050001,98.09367299107774,-6.239157448271366,,,
-0.4249282316956157,0.10101763153398617,2339.0573923158504,275.4247336333108,-7.7647561015896045,,,
0.0036876497637933314,0.039996965313225545,5357.406616725617,413.8038434733036,-8.391327780250364,,,
-0.6231677549673764,0.4675573315831703,174.68858410781905,73.96601530997096,-6.041634144935887,,,
-0.6275451580418809,0.48381335139658366,181.22897153264884,76.62895385631997,-6.185936107872141,,,
-0.39548151517044094,0.08528604875341626,3010.2352785847506,310.698745753814,-8.339677497973913,,,
-0.35927642046722913,0.04563660965051754,9971.633003388828,565.2070923981596,-8.22240444468579,,,
-0.08490327184639686,0.26485930705651284,170.75072034465293,75.15473501722657,-6.651436820835143,,,
-0.6825377313650809,0.30420530990106653,471.19076680652176,125.76825292705382,-6.773530478789998,,,
-0.4089854268063843,0.09799988212033124,2475.1399218117435,289.1611278538728,-7.393954976259863,,,
-0.36367814235319595,0.07362958272662178,3921.1148918428084,356.27352738597324,-7.5917999304446235,,,
-0.21266135896581184,0.2336569616111719,250.53931910023812,83.19395838445206,-6.522408751008083,,,
-0.7131444296383956,0.34240658655464973,333.35888482911383,100.93495368585054,-7.01979321091463,,,
-0.505227646059637,0.43275844253485984,171.68514041275304,74.1479782645628,-6.141460543066977,,,
-0.23738649427676756,0.050392182431000444,6267.984454282748,449.5099605017124,-8.465433677143201,,,
-0.04558840408797316,0.0415493703419216,5637.827630204677,416.16240658964716,-7.99918675366985,,,
-0.6980733028250015,0.631596587173399,126.30735198728466,64.22622397348982,-6.986812583223305,,,
-0.0372648682989009,0.0425079600564235,5274.975162312225,402.22317831206226,-8.019745354478204,,,
-1.0174468660806189,0.7451036866923731,161.13998563146686,72.1873311092944,-5.990436465961726,,,
-0.3101294117289673,0.07035361121158609,3756.464229166401,344.5797328231876,-7.56212265515942,,,
-0.6423629134947095,0.21176243344827705,872.7066439940676,170.09886748779005,-7.007206031521853,,,
-0.6856518969690533,0.3300573200807534,417.9133865895166,118.57491003159404,-6.592693628419247,,,
-0.3897755030963696,0.10760934839491328,1979.200313973237,255.67454123728416,-7.349146630425151,,,
-0.5646603258368469,0.2195923562066318,661.9199033444709,145.8916712221589,-6.930129481384728,,,
-0.31042649421714547,0.19770351687972085,476.74862396623945,123.09035174327981,-6.7142779198343465,,,
-0.20404492980442024,0.15382257107388664,620.8402345882511,140.19519572626655,-6.718782736607518,,,
-0.15673595696204579,0.06961609277175895,2661.824908156201,289.53228024909515,-7.8905440479629885,,,
-0.3135077353888493,0.07844882509170845,3153.7697367976634,322.2640166678357,-8.28399333127644,,,
-1.3086380339808086,0.5824723309838937,383.2663237672822,113.95215296126092,-6.4437547422469335,,,
-0.48023503257738376,0.3754960786479342,192.10591375455888,76.73571644281373,-6.147669710447802,,,
-1.8824094319708569,0.8970449318736282,352.295678050902,109.43495191116938,-6.511314050538061,,,
-1.0215565284101062,0.4431857259650364,423.6083284261806,119.84293308076616,-6.412264808251228,,,
-1.3451788486305467,0.6245814453830376,384.46445965892644,115.04198681461459,-6.3601587072645085,,,
-1.7161477565149261,0.6948115819247792,564.7038335215251,141.55498179947406,-6.749050017409753,,,
-0.16146027459500745,0.18765294269660815,344.02166039115724,97.53763519726812,-7.447482119629561,,,
-0.7823072894768067,0.43039661708238486,290.23596745453636,98.12250727630223,-6.328532505752117,,,
-0.4190635224578803,0.08660349122082604,3192.2979925421146,321.0934568593667,-7.784526461872723,,,
-0.9485864001029568,0.28251808680124785,893.362232031454,175.25566780551492,-6.977234699162899,,,
-0.15022273066764105,0.04609396274425948,5968.876195285984,426.2412501009625,-7.8705999395928785,,,
-0.35358282853516093,0.08271290415279096,2986.292254853687,309.26015323821275,-7.5005947330990255,,,
-0.7664680882869641,0.18097281945748978,1596.370711679321,235.0489580212244,-7.245521493226664,,,
-0.35872655332707576,0.0868325259345378,2803.659179088644,302.87328279107743,-8.07268128790228,,,
-0.32763485963027056,0.28052483568178294,229.55031572734808,81.4590729300393,-6.270716826856764,,,
-0.11433142562104498,0.05248875986602379,4110.366700591128,350.65085878598035,-7.9941637823105784,,,
-0.40901572928158914,0.10795584302196097,1975.601703786523,252.4666128422521,-7.563327453460127,,,
-0.2548732402026844,0.06128271570744413,4385.448849887831,374.2307988044827,-8.479598076663889,,,
-0.17437224527052983,0.16612977267111112,478.5127715510612,120.1650837661642,-6.4927565631942645,,,
-0.3962487302659778,0.09628326683037781,2514.2846278100133,288.75837137638,-7.4640659747159575,,,
-0.5331338954644207,0.3045643503100022,308.9343620163836,97.03589724457818,-6.420222209700459,,,
-0.5133626043140898,0.14426401015264373,1494.4315892913683,226.3979061933678,-7.265331837963377,,,
-0.09299460448230512,0.08150874962866761,1640.1946510695063,224.671985191451,-7.596590574290927,,,
-0.30140482940262964,0.3029485221374069,190.0205330371874,74.30795752691557,-6.106003937193089,,,
-0.3356559958752724,0.18664296849763046,531.6640810868272,126.366803845271,-7.246641207427489,,,
-0.18137601244751037,0.0528739143387723,5024.932653081132,412.43555014193106,-8.65951211511697,,,
-0.39983451385985846,0.09816001257286215,2419.8757741311338,282.9046394614048,-8.180434125690406,,,
-0.258689273211869,0.09571042535253649,1787.560926907517,239.59179435251176,-7.301696633849322,,,
-0.6996041255770368,0.3605893155953637,329.66538638840535,103.59398306474648,-7.013692228804778,,,
-0.3298035242881184,0.0922240135075466,2382.5319038556304,279.71521180504106,-7.840898103791382,,,
-0.30061731566146427,0.10971491518839739,1568.1796445163955,228.67284845216557,-7.363669975274481,,,
0.06448384899964003,0.15741124291009317,292.4845032871397,92.42405568510283,-6.760978495174725,,,
-0.38005653014654367,0.10022078073487123,2239.6430751336493,271.9557787653912,-7.512542879920339,,,
-0.32403159145133015,0.05025060356746649,7723.185821328917,521.0434045846799,-8.645740090240585,,,
-0.516557068518569,0.12281156257485734,2073.388319211641,265.75363009336513,-8.436209619798122,,,
0.052189583222443145,0.14556569230075442,356.95850182333504,102.06100073563408,-6.385835829879103,,,
-0.4571117832629264,0.09461207247899756,2895.7247426071517,308.38256494538837,-7.959671222044512,,,
-0.30264678820061974,0.07343072354766221,3365.4331662837853,324.73253866702004,-7.6191354706616465,,,
-0.37005701075015,0.08637016929502839,2905.0997751309496,309.00579347518556,-8.12765157961848,,,
-0.20158876395879957,0.21315664542505366,315.47912633631324,97.19173834654059,-6.3920259869351055,,,
-0.5283912350356069,0.29670251952474813,331.07175857926825,101.10291364521241,-6.402404043790475,,,
-0.21475754007849746,0.054668096858902594,4942.947010900934,397.65463920017385,-7.786671259096568,,,
-0.05228754501839176,0.039642675935297016,6207.101321795087,427.5833653203774,-8.533112347736983,,,
-0.21599374912787211,0.2817972015559587,192.67057524591533,76.52387153469705,-6.040324043716747,,,
-0.3097497291128004,0.07466551643724322,3383.6631146730774,334.52160702440443,-8.23394154108055,,,
-0.43184909231545227,0.09975918789984257,2490.273555225098,287.9986626962823,-7.322532835704563,,,
-0.2971118496271792,0.06671948290185124,4015.415877764559,358.6210289645272,-8.186144274203404,,,
-0.6832406823763416,0.5280749347536973,181.42844362190067,78.3312976169252,-6.711970261944083,,,
-0.0011162374063657635,0.03926911530722345,5697.399443780022,415.5504506216992,-9.338396619430512,,,
-0.4520591593374939,0.2718792707886448,328.46254633190046,100.02433034749185,-6.462673758290096,,,
-0.30042238189868387,0.17619788252418303,612.2316996155978,141.38935089110774,-6.8891962927746855,,,
-0.18097648816579875,0.05006765131992481,5368.0290055160485,417.382436987143,-8.025997909160932,,,
-0.22503569716415964,0.3295194427011435,130.07651262181403,59.48432812199343,-6.210038146774573,,,
-0.1689430395796907,0.06296043188547697,3467.7766290416853,338.40448838916444,-9.064700551673909,,,
-0.45910257200424065,0.27773580345152415,329.2058868032812,100.97070162467082,-6.497673775131024,,,
-0.06511109435870295,0.04662646081703485,4604.920094607303,377.7893131483299,-7.933780975586601,,,
-0.4863199940920675,0.08928132894424393,3550.590829911322,344.68019014738434,-7.784765888543298,,,
-0.5074836170159502,0.410500758126423,157.75793480304392,66.82454621775973,-6.064845253414662,,,
-0.36373811844333404,0.0894401114097367,2689.73809349369,298.6172594765717,-7.542686796836597,,,
-0.33665749912259585,0.09023634712402372,2446.744703846317,282.4469295185904,-7.454533024740272,,,
-0.20204880541811787,0.16089085712181952,511.2236779837938,120.27288024208409,-7.228516475455351,,,
-0.4424779370205831,0.19939971933598008,655.3241690507267,147.2241256856794,-6.726744075611217,,,
-0.5230002015038492,0.2795433243589576,394.11053230976665,113.69490995026021,-6.600918611008234,,,
-0.18021184496665218,0.2633589217561907,196.387038470069,75.89451515996652,-6.048359489581554,,,
-0.5123813420169495,0.1636447639188566,1091.115235533749,188.48567340854308,-7.584540084004331,,,
-0.38004844590312903,0.3358995755806673,194.07760107682114,76.40552184701991,-5.992992118980827,,,
-0.2023376131838698,0.0790162368248157,2285.757598272023,269.3699641590283,-7.300848093534605,,,
-0.16493960967299667,0.04538544381176452,6427.120768684092,449.30341961958896,-8.27229073099572,,,
-0.2359534861425073,0.04868017676570433,6607.689938944773,450.05699133115314,-8.255970987466364,,,
-2.8779289863395534,2.655838791353479,169.07924932632585,74.66855908332732,-5.8888935935918045,,,
-0.4135829407697287,0.24765419948822584,366.950619972389,106.00060133164946,-6.510879338860918,,,
-0.00955456334536743,0.042686575899909124,4861.329361391331,387.5502294074536,-7.836287428451349,,,
-0.23138386563858745,0.07520730210081202,2732.407826190997,298.74687577807305,-7.507751460658166,,,
-0.3768116274830927,0.08522461375864115,3035.9099232795315,316.22101138140215,-8.10413155252807,,,
-0.29339156991172616,0.08571442394133491,2484.9137904588633,283.7933942470838,-7.825138835013164,,,
-0.33886720141124976,0.28122818205148464,275.6327329969461,96.57587432924595,-6.939221468346104,,,
0.06196911396265899,0.04280331771710374,3923.393094394372,339.9866003853698,-7.713881690947726,,,
-0.16221151708632356,0.14673728449147086,595.3591344060761,133.71591046493464,-7.13745809355197,,,
-0.17004103462625478,0.24993406325321088,211.0880787821587,78.0155284642987,-6.128923834468309,,,
-0.3093759235686164,0.06407383646850941,4652.514629614339,394.9988265088585,-8.112263183030956,,,
-0.6609010947708426,0.49882401585772806,178.270328971973,76.07168634360013,-6.20933252129407,,,
-0.3099653309367069,0.3020060624488736,229.48304434223223,88.42213954345196,-6.847189286863493,,,
-0.17616130650622108,0.2794846791240202,182.04733553557872,75.31255033194226,-6.216258191329433,,,
-4.0119078007369176,1.8286552007725916,1151.1907328479263,203.828290160962,-6.908780028702735,,,
-0.5201264902275239,0.10117520001062044,3006.6490594096304,319.7537780560215,-7.662741181346606,,,
-0.3992080921049156,0.11043004417524355,1910.3239071468734,252.08417586700193,-7.589470850153655,,,
-0.14338917027606,0.2392012214953379,221.4056506666328,81.87327954616879,-6.131212999970825,,,
-0.07451770382263603,0.05463721753740952,3531.6657977669574,334.2094973500185,-8.364716545979977,,,
-0.3303442877233376,0.3816612724648738,142.35035478570342,65.79474335594807,-5.950858901512786,,,
-0.46019203468995323,0.10449258922866081,2514.55087964396,290.5920066775276,-7.9820675592184465,,,
-0.42509394390280747,0.11113869083698244,1967.3015933958936,254.72659042701753,-7.289266258629517,,,
-0.1923059722704708,0.04477104203610021,7058.108440033148,438.97148803479496,-8.058237071244692,,,
-0.8019221327502928,0.7292693445664449,97.25352322732465,52.68488273339129,-5.71612709847319,,,
-0.27861656789043104,0.1544038903275377,724.6987504860101,152.24591480556282,-7.062808683531769,,,
-1.7323307480866308,0.9123541760775344,343.29039049716033,109.42512216362876,-6.467368391663902,,,
-0.11511265536929927,0.041344897497841836,6800.435880125331,474.9398578569833,-7.957239987437009,,,
-2.4743931430009822,2.0827457824843267,149.6263592154836,69.4587614992208,-5.833013657179301,,,
-0.4216461801193306,0.08286615600473567,3598.1828832216033,341.59056821377595,-7.796083315599786,,,
-0.3488276357348565,0.0801656022071204,3194.126186921602,319.9614164860145,-7.912485297331537,,,
-0.3908247843345674,0.11076613509571838,1805.221299335599,240.66195808541602,-7.339463312275605,,,
-0.16408427373095102,0.051822728725679085,4901.519209951497,379.85003337281256,-7.759056332069374,,,
-0.39239970429050525,0.0937238431133595,2659.226007210926,300.72720600965573,-7.996354913880163,,,
-0.2989802912853789,0.08006925400535067,2872.35182946064,304.0834650531891,-7.584817318531422,,,
-7.992773573292273,664.3004567797451,9.778887033462524e-09,83.03731963835958,-1.1524530148116143e-09,,,
-0.2964692272645208,0.09220120977391678,2144.184923723151,263.4239001708983,-7.510187655792698,,,
-0.10566667962451065,0.24981138225364774,161.9421414530348,64.01413877532298,-6.281394500286212,,,
-1.2543436507426096,0.9443006854291901,124.07470189288975,61.146782272609045,-5.758601881880361,,,
-0.20759196116045678,0.07886215936792379,2264.1698288975836,261.9563263196063,-7.679023564749465,,,
-0.23586071048716828,0.10596718387627578,1345.6752727825146,203.72088211446737,-7.223402092823636,,,
-0.4264632303564963,0.0846431368230603,3410.1456436163944,333.3757954192212,-7.586550472701252,,,
-0.7991591073147024,1.0700696718497866,44.65965495068527,32.27118344941541,-5.149529299180988,,,
0.18134438984452225,0.12178251685790253,350.33810071788275,97.48668010065256,-6.376516843672874,,,
-0.594425592505418,0.13457221001514796,1935.8900374065242,254.28983905974633,-7.436393500842971,,,
-0.38327774327077174,0.08914388077911405,2819.7957873790406,302.91542715871566,-7.4619430198110175,,,
-1.573514658381259,2.0374622843620758,41.814018493398535,31.04726608240304,-4.994537500808065,,,
-0.31920652262114735,0.07032188419012309,3850.18861847488,352.49081893968264,-7.57943563371573,,,
-0.3819517645398033,0.09224637778287816,2653.1346074108133,296.88975782694786,-7.654789826636059,,,
-0.5908311490903249,0.36333619516565924,252.52939191145956,88.20558579478475,-6.203138880056488,,,
-0.17618510381315988,0.30564835734793233,144.78819841874216,63.925398410525474,-6.369660972399721,,,
-0.09319691699707004,0.05318777416019439,3868.7824199471215,345.68047167195954,-7.612803825360084,,,
-0.14580918956649658,0.04668891505846769,5664.021455642344,432.82651978613484,-7.830056341848283,,,
-0.8770330852462233,0.4841514965735993,292.2583933329871,99.32385446371782,-6.307369288180894,,,
-0.6585748198277842,0.36722740758552064,302.75015247519707,98.99980909573557,-6.225990279932165,,,
-0.2112220085998554,0.1333407150658493,808.8740828424744,157.0988943733947,-7.135094777594709,,,
-0.12961298238283386,0.052293008694360314,4360.191813102521,364.8494326355483,-8.31370331275479,,,
-0.30182291900839675,0.08640107862538476,2436.6973221647204,280.33384570517717,-7.983837512178837,,,
-0.29952018573002076,0.08644302145838005,2423.357514249907,277.1497696252126,-7.826865226932041,,,
-0.2677923510478821,0.0669426632276699,3809.9350737926543,350.6898817560044,-7.811309794266872,,,
-0.3901794954797201,0.08559375455056199,3044.326750372492,311.98252349324764,-7.725809370070185,,,
0.00014643441101381839,0.12246410510849838,555.7526353933688,126.47068902975928,-6.845267224088633,,,
-0.015858239547388006,0.0478839197039932,3927.961291374501,349.8666586617373,-8.435809358274174,,,
-8.0,32.06293013253443,108.092493411254,57.605360503905274,-5.623056359259399,,,
-0.3047361276638982,0.27894120642241976,210.52455055920447,76.20010249722024,-6.462533361253906,,,
0.19887291897115983,0.11230603175117919,398.8926703721226,104.75947397556243,-6.446526349495323,,,
-0.4213033633252407,0.21494052716825968,551.560613399428,133.78331510278238,-6.759674493298023,,,
-0.4435060607924194,0.0889727276051741,3316.027816537467,332.97375015579365,-7.783418784488844,,,
0.14385774841700302,0.024963413960337227,9394.057565334959,502.52641233536315,-8.77167699834689,,,
-0.37257275835135495,0.08541847513975388,2961.8369402658923,313.6132440143974,-7.642860419015751,,,
-0.389383111758155,0.09167174356547214,2738.489121262498,300.84001325420513,-8.419497581560648,,,
-0.2877651562446016,0.2945785388787325,202.90789556856583,78.87230354336072,-6.305590222389325,,,
-0.16912546170609857,0.0616019912348073,3403.5533572607237,323.02378303731757,-7.972626040311352,,,
-0.1583727435591884,0.060670709537514876,3499.028662902879,328.16170004887636,-7.528697857198801,,,
-0.3579466564207716,0.16659792714544022,733.0128324440999,152.21312193038762,-6.921549786767111,,,
-0.37417600363321635,0.07803074763419862,3556.035190442835,335.9014575043361,-7.477148859370319,,,
-0.2129967431384116,0.05631044929576877,4583.442188036743,373.74079173938424,-8.122344218944011,,,
-0.1354826546658807,0.05215416244601189,4512.905850122083,368.70754665521844,-7.898803690765554,,,
-0.4914705565220701,0.10159502017713352,2851.0643121775884,310.4624573836091,-7.966533591265631,,,
-0.3053730161078518,0.08738138579146196,2439.7886980724134,281.45357916833456,-7.870086973446071,,,
-0.3645733658919412,0.08550873771732413,2866.457138635848,303.2676117190265,-7.524168822745235,,,
-0.3348698590894901,0.10109123923144302,1879.9405335804365,243.6641385287597,-7.605498338685124,,,
-0.03680475335793472,0.04327642941124786,5039.155529163671,404.27997209736185,-7.992924366778985,,,
-0.41898704396100456,0.09581829810154735,2627.9227506826146,294.4396407225099,-7.322946452138966,,,
0.16467524804240513,0.15947507457381824,217.03351016301104,76.69601932197729,-6.127373716710546,,,
-0.4419593035204403,0.10754104848852561,2259.6352660992075,276.4423962344313,-7.762987304843037,,,
-0.21408109418220436,0.23717029846071117,263.30503913647584,89.80586052710257,-6.409734396908864,,,
-1.4212085555458553,1.3976338287934558,77.88675678545708,46.85469150530307,-5.424928525280831,,,
-2.119775962629027,1.803294723769653,137.99958266906003,66.43608429116534,-5.769329566866237,,,
-0.4104063906113259,0.2898661789949096,295.4428124391563,97.49030876408858,-6.6600259888232065,,,
-0.521333502012008,0.10092475378963248,3020.1431279603994,325.2768414506098,-7.835327928237891,,,
-0.301630793206851,0.10502601070837765,1679.6148139498173,233.86108610320926,-7.5901286495445275,,,
-0.27709601030470443,0.23824865863728087,285.25041950197743,91.00093346404843,-6.349820688369387,,,
-0.3350919797457298,0.09669390863281113,2128.9047542506664,262.9296985213642,-7.2171100902289504,,,
-0.2820594245278465,0.21291275479683494,378.7781879429079,107.29125850041542,-6.378112159114186,,,
-0.4050136355834968,0.09166197633172073,2763.956341876898,300.89097651454097,-7.478276295732245,,,
-1.1297012270266944,0.7280091899290603,178.2865448886458,74.57582253615512,-6.700923675862488,,,
-0.35887539205113744,0.22256820726454649,422.56192849015014,116.36161452528602,-6.846707892409409,,,
-0.651954609437836,0.8927073482989708,44.43373260599904,31.370223845255076,-5.022657255830853,,,
-0.38872024981953346,0.10612198485785945,1995.4458328280377,256.2950725428798,-7.2289235170629365,,,
-0.4950680271705223,0.2821434628603827,339.53896417162207,102.66265582782597,-6.489173661481149,,,
-0.4058091323228456,0.10815772401949851,1922.6069399377739,248.8432361758145,-7.796844489705116,,,
0.023894510059960065,0.24024513877536555,145.43833579454375,65.1448703104798,-6.03876977242886,,,
-0.28644349260721763,0.20279531150446792,419.4399941367083,113.60856886735402,-6.517415285372306,,,
-0.515120531933189,0.346447528736438,246.91954232069133,88.37505263212603,-6.351937546761101,,,
-0.3607728783516263,0.3064800417623262,191.57154505661995,71.91894066598356,-6.635188471552233,,,
-0.4206942033617575,0.11424259844776696,1890.4370174974224,251.93961317508246,-7.658858789826559,,,
-0.27010198855651546,0.21629525768116165,339.0581127636453,100.08365594367031,-6.501160087711426,,,
-0.3046333599115498,0.09829732035648232,2016.5640904359166,261.05849122413423,-8.762038680732251,,,
-0.44688093422662784,0.25178471295469074,431.8997430988039,119.88136143801253,-6.854458896913689,,,
-0.350118503098286,0.19988925750718842,465.8318368263907,117.71587972556634,-7.518474379397076,,,
-0.9886584539534737,0.16527146448013372,2773.9632605541715,310.0083870291931,-7.608064441112715,,,
-0.12437879744731656,0.2147966976187416,244.4445213392848,81.88763254343579,-6.532554702986056,,,
-0.9880523060386077,0.41333302037293007,444.0331609166568,121.86298558198331,-6.5290947878722285,,,
-0.2729856132222113,0.1364777061817531,930.8608941358578,172.06913189974918,-7.2658277304193835,,,
-1.1055567400302284,0.34853890187660935,672.7054802718925,148.73276741141328,-7.644387833743006,,,
-0.2883575791940107,0.2533583350459941,288.8028381418646,96.11523136451453,-6.307248001969833,,,
-0.5073783567257797,0.2458188541942134,483.333305585316,124.43026657611533,-6.604552388490647,,,
-1.694098159121656,1.2386496846794837,137.79536330369598,65.4370612415049,-5.895409611693138,,,
-1.0016406036464083,0.5265433629423425,286.0516886968633,97.71228936343067,-6.797957055289472,,,
-0.5516416092832593,0.3595434950474982,249.2238696865034,88.69946738530396,-6.127025974342094,,,
-0.345266219083868,0.26434985789625454,286.05761280258946,94.56917720696238,-6.366064410490048,,,
-0.25814399658023157,0.2092773629787561,349.15194029121164,100.44474009252775,-6.813417121296121,,,
-0.42902380574498084,0.08320022747609013,3599.053810546652,342.4305792000322,-7.517105916564547,,,
-0.34871878192842937,0.09815456578367455,2140.1594996066024,263.7810101612365,-7.572959962838628,,,
-0.1689003345976755,0.22348017714471116,255.93253203014186,85.99407952021711,-6.292712572869285,,,
-0.5549877974462553,0.33403440090788733,252.1327210885859,85.4742397127377,-6.713920412201203,,,
-0.18137086443315906,0.062468216959839,3530.7424892201043,331.87850314229064,-7.627903057569172,,,
-0.3609754373771558,0.07972840505979081,3307.899632123077,329.74097826620607,-7.680047242051472,,,
-0.15643862542852235,0.05809262572244831,3790.0491591712716,342.9571156772828,-7.939494376140926,,,
-0.5175781781015543,0.09491237826078842,3275.5520926372556,329.2145202215238,-7.677925283896688,,,
-0.020647763389350426,0.15975906388953226,351.2077503642783,100.2635885922554,-6.649486341337429,,,
-0.19680171358916104,0.051387177048561196,5384.262465898004,410.7446553865207,-7.988502245713582,,,
-0.15050412774052868,0.2108670716985988,273.3251507120086,88.32673961316101,-6.2098974861966685,,,
-0.7405375031865817,0.4341166326184172,237.4683200302229,85.08607279366215,-6.9709321247088525,,,
-0.35560142910377485,0.0746300006766288,3740.1007938128764,356.1880504335773,-7.865493663914011,,,
-0.3701085555813484,0.08982134707488316,2652.4631238331126,289.68946831602807,-7.348267075599761,,,
-0.6071450971395216,0.1770310839539309,1152.877527856322,196.6419539465344,-7.4610097949090415,,,
-0.35212736423125435,0.08104334757402908,3215.880823887127,327.8367523411699,-7.78880906144466,,,
-0.3534906273375403,0.306155687083403,216.62468233826982,80.42417381525975,-6.092532759698639,,,
-0.09226717553147501,0.27686462294709396,158.15915878704158,70.32499465137,-6.579804638591911,,,
-0.5613244042259482,0.40393584479917843,202.43873408691553,78.84489609626874,-6.140914886652274,,,
-0.4273075845554863,0.0989580666203258,2570.9013911704174,294.6980155992139,-7.75656315039826,,,
-0.114879328607653,0.22231956642556616,233.8814984313469,83.3038228112239,-6.205698092514659,,,
-0.3384703628326268,0.06921386031334198,4145.39356700861,358.88412009815397,-7.64587929502973,,,
-0.30828551708153973,0.07293272491637817,3526.5844589974827,340.03579279045005,-7.5174393770477,,,
-0.6927253395214391,0.18538730484752178,1248.9651864876105,204.9373046216268,-7.109321255368077,,,
-0.8038131446008727,1.149078689440958,33.632441373065966,25.745460883747796,-4.814695282867542,,,
-0.512090033817537,0.23090124696166447,553.7172885281537,133.62889507937894,-6.633762018587706,,,
-0.1732839493154651,0.22253003336532026,258.73333039528035,86.73528692651983,-7.006192556320983,,,
-0.7915933155376432,0.555708947838043,195.48410707361407,80.97654605719373,-6.286164578748761,,,
-0.019277308576088857,0.037387986103981107,6462.775884170659,429.96386454201024,-7.961748312397475,,,
-0.4013839768169738,0.08916760567655667,3046.6903549774547,320.09982836855545,-8.209832304285705,,,
-0.352581087640202,0.08312277881006962,3043.0046372746942,315.0826696368781,-7.5581064761373815,,,
-0.22158489340013307,0.06492388470399507,3597.011795057211,335.09369085822397,-7.57607904197484,,,
-0.3278771409661941,0.06957995135682767,4058.465262351643,363.75302494006814,-7.6510124233415295,,,
-0.4128273052945384,0.07861062748467515,4021.1244265526225,365.90906501407693,-8.445771342514028,,,
-0.012351113791435194,0.03344819071821594,7844.1207509357755,482.35159024619156,-8.11051636169041,,,
-0.19098036744501665,0.05610800356995847,4473.9688391182435,376.7053118032163,-7.819848490910911,,,
-0.048490069664810606,0.15767628192261532,380.0111100700408,104.26685759957316,-6.5624514604147315,,,
-0.1169542730652207,0.05501546667383554,3765.5940974569967,338.00231069302595,-7.933243024800465,,,
0.3877681028214165,0.007396754993088433,52841.48435736546,724.9184967074334,-21.12489751190442,,,
0.19799629047865197,0.014702979182290646,23118.812556668552,607.7338317672851,-9.619612904324264,,,
-0.3302533981646346,0.17244752104449138,717.4627252395886,156.45470145848887,-7.961312090206629,,,
0.047702749922902285,0.08173099416615456,1121.9596657028376,181.20114963637067,-6.98989231578329,,,
0.037247710889771725,0.14761758167749595,362.3186961710119,104.08178390752002,-6.720139837704495,,,
0.20731067461584077,0.12099009608655426,330.789352056666,92.78947899503056,-6.620357591223384,,,
-0.01756895318088867,0.1728366498842075,314.0416568309106,98.69428628062927,-6.563189859837765,,,
-0.4162499712363564,0.2719354082834841,292.69552609539556,92.23933120793613,-6.723735193446832,,,
-0.03331285192613784,0.18426286542895676,272.4999255409461,87.71740301250641,-6.220301437366521,,,
-0.36891458145400546,0.26459498349394767,279.1178699843158,89.75601956621522,-6.7643680521204885,,,
-0.16289683360599588,0.21579272116949175,279.1446568424792,91.79472132250251,-6.398134891538825,,,
-0.03945662719380728,0.1817842708044208,269.9969130697396,84.05936490577774,-6.9682316870768135,,,
0.11608127590904009,0.09030338932342023,752.3107885162034,144.00211067275768,-6.8633976329072315,,,
-0.030180491447173063,0.055302113244569094,2988.3330039762614,297.83745386243686,-7.517710869322801,,,
0.01431264332428418,0.1315347813404406,483.29887391127687,120.29615500780358,-6.56290220965931,,,
-0.04943866092571351,0.14233525192180657,474.4558635692611,117.64896861336213,-6.585120897943742,,,
-0.4627689506243853,0.34910331885783136,201.16719934355444,76.43769673914599,-6.138482350096125,,,
-0.17618433489932542,0.18924330648022464,382.4213894797915,109.2196374670956,-6.534010931956695,,,
-0.14189382842117967,0.21151319592398637,300.8725668280232,101.21276073858996,-7.580083641961137,,,
0.11845519102824377,0.11316832741115745,466.1841787233938,110.76844340484303,-7.054217891391533,,,
-0.029238419704459503,0.32660730849218217,88.6395253206628,48.636671451097875,-5.772188968773376,,,
-0.0008296014978649469,0.17319343763996792,277.4296069449335,87.08612558850966,-6.407649256049705,,,
-0.5008427993840012,0.32783895847044614,272.62397712667257,93.19953495602867,-6.291270224088228,,,
0.22479910504340925,0.0127138913276742,28610.62557435014,889.7952159025823,-9.479493459602688,,,
-0.02588429209520956,0.1397497277530419,467.71120339078925,117.09017974630603,-6.6884386352096605,,,
-0.3558674174538726,0.08466140547814226,2796.7162620749937,296.7773762934969,-7.957163021996545,,,
-0.08739004967042033,0.04228347031381772,5946.618252927876,423.94014823833646,-7.932989146117993,,,
-0.19418886075261715,0.34933521715813315,117.39144035135286,57.18955287111086,-5.872395616963189,,,
-1.07205428459865,1.1393629557830711,94.05229383965896,54.68358782594203,-5.862358210500811,,,
0.022077615640793864,0.17509608574422558,247.50344933950902,79.81881038620847,-6.908482520313987,,,
0.06471244684656162,0.15787379505023294,275.3366935794587,84.82927057636783,-6.372407018651593,,,
-0.06286818680094078,0.2590115180086428,137.20056417909885,58.1511172981748,-6.170590975432946,,,
-0.30903848115166405,0.0816935608610577,2752.9225339959485,296.88831792461974,-7.692762741104199,,,
-0.37095297137651895,0.2528087073680426,343.3341555601397,104.85878791049142,-6.583094723844919,,,
-0.08608750659372089,0.23253894674949407,207.35276501988832,78.5669305018347,-6.380126242473843,,,
-0.8144441417148797,0.8442010065811989,74.10124777586387,44.86771677712547,-5.614561314479928,,,
-0.21124536833427954,0.060365515997309084,4000.536512179724,360.4248729711649,-7.855429551215567,,,
-0.07561262614635113,0.2030478584444711,246.2266670974386,83.72728247868592,-6.220620159165145,,,
-0.17763570137616594,0.18787727474400986,379.16422458009663,106.48157512912687,-6.5113480724238215,,,
-0.1102245448611191,0.06674048365179201,2563.2674258980114,283.3026040585016,-7.39703057444204,,,
-0.1542122626837103,0.245290184323786,205.63054992590688,76.62136737652055,-6.437637039533662,,,
-0.09240171653104402,0.1709976483261819,360.9647282000158,101.8580634913642,-6.4609374847643775,,,
0.005627892579218194,0.20046005285141258,216.54821708513168,79.84980181713647,-6.23663330499946,,,
-0.45567084528003216,0.2298598085632924,442.4742946050155,114.43642832407637,-7.15718040696429,,,
-0.17271201748065548,0.049668826044322205,5445.378466724715,419.3297729040149,-7.837602366892715,,,
-0.1121582949877791,0.04135519516820496,6739.173146954816,479.8689883904822,-8.235436018432901,,,
-0.4731126195309082,0.2703015606841975,404.1340093503646,116.85063093805603,-6.837346889339278,,,
-0.5732997625732527,0.38090286102340004,265.0635675772989,95.33825223734203,-6.494953508789201,,,
-0.16584334676315482,0.2163267038505247,270.5557131049983,88.42184414124921,-6.215898797192959,,,
-0.26819242066456367,0.05511472421498773,5660.019530672646,422.8695609566637,-8.206190816502733,,,
-0.11731383360106946,0.2096101440933569,257.10835351296697,85.1967122436625,-6.273753031132984,,,
-0.14317287880772778,0.0517156995525434,4717.518275179927,373.4913912080182,-8.422985474314565,,,
-0.07124497109987048,0.16399102656777823,388.0484522410584,108.50222210722448,-6.54994806665157,,,
-0.08861809184679678,0.18660618000615695,308.2271773044034,95.77188835372043,-6.6180405086146745,,,
-0.42045984135001724,0.12942536801441828,1406.7466360543144,212.81919608098033,-7.477664210511195,,,
-0.42774791482886915,0.18892830621203302,697.8394343790776,151.2780086152855,-6.68086392854555,,,
0.0567115226986294,0.12471942866034755,455.54697228006796,111.54471968161903,-6.650019854372898,,,
-0.5973970170653491,0.31273277823667933,304.49536639951896,93.873913833447,-7.318391992891283,,,
-0.19117061334691351,0.14434926545855992,673.5511955626671,145.4805054224972,-6.764925062038611,,,
-0.058458922128507514,0.14600354153825437,450.5268670251502,112.82942928890118,-6.626868899202719,,,
-0.3736340121625871,0.2439702631995603,342.52150130669895,101.28365951807909,-6.423579041503304,,,
-0.5099385084728727,0.09635160529073826,3167.462055336347,323.24297576373135,-7.677278504997382,,,
-0.03144263036364425,0.17646466746726736,302.79404906836714,94.03669326058305,-6.374153651047009,,,
-0.3439766691035411,0.18483402368938562,614.1972446249385,141.6949107750075,-6.745114670674891,,,
0.21500070370515525,0.04075531824558136,2853.1613133463484,277.04568169456405,-7.656199526030446,,,
-0.3198084068374905,0.2939540882523682,216.3737448423872,79.68993005153138,-6.215995755703468,,,
-0.2111015302630227,0.20700011693263992,347.98195597564376,104.14725981082898,-6.469780935346086,,,
-0.6353007244542601,0.49909458889763947,146.79843564837884,65.90856611973247,-5.863992997563862,,,
0.12976748882828482,0.024610075495221952,9952.798316556213,558.3487609656503,-8.227414628851294,,,
-0.5547082291966696,0.35241177401120183,264.3246072935756,91.95296875660212,-6.308771778693745,,,
0.06543578005058343,0.13918062766732447,369.27851303183195,103.18415921540068,-6.356302474555005,,,
-7.992773573292273,664.3004567797451,9.778887033462524e-09,83.03731963835958,-1.1524530148116143e-09,,,
-1.1493626298415243,0.6318362025043158,231.35403335749916,85.91792156675608,-6.208039277306925,,,
-0.4305168053245799,0.2760645649326283,307.28618669907223,96.30047803621756,-6.33363282062788,,,
0.09650068644011686,0.12207216627357965,431.33661102800136,108.59666541423336,-6.836150993490189,,,
-1.119759792198164,1.3366397855441816,55.418860201799674,37.86195552152729,-5.261241377676031,,,
0.06404130720784482,0.1328038205607046,406.21996964932805,107.74290676048238,-6.495633552652732,,,
-0.08730053386542194,0.13712203597916256,563.7596889286742,128.82431641113888,-6.761990736545562,,,
-0.3625089007390894,0.1808420860882745,639.8321425226052,141.9624905594935,-6.954688802056385,,,
-0.11551996971196568,0.24061042906428598,188.65470555069385,71.01060578162,-6.211148126596828,,,
-0.31799359680057676,0.2117497274662354,422.99724854211206,115.9164665987697,-6.809420038117441,,,
-0.028422752379571117,0.1686610808801245,312.6558897162055,93.42381663743528,-6.479610944803653,,,
-0.24133758850048223,0.07097215733285059,3180.2848468052616,322.39510765647515,-8.188679150880567,,,
-0.1680524377066449,0.20512869273857548,312.8175374206078,96.99090299772845,-6.38267350523691,,,
-0.8404165491920829,0.6200095901064442,133.03447496612654,61.94325764975031,-6.010570001795077,,,
-0.009807050572981934,0.15657703070228787,362.0028468920245,103.36576208377842,-6.424427290219852,,,
-0.4747040829715993,0.25023919849409376,416.55259756609945,113.8648681339083,-6.472594460578071,,,
0.7664872484991033,14.623249370460078,0.005138209332826677,0.15600943236083128,-0.011295602939057332,,,
-0.03706979785530218,0.033298704240036496,8472.741691209008,505.2703002067514,-8.358604530389888,,,
-0.4248941404331196,0.1496593703237491,1054.6751631325744,183.70942488967904,-7.13682033390093,,,
-0.502457532074142,0.28078391864793756,349.0585580459774,104.17767853524133,-6.507521394142525,,,
-0.21225742880351217,0.5364100913383505,54.32796211699287,36.61639641077743,-5.260193206549722,,,
-0.37483295880874884,0.21711298782235458,442.95467135249345,116.81611383625011,-6.562886865963042,,,
-0.007923195217025234,0.14946111674990373,376.9502033100745,102.50780697035691,-6.57249931552758,,,
-0.4458987217947521,0.3149555533391882,253.50382205025156,88.05105000951302,-6.291310009172351,,,
0.06972941134367992,0.1127377551164079,567.7764071994493,130.30357553033068,-7.770560739864872,,,
-0.15855433098060703,0.13295183834806187,737.1202663037027,151.75401831207122,-6.721210800608991,,,
-0.38710807496649474,0.10244838018517617,2089.433249949277,260.9862150923113,-7.380265836572936,,,
-0.10739575500820961,0.21067884063499795,230.30445556422185,77.80209149410861,-6.63984515430092,,,
0.10070513140122493,0.14380930977411538,320.92434988317774,96.08218701549737,-6.379233222683508,,,
0.10903068282107484,0.0845875716895216,881.5809558927465,157.07583228527963,-6.8649922802862715,,,
-0.44043703273791035,0.27531442369040077,318.1204458301383,98.48073447953112,-6.619013317548897,,,
-0.7939533483037418,0.3489800118571657,454.02476808665125,123.91239641965522,-6.604393835793514,,,
-0.06119836097130347,0.151417276073593,436.7931273631841,114.48537583884116,-6.647949368238065,,,
0.01173774593916359,0.14777877626384564,377.592539869819,104.27858331439009,-6.42305785367413,,,
-0.1362962166044205,0.12079379341149406,809.4532525169403,154.62847737190066,-7.008903970424119,,,
-0.4376348851370572,0.19435660498618595,664.4062606255695,147.25571981959308,-6.905751522907434,,,
-0.6436780041773851,0.3484252751659979,354.5680418026941,110.00925103771725,-6.520198651599054,,,
0.03678588162488074,0.15874466654429012,332.80692005666185,103.50936623016408,-7.088453645353344,,,
-0.038119401681395944,0.11973113137490994,629.2290816392267,134.1085181145573,-7.453068363006645,,,
-0.20271673577099475,0.3239769174324252,144.3525101444194,65.70056888994795,-5.986398368657939,,,
-0.5763649808748954,0.33905929351323927,303.6018067240164,98.92567819571053,-6.353659103525955,,,
0.010136517315297876,0.14174479047667551,401.42819905249087,105.47710552968236,-6.72575755479267,,,
-0.40272216041193926,0.10254871480435528,2243.6954656366674,273.1022290525744,-9.111506939421547,,,
-0.02361366223193137,0.15252680411096353,408.92182868669954,112.78211414917799,-6.659883426311839,,,
-0.22800459819601876,0.2897178705727148,176.47439453610858,71.05296648888618,-5.977028295954202,,,
-0.2194871948443733,0.15682750285370453,605.9808714294855,135.84563815167292,-7.1041820221243555,,,
-0.34838776849559605,0.21639485053567345,470.5566362429353,125.89736306332483,-6.806876112183054,,,
-0.030785714180074454,0.15092053732250113,398.2031846275817,106.73463446594913,-6.651416971694166,,,
-0.0811882027702232,0.19199240648649785,279.1304910588047,89.63544194647709,-6.691447965047124,,,
-0.4165730641332035,0.20514165836481799,571.0551596036073,135.70294616483383,-7.205301721058787,,,
-1.6446802894800912,1.1082578908520853,199.97428342531566,81.76855055283023,-6.079082160875415,,,
-7.992773573292273,664.3004567797451,9.778887033462524e-09,83.03731963835958,-1.1524530148116143e-09,,,
-0.05755800957492428,0.16104321988043407,361.49608304207544,99.42117963601044,-6.626445249223516,,,
-0.11010784293576732,0.23613310041612992,194.56570152479054,72.61781609837689,-6.068947339172495,,,
-0.5692133099397797,0.10491750794615368,3179.214552004003,324.7458847633641,-7.974631162052619,,,
-0.14280709752231877,0.1934002123538546,303.71853993324765,90.603316504959,-6.753530369257894,,,
-0.449190313194598,0.0988167978988669,2680.0090708556045,298.3308538945316,-7.9770855734686394,,,
-0.33052217348679425,0.07595807060282166,3447.446940371427,341.06329093962836,-7.794530137596485,,,
-0.061608297588634287,0.14835395087206163,449.24992100357,114.99826562429067,-6.780972455293,,,
0.045069310181396316,0.11387309193568998,566.5793085050645,125.43093183064461,-6.737473631906748,,,
-0.3190153490461398,0.08731118235667656,2550.055871511392,291.389174536041,-7.928785248728559,,,
-0.0035135501235983987,0.18900076154185494,243.90295167831613,84.14271805251839,-6.147916714282205,,,
-0.47868351412121435,0.103426039211676,2603.6972852465074,294.19201724739986,-7.485192638505148,,,
-0.04086839635052821,0.275578359157581,114.5550209347403,52.454813788098434,-5.904176384127797,,,
-0.41955766319930576,0.2535067597577834,352.86608708639403,103.89959730383036,-6.596021071485401,,,
-0.22127599435292242,0.0987735000365778,1507.7501827627332,215.24852857848305,-7.314745544996708,,,
-0.3871378030073965,0.09980640264395434,2223.659619661706,269.4999781829581,-7.321419283132524,,,
0.12492728321918697,0.16606165100970874,223.50500596115825,79.0589330455673,-6.413899759989214,,,
-0.9088851964710017,0.2599182195515069,992.4067895619916,184.78647307142572,-6.942722007524149,,,
0.09252348219100184,0.03261194402427748,6280.264909814341,434.84752613053723,-9.222752595792484,,,
-0.6248435122965443,0.11858387768770494,2723.84480779379,303.5332412714874,-7.343006561189599,,,
-0.19126383282135795,0.20010604736478807,346.07560503088985,102.19168538433348,-6.508837878877365,,,
-0.13889468582185888,0.16192244690750213,449.86006633986005,113.5494038373663,-6.823821687689579,,,
-0.14176417586238083,0.2076731264892245,281.09900443171443,90.99313745772636,-6.308008600873968,,,
-0.10413983286380309,0.12325901541793949,712.6138787583825,144.509535500737,-6.8834162759381625,,,
-0.26553044243724216,0.2685799541608769,232.09006759984604,83.22028531703273,-6.297211761357115,,,
-7.992773573292273,664.3004567797451,9.778887033462524e-09,83.03731963835958,-1.1524530148116143e-09,,,
0.07313083009854943,0.030920446870035066,7230.247626417002,447.3310320798326,-9.488505955335686,,,
-0.23043930908246593,0.26723789332365705,208.75458168740826,77.13055626899751,-6.2452705213866215,,,
-8.0,32.11517095557602,151.48012522587163,70.21362718139696,-5.9600885132771975,,,
0.04542100617497175,0.12569776631933793,481.3529564087214,118.84654640044631,-6.701610267746247,,,
-0.5946675975092058,0.01032209311783403,336727.0643865069,314.34574833568695,-10.474463326268744,,,
-0.41503731950364897,0.024509540660362802,40118.97092544142,721.0743527570773,-9.033744405281492,,,
-0.40131647507465124,0.023408090097692125,42618.05903519857,577.0206929585237,-9.994757015926556,,,
