333298.2775791707,32329.269165731905,156.10299095681543,0.35367687828479494,0.0009187338005197069
97180.78215710091,2750.7713673607113,3.877687235266617,0.0025649098004344615,1.944896773497801e-06
28848.45244661345,18221.047213278856,586.8741984197235,8.635036551494789,0.1458330337274492
246.2767171425779,0.013457474744889243,3.9746303260067654e-08,5.50822151638306e-14,8.750351583491107e-20
39.23232890046408,0.0021438076960553424,1.6750444310993722e-08,0.001390801551503391,2.209425042606301e-09
86614.4797427742,48.9928863085246,0.0013803723823310912,1.8249080050015475e-08,2.765576024964807e-13
354.22538582118347,0.019356191031763097,5.7168009102185366e-08,7.922599888724951e-14,1.2585829069414953e-19
552.5586255470712,0.030193856060154674,8.917677218851922e-08,1.235851827819914e-13,1.9632721680418908e-19
339.7509706125118,5.978218510830005,0.005239105872444823,2.1543872413597013e-06,1.0155604088771525e-09
417.0839662240347,0.02279101738516633,6.731267981315096e-08,9.328493994678256e-14,1.4819230119038572e-19
249.16369704118472,0.013615230051705403,4.02122294746408e-08,5.5727916673066874e-14,8.852927618369209e-20
220.20188254497373,0.012032648914231144,3.553811705636537e-08,4.9250321404929166e-14,7.823897906271087e-20
489.1414863181357,0.02672850797744314,7.894195634021498e-08,1.0940131453568652e-13,1.737947471858318e-19
368.290517018062,0.024664441884245467,8.927811488996517e-08,1.5163526601018557e-13,2.9522619266394526e-19
299.16255972613277,0.01634735365503544,4.828148580545313e-08,6.691065511587593e-14,1.0629415596380951e-19
256.0571274421813,0.013991912697971787,4.132475191849635e-08,5.726970032590306e-14,9.097855114256386e-20
321.7977318995174,0.017584245022185495,7.714135076195597e-08,0.0013908145747746185,2.2094457313534154e-09
461.2584638712751,0.9975464955732066,0.00010744899811066045,5.430665404879754e-09,3.146335891021339e-13
197.12317816787427,0.010771542769472137,3.1813472706446614e-08,4.408854170057379e-14,7.00389843683622e-20
321.3490516604064,0.01755970599734119,5.1862137062007615e-08,7.18728827134882e-14,1.1417714251169297e-19
262.12721075753404,0.014323604600736761,4.230439536618049e-08,5.862733428788682e-14,9.313528620735964e-20
245.0393249149827,0.013389859036650187,3.954660201627864e-08,5.4805460196031555e-14,8.706386335116171e-20
404.3805813760849,182.25195996879094,4.079473527805447,0.042846459609059626,0.0005163381189761665
418.96196574617767,0.044299830181751855,2.5317599513177093e-07,6.789291821494311e-13,2.0870167147267607e-18
387.60555010943654,0.021180207216083748,6.255519368083838e-08,8.669180163491691e-14,1.377184525813899e-19
416.77732311460846,19.80344629578605,0.0468563118284244,5.202069885657347e-05,6.62105001727699e-08
978.1510034713574,0.053449804669448715,1.5786261433558224e-07,2.1877311286691343e-13,3.4754260497811566e-19
415.40518537572507,1.997997181384319,0.0004786601028675651,5.380727487401266e-08,6.933596044383007e-12
259.10159603119865,0.014158273771903875,4.181609504345274e-08,5.795062573300393e-14,9.206026811718854e-20
561.5968410583131,0.030687737732740833,9.063543892245856e-08,1.2560666876435927e-13,1.9953854608973186e-19
278.1408507563065,0.015198649381086279,4.488881747101256e-08,6.220894270870174e-14,9.882502341624051e-20
371.3638556326281,0.020292700691829903,5.993396613800548e-08,8.30591865823181e-14,1.3194768632168539e-19
282.16542828474627,4.981229440830671,0.004379670158557828,1.8068723204661758e-06,8.545332736250945e-10
403.20557329899583,0.022032650437387696,6.507286266615846e-08,9.018090057962385e-14,1.432612293896511e-19
401.096665310844,1.9978542302885653,0.0004956633619275837,5.770205030201348e-08,7.700157325539722e-12
327.9640725695089,0.017921175314676727,5.2929727332721954e-08,7.335239733937747e-14,1.165274969974271e-19
458.98392714212736,0.9994797978230247,0.00010840918468390859,5.517465017560033e-09,3.2189518116322587e-13
10411.071179498755,30861.85114871044,4552.439531591969,318.40631750444885,24.98788433427518
393.85659583960955,0.021521811329685902,9.118642004565167e-08,0.0013908167020908085,2.2094491108043943e-09
439.989329571906,0.06776615053768266,5.641265469992158e-07,2.2035440876530794e-12,9.866576761756804e-18
457.9812426880162,0.025025796504908097,7.391304208737752e-08,1.0243201892339375e-13,1.6272333571200857e-19
922.2908529717092,55.306423084506704,0.16513500333774653,0.00023135734306951224,3.7160483927925607e-07
4002.9457124332916,0.21947278088695263,6.503910909695817e-07,9.043779976328906e-13,1.4415338424188482e-18
510.3488538874876,29.64013600136961,0.08571453104617517,0.00011630792864492248,1.8093242212811007e-07
14038.346403444453,0.7671074000673314,2.2656318465466396e-06,3.1398145391520993e-12,4.987904179746734e-18
364.92317575104346,0.019940758056669262,5.893764953371433e-08,4.4568915450581475e-09,0.004207115134525594
556.9402942479396,0.03043328671590874,8.988392443169713e-08,1.2456518617394066e-13,1.9788404857049766e-19
5154.178587090851,0.28164346581844313,8.318266848605902e-07,1.1527828420848455e-12,1.8313089148023658e-18
447.4079802798577,16.867351977953668,0.031667088496630275,2.7896534858304573e-05,2.8172544117842645e-08
6685.880393027156,0.3653413427807855,1.079026197624489e-06,1.4953630478806182e-12,2.37553126267667e-18
7295.9314613281485,0.3986767994979562,1.1774816060209795e-06,1.6318069821467467e-12,2.5922858708042243e-18
3168.3862132430645,0.18083611135388894,5.578599163150228e-07,8.075076442445874e-13,1.3398851682609582e-18
4634.350553726612,0.2532381309096028,7.479322635896665e-07,1.0365181788467732e-12,1.646611063228421e-18
1704.640425608176,0.09314788560974055,2.751098686538394e-07,3.81259632618678e-13,6.056684213013918e-19
7382.054099144403,0.4033828603746104,1.1913808349855267e-06,1.6510691589440978e-12,2.622885732980949e-18
2682.0488194862396,0.14655711133221042,4.3285263412006304e-07,5.998666535306755e-13,9.529471728748498e-19
2911.8304676269686,5445.076159601405,512.8871126540415,22.79129043818153,1.1342112399732196
3753.1556018700876,7253.696632336654,704.8738682516142,31.905929742250684,1.6403341505997515
3107.0147492800343,6202.901778968489,619.1658835667627,28.544071081651335,1.5146904141499502
3357.208805380251,6574.057810342233,647.9966876464531,30.61941430861578,1.5951953269435215
1290.7592157867607,3.997306845642803,0.0006165998175877091,4.462936765855073e-08,3.7028855428474186e-12
3466.8303483758737,6486.244920590785,607.756509399654,26.94813054357591,1.3410979338814335
2965.970723481534,6144.652090810089,639.4461268514568,31.612087325132737,1.7412958412814332
1114.6606130658392,1.9980477553517308,0.00017839223395417074,7.473559260208865e-09,3.589054454103406e-13
3155.328796257643,6865.604690932144,749.899795614105,39.57019486530718,2.28848091041054
3534.5777744328184,6439.979551772395,588.9594075959623,24.81275796679498,1.2028412725783744
3760.7315260695877,7213.881003533242,694.2787876747793,31.88345476145384,1.6268423453403338
882.5926461559534,0.048228141025578326,1.4244056594643995e-07,1.9740054440238411e-13,3.135901780921194e-19
3535.1395689186957,0.1931731591210052,5.705319244269527e-07,7.906688079515817e-13,1.2560551595643203e-18
2018.7813080202711,3887.3959596238865,375.4586462259954,17.524884463204252,0.8976546932069268
23037.975155874614,2785.240262514318,16.75971784090894,0.047320636508448456,0.0001531947032237141
1343.8874466539949,0.0734350026391233,2.1688837914460335e-07,3.0057367318937873e-13,4.774908397067288e-19
3619.0156504775136,6949.968903512323,669.7809620388892,31.0916957778007,1.58833882593902
2560.157823733645,5710.636399523514,639.0387824982407,34.10629708049838,2.0214195253247875
2635.494183589047,4529.332763318121,392.3367811149272,16.120717423607072,0.7377331800027623
1099.1577221127434,0.9998049183654332,4.529921442414755e-05,9.630471389003237e-10,2.3469543575340173e-14
3382.094529071767,5708.229161311477,485.9086480722691,18.984881559546842,0.8532672258040733
881.5669321990267,2.9979020445782245,0.0005078004322668394,4.035990414770875e-08,3.6771358538050145e-12
750.9443391200464,179.8560912480857,2.1423694362025425,0.011974088928661305,7.675516051059629e-05
2663.1712679122375,4361.360592891046,358.7059067442763,13.598271965408625,0.5929354062801535
3104.123230743508,6823.202559151691,747.9071875953406,39.378758614032535,2.298869966459682
3879.495922589056,7352.294743255257,699.7997987584075,31.24322151331294,1.5751752215155124
602.1178565050955,0.032901956552689786,9.717507688353016e-08,1.3466959325593592e-13,2.1393589293572483e-19
2882.0660500980607,5701.226550419313,567.8096294867362,27.044609408433733,1.423249145777107
2017.970807659323,4249.850961886297,448.29068360458285,22.78939940316555,1.2756726178747613
2662.0699183370684,5802.74611807716,633.0220528849117,32.5672417380847,1.885998486302006
2389.0855424199844,5087.147125064264,541.5437199075446,26.60661363697575,1.5050933429298992
3571.0187842633172,5662.804362161806,451.7364499336993,16.589316879452163,0.7006545679376286
639.3124547094098,5.966185791334091,0.002772745093430889,6.046505509020215e-07,1.51149544673725e-10
2255.622094439957,4295.453472329963,409.1628175707028,18.643097370616008,0.9441734477948062
237.25983247667696,8.929867507884168,0.016737245445491614,1.4719865874037051e-05,1.484080110466329e-08
2149.4679547014043,4282.244927919391,427.15648181218324,20.716281976693594,1.0974333007041552
831.0100002825432,10.969846092542802,0.007212418950986844,2.2250646324243365e-06,7.868930651167035e-10
1628.1166939536142,5.995384105661764,0.0010996664784127441,9.464254017614161e-08,9.33715429157895e-12
1009.4193873311799,0.056749148097201545,1.724407898327171e-07,2.458680786867229e-13,4.0184978779719597e-19
612.2815948049495,17.890995051977125,0.02603510809439897,1.777727943014567e-05,1.3915447689703714e-08
1063.420059261341,1.000185772881942,4.6857980828332516e-05,1.030072850295056e-09,2.5956884377469388e-14
1166.8306058693645,0.06375995909089541,1.8831338850096374e-07,2.6097316562422e-13,4.1458153893710806e-19
362.3456611886126,0.01979991304473544,5.8478530580032736e-08,8.104217850896883e-14,1.2874347063499758e-19
1350.1893774393357,7.990156034725595,0.0023551695525203956,3.25739545958314e-07,5.1644440170613685e-11
455.43082665938925,0.024886432298285445,7.350143351110087e-08,1.0186159324094982e-13,1.6181715841707015e-19
1451.2991208158344,0.9997037049687586,3.4300761981074754e-05,5.522270941670149e-10,1.0191349056591965e-14
1150.081916073693,0.0628447484589267,1.856103375932234e-07,2.572271560714641e-13,4.086306343621494e-19
261.2283849094367,8.936320308436434,0.015223867279840066,1.2169485019786518e-05,1.1151927011124123e-08
1614.564593137398,0.08822580749100963,2.605726383572624e-07,3.6111328487300735e-13,5.736639666196834e-19
483.1436574566731,11.937428336674433,0.0146891871022071,8.481366705023644e-06,5.613785138540346e-09
3248.185808136888,5881.724761395574,534.1256132321939,22.718713326620612,1.0945806069298925
1246.3472443433586,0.07025706108332073,2.140591775447827e-07,3.0602662527677045e-13,5.015151138988084e-19
1467.0514240141345,0.08016513991736472,2.367656653601661e-07,3.2812051066592673e-13,5.212517001253134e-19
1171.1008806036032,0.06399330276648323,1.8900256300580574e-07,2.6192825465760116e-13,4.160987917946347e-19
2249.427558837505,3056.852605992832,209.89262053415317,6.61583895539713,0.23971838187425146
4269.494117760241,8766.59040189777,902.6026212353765,42.79335479282992,2.3356429747381453
4716.006101545509,7569.845178289991,612.4871791054262,23.64965688379657,1.0112517928814428
732.7401685353002,11.959656045394665,0.009722216989264329,3.708456198488303e-06,1.6215682741686604e-09
2094.1568425504756,4930.507217515815,581.1343550968068,31.532540227096327,1.9708797636460054
3646.2261260952528,7445.486081894788,760.5188245510734,36.860826989546595,2.0006586518453133
686.4663194186274,3.995081801392945,0.0011580795228370601,1.575188314152877e-07,2.4560164404945795e-11
2223.495859273671,14790.567678658112,5547.189565353895,887.2828169755069,159.11148627009405
1140.087692049043,0.06229862692958769,1.839973817947959e-07,2.5499184936237493e-13,4.050796298240617e-19
824.227521356848,1.0159188422757204,6.241365874668368e-05,1.7992095042460553e-09,5.945444771249197e-14
3466.8303483646887,6485.059307920248,606.7379182374364,27.32251040824465,1.3594227215679167
1351.2351252086703,0.07383650709204262,2.1807421215179966e-07,3.02217053918987e-13,4.801015116135928e-19
1144.1112543637455,11.974186398346767,0.006241915879896521,1.5267612397435777e-06,4.2808819865101014e-10
3782.851086447962,6937.282331524145,639.3975876933616,27.99164292629105,1.36605274269066
3483.0056325235028,6990.616331495637,704.4791783804965,34.9189930189558,1.8640829537713648
1482.263011369585,0.10215426286019184,3.8052279864914144e-07,6.650990951788905e-13,1.3325744928877469e-18
2450.555628121492,15141.0395164924,5225.296022757231,781.4495248896881,129.90715363200047
1428.5372808836948,0.08665770905083399,2.841291453418416e-07,4.3712520951462493e-13,7.708952649140088e-19
266.45992823931886,16.68744555216654,0.07321689322613227,0.00010724894235892151,1.801072298867939e-07
4505.455306120276,8717.039168294998,847.2013413606375,39.192426158194294,2.017125458295409
3741.5458883284605,5530.185448507922,411.81410848595374,14.857774841270897,0.5852663864269121
4091.5471019637976,7227.829037371084,640.3632367598838,26.16374923730173,1.2298931572750995
3447.864190640242,6064.997603631282,536.5293184245559,23.207592091541837,1.0868337817775646
1792.4561675227746,3775.1275199202473,399.14536367202425,20.15073509564839,1.128229368429686
3948.1666742521206,8537.173490102507,926.5186109592488,48.35585846775422,2.779166600049505
2891.5449036483783,5651.109818823356,554.6830009426594,25.7009258917214,1.3359789996641296
1248.6867823964415,549.24035374952,12.300622225868464,0.1261606964948083,0.0014846356760869976
4075.1489411548882,7302.1223655479225,653.6910571217929,28.190095332529616,1.343815867831634
1544.6423270885869,0.08440499511225545,2.4928796791316914e-07,3.4547448089701693e-13,5.488201885094175e-19
1052.9617032914782,0.057537739230042684,1.69936223228245e-07,2.3550526323768124e-13,3.7412327136137307e-19
2673.9965140662152,4765.807971405421,426.13720394184736,18.619188806544372,0.8832145295587008
1365.7295526030534,0.07462853645179982,2.2041345036108863e-07,3.0545887546702923e-13,4.852514639588163e-19
3213.1248764050456,6889.577535944458,741.429307659106,37.98500455242045,2.1648409665292867
1733.55906486048,47.74701270166358,0.08899509280432055,5.730532361539134e-05,4.230077603889963e-08
1343.8959930724764,0.07343546970247908,2.1694828683591103e-07,2.261254634919771e-09,0.0021035576072927086
3514.6364813147075,6156.572310907774,543.6506673842272,22.974440620047417,1.071563304343684
1645.2026488264448,3276.4820948164715,326.9171831685274,15.45032742985041,0.8181330738038677
4847.472700866746,265.9500711734451,0.726532401648662,0.0009313019566030338,1.3685961966006894e-06
2779.2519181685384,5870.881831644834,619.3855921308148,31.016964139246042,1.7408239445194589
1268.3301241465049,2.998472487984668,0.00035308862687956425,1.9509621265525872e-08,1.2357069658709573e-12
3986.9434123396973,8734.926902737016,958.8094829131101,49.946291743272944,2.9074735784700723
1331.0820460882142,0.9053732269486596,3.054407584654066e-05,4.835126135662938e-10,8.773818359413167e-15
1270.8861078122243,0.06944593828417867,2.0510678084468696e-07,2.8424620423500656e-13,4.51553049551712e-19
4243.274300208903,9038.860649315951,962.7389741508671,48.58835437287255,2.7500582223104892
5125.884862417651,0.2800973915908579,8.272603946555492e-07,1.1464546716905125e-12,1.8212559937885762e-18
4366.40731266861,8831.90576607214,895.9015623406643,43.22991036324569,2.324950506093413
1298.28491121994,8.986403679799563,0.003098161788297455,5.011914310202045e-07,9.294132786392333e-11
3007.1384147334993,257.38310739603116,1.0967080127999915,0.002192715260640119,5.026326276911135e-06
5049.946206012337,9937.680943584372,977.9976298808488,45.57201001647515,2.3842850303806733
1327.7698566158872,9.984356147624839,0.003739548730493807,6.572032379952008e-07,1.3239952522849715e-10
411.64643769359384,70.48155005028916,0.6011551537308931,0.0024058971544430137,1.1041364047895944e-05
3891.9061722667916,0.25656598607885023,9.14173778119787e-07,1.5284101990377111e-12,2.9292103195875677e-18
3230.829817988675,6383.36571810838,631.7504471655094,28.831121937503234,1.5144621609934437
1139.5797341702846,7.988607776162987,0.0027893396203428414,4.5699670173890996e-07,8.582829948810764e-11
1658.5382681501726,9.987529046407031,0.0029956892450640126,4.2161577728634803e-07,6.802081351583422e-11
1502.909618252128,4.9965516681896744,0.000827411365326698,6.429156753090609e-08,5.726496076067636e-12
4148.121380835458,7226.270785921886,632.6820079375813,26.03607283301286,1.207340000335879
1349.7528028239328,0.9993538215292984,3.685497549369692e-05,6.37755851213854e-10,1.2650650177872833e-14
1171.1008806721484,0.06399330277022881,1.8900256301686826e-07,2.6192825467293213e-13,4.1609879181898928e-19
1202.4658627120084,0.06570720191007706,1.940645197554791e-07,2.6894334204852444e-13,4.2724294801219394e-19
3676.0894136566085,4533.139745321665,282.21983143338645,8.448903985966064,0.2779292052195393
3645.60743325617,7135.071618421135,703.2792798872256,33.159362249336,1.7266867161030848
1451.1902017241573,0.07929842380685692,2.342058417660916e-07,3.24572991967957e-13,5.156161177937178e-19
1008.9499742171421,0.9998272230812786,4.93515632674124e-05,1.1430318770935115e-09,3.034702120322701e-14
4651.891830116918,8142.8183386976225,717.7932538978287,30.147995158796896,1.404998763459752
1538.710672248824,0.08408086745565974,2.48330665270716e-07,3.4414780782799015e-13,5.46712637867925e-19
1478.1222056306387,0.9998497575804967,3.368836075752977e-05,5.326065334202782e-10,9.652351116105401e-15
4203.620442733286,7683.43389923504,703.2116567159795,29.71390746497154,1.444714263007632
2753.6783512652787,801.2910951509497,11.59240130637466,0.07869283746616328,0.0006127180830869002
1316.9819957691743,0.0719647888487847,2.1254614077702828e-07,2.945560039110459e-13,4.679311802518632e-19
953.183129081609,0.052085467256914986,1.5383307910883288e-07,2.1318880166902057e-13,3.386713774525247e-19
1175.636674913374,0.06424115541808577,1.8973458939568603e-07,2.629427297610883e-13,4.177103852648334e-19
3789.4199183997052,7351.312477321221,714.9762310639668,32.47162519257659,1.6752278302052463
3908.034381959641,7920.68837335528,805.4912968884241,37.70359145679151,2.0315679698831484
1504.7526272449413,0.10124396882959852,3.681850718203417e-07,6.282676198726424e-13,1.2289172528177964e-18
3778.399444617407,97.4756739197104,0.1252378820023346,7.550161797688998e-05,5.217946974436794e-08
1379.0885510457035,1.9989637719923197,0.00014432199566231986,4.8892426552528785e-09,1.8986782398151616e-13
1284.235270730942,4.001917775452562,0.0006211925950543969,4.524450233270344e-08,3.7775271272886645e-12
73.76717886135454,0.004030912698717222,1.1905196299841985e-08,1.649875662309382e-14,2.6209897462025626e-20
611.7562693596702,0.03342863523785417,9.873060874504137e-08,1.368253192898597e-13,2.1736047574496955e-19
5280.410857894385,8281.769323734079,652.0782718225873,24.72226917657841,1.032759482432633
984.7204504628015,8.97855032895885,0.004077444641236638,8.688629217159968e-07,2.1223751124294912e-10
2705.0774354505265,4343.011328813428,352.3916248658094,13.928794067038792,0.5958822587559203
2719.680729617937,4367.260832607831,354.31200627599065,13.791857606453046,0.5900891252952247
521.1156040412567,0.028475692553969326,8.410222075433141e-08,1.1655264111065857e-13,1.851553327456622e-19
1445.6390278266877,0.07899508704243825,2.3330994448543042e-07,3.2333141721180495e-13,5.136437541912e-19
1530.5861695104134,0.08363691444343226,2.4701946154254874e-07,3.423306827130846e-13,5.438259559181665e-19
1393.127776515748,9.986410794345142,0.0035656043900286426,5.973629116040038e-07,1.1472267651403445e-10
70.76385994075868,0.0038668001955390664,1.1420494270394376e-08,1.5827034744918483e-14,2.5142801198218008e-20
42.33200013191943,0.002313177760783916,6.8423015200622155e-09,2.2185707963149815e-09,0.002103557555156781
41.30080199543196,0.0022568292538812057,6.665486774554067e-09,9.237331438984986e-15,1.4674409433960252e-20
34.041737744447225,0.001860167015718431,5.493955123281808e-09,7.613770171805482e-15,1.2095222692304344e-20
47.44354514169537,0.0025924915701294226,7.667856863771073e-09,2.219108473168575e-09,0.002103557555816627
75.80987809956522,0.004142533386873329,1.2248769104633456e-08,2.2216721403742954e-09,0.002103557558961704
27.671252206879004,0.0015120600195346458,4.465830122153612e-09,6.188948291971604e-15,9.831753012424087e-21
487.0296777903534,0.026613110914097432,7.860113410112426e-08,1.0892898774384938e-13,1.7304440962613406e-19
149.03953022582334,0.008144073614733991,2.4053310580163865e-08,3.3334159911926725e-14,5.295459126001295e-20
65.7038298727714,0.0035903013545670382,1.060386210182909e-08,1.4695309147086317e-14,2.334494378678063e-20
21976.92972134072,1.2009010844655952,3.5468302629838228e-06,4.915356943183763e-12,7.808527903840547e-18
5134.287712885856,79.74225028577172,0.061684559661489814,2.2389566604020838e-05,9.31597742063226e-09
29.817908056352383,0.001629361269995656,4.812276328592086e-09,6.669069030770206e-15,1.0594472023363928e-20
226.16826187711368,0.012358692045197203,5.8034833716957776e-08,0.0013908113400977016,2.20944059275102e-09
11737.650249953937,0.6413888151337104,1.8943252606586805e-06,2.6252411680940647e-12,4.170453774226969e-18
29.817908056352383,0.001629361269995656,4.812276328592086e-09,6.669069030770206e-15,1.0594472023363928e-20
35.083049859901465,0.0019170681781907242,5.6620112335363e-09,7.846669889901644e-15,1.24652067989667e-20
12539.1687528596,0.6851867637809216,2.0236813681083367e-06,2.8045086812682044e-12,4.4552378489244414e-18
12448.57324171473,0.6802362884888274,2.009060267495402e-06,2.7842461022649705e-12,4.423048749459357e-18
303.39697501512927,131.62903903676334,2.984019483839618,0.030205218943418235,0.0003507970336675762
3577.5510039365804,311.32230825346,1.3486990483812913,0.0027415747307661205,6.3894524264326886e-06
608.69436843533,63.60502168074159,0.3308377487735688,0.0008074557438760804,2.2595231367351054e-06
509.965640896649,34.5113275972824,0.11628316462820869,0.00018384528467226915,3.3323382543335225e-07
366.01430141495547,0.020000381175734244,5.907060801504215e-08,8.186270605477465e-14,1.3004695933609367e-19
452.395837371453,0.024720589208580116,7.301162023914819e-08,1.0118278797296641e-13,1.6073880949193818e-19
338.6865408529001,0.018507090815747307,5.466021359643719e-08,7.575058305472127e-14,1.2033725085524647e-19
1970.3372231459637,108.74554118854425,0.2988488579521853,0.00038536510687015794,5.696954622106346e-07
409.4762933837878,2.9952170492885593,0.0010912618241842185,1.865567614143178e-07,3.6559401262203786e-11
583.2080784480229,2.0022970943265834,0.0003424368199532122,2.7479816285997025e-08,2.5278407689130427e-12
395.522527652493,0.021612820280679127,6.383290516725266e-08,8.846251169445285e-14,1.4053139965101655e-19
342.3512147326529,0.01870734221083343,5.525165090753949e-08,7.657022348801871e-14,1.2163933029088028e-19
3037.4027364518856,58.763065113755474,0.056620738093072664,2.5599282227953322e-05,1.3267742742406135e-08
1270.8861078120165,0.06944593828416733,2.051067808446534e-07,2.8424620423496006e-13,4.51553049551638e-19
193.17169449728118,0.010555619021913565,3.117574750805658e-08,4.3204753430674305e-14,6.86349997856826e-20
386.2055798702888,0.029449951419929014,1.214401143636924e-07,3.137252480174574e-09,0.002103559759325007
330.1160815616958,0.018038769080742572,5.32770374764264e-08,7.383371536130605e-14,1.1729211801036542e-19
556.6132905584376,18.866571851088544,0.03184644614198864,2.522376489072004e-05,2.2902825599985912e-08
564.3155769847477,3.994111807381617,0.0014080611267627725,2.329186003216133e-07,4.4166467821956286e-11
463.19796748614755,0.02531085776052328,7.478932576418568e-08,2.2397759369200037e-09,0.002103557581119772
416.1929724524259,0.02274233017543575,6.716888339966906e-08,9.30856604078687e-14,1.4787572604472283e-19
557.1132541791469,0.0304427378890976,8.991183822703013e-08,1.2460387036729853e-13,1.9794550221603427e-19
4675.608311672814,116.39592256449919,0.14430820418798956,8.395090221087003e-05,5.5986297830562724e-08
364.92317575104346,0.019940758015916434,5.889451255609712e-08,8.161866504558906e-14,1.2965927619284817e-19
383.4211241609629,0.020951554637079112,6.187987420830762e-08,8.575591352862268e-14,1.3623170228485131e-19
7285.5868193394335,648.8860559826426,2.877047520475689,0.005985574378328532,1.4277264333701451e-05
270.1240770110729,0.014760583081260164,4.3594999995522466e-08,6.04159122449285e-14,9.597661818938819e-20
236.9067509529894,0.012945464982781473,3.8234095683042165e-08,5.2986529872419416e-14,8.417431364983982e-20
451.3701279565596,25.69611241020638,0.07283963713361251,9.68832605136273e-05,1.477341446749902e-07
4482.789622014929,118.3485016109726,0.1556060879876596,9.600005289347809e-05,6.789530861421229e-08
140.10642877816352,13.71879914711693,0.0668689998142675,0.00015293738253153796,4.010429587432113e-07
5096.6351300102015,9605.174653479175,906.2439330352995,41.0420860679769,2.05737279545082
8271.999962043406,2345.5255781148853,34.386094724811855,0.22758990445076493,0.0017277472811802021
4102.921511853917,8028.011376622958,788.5776541898651,36.65626852644111,1.9076313436898877
4495.310676948878,9017.136275669569,909.0431803753323,44.4836033607219,2.373361735370236
2553.3560238763753,0.13952485888519445,4.120830585749485e-07,5.710832413589372e-13,9.072218919423152e-19
224.99341945110152,65.04935219943144,0.9356510706531803,0.006842624427960497,0.002823889600133159
1600.213244080247,19.948610805971438,0.012386139768538583,3.608615253381811e-06,1.205191109248269e-09
4448.282067006921,7551.4248840339,644.4627137921594,25.318646344774496,1.144235747026412
596.600901348562,20.847983435101387,0.036280214145976424,2.9624877863434424e-05,2.7731570850679912e-08
4002.6576215270147,6738.555549313166,572.2421867259762,23.780778850590206,1.066383333718618
540.3861605709769,0.029528707353044033,8.72122727020237e-08,1.2086269101473575e-13,1.9200227088910724e-19
117.98202099378689,0.006446975931369437,1.9040976508306706e-08,2.6387841860345353e-14,4.19196819011024e-20
76.81653330668921,0.004197540753989494,1.239732794727474e-08,1.7180774800116475e-14,2.7293350409139266e-20
91.89570762839507,0.005021522858195703,1.4830937760073109e-08,2.055338076189017e-14,3.2651066657536724e-20
53.57928210733866,0.002927771021859816,8.647095916347278e-09,1.1983534536281074e-14,1.90370231286964e-20
209.13323717993214,0.011427841488565245,6.462658892850042e-08,0.0027816119424412854,4.418864127523622e-09
509.2506519203901,0.027827347491681333,8.218735039779205e-08,1.138989276244106e-13,1.8093964789394457e-19
120.02370945744677,0.006558541373914815,1.937048215456001e-08,2.68444856087177e-14,4.26451054039112e-20
89.87213213454555,0.004910947175610607,1.450435534423872e-08,2.0100788157742587e-14,3.1932078795737783e-20
4805.577463887698,113.44175981793148,0.1333698054675387,7.357380051278121e-05,4.6527501163952625e-08
62.68832201716298,0.0034255228026977926,1.0117192914815601e-08,1.402086109345775e-14,2.2273516725160465e-20
255.15270791042514,0.013942491854829934,4.117878873772722e-08,5.706741798340407e-14,9.065720574809601e-20
131.0773220368613,0.007162551829524159,2.1154411398047365e-08,2.9316735009721565e-14,4.6572516710176936e-20
7.601811364293098e-09,4.1596348105284356e-13,1.2302298778443357e-18,1.7072566917437907e-24,2.7158815658137372e-30
10876.117569827904,87.85224906933378,0.035345344683551556,6.6725665497494174e-06,1.4439772463834373e-09
448.25833015998376,0.024494500443668944,7.234387292516815e-08,1.0025739370464787e-13,1.5926872968903807e-19
54.563076903528405,0.0029815292354728614,8.817665770142012e-09,2.2198112781766486e-09,0.002103557556679
5048.242563743013,140.1881964114457,0.1938778937687257,0.00012581319286115062,9.359415470363173e-08
18.676808113186194,0.0010205701798145822,3.014227604662393e-09,4.177252218562403e-15,6.635975960048387e-21
22.165489566219247,0.0012112046948912776,3.577261709627131e-09,4.957530210991471e-15,7.875524287272946e-21
50.51025357848825,0.0027600679122957595,8.163139079020357e-09,2.2194172384543335e-09,0.0021035575561955126
304.2871308061154,0.016627379256673343,4.910853417034118e-08,6.805681594717589e-14,1.0811494516324001e-19
21.02322122212817,0.0011487869090329717,3.392912395021256e-09,4.702050637306757e-15,7.469669859397716e-21
61.67732015154756,0.0033702779048795438,9.95402853933799e-09,1.3794740561484676e-14,2.1914302022352053e-20
749.2029272597537,0.04093923124108479,1.2091295959965653e-07,1.6756661904341602e-13,2.6619605364920417e-19
62.68832201716298,0.0034255228026977926,1.0117192914815601e-08,1.402086109345775e-14,2.2273516725160465e-20
204.23402944068084,21.527655241770656,0.11295296188026684,0.0002780856164709237,7.84972879073443e-07
197.12317816787427,0.010771542769472137,3.1813472706446614e-08,4.408854170057379e-14,7.00389843683622e-20
25.501350798127543,0.0013934885453572201,4.115632342853373e-09,5.703628454725473e-15,9.060774722296256e-21
81.8355953541446,0.004471800950123093,1.3207348336265738e-08,1.8303337496363964e-14,2.907665165028603e-20
7.601811364293098e-09,4.1596348105284356e-13,1.2302298778443357e-18,1.7072566917437907e-24,2.7158815658137372e-30
7.601811364293098e-09,4.1596348105284356e-13,1.2302298778443357e-18,1.7072566917437907e-24,2.7158815658137372e-30
7.601811364293098e-09,4.1596348105284356e-13,1.2302298778443357e-18,1.7072566917437907e-24,2.7158815658137372e-30
678.6889854940383,0.06387609013011276,4.0380535493613313e-07,0.0013908632900616988,3.805620299200396e-09
7.601811364293098e-09,4.1596348105284356e-13,1.2302298778443357e-18,1.7072566917437907e-24,2.7158815658137372e-30
4023.297242362935,0.21984790790814487,6.49315104390372e-07,8.998500830412758e-13,1.4295003524504667e-18
288.24245328473626,22.62975716194344,0.08845196281422123,0.00016222410655894958,3.4110971359115036e-07
118.96800059620804,0.00650085351976882,1.92001025708138e-08,2.6608365916528337e-14,4.227000605173421e-20
398.11374563228355,0.02175441405749297,6.425109872136792e-08,8.904206313543046e-14,1.4145207411085615e-19
555.3352572364404,0.03034558153087349,8.962488943828459e-08,1.2420620382660763e-13,1.9731376980772683e-19
849.8930769682063,74.96698473057353,0.334188438921819,0.012017678571111494,2.8393549066464086e-05
7.601811364293098e-09,4.1596348105284356e-13,1.2302298778443357e-18,1.7072566917437907e-24,2.7158815658137372e-30
488.46036854187014,0.026691289171789315,7.883203156126966e-08,1.0924897583173e-13,1.7355274217288374e-19
181.11022612595383,0.009896535581640775,2.9229161630143678e-08,4.0507087148089554e-14,6.434949159445675e-20
2440.0085142879993,4362.472253415562,393.7629799772522,17.43754016237096,0.8302042095773096
521.1646612482208,3.9934395019469253,0.0015241225899932506,2.7294431501723785e-07,5.603179967788526e-11
34.041737744447225,0.001860167015718431,5.493955123281808e-09,7.613770171805482e-15,1.2095222692304344e-20
293.3142589569022,0.01602778077451474,4.7337635576219517e-08,6.560262500628561e-14,1.0421622149681959e-19
290.1768092400217,7.953903310263882,0.010857831154162952,6.95483629812005e-06,5.1068730870173e-09
294.2694588667212,0.0160799764461635,4.749179414114662e-08,6.581626488084456e-14,1.0455560944791838e-19
62.68832201716298,0.0034255228026977926,1.0117192914815601e-08,1.402086109345775e-14,2.2273516725160465e-20
3424.723051909267,0.18713959043325643,5.527119355100289e-07,7.65973065625144e-13,1.2168235441819512e-18
392.1876497723554,0.021430590164207088,6.329469323598631e-08,8.771663338703457e-14,1.3934649860646031e-19
10822.174041482176,799.6312423451826,2.9415895632896363,0.005077556828504439,1.0048334606898991e-05
414.3475142695067,0.022641487537611787,6.692734459058773e-08,6.677902978095077e-09,0.006310672692681996
339.5448062936108,22.682979050567393,0.07544664909429946,0.00011774983518134422,2.106884848583151e-07
321.9634223714125,0.9993707702597135,0.00015451164206115394,1.1209266893053285e-08,9.321706639316291e-13
439.9902065246491,0.024042699452080603,7.100949039313414e-08,9.840814636057598e-14,1.563310184191958e-19
245.0393249149827,0.013389859036650187,3.954660201627864e-08,5.4805460196031555e-14,8.706386335116171e-20
3816.535836494378,0.20854969657100494,6.159461297041783e-07,8.536058567182714e-13,1.3560368510590892e-18
3788.88047053162,0.20703850463486662,6.11482863443862e-07,8.474204615413767e-13,1.3462107425193951e-18
378.7821701950895,6.973273873280979,0.0063937494801278106,2.750778999821009e-06,1.3566628239431378e-09
884.1425626223743,0.048312834219257174,1.4269070510135843e-07,1.9774719849652625e-13,3.141408722122775e-19
2880.51591504674,5808.881938194202,586.3784041305931,27.305541008761992,1.4636623556288555
823.6236613632738,0.04578940491912044,1.3759230174144337e-07,1.9400135330108358e-13,3.1355579682691135e-19
1375.393680081394,67.93248992660946,0.2035781209358701,0.0002350528497545634,3.1113170825859377e-07
2552.7271394879253,5047.490266717394,500.6585757405779,24.01366711201931,1.2628249575408754
1074.6227390753766,628.661531538795,18.898884051368974,0.25767052651303357,0.004032030486858513
418.34991587143054,14.889465728066673,0.026390185524855534,2.194758303517822e-05,2.0924867734894706e-08
757.8633528079646,0.04141250201470448,1.5966512896951733e-07,0.0013908252728360338,2.2094627262760717e-09
1112.2966985785183,1.0000980399618111,4.47909164479364e-05,9.412799197136569e-10,2.2675029129092445e-14
712.8679025751716,0.038953750507375776,1.1504889365452153e-07,1.594399326441468e-13,2.5328601308695106e-19
953.383861063463,0.05209643599812461,1.5386547500202696e-07,2.132336973552349e-13,3.3874269866533155e-19
651.9897487043337,0.035653106344816624,0.0018208532861372243,2.5234204004462657e-09,4.008701471279602e-15
793.3030472158036,7.983254672567689,0.004001433830212639,9.410931644322145e-07,2.537220124867376e-10
684.125995265277,10.965562203473485,0.008754020517121534,3.2791814305555465e-06,1.4081123458403295e-09
550.0446663618696,0.030056512060350784,1.2096240138644866e-07,0.0013908207258386837,2.2094555029236084e-09
3053.368124395844,0.1668473776070279,4.927794102704466e-07,6.829158759046841e-13,1.0848790300717078e-18
1415.2035743189924,175.42847840369248,1.082326544149514,0.003133259224473228,1.0400313320273716e-05
787.023487192724,0.04300588713954253,1.2701677429234287e-07,1.7602556004285436e-13,2.796339133193246e-19
730.2747093640854,0.039904923096765785,1.1785815727249093e-07,1.6333313654903372e-13,2.5947075036606297e-19
315.710902253858,10.672267417249603,0.03764463797774125,2.9779858780359987e-05,2.7006750166006217e-08
790.3020349149187,12.95574532985813,0.01057813093160962,4.052627589297589e-06,1.7798309772994367e-09
965.1768270716021,0.9994789213134826,5.15530970846887e-05,1.2477206229607687e-09,3.461627114629137e-14
295.82162772568114,0.016164792718938344,4.774229680698872e-08,6.616342274477832e-14,1.051071038559336e-19
894.0291798735686,1.999051873791161,0.0002226449468301747,1.1635447016345698e-08,6.970352363915793e-13
916.0446829546429,5.883402431942626,0.0018806697087687338,2.820836316095983e-07,4.8500752435512e-11
785.2524922828147,31.732354623739894,0.06385659047710224,6.029620947814676e-05,6.52695233469097e-08
590.0801664610507,0.9996268540497266,8.434949984091177e-05,3.3397085548158383e-09,1.515777874455437e-13
837.1456550125926,0.04574474859352432,1.3510593069061966e-07,1.872358768944197e-13,2.974426041139432e-19
278.1408507563065,0.015198649381086279,4.488881747101256e-08,6.220894270870174e-14,9.882502341624051e-20
4398.828247304432,0.26543404457581704,8.657035543103417e-07,1.3248394860214532e-12,2.3241105506774862e-18
4025.170877931397,0.21995029031617871,6.496174881819338e-07,9.002691401032589e-13,1.430166065805493e-18
181.129720127875,0.009897616913893573,4.876428621734039e-08,0.0013908095771555961,2.2094377921441097e-09
2303.437170669265,91.24540951187886,0.1799941150828667,0.00016660439605728036,1.7678687834359885e-07
4730.576663293572,0.25849628301720384,7.634620797117922e-07,1.0580400966839237e-12,1.680800746280554e-18
5879.753741417741,0.3212915877690875,9.489263865963054e-07,1.3150648768296309e-12,2.0891098865820272e-18
4440.014321266283,0.24261887720711928,7.165685726999776e-07,9.930529650226393e-13,1.5775622964928131e-18
4579.539628646593,0.2502430583401509,7.390863942948681e-07,1.0242591752202211e-12,1.6271364303588881e-18
4902.875687073333,0.26791134176895276,7.912692119897462e-07,1.0965764715815161e-12,1.7420195676558753e-18
6105.939418297953,22.981993613576343,0.004308590647163763,3.790218046916434e-07,3.822046580706087e-11
3657.4526630373853,0.199856800977895,5.902718876192679e-07,8.180253370046271e-13,1.2995136963363357e-18
79.84334610406904,0.004362937049875085,1.2885821625247809e-08,1.7857751315397e-14,2.836879418075451e-20
4551.33771095015,0.24870200078683954,7.345349207074186e-07,1.0179515383611154e-12,1.6171161288851728e-18
5520.593044986407,0.3016657130308623,8.909618736488945e-07,1.2347350470805654e-12,1.9614980520079036e-18
7222.842197861995,0.3946829306148947,1.165685817671654e-06,1.6154598479835219e-12,2.566316840530975e-18
152.06101226073721,2.9875258520215713,0.0029232920069450934,1.342189687799699e-06,7.06436062537898e-10
449.78713659422243,11.933999046242457,0.015769359363141094,9.777395138999577e-06,6.949536016554685e-09
7.601811364293098e-09,4.1596348105284356e-13,1.2302298778443357e-18,1.7072566917437907e-24,2.7158815658137372e-30
305.7110432638193,58.623269915230644,0.5592622328347563,0.002503457035322386,1.28510450366805e-05
12518.009021737895,764186.7367832897,2576485.983289908,3976177.3806959516,7105268.3666597605
853.2381745340894,184.50544259348254,2.79803313410175,0.014862249525765012,0.003042362846785045
292176.90903482016,2851180.7269431334,1501890.6802045389,364976.1578944594,114444.9656103146
27024.23201556791,8215.256837616404,159.8620650425378,1.1380829915980317,0.009293494134499787
150240.57318067382,1291829.6357823415,608914.1364317731,125063.56184859475,30840.536765181863
28143.250758406502,229837.81824131854,104793.77165481445,20870.804643714502,4816.799332144397
372.6784124957014,13141.335720062081,25365.11814443587,22619.830046123963,23938.1775558527
2291.2375948766903,3878.5324570263597,328.915599775843,13.86698754575463,0.6249152609441172
3230.335853417421,0.17651755175747155,5.213400192737939e-07,7.224964527457247e-13,1.1477566689259846e-18
205.9724602006149,0.011255100414903414,3.324164769346153e-08,4.60677708482916e-14,7.318318451632513e-20
737.3313311624405,0.040290523127241344,1.1899701697974716e-07,1.649114195663509e-13,2.6197800815493395e-19
235.12949526709286,0.01284834912958323,3.7947266524841944e-08,5.258902912112014e-14,8.354284461428541e-20
41.30080199543196,0.0022568292538812057,6.665486774554067e-09,9.237331438984986e-15,1.4674409433960252e-20
195.11299914217997,0.010661699119675046,3.148905233050009e-08,4.363894534856864e-14,6.932475634775721e-20
5114.038454229563,0.27945005983794785,8.253485170820244e-07,1.1438051057376046e-12,1.8170468977014583e-18
247.22048121979893,0.013509045520160636,3.9898616209722045e-08,5.5293297301714106e-14,8.783884056976094e-20
132.43384001632933,20.478028236430188,0.15962540542052123,0.0037572259658964005,1.5557919709833923e-05
148.09685782304464,0.008092562492609708,2.3901173814535108e-08,3.3123321937792105e-14,5.2619654403290396e-20
80.84027849018621,0.004417413139065308,1.3046715344346138e-08,1.8080725069607423e-14,2.872300991761784e-20
3916.301966635747,0.2140012885539999,6.320472654903374e-07,8.759195350483591e-13,1.391484323519748e-18
203.00432279705993,0.011092910360516024,3.2762623566747405e-08,4.540391766316172e-14,7.212858844526493e-20
127.0368364245485,0.0069417646852270014,2.0502322283297823e-08,2.8413040578327423e-14,4.513690923229643e-20
69.75350903652001,0.0038115908686687694,1.1257434952790651e-08,1.5601059806873383e-14,2.4783817785682574e-20
167.08059902435187,0.009129904636618403,2.6964936981237443e-08,3.73692227667345e-14,5.936468543215843e-20
272.07104012518784,0.9991969521533458,0.0001827812969737494,1.5688948456519828e-08,1.5436848943721191e-12
3062.11643651957,0.16732541788152652,4.941912898452504e-07,6.84872522137062e-13,1.0879873550377424e-18
249.16369704118472,0.013615230051705403,4.02122294746408e-08,5.5727916673066874e-14,8.852927618369209e-20
131.0773220368613,0.007162551829524159,2.1154411398047365e-08,2.9316735009721565e-14,4.6572516710176936e-20
179.13359400219116,1.003834977325533,0.0002802497004140219,3.671211337631189e-08,5.512874540110089e-12
2773.4048539641713,162.99714060449517,0.47698636373107095,0.0006549566229424478,1.0310315398905055e-06
52.54850897361628,0.0028714457485017647,8.480740679682573e-09,1.1752991965324511e-14,1.8670783582078352e-20
50.51345990134365,0.9959340923818177,0.0009779633091244202,4.506046759551215e-07,2.380050405477916e-10
904.5756255538673,15348.061903577453,14470.409507628763,6324.008880597269,3211.1141003905404
7.601811364293098e-09,4.1596348105284356e-13,1.2302298778443357e-18,1.7072566917437907e-24,2.7158815658137372e-30
455.43082665938925,0.024886432298285445,7.350143351110087e-08,1.0186159324094982e-13,1.6181715841707015e-19
1098.2392268675044,20.916987161753266,0.01984134824090787,8.83129537053423e-06,4.506032912392279e-09
876.0824723621715,0.04787240094413189,1.4138989682560054e-07,1.9594447986723996e-13,3.112770763817274e-19
1320.209927776898,0.07214117504548313,2.130670928425358e-07,2.9527796272000916e-13,4.69078082820766e-19
185.81567050096774,3154.101950421741,2741.7797492671266,1247.910816465796,557.3114743278602
1037.2412923666966,4.995013971567,0.001198127675064834,1.348499846122293e-07,1.739812628905147e-11
14076.68190208819,57268.55148114393,11530.659787013456,1104.1151465734392,118.33893762926171
32.98769474039199,0.001802570190197615,5.323844390223442e-09,7.378023064994373e-15,1.1720715228642534e-20
1255.7952411742658,0.06862131726837536,2.026712840230273e-07,2.808709831714602e-13,4.461911789569669e-19
7.601811364293098e-09,4.1596348105284356e-13,1.2302298778443357e-18,1.7072566917437907e-24,2.7158815658137372e-30
8835.521984168445,5567.083272404238,179.0543846999967,2.628243563126905,0.04428100350688275
13.486258519227508,0.0007369392670622626,2.176531046735376e-09,3.0163346423083528e-15,4.791744220009767e-21
13909.419013996383,11.996579007014173,0.0005153761520425611,1.0388974792630214e-08,2.4006079896172717e-13
18081.033835180886,79.93496274600759,0.017602028771924266,1.818737793112742e-06,2.1541744658848672e-10
30330.545223198336,3164.858730746806,17.802183676654124,0.043404918183647515,0.00012133857872579199
8694.389777526678,0.47509375718026414,1.4031771121861488e-06,1.9445859681761105e-12,3.0891660502858164e-18
13045.412971394715,0.7128498285835045,2.105383513836971e-06,2.917735190433718e-12,4.635109293967595e-18
374.7507015511243,0.02047777053497957,6.048056512849689e-08,8.381668805372732e-14,1.3315105190531847e-19
90288.19005170086,57958.483403530816,1870.679234360219,27.960349070902744,0.4796975558298219
526.475609429787,0.028768583160866834,8.496726557919315e-08,1.177514591455741e-13,1.8705977309159605e-19
20945.639662363974,25.995697590164585,0.0016070535071415343,4.661660755267606e-08,1.5500707413805075e-12
444.8962132915527,18.833576994912725,0.03970196707083147,3.927100966445889e-05,4.45317746343342e-08
30958.013801401157,7594.149082034549,97.58837285660154,0.558971531120779,0.003672008623592114
534.556793798339,0.0292101690964371,8.627147820773417e-08,1.1955889568010228e-13,1.8993106377860416e-19
549.5859080285603,4.967457039859783,0.0022358670505023695,4.7221434077611303e-07,1.1432467722314105e-10
15360.28703284573,0.8393431470791424,2.478978255243363e-06,3.435479590348698e-12,5.4575971906806886e-18
650.6468337747895,8.982624860991205,0.006296846819012596,0.0014990941634165811,5.544671691956421e-07
303.2014120807374,0.016568051578330686,4.896111369789538e-08,2.233962701996575e-09,0.0021035575740144794
856.9877842023838,0.04682899624614289,1.383082280626701e-07,1.9167376465750803e-13,3.04492625268611e-19
29462.785843876823,111.91120447877543,0.021173151805589107,1.8796581758539805e-06,1.9128243690063942e-10
443.28450968663685,0.02422271241521748,7.154115401942474e-08,9.914494973236385e-14,1.5750150303603073e-19
712.8681652622593,0.05254491666341616,2.0933659899131706e-07,3.9132816584416683e-13,8.385645902607504e-19
15007.77657471556,0.8200806660673882,2.422087016259226e-06,3.3566371519423676e-12,5.332348223531642e-18
34011.21225350266,1.8584989894907467,5.489028651001672e-06,7.606942844887621e-12,1.2084376812063504e-17
744.2289703796522,0.04069517566085932,0.001822747278738745,2.5260451806003603e-09,4.012871192687754e-15
646.9484444143815,0.9996777986808465,7.694296130745975e-05,2.7788122796241313e-09,1.1504038420259626e-13
673.957442203311,9.969295099795646,0.007344769106506189,2.539060748429715e-06,1.0061920594655395e-09
1351.2507208833626,4.9960169447336265,0.000920076372494148,7.95069842724341e-08,7.875705040733567e-12
45946.82969526873,7340.712733306856,58.35760619976228,0.21768883986491003,0.0009311496023495463
21445.300466548808,16611.177080654998,656.9913885346871,11.846631297446194,0.24526300484131136
21889.53474729659,7786.332293488537,139.3979532668063,1.1565055222614522,0.011006809994358432
44930.72996071466,2.4551820031192846,7.251316484298003e-06,1.0049200606045358e-11,1.596414344891309e-17
38119.12498210441,20110.333936492065,535.1403981363806,6.57850412873313,0.09280358658875795
20653.708155518874,108.88539934482549,0.028592373806597786,3.5229962354686836e-06,4.975976682747604e-10
34941.30007095502,702.0740545529272,0.7025772834425763,0.00032990313911137036,1.7758098597044854e-07
19665.687781769302,2174.8317924125668,13.217186026841933,0.03415760201800091,0.00010121286832132429
26231.034819104476,37.99651118614317,0.0027415399030662705,9.281686278436481e-08,3.6021343988441656e-12
47915.008122081286,3935.2914133758836,16.090750224765365,0.030871375344188653,6.790624768030163e-05
19510.145590998756,41.98094325442965,0.004499461791295606,2.2628220215724717e-07,1.304492475628321e-11
57044.22956072218,35957.97511867372,1155.6816013923856,16.97035974549128,0.2860324600362391
21796.00250780709,1.1910145493718924,3.517630637535903e-06,4.874890788605769e-12,7.744243437659196e-18
20027.006329728112,1.0943500263649486,3.2321344713712297e-06,4.479237357638001e-12,7.115709052125645e-18
19136.159593243363,7384.109234743967,147.43720695819118,1.32737772412456,0.013709825578223565
35081.24769709302,7800.3963367103,89.8618693853509,0.4665401707056679,0.0027778203214982055
2873.742039290515,5299.66092944058,491.66373618229767,21.739251340633587,1.0669395349379514
1091.7267350542681,0.059656004578003116,1.7619246509392654e-07,2.4417544467084763e-13,3.8789670723485984e-19
781.643520128553,129.47549571483506,1.0671524245886737,0.004127097538262339,1.8302606873536178e-05
369.1538576002329,0.02017193818917726,5.957729721282697e-08,8.256489873999004e-14,1.3116246147352862e-19
2104.3471277933086,6373.962142819763,959.8363522579202,66.68301668071642,5.343785952333299
4453.603940488896,0.24336146448700044,7.187617850063526e-07,9.960924173050126e-13,1.5823907653575655e-18
552.5586255470712,0.030193856060154674,8.917677218851922e-08,1.235851827819914e-13,1.9632721680418908e-19
2920.5145750943193,5574.363877101899,535.9802326074584,24.622418355090034,1.250616412396325
910.1328630031492,2176.4577800365605,257.96170956992137,14.198963541366172,0.9003419516463486
4727.682136711191,10237.190071278905,1109.1212478161133,55.4072030287465,3.1871573075099184
59.696974884283954,7.787427934315567,0.050558843283916605,0.0001540210055156073,5.379981151723832e-07
1000.4859263988608,0.054670267832647015,1.6146722069166278e-07,2.2376853851914067e-13,3.554783299006094e-19
1076.5951674687972,17.9377281831674,0.014885346321415603,5.796043904241887e-06,2.5871340963677838e-09
2876.974140035844,11.989601336671528,0.0024887698477274512,2.424075542033814e-07,2.7065169403112823e-11
1488.9757761426733,11.979870590614368,0.004800837034156084,9.027409793941494e-07,1.9458800480837164e-10
718.4920429832504,19.885029879994654,0.0274079286079156,1.772585647381415e-05,1.3142040733896941e-08
183.54085082398635,41.0533899812536,0.4567324271189348,0.002384260239943362,1.4274078744961604e-05
3157.1227725837534,1.0014083758873487,1.5822661211237393e-05,1.1730845682956508e-10,9.96962445197523e-16
1235.3483858601567,0.06750402513376105,1.9937139062888713e-07,2.7629784245031176e-13,4.389262951770013e-19
3509.022619611058,6830.806060811105,669.0787445257658,31.53923474642371,1.6334589460425863
13015.583721801875,855.2435082882714,2.798052326208432,0.00429538781090867,7.559761136584099e-06
2142.8246424209256,3658.907546505643,312.69240799318845,12.351369455621235,0.5612464254770172
3444.5199689740984,6139.034425362031,549.7195142354934,24.195896551194974,1.147905312939723
689.763810584563,1.034557359823216,0.002615455349732358,9.175065859914428e-08,3.68953667668352e-12
6081.44062531093,252.85641178711833,0.524031676841707,0.0010318928134195697,0.12486607284089984
2019.411726957319,0.11034815902924926,3.2605392812919343e-07,8.964466089846637e-09,0.008414230331028031
2305.5685358300257,0.12598483000559563,3.720929338152501e-07,5.156631273918807e-13,8.191815906279036e-19
1176.2705661396833,32.81903721161048,0.045683953518083915,0.00014366217546084826,0.08643821111470779
7.601811364293098e-09,4.1596348105284356e-13,1.2302298778443357e-18,1.7072566917437907e-24,2.7158815658137372e-30
734.2560758975945,0.9997321049086653,6.780145383604799e-05,2.1576243723363804e-09,7.87069905168332e-14
168.2245703341841,16.654105405084323,0.0820729584603802,0.00018978371847057777,5.031612816326113e-07
622.7861598244009,1.0005925629113936,8.832309361338428e-05,0.00417980036841633,1.799234759203332e-07
7.601811364293098e-09,4.1596348105284356e-13,1.2302298778443357e-18,1.7072566917437907e-24,2.7158815658137372e-30
7.601811364293098e-09,4.1596348105284356e-13,1.2302298778443357e-18,1.7072566917437907e-24,2.7158815658137372e-30
1530.8295798049674,66.42358855113069,0.14375276326613295,0.00041654844391789163,0.0908717629438227
613.529568143806,47.256397510898445,0.18140103047345302,0.0005084065872135993,0.014974458881204194
758.4903913400991,0.04144673278144744,1.2241185226047067e-07,1.6964385192493032e-13,2.694959423664563e-19
1143.4139979019874,9.981785055844052,0.0043402158512775455,8.855147283243234e-07,2.0710357016754186e-10
1156.2450523890418,3.9970780872378446,0.0006882533755923981,5.560777247238417e-08,5.150212961498769e-12
1033.513529377584,0.059240857061379375,1.835352354163114e-07,2.668081309324238e-13,4.446088678933169e-19
529.1627325520969,1.985499803198107,0.00037097527947605537,3.25238177845744e-08,3.2685932233691417e-12
1466.132683157403,0.08011493650382236,2.3661739087797897e-07,3.27915025217942e-13,5.2092526628277265e-19
643.053520477961,6.984246387017381,0.0037781979689560934,9.590277623174992e-07,2.7905314625446146e-10
616.150968191062,0.03366877790834709,9.943986390531718e-08,1.3780823699892922e-13,2.1892193719063154e-19
1112.5801813556648,0.06079560362058417,2.864548921547603e-07,0.006954056020496386,1.104720188352074e-08
1088.6559410206758,0.9991419717890958,4.56743005385437e-05,9.797112166216982e-10,2.4089316979279e-14
1122.8487294793401,0.06135662597187818,1.812152063535516e-07,2.511361854714361e-13,3.9895452854896993e-19
7.601811364293098e-09,4.1596348105284356e-13,1.2302298778443357e-18,1.7072566917437907e-24,2.7158815658137372e-30
898.1523824020616,0.04907838281862575,1.4495173307039683e-07,2.008806327751083e-13,3.1911864072064354e-19
7.601811364293098e-09,4.1596348105284356e-13,1.2302298778443357e-18,1.7072566917437907e-24,2.7158815658137372e-30
1590.307820186577,0.08690032730284715,2.566578669367233e-07,3.556880185207526e-13,5.650453974726161e-19
2410.777681493691,2.0001609149444532,8.27027516930675e-05,2.5527101360396965e-07,0.01472544288633267
105.97171258897767,0.999354186681549,0.00046986130914773635,8.36482287101252e-07,0.0021048858561588985
354.1778172841982,1.0014036419758907,0.00014104183087771017,9.321121065785155e-09,7.061392122892149e-13
926.6273432171713,0.05063436046229882,1.495472727584651e-07,2.072493384188963e-13,3.2923595596462134e-19
1327.7698321419791,10.98069571420488,0.004523098814985835,8.742258563724432e-07,1.9369487808678569e-10
1096.3263299838857,25.876175647911307,0.03044615589055686,5.1956249509304455e-05,0.023194248062236415
671.5528563214301,0.036696142894302994,1.0838110801624596e-07,1.5019941533639542e-13,2.3860654258714177e-19
763.2360035766259,0.041706097424577974,1.776352261399216e-07,0.0027816327108592677,4.4188971201980515e-09
575.8619326074723,0.03146727594706155,1.408935307596195e-07,0.00278162698510388,4.4188880242725195e-09
4389.210767072684,0.2400915719522594,7.098397982395729e-07,9.847483508981433e-13,1.5659923262104901e-18
1237.0691746468078,11.975874387495598,0.0057745267325575375,1.3064924071562996e-06,3.3884851393626897e-10
4091.8188181876862,3.999181354598974,0.00019469098592083374,4.447357707591964e-09,1.1645511388825282e-13
1073.9291391995268,0.05868347782227139,1.7332013249850242e-07,2.4019483693965786e-13,3.815731203819577e-19
1340.0480819514266,2.9987211103829914,0.00033424817790231537,1.7481692267656527e-08,1.0480918050072955e-12
7.601811364293098e-09,4.1596348105284356e-13,1.2302298778443357e-18,1.7072566917437907e-24,2.7158815658137372e-30
490.63703194307965,39.36054969348109,0.15741912667554922,0.000512664516653343,0.021341063903652167
1230.8058258580288,0.06725580277959355,1.9863827233205236e-07,2.752818541330443e-13,4.37312297817896e-19
932.3719555904808,0.05094826742366308,1.5047438884215455e-07,2.0853417759675598e-13,3.312770493558505e-19
759.9200170623491,2.997592309579131,0.0005889648763265683,5.429847706394496e-08,5.738374475116662e-12
7.601811364293098e-09,4.1596348105284356e-13,1.2302298778443357e-18,1.7072566917437907e-24,2.7158815658137372e-30
641.1853656259432,0.03503675038720058,1.034801352063342e-07,1.4340742673153658e-13,2.278168007318423e-19
1532.3498670090157,14.969498429373044,0.007283701688464902,1.6629468943274952e-06,4.3522405575558187e-10
759.1961305150124,0.041485343628408757,1.7685209244512144e-07,0.002781632595365636,4.41889693672506e-09
988.4492945747284,0.05401257918167297,2.018319877183404e-07,0.0013908296346808557,2.2094696554955366e-09
193.38942674939904,0.9989144972550227,0.0002569994147342338,3.102539758603374e-08,4.293452587082405e-12
512.1619367832767,0.027986430912038927,8.265719916132642e-08,1.145500651784649e-13,1.8197404393452546e-19
7.601811364293098e-09,4.1596348105284356e-13,1.2302298778443357e-18,1.7072566917437907e-24,2.7158815658137372e-30
2301.1209549009845,0.12574179766082969,3.713751440768195e-07,5.146683820804507e-13,8.176013398727093e-19
2142.2503401957956,0.11706051706757592,3.4573520659328506e-07,4.791354032266885e-13,7.61153708481272e-19
760.9108942856383,19.89285542728541,0.0259225305763707,4.0921618925520545e-05,0.012659379333254972
1564.327474518025,0.08548066469829968,2.524649301876688e-07,3.4987725814214435e-13,5.558144331533687e-19
881.2726144559533,27.816794884789463,0.04372591635760804,3.225163528790498e-05,2.7270472471974097e-08
1837.4146158906692,1.9995745076436027,0.00010838970174736048,2.756893067196902e-09,8.038077836962167e-14
7.601811364293098e-09,4.1596348105284356e-13,1.2302298778443357e-18,1.7072566917437907e-24,2.7158815658137372e-30
1101.0777592765032,0.0601669792806451,1.7770161564961637e-07,2.462668934045625e-13,3.9121917923138755e-19
849.1905910531589,0.9994795364569268,5.859454139615325e-05,1.6118398208943964e-09,5.082613306540822e-14
1148.6597811800202,2.007407540238733,0.000174771677645338,7.139832415613394e-09,3.343535721887703e-13
689.765374237078,0.03769134253288183,1.1132040438418351e-07,1.5427282447609925e-13,2.4507755360400086e-19
1058.0615218524417,0.05781647969177163,2.4957630627045337e-07,0.0041724465394823995,6.628341666216451e-09
1761.6605826308098,8.956703037491797,0.002267851024454815,2.694401264965351e-07,3.669560438863711e-11
1099.9930399981292,48.574977703893744,0.10701801873964518,0.0003579205569459363,0.09084455349229138
2481.0287666084587,0.19510414139986507,8.292665562878933e-07,1.6538773537653135e-12,3.781045677625232e-18
355.55392396961867,0.019428787291724772,5.738242027654621e-08,7.95231395386051e-14,1.2633032784105363e-19
3860.2862687157494,5.998308676864367,0.0004642557852640369,1.6860377728321006e-08,7.01904594664908e-13
804.2274584026067,0.043945976039358285,1.2979330252009897e-07,1.7987339777128446e-13,2.8574658196560924e-19
163.0760969263816,0.008911083765224008,2.6318655202601594e-08,3.647357640298705e-14,5.794186310121997e-20
447.5991591111926,31.535049119688132,0.11061765475686046,0.0001820689221654679,3.435663753959935e-07
7.601811364293098e-09,4.1596348105284356e-13,1.2302298778443357e-18,1.7072566917437907e-24,2.7158815658137372e-30
1418.5334519656492,0.07751393780697488,2.2906987745688153e-07,1.1165791253266727e-08,0.010517787865152516
7.601811364293098e-09,4.1596348105284356e-13,1.2302298778443357e-18,1.7072566917437907e-24,2.7158815658137372e-30
7.601811364293098e-09,4.1596348105284356e-13,1.2302298778443357e-18,1.7072566917437907e-24,2.7158815658137372e-30
274.4413389445181,4.097884026600806,0.0030510004236561617,1.065874612606826e-06,4.268575432748885e-10
743.670834784724,0.04063699368739893,1.8730291163593231e-07,0.004172436381655628,6.6283255295096545e-09
1059.6863711897113,3.0007948433268847,0.00046160887228600874,0.009769998125812227,7.412451856385735e-07
614.7106732276761,1.00174337885137,8.132013998695299e-05,3.097570614887308e-09,1.3525246610324841e-13
667.3931911590641,17.89990848149856,0.023909368914276866,1.498533569946305e-05,1.0766849144829888e-08
2055.003265746218,0.11229301305185067,3.3192534652589633e-07,3.1170724327349766e-08,0.02944980590797587
1037.2412556416498,4.994482841178817,0.001197867618447941,1.3480578609723606e-07,1.7390497948430017e-11
655.6130563263714,0.041609767876877604,1.4273679857252373e-07,2.297513635182009e-13,4.239158960559282e-19
7.601811364293098e-09,4.1596348105284356e-13,1.2302298778443357e-18,1.7072566917437907e-24,2.7158815658137372e-30
7.601811364293098e-09,4.1596348105284356e-13,1.2302298778443357e-18,1.7072566917437907e-24,2.7158815658137372e-30
881.1301161467867,0.06385656330710404,2.5012897666428577e-07,4.597311781994776e-13,9.685975746038578e-19
367.51627753891097,26.622027929742337,0.09624838455573091,0.0004330301291991346,0.05089799268894022
226.1693222538437,0.01235873198901598,3.650119497581646e-08,5.058499811263791e-14,8.03592442713651e-20
632.7482540239299,0.03457571526532111,1.0211847990954663e-07,1.4152038356312246e-13,2.248190470780112e-19
1198.675443302804,0.06550007931211597,1.934527885245733e-07,2.6809557738818075e-13,4.2589619047602684e-19
626.6738810619107,0.034243788960326205,1.0113814416094478e-07,1.401617901793818e-13,2.2266078787740036e-19
1452.9464435326163,0.07939439138372521,2.3448927951987897e-07,3.2496579275844867e-13,5.162401204793126e-19
7.601811364293098e-09,4.1596348105284356e-13,1.2302298778443357e-18,1.7072566917437907e-24,2.7158815658137372e-30
1192.965809996903,0.06518808373694247,1.9253131767051467e-07,2.668185616235109e-13,4.238675253460415e-19
7.601811364293098e-09,4.1596348105284356e-13,1.2302298778443357e-18,1.7072566917437907e-24,2.7158815658137372e-30
543.9373654499248,0.02972275841556947,8.782263441321835e-08,2.2423252675134705e-09,0.002103557584232811
548.700490773439,11.94580484784306,0.01295262501088344,6.589937685840753e-06,3.843474641028948e-09
596.0185009384577,40.42493565245528,0.1365124712225851,0.00021630960012290212,3.929527460555925e-07
1873.3251002525774,0.10303675054968107,3.641752663715596e-07,0.0013908433477919813,2.2239800532262344e-09
1564.327474518025,0.08548066469829968,2.524649301876688e-07,3.4987725814214435e-13,5.558144331533687e-19
7.601811364293098e-09,4.1596348105284356e-13,1.2302298778443357e-18,1.7072566917437907e-24,2.7158815658137372e-30
734.6732120875856,0.040145273626055016,1.1856802633834037e-07,1.6431690503606553e-13,2.6103356335618764e-19
7.601811364293098e-09,4.1596348105284356e-13,1.2302298778443357e-18,1.7072566917437907e-24,2.7158815658137372e-30
1115.7714666940994,0.06096989804119775,1.8007301542224026e-07,2.4955328589395827e-13,3.964399369002693e-19
285.0428771903684,1.0559354358735726,0.0031712034296655987,2.7488567198973043e-07,2.7313847109086157e-11
612.4365499782592,45.311077484826384,0.1670156146675145,0.00039463651345549434,0.006451936772157634
1455.2913750753844,18.94890733881193,0.012288681432293981,3.7394495287656104e-06,1.304431581216666e-09
363.5637207209722,1.0002126518665517,0.00014854076326772082,0.002791883001367334,2.057865123916368e-07
2404.1575163453085,39.86202476724516,0.032917920151025994,1.2755181418276268e-05,5.665723403941078e-09
800.9823864614586,0.0437686532530225,1.292695842613447e-07,1.7914760544727448e-13,2.845935894810483e-19
598.2829060763436,0.032692459163243065,1.6845971888960419e-07,0.005563232827057206,8.837742460571066e-09
988.3956555799332,0.9997902020189308,5.037405447906491e-05,1.1909304788502334e-09,3.227499836497634e-14
1376.6453377402709,9.98492320414853,0.003607198387553186,6.114721710134694e-07,1.1881994800281531e-10
913.0511010288417,3.000151675340669,0.0005244809329437581,0.005593101939472939,4.92387412595384e-07
138.992578225406,0.007595070832914156,2.2431845077126693e-08,3.108706007135478e-14,4.938485217277254e-20
7735.585623229498,0.42270113622341093,1.2484368625764143e-06,1.7301399688151685e-12,2.748497490660871e-18
716.4679305585175,0.03915046941052215,1.1562989784213207e-07,1.602451143855442e-13,2.5456512346856503e-19
1444.3471959289895,0.07892449654838092,2.33101457288741e-07,3.230424862752142e-13,5.131847589835825e-19
1035.8531741798668,0.05660286564104472,1.6717509828597058e-07,2.3167877207523443e-13,3.6804451383447597e-19
1668.1267494727294,2.9984325683505757,0.0002684569327659239,1.1278112430054418e-08,5.431243158130183e-13
1003.544492425713,2.998137308748194,0.0004461500013361169,3.1152414822509894e-08,2.4934728825949954e-12
621.7467065092734,1.0078744997207374,8.819609035604325e-05,0.002787673054152588,1.2111010880703925e-07
7.601811364293098e-09,4.1596348105284356e-13,1.2302298778443357e-18,1.7072566917437907e-24,2.7158815658137372e-30
641.056906379212,0.035029791502421755,1.7753972962718963e-07,0.005563234744056866,8.837745505913555e-09
7.601811364293098e-09,4.1596348105284356e-13,1.2302298778443357e-18,1.7072566917437907e-24,2.7158815658137372e-30
1540.6073078322272,30.87400060035561,0.030840840774110388,4.615508511291375e-05,0.025292669799758874
1625.8569039795432,15.96652292643985,0.007809674755548247,1.7924079999188701e-06,4.715732132440212e-10
7.601811364293098e-09,4.1596348105284356e-13,1.2302298778443357e-18,1.7072566917437907e-24,2.7158815658137372e-30
499.01627470293084,0.9995213442227467,9.972074870437935e-05,4.668318122641306e-09,2.50516637785262e-13
7.601811364293098e-09,4.1596348105284356e-13,1.2302298778443357e-18,1.7072566917437907e-24,2.7158815658137372e-30
641.846054658259,0.03507285289039202,1.0358676301485671e-07,1.4355519634555713e-13,2.2805154729608094e-19
909.09952471021,0.04967657534307509,1.4671847920482288e-07,2.0332906905054159e-13,3.2300822253504425e-19
878.705241583438,3.9962810986923434,0.0009052724043032386,9.622411998134611e-08,1.1724441037190594e-11
447.3416999751128,23.73679205708661,0.06271621613858801,7.77532135177245e-05,1.1051074179652033e-07
4756.443137581113,0.2599097232664596,7.676366388955823e-07,1.063825388605819e-12,1.6899912514516236e-18
805.2265345522463,5.990715565402757,0.002219940963566228,3.859984103948174e-07,7.693709255107285e-11
926.6873895400823,0.05063764161645531,1.49556963562321e-07,2.0726276837084944e-13,3.292572907640643e-19
715.0065723040192,0.0390706153665373,1.1539405099055466e-07,1.5991826720835402e-13,2.540458945838916e-19
661.1482290419744,0.03612759540646964,1.0670191772998841e-07,1.4787231789431508e-13,2.349097194425606e-19
133.01991357026262,0.007268702247654221,2.1467923909878966e-08,2.975121475291346e-14,4.7262730511042814e-20
7.601811364293098e-09,4.1596348105284356e-13,1.2302298778443357e-18,1.7072566917437907e-24,2.7158815658137372e-30
638.8997210278271,0.03491185427516929,1.0311125777287039e-07,1.4289621978919054e-13,2.2700469822940223e-19
1855.9954982327345,0.10141848906340223,2.995368818375603e-07,4.1511168641074046e-13,6.594457379221492e-19
7.601811364293098e-09,4.1596348105284356e-13,1.2302298778443357e-18,1.7072566917437907e-24,2.7158815658137372e-30
498.0252540822684,3.9933116638429538,0.001594833908121697,2.988677619950518e-07,6.420212035697017e-11
7.601811364293098e-09,4.1596348105284356e-13,1.2302298778443357e-18,1.7072566917437907e-24,2.7158815658137372e-30
214.15357095304782,0.011702146699316364,3.4561987320947105e-08,4.789755690347827e-14,7.608997961485747e-20
414.2057467881601,0.022633740782579053,6.68481674391247e-08,9.264119780138204e-14,1.4716965348375086e-19
7.601811364293098e-09,4.1596348105284356e-13,1.2302298778443357e-18,1.7072566917437907e-24,2.7158815658137372e-30
1343.3970095559293,2.9987851650180946,0.00033342947408527787,1.7395786637309694e-08,1.040364642210219e-12
798.891104977229,33.70317579523098,0.07080428863326722,6.979577492894132e-05,7.887447186008135e-08
1677.0551252879388,7.992068781850834,0.0018970580737370805,2.112921920059046e-07,2.697677328427059e-11
1609.5723469642073,70.38433672980895,0.15351024926425968,0.0004446120212175988,0.09510443380347307
992.1638915710945,1.0071130288599546,5.093600327920286e-05,1.2087959229369666e-09,3.2883756834287827e-14
7.601811364293098e-09,4.1596348105284356e-13,1.2302298778443357e-18,1.7072566917437907e-24,2.7158815658137372e-30
7.601811364293098e-09,4.1596348105284356e-13,1.2302298778443357e-18,1.7072566917437907e-24,2.7158815658137372e-30
631.884495106156,1.9987058380643086,0.00031490115625242373,2.3279897588063212e-08,1.9728322053117906e-12
127.01103388779221,1.993489510128788,0.0015583525291158907,5.716085277916858e-07,2.4035068263109127e-10
7.601811364293098e-09,4.1596348105284356e-13,1.2302298778443357e-18,1.7072566917437907e-24,2.7158815658137372e-30
892.4201329921027,0.04876515141550748,1.4402661223049764e-07,1.9959855869585503e-13,3.170819399604835e-19
763.6643575397778,39.57154399270629,0.1021038507775893,0.00012361806491666217,1.7158063753351245e-07
838.6008404873733,0.04582426533389346,1.353407813247005e-07,1.875613434685853e-13,2.9795963977493724e-19
7.601811364293098e-09,4.1596348105284356e-13,1.2302298778443357e-18,1.7072566917437907e-24,2.7158815658137372e-30
619.0298443597812,18.887989307252926,0.028767232249028274,0.00011937833161397107,0.0758998965052435
561.5250169058769,0.03068384135509626,1.2312360892927425e-07,0.0013908209974433396,2.2094559343943153e-09
502.90226830379464,41.295724567216055,0.16889097430252623,0.0003899800340016889,0.0021893598394874666
577.1180505860885,2.998789431126559,0.0007761540056019345,9.426082517613245e-08,1.31225638348631e-11
707.444665635081,0.03865747587496871,2.0193150604351734e-07,0.0069540391654156625,1.1047175107567403e-08
489.79322580949645,28.66340651254925,0.08365294351297144,0.00025657989495982066,0.02755632730979114
647.1243651317802,0.03536127938363609,1.0443862319561396e-07,1.4473574250752208e-13,2.299269609748899e-19
121.00210401241505,0.006612004487142856,1.952838407537884e-08,2.7063313194277417e-14,4.2992734544118927e-20
743.1055378323083,1.0328825791017908,0.002581261069659094,8.391167827563754e-08,3.126896774312989e-12
1058.0603860998608,0.05781638913086691,2.1444481127225072e-07,0.0013908308485740038,2.209471583884182e-09
756.4198921742156,0.041333593015100555,1.2207769688962706e-07,1.6918076437903894e-13,2.68760282257575e-19
448.3054498248322,0.024497075237206244,7.235147751122208e-08,1.0026793248211639e-13,1.5928547157348026e-19
7.601811364293098e-09,4.1596348105284356e-13,1.2302298778443357e-18,1.7072566917437907e-24,2.7158815658137372e-30
1045.2763039565211,0.05711778045905299,1.6869588587038956e-07,2.337863479268889e-13,3.7139260534386764e-19
710.3167957826448,0.038814348554847444,1.1463717359668967e-07,1.588693524655484e-13,2.5237959035967747e-19
440.392101532822,3.0198175531283074,0.0010317404126158197,1.6540230373179867e-07,3.039613058014138e-11
1030.2794926882168,0.0562982989780641,1.6627556853174748e-07,2.3043216327380257e-13,3.6606415315595935e-19
393.1683037138627,0.021484176738709247,6.345295979648201e-08,8.793596630666291e-14,1.3969493051953303e-19
692.4251492027673,0.04044036764138768,1.2765866879998575e-07,1.890893263970196e-13,3.2105776050111096e-19
866.0743023862782,0.04732551735620763,1.397746903068704e-07,1.9370605400869972e-13,3.07721116767985e-19
7.601811364293098e-09,4.1596348105284356e-13,1.2302298778443357e-18,1.7072566917437907e-24,2.7158815658137372e-30
675.6041613244017,0.036917521346342456,1.0913660966614176e-07,1.334614740152074e-08,0.0126213453735277
898.1644174717379,0.9998959481513672,5.544670841944443e-05,1.4427072030187758e-09,4.3030960447458085e-14
621.0946141402933,29.71213162214213,0.07086420353986596,0.00017217036745111177,0.021171990516446252
1279.552875138549,0.08969465994355584,3.398348428034463e-07,6.041582468583737e-13,1.2312123895786714e-18
3582.1842696530057,0.19574385634061417,5.781244121125933e-07,8.011908189570521e-13,1.2727704088311443e-18
678.691097758658,0.037086202980641005,1.0959196547984042e-07,4.47077775961232e-09,0.004207115151516993
82.85064546021243,1.9900582460143925,0.002380630145726343,1.3362852462522412e-06,8.598598284204004e-10
729.1535057116314,0.03984365636391406,1.1767720756314047e-07,1.630823683012533e-13,2.59072380342721e-19
509.19244516032,0.027824205051712115,1.2756901917513302e-07,0.0027816247263704476,4.418884436052328e-09
1467.0485693631044,0.0801649839286274,2.367652046514688e-07,3.281198721950876e-13,5.212506858515951e-19
359.08347995252086,0.019621655342962764,5.795205107273958e-08,8.031255952251062e-14,1.2758439912080547e-19
812.2467957487304,6.986009253905615,0.0029927150517943114,6.015655071583631e-07,1.3861419402811525e-10
702.2257187201932,0.03837222204573105,1.1333136439817498e-07,1.5705970333252426e-13,2.49504784742361e-19
974.4534632967399,0.053247757337912635,1.5726587277266974e-07,2.1794612156282987e-13,3.4622884796131835e-19
469.6521360187108,0.026198873965337273,1.2410606764116727e-07,0.0027816245669203214,4.511054771737083e-09
840.9304499057369,0.04595156389077713,1.3576305318262417e-07,2.2503722031505525e-09,0.002103557594047496
214.16353133641016,4.975901122471511,0.0057577949000864395,3.1262359683535637e-06,1.9458432282277656e-09
1122.1912682280229,0.06132069984663175,1.8110909947272345e-07,2.509891377824498e-13,3.987209288336458e-19
532.9484210082029,0.02912228163206469,8.601190485701839e-08,1.191991672529988e-13,1.893595997947449e-19
7.601811364293098e-09,4.1596348105284356e-13,1.2302298778443357e-18,1.7072566917437907e-24,2.7158815658137372e-30
953.3812594264803,0.05209629383501478,1.538650551269626e-07,2.132331154734813e-13,3.3874177428894095e-19
744.6308119929329,0.04068939387745638,1.2017507141418984e-07,1.6654402039989485e-13,2.645715551367537e-19
2286.0242769523875,0.124916859093424,3.6893870937472324e-07,5.112918612600019e-13,8.1223740448630075e-19
498.7173037569237,0.027251819672040798,1.470005957326982e-07,0.0055632280799712075,8.83773491935811e-09
7.601811364293098e-09,4.1596348105284356e-13,1.2302298778443357e-18,1.7072566917437907e-24,2.7158815658137372e-30
897.911321145685,0.049065210336032596,1.4491282848407886e-07,2.0082671704914994e-13,3.1903299028762973e-19
709.4441462992759,0.05087510010859375,2.7544096575448543e-07,0.0027816549245663945,5.799140931569001e-09
829.0046144374495,0.046160416565705,1.3892341244740814e-07,1.9618357887720028e-13,3.175771993349592e-19
768.8020967398392,0.04201020267256752,1.2407604599628882e-07,1.7195016647274712e-13,2.7315974983961147e-19
934.2012759892303,0.05104822828619248,1.507696206617602e-07,2.0894332313424974e-13,3.319270172794786e-19
638.8997210278271,0.03491185427516929,1.0311125777287039e-07,1.4289621978919054e-13,2.2700469822940223e-19
604.3399209989881,0.03302337841162564,9.753369320042122e-08,1.3516657988130845e-13,2.1472540506615888e-19
795.0767643798621,1.9989795679544244,0.00025033621293791273,1.4710263339207592e-08,9.908750655848018e-13
953.3841318024438,0.05209645079230831,1.5386551869626562e-07,2.132337579086765e-13,3.387427948604286e-19
874.4837572665285,0.047785041212065,1.4113188211858672e-07,1.9558691147869886e-13,3.1070904383155286e-19
862.851073021306,0.04714938812937946,1.39254497195222e-07,1.9298514699213834e-13,3.0657588507475057e-19
715.3456594010445,0.039089144345230364,1.1544877584943011e-07,1.5999410737974472e-13,2.5416637415462905e-19
7.601811364293098e-09,4.1596348105284356e-13,1.2302298778443357e-18,1.7072566917437907e-24,2.7158815658137372e-30
545.7557386688727,27.705427231120577,0.07003457728548963,8.306936303522183e-05,1.1295743153374624e-07
899.2891515998209,3.9843230929181233,0.0008791556080891543,9.102451385539911e-08,1.0803249620308508e-11
7.601811364293098e-09,4.1596348105284356e-13,1.2302298778443357e-18,1.7072566917437907e-24,2.7158815658137372e-30
1204.3478629934866,0.06581004139710504,1.9436825351801692e-07,2.6936426996101884e-13,4.2791163339724533e-19
534.556793798339,0.0292101690964371,8.627147820773417e-08,1.1955889568010228e-13,1.8993106377860416e-19
752.1777624810115,0.04110178728911392,1.2139306467911642e-07,1.6823197026149082e-13,2.6725302949292117e-19
561.5250168776623,0.030683812992682597,9.062384730430373e-08,1.255906045784367e-13,1.9951302655056542e-19
1650.4167256620933,0.09018499844693645,3.7921352287646796e-07,0.005563268891352646,8.837799752251107e-09
2130.3371886800464,0.11640953821129038,3.438125573943597e-07,4.764709094707077e-13,7.569208981109008e-19
1590.141695980631,0.08689124965908131,2.5663105635087107e-07,3.556508632047247e-13,5.649863725990747e-19
822.676075213443,0.04495407699867972,1.32770702604849e-07,1.8399961275595644e-13,2.9230148026037827e-19
509.2506519203901,0.027827347491681333,8.218735039779205e-08,1.138989276244106e-13,1.8093964789394457e-19
751.3592104340242,0.041057058564338306,1.212609595484683e-07,1.6804889302829528e-13,2.6696219330330366e-19
665.1107246174053,0.03634412088541787,1.073414201264597e-07,1.4875856908526813e-13,2.36317616617549e-19
1944.5784072362676,14.976056781459507,0.0057447478745935145,1.0340125980329599e-06,2.1334726905617442e-10
1120.8286659543007,0.06124624219631586,1.808891907301407e-07,2.5068437835372776e-13,3.9823678850962843e-19
7.601811364293098e-09,4.1596348105284356e-13,1.2302298778443357e-18,1.7072566917437907e-24,2.7158815658137372e-30
743.6422134229822,0.04063537317894168,1.2001552267966212e-07,1.6632291058581054e-13,2.642203004520896e-19
868.4656192796471,0.04745618779502508,1.401606220650063e-07,1.94240895601416e-13,3.0857076523688215e-19
513.9096089811368,0.028081930213547927,8.293925387596316e-08,1.1494094929108133e-13,1.8259500178882044e-19
1257.8651231807116,0.07349963726682086,2.3212893048781364e-07,3.4399714024809803e-13,5.843591488391802e-19
1497.1372835049126,0.0818091430491794,2.4162118604857917e-07,3.3484950967601347e-13,5.319413768146209e-19
136.9898193374348,0.007485652457458785,4.804458949322857e-08,0.002781607592970723,4.418857217961886e-09
954.4050020622891,0.05699107966229954,1.8393908338818387e-07,2.785624916841309e-13,4.835826537115346e-19
263.14191061508956,0.014379051570572683,4.2468156556130894e-08,5.88542819122058e-14,9.349581482769968e-20
1261.4341352803438,1.999346244356809,0.00015784465257387455,5.8472706697093206e-09,2.483003660964433e-13
644.9974950572974,1.00766116683587,8.303768420995596e-05,0.001394896523499391,5.84037926514365e-08
1155.676304976292,3.996836316627844,0.0006885070551073356,5.565213856984197e-08,5.156533727950122e-12
1775.756906587854,0.0970339543288365,2.8658727200971846e-07,3.9716553453448623e-13,6.309365107567409e-19
1045.2763039565211,0.05711778045905299,1.6869588587038956e-07,2.337863479268889e-13,3.7139260534386764e-19
1504.7531811394476,0.08222530398905856,2.4285030661057134e-07,3.365528802464776e-13,5.346473484833713e-19
531.1021639599965,0.02902139528808916,8.571393965192122e-08,1.187862336669214e-13,1.88703614183407e-19
1247.1263049979484,0.06814761439052551,2.0127221483693522e-07,2.789320901520726e-13,4.431110567157033e-19
2741.4982509886286,0.1498056491246735,4.424471063890944e-07,6.131631048370577e-13,9.740698934113352e-19
231.10391858102508,0.9990917025842813,0.0002151364518850833,2.1737223374871676e-08,2.5176622211666133e-12
928.1218360599634,0.05790758615016735,1.9528050604788012e-07,3.0900379180706277e-13,5.604904064186227e-19
932.3719555904808,0.05094826742366308,1.5047438884215455e-07,2.0853417759675598e-13,3.312770493558505e-19
743.9461167694471,0.04065201223097524,1.5709739363120473e-07,0.0013908249895693363,2.2094622762790655e-09
632.7482540239299,0.03457571526532111,1.0211847990954663e-07,1.4152038356312246e-13,2.248190470780112e-19
552.8684374641787,0.03021078533425948,8.922677236130785e-08,1.236544752708488e-13,1.9643729473729214e-19
1324.8398489531123,0.07239425826454272,3.1596110139856177e-07,0.005563259461211383,8.837784771544309e-09
7.601811364293098e-09,4.1596348105284356e-13,1.2302298778443357e-18,1.7072566917437907e-24,2.7158815658137372e-30
512.744127473518,0.02801827107520109,1.1391758991621245e-07,0.0013908198232226404,2.209454069029255e-09
1184.9565030628307,0.08426074253645464,3.2384792766189995e-07,5.840344287564444e-13,1.2073557175242953e-18
447.1644883019879,1.0001801872830312,0.00012076221399716598,0.0027899550585985897,1.6719195595254922e-07
939.4466065957483,0.05133485263698301,1.516161582614363e-07,2.1011649302390028e-13,3.3379071302429835e-19
1220.4447936527945,0.06668963748857176,1.9696611780240534e-07,2.729645071589994e-13,4.336309642506965e-19
753.4876203664857,0.04117336279011004,1.2160446106829882e-07,1.6852493288791704e-13,2.6771842943633805e-19
834.7171115272289,0.045612043955423176,1.347139909775625e-07,1.866927092074878e-13,2.9657972882555673e-19
671.6041150031261,1.998737188222115,0.00029628681710342435,2.060869078532766e-08,1.6432005848367077e-12
7.601811364293098e-09,4.1596348105284356e-13,1.2302298778443357e-18,1.7072566917437907e-24,2.7158815658137372e-30
596.7633419861249,0.032609365987303636,9.631091822350456e-08,1.3347200330811701e-13,2.1203340352691978e-19
1236.5863718283294,0.06757167328619107,1.995711876957541e-07,2.7657473021404303e-13,4.393661586201488e-19
129.00660174405755,0.007049419204530954,4.6136123740282927e-08,0.002781607046903746,4.418856350480788e-09
2235.880986264415,0.1221768434074574,3.60846143982161e-07,5.000768200707923e-13,7.944212086167201e-19
1100.9204241295627,0.06015838190371479,1.7767622351942913e-07,2.4623170384820837e-13,3.9116327716041025e-19
1009.4187800845906,0.05515845800512964,2.400662474969258e-07,0.004172445077871466,6.62833934430374e-09
7.601811364293098e-09,4.1596348105284356e-13,1.2302298778443357e-18,1.7072566917437907e-24,2.7158815658137372e-30
809.3208290646672,0.04422429673425107,1.306153154870534e-07,1.8101258032159559e-13,2.8755628547941166e-19
7.601811364293098e-09,4.1596348105284356e-13,1.2302298778443357e-18,1.7072566917437907e-24,2.7158815658137372e-30
532.2434893693833,1.000664577120807,9.371375939652525e-05,4.118126198195643e-09,2.0744217086215737e-13
7.601811364293098e-09,4.1596348105284356e-13,1.2302298778443357e-18,1.7072566917437907e-24,2.7158815658137372e-30
857.0959536830544,0.04683494206725789,1.77892801750911e-07,0.0013908272214432024,2.2094658218301956e-09
557.9368006686783,0.9996830303840419,8.921922505402079e-05,3.73625089306905e-09,1.7935547686602383e-13
763.2367334324757,0.04170609054607844,1.2317785870382607e-07,1.7070541811521723e-13,2.7118234465919816e-19
558.2337793807787,0.03050405238181951,2.0223889653037903e-07,0.012517230147585308,1.988485109341935e-08
805.2161506095799,0.04400000185454774,1.2995286636659307e-07,1.8009452852821173e-13,2.860978699200391e-19
974.6035372246292,0.05325595793485849,1.5729009302344502e-07,2.1797968707597453e-13,3.4628217007994095e-19
7.601811364293098e-09,4.1596348105284356e-13,1.2302298778443357e-18,1.7072566917437907e-24,2.7158815658137372e-30
940.4284271824647,0.051388502961313504,1.5177461310539959e-07,2.1033608687522843e-13,3.3413955945303748e-19
1007.2998529240299,0.055042671884080116,2.396510805334088e-07,0.004172445013410357,6.6283392419009295e-09
780.1993315212026,0.04263298992185091,1.2591543201378232e-07,1.7449927036605714e-13,2.772092520651421e-19
757.8903948127504,0.04977378650820058,1.766802153737311e-07,2.9427722107726033e-13,5.618557549504947e-19
202.16869610300822,0.011047248613592362,3.2627762779339884e-08,4.5217021516857533e-14,7.183168553660431e-20
742.2058082088049,0.040556882661780744,1.1978370296925897e-07,1.6600164440203258e-13,2.63709937524313e-19
528.2816360951065,0.028867271167265195,8.525873805116865e-08,1.1815539480999645e-13,1.8770146461948646e-19
7.601811364293098e-09,4.1596348105284356e-13,1.2302298778443357e-18,1.7072566917437907e-24,2.7158815658137372e-30
342.0587446337154,3.9903051212759877,0.002318472189371946,6.320900791134905e-07,1.9754500984279544e-10
647.1555512426371,0.03536301395522896,1.3915080405797348e-07,0.001390822941418289,2.209459022589702e-09
786.6296522557375,0.04298436653548525,1.2695321374540397e-07,1.7593747497744566e-13,2.794939815302184e-19
1422.4100963190535,2.9987604275550273,0.0003149024945823859,1.551643277476703e-08,8.764133435413958e-13
671.6180497562436,0.05653339374185242,2.5720578671179246e-07,5.4908287616172e-13,1.343675949746352e-18
767.322603562139,0.9765630407333292,6.186762263775691e-05,6.787974979047874e-08,0.0021036915959816195
811.861914903781,0.044363151104656995,1.3102541827526305e-07,1.8158091921519395e-13,2.8845914770504404e-19
1857.889828311234,0.10152209164862189,4.018605116461557e-07,0.004172466971735985,6.628374124860676e-09
185.81577247565482,0.9999432585230905,0.0002838091283260801,0.0014049022591986864,2.0255595538226208e-07
853.6518089028866,0.0466467061626001,1.377698390202128e-07,1.9092764090143335e-13,3.033073343047255e-19
904.0302347196331,0.05178071435730414,1.6030463260483327e-07,2.3286573858520877e-13,3.8776139677628053e-19
694.0052670723837,0.03792302602864294,1.1200467559088755e-07,1.5522111829833135e-13,2.465840116003438e-19
180.26764936790718,2.000507213089007,0.0011857762695624682,0.0042442257574957275,1.2619239195120922e-06
603.1952944448263,0.032960861158767236,1.3094247356322927e-07,0.0013908219606728997,2.2094574645792e-09
7.601811364293098e-09,4.1596348105284356e-13,1.2302298778443357e-18,1.7072566917437907e-24,2.7158815658137372e-30
295.2773860149957,0.01613508895139545,9.280848574932545e-08,0.0041724168936625415,6.628294570916094e-09
926.6597456386697,0.0506361310509848,1.4955250214631063e-07,2.0725658553983218e-13,3.2924746872894437e-19
79.84334610406904,0.004362937049875085,1.2885821625247809e-08,1.7857751315397e-14,2.836879418075451e-20
1121.2147211211743,3.997057463063973,0.0007097493083450719,5.91358703947192e-08,5.64806449902717e-12
452.580039509823,0.024730680223342825,1.0255307129472434e-07,0.0013978390007978103,0.008422855803119803
454.62233068534147,0.024842253074693666,7.33709513179732e-08,1.0168076514758276e-13,1.6152989520726135e-19
132.0252009718297,1.001741955439429,0.00041758355099798396,0.00420753509163514,8.553817870809159e-07
1826.3980605165605,0.10341355618553037,3.164845117661027e-07,4.544738889728039e-13,7.48108973631654e-19
136.0877529055229,0.007436340385983562,2.1963038811470846e-08,3.043736725776043e-14,4.835275124449483e-20
1265.02758565158,0.06912586706934688,2.728423909956235e-07,0.0027816452371431403,4.418917019431878e-09
626.6738810619107,0.034243788960326205,1.0113814416094478e-07,1.401617901793818e-13,2.2266078787740036e-19
3168.3862132430645,0.18083611135388894,5.578599163150228e-07,8.075076442445874e-13,1.3398851682609582e-18
815.7979976892195,0.044578281634499985,1.8779379469954623e-07,0.002781634186549622,4.418899464477306e-09
7.601811364293098e-09,4.1596348105284356e-13,1.2302298778443357e-18,1.7072566917437907e-24,2.7158815658137372e-30
261.10398860215497,0.014267691940887336,4.2139258772831426e-08,5.83984805676614e-14,9.277172956621763e-20
1086.850834255888,0.05938960670099229,2.1964805010702976e-07,0.001390831338916756,2.2094723628418663e-09
938.7754053624043,0.05129817570807445,1.5150783390142957e-07,2.0996637225250838e-13,3.3355223141535127e-19
7.601811364293098e-09,4.1596348105284356e-13,1.2302298778443357e-18,1.7072566917437907e-24,2.7158815658137372e-30
778.7286719209727,0.042552627617780725,1.256780840292012e-07,1.7417034285121742e-13,2.7668671835952196e-19
947.2606819397729,0.05176191641469441,2.40785310974102e-07,0.0055632469216415825,8.837764851204479e-09
563.4221154419652,1.9985691281234512,0.00035311632273804267,2.927506320779355e-08,2.782149814011902e-12
527.1669694168295,0.028806361638967402,8.507884333622065e-08,1.179060886209211e-13,1.8730541722018328e-19
1030.0022448486714,0.05628314912613312,1.6623082383628208e-07,2.3037015406185287e-13,3.659656454244963e-19
818.5836280903942,4.993680743134957,0.001517345261053727,2.163363208723513e-07,3.535732588751309e-11
758.4904915401332,0.04144673825674955,1.2241186843163367e-07,1.6964387433565544e-13,2.6949597796809735e-19
944.8228316611198,0.05162862954727937,1.5248382076044118e-07,2.1131893874940724e-13,3.35700916313501e-19
633.5681467736715,0.03462058461335996,1.8596688652556539e-07,0.006954035605969469,1.1047169453037066e-08
641.0569068777967,0.03502976126500842,1.3806105492261954e-07,0.0013943309565120773,0.002107871469380172
744.3648440260832,0.04067486039967432,1.2013214716381605e-07,1.6648453404265137e-13,2.644770552081011e-19
1015.3048433813459,8.983447282394955,0.0039590208693752234,8.186794739770069e-07,1.9406510719311248e-10
1262.8204829761362,0.9998220405450614,3.9429760273707615e-05,7.29637324186426e-10,1.5477116930114793e-14
832.2005885997125,0.045474531793758356,1.3430785236812148e-07,1.8612986405116745e-13,2.9568559394187067e-19
85.86770080761617,0.004692145855710995,3.54273119591275e-08,0.0027816037473475472,4.418851108811274e-09
37.159813521254634,0.002030550259842738,5.997177623771409e-09,8.311158551949439e-15,1.3203092718655077e-20
803.4991305210903,0.9998324747711171,6.561872054668302e-05,0.0013940469773854444,4.647513645478561e-08
8081.8753252842325,0.4416236920130387,1.3043241412172844e-06,1.8075910738116464e-12,2.8715361878580185e-18
143.05098213919754,0.007816837099770763,2.3086826005007177e-08,3.1994762107482625e-14,5.082682612489945e-20
1223.846470988324,0.06687551777544695,1.9751511041745863e-07,2.7372532582301085e-13,4.348395995210066e-19
1009.4963165329087,0.05516262902325177,1.6292139672143365e-07,2.2578380108164411e-13,3.586797726716568e-19
619.6321376942394,0.03385903173473635,1.3401619203467672e-07,0.0013908223314308336,2.2094580535646407e-09
763.2331102698048,0.04170589256301003,1.2317727396595902e-07,1.70704607759175e-13,2.711810573289308e-19
763.2360529856718,0.051267738901996096,2.779015518265182e-07,0.004172459332796793,8.147993067833635e-09
1100.9308685111973,0.060158952623528245,1.7767790912562295e-07,2.4623403983710366e-13,3.9116698810850287e-19
582.3308562716197,0.03182072135104886,9.398167670745328e-08,1.302440356272946e-13,2.069054594122304e-19
849.0259352022056,0.04639393123843251,1.370232748257437e-07,1.8989301865432065e-13,3.0166373511551136e-19
903.1920655341912,0.049353769827433475,1.4576508147144897e-07,2.0200780758019065e-13,3.209092687502511e-19
7.601811364293098e-09,4.1596348105284356e-13,1.2302298778443357e-18,1.7072566917437907e-24,2.7158815658137372e-30
2328.4180191510955,1.000257602205517,2.1403787825408868e-05,2.1490716473281484e-10,2.473494442633679e-15
7.601811364293098e-09,4.1596348105284356e-13,1.2302298778443357e-18,1.7072566917437907e-24,2.7158815658137372e-30
387.06584696038135,0.021150762924150673,1.2224795702913725e-07,0.005563222150161931,8.83772549927291e-09
1063.4494947602166,0.05811083111813414,1.7162883528301543e-07,2.3785096117038506e-13,3.7784964321457067e-19
998.1477658573049,0.05454250205436898,1.6108986777323162e-07,2.2324558586843192e-13,3.546475681853063e-19
201.00113037795535,0.010983448484858301,3.24393307508378e-08,4.495588393458238e-14,7.141684280564767e-20
662.7589657800224,0.036215612045738046,1.0696187259541542e-07,1.4823257504166896e-13,2.3548202335053436e-19
590.2206948319078,0.032251851440804204,9.525500826607006e-08,1.320086757858447e-13,2.0970876384719798e-19
1170.571600159797,2.998740673524346,0.0003826463298208601,2.291066208029971e-08,1.5724594461662925e-12
7.601811364293098e-09,4.1596348105284356e-13,1.2302298778443357e-18,1.7072566917437907e-24,2.7158815658137372e-30
7.601811364293098e-09,4.1596348105284356e-13,1.2302298778443357e-18,1.7072566917437907e-24,2.7158815658137372e-30
1114.2222040877816,24.884157438942303,0.027678005943706563,1.44453405859251e-05,8.642521753553188e-09
7.601811364293098e-09,4.1596348105284356e-13,1.2302298778443357e-18,1.7072566917437907e-24,2.7158815658137372e-30
818.9078237155367,0.04474821417366545,1.883931093264999e-07,0.0027816342723472965,4.4188996007753495e-09
7.601811364293098e-09,4.1596348105284356e-13,1.2302298778443357e-18,1.7072566917437907e-24,2.7158815658137372e-30
661.1482290419744,0.03612759540646964,1.0670191772998841e-07,1.4787231789431508e-13,2.349097194425606e-19
3129.28630125474,0.1834289456351869,5.811435140319475e-07,8.639336850788982e-13,1.472234105295857e-18
235.12949526709286,0.01284834912958323,3.7947266524841944e-08,5.258902912112014e-14,8.354284461428541e-20
942.1999524587329,0.05148530568364114,1.5206051743968008e-07,2.1073230596393381e-13,3.3476899244151663e-19
32.98769474039199,0.001802570190197615,5.323844390223442e-09,7.378023064994373e-15,1.1720715228642534e-20
7.601811364293098e-09,4.1596348105284356e-13,1.2302298778443357e-18,1.7072566917437907e-24,2.7158815658137372e-30
932.3719555904808,0.05094826742366308,1.5047438884215455e-07,2.0853417759675598e-13,3.312770493558505e-19
316.0926566245878,0.01727247704502924,5.101381378739043e-08,7.069723815517039e-14,1.1230951551232455e-19
7.601811364293098e-09,4.1596348105284356e-13,1.2302298778443357e-18,1.7072566917437907e-24,2.7158815658137372e-30
786.8825399614465,0.04299818525920531,1.2699402698815988e-07,1.7599403580536224e-13,2.7958383396782484e-19
748.3957538400253,0.040922941722137854,0.0018228300054742353,2.5261598270321117e-09,4.013053319819467e-15
1660.661409413911,0.09074470878244531,2.680121481099818e-07,3.7142329217686664e-13,5.900424271570458e-19
1023.5514217981826,0.06849054639983167,3.6970832779154367e-07,0.0055632787546694654,1.082243635436312e-08
1100.9204241295627,0.06015838190371479,1.7767622351942913e-07,2.4623170384820837e-13,3.9116327716041025e-19
236.72450423447827,1.0000095523019852,0.00022280452379724793,0.001401862547543473,1.5866200576563275e-07
198.22060662198342,0.010831510337161239,3.199058536512314e-08,4.433399239090908e-14,7.042890692874874e-20
7.601811364293098e-09,4.1596348105284356e-13,1.2302298778443357e-18,1.7072566917437907e-24,2.7158815658137372e-30
595.213658651696,0.03252468553282292,9.606081669347795e-08,1.3312540135624272e-13,2.1148279223988216e-19
34.041737744447225,0.001860167015718431,5.493955123281808e-09,7.613770171805482e-15,1.2095222692304344e-20
1095.7616382066162,0.0598764866759489,1.7684365326217462e-07,2.4507789053004815e-13,3.893303312330204e-19
729.1535057116314,0.03984365636391406,1.1767720756314047e-07,1.630823683012533e-13,2.59072380342721e-19
200.081868720422,0.010933216612825357,3.229097221723544e-08,4.4750282004365006e-14,7.109022391962513e-20
366.01356859989835,0.02000034116085673,5.9101036089418654e-08,2.236393258756788e-09,0.0021035575769863778
117.98202099378689,0.006446975931369437,1.9040976508306706e-08,2.6387841860345353e-14,4.19196819011024e-20
1017.1983258092521,0.05558349550647568,1.642526162960414e-07,6.7061344547784955e-09,0.006310672727236138
552.0512848912283,0.9953490209455996,8.937404932779988e-05,3.765554478524893e-09,1.8186430657650787e-13
926.7844989685359,0.05064298447185894,1.9061781839819257e-07,0.0013908285231318972,2.209467889690701e-09
840.1977572892837,0.045911526800510125,1.3559850580725107e-07,1.8791850965100857e-13,2.9852703338113863e-19
703.025265387278,2.9974518407817876,0.0006365684514360398,6.343360970865939e-08,7.245978061347001e-12
821.5614713834814,0.04489317090464737,1.3259081803291507e-07,1.8375032062352625e-13,2.919054551914383e-19
7.601811364293098e-09,4.1596348105284356e-13,1.2302298778443357e-18,1.7072566917437907e-24,2.7158815658137372e-30
7.601811364293098e-09,4.1596348105284356e-13,1.2302298778443357e-18,1.7072566917437907e-24,2.7158815658137372e-30
231.09756345581164,0.012628029396751892,3.729655789775593e-08,5.168724783163549e-14,8.21102763504756e-20
443.9433449680801,1.0000627545086624,0.00012160983687017419,0.0027900143573002974,1.683880424066609e-07
1069.0355280147735,0.05841607272732692,1.7253035847340264e-07,2.3910033256533385e-13,3.7983439254457527e-19
735.8609725409669,1.9996992688982747,0.0002818974007295433,0.0014007805779160743,1.0198650631741397e-07
1260.9463416965746,0.06890279253729906,2.0350261394271365e-07,2.8202307757401815e-13,4.480213942178764e-19
7.601811364293098e-09,4.1596348105284356e-13,1.2302298778443357e-18,1.7072566917437907e-24,2.7158815658137372e-30
767.0001136147586,0.04191173562022961,1.237852261064106e-07,1.715471351859536e-13,2.725194950045251e-19
297.2231787763584,0.016241378675122105,4.7968491445852737e-08,6.647689345135672e-14,1.0560508290153443e-19
293.3142589569022,0.01602778077451474,4.7337635576219517e-08,6.560262500628561e-14,1.0421622149681959e-19
7.601811364293098e-09,4.1596348105284356e-13,1.2302298778443357e-18,1.7072566917437907e-24,2.7158815658137372e-30
7.601811364293098e-09,4.1596348105284356e-13,1.2302298778443357e-18,1.7072566917437907e-24,2.7158815658137372e-30
159.10396616613568,0.008694031783982674,2.5677597795238246e-08,3.558517020798297e-14,5.653054249036298e-20
333.14048987414833,0.018204033986639057,5.376514309746819e-08,7.451015408983331e-14,1.1836670745483464e-19
749.3816980331011,0.04094903270349352,1.5810061554709808e-07,0.00139082510051604,2.2094624525288155e-09
864.7765168023487,1.9990892993695997,0.0002302902807685059,2.7731100490485605e-07,0.004207641848484585
7.601811364293098e-09,4.1596348105284356e-13,1.2302298778443357e-18,1.7072566917437907e-24,2.7158815658137372e-30
632.1544972508975,0.03454332234770921,1.6468866915403238e-07,0.00417850691973744,0.0021110322510778518
7.601811364293098e-09,4.1596348105284356e-13,1.2302298778443357e-18,1.7072566917437907e-24,2.7158815658137372e-30
7.601811364293098e-09,4.1596348105284356e-13,1.2302298778443357e-18,1.7072566917437907e-24,2.7158815658137372e-30
7.601811364293098e-09,4.1596348105284356e-13,1.2302298778443357e-18,1.7072566917437907e-24,2.7158815658137372e-30
7.601811364293098e-09,4.1596348105284356e-13,1.2302298778443357e-18,1.7072566917437907e-24,2.7158815658137372e-30
7.601811364293098e-09,4.1596348105284356e-13,1.2302298778443357e-18,1.7072566917437907e-24,2.7158815658137372e-30
904.9207913937906,0.0494482338306341,1.460440784593347e-07,2.0239445415751447e-13,3.2152349486299447e-19
726.0467479656187,0.03967389157903894,1.1717581166603218e-07,1.6238751131025036e-13,2.5796853167696957e-19
7.601811364293098e-09,4.1596348105284356e-13,1.2302298778443357e-18,1.7072566917437907e-24,2.7158815658137372e-30
7.601811364293098e-09,4.1596348105284356e-13,1.2302298778443357e-18,1.7072566917437907e-24,2.7158815658137372e-30
779.8790904951408,0.0426154907624886,1.2586374869963943e-07,1.744276453041898e-13,2.770954686104163e-19
7.601811364293098e-09,4.1596348105284356e-13,1.2302298778443357e-18,1.7072566917437907e-24,2.7158815658137372e-30
7.601811364293098e-09,4.1596348105284356e-13,1.2302298778443357e-18,1.7072566917437907e-24,2.7158815658137372e-30
7.601811364293098e-09,4.1596348105284356e-13,1.2302298778443357e-18,1.7072566917437907e-24,2.7158815658137372e-30
7.601811364293098e-09,4.1596348105284356e-13,1.2302298778443357e-18,1.7072566917437907e-24,2.7158815658137372e-30
7.601811364293098e-09,4.1596348105284356e-13,1.2302298778443357e-18,1.7072566917437907e-24,2.7158815658137372e-30
7.601811364293098e-09,4.1596348105284356e-13,1.2302298778443357e-18,1.7072566917437907e-24,2.7158815658137372e-30
7.601811364293098e-09,4.1596348105284356e-13,1.2302298778443357e-18,1.7072566917437907e-24,2.7158815658137372e-30
7.601811364293098e-09,4.1596348105284356e-13,1.2302298778443357e-18,1.7072566917437907e-24,2.7158815658137372e-30
7.601811364293098e-09,4.1596348105284356e-13,1.2302298778443357e-18,1.7072566917437907e-24,2.7158815658137372e-30
7.601811364293098e-09,4.1596348105284356e-13,1.2302298778443357e-18,1.7072566917437907e-24,2.7158815658137372e-30
7.601811364293098e-09,4.1596348105284356e-13,1.2302298778443357e-18,1.7072566917437907e-24,2.7158815658137372e-30
7.601811364293098e-09,4.1596348105284356e-13,1.2302298778443357e-18,1.7072566917437907e-24,2.7158815658137372e-30
7.601811364293098e-09,4.1596348105284356e-13,1.2302298778443357e-18,1.7072566917437907e-24,2.7158815658137372e-30
7.601811364293098e-09,4.1596348105284356e-13,1.2302298778443357e-18,1.7072566917437907e-24,2.7158815658137372e-30
7.601811364293098e-09,4.1596348105284356e-13,1.2302298778443357e-18,1.7072566917437907e-24,2.7158815658137372e-30
7.601811364293098e-09,4.1596348105284356e-13,1.2302298778443357e-18,1.7072566917437907e-24,2.7158815658137372e-30
7.601811364293098e-09,4.1596348105284356e-13,1.2302298778443357e-18,1.7072566917437907e-24,2.7158815658137372e-30
7.601811364293098e-09,4.1596348105284356e-13,1.2302298778443357e-18,1.7072566917437907e-24,2.7158815658137372e-30
7.601811364293098e-09,4.1596348105284356e-13,1.2302298778443357e-18,1.7072566917437907e-24,2.7158815658137372e-30
7.601811364293098e-09,4.1596348105284356e-13,1.2302298778443357e-18,1.7072566917437907e-24,2.7158815658137372e-30
7.601811364293098e-09,4.1596348105284356e-13,1.2302298778443357e-18,1.7072566917437907e-24,2.7158815658137372e-30
7.601811364293098e-09,4.1596348105284356e-13,1.2302298778443357e-18,1.7072566917437907e-24,2.7158815658137372e-30
7.601811364293098e-09,4.1596348105284356e-13,1.2302298778443357e-18,1.7072566917437907e-24,2.7158815658137372e-30
7.601811364293098e-09,4.1596348105284356e-13,1.2302298778443357e-18,1.7072566917437907e-24,2.7158815658137372e-30
7.601811364293098e-09,4.1596348105284356e-13,1.2302298778443357e-18,1.7072566917437907e-24,2.7158815658137372e-30
7.601811364293098e-09,4.1596348105284356e-13,1.2302298778443357e-18,1.7072566917437907e-24,2.7158815658137372e-30
13.489271236236608,0.9864495973272773,0.0036048673698938676,2.3190894185086418e-05,0.004234797891534543
366.0143040532025,0.020019836363100424,0.0018139182980113533,2.513809581910304e-09,3.9934337408615955e-15
557.1132541791469,0.0304427378890976,8.991183822703013e-08,1.2460387036729853e-13,1.9794550221603427e-19
261.24325057505445,0.014275301756827771,4.218754144880591e-08,2.2321963897911965e-09,0.0021035575718537547
491.5993049585579,0.02686281231877415,7.933862073534703e-08,1.099510298995917e-13,1.7466802410302006e-19
4010.1812666696983,0.2191312022702988,6.471983328437007e-07,8.969165658026154e-13,1.4248401718208097e-18
9186.01069143627,0.5027773160562008,1.4873643053507377e-06,2.0646218609994003e-12,3.285210017710186e-18
153.03274434013437,0.008362277668766285,2.4697770604689456e-08,3.4227281606871124e-14,5.437340290626983e-20
2235.839543402813,0.12217457881553881,3.608394555685572e-07,5.00067550966322e-13,7.944064837327012e-19
411.3740012326298,0.04264377575874743,2.389282270309219e-07,6.281462279270392e-13,1.893012799499558e-18
205.9724602006149,0.011255100414903414,3.324164769346153e-08,4.60677708482916e-14,7.318318451632513e-20
323.4661105750247,0.017675389961328843,5.220380665471675e-08,7.234638380609053e-14,1.1492934556364246e-19
655.6195558925909,0.035825488166516865,1.0580965181800632e-07,1.4663577565224626e-13,2.3294535048358567e-19
1980.349792633574,0.1082136696867861,3.196062718891016e-07,4.42924750025552e-13,7.036295247433104e-19
363.39799489595595,0.019857439283240585,8.527920517450711e-08,0.0013908158288766404,2.209447723617812e-09
876.6762147200224,0.04790484523232307,1.414857201908269e-07,1.9607727619767064e-13,3.114880364124396e-19
281.1544490938684,0.015363323589795586,4.537517848320451e-08,6.288296367979841e-14,9.98957720152574e-20
1247.6379282384253,0.06817557138507016,2.0135478509654744e-07,2.790465197325128e-13,4.432928393577819e-19
2394.630303313426,0.13085149584615563,3.8646650538281127e-07,5.355826695082051e-13,8.508257422622505e-19
1689.3080695736094,0.09231006871617124,2.726353981488243e-07,3.7783040007139047e-13,6.002207481529776e-19
134.02373317128286,0.007323554697316374,2.1648414942224524e-08,2.22572013408668e-09,0.0021035575639240423
410.4384136254187,0.9994925751528927,0.0001212347568835077,6.900112433799791e-09,4.5018062535979036e-13
2013.2094774254367,1.999772591991848,9.894502487721763e-05,2.29714698020645e-09,6.113415384404822e-14
2236.9220912785004,0.1222337332531415,3.6101416666857443e-07,5.003096734686258e-13,7.947911191390901e-19
2292.4348354794456,0.12526723686644942,4.6070886987829056e-07,0.0027816646598431494,4.418947874300962e-09
2288.0301186831675,0.1250264657373139,3.6926242975985873e-07,5.1174048753325e-13,8.129500914413977e-19
244.16080676288516,3.98644214580561,0.00324169697675849,1.2369170901131824e-06,5.410320713330648e-10
289.47981192235244,0.015818252343541724,4.671879877979734e-08,6.47450131335843e-14,1.0285382069540075e-19
1377.6520122914644,0.07528002394121955,2.2233760179480767e-07,3.081254510875697e-13,4.894875815757815e-19
986.9759914503016,0.05393203479752793,1.5928686853446573e-07,2.2074690841005045e-13,3.5067817331083516e-19
215.01597383341604,0.015525439078654063,6.059126582620756e-08,1.109577512651092e-13,2.3291890244204847e-19
192.09568605017813,0.0104968219229828,3.1002091798555665e-08,4.2964093536027756e-14,6.825268787539728e-20
156.92496759278288,0.9989320279089956,0.00031673026398372375,4.712209291273405e-08,8.036459602818924e-12
46.43266736573521,0.995731702520673,0.0010634756282943583,5.329591125930227e-07,3.061816384431461e-10
162.09524862577103,0.008857486570218386,2.6160357274723905e-08,3.625420001302962e-14,5.759336213125441e-20
1789.624752026321,2.998903931327567,0.0002503115862762353,9.80349229280019e-09,4.401306279990567e-13
1572.4264838266704,0.0966357289278644,3.209948475890696e-07,5.003108058265631e-13,8.938839952725319e-19
116.97172362691497,0.006391769553052402,1.8902351718192485e-08,4.440357986912066e-09,0.0042071151142603
48.473365532872464,0.9957005787490173,0.0010186368611263554,4.889800872947991e-07,2.690797637997921e-10
1979.846609647089,0.10818617389907521,3.1952506379193275e-07,4.428122081911067e-13,7.034507409713948e-19
7859.963974816626,0.42949763142082636,1.2685101351883247e-06,1.7579584130568087e-12,2.7926898251369064e-18
147.11606067435693,0.008038968092735183,2.3742884142004752e-08,3.290395698846639e-14,5.2271171607893473e-20
306.51497493532526,0.01674911693635434,4.946808325562671e-08,6.855509524495283e-14,1.0890651083091599e-19
1599.960357574846,1.999530285330508,0.00012447052330075189,3.635687205302696e-09,1.2173264017246429e-13
2204.7358638000746,0.12047495821159578,3.558196701160871e-07,4.931109064562644e-13,7.833551697789481e-19
200.081868720422,0.010933216612825357,3.229097221723544e-08,4.4750282004365006e-14,7.109022391962513e-20
141.0688967836707,0.007708528592479856,2.2766939632709562e-08,3.155144918170978e-14,5.012257994480651e-20
194.11735275544203,0.010607293302268402,3.13283661572953e-08,4.341625922079455e-14,6.897099753377454e-20
2395.82176896886,0.1309166019558743,3.866587945923407e-07,5.358491525454749e-13,8.512490767741636e-19
1821.9503740819878,0.09955813700186304,2.9404238018623735e-07,4.074971588357888e-13,6.473493120204603e-19
163.0760969263816,0.008911083765224008,2.6318655202601594e-08,3.647357640298705e-14,5.794186310121997e-20
1703.23131083986,0.09307088634392571,2.7488245331568006e-07,3.8094447021209943e-13,6.051677548239709e-19
51.518595722634174,0.002815176063635203,1.990882479840077e-08,0.0013943106947358428,0.002107871437980489
1218.1639722404304,1.000137887908553,4.0901581147415245e-05,7.84877336130763e-10,1.726488235908799e-14
1377.6480708279123,0.12779390658301526,6.407299030555467e-07,1.5073750626619113e-12,4.065061750413823e-18
689.6112303040043,0.03768291953573259,1.1129552728016522e-07,1.5423834866617999e-13,2.4502278538942886e-19
1731.1785907405938,0.9997780339080466,2.8759719191138914e-05,3.8819252686998287e-10,6.0063359703137825e-15
355.15115008316025,0.019406778230260064,5.7317417083300185e-08,7.943305518904219e-14,1.2618721999244926e-19
243.96157015593332,0.013330966512747107,3.937266447159242e-08,5.4564409721506034e-14,8.668093096632714e-20
582.3308562716197,0.031820750232560716,1.2703243628693926e-07,0.0013908214826896324,2.209456705255774e-09
1226.3576327287935,0.07331990069838577,2.3692972677778388e-07,3.5925161252399e-13,6.24420789412371e-19
2715.59961265656,0.14839045131253503,4.3826735628883115e-07,6.07370619109585e-13,9.648679601726329e-19
345.1136912014235,0.018858294187711955,5.5697483663272495e-08,7.718807857803012e-14,1.226208538641732e-19
164.10497046232183,0.008967305237502223,2.64847038654643e-08,3.6703694110176664e-14,5.83074277099611e-20
423.40935830079417,0.02313666030712892,6.833352723485898e-08,9.469967622965234e-14,1.5043974890762287e-19
409.0933178532263,0.02235437867285481,6.602307868042658e-08,9.149775268049885e-14,1.453531784573933e-19
465.13610208970147,0.0254167646029832,7.506775624331573e-08,1.0403227374895415e-13,1.6526549787908606e-19
491.3190239853155,0.9992175326840891,0.00010122018611568348,4.811225048198477e-09,2.6214734169605327e-13
337.1416241401149,0.018422670854879232,5.444019832136472e-08,2.2353041475053966e-09,0.0021035575756548964
449.17412515071106,1.0052713720932112,0.00011209130808680033,5.864648813067111e-09,3.5173332430066787e-13
1932.0234554844087,0.14081443320173384,5.547213957680954e-07,1.0253783643772253e-12,2.1726654098499875e-18
577.9805882309753,0.03158300654402315,9.327959217907316e-08,1.2927105530249845e-13,2.0535978447877624e-19
2012.563375053686,0.10997393950396936,3.2480518322273637e-07,4.5012963524023947e-13,7.150751934695405e-19
1889.1825606035056,1.000082322830946,2.6370743085148657e-05,3.262800076658286e-10,4.627627974426773e-15
855.3265041537162,0.04673821773261336,1.3804011607311475e-07,1.9130220300056446e-13,3.0390236303541447e-19
1977.5843060253187,0.10806255322470337,3.191599533305764e-07,4.4230622168817573e-13,7.026469316503681e-19
225.04910528306584,0.01229751917211656,3.6320404505835364e-08,5.0334450545939437e-14,7.996122482162458e-20
1590.3083955057402,0.0869003587404235,2.566579597867913e-07,3.556881471965541e-13,5.650456018867813e-19
1638.129917730546,0.08951350437217198,2.6437581775874407e-07,3.663839019849521e-13,5.820368602395767e-19
1366.3869190239514,0.07466445739515983,2.2051954193734942e-07,3.056059019462576e-13,4.854850299803541e-19
267.1502222290515,0.014598080608073256,4.3115053147972136e-08,5.975078031175249e-14,9.491999070129852e-20
1660.661562515083,0.10034739008636197,3.277358769631965e-07,5.022539687606051e-13,8.823120782124777e-19
156.92496759278288,0.9989320279089956,0.00031673026398372375,4.712209291273405e-08,8.036459602818924e-12
1120.8286659543007,0.06124624219631586,1.808891907301407e-07,2.5068437835372776e-13,3.9823678850962843e-19
1086.8172748379054,0.059387733433092185,1.7540013321267184e-07,2.430773955043914e-13,3.8615234814656365e-19
127.0368364245485,0.0069417646852270014,2.0502322283297823e-08,2.8413040578327423e-14,4.513690923229643e-20
290.70564095820816,0.015885236196026775,4.691663385397495e-08,6.501918187958067e-14,1.0328936471147519e-19
1932.0241544965459,0.10557297728879862,3.1180705525621703e-07,4.321162447446724e-13,6.864591511447884e-19
2129.898312742942,0.11638555639965892,3.4374172773456857e-07,4.763727505416856e-13,7.567649629987331e-19
1218.9155932309409,0.06660607629652833,1.9671932198501083e-07,2.7262248641240797e-13,4.330876306587881e-19
115.94268686010163,0.006335539138160228,1.871185082453718e-08,2.5931724681076778e-14,4.119509490510028e-20
2204.47857873703,0.12046089919993479,3.557781471891183e-07,4.930533621160386e-13,7.832637549353149e-19
794.1136768366596,0.04339332144180546,1.2816105147383582e-07,1.7761135083969011e-13,2.8215309795431162e-19
427.15893033153054,0.02334155085258216,6.893866615646815e-08,9.553830497119804e-14,1.5177199313830953e-19
1590.141695980631,0.08689124965908131,2.5663105635087107e-07,3.556508632047247e-13,5.649863725990747e-19
3462.5911027630273,0.1892088414120553,5.58823414705319e-07,7.744426284371014e-13,1.230278277645857e-18
1459.82784415482,1.0001766870792954,3.4133314934668533e-05,5.465900038618336e-10,1.003332595648218e-14
313.34459521920587,0.017122312787468914,5.059857098230771e-08,2.2343710900611072e-09,0.0021035575745139375
2223.8434079149956,0.7806815014441896,1.3501513240146532e-05,1.0956516243905973e-10,1.0192066281258231e-15
1355.2705081497347,0.07405707771818033,2.896399010748409e-07,0.0027816472039521325,4.418920143901387e-09
2008.4511366996926,0.10974923152330472,3.241415140192815e-07,4.4920989260095253e-13,7.136140918351654e-19
253.13410137100632,0.013832214623699206,7.432294426579757e-08,0.0027816142278585696,4.418867758133736e-09
191.1284598675182,0.010443969091108292,3.084599232791499e-08,4.274776386701351e-14,6.790902692127903e-20
1747.1010630296923,0.09546809258010204,2.819625398732398e-07,3.907563726823819e-13,6.207549268471965e-19
3053.363405876025,0.16684711976957564,4.927786487542067e-07,6.829148205612196e-13,1.0848773535548272e-18
173.05825695233614,0.00945654607285642,2.7929664006785136e-08,3.8706184879861854e-14,6.14885812320778e-20
2335.787038399475,0.13275013515075695,4.077835032620283e-07,5.877678407761579e-13,9.711391009077316e-19
2424.8051458197833,0.16748885792878457,6.252993287839696e-07,1.0953968574215664e-12,2.1996545594885388e-18
2066.174820646465,0.11290346805816127,3.334574699653261e-07,4.621203634570522e-13,7.341236444672223e-19
145.01676588381034,0.007924269239143583,4.114232711882272e-08,0.0013908079974794861,2.2094352826732557e-09
1986.4602350816106,0.10854756696249544,3.2059242884868234e-07,4.442914107053518e-13,7.058005996370876e-19
268.1583593556474,0.014653168965908944,4.327775518666389e-08,5.997626011660812e-14,9.527818754606871e-20
380.49503181241374,0.9955363171578241,0.00012972076989755,7.931281646429972e-09,5.558773810659329e-13
1520.574071144737,0.08308981625251904,2.454658776863373e-07,2.2645774835167207e-09,0.0021035576113306556
166.07583123387107,0.009075000391825155,2.680277871565004e-08,3.714449654711014e-14,5.900768573163927e-20
1622.9710018976778,0.08868516489555543,2.6192933855933926e-07,3.629934610482515e-13,5.766508113795311e-19
276.28667341610367,0.015097330242932104,4.458957401951333e-08,6.179423767125468e-14,9.816622368018893e-20
1821.9503740819878,0.09955813700186304,2.9404238018623735e-07,4.074971588357888e-13,6.473493120204603e-19
2265.725858056177,0.12380767807612636,3.6566277195558985e-07,5.06751919806749e-13,8.050252610083613e-19
94.96147600995035,0.005189059494883932,3.015393170676884e-08,0.0013908054347203645,2.2094312114783567e-09
2102.9207977015085,1.0004669663865378,2.3709057596323936e-05,2.6363757608092404e-10,3.3604710422280427e-15
1932.0241544965459,0.10557297728879862,3.1180705525621703e-07,4.321162447446724e-13,6.864591511447884e-19
502.24869276322386,0.027444734430992556,8.10573126284717e-08,1.1233287044556616e-13,1.7845181205183452e-19
469.65212277162743,0.025663536750101083,7.579659139117364e-08,1.0504232628567912e-13,1.668700656670468e-19
227.17624222612602,0.012413753837018239,3.6663700579437055e-08,5.081020568893471e-14,8.07170086542974e-20
174.90906094730434,0.00955768087889497,2.8228363038153024e-08,3.912013543539852e-14,6.214618239941538e-20
390.5556488375899,0.021341411570233344,6.303130656741888e-08,8.735162029249877e-14,1.387666394086654e-19
238.12465875307328,0.013012015989516488,3.843065235850293e-08,5.3258926955961394e-14,8.460704320587171e-20
1790.7999006527264,0.09785595940939934,2.8901504273436903e-07,4.00530048425216e-13,6.362813719544725e-19
5211.836792418287,0.2847941243582855,8.411320732909906e-07,1.1656786680023547e-12,1.851795202509218e-18
2210.815413638878,0.12080716740037031,3.568008413546086e-07,4.944706576995227e-13,7.855152683532722e-19
21.02322122212817,0.0011487869090329717,3.392912395021256e-09,4.702050637306757e-15,7.469669859397716e-21
269.0305390711923,0.017333693867596017,6.039979984388721e-08,2.6372721372576324e-09,0.0021035585566217137
2142.2505486136115,0.11706052845629965,3.4573524022958565e-07,4.79135449841387e-13,7.61153782533305e-19
1855.500313839624,0.10139143034854824,2.9945696462375867e-07,4.150009335405401e-13,6.592697960958716e-19
2394.630303313426,0.13085149584615563,3.8646650538281127e-07,5.355826695082051e-13,8.508257422622505e-19
1235.3483858570432,0.06750402513359094,1.9937139062838468e-07,2.7629784244961544e-13,4.389262951758952e-19
166.05665607682374,0.009073968012809111,4.5606967906271644e-08,0.0013908089389429478,2.209436778280552e-09
1804.5681364945342,0.09860837886619919,3.7230124930396995e-07,0.002781656142522265,4.4189343436991025e-09
538.81554808977,0.02944288325223139,8.69587934421635e-08,1.205114080529008e-13,1.9144422335739417e-19
264.12663379459616,0.014432860503356399,4.2627079846054516e-08,5.907452495702026e-14,9.384569256413662e-20
2292.434290054786,0.1252671833263952,4.331035381100643e-07,0.0013908479729295346,2.209498787607034e-09
149.03953022582334,0.008144073614733991,2.4053310580163865e-08,3.3334159911926725e-14,5.295459126001295e-20
121.00221178691699,0.006612010392935549,1.9545966493854137e-08,2.2249063376070696e-09,0.0021035575629267914
219.06557498802766,0.01197055684792682,3.5354729746029686e-08,4.8996175020040715e-14,7.783524253635065e-20
367.1626458309105,0.020063130980731855,5.925593793958033e-08,8.211954460181922e-14,1.3045497262679898e-19
2457.9220223587013,0.13430999050409498,3.966810798184784e-07,5.497384862942572e-13,8.73313649377282e-19
1646.248840047479,0.08995715244943864,2.656861208693988e-07,3.6819977898359203e-13,5.849215594339016e-19
144.04818066874043,0.9979811015677525,0.00034437363488101406,5.5759496868312264e-08,1.0349360037830098e-11
1869.705215081528,0.14084682041932908,5.734742559175162e-07,1.095625905986272e-12,2.3994412964361404e-18
392.0383179476048,0.9995678536556906,0.00012694439289184415,7.564778412562737e-09,5.167501541021961e-13
1593.7711340345506,0.08708957563774249,2.5721680699440925e-07,3.5646262279827995e-13,5.66275932545739e-19
1660.660749283227,0.09074467271045229,2.680120415722843e-07,3.7142314453213253e-13,5.900421926088656e-19
2199.739190343669,0.12020192141125101,3.55013262994886e-07,4.919933511890738e-13,7.815798233313124e-19
65.7038298727714,0.0035903013545670382,1.060386210182909e-08,1.4695309147086317e-14,2.334494378678063e-20
1280.760643118263,0.06998551957728807,2.0670042022472976e-07,2.864547413824917e-13,4.550615280085452e-19
389.4489841688705,0.02128093930146532,6.285270328717192e-08,8.710410383173113e-14,1.3837343516878938e-19
2806.724837058544,0.15336987210488745,4.529739466874116e-07,6.277516737037815e-13,9.972452697654129e-19
208.12051406730504,0.011372478058218798,3.358831952421767e-08,4.6548204267419993e-14,7.394640025071934e-20
2807.2570248785228,0.15339895282445368,4.530598358397831e-07,6.278707027551178e-13,9.97434359119344e-19
2559.687392376261,0.13987082838111914,4.131048705243989e-07,5.724993143277444e-13,9.094714631166201e-19
1210.5338106747297,0.06614806455925942,1.9536659617639842e-07,2.707478181304268e-13,4.3010953572906093e-19
1382.0812898725853,0.10758967464706658,4.5268965969837606e-07,8.937417408906461e-13,2.0226604453417284e-18
1627.1748217316836,0.08891487722851397,2.626077879877371e-07,3.6393368678819685e-13,5.781444524337081e-19
1296.0141570244107,0.07081907133042695,2.572460514816493e-07,0.0013908347219154006,2.209477737067915e-09
14.883341273918104,0.0008132810589535536,2.4020045526827353e-09,3.3288059704485314e-15,5.288135654677848e-21
1502.2318391096535,0.08208752849374232,2.424433902520081e-07,3.3598895725043413e-13,5.337515013452853e-19
754.0272681857965,0.9996783384730422,6.601639118374818e-05,2.045618977008408e-09,7.266048799560807e-14
120.02370945744677,0.006558541373914815,1.937048215456001e-08,2.68444856087177e-14,4.26451054039112e-20
1118.1256586388347,0.061098539834902335,1.804529556295547e-07,2.500798241259984e-13,3.9727639466414034e-19
815.7979301443833,0.044578229599735515,1.3166064704233586e-07,1.8246124781826471e-13,2.898576362667261e-19
2246.9603176232763,1.7637749623289887,6.859035155876209e-05,1.251596556392067e-09,2.617976818657996e-14
103.02401775843506,0.9979949495089352,0.00048151988438458187,1.0901378990810254e-07,2.829155754833601e-11
435.16236985461046,0.023778888520973047,7.02303316378778e-08,9.732835310476068e-14,1.546156606403258e-19
1565.1714504775894,0.08552678268010853,2.526011384529983e-07,3.5006602168397325e-13,5.561143026034687e-19
2153.2628229343395,0.11766228003588236,3.4751249794120816e-07,4.815984535333937e-13,7.650665061215618e-19
71.76397877564459,0.0039214504041276965,1.1581902246628149e-08,1.6050721179802597e-14,2.5498149098419907e-20
4005.0192820146012,0.29563270858134766,1.1794874472424856e-06,2.208084305395615e-12,4.738462496167511e-18
1938.9889996714548,0.10595361500507851,3.7119073016482687e-07,0.0013908436834239848,2.209491973305617e-09
543.9368392861027,0.02972272962884186,8.778531247057296e-08,1.2165683530589492e-13,1.9326384719554228e-19
403.20557329899583,0.022032650437387696,6.507286266615846e-08,9.018090057962385e-14,1.432612293896511e-19
2034.279673748185,1.9993783456177845,9.788078264885365e-05,2.2484402662684728e-09,5.920597882116014e-14
2292.4349414621433,0.12526716161791335,3.6997331881186217e-07,5.127256695629811e-13,8.145151499831152e-19
418.96196574617767,0.044299830181751855,2.5317599513177093e-07,6.789291821494311e-13,2.0870167147267607e-18
170.1459148109036,0.009297404878871303,2.745964461033753e-08,3.805481085503999e-14,6.045380953442688e-20
743.6422134229822,0.04063537317894168,1.2001552267966212e-07,1.6632291058581054e-13,2.642203004520896e-19
1986.4601892860571,0.10854756446005624,3.205924214577929e-07,4.4429140046272477e-13,7.058005833656671e-19
2235.8816046172838,0.12217687726788436,3.609217358943768e-07,2.276393400751297e-09,0.002103557625665491
1644.7920784606831,5.995409069361853,0.0010885268982954127,9.273441527605717e-08,9.056187848027474e-12
1436.7961679405407,0.07851188032695519,2.318828059609324e-07,3.2135362444047125e-13,5.105018358683836e-19
1283.578684921911,0.07013950785049007,2.0715522060304768e-07,2.870850242073165e-13,4.560627942607919e-19
705.8193278093091,0.03856859019665043,1.139113326481637e-07,1.5786344942496053e-13,2.5078161445441166e-19
1749.8123421890348,0.09561624694579496,2.82400109956763e-07,3.9136277698952386e-13,6.21718259725777e-19
118.96800059620804,0.00650085351976882,1.92001025708138e-08,2.6608365916528337e-14,4.227000605173421e-20
145.0396515137084,0.007925505382318643,2.3407774964212108e-08,3.243954761399524e-14,5.153341164431812e-20
502.18161582894186,0.9996666022151378,9.912159234176955e-05,4.611718738407042e-09,2.4595664575112774e-13
307.42709148871336,0.016798979358215133,7.430895264197791e-08,0.0013908141228717264,2.20944501346123e-09
2277.932150076812,0.12447467521861848,3.676327307481309e-07,5.094819773259256e-13,8.093622258644213e-19
1555.6242135544433,0.08500508618655682,2.510603213654318e-07,3.4793068804577013e-13,5.5272211512031145e-19
2424.266924464011,0.9997657974540974,2.0536908195999204e-05,1.9794900793432263e-10,2.1871137387607325e-15
1081.912027597335,0.05911969250082981,1.7460848125851474e-07,2.4198028861149553e-13,3.8440948595248595e-19
148.09685782304464,0.008092562492609708,2.3901173814535108e-08,3.3123321937792105e-14,5.2619654403290396e-20
1207.7036097000926,2.998503499775515,0.000370821546105328,2.1518243004191062e-08,1.4313647231208286e-12
1277.7193769336911,0.06981933349463186,2.0620959393197624e-07,2.85774532224709e-13,4.539809488664017e-19
1021.6275851902839,0.05582552661046289,1.6487924758358492e-07,2.284970788861753e-13,3.629900813008059e-19
1435.1867266920026,0.07842393447804638,2.3162306017299974e-07,3.2099365704211517e-13,5.099299922551878e-19
1746.276264978248,0.09542302255043897,2.8182942670744246e-07,3.9057189846872693e-13,6.204618714167339e-19
1298.5237346911267,0.9998204420383395,3.834550156931484e-05,6.900623122402773e-10,1.42351580005745e-14
1660.6621857953542,0.0907447999793804,3.221139187629559e-07,0.001390840021595369,2.2094861561307393e-09
1039.3490445415941,0.05679389298479934,1.677392926002658e-07,2.3246065793794916e-13,3.6928661642177476e-19
2392.458654133453,0.13073282886726575,3.861160255328153e-07,5.350969587646989e-13,8.500541429790849e-19
816.0245020978167,0.04459065868356244,1.8783745208770488e-07,0.0027816341928042173,4.418899474413346e-09
1790.798897373196,0.09785590458647866,2.8901488081629204e-07,4.0052982403186043e-13,6.36281015483559e-19
1784.1415354992218,0.9992613511385992,2.7876537658398647e-05,3.6490520060232723e-10,5.47546716992745e-15
386.2055798702888,0.029449951419929014,1.214401143636924e-07,3.137252480174574e-09,0.002103559759325007
1627.1746467740222,0.08891486766817741,2.6260775975153053e-07,3.639336476571916e-13,5.781443902702579e-19
196.14745027330838,0.010732468755073714,0.0018083753357734102,2.506127895474269e-09,3.981230626504355e-15
51.53521369834142,0.9959941587671168,0.0009586910848358883,4.3299388469887436e-07,2.2418255278542174e-10
181.08197492073546,0.9988610593979405,0.00027443692795830506,3.5380292030941555e-08,5.228591237866302e-12
178.10757243393311,0.0097324594290233,2.874456696113596e-08,3.983551405484176e-14,6.328263169013876e-20
1916.3354809126542,0.10471568988061135,3.0927507909034746e-07,4.28607318265509e-13,6.80884876348109e-19
1148.126100643321,0.9997317943055017,4.336069192974222e-05,8.824505482898594e-10,2.0586605345312274e-14
138.04058499629488,0.0075430503862121195,2.227820403454339e-08,3.087413740254217e-14,4.904660357353519e-20
1940.7016313399988,0.10604722142446119,3.970896810483612e-07,0.002781658624260872,4.418938286184948e-09
222.10578281675433,0.012151841393170968,0.0018093456687101293,2.5074726265112964e-09,3.983366864003923e-15
1036.7296405014533,0.8876874954943006,3.766633217685645e-05,7.499426205534431e-10,1.7116024955937764e-14
155.06234981012682,0.008473182851649245,2.5025326191123196e-08,3.468122287461626e-14,5.509453325282749e-20
192.15245642072682,0.9980315712570631,0.00027339443201387204,0.0014043958095430388,1.9541558680873392e-07
28.75045867621323,0.0015710318817195772,4.652115607490739e-09,4.429495366327179e-09,0.0042071151009253705
1584.348109819168,0.9998654236394696,3.143065694974604e-05,4.6360364776219206e-10,7.838630637826447e-15
318.99484760368074,0.017431063541792476,5.1482194899953686e-08,7.134634177248222e-14,1.1334068044436307e-19
1467.1400953389552,0.08016998524796769,2.3677997591866173e-07,3.2814034288169315e-13,5.212832055504529e-19
188.061683094942,0.01027638901515144,3.0351048912037075e-08,4.206184901478376e-14,6.681938372238135e-20
558.5959282567833,0.9990697522233389,8.900236650004029e-05,3.7203924700297564e-09,1.7826947360230199e-13
107.94740074165074,0.005898647002088247,1.742150121129713e-08,2.4143500136821793e-14,3.83543243540397e-20
216.08984649760094,0.01180796958185263,5.597903574653099e-08,0.001390810962068238,2.20943999221404e-09
1321.4755093469364,0.9995746321023349,3.7660593389819935e-05,6.657950576980894e-10,1.3492550731257412e-14
416.1929724524259,0.02274233017543575,6.716888339966906e-08,9.30856604078687e-14,1.4787572604472283e-19
1660.6638347000642,0.09074484130909062,2.6801253952399785e-07,3.7142383461601903e-13,5.900432888749855e-19
330.1160815616958,0.018038769080742572,5.32770374764264e-08,7.383371536130605e-14,1.1729211801036542e-19
372.0898976778726,0.020332374326434793,6.0051141190705e-08,8.322157304181841e-14,1.3220565318245882e-19
411.9465113800436,3.997590910508572,0.0020123790286604632,0.0028532416577177902,7.418201596308396e-07
153.03274434013437,0.008362277668766285,2.4697770604689456e-08,3.4227281606871124e-14,5.437340290626983e-20
299.16255972613277,0.01634735365503544,4.828148580545313e-08,6.691065511587593e-14,1.0629415596380951e-19
1158.9944749133153,0.06333176378415989,1.870487247480178e-07,2.5922053770071574e-13,4.11797317118851e-19
541.5591550658954,1.9986821429208148,0.00036741430614261185,3.169201261215544e-08,3.133620002217028e-12
295.82162772568114,0.01616479274488354,4.776975878978515e-08,2.233661288652266e-09,0.002103557573645821
528.2816360951065,0.028867271167265195,8.525873805116865e-08,1.1815539480999645e-13,1.8770146461948646e-19
76.81653330668921,0.004197540753989494,1.239732794727474e-08,1.7180774800116475e-14,2.7293350409139266e-20
263.14191061508956,0.014379051570572683,4.2468156556130894e-08,5.88542819122058e-14,9.349581482769968e-20
520.248347792368,0.02842830245066528,8.396225531109967e-08,1.1635867070266499e-13,1.8484719167659144e-19
107.94740074165074,0.005898647002088247,1.742150121129713e-08,2.4143500136821793e-14,3.83543243540397e-20
516.1151411282051,0.0282024486836355,8.32952020572785e-08,1.1543423829413897e-13,1.833786398825656e-19
2598.5686953683535,0.1419954472209973,4.1937987726397477e-07,5.811955009673474e-13,9.232862108180073e-19
930.1176406680813,1.9990605850101018,0.0002140082094044651,1.0750195513601266e-08,6.190185213118244e-13
228.12741428969153,0.012465729434968266,3.684132559796461e-08,2.2306999191695105e-09,0.002103557570022456
88.8702787996445,0.004856202187497467,1.4342667439133041e-08,1.987671378483437e-14,3.1576114617832904e-20
1486.5451942891225,0.08123035194472196,2.399117415058182e-07,3.324804845241925e-13,5.281779473797464e-19
1660.661562515083,0.10034739008636197,3.277358769631965e-07,5.022539687606051e-13,8.823120782124777e-19
1377.6487497476828,0.07527984566370698,2.2233707525678963e-07,3.0812472138749643e-13,4.894864223754526e-19
2218.2456347185657,0.12121318228350259,3.579999958006688e-07,4.961324998784131e-13,7.88155268087908e-19
355.15115008316025,0.019406778230260064,5.7317417083300185e-08,7.943305518904219e-14,1.2618721999244926e-19
2520.741847252698,0.1377426991125173,4.068194958244689e-07,5.637887593022492e-13,8.956338898211875e-19
172.09509502628586,0.009403915327061817,2.7774220461631893e-08,3.849076422189686e-14,6.114636433140776e-20
314.18848624120074,0.01716842612800939,5.0734803568029265e-08,2.234404768849477e-09,0.002103557574555125
1341.0403391096622,0.07327942610587079,2.1642888788134445e-07,2.999368895251693e-13,4.764792462317961e-19
1916.3354809126542,0.10471568988061135,3.0927507909034746e-07,4.28607318265509e-13,6.80884876348109e-19
1140.0859829264705,0.062298590687121694,2.4945021716377503e-07,0.0027816423943470806,4.4189125033707634e-09
1994.6432763152543,0.10899471873557345,3.2191308003420923e-07,4.4612162853168847e-13,7.087080806465541e-19
557.1132541791469,0.0304427378890976,8.991183822703013e-08,1.2460387036729853e-13,1.9794550221603427e-19
107.96023383134089,0.005899348265457748,1.74401639848333e-08,2.224046214544753e-09,0.0021035575618725717
264.1109916871046,0.9999892427614069,0.00019969312030810465,0.001400712092315886,1.420900453061661e-07
1710.0697155817525,0.9999910352588013,3.0841692109341e-05,0.0013923204224767637,2.1813500519990723e-08
220.20188254497373,0.012032648936615905,3.556181100124803e-08,2.2303260168049414e-09,0.0021035575695647992
1614.561986987554,0.0882256650813003,2.605722177538728e-07,3.611127019819079e-13,5.736630406398476e-19
1468.0944613687846,4.092407111119131,0.004381122047169371,2.8557309613575984e-07,2.1337874745652765e-11
815.7979302164465,0.044578263787943,1.703233633015786e-07,0.001390826424965341,2.2094645565467827e-09
141.0706466787789,0.007708638446381898,4.03217376046359e-08,0.0013943159436763854,0.002107871446114796
1487.9503620232592,3.99822329602099,0.0005351346150438445,3.360783115549173e-08,2.419467370755947e-12
239.10929925793738,0.013065838911534918,6.06607595867827e-08,0.0013908118133559731,2.209441344568326e-09
110.96852653604381,0.0060637325548940375,1.7925898246202105e-08,2.2242490153871647e-09,0.0021035575621211554
2639.5170864592196,0.14423301943384334,4.259884888663746e-07,5.903540122340618e-13,9.378354066567653e-19
2457.695560806102,0.2642320299117183,1.9015967451166776e-06,0.005563499763306626,1.7389172013271037e-08
2563.7106906338763,0.14009067634450442,4.1375418579263956e-07,5.733991646378569e-13,9.109009638297957e-19
2693.199359912444,0.14716641828545618,4.3465220643219914e-07,6.023605817999629e-13,9.569090231953873e-19
3216.4145363264106,0.1757568392738006,5.190932746472666e-07,7.193828129657735e-13,1.1428103459253792e-18
2704.196193158792,0.9998700515898677,1.841491492814325e-05,1.5913926770575477e-10,1.5764664269051147e-15
3050.9538709027047,0.16671545382718933,4.923897768020525e-07,6.8237590431536e-13,1.0840212320986909e-18
1707.0901843161328,0.09328174952641896,2.755052322661619e-07,3.818075452992461e-13,6.065388344788145e-19
470.7933795175319,0.025725899258476376,7.598077744516451e-08,1.0529757960545879e-13,1.6727556066834306e-19
1777.0365102234919,0.09710387662522674,2.8679378570189704e-07,3.9745173049974176e-13,6.313911611934227e-19
13947.45172969871,0.7621405778557132,2.251424313246025e-06,1.3666313866126763e-08,0.012621345763627983
4315.652457666975,0.23582328297461155,6.964979610645965e-07,9.65238208481986e-13,1.5333758202924624e-18
1725.1412725165417,36.83608749531165,0.03917290617529434,1.9546960433799933e-05,1.1181279181734114e-08
532.9480538913388,0.029122261571435406,8.601184560846909e-08,1.1919908514369367e-13,1.8935946935603869e-19
484.6661874504549,0.026483961021537508,7.821969323699478e-08,1.0840036983408349e-13,1.7220464808967004e-19
815.5038022252609,1.0126030854171262,6.266174588113686e-05,1.819479652805905e-09,6.056091688817652e-14
436.19814035424287,0.023835486868969677,7.03974933934179e-08,9.756001338585848e-14,1.5498367577942412e-19
283.0688019952392,0.015467930969544515,4.571099720307744e-08,2.233131470891711e-09,0.0021035575729977433
240.13548666268886,0.013121895096741646,3.875517745704532e-08,5.370866843725115e-14,8.532150177861806e-20
213.13438918105214,0.011646454821025071,3.4397502800214195e-08,4.766960685481971e-14,7.572785854487081e-20
383.4211241609629,0.020951554637079112,6.187987420830762e-08,8.575591352862268e-14,1.3623170228485131e-19
512.1619367832767,0.027986430912038927,8.265719916132642e-08,1.145500651784649e-13,1.8197404393452546e-19
1391.73341197084,647.3218360115893,15.35092705236514,0.22334215223862153,0.002779320618879099
899.7696200213205,0.04916675469019435,1.452127371052259e-07,2.012423439086196e-13,3.1969325442862043e-19
646.9484801083017,0.9996651802215797,7.694097415405131e-05,2.778703822760956e-09,1.1503437524983567e-13
801.8047196694679,0.999738455251019,6.21110811219243e-05,6.661068191432488e-08,0.0021036889438552156
192.09568605017813,0.0104968219229828,3.1002091798555665e-08,4.2964093536027756e-14,6.825268787539728e-20
621.9538730750774,2.0017514592469423,0.0003209252878398229,2.4142328779085765e-08,2.0818848484076987e-12
259.10159603119865,0.014158273771903875,4.181609504345274e-08,5.795062573300393e-14,9.206026811718854e-20
809.3208290646672,0.04422429673425107,1.306153154870534e-07,1.8101258032159559e-13,2.8755628547941166e-19
117.0024251898512,0.006393447177435174,1.888288071936139e-08,2.6168745603614216e-14,4.1571625950316464e-20
461.45496652860777,0.02786988594373827,9.09775033781847e-08,1.3935235899845764e-13,2.446775319607214e-19
298.3883582935324,0.01630506908666365,7.252128869263905e-08,0.0013908138332087278,2.20944455330307e-09
7626.557955451364,0.4167434594172476,1.230841018366997e-06,1.7057548563082119e-12,2.7097593412955623e-18
580.0933082438503,0.0316984534143005,9.362056152164705e-08,1.2974358595696044e-13,2.061104458943024e-19
2395.8217690689185,0.13091660196134183,3.8665879460848916e-07,5.358491525678542e-13,8.512490768097149e-19
2696.1696722903,0.14732872718851933,4.351315815754004e-07,6.030249214395321e-13,9.579643920471645e-19
115.94268686010163,0.006335539138160228,1.871185082453718e-08,2.5931724681076778e-14,4.119509490510028e-20
46.43191762985975,0.002537220629655435,1.8609685522795003e-08,0.0013908021655961974,2.2094260181531153e-09
199.03942317224255,0.010876253515378242,3.2122733183636253e-08,4.4517128782868404e-14,7.071983709788044e-20
577.5706030660481,0.9996498022921114,8.61804664779007e-05,3.4861916317476634e-09,1.6165704734070077e-13
221.4775259671537,1.9963263041001789,0.0008962554370247249,1.8880496814211793e-07,4.559346797562839e-11
2546.659905894681,0.9996562553057331,1.9545526292269625e-05,1.7931867930581198e-10,1.885833939673105e-15
306.51497493532526,0.01674911693635434,4.946808325562671e-08,6.855509524495283e-14,1.0890651083091599e-19
258.089515062288,0.0141029699078727,4.1652756512791805e-08,5.772426384894291e-14,9.170067000285272e-20
36.12383149043787,0.0019739403529963496,5.829981729467744e-09,8.079450959817314e-15,1.2835002421325934e-20
1932.0234554844087,0.14081443320173384,5.547213957680954e-07,1.0253783643772253e-12,2.1726654098499875e-18
281.1544490938684,0.015363323589795586,4.537517848320451e-08,6.288296367979841e-14,9.98957720152574e-20
234.03021334551315,0.012788280281545892,3.776985473727893e-08,5.234316388451677e-14,8.315226350638351e-20
1650.4158120296793,0.09018485127888445,2.663586234672991e-07,3.691317633382979e-13,5.864021082371285e-19
241.1990349696914,0.013180011327327792,3.892682223951732e-08,5.3946541498753456e-14,8.569938653038329e-20
410.40022086319664,0.022425792708476035,6.623399818580436e-08,9.179005441989455e-14,1.4581752851676742e-19
163.0760969263816,0.008911083765224008,2.6318655202601594e-08,3.647357640298705e-14,5.794186310121997e-20
215.01597383341604,0.015525439078654063,6.059126582620756e-08,1.109577512651092e-13,2.3291890244204847e-19
2457.695560806102,0.2642317024172062,1.5354467657213911e-06,4.1866445572544845e-12,1.3085698833795525e-17
2727.94287739583,0.14906493315322822,4.4025942094373824e-07,6.10131311927327e-13,9.692535922132849e-19
334.7449137480326,0.018291705667557213,5.402407913733824e-08,7.486899930289547e-14,1.1893676836632981e-19
154.09664447809678,0.99911742152847,0.0003226659176823222,4.8895741751174483e-08,8.493648352349316e-12
229.1653908707204,0.012522448308663977,3.6984726887464505e-08,5.125509838892534e-14,8.14237644610978e-20
2496.5857235208136,0.13642271877159026,4.029209680603548e-07,5.583860041398377e-13,8.870510819130437e-19
290.70564095820816,0.015885236196026775,4.691663385397495e-08,6.501918187958067e-14,1.0328936471147519e-19
1865.6421855139042,0.10622562156520482,3.269062032147574e-07,4.720614427225845e-13,7.813998968128518e-19
497.79979867908077,0.027201630330553457,8.0339310961518e-08,1.1133783143405468e-13,1.7687109472517694e-19
249.16369704118472,0.013615230051705403,4.02122294746408e-08,5.5727916673066874e-14,8.852927618369209e-20
600.3118604297949,0.03280329954186203,1.3040267754640126e-07,0.001390821895114133,2.209457360432652e-09
1278.3418682340714,0.06985334873184543,2.0631005705447012e-07,2.8591375853949405e-13,4.542021235596165e-19
632.8347309948542,0.03458044068827513,1.0213243632390544e-07,1.4153972499001195e-13,2.24849772836753e-19
411.50881733484675,0.02248637053813285,6.641291323740356e-08,9.20380029474281e-14,1.462114191371926e-19
1340.5013047953548,1.0004335982116972,3.719124020583239e-05,6.487457549176429e-10,1.2972045768708693e-14
501.875373825559,1.0406034498616634,0.002779187164181297,1.3479255804339595e-07,7.494028130701314e-12
326.1806740356344,0.017823723793444223,5.26419067876726e-08,7.295352267958217e-14,1.1589384537311005e-19
2661.911525142654,0.1454567347590473,4.2960270039874397e-07,5.953627491717074e-13,9.457922778652413e-19
364.92317575104346,0.019940758015916434,5.889451255609712e-08,8.161866504558906e-14,1.2965927619284817e-19
1692.0552712894219,0.09246018602380235,2.730787657305436e-07,3.784448388123503e-13,6.011968445198221e-19
2741.497400021215,0.14980560262465273,4.424469690524867e-07,6.131629145098082e-13,9.740695910577819e-19
319.1686019788243,0.01744058836484564,8.848229931108782e-08,0.0027816173120545503,4.418872657682366e-09
594.7154745053019,0.997952968782194,9.039637658389417e-05,0.0027878548416548,1.2532501595542563e-07
308.197347706583,0.01684104803460583,4.973959937431921e-08,6.893137449719954e-14,1.0950426742820224e-19
6861.905471528048,0.3749600070048239,1.107434673393732e-06,1.5347327916416702e-12,2.4380739724490557e-18
215.01597383341604,0.015525439078654063,6.059126582620756e-08,1.109577512651092e-13,2.3291890244204847e-19
599.2898201916547,0.03274742214234303,9.671866350329404e-08,1.340370750604871e-13,2.1293107557740504e-19
7.601811364293098e-09,4.1596348105284356e-13,1.2302298778443357e-18,1.7072566917437907e-24,2.7158815658137372e-30
243.3059514621669,0.013295141095220177,3.9291760713518295e-08,2.23139837611911e-09,0.0021035575708772654
977.5572999125777,5.14027856182314,0.006248825379295998,7.684066147638388e-07,1.0831484503701009e-10
506.3118081338633,0.027666785079832147,1.1269901639263786e-07,0.0013908196642892336,2.20945381654791e-09
51.522032826487596,0.002815355289282292,8.326541989054475e-09,2.2195170442301907e-09,0.0021035575563179794
678.6570137426802,0.03708434044780882,1.0952763944052508e-07,1.5178833016429803e-13,2.4113069005271075e-19
445.1557202518037,0.024324962343889433,7.187683336764912e-08,2.2391767438039125e-09,0.002103557580387828
1029.4432080352124,0.05625260127781894,1.6614060155713572e-07,2.302451199684935e-13,3.657670164707471e-19
390.5556488375899,0.021341411570233344,6.303130656741888e-08,8.735162029249877e-14,1.387666394086654e-19
711.9452481831972,0.03890333324372894,1.1489998757158715e-07,1.5923357189543204e-13,2.5295818874311957e-19
447.065435252669,0.02442931623431795,7.215135305039628e-08,9.99905910011081e-14,1.5884488735581754e-19
1711.6459309270751,0.0935306925082897,2.763065309533576e-07,2.267962813897637e-09,0.0021035576154414854
390.5556488375899,0.021341411570233344,6.303130656741888e-08,8.735162029249877e-14,1.387666394086654e-19
617.511224973128,0.9997324905318409,8.061990753295193e-05,3.050578788484264e-09,1.323192606241132e-13
542.037280286424,0.029618930668220647,8.747874492761716e-08,1.2123198021301123e-13,1.925889230982249e-19
1093.578109373431,0.9998072875191321,4.5530559115897955e-05,9.72906582990835e-10,2.3830849739062464e-14
18.676808113186194,0.0010205701798145822,3.014227604662393e-09,4.177252218562403e-15,6.635975960048387e-21
5858.369503852932,0.3201230735859114,9.454752102078204e-07,1.310282081329002e-12,2.0815119455664085e-18
1094.1119236261914,1.0580176328003277,5.400187383701788e-05,0.0013933975281443535,3.6184000403526187e-08
253.67354720349584,0.01386166501870799,4.094006876975741e-08,5.673658911226152e-14,9.013165155100055e-20
56.60870924787105,0.0030933101865172528,9.148026936770976e-09,2.2200046197172292e-09,0.0021035575569162152
887.1992931366292,0.04847986537526908,1.4323158270610084e-07,2.2514891421876424e-09,0.002103557595408416
470.7933795175319,0.025725899258476376,7.598077744516451e-08,1.0529757960545879e-13,1.6727556066834306e-19
266.28810608876137,0.014550990934406332,6.616262164785066e-08,0.001394320903745529,0.002107871453801424
823.4189557085251,0.9995894059260426,6.044202070189561e-05,1.7148959469771513e-09,5.5774678170119895e-14
819.2251835315794,2.997589951342123,0.0005463274293134038,4.672133187993183e-08,4.580154711590764e-12
1891.908984523557,0.10338093537325732,3.053329162081782e-07,4.231440915934406e-13,6.722060034998186e-19
253.25781130914154,0.01383894766497789,4.087297365364242e-08,5.664360568187543e-14,8.998393822739917e-20
385.3620686195575,0.9994509750363832,0.0001291128394702825,7.826341852884601e-09,5.438134575084354e-13
383.4211241609629,0.020951554637079112,6.187987420830762e-08,8.575591352862268e-14,1.3623170228485131e-19
478.3416865597512,0.026138366797291774,7.719898964273278e-08,1.0698583287375894e-13,1.699575170158983e-19
955.9286052330681,17.930491248400838,0.016750592316057467,7.34259095002777e-06,3.689648177407193e-09
427.15893033153054,0.02334155085258216,6.893866615646815e-08,9.553830497119804e-14,1.5177199313830953e-19
871.5743771600529,0.08346266769950426,4.319893708187029e-07,1.0491445927377928e-12,2.9207684113259027e-18
1444.3471959289895,0.07892449654838092,2.33101457288741e-07,3.230424862752142e-13,5.131847589835825e-19
1572.4369340633107,31.86466278509418,0.03215966113115157,1.522981973675956e-05,8.26791281892672e-09
903.1920655341912,0.049353769827433475,1.4576508147144897e-07,2.0200780758019065e-13,3.209092687502511e-19
324.36819983339586,0.017724683469675963,5.234939375546618e-08,7.254814495997912e-14,1.152498629987465e-19
1154.9055887775332,0.063108331855452,1.8638882433098168e-07,2.583060180151979e-13,4.103445126601883e-19
118.96800059620804,0.00650085351976882,1.92001025708138e-08,2.6608365916528337e-14,4.227000605173421e-20
575.8626490098964,0.03146727447682014,9.293778051476282e-08,1.2879735732067966e-13,2.046072686489434e-19
530.2178715171547,0.9987091027445331,9.369683222171413e-05,4.124699034301158e-09,2.0814248309329978e-13
2288.0301186831675,0.1250264657373139,3.6926242975985873e-07,5.1174048753325e-13,8.129500914413977e-19
324.9123860721658,0.017772750262879847,0.0018127214820610115,2.5121509805239834e-09,3.990798889444672e-15
193.17298043298157,0.010569824299655538,0.0018082601634297586,2.505968284459065e-09,3.980977068709797e-15
2275.2843941081924,44.81667053765822,0.043965478476545077,2.023788805905747e-05,1.0679130297827216e-08
487.0296777903534,0.026613110914097432,7.860113410112426e-08,1.0892898774384938e-13,1.7304440962613406e-19
630.7777615755451,0.9995721109058671,7.889845291986424e-05,2.9221621180269287e-09,1.2406262413360992e-13
336.20293515379433,0.018371377373730666,5.4259387458910206e-08,7.519510016097674e-14,1.1945481164970217e-19
1447.8942360172896,34.82512909115626,0.04171617189770069,2.3447538897756275e-05,1.5108152248428848e-08
66.71883885980402,0.0036457652163860133,1.0767673181814116e-08,1.4922325911259707e-14,2.3705582242578976e-20
7.601811364293098e-09,4.1596348105284356e-13,1.2302298778443357e-18,1.7072566917437907e-24,2.7158815658137372e-30
676.642070869523,0.036974236483688604,1.092024502329645e-07,1.513376683308539e-13,2.4041476941005538e-19
185.1159701260781,0.010115424315182552,2.987564383787492e-08,4.140301127549429e-14,6.577275518028143e-20
7043.7780705441,2.0011333417256854,2.8319116898468483e-05,1.8804633255773704e-10,1.4313626619597689e-15
226.1693222538437,0.01235873198901598,3.650119497581646e-08,5.058499811263791e-14,8.03592442713651e-20
2003.786307434304,0.10949432792236116,3.23388662833064e-07,4.4816655755783574e-13,7.119566515126411e-19
1553.8361385760657,0.08490737912702365,2.5077174609462697e-07,3.4753076745306923e-13,5.520868019287119e-19
374.17779178116217,0.020446487768012864,8.737445319613239e-08,0.0013908161419619602,2.209448220984633e-09
576.1758381871025,0.0314843882969633,9.298832573949797e-08,1.288674051670454e-13,2.0471854654173388e-19
1766.1282225416294,0.09650780726190296,2.8503331026888907e-07,3.9501198444444004e-13,6.275153846483383e-19
397.1916561824005,0.021724294175956525,0.0018147821140173373,2.515006696992736e-09,3.995335475900034e-15
2034.2796430713906,1.999445961292143,9.788754257905518e-05,2.248674798108548e-09,5.921424135790977e-14
109.97768867761816,0.006009589477447449,1.774916694009398e-08,2.4597594044808828e-14,3.907569718463296e-20
364.92317575104346,0.019940780907867533,8.561273431968966e-08,0.001394324013832255,0.0021078714586211236
1445.6390278266877,0.07899508704243825,2.3330994448543042e-07,3.2333141721180495e-13,5.136437541912e-19
1890.6746549564552,0.10335775028717732,0.0018446437574484325,0.0013945638988920512,2.2154019014403342e-09
368.290517018062,0.024664441884245467,8.927811488996517e-08,1.5163526601018557e-13,2.9522619266394526e-19
676.0071405930058,1.9988347954185528,0.00029438635401673785,2.0344165867533983e-08,1.6116257095113912e-12
4288.287849761399,0.23432797913888642,6.920816198975254e-07,9.591178442103757e-13,1.5236530197412613e-18
2305.494529343905,0.12598078601625928,3.720809899974396e-07,5.156465751118306e-13,8.191552957032141e-19
368.290517018062,0.024664441884245467,8.927811488996517e-08,1.5163526601018557e-13,2.9522619266394526e-19
621.9878432472499,0.03398772644546052,1.0038187015246098e-07,1.3911371163518244e-13,2.2099581203690807e-19
376.3189503111225,0.020563465473284116,6.07336629102333e-08,8.416744234601646e-14,1.33708259593466e-19
630.7777615755451,0.9995721109058671,7.889845291986424e-05,2.9221621180269287e-09,1.2406262413360992e-13
164.10497046232183,0.008967305237502223,2.64847038654643e-08,3.6703694110176664e-14,5.83074277099611e-20
7.601811364293098e-09,4.1596348105284356e-13,1.2302298778443357e-18,1.7072566917437907e-24,2.7158815658137372e-30
2935.1128578100265,0.16038547052140006,4.736943349845888e-07,6.564669199744935e-13,1.042862262460408e-18
133.01991357026262,0.007268702247654221,2.1467923909878966e-08,2.975121475291346e-14,4.7262730511042814e-20
354.22538582118347,0.019356191031763097,5.7168009102185366e-08,7.922599888724951e-14,1.2585829069414953e-19
821.5614713834814,0.04489317090464737,1.3259081803291507e-07,1.8375032062352625e-13,2.919054551914383e-19
114477.52714530646,38.07356165695902,0.012195698835692206,0.039234329334595246,0.03176368602674106
84701.80100227687,49.462388591250594,0.02745480375782586,0.029637180853332102,0.04024024806645683
43171.37615731077,286.73500662362045,0.1454480483033181,3.564806833576388e-05,0.012639215658432013
