652792.7396793755,1006234.3179845464,997158.1216107563,992405.0324980541,442194.5549953443
197560.60760170378,266380.1496228892,230818.78446704076,200629.8738510795,78011.82534340154
7470.744305446119,10741.174359493252,9927.884278241801,9206.647568003109,3821.9059451049807
371.88698539519027,475.0641096168115,390.8969800790748,322.29360432104846,117.94030057684968
66.48663654742833,79.20220666127781,60.73846336414928,47.12252485440363,16.337289938544906
198786.41958060674,263172.6637570332,223727.0432353233,190937.6272417889,72934.73977799658
579.1378129315354,732.5787095697074,601.1819892732714,497.38978230214434,183.4406870758999
661.8992501082956,754.0542441835349,548.6982019766756,399.6880037592156,131.64262963680255
619.3516375206577,746.5367876409994,580.857297879178,453.45114901293795,157.50156795867153
599.9749228679766,781.0405121841936,656.0284047749376,553.0825170165602,208.50488505509907
368.22061374564186,477.6463892517364,399.830314572228,334.6853682926963,125.07420404093422
198.97118580714323,289.14791762206926,271.1862978413776,253.13103504477206,106.1319814997621
305.57306982532185,112.47988556475349,27.625979983291135,6.511060432382793,0.6992436089863466
677.0707475434227,909.1220005296121,779.5409973473105,665.4970885720879,254.4240341800042
642.9952805709238,825.660197521746,677.4308663738975,556.2513835036216,204.79874590846882
345.2651040311825,515.1477380844758,489.97628680801745,467.50521123054585,200.66791874413204
600.7008365774172,790.9803205572472,668.2613749608062,566.6503882843972,214.5705097874732
817.9761039128525,905.0421832632942,647.367613061944,468.0190646697488,150.6894737019599
351.94491090320753,471.3069661427305,406.678585956587,352.99858646725545,137.88233377239368
846.2198955205047,974.0555682628737,726.5239530478387,545.9021162659382,181.60145873085528
569.9803318288074,701.652560244345,559.859848259261,448.0117552875479,159.25931528243862
861.6160646870544,1032.9982322892818,791.4366176378908,605.7397534977506,208.6433206778389
418.7805163901653,619.3571262899895,591.6307412120586,568.0567450622847,244.10330321081807
720.2987027645811,891.1735827621728,699.8081229834078,554.095677777446,197.17095781264092
643.402816715547,883.255348522536,774.6901495279322,684.681907773894,270.3035292013866
692.0995295861746,1059.4583442349494,1053.6825477136695,1054.8894985657532,472.92228025905354
3239.821955903635,3713.7006189338995,2732.55988606058,2005.2024147507218,660.471519771786
709.9750196766944,966.7027690492707,838.7786815598741,730.4323698365715,284.99373038080023
1352.806352018933,1238.06557158637,727.2470176191345,422.7262192385438,110.81139351365947
406.98108198697525,236.68663411713277,87.62035860743158,32.98279525679405,5.63361542225481
730.7606607875438,948.1252263874951,792.7337787052879,661.6773770238658,247.7277875438492
669.3505201527518,908.9953925403655,786.7944834672049,683.3037252934339,264.8472222983997
872.2337257964273,1084.5160829113636,863.0139220223951,693.5006212028859,247.73987984503563
526.7047932278194,765.7302063721454,715.9034904893067,670.0578017079206,280.7007897879753
527.8156926993034,607.4256299466958,450.6864386850198,334.5809722686904,111.91139182301389
617.3740627108419,746.8113716780745,583.3754017476208,457.38134033713516,159.61942233709652
707.4735680903033,501.22601935030787,227.11007974936908,103.15389987002632,21.118188885702775
282.5329219492464,379.3162926395201,325.180176733968,282.1876106258162,109.9649141515965
756.125772731195,926.2977741158562,726.5508777510283,571.4885691753841,201.36819790710933
624.7228766810637,715.6237858469053,531.859413687618,397.39937556974127,132.4483808653597
559.4522751678396,268.59253112661764,83.6448672572756,25.10057343472167,3.3940257220772354
358.89198851410816,322.0045395803335,183.90880602040284,109.3726074014393,28.359380969072035
10653.72473834133,12392.780337340777,9272.80780360432,6954.908463745303,2330.8900309277997
533.7897388968066,336.0699477595338,134.96337581314123,54.46838612939491,9.95570208882371
78665.67970793821,87425.44805255423,62430.145617499176,44779.700372900654,14358.192875178811
765.2552586475368,1107.7005607960498,1018.052654424746,936.480907564408,387.31411642556156
990.3516380507648,1334.2209982276502,1154.0186119234368,999.1261512527228,388.0259141007504
13593.799759150907,16495.32488642151,12829.46758092492,10027.4232690564,3493.4720761998965
312.2123134352811,169.71140402567488,59.01869977776855,20.224815919761088,3.085903648079976
36865.06650191139,27231.354861155185,12968.118942674775,6197.3641714598625,1318.4673695254462
40147.94184111139,30399.055399913723,14770.289340706091,7213.453814291966,1576.1101372665998
12950.659064077598,13909.563794130083,9632.718229885324,6676.917871459166,2064.398269172206
12402.104083732504,14668.133466210986,11152.077680163533,8507.707562550231,2900.314902404632
6473.644394040656,5419.422066274624,2907.6578340051674,1565.2795241251213,375.55713110198303
41504.97771746947,30923.268877130162,14791.874842160185,7109.554671864675,1524.3951436300529
14188.442339012003,11028.975332520255,5506.671689894312,2745.8799501341546,611.4732152439988
303.47660823709805,333.2514130936179,234.1210296262483,164.71729104655336,51.89863909968982
481.2313324949443,384.1680587748676,194.97374885092,100.46450846828827,23.082832861978765
321.10149686277987,291.93987206436765,169.670873228552,98.27593606182607,25.48887396483495
413.71484926246336,342.4920746574591,184.3400946528804,98.9269901847031,23.43871911144502
250.6595233325001,109.90145669795872,30.44366858239905,8.153317590574433,1.0221592991782484
417.3202768941009,296.9331215973985,136.5725526849864,63.61289008913941,13.238298926957686
398.47316864962863,326.086832748508,169.14513994918636,88.04703310171648,20.82926487439806
239.77743054245184,82.35544410350523,17.65204073990657,4.245007922146635,0.5052560456620355
189.90858518267515,187.1413060579914,120.96911849049934,76.85487656373479,22.114614949657806
421.1581734902519,340.5517738464988,176.8277370776177,92.06778640726982,21.804555181855363
399.4888792995715,424.23429047517993,289.78249795422244,196.59227900897187,60.28536885503142
206.08102276788958,36.68307394319648,3.996861529244934,0.47661312216308466,0.030136418046108032
9048.054363912006,10755.23030312001,8193.790797476122,6261.81421982923,2134.177755380024
249.40230693277485,208.35266749039573,111.49684400779091,58.88366708703567,13.997943991451809
11799.08068729529,20478.51056668308,22819.716908300106,25524.496196215307,12784.428460158373
356.9022147682254,98.20193689648744,16.22950264918841,2.745877502137963,0.23124903146284778
291.94012578971603,225.97359441250495,114.64729551367508,59.21425642558856,13.416344509219403
194.24497261873069,171.81919151168515,97.75907250083894,55.96807156677054,13.939532671429046
290.73552385052767,252.72644765003815,141.10301152211292,79.05157818033618,19.744895387435907
233.60356839065062,67.31393383441328,11.948572373222277,2.3489602689932716,0.18965748142641656
336.1511113990632,221.78330823561515,95.76654496681114,41.78635003406347,7.9246626172769705
228.75941370437516,140.9009234026457,53.29010226108428,21.64406448711251,3.7603539531406645
142.19745949267895,104.19221657364153,50.59087521789471,24.250782393627365,5.203929889190466
258.56187618537894,193.69680727157876,92.05936289282332,43.261608491712494,9.118424738206842
213.6795993968174,207.21173505438014,128.0547911895475,80.10317499027883,22.345535113603145
454.438567480805,421.1269269213675,250.08336373132406,148.4111973777011,39.63851563697902
173.2339677007578,38.64460541869111,5.196340431841961,0.7138406444020134,0.049264759392819935
333.1236539481538,241.7829161750355,113.87731792273745,53.525575961568414,11.30331411695808
287.2411637060788,282.8043217000466,180.27515923942664,113.64265193151071,32.53158596755869
279.33637796250184,150.39744166528016,52.90129143756541,19.60949180523075,3.25196429272774
210.17541067348637,177.89924019660214,96.47624618828875,51.34812390794663,12.329455701926973
377.1198500355535,356.9904873398668,218.17265525486377,131.93118506343237,36.04236981202106
108.5307987794631,33.14919049604008,6.037100632093231,1.1124719962311196,0.09420479200357294
178.17560946643704,173.6688992197172,104.7876434961976,64.93767199137076,17.6673755299755
1.8995096907019615e-08,6.135953896682158e-12,1.2858612078910679e-15,2.7106424706722043e-19,2.6158472599170418e-23
195.75154395459583,149.00278514850837,72.69352627465707,35.40280221435012,7.817182757505777
158.67372628579386,82.903227104302,27.293884923117474,9.104791674178733,1.3318155393780524
139.91773635913304,67.63878244429624,20.18417539169512,5.980212095570821,0.8493567361546356
112.0374070617089,70.96717242530517,28.969539125176592,12.342364045217773,2.2500271142543506
341.2791741195827,318.65770205472205,192.83493232434395,116.17936085545712,31.495124001976915
307.87119515762805,123.98010567283521,31.980566716470143,8.094245255238771,0.9654132765087655
380.61287907660125,106.44882667183767,18.353205476920035,3.509005728216668,0.30714709704081017
110.35674294349906,37.66960463016996,8.865566044507432,2.119493738520491,0.2180906634480022
141.94114718911695,48.549904705605655,9.91540764550694,2.0724586365244613,0.21073873750160765
444.49472071108426,293.30849741647046,125.82777261535165,53.73873021761767,10.02353645940919
180.57201260929938,58.14193356896135,12.061112235879497,2.408404293811163,0.23338901465087394
326.1597923558599,68.23250805669312,9.430449703544278,1.340839161352223,0.0794285258145004
398.4657806482246,366.41608330236767,218.81058022444566,129.91517178983048,34.91428903043302
275.63307696101424,110.8896265378238,28.382962594565768,6.951894063264804,0.7834682024897918
463.0156153541122,200.96737351195537,55.889483278045056,16.013320536092213,2.1050831625082567
530.0208967675379,404.7376768144474,199.7881535237954,97.88939421803484,21.372260330621256
344.90357888086675,105.34050681150008,20.25151989934597,4.529687229395461,0.4044594515030568
380.45841214556583,82.99508314648104,11.218999519416215,1.745535271850649,0.10696406669220625
260.34450417580683,29.230167835864606,1.9913700937660164,0.13674371177420808,0.004304686124798552
409.3569499478634,395.4123439417588,243.7144591533939,149.95931844961447,41.456513347846325
627.335237951824,348.93804525771384,123.9022623495519,45.61073042312162,7.23941374319807
292.6427220724367,354.6311146955951,275.94531745223384,217.47566754661477,75.99474148653493
864.7700878326513,454.69155072625466,155.90704949175304,53.34042279181857,8.097203269669134
368.6923099592013,155.866918671634,44.36826715780681,12.78039350917348,1.5851876527144366
335.58036182814556,342.3142208261846,224.55048532164173,152.30949924193737,44.715846832356966
449.52487116137473,237.15516881898697,81.11150276211568,27.772835969662523,4.534582934792658
617.9842913460235,337.3546511724148,119.14997687968665,42.471159627413456,6.765241048002522
406.53478765887604,243.01681190585717,90.65077120970255,34.93554431467928,5.83254176880852
81.33992822256367,14.90644701038692,1.6478155913384582,0.18385179764715134,0.009412242421737887
254.4756264344526,315.4007784286806,246.93316568838492,195.8919973428251,68.82653648242653
558.0963494568255,219.73608206359245,55.45208839965518,14.237347513413509,1.6500289007784883
306.792851783771,66.5250107980124,9.040441323317298,1.1976983964398225,0.07283835770491862
415.6940387652236,327.8922912350386,167.48359222898398,85.47057082560995,19.987696855869718
426.0426961444491,223.11158664380372,75.26882792986827,24.120958660356045,3.604475115826982
319.4301004532557,120.43679305558287,29.11493699098864,6.883160206284108,0.7572999723994057
418.69850390919765,237.3049453048109,83.07269624752712,28.569461162788315,4.622622798894664
255.77928630797,42.77536545344011,4.321037130246752,0.440424342801745,0.020593656820204063
74.8271551416076,66.88797069528245,39.446858906969844,22.277375337364376,5.743966574966426
310.2080980416981,337.65535652787895,236.18880317342192,165.65038622570444,52.047705321568955
185.5490968720288,176.18450043947425,108.66663463178064,68.6200926298912,19.444972736188145
423.7697887774331,380.24212963619044,222.42636159716102,132.57261623595585,34.48274870062043
331.4681295524278,355.46389759330725,244.40828213417987,169.02577371515702,51.55530703766271
230.1246373469452,189.7402884041007,100.05085136128197,53.75020541638903,12.879219901468296
602.7022042995018,485.72527437037417,251.86690767264966,131.5911421600433,30.11063276351335
332.5789501157621,267.7236373450071,138.87461584182333,72.1306049499946,16.63263083723325
406.82183853654766,223.13120542855452,80.8455781784269,29.212792920665528,4.7293918393705825
413.63116763825656,345.6805795901793,184.1191320298335,99.55026294643501,24.08978567413001
363.39944593605674,77.009244616294,9.837830118692,1.2797961960352136,0.08196458647326336
269.47064162709427,133.68251725442857,41.36807836873858,12.975007120814018,1.8273006319345944
327.7791715727325,277.8559355963462,149.20998332443116,79.4871638602098,19.14689085608459
370.9654671975128,75.18113213433438,10.067023349514862,1.2561462884693217,0.07193903259570829
413.7493485542046,341.9544909605646,180.3480334563961,93.58227418155728,22.07648373742996
513.4988085711448,458.1992823878314,265.23727945850055,155.37557500950797,39.796195025608704
250.1874350722322,101.47422257878938,25.116378349484435,6.6752739032884545,0.7946123671021751
257.45618041417214,274.21540173162714,187.74210043862476,129.65119466091483,39.48139932165391
89.85935053028281,39.8230428069047,10.44009569562332,2.804329556538988,0.3609446027137185
342.92155196456645,312.8622129034458,180.2566018595026,103.04399719255615,26.832079274099833
421.0231150802977,391.8645346299381,232.53899093178046,140.64545916037108,37.4526776041643
287.1408099372565,127.63735498212785,37.81058351128519,10.642594377777359,1.4807027930742716
249.5914109108098,239.24934448875516,143.57709549236313,85.53238885843297,23.602068201162794
234.55443876529264,68.0293109511883,13.437820228034484,2.6323829653261943,0.217778923398416
352.1063668674676,53.66777986089132,5.803082430151288,0.8519291608443569,0.04503678489232981
294.4282670104753,259.5205279990064,146.060128580104,84.23162582788204,20.899057574223992
13494.551822301573,14842.586218963037,10472.57204034108,7426.85189700683,2346.2390220426137
510.57243103852295,328.2560181878014,136.63787737218487,56.652433140046355,10.44712125812644
176.61245880791526,102.72011835803481,37.80404393880097,13.417062746658408,2.2348607329146972
117.39391139255186,80.18976451622706,34.6141353184529,14.686705239529077,2.7959501551310257
462.87969425976604,426.2502536375374,253.6983779314491,151.9848957948834,40.30785989380519
148.25733536003037,135.77720583839402,78.30329841101774,45.417704481593866,11.831035649168259
670.4333535310964,664.6733138431252,426.0397514135281,274.3586733202851,78.87470438049495
11546.532808773358,13189.918560630116,9657.20856601277,7094.051596478676,2325.1728586215477
355.2737451922819,333.83420067038776,204.01761896291276,123.3436494123007,33.27862748932913
218.98946659117763,153.71538528861436,70.66709372258939,33.706564533481476,7.1322823541056755
275.4780940279538,85.88812749138931,17.22718637213928,3.286617516500241,0.28818152110093653
268.1442045114078,127.15040144138845,39.32846206162722,11.530171406981582,1.5979728421446524
382.85209216763707,263.0798631300883,116.50268286922456,50.57187560616913,10.07007699768943
350.19523066082337,71.98384040036491,8.907652294718517,1.1130316875540476,0.06383202222675155
300.2082840077271,90.07627996678532,16.58968072064951,3.0201685397451206,0.2526547449237
374.5362495795327,133.66832612847654,31.423204098617813,7.128490538936543,0.8343578944506328
681.8878937057904,551.6600466384012,287.90459251687804,148.64460196032348,34.702504476656365
287.8782824638754,258.7570270634765,149.8747675993936,86.413359494471,22.411823297342536
434.81195830624296,137.47843384300828,27.158728489069052,5.223989685744639,0.4618400031518833
271.1876376602623,156.1983114614805,56.909467614494986,21.187050042898864,3.5090193319249567
379.09288963383113,352.1732874888695,207.76023664849242,122.41470275344771,32.11611907331331
327.74696946387127,118.87199029570415,25.642211157092014,5.640203083585727,0.5897539883538515
410.17899510123857,191.87097973729382,57.76933970487653,16.541265717687146,2.2055363954003133
426.10547078353045,399.7867562109312,240.33408000428201,146.86082095035218,40.42248896002659
1048.3177201690485,737.9712478587235,329.50361655334547,148.68959286118735,29.751288300125562
244.2405981983851,62.30316145052474,9.547682341933458,1.4910421942160237,0.11330150548865794
371.3359492589591,54.21438001471031,5.177972018251719,0.46505396689018763,0.01915651577495816
321.68272881522864,7.0412350893675,0.14292660705543217,0.01065991090823173,6.624896128614291e-05
228.17152616084044,166.36397945037234,77.51430717936438,35.72231377461818,7.4257929261535125
452.96699819206447,330.0232510727564,153.73590501843898,72.23637036958364,15.214248720704036
199.25629043715128,126.04078508189349,49.14482575428078,18.575334363265636,3.2394948806912027
269.6469713353763,232.73265300626124,132.40500077499865,77.5674062688865,19.628824486277196
314.4572754916564,55.59934877476253,5.933142921584868,0.638954449044408,0.03157082235249586
267.7604686614853,57.26298791875096,7.57620360681182,1.145997787326901,0.07738884394377503
57.548112595908925,0.018455834109643823,3.852934535398813e-06,6.123421896097631e-08,0.00012509022164191173
583.1575393305243,408.19314322620914,177.52633808373116,77.65738201988242,15.240440619909025
423.74233203100863,390.84477223619734,233.0204484485163,138.8325136002289,36.902684526502334
241.05254797725613,53.138793521288356,7.066369393236181,0.9622930845670935,0.06714478526041028
325.0262988829747,250.64149136887406,122.42419965157534,59.77187389787385,13.024349403038691
246.1932478883456,237.40205512047342,146.64475614314023,90.16140063130763,25.062959497821986
81.47414646599546,65.83783868654997,35.29625718236892,18.849093106555674,4.420819987484114
308.93257244149004,100.58835420332281,19.87368725921269,4.1708590417617435,0.3924007702757986
386.6269643340494,54.54928714662561,5.730072558270766,0.5040380471392552,0.020333836898516266
269.01336857902834,120.86486236280464,34.31861499276292,9.3561995453429,1.1743384418811558
99.42993529778465,130.3767700799161,111.15083691204535,95.33859031998117,36.02424509317508
35.329151895641616,5.0855305456644695,0.4455516325325457,0.04100215935533597,0.0026892863327653794
23.62169060986392,28.359173175835508,22.70358006489432,17.432669758562685,6.028879875188098
68.96005755773685,115.81384190205706,122.27925205602172,129.28718854958507,61.517004123504755
63.24322393426037,77.88791503174748,59.36266029885431,45.27853789531498,15.604371605408021
52.02366180710416,85.78797932992975,90.20188808343538,95.18434182665992,44.76284229428327
42.7737208067311,85.10207736178282,111.1604649063368,147.40390371456414,85.99944744015258
890.9539021116127,966.6070409327946,670.5312209154902,464.17393283781155,143.87102041332295
198.69785686864438,327.3724325090205,347.95295634445506,367.12455378545695,173.49504110399766
5.10894283382118e-07,8.76744014239441e-06,0.007907008246329545,0.015493482927349114,0.0019471183016731607
42165.75259031947,56931.5786482011,49257.35830129574,42703.94147000523,16521.281521000394
3251.466156585011,4635.183964003125,4237.354851546123,3888.4455794212263,1596.1717504106434
64.92438292146878,64.86767825457248,41.057053700869666,25.70623269760231,7.427496147456326
244.8947913879837,371.23714438254206,364.09058983436205,359.32909699772677,157.04528349763666
25069.78589960556,36618.071280144075,34327.641457006386,32273.121651623394,13559.245702666989
1.8995096907019615e-08,8.549813544936455e-10,9.852198001482728e-07,0.0014814979637866633,0.9970442210959194
15.126844550543645,23.54831123203163,24.547442032368686,26.12436706212389,12.523662789027625
22865.211551325046,32383.988295913052,29415.66629032198,26797.43007626391,10915.668172411173
27225.781986965394,38958.110003462105,35779.40017394983,32927.58411227207,13563.400758367034
106.5196789073604,130.15899322827497,101.5010623706655,79.59058256493591,28.42929818393851
2308.0532687107966,3495.007467580005,3402.7571161040632,3324.798706970418,1450.8383759669819
995.5729233150777,1100.5866397645061,782.5316074992422,559.1768271624913,178.24194227499936
599.4027101126271,730.9028355656882,575.7543493256093,455.96493633353765,160.71650617306827
647.5795217156508,932.3671199667903,857.5082093870984,796.4216474550483,331.46791277732405
801.0404040227204,1114.2437094578559,995.2214991852429,890.1202740369096,356.34612539582355
549.7827823187848,701.8314550306994,576.6787218738199,472.9112523747774,173.68450561873536
3065.1170008297577,4233.4187899242625,3767.6669098325146,3364.95189344733,1341.9765804223512
802.1224746221785,980.4565692033124,775.1587692705938,615.6828190869111,218.61912736806548
789.3174492485355,1009.3996496184452,831.8205904431293,688.6071274009448,254.48016740959042
671.0120427960707,897.94170934858,779.4087774206753,679.5265421355206,264.0137381928627
814.2236745610329,1021.166997218519,824.1069855770637,665.1957277195767,239.4546433386104
2272.821304263986,3052.6269903438656,2626.064392179147,2261.61263784791,869.3862888276722
2128.56669975295,3054.0194828414938,2809.8412830943175,2591.4124603694504,1067.005781120684
0.15614625774151114,0.24573628743933773,0.18600246668335083,0.1467528569247033,0.05388944087853131
498.22897889025774,724.9684071748366,677.9970305325658,631.3762027041848,264.77885742202875
624.7741675859158,735.6977709490093,557.430539725046,423.97897353023717,144.23283165296692
578.066754396375,754.7265127270614,626.335098511096,522.0785343960733,195.18936091442566
511.21422358917386,369.7828987797551,172.07687133269542,80.77065503616916,16.56398486661362
1089.7413334635758,1301.0737940394029,1009.1533027873746,780.3155204729712,269.80961172160505
601.8787209373332,750.9419492638551,599.2790776037447,480.0472867981745,173.80742469774347
703.3147869652639,1044.5573311985902,990.1577009431232,948.9140183293973,405.5311768346672
3189.6700610704474,4163.888895450724,3498.1432789323517,2950.845224270754,1110.9799231442894
735.8915646587564,994.0629477139353,861.1452185554688,749.9279527207179,290.8408176547589
634.8992627883779,734.6832274206683,552.6662509758079,419.21906852387815,141.29543949916544
4670.718628583612,6615.148662886514,6029.393949464263,5508.162486584345,2253.1167325006577
442.56658768490183,582.1935392959294,490.0370001336375,410.149583325016,154.04655318890096
962.0596828707074,1338.325504319546,1194.1499226922087,1071.9308433931765,431.1693932653056
789.4355386187875,1138.1295808799482,1051.0534018600852,967.665659822401,399.60627745659247
3365.5895112418443,4786.629388251104,4373.37399138933,3994.9275290165097,1633.7647834475645
34.866644934607706,17.446623465081835,5.505377551605106,1.6673154385311832,0.232619960893047
629.7797807914613,463.15331107874835,219.9226529474801,104.33767692058368,22.414680524500895
5188.630574393115,5477.786541248542,3720.0259248131915,2531.761221432203,768.218428990485
357.4303843143462,222.06291167124544,89.39570009731383,35.290978484908734,6.260133243404143
368.7700153424754,280.39498728022454,135.140747388184,65.38496073776908,14.427999627600721
518.9254635582547,201.8907745248113,49.91734668768553,11.882518221018636,1.3212893650608484
133.44595708736105,75.46595842173888,27.00968616572398,9.323235545977333,1.510251383086207
233.9518314431919,129.08058941075956,43.59133689065762,14.513776636827096,2.260398207991628
352.7993466143748,345.89367125855,216.31984551447337,137.41906772945566,39.158438579243814
708.9982677084054,407.56615429260745,149.7094575463515,56.78654712528282,9.389207774715903
375.5132428231372,354.8147590629946,216.07269796408195,131.17803390864393,35.3927944231343
493.7781401735833,367.9126527722415,173.36033967794793,82.82670512484118,17.567846892540945
44.82340982541408,21.350544203832175,6.418086503893586,1.852425371587296,0.24623240030259647
28.842964711399105,0.009251648509795471,3.502925909435844e-06,0.0010034434958523736,9.613790816790849e-08
105.50952268399021,182.3187423809255,204.96313466757914,232.25997362120762,117.54984036604971
26.883163868994224,33.970027356240394,27.12849502601409,20.942617228627515,7.267203200637083
211.1088168480143,247.60255722195774,185.25391720870834,136.97118293903952,45.56687937342517
507.65035771780794,796.314839235474,804.505508684949,812.0119963930858,366.52720401314986
93.3436507356903,134.7921682584187,125.40102317821247,117.04119070332841,47.917218496184375
191.81830346700465,99.22278382611574,32.73101034753125,10.561442450605531,1.5596866943659013
2960.7761976764336,4104.466383427656,3662.8942775837536,3278.214614994584,1313.3997004736013
85.00472385052922,114.82739090405344,99.08084454605246,87.40741488810605,34.13116975723151
233.5846757970363,211.7352039130636,125.59995069063632,74.00793734001816,19.647968074983687
106.02367949021527,138.47629646317637,117.63569462334637,101.20137264498588,38.42570032150241
1.8995096907019615e-08,6.135953896682158e-12,1.2858612078910679e-15,2.7106424706722043e-19,2.6158472599170418e-23
22266.104736097317,31074.401683409495,27822.128167097533,24978.115464161197,10017.567806403305
838.5213736395834,990.2246479557276,756.9264860035801,580.123394304235,197.99339573187908
2.440942644070325,6.448117399600064,9.714182212819704,14.531170467091872,9.94351928191576
3198.4193726378244,4627.177679138606,4307.371101155541,4021.057676189756,1675.3526370774064
0.2342168243400881,0.3686008068456119,0.27900072538149406,0.22012674645995498,0.08083315731274819
18.57057152832656,27.336460729831867,26.388415259334785,26.541135362140338,11.656910535644746
152.57787720885463,119.66832452649152,62.62032275602932,32.592997324762685,7.678668970703007
545.0239341138267,823.8240354292777,796.3845665041598,772.7818497864539,335.9347279131079
42.454991007284654,75.3438045936166,86.97260203011338,99.56042243524709,51.17634008129532
75.85683472676773,90.49918180235261,70.22801017351232,54.76735566308871,18.890901440798388
1655.418855581301,2284.523524977806,2025.3262503083474,1797.737493077391,712.7153887928193
78.86967246451945,58.20341270940917,28.828434536841343,14.767881260969999,3.220680147675338
118.57569014137131,193.8865859163962,200.65885834084003,206.80083020921998,96.18521873899594
254.79491190794369,390.1633477653983,385.8876926862251,381.9442852728263,170.91088921389516
1.8995096907019615e-08,6.135953896682158e-12,1.2858612078910679e-15,2.7106424706722043e-19,2.6158472599170418e-23
43.10276815901765,52.67352594785592,40.29544719562668,29.978980193585866,10.111642044039595
1.8995096907019615e-08,6.135953896682158e-12,1.2858612078910679e-15,2.7106424706722043e-19,2.6158472599170418e-23
1.8995096907019615e-08,6.135953896682158e-12,1.2858612078910679e-15,2.7106424706722043e-19,2.6158472599170418e-23
1.8995096907019615e-08,6.135953896682158e-12,1.2858612078910679e-15,2.7106424706722043e-19,2.6158472599170418e-23
4795.5679564389375,3221.6414210078815,1384.4265856977383,601.6078477295621,116.5517878128765
1.8995096907019615e-08,6.135953896682158e-12,1.2858612078910679e-15,2.7106424706722043e-19,2.6158472599170418e-23
17931.564567673115,13056.430273348655,6103.164792943083,2868.2388447785183,599.9382077146765
169.84683909828456,86.84689469480104,28.899255684456413,9.665538681552414,1.4460319229208933
239.9328852474228,240.68165550827166,155.07415849626454,99.79733480363637,28.505987549130857
411.0869180883367,254.07372563648067,104.05180880382356,41.56696587734061,7.789262869714782
426.38870457146567,233.73806954159838,84.12906128404023,30.46528487417331,4.814547343039947
428.4029947009223,460.5602618167175,318.26099595262235,221.6925221568613,69.50247258913649
1.8995096907019615e-08,6.135953896682158e-12,1.2858612078910679e-15,2.7106424706722043e-19,2.6158472599170418e-23
232.6974428734263,201.95116661863753,111.32152325704152,63.70593460838362,16.121450444012748
261.77250819977075,111.07650068404216,30.809556605008733,8.520413096368891,1.0233904816742634
309.2973078286043,201.65020754608994,84.48619876983614,36.62989551934302,6.751452536019972
302.94573957883995,96.09189790345084,19.79919447041858,3.878191103814206,0.3600928390328468
158.24054165961766,60.314954648160445,14.647320599243256,3.5789116118917663,0.3834960502417344
356.4518153257425,193.4870674300108,67.7025303641064,23.92014899769837,3.663614041285475
288.6624640796937,153.54641748558805,52.99321131550218,17.79570215082128,2.6676213722354256
302.38581260548153,172.86549059012816,63.90751581162517,23.895316498955786,3.92459551318018
31.811692469424116,42.406302232631255,37.28115418125615,33.18508756964767,12.902487853514277
8468.161209013419,10212.718022303818,7897.2436531309395,6143.7862129849445,2135.7132597376944
225.21202828504838,216.256617541034,134.80650021333457,84.1501058199121,23.271259045594523
9947.539546432874,11341.0325246859,8299.51671764898,6071.1937197753105,1988.6357695296392
615.6578762673704,261.4492738307739,70.49597195106475,19.721359517355154,2.4349419886986903
375.9104150506956,271.03791256213356,127.12498626392282,59.8856618138001,12.411190353508989
230.94294475987513,182.05651668289596,93.3882198604219,47.995743023580275,10.868299777699745
370.26056642992245,221.23574347439873,85.6464505681933,33.97383509107059,6.069633564987305
166.89660604300835,94.37568525610278,34.315593280314964,12.825588009881924,2.2103948505890036
19998.082619459165,15524.973910083123,7725.750671910859,3856.0504945614375,859.7432786551195
16703.210029814094,11990.294121816538,5533.771795248822,2557.0713339216795,526.5071427223249
357.96983307608406,139.87748723077777,35.2179267289543,8.601281738162607,0.9457590579738542
238.97679866397252,117.22199189515646,38.4166716875396,12.961262784871238,1.8503406384380976
189.48311683798167,148.8021528358379,75.25499152038086,38.498539315313415,8.793959662597958
163.31573687980116,25.87432739886976,2.484633463559417,0.24486315863513458,0.01331511215243963
163.40363918252655,65.7871589149086,16.725174308710123,4.160891408985382,0.5004610666229476
159.3496731223279,172.57938515141504,120.38406990407687,84.45778286895175,26.49663524023649
162.07550060036024,124.09815643789194,61.329404635108226,30.528409622367505,6.829210347085874
151.6242996781433,91.27810832413182,36.3279186350963,13.60111244445509,2.409205277330678
183.76402154860196,0.059430342862247604,0.0037815874628312498,1.229179950896456e-06,0.00012527885761882596
138.86218246550075,48.79726177488505,11.101131819369128,2.3878159445832643,0.2361765675705083
196.7848047741632,45.409295050090456,6.293586757134366,0.8812257357910458,0.056649891516311765
174.3479847151919,59.42675790641066,12.753204113710531,2.938243421339519,0.28163818531364504
216.84265500606796,3.1968832328452343,0.031282030700220766,0.007401636971380793,0.00045634991760742325
165.23191919835403,64.00609103757863,15.69505726194247,3.915690728155068,0.4408254157056531
187.08836327249855,83.39049072775963,23.913361917409386,6.6874747445345655,0.8680638309039627
304.7420500300855,75.96100211533609,11.98602116251263,1.826149077920987,0.12777088760261265
7595.172473021669,8901.060716376489,6705.236956594576,5064.73664351489,1705.852544444475
213.46018866741505,139.48268308915235,56.78907678642776,23.42888141262972,4.308660756152174
181.70626711431188,64.84627398791167,14.420253696284753,3.162776509863377,0.33343939115207444
208.7853971797459,103.59359468587728,33.92085967238165,11.565679501929537,1.636885672253628
307.4017003251039,53.38436902289048,6.099556070680535,0.7271861359643713,0.03571412167153796
322.4736726611429,26.19791084436936,1.4838343805565573,0.07634976793133598,0.0028186335682019487
96.81565755368062,62.47992716465431,26.294185756245547,10.31906374162827,1.869108586303035
236.63762328245528,175.68842153000585,84.34816002575464,39.60849791620663,8.336893980594809
312.5609939966427,4.809787109659191,0.045233823227955876,0.0004280347453593012,1.8545563160707191e-06
231.54766561317155,100.00518464980014,26.761759902436427,7.177616259282248,0.8938534088676388
210.14829576921073,134.61998834877474,54.83003155773635,22.833117394038144,4.1926558615319545
95.55550270208411,20.901180088458993,2.7489461365128065,0.3651674094599815,0.02226772532618839
138.70749539999855,43.51118586008841,8.160853872209588,1.5621673133143779,0.14435902981463727
408.93551721352594,301.7529638848564,143.7298502897291,67.87457563939901,14.301420959093596
8487.75886513262,11889.880467624218,10696.956075055792,9627.593242342984,3876.3880685717
7317.994091212166,10389.875977547801,9438.042737094795,8577.831213411424,3482.401539001574
133.1745461448995,149.47785649123543,106.21975771657823,75.43082765598066,23.826080250077133
1186.9192588770268,1629.4760845438036,1439.3063933018564,1270.4760614726154,502.7239799546901
8419.768505850114,12024.755216201129,11026.708669015172,10144.328350315482,4179.029048209517
10555.544187212097,14706.05709022957,13121.05449988984,11744.710474061048,4706.959376574254
9370.610485075415,13769.654878640853,12989.206149946398,12288.687454930674,5198.133680798041
8318.484762130143,13068.91729618316,13173.78568680711,13313.358127137073,6029.588912509591
9864.276157206225,14330.512924832386,13352.765142941795,12463.321973341479,5204.961839857549
10741.59325003192,14990.842385940308,13389.503542642271,11992.168438984685,4808.125853436993
8080.5463229182105,11939.230125286213,11269.426742574207,10670.90371318737,4523.928426162461
57.547764071350876,0.018455783208242496,3.903027939706508e-06,1.1645653407664391e-06,0.0028769621096317345
9524.494319437537,13291.478284759476,11895.330665219548,10685.09179119903,4296.677231697943
10267.335779404719,15206.598991590674,14436.822586512932,13726.664046023861,5832.900624806467
14355.40554828632,21528.39946990581,20696.767107320135,19959.668742734244,8616.274078125321
238.1326306393818,276.89424982056613,206.0076562379637,151.06379067831367,50.002760845719195
392.11023898647977,219.69840635326713,78.87540722734104,28.08085494726714,4.550582588012576
1.8995096907019615e-08,6.135953896682158e-12,1.2858612078910679e-15,2.7106424706722043e-19,2.6158472599170418e-23
292.5860933448063,371.42918202170637,298.1978123283581,239.4849064847181,86.3570992638955
1.9424600000000002e-08,1.9389100786984265e-08,3.591924532439478e-05,0.06989415889142638,60.86012651906639
1.8995096907019615e-08,8.549813544936455e-10,9.852198001482728e-07,0.0014814979637866633,0.9970442210959194
108712.85551800908,227134.2918068518,303349.8719005863,405636.6304964853,243074.40990089043
9630.856541241408,5727.519729016596,2205.4518938240476,852.3969414017923,146.44447932704102
59927.06057313725,109020.75513804903,126773.7622353104,147394.3420433655,76743.18252546988
44176.76319352742,56025.46278795691,45573.46786137249,37046.73730644544,13493.744419121793
17879.649988713903,15244.664061091013,8347.418864357383,4562.6826585584295,1120.2724163871032
123.61162708677703,84.06847278847377,35.805568400422786,16.46900164449634,3.339910425686222
4824.795803614709,7073.863011518963,6632.8933760399905,6241.455464045589,2628.1067487267455
261.7801607241169,340.6210608924279,285.0175720347033,238.4007329927949,89.67607922887144
2063.0048997588115,2414.729436688759,1821.0774095802944,1379.224852678715,466.7320642842111
495.19708926874824,590.77695033165,452.74970765393203,348.30412168809454,120.81219517917674
52.57485940928476,29.5831819200743,10.667782773277857,3.7245500672619802,0.6234124478292061
296.6772207486378,391.10453639140064,329.5574230557818,278.0314887347456,104.1407227838863
9553.914779740904,12297.182902647926,10136.775852242581,8362.397998613822,3089.8442193070077
114.81083262402599,196.118533596166,216.21958675538042,239.59664905997607,118.62150850565345
146.1565068965251,171.11057656332966,132.59330745567223,103.64803399292835,35.746107905415066
232.8335475880446,182.3225618356129,92.04991447478733,47.29338339407383,10.735265329406756
199.4574158514401,329.4535655051291,346.65634004950135,366.38161242082083,173.4416049463549
7358.653145608561,9310.72403876527,7571.453714831119,6164.863270342839,2249.6479690413566
944.8000075167305,1042.1708319508978,735.5842457952552,526.9961240292514,168.54261510068392
156.2533105061821,261.0620076273678,273.2118033041822,288.84707640070644,136.3103199243819
92.0528650397536,122.82384971511631,106.4396308712689,91.77818653565998,35.126577857184316
95.76689347585881,165.0306294537542,184.23818991559222,206.65566126614553,103.14006957872432
202.26292093870939,226.00155714556422,163.13137501740238,119.18333160554911,38.41589688645543
6515.529931172482,8724.877869777021,7487.376070701609,6434.596585842575,2469.1693601952497
105.15097012053019,173.54302712805344,181.93944201111498,191.91604193520763,90.74178293214237
208.39070096158983,284.39210905984083,250.0247347229252,220.99308624328717,86.8908573917621
87.94860269942741,176.75226312157363,227.02199979671158,291.86031129042084,169.1600124968776
1388.8832580056617,2177.0868156098895,2186.8885749402148,2208.161594147567,996.0987613792532
77.01163061977758,11.538537803056506,1.0458063610093165,0.09560817498205218,0.004008877552170069
76.1457678337617,111.18707292735104,105.12210623409702,99.9504540795327,42.43941586601812
14322.143317017231,13066.039010685308,7661.29084906415,4487.335264299486,1182.393803994694
1.8995096907019615e-08,6.135953896682158e-12,1.2858612078910679e-15,2.7106424706722043e-19,2.6158472599170418e-23
185.90546380995815,59.730086074936246,12.366159982225518,2.431416177145416,0.2197448714735838
316.5497793827381,101.28584679588961,20.960109719405295,4.51756219893878,0.40854313014804583
231.92978602095152,219.09473982161097,131.75167910979167,78.90793008519584,21.526191118257604
327.8975321048782,108.66177933486867,21.413236759010587,4.272009263848413,0.39178082754495724
4779.817648348086,5609.524404804971,4185.542326182985,3119.9666778451065,1046.5428434456398
112.99579078246853,57.927938363384065,19.122740596936104,5.965105911836327,0.8573680265366638
263.1113905782743,205.42510064923928,99.85788496896284,48.04285563860572,11.03469726658483
65.3578071091778,0.020960405880619613,4.360871901160604e-06,9.126685600307707e-10,8.744094368506828e-14
316.2592704700927,24.369932589066757,1.3369280717271985,0.08074202612976891,0.0017646644210262434
1.8995096907019615e-08,6.135953896682158e-12,1.2858612078910679e-15,2.7106424706722043e-19,2.6158472599170418e-23
2046.360362009924,2904.2243783887275,2648.1664208073494,2419.556370782737,989.3140405469516
76.18554965998852,0.024563366307666454,0.0006723026231794703,1.4070339164028557e-07,1.3480509665306667e-11
28303.98621358658,36697.3579219323,30558.113800279818,25544.40077242045,9542.392395248018
32902.45655337059,43583.700736872495,37094.66341812948,31687.873334313983,12069.452547377328
54282.40536586521,77425.7314515921,70919.8283117672,65149.27282789151,26730.86721684868
35507.96237038269,47592.13990872831,41017.09730875412,35368.63685434216,13594.28619046098
54122.727997766415,76962.86495427295,70335.00944124241,64519.78702181802,26438.583602228908
406.3527622557966,143.57225914075127,32.31503555412475,6.964294826801863,0.6901695542256681
73144.57243512632,229543.64996207986,462394.8098673714,935472.6985265751,847979.0524283367
272.4105348107752,122.58033955155796,34.73109155124167,9.80747497397417,1.2347408363770684
23861.31407259676,45270.749546074294,55201.956019790465,67560.24979365824,36993.870721768435
247.3910329531176,201.82644362472305,106.70709556082402,55.33477098154016,12.933608396948053
55274.67698334557,76671.25442306146,68419.41779545064,61217.93942006988,24476.696708229254
351.28545905321596,154.25806682299825,42.97650295531157,11.687501627822822,1.537438787483211
519.1692188973121,304.4568218616363,113.2514467065095,41.69526048541226,6.901796197454234
59977.38294278941,99217.89436440206,105426.69242404755,112416.62059502778,53581.41229479892
443.83082732225967,174.68093916788266,45.42231230333689,11.729919103683455,1.3891984054804576
308.87150145562316,247.6715381010134,128.86038412786547,68.2824240254956,15.520929654326508
229.1810076229805,82.75170872267854,18.754295208097354,4.332062313968039,0.4383748010538788
49466.17400400653,74613.39210232116,72366.20298376406,70450.0076309266,30674.294081401968
551.1239022340009,236.23601785233237,65.22366864461739,18.279991709815725,2.2108200658932127
382.4590775002315,300.5156758704255,149.20703254563804,74.26927372319483,16.287179349176697
60590.22171883883,87110.97084108142,80439.57784471948,74633.72699375502,30987.749444342004
68244.13599778751,101672.08879348326,97307.86080740849,93468.46049318428,40162.08630234769
375.6181041852529,321.17852216564233,172.07344098391266,91.60820248465761,21.71538325840431
418.26627352738035,193.37799884508678,56.20905366484165,16.036627974174053,2.2039424901093225
365.36276159300985,270.89142422007535,131.94140961265649,63.324377201625175,13.313728144218922
325.78900564427,23.327870076241283,1.016739595832959,0.044632834356124744,0.0008977483791017029
47301.53666802442,104738.88086084368,148878.02174968255,212332.31644011976,135422.02520752212
22100.307590074186,47153.936929743686,64624.447215644286,88870.2944277631,54658.93782606362
22497.730861434055,47550.260666258575,64549.00789451824,87893.7389162515,53436.25343214846
57140.790763738485,91699.39267682939,94505.41322550253,97711.6256848209,45097.42448414387
38777.214225398006,88330.28085755621,129200.97168801224,189517.0016287775,124348.93727440161
38840.77410805787,55824.16189462215,51528.11619719752,47681.19748207259,19710.646136281975
67649.71390765546,100684.75659379527,96332.64094250902,92462.21051170958,39695.39720778889
36086.296147219364,51278.66138895506,46792.43078263948,42807.0612346667,17502.118138995782
49026.0246356588,70186.9351544471,64540.34267928054,59481.488182712994,24522.88459650267
47604.1054361598,105188.7556941216,149225.58005900387,212498.7364224006,135469.55504599103
46991.11276874994,62788.577568780405,53954.88082615,46416.55535970129,17799.541832368017
60326.67609242801,149817.37602361853,238718.91021084815,381522.4839157106,272784.1170193338
46332.54127322209,62062.020159365355,53419.26238416425,46095.84992338197,17784.332928583528
38970.718787475176,57014.547841133164,53602.91087580582,50599.094037090326,21352.42692009999
32106.13996113788,47085.553661488695,44336.482202018975,41879.565189077315,17679.197405509727
61754.118379371466,93883.5501782437,91605.72599537237,89707.99831798514,39305.61159012311
263.52760031803035,70.28363130606023,11.44936834957697,1.87903492422785,0.15195049535548327
204.2139477716435,28.982212503150745,2.600866287508866,0.3222763585784736,0.015575269470812626
572.9190035592292,457.10733868985716,235.5181270816726,121.35529623926973,28.274034651286307
319.5914360549513,70.90095224530658,10.612537554794931,1.4823889399310914,0.10748137347508802
1040.4732993638393,670.8474452640594,279.6180168321256,117.77489802007764,22.406264664566244
10305.671805440874,14951.625601321528,13895.343787842276,12955.40056241765,5405.764857438186
226.6262776003122,182.50940909614673,94.20071345056992,48.093339595668475,11.146055042505932
356.3850230456439,190.87168776535495,66.320876959277,22.059435000630447,3.5045374635360864
1619.4360109658837,989.9026435702588,391.033928505358,155.0622796999183,27.28207318174205
344.2485707133183,299.2125193956207,165.1812317236009,90.70751464090685,22.454794873194157
154.72542059414016,217.39541964046646,197.24703614802056,179.68012669513345,73.25529242017308
307.1145716695794,71.55241595061639,10.04148337514442,1.4401304655792877,0.10348453767422919
671.9456962691658,394.4248646949105,148.5849264385384,56.13090319351652,9.75930245108607
614.4570114917908,486.8206874435273,246.8719812854571,127.80331570354858,29.896768505393812
377.0689775794263,178.95201427864617,54.11119692601658,15.751793776229064,2.159702971559535
482.67695460848955,316.5581162339605,134.3470773430204,56.61847280683463,10.47186183059491
128.4394276713302,131.15155327390028,85.75344320639857,56.41697153643855,16.59333127192651
5111.582288525896,6070.946935122334,4636.90307709769,3559.5878084597434,1218.72470759148
398.1838392717733,13.175640848907822,0.29407723893200166,0.05928071293196265,0.0015498105570989238
177.58449611222483,206.08697446589755,152.8951788302687,115.72056418739346,37.75640053687106
7329.216406326134,19409.605682702077,32979.93593696591,56172.4565719275,42730.68634357219
323.62094837709344,93.93343793064881,16.730924847561973,3.259167493641271,0.28515918230686416
171.44683162452864,188.77035430369622,132.39566276140175,92.25486891619902,29.496749471185318
6144.79839653803,4261.167616284015,1903.2420501415463,851.7381384054712,170.38048206290932
145871.20071667762,174579.37392771197,133990.9630952639,103189.04508765164,35583.06192496056
39098.636346474326,41355.440301576404,28077.632564746833,19150.496431088013,5845.229919869506
29761.170533294833,33140.62912141479,23666.55738069085,16982.41343001208,5454.320427343785
47009.4950211131,50841.1002387898,35186.00261410284,24390.2756234616,7564.537677469394
1.8995096907019615e-08,6.135953896682158e-12,1.2858612078910679e-15,2.7106424706722043e-19,2.6158472599170418e-23
4809.32221535386,3225.0176902815297,1387.3606602601799,601.1060750000457,115.95810618750365
9454.094060900754,10681.269425943456,7746.7347508331395,5636.4147620396025,1837.9948845255637
5475.4230456581245,3683.7520832856935,1597.7646827248093,698.8953467882818,135.78535541733308
1.8995096907019615e-08,6.135953896682158e-12,1.2858612078910679e-15,2.7106424706722043e-19,2.6158472599170418e-23
1.8995096907019615e-08,6.135953896682158e-12,1.2858612078910679e-15,2.7106424706722043e-19,2.6158472599170418e-23
93679.43459400712,100375.24045551938,68871.78660934095,47400.37894141538,14586.3356489327
33476.50192425206,39460.990241113504,29751.564491439723,22508.76598293197,7623.821188894232
4768.768695436263,3542.176915556809,1696.5094235912381,812.3496702554728,174.81537322049738
19085.706703164513,21399.956027094013,15370.632891197598,11072.32309303684,3576.250701059938
11669.195892592024,13711.440966869151,10324.967127982462,7803.012613540951,2638.954262915332
7893.899889244194,5459.003117663741,2418.9593071772947,1076.6216016032138,213.80844924867912
2681.78498226451,2281.5726556247128,1250.7137404758414,682.2000095452943,166.39646677617813
22449.653205339615,24061.1900239195,16566.654009535803,11435.556811279577,3534.2164676808284
10556.98385379487,12687.551684177248,9778.697349381553,7568.976602407991,2625.4190654919075
5758.73285024517,4531.2944959354745,2298.652980535871,1162.7038030752944,265.1096920579041
21790.098371278546,22630.622359388046,15119.159102390906,10141.862653426399,3048.2199066135354
6857.159085223964,4910.6107812504815,2247.853056208587,1034.0641657592942,213.02673472841053
6058.495772006273,3404.882042457589,1220.6535868890678,439.6232765804252,71.54461652021405
1.8995096907019615e-08,6.135953896682158e-12,1.2858612078910679e-15,2.7106424706722043e-19,2.6158472599170418e-23
6863.87861770537,4765.309889067916,2130.5369272235625,952.5373215141897,190.5523939901044
1.8995096907019615e-08,6.135953896682158e-12,1.2858612078910679e-15,2.7106424706722043e-19,2.6158472599170418e-23
14326.630918075032,10262.280839696905,4705.578081558882,2170.6118630198844,448.0435647461142
27697.954127908462,30070.135093939953,20969.260713101616,14645.942562702141,4586.748059537385
2437.91727036893,1716.8902890231418,777.5993272157867,355.23122048152544,72.95389644241513
2481.6745755514016,1619.9555988422057,676.4380120503733,284.1449816340405,53.21809090568473
6081.980650495861,4092.5384200685844,1768.7639154183487,770.1117147469613,148.28338745270287
26472.544421865885,27355.03761224425,18146.13378375415,12066.02352261672,3595.6167198563107
53829.28346083864,52908.753982159054,33350.440669880765,21060.924705624762,5939.984809624736
3846.8333331096837,2868.5815937638286,1385.4999395069108,666.0976149529314,143.16775170929253
4788.9572861933075,3568.639006615844,1703.2445898895742,814.1826503607049,175.48756657996472
4575.107703009396,3366.745172562312,1595.9094695287795,759.3841284017783,160.52899996788827
15692.001681646556,14250.984121590098,8308.753636223551,4866.374006968996,1276.9830198613631
25900.298850737978,28183.899178266292,19698.29917741591,13792.185246445168,4326.162434376866
28848.917609201766,29681.460103375808,19570.188179769782,12932.48923900842,3822.919281298962
6579.465800157034,4499.681854817196,1983.3163252563288,882.6733241288513,174.65975063872867
16756.33641032617,17705.157782063794,12030.007678310289,8196.724993081805,2489.953143777619
1.8995096907019615e-08,6.135953896682158e-12,1.2858612078910679e-15,2.7106424706722043e-19,2.6158472599170418e-23
23686.470443561357,24254.86984459257,15927.626901144184,10455.914839363795,3065.0858245700915
14834.034771339704,16728.141893956075,12104.814194991422,8786.855302199947,2850.818904538399
5977.408609674844,3451.8870094220197,1282.6784944678523,478.54647607884385,80.1702144806775
8424.173315259884,6648.962167437817,3364.09226475916,1703.5114454240174,386.43227591820494
1.8995096907019615e-08,6.135953896682158e-12,1.2858612078910679e-15,2.7106424706722043e-19,2.6158472599170418e-23
4305.445886446504,3068.2419886621346,1406.554653188236,645.4387513644997,133.13347130269779
17008.952019941098,16117.430542149224,9772.328822151218,5966.777403098315,1627.7812162224964
5912.206869336,4176.334052948182,1903.90365513564,873.2643005937475,178.5205615041442
7248.608443550599,5575.32795361957,2750.647852055095,1355.8086062600453,299.3917606324179
1058.8898019414105,588.7188205776228,211.4106726513975,76.33400503587293,12.420895998432908
3567.8021090641155,2279.209945945263,935.6829287295819,391.0934695080916,72.51069363358828
1.8995096907019615e-08,6.135953896682158e-12,1.2858612078910679e-15,2.7106424706722043e-19,2.6158472599170418e-23
27283.089551698526,30114.8798199456,21358.052810949197,15235.666256949124,4868.102515889965
27509.12652940028,29608.358226444907,20456.192812583442,14222.019400373174,4415.9224451350365
30133.59014013693,33307.27006680839,23597.786183647026,16758.965544940445,5326.573288588796
25398.481178100534,28190.9002516212,20064.257631070213,14348.768206751385,4593.224155240097
35346.73334087378,39250.15548160011,27961.195075996755,19967.344956867502,6369.539941541377
20360.930183144494,22189.647198666065,15527.63276246339,10926.99433228022,3441.8464568116688
1.8995096907019615e-08,6.135953896682158e-12,1.2858612078910679e-15,2.7106424706722043e-19,2.6158472599170418e-23
8852.625241650036,9362.942342530307,6366.082808321405,4367.490227546497,1336.5933477990645
6385.92612402638,4992.910765480769,2498.3813672618608,1254.0910450336714,281.8803975933533
7396.963508693397,5485.00373860728,2610.7589159893573,1243.9122455163822,265.5509530287974
6702.279629037549,4661.148517705052,2075.5213300576584,936.4267333532288,188.04413390498598
9346.493912027274,5925.426150203336,2414.572431748265,983.5020826602835,180.45727302698475
14206.13215073361,11875.576888057725,6370.754540161277,3443.946711556739,835.7324416536144
48194.26485063206,54133.85188671484,38962.45020760793,28114.373854082365,9089.634039885526
38085.061676218415,39778.81211908829,26643.284433595927,17904.67966978159,5384.1228787452155
3947.67083501986,2921.875423439871,1389.6870322143275,664.0645958808362,141.93200199510986
32004.161794634216,33938.08735626194,23114.18439328494,15809.090246299898,4828.769575795009
5749.261421897311,3924.2308299485762,1714.4180498872286,752.0278427969942,145.77684099158233
3074.079473627142,409.2781014061439,33.00858020192783,2.6843570194043243,0.10010288747368276
15722.430403337847,16380.125989145461,10947.644032589644,7321.361230331133,2185.114594835578
1.8995096907019615e-08,6.135953896682158e-12,1.2858612078910679e-15,2.7106424706722043e-19,2.6158472599170418e-23
20774.76144748562,22055.572889933577,15034.205642333025,10293.912402351245,3144.676944936338
1.8995096907019615e-08,6.135953896682158e-12,1.2858612078910679e-15,2.7106424706722043e-19,2.6158472599170418e-23
1.8995096907019615e-08,6.135953896682158e-12,1.2858612078910679e-15,2.7106424706722043e-19,2.6158472599170418e-23
13704.884842814201,13856.597336405253,8964.36091964733,5812.662507889767,1685.526394971699
4317.904992683736,3338.3161317669483,1660.0648370832964,827.068783037385,184.9305721402501
7664.797315626009,5370.4860527041255,2423.010178253371,1101.2493935758857,222.42103957188036
4750.910725664899,3561.361263695333,1705.7799695158099,819.0078217047994,176.72867687841233
26900.455822005773,30497.54795549743,22116.769092524126,16065.703424757043,5217.10910493821
29711.057842368507,31591.981912129922,21554.43332325549,14775.6489492936,4534.139640371288
7509.188079726633,5008.845022396807,2144.2732004740483,921.7531055771033,177.744381216568
5261.522846229267,3917.137026241965,1866.7989505849146,898.6412308722304,192.63257873294745
1.8995096907019615e-08,6.135953896682158e-12,1.2858612078910679e-15,2.7106424706722043e-19,2.6158472599170418e-23
1.8995096907019615e-08,6.135953896682158e-12,1.2858612078910679e-15,2.7106424706722043e-19,2.6158472599170418e-23
6118.350473034158,4414.553151607832,2038.218347543173,948.3921685738921,198.5113244128019
22879.796600859852,25318.566079923483,17920.0678598682,12716.86990441692,4040.2154922374957
1030.786239452318,656.867049331754,270.70711756421264,112.22387941100932,21.00664791526856
4782.448470853344,3458.049388608018,1605.8884994658686,751.0349487606718,156.44438862528918
9297.01678409489,6780.447693856733,3178.0349353902902,1490.6365042552027,311.0349129271438
5509.522929438823,3879.595932709441,1761.2292170319624,802.1320523941064,162.99062884152139
22234.99985020745,24282.495179166206,17048.732480533603,12004.51644023214,3780.5157729365524
1.8995096907019615e-08,6.135953896682158e-12,1.2858612078910679e-15,2.7106424706722043e-19,2.6158472599170418e-23
9553.611028807902,6523.198549493673,2859.843378873345,1255.7258264845605,246.8653558200409
1.8995096907019615e-08,6.135953896682158e-12,1.2858612078910679e-15,2.7106424706722043e-19,2.6158472599170418e-23
4780.3458679240175,3973.5829724849937,2115.8260917587118,1138.3361334816009,272.6071889570771
11887.763946667219,12155.80449886452,7960.943087235936,5220.76506964882,1529.5429695238045
31408.7239307019,34370.20641345718,24088.25792327791,16912.98443928833,5305.075036220473
7067.537715494309,6333.495463753089,3637.9828323400775,2098.325331173505,541.6991971698993
17759.34699780288,17885.198142973695,11571.575692065793,7506.384207790335,2185.8758771510393
1.8995096907019615e-08,6.135953896682158e-12,1.2858612078910679e-15,2.7106424706722043e-19,2.6158472599170418e-23
4044.594669401369,3023.6383860053215,1445.3852883516513,694.3361408966705,148.82005259190421
1.8995096907019615e-08,6.135953896682158e-12,1.2858612078910679e-15,2.7106424706722043e-19,2.6158472599170418e-23
21500.645297582538,24266.973073883903,17544.246242039135,12767.367676472188,4160.044702974378
6350.388338355251,6762.8205959838115,4615.883512959287,3163.4470984081036,967.5350050608213
26534.360939964954,29529.37193102481,21017.42785345249,14990.385824897092,4782.59624992968
18883.862894307393,20572.65982341794,14378.22444827776,10080.697228495896,3160.901759030171
3563.493721288474,2597.5757726075362,1216.3648070725446,568.703880180805,120.07549783856135
64965.953513340726,73505.86130595277,53308.62222388243,38760.10882080202,12607.472473667893
5525.25568368319,4233.052917018921,2067.3901525713773,1008.153195130043,221.50044217890675
4224.888840013627,3081.0195755386912,1435.1075585790616,674.0683801744948,142.24556736263
6655.1322866308,4883.005339927504,2296.5570494775397,1084.9389296546676,230.96618713734912
13196.485196852387,14610.714782634805,10376.810833159769,7402.0152011726195,2363.3971570426597
6748.205571295174,4631.75630938537,2041.1240233579983,902.9442103048025,178.0229150108336
6069.741361133294,4550.638073439788,2188.347334390078,1051.0516411456695,224.85640346458965
22727.717964843156,20440.53263073456,11811.524444799878,6850.026023221776,1776.637089925588
5496.384807801712,4133.629319014258,1999.1290432938556,965.229939722469,208.6011594380657
23720.87483872137,26196.436213071134,18556.269519584257,13194.246499566358,4194.086462181209
7259.3921490424655,5146.424706299308,2332.7695629430737,1056.7200007640045,215.29526525137953
9431.43474033237,7142.072505513147,3461.619991867835,1688.7187303108417,369.0295100422812
5276.853399285748,3993.527747196292,1941.6254104433203,945.6124304726654,206.08072686515416
4986.469309660806,3151.6926956193656,1278.0135653221973,522.6432620322662,95.49026734964264
1.8995096907019615e-08,6.135953896682158e-12,1.2858612078910679e-15,2.7106424706722043e-19,2.6158472599170418e-23
5098.456253018016,3816.6373861401335,1837.1081856312603,895.9045282849045,195.02643246266126
1.8995096907019615e-08,6.135953896682158e-12,1.2858612078910679e-15,2.7106424706722043e-19,2.6158472599170418e-23
30907.449344923705,32807.53398729361,22364.03631628919,15304.608586133632,4685.8284685947965
15857.610535227514,17588.459376011873,12516.61812856286,8933.785994866652,2860.0830473758524
1.8995096907019615e-08,6.135953896682158e-12,1.2858612078910679e-15,2.7106424706722043e-19,2.6158472599170418e-23
4090.3112676115634,2846.2090186476917,1275.6928946126604,575.1786981213422,114.42758487797309
1.8995096907019615e-08,6.135953896682158e-12,1.2858612078910679e-15,2.7106424706722043e-19,2.6158472599170418e-23
4870.421453566692,3022.5761633328416,1201.7241788691467,478.53287142074686,85.67139833748743
6763.014113576929,4689.556792158808,2081.5131642398383,928.9958731874519,186.114230999008
14184.803655344638,16413.408973395064,12195.180511063909,9133.34596798566,3056.5467825911037
21385.49455972912,24509.540787105692,18015.17363577814,13270.160946880096,4369.40232675096
44966.47528012678,43060.27257666535,26484.232120878452,16369.296863741636,4526.180769846485
5363.798253263835,3900.55344914298,1821.567226816519,852.5384214494525,179.69579680357214
7797.916384123271,5149.579748259344,2179.517271411595,931.0530200063702,177.34026793763607
6244.127726051511,4029.4672075035705,1670.3598388037235,696.535190280333,129.15429173238616
4386.026679017126,3282.8064268620765,1576.6160039631516,757.9829098583506,163.37312794245727
1548.6561337673768,779.9617405282447,248.42594316763495,80.07606776502925,11.306062285843375
1.8995096907019615e-08,6.135953896682158e-12,1.2858612078910679e-15,2.7106424706722043e-19,2.6158472599170418e-23
6902.583098242161,5323.849341709136,2627.6874325811395,1305.2464240331337,289.8939871444117
18213.657717731185,19750.899797253893,13765.819991743161,9631.111794685017,3013.408316366146
0.039036140017612374,0.06143334215219781,0.04649989355636288,0.03668750197156616,0.013472045750464916
17767.653557673853,19278.700758035433,13413.113924644926,9351.458221561346,2910.838256184327
1.8995096907019615e-08,6.135953896682158e-12,1.2858612078910679e-15,2.7106424706722043e-19,2.6158472599170418e-23
911.9936737389882,612.6269538729528,265.87894680342856,117.81937640235971,23.07221993492994
10021.74509252029,6108.622230514047,2393.6451806225946,945.7587616909385,166.433390522075
1.8995096907019615e-08,6.135953896682158e-12,1.2858612078910679e-15,2.7106424706722043e-19,2.6158472599170418e-23
9990.884691635714,7459.494527574543,3582.3312411082643,1725.6396927674164,371.3274366316037
29500.449314274556,31181.03644559165,21092.96770063216,14268.227064556268,4308.810878203876
18691.82621426992,17920.399013294136,11020.223853033473,6798.587373191634,1878.748242507313
36759.60788257868,40822.336988459974,29088.3139117057,20801.325031300996,6667.980666212043
6891.035444967856,4510.846574313271,1901.9121963119164,803.2578889383307,151.92272013527398
1.8995096907019615e-08,6.135953896682158e-12,1.2858612078910679e-15,2.7106424706722043e-19,2.6158472599170418e-23
1.8995096907019615e-08,6.135953896682158e-12,1.2858612078910679e-15,2.7106424706722043e-19,2.6158472599170418e-23
6302.006643003836,4160.5475367285035,1758.628496033221,741.7582921637324,139.99013771839094
1625.9926611548792,745.3246518846373,216.68219448236516,62.31187996172359,8.295262409062607
1.8995096907019615e-08,6.135953896682158e-12,1.2858612078910679e-15,2.7106424706722043e-19,2.6158472599170418e-23
6112.7639250306265,4657.109510265327,2277.5346608617197,1118.447462885336,245.4563733256561
37182.592958808185,41792.656385701855,30127.781903756633,21774.91275165462,7038.183565877524
6029.089630176265,4462.254620048724,2114.792807921526,1002.3864620693502,213.69061759100538
1.8995096907019615e-08,6.135953896682158e-12,1.2858612078910679e-15,2.7106424706722043e-19,2.6158472599170418e-23
28736.973991817053,29900.2160497334,19919.646840549107,13306.297722114265,3973.942828259175
5513.180124490374,3509.2490240507927,1434.0779520971673,593.6822416745539,109.26589578036358
16417.73267675707,18376.617986832287,13158.989798106855,9456.423283398255,3029.2594452969347
4532.785562999517,3150.6830369997715,1403.4172788572507,625.8673948152268,124.78762508415832
5872.71190520799,4131.317506112348,1857.1862234964938,834.5969046260082,167.38449053413305
26657.894293362962,30066.664804709504,21688.637949963333,15663.301641055286,5054.071676616528
4965.622568050631,3669.133800877899,1741.6665833724135,829.0630293677536,177.55289324678725
948.693096693049,569.5564415863802,214.65481242881327,81.63335333343281,13.942242095508238
5952.812740178909,3955.8650412649818,1686.8225137744805,718.6735258828965,136.64212361792852
10226.541459120579,8979.3304442362,5053.047788417984,2856.7495886380784,724.5139998743253
5907.076682654151,4404.397823885861,2107.186041945677,1002.7104969716452,214.19544625391043
3524.9690788282333,2623.662886557317,1252.916373863981,600.2149376130799,128.44139777555824
1.8995096907019615e-08,6.135953896682158e-12,1.2858612078910679e-15,2.7106424706722043e-19,2.6158472599170418e-23
20402.99744029774,22095.85879248485,15378.803419507363,10741.577985393407,3354.1513604555334
5814.769013325072,4205.757526058242,1947.3337285282614,907.5764240742815,188.7163543367229
4408.689051942623,3235.070399572978,1521.9375811690995,712.3277866343752,148.9835614566912
6863.936277886462,4881.306312212321,2232.042744412118,1026.0736476124218,211.07719328551383
4718.380563361077,3117.4737715589163,1317.3805893818692,557.4335782663403,105.08679787253398
5429.48006867296,3952.0373312548254,1843.0292883852635,860.7477181058891,181.0177588886836
5337.4890872177875,3803.8283484778904,1735.3002364577153,796.5635039188659,163.35460005503367
1.8995096907019615e-08,6.135953896682158e-12,1.2858612078910679e-15,2.7106424706722043e-19,2.6158472599170418e-23
4631.7425188367315,3545.757719323883,1734.6221883161543,857.3926701768002,190.25977477012805
6733.273891226107,5325.601903993326,2695.497781279395,1378.0241252050491,314.65876696069404
33684.90997781064,36525.496776804146,25330.06172902863,17570.609621622665,5453.504499298823
10483.458153381704,7817.725049569194,3754.0162525134538,1800.802966642577,387.4896624517077
11486.738730879377,10594.664814389682,6275.643088370336,3739.872041291485,997.2223158175563
4776.115811487038,3377.4985769998216,1524.89888728219,693.5165488980768,140.8487986914569
3460.5518326522256,3544.256141317018,2339.5845235714287,1554.3576233364315,458.76195784236126
6582.3457789752865,4463.7922655624125,1936.682672366231,843.0781517971951,164.38161110758134
6277.040039476741,4230.499882060361,1832.604589732986,796.5913991650691,154.91128094764144
15448.142453432474,15499.004656985971,9967.930792483354,6420.723386952924,1848.8312434811787
17817.487125201314,19247.144307238224,13316.188287041872,9220.740662719396,2851.5195045126266
9468.038331239468,9927.703903203772,6684.355858828069,4515.88510872125,1368.1893716586924
5215.365895204804,3810.6312122210425,1797.2747745566483,848.6560732771966,178.40935944379402
7254.986783608155,5265.104950297987,2455.83927157784,1144.0076825893439,237.87122590330918
4278.178915964633,3083.666903875875,1434.37484355875,666.5475355635136,139.2423283816562
7152.783393804511,4977.0983099053965,2219.0747161697204,990.7499963222439,197.9048077934812
6047.083198302366,3938.5683503667697,1628.7596168887817,674.2537166995238,123.96111750618576
6674.11490386034,4969.596822831545,2377.650517078303,1141.418211188317,244.7019689139816
6223.037625319956,4435.35288689755,2023.6343757688426,924.0237648585121,188.60768902469192
1.8995096907019615e-08,6.135953896682158e-12,1.2858612078910679e-15,2.7106424706722043e-19,2.6158472599170418e-23
7251.62797791263,5213.686795904609,2414.741144490307,1117.0870162991182,231.9561417594262
6789.5590756060765,4740.816541829525,2125.943001810084,954.8488501647481,191.10123762445426
8029.555066276607,5521.579065336766,2428.658842074107,1075.8455970760929,212.26192723510746
2936.8418071867786,2293.923685993604,1149.0534622386408,574.3353352592994,127.97718356344252
1.8995096907019615e-08,6.135953896682158e-12,1.2858612078910679e-15,2.7106424706722043e-19,2.6158472599170418e-23
5661.967284427302,4037.5539016840157,1851.6290161018421,853.091518270094,177.06439659055962
6169.146072095387,4575.828793821308,2171.0187958286983,1033.7934793986972,221.39704560278355
6549.263557113115,4424.832819780864,1922.7638122668316,836.508071730038,161.62542027393047
6245.8632639302905,4576.681342828637,2153.4709624265925,1015.4572077170419,214.97904378553764
6012.995177216461,4111.686241932682,1800.528984927218,798.2631631057145,158.0639117779354
4047.7620441660406,2929.1248886580674,1363.1047914272817,636.358785131246,132.08150804616352
4442.613491122055,3192.030087444345,1472.7329873392805,679.844292398018,140.5267790945657
6272.273788621009,4599.04836779838,2159.220743401319,1026.0338584077224,219.35553271470812
7140.80654805466,5447.537783729368,2673.8050011991495,1316.3258228343273,288.46637221847647
7535.908797086546,5375.545226883855,2462.9215608249924,1128.9234056019657,233.0846540803753
6582.620114630705,4566.232108984266,2030.6175454404788,909.1606124554089,180.76179780152535
4462.169596107251,3084.121318459536,1359.101377694552,602.818655913937,120.26548216936484
1.8995096907019615e-08,6.135953896682158e-12,1.2858612078910679e-15,2.7106424706722043e-19,2.6158472599170418e-23
26984.372781885315,29732.456181090864,20979.09444430764,14826.243715064491,4688.580210598985
6414.120641330638,3994.0392982654275,1605.952650682189,649.9674417470094,116.59387149074762
1.8995096907019615e-08,6.135953896682158e-12,1.2858612078910679e-15,2.7106424706722043e-19,2.6158472599170418e-23
9287.868644742686,6312.282909393297,2751.430047761303,1208.5353652384313,237.4641677710969
5623.851149802042,3943.292179831133,1783.8091562270276,805.9528793340344,161.5853961808157
6078.740845199542,4472.706815512119,2108.0036536942935,1000.329836375032,212.5736919831963
4076.8428995651648,2767.176807004934,1211.9134531699992,528.7697423192792,104.24106946179118
10952.931063788023,7734.128396510584,3491.996790228425,1580.5865369091157,321.14362745229494
12826.455306713286,15883.234238289284,12602.007957437667,10026.530649240061,3568.472855034492
12840.42832255563,9013.164198576516,4055.1048647323532,1835.3640553469863,372.7634105175261
4047.6684536038115,2979.969140039552,1412.2307692640663,671.8882394946276,141.89835522324748
5245.745318617063,3633.6131663793767,1616.4440091657302,718.17876592205,143.03644790063663
5447.668792202086,4167.761590095148,2053.388201371013,1012.6823198815705,224.85126776470875
3460.3007128990644,2462.6976398071943,1126.6765500028537,518.3722526454542,106.1976495589847
25050.528481082394,27108.268753169694,18786.26330416992,13079.96525879444,4085.7925422855487
6760.707490303825,5018.2933182769875,2387.8145405192254,1145.9276460112935,246.86694510864575
1.8995096907019615e-08,6.135953896682158e-12,1.2858612078910679e-15,2.7106424706722043e-19,2.6158472599170418e-23
6719.731600054592,4872.172844009919,2262.6618506914956,1055.5237124739867,220.03625959538863
6349.93033544246,4086.972087191525,1685.9824675416023,705.7278619131118,131.0851522582702
4206.903932334175,2703.1349638843426,1116.644207137205,461.0138818972052,84.15521213741822
8088.779360585432,5909.688805111083,2763.775000201039,1302.533760943293,273.16732991431496
16652.65690508962,15987.986843854704,9856.392969574397,6110.207585297371,1697.4138501857678
584.8232490139486,302.1825457156853,100.46300284539666,33.23655340980196,5.046453346671706
6223.225258024304,4941.977245956614,2515.802653270484,1289.6753993746686,294.6974491982295
2111.8809296100876,1387.9379352388594,586.4797908665705,246.2301587618994,46.70607802165449
12092.993211292094,8033.828898688294,3438.289714297504,1472.2556355991123,282.57506736332493
3847.208118367812,2904.196271153466,1407.742439101824,681.0736225310297,146.9095003321501
15351.539388850662,17682.8126691136,13090.021146406558,9734.152828916354,3243.1213459096502
14583.829120590572,8798.636798858286,3402.8782818784543,1322.3081729363612,230.8539186694416
7017.533588391865,4963.673258665575,2251.7553441248338,1023.2065329783608,206.3653720456094
5799.849739925849,4009.0588612376887,1770.7705957739004,791.9257430037107,158.9794062372912
4170.4400838226,3059.411592593185,1438.9631644181413,678.6010972844705,143.22920420793312
4345.115924479738,2863.017198560637,1207.2599770923407,510.9077332927645,96.64756315073626
21387.949400461628,22090.666569455974,14625.042851959472,9721.796504473057,2891.401821253878
817.080749576469,489.2935589595785,183.55591544013546,68.75037282481117,11.47177179438531
6767.423245149805,5106.8400083402885,2469.575167298331,1204.4915625923575,263.01777794256
5942.576434159848,4328.355886285699,2015.2760224002109,946.520540653479,199.0495492011835
6745.486491665202,4584.833736100691,1990.7273650983864,868.294636302474,169.17548729490863
5796.914170797599,4548.88760622464,2288.2399340442676,1158.9577684437784,262.58913364108656
5292.393527073607,3897.243275426621,1846.261454670673,873.9429943543646,185.46233203703048
8400.869029240435,5942.3436827970345,2688.6789749410427,1222.577992401998,248.36509538388722
1.8995096907019615e-08,6.135953896682158e-12,1.2858612078910679e-15,2.7106424706722043e-19,2.6158472599170418e-23
3735.8027801915973,2785.519485613112,1337.583676986596,639.222701635318,136.6914685626886
7255.760776561508,5330.112637352152,2511.2000254789154,1188.380178960609,252.4118445527914
4167.767315776628,2821.65820549644,1221.9656117542165,531.6209365657544,103.56419402099756
7412.438463725677,5351.792593522704,2485.016119372291,1165.144155051686,243.83107220068655
9759.652451255166,7666.815956681717,3857.519141749357,1947.542280790463,439.8651025459793
6000.588938290733,3926.7441601872783,1653.3841458490258,700.7546565089322,131.909540024006
6037.994716279813,4568.852015476945,2219.6389943557087,1086.4585678258377,237.58121677918052
5738.358827307049,4174.716515445522,1956.6827337261182,917.9490929154198,192.55944293629545
1.8995096907019615e-08,6.135953896682158e-12,1.2858612078910679e-15,2.7106424706722043e-19,2.6158472599170418e-23
4821.538668264086,3255.869038744199,1420.3513742763573,621.6275899026394,120.2560692357147
7754.86864036298,5755.659823296426,2750.3656866886195,1316.587779853617,281.2396033140385
659.6720603613385,440.13336054067065,188.07257514878188,81.36225302544395,15.410391564920113
11705.899482338069,8731.068780294218,4184.181579397208,2019.3998003586098,432.30722639371044
5596.412246519986,4308.1156075260005,2124.164070854833,1047.5829543615034,232.39793711957628
7319.755962324981,5773.311696885052,2934.811074159114,1499.9810131060626,340.73998716546674
1.8995096907019615e-08,6.135953896682158e-12,1.2858612078910679e-15,2.7106424706722043e-19,2.6158472599170418e-23
5834.34810019527,4036.006573686868,1798.971633408312,803.9678748440575,158.6876488002786
1.8995096907019615e-08,6.135953896682158e-12,1.2858612078910679e-15,2.7106424706722043e-19,2.6158472599170418e-23
4455.056816344027,3002.541983971802,1303.236675526743,570.0677880407445,111.00739358010259
1.8995096907019615e-08,6.135953896682158e-12,1.2858612078910679e-15,2.7106424706722043e-19,2.6158472599170418e-23
7937.731497517041,5398.518494322656,2362.4341651072373,1041.7101912738306,205.15473716151124
5936.757916705227,3926.438256758402,1671.675850732276,716.6318329605227,136.08143152122545
5287.798961285945,3954.511309385901,1895.381617780276,910.9708743417503,195.9154634068615
4540.7352025648215,3246.6605953988656,1502.704146939564,694.2611556908236,144.26504116867318
5297.891405367712,3542.9799680791207,1518.413096271901,658.1906761555563,125.5561599632372
6787.066940562356,4903.863354506903,2278.901005077729,1059.734280890722,220.7277527515931
1.8995096907019615e-08,6.135953896682158e-12,1.2858612078910679e-15,2.7106424706722043e-19,2.6158472599170418e-23
6753.858360095959,5302.343065988293,2663.245489884141,1344.6731440609074,304.5968778379089
6731.25659926782,4639.754905075181,2054.8798240563206,915.4500092727183,182.70218298767426
5180.554211660201,3867.6727415816413,1850.4404605729346,889.1313654435467,191.011363943557
5245.53968379279,3886.337109332639,1844.9020468530564,881.2100965030614,188.28501789223273
1047.909272017094,651.3041184123872,259.69012079524805,102.81975329561146,18.131862275385526
7040.555156336328,4883.713131134188,2174.690758668635,968.953005784133,192.9616088767187
4710.316834310041,3436.971561985147,1603.5055126381103,750.5690106721084,157.6024841134084
1.8995096907019615e-08,6.135953896682158e-12,1.2858612078910679e-15,2.7106424706722043e-19,2.6158472599170418e-23
2984.328204558863,2150.9662762991406,990.5868083959969,457.192004750177,94.23312852328525
4071.248442396491,2995.776752705174,1413.196793635269,663.0290420937948,138.8853409799706
6495.358800022232,4418.7786564279095,1929.7438760036462,848.2308096390348,168.6685250183415
11407.881434935483,7834.149792483883,3446.068772048258,1520.5273172043444,300.5160664848531
6268.767382074901,4451.974753801083,2034.2691065703273,927.6589935359194,190.09927053922445
6708.6333755176365,4803.99378907177,2201.0644867698566,1017.8897977386795,209.94958753858347
6397.508201297281,4357.954209580202,1897.2181555646612,835.9075761695341,163.62830613639284
24527.18511117058,27727.378203901866,20087.03052554958,14611.669110594095,4755.356317362711
1531.863639870164,786.3959610755563,260.62154431056604,86.47462694718021,12.906471768425606
7500.79045679202,5475.9003162943345,2573.0333046697115,1211.9777226336976,255.27455444106633
7805.686764757628,5422.405240961798,2423.2457569294006,1078.8286622435874,214.0634630489986
5445.787942205329,3991.6585686856647,1877.5046636385105,885.6517893889667,187.02023222112177
1289.3010645741251,514.9362327890124,131.08802771166975,33.32484211736541,3.740064775677112
4849.457262547626,3298.194120225261,1437.4239661700476,628.696540007006,123.73947857481764
1.8995096907019615e-08,6.135953896682158e-12,1.2858612078910679e-15,2.7106424706722043e-19,2.6158472599170418e-23
1766.9068138179716,1100.6230305178487,443.1420295948414,178.77159242291776,32.05853145234866
5819.0010919204215,4114.500226099242,1877.787793751578,866.009274980746,178.16867382026547
463.5411938073338,692.5493568367041,668.1579035424302,640.1694904802633,273.4189635755514
7398.895386840085,4817.059984552545,2026.1548336435678,856.096781895481,159.82290256069905
5039.318870253256,3674.034197706608,1727.283172007704,815.2983476418274,172.36816299675763
4006.7847133302344,2862.0765798760144,1322.6242658272208,611.7448358397122,126.11979604570182
994.3427941932453,477.9391074084708,149.18230570505597,46.5340393975905,6.378486112477664
13747.927201618064,9501.138438483471,4217.019112482465,1879.7600051540278,376.8600099541855
1338.1210904544162,662.6092488964601,210.47544228557322,67.19685780762089,9.685122506418116
8322.691731794834,5962.982982130991,2740.9490519638903,1272.185383253662,265.20022988249787
4397.6047548074275,3107.806432858536,1408.8156333216073,639.7886441836224,128.82206198544938
11036.756259188973,9948.39382705621,5765.510767647071,3356.074734273186,871.0460783951102
7032.40804398764,4447.0522341714895,1800.8361534150854,733.2635959680974,133.6820327081694
0.10742725101285318,0.2158210857730075,0.24410782630447836,0.2559600604349149,0.12560787751873864
920.8094330169035,389.825966990286,106.26133397489481,27.96420538520506,3.400874419898128
5532.180269702381,4262.524548095191,2109.0815735165943,1052.0129245714656,234.64341493776277
7413.551816571243,5072.930067682934,2226.0013973099567,981.9581044505967,194.293708848297
1.8995096907019615e-08,6.135953896682158e-12,1.2858612078910679e-15,2.7106424706722043e-19,2.6158472599170418e-23
5139.855740414746,3609.0266658339165,1624.2831519413994,736.0783531658175,148.3739791475256
7694.09235874601,5218.871267955751,2278.4111967165722,998.5447545010379,195.28930833921547
3275.906560517174,2430.5211755426353,1153.246275080924,554.3617343530394,119.44059416983958
3008.0549641712614,2141.575875260675,979.5668095319359,447.6041974735077,91.82970334292229
8153.453985681897,5736.154143531865,2584.589203045137,1169.672959689132,238.9385390153264
6260.154208172659,4469.62081369349,2063.4235257087175,960.1016299176254,199.44394780821924
5646.554368690727,3716.5881647667793,1575.3698443468409,669.2727959973064,126.75815591441739
7516.342612741291,5934.989397309275,3013.7606294013403,1528.4068584682752,346.2809927974082
4851.58166453325,3073.1528282016047,1248.4683131504655,512.362891741874,93.93716728656403
5316.76566979959,3897.5779367912555,1833.3834975974937,862.094240833192,184.79077309286566
6753.95800288359,4748.908549178331,2154.6876161991263,972.2783894644905,197.52458110012725
14930.751000854325,15962.438624371722,10945.592572741525,7531.79130208153,2323.5758172683754
9947.288992062513,6979.637335284437,3138.0589304086407,1419.7099116851748,284.71680746655045
6195.718049413014,4438.708992742859,2029.7735750759468,933.332962866994,192.71633458634344
899.212960098266,458.1889043469869,147.81985653878343,47.75427487043046,6.952173473795527
449.31082741646173,500.88589938466515,357.0468239382434,255.272571291944,81.85862788858128
4754.118335949096,3163.094865021429,1337.5736974953102,565.4607809674058,106.92502642815454
28197.496343289935,25410.767169508516,14722.200680994933,8567.282120472653,2227.406841917318
1870.058635161095,1156.8368450654086,460.5533214026908,185.92710028146124,33.42463201891016
8156.2522722699605,5509.3897069239565,2383.5196882369714,1033.7805110476727,200.5928998279547
6748.453252180415,4812.016418184345,2192.6561597306118,998.5949778127036,203.94880062132708
6007.474764156672,4260.9339842059835,1949.3320870574105,892.7098492946185,182.20793773836533
5962.322761226,4102.1307853282915,1807.3060376425121,797.1423191148796,157.60136886278593
6398.654424740889,4235.725789090109,1790.8094423219723,763.0848462611463,144.73396852539463
8817.939744940892,5696.2893050733455,2353.458295764314,970.9066930635576,179.1330566804628
4069.7285111274687,3057.2733434179163,1469.6875012036617,711.409492746348,153.78987660104326
7752.361273114326,4907.968894442241,1993.7026679728883,812.433092875944,149.20075018543682
6243.202193460408,4886.056927598499,2466.9171604467965,1252.3827662865867,283.6678827464954
1.8995096907019615e-08,6.135953896682158e-12,1.2858612078910679e-15,2.7106424706722043e-19,2.6158472599170418e-23
14254.227579578774,8080.951175981499,2937.1131892581607,1079.8065567433757,176.43564149592487
1.8995096907019615e-08,6.135953896682158e-12,1.2858612078910679e-15,2.7106424706722043e-19,2.6158472599170418e-23
3642.0398317556446,2384.2567099826306,1005.106464115365,424.961811555672,81.07244756634891
5972.187130407386,4053.0558414441093,1777.661950942389,779.9379550451598,152.9851348847876
8300.284917425048,5370.540582754627,2245.0529708033196,940.6274927588616,176.45632532606373
2451.952853003725,1120.5413010379016,325.95410029652913,96.08889724455359,12.342364479152865
6068.600120474429,4272.60080315449,1937.5438799947233,885.1189049233819,180.4883777697301
4152.393679659718,2978.884758654473,1369.9403148960841,637.7246241757227,133.0555941258577
11178.564707024816,7643.810179400276,3358.686710969046,1481.5619389519713,292.8227874368856
1.8995096907019615e-08,6.135953896682158e-12,1.2858612078910679e-15,2.7106424706722043e-19,2.6158472599170418e-23
1.8995096907019615e-08,6.135953896682158e-12,1.2858612078910679e-15,2.7106424706722043e-19,2.6158472599170418e-23
15455.258506567856,17735.062838504135,13049.94012371874,9655.13034848305,3193.3407581744923
1.8995096907019615e-08,6.135953896682158e-12,1.2858612078910679e-15,2.7106424706722043e-19,2.6158472599170418e-23
7895.82034487944,5464.574212239981,2421.718933574483,1079.522807508176,215.2557891770167
0.11033648204456084,0.20829200206294216,0.213341889805768,0.2083620854905613,0.09509272648672473
5515.472710649621,4005.53359727582,1862.4701073938215,870.0861867875443,181.03289374105418
14142.406333840274,8321.00991002135,3135.480953670564,1183.7706539531268,198.73698771043888
1634.72731917925,928.3273434864678,338.12712031119844,122.69075668085156,19.95011243590602
7746.251505413761,4928.581612942062,2017.034951628849,833.2415770919173,153.82405845059856
306.3741691497044,342.0647297967689,244.61224928768297,175.42227539938858,56.377699965833386
1.8995096907019615e-08,6.135953896682158e-12,1.2858612078910679e-15,2.7106424706722043e-19,2.6158472599170418e-23
5706.977273748662,4386.342469247318,2162.9280910184857,1081.3644710385886,242.21780619101713
1232.4751360584264,738.6458499357913,281.7997646808043,110.8634207465771,19.14076270397521
16.482669470592,0.00537209264073037,0.0011922545889485007,2.495219542211526e-07,2.3906197827724422e-11
7602.201040478322,5428.203403652822,2481.6539405725657,1136.3124530193315,231.81686985382785
6833.147421171432,4211.979049950232,1669.7713419374281,662.0210641484231,118.25595019835916
2636.684470199756,2233.757445043803,1215.2256290629555,664.2205685019061,163.46160151696887
7797.885515481945,5381.713009197767,2385.9481302890554,1060.8332139521942,211.2884676031715
7375.467640481317,5448.161496106752,2569.6164340397067,1224.3434562012667,260.6308379864131
977.4037542574745,647.2794111289741,273.381615368258,116.70871901497301,22.22850340382773
1231.8351964801868,971.9486255759148,495.20711159965236,257.28470066771763,59.48388962803319
1.8995096907019615e-08,6.135953896682158e-12,1.2858612078910679e-15,2.7106424706722043e-19,2.6158472599170418e-23
4974.872002407329,3273.312869663823,1380.2139091896793,582.9292560194427,110.03237789386584
165.10712819800423,105.16555879231352,41.93281002764798,16.496917340366426,3.1153574545069067
8137.599898453941,5470.645747841476,2371.31857206454,1029.025731373017,200.6036520329829
7259.549582181215,5288.611142971987,2473.6350111090596,1163.6432748596403,244.44287338737635
1488.1345566685154,771.752053582784,255.87113394135454,84.86700759424419,12.60080039319015
2044.925008795221,1276.2051612966338,515.4366146176009,210.59091193484116,38.93096537298649
717.3092083647615,294.42915404775096,77.99867776309367,20.906891493023718,2.4220647906835993
10507.322976620122,10873.26953070491,7234.065713368617,4821.599743479265,1435.3091295348747
5365.358297271682,3590.6936527432485,1533.5900102468506,655.6461296014563,125.43186338648508
8823.011260047986,5908.65951051783,2536.2747932977613,1095.0769587086868,212.62398484447772
5600.052302066291,3984.530587029573,1816.7477277216844,831.7776231661614,171.76685235466215
4874.294002210917,3880.01899409439,1976.810583375126,1006.6828276035866,230.79868487039698
7352.215162427,5204.20037166235,2360.3617093501243,1083.145690869008,221.6883242397809
1.8995096907019615e-08,6.135953896682158e-12,1.2858612078910679e-15,2.7106424706722043e-19,2.6158472599170418e-23
1.8995096907019615e-08,6.135953896682158e-12,1.2858612078910679e-15,2.7106424706722043e-19,2.6158472599170418e-23
653.9707426503352,361.8765801294489,125.41121878703335,44.68278692607027,6.975300450270063
2538.205251705507,1564.717784058158,623.7472422139456,248.60769762496957,44.4456420134654
7075.755859702572,5184.836758379609,2438.796862317231,1152.0000925118338,243.09414768770537
6605.549584904033,4275.0135007352055,1780.614750489865,741.9200870950094,138.93500784158007
5071.506003565243,3693.388175993257,1718.7846020942216,803.6314374186801,166.75716576105106
1.8995096907019615e-08,6.135953896682158e-12,1.2858612078910679e-15,2.7106424706722043e-19,2.6158472599170418e-23
7594.041441340013,5194.845933013343,2283.194792598198,1014.2001381650977,201.93170724119273
1829.2210803106107,932.4005941905482,307.7833404378115,100.6667868403757,14.563980344965339
1164.2714368022198,734.8167913455727,299.0566239857795,122.61340276132587,22.474911788007727
0.053714078085390686,0.1079113296506567,0.12205478179214965,0.12798098613628903,0.06280443049064913
1.8995096907019615e-08,6.135953896682158e-12,1.2858612078910679e-15,2.7106424706722043e-19,2.6158472599170418e-23
1322.9509721653062,594.8498289041636,170.04737247244867,50.01169716605633,6.325280540480607
2191.5283728705153,1490.6102691382357,652.3936605427494,285.75080825091095,55.6747882305476
4940.628832693195,3571.5482940243405,1658.4849584282088,772.8772191944728,160.38865179925256
10010.381389149494,8840.4946711749,5014.629039570099,2849.1119036424507,724.0893443983877
1.8995096907019615e-08,6.135953896682158e-12,1.2858612078910679e-15,2.7106424706722043e-19,2.6158472599170418e-23
4105.721840822064,2928.5872913188146,1335.514261948802,611.9795616002837,125.12671885326853
1.8995096907019615e-08,6.135953896682158e-12,1.2858612078910679e-15,2.7106424706722043e-19,2.6158472599170418e-23
16.38667824625575,2.3136397636064014,0.23199767135216826,0.020320975304549082,0.0008163096428904784
1.8995096907019615e-08,6.135953896682158e-12,1.2858612078910679e-15,2.7106424706722043e-19,2.6158472599170418e-23
0.01951784985245883,0.03071638054533332,0.023249728371646204,0.01834357991292893,0.006735960520506226
1.8995096907019615e-08,6.135953896682158e-12,1.2858612078910679e-15,2.7106424706722043e-19,2.6158472599170418e-23
6563.042782689475,4719.540531216561,2185.1981291049747,1015.8416498626306,211.30333806780567
5857.3975664276495,3860.407825760632,1635.4278500476773,700.2669764267908,133.2657705270196
1.8995096907019615e-08,6.135953896682158e-12,1.2858612078910679e-15,2.7106424706722043e-19,2.6158472599170418e-23
1.8995096907019615e-08,6.135953896682158e-12,1.2858612078910679e-15,2.7106424706722043e-19,2.6158472599170418e-23
6074.092693635268,4169.528597150608,1832.688177024982,802.8102582678672,157.69058551383586
1.8995096907019615e-08,6.135953896682158e-12,1.2858612078910679e-15,2.7106424706722043e-19,2.6158472599170418e-23
1.8995096907019615e-08,6.135953896682158e-12,1.2858612078910679e-15,2.7106424706722043e-19,2.6158472599170418e-23
1.8995096907019615e-08,6.135953896682158e-12,1.2858612078910679e-15,2.7106424706722043e-19,2.6158472599170418e-23
1.8995096907019615e-08,6.135953896682158e-12,1.2858612078910679e-15,2.7106424706722043e-19,2.6158472599170418e-23
20.153079082253324,0.0065303421002217196,0.0006168829282570003,3.3451248852182875e-07,0.0001251626855847426
1.8995096907019615e-08,6.135953896682158e-12,1.2858612078910679e-15,2.7106424706722043e-19,2.6158472599170418e-23
0.0042918719236619855,0.018101706217291028,0.0477840713487288,0.12567635765006668,0.14006161888510982
22.665708070910558,8.854645095235929,2.2241331159350963,0.5918990109803354,0.06536922919372976
1.8995096907019615e-08,6.135953896682158e-12,1.2858612078910679e-15,2.7106424706722043e-19,2.6158472599170418e-23
1.8995096907019615e-08,6.135953896682158e-12,1.2858612078910679e-15,2.7106424706722043e-19,2.6158472599170418e-23
1.8995096907019615e-08,6.135953896682158e-12,1.2858612078910679e-15,2.7106424706722043e-19,2.6158472599170418e-23
1.8995096907019615e-08,6.135953896682158e-12,1.2858612078910679e-15,2.7106424706722043e-19,2.6158472599170418e-23
1.8995096907019615e-08,6.135953896682158e-12,1.2858612078910679e-15,2.7106424706722043e-19,2.6158472599170418e-23
1.8995096907019615e-08,6.135953896682158e-12,1.2858612078910679e-15,2.7106424706722043e-19,2.6158472599170418e-23
1.8995096907019615e-08,6.135953896682158e-12,1.2858612078910679e-15,2.7106424706722043e-19,2.6158472599170418e-23
1.8995096907019615e-08,6.135953896682158e-12,1.2858612078910679e-15,2.7106424706722043e-19,2.6158472599170418e-23
1.8995096907019615e-08,6.135953896682158e-12,1.2858612078910679e-15,2.7106424706722043e-19,2.6158472599170418e-23
1.8995096907019615e-08,6.135953896682158e-12,1.2858612078910679e-15,2.7106424706722043e-19,2.6158472599170418e-23
1.8995096907019615e-08,6.135953896682158e-12,1.2858612078910679e-15,2.7106424706722043e-19,2.6158472599170418e-23
1.8995096907019615e-08,6.135953896682158e-12,1.2858612078910679e-15,2.7106424706722043e-19,2.6158472599170418e-23
1.8995096907019615e-08,6.135953896682158e-12,1.2858612078910679e-15,2.7106424706722043e-19,2.6158472599170418e-23
1.8995096907019615e-08,6.135953896682158e-12,1.2858612078910679e-15,2.7106424706722043e-19,2.6158472599170418e-23
1.8995096907019615e-08,6.135953896682158e-12,1.2858612078910679e-15,2.7106424706722043e-19,2.6158472599170418e-23
1.8995096907019615e-08,6.135953896682158e-12,1.2858612078910679e-15,2.7106424706722043e-19,2.6158472599170418e-23
1.8995096907019615e-08,6.135953896682158e-12,1.2858612078910679e-15,2.7106424706722043e-19,2.6158472599170418e-23
1.8995096907019615e-08,6.135953896682158e-12,1.2858612078910679e-15,2.7106424706722043e-19,2.6158472599170418e-23
1.8995096907019615e-08,6.135953896682158e-12,1.2858612078910679e-15,2.7106424706722043e-19,2.6158472599170418e-23
770.8796702938838,881.8640468368854,648.3128187200715,479.1849300172053,156.27225946809673
998.7000984516051,1231.4833393325857,974.6269228727546,778.0291534121193,275.0745289408531
737.601382436834,563.7377907865912,277.2452380184875,138.3633390802395,30.806816524367402
545.7822501045324,595.6718719991039,420.8031055568412,302.02020706470194,96.68147437015419
35591.48706968635,43806.09371794076,34568.558558247125,27338.857947669658,9654.686904785223
22483.959351516056,27738.27332567921,22020.64190677014,17563.20211795055,6256.43642134177
332.8905437231505,239.55572300969317,110.96138308639304,50.85347838026537,10.287414406274657
5414.803029163596,3914.3660977577015,1816.522516407207,849.0603898499313,177.9658068298339
897.321010339535,844.6407466372798,507.63899053685367,308.2824718809938,83.21342275488732
622.4307409325224,495.19126248953677,251.81988981352714,127.73700611206944,28.782580051616268
334.58904229308047,183.06404042690872,64.56537874230509,22.48657626784605,3.4636847467223344
979.9072084149773,921.5811821408735,553.2009115603505,333.5919174964307,90.70287330176406
16973.321575535145,15114.745369883216,8657.836715017134,4974.115303345469,1281.3065673977073
561.5551479078606,406.28823002214835,188.95012086891782,86.55275659943771,17.580382956278875
1418.6332709765654,1564.410348008437,1101.3305051180726,780.8666588382526,246.380002849509
274.1868968433336,250.9341405765815,146.39612110576857,85.18662141634184,22.20676721243904
8859.830047244515,7993.016824180643,4634.272880122726,2688.117076339045,697.3974192365362
13606.855099778544,13372.44573635965,8464.573276226954,5374.640594502381,1522.0859322538247
9889.671661436869,15679.561982021565,15958.413447564826,16276.331067411937,7427.057265949021
538.9540576004814,422.1350098992848,210.14886711274548,103.48821755408731,22.636696869003462
2126.568836588565,1107.5738277628068,371.0295219711314,126.67411390581411,18.915643823095575
5658.144312127697,3673.535274381158,1529.541457456254,636.2667008247554,117.94326191420072
11225.44829009194,10005.823484777948,5724.246296390837,3286.951116464887,840.9827607269214
6537.251512342814,4147.0463593514205,1689.961655190816,696.5905071790921,128.39620105570637
5483.6228369357805,4173.831931541168,2043.3303163007483,1003.2944439582692,219.72728625073077
829.0720243132479,646.6057154087664,323.56612519976096,162.8056901654377,36.57447092655378
903.3970823933913,753.8963737592227,404.8702770595294,218.8319288731411,52.303764522650525
5118.022251900423,3638.7764336228356,1667.5723090421916,764.483395933877,155.54178238422188
2909.425684834474,1509.2237050892743,504.2646920615312,166.1016149191519,24.924540659270935
118.08323253252301,71.77018150083292,29.009305682288346,12.25317426172848,2.1717184549096493
504.1174859537574,424.39568801670305,229.35347562085187,123.26944831727813,29.693132482430762
229.45970280296314,188.55138687078832,98.55323445275758,52.13446456037337,12.129955305708327
248.94004700345542,154.2159373026622,60.402954027394294,23.561788613835144,4.362799880991928
592.4944443556725,416.862327798611,188.39414346690398,85.61820832378592,17.47074971544177
4543.525422277847,3015.280412320449,1282.6440019314985,547.1126912573168,103.22523011434714
10406.548056724841,10568.746932335487,6911.5475934285,4529.213335595732,1330.43570754085
339.3255870860742,183.9736682833097,64.76431425506827,22.66559867094497,3.471254682077889
352.0300280433091,189.94584545465676,65.57587317226393,23.44591515850734,3.7807463462803588
5847.2616192397345,4004.9598384859537,1750.0676752656996,766.5857416441316,149.07852523316353
19369.498243762664,13716.822976887157,6234.278223922325,2836.1131626493025,576.6168054625537
331.6764442406745,304.8471734250774,183.38308457017342,111.02418402444741,30.2508352164602
915.2692168909963,467.85451505127844,155.2358757274176,50.54215648888256,7.522139628666782
4807.8602925224395,3234.2830781383773,1400.3990574098118,608.250124117594,117.79426411933673
7616.608832808982,5366.878474372596,2426.023553006088,1102.7168827998325,223.66795342368982
486.66260577944854,402.454706469355,210.56563535335727,109.43533237148846,25.83242629847476
647.5362994251605,324.7593457106494,103.08526600640734,31.32074249982377,4.38404455889657
333.4915178461563,203.092303948193,79.76029741567638,31.675294496873775,5.780785822363523
12175.309083066066,9715.295753680197,4991.792989600876,2579.723999372071,593.8023059232411
10951.254658567377,10591.386214872642,6590.381380786379,4114.03605283333,1149.3067511373827
245.34697894122098,121.94664789459964,41.268379007696865,13.147219555202799,1.8988871389600748
10246.428253785005,9991.001353012216,6269.3044959127765,3946.9410041526335,1111.788210562027
313.0079764896991,114.40668691104574,26.918347629162515,6.615624714929045,0.6830569311486867
7296.781506586567,5426.905864820107,2588.103593957393,1239.5875820617812,264.9978102119076
1695.1977476927166,906.201058564776,308.0476319525552,105.72926421092878,16.43146691525557
811.7800369146725,414.0190753181475,135.44935900106344,44.76574018437431,6.804590731000106
3844.517441880454,2635.2462331980164,1163.603509631472,514.3962592944456,102.15609625082317
1285.752935450501,743.2870910450354,274.14971416903086,101.57241536629415,16.493184510856317
926.0651321094615,686.8377038842508,329.6945028437487,157.47413437183394,33.45462480062283
1205.9573220782943,995.0585211377693,528.766759011814,281.34421592381824,67.37100059127734
5170.488411097095,4475.648046897357,2490.6402758658182,1395.6968472426613,347.31645466592283
6126.071562939989,4526.711016853673,2154.18392240251,1036.0493213141967,221.03276445852308
744.479503264995,204.32857863378288,35.92998142188878,6.035379028745828,0.465723200898157
373.15805323168047,234.93726164737885,94.00089320448944,37.52251097506902,6.914677263995879
684.320262786755,106.33839861966688,9.99133859034815,0.94699328804406,0.041170341847927665
822.8422336347188,300.35787771375897,70.44247395201764,16.531084085736378,1.6998185833281734
746.8068343090783,197.2450770412908,33.26981726067249,5.763002839626848,0.44970787126205347
1096.9146084622216,199.34624726363145,23.908824058153115,2.6750600795629618,0.13733386440415513
668.2483144434074,581.9041804715827,320.721434917179,174.68297972997067,43.73067649511309
563.7717573417387,260.66397264094263,78.32707331617779,23.364663828129544,3.0518655647785713
6200.911158593356,4133.140699034889,1773.5694347653216,758.2293694267705,145.29323033758052
1735.3204012318183,681.4363876541936,172.60863908202373,42.918545823760724,4.747191601860771
11594.303254295213,10105.83046863265,5662.581508736626,3181.21615721264,800.5175818184706
5800.753253363094,4135.152160530092,1886.1938129583089,863.1872236890472,176.8090045467792
3100.886252608614,1458.7940757160184,442.45324052715154,133.8491179869683,18.378427419326567
5445.995809012528,3848.5837953434616,1756.428959358519,802.4699285222554,162.72027047040646
445.8923062877446,327.24790590998526,153.82027213539354,71.34433675433719,14.76923686587693
7984.222901230243,7228.960842502956,4198.6861822891215,2435.835929205612,633.8390841908443
3837.52728553717,2588.5150016987036,1119.5791937759464,481.487195454848,93.46741140249044
8518.558972953117,6687.852153871229,3369.97820499084,1713.6464563616466,386.61526243553664
929.4919182270743,792.4963182994967,432.75117157415826,237.36960245158915,57.98983414479227
4883.897318135839,3325.459613044794,1458.3176879409248,642.5233302457987,126.31857317197236
600.0926408423445,358.86862716580794,136.74323165294436,51.556379868072106,8.639784441462872
2902.8735849349114,1755.9116015410937,685.9313979134854,269.4974887168929,47.35185345219463
3186.0125019164734,2941.160761923203,1743.6957494962655,1041.1604584384133,275.8410957704948
369.10728460341505,277.23180501414237,134.13071244993603,64.25885369334698,13.65916248729552
1032.7362109479184,752.6305622377373,348.64540233832093,162.3382352114257,33.14399652532595
9760.730681303976,8231.179151067934,4467.446884722503,2445.5311480667838,597.7886884374337
4700.511896218763,3188.665729014036,1394.5648371197024,613.9554637486115,119.03657501364563
3472.2655980807754,2717.4013298810864,1367.96419976209,687.2511526965545,154.80261771746663
640.3618264440219,322.0166920327588,105.83500537648632,33.26915786151452,4.720252138606341
4627.972921963408,3367.8227772492896,1572.745052396789,742.7936740367672,157.30002982901175
3046.1262322873176,2279.5738034129586,1099.9069735579258,533.8387516639917,116.01615670367582
568.1394482551374,611.5794324257952,426.52573079023057,298.4728684124026,92.30892253695582
4350.417087724109,3012.7987904073793,1338.587840853307,601.0818572918841,120.32687689819264
15001.97953049857,10981.18287870617,5179.48673738546,2450.1232549932843,516.2946480419199
4027.473874535844,2435.004439331802,939.3335065020215,369.76899235344086,65.47196363968214
693.3776114517555,739.5225574869553,506.14484940448455,349.35981580125554,107.6600064171624
5624.829483524688,3609.5675108051164,1491.8338238998047,614.6899053167807,112.48340639427076
6537.219308179602,4902.668004486416,2353.02799000226,1134.8874674702176,244.3764490435311
5643.040109200864,3944.3620861489026,1780.7457792311588,800.430791040541,161.49175169871023
612.805583743235,508.7705166149873,269.1379636592938,144.12802069269694,34.47329489896781
643.0936481698855,386.145766884846,147.28027139366037,56.394204844724435,9.564469611587175
9601.47685079463,7858.255375401544,4119.207840069145,2168.676488133345,511.66704853393554
12057.046033534085,11593.911758461882,7172.327961983741,4443.754591785342,1227.9159480862138
374.2548855921807,304.61114196453974,160.1941309006886,84.51035680275838,19.94369080893512
6572.630253727866,4877.446045991547,2336.2384461458937,1121.7567115710194,239.23936421250343
4837.256770082544,3185.163617888635,1345.3769379731195,569.2869812026978,108.13346493064364
7799.7847259225455,5875.545350092062,2844.220189962033,1379.6184589389397,297.0853992236661
352.4174945977972,179.75478312498205,58.21343424480862,20.21566637670316,3.1284388868710464
11066.970523564942,11167.783347856688,7267.16782915726,4756.058726172316,1389.544606950781
638.0253577478634,413.2658174315302,171.05753532943655,70.37930084946548,12.790153333322237
1189.2355872353141,890.6199294095732,429.03985518458734,207.79433628253386,45.585066628080384
10427.181622054704,8826.006792480694,4794.32539885547,2610.302572818508,633.6669580453233
252.6684227073689,204.82723713286862,107.67856084529218,55.29017876894272,12.608802257974014
6736.017390848312,5739.943006808078,3164.0882988147537,1753.09864717247,433.8778545859206
639.4692668799016,410.64582861724983,168.4350842950713,69.61643250008898,12.562719170689373
8944.873086970903,8511.225587142237,5183.483184248698,3164.742988596404,865.6242187522346
6896.880663469547,4294.978670661051,1720.9842222010282,692.9290631647218,123.69835460130206
306.4384780375207,188.70638045237592,73.08442890062715,28.435935612915284,4.889087262845106
5224.708657087754,3675.6549279730225,1666.129437041409,756.1480916931049,153.85483430551045
4752.703717433317,3438.51867578495,1601.1403570484267,744.8754419747625,155.43301198922498
993.0315455364001,829.9843149550197,439.1552685650261,231.2767979078648,54.79316840838591
1272.9409854142746,827.3401984237231,346.36288580682515,146.2108073889618,27.360393555675046
765.5439445904294,458.70400189225046,178.49105225046478,68.7608226758037,11.811495736618562
381.4739667465702,322.7876860795815,175.74115604977987,95.36730920399323,23.371492861630443
2119.447700414886,1290.4907701458683,501.57930495722985,193.85578052130896,34.45471362779025
376.98797698768203,261.5619927394432,116.11616467274476,52.01980074311541,10.334880095470275
4439.992704339475,3677.645734322202,1955.8376308324807,1041.0390171113243,248.22896339108016
12484.425008338101,10726.74186191619,5909.4026512988285,3277.5926736910183,814.399447144382
12835.173398802663,10280.139598320404,5272.735310481198,2724.4230659165023,629.0405665579872
328.4296786464149,18.70348844866723,0.7064874280141323,0.024775218331396967,0.0003980213913181397
712.7869012715668,479.3042198087601,206.73581494736752,88.02315851544212,16.806952610374278
9442.937831328205,9473.450857610902,6102.256096767298,3950.3576034338707,1145.0264850566634
5307.592906062964,4270.194840836236,2201.1879143544347,1142.6205487933057,264.667260669013
5897.133589573559,4095.8453011000533,1834.661454478066,818.5472594309148,164.64831952051978
4826.845641414724,3642.552197149975,1768.1438451558165,866.0258117201662,188.12184507483707
535.405558537248,382.735877592319,179.8366828444241,84.5989578496885,17.56583805873268
7621.034150137292,8231.469927702214,5693.86228943448,3950.970378969804,1227.0468318093726
1156.4613042184267,999.6047556605838,552.0181249210801,303.8478662635321,76.11602307276918
410.030149511192,351.5687549024696,192.21084908005463,105.46000561659584,26.196611688277954
9037.32356744067,6707.854531858358,3208.805890970252,1542.6141980763916,331.39863154239134
346.28298321489865,180.30530484122446,60.912126921976004,21.113414332904522,3.1137975534587827
445.76163431301245,327.56687176647984,158.3812070367388,76.39012367035862,16.614669096734
353.6196673844403,298.34878603641454,163.8101869829549,90.33168837767434,22.15495746520948
2236.141950927783,41.05697629777909,0.46060942150078,0.005199711944099985,2.6877413106188248e-05
5840.295531940831,3513.4791991866946,1363.3457838371025,530.0171395598167,91.75360316948742
3710.7277766765155,2518.040535683193,1104.2883657434293,483.6404825009819,94.42018778099064
430.07162019390756,376.34672373051416,213.0815776147165,120.61848774681837,30.57403717599507
6860.119545530404,6440.436972324704,3892.518687294619,2368.985419631817,641.2329923690511
276.5098701570375,200.5884861074834,93.75746610005616,44.697928467185456,9.378754577767683
4884.414501673206,3121.470706423773,1278.177194895168,531.3242438200286,98.79268888773399
3821.404653107788,2532.340198864577,1078.31252776352,460.1148253208432,87.32980722536281
13710.09332042679,11452.826678293655,6153.015875555475,3319.6017202448297,800.2615827582749
188.91107872814905,86.059477029139,25.279017219461036,7.091933360859059,0.9387404340673974
1407.6983348690553,1077.7366657428843,533.9453719786994,263.3104450052544,57.81091656742871
666.827851925114,119.11955290707792,14.160509393092031,1.5589859436573812,0.0787513696674179
13209.574679708252,11922.75406274237,6917.906566854831,4028.3561181102623,1049.7954589126166
290.6432177217083,24.900871452639763,1.297187665493409,0.06807886775775028,0.001637399439341354
6989.326323342636,4644.064185726212,1979.591287969162,852.303812221767,163.59277121030001
6204.462353047735,4436.16671372572,2035.303513261148,941.4104333037566,193.0066874959484
3506.570165107428,2410.5354220423706,1057.849991226636,465.64503082488255,92.05660505590271
9521.005004562385,8184.391296896252,4519.026236440215,2508.4193358935354,622.1088961926196
5165.440149966936,3525.7272176224783,1556.3516023007965,687.4541341899973,136.0313549674871
5579.4285346541155,4192.033440287582,2020.0257577103544,981.6102507174007,212.9133871556955
1.8995096907019615e-08,6.135953896682158e-12,1.2858612078910679e-15,2.7106424706722043e-19,2.6158472599170418e-23
4164.993446935272,3138.6706033642026,1517.38859183549,735.2502122043685,160.7291060509297
314.56613208686196,289.9731547313047,169.73097278655922,98.29980920576627,25.371736055136356
241.01014543886262,70.16938793937817,12.771481681859271,2.26456141588727,0.18449609510918322
4398.059325840401,3633.7324789906415,1919.6955604703376,1013.0367393402585,239.44331416002495
2613.9203903691237,2098.658600426779,1078.5537849102877,552.9045556407755,127.05810009818566
6624.071506899102,4383.865244439661,1862.929374462281,794.4134656742493,150.74949951015708
86.74959335550811,39.53977916713841,11.782660804426337,3.286618044910015,0.42212050213122
680.5177471204586,827.185659044777,645.6911456208991,505.8993016010391,176.57132233644953
3760.3889620606774,2104.2800129924512,757.7789061658289,271.56555223716805,43.28987235435487
5477.340525152292,3783.8996554028467,1677.1122126163814,746.4882916909444,149.3184345546329
81.22205836268692,17.24355688283664,2.202510361899488,0.2841080367625017,0.016821796968417787
7478.837383842716,5511.620549747009,2604.2435795367956,1236.5445100029676,262.0982224059232
5153.607849511209,3557.7657241945026,1584.685785446963,707.8876945089476,141.06899837209133
490.52824261233377,276.4659390116721,99.3273095236097,35.657522720780285,5.640453990284391
281.2452839004699,239.3796900677172,129.4685179451424,72.05277553111983,17.462436880997064
7514.955099450486,6940.087755137583,4109.727844533008,2446.6239607649195,651.6992160907093
11002.135116727028,9650.707321112961,5424.196427144823,3055.9257822445147,771.0888190304271
567.7002387135942,238.89314373169293,64.59989982323187,17.84059060337123,2.251949754106844
588.0800611769713,308.57691862571147,104.05844734624606,35.00369151282016,5.299712571527357
1571.2055509581928,1292.831010285898,680.5851306368268,356.7463341879824,84.75484407155982
8469.498189279124,7551.201225045513,4304.405509637115,2472.7649182489904,634.1572331685217
4733.187080412083,3546.248971658145,1709.0918345726984,827.0591341254666,177.0033592256312
4707.275037129874,3535.300171094815,1710.2830032819932,823.4559467401513,178.32537926318685
7400.646483439279,5738.305493656077,2851.5437394608202,1427.2623165771365,320.2570370183428
5913.482939528551,4065.654592530726,1785.0534309745651,787.6348072574348,156.0623735124356
1079.5272641462032,1095.5339535355793,715.6799089362918,465.34435540716476,135.2085351535441
7629.907690043313,7605.502674187055,4864.904249525328,3138.327981805414,901.5835151876131
209.96534475162446,0.06733639088451417,1.4009527134460449e-05,2.9319950794970947e-09,2.809085662187805e-13
408.9355184792323,308.3815725911059,148.03938800727425,69.75695349508358,14.689258982382396
774.8330564910333,958.360429113633,759.6345238021789,604.6766255415706,216.1303985207314
1071.3844291038529,711.1986619440768,302.90969477212616,130.9234607890006,25.437331266864867
6441.251392511368,4181.5618190002715,1749.922844119837,734.9384296969499,138.56859642767182
18247.581058360545,21337.13908365498,16022.681191673344,12101.41517461181,4082.4284147362796
5753.249782988885,4018.663933177366,1803.1363922917276,807.9419034326077,163.11790270521652
5319.405578487552,3641.1823443371327,1614.2742486632405,715.7942849725284,141.0046090014168
394.1404708261164,298.8150267963409,147.24298732128614,71.50783210726091,15.593702189293298
6611.266254344666,5674.821303643056,3111.8009054881772,1711.189144097659,420.9538780039322
6796.723216542327,5881.088436894829,3263.988361443245,1820.782845188575,453.7530572190246
1423.8481065093663,1009.8182428981379,460.7805012179813,209.4251533083424,42.24997881395274
6907.456116027589,4818.276448614614,2156.17312548611,967.3193933236687,194.25898295676538
8903.153112573851,7297.1997671173085,3842.724786126566,2024.6166379265935,475.3674957008694
8766.139097628142,7749.014477877672,4409.143238689037,2514.473174204831,642.4791338311401
5538.078383832479,3424.1823684256565,1367.3242450967498,550.0832534029483,98.07529842780693
4739.19195445774,3538.8092558782123,1697.401852847941,813.8798473656107,176.54317965491643
5567.978333514589,3925.557302977698,1770.8488720351106,802.5070430143122,162.25449878758204
3651.709288858655,2652.195325117067,1236.8675328765837,575.0196587778288,118.971116281654
9788.358049179265,9558.95587894873,5995.240439147621,3779.2439415831673,1062.2815316796791
5104.634826290951,3403.1440344590796,1456.926065347049,625.4872639424918,120.04927651017545
421.57891215124243,503.50487192043835,386.58634416715887,296.85943722218633,102.54535296772711
4389.251118987067,2858.295570313409,1191.5787620966298,503.3167357929442,95.31188133035057
511.4595063210389,417.22137207147244,220.9541687403768,116.03287563844506,27.23155805634291
151.29190958547898,37.168572710173926,5.77272822236243,0.8667645738429062,0.059763458285226445
268.05866935134236,32.63699137692143,2.5500950067913926,0.19070981326574418,0.006539185218076161
573.8858454505636,385.31482903529326,166.10058421697556,71.75481921389698,14.327951556052264
5866.507220337958,3524.856771587932,1366.7578086435542,530.8968086284962,91.45245039105825
3262.584591504962,2442.4398184765587,1178.9054689528282,567.3723931099287,123.24605113322244
554.0875298658111,427.8527741949079,210.8480042944885,103.53211159301605,22.5963128200112
4135.31232894175,2997.859412790801,1394.8945117670728,651.936595200667,136.2717821545594
735.7614789515809,563.9755268758657,275.8530261406162,135.51531677974444,29.889248385080574
5368.8746358421995,3632.076357992295,1574.6031025515854,686.535612481871,133.23976882167304
346.3144819843989,114.52661904887778,23.008223157453816,4.907810920621974,0.5329160805973086
820.8096436149771,579.4952972490654,265.4491463479474,121.15235648198585,24.323239147615226
86.3107482378489,46.035948071565414,15.412638307410964,5.118112916074294,0.7616004200850608
3876.0737124351504,2665.381998670176,1173.7698803858364,519.7406517367182,103.0496570506322
659.5408563448091,408.5206427018908,162.56031615859334,63.925227533056514,11.12819100525985
3734.5870765515283,2527.8801004415873,1097.8649392090515,474.89255268801475,91.15655274879643
282.5081497474695,291.29111585515625,194.90896431311882,130.74711726077246,39.29561359242629
814.7454110107905,620.6334371525605,304.2861934119639,148.11304605843705,32.35903994935369
479.6313341762501,289.85330894090254,113.74474119899149,44.18077078521452,7.538360196990074
372.120063410682,266.36530929220703,120.49165196151452,53.05423609637908,10.563212013968863
3672.098289008043,2441.634580558932,1041.6798961926615,450.3296079594445,86.09885384694907
658.6068217188705,512.8843003134618,253.83735956156522,125.39764780424164,27.668240684391844
3917.0950831081504,2914.789642680518,1399.1813829594569,682.7820998856629,147.2376636625645
838.9479749797027,542.4476773328892,224.8442500482673,95.68540157402552,17.99522344612292
904.8597097617909,649.6594061235174,299.72181752818165,134.793340816501,27.125109783500708
5388.312675096056,2036.4223175264358,491.6307528644062,118.21004915799539,12.561545855623466
474.82370492070714,428.3032760165156,243.91595924378956,140.51570765011397,36.064885927720574
862.5166537541692,326.4514860973335,78.35584146267796,19.113287715585365,2.0322977399123086
1808.1600524231385,1396.361029589122,687.6560920884319,343.1896245039482,76.85218083419636
1306.7034872089403,443.1184466845141,92.83409668111067,19.090233352079675,1.8048106566159812
560.9879609770463,424.4637383669801,207.40912386631234,102.3274261468376,22.461045595599455
938.855612767253,574.4335040919609,223.5377176612637,88.0285022275302,15.556787908413035
267.6619814028973,50.29969520210185,5.699406863890985,0.6518662995227938,0.034212014555791655
555.6439632261091,206.3487549031818,50.44265505638694,11.50346815036305,1.2066446969200144
484.1073979112454,282.6113691722776,106.18993491984781,39.85961262407161,6.638397842999547
555.6554705645179,398.4541908787156,184.77580289653787,84.76831022090329,17.42020505346921
678.213677938067,534.2806964282478,269.0028112065418,133.11907476008435,29.870712558484758
6991.01806483445,4612.283285803879,1953.8855059795674,832.289823591783,158.42701938903846
4157.174221605841,2970.1272456891834,1367.4576010576225,628.0419307533889,129.8232093380721
497.1387061672694,426.5317051254092,234.4482259539596,129.34512972506454,31.50677914336265
489.75772540573456,288.4714779019395,106.62450712461886,38.569273135836085,6.3800584861387035
6858.326055610484,5796.071188819483,3143.1923691562174,1713.718101547499,418.8005583717061
6425.462719413792,4544.130964413633,2055.6700058109786,936.947331630707,190.7664841051344
7362.018889723829,6389.7039416580965,3547.0380697802498,1979.6142383386157,495.8534239672919
6362.628917864164,3850.7141293333643,1490.1507948145118,578.6775277337945,100.10170432441777
682.2070067725961,678.7972355796339,432.49879759025634,274.6076016539408,79.08499127760206
10458.714469508237,8711.449427212556,4647.24808995283,2494.7676845098786,599.6608682686859
530.9231722520483,464.7548986942884,259.81574421426325,145.30197299648432,36.299897979676594
461.27271292590683,225.29017606437858,67.7874611579864,21.30283802258314,2.9870429898902358
7264.9961879497605,5156.578655256573,2357.515742978215,1075.9318990285776,220.1129593969149
5152.303519520868,3609.328158165455,1621.1358040986283,730.7314362535636,147.13140489291249
2239.4184827597915,1235.785971298757,441.26657968173936,155.87410341012665,24.368094207921054
6246.719865167789,4443.8538120444,2037.252162251137,936.5227799640451,193.26848183218934
420.7847804547956,300.25184267092095,136.6174814119727,62.80896343851859,12.791974733035023
307.2178395774768,282.10328407337704,166.40559504250658,100.0668268296031,27.325759279556184
393.22914341446995,228.11868157380223,83.77838335859727,31.383615035594804,5.282150300227893
4993.873116292889,3296.929406426486,1398.7701801492476,600.1868943862883,114.23099219525645
454.3054554429541,409.5408145078516,238.52326053304,139.09422414986332,36.0117042133533
8052.261188171546,5823.480958508196,2697.867656396674,1255.7973112029315,261.0869788958365
6850.249248224251,5098.243279083007,2438.4537787065706,1170.2482147245796,251.60073190939065
2426.064916144724,1231.4012301794721,400.9788903320973,130.4977591810208,18.73960352825716
65.32967206952571,30.11512812680893,8.538747312349104,2.3707758171379933,0.3030794403279344
1075.5736842743975,654.6739413749301,254.19826965192343,99.12994562559682,17.50678793270625
502.57914495961626,428.62009673250816,236.96686295358086,127.85255455725427,31.28911901378583
379.7200586262124,173.1174080987073,51.709410430807594,15.77295663916538,2.041202547794115
12553.683643966138,12473.130867117188,7963.750529014071,5105.527587167291,1462.106959084332
5918.074146929507,4003.2378302769575,1745.0032672358213,769.5880456903872,151.15172604762628
5910.914787720602,4207.749243927307,1922.941164743718,885.3589629436165,182.3853714905511
6987.0515314268305,5672.977882182109,2955.648451746674,1549.0986688815021,362.71241806195934
7883.406433507573,5755.6013990958045,2697.275566827047,1268.8451111044367,267.9699944426866
7810.873353601407,5226.281018486587,2250.8940755749313,978.6048411875285,191.09235714043825
15236.890793862707,15266.261271532596,9809.0956146496,6325.152255569493,1821.7808239601686
8690.505511233623,7269.028095789518,3911.0707416448763,2113.586174058454,509.65151471423906
738.1563808666515,714.2976358156759,442.8781570571954,275.6211855912013,76.0010533621504
7314.515910546318,6608.291893616783,3820.7383526801264,2217.938943902285,574.3542366294549
102642.46970480811,153770.77784667833,147385.34870834515,141595.92091438605,60906.139499594065
44907.368638826396,55535.199451582856,44009.664813711905,34998.75772910698,12471.482679871586
1393.6426452688913,1010.4371210263886,472.63461366611244,222.8295898377289,48.10891755618193
2179.361772241134,2316.9228822531477,1583.708242053812,1082.7634196746124,331.417878535956
703.7895745643438,737.6158582940323,498.8828590104899,340.33485415097147,102.80328223926166
642.5450847959914,804.8907353284433,641.2650995788081,514.3270667140781,185.3085682885299
610.0133567277707,604.2816674940805,387.19149051205744,248.94329478735781,72.02397680912459
568.5493516192621,383.5716346412251,163.7564183672708,68.70836544654273,13.209933260903735
529.3202053662661,520.3895117050191,326.3667628379987,205.85690014210175,58.2655523021197
542.1752977297341,383.15807990412407,172.05662943087415,75.61603481566408,15.269822902190262
542.2273301302422,466.0407731692092,258.6101268554078,144.02593277897037,35.39035287206857
524.4582037614464,516.5490058616185,321.1023075161397,198.836107839518,56.01140777912873
1461.3336142611845,1668.5109998191363,1219.715862641965,890.9338597352294,291.85082820954534
5804.7173269037285,5716.91761631492,3609.082386407747,2282.7876677450827,645.6944924264182
938.7887306176989,963.3816910031434,635.8758866434624,422.56600707301294,125.2288837378944
921.611536748747,890.6646404554317,551.7797685357712,341.0864688570173,95.01846258022367
390.7592380368808,251.16080755200238,102.31691183273387,41.30583831636809,7.549008782640579
742.8382522089158,631.6874616613732,342.94760192056464,188.4323190034606,46.459427203556324
584.432926160762,507.47935412948505,290.07288194593076,165.94521345055202,42.11339574366767
905.5441198030436,1038.5765119634048,762.6866962249047,555.7803285429261,182.20830387130806
172.17873235437466,168.67956227413535,106.76702323752295,68.51529712058637,19.26290541410899
538.8959143062555,548.31512760018,355.0775758681144,231.80205591923797,67.25868647664876
529.5611706094764,324.94054131296696,128.24056569681372,51.20187215215405,8.92866827999039
55574.99575315217,70591.27323744312,57513.51072691426,46956.90069958758,17175.451915478345
908.5103041384725,898.1004677552457,567.9767890876466,362.8436730805927,102.93570582571614
5432.509470430193,3868.6740552976926,1762.1651286777408,802.0352474127511,162.599227349934
11551.068091582281,10736.878636784628,6405.536065077227,3825.8967749698527,1022.1476870121148
228.02817722488888,190.46710714206046,101.31280941851236,55.11326652199223,13.242615624545387
182.69281869178394,62.61236782211524,14.315829868739971,3.4777954036300844,0.3399964404187527
480.7655502040227,502.6664152036319,332.41973677232966,221.95381410419165,65.45572611140318
534.8305138103553,581.9114472595367,403.70188974658794,279.9215225583105,86.61761224667097
266.50660789533237,256.5866421407723,155.8961683844585,95.03889361309481,25.64909475751582
5347.44190538577,3987.753423605228,1900.4896332095748,907.8047076682817,195.15268060050582
666.912863809349,465.2677556098231,209.49800555837598,95.32267837316735,18.954990573762963
402.7744519405323,374.1359710332964,221.70555474179395,133.98453846895362,36.27425378935622
143.93870975470455,64.60988937209052,18.956312351132393,5.207864782337744,0.658731913614811
7770.882153448627,6377.037103411756,3362.915438743188,1777.6845936654074,418.55184825702247
478.28545177009056,449.8527921060942,272.3061108512438,164.4709613306481,44.162706186789215
736.5113396778545,626.2930864220646,340.77778870713337,185.1110829118927,45.56991419711192
4979.044444109852,4517.80610569332,2633.924166817262,1541.8559065516777,402.92586401444055
399.4291180090771,347.4839620692016,193.72944288766448,109.10346238886582,26.82254454880099
701.1595459394027,649.8161284374029,385.20011458610236,229.20174036848476,60.53175763496508
420.6362497591849,427.31131836109387,279.1576932089916,184.7532089934968,54.311167192475224
859.4886182984584,558.1614173537181,228.03963266114738,92.53561679215059,16.91496758603255
10577.42985647409,9013.59335040685,4938.791466257763,2713.0228586671324,667.6439326183374
13090.574271033853,11850.599683437336,6893.647312146461,4032.5631632717177,1051.9528650522689
785.0141478027092,493.51516262548586,199.92283469269398,83.16173151533977,15.175643716745524
514.8753774762,291.7996793773782,107.91102116510393,40.6019762732269,6.743952160208737
525.543650477935,452.42896367187717,249.64702645518042,137.56857547438582,33.75209430359739
10994.361537550389,8506.244635464756,4239.032481768422,2123.210402326037,474.43055491419574
499.42269236479785,452.2606038707019,260.81077955713374,150.3935421375739,39.21064642262747
9163.590548806,8041.415067956421,4526.125476711667,2571.254855445875,652.6581256293418
753.7685965401663,709.9034201099771,430.46741242330006,263.21060962218957,71.3194186827568
598.7189628267115,554.380307873792,331.08349425326196,198.8518871426485,52.60209439920819
2732.549070670064,1822.6578621941385,777.4342742587291,333.69499745174016,63.17803287999533
1355.5251877039832,894.7621333415351,380.2101159424479,162.18367641017863,30.841225803608182
884.8817717751408,953.0200676876104,657.1444373486453,451.9353840214864,138.93712141184417
591.4700694164096,335.06873315099335,117.73820730402402,40.765727114544674,6.4062895828652024
1308.3462553326583,1093.6437952155807,589.3109367957779,318.3503693913418,76.50382757175869
875.1304181216733,840.6709011805198,514.6773268242697,316.05922106712086,86.59140734801267
665.3343154282105,466.5169587364853,208.40703945832945,92.76905560889726,18.425983081090013
6152.668344008641,3750.912112378507,1460.7805563231861,573.1858846962558,100.53806438163211
588.1653285533405,578.0710271061656,362.8436601956951,230.2401898676955,65.4730021080787
1193.0535797941582,855.9580919403513,394.175459934653,183.41268644078426,38.3576041603139
5542.151724722748,6975.755658293758,5622.056544260563,4551.298138530552,1646.4997660185097
420.29734440654346,310.78050356964025,146.0001702430433,68.66573382281281,14.739562613804388
675.941030204449,553.4144932325277,292.0551412551154,155.38242620086808,36.548773432108575
285.15008930954997,153.62815956928847,52.96265274011281,18.062704199404774,2.732956832736358
19332.91261797778,22311.28776704958,16531.23592169291,12293.459620211797,4084.6086457818233
513.4399766834788,298.443666937569,111.87169465010638,42.25575671398195,6.930056280076695
717.3087404238123,776.6455864925732,539.2369739057164,376.2893987627563,117.10696959556242
1.8995096907019615e-08,6.135953896682158e-12,1.2858612078910679e-15,2.7106424706722043e-19,2.6158472599170418e-23
449.39595563560783,145.32756483415764,29.50181845195028,5.807742378363084,0.5255367571211083
596.8911262154799,395.4247815409911,166.5460062886111,69.94191802642777,13.230366494357565
837.8541134574516,937.5840785786487,672.1439866558503,483.8487027895346,154.36688212789545
107.6489191875878,35.53611424229007,7.703195321029662,1.561825391649683,0.14557425678274447
789.0660422450338,852.283525626327,592.2762216313535,412.61942765185955,127.98672454435712
1095.0806453563926,1020.0283864266495,607.0065597933578,361.3628778745541,97.12121456532992
1242.8483435644598,879.1291261337826,395.435716101925,180.46985795672614,36.63129198343467
366.45421934400076,333.56313831751015,192.0250681597073,111.36622208753484,28.767041940190737
821.6552354031111,604.463484028838,288.2122266044689,137.01555356221584,28.711600548346873
607.3215595381405,600.0998883029278,379.6882108857087,240.86222018828371,67.68278736376739
6177.576103525349,4908.084965439674,2515.5582553741374,1294.6797415441524,295.95768305218314
607.6355537380338,520.5602169338418,286.07751710139854,158.71894005709677,38.92373984491393
258.41414624270215,114.30386512781088,31.42639306885543,8.492557132110763,1.0866692770787287
703.1760499738818,704.2476508000778,454.3014142750836,294.75532346305823,85.07756345731218
809.1367586682455,512.2835291801911,206.7255504980027,83.13164453667797,15.028356978874521
0.009980766100642509,0.024422749471801765,0.03768587676614288,0.04922173833906257,0.030254900642254532
16457.961825505852,16071.36308651142,10087.12568832068,6346.438427998026,1782.6227753826217
2048.6643173785005,1360.464919552944,579.7849508273284,244.9861837443651,46.5659809267091
678.0322866619892,417.0079238668716,164.71973026852524,63.91493978382944,11.173590005380152
105.52989329377398,86.16756525114477,45.18095684969342,24.231717631090962,5.747703746822956
860.4217309153645,601.3962273175157,268.55283988964516,120.16370657719962,23.808564526911383
732.2106919216874,738.7754796436748,478.09786196671297,307.3399124336885,88.7344685951239
492.42103417973163,320.5533335312074,132.5724980821107,55.768791427673285,10.34092084065031
1102.8829599286423,1194.7964621352473,833.1684053271292,588.704627412641,183.32146310873432
1431.8266324842905,1237.2930378179165,686.8368134710271,383.66898463753205,95.71701929365337
4058.640510696473,2796.9060951125593,1236.551422808287,546.3284403324182,107.63040222955064
447.3571927552784,411.06338096813016,240.65265486914163,139.0901949108644,35.86817106340501
623.3827126740774,697.513247556879,501.2972873710668,363.59294533612257,117.4398710798067
1712.4357435834245,1940.2151473592583,1406.0278268610177,1022.8100596808815,332.7462778215954
617.9362412072104,404.95457727258685,168.6117332692615,71.11504438379254,13.074940272593269
881.9249510175966,403.58538967331197,118.86511042725375,35.58112570883554,4.593753921895407
848.4531781778907,807.6335430581993,495.743574110003,305.2267452377962,83.31544946808006
733.4584049955287,752.553234184883,496.1814120660741,326.5268933042164,96.64917514778102
1572.330564884056,1396.6191800736653,790.1111180086134,448.8757938558787,114.10677601986743
1290.582585014744,843.4999345114456,356.3724829936419,149.1921379751239,28.07225493391847
688.7342384800612,364.8799162465327,125.68460003963332,43.39752479922325,6.799897218282672
646.4641299332634,674.4093570499821,454.36628201015293,310.99187671568586,95.13018473786354
1222.2523219209324,1195.4944503707266,752.8675911126621,469.77742272985364,130.74214536291205
280.3989768551289,231.11453775635752,122.9988552824096,65.62813783426279,15.889975874554633
589.7343654891329,336.04188968809666,122.20293989527332,45.41716347525848,7.4376045589171085
779.7582195315015,801.7082910390958,525.681057660053,346.98780287382004,101.59897715594485
4358.288694180601,2946.0386937343037,1285.0835971048477,566.3898754212091,108.97682046560668
794.3142953507664,783.1170359677773,497.3042109900448,318.58180526819564,91.55014949500077
342.7944524106095,277.0251707221053,143.94033922211503,74.42432983347697,17.148084217585502
1177.0936035169186,961.4543546673164,498.61407628576626,261.2852039000899,61.75474733039802
914.0374436364522,650.3973080877361,299.1817657371521,139.64628464145915,29.053329730698586
773.4937580116924,761.8318660074528,481.82056967793466,302.60899489664314,85.78009971892018
542.1998136620858,506.88190684975905,306.3053080998597,182.41115401995697,49.01935821730558
1109.251805323623,741.3579870911478,318.9084871660528,135.56535855699758,26.540642859246653
388.44204658233866,75.80383193703392,9.773137351856734,1.174282460006279,0.06475221080534173
1.8995096907019615e-08,6.135953896682158e-12,1.2858612078910679e-15,2.7106424706722043e-19,2.6158472599170418e-23
702.1916814659099,676.5798866158309,415.05100604407465,253.82161791771694,69.48727211629256
377.93609258384464,345.23691690969355,200.7180593207839,116.42932894231173,30.373437724033426
6175.497098685696,3536.7410916594613,1304.0681396912557,482.9281787270359,80.95057716648287
589.9611150787363,523.7289936720637,294.1979609929901,164.1911589058596,41.29266469376595
5205.810419774178,3360.4540008430463,1401.2646594285068,585.264051550778,108.3061106087644
6696.527783793882,4876.484879931358,2275.1227811259614,1070.945326195641,225.6524983487916
872.6500015525946,831.8193072944116,509.64931080153946,313.7343696315227,85.33846495847484
1100.5576435987477,1171.2159759593783,797.8743234919663,542.3645470472554,165.06679097169138
4953.381528176019,3641.284129238572,1725.7003495502963,823.5099708145899,174.11805472837239
473.77172751706195,477.5745174740927,310.37055308908975,201.93987225040235,58.80344684184737
5057.577828699931,3174.9583435852387,1279.8932224067778,519.8105650601703,93.72155965316165
222.51854596489565,218.90405461504463,136.2720750036099,84.70390406841769,23.40970852497715
685.4282595218369,457.9785560559048,196.62863246798278,83.4444999160226,15.665481190426975
2928.7444200092987,2386.2058730073163,1240.9923989959304,648.4273073885495,151.31386274783262
4319.369864808078,2975.631861338946,1313.8518740103193,582.1501524700916,114.95858972048802
434.1495338793115,497.22625011770634,366.9071973460837,273.1350316051896,89.92466874012197
1927.710492452586,787.9536867786685,206.35990610775949,54.44453230885501,6.265966189282042
12199.163376717965,13544.98272670471,9691.180986366655,6940.949924122976,2219.8772361317206
5290.9595853471255,2870.5548991723135,1000.4097968883415,349.87646121018616,54.657001911689356
672.2380197483023,562.9863485179202,303.38267836103046,162.30893147325358,39.32810040845655
873.8351844625246,775.704234861483,436.42850922199955,247.18936669892597,62.737054769988774
546.023572148428,480.2922205071278,271.97517836673586,154.1409588164475,38.70396929301204
1384.2239549330077,1268.260435801733,744.3941409791189,435.2494856761744,114.03041459757969
450.8256727099969,350.97820513140556,174.09734029443578,87.91539714665048,19.580088078444124
1.8995096907019615e-08,6.135953896682158e-12,1.2858612078910679e-15,2.7106424706722043e-19,2.6158472599170418e-23
14044.46680440997,15340.46838908928,10745.93303884705,7542.795361880653,2360.244141451301
405.4974247445231,328.07757112837527,168.22167561868378,87.4817159006077,20.15877522837831
294.2440840462466,0.09517631561803276,0.006287730614704752,1.315932725392989e-06,1.2607687431519206e-10
935.008863705685,990.1827486065868,674.9638780219989,462.8256056640914,140.90066071856583
654078.8534882142,365755.6000133435,131349.05762080618,47344.79821941824,7624.795960848482
77929.49626383295,52129.41970601004,22411.88944756476,9671.087272475519,1866.4678029470392
82783.87495351181,56145.7975185837,24454.987948750404,10718.036598823403,2093.5843113241363
