327341.0863710381,153139.1344922522,856.748026069036,1.0124007023642818,0.0007083129435834622
85075.8088140289,2218.019091197068,0.6921995249865198,4.562389514827509e-05,1.780293842815913e-09
20713.516799141784,26491.509667293554,404.44159191764896,1.304385553759728,0.0024911159917034944
171.75462982459803,0.008453827335663716,5.7167246683135214e-09,8.164583339123094e-16,6.903303555839428e-23
22.927358458744372,4.944857082506144,0.012760792795170617,6.955248402308643e-06,2.244403786200059e-09
79089.53823309284,24244.3682680722,88.90772489939224,0.0688631494575986,3.157874413857644e-05
226.58349335533478,12.961797495483223,0.008875220411972307,1.2834848327561399e-06,1.0988618080571073e-10
335.1981413132262,0.016498578307852917,1.1156819965639878e-08,1.5934086683228652e-15,1.3472559797668775e-22
232.74343962492253,51.41299560215209,0.1358900578046471,7.586019856300935e-05,2.5072292273592408e-08
122.85486597626358,0.006046962608053645,4.089132523915655e-09,5.840068433115086e-16,4.937883968614013e-23
218.84780471119234,0.010771771076604236,7.284185847428938e-09,1.040321965104178e-15,8.796111231431037e-23
70.75101135709778,0.0034823913309889264,2.355645972008705e-09,2.816341747708276e-10,0.003467194286380899
271.71790063747943,15.952388369262774,0.011210111418944037,1.6637648677592644e-06,1.4618904683896498e-10
365.3335589548615,0.017981854873326982,1.2159854850916627e-08,1.736661359121174e-15,1.468378732600183e-22
202.8453147407428,36.657900775345254,0.0792735478662852,3.620738161024466e-05,9.790762607626637e-09
269.8623392660501,0.013282725612015853,8.982166556479503e-09,1.2828262977705334e-15,1.0846529424825244e-22
182.90398441592814,0.009002602752754075,6.087822614803362e-09,8.69458264587431e-16,7.351427599274213e-23
315.7532751572103,0.015541494698427518,1.050961210789728e-08,1.500974926996057e-15,1.269101572043062e-22
209.92246402731678,0.010332462458661802,6.987112544003456e-09,9.97894178489059e-16,8.437376586880268e-23
247.09490481785588,38.68719718993624,0.07248563986593898,2.868420152135837e-05,6.720200152039829e-09
163.8778575578442,23.821232566253563,0.04143813781901195,1.522444124019664e-05,3.3115419209789672e-09
136.95785417875805,0.006741116979918592,4.5585399607717646e-09,6.510472617430386e-16,5.504722887050541e-23
306.08151514572455,269.6024486960869,2.8372179107900144,0.0063070881880028405,8.301782224089728e-06
222.67711529860853,73.73245036567586,0.29204741899268827,0.0002443255670982393,1.2101717263345692e-07
152.8894657163161,0.007525276878577085,5.088811760581512e-09,7.267802828894058e-16,6.145059340803161e-23
142.35119285471802,13.929687791088975,0.016313962108199454,4.035326043703205e-06,5.909378295772751e-10
769.3476199176393,0.03786757857141671,2.5607161342800547e-08,3.6571955969911e-15,3.09222532497544e-22
347.98307369692003,0.01712785747767943,1.1582356898270003e-08,1.6541835342105113e-15,1.3986422330956246e-22
308.92791756937766,0.015205548036549324,1.0282435174546075e-08,1.4685296875855773e-15,1.2416685326227692e-22
448.64761588339223,30.890327895053556,0.025456890726226335,4.430848095385675e-06,4.56572801232086e-10
231.30090704662152,33.74585392517672,0.05891896055749799,2.172675696990846e-05,4.743321284341728e-09
218.06608821741273,0.01073329469741957,7.258166997350888e-09,1.0366059724304736e-15,8.764691838214807e-23
191.8318626263723,69.6886444355081,0.30282058026015124,0.00027792800859605403,1.5102343560837835e-07
177.89671996670455,0.008756143317448185,5.921159554675793e-09,8.456555712111512e-16,7.150171502057772e-23
282.9557479705093,5.993469320010198,0.0015196712560216947,8.137961760604169e-08,2.579998877452498e-12
231.0412127132277,0.011371935194379562,7.69003433248715e-09,1.0982849416610353e-15,9.286198729533499e-23
209.0179369518275,51.347729683376784,0.15092263105435968,9.369169594410618e-05,3.443527679404958e-08
8531.795742273252,55799.88866529501,4566.765785978988,74.82295776484574,0.7266307317317705
181.96401896952054,0.008956337300733745,6.056536566442814e-09,8.649900146014318e-16,7.31364773380463e-23
265.04528121259483,23.888907728616548,0.025770193751135474,5.871371171601157e-06,7.919627499245203e-10
410.4390587069006,28.89580727809386,0.02434926945807631,4.33347038813741e-06,4.5659118894081973e-10
588.0170264151993,76.48647787924436,0.11906556752595901,3.9146374675442874e-05,7.619797974468708e-09
2965.780386370593,0.14597682360865402,9.871378671352128e-08,1.4098229057806454e-14,1.1920308819610512e-21
368.6668441865819,14.969224521116663,0.007275427639694463,7.468167051573354e-07,4.538464525482565e-11
10630.155193293787,0.5232202278750127,3.538167820195813e-07,5.053184771327161e-14,4.272559535654527e-21
174.85561525097538,0.008606459002080954,5.819938653876273e-09,8.311992779980203e-16,7.027940916371595e-23
268.76641592752526,12.967767029983605,0.007489295287036668,9.135106818474565e-07,6.596693978746736e-11
3623.9324328157913,2.0000025617992816,1.3213361334858693e-05,1.8436945018808818e-11,1.5230032958973517e-17
351.1685019831211,0.9998415209601468,3.407811677719163e-05,2.453087781211287e-10,1.0454108616010528e-15
5369.383195810361,0.2642830559080172,1.7871591234812302e-07,2.552407269990364e-14,2.1581067215571286e-21
5284.582866206778,0.26010915186124894,1.7589339666618184e-07,2.5120963124959052e-14,2.124023074584315e-21
2495.3216438770887,0.12282066775040909,8.305491858645552e-08,1.1861841244197037e-14,1.0029402290192444e-21
2722.6542830152466,0.14431991955161075,1.0510153083751717e-07,1.616533292913795e-14,1.471961529255605e-21
1283.8625934252466,0.06319219865350062,4.2732408238744e-08,6.103010527697526e-15,5.160206286987919e-22
4675.820975449063,0.23014566314334042,1.5563121146874152e-07,2.2227133016362075e-14,1.879344481092019e-21
2037.228028310808,0.10027312807987945,6.780761448071414e-08,9.684232695751693e-15,8.188194697433196e-22
2663.4575827652857,11104.100893195391,576.6258952277749,6.040453150784383,0.03748963888762893
3314.532478760374,13708.624282173902,698.6913877163104,7.2575538854779795,0.04466411429041191
2724.9852453187914,9153.388062100448,386.1747244961576,3.2643131598039266,0.016345656483588017
2777.724008239621,9188.69580617067,380.925736898247,3.1709372997254426,0.015636282852590052
837.8921640907579,0.0412413667588623,2.788861533884677e-08,3.983031147342874e-15,3.3677252029157982e-22
3261.6543666780653,12826.128738216983,627.4509774602111,6.20151640103588,0.03631313025107358
2465.8887225065587,10981.50506641502,609.6384691418917,6.819297461522729,0.04519554890048847
1024.1561003325155,4.983177544056132,0.00029018643967468485,3.568955406925898e-09,2.5986135940896682e-14
3046.5224833499096,13136.04164972723,706.0339025024479,7.648054987980054,0.049085595245630484
2818.1875301222967,11457.301035814111,580.2017377281231,5.927812205958733,0.035881289984438826
3439.4406947890166,14868.031806216544,795.5232334285652,8.636187851254963,0.05554815646293653
631.9495709696341,0.03110479504188169,2.103621526712164e-08,2.8285958506167113e-10,0.00346719428762977
2424.1648242284723,0.11931830238373049,8.068651695082333e-08,1.1523587897104513e-14,9.743402939488384e-22
1884.138681462202,6934.089218548089,316.6709446335492,2.9299347889072025,0.016059627837983738
17586.69892281663,20318.389119260275,280.2918013477847,0.8168120023031885,0.0014094894418917878
1001.9716669476943,5.9981640337365505,0.0004298406266105692,6.505638572101299e-09,5.829201519627793e-14
2900.0268281718363,13632.411157211014,794.2242334061565,9.371350432686805,0.06551931271970479
2740.359438412391,11127.422061571728,562.5607763729724,5.74054551125686,0.03470521076330989
2170.821141511977,8128.700901455483,381.77543356710083,3.5953565320852356,0.02005898443822692
792.5503947547567,0.9999302370726072,1.5102299023579322e-05,4.817363062411046e-11,9.09728879454821e-17
2851.81149188957,10866.275906699831,508.53158897358344,4.86818931251832,0.027609267245412236
772.1907948878282,0.038007520710429815,2.5701794299740384e-08,3.670711004998164e-15,3.1036528480073516e-22
524.7371165819773,153.67140436964172,0.5383867014510367,0.00039839436730215814,1.7453862689117156e-07
2810.974700241041,11813.78270898362,618.1178072619365,6.567387236852345,0.09283421666214604
2828.0784918969234,15425.640285883996,1038.8421047714853,14.291545021508744,0.2227458238924718
3333.1544196253467,12069.693981397073,542.9053653000144,4.943054538676007,0.02666182085362672
587.913768191259,0.02893733630135033,1.956827099736665e-08,2.7947258024528544e-15,2.362991443448371e-22
2384.163879016668,11036.18978269129,635.2729912498006,7.383403858875606,0.050845835269860154
1799.6466967609203,7103.927124264888,350.6016337236895,3.479182868927979,0.020454531016734254
2386.1237869632714,10393.221395139266,558.8396757780014,6.111783317303209,0.03960313476798756
1968.627705053922,8432.774609646991,447.1133746770524,4.810099514114583,0.030659546897234265
2193.5570405809176,8741.110073277376,429.57281003580147,4.3003661066575285,0.025505026507532717
713.0906402847708,2.0346628381843685,0.006206788448775108,4.480405911473365e-08,1.914715252469788e-13
1808.8673727127843,9246.615192735719,584.0944606639251,7.488739306373544,0.05689507524953528
206.42871959099753,63.0070591953767,0.23010333531230548,0.0002117974149756567,0.0035039129153870852
2130.131697115523,8058.3162982249705,378.11090716637466,3.595461785749502,0.02025470999320527
569.9945291138469,0.028055344629267752,1.897184249831621e-08,2.7095443310883782e-15,2.2909689617444637e-22
872.2615111076816,0.042933038917087704,2.9032573403477284e-08,4.146410381030773e-15,3.5058653134421407e-22
852.9983101482179,0.041984896936811525,2.839141213621998e-08,4.054840209226708e-15,3.4284410694400303e-22
259.76682185621837,3.9956457602423385,0.0007356956613770326,2.8609057760522786e-08,6.586373100633318e-13
899.5576535518546,13.988789127587452,0.0026040432555486112,1.0237889123644346e-07,2.382923376127907e-12
810.5323581068134,7.018223040842887,0.0007276152832829258,1.5931990334627804e-08,2.0652619089808461e-13
202.7683532213192,0.9998713739004208,5.902270995742566e-05,7.358468183872449e-10,5.431155901393353e-15
845.5095851420051,9.993946304747858,0.0014140870072886147,4.225801512484384e-08,7.476170329513637e-13
446.4868073738772,0.021976248215522236,1.486098015755055e-08,2.122434051615266e-15,1.7945565532219823e-22
910.6462522647928,0.04807955198039268,3.487547280533711e-08,5.3428458475726975e-15,4.845754172917711e-22
659.017616825908,0.999743273896396,1.815536055181949e-05,6.96328605310892e-11,1.5811020623000726e-16
181.06732720665812,0.008912201795657156,6.0266908503426735e-09,8.6072747178970525e-16,7.277607159868531e-23
772.1907948878282,0.038007520710429815,2.5701794299740384e-08,3.670711004998164e-15,3.1036528480073516e-22
341.76985234484397,0.02532075162352615,2.577320535491812e-08,5.540553148387767e-15,7.051378265623778e-22
2817.4939031892127,10752.090712250047,505.85111202952436,4.850769695904329,0.02755732226960078
1021.2390737255498,4.998638954915525,0.00029288875353385835,3.6244897747339838e-09,2.6553858785172924e-14
849.696917981331,1.0000448928694203,1.408993517678497e-05,4.1926772921716696e-11,7.386014583502779e-17
1031.6947878673093,0.0507804046309635,3.433919103080187e-08,4.904297534618893e-15,4.146672671880079e-22
2133.2825050727783,5789.731117993177,198.01651542876797,1.353728708800835,0.005481677526244748
3522.8418166547444,15172.891539289107,813.2229671750258,8.79865111243542,0.05640268320792825
3356.827772993281,12725.048573578782,595.3427400872124,5.671447105870772,0.03200789673528386
549.8383921054515,15.976030909721022,0.0055565675631161935,4.081686128283273e-07,1.7750521424172425e-11
1443.3263352697095,5505.01813019682,256.9792060722096,2.4621292622490127,0.01397532344740884
3201.809729818975,12959.187681721538,658.432847437323,6.699899991332321,0.04039076229371189
516.1039510314963,0.025402830152117698,1.7178134826926684e-08,2.453368345383535e-15,2.07436751136024e-22
357.5858773138738,26848.38780688231,28787.310284909592,5749.259032905258,648.5296606396074
1155.9405315280105,0.05689582676061066,3.847461788039219e-08,5.494916098837554e-15,4.646051398897077e-22
533.1922329290406,0.0262439217999674,1.7746905536412366e-08,2.5345997519647775e-15,2.1430501415210547e-22
3434.118298704635,13006.110645453447,614.6207858200661,5.852612513140259,0.03301631498538179
1059.2149573242925,17.984309328652003,0.0036552667699250177,1.569056819774743e-07,3.987455093817528e-12
858.148944807154,0.04223841310764311,2.8562847166776542e-08,4.079324431844293e-15,3.4491429245179265e-22
3436.620456584985,14185.011418651262,726.6714235893161,7.5357109227426475,0.046299192316007105
3091.352796032694,13889.754197234583,774.4474351087945,8.737535449158013,0.05840872922596923
1040.0057857134016,0.05118947506388101,3.461581639137338e-08,4.943804961356086e-15,4.1800769189982467e-22
504.191958349063,18151.082885594897,9277.716000638799,938.2845748117153,50.90164247495061
854.681196587703,21.970917956162754,0.006760821595580518,4.3938554498046753e-07,1.690558841446538e-11
282.8571435314995,27.379806400671054,0.1869555167026481,4.589786486526569e-05,6.670994828787739e-09
3691.853579188455,14246.205376401062,677.6117529509467,6.569941643477212,0.03773843290493518
3153.2608364641974,11188.30852934134,496.0480345810335,4.427038086729448,0.02340562467658513
3342.175444427509,12270.354171663088,551.9928576325042,5.092176352233963,0.027829175539448598
3486.7199018928245,14388.859050746574,723.6112963393372,7.495853958966057,0.046004421904416226
1697.581729296278,5723.8227339136465,238.8023046128297,2.0249655350005487,0.010171855504016272
3934.7988865337707,15416.660625786468,748.6718040498303,7.371493225544195,0.04299975427167758
2724.6430249099476,10464.16695327475,506.9020645907514,4.896768478622991,0.02802436165200626
1232.1260163278992,1232.4626659308628,15.973813263822507,0.04035546391838601,6.036870592324809e-05
3227.1407194950084,12194.667918380781,574.4186616144601,5.457295585518839,0.03071581387865743
1267.7373920233288,0.06239851018906836,4.21956929447807e-08,6.026357251543891e-15,5.095394549283864e-22
756.5837249913038,1.99994154040353,6.328638466624801e-05,4.2295711836740024e-10,1.6734733109602111e-15
2078.162272366448,7453.229476338467,336.94927903808514,3.0405530747977596,0.016254036309122182
942.6977154911666,0.04639993532998559,3.1376989897825394e-08,4.4812381882158054e-15,3.78896830791566e-22
3118.0505832363538,12073.807969778023,581.5770698531885,5.660642999906418,0.03264128209111943
1432.9047812606243,150.1877976842229,0.18840093035854322,4.99152372799588e-05,7.829387211922074e-09
883.7648664035808,0.9992262504158107,1.352496606817248e-05,6.5956887026821174e-09,0.0034672061534698844
2446.3460462494895,11130.632765466471,629.521269399012,7.192273624541358,0.048687592209619664
1398.103080332023,5010.130998917008,222.9041308387101,2.008505259493921,0.010721313488418205
3716.7248896931555,257.0830627862612,0.2128393367377315,3.721594215717959e-05,3.852546033633157e-09
2877.281320892577,10536.225451376757,481.53606426307124,4.45970920571491,0.057241408789741634
815.7192272680264,0.040150006487436836,2.71506056849998e-08,3.877629161529052e-15,3.2786059088577094e-22
3750.548409146865,12544.233751817641,522.5969694588647,4.397154026636105,0.02191683435447715
828.5710350085749,7.996030604223349,0.0009237230940354715,2.2537348176841683e-08,3.255373206946575e-13
976.5371768531373,36.928090215932365,0.016715543837627553,1.5980126498345503e-06,9.044386557509914e-11
3476.136058130358,12594.274378249285,566.2683568241412,5.158342424072741,0.027836928965388884
4310.418997299772,0.21997274661208244,1.5422942878775844e-07,2.2838021141685035e-14,2.002100552132797e-21
3164.181879558881,14514.294932135512,826.8491706234005,9.552370528345651,0.09872099138078666
990.4650836671707,3.9991261605558215,0.00019329416406297848,1.9731748131401644e-09,1.1924739363031035e-14
2325.3638494977527,914.3677075876634,4.300352660023048,0.004271824031446412,2.5124077201934483e-06
3693.7299641091645,13055.647486017559,568.2702638178782,5.049142476116532,0.026576423018091662
1161.8891543523691,15.988664296433612,0.002633773038328442,9.163017523410776e-08,1.8872784118964985e-12
305.6695503205143,76.99703552040849,0.23205197813660008,0.0001477102671313047,5.5666297145288546e-08
2565.3962658295472,0.12626976694035794,8.538730007944624e-08,1.2194950221505352e-14,1.0311051982775718e-21
2931.6806855291966,10455.12853599011,463.52446404788174,4.156861217744878,0.022083973097857198
792.6342424071809,6.996875796380355,0.0007393654904868413,1.6500905490349077e-08,2.1801846121031194e-13
1101.9039374339973,0.05423612532057,3.667605017503041e-08,5.23804600672214e-15,4.428863068931472e-22
1000.3065400363047,0.04923546329340934,3.3294456627694996e-08,4.755089349927161e-15,4.0205144407543014e-22
3012.799072098173,10912.450221425303,484.3770147733319,4.408748295799217,0.02377224109892505
947.9065488994879,20.97607831476986,0.0055564024286395754,3.1085496081244833e-07,1.0295794469640508e-11
957.2213454284421,25.963750864804403,0.008430697693636004,1.2716397021085585e-06,0.0034680399151479704
933.3566741645742,2.9994908141882726,0.0001153921126662092,9.375573176052442e-10,4.509786439368611e-15
3259.3675015190306,10372.061373148048,415.25559537722455,3.32636517148483,0.015783851461438125
3156.08364483253,14033.605153000182,777.8788097184657,8.687919435049919,0.057492057268466366
1111.982656755186,1.9997496046344425,4.305091613028661e-05,1.9574116593573812e-10,5.26887962681309e-16
674.9682343466999,0.033222189795128344,2.2465813932109715e-08,3.208550713428954e-15,2.712887924478481e-22
4270.362131141706,16354.30379177476,774.78342696375,7.456980932276814,0.042519217940629975
1017.9333514093248,0.05010306156414012,3.388115188885192e-08,4.838880727548244e-15,4.091361572941507e-22
825.9096456754315,0.043430821232907986,3.1377080292624415e-08,4.787622118210412e-15,4.324773773361953e-22
3309.6586460063863,12811.734749045254,616.5713570418934,5.9992201222053705,0.034581919591376575
1696.8331057509945,963.5689422996089,6.5420091030714005,0.009381674457592998,7.965828282292242e-06
787.9623082212823,0.038783800515401014,2.6226737350312398e-08,3.745682978170927e-15,3.1670430134934203e-22
682.639022474272,0.03359974886544381,2.2721130390007123e-08,3.2450148186517797e-15,2.743718987962031e-22
678.1085385566498,5.991401838599218,0.0006336519427394582,1.4153592345553953e-08,1.871627803192707e-13
3591.9404029012426,14817.03045804007,764.0182438145637,7.920916889005308,0.04865305708104868
3455.153260248908,14020.254018828055,709.164165480854,7.231998007570439,0.04369456474112022
1012.3907158840303,1.9997922053772261,4.7288063851944225e-05,2.3616264496677105e-10,6.982440159600901e-16
2651.677399301892,157.51757933012897,0.11199848520342597,1.6818727438905977e-05,1.4952542179799174e-09
849.6465060994705,0.04181991988367457,2.8279849840004758e-08,4.0389069656685254e-15,3.414969222519907e-22
872.2029026958173,0.042930154189061306,2.903062266622951e-08,4.146131778198622e-15,3.505629749685613e-22
25.032357692139403,0.0012321020396948428,8.331833434175426e-10,1.1899462085006386e-16,1.0061211394631165e-23
398.7328110060079,3.9973679758962835,0.0004797159505642997,1.215872061939351e-08,1.8244358093266733e-13
4193.862853488199,14525.6247404878,624.7367441452016,5.441811599952006,0.028080229849036367
648.0975732654778,0.03189960577274841,2.1571444032365004e-08,3.0808174744478454e-15,2.604887150130102e-22
2328.918733166836,9113.528836287933,442.087849098707,4.347531788754286,0.025329294009560837
2727.86933650992,9551.655624198893,415.9530286861004,3.662928058225011,0.019108482709321143
951.5941073946482,0.04683781907809318,3.167309966270076e-08,4.523528362977121e-15,3.824725419048072e-22
880.5334059366525,6.997102948918433,0.000665602301694356,1.3372262123684348e-08,1.5904930269731876e-13
1116.5390751828959,0.999967126212399,1.0720844050396296e-05,2.4275330595961648e-11,3.2541501541121397e-17
1061.0221831843814,0.05222391003438974,3.531533149605574e-08,5.043709184499992e-15,4.264547754829873e-22
62.66926557160208,0.003084604772404547,2.088639186618262e-09,4.217526174995135e-09,0.05200791428858258
22.91810364804506,0.0011280376622119458,7.62811975488195e-10,1.0894423480765273e-16,9.211432994162454e-24
19.68916244773608,0.0009691079645828369,6.553390774871849e-10,9.35950360384704e-17,7.913630350213165e-24
8.537862846681536,0.0004202368133839209,2.841763928002811e-10,4.058585950254879e-17,3.4316081615358546e-24
45.534145392488654,0.0022412077241715047,1.5155700459524621e-09,2.1645257843260662e-16,1.8301458779951808e-23
19.6891835157504,0.0009691090019328293,6.557361736214932e-10,2.8134342894672286e-10,0.0034671942860841874
44.52019400698889,0.0021913006564637763,1.4818214308270556e-09,2.1163262650631138e-16,1.7893923087195412e-23
357.4469733666125,0.017593674171013,1.1897355735596407e-08,1.6991714321467778e-15,1.4366803181874883e-22
174.85561525097538,0.008606459002080954,5.819938653876273e-09,8.311992779980203e-16,7.027940916371595e-23
15.199300619229009,0.0007481152804383179,5.058973774377718e-10,7.22518844055684e-17,6.109028101201674e-24
17993.60761891365,0.8856521196041368,5.989038004509496e-07,8.553499205589439e-14,7.232138987163209e-21
3645.0072849982043,294.77050467049577,0.28531444954589935,5.832613344470771e-05,7.0590333979174376e-09
46.542233132298676,0.002290826181037888,1.549123494007293e-09,2.2124465674410985e-16,1.870663770793388e-23
117.81712971151136,0.0057990033385520315,3.9214552321502004e-09,5.600592981326121e-16,4.735403123088272e-23
8248.623841518804,0.406000361004838,2.74549288380791e-07,3.921092366239831e-14,3.3153548381252163e-21
30.233453738130788,0.0014881019389343419,1.0062979435814599e-09,1.4371871834056337e-16,1.2151678758755319e-23
37.40776719785936,0.0018412243397826435,1.2450896126929624e-09,1.778227656100697e-16,1.5035237919159273e-23
8769.494360550643,20.997830234413613,0.0006018725192338936,3.6435745007286475e-09,1.3058315998151384e-14
9521.224677662532,0.46863825173865487,3.1690685743339153e-07,4.526039993837648e-14,3.8268490485745596e-21
268.1250762826198,76.86008392224781,0.26358472286657797,0.000190922316080945,8.187515967010627e-08
2566.981358033701,1181.7767718254038,6.506338066623605,0.007566056354458786,5.209251684114978e-06
405.2279376616499,9.98726197838457,0.0029464667618054156,1.8359107999863622e-07,6.77235568517547e-12
236.32494790609354,70.89927962993444,0.2544586165947325,0.00019289044174529475,8.656938308397917e-08
176.90238665024586,0.00870720185846088,5.888063912336888e-09,8.409288763689888e-16,7.11020643837239e-23
177.89671996670455,0.008756143317448185,5.921159554675793e-09,8.456555712111512e-16,7.150171502057772e-23
269.8623392660501,0.013282725612015853,8.982166556479503e-09,1.2828262977705334e-15,1.0846529424825244e-22
1115.109401784765,77.72063787220145,0.06483657941840856,1.1423588941953786e-05,1.191589807303713e-09
221.96140878891185,0.010925023837776028,7.387819835383956e-09,1.055122893616868e-15,8.921255771191901e-23
422.78301438121065,30.963715726531646,0.027210574302926237,5.050349032469169e-06,5.549413866950752e-10
326.2047306156943,0.016055919258293156,1.085748100261245e-08,1.5506573019009255e-15,1.311108922706e-22
298.7900065701833,78.92859318830746,0.24944971008412287,0.00016651249203433237,6.58063578536439e-08
3053.1424218324196,177.46777285439856,0.12347182607710178,1.8143204649110784e-05,1.5783413907685796e-09
975.8272438244811,132.0772239192753,0.2139363648820023,7.318896007963647e-05,1.4823593834984723e-08
118.82538804893369,0.005848630192296916,3.955014358419235e-09,5.648521874024136e-16,4.7759278726862324e-23
344.1589382655008,0.016939632096631903,1.1455073404496985e-08,1.6360050009961213e-15,1.3832719529764291e-22
157.85944103232183,0.0077699009287522085,5.254233679739873e-09,7.504057174423796e-16,6.34481668246233e-23
261.92620518567844,44.60763555595642,0.09090912672217806,3.913028468451177e-05,9.971678726823967e-09
494.82639631164704,4.997577446903575,0.0006042122230938044,1.542812599832137e-08,2.332243230394453e-13
249.86852289783434,13.951376980501763,0.009323566061513541,1.3159657702050537e-06,1.0996330116330408e-10
137.86470370979697,13.926120010611571,0.01683600390755434,4.298820226922449e-06,6.498360227777568e-10
289.5511880138934,50.54394188759109,0.10557876800653689,4.657916188253465e-05,1.2166252814048808e-08
3597.300467409835,264.0013281342421,0.23189793658951677,4.302161438042263e-05,4.725182159516723e-09
272.7888227497968,0.013426768227330103,9.079572375117589e-09,1.2967377238077928e-15,1.0964153059542312e-22
184.97681442828713,0.009104628223849444,6.156815214752342e-09,8.793117360199184e-16,7.434740490516691e-23
4982.5006754174365,859.3451267471285,1.7735924144439865,0.0007731209636694323,1.9952209558193808e-07
153.88683281351354,0.0075743676613908555,5.122008380048106e-09,7.315213992092887e-16,6.185146340702914e-23
159.06631539452607,18.884587170322725,0.026832116668310292,8.05202751759896e-06,1.4305439657027374e-09
195.00015502401084,0.009597980809508015,6.490434625774908e-09,9.269590103401363e-16,7.837606851944691e-23
3455.548854524454,421.3484944332288,0.6148659654950894,0.0001895058461547094,3.45788597747209e-08
697.9367554406555,1326.897120373228,33.2087331479761,0.1593710480413095,0.00045295384381193165
3734.4569891372894,13784.873208388854,629.4033094187728,5.8399612933463985,0.03210107150345855
7194.418805631561,5092.317296998395,43.08088979909536,0.07698508256432508,8.145560628786704e-05
3559.0498480806486,14289.237994439016,715.7014177538057,7.22225435918507,0.043178536609845164
3765.3848096703623,15000.775683823606,741.7904753489568,7.4262311414223285,0.04404609277591008
1755.9545798845168,0.08642874339266081,5.844563767227353e-08,8.34716218236626e-15,7.057677285083154e-22
236.67658928898197,134.05482301120853,0.9078114985119816,0.0012985230278384607,1.0997269872611843e-06
1017.0095365504211,3.998379204783107,0.00018817623933677714,1.87041839592779e-09,1.1006500256933282e-14
3936.79555646623,14030.340763109143,620.4023574237716,5.559614673025467,0.029514440549107603
582.3076590568661,39.859299754472225,0.032656744686131445,5.6508625768126775e-06,5.788929240195245e-10
2922.8314591639464,12429.700066565516,654.0113460215346,6.9852719652216875,0.04420324826069069
446.12889164243813,21.944351582877815,0.01292021531659711,1.6066221509800212e-06,1.1827633431002297e-10
88.76944401826243,0.004369265347779181,2.9546246929699873e-09,4.2197728491795625e-16,3.5678946131872876e-23
19.693126105193446,0.9974411169898504,0.0006047062794587272,7.742813776302262e-08,5.869395471633278e-12
117.81712971151136,0.0057990033385520315,3.9214552321502004e-09,5.600592981326121e-16,4.735403123088272e-23
8.53802134565858,0.00042249133742582875,0.004964738980767909,7.090603014370953e-10,5.995233678074019e-17
153.88683281351354,0.0075743676613908555,5.122008380048106e-09,7.315213992092887e-16,6.185146340702914e-23
391.0308569461577,1.9994701975696736,0.00012238995801008512,1.5822310810219379e-09,1.210962330957234e-14
93.77693856703746,0.0046157361098269544,3.1225187713471966e-09,5.630394918821962e-10,0.006934388572528286
43.51736938060233,0.0021419412520152256,1.4484431615745123e-09,2.0686556710009932e-16,1.7490859553112657e-23
3489.635720417502,386.78773340883043,0.5130864680340688,0.00014375092284570689,2.3843814642506415e-08
36.38769367956379,0.0017910159384012052,1.2111372269465696e-09,1.7297371131635888e-16,1.4625241568361687e-23
106.8297036523427,0.005258198104582839,3.5557469560014515e-09,5.078291161374322e-16,4.293787444598312e-23
31.263895867432804,0.0015388206877124378,1.0410949255206962e-09,2.814278519794492e-10,0.0034671942861703594
5.762224458158016e-09,2.842027940933044e-13,1.925819133298435e-19,2.756103348934451e-26,2.335133393432773e-33
7951.79480946975,0.3974941916859266,2.729891533600301e-07,3.959613935940342e-14,3.400137582993599e-21
403.6117847187812,0.019865923510394873,1.3433917027332757e-08,1.9186219645746944e-15,1.622229730559975e-22
21.84969252347364,0.0010754500657095803,7.272507085926502e-10,1.0386540131366309e-16,8.782008394494632e-24
4148.401690858072,380.203084555239,0.41705589425389816,9.662143449191839e-05,1.3252450352019706e-08
18.595292082272902,0.0009152672546894917,6.189304187595186e-10,8.839517867791963e-17,7.473972962738896e-24
37.40776719785936,0.0018412243397826435,1.2450896126929624e-09,1.778227656100697e-16,1.5035237919159273e-23
130.83523173659518,0.006439759206596327,4.355774772810517e-09,2.8185572778194414e-10,0.0034671942866068943
306.5114143959674,25.887233744116134,0.026168288017713696,5.586823601022064e-06,7.061509079624942e-10
19.68916244773608,0.0009691079645828369,6.553390774871849e-10,9.35950360384704e-17,7.913630350213165e-24
46.542233132298676,0.002290826181037888,1.549123494007293e-09,2.2124465674410985e-16,1.870663770793388e-23
429.5274904273907,0.02821779512414039,2.5468547670342734e-08,4.854875910969372e-15,5.478835778749705e-22
8.537862846681536,0.0004202368133839209,2.841763928002811e-10,4.058585950254879e-17,3.4316081615358546e-24
32.29590792169486,0.0015896167078426023,1.0749451918127768e-09,1.5352286689948647e-16,1.2980637332605348e-23
128.91842025038753,0.00634541302494324,4.290953402525692e-09,6.128307499817034e-16,5.181595336536567e-23
30.233453738130788,0.0014881019389343419,1.0062979435814599e-09,1.4371871834056337e-16,1.2151678758755319e-23
15.199300619229009,0.0007481152804383179,5.058973774377718e-10,7.22518844055684e-17,6.109028101201674e-24
5.762224458158016e-09,2.842027940933044e-13,1.925819133298435e-19,2.756103348934451e-26,2.335133393432773e-33
5.762224458158016e-09,2.842027940933044e-13,1.925819133298435e-19,2.756103348934451e-26,2.335133393432773e-33
5.762224458158016e-09,2.842027940933044e-13,1.925819133298435e-19,2.756103348934451e-26,2.335133393432773e-33
366.11845642770504,0.018020487821494926,1.2185979577508766e-08,1.7403924729992937e-15,1.4715334571748765e-22
5.762224458158016e-09,2.842027940933044e-13,1.925819133298435e-19,2.756103348934451e-26,2.335133393432773e-33
2983.941816904644,0.14687073603512144,9.931827637445149e-08,1.4184561818270833e-14,1.1993304737166202e-21
232.69440871536096,0.011453306122012294,7.74505972759064e-09,1.1061436273623205e-15,9.352645344985327e-23
111.81176927274336,0.005503417244077511,3.721571291918259e-09,5.315120235503394e-16,4.494030729730481e-23
252.88804899230882,0.012447244674668255,8.417189973116893e-09,1.2021367654394644e-15,1.0164284768455654e-22
327.0127076781168,22.917653764317848,0.019223870022730034,3.4057303196806874e-06,3.5720823310557033e-10
753.8138378286625,81.54489452806038,0.10557408015607622,2.8868207885491087e-05,4.673337488316795e-09
0.09781358619837582,1.5078993437117842,0.2684310509928957,0.010122838219241526,0.00022662007654117275
337.9909755170242,2.003612440037403,0.00014220466598665926,2.131607883807649e-09,1.8916354782735425e-14
258.81167395036294,0.012738807718108534,8.614353408874801e-09,1.230295499611076e-15,1.0402371982047253e-22
2761.6275147973993,10496.583581429151,498.4679919720682,4.763739824258259,0.026970945896151555
276.5528148107663,4.996532243101408,0.0010806403336941087,4.9361462869440327e-08,1.334850102445926e-12
52.602382642349944,0.0025891090141620947,1.7508310475862456e-09,2.5005237841827315e-16,2.114238291633839e-23
255.88337745862387,0.012594675865860515,8.516887245618782e-09,1.2163754552006968e-15,1.028467547741958e-22
219.88482469334025,9.976711217821531,0.005418361258017277,6.215058076636233e-07,4.2204837059488304e-11
338.80136305816643,38.77105101078584,0.05309966954677137,1.5359553069110624e-05,2.6303324369777104e-09
39.43704381398552,0.0019411060963708065,1.312632570353477e-09,1.8746920021705272e-16,1.5850861491821718e-23
1987.9294898413855,0.09784663551576815,6.616674942067027e-08,9.449885577282969e-15,7.990049950906594e-22
233.846761724299,2.9979911209816956,0.0004600961616788121,1.4912855327613212e-08,2.8616084511965145e-13
8061.742151291612,961.0870437598551,1.3712408957769942,0.00041320703971168144,7.371694835636355e-08
271.26354719599505,7.987867140420497,0.0028156182880622977,2.096100269878147e-07,9.238232010583332e-12
265.0974284272497,0.013048194912364915,8.823570055399426e-09,1.2601756643136037e-15,1.065501420354509e-22
264.12060041891266,15.950328909747917,0.011529509251749042,1.7601510893312846e-06,1.5908530828946583e-10
296.90654779607934,0.014613851704954559,9.88231285353432e-09,1.4113845174875453e-15,1.1933512530322154e-22
280.76747507607547,0.013819480489040506,9.345135863101082e-09,1.3346653021899967e-15,1.1284837625839326e-22
3029.7826165024453,0.14912703739435895,1.0084405317676302e-07,1.4402472117999294e-14,1.2177551854806757e-21
2729.9967182187493,0.14431186708310828,1.0480715943828404e-07,1.6075804043276042e-14,1.4597908972047807e-21
303.6010910320976,0.014943359635344735,1.0105135728815883e-08,1.443207913586767e-15,1.2202585126345453e-22
858.5800973842573,0.042259634599290115,2.8577197758523912e-08,4.081373972605572e-15,3.450875848469769e-22
2326.8914275745715,9150.224255286983,445.94280879761436,4.406763611805047,0.02579930359464331
487.47564706242076,1.9996161480062118,9.819037321998681e-05,1.0183202403424862e-09,6.2522503193556495e-15
1221.348328587677,74.7639796340549,0.054779528581654996,8.477000087434082e-06,7.766174577549833e-10
2679.45714411492,11057.24726443458,569.9391794395651,5.932884527378973,0.062407091227684564
929.8098784348366,677.3272940778265,6.509891595758232,0.01198248077352605,1.3059119661937173e-05
221.96340929121988,13.954764217720689,0.010501106432048778,1.6689594099675802e-06,1.5703544327998502e-10
707.2637160870913,0.03481178552616724,2.3540744938795868e-08,3.3620715544192827e-15,2.842692584861533e-22
686.615043741812,0.033795450124344574,2.2853469290478663e-08,3.2639153612631245e-15,2.7596997401445672e-22
713.4958792601553,6.996692219259025,0.0008213297521844611,2.0362730443130843e-08,2.9887627358319204e-13
574.0489758650912,0.028254906019907804,1.910679173248167e-08,2.728817679602115e-15,2.307264928090995e-22
430.9736464223795,2.9976893842209216,0.00024959449323419856,4.389113378760764e-09,4.569359660766942e-14
557.2867922059002,9.988264276398555,0.0021429310188519437,9.710033220057928e-08,2.6047788508860686e-12
549.5489168919859,6.99544336544542,0.001065967443628882,3.4305721344181505e-08,6.536215669024883e-13
416.58877908151646,0.0205046560429064,1.3865846599593926e-08,1.980309822464804e-15,1.6743879352149907e-22
2341.1919998807907,0.11793371241161724,8.161836507163754e-08,1.1929731248910093e-14,1.0323087850888295e-21
1325.7086967308346,163.95351941838587,0.24266453395761187,7.585691364765746e-05,1.4038802570735105e-08
499.88393741843805,4.997372401971202,0.0005980482307825127,1.5115565298244054e-08,2.2617758533913002e-13
359.9197413318179,0.01771538473823529,1.1979659971820737e-08,1.710926061498459e-15,1.4466190708746213e-22
79.26883371244985,6.96793028699709,0.007330783055916768,1.6289104553066428e-06,2.1428276584550072e-10
520.7394501128392,0.02563099115650121,1.7332423954243484e-08,2.475403802946863e-15,2.0929988910930632e-22
686.615043741812,0.033795450124344574,2.2853469290478663e-08,3.2639153612631245e-15,2.7596997401445672e-22
391.8917753729056,7.987903372586982,0.001948935219750842,1.0042840629722249e-07,3.063751596915977e-12
682.639022474272,0.03359974886544381,2.2721130390007123e-08,3.2450148186517797e-15,2.743718987962031e-22
594.9317756085095,0.9999401345153168,2.0119257795989378e-05,8.549542902482566e-11,2.1508501788371279e-16
650.7019809168407,1.999686926242618,7.356494163044021e-05,5.715745524071127e-10,2.6291254514915887e-15
509.7184788322258,10.98780222538554,0.0028353226625437563,1.5452146237761954e-07,4.98554954271034e-12
755.8102558042688,1.9997627788850654,6.333942168043388e-05,4.237042042813181e-10,1.6779841463986436e-15
147.9631050777187,0.00728279955919161,4.924841523409802e-09,7.033621764701031e-16,5.947054996183704e-23
3234.3358062222696,0.15919522215663662,1.0765245343268474e-07,1.5374842741403457e-14,1.2999708883932107e-21
2896.8396592747804,0.14486769091891588,9.953311606449471e-08,1.4442970071222513e-14,1.2407423782578068e-21
92.06803965041529,7.964451570852362,0.00824615531011248,1.8032141206143495e-06,2.334458548792745e-10
1483.1305717770363,88.72633260529848,0.06353309994932228,9.60827581007141e-06,8.602641594664759e-10
3280.6334439870807,0.16147400926189553,1.0919343575243373e-07,1.559492468173972e-14,1.3185792163163173e-21
4118.0864491529155,0.21987706854623978,1.612922134525171e-07,2.4988472753855588e-14,2.2919345948346827e-21
3469.4185547561806,0.1707660832608088,1.1547700726864941e-07,1.6492339657763355e-14,1.394457283055641e-21
3028.648416662235,1.000035424196021,3.952893592464505e-06,3.2999528461330586e-12,1.6309346529900302e-18
4094.9632627446877,0.2015556285410354,1.362977960121196e-07,1.9465949106274497e-14,1.6458813646890518e-21
4203.607858364243,0.20690315630933304,1.3991395029274385e-07,1.998240555125479e-14,1.6895486954637234e-21
2744.5977111192065,0.13509012932783646,9.135188644274275e-08,1.3046807976986476e-14,1.103131319246947e-21
63.683607217277455,0.003134531046277436,2.1196613373275104e-09,3.0272844405558916e-16,2.5596239973308197e-23
3688.6930964192707,0.18155885849033035,1.227753967370363e-07,1.7534690173370776e-14,1.4825899130006812e-21
3846.9442287796664,0.1893480386132434,1.2804266757030068e-07,1.828695784731153e-14,1.5461955116302377e-21
5313.535691399634,172.71068105657778,0.06719785985851766,5.5218839738373545e-06,2.68632089568213e-10
198.9156626348123,0.009790703563514684,6.620759374344991e-09,9.455718932860028e-16,7.99498215903345e-23
347.88415831202303,0.019257803046237667,1.4646296272220245e-08,2.3525655743521664e-15,2.2371332608618503e-22
5.762224458158016e-09,2.842027940933044e-13,1.925819133298435e-19,2.756103348934451e-26,2.335133393432773e-33
185.8882891190808,0.009149491350186511,6.187152969575748e-09,8.836445514334451e-16,7.471375232068868e-23
1033.0938016794537,518183.0616225095,3645842.1604605154,5353268.176021669,4647550.197779711
599.2501257325437,371.32928441062234,15.550422966684422,0.057177548417173985,5.406792211971436e-05
66436.34879742717,3580801.805905304,2703704.276383072,403140.45117302827,32569.04100788307
14517.257324564029,10272.793820066447,352.794456043288,1.6813646806614695,0.0018094842136599574
30936.616361595472,1556172.634111562,1113297.5723896543,143410.96219811623,10821.547739226993
2429.1876977291527,226551.90255852134,303493.30481505423,74994.87221477178,10500.876835096555
23.210515476335782,9248.254861494937,51194.38282401332,57919.50626406273,39372.81770464997
2117.5145583071007,8625.657673266183,439.44531011103066,4.499383265870661,0.027293550594660192
2568.8427778995588,0.1264394055578434,8.550201466146594e-08,1.2211333672160298e-14,1.0324904487975982e-21
169.88822606278842,0.008361962242087578,5.654602812052257e-09,8.075861369454448e-16,6.828287518491905e-23
505.92795868066514,0.024901963989785916,1.6839434516163742e-08,2.404995420769224e-15,2.0334673247094191e-22
104.81724855366454,0.00515914430939621,3.4887638899948128e-09,4.982626448369606e-16,4.2129011916171855e-23
0.0009312378738947664,0.12726259544893467,0.2602883591155992,0.08743487850922459,0.01782506124426715
102.80872255415717,0.005060283905945269,3.421911601121674e-09,4.887148510287119e-16,4.1321728602263206e-23
3691.0766551461293,0.1816761781453629,1.2285473171034163e-07,1.7546020734817066e-14,1.4835479325575036e-21
182.09394500651763,12.952522984477055,0.011027493503523982,1.9828876367950617e-06,2.1108688597847835e-10
120.86903511978313,0.005957664335415479,0.004971303838029694,7.099978894325496e-10,6.003161154926286e-17
131.85795046100978,0.006490097805050451,4.388793471730688e-09,6.268041953595691e-16,5.299743356046783e-23
48.43174188170864,0.9989199826672834,0.00024662824839334635,1.2860253287973565e-08,3.970032464523804e-13
3101.043599894781,30.98403229888815,0.003705870888326145,9.361303375620993e-08,1.3999719699865896e-12
233.95248647069116,0.011515229182548938,7.788300160683257e-09,2.8213817360833475e-10,0.0034671942868948753
92.78047748011119,0.004566689920023129,3.0881289481985e-09,4.410442626225572e-16,3.7291093739657833e-23
18.595292082272902,0.0009152672546894917,6.189304187595186e-10,8.839517867791963e-17,7.473972962738896e-24
155.88362732404863,0.007682240832771128,0.004972518244493852,1.8846588464750278e-09,0.0034671951983143217
130.83523173659518,0.006439759206596327,4.355774772810517e-09,2.8185572778194414e-10,0.0034671942866068943
2321.3287965817276,0.11425667451088109,7.726369652007343e-08,1.1034743247709234e-14,9.330075906588508e-22
109.89599446319735,0.00540912208900393,3.6578061571801157e-09,5.224051347826217e-16,4.4170303305655053e-23
60.66102566910908,0.0029857584481688833,2.019056966335884e-09,2.883602031676909e-16,2.438137910052741e-23
84.77410959124892,0.0041726134879213235,2.8216429683993273e-09,4.029849346504076e-16,3.407310840948155e-23
2255.980378840184,468.96228796427863,1.1664667819863554,0.000612797870629713,1.9059647216956902e-07
34.348728680491725,0.0016906573159686106,1.143271798690418e-09,1.6328122170051582e-16,1.3805723961022614e-23
20.775874809489515,0.0010225963553912763,6.920853695260115e-10,5.625092536746274e-10,0.00693438857198707
30.50014832038217,8994.595524152504,37032.91402343605,31313.92758412797,15533.475162863033
5.624673999999999e-09,1.8991475473941063e-10,3.051484676294033e-11,1.8989112654099811e-07,0.0034675815735198284
324.3819824943998,20.93037587619308,0.01616468318299533,2.6366693061800635e-06,2.5461586309498814e-10
955.0878626577995,59.80689387981672,0.04482608873166127,7.095917887132408e-06,6.650089527676472e-10
732.1975954559855,0.03603904042583522,2.4370650504721388e-08,3.4805980455437876e-15,2.94290888661942e-22
1019.3978575093308,0.05017514510397901,3.392989688138779e-08,4.84584245086037e-15,4.0972478364897133e-22
47137.90077457586,552956.2383120722,78390.7590452577,2278.2783837397583,39.28274636040233
642.6711744348793,16.97689915535209,0.005368271103277727,3.585135602876009e-07,1.4174737566389817e-11
7796.5089190140025,75530.02255808929,8969.091912485941,216.2996915976913,3.093571628894561
29.19855851454201,0.001437164007656115,9.71852228436246e-10,1.3879920711173664e-16,1.1735725146080223e-23
811.2501485273473,0.03993003675467464,2.700185573451773e-08,3.8563848050510705e-15,3.2606434194660905e-22
22.91810364804506,0.0011280376622119458,7.62811975488195e-10,1.0894423480765273e-16,9.211432994162454e-24
6098.538213649977,6831.086466807696,91.37010600151721,0.2581701859828424,0.0004319497777057191
92.78047748011119,0.004566689920023129,3.0881289481985e-09,4.410442626225572e-16,3.7291093739657833e-23
12799.789600264556,1356.580096261123,1.7207507425323358,0.0004609908359984554,7.311580186667249e-08
19126.32711532203,3696.1032023826288,8.546781205741262,0.004174171252892291,1.2069506518981741e-06
27006.249284198966,4410.797932332469,8.620745167620179,0.00355859940505172,8.696862207238271e-07
7467.253552994465,0.36754102218538864,2.4855533037980756e-07,8.540332945863624e-10,0.010401582868433356
8852.548305084581,0.4357257497409803,2.946504634244581e-07,4.208175842146914e-14,3.558089133034741e-21
427.85050575785044,0.021058982366648864,4.311431181894159e-08,0.0365690167008592,0.006943651393328625
80508.74788506192,163712.07633499108,3967.164388525048,20.311626571633695,0.06158950639397648
300.7966069231649,0.014805321875042483,1.0011790568316847e-08,1.4298764277025084e-15,1.208986499099154e-22
17326.62307256167,0.8528228899282092,5.767037176152889e-07,8.23643928585631e-14,6.964059064355667e-21
468.15393863750415,0.023042712547510974,1.5582154450859895e-08,2.2254316238508806e-15,1.8816428719138197e-22
26701.363869003573,1226.0999471046325,0.6739165211335727,7.823175212936919e-05,5.376502563199765e-09
282.1483411097265,0.013887454126908444,1.8105479900025833e-08,0.006647266498089985,5.620384598561211e-10
638.6574453354244,23.954375481738744,0.010755769144234236,2.0788999982479552e-06,0.0034684660425829687
10204.53276603838,0.50227093227886,3.3965025718258974e-07,4.850859525022276e-14,4.101489863849006e-21
518.9015179066334,16.971458350092135,0.00664437230486322,5.493945709262262e-07,2.68938861297004e-11
235.95195385666858,0.011613643716351776,7.853484686419848e-09,1.1216287987456617e-15,9.483575282537879e-23
494.7703725946735,0.024352783415439217,1.6468062590517492e-08,2.351956360596261e-15,1.9886218356645701e-22
26648.693455562254,1579.1692649094425,1.1200985691974483,0.00016779601941789517,1.4881543353616711e-08
261.9678164063012,15.950274772847761,0.01162418247522052,1.7891825678234123e-06,1.6303766075414212e-10
421.09145366050205,0.020726279375437816,1.4015714762480493e-08,2.001713881200584e-15,1.6924854557672124e-22
9955.004196829725,0.48998904245988123,3.313448849867957e-07,4.732242821596185e-14,4.0011972859510604e-21
29467.981513342602,6889.85155086715,19.274021009404354,0.011387998467843117,3.9836142200138776e-06
285.94167906851504,4.997834250876122,0.0010457209275118787,4.621086204788481e-08,1.2089544064592758e-12
441.44563379969645,6.985515612018887,0.001323114631784876,5.292863050634825e-08,1.2534912063763036e-12
429.5274904273907,0.02821779512414039,2.5468547670342734e-08,4.854875910969372e-15,5.478835778749705e-22
807.2823272046177,5.997712382168316,0.0005334216431979592,1.0019570403158105e-08,1.1142030700355497e-13
41743.4148210051,26766.23725694614,205.16369560245562,0.33217028087341327,0.0003184257852411404
16399.69363835469,7145.552112373679,37.234719142152926,0.04098170834324255,2.670563419088656e-05
20070.039010771132,7213.70467755834,31.013752206800184,0.028162648744095863,1.5141101809896803e-05
42587.860481798154,3417.852919333587,3.283035876914141,0.0006660357091388126,7.999484107082703e-08
32073.48532438595,14412.111418366083,77.44763283954468,0.08790620331901006,5.9074879432131986e-05
21890.3426871765,20281.33627504675,234.83215695449664,0.5493259786630644,0.0007608737374238129
32308.938381634667,16134.766456510599,96.35038822530737,0.12152883237956338,9.075720357644907e-05
18144.990104499055,12653.66639954456,109.89380431552671,0.19355083577181326,0.00020184061860046453
22522.67961530941,655.0187195312404,0.2280296528296194,1.6765798470504812e-05,7.297862265814372e-10
45164.57575666904,54187.500321657106,776.1995030799698,2.3487779603368124,0.004208643023278894
23108.12128547476,30486.49322042546,523.0600019398715,1.7424208321203327,0.0034371282767241083
49636.38944999361,97533.05679888294,2284.1897385477364,11.302427539567566,0.03312099572695577
19996.871051045462,327.7236729710111,0.06429389986784195,2.663949290810517e-06,6.534609389666763e-11
17007.07051784709,4338.759960780323,13.243052157432157,0.008537386947963495,3.2585046083855758e-06
15704.204577884591,372.54452518232335,0.10579119378347229,6.344767296389279e-06,2.2527860985904528e-10
29538.393013921723,2006.967168143596,1.6321505256192441,0.0002803359123623185,2.8506169543367296e-08
2170.7372152994426,8848.27713297551,449.24685346943875,4.6018490178702285,0.02792792878981208
668.1071294149984,10.990687505399235,0.00216431123117502,9.00137385663665e-08,2.2163349040761034e-12
437.69099188127745,123.204751188423,0.4149043362145334,0.00029511081946787513,1.2427417424385966e-07
275.7019138541083,0.013570151664702695,9.176532438401296e-09,1.310585487399318e-15,1.1081238416713848e-22
594.8008521672725,4902.712218762814,497.30804914459674,10.372186222884341,0.3132227963253431
3430.708916080726,0.16886078031833546,1.1418858583544867e-07,1.6308328274014423e-14,1.3788987862287184e-21
265.92366195432913,0.01308886243663485,8.851070621706525e-09,1.264103274588975e-15,1.0688222862032294e-22
2764.309284542663,10817.450276017455,523.4294200455982,5.146927833568852,0.029983624354342098
2307.7717306300206,21423.50935111976,2422.722059513239,55.98578018592249,0.7672146868457043
3728.4399362759273,15933.799859456445,837.974548610354,8.991527085742014,0.05716240225553056
59.09540623399364,18.696308625956,0.07080003488893527,9.399859230319227e-05,0.010444648269839579
893.3478020942538,7.996307999120055,0.0008568045008016256,1.9389542597268868e-08,2.597707758377948e-13
809.0688471781788,118.10988150359783,0.2063376363334945,7.613350986201972e-05,1.6631103450275884e-08
2339.815399383882,13.995586581223217,0.0010021357398351132,1.515497921777911e-08,1.3568155282026492e-13
1142.380702932681,39.928079303141665,0.016704915391875453,1.4760665496550316e-06,7.72158700794743e-11
564.132404889946,127.51031830149033,0.34484505672228716,0.0001969765972936673,6.661306854957754e-08
126.62538359729714,41.302641679533814,0.1611583496275264,0.00013281533225340683,6.48045897697313e-08
1878.8916537322257,0.09247975230299775,6.253750642383616e-08,8.931559811660211e-15,7.551796098592914e-22
837.8238423567562,1.999676679136505,5.713408335916839e-05,3.4476549269993464e-10,1.2316539324595751e-15
2689.0433834304654,9827.912726481243,446.6128043209537,4.104133841962638,0.022342803440832188
10212.623709319838,1376.4239489135764,2.220083676091925,0.0007562940825956632,1.5253130356512026e-07
1492.6961510318788,6143.566678002555,312.026143938317,3.225640498552485,0.0197561791287433
2769.2998513003904,10793.556486263687,523.478311522314,5.12838857997185,0.029765152338527424
425.5870571024195,0.02094755466696419,1.4168539310322256e-08,8.456709089785408e-10,0.010401582859926465
2569.79512685312,0.12648628059330827,8.559996332410913e-08,6.019228181300852e-08,0.7419795772064872
1043.8118998138254,0.05137681342825394,3.474250005859404e-08,4.9618978277916865e-15,4.1953747662994935e-22
1805.677145390605,0.08887610672664466,6.010061615576929e-08,8.583524969398002e-15,7.257526316002541e-22
419.7971648489841,0.020662574007920088,1.3986932303967553e-08,1.7153857180824723e-08,0.2114988514428742
5.762224458158016e-09,2.842027940933044e-13,1.925819133298435e-19,2.756103348934451e-26,2.335133393432773e-33
558.8507387671649,0.027506843086387112,1.8600929753556723e-08,2.6565708507856253e-15,2.2461789216714e-22
97.80403995399615,0.004813951552986858,3.2582648359964516e-09,3.0936068646234372e-09,0.038139137145730764
601.893835676349,0.0296254404693752,2.0033587109883202e-08,2.8611819010076047e-15,2.4191812822196776e-22
5.762224458158016e-09,2.842027940933044e-13,1.925819133298435e-19,2.756103348934451e-26,2.335133393432773e-33
5.762224458158016e-09,2.842027940933044e-13,1.925819133298435e-19,2.756103348934451e-26,2.335133393432773e-33
749.5901228146566,0.03689510714945816,2.4949547797313572e-08,3.56327572313703e-15,3.0128143651982305e-22
129.85201809528593,0.006391365067384578,4.3285472236081704e-09,1.1527112372533088e-08,0.14215496572131647
543.4709697978722,0.026749845086032894,1.8089025621775777e-08,2.583461086225283e-15,2.1843632874016666e-22
677.7809879844971,0.0333606345940649,2.2569301152377943e-08,5.066418868475322e-09,0.06240949715179874
687.5107531101381,0.03383953727559342,2.2883282308309856e-08,3.2681732341325782e-15,2.7632998490171373e-22
662.610109298079,0.03261391824250543,2.205448296308895e-08,3.149804732620278e-15,2.66321713034689e-22
366.9422383573242,0.018061034677217837,1.22133985442241e-08,1.7443084292821066e-15,1.4748444693611469e-22
981.4522953389081,0.04830745029382428,3.266690716440484e-08,4.6654632057671334e-15,3.944733907446334e-22
437.571867232469,0.021537451523460843,1.4571957717726366e-08,4.783629329297406e-09,0.05894230286423863
416.5900902029333,0.020504720576794574,1.3865890239291759e-08,1.980316055053752e-15,1.6743932049821864e-22
468.1358554578638,0.02304182248662286,1.558155256572156e-08,2.2253456630663818e-15,1.8815701905087018e-22
793.8555511430894,0.03907386814361549,2.642288954266881e-08,3.773697287317602e-15,3.190729620869935e-22
895.7378163840499,0.04408855147292639,2.981396470356234e-08,4.2580081010569185e-15,3.600223213347271e-22
5.762224458158016e-09,2.842027940933044e-13,1.925819133298435e-19,2.756103348934451e-26,2.335133393432773e-33
587.913768191259,0.02893733630135033,1.956827099736665e-08,2.7947258024528544e-15,2.362991443448371e-22
5.762224458158016e-09,2.842027940933044e-13,1.925819133298435e-19,2.756103348934451e-26,2.335133393432773e-33
1116.1633635628873,0.054937979625879825,3.7150664531512485e-08,5.3058300735134015e-15,4.486175728974653e-22
1236.4391352324424,0.06085799824428047,4.115395382628129e-08,5.877576851155598e-15,4.969598017559072e-22
12.783227951022104,0.0006291952774374351,4.2593195277907865e-10,5.624076275362714e-10,0.0069343885718833095
232.80479189144225,0.011458739224650854,7.750096647999282e-09,2.8213542230318907e-10,0.00346719428689207
368.22799695131886,0.018124320197730893,1.225619405942676e-08,1.7504204526991086e-15,1.4800122962097965e-22
788.0008718294442,0.038785698630666804,2.6228020911228944e-08,3.745866295379329e-15,3.167198011523823e-22
428.84739059165906,0.02110802950572755,1.4278001676336503e-08,1.4084818348946363e-09,0.01733597143222174
456.3910705828475,0.022463739767517706,1.51906361666259e-08,2.1695152758389345e-15,1.8343645837235641e-22
530.9018589486814,0.026131188733127635,1.7670672147847782e-08,2.5237121565273216e-15,2.1338444817615687e-22
659.2290920747722,0.032447503305953605,2.1941948328161146e-08,3.133732620375682e-15,2.6496278674292926e-22
2647.6490866520007,0.1303182816488955,8.812502383288623e-08,1.2585949876751152e-14,1.064164929537296e-21
842.9513077979009,0.041490379724130756,2.8071210951092372e-08,8.442197782804517e-09,0.10401582858445983
2862.795628397923,0.14090787517973233,9.529277465545195e-08,5.675827816363335e-10,0.006934388577155216
719.6476381680801,0.03542132681840435,2.3952934542785937e-08,3.4209401648309478e-15,2.8924670645505146e-22
954.7017142967495,0.04699077666957804,3.17908761566692e-08,7.599253098498898e-09,0.09361424572731523
5.762224458158016e-09,2.842027940933044e-13,1.925819133298435e-19,2.756103348934451e-26,2.335133393432773e-33
150.8776491604252,0.007426254517888453,5.02733713286651e-09,7.02996460311161e-09,0.08667985714840783
579.3504391111092,0.028515846030398178,1.9283246979991564e-08,2.7540188858436098e-15,2.32857300584981e-22
728.5865675928605,0.03586130427927369,2.4250460137310774e-08,3.463432547322001e-15,2.9283951459923387e-22
543.3845111270764,0.026745589557810312,1.808614790944492e-08,2.583050093506297e-15,2.184015785590422e-22
5.762224458158016e-09,2.842027940933044e-13,1.925819133298435e-19,2.756103348934451e-26,2.335133393432773e-33
352.06320437651493,0.017328683040911497,1.1718161002821968e-08,1.6735789746723404e-15,1.4150414304025628e-22
1062.450204030812,0.05229419776895961,3.537620510300213e-08,5.912322368121991e-09,0.07281108001196297
501.2966491749965,0.024674009199778607,1.6687284738885333e-08,2.8265801871074017e-10,0.003467194287424532
640.4368148287771,0.03152254036758155,2.1316461405242805e-08,3.0444010466862136e-15,2.5740963988062453e-22
130.74752943389637,0.9996185928094908,9.148715004307794e-05,1.7683953392968894e-09,2.023650099846256e-14
370.0689985785607,0.018214934988710747,1.2317470424597272e-08,1.7591718972618707e-15,1.487411801592926e-22
5.762224458158016e-09,2.842027940933044e-13,1.925819133298435e-19,2.756103348934451e-26,2.335133393432773e-33
1009.2827975206468,0.04967727805537868,3.359322465882334e-08,4.797759176283039e-15,4.0565925542078204e-22
1372.70429659835,0.06756502063482828,4.570090251820989e-08,3.3816161317464964e-09,0.04160633143861714
388.80762823798034,0.019137257387339027,1.295663106738054e-08,2.1651111156860465e-08,0.2669739600158915
845.207137956708,0.04160141252194058,2.8136586667159737e-08,8.467418399763444e-10,0.010401582861018242
284.9099933940384,0.014023376799969598,9.488017483545289e-09,3.0953023436095597e-09,0.038139137147461574
974.3456176635963,0.04795765695999639,3.2439183980887326e-08,2.817409917874586e-09,0.03467194286489869
5.762224458158016e-09,2.842027940933044e-13,1.925819133298435e-19,2.756103348934451e-26,2.335133393432773e-33
463.0028766280809,0.02278917534232802,1.5410705196261313e-08,2.200945369766273e-15,1.8609392991936453e-22
582.1633313854355,0.028654297643756512,1.9376872000000467e-08,2.7673903410533854e-15,2.3398788141761297e-22
723.7154576495747,0.035621546419845794,2.4088328878297323e-08,3.4402770823854196e-15,2.9088167796759763e-22
650.948839629871,0.032039946177526535,2.1670904310471385e-08,1.127809048892994e-09,0.013868777146821346
719.6476381680801,0.03542132681840435,2.3952934542785937e-08,3.4209401648309478e-15,2.8924670645505146e-22
1567.3282453192764,0.07714448441808668,5.216735090350408e-08,7.45050197001334e-15,6.299534784086834e-22
261.8876047518429,0.012890206192438119,8.72303522172025e-09,5.3445181963474156e-09,0.06587669143457166
1612.990047107339,0.07939197543795491,5.3687169897309594e-08,7.667561379994826e-15,6.483062458986475e-22
391.5868123502065,0.01927404985937843,1.3035442369387362e-08,2.824673595689726e-10,0.00346719428723033
2843.9649975462216,0.19004163025870377,1.744705947070235e-07,3.382895520655878e-14,3.88321220690113e-21
481.2696270252035,0.023688271651980012,1.6018700350230673e-08,2.2877787821200334e-15,1.9343585270181692e-22
61.67503187578693,0.0030356682151327333,2.053799540986488e-09,5.628501065270517e-10,0.006934388572335008
289.9300199946388,0.014270464391305337,9.653146333485385e-09,1.1265666451540593e-09,0.013868777145554149
5.762224458158016e-09,2.842027940933044e-13,1.925819133298435e-19,2.756103348934451e-26,2.335133393432773e-33
660.9183131831243,0.03253064740283386,2.1998172792038564e-08,3.141762556180865e-15,2.656417324048771e-22
5.762224458158016e-09,2.842027940933044e-13,1.925819133298435e-19,2.756103348934451e-26,2.335133393432773e-33
5.762224458158016e-09,2.842027940933044e-13,1.925819133298435e-19,2.756103348934451e-26,2.335133393432773e-33
187.99377836759024,0.009253124321141483,6.257232607825469e-09,8.936532728615884e-16,7.556000790232046e-23
344.8879256240489,0.0169755131279924,1.147933720466212e-08,1.639470338756222e-15,1.3862019590144416e-22
980.2428870845434,0.04824792276568042,3.2626652913274325e-08,4.659714123780889e-15,3.9398729541716867e-22
501.2963276161832,0.02467399337064386,1.6685274132901337e-08,2.382978350335284e-15,2.0148514916285709e-22
225.85811432215274,0.011116821151041482,7.5223594686173e-09,3.657208737746526e-09,0.04507352571883328
977.795580234196,0.048127465412430355,3.255402900549923e-08,2.817422697326734e-09,0.03467194286491172
951.6057221396031,0.04683839076019863,3.167348625081817e-08,4.523583575202402e-15,3.8247721019877007e-22
468.15393863750415,0.023042712547510974,1.5582154450859895e-08,2.2254316238508806e-15,1.8816428719138197e-22
5.762224458158016e-09,2.842027940933044e-13,1.925819133298435e-19,2.756103348934451e-26,2.335133393432773e-33
5.762224458158016e-09,2.842027940933044e-13,1.925819133298435e-19,2.756103348934451e-26,2.335133393432773e-33
572.1926733292901,0.02816353811246655,1.904500608798926e-08,2.7199935001481737e-15,2.299803924035851e-22
100.82868927177844,0.0049628259269658345,3.3583810462297356e-09,1.96907533257589e-09,0.024270360002253806
102.80872255415717,0.005060283905945269,3.421911601121674e-09,4.887148510287119e-16,4.1321728602263206e-23
386.80145977244575,0.01903851301086917,1.2877440745908567e-08,8.455488625003845e-10,0.010401582859801998
844.5615891946699,0.041569638365363926,2.811060217584756e-08,4.01473514108123e-15,3.394531505652591e-22
512.9549936852696,0.025247837289802684,1.7073324131814567e-08,2.4383993604363064e-15,2.0617109626153283e-22
590.5399554731592,0.02906659822491519,1.9655681681045934e-08,2.807209730804083e-15,2.373546831690281e-22
5.762224458158016e-09,2.842027940933044e-13,1.925819133298435e-19,2.756103348934451e-26,2.335133393432773e-33
943.7012952854536,0.04644933190408159,3.1410393302277906e-08,4.486008837412444e-15,3.793001978489517e-22
5.762224458158016e-09,2.842027940933044e-13,1.925819133298435e-19,2.756103348934451e-26,2.335133393432773e-33
405.5883716980586,0.0199632118632841,1.3499706249754547e-08,1.928017932028857e-15,1.6301741917581435e-22
308.9279175694246,0.01520554804147057,1.0287642664555625e-08,3.095471456075446e-09,0.03813913714763417
241.86401044595976,0.011904637369432052,8.0598899357633e-09,1.3496788270192587e-08,0.16642532572418367
1137.7828464503468,0.05600209868691221,3.7870252884182444e-08,5.408601142895152e-15,4.573070535388211e-22
980.2431907661878,0.04824793771300491,3.26266630210912e-08,4.659715567371724e-15,3.9398741747539656e-22
5.762224458158016e-09,2.842027940933044e-13,1.925819133298435e-19,2.756103348934451e-26,2.335133393432773e-33
488.97191106938425,0.024067380963130682,1.62750651262061e-08,2.3243926073453176e-15,1.965316181484065e-22
5.762224458158016e-09,2.842027940933044e-13,1.925819133298435e-19,2.756103348934451e-26,2.335133393432773e-33
524.0579268025372,0.025794327824518733,1.744287697418591e-08,2.4911786204988834e-15,2.1063367859465277e-22
37.40776719785936,0.0018412243397826435,1.2450896126929624e-09,1.778227656100697e-16,1.5035237919159273e-23
255.9965386237904,0.012600245704183917,8.524154679862772e-09,1.6889799408865135e-09,0.02080316571744347
889.8463427572125,0.043798570930074276,2.961787140086855e-08,4.230002202487735e-15,3.5765437172668375e-22
254.96806996076387,0.012549624088668655,8.487848214767021e-09,2.8218741159995505e-10,0.0034671942869450635
1442.3320215551635,0.07099212338396081,4.801525439708685e-08,1.6929208767871012e-09,0.02080316572146286
533.1922329290406,0.0262439217999674,1.7746905536412366e-08,2.5345997519647775e-15,2.1430501415210547e-22
463.0028766280809,0.02278917534232802,1.5410705196261313e-08,2.200945369766273e-15,1.8609392991936453e-22
723.5781366059717,0.03561478742654613,2.4083758249847632e-08,3.439624308654746e-15,2.9082648476264223e-22
812.0327483251061,0.03996855661381322,2.7031503672024175e-08,5.649876768928604e-10,0.006934388574514612
579.3504391111092,0.028515846030398178,1.9283246979991564e-08,2.7540188858436098e-15,2.32857300584981e-22
107.83535632774266,0.005307696709293876,3.592002491574677e-09,2.5314485689280997e-09,0.031204748574102013
4298.168697347037,0.2115574762906484,1.4306133724482444e-07,2.0431912997593135e-14,1.7275553667633406e-21
682.7119696052774,0.033603339350607345,2.2723558380820114e-08,3.2453615824805353e-15,2.744012183079609e-22
970.9587531135293,0.047790954207497856,3.231763744306414e-08,4.6155807658531655e-15,3.9025573981832144e-22
750.7130856959088,0.03695037980389641,2.4986924778716706e-08,3.568613875616583e-15,3.0173278701087757e-22
1184.1052902195345,0.05828210675301571,3.941206085327369e-08,5.628801001851859e-15,4.759253516955332e-22
446.4868073738772,0.021976248215522236,1.486098015755055e-08,2.122434051615266e-15,1.7945565532219823e-22
345.47625649321253,0.017004470994160144,1.1498919358554061e-08,1.6422670473032761e-15,1.3885666269044752e-22
5.762224458158016e-09,2.842027940933044e-13,1.925819133298435e-19,2.756103348934451e-26,2.335133393432773e-33
343.21042103931524,0.016892945722801606,1.1423502716528967e-08,1.6314960989946466e-15,1.3794595944117785e-22
5.762224458158016e-09,2.842027940933044e-13,1.925819133298435e-19,2.756103348934451e-26,2.335133393432773e-33
938.306254438105,0.04618378597410563,3.1236295693825526e-08,1.1285586673902859e-09,0.013868777147585594
766.5571575275408,0.037730230965377524,2.551428288474809e-08,3.643930765200589e-15,3.0810096686873536e-22
5.762224458158016e-09,2.842027940933044e-13,1.925819133298435e-19,2.756103348934451e-26,2.335133393432773e-33
430.9523829429636,0.02121163801530827,1.4343928434153346e-08,2.048589111877089e-15,1.7321193149819638e-22
5.762224458158016e-09,2.842027940933044e-13,1.925819133298435e-19,2.756103348934451e-26,2.335133393432773e-33
261.0129096588389,0.012847153368115809,8.690119501702618e-09,8.451036860847416e-10,0.010401582859347919
831.6157624305597,0.04093243991375323,2.7679709993845357e-08,3.953195442490649e-15,3.3424985723772395e-22
476.3149252722988,0.03407528684620747,3.349144204505475e-08,6.952180261855076e-15,8.54366866190183e-22
220.92704548685094,0.010874112092397147,7.358179397070455e-09,3.657165236702916e-09,0.04507352571878888
3104.4870783620463,0.16881254805883145,1.2614269858711285e-07,6.231450454898313e-09,0.06934388694056892
355.92152563420404,0.01751859106115721,1.1846582346308516e-08,1.6919200147302901e-15,1.4305491130105817e-22
515.881485185453,0.02539188029968895,1.7170730217273763e-08,2.4523108245807568e-15,2.0734733583073582e-22
552.4257149062616,0.027190601000784735,1.8387077629525834e-08,2.6260286506587518e-15,2.2203549365417866e-22
414.9472021450275,0.020423857010045073,1.381120793641877e-08,1.9725063695277674e-15,1.6677899739755066e-22
118.82538804893369,0.005848630192296916,3.955014358419235e-09,5.648521874024136e-16,4.7759278726862324e-23
5.762224458158016e-09,2.842027940933044e-13,1.925819133298435e-19,2.756103348934451e-26,2.335133393432773e-33
506.8546510216053,0.024947576134574035,1.6870278779114905e-08,2.409400575294059e-15,2.0371919628975798e-22
980.2431907661878,0.04824793771300491,3.26266630210912e-08,4.659715567371724e-15,3.9398741747539656e-22
5.762224458158016e-09,2.842027940933044e-13,1.925819133298435e-19,2.756103348934451e-26,2.335133393432773e-33
365.3335589548615,0.017981854873326982,1.2159854850916627e-08,1.736661359121174e-15,1.468378732600183e-22
5.762224458158016e-09,2.842027940933044e-13,1.925819133298435e-19,2.756103348934451e-26,2.335133393432773e-33
157.85944103232183,0.0077699009287522085,5.254233679739873e-09,7.504057174423796e-16,6.34481668246233e-23
359.9197413318179,0.01771538473823529,1.1979659971820737e-08,1.710926061498459e-15,1.4466190708746213e-22
5.762224458158016e-09,2.842027940933044e-13,1.925819133298435e-19,2.756103348934451e-26,2.335133393432773e-33
788.0008718294442,0.038785698630666804,2.6228020911228944e-08,3.745866295379329e-15,3.167198011523823e-22
463.99554809153636,0.022838035013191333,1.5453172608165495e-08,6.752171549402033e-09,0.0832126628659483
844.5615891946699,0.041569638365363926,2.811060217584756e-08,4.01473514108123e-15,3.394531505652591e-22
626.201488476581,0.030821872273296722,2.085426496104323e-08,7.597020311758075e-09,0.09361424572503631
821.528244148216,0.04043592847827477,2.7343954476421293e-08,3.905243091054631e-15,3.3019539879900726e-22
5.762224458158016e-09,2.842027940933044e-13,1.925819133298435e-19,2.756103348934451e-26,2.335133393432773e-33
5.762224458158016e-09,2.842027940933044e-13,1.925819133298435e-19,2.756103348934451e-26,2.335133393432773e-33
536.1888447766222,0.026391416159667218,1.784664552530189e-08,2.5488445424484868e-15,2.155094370689145e-22
93.79311678447552,0.004616532408020422,3.123332357239399e-09,8.442835652872521e-10,0.010401582858511086
5.762224458158016e-09,2.842027940933044e-13,1.925819133298435e-19,2.756103348934451e-26,2.335133393432773e-33
556.6862785808498,0.027400307543742845,1.852888731165384e-08,2.6462818032103548e-15,2.23747934500443e-22
309.9421979317056,0.015255471296619989,1.031619473941968e-08,1.4733512033467055e-15,1.2457452118010983e-22
677.0981862101152,0.03332702682516925,2.2536707790239422e-08,3.218675721130308e-15,2.7214488024516077e-22
5.762224458158016e-09,2.842027940933044e-13,1.925819133298435e-19,2.756103348934451e-26,2.335133393432773e-33
126.86282045801873,0.006244235631741912,4.222534297589682e-09,6.030591846772816e-16,5.098974976488437e-23
534.5932412364162,0.026312879954623728,1.7793537052310748e-08,2.5412596301270455e-15,2.1486811895108195e-22
272.9821560219749,0.013436284169929247,9.092771368210432e-09,5.906934439042808e-09,0.07281108000646373
395.923471796584,0.01948750186311129,1.3178017269725508e-08,1.8820745529243415e-15,1.5913282299783546e-22
675.9436003493989,0.03327019768020203,2.250292294572379e-08,1.1278801052277007e-09,0.013868777146893801
139.86271804778946,0.006884095473917028,4.65970889306596e-09,5.06200999333368e-09,0.06240949714729828
478.919708161778,0.023572607763649854,1.5940485054673285e-08,2.2766081322107946e-15,1.9249135395599643e-22
85.77431935740442,0.004221844187968003,2.8549342039806254e-09,4.0773956397290155e-16,3.4475120957401663e-23
601.893835676349,0.0296254404693752,2.0033587109883202e-08,2.8611819010076047e-15,2.4191812822196776e-22
892.4797855904771,0.04392818997460015,2.970552358015997e-08,4.242520621061349e-15,3.5871282676184296e-22
728.5865675928605,0.03586130427927369,2.4250460137310774e-08,3.463432547322001e-15,2.9283951459923387e-22
309.9421979317056,0.015255471296619989,1.031619473941968e-08,1.4733512033467055e-15,1.2457452118010983e-22
5.762224458158016e-09,2.842027940933044e-13,1.925819133298435e-19,2.756103348934451e-26,2.335133393432773e-33
730.8493979620339,0.03597268164318549,2.432995931357147e-08,8.464832354167047e-10,0.010401582860754665
625.982437127836,0.030811090472734393,2.083535823118294e-08,2.9756902518301928e-15,2.5160001733465557e-22
401.91733408849643,0.019782522014482582,1.3377518502720754e-08,1.9105671695458105e-15,1.6154192550151909e-22
524.0579268025372,0.025794327824518733,1.744287697418591e-08,2.4911786204988834e-15,2.1063367859465277e-22
356.9838568378642,0.017570879401670663,1.1881941247574146e-08,1.6969699465166368e-15,1.4348189220883315e-22
500.541697010646,0.02463685016904323,1.6660156816398464e-08,2.379391114011318e-15,2.0118184181400316e-22
520.7394501128392,0.02563099115650121,1.7332423954243484e-08,2.475403802946863e-15,2.0929988910930632e-22
5.762224458158016e-09,2.842027940933044e-13,1.925819133298435e-19,2.756103348934451e-26,2.335133393432773e-33
550.890553649021,0.027115039787591416,1.833598093281338e-08,2.618731058718124e-15,2.2141846899657727e-22
419.9244247223484,0.020668837773141865,1.397687107526116e-08,1.996166254895282e-15,1.6877948369310558e-22
189.9185382096775,0.009347861726177712,6.324778868806644e-09,2.251002029761377e-09,0.027737554288933396
896.0608240341636,0.04410445003068257,2.982471577212653e-08,4.259543560614094e-15,3.6015214723006816e-22
2317.829695821782,0.11408444745834177,7.714723156275774e-08,1.1018109809765967e-14,9.316012032593938e-22
736.1591872512369,0.03623403146069491,2.450250913097694e-08,3.499429995751448e-15,2.9588316426783826e-22
30.233453738130788,0.0014881019389343419,1.0062979435814599e-09,1.4371871834056337e-16,1.2151678758755319e-23
698.5746776941679,0.03438410779566447,2.3251536780765576e-08,3.3207670619765993e-15,2.807768886038424e-22
257.9142647270363,0.01269463689935865,8.584483812638575e-09,1.2260295462562052e-15,1.0366302571349206e-22
875.7217042645316,0.04310335092280149,2.9147743350261813e-08,4.1628588665402574e-15,3.519772806793539e-22
197.9214670115042,0.00974176888183593,6.587668315019842e-09,9.408458529864316e-16,7.955022629624596e-23
395.1747603828816,0.01945065000925947,1.3156172564205662e-08,8.455757101778314e-10,0.010401582859829379
475.6888054000935,0.023413581517233727,1.5832946867565866e-08,2.261249608900352e-15,1.9119276290514169e-22
783.4296672724352,0.03856070222689929,2.607587177916976e-08,3.724136470335316e-15,3.14882504963913e-22
440.15397094018584,0.02166454362968311,1.4650196423232294e-08,2.0923300766081815e-15,1.7691030953932778e-22
568.691809795928,0.0279912243012497,1.8934507590332e-08,2.2530850585503507e-09,0.027737554291059084
57.655518848502176,0.002837826274558669,1.919020914907782e-09,2.7407312925404575e-16,2.3173381042892287e-23
788.9435158382473,0.038832095922533456,2.6259396113539738e-08,3.750347278265705e-15,3.170986763969395e-22
516.1039510314963,0.025402830152117698,1.7178134826926684e-08,2.453368345383535e-15,2.07436751136024e-22
5.762224458158016e-09,2.842027940933044e-13,1.925819133298435e-19,2.756103348934451e-26,2.335133393432773e-33
788.0008718294442,0.038785698630666804,2.6228020911228944e-08,3.745866295379329e-15,3.167198011523823e-22
630.3687994821612,0.03102698887391861,2.098135502847882e-08,2.996541405032905e-15,2.533630202224808e-22
1528.790733874255,0.10041500014249645,9.061459164309582e-08,1.7269928176992315e-14,1.9485839485206566e-21
258.81167395036294,0.012738807718108534,8.614353408874801e-09,1.230295499611076e-15,1.0402371982047253e-22
5.762224458158016e-09,2.842027940933044e-13,1.925819133298435e-19,2.756103348934451e-26,2.335133393432773e-33
622.1623411470513,0.030623063914963004,2.0708209187509533e-08,2.957530920678295e-15,2.5006461289200795e-22
623.1151935817995,0.030669963669385677,2.073992416965908e-08,2.9620604306666634e-15,2.5044759119120763e-22
651.9618683491258,0.03208980782694967,2.1700064210190163e-08,3.0991869118770605e-15,2.6204188432314774e-22
623.1151935817995,0.030669963669385677,2.073992416965908e-08,2.9620604306666634e-15,2.5044759119120763e-22
641.1592416472248,0.03226470395513592,2.230686019275477e-08,3.2571822092469745e-15,2.8156706689733703e-22
276.6269438412302,0.013615681987812035,9.207321371146278e-09,1.314982739705563e-15,1.1118417983901514e-22
347.98307369692003,0.01712785747767943,1.1582356898270003e-08,1.6541835342105113e-15,1.3986422330956246e-22
608.9753791215036,0.029973996695291653,2.0269290998296532e-08,2.8948449537512973e-15,2.447644004939696e-22
714.8717548357253,0.03518625604850294,2.379397283044699e-08,3.398237372175657e-15,2.873271440872602e-22
660.9183131831243,0.03253064740283386,2.1998172792038564e-08,3.141762556180865e-15,2.656417324048771e-22
594.3097667085539,0.029252149748647722,1.9781157034497972e-08,2.8251300267725675e-15,2.388698767526142e-22
448.9240408792973,0.0220962097632986,1.4942101655801305e-08,2.1340197632157212e-15,1.8043524828813804e-22
5.762224458158016e-09,2.842027940933044e-13,1.925819133298435e-19,2.756103348934451e-26,2.335133393432773e-33
319.80903069335454,0.015741120518406215,1.06556743883689e-08,1.349796927637252e-08,0.16642532572538954
591.4320080782691,0.02911050538890623,1.9685372986242617e-08,2.811450220766269e-15,2.377132242998926e-22
5.762224458158016e-09,2.842027940933044e-13,1.925819133298435e-19,2.756103348934451e-26,2.335133393432773e-33
901.9758878323045,0.049712499265303155,3.7643088886511945e-08,6.020017547559606e-15,5.699627270209073e-22
517.9643390046217,0.025494399146317206,1.7240056452151348e-08,2.4622119455037728e-15,2.0818449359415935e-22
665.4032924703865,0.032751399766465995,2.214745198034663e-08,3.1630824980086284e-15,2.674443722226941e-22
233.95248627425192,0.011515229171589465,7.786933900199022e-09,1.1121240653203172e-15,9.403211034508126e-23
1207.3482312184397,0.05942613303154123,4.018568479754985e-08,5.7392893939410145e-15,4.852673459934317e-22
1548.0435833715176,0.07619528611991276,5.1525475323268333e-08,7.35882978056489e-15,6.222024282312835e-22
1163.3980078121056,0.06132032632359227,4.440476573645971e-08,6.791216210130545e-15,6.148960816159268e-22
560.0328275959855,0.027565025942153338,1.864027469799728e-08,2.662190066271699e-15,2.2509300704606054e-22
439.94362249272183,0.021654190200159837,1.4643195132147526e-08,2.0913301574611237e-15,1.768257645586873e-22
441.9780059478107,0.021754323319052197,1.4712785925077e-08,2.8255785576458647e-10,0.003467194287322516
336.0415945043876,0.016540093390451125,1.1184893675614413e-08,1.5974181345473971e-15,1.3506460563078559e-22
1207.5313560407365,0.05943514650401738,4.01917799705887e-08,5.740159901987656e-15,4.853409490304045e-22
772.729102884721,0.03803401643205191,2.5719711479662286e-08,3.6732699232102874e-15,3.105816459848778e-22
5.762224458158016e-09,2.842027940933044e-13,1.925819133298435e-19,2.756103348934451e-26,2.335133393432773e-33
740.4448790883692,0.036444974821243474,2.464515518524135e-08,3.5198025983449253e-15,2.9760570483217234e-22
494.7703725946735,0.024352783415439217,1.6468062590517492e-08,2.351956360596261e-15,1.9886218356645701e-22
297.9202203527818,0.014663745048604244,9.916052188051304e-09,1.4162031439642994e-15,1.1974254892681103e-22
599.6812256006693,0.02951653497110684,1.9959942034848457e-08,2.8506639665692046e-15,2.410288177551277e-22
1003.9447114460701,0.0494145354555229,3.341555044779754e-08,4.772383878585502e-15,4.035137278959847e-22
50.585068067448134,0.0024898160337320833,1.6836862375402693e-09,2.404628069552891e-16,2.0331567225815918e-23
665.1152244460088,0.032737220950200596,2.2137863851148623e-08,3.1617131285804086e-15,2.6732858954952583e-22
195.00015502401084,0.009597980809508015,6.490434625774908e-09,9.269590103401363e-16,7.837606851944691e-23
912.6246839504389,0.04491972943181031,3.037603148735683e-08,4.338282057993817e-15,3.668096302437851e-22
403.61296656127075,0.019865981683523153,1.3436494217940855e-08,5.641167380453351e-10,0.006934388573627046
926.6868563090987,0.04561187484213562,3.085425494153487e-08,3.9425961801431394e-09,0.04854072000904459
1109.9809163475607,0.054633677253806356,3.694488639008772e-08,5.27644099353296e-15,4.461326727879928e-22
736.1591872512369,0.03623403146069491,2.450250913097694e-08,3.499429995751448e-15,2.9588316426783826e-22
910.6462522647928,0.04807955198039268,3.487547280533711e-08,5.3428458475726975e-15,4.845754172917711e-22
397.93031734079506,0.01958627955392191,1.3244813625898275e-08,1.8916143584662307e-15,1.599394308893094e-22
974.3456687648143,0.04795765946688828,3.243036840276502e-08,4.6316809170547564e-15,3.9161703685483924e-22
1840.025077347726,0.09056672482759,6.124386143611694e-08,8.746802403768668e-15,7.39558035335657e-22
109.89599446319735,0.00540912208900393,3.6578061571801157e-09,5.224051347826217e-16,4.4170303305655053e-23
587.913768191259,0.02893733630135033,1.956827099736665e-08,2.7947258024528544e-15,2.362991443448371e-22
702.3469916777095,0.03456978250560003,2.3377095436321817e-08,3.3386992550891915e-15,2.8229308811257873e-22
420.422631932807,0.02069335972145357,1.3996043690986e-08,5.641596253948065e-10,0.006934388573670766
409.63886702623796,0.020162578767581336,1.3638952498046933e-08,1.6897398005656262e-09,0.02080316571821883
616.2218729270385,0.03033067183984822,2.0510485136347935e-08,2.9292921198347663e-15,2.476769709735079e-22
1019.3972115962213,0.050175113311893345,3.392987538265201e-08,4.8458393804270325e-15,4.097245240382539e-22
5.762224458158016e-09,2.842027940933044e-13,1.925819133298435e-19,2.756103348934451e-26,2.335133393432773e-33
311.8230655712326,0.015348048307685352,1.0378798015055964e-08,1.4822921562680106e-15,1.2533049499445598e-22
707.0721511549491,0.03480235663056091,2.353674399480042e-08,2.829660978778679e-10,0.003467194287738195
329.32630896333694,0.018291337367703893,1.3957687785779379e-08,2.249439657376549e-15,2.146206026177988e-22
584.7514005004638,0.028781683376843024,1.9463013948944088e-08,2.779693069660257e-15,2.3502809947419613e-22
693.4834005657209,0.034133513224759104,2.3082077421311103e-08,3.296565003225559e-15,2.787305605636335e-22
484.01999779848,0.023823645933593728,1.6110244388738712e-08,2.300853033111018e-15,1.9454130437775862e-22
665.1152244460088,0.032737220950200596,2.2137863851148623e-08,3.1617131285804086e-15,2.6732858954952583e-22
516.1039510314963,0.025402830152117698,1.7178134826926684e-08,2.453368345383535e-15,2.07436751136024e-22
5.762224458158016e-09,2.842027940933044e-13,1.925819133298435e-19,2.756103348934451e-26,2.335133393432773e-33
496.74619550333205,0.024450034163145503,1.6536641841071674e-08,5.643443714816027e-10,0.006934388573859091
703.6395501673861,0.03463340271953041,2.3420117280977284e-08,3.3448436027090673e-15,2.828126038675267e-22
94.81131022894341,0.004666648270047067,3.1557237005747498e-09,4.506980945120348e-16,3.8107342765995345e-23
1552.407382575764,0.07641007395438267,5.167072112295336e-08,7.379573676851497e-15,6.239563623519765e-22
702.3469916777095,0.03456978250560003,2.3377095436321817e-08,3.3386992550891915e-15,2.8229308811257873e-22
783.4296672724352,0.03856070222689929,2.607587177916976e-08,3.724136470335316e-15,3.14882504963913e-22
5.762224458158016e-09,2.842027940933044e-13,1.925819133298435e-19,2.756103348934451e-26,2.335133393432773e-33
667.6601225384204,0.03286248179422819,2.22277299159995e-08,1.4093215692095444e-09,0.017335971433078256
5.762224458158016e-09,2.842027940933044e-13,1.925819133298435e-19,2.756103348934451e-26,2.335133393432773e-33
509.4267344643285,0.025074175046870664,1.6955888656886422e-08,2.4216273138947814e-15,2.0475298925325472e-22
5.762224458158016e-09,2.842027940933044e-13,1.925819133298435e-19,2.756103348934451e-26,2.335133393432773e-33
715.5448182095408,0.035219384484257404,2.382051377588846e-08,8.464471346451626e-10,0.01040158286071787
601.9274066520436,0.029627092845397336,2.0034704494754226e-08,2.861341485077693e-15,2.419316213450425e-22
567.9414190764135,0.027954289782738694,1.890350626301505e-08,2.6997846011631165e-15,2.2827169327677674e-22
326.2047306156943,0.016055919258293156,1.085748100261245e-08,1.5506573019009255e-15,1.311108922706e-22
687.5107531101381,0.03383953727559342,2.2883282308309856e-08,3.2681732341325782e-15,2.7632998490171373e-22
948.890104800595,0.04670472705566179,3.158309895443228e-08,4.510674529254621e-15,3.813857269093926e-22
5.762224458158016e-09,2.842027940933044e-13,1.925819133298435e-19,2.756103348934451e-26,2.335133393432773e-33
697.3118770391796,0.0343219522735249,2.3209505403428566e-08,3.314764172157044e-15,2.802693333629267e-22
728.5865675189456,0.03586130427885666,2.425386986014376e-08,5.648318165770305e-10,0.006934388574355825
488.0116471941536,0.024020116414826143,1.6243103459791475e-08,2.319827866095038e-15,1.9614566098200036e-22
534.1953701050802,0.026293296591605144,1.778387007327512e-08,8.45985788254505e-10,0.010401582860247546
178.90147467575605,0.008805597721289816,5.954602065289361e-09,8.504318055204122e-16,7.190555430938323e-23
555.911552340874,0.02736217523145275,1.8507313299061544e-08,1.127525569678346e-09,0.013868777146532273
341.72096587413466,0.016819634180611987,1.1373927312978971e-08,1.6244157770036634e-15,1.3734730535257748e-22
5.762224458158016e-09,2.842027940933044e-13,1.925819133298435e-19,2.756103348934451e-26,2.335133393432773e-33
219.85282021628842,0.01082123831692506,7.317637038444212e-09,1.0450994391419068e-15,8.836505642441024e-23
431.3549904916443,0.02208810007358795,1.553927952504477e-08,2.3088527952021613e-15,2.0309433260909284e-22
737.6144884823289,0.03630566193343147,2.4550947746320854e-08,3.5063479625025688e-15,2.9646809092592435e-22
1006.8746352173381,0.04955874740308001,3.3513070773838196e-08,4.786311658484203e-15,4.0469134699185364e-22
638.9685850550215,0.03145027354712329,2.1267592473005265e-08,3.0374216223987573e-15,2.5681951687617883e-22
659.2291512732862,0.032447506224059744,2.1946537200322107e-08,1.1278327370653065e-09,0.013868777146845502
612.6939496780521,0.03015702613358189,2.039306084399557e-08,2.9125216703803366e-15,2.462589990018454e-22
1118.823818654683,0.0550689282239077,3.723921579366909e-08,5.318476898428189e-15,4.496868849220728e-22
195.89091569052158,0.009641824383796366,6.5200829297595304e-09,9.311933589014341e-16,7.873409038370789e-23
922.8499848951152,0.045423022581635546,3.0716372997865475e-08,4.38688937752615e-15,3.7091946742505937e-22
612.6939496780521,0.03015702613358189,2.039306084399557e-08,2.9125216703803366e-15,2.462589990018454e-22
533.1922329290406,0.0262439217999674,1.7746905536412366e-08,2.5345997519647775e-15,2.1430501415210547e-22
132.85505742987058,0.006539175784249878,4.421981433019739e-09,6.315440751250221e-16,5.339819900654161e-23
516.1056385978666,0.025402913214767738,1.717819099631384e-08,2.453376367453323e-15,2.0743742941659997e-22
5.762224458158016e-09,2.842027940933044e-13,1.925819133298435e-19,2.756103348934451e-26,2.335133393432773e-33
123.84619956851338,0.00609575641948965,4.122128322673042e-09,5.887192785681659e-16,4.9777284649131204e-23
755.6095537114354,0.03719138579715631,2.5149900062239225e-08,3.591889883501171e-15,3.0370081576778278e-22
114.832457341101,0.005652096644399199,3.822112639847544e-09,5.458712635316937e-16,4.6154407127083527e-23
574.5771743568795,0.028280904147894765,1.9124372425071182e-08,2.7313285409455366e-15,2.30938790697679e-22
344.1589382655008,0.016939632096631903,1.1455073404496985e-08,1.6360050009961213e-15,1.3832719529764291e-22
320.7519241800842,0.015787530079215305,1.0675988409988739e-08,1.5247366658044707e-15,1.2891925539334705e-22
52.602382642349944,0.0025891090141620947,1.7508310475862456e-09,2.5005237841827315e-16,2.114238291633839e-23
1275.3214134335822,0.06277179856899581,4.244812143724866e-08,6.062408899707869e-15,5.125876872830214e-22
203.90188913615555,0.010036127503130836,6.786722202078589e-09,9.692745799964202e-16,8.19539268171977e-23
770.7346095606954,0.037935846722154346,2.5653326257919586e-08,3.663788835579661e-15,3.0978000279948584e-22
423.6095515601048,0.020850221099042467,1.4099527771740215e-08,2.013683992386743e-15,1.7026064022604939e-22
2333.348812089407,0.2010134053817956,2.3791366235111335e-07,5.947118540156394e-14,8.8009591502438e-21
698.0809566665517,0.03435980666455561,2.3238441227545867e-08,5.647726305557133e-10,0.006934388574295524
5.762224458158016e-09,2.842027940933044e-13,1.925819133298435e-19,2.756103348934451e-26,2.335133393432773e-33
122.85486597626358,0.006046962608053645,4.089132523915655e-09,5.840068433115086e-16,4.937883968614013e-23
536.1888447766222,0.026391416159667218,1.784664552530189e-08,2.5488445424484868e-15,2.155094370689145e-22
803.6930361291102,0.03955807284641703,2.6750322888431793e-08,3.820461072432313e-15,3.2302692508373303e-22
5.762224458158016e-09,2.842027940933044e-13,1.925819133298435e-19,2.756103348934451e-26,2.335133393432773e-33
473.5559778346754,0.02330860294406104,1.57619572938412e-08,2.2511109311694404e-15,1.9033551928199285e-22
648.925669968667,0.03194036500324569,2.1599006613098378e-08,3.0847539415771136e-15,2.608215504609711e-22
377.7227585565815,0.018591655927115026,1.2572220113245465e-08,1.7955550569251713e-15,1.5181744241351952e-22
294.8436592296859,0.014512315557609498,9.815820266493525e-09,5.638144511036988e-10,0.006934388573318826
652.2327448329639,0.03210314047483971,2.1715115851322074e-08,1.972075191802414e-09,0.024270360005315086
746.4385994376821,0.0377260744796231,2.6196189847588564e-08,3.841735744486269e-15,3.3354393020578315e-22
651.9618683491258,0.03208980782694967,2.1700064210190163e-08,3.0991869118770605e-15,2.6204188432314774e-22
650.2534448461458,0.03200571858099961,2.1643200608938843e-08,3.091065694951005e-15,2.6135522067658134e-22
479.45886585825707,0.02359914530780447,1.5958430516211764e-08,2.279171089582208e-15,1.9270805665839592e-22
355.92152563420404,0.01751859106115721,1.1846582346308516e-08,1.6919200147302901e-15,1.4305491130105817e-22
656.6097869205732,0.03231858012635473,2.185800364092246e-08,5.646900598820071e-10,0.006934388574211387
587.5847444689506,0.02892114164069262,1.9568361282048203e-08,7.315531298401887e-09,0.09014705143880351
1061.0221831843814,0.05222391003438974,3.531533149605574e-08,5.043709184499992e-15,4.264547754829873e-22
665.1152244460088,0.032737220950200596,2.2137863851148623e-08,3.1617131285804086e-15,2.6732858954952583e-22
34.348728680491725,0.0016906573159686106,1.143271798690418e-09,1.6328122170051582e-16,1.3805723961022614e-23
21.84969252347364,0.0010754500657095803,7.272507085926502e-10,1.0386540131366309e-16,8.782008394494632e-24
560.0297347477657,0.027564873711003284,1.864017175485256e-08,2.6621753640089e-15,2.250917639430283e-22
5134.024868967477,0.25269863073605886,1.7088218609381615e-07,2.4405265785628476e-14,2.0635095641908227e-21
202.90890791754865,0.00998725259490722,6.753671563307578e-09,9.645543125301062e-16,8.15548196266498e-23
746.4385994376821,0.0377260744796231,2.6196189847588564e-08,3.841735744486269e-15,3.3354393020578315e-22
710.9660329317414,0.03499401495065819,2.366397379182497e-08,3.379671006880539e-15,2.8575732416826146e-22
409.31432433449623,0.020146604650316806,1.3623721802473231e-08,1.945729740350348e-15,1.6451498475004519e-22
442.96042192316713,0.021802678200264155,1.4743607049666101e-08,2.1056709122881956e-15,1.7803830143508564e-22
386.0124903562294,0.018999679638903737,1.2849892596539467e-08,2.824570004016451e-10,0.003467194287219777
847.9202011946592,0.04173495050841588,2.8222391069638908e-08,4.030700747135459e-15,3.4080307156511166e-22
438.05027476130937,0.02156099891428836,1.4580176465967085e-08,2.082329878773531e-15,1.7606477464301233e-22
591.5860939300286,0.02911808955235482,1.969050161881974e-08,2.812182688228342e-15,2.377751557546336e-22
703.9464248124618,0.03464850720472426,2.3430331374509283e-08,3.3463023718944687e-15,2.8293594545259537e-22
5.762224458158016e-09,2.842027940933044e-13,1.925819133298435e-19,2.756103348934451e-26,2.335133393432773e-33
1473.8798230560367,0.07254491800517311,4.905698991170546e-08,7.006282543581016e-15,5.923939187999433e-22
5.762224458158016e-09,2.842027940933044e-13,1.925819133298435e-19,2.756103348934451e-26,2.335133393432773e-33
355.1979500056845,0.017482976397179616,1.1822498671538452e-08,1.6884804023441559e-15,1.4276408582436627e-22
684.78624614647,0.03370543602039473,2.2792599127401725e-08,3.255221930179021e-15,2.752349286211693e-22
852.9983101482179,0.041984896936811525,2.839141213621998e-08,4.054840209226708e-15,3.4284410694400303e-22
249.9207459819941,0.012301192906937665,8.318425507001767e-09,1.1880312983874922e-15,1.0045020481703802e-22
521.8373467791757,0.02568503004243452,1.7368966625390773e-08,2.4806227998607767e-15,2.097411647807921e-22
239.95780858848624,0.01181081338956013,7.986816571484312e-09,1.1406711586725799e-15,9.644581895533258e-23
835.6706208652768,0.0411320215676083,2.781467293058795e-08,3.972470747996185e-15,3.3587961933958944e-22
5.762224458158016e-09,2.842027940933044e-13,1.925819133298435e-19,2.756103348934451e-26,2.335133393432773e-33
5.762224458158016e-09,2.842027940933044e-13,1.925819133298435e-19,2.756103348934451e-26,2.335133393432773e-33
500.541697010646,0.02463685016904323,1.6660156816398464e-08,2.379391114011318e-15,2.0118184181400316e-22
5.762224458158016e-09,2.842027940933044e-13,1.925819133298435e-19,2.756103348934451e-26,2.335133393432773e-33
825.9096456754315,0.043430821232907986,3.1377080292624415e-08,4.787622118210412e-15,4.324773773361953e-22
5.762224458158016e-09,2.842027940933044e-13,1.925819133298435e-19,2.756103348934451e-26,2.335133393432773e-33
485.9548705902735,0.023918881098520594,1.61746451855626e-08,2.3100507066615553e-15,1.9531898438774303e-22
2208.9046273744507,0.10872311471220576,7.352174195338585e-08,1.0500320100128367e-14,8.878211425355327e-22
173.888609974682,0.008558862641413461,5.789792853198016e-09,8.447273373428566e-10,0.010401582858963952
560.0297347477657,0.027564873711003284,1.864017175485256e-08,2.6621753640089e-15,2.250917639430283e-22
22.91810364804506,0.0011280376622119458,7.62811975488195e-10,1.0894423480765273e-16,9.211432994162454e-24
5.762224458158016e-09,2.842027940933044e-13,1.925819133298435e-19,2.756103348934451e-26,2.335133393432773e-33
574.5771743568795,0.028280904147894765,1.9124372425071182e-08,2.7313285409455366e-15,2.30938790697679e-22
227.1142908100299,0.01117865062461761,7.55932966771347e-09,1.0796177993676197e-15,9.128364649802819e-23
5.762224458158016e-09,2.842027940933044e-13,1.925819133298435e-19,2.756103348934451e-26,2.335133393432773e-33
811.0406338773045,0.03991972436497336,2.699488219575784e-08,3.855388849470258e-15,3.2598013209269614e-22
543.3845111270764,0.026745589557810312,1.808614790944492e-08,2.583050093506297e-15,2.184015785590422e-22
1094.703187758524,0.053881701719261835,3.6436378596207954e-08,5.203816291406982e-15,4.399921222711567e-22
582.1667073818073,0.028654463813600824,1.9379139551282906e-08,2.827854837576586e-10,0.0034671942875543274
711.4221539282586,0.03501646539727883,2.3679155438777893e-08,3.38183923832361e-15,2.859406520762408e-22
119.82047509528344,0.005897608750152312,3.988135088095031e-09,5.695824651992341e-16,4.8159232309042416e-23
120.82440766329977,0.005947022687903668,4.021550234357832e-09,5.743547913524213e-16,4.8562741156151077e-23
5.762224458158016e-09,2.842027940933044e-13,1.925819133298435e-19,2.756103348934451e-26,2.335133393432773e-33
416.58877908151646,0.0205046560429064,1.3865846599593926e-08,1.980309822464804e-15,1.6743879352149907e-22
25.032357692139403,0.0012321020396948428,8.331833434175426e-10,1.1899462085006386e-16,1.0061211394631165e-23
889.6507717511726,0.04378894485176352,2.9611361965892732e-08,4.229072529861641e-15,3.5757576621702183e-22
536.9351012646931,0.026428147184063545,1.7871484115554746e-08,2.5523919712982577e-15,2.1580937862349894e-22
142.84075546442415,0.007030675589929732,4.755415515962625e-09,2.818933048592825e-10,0.0034671942866452165
167.7739253409861,0.008257895567110375,5.584229890490235e-09,7.975355290143791e-16,6.743307802336142e-23
102.80872255415717,0.005060283905945269,3.421911601121674e-09,4.887148510287119e-16,4.1321728602263206e-23
631.9601428552593,0.03110531539830207,2.1041058439245295e-08,2.5346866580320352e-09,0.03120474857740676
392.8638111231463,0.01933690421654201,1.3076178747722501e-08,1.867530051513678e-15,1.579030589776064e-22
768.4759363671851,0.037824673979939896,2.5578148006386066e-08,3.653051934022429e-15,3.088721782649065e-22
543.4709697983051,0.026749845089461384,1.809263239634963e-08,8.460111288274964e-10,0.010401582860273383
506.8546510216053,0.024947576134574035,1.6870278779114905e-08,2.409400575294059e-15,2.0371919628975798e-22
642.3406025957697,0.03161624551592218,2.1379827560215827e-08,3.05345095346281e-15,2.581748259413941e-22
5.762224458158016e-09,2.842027940933044e-13,1.925819133298435e-19,2.756103348934451e-26,2.335133393432773e-33
5.762224458158016e-09,2.842027940933044e-13,1.925819133298435e-19,2.756103348934451e-26,2.335133393432773e-33
122.8601969805609,0.006047225003705755,4.0910249473358925e-09,8.444609014557538e-10,0.01040158285869207
213.74373524134737,0.010520546863088237,7.115606620231359e-09,2.8208869720402355e-10,0.00346719428684444
652.2327448329639,0.03210314046913811,2.1709080131791843e-08,3.1004745590450953e-15,2.6215075723073604e-22
689.6778646663207,0.03545237212181415,2.503763444590418e-08,3.734514392545378e-15,3.2977002327797236e-22
955.1438212261079,0.04701253732500638,3.179124923832783e-08,4.540402396845431e-15,3.8389927212686606e-22
5.762224458158016e-09,2.842027940933044e-13,1.925819133298435e-19,2.756103348934451e-26,2.335133393432773e-33
674.9682343466999,0.033222189795128344,2.2465813932109715e-08,3.208550713428954e-15,2.712887924478481e-22
220.9234234035126,0.010873933809746165,7.3555709285095635e-09,8.449398634098994e-10,0.010401582859180789
157.85944103232183,0.0077699009287522085,5.254233679739873e-09,7.504057174423796e-16,6.34481668246233e-23
5.762224458158016e-09,2.842027940933044e-13,1.925819133298435e-19,2.756103348934451e-26,2.335133393432773e-33
5.762224458158016e-09,2.842027940933044e-13,1.925819133298435e-19,2.756103348934451e-26,2.335133393432773e-33
144.92214368854542,0.007133122298411252,4.823625393127728e-09,6.889065645786996e-16,5.82483017119652e-23
164.78374321719235,0.008110717680828326,5.4847039101583e-09,7.833213030725213e-16,6.623123939409869e-23
538.3007233973243,0.02649536361987707,1.791901022905592e-08,2.8271752557496525e-10,0.0034671942874851297
591.4320080782691,0.02911050538890623,1.9685372986242617e-08,2.811450220766269e-15,2.377132242998926e-22
5.762224458158016e-09,2.842027940933044e-13,1.925819133298435e-19,2.756103348934451e-26,2.335133393432773e-33
377.0427125578862,0.01855818381113005,1.2553054285952087e-08,1.126916509258117e-09,0.013868777145911062
5.762224458158016e-09,2.842027940933044e-13,1.925819133298435e-19,2.756103348934451e-26,2.335133393432773e-33
5.762224458158016e-09,2.842027940933044e-13,1.925819133298435e-19,2.756103348934451e-26,2.335133393432773e-33
5.762224458158016e-09,2.842027940933044e-13,1.925819133298435e-19,2.756103348934451e-26,2.335133393432773e-33
5.762224458158016e-09,2.842027940933044e-13,1.925819133298435e-19,2.756103348934451e-26,2.335133393432773e-33
5.762224458158016e-09,2.842027940933044e-13,1.925819133298435e-19,2.756103348934451e-26,2.335133393432773e-33
662.610109298079,0.03261391824250543,2.205448296308895e-08,3.149804732620278e-15,2.66321713034689e-22
526.4355507806158,0.02591135536898922,1.75220144138074e-08,2.502480970332447e-15,2.1158931280836104e-22
5.762224458158016e-09,2.842027940933044e-13,1.925819133298435e-19,2.756103348934451e-26,2.335133393432773e-33
5.762224458158016e-09,2.842027940933044e-13,1.925819133298435e-19,2.756103348934451e-26,2.335133393432773e-33
584.7506204662218,0.028781644983264926,1.946298798608651e-08,2.77968936166439e-15,2.3502778595640854e-22
5.762224458158016e-09,2.842027940933044e-13,1.925819133298435e-19,2.756103348934451e-26,2.335133393432773e-33
5.762224458158016e-09,2.842027940933044e-13,1.925819133298435e-19,2.756103348934451e-26,2.335133393432773e-33
5.762224458158016e-09,2.842027940933044e-13,1.925819133298435e-19,2.756103348934451e-26,2.335133393432773e-33
5.762224458158016e-09,2.842027940933044e-13,1.925819133298435e-19,2.756103348934451e-26,2.335133393432773e-33
5.762224458158016e-09,2.842027940933044e-13,1.925819133298435e-19,2.756103348934451e-26,2.335133393432773e-33
5.762224458158016e-09,2.842027940933044e-13,1.925819133298435e-19,2.756103348934451e-26,2.335133393432773e-33
5.762224458158016e-09,2.842027940933044e-13,1.925819133298435e-19,2.756103348934451e-26,2.335133393432773e-33
5.624673999999999e-09,1.8991475473941063e-10,3.051484676294033e-11,1.8989112654099811e-07,0.0034675815735198284
5.762224458158016e-09,2.842027940933044e-13,1.925819133298435e-19,2.756103348934451e-26,2.335133393432773e-33
5.762224458158016e-09,2.842027940933044e-13,1.925819133298435e-19,2.756103348934451e-26,2.335133393432773e-33
5.762224458158016e-09,2.842027940933044e-13,1.925819133298435e-19,2.756103348934451e-26,2.335133393432773e-33
5.762224458158016e-09,2.842027940933044e-13,1.925819133298435e-19,2.756103348934451e-26,2.335133393432773e-33
5.762224458158016e-09,2.842027940933044e-13,1.925819133298435e-19,2.756103348934451e-26,2.335133393432773e-33
5.762224458158016e-09,2.842027940933044e-13,1.925819133298435e-19,2.756103348934451e-26,2.335133393432773e-33
5.762224458158016e-09,2.842027940933044e-13,1.925819133298435e-19,2.756103348934451e-26,2.335133393432773e-33
5.762224458158016e-09,2.842027940933044e-13,1.925819133298435e-19,2.756103348934451e-26,2.335133393432773e-33
5.762224458158016e-09,2.842027940933044e-13,1.925819133298435e-19,2.756103348934451e-26,2.335133393432773e-33
5.762224458158016e-09,2.842027940933044e-13,1.925819133298435e-19,2.756103348934451e-26,2.335133393432773e-33
5.762224458158016e-09,2.842027940933044e-13,1.925819133298435e-19,2.756103348934451e-26,2.335133393432773e-33
5.762224458158016e-09,2.842027940933044e-13,1.925819133298435e-19,2.756103348934451e-26,2.335133393432773e-33
5.762224458158016e-09,2.842027940933044e-13,1.925819133298435e-19,2.756103348934451e-26,2.335133393432773e-33
5.762224458158016e-09,2.842027940933044e-13,1.925819133298435e-19,2.756103348934451e-26,2.335133393432773e-33
5.762224458158016e-09,2.842027940933044e-13,1.925819133298435e-19,2.756103348934451e-26,2.335133393432773e-33
5.762224458158016e-09,2.842027940933044e-13,1.925819133298435e-19,2.756103348934451e-26,2.335133393432773e-33
5.762224458158016e-09,2.842027940933044e-13,1.925819133298435e-19,2.756103348934451e-26,2.335133393432773e-33
5.762224458158016e-09,2.842027940933044e-13,1.925819133298435e-19,2.756103348934451e-26,2.335133393432773e-33
5.762224458158016e-09,2.842027940933044e-13,1.925819133298435e-19,2.756103348934451e-26,2.335133393432773e-33
182.90398441592814,0.009002602752754075,6.087822614803362e-09,8.69458264587431e-16,7.351427599274213e-23
359.9197413318179,0.01771538473823529,1.1979659971820737e-08,1.710926061498459e-15,1.4466190708746213e-22
115.83815860999154,0.005701597638271336,3.855586655998912e-09,5.50651997438258e-16,4.6558626865016337e-23
203.90188913615555,0.010036127503130836,6.786722202078589e-09,9.692745799964202e-16,8.19539268171977e-23
2916.159202272429,0.14353445030561435,9.706218263452441e-08,1.3862348200696999e-14,1.172086726919662e-21
7136.293162887007,0.351251027569588,2.3752619190676734e-07,3.392331276327598e-14,2.868277729524999e-21
116.84978726610424,0.9995574057348224,0.00010235549801809983,2.2136460269324946e-09,2.834275401235235e-14
1703.7159019448961,0.0838575360604573,5.6706912264274383e-08,8.098838722323751e-15,6.847715287819259e-22
389.6892511593435,0.019180651183781802,1.2970515888592326e-08,1.8524393611398684e-15,1.5662711368817075e-22
181.96602093492754,0.008956435839360634,6.057808140018531e-09,2.820059079477872e-10,0.003467194286760036
279.046092831804,0.013734753408980954,9.287840939817369e-09,1.3264824841744405e-15,1.121565041277862e-22
534.5932412364162,0.026312879954623728,1.7793537052310748e-08,2.5412596301270455e-15,2.1486811895108195e-22
1111.3853569689384,0.054702804348245905,3.6991632147996005e-08,5.283117187653488e-15,4.46697157130885e-22
187.99377836759024,0.009253124321141483,6.257232607825469e-09,8.936532728615884e-16,7.556000790232046e-23
755.6095537114354,0.03719138579715631,2.5149900062239225e-08,3.591889883501171e-15,3.0370081576778278e-22
255.88337745862387,0.012594675865860515,8.516887245618782e-09,1.2163754552006968e-15,1.028467547741958e-22
955.1438212261079,0.04701253732500638,3.179124923832783e-08,4.540402396845431e-15,3.8389927212686606e-22
1560.5385518618348,0.07681029315809026,5.1941361024115764e-08,7.418226264760446e-15,6.272245088877055e-22
1309.2057062940555,83.72390660510578,0.06408575010650981,1.0360285125369404e-05,9.91569650441595e-10
176.90238665024586,0.00870720185846088,5.888063912336888e-09,8.409288763689888e-16,7.11020643837239e-23
262.8419335320165,0.012937178607184411,8.748497591152014e-09,1.2494538712173109e-15,1.0564359494869456e-22
1327.370948457699,0.06533369621591702,4.4180551364468e-08,6.3098332439022555e-15,5.3350786513084515e-22
1435.7008042765012,0.07066573237310679,4.778622976572357e-08,6.8247935316400895e-15,5.770486930922937e-22
1508.4502871428672,0.07424648922105408,5.020764200790838e-08,7.17061781384263e-15,6.062887644819116e-22
1506.3600723825093,0.0741436080661381,5.0138070769596995e-08,7.160681701712767e-15,6.054486481483733e-22
209.92246402731678,0.010332462458661802,6.987112544003456e-09,9.97894178489059e-16,8.437376586880268e-23
204.88069592072262,0.010084304740391674,6.819301055391375e-09,9.739274674170729e-16,8.234733690246197e-23
1222.4259048440622,0.06016826178571033,4.068753391127914e-08,5.810963108356871e-15,4.91327488771524e-22
625.5462940764122,0.03078962334806851,2.082084153522234e-08,2.9736169881896346e-15,2.5142471912692614e-22
187.99377836759024,0.009253124321141483,6.257232607825469e-09,8.936532728615884e-16,7.556000790232046e-23
137.87285390712105,0.006786153609927691,4.58899504383983e-09,6.553968338885604e-16,5.54149930981627e-23
218.06608821741273,0.01073329469741957,7.258166997350888e-09,1.0366059724304736e-15,8.764691838214807e-23
102.81546538837397,0.9988427088478129,0.00011615501369125671,2.85280758781112e-09,4.148049828990331e-14
156.30732486198664,0.012102793145506644,1.2874811867686518e-08,2.892604271559238e-15,3.8474532489348035e-22
1092.0101339620949,0.0537491486007583,3.6346742310496945e-08,5.1910145042411e-15,4.38909707906668e-22
1142.5305678515238,0.05623578331599252,3.80282772476602e-08,5.431170064088389e-15,4.592152968312642e-22
126.86282045801873,0.006244235631741912,4.222534297589682e-09,6.030591846772816e-16,5.098974976488437e-23
33.3177762335575,0.0016399134496369574,1.1089573159235443e-09,1.5838045298163857e-16,1.3391355061617084e-23
1687.7702853701003,0.0830726868286102,5.617617431725254e-08,8.023039126381811e-15,6.783625352244741e-22
5279.3465340483735,0.25985141762733316,1.7571910925831393e-07,2.5096071527950997e-14,2.12191844483165e-21
156.8940049976181,0.0077223818048174,5.222099861857319e-09,7.45816389648433e-16,6.306013082127878e-23
238.90416537137858,1.0022580736601954,5.034307818727745e-05,5.340638318850335e-10,3.354154721817632e-15
1370.9135059799441,0.06747687723771648,4.5629832894538484e-08,6.516818546162804e-15,5.510088485093211e-22
1810.7804911192998,0.08912729531858331,6.027047720957586e-08,8.60778439783544e-15,7.278038103516832e-22
86.81720198808743,0.004273175262420904,2.88964577400974e-09,4.1269704439705716e-16,3.48942849345282e-23
142.84075549936372,0.007030675592067203,4.755857756883087e-09,5.632741593336024e-10,0.006934388572767729
207.13427972243375,0.010195226980831832,6.894309910317211e-09,9.846401758777173e-16,8.325311586676828e-23
1798.6211381774829,0.08852880740365203,5.986576222178074e-08,8.549983306508434e-15,7.229166230609722e-22
1365.1841187850287,0.06719487464987098,4.543913451776141e-08,6.4895831468709385e-15,5.487060460150982e-22
133.86502557378617,0.006588886795312009,4.4555974689218246e-09,6.363450921859766e-16,5.380413372203064e-23
1356.153981321731,0.06675040789511749,4.513857313174571e-08,6.446657194913707e-15,5.450765787847962e-22
81.73905488910256,0.004023226956493074,2.7206234377866157e-09,3.8855740097648143e-16,3.285323422391281e-23
966.8587216719317,0.04758914912129171,3.2181170956501424e-08,4.596090724488846e-15,3.886078214094413e-22
961.0824315845007,0.04730483795547501,3.1988911451951976e-08,4.568632366098191e-15,3.862861673183205e-22
414.9472021450275,0.020423857010045073,1.381120793641877e-08,1.9725063695277674e-15,1.6677899739755066e-22
1283.8625934252466,0.06319219865350062,4.2732408238744e-08,6.103010527697526e-15,5.160206286987919e-22
243.92305946389914,0.012005984525718516,8.118796987492157e-09,1.159520502801411e-15,9.803956524886696e-23
120.82440766329977,0.005947022687903668,4.021550234357832e-09,5.743547913524213e-16,4.8562741156151077e-23
410.9599284166063,0.02022760190321606,1.3681055353054729e-08,5.641355902927181e-10,0.006934388573646265
921.5714476876444,0.04536009250303885,3.067652942255491e-08,2.8324244928027775e-10,0.0034671942880194102
1770.313406089923,0.08713549020703934,5.892356048611732e-08,8.415418760559088e-15,7.115389462101434e-22
385.8462791580825,0.018991498659697716,1.2842605433650395e-08,1.834171285801081e-15,1.5508251472694397e-22
169.04289133562858,0.00832035454958143,5.626466476556255e-09,8.035677265908594e-16,6.794311128837451e-23
299.91237715521726,0.014761799754032313,9.982359640416707e-09,1.4256731246307287e-15,1.2054325299819984e-22
478.919708161778,0.023572607763649854,1.5940485054673285e-08,2.2766081322107946e-15,1.9249135395599643e-22
380.58093708612313,0.018732336546949967,1.2667352452460785e-08,1.8091417863346597e-15,1.529662250708697e-22
400.9700156877095,0.019735894647288303,1.334598771676141e-08,1.9060639663193195e-15,1.6116117148683302e-22
52.602382642349944,0.0025891090141620947,1.7508310475862456e-09,2.5005237841827315e-16,2.114238291633839e-23
349.637523799171,0.017209290132590597,1.1637424035159947e-08,1.6620481814424627e-15,1.4052919352233007e-22
1515.9715099735545,0.07461668663132837,5.045798029652385e-08,7.206370940658472e-15,6.093117563141766e-22
516.1039510314963,0.025402830152117698,1.7178134826926684e-08,2.453368345383535e-15,2.07436751136024e-22
1646.8986511244727,0.08106096965282406,5.481579247505779e-08,7.828750410936197e-15,6.619350713296757e-22
1314.939461747796,0.06472181377479481,4.376677860730339e-08,6.2507385287403695e-15,5.285112995945052e-22
603.3731822093384,0.02969825446089483,2.0082826055155076e-08,2.8682141702793977e-15,2.4251271936585335e-22
1413.7571042931488,0.06958565522494307,4.705585008898928e-08,6.720481253440796e-15,5.682289004451872e-22
110.80958647771168,0.005454089430809111,3.6882143855433464e-09,5.267480151743045e-16,4.4537501733366964e-23
1282.5743675421218,0.06549536500915883,4.5950216363512045e-08,6.8085934466195936e-15,5.972600116899094e-22
1331.2343489213006,0.06552385423658386,4.430914176553261e-08,6.3281984286368366e-15,5.350606748679247e-22
1096.9343430453089,0.05399152001978038,3.65106409347535e-08,5.214422382957514e-15,4.408888865820004e-22
268.93980315390434,0.013237318038368731,8.951460630501846e-09,1.278440900428607e-15,1.0809450093514822e-22
1062.4492321086257,0.05229414991798078,3.536282975445173e-08,5.0504928501763665e-15,4.270283467411915e-22
148.91675167776006,0.007329738402728032,4.956582938758415e-09,7.07895461628157e-16,5.985384745849276e-23
736.6521754804619,0.036258296526344894,2.451891787625547e-08,3.501773480457987e-15,2.9608131015766206e-22
641.3195930606861,0.03156599104344318,2.1345844019849222e-08,3.0485974496895824e-15,2.5776445337901914e-22
82.76822672793682,0.004073883180625825,2.754878654341802e-09,3.934497053394101e-16,3.3266887446643967e-23
263.91861664957025,0.012990173354285657,8.784334185160348e-09,1.2545720267232621e-15,1.0607634429591805e-22
1344.296805292828,0.06616679324124013,4.474391587697367e-08,6.390292541481364e-15,5.403108449279486e-22
1103.5744184190337,0.054318347021547905,3.673165088788956e-08,5.245986858874235e-15,4.4355772037037e-22
944.1699652899478,0.04647240001758423,3.142599263359563e-08,4.488236722223551e-15,3.794885695575827e-22
65.68524612414461,0.0032330524644440545,2.1862843944621525e-09,3.1224349915869615e-16,2.6400755170214034e-23
1055.9276969881298,0.05197315751196274,3.514576532517442e-08,5.019491871020995e-15,4.244071576278136e-22
689.6778646663207,0.03545237212181415,2.503763444590418e-08,3.734514392545378e-15,3.2977002327797236e-22
147.9631050777187,0.00728279955919161,4.924841523409802e-09,7.033621764701031e-16,5.947054996183704e-23
1057.932330247555,0.052071826313285954,3.521248804709917e-08,5.029021160174752e-15,4.25212876339564e-22
2709.701056295425,0.13337250288147054,9.019037733130585e-08,1.2880922115943689e-14,1.0891053682971561e-21
981.4522953389081,0.04830745029382428,3.266690716440484e-08,4.6654632057671334e-15,3.944733907446334e-22
218.06608821741273,0.01073329469741957,7.258166997350888e-09,1.0366059724304736e-15,8.764691838214807e-23
1359.3860496942164,0.06690949151333468,4.524615011533871e-08,6.4620212591091526e-15,5.463756383275454e-22
922.8499848951152,0.045423022581635546,3.0716372997865475e-08,4.38688937752615e-15,3.7091946742505937e-22
1198.5804521395262,0.05899457965492441,3.989385581455279e-08,5.697610597240214e-15,4.81743328006022e-22
148.91675167776006,0.007329738402728032,4.956582938758415e-09,7.07895461628157e-16,5.985384745849276e-23
99.83771011439853,0.0049140495587053825,3.3230236694159646e-09,4.745917507135979e-16,4.012759481030813e-23
1332.5889745715197,0.06559052941944854,4.4354229469304234e-08,6.334637820707848e-15,5.356051371672839e-22
1878.8916537322257,0.09247975230299775,6.253750642383616e-08,8.931559811660211e-15,7.551796098592914e-22
113.82612530867596,0.005602564605009444,3.789570637831712e-09,2.8179940537809814e-10,0.003467194286549451
1931.0066409459785,0.0950448715312556,6.42721148783387e-08,9.179295291488936e-15,7.761260947903022e-22
1697.882187032885,0.08357039842322453,5.6512741417296596e-08,8.071107387439542e-15,6.82426794032303e-22
1701.4281748704254,0.08374493327531872,5.6630766975996854e-08,8.087963709303285e-15,6.838520266721947e-22
133.86502557378617,0.006588886795312009,4.4555974689218246e-09,6.363450921859766e-16,5.380413372203064e-23
1430.9282266557138,0.07043082431156929,4.762737808152699e-08,6.802106453121654e-15,5.751304593833247e-22
188.6796578360074,0.00928688356597231,6.280061594040249e-09,8.96913691568324e-16,7.583568222784151e-23
257.9142647270363,0.01269463689935865,8.584483812638575e-09,1.2260295462562052e-15,1.0366302571349206e-22
1207.5313560407365,0.05943514650401738,4.01917799705887e-08,5.740159901987656e-15,4.853409490304045e-22
81.73905488910256,0.004023226956493074,2.7206234377866157e-09,3.8855740097648143e-16,3.285323422391281e-23
1085.29625258967,0.053418688840037046,3.612327577977771e-08,5.159099181754523e-15,4.362112094033627e-22
171.75462982459803,0.008453827335663716,5.7167246683135214e-09,8.164583339123094e-16,6.903303555839428e-23
1271.5306012542148,0.06258521337091973,4.2321947083050085e-08,6.0443887729764896e-15,5.110640528270496e-22
1554.1824275836004,0.07649744233580334,5.1729802171272296e-08,7.388011587906338e-15,6.246698030625347e-22
51.59970309056685,0.0025397567503399696,1.717457607033606e-09,2.452860086433634e-16,2.0739377691835237e-23
1680.3077734577923,0.08270537919177148,5.5927790177737697e-08,7.987565089676396e-15,6.75363140968125e-22
1676.6385164630983,0.08252477698550202,5.5805661697140863e-08,7.970122791581469e-15,6.738883629732246e-22
215.92848600941107,0.010628081114547109,7.187018503211283e-09,1.0264445978049702e-15,8.678775569532338e-23
329.32630896333694,0.018291337367703893,1.3957687785779379e-08,2.249439657376549e-15,2.146206026177988e-22
197.90775047981646,0.009751899210921426,0.004973804944801896,7.103550956278184e-10,6.006181398208208e-17
106.8297036523427,0.005258198104582839,3.5557469560014515e-09,5.078291161374322e-16,4.293787444598312e-23
346.8225092618563,0.017070734060651543,1.1543728377211383e-08,1.6486666377750691e-15,1.3939775969227672e-22
150.8665468222572,0.007425708051454987,5.021480414955057e-09,7.171640705545785e-16,6.063752518339089e-23
1352.6917612910013,0.0665799961259107,4.5023335721976834e-08,6.430199074391342e-15,5.436850147918114e-22
3628.0967856072907,0.1785762853317154,1.2075849375642138e-07,1.7246637600829893e-14,1.4582345446285858e-21
1558.1386431942326,0.07669216875283848,5.186148185523519e-08,7.406817981709834e-15,6.2625991782802545e-22
31.264547080440803,0.0015431492958874803,0.004966909541873381,7.093702993479008e-10,5.99785476673351e-17
130.8543012499579,0.0064406978142352266,4.35538775679297e-09,6.220332161811641e-16,5.259403860252431e-23
1307.863065828964,0.06437351091205573,4.3531246050461955e-08,6.217099945443407e-15,5.256670962586831e-22
1184.105299062042,0.0620335668799134,4.464904419814627e-08,6.787196570195305e-15,6.10808233657613e-22
1817.6458190472597,0.08946520933560258,6.049898452586718e-08,8.640419641540647e-15,7.305631795020511e-22
846.5022829641538,0.04166516004099719,2.81751967195695e-08,4.023960485418585e-15,3.40233170190544e-22
77.74092783240631,0.00382643764235422,2.5875487626211845e-09,3.6955177557463003e-16,3.124627406479655e-23
1427.1889152260028,0.07024677399971839,4.750291789134423e-08,6.784331142010687e-15,5.736275245328655e-22
525.1002380245633,0.025845630775956713,1.747961635811653e-08,2.826965387938999e-10,0.003467194287463759
194.9202469534628,0.009612625352697976,0.014906752876273277,2.1289712770083564e-09,1.800083896066924e-16
1511.1596018070695,0.07437984270557176,5.0297819524467247e-08,7.183496899192695e-15,6.07377714548316e-22
189.91411903862982,0.009347644209631245,6.321149713855793e-09,9.027818660553917e-16,7.633184704263061e-23
74.74587301127184,0.0036790199200804436,2.487860598194897e-09,3.5531438662193214e-16,3.0042476960882285e-23
117.81712971151136,0.0057990033385520315,3.9214552321502004e-09,5.600592981326121e-16,4.735403123088272e-23
205.82964075198745,0.010131012161104442,6.850885975875325e-09,9.784384020958086e-16,8.272874462548263e-23
2013.0131752825644,0.09908126392653291,6.700164116990724e-08,9.569124191372151e-15,8.090868365569703e-22
1036.602093091499,0.05522389534290159,4.041950382203395e-08,6.248097050043122e-15,5.717955220033398e-22
86.81720198808743,0.004273175262420904,2.88964577400974e-09,4.1269704439705716e-16,3.48942849345282e-23
1413.7571042978816,0.06958565522517603,4.7055850089146816e-08,6.720481253463296e-15,5.682289004470892e-22
250.26601755179232,0.012318187304510777,8.331330697281257e-09,2.8217657636634665e-10,0.003467194286934019
1013.7648029805133,0.0498978840461104,3.374240486550598e-08,4.819064981629221e-15,4.0746069997339673e-22
1082.526658013751,0.05328236835564296,3.603109189134598e-08,5.14593354787684e-15,4.350980311383165e-22
1505.8204554991735,0.07411704792063409,5.012011002436669e-08,7.158116561535942e-15,6.0523176088581e-22
75.93785039654641,0.9993476284665135,0.00015747793789307795,1.0774763224066404e-07,0.003467365278420062
1307.6725880440606,0.06436413552400069,4.352490613955047e-08,6.216194484117161e-15,5.255905378584129e-22
350.9905370724086,0.01727588595365517,1.1682458072167107e-08,1.6684799088663866e-15,1.410730077618517e-22
1987.9284361635675,0.09784658365335057,6.616671434979048e-08,9.449880568486198e-15,7.990045715877917e-22
106.8297036523427,0.005258198104582839,3.5557469560014515e-09,5.078291161374322e-16,4.293787444598312e-23
1830.1128539809756,0.09007884147364134,6.091394047913077e-08,8.69968333988289e-15,7.355740328733163e-22
1695.7719457249427,0.0834665315575957,5.64461818442277e-08,2.840372314637707e-10,0.0034671942888274167
631.9526119214648,0.031104944716550766,2.1034071043476472e-08,3.004070266797764e-15,2.539995991639157e-22
1168.3614873701947,0.057507190868471766,3.888804012548428e-08,5.553960754127865e-15,4.695974727729518e-22
984.4294048039844,0.048453984738938374,3.2765998031047863e-08,4.679615289097948e-15,3.956699751032253e-22
1202.0469565476794,0.0591652023027958,4.000923582662668e-08,5.714089084116933e-15,4.831366140112713e-22
5.762224458158016e-09,2.842027940933044e-13,1.925819133298435e-19,2.756103348934451e-26,2.335133393432773e-33
974.3456687684537,0.04795765946706744,3.243036840288616e-08,4.631680917072057e-15,3.91617036856302e-22
450.5489650045336,0.02217618913854065,1.4996186042582388e-08,2.1417440548134447e-15,1.81088351177019e-22
32.290867144566526,0.0015937350578301682,0.0049669835705274225,7.093808720648059e-10,5.997944160975901e-17
880.0689713171513,0.048332602314038,3.6468057797024004e-08,5.811362119810593e-15,5.482510051065067e-22
611.3620221716488,0.03274059408899406,2.4089269989963515e-08,3.743290835315138e-15,3.4436554893013704e-22
1440.8282387383342,0.0725512701824538,5.019111128540344e-08,7.333333749482166e-15,6.34325665971183e-22
80.78392497769492,0.003976215103814552,2.688832651526215e-09,3.8401706470179644e-16,3.246934054253475e-23
255.85959753880692,0.012605791063451931,0.0049753736979065944,7.105791437708542e-10,6.008075765964964e-17
1151.2126254681102,0.05666311745006425,3.831725305576007e-08,5.472441372488098e-15,4.627048609424491e-22
1307.863065828964,0.06437351091205573,4.3531246050461955e-08,6.217099945443407e-15,5.256670962586831e-22
56.645333819758356,0.002788104588343899,1.8853976601560568e-09,2.692710812023941e-16,2.276735915526663e-23
2210.844330460204,0.10881858762601403,7.358630352293922e-08,1.0509540735119672e-14,8.886007639770528e-22
955.112969511329,0.047011018792027,3.1790222362026924e-08,4.540255739141516e-15,3.838868719515372e-22
249.9207459819941,0.012301192906937665,8.318425507001767e-09,1.1880312983874922e-15,1.0045020481703802e-22
216.81918715577947,0.010671921759231713,7.216664826112389e-09,1.0306786634294042e-15,8.714575363675849e-23
1135.3801268362724,0.05588383592582019,3.779028015504642e-08,5.3971794976389574e-15,4.563413326803812e-22
1517.034246883214,0.07466899494084339,5.049335270141092e-08,7.21142280102191e-15,6.097389002866488e-22
198.9156626348123,0.009790703563514684,6.620759374344991e-09,9.455718932860028e-16,7.99498215903345e-23
85.78001232358281,1.997635236663667,0.0005568731682504011,3.278620929988598e-08,1.1427840369439628e-12
428.77811671306904,0.021104619815519053,1.4271559605408458e-08,2.038253449977586e-15,1.723380325056918e-22
1623.5066800140585,0.07990960805628239,5.403720817474551e-08,7.717553584514472e-15,6.525331776218015e-22
1413.7571042931488,0.06958565522494307,4.705585008898928e-08,6.720481253440796e-15,5.682289004451872e-22
910.6462522647928,0.04807955198039268,3.487547280533711e-08,5.3428458475726975e-15,4.845754172917711e-22
1012.887897442875,0.04985472242646465,3.3713217719145403e-08,4.814896495254268e-15,4.071082468766564e-22
865.3557435972982,0.042593134448645494,2.8802720085866195e-08,4.113582902425558e-15,3.4781090838377816e-22
524.9129486888131,0.02583641232263196,1.747133573954329e-08,2.495243080044692e-15,2.109773360339822e-22
989.6365537530463,0.048710282564338535,3.293931409757303e-08,4.704368159863212e-15,3.977628753000092e-22
41.47709360824819,0.002041518112829783,1.3805341052079344e-09,1.9716684655021328e-16,1.6670815108979236e-23
82.74010990278792,0.004079486985146576,0.004969761022791217,1.884017317173189e-09,0.0034671951980612824
382.9533160558465,0.01884910593014088,1.2746315315893673e-08,1.820419203327768e-15,1.5391975116761678e-22
300.7966069231649,0.014805321875042483,1.0011790568316847e-08,1.4298764277025084e-15,1.208986499099154e-22
1695.7960664079694,0.08346771878319144,5.6443306449227824e-08,8.06119073732363e-15,6.815883232474051e-22
769.3537172013071,0.03786787868200702,2.560736428633684e-08,3.657224581234901e-15,3.09224983168019e-22
1575.7126603085933,0.07755716847034552,5.24464198988945e-08,7.490358394844494e-15,6.333234115434404e-22
736.5079119031407,0.036251195818930215,2.4514116170752367e-08,3.501087704475679e-15,2.960233265523689e-22
106.83455538035419,7.969792012900323,0.007116134362095174,1.3419626850956784e-06,1.4982313151388524e-10
835.6701608622906,0.0411319989260887,2.781465761973188e-08,3.972468561311191e-15,3.3587943445140023e-22
858.1450347066362,0.04223822065102825,2.8562717021999035e-08,4.0793058446646785e-15,3.449127208719851e-22
600.99562382042,0.02958123014474742,2.0003690798619835e-08,2.8569121322325743e-15,2.415571115142806e-22
1088.4835182195363,0.05357556725044903,3.622936153752021e-08,5.174250270191289e-15,4.374922614587586e-22
982.3057611335453,0.04834945820052308,3.2695314136413376e-08,4.669520268225666e-15,3.948164227467938e-22
998.3405207768017,0.04913869508765326,3.3229019143938925e-08,4.745743617525695e-15,4.012612454205912e-22
1062.4492321086257,0.05229414991798078,3.536282975445173e-08,5.0504928501763665e-15,4.270283467411915e-22
668.8771535330707,0.032922384511634185,2.2263076853176087e-08,3.1795959557149996e-15,2.68840615075129e-22
1931.0067431612952,0.09504487656233188,6.427211828049923e-08,9.179295777382955e-15,7.761261358735242e-22
656.6100395526291,0.0323185925579415,2.1854775119635513e-08,3.1212826080479704e-15,2.639101155801487e-22
1298.4195281676027,0.06390869644441362,4.321692494738611e-08,6.172208841005016e-15,5.218714718156065e-22
1298.4195281676027,0.06390869644745417,4.322014352623695e-08,2.836591639628465e-10,0.0034671942884432
231.0412127132277,0.011371935194379562,7.69003433248715e-09,1.0982849416610353e-15,9.286198729533499e-23
1040.0057857134016,0.05118947506388101,3.461581639137338e-08,4.943804961356086e-15,4.1800769189982467e-22
76.74342140346545,0.9993800182556858,0.00015579055304113895,5.129151415150715e-09,9.997401808341112e-14
104.82083646226631,0.005159320908825808,3.4901766952023696e-09,5.630968521987282e-10,0.006934388572586814
112.79496404959855,0.0055518104599654805,3.75429619627947e-09,5.361857698723003e-16,4.5335481040573257e-23
78.7622406678156,0.003876707043389085,2.62154239811277e-09,3.7440672112604313e-16,3.1656768532136697e-23
1421.1414015700914,0.0699491131080769,4.730163091273983e-08,6.755583486539278e-15,5.711968580310381e-22
697.3118770391796,0.0343219522735249,2.3209505403428566e-08,3.314764172157044e-15,2.802693333629267e-22
98.79734930323092,0.004862842609155412,3.2883960362673132e-09,4.696462580918211e-16,3.9709444423653406e-23
1613.6752685240779,0.07942570229323519,5.370997698076536e-08,7.67081867056593e-15,6.485816557346175e-22
151.87795434469788,0.00747548990926829,5.055144359497098e-09,7.219719298915964e-16,6.104403842575281e-23
1029.6938981221074,0.06506318427306337,5.6482183953471734e-08,1.0355724701250506e-14,1.124050200692944e-21
42.49161947057731,0.002091453456502641,1.4143018413658577e-09,2.0198952932804625e-16,1.7078581700194856e-23
136.95785417875805,0.006741116979918592,4.5585399607717646e-09,6.510472617430386e-16,5.504722887050541e-23
56.645333819758356,0.002788104588343899,1.8853976601560568e-09,2.692710812023941e-16,2.276735915526663e-23
1155.9405315280105,0.05689582676061066,3.847461788039219e-08,5.494916098837554e-15,4.646051398897077e-22
189.91411903862982,0.009347644209631245,6.321149713855793e-09,9.027818660553917e-16,7.633184704263061e-23
1037.9629597370224,0.05108892640269643,3.454782245336911e-08,4.934094118074303e-15,4.1718662245668376e-22
74.74587301127184,0.0036790199200804436,2.487860598194897e-09,3.5531438662193214e-16,3.0042476960882285e-23
378.94334705844227,0.018651733751236358,1.2612846490569753e-08,1.8013572856955957e-15,1.5230803139814932e-22
132.85505742987058,0.006539175784249878,4.421981433019739e-09,6.315440751250221e-16,5.339819900654161e-23
121.85341278302214,0.005997670706059163,4.0557999017918055e-09,5.792463031940163e-16,4.8976327369763534e-23
801.0861861953568,0.039429762714384815,2.6663555833953564e-08,3.8080690667213455e-15,3.219791584857906e-22
347.98307369692003,0.01712785747767943,1.1582356898270003e-08,1.6541835342105113e-15,1.3986422330956246e-22
1268.5809681353944,0.06244003132187962,4.2223770746085805e-08,6.0303673020891876e-15,5.098785119878668e-22
227.1142908100299,0.01117865062461761,7.55932966771347e-09,1.0796177993676197e-15,9.128364649802819e-23
231.0412127132277,0.011371935194379562,7.69003433248715e-09,1.0982849416610353e-15,9.286198729533499e-23
223.89462905310583,0.011020177664674278,7.452165629060014e-09,1.0643127116590441e-15,8.998957352439872e-23
88.76944401826243,0.004369265347779181,2.9546246929699873e-09,4.2197728491795625e-16,3.5678946131872876e-23
237.1545217527485,0.01167283455949385,7.893511261330015e-09,1.127345364184699e-15,9.531909881969784e-23
942.6722916345173,2.0078536443406576,5.1210361592436826e-05,2.7585232872132464e-10,8.796943973597993e-16
524.9129486888131,0.02583641232263196,1.747133573954329e-08,2.495243080044692e-15,2.109773360339822e-22
131.85795046100978,0.006490097805050451,4.388793471730688e-09,6.268041953595691e-16,5.299743356046783e-23
326.6011712942771,0.01607543221726838,1.0870676234724046e-08,1.5525418350646681e-15,1.312702329736096e-22
16.353532177708377,0.0008049269909041348,5.443151134256955e-10,7.773867667514195e-17,6.572946356566897e-24
82.76462087870362,0.9996387633146108,0.00014453393243528618,4.413574007328131e-09,7.978994377223732e-14
306.6263507766211,1.9993175723318655,0.00015605567406348135,2.572590957587679e-09,2.5107219679623712e-14
109.89599446319735,0.00540912208900393,3.6578061571801157e-09,5.224051347826217e-16,4.4170303305655053e-23
359.07685987399753,0.017673897796566685,1.195160529156375e-08,1.70691931308393e-15,1.4432312922913808e-22
1676.6385164638732,0.08252477698554013,5.580566169716666e-08,7.970122791585151e-15,6.738883629735358e-22
654.8299522910636,0.03223097599490004,2.1795526243664393e-08,3.1128207279735846e-15,2.631946482454389e-22
110.80958647771168,0.005454089430809111,3.6882143855433464e-09,5.267480151743045e-16,4.4537501733366964e-23
88.76944401826243,0.004369265347779181,2.9546246929699873e-09,4.2197728491795625e-16,3.5678946131872876e-23
932.109752978253,0.04587879184167287,3.1024577467682666e-08,4.4309069089853835e-15,3.7464122968555003e-22
1118.8412273360473,0.05506978508573753,3.7239795228635685e-08,5.318559652895982e-15,4.496938819626815e-22
919.8596105550862,0.04527583523439827,3.061684061975962e-08,4.372674237859014e-15,3.697175515386641e-22
1314.9396750593166,0.06472182427406788,4.376678570721815e-08,6.2507395427448734e-15,5.285113853304285e-22
237.9138441154236,0.011710208691141533,7.918784739467636e-09,1.1309549033963352e-15,9.56242919182266e-23
1697.2359837463287,0.08353859205495448,5.649123302318356e-08,8.068035574707333e-15,6.821670666846071e-22
113.84771739291874,0.0056036273758719194,3.790684226258994e-09,5.631415272507318e-10,0.006934388572632401
310.2460869771721,4.995861765489833,0.0009630104061799621,3.920538754171921e-08,9.449264248964464e-13
795.7175653608186,0.039165517182184716,2.6484865296231405e-08,3.78254861800651e-15,3.198213581787556e-22
1082.526658013751,0.05328236835564296,3.603109189134598e-08,5.14593354787684e-15,4.350980311383165e-22
801.0861861953568,0.039429762714384815,2.6663555833953564e-08,3.8080690667213455e-15,3.219791584857906e-22
1378.5170973365207,0.06785112885774608,4.588291275806418e-08,6.5529632226532186e-15,5.540649465779793e-22
339.92949908319576,0.01673145751286428,1.1314299677865534e-08,1.6158998028323537e-15,1.3662726426368882e-22
67.71640617481319,0.0033330269243872063,2.2538900408357508e-09,3.2189888692071293e-16,2.7217135748401593e-23
39.43704381398552,0.0019411060963708065,1.312632570353477e-09,1.8746920021705272e-16,1.5850861491821718e-23
1105.6256647764558,0.05441931013704739,3.679992509199244e-08,5.255737729550235e-15,4.443821742024182e-22
145.86984556971169,0.0071797685406537175,4.855168942945297e-09,6.934115907298592e-16,5.862920985824411e-23
1084.153074108426,0.0533624211661807,3.608522593721632e-08,5.153664931748486e-15,4.357517336918436e-22
927.4851549567597,0.04565116739154606,3.087065117400718e-08,4.408923271050857e-15,3.7278247315603426e-22
643.9443355416081,0.031695181855502984,2.143547326299065e-08,2.8287699948764447e-10,0.003467194287647499
39.43704381398552,0.0019411060963708065,1.312632570353477e-09,1.8746920021705272e-16,1.5850861491821718e-23
1363.2678542069752,0.9999408376765142,8.780069615042437e-06,1.6282253734307018e-11,1.7875875661020887e-17
204.88069592072262,0.010084304740391674,6.819301055391375e-09,9.739274674170729e-16,8.234733690246197e-23
134.8593835807714,0.006637829469576293,4.488693933066474e-09,6.4107190439782e-16,5.420379428270422e-23
1452.240649813101,0.07147982977745482,4.833674618024895e-08,6.903417873492008e-15,5.836965240487255e-22
1630.0889332078948,0.08023358902865638,5.4256293559778284e-08,7.748843195056654e-15,6.551787710433497e-22
1838.1074956514365,0.0904723407368728,6.118003616050207e-08,8.737686925725998e-15,7.38787305105204e-22
1746.412667171476,0.08595908686805703,5.812804222902266e-08,8.301803439117352e-15,7.01932564354155e-22
2237.478561135549,0.11012953445508955,7.447280401307907e-08,1.0636150070917117e-14,8.99305813355688e-22
1651.0256824703476,0.08126410368445118,5.4953157633283564e-08,7.84836879991411e-15,6.635938417624802e-22
2115.5272934080663,0.10842741649115717,7.634991721092531e-08,1.1354574887281663e-14,9.996992854668024e-22
1746.3303865260575,0.08595503698381146,5.812530357914829e-08,8.301412307194211e-15,7.018994934394043e-22
220.8638315944598,0.010871000676368762,7.351287797619906e-09,1.0499054153547823e-15,8.877141044520449e-23
928.9527401029394,0.045723402483193114,3.0919498650296946e-08,4.41589963101593e-15,3.733723370664549e-22
10306.057176916875,0.5072680018821555,3.4302942142810547e-07,4.8991204955952e-14,4.142295391323739e-21
3240.0943977687216,0.15947866219362444,1.0784412385450662e-07,1.540221696744033e-14,1.302285428940959e-21
1421.3709738137147,73.80244006341348,0.045868650920559625,6.0208588356842486e-06,4.678872893235203e-10
381.9346618500634,0.01879896738785394,1.2712410170904982e-08,1.815576895923677e-15,1.53510325278595e-22
334.0272834961861,0.01644094824670128,1.111784883704441e-08,1.5878428409357084e-15,1.342549971585317e-22
368.5029838249253,0.018137855154846266,1.226534679228417e-08,1.7517276391481827e-15,1.481117546102807e-22
262.8419335320165,0.012937178607184411,8.748497591152014e-09,1.2494538712173109e-15,1.0564359494869456e-22
128.91842025038753,0.00634541302494324,4.290953402525692e-09,6.128307499817034e-16,5.181595336536567e-23
131.85795046100978,0.006490097805050451,4.388793471730688e-09,6.268041953595691e-16,5.299743356046783e-23
107.82889099441229,0.005307378480532318,3.5890041609601133e-09,5.125788852318986e-16,4.3339476052792966e-23
230.96420125244407,1.001128038761593,5.195222247399305e-05,5.693926366670698e-10,3.694503624014518e-15
229.04923689517855,0.01127388939707091,7.623732904051974e-09,1.0888158213278077e-15,9.206135596668155e-23
954.3525731061186,1577.897754661922,32.25939728515999,0.13449343595337193,0.00033205763934028945
610.2424574836906,0.030036362767784867,2.0311464755925066e-08,2.9008681782174087e-15,2.452736750661977e-22
527.6309316952418,0.025970192466207017,1.7561801775403727e-08,2.50816337150523e-15,2.1206977015189516e-22
349.637523799171,0.017209290132590597,1.1637424035159947e-08,1.6620481814424627e-15,1.4052919352233007e-22
104.81724855366454,0.00515914430939621,3.4887638899948128e-09,4.982626448369606e-16,4.2129011916171855e-23
292.8853315906275,0.014415925934249115,9.748469673284655e-09,1.3922691347653614e-15,1.1771888496325262e-22
164.78374321719235,0.008110717680828326,5.4847039101583e-09,7.833213030725213e-16,6.623123939409869e-23
429.5274904273907,0.02821779512414039,2.5468547670342734e-08,4.854875910969372e-15,5.478835778749705e-22
138.76533472951039,0.006830081850933916,4.618700601929066e-09,6.59639359438182e-16,5.577370634164326e-23
159.90620592519736,0.007870643464884938,5.322358721639989e-09,7.601352848843403e-16,6.427081942952744e-23
277.9766479842299,0.9967737912140644,4.277784953173403e-05,3.877344885906585e-10,2.080589450405548e-15
5118.795590987259,0.25194903995866286,1.703752909422908e-07,2.4332871399875306e-14,2.0573884873417687e-21
284.9341329609792,0.9998184732418414,4.199778124975551e-05,3.725844085197378e-10,1.956858738646865e-15
1664.5983657136924,0.08193215624721512,5.540491426535614e-08,7.912888343631204e-15,6.690490864095536e-22
2158.4569923582476,0.10624006318483149,7.184263007238603e-08,1.0260510599346883e-14,8.675448135337065e-22
51.59970309056685,0.0025397567503399696,1.717457607033606e-09,2.452860086433634e-16,2.0739377691835237e-23
45.534145392488654,0.0022412077241715047,1.5155700459524621e-09,2.1645257843260662e-16,1.8301458779951808e-23
138.76533472951039,0.006830081850933916,4.618700601929066e-09,6.59639359438182e-16,5.577370634164326e-23
466.9978623419796,1.0091641328364347,2.6123042828247378e-05,1.42816617840711e-10,4.622427276669113e-16
92.78047748011119,0.004566689920023129,3.0881289481985e-09,4.410442626225572e-16,3.7291093739657833e-23
1663.223644720044,0.0818644919640055,5.535915770307618e-08,7.906353425689165e-15,6.684965472242377e-22
344.1589382655008,0.016939632096631903,1.1455073404496985e-08,1.6360050009961213e-15,1.3832719529764291e-22
178.90147467575605,0.008805597721289816,5.954602065289361e-09,8.504318055204122e-16,7.190555430938323e-23
33.3177762335575,0.0016399134496369574,1.1089573159235443e-09,1.5838045298163857e-16,1.3391355061617084e-23
1508.4927916750162,0.07424858131007749,5.020905673953862e-08,7.170819864754085e-15,6.063058482535817e-22
257.06422920484886,0.01265279783195713,8.556191014688414e-09,1.2219887900511448e-15,1.0332137243468964e-22
136.95785417875805,0.006741116979918592,4.5585399607717646e-09,6.510472617430386e-16,5.504722887050541e-23
858.5800973842573,0.042259634599290115,2.8577197758523912e-08,4.081373972605572e-15,3.450875848469769e-22
100.8119079245745,0.004961999940517039,3.3554491164559507e-09,4.79222728765308e-16,4.0519152418621034e-23
346.8225092618563,0.017070734060651543,1.1543728377211383e-08,1.6486666377750691e-15,1.3939775969227672e-22
129.8626569287533,0.0063918887086034494,4.322381615654228e-09,6.173193038333507e-16,5.2195468748792235e-23
113.84814992246194,0.005603648663865077,3.789350702034953e-09,5.411922281199537e-16,4.5758786181664494e-23
1910.320857865034,0.09402670952509667,6.358360402688169e-08,9.080962687545817e-15,7.678118944660467e-22
1463.0865085574148,0.07201366701505979,4.86977424939785e-08,6.954975096544886e-15,5.880557809323518e-22
151.87795434469788,0.00747548990926829,5.055144359497098e-09,7.219719298915964e-16,6.104403842575281e-23
181.96401896952054,0.008956337300733745,6.056536566442814e-09,8.649900146014318e-16,7.31364773380463e-23
162.88913290325445,0.008017464251248083,5.422783252885653e-09,2.819526981158584e-10,0.0034671942867057818
1689.3280697316302,0.08490570505147123,5.8628492813315906e-08,8.55014410950624e-15,7.382004977846047e-22
185.8882891190808,0.009149491350186511,6.187152969575748e-09,8.836445514334451e-16,7.471375232068868e-23
1497.1807099849873,0.0736917964041213,4.983254254301648e-08,7.117046389307436e-15,6.017592032033454e-22
487.25266204201364,0.023982758880807527,1.621784120545485e-08,2.3162199298582492e-15,1.9584060341790744e-22
140.86708809261674,0.006933530940207358,4.6886558940213455e-09,6.696303218412849e-16,5.661846036544146e-23
560.0328275959855,0.027565025942153338,1.864027469799728e-08,2.662190066271699e-15,2.2509300704606054e-22
805.3649969566933,0.039640367385800415,2.6805972856745642e-08,3.828408959211546e-15,3.2369893335146156e-22
349.637523799171,0.017209290132590597,1.1637424035159947e-08,1.6620481814424627e-15,1.4052919352233007e-22
350.9905370724086,0.01727588595365517,1.1682458072167107e-08,1.6684799088663866e-15,1.410730077618517e-22
1015.8071644499586,0.04999840984408936,3.381038334274362e-08,4.8287736168158986e-15,4.082815827180849e-22
280.1177584283394,0.013787501193226989,9.325005512463795e-09,2.822437441207794e-10,0.0034671942870024776
158.91029936807382,0.007821624570401716,5.289210715159715e-09,7.554011114347411e-16,6.387053646282692e-23
1663.223644720044,0.0818644919640055,5.535915770307618e-08,7.906353425689165e-15,6.684965472242377e-22
337.00689656821635,1.0011088067279508,3.560343241848461e-05,2.6742102569682027e-10,1.1891473094276967e-15
1446.2375504170163,0.07118435497234969,4.8136937497135256e-08,6.874881347074978e-15,5.812837088920471e-22
2182.3180997217582,0.10741451584380703,7.263682922275286e-08,1.0373937526954077e-14,8.771352663486909e-22
146.88139378289213,0.007229557323318029,4.88883757027361e-09,6.982201188589038e-16,5.903577964818701e-23
563.3148157592491,0.027726566631206418,1.8749513224569762e-08,2.677791430790575e-15,2.264121307623073e-22
214.93658377480264,0.010579259314320806,7.1540037776173805e-09,1.021729459431703e-15,8.63890821789116e-23
4990.947288612253,0.24565629853713739,1.661199556145876e-07,2.3725127596653154e-14,2.0060026445674154e-21
257.06422920484886,0.01265279783195713,8.556191014688414e-09,1.2219887900511448e-15,1.0332137243468964e-22
437.19865051336575,0.02592303926744337,2.1117476102011463e-08,3.6332137890001865e-15,3.7006336293663085e-22
5.762224458158016e-09,2.842027940933044e-13,1.925819133298435e-19,2.756103348934451e-26,2.335133393432773e-33
134.8593835807714,0.006637829469576293,4.488693933066474e-09,6.4107190439782e-16,5.420379428270422e-23
839.929701012964,7.996073554170254,0.0009112412252849214,2.1932270110379915e-08,3.1251492284281213e-13
326.2047306156943,0.016055919258293156,1.085748100261245e-08,1.5506573019009255e-15,1.311108922706e-22
80.78392497769492,0.003976215103814552,2.688832651526215e-09,3.8401706470179644e-16,3.246934054253475e-23
410.9332133147791,0.020226286973459393,1.3677605313958744e-08,1.9534253430888633e-15,1.651656619437552e-22
370.84281360281636,0.0182530224546002,1.2343226280159318e-08,1.762850329255846e-15,1.4905219826773969e-22
755.60945544386,0.03719138096038937,2.5149896791476314e-08,3.591889416373263e-15,3.037007762712693e-22
139.92150187207457,0.00688698883157477,4.65718276238867e-09,6.651353527625317e-16,5.623840256290723e-23
644.9502672249328,0.03174469418831875,2.146668829973008e-08,3.0658563392004303e-15,2.592237238449003e-22
237.1545217527485,0.01167283455949385,7.893511261330015e-09,1.127345364184699e-15,9.531909881969784e-23
1378.5155283706838,0.06785105163265878,4.588286053620725e-08,6.552955764366736e-15,5.540643159663065e-22
268.93980315390434,0.013237318038368731,8.951460630501846e-09,1.278440900428607e-15,1.0809450093514822e-22
375.5023526137828,0.018482366713341445,1.2498315558591944e-08,1.785000063802029e-15,1.5092499856755254e-22
303.6010910320976,0.014943359635344735,1.0105135728815883e-08,1.443207913586767e-15,1.2202585126345453e-22
853.6703819818281,12.031490806290627,0.0020303485501093448,7.236287119203692e-08,1.5268567494235817e-12
10.101241682904583,0.0004971869064041654,3.36212290569574e-10,4.8017587434424457e-17,4.059974260909378e-24
4791.594023805756,0.23584405603050998,1.5948463097855309e-07,2.2777475503605585e-14,1.925876938307718e-21
858.1938734378598,0.04224062451598871,2.8568874887497457e-08,8.467700726244223e-10,0.010401582861047016
148.91675167776006,0.007329738402728032,4.956582938758415e-09,7.07895461628157e-16,5.985384745849276e-23
22.916021660299183,0.0011279351865650263,7.633474884443771e-10,5.625329385272234e-10,0.0069343885720112505
555.9115523392062,0.0273621752273916,1.8503101126901106e-08,2.642599039624089e-15,2.2343655014799773e-22
463.0028766280809,0.02278917534232802,1.5410705196261313e-08,2.200945369766273e-15,1.8609392991936453e-22
234.87629388778657,0.011560699329012117,7.81768214715145e-09,1.1165155069121526e-15,9.440341471049707e-23
516.1039510314963,0.025402830152117698,1.7178134826926684e-08,2.453368345383535e-15,2.07436751136024e-22
464.94948995929343,0.022884988381011034,1.5475496768177453e-08,2.210198853522701e-15,1.8687632878365871e-22
1452.4874924868175,0.07149197946648972,4.834496215441784e-08,6.9045912727670505e-15,5.837957370893835e-22
229.91263241033556,0.011316386048340095,7.652470379397178e-09,1.0929200860252565e-15,9.240837900390425e-23
207.95371325343757,0.01023555980674304,6.921584143829965e-09,9.885354614729791e-16,8.358246934120621e-23
493.61210020302184,0.024295772813648225,1.6429510358413212e-08,2.3464503596921202e-15,1.983966411861389e-22
456.9627887793585,0.022491879951703122,1.5209665380107098e-08,2.172233013850814e-15,1.8366624805912882e-22
1070.0287145553377,0.05464003250402122,3.8333233008545465e-08,5.6797967769204025e-15,4.982259444189916e-22
258.81167395036294,0.012738807718108534,8.614353408874801e-09,1.230295499611076e-15,1.0402371982047253e-22
669.0441947687962,0.03293060634394346,2.2268636696039536e-08,3.1803900083070848e-15,2.6890775366450685e-22
1182.9761132259478,0.058226528237636334,3.937447703977926e-08,5.623433309767996e-15,4.754715035772633e-22
1448.4398649728403,171.94659791124369,0.2442892774615281,7.330238414525067e-05,1.3021992389289182e-08
665.4443917124411,26.94377769993069,0.013058647041534952,1.336700608886605e-06,8.100457021025381e-11
260.6622536135941,0.012829893943614204,8.675948571824855e-09,1.2390924746338543e-15,1.0476752004190427e-22
664.9096481431374,0.03272710240960088,2.2133324647785143e-08,2.829070538702525e-10,0.0034671942876780934
131.85795046100978,0.006490097805050451,4.388793471730688e-09,6.268041953595691e-16,5.299743356046783e-23
430.9523829429636,0.02121163801530827,1.4343928434153346e-08,2.048589111877089e-15,1.7321193149819638e-22
382.9533160558465,0.01884910593014088,1.2746315315893673e-08,1.820419203327768e-15,1.5391975116761678e-22
1473.8797936753397,0.09202460293041535,7.893958344792578e-08,1.4301400125729386e-14,1.5339050595901394e-21
310.84354089602954,0.015299835735578006,1.0346195267289143e-08,1.4776358562593348e-15,1.2493679636867404e-22
172.864864209127,0.00850847348871653,5.753677991202853e-09,8.217359798003433e-16,6.947927010720151e-23
1651.6319590607259,0.08129394484575171,5.4973337097112695e-08,7.851250815818867e-15,6.638375214435725e-22
387.09935003519746,0.01905317527851898,1.2884312962592491e-08,1.8401279238355156e-15,1.555861592953926e-22
492.9048231942189,0.024260960373849602,1.6405969171036292e-08,2.3430882249490194e-15,1.9811236658493488e-22
188.6796578360074,0.00928688356597231,6.280061594040249e-09,8.96913691568324e-16,7.583568222784151e-23
1135.7061842589762,24.971736030572988,0.0065726768642610095,3.6536801751136777e-07,1.2024214545154007e-11
51.59970309056685,0.0025397567503399696,1.717457607033606e-09,2.452860086433634e-16,2.0739377691835237e-23
5.762224458158016e-09,2.842027940933044e-13,1.925819133298435e-19,2.756103348934451e-26,2.335133393432773e-33
324.92577455206435,0.01599296856087749,1.0814911904556056e-08,1.5445776152111126e-15,1.3059684371477151e-22
198.9156626348123,0.009790703563514684,6.620759374344991e-09,9.455718932860028e-16,7.99498215903345e-23
6055.322511366159,0.29804524643746033,2.015468905302455e-07,2.8784775897922626e-14,2.433805101333103e-21
261.4605325787749,0.9998111590329459,4.576761716320058e-05,4.4247811007990106e-10,2.5325718370980893e-15
1446.2375504170163,0.07118435497234969,4.8136937497135256e-08,6.874881347074978e-15,5.812837088920471e-22
665.0359782023852,0.05343672324763153,5.899069327024794e-08,1.3753715347477246e-14,1.8984220096282756e-21
239.95780858848624,0.01181081338956013,7.986816571484312e-09,1.1406711586725799e-15,9.644581895533258e-23
450.62662230304875,0.029350348057427724,2.6263866282899005e-08,4.963601541054581e-15,5.553558593922967e-22
1250.5951445546293,0.061554762335554326,4.162512603153518e-08,5.944869312487461e-15,5.026495016254332e-22
223.92181810167094,0.011021515921110782,7.454407241699651e-09,2.821138945320016e-10,0.0034671942868701264
1470.3609218041186,0.07237171636498825,4.893986590979212e-08,6.9895549813821e-15,5.909795730236565e-22
47.557164193540494,0.0023407814687532906,1.5829047169086152e-09,2.260692656885301e-16,1.9114567160034108e-23
177.89671996670455,0.008756143317448185,5.921159554675793e-09,8.456555712111512e-16,7.150171502057772e-23
1029.3815471632197,0.05066654605540036,3.426219654040402e-08,4.893301239187859e-15,4.13737510430105e-22
1599.5433083271937,0.07873012190893386,5.3239605232698654e-08,7.603640529929804e-15,6.429016218876256e-22
235.95195385666858,0.011613643716351776,7.853484686419848e-09,1.1216287987456617e-15,9.483575282537879e-23
698.5746776941679,0.03438410779566447,2.3251536780765576e-08,3.3207670619765993e-15,2.807768886038424e-22
3087.0648839829414,0.1519464920965114,1.0275065069845488e-07,1.4674770947542386e-14,1.240778546259275e-21
1400.2366675124829,0.06892017425267911,4.660583244143395e-08,6.656210070189538e-15,5.627946551267472e-22
276.64609164475985,1.9992735822986412,0.00017295979185028785,3.1601779195915924e-09,3.418335456530362e-14
389.6892511593435,0.019180651183781802,1.2970515888592326e-08,1.8524393611398684e-15,1.5662711368817075e-22
266.71237616432,0.9998054960469838,4.486587396817964e-05,4.2521629994806465e-10,2.3858336755604144e-15
591.5860939300286,0.02911808955235482,1.969050161881974e-08,2.812182688228342e-15,2.377751557546336e-22
99.83771011439853,0.0049140495587053825,3.3230236694159646e-09,4.745917507135979e-16,4.012759481030813e-23
5.762224458158016e-09,2.842027940933044e-13,1.925819133298435e-19,2.756103348934451e-26,2.335133393432773e-33
2852.5696982091063,0.14040455105188937,9.494565345044439e-08,1.3560067088421474e-14,1.1465283096611172e-21
149.9419019835909,1.998627119554607,0.00031890374830260157,1.0746856284710449e-08,2.1440776494411243e-13
323.02047071871306,0.01589918879118174,1.0751495288445765e-08,1.5355205016127e-15,1.2983104830412318e-22
389.6892511593435,0.019180651183781802,1.2970515888592326e-08,1.8524393611398684e-15,1.5662711368817075e-22
78609.93535360099,4.135670124347502,0.005200769065166848,1.0449538371996842e-08,0.0693438898887703
57646.81957714668,10.031314708552069,0.016023562329620537,4.7875412053747605e-08,0.07281112821296405
29719.524754226713,798.8568024729609,0.4618671905562854,4.223446518476405e-05,0.020815056098281322
