580283.1134689609,828370.7370683445,732450.7257114365,961615.0252370255,1394864.9252407127
144068.92222987738,188485.14256633722,152126.7297454866,182113.0930969205,240724.19845626524
4668.391698072473,6542.83270550599,5672.891824086988,7300.629450894122,10374.151045624987
404.79646561114225,550.0765639117227,461.2260720143564,574.5251812564433,792.6356116535768
48.814644303706096,56.67528579865527,40.91909319559384,43.90313357792588,52.17164407708951
141489.6896918978,183801.59200392177,147298.91440197025,175157.71895679712,229990.17735811215
429.0769421834495,537.5058870678928,417.27407846676596,479.6923720600184,615.244492710268
525.3223004227355,619.9807316866915,455.9566624012453,498.1908257734507,604.005267908
460.442121036847,582.39015893316,450.97208593103386,521.1277263286551,664.3490096526601
571.0641660834261,698.8459535776376,526.5880378099615,591.0837610042073,732.0207406780788
384.2038257522572,449.1054085473488,323.3126231965547,345.5919174854705,409.8774353828454
271.967809129006,362.4813409244174,295.23722768197894,355.377072270251,474.44853181359906
202.64063557400627,153.69280702285195,72.3735520516434,49.95565661116697,38.95941941168866
488.2487383878206,605.8268053169647,466.7682764928662,532.0643955925448,672.1227944967792
398.17267349249687,528.6123426621016,436.0159343782471,536.5729880465335,726.1210207815724
349.19160066996676,475.8176357836536,400.4309196827711,498.17474855819967,684.7730650771891
478.5039406202304,540.4398947486384,376.7470827964783,389.79801632831925,447.2116948950219
410.5011546426384,539.3759249684085,437.8383574747665,526.7864510250979,702.9395610389049
344.53190577405326,437.16474503729256,345.60945513402226,406.10384981111383,528.3629795972932
547.6206844856835,655.3299912843695,485.37809718045014,531.8480590022402,647.5643023652958
592.9039872805332,743.538220503137,572.911255920085,656.0775402775155,821.7222915626891
529.5393652048881,586.4786903812188,399.8625075995779,408.12588598696743,464.8443287413252
312.91959475063834,445.03406071255574,392.0085715063298,513.0632196367804,735.465519549006
530.289741500189,651.8977643016018,494.04102495734895,555.9132169166278,690.4923580137965
490.40398941623135,625.6370333528344,490.5866089217522,572.3075123041135,734.8549824319443
558.7503048162006,700.650257560318,540.5873073748866,616.9543189841833,784.0039665356411
2658.2804148592195,2905.258284533404,1955.448729785994,1945.2665132351271,2129.130353665447
686.2691657392701,785.7956682124815,556.9667528319194,584.1273598749958,680.0157786250894
855.521069863478,742.4999659968939,400.1063614754523,318.547826325787,278.8943867815889
284.83232001462704,197.46781095017423,86.41980553943021,56.50531243463292,40.417389738294
409.01226991354997,491.81014496389724,366.21317840571635,405.1024327794412,494.98474543637775
348.1241805705272,480.0058805075856,411.4992947033116,523.0276728881632,738.0413301587253
443.047723781631,459.49485068141416,295.6637136170566,281.2629060277788,298.22954115892855
442.74298639945215,641.3447478505832,576.6480635973626,768.9849576922168,1130.7458373958032
346.1088242367959,494.26688228726596,440.15155872361015,582.1837136106916,846.4264276849344
498.2722536068618,592.5871251671542,436.42303542399145,479.0586510003574,581.1155821376003
558.028888666212,483.3225464336317,257.230373228309,203.16856811147338,179.11312585674509
301.35726547081265,276.61354961589063,155.46699850273617,130.22202505471958,121.34667671151367
505.0477775549274,644.4334236401417,508.8880035865768,595.4148650273247,767.7798879870222
454.2718117601694,549.0019562487934,410.96251510422877,456.03358697545843,561.5140245124123
279.8584701201182,184.48041780977306,75.8944907787701,46.833055124612436,31.12458870740581
411.35368134626356,268.50703376471796,108.77119878061961,64.79875160461603,41.13814945387428
7727.548452651598,8476.171579458263,5748.63537021831,5757.042916920959,6360.813258133841
326.46289469320016,294.1855619870232,168.24564331154295,142.6788574005709,133.0788721247463
58004.29435384908,60782.23416141232,39332.44342994705,37779.17040822015,40127.836150978874
743.0578415411724,854.2363414429736,602.3315206344845,626.6161156575406,720.7907713297112
883.7489034446511,1079.586728085178,821.0033804174366,924.3223380015429,1155.3746028183841
9739.313698108095,10786.552711399365,7369.133486202226,7456.452035956222,8342.038001873161
334.9115032690938,224.86167667825177,92.93673214353645,56.093732101501075,38.085904373512456
27608.273703372706,18854.495568424885,8001.677572990967,5027.453812117092,3484.7951719628322
29695.195282519187,20644.377041117907,8893.008664992476,5675.258544914885,4007.931764110195
8046.724613349324,7776.765320500955,4651.787086173918,4117.141663841684,4038.571651138091
9005.301157840755,9888.333667809835,6717.77492247577,6762.121694125541,7517.418630962147
4339.128876501888,3228.16103975427,1477.8048551056738,1001.9640751985398,752.8328204970105
30486.37361403986,21734.22901870431,9611.53735002058,6306.531178615507,4572.35192365268
8662.36623138442,6045.455614349655,2607.318820633968,1653.4773640610604,1152.446211890557
273.5503932156377,234.70094929498984,125.65137885826584,99.55539096659531,85.70655193305501
333.1095566702718,256.297193815595,121.06275648792021,83.82057254900863,63.16844411088005
314.015433915753,207.26496971572888,84.81797796403721,51.89664285956571,35.477882680988145
279.1151365136541,216.5740093682369,106.32643001021624,77.42695158626262,61.067180931395605
207.21009426049883,69.73048928757322,14.860356387280165,4.47486688119382,1.7198854556197773
353.6444083939966,219.0196812833394,85.49364377531428,49.3704658801835,31.04429152711417
279.86749480328797,214.6562271440336,101.95384837092138,72.21585792145164,57.90933794242428
139.47334968851249,101.6775876328074,45.77342772227313,31.08937757859779,23.43888336717706
176.4812327085508,103.928083900241,37.09089906845949,19.648563443271023,12.294895950904806
172.66152796583535,110.04514309536397,43.756765371232724,26.061845421103456,17.030800904014924
338.65998857323495,250.59893205653765,116.40183761962983,80.46381041915517,62.27014964926236
146.93008102733432,13.629853995153324,0.9078375093185178,0.07358936004704619,0.0064052172124415795
6133.6275738027625,6766.797290012909,4627.676240592803,4682.242780825051,5216.59602759059
191.99713647276465,91.7614681540108,27.494435173998355,11.54694496737334,5.11294511756745
8010.152403479364,13743.125031097885,14577.077080926529,22913.495318100988,39836.466538670786
214.766985993714,69.08742774377703,14.385228053840418,4.640452638368434,1.8053316605895748
357.50768565178134,315.7176741187498,171.40097481694633,136.59168288523244,122.28286914757872
159.94535372324964,120.2427234023936,56.49810497844382,39.482395444508285,30.707352809197022
216.80311556467743,225.8451137585232,144.5523644178802,135.97792785402982,138.93993323411837
140.26142419607595,32.016511919268375,4.59978943536351,0.9024468494675302,0.19140835134073642
278.3979778340389,233.43831874356326,119.81694316314011,91.31568050959623,76.11560784312422
219.87629301473257,52.141952811236074,7.2258832464816,1.5195068636139062,0.33117212237730753
127.79689671686587,82.81731302908382,32.61209532589686,18.88244722185737,12.066882339829906
232.73904331718225,167.09056976973991,73.98818960940598,49.051605758029595,37.41611850977548
203.15423897192872,177.0513984171066,96.85360581452274,78.70578187622502,69.88032537521146
321.6299895571989,289.0666191715005,158.92045225921652,130.63467304009103,121.46855256729154
226.92858701336803,54.53141292791912,8.39342075179334,2.1213443540724777,0.4777593983122532
167.781842693935,147.96550571622828,81.84906703719663,67.1904066540043,62.23130814987839
163.78066778261214,140.9818707459703,76.01505159351103,60.599446135735526,55.290507494487294
168.0394437809692,128.63169726317395,61.19747488587236,42.54608464457809,34.01263030691887
197.54918699410942,157.6811335311839,76.47858677983515,55.54721642770306,44.71262576644602
185.4542437607112,109.29013131168497,37.99358389760141,19.306780094578105,11.671451224578592
155.7041543129008,41.96398200128949,7.307306846575554,1.696541972747923,0.4267302985457355
161.50319344727154,134.41930202284465,68.81361214532816,53.41605145267847,46.77002003530013
33.461975628693075,0.010387946358153556,0.00047986871189382405,1.3575557253103155e-07,4.1044723199818053e-11
242.11215944712538,193.48448672115782,94.89698876325386,67.6246277053022,52.77222490936859
177.9147768028924,65.37951185598517,14.780215128828614,4.868251826217698,1.6553275045968834
286.5208369682428,79.25014938159545,13.021103967904786,3.054501759173014,0.7763842272916441
211.49088160201435,60.11986160371531,10.541413080631806,2.5572407267768367,0.6725037997618367
211.6361457603286,187.33555334024055,102.21039524820513,82.56240261843277,71.19903628308901
223.29676640861254,18.837615587868637,1.117333076011089,0.08220944610859461,0.0064920584504627255
105.00465474621171,51.299750225942354,15.302190102188908,7.353560563864642,4.191865310858473
136.06011170880893,52.07045342354745,12.392894217714247,4.3607004952679835,1.5499925531883056
137.04636600213655,0.042925207744358866,0.008806949099252842,0.016024350136837,4.844847276328919e-06
444.30158669933513,204.36832996879994,58.93602501791355,25.25190350427609,11.900510842292151
161.77509916002873,57.92396050140858,12.632546401528868,4.202250825857695,1.4942308865060632
160.85275703191132,49.45978617809202,9.43183853524643,2.473332876772957,0.7039250937363911
215.16594413554841,203.39157311128454,120.08923667044274,105.93397921684652,103.87012494304422
228.6333606913605,87.24700406028867,19.87500630328889,6.718239602886626,2.354215567550292
479.0799614323776,232.02138890371103,69.42452088898506,30.819044519156098,14.858093287470878
293.07523805535743,233.55180106153486,115.20283212707413,83.0517022315799,68.61407089202658
246.1654839893258,16.435131501183225,0.6907706821334932,0.051061999077032856,0.0031689452121070436
150.94015734907578,70.43956436784622,20.37459966565251,8.649448142591293,3.7404531073194387
209.6754857907296,77.64630219957489,17.715462210948118,6.135531322449796,2.108110118131993
291.17749355979697,245.234569422073,127.19111199396289,99.16912133234865,83.19071381061558
261.54708934497893,157.51824482750945,59.1829410072884,32.566449703784,19.2573238826297
319.88534476765346,262.1864913370948,131.80168553443315,98.10889361267427,83.3061110547072
463.40522683680695,353.1864943925951,167.06282535238591,118.43497150277062,92.02267149928755
169.4738277001107,131.65263254160513,62.5169534403846,43.7435273251957,33.313465320718706
245.00534815684654,223.07913681793,126.69651081862078,108.33992977611642,103.2380612090337
260.171044666876,172.00215664295487,69.57042317783467,42.11344460347749,29.393738467177542
279.6115655918141,224.67931413565873,109.5323627670641,78.34742493902263,62.40755487328991
204.69146291427316,178.49195033286077,96.71924348460298,78.28011305627862,69.22270418640564
105.3247473219436,31.486633727671432,5.931505455936108,1.6730305235849585,0.5259127261645888
249.55236296347772,203.5159694687138,106.52582533403853,82.6825720146726,71.14451195874726
313.2796538104676,86.77095400601036,14.587351919782018,3.4398006468888016,0.8789526088726005
190.19980326377433,60.3185129566996,11.930163193249076,3.5039905579946846,1.4982914405903955
528.5968904945894,438.3331758081692,223.4108708817423,170.25486925496912,142.73853143869943
260.76623912799226,186.31982488068778,84.32011211351902,55.7757548480812,41.45156682693651
215.03142318393816,99.06073471140556,27.91564521881845,10.79433285470682,4.563905526123
285.09522367808677,214.8103297456865,99.21653217589066,67.87815756984858,52.22801579651518
147.88316819228177,73.80347963150845,22.549524986004585,10.161297216813757,4.678970087225068
88.77617585774355,73.09888979218589,37.77656717654344,29.289505432875327,25.427486805912267
210.69093368329573,166.72975429653977,81.43547787986404,59.588600241918954,46.92826151194353
201.73584550644603,177.16549073230556,97.9345389136044,80.15330806643071,71.4413758798082
303.28879010284993,248.74956764049716,126.50376185394416,95.39093802793987,81.02349815257607
266.2767773017873,137.72965410824222,44.79195564387336,21.127662531542228,10.957587704901671
183.99961042614305,106.86683062844347,39.299381934434095,21.364133698105935,12.85064284524688
360.4520216924136,200.79672286470117,69.10416133414988,34.364474610311156,17.66541776655348
256.9788266372264,197.8150393358661,95.56455358184884,68.53930778914035,54.03928078051019
252.54718514766407,149.1526381113038,54.90188570669445,29.40835066091764,17.157050388283324
217.5390360167119,236.6667550815499,157.6835662741908,156.65012828353846,173.40915866608853
231.04149097987676,115.17248226280032,35.68932606771061,16.24142376189757,8.098549964961347
235.65135873685398,101.89637578347956,28.348951357928353,11.960931363234069,5.857073973480107
336.92985596600425,256.70304266996317,122.86710667446935,86.21073339740876,64.5317617755676
133.76647165452357,19.27459666229011,1.832265024515894,0.22908856579200645,0.030835509305115447
209.52484062504865,211.83679725112117,131.89294386537384,121.62847600390015,124.03994413664029
399.445645788483,306.71188644174987,147.967196329151,105.34859359198809,83.85716366338697
224.73695767108777,80.63298655690619,17.131483128580147,5.169161065522226,1.6967809905730311
237.79388345375298,134.97424607666335,46.294299598078815,23.567750189649946,14.116454594174334
81.46094400942783,40.843181242988436,12.68121720531571,5.529575166837073,2.8401298872476715
236.21752979938168,183.13303026775102,87.06406394194288,61.37969639393623,47.38264849915595
338.23805031235617,274.9387799145078,138.9037480375807,102.60306086907136,84.66382668315856
253.1357786957053,58.308327225220424,8.362240189695031,1.6525390184744462,0.35307992477635625
269.1765132912491,205.8260304346899,97.62226953689729,68.70429819727775,55.327702916932836
227.76157007358847,58.444625701656015,9.465842179904286,2.2784315296033495,0.5448925886673324
182.75945275648024,40.71792556057688,5.371717796232248,1.0194633866699463,0.20908408568116665
290.3629231984806,214.1474381565239,98.82290515905788,67.86258757524624,50.50377324795414
8501.816552488051,9183.690478923372,6183.42553953974,6127.553350457126,6705.780918509702
331.11297062853174,269.7427468426016,135.1847266389444,100.80923577203164,80.83974305286385
183.51895880688858,70.46008447874884,16.578343847384737,5.791669033510696,2.713346382950127
139.07802365719576,104.83089096176514,48.584341883300645,32.89210203834134,25.217669492530696
375.9384390190384,290.1751172804091,136.23588093107438,93.44441127971335,72.81572492560302
258.74682573162886,62.627810526549375,9.125537548576624,1.8832054607828128,0.42039164638237947
414.6228783496367,334.27634743247313,165.82080585268275,122.96456956829174,100.84664306263579
9402.457868228501,9880.799112987475,6397.41498411105,6123.289507265388,6500.325908947642
341.27625910678773,269.5435620633853,129.47718662337903,91.3951449771506,73.01254727390868
199.7726527662144,71.51048036979613,15.928212827563701,5.081107244926403,2.053856056949061
184.3776304068117,76.91246137458965,18.964146716031955,6.611199542687824,2.514355199422655
212.22387471346093,83.84998315250085,19.904546254762106,7.647287405862792,2.793890210462021
312.0596109457173,228.91882471506258,103.50439534181885,68.47063246234116,50.79261079915151
195.513016024175,45.75624655592715,6.804244477280061,1.3703163382694734,0.2984358195800764
165.706469880594,61.76960133639182,14.522460530393994,5.322135237309116,1.855963264617045
179.76680652839286,18.23593974593469,1.23470710811433,0.11425908551894119,0.021332482001022526
394.23638143912314,307.670167129407,145.76026004149338,102.38525753490313,80.07562914142436
215.84220135773276,209.8718534686023,128.03742478443885,116.23720089625772,115.69086048796431
193.000477545873,89.26211717798923,25.6922108480011,11.481404404978846,5.388382728389665
194.32429327144783,56.08844652422603,9.795254589210815,2.403314942686363,0.6393333455127311
357.1983447524485,295.08306307976034,153.17697041052529,117.75924347210403,100.79991422030051
191.96182054777375,44.1899249141269,6.823090512680146,1.7141124108380534,0.5434612616540048
163.5069236258209,53.65706333805155,11.085838883839306,3.1075103187689685,0.9464159345995875
268.4178525398582,214.38737678877746,104.57034034499699,75.65296050255442,64.21549376381464
618.7780309289982,457.9770230446522,210.25287005492584,143.93760738072058,110.09819934197499
154.03950581195977,20.22104633089442,1.8526238148788106,0.31624886066045943,0.03915830047548189
207.85849687248245,58.24332677082783,9.770831962147858,2.324501038161853,0.5993180392730734
168.71992922600387,48.72242035263814,8.56655107901634,2.1053207376109686,0.5609998016301726
244.37627606781237,212.63129352155528,114.7128766187527,92.46122886936911,83.33680554606764
224.85212443697083,169.78427003764602,79.22931736388773,54.46925589717212,40.611565464012706
213.36606252524572,85.39818556721823,20.827365657638012,7.0287535418254885,2.586018609909383
296.69205275611205,205.78468860532962,86.35327562089107,52.81303361931693,36.53526945628549
181.23285807635423,20.415357119204653,1.5999688104864618,0.21495762042246122,0.03720733355931654
239.31502610920148,91.63589846791497,21.3752777449127,7.040051216111087,2.6754703129015973
1.479089856147766e-08,4.609011278802158e-12,8.993242059449051e-16,2.572996059022646e-19,7.867313819576499e-23
428.22939402025395,221.64020848754868,70.46098393553788,32.52519941576577,16.36804055231578
374.9996498982751,303.3669439791949,152.9509403208165,114.36780804204206,94.47448614174091
194.1390453582065,25.54094129565606,2.265136089733744,0.32874893126212046,0.040571467072070516
219.33519124123725,181.97588379008897,95.96362897801784,75.19560529096418,64.99923275219312
351.04255530055326,279.7315088075551,140.00758812279292,105.3851026680599,88.28106995803121
98.56193189090763,58.60911145209332,21.37414833581801,11.072909032759338,6.041127517114002
102.6030569713565,39.92690688939454,10.178121318756547,3.7610565100946536,1.3785877159441642
189.1547380516903,53.300195830028024,8.813292894525393,2.258588850644044,0.5848502300281371
263.05649680954735,106.70610160758642,26.610286582711517,9.608840928272828,4.363023568027873
134.67379373689795,130.6762730673661,79.0847888259915,71.8255007118227,70.65355000979028
23.275540667662835,28.046667999113595,22.0554357561376,26.5607175576108,35.05791280806829
22.720671698545154,5.531186943165861,0.7789335391137274,0.16062174421074332,0.03582789551048317
39.113747479310916,59.35884021125205,56.924694791866386,80.93264183842525,127.66139176487475
104.14447494883743,115.00146328668013,77.76933117070047,78.15663769618544,84.89939070193424
56.91014702660486,83.77204028054663,75.84568184069508,103.03413003714905,155.34214462431473
44.729246899165574,49.4043623449095,33.734454999370016,33.79195497244839,36.79382918187874
397.5990945646186,544.4641448280627,460.9710190996043,578.8952246234696,809.9046054997639
186.83826669280006,252.3108739846873,208.59446690670467,257.08914094748314,352.39236805736766
0.46594210221831944,1.5931679811518895,3.2844521029071037,9.603696845722135,30.44330524535705
29378.436016142667,38401.65124641919,31170.774417577642,37457.78090646961,49680.69771271458
2672.403991086214,3544.259384766226,2893.858543062479,3500.628601441824,4683.798524886288
27.357021864563897,25.23390930898992,14.569186084590703,12.339496288842648,11.388824002614987
258.1833749033337,268.08344578924977,169.67465293982218,158.69783744868232,165.4631042150805
20325.107415932605,27738.991686885944,23375.944079441753,29245.26240728856,40445.14138341769
31.77821049229652,16.988586388726418,5.7268752685504465,3.1877773777444642,1.720810007631311
32.20599999068859,0.010055474182431261,0.0013631123891639243,1.191258741960838e-05,0.06884286239469536
17669.869627507047,24020.56939213827,20194.48817595252,25164.119807544568,34657.26206148545
18672.240693728112,26316.447338245533,22889.03551187643,29526.16345313472,42107.808871723144
69.37522415271324,122.94364287694683,136.78950762944538,224.5584228403066,409.96394565424583
2141.1515890321634,2861.815892215585,2349.306253422804,2856.8472738629594,3859.320896353426
571.6495111312742,734.6437053546078,583.9375950675545,686.3329426411225,888.273318089278
431.21566296180833,550.7456127911009,436.0838544362242,509.5071853969167,659.9889739767084
565.2505677345127,668.99063787406,489.9517952075902,534.1394077491002,638.6820338635497
608.4370003888656,779.4094455542903,616.5888829001157,722.7733250235603,939.420709048311
474.4153600769831,578.14148602928,435.35918983439257,486.3113193123827,603.2056994636904
2046.8774634572922,2736.958930076721,2265.8565347416684,2778.874299982097,3773.760530593217
470.46460401071886,548.6496063151247,394.6387529386362,416.98201757152964,484.3775619707299
698.9407999026796,841.2399666038139,625.6166800563277,691.7849313546897,839.9550370617611
418.81751482848495,527.7033551551845,411.17058402478756,472.0312132109864,597.7957205333389
644.144697634277,807.9753023370766,624.7622601194067,718.7356962233832,913.8325249499633
1746.7875350025458,2113.913228350252,1603.5626732744488,1792.478527784191,2208.9282748974374
1905.504878640146,2572.558346351192,2149.299693864898,2661.4226030853315,3641.3526154698848
42.116261977158366,19.5495669698411,5.959646699087735,2.7973386842599086,1.2326348797455813
428.08974355614015,556.0025716109095,444.9689324546855,524.9841198294944,686.5974882218475
444.31186286773567,560.7036213013157,440.26461480272803,513.7353350646621,661.8967403608389
653.5113346790623,799.9889111442205,606.7954542633721,682.0780048571996,848.0210513666837
323.9515507618018,185.541192118127,66.8798474138967,36.02640371142327,21.00339109041797
617.2544286977986,789.6096079919315,625.7237878406612,734.8096550175818,953.9534656587315
422.15624240533737,465.5852772064388,319.89117540683895,326.53101253167335,365.26298867607005
724.981827312389,908.7871060728056,702.7465379067255,807.025545967058,1030.8933524601962
2586.013488562668,3243.396778447331,2519.1517919831654,2894.012718280504,3660.9936002094178
691.3357708982984,844.5690372492439,641.1917188191727,724.3926259798375,903.9912196704142
504.3680770759494,636.0197276734049,494.9159716706045,570.7045780199728,728.735532864069
2968.8959195896227,4024.7792095921163,3372.770784265004,4196.01926888346,5774.102620297839
524.349216999858,612.6891023263148,439.9118908862275,468.2688948895599,554.7060253639718
530.2002496334395,706.2798216857526,579.8267330240348,708.029320746517,964.8368577888656
456.34735293460824,615.6452965378879,513.3335216816993,634.6078549006621,867.885654463047
2363.3524511543205,3073.711454450657,2476.7700509253314,2963.0347360665874,3922.6126718617093
34.6997278707177,0.011287727946625815,0.0023409490799756382,0.006349013470324125,0.003698498543466763
333.40744054277366,252.9240781773322,118.23348935994171,81.4441405522589,60.70482988762922
3868.696883461477,4015.4957579822512,2574.522770099482,2440.9491787533357,2566.0007819660996
257.7388567117792,231.7811609712832,130.19367059636707,108.41035314772694,99.26301682787602
345.6621781158027,256.636446538751,118.26471840435144,81.10056883958957,60.76030056281741
310.6776936952496,161.1938007088693,51.00201686190113,23.740241633227555,11.757542916127882
121.90769619130842,83.00858263072102,35.12483611935572,22.83931631469027,15.32014728961355
245.88203292888798,73.9205198512748,14.13246271284613,3.7898724311936816,1.0617103295986472
328.05248556194925,219.14044069425213,91.95213670667454,57.35020030327699,38.96977589335984
450.90202058425115,315.2263315517281,138.38305699172264,91.04886036795878,66.72648678856233
282.770725661328,191.6140778723668,81.16592601806481,50.477182533943036,35.647301559991675
458.58471040951576,281.37636771390214,105.20472474840093,57.99599384428659,36.027482569340506
51.77020978769511,0.015951645983392743,3.0777007171341054e-06,8.70686111800831e-10,2.632456980329262e-13
21.36789084617451,21.584188825478716,13.149753824102126,11.857828217755024,12.71325215131101
72.63086559817712,68.78439380357598,41.022474163394214,36.45449611481938,35.477093880730855
64.40581014259983,70.8624562280838,48.767132230243604,50.83818553333953,58.6142694285956
246.40751568685496,302.0422166445167,229.7066418181345,258.51646815699786,326.31981191784246
530.8490434885412,741.119772388753,641.5374460846162,828.3684019009788,1186.9630896426563
137.84269421020815,168.12232679435064,125.1061340116343,139.4003598862087,171.01570158475556
27.552527646782906,40.204206923774194,37.311005289407355,51.73289359667602,78.30426488337608
2334.318985160517,2955.6420652141387,2313.6541028679126,2683.2806224512683,3441.8487329225327
27.503518405084296,47.30222627042125,48.96337359082524,75.29302107553389,128.92714462436413
82.90185379217442,120.5898029239772,108.95243053419924,145.6071504637754,217.49609602024572
84.18566964106903,83.87508604125125,52.02199310872266,47.61597628578969,47.18455640458178
1.479089856147766e-08,4.609011278802158e-12,8.993242059449051e-16,2.572996059022646e-19,7.867313819576499e-23
15310.791244056927,20449.407932683145,16879.799668016658,20675.43698107322,27948.33954482784
452.4955801525337,572.0069838831247,451.2139026060502,525.7641034516016,680.714694572277
46.12381249653807,59.207829161990496,47.39864142186069,56.316244918958645,72.46490331658954
2515.682259032765,3307.1933016153594,2684.2106025160497,3240.377325930062,4343.9003591022365
1.479089856147766e-08,4.609011278802158e-12,8.993242059449051e-16,2.572996059022646e-19,7.867313819576499e-23
44.37730168932043,38.98232116309834,21.744573297666392,18.77377649332419,18.17004792300898
33.590808525256435,41.53250881251596,31.5743063904787,35.814483916109644,45.65359800066959
462.535723170342,560.2965954423773,421.0185147065122,471.6297230989332,583.8241770768702
20.508065562503997,0.00631911470541887,1.2848996871649802e-06,5.0152330790468105e-06,0.04236148803321198
54.36130165709949,73.56777793947488,62.510020838285904,78.460604340151,109.79489516606199
1333.13198254102,1826.9126653861847,1542.947989756557,1937.1594241430928,2685.5829398467604
66.96609397885365,74.51596879357658,50.38128494415322,51.78410826948491,58.03940252005866
142.50876157257008,150.5853370017558,98.92610098129373,97.25715174364097,106.4924288607636
280.4847340561891,378.56874319511945,315.13127682834426,386.8171221963101,528.5241790101077
1.479089856147766e-08,4.609011278802158e-12,8.993242059449051e-16,2.572996059022646e-19,7.867313819576499e-23
50.35039656929697,35.379460945979766,15.026169820114879,9.321954119674263,6.606225276744139
1.479089856147766e-08,4.609011278802158e-12,8.993242059449051e-16,2.572996059022646e-19,7.867313819576499e-23
1.479089856147766e-08,4.609011278802158e-12,8.993242059449051e-16,2.572996059022646e-19,7.867313819576499e-23
1.479089856147766e-08,4.609011278802158e-12,8.993242059449051e-16,2.572996059022646e-19,7.867313819576499e-23
3497.6689896639455,2088.707081310778,766.9035773016964,412.7397601561862,240.65892970671675
1.479089856147766e-08,4.609011278802158e-12,8.993242059449051e-16,2.572996059022646e-19,7.867313819576499e-23
14235.947638426127,9568.572742422275,3992.7072101202566,2468.446601461025,1692.3712637643393
221.05512602089027,73.52340909295567,15.304973281447806,4.435016671238411,1.5124025118363214
234.57032451062767,270.9193602289525,195.53746661709968,207.99417540370166,243.45309476099231
327.4022948037389,141.60507002519182,37.12542007013897,14.025311696381813,5.57683802643699
282.6199211205351,162.6463709378142,58.87015882579039,31.408506477547867,17.191231783778846
283.58029070549424,221.11869541395816,107.53602820601571,78.2819291129365,63.00049403125921
1.479089856147766e-08,4.609011278802158e-12,8.993242059449051e-16,2.572996059022646e-19,7.867313819576499e-23
222.1592221894692,88.38335376089333,21.82180631926894,7.490194037628429,2.958568297274644
243.70662316718418,128.69190940310006,41.96408553775472,19.83705787368325,10.948448379504923
169.875401977071,140.9344270335952,71.79296914516011,55.17233215116197,48.00928610759708
213.92451138886122,125.86861025774243,44.106033962830026,22.669322415201844,13.264750861923863
110.79872010321397,59.4252161245839,18.984941838084353,9.210395243359057,4.521623517992111
139.44085028072706,66.76219098158374,19.53914188335545,8.366370432975861,3.6928017533993467
206.64486961216858,120.07193187552542,42.89066483985029,22.888742245703195,13.83713203115443
225.7081110973042,110.9930890333218,34.21873386667026,15.644242984204864,8.176189250642654
89.39892913954772,89.06453096726132,54.709749934219346,49.86322813163266,47.95871783693936
5486.447658670296,6380.417530029633,4577.152392420032,4875.256293612479,5737.695682514301
167.3250124760397,139.5727488544827,70.6217269338518,53.2225605505484,44.939153511792654
6312.177643307092,6915.354039495802,4693.174586297498,4711.674392817994,5219.701260823402
237.91547321284915,154.7403900760225,61.06914792454961,36.37916754469367,25.059521639368008
250.64135439532558,177.75702157930436,77.66490571070739,49.68738893831104,35.63986435246659
155.03896744651317,94.61394639585298,34.48478423729234,17.88113866198413,10.745500706532669
219.10135811770027,161.19142120682483,72.51031114423944,47.91619644661979,34.18569397410711
246.97421743277292,56.344206933833426,8.203081222408311,1.7955056309566977,0.3825162659697779
17189.927923970146,11440.740643006875,4704.403602191827,2868.4261770049825,1933.6492470484552
13205.280980382844,8799.345970920027,3643.0273659803356,2234.79459049292,1513.5838928060016
203.27058309596563,93.96816855046615,26.646114164536495,11.147842915036604,5.091492903186983
160.66441123855233,59.76924208517877,14.31578619191604,5.2318269475690045,2.034312235441967
158.7400198580118,141.04729804817174,78.74371284843049,65.62236996771998,60.43206620901012
119.49770040785594,35.1399994435879,6.711528647641832,1.962392670979772,0.5423254519644863
133.02627176842157,25.899016442398636,3.234013898607659,0.5832768496532151,0.10595841205392159
133.06300521718453,97.7510785309639,44.55825792944665,30.296928090842297,22.559461924290915
205.24192823257917,127.50049056918294,48.81464706903474,27.98922994576243,18.47806992199668
169.26577615450884,110.47895597615263,44.575385274957945,26.379049513229717,17.464956548123705
182.76826284896225,25.463073658021923,2.387158190542656,0.28921127977142036,0.037712285338063985
204.51167084532355,25.281268508883375,1.8321320048021676,0.19445198884572407,0.022193125955957734
150.07710656412053,17.079436907823386,1.1462281814896973,0.11794963183710154,0.023536986975195576
232.6903301581833,48.43444633378066,6.294991015371094,1.126176421435077,0.21758515778069826
89.21710172297952,28.217546099205247,5.6213984625782825,1.5200488808821526,0.44631318844453693
149.83000407044568,34.62975768795634,4.873034118027746,1.0156660652935663,0.2172563947464868
88.35695001219936,0.027232225104191383,1.2152612671590142e-05,0.008163923735200961,2.468303758647938e-06
142.33722395947538,32.31104003087013,4.251648437418038,0.8191664445562262,0.17058938976510976
5797.531199025803,6486.683109077654,4490.162876770665,4594.898357108005,5189.643919509696
190.04205800896204,165.09005912140807,90.478307505293,74.77715258491469,66.38746729929458
141.5098884249832,49.54368589986061,10.283696536731595,3.0312211098607453,0.97159600772168
134.34884270400872,54.110357665794204,12.944183652913436,4.923269830307133,1.825084351648907
152.75734339612245,3.7981772359738084,0.0826424340198503,0.0017960933340103362,4.176970797694824e-05
108.31810336743732,62.83206297567461,22.004922797497994,11.07780443651202,6.624716995412267
137.89559663765027,35.623618637527855,6.03397174128896,1.6370941456715733,0.5634554140524275
243.1110952830166,131.57563961371437,44.920206981290455,23.5388165373064,13.2030060405431
103.64392322139005,51.66049718758783,15.078325009278457,6.211638096774618,2.802293210896122
125.6072960145554,63.61774276283243,20.38460757688082,9.869636609795078,5.377388184925279
153.62926781481355,4.280326857074307,0.10545470922628958,0.0025707571878095447,6.707023131354017e-05
115.33817209445516,17.767417992776075,1.8552219573713342,0.24871972473971452,0.03591600054463553
90.64405810111425,29.737574527111356,5.577896514450874,1.5326415635191681,0.4573963641219856
255.1310207202734,168.95732084702334,67.27011541450257,38.87233456694298,24.807364188535452
6471.289226865459,8626.042588799468,7085.23822950829,8639.541953146252,11647.999813628223
5055.863331658789,6867.152676598282,5761.381813867838,7155.847578505517,9806.042509199933
146.3812297489163,93.67506893932735,37.099543818762925,21.79208433617691,14.24056671491754
800.3278396808705,1007.2215055889719,784.0826957156174,905.7505699694824,1157.2015825796034
6776.525410056944,9307.028674816665,7897.407064804462,9939.672858649801,13857.777247862376
8268.022347319258,10889.50620871047,8854.77619803205,10688.053802829852,14257.893819797677
6763.745023138368,9203.651129907765,7734.299934956358,9641.82844953166,13316.627526669545
6371.484043004878,8917.876159092917,7697.644581579431,9864.155892341994,13970.659791487047
6684.3396307914145,9215.158711296333,7848.797679706151,9916.782341382645,13847.974554029408
7226.083521151863,9765.085302837679,8166.854566655752,10132.976357162006,13901.977328312905
6010.520387672652,8306.356855768601,7088.518843517529,8977.786372777757,12552.607372805087
59.92626417659668,17.5218289506776,3.2965288098146375,0.8287281783704066,0.22596697286637255
7103.430018660984,9073.656955668068,7149.601238472468,8367.281071930409,10799.85031193418
8129.270118197605,10864.817546445784,8969.440803722506,10988.989046014553,14890.126925403227
10281.804297722658,14415.793631596136,12462.712924480908,15988.775470081986,22700.950237845824
282.182079856291,317.2842502046449,219.3771062290357,224.45312737496675,250.84756211849844
320.13554470104157,199.67476582731118,75.4028466186079,42.176909401572,26.226825438230176
1.479089856147766e-08,4.609011278802158e-12,8.993242059449051e-16,2.572996059022646e-19,7.867313819576499e-23
288.65805234017,398.72639398868705,341.5315446527651,433.6009764411753,606.2531545512861
1.479089856147766e-08,4.609011278802158e-12,8.993242059449051e-16,2.572996059022646e-19,7.867313819576499e-23
40.83237461184328,11.0544926756972,1.7250925912969213,0.3942270326678934,0.09758162166483977
84743.97694358538,164163.47578741456,195945.47846330516,347128.98947529343,679212.0754078683
7465.81474702834,4166.685381894939,1434.8260192109806,734.8102912888877,412.9624672804166
49274.79436629676,81309.11487438424,82907.32851685965,125225.82423628644,209037.59339134465
34967.10091981305,39805.75747107127,28004.964836958585,29245.82674608031,33763.12232362463
13117.563358190655,10355.58205932394,5054.2327998076225,3655.146322611013,2945.958871465486
125.82811004343341,92.14554278172966,41.69405161189238,27.901500162937996,20.539230792922318
3279.2808354210106,4563.805285019841,3909.5878397765473,4964.871639370244,6985.2036493450905
226.81697656736432,243.0707521906316,161.16698681714985,157.74169719587618,170.02041146205195
1427.67540177238,1632.2650860207648,1147.4359881836451,1201.317705090567,1376.4829425802154
296.9048907763286,322.37928431649055,217.88783002623168,218.30142432516354,241.97630956156732
36.441991183972696,33.22893905743625,19.32799638703531,16.916944333296232,15.991479422635106
221.00990421425877,237.1328340146162,160.67996124957983,159.40099369669608,175.52302411926013
7473.245617704223,8650.54714533764,6175.2677585995025,6541.024759861387,7656.039755019541
152.14147435918994,199.48040561083636,162.7680568848272,197.30108349648683,262.3311269634047
75.72552365002552,111.92505017184472,100.77235131370577,135.7414790967955,202.5033888571177
166.78125356769817,163.49213403525954,100.09037742516526,91.30794403179965,93.14042177807102
91.42357633628035,101.1078510648283,68.5708098786794,68.88892453960659,74.74663298472589
5325.30524720905,6829.019738946559,5410.829633919339,6356.568918849189,8233.20718780401
592.1482516612072,749.726770732342,589.3483924085134,688.4913777032938,891.5863668859447
80.3969624735398,96.1431670900595,70.58216630431151,77.63077567463779,95.86884558620994
71.19805336249964,109.0856569330348,103.14813888194314,145.17375462893378,220.5632817027512
113.7548647932893,127.38834174527692,87.55546812634438,90.19046091541401,100.73864540727484
151.51805687972723,173.9231171372379,120.91528059036632,125.21439456896181,145.0435651189446
5812.307337957119,7318.277498258343,5711.547283867057,6606.388729088905,8442.495829841157
96.68452792983213,148.1270855573145,140.5642256175552,198.01999461094874,305.5388546787577
75.63441262902907,93.84973680766198,70.99442797369043,80.1776193522541,100.68509974366667
87.56403131959318,112.58411341748892,88.64019551162156,104.03789500843602,135.68803447421985
1000.6565970501944,1499.2351503578186,1390.2715976208756,1916.030308775231,2916.4464677768337
25.105605732976976,14.249565618249427,5.009451033172726,2.3704378663852923,1.2329073466258518
103.65881719202793,70.65737758647464,30.107288042424223,18.57630958017878,11.715242541794087
10733.605517519962,8907.581392846918,4570.194714549594,3491.9343671815095,2962.9389651520564
1.479089856147766e-08,4.609011278802158e-12,8.993242059449051e-16,2.572996059022646e-19,7.867313819576499e-23
111.35650363341949,22.230334239307734,2.6267468578330773,0.48947559580887195,0.1694911713222197
287.81049878911216,90.62968504510785,17.749523300210882,5.005470010142742,1.462591436332042
59.580434217414975,20.20745538161536,3.911924990013754,1.1094618101569222,0.34193614841492775
252.09039656513724,71.46172036032654,12.322142746161104,2.973436280196829,0.7777648609846392
1784.6558293392247,2735.7969213686074,2545.8167477254215,3479.1825930326977,5236.447807426321
167.207981340636,73.82789770230745,20.03352707337567,8.42302273644475,3.4522292978595197
481.16524148266006,250.6018322533997,80.1594860096381,36.60845773263007,20.064903885493226
92.06377142546738,48.87263624062172,15.458167220496033,6.790676267854435,3.2721982407133448
203.07037435186115,52.78294610987603,8.594271208757183,1.9148528328373404,0.46195750014900633
1.479089856147766e-08,4.609011278802158e-12,8.993242059449051e-16,2.572996059022646e-19,7.867313819576499e-23
1606.3690440536352,2027.2279618350194,1585.809270440253,1841.788925396693,2369.8075886265756
1.479089856147766e-08,4.609011278802158e-12,8.993242059449051e-16,2.572996059022646e-19,7.867313819576499e-23
19838.45229704903,24894.641148001352,19317.259727705135,22212.31687695192,28213.48846619068
25828.7999199723,32060.35362975823,24766.744417296395,28271.30136152654,35577.455161570964
40151.56216850741,55302.38086601046,47189.92383415789,59643.390246943534,83148.43722159941
25503.060512217424,32184.008563302756,25536.02315838497,29872.660755089095,38492.84461934295
41123.54523764285,54487.69586106785,44717.931306098246,54455.014722394146,73278.89557478979
234.9238318478772,102.76564859444684,28.56056374942435,12.060715233542851,6.240435609493021
55448.71219792995,162902.43464159645,295038.6136697676,792965.9861392033,2355093.143257102
241.62033938194023,159.3106901574056,63.94720951169137,37.58484879051558,24.25639983205686
16295.989642131615,29276.72158234028,32469.118880914986,53470.305723539524,97301.30672821963
319.04130890161406,178.96481084189344,62.371308139676394,31.805186960644612,16.520974335688447
41762.43598143255,55596.5339145873,45707.05205261314,55683.49886852038,74928.77609299168
199.36680570760853,132.25492466586863,53.554679626696185,31.845415294456533,20.175962129986626
252.9904658903963,183.596886065116,82.79456902004249,55.439304220323436,42.56187223766196
45744.87462546211,71695.51776078231,69541.35647596951,100046.55986145599,159301.2075032276
199.7900545667134,140.05800014793664,61.78206070265842,40.45722525781941,29.935570887878523
295.04317601546364,163.03323066519837,54.572780240335646,26.825663048673505,14.327582542442912
125.94839240883799,20.831379815355103,2.144505621874278,0.3054874065151763,0.04689615470899665
38427.63491120306,55810.24942377297,50087.59726176649,66657.22825233379,97920.30742126927
219.4685689319406,172.84816739836236,84.35201754065223,60.75430724540958,49.70501514278659
359.0318466864179,179.23972148296468,54.44297269635597,24.02997168816441,11.029664797986582
43830.21051224634,58807.72585518215,48722.82540531372,59983.54181780522,81601.03050016318
49706.58774802166,71466.68929892279,63483.85746172601,83621.88312753613,121532.88153641617
250.64760768072193,149.27008966829334,53.85035719230977,28.29411342490759,15.428232378145896
219.69373813568424,124.76867699505938,44.212104508354585,22.346266550346755,13.309471278032756
341.1088439275326,267.8746665893484,128.34575886473078,91.04964887169629,71.91378738683056
175.20382607572984,32.56083458726658,3.611918074272256,0.6561818955378899,0.28436822721390864
35451.53203615792,74792.06411867979,97377.85484046122,187841.26097550357,400432.13029811974
16480.498667423784,33083.95261379136,40992.71761544392,75287.33698311716,152723.08693948088
15701.21645136541,32689.07510958819,42177.42230103368,80447.35624464002,169508.70542923483
40937.62862486734,64399.85166422153,62875.31673877732,90789.71413125521,144615.62514237186
26481.609871567518,58101.946723503745,78793.87086698343,158257.22068411938,351186.91083440045
29779.78971938919,42123.35192397889,36879.81602319126,47831.801142196375,68439.88238197316
50172.21180176996,71623.53767650049,63127.48952484399,82490.47134322287,118945.25354531281
26926.76131550275,37363.692045477634,32092.099854349377,40832.40788494309,57274.56058527937
38545.722417210636,54125.98600087139,46934.75455928331,60366.51619190357,85610.26769237143
36028.60751498755,75623.24946715333,97919.31303416024,188052.83796955674,398981.7703279249
32644.062084032834,42841.187342095924,35253.30884832021,42697.161782228686,56881.38415332675
44646.93554007656,108389.70145719955,162422.29706411317,360912.8436553627,885688.1037062339
32258.909163922213,42386.89643803406,34422.237952283685,41414.50938530272,55085.37588204628
29308.243586806904,41101.662409915385,35579.98669858338,45682.03102676648,64789.42111144343
25355.446590166037,36040.17371496082,31645.52026847807,41192.81537752606,59219.905931040914
46916.70311285883,68469.88182663688,61693.67427731447,82438.29042657421,121516.26667855411
150.95562185290248,87.13487718814353,32.12516425172812,17.34907514025726,10.644671457959765
167.95179572531,66.89408100248144,16.495623382052436,6.0001426890736385,2.2161735003077867
341.9563183708502,260.0723737822769,123.40452299182947,86.18025424171353,67.5697544752016
199.03127103847976,93.03757191794253,26.55341252534945,11.040540897345837,4.755411833279333
1044.90816776599,530.857555486121,166.9656182813691,76.21668370492273,36.711159677379975
7220.465919336642,10098.542761992436,8706.8550311126,11160.750474075332,15839.059367649352
199.87801614965628,138.45386070476147,59.53935713411241,37.85520346117852,27.22467464085269
98.15816319626201,75.65297660245824,34.50725901582328,22.210599792221757,16.470505342656455
1106.348898808163,846.9486356107246,400.6991492381232,282.30432343757013,217.72379348863777
269.6787386563051,255.4302759535982,150.1174219593955,132.48638211804348,125.92891451258657
155.19068022519832,193.1261067897754,149.61077652180217,172.89303810628323,219.6992741842572
158.29449942951737,82.21534759345892,26.603979970893405,13.009103123833352,6.875394399994784
370.5574817948731,329.8550859312662,185.21304781717717,154.95988631451098,144.38470677573252
322.7731796590176,241.15348851998291,113.23701038442772,77.75147018479682,60.3781782372206
163.49910666593675,57.61715570958034,12.378526090543694,3.849213442755185,1.4955236471310436
321.1967035972188,192.9299826730631,72.08845316278588,39.897736527350176,24.159331250113638
88.30305245628719,73.8706585590032,39.888203696080375,31.786453994714876,29.198918304068755
3678.154991696397,3953.3595267490527,2630.2532578899977,2588.8406899750807,2809.395039522331
214.51765355794223,76.11446636530462,16.571854884728044,5.489164038156641,2.008626759066334
164.35495958088862,165.9433453299261,105.47176939465797,99.19774031614465,104.54808643926015
5161.3910796480395,12583.593231093615,18912.127286138264,42051.03477261922,103411.60155336176
108.80706171533475,78.78670159182009,35.604629739021725,23.125138063864693,18.09884488222892
168.44755594822863,118.97498545079834,52.08351917789161,33.96431962403677,25.753779841615344
4037.406452367196,2913.4902572696888,1296.6075219015795,863.2629507240272,634.938077440614
101412.49773684112,110474.00440518188,74161.21460593607,73889.24483058475,81148.71323797667
28375.09399195006,28147.82341443668,17172.400541806124,15558.363673917698,15585.62823442233
21324.10619610685,22489.76387164663,14616.823192021564,14100.366384921028,15023.298180064576
33567.51228036965,32061.49111207301,18773.856467443005,16259.831445646352,15455.843080663324
1.479089856147766e-08,4.609011278802158e-12,8.993242059449051e-16,2.572996059022646e-19,7.867313819576499e-23
3101.1195922646916,2046.6136996839034,830.9873012947088,498.110836662548,330.7047315397668
6519.146878309605,6537.482092735538,4023.3922742565765,3666.263437367709,3653.7018529308666
3779.9037200213825,2565.8699231650953,1073.5150380856571,668.641036799021,457.218328186189
1.479089856147766e-08,4.609011278802158e-12,8.993242059449051e-16,2.572996059022646e-19,7.867313819576499e-23
1.479089856147766e-08,4.609011278802158e-12,8.993242059449051e-16,2.572996059022646e-19,7.867313819576499e-23
65082.69142894475,62996.17023213337,37484.52160245307,33044.5652661291,32058.203862860697
23309.14138264123,23555.468861668647,14636.779134615866,13466.845594828443,13605.83589147182
3550.4133505789455,2312.037703412517,922.6937433522207,542.9908108537751,350.32377550618787
16653.616236472935,16473.922611374124,10040.663528630821,9089.224020214919,9101.041045318474
9577.05295231829,9803.490568934214,6189.438147068965,5799.6491531137735,6001.252924826713
5024.38652421164,3604.450321242419,1595.4462830182533,1048.622070668417,759.3442651779587
2052.7781811796112,1473.8696895079074,652.4870050045951,427.2458244688727,312.4960919630279
17021.99027073931,17539.9626174059,11144.05375900908,10514.184642960929,10973.382698472933
8059.2973438678055,8852.979878406215,5993.660096864377,6018.733721266636,6680.101751817875
3952.385315530417,2946.7208355674848,1353.167495292251,923.8066265423618,698.705645784919
15333.989321330173,15664.008120433018,9853.642031537745,9198.69828061696,9487.810747707052
5258.39665202066,3556.1992803822195,1481.5492614356178,917.291066766729,625.6091984374208
6017.892333318366,3574.729089348019,1301.6177252079974,704.0219040581819,414.9110240162559
1.479089856147766e-08,4.609011278802158e-12,8.993242059449051e-16,2.572996059022646e-19,7.867313819576499e-23
4251.803893958515,2812.7453763321982,1148.9287360683206,692.2013301359083,453.8132109674359
1.479089856147766e-08,4.609011278802158e-12,8.993242059449051e-16,2.572996059022646e-19,7.867313819576499e-23
9693.72242930747,6667.70296893802,2828.314712745122,1783.9142072874326,1243.2068693722106
20947.380336938142,20819.77814077734,12753.197925093746,11611.553470580186,11705.723380311654
1652.7217101886106,1202.94021469483,536.5333384455726,354.17073584770736,261.89754803555013
1675.1137581900905,937.4067209976632,326.082558978363,169.97826398441038,97.10047427133742
4477.217567928672,2967.1855548646727,1213.250677266998,740.2001472007465,504.4767205494168
19660.846423646006,19516.111192251312,11942.099900327294,10859.053290653095,10926.98359102197
37594.941320799655,31039.360537993718,15719.765913015108,11807.828045660726,9681.298148330716
3070.650610482753,1993.9412564838535,798.6545766859431,473.29355342261437,303.0062890809943
3616.220088612317,2326.9675421774587,923.9808345148648,543.0926520150047,354.42588142996607
3263.4274347850564,2229.037497077916,938.6983365503737,584.5545227772211,401.24838570262665
10782.828078003473,9234.92816807791,4875.673625753087,3825.5997151807605,3322.317224580824
21645.202985618736,21218.486040214928,12817.720446442376,11502.385258294391,11447.591078234116
22004.80869917366,20474.982110390873,11757.074628930872,10026.880769876207,9465.9960852104
4568.168641437172,3187.7949607055184,1381.3380021615333,887.0432665883511,627.9250395222987
11902.547136600035,12110.802562333109,7630.240193717746,7115.095839392238,7332.7927497060155
1.479089856147766e-08,4.609011278802158e-12,8.993242059449051e-16,2.572996059022646e-19,7.867313819576499e-23
17334.3843743657,15879.117113669821,8923.792636906437,7394.252453143965,6718.391937960916
11236.138051195847,11911.997265335858,7793.252232538003,7562.587353726385,8107.015014699864
3410.381332895555,2103.097486807129,795.1580192654549,440.1684766325093,269.800449564554
6658.844648238803,5160.822779796251,2468.6112472095374,1752.5965963339734,1386.246193645303
1.479089856147766e-08,4.609011278802158e-12,8.993242059449051e-16,2.572996059022646e-19,7.867313819576499e-23
3540.7248318531615,2100.135572097071,766.1101843916066,413.3193116122929,242.40272824200494
11549.26772619846,10555.116983788033,5940.460309987835,4962.046369685288,4579.252864653832
3751.8776042134573,2463.1260194939314,994.1558340661306,593.8049448863361,392.21353223325787
5187.893782788341,3474.0709149070985,1428.991300426089,871.9107680353294,587.8975284048377
754.6547197362315,430.6397751677754,151.89053186821718,79.87343979096146,46.47597914260354
2663.1394499228595,1712.5096868280177,681.0541627996377,405.99479123521945,268.68856529245465
1.479089856147766e-08,4.609011278802158e-12,8.993242059449051e-16,2.572996059022646e-19,7.867313819576499e-23
19689.512721716826,20200.429037641385,12748.37672620969,11953.209713514405,12423.435951051468
20515.805438486645,21215.669388876584,13537.45357610439,12816.022849650937,13396.039508982958
21388.0355637183,20997.459882772255,12657.138528792866,11281.42924321122,11008.638508436383
19407.440283573316,20247.35062964548,13013.486012871097,12418.07212958277,13084.702842197557
22550.079206427752,22481.5703150152,13769.18255372402,12486.127059888953,12411.575298327367
16563.349732574578,15986.704696447065,9487.007849991187,8354.651000263333,8146.125511774928
1.479089856147766e-08,4.609011278802158e-12,8.993242059449051e-16,2.572996059022646e-19,7.867313819576499e-23
6552.82679920718,6699.88167317192,4221.235274493886,3941.1698757957306,4036.517057548067
4957.2763938088365,3515.589758918931,1535.5565894532829,998.0703595350982,720.6156356162628
4404.997479286453,2968.9922404991917,1237.2197846041483,761.3850498037119,512.163793808111
3926.0570541033194,2542.2259808093495,1014.3084672945339,600.658975090172,386.53766370429605
7619.011120888597,4558.964812008456,1677.0862705469476,919.4106397517253,557.8204030378616
10350.827220590698,8677.3890318255,4483.220370400306,3444.1626555752623,2921.92515222965
35495.68076795944,35936.19969526213,22333.763803868806,20568.79950932665,20808.513162150717
28154.304005292575,28965.99567662528,18355.87747515127,17263.930790080005,17963.465312824785
2840.8129612840066,2017.1835074383202,880.052918566263,571.192772944713,401.93491061955115
21250.062266212735,21396.671015155753,13271.180104157678,12223.094746205508,12481.081710164446
3854.1294164201113,2720.53014372349,1187.715285656717,770.890873960664,551.3141709978382
2161.099821333183,390.6846948496432,41.814159414542075,6.822643595152528,1.138251349001065
10909.26431908437,10758.814185962376,6516.323781699076,5826.49070028489,5702.990435575538
1.479089856147766e-08,4.609011278802158e-12,8.993242059449051e-16,2.572996059022646e-19,7.867313819576499e-23
14045.170806872457,14637.007879022118,9407.582111385052,8968.472898339623,9459.08474791625
1.479089856147766e-08,4.609011278802158e-12,8.993242059449051e-16,2.572996059022646e-19,7.867313819576499e-23
1.479089856147766e-08,4.609011278802158e-12,8.993242059449051e-16,2.572996059022646e-19,7.867313819576499e-23
10455.490015079105,9655.881899408118,5473.09425355687,4587.614761786308,4205.278271133955
2906.190295078768,2006.9481672765937,854.5360019063554,541.7725781679886,382.7380157398477
5252.830390783668,3440.495412078471,1396.9833926765832,836.8048403299674,545.6528373623014
3461.9922385083282,2386.4975963973334,1010.8556447375114,639.3032750788018,450.3412240912992
16824.29109070041,16701.48645969395,10175.375145619288,9156.417417502216,9011.523754391714
20412.523667220405,21289.517334337885,13669.163418756607,13019.311878444745,13694.747073187538
4979.786876997753,3103.2455469180645,1197.3881992922522,682.7673727071109,422.5556831638069
3457.0714424698467,2508.302475818685,1121.0787854805533,746.6249498753447,548.0305776965118
1.479089856147766e-08,4.609011278802158e-12,8.993242059449051e-16,2.572996059022646e-19,7.867313819576499e-23
1.479089856147766e-08,4.609011278802158e-12,8.993242059449051e-16,2.572996059022646e-19,7.867313819576499e-23
4892.406183489818,3264.0643054104817,1345.0190010498184,825.2674753101811,559.6883445057915
15865.77086208532,16248.214778684067,10213.239417400026,9489.301934931123,9674.054649220057
904.6577468848424,475.72896162876475,154.12563366330312,74.8922278459891,40.37608289297966
3708.291598733279,2364.7543243927003,929.6172407273391,540.3666975977468,345.8820399253553
5816.123158135361,3799.747188267468,1532.698468184119,918.5021858071402,615.3006513693932
4363.566998628425,3029.7717595870054,1294.8587553387274,820.6337037145998,572.956901871108
15528.715466663312,15754.317840836637,9827.351417293154,9097.20243269795,9305.501566998139
1.479089856147766e-08,4.609011278802158e-12,8.993242059449051e-16,2.572996059022646e-19,7.867313819576499e-23
6511.617772724456,4143.010175167136,1633.9262017481353,955.0078349942552,612.7893280936119
1.479089856147766e-08,4.609011278802158e-12,8.993242059449051e-16,2.572996059022646e-19,7.867313819576499e-23
3347.234887545756,2661.751408459741,1305.9834326037508,952.0757452365046,767.6646975548969
10411.88702530111,9870.341043623042,5773.624281064145,5007.27806633372,4781.374382079433
19983.953776790855,19629.708864493237,11827.838559504304,10529.588460342751,10250.174303803233
4409.426577862949,3972.4601364697623,2213.1391995077083,1833.4789864541076,1686.8749674871945
12005.747753943808,11520.856942787841,6824.349933026021,6003.2182910353995,5830.206064136001
1.479089856147766e-08,4.609011278802158e-12,8.993242059449051e-16,2.572996059022646e-19,7.867313819576499e-23
3229.6000525841196,2363.711029197245,1067.8198810532845,719.591301476615,533.9380302797456
1.479089856147766e-08,4.609011278802158e-12,8.993242059449051e-16,2.572996059022646e-19,7.867313819576499e-23
16226.969857921735,16605.269171478398,10468.46335873611,9799.55407712143,10142.606469812723
3892.3197183708667,3728.933347137317,2198.023153149785,1919.3167392751793,1843.0932482675075
18408.147841209426,18131.017581653057,10954.371994727268,9781.081539427938,9554.747403725969
15139.699643593476,15445.224468404056,9685.641541457491,9002.059207881937,9290.312113509784
2518.629869238423,1755.2381016157785,752.0737425022346,480.82371464426745,333.36594831469
49006.69486381968,52142.388701448624,34148.53096437181,33153.72974992638,35489.88518955347
3853.890261293999,2641.0708902918577,1115.016138265291,698.9227901638753,487.5276371438421
3710.5398787939903,2429.616460549829,980.9611186791925,587.6268770463932,388.1849481491561
5221.840602447296,3547.9966051021743,1476.7896452428977,913.3823284115014,624.7675255308193
9860.115415065984,10172.021480259431,6449.9631672224195,6066.360329360399,6305.687581184706
4373.161050077884,3113.668052791677,1367.5055867810424,897.8523026193058,650.6891999212542
4243.359448962936,3023.2046716746013,1325.4832707609946,859.6185209214118,609.611781074413
16197.022587551295,13834.230371285712,7282.799301034142,5706.529584868276,4953.714809570834
4018.376870792088,2813.1780135074678,1214.2441229363815,775.8180831442537,546.9305808876335
17029.05056639116,17304.680433688103,10831.536183894934,10063.879896950957,10326.50040217327
5449.741650206374,3770.2882960718775,1606.5054000693701,1016.3718068291422,715.6873141135993
7134.29108378136,5025.186060287244,2180.068039136439,1405.6583892722972,986.2836246226983
3601.238549855446,2639.8675631542396,1189.9598782221058,796.5815757370343,592.7233373099588
3425.4536261103235,2447.7690124907936,1071.9582364867892,698.8797039560975,505.1415788856739
1.479089856147766e-08,4.609011278802158e-12,8.993242059449051e-16,2.572996059022646e-19,7.867313819576499e-23
3580.5557401916735,2498.1249762532707,1077.2416562677486,689.8119898113204,490.2357708026431
1.479089856147766e-08,4.609011278802158e-12,8.993242059449051e-16,2.572996059022646e-19,7.867313819576499e-23
22826.950975773983,22860.545632614845,14103.620260039897,12918.295141372328,13084.287782313137
12232.145813647992,12636.654543313101,8043.872193198296,7610.898978724131,7963.250951737779
1.479089856147766e-08,4.609011278802158e-12,8.993242059449051e-16,2.572996059022646e-19,7.867313819576499e-23
2756.209153413763,1880.226199604837,786.1334223646137,486.81345610450103,336.17021029522175
1.479089856147766e-08,4.609011278802158e-12,8.993242059449051e-16,2.572996059022646e-19,7.867313819576499e-23
3183.8208655531876,1790.4828150587425,623.7112189143544,321.78379406737065,184.23226143365252
5250.4605609796745,3391.289268563615,1349.3243914023665,803.7553426498339,534.3494112890862
10531.347767231911,11603.95591396706,7856.497404976406,7900.991999685739,8803.03503892598
15015.552711092261,14954.728666352814,9149.246846379232,8273.729435948473,8179.231546810906
31578.900451685735,29268.549914404066,16710.4255921346,14172.199662840916,13299.777576302175
3915.14590527882,3030.0663692217736,1446.004381232353,1026.9462346775767,809.4207638280914
5136.981191872654,3310.379102517444,1318.660713431912,776.1967886200837,501.63238756116357
4150.077692708051,2945.036206446168,1284.0615357792606,834.290388234843,601.2932774564235
3323.915375000288,2191.8274374962966,891.4527050458928,538.9170927388443,360.8627882437501
945.2962677847634,507.901783765506,168.3847357148307,84.36435696313602,46.18090194158733
1.479089856147766e-08,4.609011278802158e-12,8.993242059449051e-16,2.572996059022646e-19,7.867313819576499e-23
4907.001171941484,3535.664687214828,1569.9833849449235,1031.1183330447736,743.4035207039321
12467.88499278273,12803.110547632094,8139.771369327539,7672.58303722116,7969.743667333613
1.479089856147766e-08,4.609011278802158e-12,8.993242059449051e-16,2.572996059022646e-19,7.867313819576499e-23
11834.378764917017,11511.996611620329,6883.497267433519,6074.941313502885,5858.609708747493
1.479089856147766e-08,4.609011278802158e-12,8.993242059449051e-16,2.572996059022646e-19,7.867313819576499e-23
1121.7084980150892,624.0576124093441,215.29346298315312,109.53932766776,61.01898822454898
7148.082229912968,3969.2279559115327,1360.6543416803245,694.4288837449204,391.91713837960884
1.479089856147766e-08,4.609011278802158e-12,8.993242059449051e-16,2.572996059022646e-19,7.867313819576499e-23
6508.869058641832,4826.883162557829,2193.868285756082,1484.8195454027239,1110.9082538924802
20133.196793296916,19030.34573704994,11141.243396545904,9612.807923341292,9060.198971100255
12477.375934728881,11923.27667101856,7025.080204136025,6161.21677814923,5967.838026254809
24803.11506315374,25893.81648857192,16666.45532449945,15914.322784952255,16778.550927256907
4829.404328683973,3260.2216425480187,1360.0198155343164,840.53617379488,578.6590803899215
1.479089856147766e-08,4.609011278802158e-12,8.993242059449051e-16,2.572996059022646e-19,7.867313819576499e-23
1.479089856147766e-08,4.609011278802158e-12,8.993242059449051e-16,2.572996059022646e-19,7.867313819576499e-23
4881.275293094224,2984.5659518903317,1125.8191798407843,629.6469002746264,392.5307458211757
1043.7680114116058,385.09742057176953,87.86438993122458,28.801413259052953,10.107141508091056
1.479089856147766e-08,4.609011278802158e-12,8.993242059449051e-16,2.572996059022646e-19,7.867313819576499e-23
4341.624720453551,3108.829295005454,1371.785385428189,899.8332061807992,652.2755981966949
27375.194538663472,26922.038934177024,16230.232265469569,14471.108414266539,14134.153644400098
5072.224567165301,3359.6216460240294,1367.07609515882,827.087715669016,552.1244092414569
1.479089856147766e-08,4.609011278802158e-12,8.993242059449051e-16,2.572996059022646e-19,7.867313819576499e-23
18414.325967336445,17598.416491741034,10297.910834684524,8885.9395579306,8407.130975419244
3729.0657450309805,2456.0866129291426,994.3129992115773,597.2919499111039,393.95208351729843
11321.216620155974,11092.076186720802,6680.18070969872,5947.583587177628,5791.259798214283
3475.6383697091514,2267.964040819132,911.2880615863947,543.3438152546374,354.56865069975265
4355.642361042854,2900.9923868310507,1183.6801589717122,715.3158160155415,480.10526767203766
19616.326287652977,18608.596447996977,10846.077163230986,9341.550560407468,8816.692598377655
3732.0443057153216,2456.068082851401,993.156897539961,592.7812844685144,390.0211359975495
838.0949530302353,312.5513578077864,71.82103265942004,24.498816259079767,9.667406393160734
4059.7547704178096,2666.1877861472267,1074.6687719767242,642.7072430674887,426.97475473587025
7433.53703235587,6226.9976212451475,3208.3038987396344,2456.9730055231034,2063.3160119911963
4018.597634220067,2671.629530846433,1095.832391060255,669.272481906267,451.98005624735123
2712.6343670447814,1842.1164123195238,768.3610078991353,474.49350163277666,323.57344741712757
1.479089856147766e-08,4.609011278802158e-12,8.993242059449051e-16,2.572996059022646e-19,7.867313819576499e-23
15683.928448927889,16030.88935406151,10094.0918629221,9442.279026020393,9751.59466696021
3717.7218056558913,2452.848092364976,1000.7224756237126,603.747466714909,407.0168236149288
3563.691458557493,2140.804196529467,790.4706606594586,431.49548893101996,261.5844672537023
5179.820181266544,3525.2491990379353,1470.972022737586,910.8890107508821,622.5833724316481
3135.800644849128,2254.1643951461137,994.7852949024084,647.8829698810267,465.8647853573716
4088.4752749268373,2763.9487633885597,1152.6781311074644,711.2982618733977,489.69605471001717
4667.931711353726,3230.546529834813,1374.6533473350107,868.1165293746085,606.1002280077238
1.479089856147766e-08,4.609011278802158e-12,8.993242059449051e-16,2.572996059022646e-19,7.867313819576499e-23
3150.9317685484248,2177.609833247585,929.4985402358508,590.7568766325732,421.2017807671277
4767.337253113197,3517.1165941031218,1585.8086316456804,1064.356471239949,791.2591402100692
26169.899618264,25890.531556050722,15739.879436707319,14172.715894362647,14037.699166242213
7091.709218484916,4692.718002076582,1921.3411930270788,1169.430204781104,790.126456574499
8975.645090407188,7635.754202332213,3989.8863932240465,3101.1971145852613,2671.5263147803275
3689.727962973282,2645.680719935741,1164.4704629891723,762.8346578259575,558.4155647799932
2227.3831092988453,2287.670219185112,1438.0131547284689,1339.0273634454386,1372.0937228034918
4888.345981937609,3218.8971863805205,1308.993616386125,791.4088009512981,521.232259594023
3565.3736371954915,2527.4049427315026,1112.8077067838767,729.7842622276313,530.6469256276848
11489.114448699926,11091.831667184288,6596.468649779549,5813.39709866151,5654.982806392693
12952.01986626383,12870.09945535688,7846.634532063612,7073.085600443892,6985.745877639479
7018.8969986371185,7064.33998409116,4393.330022174158,4057.1233698245983,4137.717207326106
3611.1271080926117,2408.1400443590123,992.3093019410721,607.9580666936403,402.319647313316
5460.891112509568,3530.5687321906325,1405.2858612046307,833.1754376612902,539.8239800255808
2641.088500876488,1896.0767852430638,832.3184557716881,542.3344636583047,392.0707398572829
4742.819651220098,3090.4858285409255,1240.6154304803117,736.3586489123361,479.8473984115912
4198.546551710168,2652.009877903315,1034.26217162816,596.6285386341568,379.0120953389234
5191.342236718823,3691.4455024828085,1611.5447090461273,1045.726638915446,750.7524739222368
3861.5674171744,2527.073376183551,1018.0305652855286,607.6112786311226,400.00149204201074
1.479089856147766e-08,4.609011278802158e-12,8.993242059449051e-16,2.572996059022646e-19,7.867313819576499e-23
5270.076473863373,3559.766573901921,1474.2930274221487,909.1120858225667,617.3108892174105
4669.271375853953,3207.0924033515375,1360.5108080639404,859.2773017044466,600.8408871545568
4900.700823220022,3317.720937914535,1375.9737532142267,846.0172690472072,568.2907551383533
2158.2384091576046,1444.545965776352,595.3174896330563,363.0513397865107,241.4692038934739
1.479089856147766e-08,4.609011278802158e-12,8.993242059449051e-16,2.572996059022646e-19,7.867313819576499e-23
4197.857677787571,2850.6720628686626,1197.0465153030932,748.0888380564213,523.1788340354859
4299.874097678992,2775.221197406122,1102.280896175898,650.8414612674194,427.74538544627796
4681.193462381392,3206.735179353874,1349.9412876449949,846.8853567170572,586.0404328812242
4595.177239712015,3094.723378831494,1276.5123431486793,779.5852220392181,523.6846156885654
4003.3342822982345,2869.7331054695546,1263.8129712509751,829.530927501938,600.0372903750097
2803.3393038659074,1836.9758277074625,740.8365715381461,443.07813586597405,292.81208155214233
3654.3578265688943,2395.1694836897013,962.2734297938979,571.2914569100227,374.3198619645145
4296.94280200999,2953.8733254768204,1252.0569795023791,787.5705355976675,551.6289493432901
5351.086615834364,3484.902666508045,1393.6800286776127,825.1863871321234,540.093446552796
5312.923854254588,3721.464909274314,1609.8610708973392,1035.3176610582511,733.1891710472307
4917.084931796666,3095.3936388895195,1209.7883485470752,703.0255349738181,442.7369329312333
2863.849976739896,2038.707694984207,897.1708797349872,585.4710744186563,421.5029792586893
1.479089856147766e-08,4.609011278802158e-12,8.993242059449051e-16,2.572996059022646e-19,7.867313819576499e-23
17290.749420127897,17013.086223632425,10285.617444871923,9184.270507419567,8963.563256686835
3896.984003949982,2748.182530214621,1195.3187005055972,774.9018661392039,551.9009360912194
1.479089856147766e-08,4.609011278802158e-12,8.993242059449051e-16,2.572996059022646e-19,7.867313819576499e-23
5787.0366277185685,4144.836254672393,1838.9780726040472,1215.7132018567916,892.2472087256315
3857.7054075207975,2695.591956739939,1162.457616917218,742.5534202118621,529.5984098423443
4767.036522226734,3124.4124270682914,1258.2761049052415,752.1553349104215,490.3876785242658
2285.519526771186,1632.3006733486025,716.6832495381882,469.54927224584895,340.3468353870381
7817.761879713939,5345.36052305562,2249.123490715449,1410.9661280921373,973.4853250282072
9844.389846426568,11481.182635296504,8244.107775397162,8783.266708983754,10364.794372981412
8662.818241746065,5689.82582059964,2294.955340283479,1369.1058907463096,901.7799387020631
3227.265392996952,2266.3933627376314,976.1970122462972,627.623958246293,447.82614732393944
3198.3727794261044,2164.9501576122743,907.6557458263754,568.3008039559977,389.66122027171787
4184.754590734395,2854.5059317801006,1203.0141995466493,750.104438861785,514.1607671182198
2709.60898567298,1867.4396845354856,792.7731399920704,499.09528680615426,346.0221651883625
18669.210241798402,18854.17444762658,11739.828561326736,10867.293806051197,11114.92062627162
5148.996565034519,3469.7130324205486,1448.4087457906735,894.9087607926518,607.1752725519973
1.479089856147766e-08,4.609011278802158e-12,8.993242059449051e-16,2.572996059022646e-19,7.867313819576499e-23
4244.047962257026,3166.2697136760235,1458.7675632369412,998.8125463949608,757.7240441654649
4165.364634180421,2987.996493335979,1318.7137409257482,864.5429134515913,627.5687324912843
3127.0149679728615,2211.0571872683163,956.3094164432354,620.3979053406764,448.73707474955313
5635.979462495117,3732.027197873469,1529.4737923746632,933.3099018959216,632.1125432597927
11724.120891608423,10746.658412653329,6070.479335091458,5095.908725651855,4731.765411167618
540.6049578974041,182.797455606723,37.5157942069174,10.892357143160567,3.6173953989182364
4556.955991104219,3138.3065269367435,1332.303061044009,840.9639305117269,588.6846314719841
1862.0063381956058,1069.2785869636123,380.2545021190503,198.72837661164746,113.37919894529159
7131.349240245421,4841.533006798021,2019.7020817983177,1252.8364577531245,860.593960566873
3519.872360971321,2320.979620367598,948.1479606554423,578.4725098566911,390.9215168363386
11392.160459505785,12120.391107793825,7945.158827243168,7732.1415045207705,8343.100281481735
10182.545017598613,5808.19270116919,2041.7561728451824,1058.729180016518,609.5916625000591
4761.326846273251,3379.5472149994243,1478.5390006429166,964.9191746419106,699.3053369886522
4032.5591373871275,2477.751697470639,936.4638103887902,525.3559573618451,321.62339264104753
3348.3388962913546,2196.326820123701,884.6836198085042,528.3695677538474,346.8579967355597
3158.2060884207426,2040.9249775914898,812.8079340561695,480.5219379051598,303.0534734086163
15743.28543360438,15310.986843977771,9192.529993031796,8195.460789437257,8100.660494518985
768.3585736195847,255.45630327438826,52.58561195337087,15.640497508434818,4.819801939579008
4941.972202164676,3327.331967104831,1388.1925919807875,860.2008015334364,592.5532747312626
4440.086131781811,3066.886536450879,1305.9143563557489,826.0713719459918,572.1608093009828
4159.886515668557,2924.089739456914,1267.8119220563106,815.8976097611236,579.1796796356829
4178.5504484356115,3122.172139948268,1439.1789800970896,986.2093741275226,757.9514380948149
4107.772131841431,2735.4372475771274,1122.043765060134,684.1522277066784,460.10733780626776
5864.150579891668,4234.760664280388,1884.1254684591497,1241.793317094247,912.4446534505807
1.479089856147766e-08,4.609011278802158e-12,8.993242059449051e-16,2.572996059022646e-19,7.867313819576499e-23
3037.682887393097,2055.587841449979,859.0448558441802,532.0448861289287,357.3984016409851
5228.736030367339,3428.864319789091,1391.7497537618876,835.8764717711122,556.7343141642579
2796.051276836267,1858.0978980454513,759.9201820819841,461.28831558680895,311.0635992362323
5621.136836730984,3699.9873137133736,1496.4489681659088,896.7022656647365,600.1930890133709
7331.583721603304,4751.746702901952,1894.3149936610075,1116.6157507546836,730.5693065468635
4052.972452714946,2849.137955000921,1230.413101657791,791.226249177728,562.7856726181449
4751.806767225392,3159.677238248053,1292.0810701008434,784.6454093366676,521.4472692707761
3878.948369187209,2797.4493583946733,1236.9027515275627,812.6156632643114,591.4992620481315
1.479089856147766e-08,4.609011278802158e-12,8.993242059449051e-16,2.572996059022646e-19,7.867313819576499e-23
3933.117967968172,2412.5114341982917,918.6247815178548,524.3387831494977,328.9968658610309
5181.238873146039,3354.9233699885835,1340.5181391916037,793.5057028897055,519.2470504980247
858.3396715587196,426.0592973865786,128.95006804603076,56.73749586596513,26.68173342510287
9434.14609101424,6203.077684460074,2513.1090235670836,1508.7494279942941,993.1789060704466
4178.734943094874,2921.3905397204717,1261.462484028767,810.8875936704137,575.5951836055133
4947.089503742067,3350.256734509191,1399.7033049178945,869.7030114283938,593.0758587135513
1.479089856147766e-08,4.609011278802158e-12,8.993242059449051e-16,2.572996059022646e-19,7.867313819576499e-23
4097.848292410567,2710.767368127577,1099.9347315952486,659.7289239503878,426.283299768162
1.479089856147766e-08,4.609011278802158e-12,8.993242059449051e-16,2.572996059022646e-19,7.867313819576499e-23
2786.9828976932654,2027.1771205547964,905.1088852723352,601.418068535303,441.3410231000937
1.479089856147766e-08,4.609011278802158e-12,8.993242059449051e-16,2.572996059022646e-19,7.867313819576499e-23
5552.4362375189785,3624.589708642562,1455.576629412944,864.9936308522168,570.0760844177212
3712.503355524795,2445.321354793444,988.3766291075425,594.6382470799058,389.1947962147849
4079.619462246554,2668.648554684137,1076.602629247738,648.1481698630615,428.29675808862135
3447.2720649027838,2223.0268247248555,886.6504477155958,523.3005171296276,341.65289740278763
3422.8562994282393,2362.7410473533096,1007.8511204859867,640.2811955209314,449.3261815546836
5133.5037219469295,3500.038839222371,1466.943161679067,913.2387431278327,628.8579007174911
1.479089856147766e-08,4.609011278802158e-12,8.993242059449051e-16,2.572996059022646e-19,7.867313819576499e-23
5202.9274780111,3539.603563329051,1486.4382105561988,927.4921159159697,632.6017359365383
4822.726827101882,3211.6124521287875,1319.6897016515882,806.1077008193387,548.5543045032019
4264.733831912693,2802.5841489198956,1135.9191480782097,682.1308744808437,452.63654824313664
4052.4320630815146,2775.53506091483,1164.936121964168,725.1732361967433,500.62401462789063
694.7808046126526,388.2930012124717,136.16770003200017,71.32492230424178,42.38705299008658
4525.596796370727,3092.095074503509,1298.8377645644516,808.5249079849262,555.1552458465303
3233.9355304228866,2244.0973563479542,965.2873633296808,613.8833228266534,431.40188803601
1.479089856147766e-08,4.609011278802158e-12,8.993242059449051e-16,2.572996059022646e-19,7.867313819576499e-23
2522.8047360783216,1761.7261638355121,753.028226070729,475.6952052154082,337.44390081925366
2937.863478623519,2003.9751788279277,841.2119518316086,528.1892367430637,367.7285141096253
4641.075199452164,3331.124633817369,1471.6147233131321,970.9488386989158,703.8766478708377
8133.576120248515,5431.377045433615,2226.4553165322022,1355.1882808139935,912.8564115586368
4938.157225331024,3325.6029283614766,1378.9489244230238,843.7647215594749,568.1904204161585
4378.18498810367,3056.0636916719586,1315.212238406301,842.0470728574446,597.7145709322538
4360.943683911355,2979.243434102909,1245.6954910736124,771.4084789511271,530.7682840015987
19605.140977818934,20549.34851047908,13258.224747252987,12704.39947060355,13463.135897834321
775.6967456944888,401.1689438708848,127.06797450622786,59.26974705016654,30.200957256174622
4877.053178116519,3279.6846043536902,1355.576593115452,829.2297733620823,561.9079020538547
5016.940040591318,3508.7702528856003,1517.1827741339328,974.596477783601,684.3804833097829
3929.1224986607785,2745.758669339818,1180.555166571851,756.2115184144209,534.5956833767765
1069.0759113511224,572.4110889866402,186.04583403320024,89.32440429691238,48.12446378389897
2976.838158249953,2001.090124157414,834.6419890881047,517.6473083426547,353.08443121207307
1.479089856147766e-08,4.609011278802158e-12,8.993242059449051e-16,2.572996059022646e-19,7.867313819576499e-23
1283.2709561814884,625.6560318479571,189.15885680535618,85.72409150025206,40.83623999207362
4029.9906871996072,2888.640620203501,1272.4450136257901,827.8668966009838,601.4308367126769
554.8870745536058,636.3234636227571,446.3066591754637,464.24660900419167,537.3352634281874
4503.210467549397,3031.064121080567,1256.4848855896757,775.6967988416994,514.0009755728437
3779.9829864800763,2514.8777444125267,1025.1364825012183,620.9147246680529,416.5432451581397
3090.845789967422,2146.477706101295,910.4476934341608,573.1258107986534,402.33742586825247
500.5129592519243,276.7428567607986,96.00995353381718,49.59838815283074,29.27668839335385
9913.672847758406,6684.022675745477,2770.852397223463,1705.918042060492,1148.7714852117228
900.3675059224472,456.6054518097283,141.73738628698945,65.40404217902893,33.51378955540082
5238.215143945937,3876.6831710220463,1770.5032053807952,1200.0676201140707,903.5038295311011
3208.625521517391,2199.0102738031055,929.083707515379,582.1913729921512,404.64963264582053
7969.815370312033,6754.150375264433,3536.310619433506,2758.3458486960444,2384.482134077996
4544.290451504715,2768.2748427421247,1033.4898414869583,571.0688415132104,345.87509762250215
13.125918730174202,0.00404441105510623,7.803261693272672e-07,2.207554342517933e-10,6.674382144901878e-14
674.7592650331627,351.78655764622465,113.07902159833935,53.67792059864892,28.175600538418504
3818.406490339179,2616.6848847827728,1113.804057814516,703.2635238581128,490.3251741591206
4834.276268341027,3577.4794859420876,1630.271341961868,1100.1717565378087,817.6527339226951
1.479089856147766e-08,4.609011278802158e-12,8.993242059449051e-16,2.572996059022646e-19,7.867313819576499e-23
4196.16781770576,2763.5385707672203,1123.4005490004806,679.5179026650014,451.51757117907897
5150.380215832782,3439.38321880077,1414.3683420392085,861.9923297542452,575.936820784692
2240.998254945938,1472.7211549151248,595.2541948048294,358.27006529655625,241.0411457075075
2640.5554457567655,1721.3022300326281,691.7616438832779,412.9357857743166,267.205518294438
5027.705419948158,3414.3847595768043,1433.4516865336536,890.3480131216943,609.2610870943488
4070.776819189557,2747.6853842941364,1147.2918348028668,712.4935220690563,488.8085819268251
3572.3012803130155,2320.8749992602493,924.5243705946326,546.5899020288982,354.92442345130735
4962.386841814623,3379.3028848623726,1419.122719654092,883.5205690672869,609.2781003405255
3685.472194790497,2294.569250940164,880.3626519856742,503.87237492462293,322.8827190923688
3696.0105044273155,2512.48960761569,1054.5522706307015,660.6566399361739,463.1373151694489
4739.030443644622,3437.045291136103,1536.29135165167,1023.6016225554382,747.0213559579669
12642.357995687718,12697.980966393166,7853.172471598666,7210.274198107749,7336.185100415375
7041.437033645498,4716.992776057041,1951.1948253786195,1197.2080836884406,812.5843948720097
4879.205270734515,3115.8736226960095,1223.713270489747,714.2809314053492,460.2424835260891
455.714151426368,251.4805261304981,86.35824017307786,44.209094120278486,25.453833150270405
305.27332222687505,316.2344171423241,200.40059384248565,189.4992959768774,198.524045653066
3358.4779074034086,2451.4772331779413,1101.8366989517158,739.5596713900388,544.5693543878353
20114.919734780153,17334.096743426413,9200.118984611321,7265.1442139939845,6361.627151486246
1144.5761268692274,641.8603978652736,221.4496251663119,111.18709666517668,59.696515232972644
5685.2172335442365,3984.7299679577436,1712.0582703075506,1093.0988863264288,776.9580582312359
5254.286184237285,3333.694175271186,1311.531205716384,770.6783225490806,496.5097170461919
4036.109098865114,2754.0477570355215,1153.4519648770026,716.4686101551921,489.6872919740776
4064.328871905285,2977.109744947659,1341.8898602564984,901.800555309837,665.9168018134801
3916.8920440521188,2654.1761558538183,1107.7622503970283,681.0962739303571,469.3120076065063
6565.721641728339,4613.184659851005,1992.8885068828365,1276.8532852514752,903.2393671581617
3186.7705238715866,2054.8195779410325,822.3965578161223,490.56089243211653,316.2767925523212
5718.471959515237,3669.355890845908,1446.663717124015,849.8819359578059,554.0771751127605
4195.862003334283,2757.4200557129916,1118.1936768231722,670.4744007223812,443.5450411891654
1.479089856147766e-08,4.609011278802158e-12,8.993242059449051e-16,2.572996059022646e-19,7.867313819576499e-23
10722.461716455162,5825.774602973158,1947.6065466947546,969.2075121202281,527.5211066672779
1.479089856147766e-08,4.609011278802158e-12,8.993242059449051e-16,2.572996059022646e-19,7.867313819576499e-23
2622.2028443692093,1521.0219800868151,542.8568507899289,289.67251706661375,169.99820458014256
4344.263039926484,2697.0887929831565,1027.9999795698725,583.5971673323131,367.40315176775965
5541.156419886993,3886.2109586666884,1676.4181238211486,1070.7148934695408,752.7856547852515
1453.4436384808052,750.02035085143,239.49878444214607,115.27430399173086,60.873216638128326
3996.269574229532,2980.9562922899586,1367.5277635207296,928.7715299680092,696.9789544222114
3209.277001850107,2270.7289486275736,997.1723624218552,650.72552516968,469.3534357911675
7602.702456921788,5076.5311369086985,2093.125674083032,1281.6360372225895,866.4049737961999
1.479089856147766e-08,4.609011278802158e-12,8.993242059449051e-16,2.572996059022646e-19,7.867313819576499e-23
1.479089856147766e-08,4.609011278802158e-12,8.993242059449051e-16,2.572996059022646e-19,7.867313819576499e-23
11774.615946158781,13100.116588968913,8947.247828626087,9065.344120104126,10155.152184966055
1.479089856147766e-08,4.609011278802158e-12,8.993242059449051e-16,2.572996059022646e-19,7.867313819576499e-23
5636.0393084324005,3928.2135771116173,1684.395404755203,1072.897512598704,757.548780776307
0.08972434966042662,0.17463012790438384,0.18317864482864146,0.29517339786846736,0.4685567636969384
3701.652270937357,2565.9093629423646,1097.815057480544,700.5991637518046,492.8675694945568
10089.609888705192,5556.140143208377,1883.6842231841626,944.8586481080035,532.9529113180153
711.5367181566811,477.98430260413704,194.99614298781825,119.07811247186504,81.15346112149776
4834.940709275354,3372.3153570256572,1440.4873494642477,912.000957296013,635.1477558158999
181.827564184727,194.5285878909576,128.42182052215526,125.63757370122083,135.42790595419538
1.479089856147766e-08,4.609011278802158e-12,8.993242059449051e-16,2.572996059022646e-19,7.867313819576499e-23
4645.056740761302,3241.0506290692165,1393.825169804434,884.6833388057595,612.2500860560938
976.2774927630946,519.3966694452599,171.2198128901682,84.4478128511398,46.2038739690649
1.479089856147766e-08,4.609011278802158e-12,8.993242059449051e-16,2.572996059022646e-19,7.867313819576499e-23
5137.585826657995,3516.117750208578,1491.4820062441572,943.2508301022241,660.0160448040787
5038.689590081788,3201.528063914036,1254.907875729087,732.490605267363,468.1197851669626
1969.837586960989,1273.9356636079413,511.9766377358358,306.04177907284526,198.57361655361643
5433.207299159834,3962.278399518748,1782.8162876292772,1193.194331601433,889.3092694768006
5501.458886749891,3548.2951375774987,1412.046203999305,831.4103340200081,539.3176109785785
777.9730974760575,457.3029142910105,166.93736036323577,91.53779798449735,54.51778466886437
913.5555825119512,665.11768332418,296.16539044279233,192.8754866538227,140.03100292608275
1.479089856147766e-08,4.609011278802158e-12,8.993242059449051e-16,2.572996059022646e-19,7.867313819576499e-23
3954.6732430163975,2703.5703629522386,1133.6533018477041,704.1677178936181,486.70905670232264
95.23477632925615,40.248914814150616,10.243986357251936,4.00633473885566,1.5609065952858292
5577.155052857923,3857.5522993108593,1636.0208781356985,1024.7244768893554,721.5264146562114
4703.3827344712945,3235.080567791365,1367.942390174793,852.5893197128639,593.9694777849966
853.3964192642637,497.1736136710246,177.54190450083303,92.14321120502352,53.03247123504001
1668.2707453219768,1172.4032512964693,505.9406680441405,322.56259931249815,226.20153516812772
567.3375116334155,262.10615569160456,74.80313056876759,31.599362487581033,14.162605616160278
8640.542042152678,8787.086404616834,5517.420318019022,5147.336443267192,5322.4023951807985
3719.7255215884134,2619.69712518005,1136.6416019309643,733.8305916865955,523.5196954854732
5064.575213556792,3600.45320391312,1587.8495484880925,1043.1824709078671,764.9346057417652
3843.284402273165,2592.5195365784307,1070.8441124248673,660.9016125695425,454.339521504624
4267.753244090868,2726.4070758247576,1074.8590734462036,627.9483945052633,405.07392112583915
5853.04782544177,3861.3635540092155,1566.8577082529082,942.6804541217947,625.585719148789
1.479089856147766e-08,4.609011278802158e-12,8.993242059449051e-16,2.572996059022646e-19,7.867313819576499e-23
1.479089856147766e-08,4.609011278802158e-12,8.993242059449051e-16,2.572996059022646e-19,7.867313819576499e-23
684.3588372268007,227.65784295688272,45.56415429748028,13.21192299177253,4.045091875954478
1998.4114834084246,960.8768093088499,286.7582015458418,124.7717930084805,58.1765150705888
4795.504241727147,3380.2320143395473,1460.2819897003453,937.9994540310062,665.3635059503978
4145.151074001536,2837.937001713304,1192.925376239021,746.9105221698799,517.5454731140125
3663.8776982042496,2461.7954389476763,1013.2826661933575,618.707591402829,411.93420858469
1.479089856147766e-08,4.609011278802158e-12,8.993242059449051e-16,2.572996059022646e-19,7.867313819576499e-23
4943.275190296285,3311.006312240972,1365.3313648667418,834.6785309132098,566.9394223801659
1328.734558593913,764.0884754136949,269.7641028307053,140.98483015183402,81.97305848598828
897.6114677307639,463.0004179634539,148.45596880005488,69.62790590465042,36.51804789900768
1.479089856147766e-08,4.609011278802158e-12,8.993242059449051e-16,2.572996059022646e-19,7.867313819576499e-23
1.479089856147766e-08,4.609011278802158e-12,8.993242059449051e-16,2.572996059022646e-19,7.867313819576499e-23
776.3241113414073,441.0636898865864,153.39932544411846,79.64127205676441,46.26395480230513
1488.8556927948375,1030.9418033692386,440.0772089241807,280.6377134283632,197.54600584170183
4013.971193387935,2699.1898469515104,1118.6511334333395,683.349278059201,463.6823154626679
6734.130928178583,5612.608717083634,2885.795723514138,2198.997516610919,1848.344437849623
1.479089856147766e-08,9.613814445274174e-10,6.033938784684433e-07,0.0007384399720754087,0.9985297907605083
3059.7930122131356,2140.5702629379134,923.4641470864118,590.0103003936988,415.5245360645738
1.479089856147766e-08,4.609011278802158e-12,8.993242059449051e-16,2.572996059022646e-19,7.867313819576499e-23
1.479089856147766e-08,4.609011278802158e-12,8.993242059449051e-16,2.572996059022646e-19,7.867313819576499e-23
1.479089856147766e-08,4.609011278802158e-12,8.993242059449051e-16,2.572996059022646e-19,7.867313819576499e-23
13.125918730174202,0.00404441105510623,7.803261693272672e-07,2.207554342517933e-10,6.674382144901878e-14
1.479089856147766e-08,4.609011278802158e-12,8.993242059449051e-16,2.572996059022646e-19,7.867313819576499e-23
4487.7587207303495,3113.6264313466245,1327.472627442463,837.164008378863,581.5001066731139
4247.268935710374,2867.47462663339,1189.9352665581473,733.0790407552493,498.27769332681936
1.479089856147766e-08,4.609011278802158e-12,8.993242059449051e-16,2.572996059022646e-19,7.867313819576499e-23
1.479089856147766e-08,4.609011278802158e-12,8.993242059449051e-16,2.572996059022646e-19,7.867313819576499e-23
4577.467783486174,3394.8397973470906,1549.4006932933462,1054.0042524440078,794.8801675779737
13.125918730174202,0.00404441105510623,7.803261693272672e-07,2.207554342517933e-10,6.674382144901878e-14
1.479089856147766e-08,4.609011278802158e-12,8.993242059449051e-16,2.572996059022646e-19,7.867313819576499e-23
1.479089856147766e-08,4.609011278802158e-12,8.993242059449051e-16,2.572996059022646e-19,7.867313819576499e-23
1.479089856147766e-08,4.609011278802158e-12,8.993242059449051e-16,2.572996059022646e-19,7.867313819576499e-23
0.10921104864043127,0.2688460902456679,0.3787533899761644,0.7578643262153758,1.6737397312597961
0.020348274502851416,0.025893512598059703,0.014718842160941938,0.012524589660206647,0.011990777904381796
13.125918730174202,0.00404441105510623,7.803261693272672e-07,2.207554342517933e-10,6.674382144901878e-14
20.445648713507953,1.6785133974065114,0.09399130034613172,0.00671562312298444,0.0005149351510328161
1.479089856147766e-08,4.609011278802158e-12,8.993242059449051e-16,2.572996059022646e-19,7.867313819576499e-23
1.479089856147766e-08,4.609011278802158e-12,8.993242059449051e-16,2.572996059022646e-19,7.867313819576499e-23
1.479089856147766e-08,4.609011278802158e-12,8.993242059449051e-16,2.572996059022646e-19,7.867313819576499e-23
1.479089856147766e-08,4.609011278802158e-12,8.993242059449051e-16,2.572996059022646e-19,7.867313819576499e-23
1.479089856147766e-08,4.609011278802158e-12,8.993242059449051e-16,2.572996059022646e-19,7.867313819576499e-23
1.479089856147766e-08,4.609011278802158e-12,8.993242059449051e-16,2.572996059022646e-19,7.867313819576499e-23
1.479089856147766e-08,4.609011278802158e-12,8.993242059449051e-16,2.572996059022646e-19,7.867313819576499e-23
1.479089856147766e-08,4.609011278802158e-12,8.993242059449051e-16,2.572996059022646e-19,7.867313819576499e-23
1.479089856147766e-08,4.609011278802158e-12,8.993242059449051e-16,2.572996059022646e-19,7.867313819576499e-23
1.479089856147766e-08,4.609011278802158e-12,8.993242059449051e-16,2.572996059022646e-19,7.867313819576499e-23
1.479089856147766e-08,4.609011278802158e-12,8.993242059449051e-16,2.572996059022646e-19,7.867313819576499e-23
1.479089856147766e-08,4.609011278802158e-12,8.993242059449051e-16,2.572996059022646e-19,7.867313819576499e-23
1.479089856147766e-08,4.609011278802158e-12,8.993242059449051e-16,2.572996059022646e-19,7.867313819576499e-23
1.479089856147766e-08,4.609011278802158e-12,8.993242059449051e-16,2.572996059022646e-19,7.867313819576499e-23
1.479089856147766e-08,4.609011278802158e-12,8.993242059449051e-16,2.572996059022646e-19,7.867313819576499e-23
1.479089856147766e-08,4.609011278802158e-12,8.993242059449051e-16,2.572996059022646e-19,7.867313819576499e-23
1.479089856147766e-08,4.609011278802158e-12,8.993242059449051e-16,2.572996059022646e-19,7.867313819576499e-23
1.479089856147766e-08,4.609011278802158e-12,8.993242059449051e-16,2.572996059022646e-19,7.867313819576499e-23
1.479089856147766e-08,4.609011278802158e-12,8.993242059449051e-16,2.572996059022646e-19,7.867313819576499e-23
523.0096714731553,600.1051609208937,425.9829069613446,447.3552696270536,516.4291074151478
751.5126345873085,793.9012809281926,519.175659441483,505.7495919346898,544.34029617805
400.132722085727,286.42038470385563,127.83757132112098,83.88883671435364,59.1821180960221
358.376223145105,326.4085381542748,183.99093973688568,153.56279181898483,139.6989267215073
26868.884112432617,30422.56485242332,21325.665024893075,22157.23767319169,25380.065238777035
16967.459914538726,19403.905263176614,13747.698272059446,14436.8437067531,16751.924249890406
376.482290102593,227.75725940884254,84.52370072746078,46.86908220283287,26.951684317246237
3976.014562898558,2631.3062098197584,1076.7879736665022,650.2776181924013,432.41416293588634
636.4272248221336,520.3308936952361,265.76472244800016,202.74935334864398,169.28081469941407
260.645882140773,173.13734477475055,71.41838723230443,43.451538480594756,29.647266480631274
192.86720665305376,104.63718398230748,35.19005771736818,17.451696803795144,8.769611443946284
829.6899113330118,707.7356682271312,373.4309564734537,289.5372002123168,248.0144680327691
11798.688752054371,10318.689802928358,5567.126340930265,4463.758502004276,3967.470695643935
418.61155519456986,309.64373123154616,146.12870096783422,102.5522026323448,78.2661349193014
1100.4940518638143,932.0100305294958,490.1746957181876,379.7988501170456,324.74173720121087
297.1154842087574,169.94611147171003,60.14704922738007,30.12966369164916,16.47835398809767
8438.862996960568,6993.274446222136,3579.3792746917807,2720.4812840934114,2286.3197316251776
13527.508852876812,11524.42431799162,6050.120114285366,4711.393911164493,4068.955991619588
9120.607395853229,12665.978621128012,10868.761718332566,13824.353875835723,19439.83627903179
450.96833684831444,290.7726882273632,118.31763767680273,71.28409838611908,48.40919710770233
1870.509313246726,991.2548976088619,319.72923359301006,151.25284757632548,80.29503011239068
3918.801694599036,2588.797726539846,1054.8804403456325,638.1559699320468,423.80971909471475
9111.456301229278,6985.265355539473,3298.5173823811706,2306.544428237971,1787.6397300047176
4413.166492930533,2925.4895184794445,1196.0775809690701,726.2827965553435,482.6163079518201
4831.493192985722,2844.6882204676826,1030.7463577092662,548.3414113173412,315.4830637916859
573.4629584568576,318.9049907161096,107.45487555415477,53.0500696727465,27.063135651500133
602.1803056411884,516.4935893488913,270.2749118853502,207.9847136969592,178.16935289135148
4221.334536119831,2469.3501106159442,893.9054431631046,479.07728964706797,281.79376340008076
2512.239815632872,1082.6187911213474,288.5938513395676,112.66388955279217,48.22667356690166
196.60175925370325,88.01380700697804,23.282377898413394,8.91515713786054,3.639242929406911
324.03777524221664,242.82310754791334,112.29271531947687,75.02462571683421,53.20524990461665
184.40040931077502,61.60142546653811,12.589356780694931,3.569420929756023,1.0997669168869089
134.75528665983248,32.13758585534763,4.898831831757766,1.2158640875261726,0.27156044294510984
409.4620789215699,285.25701533200885,123.9952450331122,79.90897287951175,57.024187479269635
3942.9491576161536,2391.5420167286698,891.1770289618185,493.82928031507186,302.0338469290439
9728.40134122001,8744.274676477093,4845.781720485804,3987.465301869675,3641.3751503706535
270.34297020699,132.90141143227422,39.83774886987229,17.688097322477848,8.015937884318548
160.69760017382262,48.847794841157075,9.494119460557105,2.849835317907955,0.8116422534770773
4639.897013184807,2933.1586740574953,1150.071731557409,669.237484877632,430.4606658481556
14682.43117946267,10089.537691524298,4283.086738588997,2696.867578529805,1878.407014689536
386.7569056986862,247.44853527155828,96.82473411021053,55.99932093355098,36.322052160607555
434.0720041250933,270.2841044349762,104.41326657229592,58.55917441911514,34.70702582388685
3915.1186845431403,2312.6489012607813,852.2281480255377,466.9723555746331,286.7591703315511
6847.362124284008,4589.289199665788,1901.935013455004,1172.1488419640675,801.8938069469042
418.7656730279318,231.3003485580492,78.89576317979903,39.77257053239456,22.36961094769768
382.1690389691887,281.64236552687197,127.10893974288261,84.58110761310438,63.89248099978313
278.1188095539217,150.05503203473438,49.686053513045984,24.555501293007218,13.169286772379834
8765.260181075102,6858.901714484724,3318.9212288045733,2382.53683242218,1908.268071164961
8629.995723845248,7738.112201931496,4286.671321804351,3530.5785135085725,3227.248408570485
199.81100846679917,126.50080579194864,48.79906470267499,27.46891576638117,18.36609289563003
9200.88914201543,8109.369091520508,4412.669742784975,3572.677246503576,3200.7042287842137
112.68039529773614,62.06160709694698,21.720151235200486,10.935540383234107,5.616510688892198
5711.42518999287,3867.9716791416117,1617.0602006506256,1003.9955194695715,692.2433152619893
1188.6535522768822,654.0649102962918,220.4537761608442,111.32957212050496,61.75391024926905
639.225439423637,283.3258438554026,76.11097328031912,30.726689549106663,13.371955657511508
2985.3242901299277,2116.361680243106,922.7100456742969,598.6889066853547,427.5272867046573
1039.543909255271,505.095594530986,152.61196401063387,69.25652195182212,33.470335980346505
492.0939978650311,350.6598697676222,152.95880728193123,100.58291013208041,71.07408840845677
818.8279758834981,533.5888510333754,214.46246979545506,128.57181543303335,85.2071026429097
3711.3307711813795,2850.4061187568127,1366.3397864680612,968.1469884414504,757.2383039285444
4959.60508038586,3379.196263393706,1422.528104212405,893.4278817832496,622.4410706029
481.77440827666913,46.08775845371607,2.5914371071342055,0.21343751127219518,0.018877561379332223
372.7060502374311,292.62958915410485,141.76980031390312,99.59840578405219,77.62672813961832
789.484262093904,192.5508385284136,28.567537993866335,5.949672349509516,1.3405385087972959
796.4174524783832,298.5986108998876,67.48490321896057,22.035785775021452,8.681657417129033
563.0470270427259,199.16277835003064,44.32902000715139,14.706597528490068,4.849631656567532
653.449887819566,174.27980290949444,28.931192954611912,6.603875998257413,1.63272228676932
446.6237135210779,388.804432350398,210.16986912429766,168.69573305036764,152.889308806067
707.6376902625326,259.82445190059633,57.98911143078462,18.696321517144757,6.328189667455285
3785.253698845087,2655.3048765284907,1150.784083605994,741.4012112501177,530.4171508497799
1388.742865564741,486.4972436490035,104.21702817263387,32.44057175184122,10.500012793685533
8890.750054014105,7177.311599885021,3586.455649006037,2666.142233725832,2198.314725742877
4166.05468317589,2597.772885619893,998.177084041901,569.9360313862352,357.53827146024327
2175.6102772694926,1029.7666955092686,298.4431133383865,130.35381246111461,63.951215009694764
4001.122764581658,2652.8254493026343,1089.3192150307432,661.2665612416654,448.6990466037191
362.5344119248449,217.44919577240339,80.33906541270301,44.385193864535516,28.133172204761767
5896.3816959079295,4781.674320839119,2398.533491819917,1783.3110099652713,1470.7495064392804
2845.148879495841,1778.8911949631538,686.794952063867,396.2444245800632,254.47555984534728
5922.199817225192,4803.558937383072,2400.4684782206923,1784.167054373985,1475.1074667724881
473.9835757677304,389.1460476690367,195.73264271942858,145.1687628585743,116.59883956701253
3969.170414289166,2661.544539241153,1093.1861318631725,663.6745762889622,443.54022605891345
392.14199980817193,254.66013826812627,100.71123023274448,57.63057539101018,35.99341514320999
2711.0280614965627,1661.8193090716095,626.3353386035666,350.8559838473335,215.04665033271357
3812.4890393366413,2979.3148036529915,1435.7472176990645,1024.8955809750396,811.2330636514496
241.40720580786717,167.35122128777078,72.5299232393477,46.33839965860956,31.71411223605483
451.0768369974513,388.25564766652633,207.63860644888243,166.33061575491357,149.74255049140248
7262.644759351587,5842.820678745346,2891.5954681456565,2119.013168505822,1719.5668563662132
3488.4427040110895,2251.478392932603,891.2795237939584,518.9091415050101,334.9905355693134
3236.1310226192477,2207.809995432859,930.4460469034675,583.5733233987701,403.23417137941334
656.4722681960036,220.83538680947103,45.61685720278936,13.965716030894251,4.350553269682593
3754.168309952745,2424.998716317614,968.5826920770023,571.3098968543297,374.93011459445927
2377.156015802885,1611.7153280592456,675.3605884118749,419.97139568555644,289.22407261063626
536.542365824971,399.01478796485225,183.7676428277565,124.55749035717169,92.8623725405264
3388.6565971375753,2166.884883958936,858.2580636109656,502.0618859923544,330.9953980219904
9925.530707365553,7483.671116416028,3513.2429211254844,2436.2579008409784,1865.1943860951278
2735.1724310357736,1661.116720406173,625.7043169483172,348.214719161687,212.62230409278803
432.793170712763,501.4772505459071,357.71362766916627,378.6628148782139,444.7364005652264
3684.9530167049966,2322.619253196098,905.4698582661089,526.3002335625123,337.3347882435734
4813.831434738003,3506.009444586102,1576.0408712857839,1050.2146739036525,776.1703351462105
4615.220308806501,3166.504798718595,1335.5141017972219,838.244138574185,580.715280563271
303.7392500966351,244.04635446776385,120.84335408622904,87.38848642003184,70.233313512819
334.9115031639362,228.26059437347146,94.19895512951906,57.20248012125597,37.06276523959941
6646.602723061471,5229.817975936332,2534.9768558322853,1820.669871833592,1444.5571418919521
8597.536890001164,7950.547053318622,4538.6498891030515,3844.0404420216305,3584.7302651454643
339.41213824749946,241.3657433634934,105.14128693019488,66.9239112775216,47.32778387297618
4592.822002716436,3117.985372000454,1314.2350475801395,820.2072894761784,565.2338925979365
4538.3491303153405,2800.4951225373416,1062.1619429591408,596.2107080061985,370.9097180083405
5601.489442539999,4172.699029367785,1914.5278223298556,1302.036130801812,980.2186010131084
181.83924238085612,143.5865180837372,71.03592080636605,51.506092851001156,42.3139649608992
9034.617079269126,8386.500199999648,4815.794322995891,4113.332363518777,3886.300255736459
437.1999120499827,304.9984625802753,132.04664095918602,84.98039575500398,63.10401348901439
719.2064403657715,476.6643068700936,196.02790087437603,119.62039248877623,79.4002855638466
8062.390332142193,6676.495661799952,3457.349999699651,2646.6607881974733,2228.254841295587
195.71750837317404,161.3357082518938,83.00884538931886,62.37644174602304,52.04435023884786
4783.564944067717,4068.812275704365,2143.0687054554437,1676.4394454174071,1457.9882017245263
482.05772135448854,406.2443695715575,210.35579731841509,162.8355397467103,138.10420000528413
7434.772340937306,6685.795701755833,3707.5205381219457,3047.784087030998,2765.0972521267336
4544.412031849152,2911.2055101615633,1154.5002868226825,677.7149102689419,439.5926564084845
220.94087104677178,169.02681094853526,78.90178800194839,53.96625398946531,40.59389671710906
4310.090081809661,2662.381959565846,1017.3011220553154,578.2985701286843,365.2040210845919
4042.429112719158,2605.910962629729,1033.8801947099853,607.5332926045991,394.23221629619707
766.9133663887685,555.9927015706304,249.54425769548055,163.17247522827145,113.97965738831482
746.3117645988286,558.4730859016316,257.1712099706224,173.76442254103958,129.20132078968294
229.92241066478783,140.45114991081772,52.75483393601175,29.67963252659413,17.38102086135618
391.50908502573344,296.75273221002715,140.32553846854756,99.35311911819969,79.77500585450267
2010.468058656174,1081.2915484874675,357.8199724075764,174.59273770691237,95.89488035072067
258.3127283865283,110.5711747310207,29.733543747256984,12.044310144599375,5.355336233575603
3566.2377104051693,2133.291050645847,788.1657000855064,428.79563075378115,254.15281235391646
8583.306152756537,6906.114350877175,3429.4762872033416,2522.1518642291035,2046.117640647329
9037.666135625712,6999.885669057214,3345.2007664757407,2364.013583693655,1848.1407176121356
269.3547723550987,17.59009990686693,0.7280508992500868,0.04120663803258231,0.002500708017556423
328.6117688771482,241.6665367500542,108.6599493714354,72.23441511015649,51.87224025704954
7929.710582954591,7499.515416413805,4376.189010271156,3785.5129772666305,3621.4529272448126
4046.9842052547797,2696.537828197726,1105.9803681007295,671.2396738644774,451.5963471760731
4231.7415184228375,2828.3558952111466,1168.1314390108398,714.7897351361273,482.37690279337545
4179.118812485955,2973.886760356622,1309.7771455367647,855.713544649602,626.1329640045293
323.4172235190224,207.987294980257,82.95315767804813,48.637633097228594,31.39593756986214
6123.208774846673,6123.450098895745,3789.0845773684173,3468.3200789677435,3519.5545123777947
978.4867521268859,566.335611924063,203.10654926885292,107.58780099821051,63.33571686169949
395.34636550587976,326.5595222857242,168.57492481977138,129.42062487861716,110.4599838870865
6419.462441811404,4594.956651749091,2032.695747927013,1332.257774513438,964.7202968216279
300.6466920786659,243.51483971427942,122.23772211851838,91.27041571314511,74.81811071056329
362.81060039894504,275.259553965517,128.2998248641309,88.32557403850288,66.10022470178802
375.72806814626625,284.5553273765169,131.02636580692575,88.39203939641692,65.44874554139334
1751.8416683394719,16.61175420665599,0.09323586648029451,0.0007672037447922129,6.749997530674778e-06
3634.053979474254,2231.7152807115604,847.3327827714967,478.0434430336717,298.9787781566974
2884.925784314386,1924.630303469273,789.2462762258676,477.5189351415791,317.08900098458747
275.6035495889855,248.59533141864733,139.6864670325182,117.88841887266929,109.1336010254448
4815.883364966655,4733.112692495761,2865.2864117542354,2580.1963329511664,2568.4310336673284
273.6091194970485,122.42233570074207,34.471484940750685,14.54823174693086,7.004761122631789
3693.9426652236652,2487.7737771506995,1042.654791572993,645.8424863467324,445.0769367446663
3008.0954980107745,2045.3410172708968,858.3669592964524,535.5493559956219,372.4673609564746
8648.359704309938,7267.023980087707,3770.7333378085027,2905.1405541650015,2475.6689995260213
123.17583265185927,8.643084552565618,0.3590696919273553,0.023762818792436288,0.006610576419923536
863.7808883841583,681.8718253111916,332.39384175358634,240.2714598646028,190.2266271566406
585.1910212631127,175.6417306024754,31.679204010539102,9.019652911154965,2.501753373938954
9675.228878394468,8632.002320826665,4750.662287359972,3869.732000789362,3483.980846923847
204.74522568146392,50.0909083375763,7.087981012542344,1.4686196348796248,0.32918091032508484
5315.951532947963,3398.9051745080324,1339.1927991603134,783.4379487854795,509.86913748477787
4572.273943947514,3096.095633530148,1292.0954862289075,799.799083952711,546.3434820087174
2328.879047900577,1626.5604856585269,697.9011310422807,445.6356735943627,318.34537282175455
6511.674134900659,5357.761760985059,2722.4556158699324,2050.1604429358754,1711.237401720747
3720.2763351979543,2476.2647265762857,1017.6468103098728,620.8141638121309,413.99964695621134
4300.7212713289355,3068.7174225481526,1355.6659677603639,886.9437101875045,641.6588798638962
25.404828981401966,0.007827838439168948,1.5102983104641418e-06,4.272656390131027e-10,1.291806999825182e-13
3109.006503370662,1993.1487164758507,786.8100503706474,458.8520337691085,298.54874696728405
294.1999197118695,202.925389129159,86.42736278891668,53.15424436353289,36.404462637355
125.82228704453162,40.875642274444296,8.128201920644672,2.243055608589522,0.6723545294509145
3007.22482561789,2220.415233524198,1010.9259665475303,683.7436947809629,512.341264649627
2380.7053909040674,1746.011161550724,790.5092302280248,530.9987653743357,393.68922944712654
4853.247544475974,3050.377323385798,1180.9234968363814,677.7780563790153,424.81323267325854
126.13856587731355,47.988355606871686,11.961426826228585,4.190535533486475,1.9449398464846674
569.9947742313624,641.3822329498952,443.5030551257641,455.94432483735966,519.6857043013
3094.2014202910163,1455.1367457645558,424.07805588020767,180.25044493621752,85.93982929607891
4085.275150310392,2513.0092747661465,956.4900361498144,538.9309090723802,327.898622960018
152.81506334818184,3.5519241959469126,0.07161434493837834,0.0014540673927187385,3.1589272232490814e-05
7754.0573160072045,5014.787352792038,2009.7984328820553,1197.874329750032,791.2005704523622
3593.8433809043813,2457.605776775017,1032.1190429759215,641.8325504664999,443.56420662895766
308.8739367095306,126.04635102408332,31.848829746829058,11.88737943316026,4.498721792452259
267.16303665964494,121.03787892297859,34.09680352680727,14.350452568979632,6.040619301114173
6489.487925356669,5904.324234100627,3312.7915984118913,2757.4666995788725,2544.73790780305
8017.323718451973,6126.913309676342,2896.831800709923,2036.9726977963012,1584.1222853533486
299.4529677911329,116.11881272723814,26.72756835485474,8.695826041473016,3.0821669811776333
252.4723601020098,205.25080889976104,101.60666999663356,73.54414316386975,56.79502437102508
1065.1909074788296,832.115528888481,399.06926166419186,283.0701708337883,222.25888557459143
6576.328160128149,5301.9054823410615,2635.91212449493,1938.9155801789661,1569.3231970590655
3897.425925462112,2522.312744556434,1010.4638872931163,600.5297278588027,385.4285613079722
4091.6893926816615,2596.6861540712466,1017.7845566114086,589.6388849101601,375.9895963535919
5500.982008081254,3913.5011580164387,1716.4606862735848,1112.727727580608,806.8743310407649
3993.5513120855644,2836.4808755623626,1247.2343151476523,812.2623917197197,584.8086571498449
895.5763636761496,779.6483472204715,418.4646067920576,332.0388451593008,290.55373279345406
6469.040843928701,6099.9919964808105,3543.4927906595713,3050.4762614487345,2905.5000350694822
53.941328381290475,0.016620619807045788,3.206772113211002e-06,9.072006017800726e-10,2.742855920574453e-13
305.8346714903449,189.6344374314604,70.84672099711948,38.386649870839875,21.71758969507651
665.047102200683,734.6144485857238,500.32085824937946,504.79622908391644,563.5302343963513
580.9411444396843,401.83119601758403,171.63379949300705,108.05549105906988,75.41171120183924
4576.4175734145,2901.729198716354,1137.100623038473,659.8972971614216,422.99522189322147
12937.553787408904,14861.088034725082,10546.258233209752,11101.566261183938,12920.974203820479
4697.371925754433,3082.859071497589,1249.2763505599096,750.4318504648725,495.7148754462995
3565.6174585462354,2630.409736936065,1199.2898989797875,811.8259079917024,608.966719910288
355.4237857648226,241.16588454490147,100.44424528704549,61.176903594653695,40.94688770442741
5067.746264586031,3995.3398416720242,1942.2596581600892,1397.5687567845303,1111.4284680757194
5512.34734375813,4540.608764336187,2310.509435157544,1746.6121146242829,1448.2252391400393
766.3430829652585,549.1311169727104,245.43304292309512,163.40594095076196,118.28732641746956
5183.084484475302,3510.644007828394,1472.4616032493673,914.5996014858548,630.9775837668344
6247.916261553835,5032.7824635520865,2507.9783937925135,1849.8822006620971,1503.768836268189
6449.042305972638,5250.976236250677,2640.181009914815,1969.9417890134052,1622.6657248914087
4285.2334221828105,2549.99602913574,932.9472357680872,504.1204385438529,296.561188028803
4117.869272220352,2605.3360953528404,1021.1397496361245,595.3851281878218,388.7678188669323
4279.099631481231,2711.9592198237697,1058.6312970437955,611.8209540338432,391.72031272756277
2557.726810818413,1900.260907015595,870.561649552903,589.4018347340321,440.3377105648682
8636.74082499361,8359.175464307236,5002.039763472438,4443.958461067215,4362.193277227929
3831.4223856145704,2617.834906206375,1100.9751016747005,688.9223645989687,477.7744167192214
323.4971630302955,354.3746902814491,240.84166100438233,242.5844929010068,269.2470705058782
3274.8894975440653,2129.6493715412194,852.4279310579863,502.97146222693044,326.9418289965548
522.4498636479113,337.6531270651637,136.0364538113902,80.96841574641667,53.53990943233315
132.33170338657354,55.690081962870934,14.181127114475059,5.014119394461431,1.9346716980660352
215.08512282978245,18.71538545268507,1.1680389138586116,0.11216522284050538,0.009162106100789344
326.44306876500264,316.0288212399648,189.90312617359837,169.32959334779275,167.1480454152382
3673.6873496630947,2458.5111157181564,1022.6170054788414,629.9948038512316,427.6217504604423
2425.4422471271005,1867.333313132523,882.0013309880726,620.0675708310475,479.6697772688891
558.3995523728569,318.2717815471055,112.04490569526429,58.267333880068975,32.17928807044831
3602.428688067969,2382.207916919803,971.7362521960775,584.6858514417268,391.7274207472537
429.2688496733351,387.3715642008163,215.3856001586112,177.6501873034595,159.41642897504593
3573.051668292166,2377.244890945339,983.2189044487711,601.1842692786863,402.4569086835542
340.7891152222383,124.5997104450269,27.341553837768558,8.959116221826081,3.014799891535803
528.6916436578657,394.2995944653198,183.97536674780773,127.06120599756211,95.0375812462006
109.72932888811745,0.03420764589027662,0.0036631622702695647,1.0363140562174218e-06,3.1332211851415443e-10
3360.0727711644604,2128.902526932103,830.3422615860118,480.62500767780494,306.46012299657366
461.5570124604954,330.4976215090905,145.25194995545016,95.62550644691869,69.76168635842224
2693.3673001595503,1703.127408420452,664.9543538375448,384.13729446511763,243.5812670634633
228.84935934358123,194.87626413808002,102.92663987944148,81.76159376959482,72.22653549970215
595.5030085799791,315.06330005428475,104.87138810255915,50.57956341485962,26.198804983780605
234.52265552586636,118.58019163058958,38.14640417283719,19.096421039045584,10.739276662029605
430.96010997879245,226.35661125742874,73.7066516012411,36.02701830062488,19.268009459069333
3008.824418886058,2027.8880155642528,842.4402357187199,519.6530089234177,352.55523359712174
441.9847497289129,313.30208949768195,141.59277656590484,93.93840773942156,69.45020079488587
3300.832331205438,2305.0836646883085,1000.1447363066172,644.521527070666,456.1301849582263
634.2827936989208,493.69636762422385,237.7714289557951,169.65224743553742,134.85991514436574
521.0235173354912,351.9314973647471,148.07664269422742,91.33649455994903,60.36904871092101
4122.006341188298,1444.2975800770805,314.4388089088183,102.52537893783528,37.42718412832596
276.2984941471815,187.1934928570176,79.32959974376728,49.949896090200774,34.59511610761439
728.7983375769833,317.4300534130898,84.62188234035185,34.307272495573635,16.178050226093983
1498.460997031356,1052.2977367268575,453.76535373603485,288.384758930099,204.00710267068206
972.3486528926235,326.02250357787585,67.52505283058301,20.501539741716435,6.587886108395243
305.7304552909314,238.70828598711205,114.63227166854303,81.89795463594419,63.451511272201316
842.330234850225,474.23091308958504,163.55140310280487,84.07197957575775,46.483576576397105
120.35607959355636,5.413868502018959,0.18198649047622742,0.007144052496242072,0.0003004004774297522
512.2766228195095,225.75076194959829,60.53213506238077,24.408297438372433,10.887206672289027
319.4582556478483,196.38869394796944,72.78247094181935,39.33259478692564,24.195440449095386
322.92239311302177,231.394645823115,101.21111019367558,66.53175646045848,47.63212844433665
524.0629481601453,396.57067709811656,185.29432031484941,127.98556197946392,97.00079762250168
5273.659554898525,3292.882245600033,1259.5651187773415,712.3983201488816,445.6460590064143
3414.5034544970567,2444.015463702716,1083.1819397266866,714.53983310462,515.4862236439316
473.7806944866966,367.7498712476534,176.56296185663984,125.7055997686867,100.79390082875459
248.37490484926397,227.33895258977358,126.62494309880887,103.99807810339107,92.86748522204331
4588.199310902612,3692.2041607992783,1836.6691996274976,1354.2568596047256,1101.8561609181115
4318.9645736307275,3111.6570764124353,1393.0482064876921,923.4910874709763,674.0418560632239
5344.458390235806,4301.847067169525,2137.029762236671,1577.9514923243319,1289.1680804228292
4136.697563296504,2713.722355927136,1095.6044701346111,658.1497734356934,431.5716156401009
365.27599547372995,403.80350147308314,277.35522373478784,282.958271398841,313.5199481254063
7450.2089235538715,5751.624475694747,2735.448369789011,1923.5154567605698,1498.415791685758
264.48055221649093,204.9836191208435,99.27166018541243,71.4697759041259,56.321358220156256
248.50077495097378,98.42751388770557,25.197132100978184,9.765723467522731,4.013606148556705
4906.615374001169,3455.877692461093,1497.2502806138905,960.9076093455494,688.120479283638
4159.376296864684,2657.302573516746,1049.7314478302153,616.2388218216199,396.1892748246752
1896.153767983963,831.775631727073,226.8534620785743,93.12374644171841,42.52699383186976
4229.707898861685,2951.6391007755437,1271.6927478942,817.0510412878455,588.801271904988
319.9210218192644,185.9838525568115,67.52739876142783,37.06180063226797,21.71411447927049
208.96816057312049,196.30177302561034,114.12815838981591,98.45606933723782,92.85375269329005
211.69443144053483,122.95596945393584,45.50811823143509,24.716428567813136,14.658655398936313
3796.4852104972692,2355.576512113549,901.1592011340197,511.3251255268404,320.2527434170346
312.68408505002225,269.6232152783186,141.74298610388547,110.91651955516352,95.41984537033338
4994.730793350625,3762.881757544345,1746.8391415122114,1207.8496137133548,926.2972586125849
4778.378189756781,3690.293810955665,1758.0086831486808,1243.8871920680465,975.0576091277859
1718.1229731027145,795.8162984612217,226.43698655430111,93.37668914394571,39.92054210055757
100.73501540363708,38.33365379153157,8.727935636594383,2.7937116521469987,0.9738874819921219
826.9493797572821,456.5613865522092,154.07592297814818,75.27669415802252,42.37227292202128
374.4505791321903,317.7774544278064,166.3892689170543,130.37094555770304,114.00980322683948
221.04024464983343,139.19374185380937,54.61687272072041,31.46013081418009,18.355051319398488
9568.162343693715,8922.94736141307,5130.185611968695,4393.368733849984,4167.872589022977
4494.107630318447,3060.406469133024,1287.9824667471278,807.731270749807,555.7787717833476
5167.561658157642,3505.3545459857824,1465.7762835076137,906.812792880547,626.3400132567042
5207.231035078734,3840.121771065468,1751.40244490553,1184.2727773565048,887.3579575023658
6182.312166782207,4060.014957255341,1648.7990917488667,996.9991222910743,674.8513139844869
5788.642899320461,3792.643880892462,1537.8184823423057,931.3415634877929,622.5869801596599
12401.544153445564,11238.258024812632,6289.244142830687,5224.35002137326,4786.874454078382
7716.8897109412155,6117.651833016966,3001.978856082972,2184.3320550221797,1753.3564185418861
480.40569065285246,451.08645127706296,262.7191925967236,228.86243915355135,219.9635676340266
5719.21982363214,4772.2905171670045,2467.9888408485167,1889.8468776105353,1599.6554467224191
78915.53535841647,109575.9532271166,93759.6621887254,119227.98482243577,167726.15631700755
33338.477274208824,38649.700177692626,27627.79905652611,29318.889694566547,34415.57160736907
1175.9269425513937,740.0015286444362,287.1569986506302,164.53820589332094,101.83785287286821
1691.3999080921244,1485.2783463405847,803.8217889596497,644.7989332366063,571.7044674502168
482.33259192107346,436.86159629681225,246.46142230309303,204.58368643681177,186.27600963553107
761.83192746487,603.0819675331212,292.8553276419244,208.88255113579402,163.23758371678056
459.9258384389972,358.10993875588167,173.17101385458162,123.97327916760906,98.24700974569141
335.75328697870884,207.7934615985305,81.13253485469146,46.4381659345357,29.234203695013385
465.0821613326431,355.302156693871,169.0383863310572,118.88451958218691,91.07216534433674
479.0336294823336,204.5110294438192,54.43492523739267,20.284047760605855,8.947229709027972
329.80784318145083,252.13081779176838,120.08944911538372,83.869791135995,64.72947929026448
475.9572408099881,404.13463406446436,212.2379841770927,165.99931529182413,140.21198541643895
843.5727411027797,1036.9754936575523,793.8702272893266,904.8279887781677,1137.7938437548837
4417.957536654622,4052.276122080207,2285.1261977158297,1911.1424612767994,1768.8765299007123
669.0915380602681,613.4663236416607,346.3998331112313,290.29515193741474,267.61066423253163
693.2926118534392,677.477826009963,413.1552419412708,372.7528151513299,371.1259305729472
267.1521193063216,193.3661462066094,87.24347144807061,57.92735458840673,42.3356625999089
661.9362162574015,597.6712793462505,331.21195494175254,272.79010873031535,246.179304829897
391.8168707974083,256.8514006728486,104.30120238884302,63.469861522642645,41.67098854468847
719.6680888669222,740.635140380055,468.5482640822022,439.2931470939337,455.282967179207
89.09794095015054,76.36343949074138,41.87574066180592,33.94114649240695,30.154184766655685
320.135855440383,254.9509144915013,127.4956674493455,93.57830625924994,74.57833905410396
528.9624912926415,286.17406425777233,95.72627119180268,47.960116259386524,25.34480615183867
39450.79515004026,46394.07235106862,33661.710946514104,36252.89191695411,43168.532425149235
501.64142828903357,427.1837513097745,224.89051294541974,175.52882372604807,150.64263928300346
4301.369563100385,2829.6549367607317,1150.7546792258292,692.4247373576928,461.20033239750336
8650.490100902198,7741.061220100814,4271.237954297758,3496.9815162392456,3163.905791052195
327.26433126838265,125.91314744416256,30.723389350933335,10.539941771430682,3.77591560545701
140.27289238830994,7.0536820998495235,0.20929151433600982,0.009099913171977548,0.00042391661227038607
475.3586765516944,387.3994995781034,194.74404849787066,145.4075274859923,118.82761234934404
417.64501315477764,339.3254220751456,171.5666546772911,128.64046289317162,105.31860616101596
253.58773456813515,143.105473730833,50.210936929792865,25.56962018637364,13.673548959693104
4428.150135309676,2891.0134194130724,1170.8220578161202,707.4660536690559,475.4699125291893
413.9727568806506,273.539779961661,111.67953716223413,68.07729547869171,44.06486210381992
395.01638743899935,262.485439354591,107.86416607792677,64.99496719491816,43.28530386958138
95.50701733667881,0.04349334903927406,0.00490211910112787,0.01196748340486178,0.08247559260171597
5978.495111757175,4636.0180298498035,2220.6002579969104,1574.1471353242034,1239.2943248598767
357.8410824348581,257.45998170869046,113.7901311844995,73.79242535962338,48.788085932943545
387.26769634458617,356.1613717042774,204.449475683057,172.91009981538977,163.12456034685624
3824.27357620488,3159.536342394356,1617.5037161683442,1231.0889092368695,1043.7024450882632
441.11480891220623,276.7836620512351,107.60400167783214,61.761097663848716,39.08369261400342
473.724120129637,407.5835033632277,220.45340087616023,177.2756779558183,151.70045342679228
298.59205921396864,234.21656446415207,114.79281692936848,82.96729125368805,65.76695745213686
395.17719931057707,236.61345164839798,88.57181376146305,48.64761368387659,29.060372448483538
8474.659188949357,6269.373633951157,2862.2994637501065,1936.100478372573,1448.7453137986945
9610.130664322887,7874.585129737301,3983.605085036,2986.3100398218794,2476.1849673573383
660.8712583376945,406.2695976866705,153.89636209332176,85.21572259523205,52.57486944203756
324.12840773587635,239.6580835045116,109.23585221571028,75.1897521399144,56.7324925273587
367.7073988742109,311.775892910423,162.79611511822176,125.76640350040762,106.69978223308841
7241.072485223293,5694.22268587242,2767.0652702682055,1996.930120595338,1591.5942476633943
462.6369193569874,370.99704612543235,181.97331332813152,130.87583442209,104.93009162415045
7241.102023727249,5644.082953884708,2715.2392495130093,1941.3453794789257,1535.645169248944
565.7845600808324,388.1105602038661,163.62248691874055,102.20861070887173,71.4382392384917
401.78572882186074,303.5611299667688,139.68747667504704,94.55937050335763,71.02699828866703
2010.4460184630273,1178.1274535002394,428.3842895158344,233.0764940768444,139.2686884843813
797.4672136842237,627.4579543319531,306.9691165775605,220.58571669166648,177.4251949787162
618.7565083835243,566.2072012741954,320.3398209214964,269.1778907179188,249.8414594861136
337.70924460079846,227.38342619912018,94.92075544617603,57.75881177526147,39.20196237215329
1418.773107533442,907.0999287434013,359.31927603741286,210.86663125785816,134.0043151100946
513.1550902833967,456.73849110856196,253.48527732753777,207.28503872328193,187.61063450850014
304.11937663860806,214.22906850825936,94.51422458210685,61.2368909641387,41.28984559057374
4501.344568900786,2682.789512110659,992.476665190056,542.4943342034078,321.2101441183755
535.9211627798212,413.0707229758246,198.21990792720746,140.19341769005115,108.8850404027324
759.4474244869155,551.5334462175501,249.90934394615093,165.1486039467471,120.51164586233071
4237.550030947971,4854.9734029759275,3429.011527638681,3585.5578300892676,4146.574281552203
372.91493357194736,287.5017150520571,138.61471288778458,99.6672857784748,77.35496515905412
326.3505874836168,294.56715319931965,166.6882583533431,139.47088797168868,128.02133655566863
199.33795616144943,0.06249492573562255,0.01428656823420241,0.02279074552928757,0.02014662374587934
15269.726403107476,16785.97374406245,11424.058685852438,11519.244150270511,12848.404610875908
527.7507314154454,312.8485900484905,115.17587659251856,61.674816776306336,35.94171594663666
448.2384204083211,366.23119652608113,185.48784813831838,138.13791407927258,115.11444175222522
1.479089856147766e-08,4.609011278802158e-12,8.993242059449051e-16,2.572996059022646e-19,7.867313819576499e-23
412.1016019423305,171.36080297754876,43.65361769617137,15.724756193057743,6.325837556985779
593.8432059778256,306.0353916186621,96.50338459130205,45.119536925646486,21.85668387602203
597.7310407862045,575.5643286049259,341.78555280388076,300.0198795299262,292.5710707801102
109.09539072913793,57.582217117056764,19.523865471644367,9.892666878657076,5.103979890435865
655.6942235456755,619.9294569351983,362.09791262653016,314.2275731492815,300.4261060233739
647.6082278409802,648.6446654320624,402.29556565608186,370.86486615434694,378.21086405213157
840.0294283104749,613.2249184845973,278.0267630337335,185.36815995459523,135.36736026260155
244.9599999670486,226.7709319728497,130.37364543709117,110.68348670090474,103.49288335801423
593.8860026796334,385.33955843710527,157.15859372515692,94.8483392219078,60.75392584188716
523.3653242350166,488.14758952779385,282.0618608297032,242.65427500718621,234.3147690758447
4840.827312132109,3435.1890382709885,1518.1462847130688,992.7130369210912,720.459104160237
382.90592001624395,352.34335343389415,204.0902894871113,174.18214334844137,161.42496036064537
231.44539392295505,66.34967418229756,11.706655950552998,2.8623188983147747,0.7587573575407396
551.9752160018525,486.5879615185679,266.16726247673176,216.943035161336,195.312749072874
530.0407527501561,369.6726904543733,160.1312018474366,103.01305784504122,71.87057684458857
1.479089856147766e-08,4.609011278802158e-12,8.993242059449051e-16,2.572996059022646e-19,7.867313819576499e-23
12633.706503237168,11965.554164385503,7038.124445307913,6120.4073959867865,5873.779045205475
1724.2270133919267,1125.1777134770693,456.2504179405944,274.1089526710736,183.50937062365097
425.9404379705817,256.76118131999044,95.99438952983971,53.230139164329444,32.78646396865649
45.16369330515713,0.0139264947981932,1.6216105558431657e-05,0.032637793751458574,9.867802738448583e-06
599.9240749102166,493.00308349324376,254.02887985290835,194.35811768576366,167.26051996195284
616.6813682785486,638.145313965333,408.5866844281067,387.8939710435562,408.2935325935026
405.9365259615012,301.25686674444165,138.92086592828437,93.8055747026993,69.68454805135673
903.0320693398102,811.8845180534697,452.77163765314486,371.97733105084393,340.1871911188337
797.8537389808852,757.2296905304902,446.7296296605527,387.4937325689915,373.40873306761836
3881.2495367108227,2417.34004517967,931.7015291041944,528.4399017660132,330.99658102405925
283.3869640802485,267.5297232303665,157.30797547826498,136.29851501873193,128.03650938151566
294.6907394764446,348.74588614706823,255.8854813791367,276.9656354422669,331.8801912656762
1447.2150278494466,1388.1434409555413,820.6695343102851,720.3513302562831,697.2387432866799
506.3731747207723,261.24379067594,83.31040890860977,40.1638584569757,20.084290683859216
431.7480771125941,257.9621770870843,96.42732898701722,53.54155108527051,32.5153529076324
523.4313292400623,563.7951928776228,375.43330320640683,369.757113424447,406.7825996854874
730.6571697919275,600.2841603402223,303.5317790817381,225.37044897449493,185.38479191171007
1170.32135313901,868.1731267058522,399.11536682733885,272.61953192985976,206.0689608209103
857.7471976322365,640.5892386947163,295.14855434704555,199.93879140703353,150.61518204529952
429.37056086837754,250.37025400057271,91.51860700882891,50.29259590307258,29.365536661126978
443.4008305932634,417.8984633152781,243.39431438602176,211.68464132031417,205.23285890149307
1040.235468817962,987.9009458817807,577.3360562211152,495.876561063911,472.20002734765666
257.506557893174,141.96782345047978,48.248283414762014,24.346944623057915,12.72220781245924
383.2960938715735,217.96785076590217,79.65847317814196,42.49509961697928,24.421034451274874
568.5486606825269,532.8263376734816,309.53035145532994,265.69098201622137,251.89125106002243
3950.319869056991,2362.978856715011,870.9132731788426,477.34166702232943,293.0967603584205
536.6071587286012,442.0435268274188,224.8698842503893,170.1593705618273,142.88864123807102
236.35602131055123,178.4687252092278,83.77022210064297,58.16020983160331,45.27194543762024
1012.6819102911348,532.1055682586033,173.31442984664193,84.50713646922048,45.31147473525436
665.2415409362839,376.85257165978095,132.78670573056132,68.3516456178263,38.679970556786785
638.6206712956089,612.5068990609167,362.0440233793812,316.9633072670688,310.59443584385286
304.3723335404089,340.96317732535306,236.19327737257362,243.9452573968171,279.6825408056457
721.938192765023,440.1988875358669,167.2085908306737,93.6788832919712,56.58690745414735
129.15403372090228,32.83410220693791,5.260202554161524,1.1478786968659604,0.27115129599003596
1.479089856147766e-08,4.609011278802158e-12,8.993242059449051e-16,2.572996059022646e-19,7.867313819576499e-23
630.7413751929272,587.9146313649011,337.32034855188743,285.93140732663625,268.8189569993865
346.3087496292049,292.782241062666,151.15322239778868,114.68727947621788,97.39742224212678
4044.7988409437817,2575.5702302947884,1015.0635034781234,592.1443608322913,383.9302691504069
545.6089293337817,404.2838927348806,185.9254396823931,126.95056789444254,94.62430703675791
3558.9406929119036,2104.4161576576585,771.5897032610748,419.9130071855467,248.6096429898915
4259.586007082529,3131.487668909901,1423.0547742744711,958.9877288963119,713.7198703368919
627.8610603899159,495.64213966350405,242.88880486507608,175.41239069181748,137.33532703813938
558.7424014752124,678.296875759201,511.3739695117869,571.3923433935761,706.8081692368609
3613.1744785262645,2323.423256187855,922.8185988559111,543.7956693209727,356.09803662415135
447.20039501633374,389.5277822159976,206.64082855092997,163.32137283327407,143.54921245501188
3699.632289984234,2193.111302358041,809.3782062610986,442.72116444551006,266.65309238883464
180.4581563854568,117.03930438019248,46.96299839921864,27.640502697700395,18.361708010658123
586.9367685559988,367.4976204984516,143.46286349029313,83.7104555470361,55.236768447083186
2567.616464491992,1651.5594718501468,662.1105154532328,393.07139842432974,251.84574469811068
3420.2876449700884,2075.04457590383,782.0486109234645,438.0245698201217,270.1158161962307
345.87451965836755,345.4233931686349,214.36175811095322,196.23022836201733,203.86555747102648
1727.5117169167227,598.8483052469069,128.0265351783861,39.32448001027141,12.919898320125334
9900.564221005918,10044.179934756297,6321.125080946786,5885.446963287956,6061.4361442115405
3898.1647048080454,2072.0580207232774,679.8188979111427,331.57438266543113,178.3061114426505
327.8060561382607,248.49824901717363,116.93981791891187,81.49434596659383,63.76475317116094
533.3483438123546,438.52704224942863,222.14649288343423,164.84078910515254,135.81545777668484
359.1372971976745,321.1850787276025,178.77395491187158,148.24447934794034,137.2258955114867
704.4734983663323,598.9922531311112,316.82760082763326,248.44395120287209,215.72857126489714
243.16187420129063,108.18649591349421,29.956423955564293,11.518339497243375,4.736205122265039
1.479089856147766e-08,4.609011278802158e-12,8.993242059449051e-16,2.572996059022646e-19,7.867313819576499e-23
12275.527554032587,12615.227895825483,8044.34241696053,7607.734457565798,7964.964832310397
316.7616820973579,203.25077413472852,80.92726990908685,47.230275656352596,30.45345826911889
155.74935805546764,2.52482032131255,0.04894704425485603,0.0006957330155621038,1.0577311019490819e-05
616.2720881861559,651.0673153638373,425.25582997855065,411.5425696094877,438.241037647344
466518.6093872402,250709.55177320304,83029.27594221036,40835.74737579907,22102.233990783483
56925.85625197058,36472.78006186528,14444.841186995634,8496.945050717632,5518.70087641666
63550.31990286654,40595.79079205601,16052.809225439747,9419.57515243623,6097.982419796312
