121504.92264130409,964075.6738566051,121577.87507506195,12115.85010011173,0.16368557054815813
45058.32849739823,226090.8465980748,18459.16872967233,1165.0666553134006,0.009968877314311052
6418.620779861579,92175.0905438282,20657.066968033036,3838.2772847761703,0.09354409909728323
1125.0044780766896,556.3354829953876,4.844315107759107,0.030009685498146522,2.5202687533044365e-08
18.860821680259438,55.17677791329961,2.84182932528156,0.10487573744469955,5.24697121725748e-07
46007.88059252837,186873.48460537923,12507.73910374495,639.1638143390817,0.004427945705264401
1404.6152306155413,583.5419294036822,4.277208299487011,0.022254681850741104,1.5697797502873784e-08
1063.0110975362097,910.7818871846715,13.1953605384857,0.14167617820014522,2.0621905681365352e-07
1388.6160370755867,820.6073004212112,7.844418206893667,0.058024046736485944,5.818508214358478e-08
1434.952119417459,659.6751611144771,5.441317047540502,0.03133874132554875,2.44689546411895e-08
1123.3723737725895,681.9126788533849,7.652881549998336,0.058289990818913305,6.048911252498798e-08
667.3947057653448,294.6143374222227,2.5525840133120377,0.014129014654185429,1.0602299110287381e-08
563.937944744958,117.53320650566681,0.4702907876870516,0.0012272420724758072,4.341605112003071e-10
1230.3420333468073,552.3337172040347,4.554199557733089,0.025618942107063503,1.9537395796004634e-08
1156.358395217889,987.4385620056676,14.331147973119714,0.15336874797942338,2.2250980603801286e-07
865.5252860479126,505.6643540654619,5.828994429869238,0.04276884554133305,4.279525283604737e-08
1424.1554121528982,496.01022315729426,3.714752684101801,0.016226842233908845,9.60935987693818e-09
1504.2565790564227,728.8817735256642,5.775834409424153,0.035029624258533114,2.880133209596783e-08
1135.3198428996657,603.9338075739915,6.136449595231876,0.04093754763403394,3.702395675792044e-08
1403.3349470066591,873.5775958644398,10.461974378114698,0.08172016535245336,8.653687085363781e-08
1359.7746315178815,872.372097841189,9.868091149381673,0.07934561701344911,8.649063763948046e-08
1096.3414070203949,905.9924204817867,12.643386159511824,0.1309819180966933,1.8445706159608973e-07
717.675974554247,5371.735955581743,643.132410685608,61.67511500406694,0.0007868564343192812
1148.4927891350048,576.293992097652,5.255818925071736,0.033049966036155426,2.8174615200680775e-08
1608.7274852724192,786.0609489008413,6.638519077642584,0.0406250717288002,3.3703377524674355e-08
1513.4720206038185,907.7603515151644,10.017593693136643,0.0753377380316825,7.68100598661861e-08
2145.852531002372,495.8510781872662,3.0120980704171316,0.008732165862695986,3.4318726841351557e-09
1760.3600617424866,1150.0118439469857,13.268729376558273,0.10864554205898813,1.2060098496290555e-07
742.3660785974023,42.858567790963164,0.03271323321401435,2.3617171120303638e-05,2.3114717354752285e-12
879.1482086929412,116.52245076455436,0.3805196491845432,0.0006317608651761479,1.4219511092488508e-10
1380.0554257720846,819.6442733339871,9.918072244481726,0.07396448248553031,7.477829199052742e-08
1228.0559538635218,900.7442852390673,10.598514855544888,0.09730675843129255,1.211148443097533e-07
1408.5836776821632,785.4499128552122,7.669270834002891,0.053578677545538946,5.0744182905416936e-08
1095.2218023569346,544.8143607273096,5.003936294470706,0.031199284125838576,2.6371439611018965e-08
1050.5656850710134,760.5130217941744,9.862775451996344,0.08952891227905047,1.1017519998773636e-07
1098.667031647724,1011.2596705555673,16.174073871238328,0.18668822584554587,2.921264175773102e-07
1080.9151642439374,608.3057989513335,5.861488919545287,0.04131651216348857,3.948168830622658e-08
1346.239314463912,19511.346523598833,4352.398163974829,868.9062671734631,0.02136134059571102
1621.6412607890586,983.6194837096672,10.634336526393582,0.0808453268412192,8.332125577081592e-08
1246.3901386796174,698.8944227053667,7.0319790100748225,0.04941705045209945,4.70795641568327e-08
831.2853607576567,127.87942874031936,0.25996936304551266,0.0004999630817576632,1.3034969443917856e-10
854.7025638066024,490.14328460497023,5.130928175862286,0.03688618212487432,3.594908472838265e-08
5075.567343061032,3885.05574442026,53.49561010223663,0.5135770427002695,6.684200073533282e-07
970.3421958467583,203.5620352725307,0.5641892390617763,0.0014794188305476083,5.259128796949701e-10
24362.69889341892,1631.7890134264615,1.444943638617099,0.0012102182172228954,1.374145658435811e-10
1489.370774506564,708.0121114395486,5.917925863670836,0.03523879295691272,2.8446502501079975e-08
2056.741272976743,857.8595689631804,6.309784236503004,0.03296079108220117,2.3341947488067992e-08
6709.027864134353,4969.919035848209,65.77434128973293,0.610987476931643,7.69421803377453e-07
822.0626223190754,136.46536867433784,0.526417040232727,0.001094790755873453,3.0866587671375813e-10
10248.228004127035,471.76729868475127,0.2871428336179126,0.0001653017698482543,1.2900701552096964e-11
11500.441890808275,573.3764231487602,0.37796220587244905,0.00023565100954390811,1.991803714121941e-11
5475.599123198234,1848.295746653851,11.212540835025752,0.04739618133473647,2.7160577623987955e-08
5634.3776363143015,4019.259999339745,51.59187924126352,0.4615062840645481,5.596677295048825e-07
3073.690971369676,302.3086706673974,0.3930295742354528,0.0004833374538262889,8.058087478247464e-11
12433.110677443647,474.970125245329,0.23991634019487315,0.00011461898644608261,7.423515197049772e-12
6812.540357202454,798.4759593710359,3.06717266760149,0.0045067701650590335,8.977365489070112e-10
585.5266889990497,5567.852077272086,814.608201279422,103.99113805976891,0.0016772361526568255
983.1981618385064,7159.951873302099,824.7570195529216,77.21951626031324,0.0009570448737033521
558.3602298687883,5500.626762730478,830.0738076102953,109.64809395501725,0.0018306172778744265
659.7071129114447,6258.6403045508,910.5013643894374,114.38338827887874,0.0018390480559131533
845.7867498458658,428.1214024819235,3.336476620405085,0.021125520859316516,1.8133561853310683e-08
790.4623841477045,6725.771105337047,889.515748446137,100.27124141971342,0.0014491950447170126
585.3242656847995,5272.929028678124,726.6148075276639,83.08037600264139,0.001267084737644534
604.64248749201,407.3522478452718,4.799964747132778,0.040527982170894955,4.639041806663521e-08
533.7801995729217,4919.409964736497,700.5456159820654,83.76973250896563,0.0013095733394791957
792.8155330698364,6330.014078683963,788.5291721837248,80.74854336189357,0.001095181174433295
880.172399261127,9936.00356302619,1726.754148602173,260.1482628536354,0.004979234768424904
442.084406134446,256.9026111400924,2.4822615917785162,0.043273365379949795,4.269004829300263e-08
2999.471155107242,3461.2948041682102,67.47707834864232,0.9763749016174903,1.9152848245998934e-06
389.15956280515223,3936.7540321612987,611.3537087559135,81.2325581734948,0.001392433788605644
9522.059681144168,117064.04250796935,22690.258131287625,3497.690591323824,0.07309387319937857
601.3939230962803,326.0529331047229,3.070419365361153,0.02085285448533731,1.9199489699643298e-08
916.6335608240124,9498.730653309809,1529.7850031118728,211.8091418656636,0.0037284948049508375
443.13835582337384,4843.154060308609,799.595215797851,108.7356096054561,0.002004614545688146
538.1412276720837,5218.28567207374,777.2670544041094,98.55432458678277,0.0016195550431663608
612.6133957892131,286.30725512463465,2.638638657557348,0.015465830934365684,1.2289181116265888e-08
770.8500448077803,5951.841305604206,725.1846867425656,74.05546232358614,0.0009732818721058179
971.4382005370937,255.16790518945848,0.885288245942827,0.0029061852647830544,1.2933564146500848e-09
526.0182387061923,2452.5139548243505,191.00452209912999,12.36265210317881,9.855652226362287e-05
692.1105437197509,4777.394062906969,527.4413415571954,45.754938626795834,0.0005380948519704929
654.1386323366494,8630.463347666897,1732.9828641912343,303.8272368668196,0.006776006519556816
994.3095184248552,6813.508519595114,741.9236585951309,66.52670888477313,0.0007763888961695925
124.06702985697531,193.85988640560976,4.6807729907466396,0.09151582017279125,2.42566734144161e-07
537.0770560692329,5415.203519897113,844.0948953367918,115.49594216977857,0.001977090950587894
358.2764538531029,3549.459058998621,541.223067354419,66.98074837739522,0.001123779392712608
597.8459104921985,4925.19600160808,634.3876165692144,66.69777207183064,0.000933597098318701
357.7569396588169,3745.102352306459,596.9074870271429,84.67685053146153,0.0015007868400111672
866.5870942220877,6202.093183736017,703.6245764270919,63.21677099408138,0.0007699822165874823
399.0953296598636,186.91715831316912,1.7650299645282905,0.010370118552832432,8.259841412882264e-09
577.7464598384038,4296.522967079653,508.12543052049045,51.383080381586545,0.0006513113623324858
121.21872261837676,265.9630672027325,9.51110554176128,0.2617786172280759,9.767735131851752e-07
413.9127473159574,3910.9324255722695,566.4282936296901,69.59716990457132,0.001113996960853115
537.1715436800689,315.67211420034704,2.9950061812485145,0.02202939745448084,2.1966652305156734e-08
1122.195556786404,352.687455553987,2.139954459095336,0.008425937147658217,4.497676670559157e-09
439.08206109386776,323.732352434098,3.9985092353961926,0.03692816357485386,4.623530176476829e-08
918.0629246436533,154.51888617089548,0.34366260660746606,0.0007230838676338336,2.062535257380544e-10
735.0331018911914,525.5808053881734,5.848141997169198,0.05235544281520867,6.384348316685978e-08
1075.9522504911552,344.45415152485424,1.9199860961910773,0.007694991958235112,4.180946302405559e-09
518.5973770496956,126.63083070625207,0.744908860546231,0.0022810597262130096,9.46948800172953e-10
1018.5634275463342,520.7314514648245,4.929141878380979,0.031588078145148434,2.744299094245388e-08
481.7971297261963,98.83768222142778,0.26788251368771954,0.0006869116076719398,2.3878864186734545e-10
1154.0152935326291,382.07531062719454,2.268969656761428,0.009406950416371436,5.287195336519885e-09
681.0583647771815,347.80775780918583,3.15245184481975,0.020189770844920844,1.7694733170536427e-08
1055.7650068535158,88.3434869912979,0.16632000809847508,0.00017419903621799002,2.4734509672967247e-11
1351.6062721537141,446.13309320634147,2.8271281036691,0.011691475640554958,6.554649968431924e-09
453.30832882039505,70.89768268354297,0.20269628420307761,0.0003967541675017727,1.0528185353998308e-10
915.322565083935,6189.140159403552,665.604687574298,59.72783510716821,0.0006879700669703928
736.9689297484193,387.42658351765573,3.650830856942871,0.02404994410320014,2.147794793929158e-08
1183.7583626898086,498.69393490609514,3.715713721642973,0.019605500155946098,1.4023936924267545e-08
936.3829706988104,466.6089608399063,4.253702205966929,0.02656490703449327,2.24908500795838e-08
902.477617735867,4609.72489985887,375.71231191009326,24.093945782973744,0.000209467806383077
1032.332287206551,8242.860762393977,1031.2361655562097,103.20407477497321,0.001400208532727421
978.4426968324726,8259.398530932052,1092.5519134035842,124.57211660697189,0.0017889335969162611
605.5361971098463,112.80115954869505,0.2776459119397009,0.0006465302264846437,2.0409985799318135e-10
427.8673878101548,3491.5417431802757,427.30248129132286,43.42377430876217,0.0005982420031127512
657.6165539996125,6791.129407843542,1073.7659738908949,146.9913059145403,0.0025713423385590162
605.8644366273187,138.19959556053593,0.4164441537027653,0.0011872973948348546,4.589005551014181e-10
785.2652957126749,7813.296936506755,1185.2091437001507,154.2179525122239,0.0025969052573909853
660.87475622476,913.9896104086544,21.327828965729697,0.37002086920214633,8.702864808562229e-07
593.6167992181884,192.07768689281835,0.9477899374467107,0.0038357358208117257,2.1044645591415673e-09
709.6781771195706,6236.143230984365,847.0376436732389,95.14009762612874,0.0014179476401445582
1661.8658626862027,502.6184748208671,3.171705557008267,0.012023996932773832,6.1796116249011854e-09
795.7801779206602,417.0931940759063,3.3173379682591935,0.04888186402722757,4.344302262784149e-08
667.8255101385696,6523.5036933383,981.8042144101853,129.7662620249083,0.0021507687646061965
668.2238176026939,6579.269210847041,995.4265793686776,128.70518129106816,0.002147776960545827
1341.5641821829524,443.4625076364853,2.7894099229840466,0.011551493920576684,6.4851541007580665e-09
924.9847240863776,7367.999550705882,923.2769318303224,104.80897881702862,0.0014221127410051554
1053.8565718854838,371.36530553072134,2.2675807599492592,0.010004101939065252,5.983424147623791e-09
178.36035955654194,3682.0290694578025,1162.6967219709452,351.3226755505972,0.012323544346450265
934.5343813599833,8467.515614560589,1195.4200636260896,141.73696301094725,0.002181694128179799
919.0746003752731,6263.730481894252,669.1361016287093,57.162524904528915,0.0006620112718736066
1046.6052185003348,7840.564298322846,922.7399245991727,86.67469767814427,0.0011037290458664195
1058.7005646839782,6500.0981117884285,638.292761701215,49.23660716930659,0.0005148886097772104
428.4648830868728,3580.148331207864,466.78143429620457,51.85553683853537,0.0007364550887907853
701.1023661498843,7131.027583453258,1111.7954659512939,146.85644322826053,0.002529700471868907
585.2094045793365,6284.615742429925,1023.2502053389428,143.9891219408258,0.0026136793652408083
514.8961266165784,2374.17845174835,175.907125421696,10.18733647789516,7.998244388536134e-05
1052.7613761206812,7225.098390158437,787.9717317348139,67.90533422389383,0.0007933305705157608
804.5933280621647,511.37259949135296,5.525263222760412,0.04398802628406205,4.7475805981245366e-08
680.3492106571478,458.29558500558676,5.120297066716928,0.043192492034283485,4.939440252200805e-08
552.6169212800386,4036.2991561659965,459.675368949712,43.74608928596603,0.0005428434091999779
1099.4227577131537,404.9073622360739,3.189875069203777,0.014736119981023333,9.228879204539136e-09
743.9206247636123,7010.874813440174,1008.9198769380332,118.64664540736003,0.0018915227388757183
951.8763411482919,1740.3415251553083,53.845392952376194,1.236223234325874,3.847704842648351e-06
1170.536570241461,429.9421886142086,2.0848169163095074,0.009567269923734295,5.952021202971747e-09
706.9940510740906,7342.200084837854,1170.9516697673514,163.15720700792863,0.002872506968517802
331.50757926025267,2949.29282690205,403.29486210066807,47.32086995813165,0.000713781999103178
1570.4388723205611,4766.013768409605,246.1782781816777,9.40681940449661,4.872956250636384e-05
711.8491298600146,5023.55866307467,551.2055077318645,48.70716730832679,0.000583484416170435
761.8989201400782,378.9826597160592,3.2838422873590494,0.02045983703931251,1.7281379266033275e-08
817.3622276740703,7069.475117829051,939.1083435632661,101.48488992329561,0.0014867717684053563
687.44870729567,364.57485987435405,3.75015157524662,0.024968564754484553,2.2723411530922918e-08
745.298487445347,327.7803435677135,2.605347307209013,0.014355025648163306,1.0722564469739092e-08
594.3692157486788,6732.127162247631,1162.7701441615457,173.3294885473118,0.0033214061337163963
3223.0520090884315,4629.520202886387,107.4793296597844,1.9342859996797588,4.719248884869712e-06
771.6544313959712,7262.6234119179335,1054.6992146468608,130.85963818997223,0.002089232151521635
602.2568163101739,319.9190519644694,3.0014411153631455,0.019975642916104083,1.8023040571827295e-08
1112.9119776921416,4990.49262063009,369.3944937555785,22.679532542142894,0.0001736443334621424
1017.8474008107806,8007.0894393440485,992.7467166843753,106.64372243596785,0.0014284590029311904
1217.3276875156669,401.06086288698003,2.6835215060895536,0.011081806987843567,6.204008974076851e-09
1082.227393463979,748.5293524683611,9.994484993884894,0.08677697198685211,1.0214213622350204e-07
6311.589152093248,4140.087813699367,48.14655863845622,0.3958642124005171,4.412488659264249e-07
601.8989482558455,6082.863490072692,938.4357517996843,121.14458661014388,0.0020712807302041727
761.7251072229136,372.1359795165424,3.0706583463867965,0.018783405867355232,1.557663124955824e-08
1256.4333224434351,395.1015170916629,2.48266119118368,0.009783465032365126,5.226660257738694e-09
1191.3167328508225,375.4508939372441,2.041798448243125,0.008055186459113019,4.308188117025983e-09
734.355564366715,6008.019123840566,772.0682345651089,84.25484425500505,0.001172802902322969
684.20391493993,403.375682979941,3.8541442416708738,0.028441733823252966,2.845381695586371e-08
531.1663297229759,385.4302400570153,4.843792319195047,0.044049713519015085,5.4307153427825076e-08
564.1096737224866,389.3257272598628,4.398790046541231,0.03801100491335369,4.4528887212772845e-08
1277.499635799657,6263.121658029584,493.7525570482365,30.411133580094223,0.0002539292278222461
677.0948497918426,6131.506567622989,856.4945048375901,98.43989631220323,0.0015111434955257603
1229.5293571863863,514.52223245069,4.071127924078467,0.0213512094524057,1.5180516785605215e-08
1121.88031831088,327.6700600242254,1.8712905224494925,0.006847167369597536,3.396542078677065e-09
822.6150615767132,7795.423329551503,1126.9751595001887,133.23888581930615,0.0021355264961416317
925.8225460883776,382.2704025874671,3.06694038702887,0.03984824946142101,2.796303886055269e-08
1237.3161805978057,484.89137598969404,3.501017059886424,0.01718863874647836,1.1440502014413984e-08
780.9800689305777,7905.497109798819,1235.4061658681844,168.10174110142162,0.0028876405126466104
1340.6432109690809,1909.3862741957191,46.306105346315235,0.8276304381624683,2.005354268284152e-06
751.9497683337707,406.63342723040245,3.4409416741849936,0.023280355096245216,2.135296785719798e-08
680.6292149240852,270.5014521930133,1.8418353069363718,0.00916465561762562,6.182125930292286e-09
435.261062888467,313.22663894447516,4.522879904673338,0.04089114526802675,5.011870824744782e-08
975.5739112523207,7554.8725760494735,919.6080624745407,95.88245746662801,0.001263507345731718
952.101689107739,7334.390604368135,889.0771272381977,89.31806894802921,0.0011704746355265911
1442.1033349664137,402.1021071441499,2.61361819108917,0.009140395999933527,4.3335539477783776e-09
1210.3131932366969,3939.1172027222874,214.68318611450695,8.791458311565396,4.8806814496182576e-05
1361.5608578003785,372.2779131541056,2.114145422133318,0.0072439300845273365,3.3648830217475475e-09
1134.0453851987659,342.34864044583645,2.184685369092442,0.008267639059446594,4.241607198752595e-09
57.51696874989632,8.920825099351752,0.01828439681126677,3.545288081973848e-05,9.319202280655777e-12
1148.710911558103,152.7712906252011,0.37638510004807557,0.0006281885710441255,1.5855075871758368e-10
1106.5915328500255,8127.639049175818,944.2009039919469,87.03436186891165,0.001087612484787507
337.8692894308314,282.8693783278494,4.050067064186048,0.04253691018227233,6.085214207251507e-08
790.1276258746803,4812.43283504828,469.56628363167914,36.834719866317904,0.0003822731979685961
670.9012755812241,5021.832702402145,582.7363792516991,55.69989252051525,0.0007075917697880861
155.95817783415276,194.0708702536644,3.4247329673634117,0.05320390338209063,1.1205125126493447e-07
732.1726299949718,299.16810470089183,1.9760385375286404,0.010103860355348345,7.003830107412849e-09
1277.8485575711386,455.44158279223575,2.5577101336426207,0.011404587490056517,6.8938872324436375e-09
878.9748163357793,489.6581020450239,4.665234977262129,0.03255090404406094,3.078994727686219e-08
311.61121452147495,189.26555689475921,2.0264517282019647,0.015424168501041394,1.59156222654134e-08
172.55495103854392,170.5843338673885,2.587187868176234,0.03199367592393511,5.363604197546258e-08
153.12367362305727,40.390968424802715,0.14072519098051336,0.00046391695928511,2.0733135136274362e-10
101.7241054477892,0.011257790122920929,1.9988565594633658e-08,3.356474195819975e-14,7.640843312903214e-24
235.94296676530504,0.026111769566618884,4.6362280081208276e-08,7.785140760362101e-14,1.7722478186456312e-23
159.66869994789846,60.87629313629026,0.38593055983189445,0.001841657660721557,1.1914202513860293e-09
189.65808897254178,8.975835235363034,0.00561651052749975,3.324058624188407e-06,2.6670249288745014e-13
1517.5015010206068,954.0037779779733,10.142211868258315,0.07986105465358831,8.524987880655133e-08
619.460442261578,180.42765597997598,0.9687124643079422,0.0035333360423132083,1.7471545719071354e-09
112.79914972160805,10.938857555323263,0.014022386203552964,1.7002836858767065e-05,2.7949700598515997e-12
28032.557277789183,20433.106183224376,269.28928072726643,2.461759982515181,3.0509052933165844e-06
6701.673847141446,15834.091633998565,638.5026704075461,18.97195172445126,7.642190503986264e-05
197.60856898640787,177.01761438926764,2.7596650503263485,0.0309992973011233,4.7206708537689984e-08
662.0486251405835,467.45572680685484,6.386841095063095,0.05661614180567105,6.803788497894908e-08
24186.74495168923,13966.700814242757,155.60721273411838,1.1272960887969568,1.1071402447135868e-06
95.7476923383925,8.950395819166884,0.011059626027521878,1.2926632206697005e-05,2.04826739083912e-12
183.68207801085325,20.563158405270766,0.058467310005054764,8.197867807595577e-05,1.558278286526606e-11
22379.519010560558,12883.699578818861,143.53413258710765,1.0366944258009947,1.0150856736426537e-06
23313.233678480025,12765.525040660825,142.04791448197844,0.9763198753199596,9.097158402393745e-07
440.2624352982291,1181.5284741268174,52.049918286213526,2.1665150800160413,9.90168770602044e-06
4203.138350283557,15289.247465575896,924.1704286788952,42.29937931877305,0.0002624657364432666
1531.4894511622338,679.5769663063815,5.821426789804228,0.03238501524431233,2.4423905889195425e-08
1724.5941070851693,912.6469605651838,8.94137087733271,0.1006474551160472,9.093607138061901e-08
1177.7689695508516,763.0738371563027,9.1178573311131,0.07408885098819278,8.16148703859984e-08
1687.2867984876564,1059.4544051094006,11.784991345160476,0.09274452303642393,9.894723042218043e-08
1148.663438005918,625.672724824811,6.050697926886138,0.04129708896626244,3.821111970034846e-08
2966.474413196436,12217.151290683214,832.0939275568279,43.1298575250912,0.0003030682504314834
1083.5471807886322,941.8022628343697,14.702125823454754,0.16032929133931298,2.370292833431695e-07
1696.352683404671,1135.2315081763247,14.268399967545706,0.119800507030831,1.363635843715876e-07
1246.780538574256,642.5984995820269,6.480302849283843,0.04189582827674783,3.671999498443354e-08
1751.6099709703356,1001.284502075061,10.996217378956363,0.07885276874603916,7.665613850135713e-08
1987.4625420851632,9861.601470152922,756.6321642579506,46.9894330372107,0.00039561472449392213
3004.9261385243676,8595.225245627325,424.00158842051405,15.277408668255443,7.46257173904521e-05
155.9280256601288,270.36947831217145,8.794042774069524,0.1922004641153689,5.694777729909439e-07
1198.079375789726,636.096801749713,5.900916895515807,0.03924758967459573,3.5388555698083355e-08
1292.2988823889712,671.5241639394134,6.6575628265659175,0.04338250436663276,3.832395481521221e-08
1190.4186376490236,994.0573690052058,13.454349181942671,0.1406749527925609,1.9940096244195661e-07
1062.6994527014958,150.97117829453,0.4865080252280253,0.0008655937514117878,2.0878270993722183e-10
1774.0476425804743,1060.3247036387668,11.302467358351132,0.08466606415364965,8.598087178857594e-08
1402.5756212450121,697.2739422793605,6.779574614154724,0.0422726005721867,3.573319418672685e-08
2147.9593662294533,985.0317099823513,8.014760204859366,0.04604118966678348,3.5855756397950473e-08
5891.865211794458,17644.05281150809,875.8794664071826,32.968283470862815,0.00016823058331139808
1845.9794649516361,855.5331952603268,7.407143685187906,0.04302687588008259,3.3883261433346814e-08
1257.3311430369,713.0356456932989,7.998524140196369,0.0974786656992535,9.405275285103019e-08
5666.746886621052,19828.628866156487,1151.9567160808338,50.70543733125025,0.00030257259103585245
1037.5665937460917,577.246644289545,6.107553974766275,0.04261616001575084,4.031230896246079e-08
1623.8044820016937,775.5411975093284,6.852565441081434,0.041018886613808724,3.328671168787992e-08
1887.6623649304902,1255.745027986638,14.890550205587164,0.12417859329543707,1.4039094482963056e-07
5549.310904235062,15717.712021868958,737.9342357052001,26.264671666377232,0.0001267310109720389
98.25179368733069,237.88076945714909,9.39839271240035,0.28553934562838523,1.1760746616236432e-06
1344.7800351333847,8966.588459620016,952.6499411835354,79.78392767606245,0.0009058462773400865
2864.361069617264,22320.86321411847,2701.893289522553,263.5745032938091,0.003485746056180087
750.9308356728944,7304.027482359243,1091.3643855999337,137.19131829049002,0.0022608647323068974
842.2521536131787,7534.572437505745,1038.4906451687223,119.75630744132746,0.0018162918073505489
1421.3832218035213,1605.8921406176592,32.42920934443036,0.4600463121126852,8.847552901046955e-07
310.54417055356583,230.98285213674947,3.1590015883963227,0.029478835762699176,3.729298871491472e-08
1272.1589432596006,529.2210873484488,3.9684208783591437,0.020679945201792744,1.460956835404086e-08
1020.6020950216357,7182.701999834347,793.253874788681,74.1822388597316,0.0008879002155804491
807.7974536403086,344.7040418883406,2.851719904861487,0.015255289709270146,1.1063445397619805e-08
933.6379932553047,7202.926252475225,874.8595008964236,87.75353866379491,0.0011517229668280649
1037.2579787690563,109.34518392582356,0.1523641303008514,0.00020082693973311533,3.588537701234579e-11
53.379536204709794,4.360469392508749,0.026841579606563797,2.754102013777929e-05,3.830965866082028e-12
134.8952941404725,86.6437874803631,0.9078468778113749,0.007300066145362775,7.957879414659755e-09
298.8233843215412,211.06393495509946,2.61525191538398,0.023153713354454483,2.7789718707695126e-08
202.63318038180344,35.79210074713207,0.1270766248363269,0.00028105401098804867,8.426946196211428e-11
694.1691762558776,364.59211326529675,3.0824152589087124,0.020261265734813044,1.8055035816672325e-08
1548.314523167754,754.0667384446484,7.288972895355838,0.044529375261755356,3.6879346777595615e-08
291.09680903590623,53.88191769545787,0.1853097265578649,0.0004293620342157067,1.3486690237737288e-10
163.68869972740535,88.43830234729397,0.7427276871518911,0.005020139921313391,4.600005881520458e-09
5554.386843538368,14528.398706119066,638.4246070339224,20.993221505903406,9.358476232365736e-05
241.86896813495204,205.93759435956943,2.891452144032975,0.03083624500666026,4.458239107388655e-08
703.992803757567,114.92275152979568,0.31960556158516656,0.0006528103190760603,1.8076569252738048e-10
185.01221917043628,257.42350398441,5.466997313908984,0.09514219013858358,2.2446771079842874e-07
6.5861742943525314e-09,7.473430396727028e-13,1.3605232977513896e-18,2.3424222033799374e-24,5.467397716523362e-34
18431.41302578218,11350.638842826049,130.6567115871255,1.0091892034821888,1.056744102948544e-06
1221.6930621087538,982.5391059073278,14.133991271421968,0.1425744932741315,1.949733439569208e-07
198.97593948451785,42.48222114259246,0.11982915146817791,0.00031978567900514584,1.1569427231752507e-10
6335.010888720756,17131.730565160142,776.4337458759715,26.39687119657078,0.00012166260094535416
49.38813926792607,0.005483936315988183,0.0045320074804400265,7.610133949503565e-09,1.7324084055458293e-18
57.51212477675873,6.951878998192819,0.011106606369357742,1.6785291472853607e-05,3.4390041914276945e-12
156.15847200129843,35.37090185660918,0.17707698678131822,0.0005026448320778775,1.9342679819976678e-10
1315.95487077232,723.3107335309259,7.214836588969284,0.04974950853507643,4.68832207111459e-08
66.59403358190544,0.9991140377169286,0.00019822003276436775,3.7193319973551684e-08,9.461034995237456e-16
248.41309009964917,115.30023319517026,0.8247592138426504,0.004788463887256575,3.768960669544251e-09
2477.133541377553,1081.628440235299,8.588370580140333,0.04698367118195086,3.484491960261364e-08
117.60100679412024,38.28597188401566,0.1645837370226979,0.0006695200399885222,3.6922965613902573e-10
636.7272535376758,153.68509696026564,0.5891087466906604,0.0017788090102384521,7.281477211564123e-10
650.2751008898782,333.1934849786553,3.2278880569274104,0.020737444727466255,1.806127361083124e-08
32.994122741260156,0.003651454170827235,6.483273396683443e-09,1.0886694073864041e-14,2.478300703681879e-24
302.7165703004809,126.95254035407747,1.129964192334313,0.005946006049773866,4.24172350684864e-09
6.5861742943525314e-09,7.473430396727028e-13,1.3605232977513896e-18,2.3424222033799374e-24,5.467397716523362e-34
6.5861742943525314e-09,7.473430396727028e-13,1.3605232977513896e-18,2.3424222033799374e-24,5.467397716523362e-34
6.5861742943525314e-09,7.473430396727028e-13,1.3605232977513896e-18,2.3424222033799374e-24,5.467397716523362e-34
1525.327073887899,7.997531219345178,0.0005545268867446626,3.6363568880776174e-08,3.232709585460684e-16
6.5861742943525314e-09,7.473430396727028e-13,1.3605232977513896e-18,2.3424222033799374e-24,5.467397716523362e-34
5550.430445759376,329.8860743363772,0.25921790402105266,0.00019265750800856964,1.9411682834936005e-11
528.2974427034102,93.98123279055315,0.4205122999154047,0.0009376503607852918,2.834389067629222e-10
195.25593941662945,355.986090652527,9.439359897726932,0.21486346290663547,6.630390273910199e-07
778.5831239175177,123.75908167478245,0.36628825494479866,0.0007287303093617009,1.9654725750970233e-10
533.2979420241229,85.14991847017102,0.29230335355262693,0.0005844738176697461,1.5843555141151938e-10
1222.366514433537,883.5690676791758,11.477893972238803,0.10404064280382722,1.2784984965617615e-07
6.5861742943525314e-09,7.473430396727028e-13,1.3605232977513896e-18,2.3424222033799374e-24,5.467397716523362e-34
757.5170126921355,50.30123262702038,0.10801903629786826,0.00690571751396494,7.785574334377511e-10
476.32550998993855,68.43988992470179,0.12996001013914918,0.0002345611061162267,6.796506538306693e-11
672.2029697572074,5139.330321062531,619.8347661125636,61.46434103927749,0.000799620079707512
546.4916927147577,88.18883231105724,0.18806109554446285,0.00037938883950374813,1.0375916211587306e-10
31.954178572856005,2.9841674033606465,0.0036839466723083574,4.301799538825065e-06,6.809940395668554e-13
681.9169357016616,54.75010813241084,0.05811117023953887,5.834056393417516e-05,7.940318646921573e-12
568.2494450805565,92.11393158132294,0.4501008124591534,0.01078994702979617,2.9742147776854796e-09
589.2320485933935,71.51441036315028,0.23947513289094005,0.000364171515291428,7.5077159815701e-11
312.6562991873147,258.11437163028813,3.953213973233012,0.04096535225728547,5.7549221562430415e-08
4185.423277834751,3130.4532552648775,41.653721446905884,0.39064932738802316,4.966800690109947e-07
566.0330619456178,70.50010727299455,0.11605622600100456,0.00018072504219909935,3.8152634981229406e-11
3832.801031949637,38302.835555984035,5971.276239109111,747.1591922185956,0.01267408186469314
746.7648428404298,60.719305809717085,0.0652662657658828,6.635717648092149e-05,9.146255698383465e-12
726.2262561123542,53.68872830252479,0.08784347830353181,8.127593292156854e-05,1.019461216653456e-11
828.4042753221981,108.92411008212031,0.25246773931072836,0.0004153675636451462,9.264363342488822e-11
674.1620197751481,71.3518450824376,0.16908477460646776,0.00022403833298452575,4.0243567388828486e-11
504.83463051361036,56.19535086315592,0.19199691845485733,0.00026783751157842637,5.065296296575783e-11
6969.293352047613,304.2457306501772,0.17561278115767073,9.587276398035403e-05,7.095625377244927e-12
5269.465274341067,270.21297358399164,0.18320030030064252,0.00011747884607124989,1.0212909101540244e-11
396.75969781676685,82.30251429852893,0.35025168204278667,0.0009100040535076978,3.205256169030811e-10
671.1891185634742,379.8449228036545,3.563215071234553,0.025247316983863247,2.425184525063119e-08
780.0652263718339,5391.603193522204,583.5553156345823,50.5510648609191,0.0005936570595221184
423.2096654000008,308.78575557980497,3.8764224838566745,0.035443226421605925,4.393309219529357e-08
364.5146218210256,1599.8035993419624,109.33736975986042,6.0097983095927034,4.478246002052137e-05
548.1248951136076,4777.255945765493,644.7005572964673,75.40401425902714,0.0011158865621970998
456.52353227128594,1813.9783854014042,114.4574348024922,5.704275777933637,3.8540180932937795e-05
561.2487691677668,72.90051387960581,0.22135345321629554,0.00036007820567374264,7.940789475144052e-11
362.68517230761995,205.5538976229668,2.1322762693955495,0.03869641114076581,3.727677698782379e-08
693.0538788242785,249.5734990713588,1.698604511550038,0.0076637758061800345,4.687590301776237e-09
378.2877363196463,258.9610291742525,2.920072582087564,0.025030455908917115,2.9087088072262772e-08
791.0823619021251,236.11433523060165,1.3888456874828308,0.005193670817079574,2.6330019196961255e-09
494.0516897040637,207.41396291386897,1.7703358865487393,0.028959529683655803,2.0673650105944947e-08
298.8233859083934,210.6520493539659,2.3570384784298133,0.020794527981674332,2.4870690075594887e-08
385.2880179750503,237.92888312828137,2.9517681760454364,0.022886857058634157,2.4057275051941265e-08
324.4577453654435,244.03966711265713,3.0968457692560336,0.02918133379239139,3.727752580754689e-08
2658.105106980621,2908.362552281951,53.52652800344396,0.7341959235468204,1.3652471574031482e-06
592.5892659131997,1133.1009582497782,36.12662818124754,0.8670545608633506,2.8211224110015167e-06
370.14568257952084,209.76043725388487,2.2690862920082497,0.016128985405749793,1.5542448803385702e-08
370.1456826260025,209.85621781025432,1.877940765511869,0.013322359021958854,1.2812584320472964e-08
491.4856029091754,69.95735726313103,0.2786457999204784,0.0004971332901394511,1.2024014878210713e-10
445.6686720997473,206.64931069579418,1.792669185156139,0.010418569051819213,8.208661445272158e-09
500.54047110521117,264.84329074304907,2.236271466776344,0.014806981569601193,1.3291221774943086e-08
379.88113306349646,80.22735472749913,0.4857675158176101,0.0012905798971962904,4.937181454142887e-10
816.9060525019912,335.945513956831,2.4808238408081658,0.012779246258491517,8.924232869572448e-09
751.1856713396406,271.909427693778,1.9657522179477802,0.008919418181766867,5.4865660929237035e-09
573.878943995961,276.5581021267714,2.0839666352594413,0.012579180326816427,1.0421095906786934e-08
614.5042559598276,247.24992315644087,1.595775353325544,0.008034155762334304,5.48359135887423e-09
805.7576479364246,236.66818130328204,1.3979150798579043,0.005145014452548981,2.5671351800685e-09
742.6527275243363,100.92112421470088,0.24318099360649761,0.00041350916319761753,9.532283711065367e-11
7944.804524641947,4809.141346138471,55.21891310725061,0.4192968191505018,4.316300231337576e-07
7672.07406237348,4478.845752281322,50.56089175771595,0.37032907285563565,3.677200006936654e-07
416.8320743827454,99.80883253345932,0.4321336637898438,0.0012953409160287412,5.263884992191773e-10
2330.9981302554265,7211.17065653815,374.52464563269706,14.57694591574986,7.691469437141118e-05
8647.527773148317,5199.904438531943,59.102159152278034,0.44578566703250144,4.5583242850022345e-07
10604.838221030423,5759.963646370783,60.90453011846131,0.41498240085407884,3.8332409424264264e-07
8233.479207642224,5834.050497484828,79.37590975486805,0.7060385467982297,8.513820393200269e-07
8752.380556845423,5581.120077916807,67.77720599009805,0.5422777392261702,5.881881346088129e-07
8877.450489580167,4851.26472631797,52.805397345257546,0.3621159716507294,3.3664595732703803e-07
9954.300115866816,5823.4404954276715,66.54499786474813,0.4885036595239334,4.861570514033074e-07
7845.782317979675,4614.9912750039975,51.469981430280754,0.3797516235259327,3.7984081492985004e-07
258.3836234284767,107.50433360231199,0.8979596790848492,0.004685055340632852,3.313820328120065e-09
9414.998673666209,5602.735117075868,69.48659140043321,1.8219601705934036,1.846648679071181e-06
9837.882713310826,7201.675895627183,99.75916433863294,0.9166003199993581,1.1417304512927672e-06
12461.710544227672,8655.141407951223,117.96691391761239,1.0288088183487012,1.2163694718799184e-06
698.082805146421,518.8817790505817,7.153884583492174,0.06672237492212885,8.436405423562393e-08
702.4241894999603,81.45554909456102,0.20125739969652434,0.0002921635493651864,5.74985003037506e-11
6.5861742943525314e-09,7.473430396727028e-13,1.3605232977513896e-18,2.3424222033799374e-24,5.467397716523362e-34
981.4917495258884,575.1612828248265,6.469559354050851,0.04756175331488264,4.740207710656683e-08
201.30603767606368,11057.848591095972,8803.247513045242,7204.179677962781,0.6626357698922454
144.33706680727428,1550.1204011828015,257.8571082555099,43.34553812261021,0.0007935453108539186
45269.70938845063,3522268.5752176833,4160053.784808491,4715467.441927493,621.6814692873384
607.6910120319678,27004.09003459703,18105.575257585402,12278.896970055279,0.9321467184132972
19352.546282131312,1680774.2021767888,2207947.6747328504,2811390.5204309965,414.2981866744239
6015.654905929942,603461.8325731007,908743.2633624396,1346497.1003173501,229.45227631090228
1328.652475001695,123441.43738884345,171670.75992879234,237215.5655208925,37.49826378939631
458.82590962715045,4699.631157075303,735.357260475997,99.88001373652152,0.0017323556534407842
6423.010934492524,5062.744615915872,74.19721939262124,0.7340152574153113,9.844166002317553e-07
763.3716852420279,485.99800958306844,6.054971284253364,0.048387101503060526,5.24207819458545e-08
1709.6370571350628,160.8511735359538,0.39117374489054674,0.0004608695896033392,7.361099955953785e-11
1100.1687529718129,606.4459999567497,5.983904098444027,0.04133626258707776,3.871097841016557e-08
82.69224619313903,61.47583523144563,0.712733867533446,0.006629649796252869,8.36007471058597e-09
771.408710211868,345.4530498488237,3.1250928027594833,0.017554129478705417,1.3367556331136071e-08
8883.998088248702,6230.759863868311,81.03357935316883,0.7129942105249089,8.504785380403335e-07
249.97842829422262,711.7956993835995,34.50039689067815,1.236472005207838,6.0076011762118174e-06
599.7334200897553,186.53633307809287,1.1375462805688548,0.00443311542239859,2.3420994655531394e-09
490.6690938535801,217.95551075698597,1.7787921741415647,0.009913543289678327,7.599682485386193e-09
256.14343067931253,0.02834735160618035,5.0331627328940163e-08,8.451672410579056e-14,1.9239803690921994e-23
7281.535684157518,5395.565546258147,75.31982899178955,0.7004925258085675,8.831898411846991e-07
1348.6406765421614,330.3011742014501,1.4699194925784786,0.004506991188200587,1.8734244915970036e-09
413.7663455939056,119.72923615401086,0.553558951437677,0.0020040124376833556,9.835428299633562e-10
348.414202786749,7.98957941228376,0.0024226462441619594,6.947799168721185e-07,2.7012253106074104e-14
537.1904407267922,364.7948958900795,4.832140781664041,0.04119629358825833,4.761382620035188e-08
711.6766621181912,417.66224064880754,4.6552151893275235,0.03426892239141898,3.419932203100802e-08
6665.478410768912,4040.155939973227,46.92940228363282,0.3568834813511221,3.679291818137347e-07
599.9099799898356,264.24962036668205,1.890541793058063,0.010421787472156016,7.788511911777405e-09
568.9878879026057,321.1930382113922,3.305797429965026,0.023392516759459043,2.2440577047462998e-08
522.6163663641031,308.9343634008374,3.194653936491462,0.023661767354495027,2.375893134734299e-08
3164.139082876338,11323.289955675526,678.6193387610595,30.57220545284154,0.00018671705808277728
122.9982771156617,93.74398985914421,1.352954959787338,0.012944646387090336,1.6790105474817888e-08
179.55094163427594,34.619244654523946,0.08819390310569251,0.00021256145181618332,6.94523221873867e-11
1220.7826529734511,124605.39608859953,189839.118380806,288447.3376273108,50.10221201172547
6.5861742943525314e-09,7.473430396727028e-13,1.3605232977513896e-18,2.3424222033799374e-24,5.467397716523362e-34
652.5411495526001,162.74874961814655,0.7211735537526461,0.002251543066184309,9.529652175637915e-10
814.5143305309005,534.6051042787151,6.490514380630423,0.05343206685923897,5.963225063858573e-08
1349.6697706758687,1473.0788753190009,28.86163911316658,0.3955215964115864,7.348113044754239e-07
1206.942413865226,374.03312655147806,2.042277948079473,0.007931748357669357,4.176181243571269e-09
3616.642971754725,715.6053116611598,3.6064214973733386,0.00894702667744416,3.0091047142216994e-09
713.1883176796956,287.6898095457395,2.567788924085575,0.013000702533889966,8.923406215871272e-09
880.371743668202,46.895607573526,0.13842747171568912,9.241549800672414e-05,8.36418506487571e-12
84.68938588418109,0.00937256049317162,1.6641280230122543e-08,2.7943989984359413e-14,6.361307626727214e-24
1001.7376924500835,386.3055550779441,2.501104507310413,0.012073302098690106,7.900901300057258e-09
7.469621970204467,0.0008266618425195361,1.4677644798280562e-09,2.4646659004919406e-15,5.610686948753318e-25
3650.9611543828055,20784.634222180837,1883.1510345196846,134.592980549739,0.0013041170889335877
28.807352169938675,3.968833180238043,0.007226461986533027,1.2447158970915536e-05,2.9065049241498346e-12
5694.792255569359,19545.52526837133,1100.0710048972055,47.44928639977259,0.00027745676918242384
6470.4826550743055,43457.796879594476,4574.865480454597,385.1414388484134,0.004395610442948105
9788.363459529499,73309.34752507495,8562.466195628847,803.2652039709515,0.010215888647577335
1720.2695295832914,7191.450895760832,459.33531994129856,24.01054849620843,0.00017014965486317484
11991.316197274751,10773.97533592867,183.36424105309484,2.069510235694349,3.1664811586493733e-06
785.569144693515,85.87334767921884,0.17607104312546318,0.0002408486743435567,4.4663925795115216e-11
41701.412350272236,945891.8444789517,334384.7207074076,94939.18575105326,3.629885200513677
685.6323821725216,67.80742794902574,0.13328224787059134,0.00016496015093593039,2.767847070704627e-11
6625.38906316964,93304.68234190001,20967.71037683633,3710.6394557226295,0.08902343333255838
818.4861226423459,104.22937176840951,0.3856310884673448,0.000615475221897084,1.3316969985780538e-10
13086.812973857488,77819.99716840927,7402.9235435277,553.042165764365,0.005601059303297218
870.4812835498459,76.61843490173531,0.08914840053594103,9.811519827316654e-05,1.4639131894277827e-11
1098.6645964524662,87.60234172346611,0.09233966046306064,9.206546617511631e-05,1.2444044245516102e-11
13312.456882043143,16108.334863285178,366.22905868787427,5.573382080853272,1.1498501951334485e-05
1018.3025886959596,153.8936097131663,0.3866490650591877,0.0007310490208572764,1.8738393282080044e-10
874.7947033631522,119.07693657104856,0.2142181202455865,0.00036455670511524265,8.41066411756672e-11
507.13951561739265,341.8347551265813,3.646494590236877,0.030758537053391464,3.517322164881061e-08
10338.276874764255,78792.33100181849,9397.35750310094,897.5428303050558,0.01162148808444978
670.5122111038713,111.93477451748545,0.24692629333946867,0.0005153167369324587,1.4579326946301273e-10
824.6562247382514,159.65727418090916,0.5714265442389751,0.00138484664969558,4.5498730363274715e-10
14483.39030440793,12130.157662052221,195.8840772719585,2.060944159187014,2.9396099170751984e-06
13293.05168463612,78339.35726811731,7364.747679252581,545.081439993632,0.005469175462430196
874.1106077667324,125.92645234001783,0.3103031162460694,0.0005593156607454511,1.366734433153019e-10
787.0669075034774,58.284445070196824,0.24083122871649956,0.00022370152995254488,2.816964756344646e-11
941.6126973852216,47.57495124252233,0.060298820624573715,3.812762046794574e-05,3.2683374445933184e-12
1161.8250011013388,304.0232798181981,1.4790585816402009,0.004846410189471237,2.1528376951333063e-09
18357.691760974434,282596.6634556501,67173.87664137957,12886.682559318731,0.3351504524389066
7957.916734636818,124870.63974356111,30307.270942140545,6011.348337228604,0.15950055613395198
8178.279249997686,132492.247624242,33010.93661514734,6654.302667149514,0.18184664806979697
11027.928059982643,104091.43516196377,15226.995396288507,1797.8449190316883,0.028777135344620557
13710.876868529254,217465.73785812728,53244.907203387134,10520.310891824036,0.2817974668242013
7723.688077268654,53402.7278735387,5844.173811018095,507.13360247414187,0.005965937537146204
12977.104770189779,98254.6241240049,11659.923352822367,1106.5742230236874,0.014237132407209394
6440.580255551175,50896.841045735586,6242.540265133835,617.4718176216883,0.008279995187672987
9438.525031540685,68458.35011756104,7820.106946367228,711.4245683794034,0.00877409055854086
18314.44864090639,276724.37518138275,64848.99084468277,12226.086364612342,0.31248532665694667
5001.81128764091,43782.04300895669,5792.983484146846,631.9633307214096,0.009346278376910606
25833.510180214555,469549.331933825,131206.86864718143,29925.765027247577,0.916570896478285
11021.836842157712,46164.832611287646,3173.1198370556017,167.17576691304194,0.0011940346479600128
7640.856279304577,43946.10120055167,4043.04404090569,292.10698114989503,0.002861095308448585
6442.89316261955,47569.92558706931,5539.119400128849,513.0629464291789,0.006442548195678545
11890.644070983819,88822.90538446272,10441.573473465221,978.2229887634155,0.01242415586283007
746.9337700168334,5581.068484415316,664.9755929059015,69.27514935384679,0.0008829153048918495
601.7188300145427,275.74736292171417,2.7229174396922806,0.015664304989522065,1.2216425063094268e-08
1116.5808452567003,273.8823329770355,1.6883950442078692,0.005195165170865155,2.1671100965292325e-09
610.262126201117,92.16643139306021,0.29774728166072456,0.0005630955625749357,1.4436859143463966e-10
874.790655647897,29.94181867054846,0.013550874654342068,5.800381388992585e-06,3.365906708085484e-13
9349.758453087854,5043.141307694165,53.519699202405626,0.3621840039652954,3.3227772173032187e-07
732.0705307173492,120.86205185192024,0.26367839848677027,0.0005442047059456503,1.522671958092032e-10
654.9068719759869,4936.728774226187,591.1023756514085,59.88825108467555,0.0007692550606498629
1161.1165258519898,39.212509998503684,0.0882625927844751,3.73395808577561e-05,2.141502067399426e-12
1150.630061288369,12300.655995745268,2035.3195117117434,285.0686334295116,0.005170314922838508
30.732347628928963,214.14865205399306,23.998766267972393,2.103191479519563,2.4987670428402237e-05
753.0480746587142,386.38956256831517,3.567432363249154,0.022937219765549598,1.99931929518014e-08
1180.640448710712,528.0496565211439,4.805823107031525,0.08510734191036518,6.473995295204408e-08
1680.878773752875,1611.1952133336897,27.719953370083765,0.33346824073853476,5.438421494713059e-07
942.4364246383379,909.7839475547314,15.816430889670153,0.19164035592901116,3.1479067058132233e-07
937.1773954842673,245.0173995581932,1.3313881980652775,0.004361689906065897,1.937140834647556e-09
181.01935633815222,399.83559347690016,14.497431463091624,0.500739334684793,1.8821959373289219e-06
3388.164310099043,2660.1387574876485,36.74220748407214,0.36169101248237323,4.826880785541598e-07
880.3964037462314,416.93575388567507,3.2615067090472176,0.01933448682539174,1.5538295357077603e-08
829.550528311364,6357.347668823941,769.0102717961223,78.998769968621,0.001030727212323679
3496.5185627408123,60848.883648334995,16623.31684951955,3858.52869420578,0.11420219194331473
562.35172381733,4673.198794214306,597.734112651751,64.46936301144576,0.0009084047514173518
768.781104578562,5942.91001059993,727.147462334807,75.14958611461994,0.0009894070845157575
1747.3765599426135,25.978085648418077,0.005107194104253989,9.496036964709272e-07,2.3936394215789536e-14
23747.982126115345,55.995958925374985,0.001746101343436476,5.149406306846415e-08,2.0587384376665165e-16
8772.576480649068,113.91610715352046,0.019561472263769343,3.1768833679208416e-06,6.99451012736951e-14
8127.025219447719,265.50654408645437,0.11469301455645992,4.685948898976e-05,2.595460539482701e-12
4542.167979170777,0.5026809878293977,8.925261342317646e-07,1.4987273221086668e-12,3.411776754089353e-22
6.5861742943525314e-09,7.473430396727028e-13,1.3605232977513896e-18,2.3424222033799374e-24,5.467397716523362e-34
1408.437260638107,13.992124525187608,0.0018382072950635477,2.2839481192401673e-07,3.847107154112252e-15
1004.1711835867484,0.9997419304246794,1.316261044505566e-05,1.6389663209705834e-10,2.766650683359751e-19
1610.8072278089371,5.998728623834922,0.00029542831756621695,1.376008313287239e-08,8.688529755964396e-17
6.5861742943525314e-09,7.473430396727028e-13,1.3605232977513896e-18,2.3424222033799374e-24,5.467397716523362e-34
6.5861742943525314e-09,7.473430396727028e-13,1.3605232977513896e-18,2.3424222033799374e-24,5.467397716523362e-34
11958.248352925464,15.999046691434385,0.0002830763025594078,4.736822084085307e-09,1.0745507450317824e-17
3599.7384332217157,38.975435396057804,0.005580500060302792,7.556781900291589e-07,1.3872571063487626e-14
1647.8313254206068,3.9994562282527215,0.00012837165805887815,3.896838089997981e-09,1.6036584280424242e-17
4521.109571062604,722.4217749936143,1.5254405076268924,0.0030471841053268545,8.251984988924895e-10
2694.939072795298,434.0162650206056,0.9236748041851521,0.0018596540223473844,5.075765225433699e-10
2282.382829280638,30.976230577869554,0.005559375203166519,9.436418537452232e-07,2.1714243525987914e-14
794.387147521887,11.989720665482594,0.0023929851296836395,4.5170606903077477e-07,1.1559209934042876e-14
5671.607186742738,164.72861495207627,0.06326415062099447,2.2979591398867616e-05,1.1315746876312942e-12
2400.656357220015,12.996135192831634,0.0009304064646321012,6.299536264979493e-08,5.782301598602853e-16
1874.546139703734,5.998915705293054,0.0002538795833817511,1.0161513822876602e-08,5.5137281032275706e-17
5305.200891796667,175.66973246947367,0.0769147122522566,3.18508547203679e-05,1.7880887238201765e-12
2194.2155744481347,22.986224256636955,0.003184339014525863,4.1720769348319176e-07,7.41039943987634e-15
1873.9457929303614,14.99311503204307,0.0015863355723516306,1.5873681223479105e-07,2.153359521443034e-15
6.5861742943525314e-09,7.473430396727028e-13,1.3605232977513896e-18,2.3424222033799374e-24,5.467397716523362e-34
1968.0782151998978,12.99507423109965,0.0011347139710079779,9.37070657923421e-08,1.0490944154886958e-15
6.5861742943525314e-09,7.473430396727028e-13,1.3605232977513896e-18,2.3424222033799374e-24,5.467397716523362e-34
3983.500909113447,44.971117432965954,0.006713735596797212,9.479311212013389e-07,1.8144526069935427e-14
7192.928365250878,273.40993252668306,0.13741376415215475,6.532046031579143e-05,4.209442088257336e-12
585.4779147934338,0.06479474513278316,1.150451375565498e-07,1.93183464683823e-13,4.397723617631627e-23
695.936441035718,0.999917320437503,1.8999427029308618e-05,3.414217190617037e-10,8.3176010090853885e-19
1930.4590739679436,17.990985329631695,0.002217258893026701,2.5843914899463697e-07,4.083725089234341e-15
5310.068247234953,111.86630609940177,0.031163085770729234,8.210532251602109e-06,2.9326380707681047e-13
6999.6463354486405,9.001001747376357,0.0001530720750395751,2.4619271743196894e-09,5.3679780684928814e-18
1469.844518305358,13.992441707935006,0.0017614936879855481,2.0972455173417088e-07,3.3851175741233007e-15
1938.302159812373,13.996726962720757,0.0013366244754290462,1.2071774521090706e-07,1.4780499788020777e-15
1724.6765448851402,18.988209346484275,0.0027645405897953057,3.806656622062064e-07,7.105926891885787e-15
4627.044530918017,1439.4619648079629,10.181140681053092,0.039730869441803554,2.1019192682612546e-08
5654.799005425769,73.9451210071721,0.012786747693953496,2.0911927737068997e-06,4.636436783924778e-14
8002.40062360142,189.74461337235053,0.059491533582713266,1.7641384104078255e-05,7.09196278796703e-13
2220.6561440222163,13.996029529239879,0.00116655084657515,9.195610327044148e-08,9.826836817581445e-16
2626.958165872066,701.294824724561,2.4727892401341003,0.008250055971150132,3.73149629433258e-09
6.5861742943525314e-09,7.473430396727028e-13,1.3605232977513896e-18,2.3424222033799374e-24,5.467397716523362e-34
2298.2852482080566,2.000264830776212,2.302301422682809e-05,2.506170686979382e-10,3.69841301213794e-19
3434.3202149395333,723.3045297389707,2.0125938013649334,0.005298220848163284,1.8908640489220123e-09
1505.6908034720188,18.98641144904305,0.0031659871595403725,4.992964107786285e-07,1.0674905487430412e-14
1822.2108397946292,28.973968612857487,0.006092141562942335,1.2114838109088321e-06,3.266040331573404e-14
6.5861742943525314e-09,7.473430396727028e-13,1.3605232977513896e-18,2.3424222033799374e-24,5.467397716523362e-34
1481.4230420754357,10.99537932464627,0.0010792228405585456,1.0018229702168054e-07,1.2607446709828984e-15
3818.098890181654,352.4740466016404,0.42968134623719734,0.0004954634421346651,7.745207174442185e-11
1754.1381598442786,13.99398128709142,0.0014763468233099674,1.4730411602399552e-07,1.992496969565248e-15
2368.933701617713,7.833343335474052,0.0003463638398385313,1.4484171550700716e-08,8.211283993219686e-17
380.18880504151275,11.978951251372303,0.004990686763537454,1.966526281278044e-06,1.0504986500337448e-13
1129.6439216995918,8.995449456359506,0.000947262694367284,9.434032586220456e-08,1.2737394767417218e-15
6.5861742943525314e-09,7.473430396727028e-13,1.3605232977513896e-18,2.3424222033799374e-24,5.467397716523362e-34
7740.03013194577,274.44835850370157,0.12867416586281719,5.7058864635118096e-05,3.43013483391913e-12
7727.3214405110875,196.71585575416682,0.06621902280689188,2.1082364980379482e-05,9.099388098568554e-13
3178.009587542931,2.9998947184622047,3.7449031660127055e-05,4.4212900903957924e-10,7.076422057239087e-19
6500.854927203636,220.57507924782288,0.09895964387282029,4.199133088048112e-05,2.415557928876849e-12
3924.5399363616434,4.9995250889723994,8.422674816954562e-05,1.3419780577565416e-09,2.8986587770506062e-18
5252.163649240737,526.0032361615584,0.6963364623435234,0.0008719706437604806,1.4802698725604844e-10
6.5861742943525314e-09,7.473430396727028e-13,1.3605232977513896e-18,2.3424222033799374e-24,5.467397716523362e-34
2500.399741226742,84.83658376155147,0.038060335823442766,1.6149604657013045e-05,9.28982379058694e-13
2124.03953120963,13.994871990240025,0.0012194023904956383,1.0048551029686066e-07,1.1225770040083793e-15
2321.7744880760997,29.977625348513506,0.005118378274162815,8.265151198510682e-07,1.8093622526478832e-14
1871.8396484003688,15.992241919726116,0.001806830903327954,1.9306586639069387e-07,2.796725135690585e-15
2726.933083587114,6.999517486836717,0.00023759907784466996,7.62775117026304e-09,3.31974390391242e-17
3531.4948740832815,43.96972110476615,0.007239509311600249,1.1273206432465222e-06,2.3798089199054042e-14
5899.260259796346,9.998357100773717,0.00022409808946413705,4.750311566440538e-09,1.3650932996771401e-17
9952.338288300778,328.3847540670069,0.14327105134841941,5.9119807237617504e-05,3.3072259928286926e-12
1239.1746641276668,8.98651905347101,0.0008617328247450532,7.815064804116804e-08,9.608350340500144e-16
8568.30544682601,123.89832617519406,0.023691433653667025,4.2845156887776715e-06,1.0504331824419401e-13
1561.7588852912781,20.984006232631376,0.0037283813968168023,6.265214485149147e-07,1.427275641304433e-14
673.647820142155,0.09013880290570549,1.9350397301826777e-07,3.9286307355084324e-13,1.081306545209517e-22
1596.8958920772677,1.0904057909633162,9.931347271819166e-06,8.554641720365986e-11,9.989684696458209e-20
6.5861742943525314e-09,7.473430396727028e-13,1.3605232977513896e-18,2.3424222033799374e-24,5.467397716523362e-34
5209.239420093129,177.66025264846812,0.08011662447986977,3.417078724265498e-05,1.9758029410709337e-12
6.5861742943525314e-09,7.473430396727028e-13,1.3605232977513896e-18,2.3424222033799374e-24,5.467397716523362e-34
6.5861742943525314e-09,7.473430396727028e-13,1.3605232977513896e-18,2.3424222033799374e-24,5.467397716523362e-34
1777.4310779529114,4.999219531104895,0.00018594775794087773,6.5411633746724746e-09,3.11943072152511e-17
1402.300816751952,21.98045241344345,0.004556013542325727,8.931385499322178e-07,2.3736078159678496e-14
2014.9348751379039,10.996524772641454,0.0007936396822264816,5.417122905037331e-08,5.012683709442745e-16
1718.945167770507,29.9703557505793,0.006909889935016792,1.5067361162998533e-06,4.4540959369009255e-14
2698.6863973817335,4.999575765278854,0.0001224886601066367,2.8381357833276596e-09,8.915110962688984e-18
7244.455091470757,236.56227523339473,0.10214185041091077,4.171197798291329e-05,2.3092670006183092e-12
1944.7354238314285,24.981832964891296,0.004243721237282308,6.817931225108782e-07,1.484959754341428e-14
1382.3091416054544,22.978324869988928,0.005051060271526004,1.0501055001418437e-06,2.95964495665421e-14
6.5861742943525314e-09,7.473430396727028e-13,1.3605232977513896e-18,2.3424222033799374e-24,5.467397716523362e-34
6.5861742943525314e-09,7.473430396727028e-13,1.3605232977513896e-18,2.3424222033799374e-24,5.467397716523362e-34
2271.1331943867076,21.98669398404536,0.0028147507636309393,3.408008623349134e-07,5.59393896560993e-15
2322.695888210045,1.0008828355688846,5.704243721033118e-06,3.074583836245129e-11,2.246626640815906e-20
472.4047469005391,2.074881335344104,0.01623556219322686,8.935229169659688e-07,6.666537990941675e-15
1770.1599014712194,7.000028036198732,0.00036607826011276205,1.8106074802455192e-08,1.2140343654394516e-16
2502.4134965034923,28.981059251656472,0.004438445268337485,6.428796908682353e-07,1.262364703860004e-14
1834.4699307156677,7.998063987811999,0.00046114274217274676,2.514562374944235e-08,1.858855996657637e-16
5493.628711319993,242.39405274632495,0.14140989571307894,7.802710819423645e-05,5.8367020492901e-12
6.5861742943525314e-09,7.473430396727028e-13,1.3605232977513896e-18,2.3424222033799374e-24,5.467397716523362e-34
2974.31441446458,25.98781336126895,0.0030027616078767616,3.281345434569884e-07,4.861153651202933e-15
6.5861742943525314e-09,7.473430396727028e-13,1.3605232977513896e-18,2.3424222033799374e-24,5.467397716523362e-34
1776.468423052364,16.990783820887074,0.0021489916763873674,2.5706129213004145e-07,4.168645248291982e-15
1722.8886504614961,1.9998768813211854,3.069955020931577e-05,4.4569193499673483e-10,8.771903322239016e-19
2662.3448705446312,0.29464127165817156,5.231449797091763e-07,8.784635479486474e-13,1.9997777234014716e-22
2065.871431765973,699.8908432262863,5.1786764130214475,0.022006037543788333,1.2677139194757299e-08
4640.980455386147,865.7904300487239,2.1341247706756827,0.004976762045920325,1.5733678235124708e-09
6.5861742943525314e-09,7.473430396727028e-13,1.3605232977513896e-18,2.3424222033799374e-24,5.467397716523362e-34
1423.0629761278744,17.98692426822366,0.0030064112034437905,4.752508624349868e-07,1.018482909165063e-14
6.5861742943525314e-09,7.473430396727028e-13,1.3605232977513896e-18,2.3424222033799374e-24,5.467397716523362e-34
5883.899505151774,249.39953499660982,0.13977338178167414,7.409003606279925e-05,5.324164215425075e-12
1242.1289433613051,0.13746620713361124,2.440756372550636e-07,4.098511093236614e-13,9.33005268403865e-23
2987.479219046647,5.999598115930397,0.00015933907128216101,4.002184275390359e-09,1.3627876192508609e-17
4855.054708285478,141.76491162949927,0.05473545112688995,1.9987789186569867e-05,9.895030106381838e-13
1111.5563705828513,10.993845504426709,0.0014379127965639925,1.7786740075873252e-07,2.9827473445124176e-15
11808.599875573147,32.99463983912278,0.0012191787607839003,4.2605599649810443e-08,2.0184698859966093e-16
2155.380352000906,20.98958254032821,0.002703032019451781,3.2921479959420405e-07,5.435804259396074e-15
1677.0857959765103,8.997249268846021,0.0006383194976342316,4.282957763600102e-08,3.8958817969651754e-16
2250.528037653793,32.97382234747632,0.006388675489886337,1.1706767876932556e-06,2.908167958921873e-14
2861.3753909864845,683.6677658417304,2.1578033661043476,0.006443768011033945,2.60870067664506e-09
2199.835359920475,8.997779087799533,0.00048669441895841784,2.4897384437806142e-08,1.7266622056149704e-16
985.280265514759,0.10904080593870714,1.9360543039081445e-07,3.251016828600497e-13,7.400774963765055e-23
7016.012096052435,2123.4948556922413,14.479067339395568,0.05496309490520267,2.8285124962632078e-08
1813.391860009747,15.992047100053272,0.0018650200234041705,2.057041169636678e-07,3.0758047813973806e-15
6083.014106609164,159.76370314171123,0.05548419323405884,1.8224441476617318e-05,8.115129977995597e-13
2126.446410800579,46.94122975875622,0.013702329522112044,3.7828998650803547e-06,1.41583154419801e-13
2727.0702252848746,47.95218193304767,0.011149862059273324,2.451983648943601e-06,7.310076889773152e-14
1878.036909759486,19.98793503904117,0.002813163247691462,3.7445826826534445e-07,6.75722240425875e-15
1344.2687320732969,16.98781933100008,0.0028388882357766824,4.486854767118239e-07,9.613732392679285e-15
6.5861742943525314e-09,7.473430396727028e-13,1.3605232977513896e-18,2.3424222033799374e-24,5.467397716523362e-34
1491.2109757194626,21.22050151338901,0.003997812643449884,7.123174026016134e-07,1.7206041733195087e-14
6.5861742943525314e-09,7.473430396727028e-13,1.3605232977513896e-18,2.3424222033799374e-24,5.467397716523362e-34
6313.058800007312,53.97418523854112,0.006102392113842192,6.525201975919285e-07,9.458975639374413e-15
3764.485296455106,672.156200173138,1.5858241356254252,0.0035395950794416074,1.0710468284384731e-09
6.5861742943525314e-09,7.473430396727028e-13,1.3605232977513896e-18,2.3424222033799374e-24,5.467397716523362e-34
1341.5476911792114,15.989220913529644,0.002520050079950457,3.756414679560616e-07,7.590916008281324e-15
6.5861742943525314e-09,7.473430396727028e-13,1.3605232977513896e-18,2.3424222033799374e-24,5.467397716523362e-34
1237.384777543036,39.92687092472563,0.01703510831441528,6.874214004272419e-06,3.760603092126798e-13
2231.987367115262,13.995009192790402,0.0011604507288616758,9.100353457943587e-08,9.674891749725993e-16
2919.014608004311,140.6174639416871,0.08956320127846494,5.395491521636573e-05,4.406448756137626e-12
2195.941689432907,3.999828650034825,9.634868726637369e-05,2.194950587732958e-09,6.778911940523709e-18
11657.022333502278,247.70130061615708,0.06960020491456549,1.849620338069195e-05,6.663631408886808e-13
2057.230161730069,4.999364547982113,0.0001606671647411314,4.883311906251131e-09,2.0121395489998174e-17
2168.9039144712265,14.994071953663646,0.001370785558047343,1.1852173330850545e-07,1.3892575540316208e-15
1809.8466196943425,14.993175658867811,0.001642533126708731,1.7018225345720115e-07,2.3904006703058755e-15
1524.7774986538375,11.994641850131362,0.0012477768522283722,1.227625384591856e-07,1.6373860820539067e-15
343.9568740372703,4.9962742255830985,0.0009597260292043591,1.7435436498649983e-07,4.2941249266442405e-15
6.5861742943525314e-09,7.473430396727028e-13,1.3605232977513896e-18,2.3424222033799374e-24,5.467397716523362e-34
2284.523709758847,20.989142253928797,0.0025501166209244246,2.9302571175880025e-07,4.564652451038684e-15
4694.348582249121,187.57437702999673,0.0991003309869783,4.9520073739600824e-05,3.354623329316117e-12
6.5861742943525314e-09,7.473430396727028e-13,1.3605232977513896e-18,2.3424222033799374e-24,5.467397716523362e-34
1886.7314661471974,0.21650091330928892,3.985736538710364e-07,6.939539440301762e-13,1.637981554902794e-22
6.5861742943525314e-09,7.473430396727028e-13,1.3605232977513896e-18,2.3424222033799374e-24,5.467397716523362e-34
479.93317028430613,5.979129614002232,0.0009847639734621822,1.5339430912895575e-07,3.239236391975011e-15
1869.086894143476,30.97086017370054,0.006786222965389103,1.4063361378690568e-06,3.9509947160150095e-14
6.5861742943525314e-09,7.473430396727028e-13,1.3605232977513896e-18,2.3424222033799374e-24,5.467397716523362e-34
3054.026899919452,22.990180545049817,0.0022886608577001397,2.1547631060910923e-07,2.7502610531298984e-15
1799.9595229738484,0.19920122620093142,3.5368813354780113e-07,5.939120983947127e-13,1.3520107770001615e-22
4206.959559836333,190.51009892913888,0.11406705712690045,6.459683722346299e-05,4.959279384871817e-12
6646.679326724355,30.991950299338757,0.0019110351493828973,1.1144618687440306e-07,8.810854936804062e-16
2087.499478139132,13.99415993557027,0.0012406145728829216,1.0401723442830553e-07,1.1823063606172564e-15
6.5861742943525314e-09,7.473430396727028e-13,1.3605232977513896e-18,2.3424222033799374e-24,5.467397716523362e-34
6.5861742943525314e-09,7.473430396727028e-13,1.3605232977513896e-18,2.3424222033799374e-24,5.467397716523362e-34
1759.4192037805406,19.987393637299405,0.00300265434271636,4.266154348511803e-07,8.217204346971876e-15
418.1284429125502,0.9998186412578046,3.161627786662355e-05,9.455298197105804e-10,3.833504863334955e-18
6.5861742943525314e-09,7.473430396727028e-13,1.3605232977513896e-18,2.3424222033799374e-24,5.467397716523362e-34
2105.9768260452383,30.97412798789846,0.006024201111200992,1.1081142060239663e-06,2.7632862945355782e-14
4262.784885919214,1.9998363570887847,1.240729171357134e-05,7.280027034619491e-11,5.790889648939196e-20
2096.8098191492604,13.994700877940684,0.0012352062379324558,1.031083146278982e-07,1.1668208979604979e-15
6.5861742943525314e-09,7.473430396727028e-13,1.3605232977513896e-18,2.3424222033799374e-24,5.467397716523362e-34
2785.412548260747,3.999810886644295,7.595788212536125e-05,1.3642075960933187e-09,3.3215774082189502e-18
1459.1108043409863,11.994446239368985,0.0013038883504142122,1.3405412509196482e-07,1.8684275356773167e-15
1718.7876379717513,0.9999535699891297,7.693439650666244e-06,5.598024844576622e-11,5.522114277779674e-20
1465.0711037476283,6.998271298767095,0.0004420781466125157,2.6410959512412294e-08,2.139073023484794e-16
2097.120988327564,15.993089115873452,0.0016129116881442333,1.5383952389567685e-07,1.9892142615649362e-15
3042.532677947915,1.9999367247053834,1.738525432374465e-05,1.429287036096894e-10,1.5929940701698303e-19
1536.3338425515087,14.991702134618668,0.001934555933319954,2.3609806267401934e-07,3.906248385639537e-15
318.9576580035501,1.9992880295755895,0.00016572566886892255,1.2992186051645134e-08,1.380800643044301e-16
2045.1795651430214,11.996594909612117,0.0009305926634170079,6.827142584588482e-08,6.790075773251219e-16
2688.910897179131,320.8211430848821,0.505930592759184,0.0007547202453952322,1.5262910938184662e-10
2003.5908170617504,35.96336640062828,0.008536108711142487,1.9162262240327304e-06,5.831629460670918e-14
1102.5377893670873,10.9940992014712,0.0014497451173773592,1.8080257561991949e-07,3.0568481835515653e-15
6.5861742943525314e-09,7.473430396727028e-13,1.3605232977513896e-18,2.3424222033799374e-24,5.467397716523362e-34
5538.526714765429,152.76084671621703,0.05571325362730261,1.921762964963397e-05,8.98664153632821e-13
1766.5851992394837,17.989617955029757,0.002422553896262916,3.08536164917171e-07,5.327150976740507e-15
1286.1400091701835,13.99136794379534,0.0020127731380933512,2.738489924600549e-07,5.05107440938444e-15
2125.3491652594857,22.98699653108656,0.0032877525347472505,4.4473123469813405e-07,8.15553474859993e-15
1381.0737268160688,7.997364790169828,0.0006124208719957302,4.4353788403778925e-08,4.3547954029977504e-16
2012.28467286898,18.98983513362735,0.0023698377990374006,2.7970265156801535e-07,4.475389554599215e-15
1866.408317180213,13.994052458670087,0.0013875541783356722,1.3011740896136355e-07,1.654158658371899e-15
6.5861742943525314e-09,7.473430396727028e-13,1.3605232977513896e-18,2.3424222033799374e-24,5.467397716523362e-34
1602.015634248838,18.989050099994394,0.0029764917015115233,4.412538925866065e-07,8.868062036547783e-15
2271.8841332897196,7.998415861096521,0.0003723913296025436,1.6397249735259344e-08,9.78810816851599e-17
4245.092182996656,5.0001841181591375,7.788824381663635e-05,1.1474449287674744e-09,2.2916489397879005e-18
3703.593718981685,22.992172157623585,0.0018875975763859533,1.4656045612683699e-07,1.5426965334776137e-15
3699.5093304226184,1164.8626634500438,8.037948873626478,0.031739286296963085,1.6990470537946866e-08
1664.3299947682895,5.998756274428442,0.00028593044637533914,1.2889483758289432e-08,7.877110603198121e-17
608.5780815304536,0.0673512368098058,1.1958427010568673e-07,2.0080556302822577e-13,4.571236821569408e-23
2117.2447656448403,8.998849007129303,0.0005058061039486955,2.6887945096530973e-08,1.9377040987728868e-16
1852.6627331932668,32.96668871843153,0.007757162197244428,1.726305035000321e-06,5.2082101805854116e-14
3970.590602486137,99.85778072368134,0.03320798089695916,1.0444699449832331e-05,4.453543773739646e-13
1856.1915715131086,0.9998334806225968,7.122137376260606e-06,4.79806953030836e-11,4.3820671283199234e-20
2701.24324600574,114.72276426474475,0.06442191019848101,3.4215599903395226e-05,2.463604691389821e-12
1342.0912208908835,8.996580563062288,0.0007975246937181826,6.686351190039047e-08,7.599596374036604e-16
2341.6463044066895,18.991348210531214,0.0020368490649332553,2.0660526612292886e-07,2.841058818117834e-15
1382.2414258731144,12.993359119115665,0.0016151976725792196,1.8989364145861634e-07,3.02657516782315e-15
1890.9084154774519,12.995024196885742,0.001181013526734157,1.0151054587980613e-07,1.182833874406089e-15
1118.4970637181384,0.12773388798773652,2.3403274655961804e-07,4.0552752023778174e-13,9.526213984107802e-23
2443.6812860856276,34.971602693583215,0.00661823559268288,1.1845496936566816e-06,2.8742242305588596e-14
1448.6004432536752,30.96242190544786,0.008751097499617517,2.3392684417270736e-06,8.477228739713608e-14
6.5861742943525314e-09,7.473430396727028e-13,1.3605232977513896e-18,2.3424222033799374e-24,5.467397716523362e-34
2011.8749278228927,22.985218135425413,0.0034726267154466914,4.961919045237362e-07,9.611641106948903e-15
2197.557705061658,19.989698131380184,0.0024045762697990237,2.735590852058874e-07,4.219102028148154e-15
2351.5974014975254,21.988411192569412,0.0027188841559546264,3.1795673089745684e-07,5.040825242948198e-15
1030.4198388502152,8.995478944132673,0.001038487175021095,1.1338561493847371e-07,1.6783057446211677e-15
6.5861742943525314e-09,7.473430396727028e-13,1.3605232977513896e-18,2.3424222033799374e-24,5.467397716523362e-34
1669.4824102334037,12.994276462477396,0.0013374927095773479,1.3019969729737344e-07,1.7182439547343905e-15
1846.262641797824,17.990072676369522,0.002318128036527901,2.825027609900803e-07,4.667284482223339e-15
2194.7064506658717,10.99678156528045,0.0007286669206791101,4.5663537709236614e-08,3.8794160107379323e-16
2004.0971886536518,7.998247220750214,0.00042213166873015113,2.107061861965189e-08,1.4258142038075785e-16
2003.8547433002373,21.98699535707962,0.003190284536446652,4.377989306246182e-07,8.144722150231579e-15
1111.1003768426328,10.038502726272034,0.001199893591569074,1.3564279993525646e-07,2.07877295058663e-15
1595.8091248929559,11.994568530305106,0.0011922208558198322,1.1207476038377029e-07,1.4282861411573582e-15
1883.1102590256519,20.986778902248915,0.00309298700444296,4.311141551302686e-07,8.146344450896517e-15
2206.2152366881214,9.99576286745429,0.0005988972327670723,3.393636596340508e-08,2.60696176306045e-16
2252.629242863737,29.978243132941866,0.0052757193845989325,8.780935388662493e-07,1.981327079971626e-14
1797.2171245924628,18.989569987451695,0.002653354460428417,3.5063626782476004e-07,6.281663936236222e-15
1569.0954393930947,21.98253212378969,0.004072512384461991,7.135612343868591e-07,1.6949480131188242e-14
6.5861742943525314e-09,7.473430396727028e-13,1.3605232977513896e-18,2.3424222033799374e-24,5.467397716523362e-34
2821.1153938886077,0.9999895459869899,4.6876443173708975e-06,2.078199413289222e-11,1.2490392400615923e-20
1813.4608648025323,15.991341095436779,0.0018647760414243052,2.0565937905264627e-07,3.0748692880768943e-15
6.5861742943525314e-09,7.473430396727028e-13,1.3605232977513896e-18,2.3424222033799374e-24,5.467397716523362e-34
2569.878756080116,35.97158869534578,0.006658296796851686,1.1656034088448459e-06,2.7662712763404338e-14
1608.0291331867872,10.995544035759345,0.000994282310452677,8.503176393638384e-08,9.858457369491219e-16
2049.498282746728,21.98674346087144,0.0031191591053310944,4.1850022725932043e-07,7.61219959880069e-15
1316.4351868167564,3.999427694268392,0.00016068531687596593,6.105623602424603e-09,3.1451412888330034e-17
3244.3841911435984,52.95691883332602,0.011430618153470445,2.3334724926302293e-06,6.457909494146477e-14
4007.0127459560676,925.9580561548835,4.0203005048759595,0.011632244373975588,4.562730750935877e-09
4083.8077260013674,46.969224514471065,0.007143693547273751,1.0275770640056162e-06,2.0038365215964828e-14
1503.7891483097176,23.97830534043423,0.00505594580245661,1.0082587419919108e-06,2.7258244479453353e-14
1301.8385228748703,17.985942141602617,0.0032859888860359036,5.677837683575966e-07,1.3300138245504368e-14
1659.183644970223,12.994261205823003,0.001345791446519539,1.318205754174536e-07,1.750430779796874e-15
1396.4750099200521,24.974817383039085,0.005906363790549558,1.321068250976365e-06,4.0057756091896706e-14
6737.706840534749,154.79762097427349,0.04702776659240537,1.3512497569512692e-05,5.263482753752977e-13
2130.958289188586,13.990580231262275,0.0012146600692168907,9.973602446825844e-08,1.1102113173738133e-15
6.5861742943525314e-09,7.473430396727028e-13,1.3605232977513896e-18,2.3424222033799374e-24,5.467397716523362e-34
2077.5896077268253,32.555633352994455,0.006737289403238445,1.3186504495484071e-06,3.4988914662177124e-14
1818.623341530345,5.998798730227541,0.000261675703137632,1.0795386707179677e-08,6.037669090590462e-17
1421.7784812449074,12.993308621510208,0.001570268723220568,1.7947687749323826e-07,2.7809893709292864e-15
2387.654949187322,41.95816221155251,0.009750130259992527,2.1428477903339474e-06,6.384524080244587e-14
4579.61460050911,101.87136159674988,0.029965037056789094,8.336200554155105e-06,3.1439656346467317e-13
128.84271891267517,0.9997293660704847,0.00010258445356315713,9.955426281189988e-09,1.3097682881128534e-16
2133.671761966327,16.99236948271672,0.0017895714687803921,1.7824753139114575e-07,2.4068792320227777e-15
500.644852231774,6.021627718652628,0.0009581793711300662,1.4419902050246878e-07,2.941941980835449e-15
3378.9074380340403,39.97316825829511,0.006253477869914262,9.252457150227924e-07,1.8558755365134455e-14
1423.750990725766,7.997446985556739,0.0005940761366946375,4.173595622500952e-08,3.9749798136400363e-16
3611.7944997595164,723.7247887009302,1.9160170746994472,0.004799060537662993,1.629556419921792e-09
3399.3772289490876,10.998189547616526,0.00047056774919688077,1.904139505094365e-08,1.0445558513765208e-16
2225.608287221486,18.990284128616416,0.0021427942544450214,2.2867005930305145e-07,3.308220394358795e-15
1741.4245489180587,24.97966241389172,0.004738316887890277,8.500530700211099e-07,2.067398886695639e-14
1433.0680445774115,14.992594515230145,0.0020742195572821423,2.7140259475919457e-07,4.8142602679987406e-15
1559.5473644383248,27.97151919227043,0.006634097453094728,1.488109436570143e-06,4.5252668542173083e-14
5905.405855937894,177.6964588696196,0.07070194119813662,2.66060689885266e-05,1.3573329411542025e-12
486.38936524244957,5.995809222791131,0.0009774052570105819,1.5906558958376997e-07,5.534017214847785e-13
2159.8970002295846,11.996992548341844,0.0008812276882756419,6.121831233241922e-08,5.765418934245623e-16
1996.835600867501,9.997697282100614,0.000661964494693584,4.145209179534554e-08,3.518961416040158e-16
2085.3059993569173,15.993427685239531,0.0016221224073391565,1.555982959302988e-07,2.0234028076296418e-15
1927.7589651670414,9.997064384946562,0.0006855933270016228,4.4467002762559156e-08,3.9098980343928446e-16
1798.4834395739526,25.97878332340076,0.0049623425699781435,8.964770098365116e-07,2.195572946256433e-14
2975.7884225251805,22.03703022368592,0.0021585714402552673,1.9996717880837735e-07,2.5113503926502042e-15
6.5861742943525314e-09,7.473430396727028e-13,1.3605232977513896e-18,2.3424222033799374e-24,5.467397716523362e-34
1412.1855699378625,7.997503527344801,0.0005989503887004487,4.242333641468464e-08,4.0735691175779626e-16
2432.9569206273886,10.997059472037392,0.0006573458310724469,3.71610443155178e-08,2.847988334744425e-16
1156.9520442513372,4.99877459607187,0.0002856194793360566,1.5434358838303842e-08,1.1306954945101238e-16
2667.1000299429306,29.981038672658382,0.0044567292461680464,6.265673814617774e-07,1.1941960020062466e-14
3077.1825157243707,24.988862856187044,0.0026835440146928497,2.7255267453865345e-07,3.752739965230644e-15
1982.2959491506267,17.990767676676132,0.002159222301941979,2.4508981715805196e-07,3.771459752883861e-15
2027.7542246114276,8.997761175365435,0.0005279947119260196,2.9302270760973635e-08,2.204597343500649e-16
1840.0640936597063,17.990035236291327,0.0023259269276125595,2.8440741856787375e-07,4.714569839132117e-15
6.5861742943525314e-09,7.473430396727028e-13,1.3605232977513896e-18,2.3424222033799374e-24,5.467397716523362e-34
1516.975582207788,6.000840425205215,0.0003139340611100979,1.5532487460689275e-08,1.041837256081909e-16
2553.7392292604018,33.97437029464806,0.0059770112221932984,9.944897411935114e-07,2.243225035420795e-14
434.0535910649809,3.9979149196173696,0.00048695619483256087,5.609531583675777e-08,8.760312510693282e-16
4139.930571621746,58.952416859505135,0.011101101328320479,1.977037185414135e-06,4.773312949329179e-14
1412.2819201196398,17.986585064920906,0.0030292417556370527,4.825055203622891e-07,1.0419021588447545e-14
2471.307533746027,10.99682487501087,0.0006471158498666512,3.601416649901914e-08,2.7171961936933896e-16
6.5861742943525314e-09,7.473430396727028e-13,1.3605232977513896e-18,2.3424222033799374e-24,5.467397716523362e-34
1630.2563935196974,4.999109627457463,0.00020272525559097637,7.774967189355299e-09,4.04245851524166e-17
6.5861742943525314e-09,7.473430396727028e-13,1.3605232977513896e-18,2.3424222033799374e-24,5.467397716523362e-34
1336.7327094991554,20.98135562935319,0.0043548730040124045,8.548755785774724e-07,2.2750273731761533e-14
6.5861742943525314e-09,7.473430396727028e-13,1.3605232977513896e-18,2.3424222033799374e-24,5.467397716523362e-34
2148.1691597205822,15.993657261543799,0.0015747003930536956,1.466314233789726e-07,1.851025764666547e-15
1794.1403849373783,13.99380962181792,0.0014433926538416377,1.4080311502690726e-07,1.8620714192894115e-15
1584.1491822775633,25.975847117861214,0.00563241765002868,1.1550638738608943e-06,3.2112450737548686e-14
1393.0135189400683,11.99323078156432,0.0013654664642515845,1.4702993565656096e-07,2.1462820579209487e-15
1473.0981588778081,7.997685377838852,0.0005742110924746974,3.899026751361534e-08,3.589195798544699e-16
2329.3801459283955,24.98505344954401,0.0035439180584009226,4.754103253446787e-07,8.6458928176653e-15
6.5861742943525314e-09,7.473430396727028e-13,1.3605232977513896e-18,2.3424222033799374e-24,5.467397716523362e-34
2253.401039453055,11.996496754386586,0.0008445879125061543,5.62357606612617e-08,5.076174988427389e-16
2428.8102711786687,5.999798530165862,0.00019600370580220278,6.055736090477236e-09,2.5364476101578605e-17
1899.1556978242743,23.982554732142265,0.004004875142854284,6.325073345017578e-07,1.3542487718481279e-14
1663.934477555556,13.993319422768112,0.0015562272038761617,1.636835296622098e-07,2.3339591974557945e-15
494.3312751219507,9.007442775511494,0.002170774052814555,4.947834804880064e-07,1.5288752872974153e-14
1915.872430230157,27.976821351793475,0.005402381808397247,9.866356041741557e-07,2.4427813326460142e-14
1502.09604510735,7.997723543329651,0.000563131561670668,3.749994594977868e-08,3.3853822548706363e-16
6.5861742943525314e-09,7.473430396727028e-13,1.3605232977513896e-18,2.3424222033799374e-24,5.467397716523362e-34
863.8542842601016,6.0021778373099215,0.0005515454332772364,4.7932744845901504e-08,5.647283685124471e-16
1528.9280040462713,4.999081050164598,0.00021615814759822673,8.839520643135066e-09,4.9005194506486587e-17
1815.9877630707222,20.986305199941164,0.0032071591866088206,4.6354003846997757e-07,9.08260208286683e-15
3560.3194987961947,28.986609738924333,0.0031208590836180094,3.177828149258552e-07,4.38675071013569e-15
1930.209067157687,37.957626987800495,0.009870486091994568,2.4275412725763863e-06,8.093772708038623e-14
1745.303920939221,7.000685081438878,0.0003713650751373645,1.8631071470636317e-08,1.2671583914860114e-16
1858.7088343246492,22.983895537836798,0.0037583362628922064,5.812332774091636e-07,1.2186012161541436e-14
7191.744776535791,251.50166222868356,0.11629504796739072,5.086068916810138e-05,3.0155015845161313e-12
326.28766254439506,10.980098876570482,0.004885763561567407,2.0561664002127594e-06,1.1731144160667828e-13
2237.8455191152893,16.99267922787698,0.0017063299691103294,1.6204784433613744e-07,2.08631459722272e-15
2474.590495438143,27.982383919811863,0.004184354255130655,5.917716944962824e-07,1.1345828908319154e-14
1554.225524441569,22.98073813698539,0.004493333901433776,8.309179860464257e-07,2.0830703004120253e-14
312.3874312016148,4.995443830784181,0.0010563472155370164,2.1126375884024453e-07,5.727955207223036e-15
1395.485183068796,13.992041838263557,0.0018552456020722735,2.3264982196649437e-07,3.955126127372441e-15
6.5861742943525314e-09,7.473430396727028e-13,1.3605232977513896e-18,2.3424222033799374e-24,5.467397716523362e-34
582.7267266255748,4.998509624917551,0.0005670114487013942,6.083072317541695e-08,8.847293405833509e-16
1876.142646131493,16.991340423968726,0.0020349607322317064,2.304966717975476e-07,3.539399487170695e-15
172.4028063433894,18.882373283330725,0.027335709675264493,3.7433765750038444e-05,6.9494909447562e-12
2190.91363832639,14.99416585154729,0.001357032526447419,1.1615467495983638e-07,1.3478433779794332e-15
1600.1369941302798,7.99783383910335,0.0005286434326242873,3.304687064039115e-08,2.8006196926458807e-16
1170.4845344979035,11.993068300891723,0.001625021382843378,2.0824233469887197e-07,3.617722639108322e-15
267.39143269456895,4.994636342723198,0.0012336911699561807,2.882019115122125e-07,9.127325901314514e-15
4015.5741824464526,24.991450049240132,0.0020568751734735555,1.6010408682230526e-07,1.6894805575307676e-15
448.8095654027858,0.049669681244404865,8.819010398825366e-08,1.4808856941826933e-13,3.371161192796121e-23
2387.7437208215574,30.97720305710577,0.005314411035030401,8.622861298730707e-07,1.8967232120948103e-14
1481.6129495130594,5.998717555260607,0.00032118805939296014,1.6264347899175714e-08,1.1165295408062468e-16
3531.695474993385,980.3053787330549,5.788484387018284,0.02013895780828309,9.498727879936515e-09
2096.4008131431774,17.991317714174013,0.002041828239304538,2.1915697562707937e-07,3.1889498546202285e-15
6.5861742943525314e-09,7.473430396727028e-13,1.3605232977513896e-18,2.3424222033799374e-24,5.467397716523362e-34
327.77085069946406,2.003828223800539,0.0001620401141852799,1.2392602133494455e-08,1.2848687658952957e-16
1538.7473217561064,15.990728912812331,0.0021975225749793206,2.8561414744882734e-07,5.032483799478764e-15
2249.698276567527,24.984249165805817,0.0036691930417737015,5.096319751419016e-07,9.596195235540248e-15
6.5861742943525314e-09,7.473430396727028e-13,1.3605232977513896e-18,2.3424222033799374e-24,5.467397716523362e-34
1711.6910261600608,18.98805578593598,0.002785466320738096,3.864534272350563e-07,7.268632538689657e-15
2351.5157266474325,25.983705559174016,0.0037967905311342993,5.247035394017572e-07,9.830319857204528e-15
886.0523756339421,8.994581152962441,0.0012074398876148577,1.5329612925750325e-07,2.6384760639817026e-15
986.0727331256161,4.998571396915726,0.0003350869206313648,2.124448189210561e-08,1.8259593725943572e-16
2401.108191052682,7.998541512976346,0.0003523613455760443,1.4680519944772838e-08,8.291840003910343e-17
1745.2885525951278,6.998405396893479,0.0003711142609338333,1.861197440317522e-08,1.265416661062223e-16
1676.9320054999791,7.997827998040971,0.0005044333382153757,3.0089318935840005e-08,2.4331967768796666e-16
2189.13828610315,23.984109303168843,0.003474839434321624,4.7613227198209235e-07,8.84457146191971e-15
1406.8333463683077,20.98232748410763,0.004138274824645397,7.719156523403073e-07,1.951985851344622e-14
1519.0660662420107,8.99706587982272,0.0007046904457951931,5.220037582620628e-08,5.242098473990711e-16
1984.9845646510164,9.997161453918002,0.0006658416717266249,4.1941340118296476e-08,3.58154104587018e-16
3528.6088826154755,503.90115296366065,0.9510000738454675,0.001697857934879165,4.109400412949237e-10
2984.059259281632,27.98513878945479,0.0034706698205394593,4.0707986394563393e-07,6.4729498335132035e-15
2052.4972703400013,9.000300321330949,0.0005219390425624903,2.862589801443837e-08,2.128407366738154e-16
270.8603452449846,0.029976070135657427,5.322346904975569e-08,8.937269642074195e-14,2.0345241165655051e-23
133.82867665457186,2.9943025113337707,0.0008858365199180644,2.478575857152132e-07,9.401716471458205e-15
1457.1399498424448,23.97766847169344,0.005217519557124774,1.0737601566463013e-06,2.995758387660735e-14
8327.22759132169,2777.421331388844,19.06480456286909,0.07971411110099728,4.518501096446075e-08
590.8387971864128,4.9976109553549755,0.0005590151878086762,5.913771389836187e-08,8.481286918867907e-16
2752.837566504047,47.952773102091435,0.011045780421720618,2.406389413996361e-06,7.107088298650806e-14
2194.7064693717593,10.996829349180954,0.0007286735682043792,4.566417245620688e-08,3.879488471271237e-16
1907.2313404920446,25.979930873749797,0.004679826416370069,7.972698291159779e-07,1.8413536798269338e-14
1683.550585500224,6.99836024710164,0.0003847183428149581,2.0001651868885792e-08,1.4097598359883054e-16
1584.0468525851543,5.998724835067092,0.0003004188093403911,1.4228901738787847e-08,9.136333383223747e-17
2723.576672508237,19.987398500141122,0.0019396949278324266,1.7802847366316383e-07,2.215143193692028e-15
1507.894658359433,11.994542452237948,0.0012617254809769002,1.255236117178838e-07,1.692942776726059e-15
2391.1321942816803,19.990525380005696,0.0022101038784081814,2.3108983899437942e-07,3.2757089879744516e-15
1737.4624228545347,13.993590206786054,0.001490429024178068,1.5013186867693484e-07,2.0501742769382722e-15
6.5861742943525314e-09,7.473430396727028e-13,1.3605232977513896e-18,2.3424222033799374e-24,5.467397716523362e-34
5883.161102300679,78.93993876042182,0.014006846990842012,2.3505400465533425e-06,5.347505310960629e-14
6.5861742943525314e-09,7.473430396727028e-13,1.3605232977513896e-18,2.3424222033799374e-24,5.467397716523362e-34
1257.2516138042736,7.9971643201489515,0.0006727009335780719,5.3516308671622e-08,5.771737465036743e-16
2047.181050627077,40.95363056372307,0.010833600202941284,2.710454136627409e-06,9.19321933422125e-14
2287.627172159007,37.964302654352025,0.0083313758527593,1.7291959218331243e-06,4.865505613547896e-14
596.870549256347,6.994906510008723,0.0010840314669918018,1.5888547464826431e-07,3.1570597535445375e-15
1815.9877748613974,21.984899507705514,0.0035196238965248044,5.329060708138548e-07,1.0938590825155552e-14
1101.172952835108,36.92969825447183,0.016376176588948438,6.868292660856944e-06,3.9051828525729506e-13
3087.168249871701,31.981188817768718,0.004381195730604438,5.676386629806549e-07,9.970285174101739e-15
6.5861742943525314e-09,7.473430396727028e-13,1.3605232977513896e-18,2.3424222033799374e-24,5.467397716523362e-34
6.5861742943525314e-09,7.473430396727028e-13,1.3605232977513896e-18,2.3424222033799374e-24,5.467397716523362e-34
3500.8032945196433,46.964235518106,0.008331521699553816,1.3978644849158835e-06,3.179524032121858e-14
6.5861742943525314e-09,7.473430396727028e-13,1.3605232977513896e-18,2.3424222033799374e-24,5.467397716523362e-34
2394.5508582064585,34.97107406022081,0.006753813436577253,1.23359827838963e-06,3.0546028256564655e-14
6.5861742943525314e-09,7.473430396727028e-13,1.3605232977513896e-18,2.3424222033799374e-24,5.467397716523362e-34
1429.8817317743355,19.98415262770671,0.003693411994842503,6.455856723394019e-07,1.529805828294459e-14
5868.178173241458,60.96344687032142,0.008375273458236961,1.0882026054968622e-06,1.9168001122175403e-14
531.4493822080259,5.99857965162912,0.0008953948791522633,1.2640456969459677e-07,2.419174757082371e-15
2373.719742545906,11.99646614163631,0.0008017730546998934,5.067883930451387e-08,4.342683327016432e-16
88.71411952818418,2.994313578531027,0.001336345159052534,5.640787063464451e-07,3.2278776765905225e-14
6.5861742943525314e-09,7.473430396727028e-13,1.3605232977513896e-18,2.3424222033799374e-24,5.467397716523362e-34
1907.8913568786247,10.996426116782409,0.0008381518366783876,6.041871434901758e-08,5.904410679300593e-16
543.1093379622565,5.996253283029487,0.000875457598883546,1.2088490162197057e-07,2.2628997028810457e-15
6.5861742943525314e-09,7.473430396727028e-13,1.3605232977513896e-18,2.3424222033799374e-24,5.467397716523362e-34
2251.302100132373,20.989705953501048,0.0025878941462883403,3.0176377619838783e-07,4.7702814382340035e-15
2065.5845348270336,17.991520485214874,0.002072339462764402,2.2575318553241143e-07,3.333981428708623e-15
882.5269010942835,207.2205855578362,0.6427510535602915,0.0018862998001653495,7.504728129412486e-10
2705.5072220339825,31.979473510769015,0.004998687412769035,7.389636250651464e-07,1.4809706172684156e-14
2254.731121891212,7.99797271215535,0.0003751806451947238,1.664473269535235e-08,1.0010817005207231e-16
360.0212100038803,3.0025282406439415,0.0003311859753323612,3.45490765436185e-08,4.886042597112935e-16
338.2133536389742,2.998540165624099,0.0003515576177693278,3.898192113098803e-08,5.859846815579407e-16
6.5861742943525314e-09,7.473430396727028e-13,1.3605232977513896e-18,2.3424222033799374e-24,5.467397716523362e-34
1626.2931737108408,22.981601433937332,0.004294552068930072,7.58996354491911e-07,1.8185188490692607e-14
88.71014935811533,0.009817537729630978,1.743135151249417e-08,2.927067541337825e-14,6.663320837532438e-24
2740.3258361906956,37.97032849066043,0.0069573420264216895,1.205664212254991e-06,2.8324723919143386e-14
2192.6876479799926,8.997912215009292,0.0004882961316452264,2.5061158632318363e-08,1.7437142063758847e-16
385.70968760325167,10.982319715843074,0.0041348380428208875,1.511879931983211e-06,9.147136212875836e-13
768.5175907363948,31.925413257863426,0.01753559202870826,9.109827887666379e-06,6.415879720078156e-13
227.70308120385775,4.993824494630648,0.001448248458106711,4.1532338914233314e-07,6.569446377712938e-13
2395.4927040744055,282.10901189570745,0.4391204087028249,0.0006465709170492146,1.2906397032953833e-10
1734.0358915350066,10.996030680151117,0.0009221163141890607,7.313302911388491e-08,7.863170939817996e-16
2553.6838582733617,25.98469576562088,0.003496485811801882,4.449661965464824e-07,7.676770686485793e-15
1712.4450399453772,17.989285342199206,0.002499048400844973,3.2833471217063634e-07,5.848105934447256e-15
2011.9242802431786,29.975142548548774,0.005905628283307103,1.100413212953316e-06,2.7797246917145367e-14
2516.906348436763,33.97394880412988,0.006064323074387926,1.0237699230380084e-06,2.3430346021247358e-14
6.5861742943525314e-09,7.473430396727028e-13,1.3605232977513896e-18,2.3424222033799374e-24,5.467397716523362e-34
6.5861742943525314e-09,7.473430396727028e-13,1.3605232977513896e-18,2.3424222033799374e-24,5.467397716523362e-34
357.9275858791566,0.039611787425345935,7.033199256931763e-08,1.1810127999524588e-13,2.6885157544806716e-23
822.3412668422305,14.984511224399617,0.0036106121325646724,8.228232405008616e-07,2.542076187624711e-14
2335.204024869147,24.98478148723894,0.00353499874541056,4.730254424685598e-07,8.580963142102652e-15
2047.4301220234715,29.975134695083582,0.005803210084171624,1.062576181978951e-06,2.637595301212418e-14
1824.9324814987456,31.968228553644398,0.007405246655992669,1.6223605888183428e-06,4.818496487207674e-14
6.5861742943525314e-09,7.473430396727028e-13,1.3605232977513896e-18,2.3424222033799374e-24,5.467397716523362e-34
2337.270403648006,8.999011836953862,0.0004582078269910386,2.206512102856049e-08,1.4404773139397356e-16
594.87306063186,0.9887666286391444,2.1709496656310735e-05,4.5079606063328514e-10,1.269015037770552e-18
420.92831849783835,0.04658406820667371,8.271149957913685e-08,1.3888891262386535e-13,3.161735670663204e-23
6.5861742943525314e-09,7.473430396727028e-13,1.3605232977513896e-18,2.3424222033799374e-24,5.467397716523362e-34
6.5861742943525314e-09,7.473430396727028e-13,1.3605232977513896e-18,2.3424222033799374e-24,5.467397716523362e-34
491.01134648595627,12.98050255115472,0.004537560350644541,1.5001934059984017e-06,6.724010626742253e-14
582.6771263470094,4.9975811759646,0.000566838394563062,6.080489138780538e-08,8.842479748659872e-16
1719.5540398623468,24.979430046021463,0.004798489290405817,8.71788387022322e-07,2.1472070723206977e-14
2833.495492880009,278.4435494590698,0.3616897461741552,0.0004444119792783565,7.402725164900781e-11
6.5861742943525314e-09,7.473430396727028e-13,1.3605232977513896e-18,2.3424222033799374e-24,5.467397716523362e-34
1285.4673681378072,12.99255647004266,0.0017365707216803403,2.195186371431589e-07,3.7618945718113935e-15
6.5861742943525314e-09,7.473430396727028e-13,1.3605232977513896e-18,2.3424222033799374e-24,5.467397716523362e-34
0.03391598818820095,0.46552278965536914,0.07839006232781041,0.012781126213031619,2.8251073099902047e-07
6.5861742943525314e-09,7.473430396727028e-13,1.3605232977513896e-18,2.3424222033799374e-24,5.467397716523362e-34
6.5861742943525314e-09,7.473430396727028e-13,1.3605232977513896e-18,2.3424222033799374e-24,5.467397716523362e-34
6.5861742943525314e-09,7.473430396727028e-13,1.3605232977513896e-18,2.3424222033799374e-24,5.467397716523362e-34
2067.385303089252,24.983055550501685,0.003992365194772709,6.033892767969738e-07,1.2362924421011603e-14
1762.8558185258416,15.991798379340063,0.0019184226331956777,2.1765643856490888e-07,3.347765634919277e-15
6.5861742943525314e-09,7.473430396727028e-13,1.3605232977513896e-18,2.3424222033799374e-24,5.467397716523362e-34
6.5861742943525314e-09,7.473430396727028e-13,1.3605232977513896e-18,2.3424222033799374e-24,5.467397716523362e-34
2133.6717616892593,16.992370721935576,0.001789571743274409,1.7824757307323937e-07,2.4068799885107586e-15
6.5861742943525314e-09,7.473430396727028e-13,1.3605232977513896e-18,2.3424222033799374e-24,5.467397716523362e-34
6.5861742943525314e-09,7.473430396727028e-13,1.3605232977513896e-18,2.3424222033799374e-24,5.467397716523362e-34
6.5861742943525314e-09,7.473430396727028e-13,1.3605232977513896e-18,2.3424222033799374e-24,5.467397716523362e-34
6.5861742943525314e-09,7.473430396727028e-13,1.3605232977513896e-18,2.3424222033799374e-24,5.467397716523362e-34
6.5861742943525314e-09,7.473430396727028e-13,1.3605232977513896e-18,2.3424222033799374e-24,5.467397716523362e-34
6.5861742943525314e-09,7.473430396727028e-13,1.3605232977513896e-18,2.3424222033799374e-24,5.467397716523362e-34
6.5861742943525314e-09,7.473430396727028e-13,1.3605232977513896e-18,2.3424222033799374e-24,5.467397716523362e-34
7.469621970204467,0.0008266618425195361,1.4677644798280562e-09,2.4646659004919406e-15,5.610686948753318e-25
6.5861742943525314e-09,7.473430396727028e-13,1.3605232977513896e-18,2.3424222033799374e-24,5.467397716523362e-34
6.5861742943525314e-09,7.473430396727028e-13,1.3605232977513896e-18,2.3424222033799374e-24,5.467397716523362e-34
6.5861742943525314e-09,7.473430396727028e-13,1.3605232977513896e-18,2.3424222033799374e-24,5.467397716523362e-34
6.5861742943525314e-09,7.473430396727028e-13,1.3605232977513896e-18,2.3424222033799374e-24,5.467397716523362e-34
6.5861742943525314e-09,7.473430396727028e-13,1.3605232977513896e-18,2.3424222033799374e-24,5.467397716523362e-34
6.5861742943525314e-09,7.473430396727028e-13,1.3605232977513896e-18,2.3424222033799374e-24,5.467397716523362e-34
6.5861742943525314e-09,7.473430396727028e-13,1.3605232977513896e-18,2.3424222033799374e-24,5.467397716523362e-34
6.5861742943525314e-09,7.473430396727028e-13,1.3605232977513896e-18,2.3424222033799374e-24,5.467397716523362e-34
6.5861742943525314e-09,7.473430396727028e-13,1.3605232977513896e-18,2.3424222033799374e-24,5.467397716523362e-34
6.5861742943525314e-09,7.473430396727028e-13,1.3605232977513896e-18,2.3424222033799374e-24,5.467397716523362e-34
6.5861742943525314e-09,7.473430396727028e-13,1.3605232977513896e-18,2.3424222033799374e-24,5.467397716523362e-34
6.5861742943525314e-09,7.473430396727028e-13,1.3605232977513896e-18,2.3424222033799374e-24,5.467397716523362e-34
6.5861742943525314e-09,7.473430396727028e-13,1.3605232977513896e-18,2.3424222033799374e-24,5.467397716523362e-34
6.5861742943525314e-09,7.473430396727028e-13,1.3605232977513896e-18,2.3424222033799374e-24,5.467397716523362e-34
6.5861742943525314e-09,7.473430396727028e-13,1.3605232977513896e-18,2.3424222033799374e-24,5.467397716523362e-34
6.5861742943525314e-09,7.473430396727028e-13,1.3605232977513896e-18,2.3424222033799374e-24,5.467397716523362e-34
6.5861742943525314e-09,7.473430396727028e-13,1.3605232977513896e-18,2.3424222033799374e-24,5.467397716523362e-34
6.5861742943525314e-09,7.473430396727028e-13,1.3605232977513896e-18,2.3424222033799374e-24,5.467397716523362e-34
0.06783188623476366,0.9310460607576478,0.15678051625383577,0.025562368116539093,5.650251651044912e-07
501.4055497998613,357.4116386527709,4.466288339809896,0.03990598667002137,4.8337671346873296e-08
657.8518872894549,397.4455876351984,4.657004849966666,0.03530539170622461,3.62853855615416e-08
384.43677214320337,19.94097521489656,0.013675600017815077,8.870750388829912e-06,7.800647110704186e-13
293.63617800606886,100.68916778700832,0.6278492603737296,0.002696354966340387,1.5698388711570625e-09
7325.645880146666,4880.486738810749,55.389418451693444,0.462283947963167,5.230548003440388e-07
5664.96789970379,7934.155828223971,197.45172807698026,3.4748144854129843,8.290080701044182e-06
189.01843375246136,23.82911031929592,0.0397044642351292,6.258111141164383e-05,1.3372220067484286e-11
2017.6732958438145,358.37029751778664,0.8410760911995083,0.001867461151679996,5.621137150572267e-10
373.06638429808805,97.5419653902077,0.33685823337996323,0.0011007325968687013,4.876102376609372e-10
156.71172243878618,22.812066069151694,0.043885175916121906,7.986543138524913e-05,1.9704079629114638e-11
127.30984922972301,138.11164814216812,2.845466547790616,0.03881247261811513,7.177043101387553e-08
610.4350725543528,185.1988864451522,1.0547280219390858,0.004007915339414813,2.064680827739734e-09
4422.352067963935,59.954354863043086,0.01074844781373549,1.8224455049789033e-06,4.189089595850863e-14
283.50637495126927,104.72436767322944,0.6920192103206959,0.003201370505298975,2.007751996746369e-09
623.4352246484865,331.3531849070103,3.5715261114247756,0.02382410540953053,2.1544465806389246e-08
317.2712568895135,75.92180740718368,0.31071470447176774,0.0009305144763340087,3.7778158596903505e-10
4245.065953238206,282.92841541906904,0.24929734903480166,0.00020777073175775256,2.3475096364277674e-11
5132.285568786059,2250.9678440648017,17.13107184865285,0.094091347182519,7.006016933311186e-08
4067.812092798252,3663.1306674278917,59.76317163994451,0.6754156856294262,1.0348205469134368e-06
299.0344605842903,26.90961342205034,0.0764030387804876,0.0068730824849556685,1.0505514955663658e-09
919.8384157000241,25.957123526889696,0.009685604783720264,3.41815899016207e-06,1.6353626550067784e-13
2326.4985994200433,224.76485939216488,0.28703960037865844,0.00034674039488740316,5.6783658582873673e-11
4144.301981724346,286.8714877949717,0.2625228436929341,0.00022723459797917853,2.6664786963798113e-11
2914.9461754238478,388.0581847114216,0.6827729550854578,0.001136406610482272,2.5641740756696845e-10
2584.619911536481,279.28285106087617,0.39889285393481766,0.0005389226993623863,9.870814867971047e-11
375.6516395017552,13.970486488600924,0.006869842729592733,3.1951000714430174e-06,2.014551791949196e-13
574.995881341778,112.79214903001953,0.4046208201408052,0.000993507458285437,3.307123069544588e-10
1987.3132336848107,256.1206376949149,0.43625927460516306,0.00070294185607348,1.535502213256916e-10
1161.3326091870308,21.976410835910702,0.005499247211441439,1.301480696258333e-06,4.1756925900485545e-14
224.4856653229563,7.983886228189951,0.0037545032759911316,1.6699049807747075e-06,1.0069023037950741e-13
260.27485975385093,16.937480768037197,0.014571957075164791,1.1857996771447223e-05,1.308160638604084e-12
305.95761570559705,5.993468603044151,0.0015525340051107258,3.803579889669619e-07,1.2632818717870053e-14
234.94042004171493,19.903912386687043,0.022291062779471127,2.361364066191249e-05,3.391184609505524e-12
342.4052259304949,60.39274001623065,0.14075175991601538,0.0003103380073765217,9.276249431266023e-11
2068.231082176066,269.99315593860223,0.46582725625842747,0.0007602789754449228,1.682199027969479e-10
3997.680895124806,1243.8881925857954,7.4751761407678075,0.029139421064277426,1.5399149648007554e-08
288.9376701723265,2.998819606571792,0.00041159381767215034,5.342796340347014e-08,9.402096321160484e-16
126.8029258897432,4.988851995245944,0.002595234551323816,1.2768994816104407e-06,8.517126727405526e-14
2621.885250100713,263.4935833009209,0.3500307914923397,0.00043984001475143704,7.492720511448891e-11
8394.87538039893,1022.9045899050685,1.6473739717061828,0.00250968011261788,5.183234407283187e-10
290.70093064003345,17.60604688559252,0.04575672267358454,3.4999851532429043e-05,6.675725748279796e-12
508.3221960212126,16.96785077235298,0.0074891313930087,3.1263346693273527e-06,1.7692768094151175e-13
2148.8486182194915,226.63995916248024,0.315963436572525,0.00041667109275055585,7.449141500153907e-11
3765.905760773428,167.5765270881113,0.09859413622823318,5.4865223275975756e-05,4.1390389970808755e-12
199.9210222079807,13.944364516082958,0.012858209471321578,1.1214768794138534e-05,1.3260394914549817e-12
301.51956460497036,1.9998114108175309,0.0001754067772500667,1.4550637446195275e-08,1.6363415903741094e-16
289.95536434515384,3.996849666150252,0.0007285527446118433,1.2559956737226326e-07,2.935429050881107e-15
4340.063686454571,376.14625095504294,0.43094858996628466,0.00046702010561841723,6.861230332558434e-11
3658.5043922947702,698.3570583977876,2.836374608655313,0.006781743074528274,2.1982414623265786e-09
215.88495912921917,0.02389195314005026,4.2420925182419364e-08,7.123309577342881e-14,1.6215853057223692e-23
3941.1761237024975,768.1035630018862,2.1722125270946564,0.005293840973465358,1.7490240742374388e-09
183.86885429985898,0.02034873605167423,3.612983017942818e-08,6.066910710649771e-14,1.3811014603115254e-23
2866.006855667006,251.7426782315516,0.29230900541165294,0.0003210479124184226,4.780285253819265e-11
1108.8972605022218,134.07721393182635,0.2142677349308706,0.0003239119257585573,6.638247015102572e-11
687.1862761912554,23.952623838930613,0.011039402871461873,4.812144244466321e-06,2.8437275989285364e-13
1589.6887307383768,182.80358771507036,0.2778481761064235,0.000399479118824801,7.786403880395146e-11
490.55970153544206,83.19564236500634,0.18644375533183513,0.00039527722911785303,1.1360882486401702e-10
321.4624347192912,53.86457393408804,0.17039213104805095,0.00035738392692547216,1.0161944410755656e-10
673.8313345537897,13.983527165733783,0.0038372918275169075,9.959152396891233e-07,3.504097872041266e-14
1840.1955136155166,473.84153131515393,1.9223760905449445,0.006203112308784373,2.8107715205502115e-09
2676.9172161209926,407.5923018453892,1.0019209210068982,0.0019083953823085865,4.927873871463935e-10
416.80867782989054,17.95723100174504,0.010229290402720692,5.605131563741701e-06,1.7585332671217891e-12
358.7046371820296,17.949110141227006,0.011874956280836351,7.430767026919136e-06,6.303642497778242e-13
444.3099653285931,28.893451311446736,0.024840789640549032,2.0200202052916526e-05,2.2269083058721577e-12
530.0015191057265,17.963752300364973,0.008050607849881307,3.4124012613476142e-06,1.960865552127911e-13
400.2762350011337,1.9994282107814958,0.00013207676097725263,8.25133152481237e-09,6.988403333991762e-17
460.42617428690295,5.995592151365277,0.001032434867672601,1.6814215248166253e-07,3.7123322810931984e-15
465.7328260829468,18.93269944603829,0.07057700726590044,3.597437765689677e-05,2.4858770390052197e-12
652.8431524993568,26.9376439713796,0.014696447547930591,7.5835183652005595e-06,5.305000379682142e-13
2340.397740936533,546.7051170738898,1.6870347912356911,0.004925519115917285,1.9495586379875843e-09
801.3212218119319,79.55073360344862,0.10439124195937903,0.00012957918885686106,2.1805334759533176e-11
3617.6472876557573,293.644971811505,0.31509263269641197,0.0003198092235780397,4.400479763071913e-11
2266.225242339289,356.6879733084771,0.9923623476654145,0.001954526812238034,5.218783760363877e-10
1121.4720349340005,85.62780420517184,0.08643110030129535,8.251987040600416e-05,1.0680789087057328e-11
2571.3709316112804,326.63763831254533,0.5483948167871803,0.0008709508192191445,1.8752113999067114e-10
273.0044187399223,15.96510360253933,0.012751721681948346,0.005879294474279755,5.829104328657836e-10
2727.58303802163,513.4862632399919,1.2772621586109845,0.0030057485497521695,9.58918208773665e-10
1589.6448927554793,368.490152598116,1.390525898949337,0.004032843279000089,1.5856229804897025e-09
2617.501150129017,268.4336685670723,0.363883787158959,0.00046659741136347423,8.111071939554665e-11
561.141170208664,28.91543508768113,0.019700046650005354,1.2694584229866632e-05,1.1089858687840505e-12
2122.4613730440387,326.14433422605333,0.6622943220163112,0.001272290765136123,3.3134317756385323e-10
191.8631879138916,7.981155259141867,0.0043897519878569125,2.2836002786089523e-06,1.6104842915102198e-13
1089.2476024416667,139.97582994794234,0.23773990747228285,0.000381966669395637,8.319651954611036e-11
1324.970921447291,635.4308072197479,5.0616634322264344,0.03038845816567063,2.4733206154646614e-08
312.1695023330745,26.04046886565931,0.08183804160708671,8.55577711161118e-05,1.2126068113284258e-11
520.6025489988654,71.11269583747442,0.23100515360145987,0.0279314605869511,6.479356747151103e-09
3266.0709288579374,379.49085548736974,0.582807115522706,0.0008466677494113844,1.6674679678778384e-10
1801.7568700545573,276.58162532005895,0.5610764847140138,0.001076749891663676,2.801327733660709e-10
1833.3366562814294,73.83117904159938,0.039313361155225074,1.9799096898514245e-05,1.3517827143152877e-12
442.7828345944291,0.04905704603492409,0.004558496892906502,7.654614894864659e-09,1.7425342672115375e-18
2124.1841519568416,267.0880708117463,0.44385905218909255,0.0006977628295533446,1.4870545196362321e-10
1063.432479885733,114.30096208165214,0.16238855712538958,0.0002182321556609744,3.97592672550096e-11
392.14571644829834,2.9987111887562623,0.00030324334481151834,2.900193928831463e-08,3.7602705969772305e-16
1849.6726969681706,196.8085220401187,0.27679656551374865,0.000368242936518985,6.641473786492927e-11
3174.669671580815,454.2968685110365,0.8591593078540188,0.0015370694406515763,3.7279458084579196e-10
1580.2436228009185,213.3594961504079,0.3807230738820825,0.0006426668314921569,1.4706823724785498e-10
519.9609668284327,369.6102072548334,4.396926232818039,0.03914819043737098,4.7253129928599485e-08
2516.039473318786,378.1341275520386,1.1424533750807693,0.0021495221057628703,5.482790618425678e-10
2428.743344085523,796.740360894659,4.148109292711691,0.017024467151027546,9.472251025940661e-09
2268.5171390448386,269.59413697931114,0.4232176596853048,0.000628468901619081,1.2652027133626417e-10
259.9174152058671,28.81817294243029,0.042233409743575576,5.8547223208983754e-05,1.1003041941413475e-11
368.1666592457317,9.98545887301695,0.0035811693632959857,1.2147199517125076e-06,5.5857792736837164e-14
2993.0143503591526,240.89783953978088,0.2563172028067319,0.0002579640117876047,3.519628263960397e-11
3795.011859146897,1153.0968906575256,6.937069122535638,0.02641051851368773,1.3631202346431667e-08
383.8993385164471,86.05989815834477,0.2585028146412618,0.010107780495372051,3.839961830655576e-09
2515.284174249827,376.78429647481227,0.74589481197854,0.0013968619419581496,3.546383501732839e-10
2401.2938499568563,304.79735353990367,0.5113319152704753,0.000811461104881323,1.7457772405390644e-10
3730.8040227228403,276.8330159298895,0.2715607369329844,0.0002519693058059978,3.169455120719654e-11
209.086686292924,16.92216083587294,0.018105275018709246,1.832277731479812e-05,2.5138177455798927e-12
3890.6543772387267,1387.7903808891012,7.410586357327505,0.03305671420945092,1.9990475774658156e-08
338.35133900975615,22.47528811401508,0.04317981910377394,3.620932161864866e-05,7.326784877489321e-12
472.88922211317055,54.640716929274205,0.08344926044514704,0.00012055708230542358,2.361126611189884e-11
1366.827262731461,963.3240049543242,10.596876136879045,0.09344533764759592,1.1171044755117283e-07
280.6894468293226,35.74092399849028,0.06014929039917644,9.57565864740847e-05,2.0666318377364786e-11
2322.3614544399325,199.0305162210996,0.2254860521810974,0.00024163526807106258,3.510405361117314e-11
385.4455192991554,21.432344952217072,0.03717816935584353,2.6112710010998258e-05,5.090012863949137e-12
3207.279974437659,758.485562491112,2.3703753552099025,0.007008843171840141,2.8095184309073144e-09
2643.0277015852507,349.37026877249633,0.6103588574170592,0.0010086994779941413,2.2599282615771473e-10
118.39290914482707,20.79181402675235,0.0482486672786754,0.00010592285941765078,3.152465828501738e-11
2550.2709953855915,322.6755936754012,0.5396007608751239,0.0008535948168634778,1.830574031315416e-10
2086.76913019185,271.98152415238536,0.46851474204860055,0.0007634540427631679,1.6865485590744794e-10
598.4497214572472,77.94877429144007,0.2333226898103414,0.0003805836366038805,8.415880517903859e-11
595.7440241101966,41.833076218098604,0.03883511893204333,3.43973468511075e-05,7.342811511187579e-12
309.4936329926102,51.831637453142235,0.20746300314168228,0.0004353353317829344,1.2384072557798122e-10
270.9970055847283,32.75127385949838,0.05231169034070126,7.903830492118269e-05,1.6189476027023285e-11
914.9139746881519,95.4270543695048,0.13156239742536577,0.00017157235629476836,3.0333265188321933e-11
222.9162570342194,1.9991177051601705,0.00023708526467685218,2.6591995180377144e-08,4.04346402342058e-16
1983.4857288894184,117.60384021713841,0.09218874667260887,6.835245810756744e-05,6.870473497059775e-12
5189.289026986761,435.9175687065682,0.4840769283302192,0.0005084680670341731,7.240512204766584e-11
3668.2665688743505,337.23677481730476,0.40983241697999945,0.00047111097537742944,7.34169679928461e-11
100.74779435072378,6.9725753560277886,0.006379617351927644,5.5210753837263576e-06,6.477523972613808e-13
324.8792874103363,35.775873636241485,0.05207373455541102,7.169800339544108e-05,1.3382945483454501e-11
3584.9172964531767,1732.5266387315078,15.174385596224088,0.09189284093156544,7.544120061817086e-08
2406.06223666311,239.64174559391185,0.3155002308835787,0.00039290581928044636,6.633359728513767e-11
2300.3111685548797,326.3625422027551,0.6119406232797265,0.0010854332748170311,2.610076828794518e-10
2505.524185485087,85.83297701246084,0.03887986570846704,1.665694802159445e-05,9.674363619125476e-13
212.90494505410717,19.898763897461986,0.02458502710796397,2.8731746442945004e-05,4.5520777060534875e-12
3395.5636470236336,106.80892472139348,0.04442463094139182,1.747583759251945e-05,9.319840353337203e-13
868.7998289455652,56.75565037358917,0.13830763364011817,0.000113182479971994,1.2556498978548803e-11
347.2431605172996,23.906473981652564,0.021759146380947038,1.8732490853810498e-05,2.1862786323670243e-12
3575.0048552543817,818.3021407368976,2.4743879727185867,0.007079054828102447,2.745611460221414e-09
225.24898668862946,21.880992526262265,0.02809711316796915,3.412762147010869e-05,5.619616127417111e-12
293.74390130193814,22.352468004790943,0.09913061612400335,9.463974723252369e-05,1.2248859252734357e-11
422.0043967494779,35.82711360085876,0.040208553500725205,4.2683996019150794e-05,6.142822963680138e-12
479.6697693935655,0.05308497497590924,9.425406698913825e-08,1.5827115867937193e-13,3.6029626741262305e-23
2202.7413885480323,306.5698659021666,0.5638923438926776,0.000981173194481452,2.3144695145948654e-10
1501.5135443384559,171.88022474285822,0.26006018063849284,0.0003722074772672878,7.221919405148637e-11
292.57390630975834,4.995152437602923,0.0011277476060827822,2.408028558209999e-07,6.9705597215094036e-15
2639.237456995333,956.5686502459362,5.588092504575856,0.025342860486260613,1.558131172319402e-08
408.55830679820525,72.27105355221522,0.1689267214992649,0.0003735465760211189,1.1198181024074547e-10
2205.9772049369126,165.29573209912434,0.1637398010879952,0.00015341895395502302,1.948767743204194e-11
1563.982331474154,183.77095123011568,0.28540855007695576,0.0004192979785303121,8.350930491551662e-11
4081.344417903778,426.46511262072664,0.5890274072999716,0.0007695607740628076,1.3630338839584214e-10
125.40605382152295,10.555374769301826,0.04144922741479504,4.375243802161665e-05,6.261009803644994e-12
1186.7806978207943,534.228417108508,4.437697626333142,0.02503289845850713,1.9143481165510426e-08
452.76656518789974,8.299491612306937,0.026025611272658716,6.041440415304149e-06,1.2543498287676254e-12
4552.33818475596,1097.8744709942005,3.9487105036412617,0.011909355870246703,4.86942381039573e-09
183.91947186877476,28.748552203266264,0.059385038304805224,0.00011604711277844089,3.07431209531188e-11
3035.6676830381384,444.7102299196712,1.129331454533198,0.0020700752903705807,5.144073584189538e-10
2353.7743124510885,409.04058788465096,0.9402380285144698,0.002044651750610095,6.027777344343839e-10
1599.893819653519,180.83678305640203,0.27016968998665475,0.00038181116851451627,7.315043985385099e-11
2702.001266768545,292.2019598455461,0.4176811971704631,0.0005647614279656421,1.0352409441202025e-10
2060.7452054986916,251.2561036972815,0.40489740559826576,0.0006172236010591799,1.2755467054874672e-10
2173.2426945925167,158.0414538911221,0.2564270837711351,0.00023338337417580784,2.879600508164633e-11
6.5861742943525314e-09,7.473430396727028e-13,1.3605232977513896e-18,2.3424222033799374e-24,5.467397716523362e-34
1893.0399094714687,229.4173399334233,0.36747708917865424,0.0005568046754095486,1.1437517993234457e-10
260.2958958348022,295.746347233037,6.047387185734254,0.08637615418548078,1.6788352497267707e-07
171.15225898000654,7.980052454462673,0.004919548053462962,2.868497714620153e-06,2.2674624961325946e-13
2011.3487219950496,223.58570952866674,0.32851770367148675,0.00045659819983867974,8.60331692598779e-11
1620.9494375413467,122.47397342403643,0.12233449279630579,0.00011558106116468626,1.4804056555200104e-11
2837.277326216148,335.738708546265,0.5251029346703887,0.0007768797511003016,1.558186615217055e-10
170.74009757727137,2.9969677890287394,0.0006956279757628763,1.52706995805611e-07,4.5446153111099574e-15
507.8283635660038,329.2416308340118,3.9577512726698707,0.032183665131868246,3.547961291429515e-08
1706.9491451874742,177.94460155827448,0.24520043443705353,0.000319604501412499,5.6475599400776614e-11
2067.2186323025467,271.68095515272995,0.7259361807090424,0.0011942904186887113,2.6636537286953766e-10
128.8009138936673,0.01425441405706184,6.061284695648768e-08,0.005420353362931444,1.2339159585467735e-12
3921.79300407571,555.6371456126416,1.3705597885468945,0.0024296655907870006,5.83917288835187e-10
2097.84064941226,224.63142417516318,0.31793250250498684,0.00042565408868695673,7.725649484083363e-11
429.8917010154806,20.942237966288374,0.013488792165659342,8.217401789888074e-06,6.786600502403321e-13
557.6171942788152,54.750681511278124,0.0723273105187303,0.006903727033394922,1.2158410989904086e-09
3309.8838973361053,1496.7683363741478,12.730161248082004,0.07215458173482812,5.544345292502988e-08
3675.484974012117,295.6479036418189,0.3143806157840318,0.00031620824926800566,4.3116841355640644e-11
270.8770601078653,76.44877561385886,0.4236285249102794,0.0014977908969039022,7.179157922646314e-10
173.3056159663846,40.58694169513031,0.25536008194038917,0.0007504269626794073,2.989648801509865e-10
666.0528756429318,281.0592604195476,2.290602238198215,0.012114811201705211,8.686402796540074e-09
3099.19922967831,930.6794980448252,4.839518337601494,0.018192077409868796,9.270833503777655e-09
2112.5824845908223,319.2513472441251,0.6375704498037394,0.001204524860557247,3.085031979682407e-10
1937.0972667912513,184.99512146241966,0.23353887167676224,0.0002788729716054798,4.514503351319115e-11
2741.711193836617,175.36254787755732,0.14828813900835944,0.00011860403964054152,1.2860233462975362e-11
2492.099373299785,143.53011109713927,0.10929191963571996,7.87139250967571e-05,7.685486935216805e-12
752.5523721490091,177.8451397142855,0.9584975321867159,0.0028464908824402738,1.209736874058814e-09
3173.950742843469,1343.9944476675566,9.908367674223383,0.05256109576433652,3.77992385725029e-08
61.5354735315985,0.006810147041944166,3.883665474552738e-08,0.0054203439892315085,1.2339138246715141e-12
211.79386397906518,12.518174119926842,0.03766686019707709,2.790459331282146e-05,2.802517151762821e-12
620.1487235169749,378.76330436937235,4.205251594526066,0.032200454449167984,3.3426305826475496e-08
612.5382264883019,49.62631870501578,0.13337149739276194,0.00013537462909805927,1.8628069059042328e-11
2394.394861744854,452.38668646862584,1.2772726269620132,0.003018043074013033,9.667709259973416e-10
4383.296441916068,174.60506328166144,0.0919637132763327,4.581214771227084e-05,3.093863211671483e-12
2322.3270009791986,288.95319914213735,0.4751848492115833,0.000739211625070563,1.5589468280652921e-10
1789.0564553659467,92.72740579293189,0.06354356416362404,4.118593905255068e-05,3.6189507922335084e-12
306.77097237550817,4.104043022768906,0.008870622783738808,1.4861798695967635e-06,3.375553043628831e-14
2940.278078209979,474.9521807774357,1.5141952060438832,0.003062089782150664,8.394798754248727e-10
2273.346696610026,283.9804528810843,0.46885781747208327,0.0007322601313761287,1.5504077423433433e-10
970.8186876346756,95.46604673965513,0.12409274869940824,0.00015332153133832947,3.296615412537867e-11
2689.3982597612357,83.85166307433057,0.034569222199853984,1.3479233705792048e-05,7.125200667742539e-13
2776.2280841546,313.9791497963824,0.46935405719358325,0.0006636858319087225,1.272274513120875e-10
3121.715506308866,295.4099739885244,0.3695292427867254,0.000437240244976905,7.013709181706269e-11
2290.0291075600308,253.26539331922302,0.6383936896866192,0.0008839776810456997,1.6593970914059385e-10
2515.6983965702443,65.90201520008357,0.022828128332177476,7.4788643663387626e-06,3.321676315371989e-13
2592.583690580105,287.189665019506,0.4204977514162349,0.0005823967230213295,1.0935294351667597e-10
1962.7921324061695,101.70067880217171,0.0696710945303258,4.5143512055744965e-05,3.9654671510634045e-12
3150.227204115824,69.91204776822792,0.02051643415319137,5.694325970333452e-06,2.1425899774739114e-13
1974.650602706582,348.0117771451639,1.163580340190008,0.00256708132909643,7.6778424916107e-10
267.21504752774047,61.199496200398904,0.18516188613497517,0.0005300402132470689,2.0569435203590612e-10
1766.5847377169016,243.09468382673936,0.4420998948613706,0.0007605834453956389,1.773902061268307e-10
308.9541165334892,30.82392909858414,0.04065011043593797,5.070924780998953e-05,8.57568689532692e-12
117.57320013124946,7.968663696335789,0.007140124316889289,6.051353891780785e-06,6.952734343810749e-13
193.85118229147056,7.327406730303883,0.024227481266931986,1.1480356587096875e-05,7.374945092306313e-13
351.29797091357295,21.92227621737478,0.01808644853557424,1.4113775977161357e-05,1.4931018977880254e-12
1943.4617584694258,264.94303567176627,0.4773485735490305,0.0008135780958120218,1.879832607935339e-10
1592.1862187907147,134.44344424399765,0.2725358555207189,0.0002880906930889685,4.1284888579191364e-11
332.0210024608741,17.946212647980843,0.06954502745694309,4.714192849499872e-05,4.332164215393521e-12
2154.320506114928,357.6160674795673,0.7844578851560311,0.0016278939346330184,4.5797196518516907e-10
357.9441644985086,70.52216561830411,0.40406583347123237,0.0184215934467565,6.174800682393774e-09
1556.867093260282,90.69979843885943,0.0698597769633698,5.08940570862939e-05,5.026471852378105e-12
160.88364471427315,17.89630866491727,0.026314582134529908,3.660077140502982e-05,6.901449425014284e-12
400.68635239855723,52.60674701260169,0.09128490365202263,0.00015069199778964425,4.1952158770367334e-11
69.6084864176809,2.993256802189299,0.0017018892863506026,9.152202383809352e-07,6.672310200815676e-14
1684.4267349783777,218.38781612029686,0.37421823281376687,0.0006065920625779461,1.33298362674519e-10
368.18676398930126,12.974105804516324,0.006045050844820001,2.6639333032623907e-06,1.5914867907781622e-13
1494.5073723577302,152.54012420172214,0.3827041232146894,0.0004891261069961666,8.474905329660273e-11
285.84593595104695,31.798687732633283,0.0467567423650379,6.503393576273988e-05,1.2262870449464145e-11
424.47777568882645,62.476182269554194,0.12152298953762614,0.00022361011974457332,5.57802912504769e-11
224.44337411920066,14.943539858835875,0.013153748275187204,1.0951437493216571e-05,1.236086992505425e-12
287.46603983114505,21.92559319758413,0.07037720501467062,6.728115789294695e-05,8.719893991884846e-12
1510.7964026406696,231.9706231422876,0.470686188837225,0.0009034913008802194,2.3511092513152225e-10
162.03527571312117,101.99727264774968,0.9763653874590801,0.007686791697960261,8.204161786871721e-09
1715.518290029659,276.4609991523624,0.5887463850247903,0.0011861037546993134,3.239465980120106e-10
535.0436215305189,80.04270981517449,0.36004865244964096,0.0006754245781118766,1.717706048564325e-10
561.6497414063573,66.78150991610352,0.19417849640152546,0.00028916164993542283,5.837630004555049e-11
1836.4915277383827,0.9688197693589096,6.737124108883749e-06,4.430774150111672e-11,3.950399130053312e-20
234.03883926886851,10.602120468645442,0.045901978513660645,2.6083264036755344e-05,2.009318454873624e-12
491.7018043217509,27.909996129344815,0.020945314672481334,1.4867290552088152e-05,1.430648924792474e-12
1159.741417401036,170.70563673087977,0.5285012404430013,0.0009740267859702424,2.4336162891868153e-10
531.2952005753198,13.980821030287396,0.004864812051121185,1.6010072222012696e-06,7.142936952712007e-14
330.02714618547344,30.835316643577478,0.03808379884294072,4.449168235630762e-05,7.046503980941074e-12
621.6042339987491,58.68488086372794,0.07323703829147787,8.645354445200976e-05,1.383538159395616e-11
110.76272059382825,4.987249528131014,0.0029690785490133586,1.6718251581821216e-06,1.276192912594043e-13
395.9608793878007,1.99926121452313,0.00013349276588211869,8.429911147514313e-09,7.216798199794937e-17
602.9943432693302,63.80434875732101,0.1340184933487423,0.00017747473077071307,3.186138352984348e-11
186.80386957920368,15.922830505637961,0.017941787126035915,1.9122795803269932e-05,2.763079514141695e-12
730.6273935113435,132.6269980387974,0.3181134640239705,0.0007218521385010411,2.2206021798803498e-10
2856.384664144671,411.6209575572299,0.7839149619343857,0.0014123003032520862,3.449383367677399e-10
2019.818232862526,160.276457258987,0.16813188200341853,0.00016682688394358615,2.2440798612129984e-11
473.35827686043376,28.899752877470352,0.023326988503171976,1.7809200709699933e-05,1.843259522984644e-12
219.91065054292667,8.974075237134684,0.004841831684118037,2.4707848145720525e-06,1.7092927930975912e-13
2232.1595421942984,576.4887291434305,1.9665873051337595,0.0063476376036456636,2.7775849049060257e-09
1932.9811001620078,175.09804731205534,0.20966942820861728,0.00023748347258877262,3.646598748805417e-11
2524.772799705185,249.88121344058598,0.4084595173387683,0.0005057034693639323,8.487878520455728e-11
2169.261071955541,272.0574465824689,0.4509603146718363,0.0007071115600972972,1.503120720074223e-10
392.29135707981635,299.73522129996473,3.8134565912605645,0.036496068839083004,4.7351064643694104e-08
3676.4279520478935,250.0335850539636,0.22481061799302218,0.00019118859392671517,2.20426317121234e-11
309.9455593332491,40.69587522287828,0.07062076251013867,0.0001159286962754441,2.579917471574583e-11
339.0934460055547,26.878893036815626,0.02816609235173161,2.7917554679390998e-05,3.751322990016974e-12
2647.6106632122237,176.33263450980616,0.1552602705569623,0.0001293044761277826,1.459899920489797e-11
2292.946259480187,249.45531251008842,0.3587190650643644,0.0004879496092558781,8.998120401329366e-11
1230.4452557786683,67.67439328394592,0.08359422837523042,5.7532901559987395e-05,5.368000721347103e-12
2331.728335436283,345.09034505158337,0.6749481419661075,0.0012488138083022217,3.132429406107553e-10
513.2565100925539,109.88879551358326,0.3906457487820315,0.0010493696275815111,4.0836532071660243e-10
272.1069460302603,17.276777862625863,0.09658858213006284,7.69949860798346e-05,8.320614546815792e-12
389.1432748997539,10.982600110630075,0.00409853779562818,1.4465986525776411e-06,6.921870490283667e-14
1829.8535649843861,234.29188139228464,0.3964803567848889,0.0006346877011406344,1.377383264597261e-10
370.1603045522444,12.972500924396815,0.006011310098942796,2.693159100967331e-06,1.1799806728592121e-12
2558.4458647543725,258.5140077731353,0.34527939231230803,0.0004362243930037138,7.471461182662572e-11
2714.4844928751822,291.22233433613553,0.4129790131619562,0.0005539734000175165,1.0074097534815477e-10
1103.058667442435,108.39412279254725,0.14079825395435205,0.00017299730059458347,2.881626522746615e-11
101.40737679499188,27.829166607628547,0.1483558819452756,0.0005099803091094625,2.3766124831364593e-10
670.8926340440128,950.0422967775946,23.462281238724888,0.41724697717553455,1.0059412423959825e-06
426.1474341810208,18.534556053620914,0.03935655918393522,2.1440593515217548e-05,1.583480745591237e-12
177.9376230339621,1.0369350637919155,0.005801731278886711,4.236715488644899e-07,4.194278750590869e-15
3883.1331331834353,986.8257031549585,5.235028918331074,0.016670194016889087,7.196453930326324e-09
2493.643057378652,278.23340538767735,0.41033774578921084,0.0005724461942211309,1.0826402939873117e-10
2884.324124469383,370.29333864892754,0.6283051164311232,0.0010084852126896026,2.1944454267445613e-10
2955.310147843153,372.32966178953103,0.6199832998051183,0.0009765729762201412,2.085382501808179e-10
3267.301161692438,290.5310847384126,0.34150696656098106,0.00037970795063628726,5.723426657987409e-11
3093.110513594036,402.02476086725886,0.6906050777647679,0.0011222309141914815,2.4722421191503793e-10
5397.03986590104,1313.558403228814,5.519604715852934,0.01681335499453308,6.943159033466176e-09
3317.859224406011,218.1852744516331,0.18968973132468014,0.00015598653928172135,1.73894853763795e-11
422.39045303197247,118.38016661509684,0.6353892639443793,0.0022304616889679448,1.061465766839137e-09
3067.3602043862143,775.7980359491198,3.626455079683547,0.011484251021848147,4.930368462140022e-09
24082.292536847428,14181.715918064707,178.38092917421343,1.3198671316350785,1.3239401967768049e-06
11049.395139908303,4692.183145005749,36.54039129760179,0.19441640979286423,1.402326007054755e-07
670.6660543984887,1507.5282561309396,56.82973498895572,1.6047344457446213,6.1430954291399255e-06
1084.9726983394185,401.47339808961584,3.6709400244720047,0.01706253248856234,1.0751425056298721e-08
526.8545508457555,121.8220582996656,0.579094177353723,0.0016774040208509988,6.586921449980367e-10
596.118857711437,116.80110382172775,0.41641990224403913,0.0010212778878795634,3.3955700894522036e-10
443.39671660524806,110.7991963967907,0.5712004251901912,0.001788343699415871,7.590489453171966e-10
325.59654514068296,39.724110376814956,0.06405668574135152,9.771111490065195e-05,2.020597372850318e-11
388.00431069767376,56.453595550696406,0.23059245661005143,0.0004220595738163064,1.1884568056583212e-10
386.90184211857576,21.806113650938947,0.05954939069887238,4.205656400340063e-05,4.026674815457197e-12
203.63562176433464,107.64112640943388,1.0043193513116695,0.006651232173633512,5.971572930182212e-09
429.2002112324333,104.70881883084975,0.5356814798471857,0.0016374719101956692,6.785743045237278e-10
921.8584182213275,2437.447378732773,106.16676110511128,3.5252912449073763,1.5869309217487387e-05
1800.1266371167792,272.82694220773027,0.6964891786519829,0.0013206994883532914,3.395079596144531e-10
560.1667401875077,94.25605716625726,0.3301639560687228,0.0006956795860516165,1.9872164613109142e-10
615.7188748317307,203.9992540727094,1.5170481213442808,0.0063054371010747715,3.5529359042857575e-09
327.3076113306474,23.0709382543997,0.07910106951767346,6.990126028743213e-05,8.374212209882635e-12
383.3467318420743,171.60687111475102,1.7741967605310451,0.009977278518130411,7.606392933719652e-09
384.43678956547524,19.977254311043133,0.0716186582203103,4.696369681977612e-05,7.414749974309588e-12
624.2684140076594,144.26442981253157,0.8558609243136887,0.002480999762563935,9.750043880383792e-10
51.9875451770518,167.72510838958863,8.473776198624059,0.3424476063732061,1.8761516028689983e-06
238.11545095863463,94.0329697669824,0.8551492765246799,0.004240002814809709,2.8500120635611935e-09
102.5922405361758,24.662080510598802,0.07831407511996838,0.0002352948125566467,9.583876441417382e-11
14435.952609733193,5276.199573109116,35.477475114757574,0.16242703844581124,1.0081386972662399e-07
495.17292445424806,191.18201476234194,1.4429821780890315,0.006983275787860916,4.581564029799481e-09
2467.6268411987817,340.78314543568894,0.7814126305058116,0.0013500573103738059,3.1621341906602326e-10
4278.6894041448495,1784.1565906815936,13.383985028599797,0.06990961452299112,4.9504504302149794e-08
209.2218100818435,19.892431616046615,0.025001134910714366,2.972210644627989e-05,4.790223260087387e-12
64.76570857981953,6.95657529361303,0.009876563059369129,1.326398178566017e-05,2.4148952790322323e-12
404.48176212933015,47.55314384552244,0.15095136629234782,0.00022233090084809598,4.4393452128829306e-11
379.0556604900119,140.3852092641273,1.1299309734852028,0.0052500111489720384,3.3069290417061784e-09
311.44396155198154,31.815091736320333,0.042959863042076815,5.4871417712021104e-05,9.501360217575587e-12
2873.6134035019995,397.68502774253625,0.9754607037312234,0.0016892073082078077,3.965632251619324e-10
378.7242073168337,41.73828119333125,0.06080035252175623,8.377946109910708e-05,1.565039624546841e-11
452.5032508652171,38.64536919833589,0.07629109182238444,8.155989215532715e-05,1.1820497700921866e-11
54.464326744481504,0.999002737531104,0.00024230958298799982,5.558556878432561e-08,1.7286609356114907e-15
3192.080425721045,262.77015900782413,0.28595338197561254,0.00029434210541283846,4.107389171401366e-11
378.5770722877021,6.992658622145251,0.0017079592516079153,3.9454844552128395e-07,1.2356044630773243e-14
323.9966179345612,35.77523783811904,0.052213666212232474,7.208517247913159e-05,1.3491617047196187e-11
2153.7273436663427,439.8729023577415,1.1869469209228316,0.0030301864524798793,1.0487300841873797e-09
391.00561875115113,23.918037355405307,0.01934329141035132,1.4796415198621348e-05,1.5344012692290912e-12
437.02721844184595,111.01345405309085,0.775279242275661,0.0024722866857887996,1.0687984854907835e-09
226.48654480113868,29.386335985446706,0.11828828068999914,0.0076553145909307625,1.688305929564302e-09
275.95127904645284,8.986361938279813,0.003869621383175981,1.575983996719917e-06,8.701446086993005e-14
4141.682410390937,423.5351008432341,0.5725035345854177,0.0007320160540760849,1.2688764834838418e-10
4187.834311685863,613.873052233799,1.1891954228351955,0.0021792972201807722,5.414221446650999e-10
542.1120725920002,41.63847296740714,0.07449588272909462,7.162007693512348e-05,9.334554640809588e-12
345.5039640346786,33.81174115888212,0.04373883526109825,5.35201222296349e-05,8.878166553809124e-12
347.40712041762043,41.714882183082246,0.0662038374241532,9.939007206934449e-05,2.022828941594889e-11
3391.129103020489,313.35333192881563,0.3827548499553757,0.0004422348796698486,6.92694264519538e-11
537.6119606218829,44.78787527012191,0.049324986309198564,5.138214465449364e-05,7.256275924596262e-12
3463.4074869326,319.32551544609106,0.3891888962217271,0.00044867617077732865,7.01232242259958e-11
420.13337639951675,128.73592275581612,0.7036799153283401,0.0026996969229984838,1.4041425467908427e-09
404.48473979314315,33.70726201670399,0.12789116843142131,0.0001336436331697372,1.893268892827282e-11
907.4167425876584,44.87391544671251,0.029340341044415016,1.8144642553211313e-05,1.521205825910822e-12
675.4612054679068,420.63854227116656,4.949592207753294,0.038666889178103916,4.095108510031881e-08
428.363553316014,165.88472067836722,1.2882282112906416,0.006254623505722912,4.11685792830427e-09
321.02517717258235,110.30550281063577,0.9729370261149632,0.004199463732620456,2.45730618773622e-09
1136.9701585371122,477.24489324748697,3.630558826326364,0.019091077111455516,1.3609548865682176e-08
359.4252635431761,151.40912810188058,1.3047051865018269,0.006893671713806296,4.937932521454233e-09
345.9670802853094,15.958494391126543,0.009732865522452493,5.6143434622180755e-06,4.3904954881391784e-13
2198.515671632338,287.8536643048581,0.4981172227832209,0.000815394172100796,1.8095057205764754e-10
295.3187645469023,111.17862844642856,0.9750283246374615,0.004608414577666843,2.9528554690661416e-09
425.4971991083695,766.2000814884273,23.0853582938078,0.5217490278854637,1.598612379732637e-06
1776.727549380919,398.91056205201704,1.7466368499601541,0.004910943928470346,1.8719043565941844e-09
317.5788909468488,36.07581698529374,0.10758982262665814,0.00015309281009991477,2.9532125721976356e-11
381.9838880253999,434.6812608326737,8.122694915802716,0.11581700940834973,2.2387261548816858e-07
310.6441369180377,19.927358320332555,0.016900142265744003,1.3556720337780486e-05,1.4742638575656912e-12
4552.728501923715,5259.680899476972,109.92984871511813,1.595280830579313,3.138449080336908e-06
249.5112156011035,0.9997598500727877,5.297579182312791e-05,2.6548224129135997e-09,1.803639727688645e-17
423.3317790408854,155.65585551323665,1.218222017189111,0.005618337318246171,3.5127360205915757e-09
6.5861742943525314e-09,7.473430396727028e-13,1.3605232977513896e-18,2.3424222033799374e-24,5.467397716523362e-34
231.8837135197148,26.823430199619306,0.04101210837726865,5.981885772255792e-05,1.690012495858805e-11
305.73147475257787,609.8449422743496,19.599959743109903,0.4900837505998876,1.6612765769122352e-06
374.41325090467785,180.48879410249197,2.008881564658627,0.01216923348895678,9.993749634029613e-09
57.497433471854706,0.006363256932855523,3.7403963812577e-08,0.005420343289135294,1.2339136652981608e-12
546.556122003862,209.14250961686182,1.75027871274928,0.008403787147448182,5.470149765367319e-09
505.761454614795,64.61292566237833,0.11088964110144846,0.007557152254773937,1.6365316225368847e-09
709.3644296786016,322.47235760698885,2.920270989051778,0.016649838960184214,1.2869250903327476e-08
196.20637787195136,86.65329676116845,0.6059933821489133,0.0033485923156277094,2.5084937146928926e-09
599.899304464281,286.239278358521,2.8503647440224493,0.017069073989273462,1.3857211140571299e-08
349.34442193008647,93.81824525828691,0.4521503133715005,0.00152020516577409,6.92911707125485e-10
2033.2960359265992,31.971465340251168,0.006647789985727345,1.3073068251545474e-06,3.485251044149259e-14
266.3326794614647,142.1743304590801,1.392958545216851,0.009320855775871727,8.45531400016259e-09
197.6807522605772,88.72416012712588,0.7095476831090071,0.0039892928354139335,3.0406511336922726e-09
418.1083162934941,172.3873236931532,1.2871307930742706,0.006647965049021411,4.654908166996667e-09
389.99638822715735,672.9542973427425,19.55330412359937,0.423514898647169,1.2435799642002627e-06
14.095549007952556,0.995999908290787,0.0009304164303939052,8.220991899176703e-07,9.847531421738574e-14
3253.28792867458,2134.8103203142828,25.979370586011708,0.21383103407946688,2.385993283781042e-07
891.9525385567101,204.32666413839692,0.6183367103286107,0.0017704290718885231,6.872082375786856e-10
247.81807348185322,7.197692352579075,0.014360464877407424,5.223928240571245e-06,2.576215609032958e-13
14.10716750983785,4.902275303340028,0.022492018794824865,9.765755660752833e-05,5.748302389154183e-11
485.5078171831808,257.30354087153165,2.272624217401879,0.015079551041782296,1.356455493185828e-08
381.93689677696153,125.5966628135742,0.6498305794333031,0.002673303723889917,1.4909146979522888e-09
252.89415422225903,16.43616713991566,0.0353693494365791,0.006239168403575649,6.88501730344088e-10
717.7859972645559,355.1602195536673,3.2187995556496767,0.019960185054289627,1.6779984138531508e-08
707.1084963018108,186.25926466903843,0.9921894892549177,0.0032743825796798746,1.4649423930010148e-09
1538.3005508844813,210.3616749951655,0.3801874584647492,0.0006499946525740826,1.5065310746749393e-10
230.33991170029705,133.1783358345485,1.4102508400881424,0.010222278900545681,1.0045127318764213e-08
471.66846325077944,364.5465982456433,5.291621786641683,0.05133634073316777,6.751766338122825e-08
809.18547894222,333.46375049307426,3.2805442180229294,0.016983206534352868,1.1919274711053139e-08
474.3286201913415,47.726810124200185,0.06347827000998355,7.986199087128353e-05,1.3621078370096729e-11
381.84016566444313,640.3694225272341,18.409296159406573,0.38774932656094174,1.1071880778180077e-06
236.62219248098276,112.41698443282961,1.1544210576305134,0.006886105276684656,5.568515410169475e-09
658.4384697350926,188.817563491395,1.0495135714439674,0.0037701240015480014,1.8360290130028013e-09
879.6583559225448,497.34485281136153,5.2227031656098974,0.037024023249809794,3.55818263892738e-08
515.5214721511451,1466.7364059048746,69.07737427339481,2.4695485830813593,1.1968946777066466e-05
346.37843613926333,485.45133418883,11.699479962977163,0.20582024147432254,4.908695127267205e-07
349.527073444098,161.34516957806235,1.1821481431102483,0.006827896643353153,5.346361499056597e-09
828.790004760385,298.0069825141089,1.848954770335993,0.027178116880614576,1.658722423660266e-08
181.89754017341832,12.947618476561276,0.012184078139821947,1.0844877328606227e-05,1.3086180852822e-12
19.183104324295613,122.12709593332123,10.635561292450163,0.8353518502521219,8.894784734522844e-06
441.6709500314645,141.6993016880452,1.1924765834062694,0.004805391567915602,2.625209924744578e-09
1611.6709263226794,230.12470989745117,0.4342530212363662,0.0007751897618863924,1.8759856908550581e-10
344.86650885591985,123.56147873450502,0.8097619613224621,0.003633998630143848,2.2108968641201845e-09
186.39571897300328,35.61264973366859,0.08990176742618067,0.00021471172589475576,6.951837546532096e-11
676.67325642792,1307.5286959205073,42.793010312588414,1.0385956288224742,3.4172492039389885e-06
436.27583544743175,86.2444571824808,0.39123974546169343,0.0009691837816795621,3.254809897859009e-10
475.88313077697126,173.01938662859268,1.5951995756671373,0.0072864558992587,4.512050936123683e-09
213.3344908225282,136.36390964686785,1.783629211656427,0.0143207993417723,1.558785331982332e-08
452.2106215391439,939.107209185368,32.456212706834705,0.8461751079637865,2.990743546057581e-06
91.70492092243106,1.088261251507139,0.016776926764026198,2.5005511416098116e-06,5.052605298386334e-14
6.5861742943525314e-09,7.473430396727028e-13,1.3605232977513896e-18,2.3424222033799374e-24,5.467397716523362e-34
478.87259060441386,148.0526396773222,1.0235322925929085,0.003968874907445245,2.086361712287675e-09
209.66937701692626,39.25365880963259,0.2641901510911132,0.0006212696774539068,1.98061475450644e-10
2228.63637009549,3124.1063134790434,77.01582868965951,1.3561116740837764,3.237183865964503e-06
421.56462453772065,64.93916204037978,0.23074711254101438,0.00044524571121736753,1.1647146265637194e-10
1899.5728197584326,269.10210189749006,0.504439731508523,0.0008945123092143873,2.150402072942594e-10
2822.1291479421907,99.79965731476196,0.04666529568810475,2.0637636522446482e-05,1.23732047154878e-12
564.3334514344468,45.78867644261571,0.049113363135395126,4.9828554517237234e-05,6.853512517194866e-12
511.74418973432574,1154.6478956889982,42.93212759753844,1.2158772867294338,4.6682448154754244e-06
2157.421332459121,275.00415984510784,0.4633063759828985,0.0007383645095708977,1.5952533385587898e-10
356.32216937413915,112.42687278456222,0.6718467749416677,0.002655404028652936,1.4228113312934326e-09
1900.7207840140754,306.1888166767448,0.6518028806529846,0.0013126327166820184,3.583657442819609e-10
116.63792570649007,85.46821692487222,1.1255151524349487,0.010359427165354004,1.3061894421970358e-08
277.24374143809735,45.27118685806622,0.2650590603663976,0.0005433485227314419,1.509978081092203e-10
1438.6788531846787,248.8140501319418,0.7215540785480468,0.001561343392937544,4.580198399567608e-10
1643.7080213737659,285.17890641878915,0.6537936072730938,0.0014179917560631985,4.1692991681757307e-10
288.1094034384202,129.4783831081308,1.3166978781138987,0.007431858571507956,5.6867624126233455e-09
560.4199396691165,96.06083703355051,0.2175774063467688,0.00046621833118400135,1.3543197515221558e-10
3331.377096945163,2079.5285488093455,24.046170211587235,0.1882459547617145,1.9978448285294745e-07
2428.7218624084294,193.12672615361683,0.2030156974271056,0.0002018610902732731,2.721021144095009e-11
303.9806424967973,96.62792492483243,0.7919274779335455,0.0031613265350368693,1.7108409384661407e-09
404.4166898651304,218.40075413218878,2.1980053890304836,0.014882256530011621,1.3660455365696644e-08
254.5601880425401,145.1444262356743,1.6634313207262907,0.011905105269084181,1.1550956956825596e-08
484.3210773269286,181.8463199159824,1.7099000219933078,0.008065965058758047,5.158201385968124e-09
209.6396387177222,21.523965062506843,0.1128248352688015,0.00014615444135167104,3.294321539756661e-11
6.5861742943525314e-09,7.473430396727028e-13,1.3605232977513896e-18,2.3424222033799374e-24,5.467397716523362e-34
5040.5108770795205,3020.5092831182274,35.21766805349622,0.2648253318955463,2.69969572072712e-07
136.41263461848942,22.753447922678667,0.14042564442116764,0.0002941198724256159,8.351387373091863e-11
184.32857431226728,9.285946445235465,0.02129585162235634,1.3439081114683949e-05,1.149742120324073e-12
344.5541640412042,227.56855542615938,3.03141576628314,0.02514690046305441,2.8280025097389357e-08
248171.69329998255,3220.9244142779894,0.7052740050950017,0.013190299962545433,3.6018300346171e-10
86284.57981684423,11942.919369846131,35.91990674895873,0.38168549932978013,9.179052559638199e-08
64881.67134180135,8066.650391731434,21.034788283300475,0.1412562460367343,3.0596838668960014e-08
