Fitness_Per_Cycle,Error_Fitness,Cell_Number,Error_Cell_Number,Log_Likelihood_Value,Mean_Fitness,Kappa_Value,Inference_Time
-0.49102345274472065,0.02553856244994994,450062.5024932679,459.82816512334745,-10.036200206180606,0.0,2.5,251.4099
-1.059716081988694,0.061342818909847135,139009.42782006567,520.4013254911638,-7.753514586636171,5.311280352332907,2.5,218.83074
1.0592624824549635,0.037718683392673626,41052.7004234463,990.7262723652224,-17.135080887110686,7.054246601719818,2.5,225.06664
-8.0,24.711149720845395,445.4854027726735,127.13773187532163,-4.816010322707006,9.404046635769442,2.5,
-8.0,80.97670809002251,41.485230941035184,32.05033640323492,-3.370532042813001,9.477569173503639,2.5,
-2.4004184462975844,0.12876057264765015,121041.23045088917,615.7452943050338,-7.7076106721786735,,,
-1.9043606790540901,1.5214028201041407,534.3840980390576,139.05328074448525,-4.954779214983512,,,
-0.9086310898178734,0.9177236486038761,530.6340252030883,139.25552105292073,-4.908975756263666,,,
-4.436001586191723,5.752402121809692,466.11954031407413,130.42121604743355,-4.838034527909192,,,
-8.0,23.707439890233044,484.0051377235774,132.7581038785418,-4.859629220973113,,,
-3.1854838702295014,4.059475163645574,267.4299056111407,97.3135336569253,-4.604647119880811,,,
-8.0,36.85414771336769,200.29108149272588,83.19485813080819,-4.446408213815546,,,
-4.600984679398314,5.722684394381561,553.5695549607627,142.30637035399255,-4.927694797566613,,,
-8.0,23.89314684359688,476.5105670810472,131.6589957310994,-4.851203978123382,,,
-8.0,23.89314684359688,476.5105670810472,131.6589957310994,-4.851203978123382,,,
-4.023096532556514,5.654974990935805,326.828873037478,108.11359691006648,-4.768400622383542,,,
-8.0,20.891252739340548,623.2906502243833,151.2451110780772,-4.99125180386643,,,
-1.9208842446335044,1.3916981954936762,640.2684148854487,152.81770253091767,-5.002584544361157,,,
-8.0,26.370429418513837,391.1877623537105,118.80684275007108,-4.747794501658555,,,
-4.481572416259611,5.740118788976687,489.2521376227175,133.21965086048073,-4.863375534817464,,,
-0.9266043456965843,1.1698661581265335,332.5384285076273,108.19966655539022,-4.6560384745842525,,,
-1.113833303850908,1.146634674539259,418.34796800949005,121.97565717326982,-4.780196241043933,,,
1.4429919226696808,0.27312534196059585,517.5011785589484,134.073768784079,-5.136368723626219,,,
-8.0,24.500811558482447,453.16729547694837,128.22382162120658,-4.885833950052422,,,
-0.716995575887101,0.8356303599035554,527.4227111411425,138.4436753508711,-4.967649608992396,,,
-4.334613916110722,5.741714893154787,422.2070717315356,123.59683069965412,-4.786352346810183,,,
-4.1289130586892915,2.8708203732399515,1374.7379951408027,226.67560524970895,-5.39386344215556,,,
-4.454980583631999,5.740706795951961,476.34413407192704,131.65196351146747,-4.849455863042273,,,
-8.0,27.6813168954486,355.01408095569883,112.95143314841422,-4.696565188092239,,,
-4.787661174799913,5.741851534754178,664.2458141216051,156.16035803734175,-5.022020615682663,,,
1.2819250188798528,0.2429877313032825,766.8090638693185,164.10529342188036,-5.817851894497062,,,
-8.0,25.623985276358233,414.3104320702981,122.46132084866231,-4.778169276816535,,,
-2.1240132595187142,1.730315674619578,507.92319294876165,136.19836118747,-4.8827291262503065,,,
-8.0,24.936247655236667,437.47865173618,125.97356117634533,-4.806813555338765,,,
-4.619092085199913,5.739925184657037,561.4291474135664,143.74145896677263,-4.934884533372979,,,
-4.1918268906570715,5.742108540858586,365.97244642929695,114.66491569311214,-4.710414781027462,,,
-1.5996368819577813,1.2518153974683048,572.8854387699158,144.68349538687906,-4.945915561493942,,,
2.6832431522765128,0.03136312675682469,14432.307765012845,556.8891583582837,-211.89643024581702,,,
-3.3892170502851453,3.314658879701202,491.8788857039873,133.84664501727698,-4.866147048411624,,,
-1.3981339452016337,1.212812913504259,505.44028469267255,135.5509050599761,-4.919236994081426,,,
-1.6315146042486164,1.1961943070373695,647.8590285788279,154.11910482260768,-5.009530004645924,,,
-1.9903587913235756,1.2234193439619998,888.40489044155,180.98420068458086,-5.170967679739725,,,
-8.0,7.981534966065106,4270.184848120435,401.79772540618933,-5.982370253475706,,,
-1.8503591219376798,1.3524102102522344,631.6203814145338,152.50027558542726,-5.061820404356557,,,
-5.1384374776141,1.3533859173714309,16981.07693546977,771.9730841280884,-6.657563868813528,,,
-4.454737682656625,5.671562409851025,498.27347195422533,134.903621670809,-5.051388800138704,,,
-1.3321422443333706,0.8745739743352557,896.4270708292836,183.31126719436847,-5.181496173160027,,,
-8.0,7.04084237432346,5487.49833423885,452.57012882494564,-6.289972311395737,,,
-8.0,18.120397588359623,844.8073032381285,176.8764283983459,-5.4486416892250595,,,
-6.382689195821955,4.030798863700149,6720.075082958443,500.1035601178334,-7.623443387461088,,,
-2.385311771506617,0.4975453193633766,8151.681872021783,555.1977099376468,-8.369639234450386,,,
-8.0,7.725577382885511,4557.824323612597,413.77978094798505,-6.0137302069812915,,,
-8.0,7.5657608646552115,4752.441282058943,422.2472545307532,-6.095096486247755,,,
-4.029210469723443,2.1701158768128517,2177.4164785507623,286.0829776335466,-5.625028206107612,,,
-4.81402634048848,1.7142728066726378,7779.662034520015,544.8616404342926,-8.100847847057196,,,
-4.658305903481831,2.5676797680118666,2918.371952511349,328.9981657329992,-5.7727181556698675,,,
2.3774190086084244,0.07306125947833197,3633.2985487374767,319.44394408905634,-24.397823476132075,,,
2.128723933229007,0.061937519989364725,6010.94683112982,424.10114724083417,-24.989595946789454,,,
2.4253613000748495,0.06887628312737018,3759.067765613432,314.5222350198847,-32.756202189150336,,,
2.308658734295089,0.0639679924844097,4788.765232857519,365.1600888085778,-32.44673889915793,,,
-3.207719712688862,2.010632117023423,1133.563122177767,205.79052635784294,-5.464880390107571,,,
2.291013704583592,0.06400144126145518,4978.705602855422,379.28037287979157,-28.9056738090053,,,
2.322017652095173,0.07139245198813901,3844.86762399084,327.3964642725043,-26.780588505151705,,,
-4.749268936409631,4.060156227315795,1278.4196248245057,217.88025487290508,-5.356342739585981,,,
2.353460679453763,0.0706925034932771,3905.543683830207,332.42942583988173,-25.595088619503215,,,
2.0781061043552347,0.06276747984209473,5934.778356592225,432.6491945314128,-21.247860384012068,,,
2.2716157689105807,0.061034272007854065,5557.633153356408,402.472454412712,-29.651182377552626,,,
-8.0,16.056819770058297,1055.115819291629,197.79045644982145,-5.262081096825035,,,
-8.0,9.111301450219226,3276.86577572823,350.73199394643245,-5.8428823922339195,,,
2.4516593312635497,0.07895869489511852,2901.157315904641,279.82790862004174,-23.202644898709224,,,
-1.0263516947331526,0.12995199133754737,29891.405519047592,1111.4749119785872,-6.967114150012744,,,
-4.278749691653013,3.3149724006178163,1197.7800390070743,211.13750770941473,-5.323545114188876,,,
2.2010017472814134,0.06017545223840444,6045.472329096329,425.35083632831106,-26.977010806448533,,,
2.5129801419533053,0.06676521462211797,3836.8325631504895,308.13927649275956,-33.53380429012668,,,
2.161605536509565,0.07891366226931545,3596.337878692544,331.82771499257274,-17.729906644757683,,,
-3.5450987346959026,2.343875058692715,1149.833492064634,206.8987966593158,-5.3035516267121325,,,
1.6973136762363925,0.06295040808733503,7250.970268333531,501.4539206456418,-14.908328803375888,,,
-8.0,13.661100940140338,1457.633057654088,233.07777891836224,-5.427828026402313,,,
-0.02910187978227728,0.3694576270420354,1345.6552808329845,224.16121218299938,-5.384711813188983,,,
1.9726484909432198,0.07032184995380533,5023.916076552619,407.0018070951114,-15.9753295331538,,,
2.5367138058843395,0.061844089476635056,4263.0079237396685,322.1652558371814,-43.36841082791928,,,
2.1182038474855602,0.061734944031745106,6034.076702419576,431.0440747426389,-24.21885802373315,,,
-8.0,22.221004951362158,550.9243899749125,141.97043902137978,-4.927296547335668,,,
2.265837174863326,0.07035148386825027,4217.207630631954,353.9787101490409,-23.14930570183529,,,
2.2759887389852436,0.0860533293469764,2754.8135917959817,282.43401948421644,-18.709724188308115,,,
2.347471405900544,0.07081907671438216,3814.033300111014,321.79784662237023,-28.50906032920879,,,
2.42693255657797,0.0848416889659931,2603.9745887925,264.10457783400176,-19.76270464598992,,,
1.90263451613728,0.06324948757205726,6395.652153467953,465.033046970572,-17.884393023525867,,,
-1.9703988546411384,1.352518943784366,712.4698930706054,161.80576429916752,-5.063998061127367,,,
2.0448432690785583,0.07441073520631775,4251.629622918556,366.71822972695,-18.081600327185136,,,
-1.9159543633035674,2.5661254532301028,187.3878900306774,80.22749366645587,-4.349416332592409,,,
2.325535308905436,0.07413876299784301,3601.63128691081,318.3219834673223,-23.8503603851171,,,
-8.0,18.065916737183606,833.4878839744499,175.66529875449083,-5.142199173167025,,,
-8.0,12.88383585879322,1638.8117741031701,247.99733604945507,-5.488448202052645,,,
-8.0,16.314945865798812,1021.993945181753,194.61039272633846,-5.368349521403839,,,
-2.5278985620398196,1.7305361962659358,761.445084843392,166.5654967629896,-5.148385424857711,,,
-3.547929822192791,2.0204796248648687,1564.5694962474572,241.83885408272127,-5.514781432730205,,,
-3.4553685600582336,1.8155310144085737,1751.8149846186648,256.3902946362506,-5.518141749436692,,,
-8.0,24.163044336208728,465.9253357964799,130.19475841301818,-4.83974290504781,,,
-3.1565442482606336,1.5922449440665665,1688.6613010638146,251.17253084364364,-5.4975319363914235,,,
-2.2699209464822574,1.6567244010903561,641.4094489029285,153.2375566244889,-4.9991849885985875,,,
-4.133192594749887,2.567742535475003,1725.793352682414,253.85821487829887,-5.508818288668838,,,
-2.950582320516724,1.8153427983609796,1056.9562056536304,197.28011742439924,-5.259625241198113,,,
-1.4274633430014787,1.532881583805139,321.2342080600445,108.50444276117251,-4.6536606119786335,,,
-8.0,12.07471793276669,1865.8014497822346,265.1621932831881,-5.557376463117261,,,
-8.0,23.77056249243389,481.43765672695065,132.36874482074379,-4.856835953861727,,,
2.2687599300042423,0.06474157441243923,4868.466989155662,373.61968131843656,-28.644331848995442,,,
-5.338476954103871,5.742908318036125,1152.0829309033375,206.91983466361043,-5.303442551624228,,,
-5.145511420249801,4.0599675181582455,1900.3017202877843,267.32687938809784,-5.560348272686086,,,
-8.0,13.999912033356702,1387.934409957911,227.45831403890435,-5.403663512997238,,,
2.0376367514965814,0.07469030920345089,4313.702223504768,372.221765797601,-16.446930853433678,,,
2.2181815507118734,0.05718998850721111,6509.2427636588845,437.39429893414325,-29.848661573530052,,,
1.9035264454991476,0.06090401295657804,6935.233071279086,486.49234970825813,-16.49790587837729,,,
-2.6381041548866504,2.16956265740059,541.0680363131991,140.40596373966048,-4.91565890317716,,,
1.8979420321857707,0.08269732244676796,3925.0556308866235,364.53652772142755,-10.417718779289547,,,
2.4394249485363577,0.06184716022677067,4709.984974591357,350.44854041841046,-38.287977467375676,,,
-2.4021318863353507,1.7184957787089843,689.1766861432134,159.08742654441758,-5.211841053293233,,,
2.2892030508289674,0.05971729268621792,5633.071125718837,402.1688586944952,-33.024899289409845,,,
-0.6271162718484281,0.5359381312909648,1180.149101102391,210.4798787027178,-5.32725246158011,,,
-4.928860124969788,5.741998182456391,764.9807880710513,168.0033211094627,-5.216056283321173,,,
2.3964919050015343,0.0588830011871767,5324.658573503771,379.00724656519276,-39.172579986772206,,,
-4.6003026537550324,2.3440259200722777,3304.5164280400945,349.54377840809127,-5.835413943116923,,,
-3.422703464926095,2.1642218913363904,1191.0365431533712,210.6581387696876,-5.320323763178654,,,
2.3652259205897788,0.06121266078158525,5101.319709223151,373.39504709481156,-34.61167811523262,,,
2.3193159615861045,0.0635426802389592,4969.845129405634,375.2975564118292,-29.85939956892672,,,
-8.0,10.082283551197557,2676.0957110466366,316.4564348095906,-5.73918032159361,,,
6.258739244722414,0.017158690474191263,193.372604144201,2.7496101840529104,-577.070393982905,,,
-8.0,12.581177533651656,1718.6084410532685,254.10309483221516,-5.514583474415995,,,
-1.8195807246960898,1.9126014007944594,306.1909667352051,104.58289492479796,-4.616874925027276,,,
2.102478145170983,0.0527786147723116,8082.53193104344,506.52299194414695,-30.988623417424243,,,
2.0025997160387194,0.06325119611309835,6070.3092371719085,436.3834715735359,-21.360547401444936,,,
2.195608851244913,0.05573517043168111,6899.835775847555,451.828218376437,-35.010618086825616,,,
2.1453167565535205,0.05738173480475903,6890.525009978353,457.03753999281935,-28.946248874019233,,,
2.3345679623762434,0.08512707194371373,2745.7202310915764,282.20715663844743,-18.190098122459606,,,
2.3266024527907567,0.05796204462268856,5883.329463385713,411.2131043192541,-35.93561411538296,,,
2.42610320249405,0.06709024137398568,4063.3145734988357,328.6434645137675,-31.28539736721867,,,
1.2486170865895132,0.15884216448508476,1889.9178388047155,262.6471511089303,-6.083201082855599,,,
2.170699358253626,0.05834532260796523,6497.69818916841,440.49572731065547,-30.481843618413365,,,
-2.993524975475323,1.5921025379451148,1434.4965502918856,230.02403744232367,-5.412226277920621,,,
-2.5971423790542687,1.5339882583563222,1038.7262367512808,197.6652104956195,-5.257357832016044,,,
2.2910684664523697,0.07830966661550073,3322.0237585346244,308.2211874003901,-21.062506081532234,,,
-4.393262070546828,2.8708916378047684,1790.848238242083,258.34253247537646,-5.526640218590792,,,
2.3796949888129464,0.06220769510610377,4865.988661985634,361.7309139417447,-36.1693492446919,,,
-1.3655872259241002,0.6562995342912501,1672.7408244632588,252.05144506265748,-5.656510436575606,,,
-4.281266701023756,2.8715234729354226,1600.5660604788798,244.21511967119983,-5.470358449448014,,,
2.429011834173796,0.060947052677098185,4854.132169873575,360.3952382299547,-37.96824688948625,,,
2.410391625574399,0.09445915155524676,2050.09532072434,234.9571526095635,-18.391359836863213,,,
-1.5294349374526521,0.3252685813781585,7906.242368646105,546.8670685507798,-6.303959524015373,,,
2.2666504104159375,0.06702988791965481,4615.031504494462,367.8982137334231,-26.498986235263324,,,
-4.385600140342494,3.3115976444573905,1334.7183155233147,223.71635360700225,-5.378392728982926,,,
2.3365786943552327,0.05961482645478791,5539.507724379898,394.3655130277404,-33.75161802890344,,,
-2.470673989267773,1.3167928104782192,1241.831771088065,215.21376486991812,-5.342381754711873,,,
-2.2807023646808706,1.1967230883022286,1242.6709704899226,215.09294715234063,-5.342661461715904,,,
2.3674313870198014,0.059822684682902576,5235.806638574621,378.99110548291384,-39.189511318346696,,,
-8.0,7.724942678889318,4558.573694068787,413.13694353642654,-6.01620540762032,,,
2.3999401872418846,0.05812720524525715,5476.389554577453,383.73496616695843,-39.65737955005008,,,
-5.248630215715856,5.740787716031255,1053.5906521151937,197.80306474537443,-5.258185879769732,,,
-0.4510828409444635,0.25526645098898265,4307.732082550281,401.7531754457565,-6.087622745522501,,,
2.0955329515118537,0.05340210018580201,8243.379067152937,514.0142658306083,-29.345556138888828,,,
-4.286671715377516,2.8708373883972262,1609.7569570759426,246.3758592211034,-5.477895330923277,,,
0.449350875933121,0.42856973482635935,603.0198486258134,147.98658009830456,-5.074769936080196,,,
-8.0,6.725005235253682,6014.980692842947,476.0031547605292,-6.158594633466569,,,
2.3115489351909764,0.0665394802026762,4495.810488741668,358.8580160083181,-28.375225252039904,,,
-3.087038468533261,1.6572376538720814,1453.9967367047234,231.76035977097987,-5.421754277435595,,,
-3.5877004835029798,1.8154364733420691,2000.0439368192638,272.31787442287873,-5.583134998114526,,,
-3.2241854263069185,1.6572834784013866,1667.9554629041872,249.58190030821234,-5.492097344508265,,,
2.215264152544418,0.05817245343534407,6293.5409444109455,429.1172185820942,-31.252940550476882,,,
-8.0,14.621495896171144,1272.435758268006,217.97445037034225,-5.420885043565484,,,
-8.0,15.179980408248253,1180.5299306111067,209.62076176001338,-5.320152029097096,,,
-2.4546018720082987,1.35285927199181,1157.9888093115967,207.5858031007209,-5.365738507340713,,,
2.02261396676636,0.06145391394779845,6411.164930085601,450.08518304501524,-20.4298477149391,,,
2.358376794504779,0.06035054472162361,5399.855364901963,393.1791533731075,-31.73287067908191,,,
-3.821757435003621,2.170074544965282,1769.311509255072,257.20855219904837,-5.519181792191689,,,
-8.0,13.42476340704086,1509.4067743400933,237.5454099908515,-5.448535502757522,,,
2.2554771316405215,0.05764715459724719,6360.304592057404,434.34241607145634,-31.041537504738574,,,
-4.2732058372236175,3.316627783242879,1190.3627510865122,210.17843233693262,-5.320250711348907,,,
-5.776868365660686,5.743305309439301,1785.8975435790896,258.04390664665533,-5.524583382624893,,,
2.1219393957824604,0.06001209586213341,6345.968334485582,445.5300661982484,-26.109279591661256,,,
0.5096834909867913,0.18029804507515929,3228.1303275825117,347.268628495286,-5.957976175279927,,,
-8.0,15.249528451646142,1169.787004156343,208.41994434124783,-5.315648215511998,,,
-8.0,16.1790029306154,1039.2404241118109,196.3381619141908,-5.254476354074794,,,
-8.0,16.030931821916315,1058.5270557489062,198.30309185210896,-5.264564203712922,,,
2.312544992856785,0.06289132329879793,5092.341523714824,382.8534563555556,-30.174951376480074,,,
2.104321174687451,0.06089865564542591,6285.856510981305,442.5699949401436,-25.462178154203755,,,
-8.0,10.411442393347318,2509.56012511223,305.64388980094594,-5.708158426112662,,,
-0.2914683187031326,0.1927883999176004,6459.356558148711,490.33315946643694,-6.177027711402205,,,
-3.7092318527562815,1.9138035592413856,2032.6045710680048,274.9998805596153,-5.590883176086101,,,
-2.7521050311985022,1.482148737669194,1299.6692020029475,219.5058451138387,-5.425619214410386,,,
-3.0790229768198625,5.741421564911718,120.18135083022894,62.546822804872434,-4.094419787699784,,,
-3.97178233846491,3.3145555255179615,881.1947503687587,180.73601308725443,-5.166821029425511,,,
1.998653364094422,0.05308765779489005,8707.822856979847,533.7600848184059,-25.399760983394017,,,
-4.458576573530274,4.060063778649155,955.8793971249711,187.81671957924374,-5.209897353312618,,,
2.03084749124717,0.07031404787439302,4732.043722436212,386.3862082544297,-21.10072138104922,,,
2.3660798643263887,0.06886800608465214,4031.028266622716,332.87677433535316,-28.23993853024056,,,
-4.17716287014722,3.314939835847449,1082.1685648957491,199.87754234143358,-5.331262310303305,,,
-4.572089323487231,4.060045309911632,1070.8277510245541,199.75222217773316,-5.268234092594163,,,
-3.7573704359932174,1.9138141729673508,2132.901247093625,282.3062176875477,-5.615265555175639,,,
-5.530783260407455,5.74147868076786,1396.870874475861,227.97320935818885,-5.401367871042385,,,
-3.273843543530367,5.74101308921033,146.08211894193295,69.87092482381999,-4.3905701199143845,,,
-8.0,70.246142172271,57.58970840007225,39.96374500041382,-3.6799759696136354,,,
-8.0,44.76993198041803,135.7200093760236,67.03084301536617,-4.166219101605223,,,
-8.0,76.15811285763074,46.90069212763263,34.87123458159809,-3.468159977039577,,,
-8.0,59.837124144514746,75.97601030486044,47.630364946775664,-3.809966116514143,,,
-8.0,65.77949164946813,62.868613745648915,42.28752974786008,-3.682244194665593,,,
-8.0,78.44526306001158,44.205502261138406,33.48972897498071,-3.4216829795675303,,,
-4.412745641014565,3.993846834997513,960.8047082030804,188.6495560732528,-5.446409255416384,,,
-8.0,41.040354638339785,161.50900548731903,73.92887465477777,-4.38797068922398,,,
-8.0,70.37491507365984,54.926297392990456,38.74969903110456,-3.586456335807621,,,
-2.7253411424439236,0.3553147932724136,22016.1256314325,989.7091485912375,-6.793051788886636,,,
-1.198455697268731,0.3001255252791026,6651.323638416713,502.3479399432271,-6.22915859554107,,,
-8.0,60.89505798546073,73.35890964446702,46.60573973239476,-3.786886280199244,,,
-1.1290904911099133,1.2511104139561036,356.8557067552251,113.37448012084056,-4.70163817625232,,,
-8.0,3.9616579094839484,17375.38496965176,841.6031245805714,-6.793243145352245,,,
-8.0,56.105400055463754,86.41880235155304,51.51608854164763,-3.8929473954352916,,,
-8.0,72.14502087967024,52.26406009490257,37.502085250441034,-3.5500121541660636,,,
-1.1717101075409433,0.202658457318434,14237.140798945786,719.7505372245205,-6.572109396331779,,,
-5.954592600398855,2.170235371527503,14937.815559599394,750.8992192711275,-6.592549098152881,,,
-3.3288632871009765,4.059588652850003,308.69754234530575,104.65887405458838,-4.681631686047883,,,
-0.868964898996702,0.29955302722999977,4779.993024621159,424.4759175770388,-6.1393000707952865,,,
-2.5816419709436342,1.9135680126625658,657.299639498136,155.03702768224957,-5.0128280091376,,,
-2.432944970640989,1.815042567349967,629.3496539186302,151.02101913124153,-4.991676214788067,,,
-8.0,25.156954621571693,429.836306951558,124.85790730751908,-4.797445126106888,,,
-8.0,19.91529673106254,685.8761102418486,158.87575523101128,-5.040288167097291,,,
-2.5915983526139814,2.315149947040162,463.360978870986,129.88531391387542,-4.945467817990042,,,
-1.6599435220911662,0.6856897637073116,2028.861919882403,274.92712708090824,-5.5940091025904755,,,
-8.0,26.816337879676556,378.28611565593644,116.75551329774018,-4.730091617694222,,,
-8.0,19.742896674098922,697.9078815333208,160.2321548078944,-5.0499171457377106,,,
-4.4012934617590345,5.749695301690747,450.49583728473186,127.89417537527372,-4.820397327809308,,,
-8.0,22.648965612233713,530.3008217853377,139.43265744614195,-4.9074270905339565,,,
-1.9881620847865145,0.6375932453963792,3263.751221443041,348.7905163940579,-5.893314157164285,,,
-3.001899962183281,1.482250035921842,1669.0042428540198,250.40567590503838,-5.4921707486416755,,,
-8.0,43.54697914148194,143.45026234531775,69.17410687326903,-4.198424808850924,,,
-1.4921241303859116,1.373888578812346,436.31286409280875,125.30828816416349,-4.89666906276455,,,
-8.0,22.92891682400862,517.430522980608,137.42563637169653,-4.894598465924706,,,
-3.6267321672238033,3.3146475386098686,623.8827838684989,151.25535667900667,-4.988997082756721,,,
-4.741517431843033,5.741843108384555,634.2853451649105,152.52720416152937,-4.997443710310376,,,
-8.0,19.04895862610103,749.6819168828513,166.35492071341648,-5.086738452713783,,,
-1.4831056258765447,1.391161503868785,412.5141799099275,122.45661446125831,-4.838993956345771,,,
-8.0,18.486912854929848,795.9589457778671,171.506820885109,-5.117728807888844,,,
-1.3629921820532032,0.38234160012869417,4838.525959228135,428.72479906795843,-6.049658126898137,,,
-4.693639392431042,5.737270332595236,605.2676678456352,148.977646376702,-4.973785718428089,,,
-8.0,26.45550841578226,388.67497972597823,118.41727178833331,-4.7443035593618665,,,
-0.9101686335789996,0.21212109603114906,9947.81196479634,604.1605842487662,-6.498770203073389,,,
-8.0,25.541058555082728,417.00541973355644,122.84302637660839,-4.781433431319078,,,
-8.0,25.943020471320025,404.18345419668157,120.85172776020087,-4.764895498112206,,,
-4.417348050463244,4.120194325396268,899.5088089564464,182.58016033671007,-5.1771895175586105,,,
-1.6036675361916053,0.41508554292963795,5231.628813260468,444.8073484077487,-6.083943297535707,,,
0.7250990156405391,0.43513482053371805,437.2142387237037,125.09029064358172,-4.991725350456043,,,
1.9344888641823248,0.04530576521816907,12009.104320215636,609.0750049395882,-34.193020804084256,,,
0.2970306602446303,0.11609011911651457,9680.432460066544,610.9502924363619,-6.941194226470492,,,
2.3975216805196875,0.05603053611866298,5964.133052870533,402.43913549600586,-41.331418226658656,,,
2.222178958462929,0.05571206918623182,6866.43506350156,452.36591730849744,-30.706489465224305,,,
-2.6065459462528304,0.8285172463266398,3594.6693970822544,368.2904155896158,-5.878739991913806,,,
0.4747927929910304,0.5182528082956119,401.50721452147104,119.56682177324866,-4.829242941274004,,,
-3.3380368028290386,1.5343757095307602,2180.8208898853645,286.30633836852377,-5.6289448978872825,,,
1.9429767348170517,0.054944876589341905,8311.603184219777,519.1519962049072,-25.710035609950005,,,
-1.6673608509166404,1.0140870347679034,934.4993570390075,185.9366526293999,-5.196973783694112,,,
2.0228499427314057,0.05664737073163614,7604.363795751525,488.29702766702934,-24.144957162789115,,,
-2.5919155851203017,1.7306820567200574,811.8092303756891,172.73216191752317,-5.123478975403879,,,
-2.8897058356730785,5.741096199261754,99.43311282052854,56.01355524349331,-4.040906089576363,,,
-8.0,59.837124144514746,75.97601030486044,47.630364946775664,-3.809966116514143,,,
-8.0,35.937343919082174,210.63301349379014,85.48150697895066,-4.414641671542498,,,
-8.0,59.83652950574489,75.97778451974521,47.62160069106097,-3.93155093070245,,,
-8.0,25.001835908895142,435.1870764028786,125.59577402757891,-4.803710491592113,,,
-8.0,22.48119453924974,545.8183706671466,141.30325591966707,-4.9819118023317825,,,
-0.2927918736013208,1.1931593673679932,167.71528114188283,75.53672915935522,-4.290070145202724,,,
-8.0,64.45566186725206,65.47827081882816,43.407797403229274,-3.771307062618579,,,
-1.631003501126347,0.399697859360888,5799.585621386459,462.8314347068766,-6.1328732137098285,,,
-8.0,48.640409370326914,114.98100794824234,60.9767424374939,-4.068600635431611,,,
-8.0,33.03435501407331,249.28036897831868,93.64240302964886,-4.506933374036934,,,
-8.0,42.77941093157346,148.6447333183152,70.55954441372198,-4.2188002859025335,,,
-7.913733665480437,998.8977363805567,1.0244548320770264e-08,154.16189335160811,-7.816571693722646e-10,,,
-4.318260117168409,1.0482891640324505,12460.674213919812,683.2897267894842,-6.502228671988075,,,
-3.3503922727550925,2.8499479782540202,648.2457431009594,153.86765210952282,-5.065959594090366,,,
-8.0,68.74050587066733,57.56895817162804,39.96433381675075,-3.620447261406348,,,
-2.031364804338135,0.4325551630562603,7405.678958530379,526.0957374253435,-6.249392190918296,,,
-7.913733665480437,998.8977363805567,1.0244548320770264e-08,154.16189335160811,-7.816571693722646e-10,,,
-8.0,113.73681672098894,21.02358350112968,19.245566940186837,-2.699834977333121,,,
-8.0,62.01133038161787,70.7415916443983,45.56610359152831,-3.7626952805922778,,,
-8.0,22.075895228311406,558.1911058791184,143.00714457350637,-4.995350799092159,,,
-8.0,105.87037786988807,24.267070764363915,21.556573821116523,-2.8643051212075807,,,
-8.0,65.77949164946813,62.868613745648915,42.28752974786008,-3.682244194665593,,,
-8.0,16.36580671086293,1015.6506914583746,194.42215853523635,-5.244213284101025,,,
-0.2998816720486127,1.8095066975905854,73.45002804187462,46.6045491888607,-3.789371061310722,,,
-8.0,40.39220531625458,166.73433559858574,75.2350182946696,-4.345015549732707,,,
-8.0,27.580783643798753,357.606883282361,113.35890953979755,-4.700402669315317,,,
-8.0,94.78314756855835,30.27848542309295,25.526415449980334,-3.09167846287329,,,
-8.0,47.582921312300144,120.14743963251111,62.552112620006476,-4.0948445222757694,,,
-7.913733665480437,998.8977363805567,1.0244548320770264e-08,154.16189335160811,-7.816571693722646e-10,,,
-7.913733665480437,998.8977363805567,1.0244548320770264e-08,154.16189335160811,-7.816571693722646e-10,,,
-7.913733665480437,998.8977363805567,1.0244548320770264e-08,154.16189335160811,-7.816571693722646e-10,,,
-3.4988569119472683,2.8505358663825975,751.2686681137989,165.99832586732305,-5.319794863568355,,,
-7.913733665480437,998.8977363805567,1.0244548320770264e-08,154.16189335160811,-7.816571693722646e-10,,,
-8.0,7.899860092014743,4415.921600378541,406.22063175907726,-6.771076687942375,,,
-8.0,27.982039056131928,347.4241834212035,111.61047467319788,-4.684873387010222,,,
-3.6519886840320313,5.741454690975214,213.26859148702593,86.0709756323183,-4.420577647293729,,,
-4.732275313834919,5.741618764274095,628.4814740699459,151.4771887365568,-4.993217161107734,,,
-2.917918862720327,1.815330941141077,1023.1718352864916,194.02915241083312,-5.301508877889283,,,
0.3511244878337162,0.31702252484443544,1240.255128726718,215.57652820853718,-5.344860934275017,,,
-7.913733665480437,998.8977363805567,1.0244548320770264e-08,154.16189335160811,-7.816571693722646e-10,,,
-4.61027037448901,5.74162815786906,556.2765951792977,142.63242393455738,-4.930102384609541,,,
-4.260294034972139,5.7413767590780616,391.9854432116229,119.22932018037427,-4.749938558944269,,,
2.2983026145032976,0.06861159845206552,4213.9310469898255,347.86947293419604,-28.06629545310301,,,
-8.0,26.030231563240694,401.4798799329397,120.44776919539024,-4.761521296444415,,,
-8.0,86.9671391976767,35.96648149442853,28.963001382698803,-3.2497296818588826,,,
-8.0,19.96407986515162,682.5284440902333,158.4838055854575,-5.0383260539146795,,,
-8.0,28.631942565374963,331.83160060912047,108.97300822861295,-4.660640557524917,,,
-8.0,24.095295720155875,468.54849504936976,130.53090968053021,-4.842632310111682,,,
-8.0,47.57978189627151,120.16919356220473,62.55111906994608,-4.1543868888681255,,,
-8.0,8.652904997972364,3633.2772085203937,369.5357528940296,-5.958738249457286,,,
-8.0,21.61264131615011,582.3761283312238,145.9224281222056,-4.955707998257256,,,
-1.068489936995129,0.21887638574508028,10970.514812295558,613.9644147895551,-6.759683966940026,,,
-3.094969893609093,2.1698247894951312,854.9322659059532,177.40341444333603,-5.148983578607073,,,
-3.7351569196798873,4.0597844794398315,463.56252903799486,129.80973394242324,-4.835151203104227,,,
-1.6450473165627113,1.1962090427128942,656.7258454363897,155.14015040073127,-5.0176301658559455,,,
-2.3341430881608787,1.814965558215803,570.021058685225,144.06952708099527,-4.9423463497569085,,,
-8.0,26.45550841578226,388.67497972597823,118.41727178833331,-4.7443035593618665,,,
-3.7174496655761287,1.2412676437086034,4951.549860005185,432.7244346710665,-7.087204361669379,,,
-4.735158832144236,2.327256989740532,3885.9930181890927,382.81180667276317,-6.513644482762541,,,
-8.0,24.27907354739949,468.4985034706497,130.5308706077915,-4.902144332135111,,,
-8.0,15.36524026555192,1152.2343055507768,206.89728220734006,-5.307677519225855,,,
1.9269849454011723,0.0786202730006791,4124.96316895364,369.73793434237916,-14.11674586206896,,,
-3.786476779145483,3.3148314535857817,731.9768928909374,164.56068394476998,-5.073387683289925,,,
-1.163246392906504,0.6340026804047197,1450.6452439283155,233.1419259229066,-5.443263345333191,,,
2.384922619019783,0.07248540664418089,3661.433185069212,320.84654796936707,-24.068377670576027,,,
1.0593134635419457,0.20858114823145238,1356.8903010795555,223.76622332487628,-5.560116580655691,,,
-8.0,22.322498116396005,545.9269213487254,141.2919561866506,-4.92240177981635,,,
-3.382673884912066,2.567519738289625,814.4479875568778,173.96247919545874,-5.126358176243814,,,
-8.0,15.319896547168058,1159.0657677315521,207.50535080977542,-5.311108299864771,,,
-2.578310719972023,1.7196289155088933,820.4019920301927,174.5290267125945,-5.184268036209191,,,
-4.013077399267689,3.31687460849479,917.5100742762431,184.38092278261274,-5.187345427733637,,,
-8.0,18.891504453593694,762.2307438946434,167.71821640856308,-5.0955397671444995,,,
-3.8844526395911902,3.314863619834528,807.3637225039827,172.1604546847322,-5.121440257761486,,,
-3.1899328493971115,2.33076873423705,824.6120022177898,173.3465640817155,-5.187698753688425,,,
-8.0,19.677099319473562,711.2266644893523,161.79034032930713,-5.118885113353288,,,
-5.444916364740069,3.422611761059623,3758.985373826232,376.26853950676605,-6.31699039537996,,,
-0.7452210709436251,0.5251959639446179,1373.542811304779,224.69632113713004,-5.47195078758038,,,
-3.326802303998124,2.5674965479672895,770.1563234357593,168.5216853537826,-5.097982354688628,,,
-8.0,19.96407986515162,682.5284440902333,158.4838055854575,-5.0383260539146795,,,
-8.0,30.729367606167653,288.0795531319692,101.14485941432564,-4.584857660035617,,,
-8.0,17.343006188504223,914.2211866748536,184.15796181174707,-5.248751010041791,,,
-8.0,16.329096787779942,1020.2231306853514,194.4477404068602,-5.245460015027655,,,
-2.78212714556682,2.870350061259748,357.1302682389332,113.25297338947047,-4.6991930638126265,,,
-2.8507009363570632,1.5342115200699369,1338.903586265109,222.85453569792872,-5.378135074112264,,,
-3.023702841185593,1.6572115026413923,1364.6713129078869,225.987235607312,-5.390234096719603,,,
-8.0,16.823405488023198,971.2521030702212,189.90713179333116,-5.279683471020614,,,
-8.0,16.779011693658102,966.2441889329704,189.44412813061462,-5.217447650088097,,,
-5.383432913733306,5.727595932970159,1209.3651754385282,212.07986170160817,-5.329003494728147,,,
-8.0,27.982039056131928,347.4241834212035,111.61047467319788,-4.684873387010222,,,
-8.0,7.169354055840507,5292.482246490997,448.26289815185515,-6.091903167912156,,,
-8.0,7.75744605677543,4520.453662293503,413.3176246179579,-6.010934084343902,,,
-3.746430947445911,5.741452929328204,234.40820496778954,90.4690586018375,-4.471192358753647,,,
-1.7881464174054733,0.601454992822999,2999.8721458463224,336.37390103479834,-5.7947147161366175,,,
-8.0,6.107343795183857,7293.142967262945,523.4150483281157,-6.260320122386101,,,
-5.249096870247407,2.165656833221994,7435.859696644193,525.7710317704974,-6.300465695049459,,,
-3.727611586942649,1.1049373645688405,6210.990228068443,483.4479848187743,-6.157014534422918,,,
-3.5352062720631015,0.9704539829937964,6641.3033884173365,497.38813835322844,-6.187861813552673,,,
-5.743581084537219,2.871230364371462,6911.047321641183,507.2926009225743,-6.206297564284148,,,
-2.492058656986831,0.5827903332378563,6477.176620446721,493.96026981714914,-6.177836760082894,,,
-3.6696629031399204,1.1940864022529951,5041.538849286822,436.2754439284591,-6.102264519102379,,,
-8.0,63.192205030535746,68.12244667759576,44.49830059301622,-3.737281248110371,,,
-8.0,6.620677673847123,6206.085211772563,475.08650327346805,-6.294066985345525,,,
-8.0,6.353724558399988,6738.491739448032,501.8419240927822,-6.219332601179723,,,
-7.431417583595997,5.7420561363221685,9344.932658850352,602.3922759471903,-6.357928202702415,,,
-8.0,33.7350728479093,239.03156249804493,91.52833115148528,-4.483934080365846,,,
-2.4752423873678144,2.0290028977813184,525.3841149822765,138.35207153030714,-4.90065327346067,,,
-7.913733665480437,998.8977363805567,1.0244548320770264e-08,154.16189335160811,-7.816571693722646e-10,,,
-8.0,25.001835908895142,435.1870764028786,125.59577402757891,-4.803710491592113,,,
8.0,0.0012128851792919575,247.27887943313704,36.049822793659914,-15275.916417177401,,,
-0.004127329009528906,0.3883521029487845,1199.507133816038,211.87370154645436,-5.423823980177463,,,
5.211935888759235,0.006788010513441965,139550.97172484378,277.4161250214718,-66009.75968615495,,,
0.29741853284681796,0.07279234021975661,27666.750412464193,1181.7673690266345,-270.0895526752723,,,
3.6024572722136647,0.005664684230198398,124898.26299284231,1195.7213022918547,-158.0134208532362,,,
5.2708771357642386,0.011197418459183891,5165.622437419303,47.99607513306377,-1227.160926903894,,,
8.0,0.007844322930968796,5.995746569011645,5.97918946506207,-909.8880166273232,,,
2.3501983714003853,0.07872910983703563,3117.209042720695,293.6739991763286,-22.511233429230955,,,
-5.587705523857943,3.31497688291346,4435.863582514128,407.27206487082583,-5.983391467503914,,,
-8.0,24.44132708737817,455.3750048239568,128.65346516029746,-4.828018587860611,,,
-3.4022495247497657,2.3438343606896748,996.665964095485,192.12606837089106,-5.230055621357849,,,
-8.0,27.617953191142558,362.8204354274699,114.25142606280683,-4.767505855013952,,,
-8.0,67.2090240660701,60.222521810678295,41.14150351759311,-3.6522921009925255,,,
-8.0,31.907252904830187,272.55474189946506,98.21545317219103,-4.614641401878664,,,
-3.6493654412251426,0.9438708103618526,7870.458579960943,537.3796403684823,-6.271547325744602,,,
-8.0,29.561722116504768,311.2860816662576,105.37956144428794,-4.62639700155167,,,
-8.0,27.982039056131928,347.4241834212035,111.61047467319788,-4.684873387010222,,,
-8.0,32.530765388149824,257.05763169194825,95.20799521921768,-4.52351611849625,,,
-8.0,51.64256348937165,102.00067858506378,56.867901349775615,-4.05705991632124,,,
-8.0,7.092025873124227,5408.524525559017,451.2315002926302,-6.103967621693391,,,
-8.0,33.378399026601016,244.16782053355305,92.59956391870891,-4.49556540187171,,,
-8.0,40.910414683111966,166.72325989712058,75.22724728283987,-4.343745483914548,,,
-8.0,58.836577578369806,78.58209387585272,48.631851657720254,-3.8320320596362287,,,
-8.0,28.302245217641406,339.60749794101724,110.33562071611033,-4.672902926438065,,,
-8.0,34.48924732729924,228.69252376034953,89.38425053707371,-4.459829754021737,,,
-4.024181534881537,1.7311552966946058,3404.476917303,358.580245093079,-5.851634752753728,,,
-8.0,33.20430363925275,246.734653838778,93.12301880739791,-4.501281514104855,,,
-8.0,43.15880182976268,146.04343482323307,69.88449111408426,-4.20871606021135,,,
-8.0,31.448934400966515,275.0545821076825,98.7009831730275,-4.619745742241842,,,
-0.6928795293616672,0.3291002695819211,3315.1422440349847,353.1242744468485,-5.895316439775749,,,
-8.0,113.73681672098894,21.02358350112968,19.245566940186837,-2.699834977333121,,,
-8.0,105.87120075896597,24.267094535413648,21.55638731334061,-2.925097528491553,,,
6.8880563328083975,0.0259676641968697,23.347399766361967,1.0179383770993562,-642.7360439587701,,,
-7.913733665480437,998.8977363805567,1.0244548320770264e-08,154.16189335160811,-7.816571693722646e-10,,,
-4.414740274508953,5.741762515387556,457.4378033212948,129.15332998061518,-4.829315642068283,,,
-1.4236304703978726,0.8067767149161869,1166.1774247143255,206.90958438605205,-5.33721580734857,,,
-8.0,15.870745910754115,1080.0022783751326,200.3601460095898,-5.274467051849069,,,
-5.057236693294457,4.070326480026813,1733.8183235860788,255.12047849887998,-5.511050332314613,,,
3.1533953609306913,0.002802209206489386,566182.5792931401,1189.4030477567812,-30742.23693174599,,,
-8.0,16.36349558243422,1015.9387514763288,194.02660478530558,-5.303660286820023,,,
2.957685301492806,0.01978371003808223,25919.190789228476,653.4514417223312,-700.1900278290618,,,
-8.0,99.76462015759185,27.329480022177275,23.626260486864766,-2.9901058280751305,,,
-2.805306911071279,1.5919935506430012,1188.1309026628517,209.86200914721843,-5.324970824264849,,,
-8.0,144.06956347250096,13.106026609979635,13.10580166248378,-2.0581666310428144,,,
1.0265523485798569,0.07594144216389222,10505.75714854219,619.3598244811845,-8.432401379974415,,,
-8.0,127.59709239705391,17.451884682100374,16.559481350680773,-2.5239487902142734,,,
-3.2925552984358535,0.5343043459535597,17244.33508955729,833.5563622423757,-6.7578422402842095,,,
-1.3739318777228338,0.1889810857176607,20024.864227083584,795.4554958016458,-6.825890758091127,,,
-1.7052643520196418,0.1688119246809186,35035.093307316754,1016.0560528790223,-7.09776697082856,,,
-3.8077383967201417,0.9531958008402001,9104.772404155621,583.1285349485098,-6.625244866584736,,,
-5.0932114513365265,1.4825273262803906,13525.45399122697,727.9317392637296,-6.5429630357586275,,,
-3.1914419665578757,2.343734995866487,807.0892745101412,172.5033639169146,-5.121501105777388,,,
0.20727680789160746,0.03529312350067211,114479.2949444761,1048.0604810292107,-19.610317728886102,,,
-4.693639392431042,5.737270332595236,605.2676678456352,148.977646376702,-4.973785718428089,,,
-4.2207218941863776,0.6720116013204925,27502.365468448406,1134.0033357472296,-6.899977672736764,,,
-3.7143385061703587,3.3150635796981813,681.059143313195,158.19242269022473,-5.093446725400839,,,
-0.5170563210011414,0.08292510313460935,43835.97225027967,1038.1777759842912,-7.276167579757452,,,
-8.0,20.67475842702138,636.4126219461,152.81497431087644,-5.001867148893206,,,
-3.1317309141335037,2.169846002367567,886.976417948717,182.56527096468528,-5.173168516684977,,,
-4.331753864826534,0.9078447035947846,16840.037087082514,754.7838976716612,-6.657612432624721,,,
-2.7924368565778726,2.029540768210648,721.72500129243,162.68336899944637,-5.064353473885311,,,
-3.0166025859280303,2.8637142101256208,453.0698934574064,128.0570485150108,-4.8234488798344035,,,
-3.4709955085419835,2.1699388228413987,1245.6292354632826,215.4893961515113,-5.3439981547559645,,,
-1.6374278616259053,0.15567472266333382,38479.742976528025,1187.2499840288958,-7.164797788358398,,,
-0.17362769292485228,0.627826409763286,536.0773381287775,139.77891711546894,-4.936432759138248,,,
-5.22559767082293,5.7405789854526015,1029.647204008989,195.34576928454808,-5.245592914410103,,,
-4.593349284827837,0.9552143948664327,19825.89187458644,834.8671142132098,-6.845796754041178,,,
0.09196546263443031,0.05926792489771469,46195.432054106495,1838.9053223596754,-7.2657742004217525,,,
-8.0,17.914034109888167,847.6816959563596,176.80454678765767,-5.210865275945206,,,
-3.106459969211196,2.343695733174999,741.271642207357,165.1707065756591,-5.080727634879474,,,
-1.481919885252632,0.8747154418893499,1042.1653823103197,195.63921699326104,-5.256824522963541,,,
-4.5489065798463475,3.316915061729611,1568.2219108667039,240.94191237947302,-5.459648561399532,,,
0.3967169251665732,0.046067829904718,55353.5907791931,1122.731580927994,-12.170150915122717,,,
0.7280309428073962,0.05641797860230043,26033.86049362052,1034.3944339822415,-11.93005491612925,,,
0.8822024551221306,0.05478970677871697,23560.12703537513,1026.568223301547,-9.99984977523252,,,
-1.9327352370383732,0.158902689501228,49700.29208120702,947.3941893023309,-7.264571313582985,,,
0.4480621174531359,0.052143043644008874,41040.97306245208,805.9438485775917,-9.83559012717773,,,
-2.2075749222493553,0.2566591637650395,25105.070736354726,1077.2296502160646,-6.873021921270891,,,
-0.8027240643637914,0.08891989711989491,50945.03594651271,953.2465761589409,-7.26298589604337,,,
-1.7527547747832046,0.21162498649146147,23385.926774653875,856.858915844201,-6.925950511450096,,,
-1.3767094995672184,0.14483598421105762,34187.66650935889,1075.7602251995086,-7.154621033597985,,,
0.3706166105654014,0.04156699208866031,69978.07283190152,1032.4591460584415,-11.735142449200296,,,
-1.5638222467256782,0.19304571065467804,23306.033979163713,963.2995431581152,-6.822398506871763,,,
1.0850474653234683,0.029060903283116824,67187.09276349709,979.0425004294058,-26.84325206773227,,,
-2.1726899424874255,0.23527462060984947,28848.22629029542,999.7711713730253,-6.947497382584484,,,
-2.0669819762972703,0.23712706540513165,25643.239082105774,1110.0134044362173,-6.967818494842488,,,
-1.0664548907870455,0.15170467596854093,22781.896638786788,853.9409253997314,-6.986430894466641,,,
-1.520168740198152,0.13329009186136045,46645.09840354908,1013.6715760945425,-7.313091303670808,,,
2.185382231259631,0.07463678254615665,3916.942906718391,342.7943384487448,-19.77145528560672,,,
-8.0,15.386625188473495,1164.677139639047,208.10392811210093,-5.432400670050977,,,
0.4342573399120002,0.4508075141902399,553.6898380566549,142.17156041932796,-5.017313830208581,,,
-8.0,21.43205525769861,592.2318647701759,147.3401681668086,-4.964829058251538,,,
1.5344913799848374,0.22608088909800603,681.7847390407295,154.01557616167062,-5.476826988336195,,,
-5.015837864575363,1.9139658551579872,7510.76857384335,528.516488757545,-6.247681876450834,,,
-1.1134688574388403,0.9566447025933099,614.566448851098,150.7400361590552,-5.108097144358668,,,
2.27525836425908,0.07162452317928478,3935.456493204121,335.2049659966974,-25.27640814615374,,,
0.6152497400848591,0.3337150415018718,847.6807360179305,176.9528156400646,-5.156981602465143,,,
2.467086596614349,0.0526408363425309,6291.648870693573,402.1001328381865,-53.780916890799766,,,
-0.13396301739758074,1.7243110272013358,68.23002570401127,44.49516549556043,-3.7406091281491394,,,
-8.0,16.819310097105674,961.6191441850426,188.88338966026157,-5.214703508661186,,,
-0.7300566077398976,0.632755052942719,941.0812934914927,187.39166485111178,-5.218471589191298,,,
-4.151479276235185,1.9138820517915824,3163.7844783904457,345.5827688406925,-5.817378025977486,,,
-2.7843840054710083,1.3110699831759287,1729.3357061773859,253.86268624628147,-5.617363637071781,,,
-0.5142792367318314,0.5874801302021204,867.4410073962082,179.2142052306986,-5.176535776159629,,,
-8.0,31.89751984458356,267.3651896376414,97.2089248181317,-4.544807250833635,,,
-8.0,9.999391773689545,2738.636020953724,319.47078727146186,-5.9316367476756575,,,
-8.0,14.664816667928179,1264.9292359775532,216.5963085112707,-5.3548540719769155,,,
2.143450581143445,0.05970812241778157,6272.812763061229,438.29589210944624,-26.275124723348096,,,
-1.3005772558214455,0.23257183404269569,12279.000015975678,656.9242385741212,-6.557320161716265,,,
2.1746320804216803,0.08097789835035142,3298.108141938048,315.82210483403475,-19.148380829190693,,,
2.2681208299749724,0.06001918333489602,5723.765261783474,404.9709223196099,-34.55426273738206,,,
-3.488441311445394,2.1506167676439336,1310.9717749860301,221.4218510344176,-5.600014761020908,,,
-1.4957634777062914,0.2760085890286714,10788.030266120199,642.8136430621554,-15.25904587140727,,,
-2.21948564836388,0.6257277897823139,4372.533900739233,405.4902941348144,-7.710375032958032,,,
-2.6705001079244135,0.862453076046063,3558.117557990137,366.31102742194736,-7.536375921759793,,,
-0.8941538204172872,0.48852599255601553,1914.0424524306163,268.41901866380715,-8.556284989908985,,,
-7.913733665480437,998.8977363805567,1.0244548320770264e-08,154.16189335160811,-7.816571693722646e-10,,,
-5.253279806074496,5.681487763479585,1102.745789544238,202.1056239199322,-5.518116910098305,,,
-0.9719616831372967,1.7530672029199323,164.47479514057898,75.78485672306222,-4.600865486934712,,,
-5.560463701943294,5.699000145202432,1478.3073809580098,234.74105766383232,-5.787785134203264,,,
-7.913733665480437,998.8977363805567,1.0244548320770264e-08,154.16189335160811,-7.816571693722646e-10,,,
-7.913733665480437,998.8977363805567,1.0244548320770264e-08,154.16189335160811,-7.816571693722646e-10,,,
-0.8924774192189897,0.3696521845530119,3331.6632505125217,353.3091718651,-12.134576379471364,,,
-0.8444461718470028,0.6179385058544861,1096.7829503911767,202.55649537734413,-8.028204165368074,,,
-3.883578472724759,2.870714963341958,1075.9175187663911,200.38346899628803,-5.629464130622246,,,
-3.344638757008937,1.6327671879250727,1990.7808805898424,272.1037718665528,-6.331483742014983,,,
-2.742453000860561,1.34676884304748,1571.7581577893072,241.66612128871304,-5.510345226478894,,,
-8.0,13.731179014148493,1442.8149835549586,231.77171165405673,-5.542328833938142,,,
-2.860729179784232,2.169249008941152,676.7612188543216,158.63484135346283,-5.335461467725496,,,
-1.9829957426740397,0.8049839172594605,2066.27198929734,278.20793996409867,-5.91106943622562,,,
-2.77015973761973,1.4675151265083226,1373.8995468419755,225.93751881143135,-5.617909634595236,,,
-3.136570493537952,2.0274212950777994,1020.4282412915649,194.70482416603343,-5.36087472287044,,,
-2.848558096040651,1.3695260195221841,1725.7443256671313,254.42081634456147,-6.487540333708897,,,
-4.362398365525889,2.849357879246978,1786.4562143269068,258.07672266224705,-5.759908504993134,,,
-5.881480433158972,5.663748858946918,2085.5942754859666,279.77214624766765,-6.315397835716423,,,
-7.913733665480437,998.8977363805567,1.0244548320770264e-08,154.16189335160811,-7.816571693722646e-10,,,
-3.5359033866929788,2.1699457876983996,1329.232890726846,220.98378815785605,-5.3726897010255765,,,
-7.913733665480437,998.8977363805567,1.0244548320770264e-08,154.16189335160811,-7.816571693722646e-10,,,
-3.338387629741068,1.3792691716585266,2744.862483066105,320.4768286079527,-6.19787654242848,,,
-3.273166057209154,1.118533068771042,3890.883484664352,381.32337865020963,-6.194958582303156,,,
-8.0,46.405420880920104,135.70337893691772,67.0345372136441,-4.523400419727002,,,
-2.8530346446577637,2.3259288862718903,591.7752884351498,147.5122773964114,-5.019268183503738,,,
-5.433864360261808,5.670554839050797,1326.3669491104993,222.0673861246135,-5.909754591005158,,,
-2.191095450759876,0.856894185661866,2253.558140736765,290.4322885045302,-6.129932037738065,,,
-0.9505872301528009,0.5325258018016322,1693.7625375475914,255.34022521598817,-8.261111715624363,,,
-3.426433218293989,2.567533954224552,850.9091737680632,178.3402257856197,-5.151980593036412,,,
-3.535784430632287,2.154761083731991,1364.7911713419674,223.7080569364107,-5.499273013425438,,,
-4.587208714175037,4.060076518929857,1087.2786996262403,201.02532668500413,-5.393217668769972,,,
-4.561775189833333,1.592481244877518,6889.4505099045755,510.06148203476175,-6.442601287950777,,,
-1.582176912421921,0.582410288213457,2649.847130434594,314.9602045954568,-7.650211054373745,,,
-3.6321955731724405,1.1482714905301423,5227.2710812588775,443.5755030743746,-6.7954339557431815,,,
-3.985107234698524,2.5432949593706944,1542.6794499107336,239.7600221066615,-5.8025679351943635,,,
-1.9628057617705994,0.9412108740169715,1501.9690007923332,235.71777768666092,-6.082208743967886,,,
-7.913733665480437,998.8977363805567,1.0244548320770264e-08,154.16189335160811,-7.816571693722646e-10,,,
-0.6822753333425244,0.6736820080726998,825.7229745114757,176.03246456540748,-6.87342058879082,,,
-2.1986714246706245,0.9742568751076619,1758.071314452768,256.44678476229086,-6.741262420029263,,,
-3.556900000725151,2.325702090624234,1197.7800907385633,211.51417124593456,-5.680056147422357,,,
-2.5783864155949567,1.5827386631939315,968.938740024573,189.57771965276788,-6.16394351764588,,,
-7.913733665480437,998.8977363805567,1.0244548320770264e-08,154.16189335160811,-7.816571693722646e-10,,,
-3.107933414554155,2.132058840790017,925.1095537228935,184.41155299112933,-5.708998912006912,,,
-2.5882330303968573,1.0734134745988106,2142.182637849987,283.7507801538071,-5.999092355876799,,,
-3.5811472945675664,2.567473721207057,993.4543529337269,192.09018761032354,-5.228726433263118,,,
-8.0,13.186103601524223,1596.4009223074497,243.90191435853464,-6.010292990522837,,,
-3.3034669142726374,4.0595823046137705,300.9480455721309,103.4993153355214,-4.607278850559206,,,
-3.170205044862449,2.328074425756299,810.288253906399,172.59659503935404,-5.356376345684815,,,
-7.913733665480437,998.8977363805567,1.0244548320770264e-08,154.16189335160811,-7.816571693722646e-10,,,
-2.6880486576072227,0.9011842673093667,3338.714926907583,355.8469910003266,-6.171457899283103,,,
-3.5598934417084855,1.471112422847122,3002.4607924186257,335.9971575225394,-6.192383868848788,,,
-0.9072161727818555,0.6462572593619685,1113.9362914830128,203.40380905907057,-7.427461108166005,,,
-2.6809492941678355,1.0019209813844494,2707.847780179174,317.5534287292258,-7.05863480937132,,,
-1.3184535767868968,0.6565291286734376,1631.2734018703125,249.37109145893825,-8.059792148935657,,,
-2.5879973654416815,0.8635433782273153,3327.140625078585,354.0465262053468,-6.841230818533796,,,
-7.913733665480437,998.8977363805567,1.0244548320770264e-08,154.16189335160811,-7.816571693722646e-10,,,
-2.6118025145177683,1.3530010863466535,1355.5935645641607,224.79705845604406,-5.565126061051494,,,
-8.0,13.371719103628095,1563.9381671660713,241.50576955014304,-6.11929730434973,,,
-4.265776792125898,3.28215981519711,1229.2551084515412,213.87580408535499,-5.570792091647291,,,
-3.3711505289019033,2.3296343845085126,988.4015572057107,191.8576572060269,-5.461279542729174,,,
-3.0963917563487393,1.3380433675329835,2296.0597449457787,294.65569322780004,-6.4677136745643455,,,
-5.4523649717765865,3.31469113318353,3875.0549674345134,381.64791665656725,-6.273004037367129,,,
-0.6667706375143675,0.4511260585757578,1788.3355685888473,260.0437253742852,-9.653361465932207,,,
-2.5174095307616464,0.7543627839869692,4020.4292528245173,390.22791264538387,-6.90827818975675,,,
-2.761667551198812,2.029520218433805,699.8261690088674,160.46189166019826,-5.049449144112161,,,
-3.419081249119013,0.9994080801915864,5575.76361953385,460.96853055877693,-6.397107473212516,,,
-5.368686671649633,5.741894496764727,1187.7026135493104,210.20132928583138,-5.319134979565193,,,
-0.8707144655160358,1.3895984142941238,223.13026751038072,88.99781126213182,-4.688757690459101,,,
-1.3678520134678995,1.1660401119577355,546.597205161239,141.7008476787977,-6.299668600311254,,,
-7.913733665480437,998.8977363805567,1.0244548320770264e-08,154.16189335160811,-7.816571693722646e-10,,,
-2.686328845569627,1.2616233996938886,1731.4598557372767,254.55256787250323,-6.727886929264041,,,
-7.913733665480437,998.8977363805567,1.0244548320770264e-08,154.16189335160811,-7.816571693722646e-10,,,
-7.913733665480437,998.8977363805567,1.0244548320770264e-08,154.16189335160811,-7.816571693722646e-10,,,
-1.7622402268552804,1.375855905728553,569.8460917487798,144.67428935705033,-5.463810975942223,,,
-4.3562761007448785,4.059358899923774,863.0960972574987,178.98025244061537,-5.157852747797062,,,
-3.749289939804467,2.835394754706148,984.517130873137,191.26041161293006,-5.69500065820707,,,
-3.6985180018444925,2.8704620456694494,894.1950119668279,181.77752946499353,-5.415139359657784,,,
-0.7283957205988226,0.6580263758186897,899.2307107792058,182.2708551531404,-6.700794968270502,,,
-2.330219594913226,0.8117098569428354,2889.6320410114636,329.38873554221993,-7.144380217645539,,,
-5.533516259047214,5.693635000624129,1458.905011337778,232.614354018065,-5.898093965779313,,,
-4.555180917568216,4.0600690849852175,1052.8602817952537,197.87335819103464,-5.258203904453812,,,
-7.913733665480437,998.8977363805567,1.0244548320770264e-08,154.16189335160811,-7.816571693722646e-10,,,
-7.913733665480437,998.8977363805567,1.0244548320770264e-08,154.16189335160811,-7.816571693722646e-10,,,
-8.0,15.579971722130303,1148.8084223795515,206.63290048779956,-5.961326912021395,,,
-0.5564326416085394,0.7450825589070866,589.8086590093383,148.21510791398032,-6.480079178640083,,,
-8.0,29.937539359620118,303.5201659884466,103.97270260570525,-4.612928738454636,,,
-8.0,16.729422165647055,991.9099612405488,191.7961429788999,-5.647665069966969,,,
-8.0,12.006561183595853,1887.0702376706215,265.504594428007,-5.67956084205259,,,
-3.4009428403587627,2.0091321355567704,1379.020111764427,228.1274165530163,-5.804945744587321,,,
-2.9270661991525366,1.2836320317042873,2065.2773723740875,278.5587597155125,-5.779336763645298,,,
-7.913733665480437,998.8977363805567,1.0244548320770264e-08,154.16189335160811,-7.816571693722646e-10,,,
-4.493834029414871,2.8535031137356497,2025.510310243033,275.3414874736804,-5.942655527089303,,,
-7.913733665480437,998.8977363805567,1.0244548320770264e-08,154.16189335160811,-7.816571693722646e-10,,,
-3.184008385349189,2.343762081499053,801.0923680204343,171.733147357775,-5.116654332631901,,,
-1.1096720105338425,0.8355505107171658,816.3320232540536,175.37428218167318,-6.103999927635371,,,
-1.2147156978667573,0.7510330180321457,1118.5426978797348,204.22233512302194,-6.966534863772918,,,
-8.0,10.582643147737762,2452.6458381720513,303.4128450806962,-5.8749946435537925,,,
-6.093026282627283,5.686634659498738,2538.7214741897797,308.95385136529484,-6.179666030766172,,,
-7.913733665480437,998.8977363805567,1.0244548320770264e-08,154.16189335160811,-7.816571693722646e-10,,,
-3.2347402644211747,2.3176830216556543,878.2777738375844,179.81040225187897,-5.336095493082168,,,
-7.913733665480437,998.8977363805567,1.0244548320770264e-08,154.16189335160811,-7.816571693722646e-10,,,
-2.1922683644080747,0.8206890999457042,2458.5660027189024,303.9019772088378,-6.467721925556153,,,
-8.0,27.982039056131928,347.4241834212035,111.61047467319788,-4.684873387010222,,,
-0.8693265081459338,0.7115139415049034,882.6122985257841,180.7218063288295,-6.0280433768707145,,,
-2.618806638346102,0.9311616185043035,2881.4470150513202,328.88757178955353,-5.82719391866144,,,
-4.723829964283783,5.741635309171373,623.1922959380033,150.93505989149878,-4.986955096258954,,,
-1.246107900803862,0.41210637197774935,3798.738122796518,378.5909556204466,-10.300617826193601,,,
-8.0,12.43673513878603,1759.690313268128,255.75091348331478,-5.825173457112584,,,
-3.184334236054135,2.302150098725855,857.3912234890107,178.00009704838408,-5.616303923756245,,,
-5.714265801500432,5.671705551817406,1705.885918533056,252.33496721228894,-5.501367854697384,,,
-2.5451127904246937,1.0397423706908533,2176.331082868986,285.2022168080681,-6.259564608390638,,,
-5.473009830618689,5.652423228135327,1394.7539080183988,228.01192374288752,-6.171669675888378,,,
-2.3258682154411887,2.4844560826821236,318.65148187027654,106.76403133306447,-6.0541616701115215,,,
-4.546307064109284,1.3173822244674418,9912.867831774287,607.6800679733003,-6.450746093349368,,,
-3.512494198178227,2.325553364426876,1146.1958858633448,205.98469411448363,-5.472980815156253,,,
-2.6017271396011132,0.9992064828553858,2460.419240789542,302.663490034265,-5.984080622824726,,,
-8.0,11.979116441693169,1895.701784364983,266.7580128124829,-5.6865003277553505,,,
-3.5476056918553023,1.5864798310284818,2532.627093431554,307.97596442863806,-5.814756613854673,,,
-3.0133930056446814,2.00763721869286,937.6831832410462,186.35129517591213,-5.5466962721954545,,,
-8.0,19.886518827821835,696.4162374848963,159.85799986701815,-5.107529262002213,,,
-7.913733665480437,998.8977363805567,1.0244548320770264e-08,154.16189335160811,-7.816571693722646e-10,,,
-8.0,15.882981608890356,1078.3529375598284,200.34078977105378,-5.334023166505916,,,
-7.913733665480437,998.8977363805567,1.0244548320770264e-08,154.16189335160811,-7.816571693722646e-10,,,
-1.806050984798167,0.6645518193533244,2518.0923131125114,307.7846753039588,-6.095269291336865,,,
-2.4336048795059817,0.9503272792891423,2324.2425700066233,294.84955554154345,-6.053617988263684,,,
-7.913733665480437,998.8977363805567,1.0244548320770264e-08,154.16189335160811,-7.816571693722646e-10,,,
-3.940103874062074,3.314879197576534,853.5909276947212,177.31485320696726,-5.151677598139141,,,
-7.913733665480437,998.8977363805567,1.0244548320770264e-08,154.16189335160811,-7.816571693722646e-10,,,
-3.006196806551737,2.135964428228402,830.0475802890003,175.3325220085787,-5.483279830058547,,,
-4.1134059509737835,2.574892553257072,1686.1326543833034,251.30513139912838,-5.912658871257997,,,
-2.2522330645391944,1.1793272116316988,1276.2224410697052,218.55967741155095,-5.853037247873076,,,
-1.055916348198462,0.8554481087053992,736.4299730204265,163.5657917829707,-5.984918049162394,,,
-3.0929640993388903,0.7740939697140333,6703.819496967945,498.8992055074689,-6.193323019730184,,,
-8.0,16.482955992329565,1021.9939452705679,194.6092810424261,-5.484839460896687,,,
-3.24962276255349,1.6572745972368672,1711.5981471431212,252.63777215753254,-5.863268679274873,,,
-4.463187887831112,3.315005474913356,1440.6373743793238,231.66172545875708,-5.536122361417988,,,
-5.030069833936549,5.6458120133255125,899.094378444925,182.3205389436953,-5.651477076294252,,,
-1.9641931250605493,1.944102991373168,350.00668872660026,111.66360872892216,-5.083425410744335,,,
-7.913733665480437,998.8977363805567,1.0244548320770264e-08,154.16189335160811,-7.816571693722646e-10,,,
-8.0,14.171520252088472,1394.7281904272988,227.59547198969238,-6.179378440915737,,,
-2.443533861318775,0.9912913053814758,2162.4926468666667,285.82089034647396,-5.8298400067705645,,,
-7.913733665480437,998.8977363805567,1.0244548320770264e-08,154.16189335160811,-7.816571693722646e-10,,,
-2.1233732528967217,1.2333335202916689,1026.4967354759235,195.85450613323803,-6.111692246041853,,,
-7.913733665480437,998.8977363805567,1.0244548320770264e-08,154.16189335160811,-7.816571693722646e-10,,,
-2.7274638216934504,3.977803599877749,182.1230487271757,79.01114647871012,-4.447871555226705,,,
-1.7721743941739756,1.1902629048984543,790.357964802372,170.24359595298677,-7.1841972267959715,,,
-7.913733665480437,998.8977363805567,1.0244548320770264e-08,154.16189335160811,-7.816571693722646e-10,,,
-6.096491546101429,5.7108190280299995,2509.2586702024123,307.20787414658724,-5.876906234899999,,,
-0.46488319989043303,0.676228313163425,669.0914557985162,156.31260395033937,-9.091175668707493,,,
-2.708726250561117,1.065940750886654,2405.8693328029335,300.76228813049687,-5.980706690815584,,,
-1.553569872111135,0.5865876522959139,2577.45458580521,310.34593915693034,-9.778313114048807,,,
-8.0,12.9173017542182,1630.348309043264,246.48015558639707,-5.544104012566869,,,
-7.913733665480437,998.8977363805567,1.0244548320770264e-08,154.16189335160811,-7.816571693722646e-10,,,
-7.913733665480437,998.8977363805567,1.0244548320770264e-08,154.16189335160811,-7.816571693722646e-10,,,
-8.0,14.510897950474336,1309.7981425153353,221.08631666674128,-5.6124098360242005,,,
-8.0,25.700795822355264,411.83856428938594,122.0469058803477,-4.835675656518362,,,
-7.913733665480437,998.8977363805567,1.0244548320770264e-08,154.16189335160811,-7.816571693722646e-10,,,
-2.8115932503003083,1.7966051018902731,956.1589443598087,188.13820630736444,-5.373369955938773,,,
-1.6846076672674688,0.8529637660121959,1405.786269171528,229.56586255820145,-8.525178941638345,,,
-8.0,13.288962035741502,1540.4137791324047,239.22838460840129,-5.455356928974696,,,
-7.913733665480437,998.8977363805567,1.0244548320770264e-08,154.16189335160811,-7.816571693722646e-10,,,
-1.2730929472893229,0.804921966662835,1028.5354933581762,194.78159073099798,-6.650385511805507,,,
-5.371990077891965,5.5400614080128605,1282.6641015816429,218.67237105700116,-5.712444407407814,,,
-1.1866714755428547,0.8978412998744606,763.8951440631633,168.69727098639336,-6.193438763729656,,,
-8.0,16.737250944626705,971.0720512185997,189.81383252087977,-5.3417680962194956,,,
-2.6441274681903444,1.51963594716465,1128.3461774528162,202.804237972541,-5.453784705299112,,,
-0.47362796598452117,0.628861363369875,765.7613182623004,168.4219182744697,-7.835866774103383,,,
-4.295471424279154,3.2661091075307924,1277.8249770361024,218.75502506027513,-5.649802570986522,,,
-8.0,29.937539359620118,303.5201659884466,103.97270260570525,-4.612928738454636,,,
-4.273415402610198,3.2970147449319054,1215.828399527288,213.36885575044133,-5.449411355769763,,,
-5.610678385045048,5.742315700645526,1512.7733850876198,237.49390346201935,-5.501111905157054,,,
-4.267119580138196,2.832131068036112,1661.6511051911862,249.4167970952944,-6.022814334632443,,,
-4.148914622605473,4.05971100955935,701.4620326567829,160.44006479085135,-5.166659213208765,,,
-7.913733665480437,998.8977363805567,1.0244548320770264e-08,154.16189335160811,-7.816571693722646e-10,,,
-2.1206781498873797,0.8802102535590427,2019.077876067975,275.32875433210114,-7.594693206930372,,,
-8.0,15.780925961949206,1092.331910321841,201.7220416295745,-5.2805559077576145,,,
-4.141356517713591,3.3088662899424186,1046.525980862596,196.77457205987648,-5.254449016096726,,,
-3.9036887860084826,2.325538055278169,1695.5751794731418,250.77913098462957,-5.731309166125289,,,
-8.0,16.131711016518622,1045.3421189796609,197.21560009167882,-5.258280157135981,,,
-4.6335658474849435,4.060129559290644,1138.7133608543163,205.68987235109824,-5.2977219937191435,,,
-2.637164129894333,1.4186673781238246,1290.2070580709185,218.36364448670173,-5.638197604247724,,,
-7.913733665480437,998.8977363805567,1.0244548320770264e-08,154.16189335160811,-7.816571693722646e-10,,,
-3.0007058138724183,1.887110623589484,1054.1995905938784,196.7950901918833,-5.59806183693523,,,
-5.528274154559182,5.742792423959986,1392.9449896731078,227.71664105318936,-5.399509310539272,,,
-0.5388250687121806,0.5625733838402482,1018.3993169569247,194.57533397804121,-8.300522014298721,,,
-4.752851486902979,3.276238558804609,2009.1742820967418,274.890475183567,-6.413668938813982,,,
-3.6766828930233557,1.197172559022607,5028.959965817671,433.6492195570472,-6.582130030558954,,,
-3.5727907565992787,2.343865231767906,1182.4576104474615,209.25810706792709,-5.493621471235715,,,
-8.0,44.776658187897596,135.68906809422373,67.03784173407409,-4.344846330159071,,,
-8.0,13.692186842930763,1451.0216964591164,232.61954208011537,-5.486775112047432,,,
-3.4821108728688936,2.551143711339141,921.4974861735554,184.40795177092573,-5.59947138888006,,,
-2.073583726478455,0.9434307889389725,1624.206377223167,244.86406039017245,-5.478629171990772,,,
-1.1007239428670612,0.8550499154567166,772.0440012447343,169.67497908766092,-6.8010537741549255,,,
-4.419891346729176,3.2829395984961085,1431.0040954741635,230.7340728635235,-5.829548304223635,,,
-8.0,14.181100197498765,1352.6938608563028,224.93983915263416,-5.390166242012146,,,
-4.731696439429329,3.3157176447848076,1883.8764078322451,266.6211467928835,-5.6159230419168695,,,
-3.7686859685074228,3.2918036935951887,738.0767834615082,164.45780923979802,-5.191648800888768,,,
-4.782913026494246,4.008541515505456,1386.130270888314,226.88722663466487,-5.8707825229117665,,,
-1.9304475047173095,2.2950625468553763,246.48032629476654,93.13913788660422,-4.6641384015031395,,,
-3.685482868767454,2.3168299759542865,1381.6918117307132,227.06951907113412,-5.983573943769936,,,
-8.0,16.359629677366176,1036.7441164004622,196.1904672819957,-5.671177963484961,,,
-7.913733665480437,998.8977363805567,1.0244548320770264e-08,154.16189335160811,-7.816571693722646e-10,,,
-4.087875666514797,2.3440127593538995,1979.159501408074,270.90827211997345,-5.575621288423738,,,
-8.0,15.599537513365851,1146.9363499258266,206.49824775223266,-5.722031815958721,,,
-4.463892669951591,2.1701840761904068,3363.4401714685623,355.5519347714608,-5.845461984295873,,,
-8.0,17.4616180979092,901.9101855154374,183.29855795334754,-5.241448748515667,,,
-7.913733665480437,998.8977363805567,1.0244548320770264e-08,154.16189335160811,-7.816571693722646e-10,,,
-5.329981787204794,5.7114334652964525,1165.9246388018644,208.0314294539157,-5.368002959770122,,,
-4.463631231057242,3.3177385230085368,1439.5180822475866,231.38926215023494,-5.416158699915515,,,
-3.550062911110815,2.1458221643036817,1406.0571809628161,229.09241625768547,-5.756274467499587,,,
-4.081684308675108,2.870693767130367,1311.3671788791216,220.73947909090336,-5.367743863708473,,,
-8.0,14.402892579419333,1340.4306809436525,224.1066486828613,-5.743405387879422,,,
-4.12445109981923,4.011794184925114,715.8473701121047,162.57552779315347,-5.2361795498718715,,,
-3.2706382404000705,2.3437582848296805,873.9797392210703,181.12180337027382,-5.3442916761169,,,
-3.2171584797241732,1.7972929509480942,1433.2294653805336,230.03651670414018,-5.87685738947245,,,
-4.282587306047254,2.843109766975995,1661.6511813108707,249.98003093201572,-6.383210719380304,,,
-8.0,12.908501870365553,1652.1087016907602,248.5714830745744,-5.670997078249761,,,
-3.107312013371712,2.169704576916466,865.6274684321153,178.9813244119243,-5.15785555136889,,,
-3.907546310185166,2.5676791877258247,1377.0657037452768,225.9695107277188,-5.512864179081692,,,
-7.913733665480437,998.8977363805567,1.0244548320770264e-08,154.16189335160811,-7.816571693722646e-10,,,
-1.0032259343434855,0.8084564431851261,783.602400864295,170.3634398543278,-6.665280886338798,,,
-8.0,15.142310322731566,1202.3063940609761,211.40680771133535,-5.448081058015814,,,
-7.913733665480437,998.8977363805567,1.0244548320770264e-08,154.16189335160811,-7.816571693722646e-10,,,
-4.197963397253676,2.3440143519110475,2210.0646160709834,287.13340013134024,-6.0490310182290035,,,
-4.064634930137943,2.863799926034256,1293.3300999862222,219.6132490798904,-5.362471391801817,,,
-3.247880028123498,1.6340430675565658,1800.8183835366024,259.20694208829883,-6.283497737241513,,,
-8.0,15.81247371575292,1099.650068022937,201.9480450415746,-5.4615957737116485,,,
-8.0,10.38507377792255,2522.34978164389,307.1605928169543,-5.8281411181815335,,,
-4.522344375260171,2.1701858070162037,3565.9633897195945,365.0538598542945,-5.873271038873733,,,
-6.045245656188452,5.7420135578483675,2336.4198969500017,296.1971329496588,-5.661222366260742,,,
-3.868161553658138,2.870739159234131,1059.2903494391658,198.54747855762972,-5.3797698288764115,,,
-8.0,17.44855459945989,893.5124880373755,181.90800162682538,-5.177515836933854,,,
-3.018357097124114,1.6490545611216474,1382.8715348292226,225.72036251732905,-5.446270917701037,,,
-3.766985018897939,2.840760543845365,995.3185144131413,191.9079599111712,-5.519052950230718,,,
-3.8940837060290225,1.5921542607435875,3534.2671182034273,364.6675870409118,-6.59004756149592,,,
-2.77475808214508,1.4693022395798385,1373.8995296122284,224.527521042063,-5.616341519238199,,,
-7.913733665480437,998.8977363805567,1.0244548320770264e-08,154.16189335160811,-7.816571693722646e-10,,,
-8.0,12.788282118505625,1693.5100299546923,251.6673465104811,-6.159892669335403,,,
-8.0,13.780566159099772,1432.512838462389,231.70817315350016,-5.837357161601681,,,
-8.0,14.75772171676149,1249.052836689959,215.53861140666183,-5.349536487383847,,,
-7.783903520341964,11.069496697812216,1788.6505899690092,258.76265256553086,-5.894623959687033,,,
-3.1959241441080746,1.3480486722926273,2467.3021638142754,302.1632455549116,-5.9789829089678,,,
-2.140681904013868,4.057999303803098,93.90563910000846,54.25975516140494,-3.947021913604736,,,
-8.0,12.297932992677188,1812.4829182689273,260.0050059714226,-5.598608282189149,,,
-8.0,28.853450043208998,334.3356060378184,109.44897746720709,-4.964923442044995,,,
-3.4752776657790863,1.5777803418432839,2405.1419102273985,300.283947423447,-6.143082602758728,,,
-8.0,17.702126062813473,884.8006642875221,180.69199484896419,-5.350116444531773,,,
-2.361643531294337,0.8999425250354836,2418.8353826773546,302.33760336851145,-5.940433008608543,,,
-8.0,11.466335244253003,2092.6310233042377,279.79866510068365,-6.208926769727772,,,
-3.8258927494064356,2.5542977460833205,1294.1606549193361,218.28179659440804,-5.476680296030321,,,
-3.7884571596944965,2.0034776175861735,2054.4034023321046,277.3225788611837,-6.2386055122301425,,,
-8.0,17.25232688086768,933.3534132772685,185.88135787692673,-5.6159929873190055,,,
-8.0,13.377705550695309,1532.732226387077,239.4976858046039,-5.513800887250797,,,
-2.877200178878776,0.9813987701632474,3378.948022143729,356.89049366010704,-5.894200785295692,,,
-3.287598876051766,4.059530103464449,296.2102307255106,102.56952149677107,-4.598037175876982,,,
-3.9984454793722257,2.8485845970460284,1241.8419717054899,215.95109130303354,-5.695241496203834,,,
-3.971345512633754,2.8480122714321414,1209.3905935288599,212.53056860048252,-5.8014404967712,,,
-3.5083753912806617,2.343435722043734,1109.1747531496933,202.92040057493887,-5.701652014347336,,,
-8.0,18.51826001939553,793.2980464656455,171.24719752303642,-5.473310649043173,,,
-8.0,16.556487388383832,992.4190784558107,191.82076052169666,-5.4691535873219985,,,
-5.037938611975197,4.016971955726417,1773.7541727353985,257.40828029803225,-6.054252815162112,,,
-7.913733665480437,998.8977363805567,1.0244548320770264e-08,154.16189335160811,-7.816571693722646e-10,,,
-2.7131814115171142,1.7817930374111317,893.9216231639457,181.83020891735723,-5.751513279562361,,,
-8.0,11.624914213134666,2013.0201667983777,273.81572556927824,-5.831247133109856,,,
-8.0,20.978857390823094,618.0959032658872,150.7235170844898,-5.108527773566883,,,
-3.546696593306966,1.913759481556517,1727.7323613016563,254.3527038173995,-5.570038502608885,,,
-4.331496466030092,2.535910192087808,2203.7465624696397,286.33324019475066,-6.51692683546363,,,
-5.3017083493749855,5.7422095095659325,1110.666516347909,202.88109553916775,-5.345675486576221,,,
-8.0,12.664512777379596,1716.359828747943,252.7409528774459,-5.75013276334832,,,
-4.4805722972537385,3.2863168137156507,1513.5153104411127,236.98603622630776,-5.853986898354601,,,
-7.913733665480437,998.8977363805567,1.0244548320770264e-08,154.16189335160811,-7.816571693722646e-10,,,
-5.426498536173593,5.741967802773966,1258.3777559524224,216.93751529330402,-5.349147309894559,,,
-3.8254008741454486,2.343951736476732,1522.088968777595,239.02529702932367,-5.445310670652176,,,
-8.0,32.861324675617425,251.91254565034288,94.17452912080611,-4.512521934830466,,,
-8.0,10.047167338429897,2711.710351266733,319.0557735117097,-5.805528381756533,,,
-4.322472977830772,3.315202855173885,1251.3943206511908,215.3606543798565,-5.465086696693282,,,
-3.3470337144771287,1.7310111869626958,1729.0015426732837,254.3902014222693,-5.5104982389580766,,,
-7.913733665480437,998.8977363805567,1.0244548320770264e-08,154.16189335160811,-7.816571693722646e-10,,,
-3.677557440597939,2.3439116458071636,1312.7989813667964,220.86193148691936,-5.430339442825204,,,
-7.913733665480437,998.8977363805567,1.0244548320770264e-08,154.16189335160811,-7.816571693722646e-10,,,
-2.821838365813556,1.8889579726074248,877.539444215275,181.02496637377791,-5.631704130271404,,,
-7.913733665480437,998.8977363805567,1.0244548320770264e-08,154.16189335160811,-7.816571693722646e-10,,,
-3.7113171256847552,2.3439008533071504,1358.0908164247867,224.8671808017023,-5.4450367361258944,,,
-3.637265845055052,2.8448080372493503,869.6256545207284,179.2358745986772,-5.333503122527094,,,
-8.0,14.15929975011128,1356.8897672043415,224.96408725210264,-5.570752629946434,,,
-3.354752139598584,2.8351998805713867,663.9568606742328,156.63529476730295,-5.1968020583996255,,,
-8.0,17.624418022932787,891.0445626922169,181.40709678721007,-5.4736579346781875,,,
-3.340416528931664,2.0297886386006225,1249.1552702644362,215.93529167424492,-5.344034657455747,,,
-7.913733665480437,998.8977363805567,1.0244548320770264e-08,154.16189335160811,-7.816571693722646e-10,,,
-3.8047005074080626,2.1538257600067423,1789.4420296455335,258.53655256888106,-5.699580531759991,,,
-4.587501105558851,3.266889121690157,1681.6081463798696,251.42263779338342,-5.553715774057726,,,
-3.911596320442091,2.8479478637369557,1139.5267675655375,206.22123512364522,-5.532203541921441,,,
-8.0,16.36580671086293,1015.6506914583746,194.42215853523635,-5.244213284101025,,,
-8.0,29.470793425095348,319.0016491068083,106.75317250821577,-4.820614636829692,,,
-8.0,13.471449337331272,1518.8897073213996,237.86987223445988,-5.8658192734059424,,,
-8.0,17.32086038481199,906.7476670643736,183.27248669881521,-5.244421675617532,,,
-7.913733665480437,998.8977363805567,1.0244548320770264e-08,154.16189335160811,-7.816571693722646e-10,,,
-2.9136767074521774,2.3128776464502896,641.958211295629,154.59176910756753,-5.417900328117549,,,
-3.1777240993354527,2.1698715690678916,928.7630927612934,184.30901478476105,-5.193166423993637,,,
-4.126601967044746,2.8707984395367263,1371.576956755286,225.59763934419385,-5.390353140257247,,,
-5.331577648734196,4.03224998420786,2347.9968774800755,297.4818963936677,-5.962816589345613,,,
-8.0,13.242139880058835,1564.1437527089147,241.83383591093968,-5.524028887596969,,,
-7.864372039195685,12.996286283825818,1406.300392372068,229.14917540625842,-5.472844883981811,,,
-8.0,13.456271716310344,1527.6873315630103,238.7863021130679,-5.690641706098493,,,
-2.530133531554097,0.8372506281754283,3260.459645705253,349.799277916168,-5.830366874283151,,,
-3.113150501513527,3.3143685584132063,373.14480853412505,115.80492025742632,-4.7180890011584395,,,
-4.505738547466872,3.2930814634134853,1541.1364704769956,239.91579967701213,-5.5698098959770945,,,
-8.0,15.215703292789382,1201.5682975254836,211.1963631559305,-6.162475918234875,,,
-8.0,14.668380628168887,1264.3149482605015,217.06928185595126,-5.355844949132533,,,
-8.0,29.565558990619028,311.21358032953225,105.376599237765,-4.685939417449129,,,
-3.447736288100032,2.3073017016308164,1106.8697248601093,203.71496945732787,-5.752956619437079,,,
-7.913733665480437,998.8977363805567,1.0244548320770264e-08,154.16189335160811,-7.816571693722646e-10,,,
-8.0,28.302245217641406,339.60749794101724,110.33562071611033,-4.672902926438065,,,
-8.0,14.26235354364621,1337.347243939103,222.93260844893504,-5.5033588051183795,,,
-3.3250513581322307,5.740991703100429,153.8369903381409,71.8637925093165,-4.297359915537483,,,
-3.8330164447199437,2.315642199491598,1605.8249030761904,245.0622478931529,-5.880677714439401,,,
-2.9704790070084934,2.1694597882556717,755.29294523331,167.4807917824934,-5.330759363772641,,,
-2.7944468306013155,1.9988889101698981,765.756573270625,168.95650853700812,-5.440669017407944,,,
-8.0,32.536786739817224,256.9751757378209,95.20747406600539,-4.7021439378473,,,
-4.211232232579835,2.029981314798173,2985.9436730530315,335.89998184906756,-6.083046168596631,,,
-3.1190463547481606,3.2826054234018325,389.1599861184969,118.34363650911025,-4.858462586427316,,,
-2.939233272101661,1.7134165646521804,1192.9326213458587,210.09571430932337,-6.201385787274259,,,
-3.3369833807399214,2.5674662265939,778.0579943308657,168.90210596489916,-5.10016845796933,,,
-8.0,7.5097044896772776,4823.629146658149,425.099241602185,-6.407816170613222,,,
-8.0,13.160985428420743,1570.517300150318,243.06953525172568,-5.46623682168174,,,
-7.913733665480437,998.8977363805567,1.0244548320770264e-08,154.16189335160811,-7.816571693722646e-10,,,
-2.90065048305202,3.281089362068483,313.8323247790024,105.84357121832961,-4.804312528145862,,,
-8.0,15.9565607128222,1089.823019658365,201.1384028133238,-5.517415588478734,,,
-5.019471212515178,4.060172127068849,1675.3200603604498,250.25597497942334,-5.732440394378685,,,
-7.913733665480437,998.8977363805567,1.0244548320770264e-08,154.16189335160811,-7.816571693722646e-10,,,
-4.096313246716848,3.276057527332393,1038.5784456104857,196.176579675674,-5.4256483351774945,,,
-8.0,13.247379574072575,1586.6285230550827,243.23857139705018,-5.947444304649227,,,
-8.0,17.695870631079018,868.7115324442153,179.0739250043998,-5.162457563779606,,,
-4.438328745649486,4.011571143836429,952.0605351513542,187.1685942909236,-5.384316125630323,,,
-8.0,11.200904044935156,2194.570082241496,287.4234008049018,-5.818233089441941,,,
-3.3577015530955427,1.9043768305742657,1456.4359594517957,232.52022748949676,-5.53474195754648,,,
-4.724666837134848,4.025345615781437,1298.0809929610843,219.818018429284,-5.779556435353043,,,
-4.679612270637523,4.060050243168467,1192.421172938075,211.05048456917,-5.567085256409335,,,
-3.746135877676334,2.554073870846201,1195.388116805343,210.52360040236246,-5.680815946505153,,,
-8.0,15.915392798580307,1073.9527501978387,200.31528989843355,-5.332801146552956,,,
-3.33878739958554,1.8033465977847047,1598.736583198361,244.8032767102386,-5.820429445933138,,,
-2.6073765452898265,1.093750769197452,2101.026491905893,281.7434692056249,-5.9937597967129985,,,
-4.393262070546828,2.8708916378047684,1790.848238242083,258.34253247537646,-5.526640218590792,,,
-8.0,16.370839842627714,1015.0547489701034,194.20687106368916,-5.481027460639083,,,
-2.666127790863975,4.058947808148654,158.98993460181723,73.27120363716874,-4.2566903063181645,,,
-1.181154680574597,4.0513061659631875,35.97027905732723,28.963958866862562,-3.3698726338994347,,,
-4.233376120086767,4.020700761063132,790.9943441792861,170.81147260915034,-5.287743671617724,,,
-4.449627585145551,1.066218571239513,13736.837751903067,723.5875393050729,-6.551403072405731,,,
-8.0,25.429031031458827,430.1979975703642,124.82500763517078,-4.916488970707301,,,
-4.639532537145648,3.2746068258991126,1799.9248728340074,259.86708993061,-6.002022028067839,,,
-3.5550695104835057,2.1488249295187987,1406.0571743842397,229.1476388142609,-5.638422752217569,,,
-8.0,17.09732777898712,947.8876909869238,187.4838452653034,-5.386304993674649,,,
-8.0,15.130000060585921,1213.598066908959,212.36788308441393,-5.632104724584171,,,
-3.974223721140451,2.549976715049906,1510.5971380587907,237.6410445205147,-5.675817781043084,,,
-3.6883685590300885,2.029887444028421,1769.4372508251013,256.92857276436166,-5.518885661110958,,,
-3.690158316076571,2.8461580222810547,915.5168686603821,183.72055568410804,-5.483185598599394,,,
-5.289193788474115,4.044497528523013,2226.17335991812,287.93854785083425,-5.6948121668151135,,,
-3.6814121407328875,2.1524206330888265,1585.317471679344,243.32336324286712,-5.69751242227961,,,
-7.913733665480437,998.8977363805567,1.0244548320770264e-08,154.16189335160811,-7.816571693722646e-10,,,
-4.889498856023243,2.329864977253481,4515.6402009599615,411.46769774262145,-6.286620286233284,,,
-7.913733665480437,998.8977363805567,1.0244548320770264e-08,154.16189335160811,-7.816571693722646e-10,,,
-7.760589192850739,17.25922906128087,718.7887691943906,163.0231918537391,-5.128435851322976,,,
-5.690179604593229,5.680241877691039,1706.8114666566075,252.25493740860014,-5.918122790856585,,,
-3.5696847065934794,2.316559715685616,1231.8633211926806,215.30190253972512,-5.629063935880936,,,
-4.581595143206186,5.676974090290478,564.0623454268884,143.67356425436537,-5.175218852559572,,,
-3.8393940863214184,2.871790236425507,1028.8869370290672,195.15773938814368,-5.602824026758632,,,
-4.439509201581171,4.060278251181443,937.8550439140337,186.21529950667625,-5.258231236123618,,,
-4.498197162320471,2.8461519869645757,2057.1954941421595,277.97315763386285,-5.89265958640126,,,
-7.913733665480437,998.8977363805567,1.0244548320770264e-08,154.16189335160811,-7.816571693722646e-10,,,
-7.913733665480437,998.8977363805567,1.0244548320770264e-08,154.16189335160811,-7.816571693722646e-10,,,
-2.1204074203837897,1.1261164624113673,1235.7742572962504,215.75294913227765,-6.0586665341257255,,,
-7.913733665480437,998.8977363805567,1.0244548320770264e-08,154.16189335160811,-7.816571693722646e-10,,,
-3.8942703013129227,2.3333511344548317,1658.6766892251117,247.16471476031515,-5.54304812432727,,,
-7.913733665480437,998.8977363805567,1.0244548320770264e-08,154.16189335160811,-7.816571693722646e-10,,,
-8.0,16.030931821916315,1058.5270557489062,198.30309185210896,-5.264564203712922,,,
-3.7150262615587537,1.3410083819806564,4230.976017159726,397.7687871273763,-6.6538269448161245,,,
-3.527437552948242,4.007637096418286,395.57445382008115,119.21444539241963,-4.869147855746241,,,
-8.0,14.884313818784744,1241.08618456211,215.14832752226755,-5.645247525890669,,,
-1.6980940960554942,4.056717204783101,60.23397933860438,41.14416563171076,-3.773789806668987,,,
-7.913733665480437,998.8977363805567,1.0244548320770264e-08,154.16189335160811,-7.816571693722646e-10,,,
-8.0,13.83835726028242,1448.119139644944,232.48274033765168,-5.8442428184361574,,,
-3.6846544480974113,4.061279578311801,440.5004082527354,126.39802603441186,-4.8082997292629726,,,
-7.913733665480437,998.8977363805567,1.0244548320770264e-08,154.16189335160811,-7.816571693722646e-10,,,
-3.474054330144497,2.0082870827360044,1486.6279979689048,236.2820860323622,-5.720422259825065,,,
-3.926045555514755,2.567673009800044,1403.1898388399172,229.9530846207006,-5.763683138044221,,,
-8.0,10.824052528725836,2322.6541581692663,295.32219922544806,-5.965911168499391,,,
-3.3789767657418412,1.7235921958522873,1814.3737437908796,259.18866451365614,-5.587741005178095,,,
-3.5728110155677215,2.151006609005037,1425.2132344097865,229.23164306151594,-5.820010898148577,,,
-8.0,30.92520430579852,290.6165777734062,101.61320058033392,-4.708696864147794,,,
-8.0,26.952516376101137,383.4516630860708,117.63459929995362,-4.856290217041956,,,
-7.913733665480437,998.8977363805567,1.0244548320770264e-08,154.16189335160811,-7.816571693722646e-10,,,
-8.0,16.621520844441736,1009.8816814148473,193.6080640831733,-5.597375840684363,,,
-8.0,80.43295120736909,44.205386332136044,33.49059863312278,-3.481212787510953,,,
-8.0,11.682757760610441,2008.2800250244866,274.31202186976344,-5.710796760101737,,,
-3.443412127303485,2.343837687249672,1038.5865336105562,195.9435812206383,-5.25071869461679,,,
-8.0,24.723262593798065,453.07447726861903,128.22132250540338,-5.063164619239853,,,
-8.0,29.56401689004455,311.2492128985635,105.38489265342194,-4.745481775001356,,,
-8.0,44.35195432374513,138.2907325571592,67.76131702116403,-4.177185840566178,,,
-3.715359800304302,2.5676375723265332,1136.172126402814,206.13362140557396,-5.419435379134558,,,
-5.473523474118407,5.740149559361495,1319.8813653029204,222.01818079680868,-5.675138969451486,,,
-3.6883623645425865,2.0298791099441025,1769.4372350755539,256.92126081829025,-5.579677952122859,,,
-3.911301814936958,2.343982425310756,1658.6767126600407,247.17270432955684,-5.486337978291109,,,
-3.5123686263825604,2.346911944629107,1126.052606166912,204.75525737424132,-5.408216797566433,,,
-8.0,13.986473958600383,1390.6023983283353,227.7406074957934,-5.404612027354776,,,
-7.913733665480437,998.8977363805567,1.0244548320770264e-08,154.16189335160811,-7.816571693722646e-10,,,
-7.913733665480437,998.8977363805567,1.0244548320770264e-08,154.16189335160811,-7.816571693722646e-10,,,
-2.372824202822465,3.267909188053619,187.3331961867199,80.23122872573072,-4.463159460259116,,,
-3.2995614627678407,3.253127384446503,481.3564399961597,132.84944439530938,-5.563888892959304,,,
-3.3042531850125054,1.815486083631506,1505.9457386833335,238.32680797964085,-5.747555368045614,,,
-5.604483306644154,5.713082246958563,1531.5721219814475,238.64823919106584,-5.625071026579236,,,
-3.909463885225009,2.1611474989974644,1961.9527875897356,270.5353428999114,-5.630706350451176,,,
-7.913733665480437,998.8977363805567,1.0244548320770264e-08,154.16189335160811,-7.816571693722646e-10,,,
-3.175056898059175,1.6572647289129956,1587.9217821145303,242.5038414665011,-5.465681010768056,,,
-2.172429536967509,2.139370489215994,357.442514391301,113.55009523197504,-4.806597820505385,,,
-8.0,24.69959835046443,445.9023407088549,127.11910208179016,-4.8768117462993334,,,
-7.913733665480437,998.8977363805567,1.0244548320770264e-08,154.16189335160811,-7.816571693722646e-10,,,
-7.913733665480437,998.8977363805567,1.0244548320770264e-08,154.16189335160811,-7.816571693722646e-10,,,
-2.812070931926812,2.8702171084898462,368.0283650210492,115.44277179949151,-4.714202637437339,,,
-8.0,31.59310000725204,272.5432612150357,98.20900875321355,-4.737500571333075,,,
-8.0,15.922469149241348,1107.836738930512,202.94190881971696,-6.004582822887128,,,
-2.8132982565518594,1.6305197424970028,1175.0899360425399,210.53963719111925,-5.826965428093305,,,
-7.913733665480437,998.8977363805567,1.0244548320770264e-08,154.16189335160811,-7.816571693722646e-10,,,
-4.25495859530244,4.006075903312269,819.5284860777471,173.63017702002077,-5.4224583154232215,,,
-7.913733665480437,998.8977363805567,1.0244548320770264e-08,154.16189335160811,-7.816571693722646e-10,,,
-7.913733665480437,998.8977363805567,1.0244548320770264e-08,154.16189335160811,-7.816571693722646e-10,,,
-7.913733665480437,998.8977363805567,1.0244548320770264e-08,154.16189335160811,-7.816571693722646e-10,,,
-7.913733665480437,998.8977363805567,1.0244548320770264e-08,154.16189335160811,-7.816571693722646e-10,,,
-7.913733665480437,998.8977363805567,1.0244548320770264e-08,154.16189335160811,-7.816571693722646e-10,,,
-8.0,13.736280164836481,1454.738153116789,233.04450630232657,-5.546835656078903,,,
-4.3311304753788065,3.2970352905331564,1287.8667166112712,219.16797763518045,-5.657262279146516,,,
-7.913733665480437,998.8977363805567,1.0244548320770264e-08,154.16189335160811,-7.816571693722646e-10,,,
-7.913733665480437,998.8977363805567,1.0244548320770264e-08,154.16189335160811,-7.816571693722646e-10,,,
-3.979884893220228,2.5458854405551485,1528.152519868831,239.01073336671422,-5.859458449320797,,,
-7.913733665480437,998.8977363805567,1.0244548320770264e-08,154.16189335160811,-7.816571693722646e-10,,,
-7.913733665480437,998.8977363805567,1.0244548320770264e-08,154.16189335160811,-7.816571693722646e-10,,,
-7.913733665480437,998.8977363805567,1.0244548320770264e-08,154.16189335160811,-7.816571693722646e-10,,,
-7.913733665480437,998.8977363805567,1.0244548320770264e-08,154.16189335160811,-7.816571693722646e-10,,,
-7.913733665480437,998.8977363805567,1.0244548320770264e-08,154.16189335160811,-7.816571693722646e-10,,,
-7.913733665480437,998.8977363805567,1.0244548320770264e-08,154.16189335160811,-7.816571693722646e-10,,,
-8.0,124.57175362947045,17.451886676826646,16.556334627933104,-2.4644160391358363,,,
-7.913733665480437,998.8977363805567,1.0244548320770264e-08,154.16189335160811,-7.816571693722646e-10,,,
-7.913733665480437,998.8977363805567,1.0244548320770264e-08,154.16189335160811,-7.816571693722646e-10,,,
-7.913733665480437,998.8977363805567,1.0244548320770264e-08,154.16189335160811,-7.816571693722646e-10,,,
-7.913733665480437,998.8977363805567,1.0244548320770264e-08,154.16189335160811,-7.816571693722646e-10,,,
-7.913733665480437,998.8977363805567,1.0244548320770264e-08,154.16189335160811,-7.816571693722646e-10,,,
-7.913733665480437,998.8977363805567,1.0244548320770264e-08,154.16189335160811,-7.816571693722646e-10,,,
-7.913733665480437,998.8977363805567,1.0244548320770264e-08,154.16189335160811,-7.816571693722646e-10,,,
-7.913733665480437,998.8977363805567,1.0244548320770264e-08,154.16189335160811,-7.816571693722646e-10,,,
-7.913733665480437,998.8977363805567,1.0244548320770264e-08,154.16189335160811,-7.816571693722646e-10,,,
-7.913733665480437,998.8977363805567,1.0244548320770264e-08,154.16189335160811,-7.816571693722646e-10,,,
-7.913733665480437,998.8977363805567,1.0244548320770264e-08,154.16189335160811,-7.816571693722646e-10,,,
-7.913733665480437,998.8977363805567,1.0244548320770264e-08,154.16189335160811,-7.816571693722646e-10,,,
-7.913733665480437,998.8977363805567,1.0244548320770264e-08,154.16189335160811,-7.816571693722646e-10,,,
-7.913733665480437,998.8977363805567,1.0244548320770264e-08,154.16189335160811,-7.816571693722646e-10,,,
-7.913733665480437,998.8977363805567,1.0244548320770264e-08,154.16189335160811,-7.816571693722646e-10,,,
-7.913733665480437,998.8977363805567,1.0244548320770264e-08,154.16189335160811,-7.816571693722646e-10,,,
-7.913733665480437,998.8977363805567,1.0244548320770264e-08,154.16189335160811,-7.816571693722646e-10,,,
-7.913733665480437,998.8977363805567,1.0244548320770264e-08,154.16189335160811,-7.816571693722646e-10,,,
-7.913733665480437,998.8977363805567,1.0244548320770264e-08,154.16189335160811,-7.816571693722646e-10,,,
-7.913733665480437,998.8977363805567,1.0244548320770264e-08,154.16189335160811,-7.816571693722646e-10,,,
-1.907764923208573,1.9126931350722636,334.5316527629727,110.17198281776153,-4.664027643375284,,,
-7.63442464897287,15.880024007358202,757.3454525340348,167.8457334490318,-5.156721290314159,,,
-3.576423828518805,5.662802721062305,208.03764517868433,84.93552873673472,-4.584006158925098,,,
-8.0,28.234125637355756,347.29093924294983,111.70485504612638,-4.805181318730909,,,
-2.5650859519880767,0.7012496958494417,4813.530026091277,426.5056974358194,-6.213660639526431,,,
-2.60436384491932,0.5044472107281792,9707.424565328758,606.9341661281329,-6.410945274680371,,,
-3.6147947463754346,5.741119682576977,205.49201719767532,84.36121051985488,-4.400200659189045,,,
-8.0,10.860815137842694,2330.38502641007,295.28442685260575,-6.086585212486326,,,
-8.0,26.99945562077202,373.172330104016,115.93872967300122,-4.7228321472825705,,,
-8.0,34.1050269954574,233.8746446999751,90.46610950350434,-4.472026689670211,,,
-3.8564151266940456,5.652180473434918,277.64909159223623,99.18268150227293,-4.681362906689844,,,
-8.0,19.85621369339087,689.9750133932324,159.4009962676215,-5.103698820446638,,,
-4.306732901113893,2.3354812432689824,2497.85131404335,305.8686974804266,-5.752553204416937,,,
-8.0,26.111901703626046,398.97171697873165,120.05760753720159,-4.758124600857437,,,
-8.0,16.814861405243107,962.1466812926394,189.07566962906796,-5.33518493244138,,,
-8.0,28.522408692254743,334.38570117154563,109.45331540914697,-4.664761529992654,,,
-8.0,12.155690039488833,1869.0552832799729,263.75090176168027,-5.793600927199667,,,
-8.0,8.141293007176124,4141.972670077343,394.1854398365506,-6.262436328338417,,,
-4.703123394381256,2.870974562656485,2441.4919581397517,302.7100843532025,-5.683548106617175,,,
-8.0,45.65409472335553,130.51487174594013,65.57829840929661,-4.143538315831967,,,
-8.0,19.96407986515162,682.5284440902333,158.4838055854575,-5.0383260539146795,,,
-5.5067365656315586,4.06000486253166,2727.205955701092,319.80356039482024,-5.741097543508246,,,
-5.0226738119994785,2.854383802680103,3433.4566052200335,358.2162573861288,-6.448745890278758,,,
-8.0,9.03644131774219,3331.3827886976683,353.05963360786603,-5.851888706233354,,,
-6.32567769902528,5.742201427473067,3092.6405881592354,340.77523468549975,-5.802807878834969,,,
-8.0,25.541058555082728,417.00541973355644,122.84302637660839,-4.781433431319078,,,
-8.0,21.66717853337124,579.4480370517529,145.66636400854597,-4.953397344840271,,,
-3.8574787421279058,2.3288584986495486,1610.5604613648018,246.13301879510274,-5.592120751349803,,,
-3.3319101783616394,2.1289448930206643,1161.7058160470763,208.38622012901186,-5.9474172017292,,,
-8.0,32.86560995778104,251.8466151719471,94.17125070616333,-4.573314631572562,,,
-8.0,37.091143567859255,197.7330650210813,82.60960655379282,-4.379674617492807,,,
-8.0,35.97779789982693,215.83895743468833,86.63801527059235,-4.606565158232988,,,
-8.0,35.7198865445673,213.20597873092643,86.06858337972648,-4.421351755976542,,,
-8.0,27.48081941337184,360.21399652426913,113.79575015101187,-4.76500344058315,,,
-4.46301341653032,2.3440544097500617,2880.434316893482,328.22211545366054,-5.765346059386588,,,
-8.0,9.75324754677789,2859.7034721325163,326.74029141200106,-5.7728963520851275,,,
-8.0,45.65409472335553,130.51487174594013,65.57829840929661,-4.143538315831967,,,
-8.0,41.37075074325956,158.93975070600143,73.26326072385716,-4.257223218726666,,,
-4.907281870725324,2.856775686775777,3050.027562086905,338.90953764192477,-6.1504649902048225,,,
-4.809581324183752,1.4787235720647915,10283.45625375671,629.4628725966536,-6.520591903948185,,,
-8.0,31.744281824394676,269.95240547202457,97.71150682858175,-4.549991804472605,,,
-4.755345506375593,5.741619825236039,643.1528421300064,153.35020276567215,-5.003762257101631,,,
-6.13423029020846,5.742044825887841,2553.955025389187,309.52386766043463,-5.825511969890805,,,
-8.0,9.529102936850592,2995.8401585670586,337.04722366398477,-5.858116767526327,,,
-3.4675552759750214,5.73825157378073,177.62797192816106,77.76752961092895,-4.4972762800837645,,,
-8.0,31.5886372329027,272.61933869629536,98.24409036184919,-4.555123532018235,,,
-8.0,33.005875874370936,257.06284275061427,95.20801106714592,-4.642564554959253,,,
-3.8939255088540587,1.5344808305513002,3803.5891549272837,377.0556608496898,-5.905666303377413,,,
-4.754087564285436,2.5678323474997393,3211.550640771214,348.0543280899164,-5.822186715180397,,,
-8.0,33.7350728479093,239.03156249804493,91.52833115148528,-4.483934080365846,,,
-8.0,10.843732563245505,2313.4597318690353,295.1610628313389,-5.6658809107128665,,,
-2.0274046435329023,4.057778313933379,83.8198905077681,50.67590162735139,-3.873241866641576,,,
-3.4168556731037336,1.4823678538624243,2528.3688310181496,310.35395126172347,-5.704951231649953,,,
-7.670498500510082,10.621029152863242,1734.5760200321674,256.8226867096543,-5.70933613968449,,,
-8.0,17.754475047151,862.9856201984633,178.85600312117967,-5.1593856615027915,,,
-3.606136184540988,1.8155658317045802,2037.0948954970077,276.97166901002606,-5.597353667525268,,,
-3.0674496648437635,2.312313849517708,750.0911535001246,166.95897463144027,-5.559396277477643,,,
-8.0,26.45550841578226,388.67497972597823,118.41727178833331,-4.7443035593618665,,,
-4.266344087948587,4.059986937094922,788.7745942073016,170.14151881756115,-5.169346759891403,,,
-8.0,13.54846053935365,1509.4067743400933,237.7800492908453,-5.865188469474228,,,
-4.15317415015724,2.0229692687517233,2853.8164204696504,327.7897890250553,-5.820053232320007,,,
-2.8576237268976494,2.567220806105395,481.5088310004152,132.7585851401585,-4.855172594947824,,,
-2.0738412520798293,2.8692439984117866,175.78479438378585,77.76557247224416,-4.377247116049257,,,
-8.0,22.00099839019853,561.9974456732107,143.29475859821918,-4.936954368099909,,,
-8.0,18.0541369000937,834.588704095158,175.67256983343947,-5.201720700131244,,,
-8.0,23.633011905599112,494.2653011337149,134.23161315060563,-4.930161190241325,,,
-8.0,18.637576045910375,783.1419093205486,170.03443134469046,-5.109309199987273,,,
-8.0,27.288366261237982,365.31226250669334,114.65563343300296,-4.711742784184054,,,
-4.851132440539264,5.741814780011595,707.7898473429301,161.53841359244686,-5.054905277609801,,,
-4.854635369765668,2.567850605901562,3551.4696432796713,367.4414380220873,-5.931942508193349,,,
-3.8376204920649277,2.5676461537203075,1284.3493440853786,220.13148860606574,-5.6031006120450195,,,
-8.0,9.361908671936783,3103.778205293021,342.8982088943666,-5.818645419485725,,,
-3.622313583265417,1.646981494190992,2544.1727571541364,309.38872455910126,-5.875050830514052,,,
-3.2619837021648874,1.7309799462340387,1587.921719042783,242.68324316090846,-5.464485309296867,,,
-6.257970437708293,5.741441156241518,2890.678510875406,330.3472505154195,-5.950908095309757,,,
-3.6147947463754346,5.741119682576977,205.49201719767532,84.36121051985488,-4.400200659189045,,,
-8.0,9.539734711966451,2989.144368596905,333.55522630773254,-5.795393404620353,,,
-8.0,9.835878678336893,2811.8569563735023,324.2074824015236,-5.766257884255005,,,
-4.788195801461927,2.870301671047487,2659.17552817672,316.6033414335096,-5.72687137874179,,,
-8.0,25.504764235713466,424.8741327024208,124.04197762644833,-4.85061542404805,,,
-5.54758393961284,4.060063097223678,2840.870955451244,328.11092821469,-5.762198585215366,,,
-3.296320285943295,5.623464645678259,161.53496363032633,73.92407702484094,-4.3823258233809215,,,
-8.0,13.75908358056264,1436.946133263701,231.68164859132878,-5.4214172978186905,,,
-8.0,17.124114747219128,927.6907879171243,185.253918625423,-5.196447222368894,,,
-8.0,52.482198606178834,102.03900166208615,56.86431719593162,-4.055793256391492,,,
-3.67260737167966,4.059742560827682,435.5426252669318,125.61859510151275,-4.861668118806346,,,
-4.079877246120704,1.9028296579886916,3010.150397312062,335.563182641127,-5.959931122026135,,,
-8.0,10.356068769554875,2536.4692913438053,310.7045675033526,-5.715571776720303,,,
-8.0,13.07990417156258,1590.048604335844,243.47110713872848,-5.473788881210165,,,
-2.6117505804066727,3.2734506682343327,236.40061105789636,91.01438457425104,-4.532357882916276,,,
-8.0,10.834225039124213,2341.0069018019717,296.67438802962,-5.908495490006394,,,
-5.542872963526409,5.696468563032834,1458.1718738687457,233.2127989499044,-5.66173368906653,,,
-8.0,31.301403043181885,277.64649775856424,99.2035821384838,-4.626024381465552,,,
-4.591433112592184,2.8708371664527372,2183.5483849940656,286.4195066707528,-5.625876311368888,,,
-4.17847511853368,1.9015442604201966,3330.3225273260427,353.1323161110592,-6.129473897243175,,,
-4.102258068885595,2.029970262213838,2677.13355485033,315.9070208435423,-5.729430783402715,,,
-8.0,26.55037258925896,385.90244616222276,117.98964896329036,-4.740788638248207,,,
-3.619793879864248,1.7959620337464401,2150.662768366868,283.20475279001874,-6.262417937650567,,,
-8.0,9.966498385433347,2738.6360160822037,319.88420966745593,-5.752980495472404,,,
-3.9865525900049,1.9138501988524632,2682.9575059045897,317.2776136154659,-5.909893101814513,,,
-3.8080562436692795,5.740482854586234,249.37463147321165,93.64196283252538,-4.506024786788213,,,
-3.699923914253168,5.677599425353237,233.8956972149476,90.4301450746043,-4.529235639155465,,,
-4.782825588705982,3.2918179354325723,2036.5587715322274,276.9687555479731,-5.770367341817595,,,
-8.0,9.55808663265389,3008.468329199374,337.2595775874005,-5.980480395411874,,,
-4.0466498365741685,5.7426380820866445,316.45730929586466,106.29608410980052,-4.634022465685913,,,
-8.0,9.774393499902375,2847.343377575321,328.0166634583225,-5.774149292570497,,,
-8.0,10.134674860893044,2648.4986087182538,315.50612773033333,-5.734154619847466,,,
-7.979207605031682,9.703296698093784,2830.630161190871,326.088297685374,-6.1288191820338875,,,
-8.0,48.640409370326914,114.98100794824234,60.9767424374939,-4.068600635431611,,,
-4.842011879859979,2.861100194237793,2842.002593116584,325.89717465524825,-5.817417274034926,,,
-8.0,30.464042104980553,293.1191088711997,102.08420986166226,-4.594390352428672,,,
-8.0,28.852749937916602,326.7721127106328,108.0732692142849,-4.6522960355402025,,,
-8.0,12.996484326247437,1642.712556785334,247.99720084819253,-5.845676893416273,,,
-8.0,64.44674482515283,65.49576469399916,43.4127788652658,-3.7105146077461084,,,
-4.327704133647072,2.833759213821023,1760.1033974048264,255.89124360950305,-6.167048190449428,,,
-4.069066437214786,5.741597120935032,323.7851480603631,107.64572359438414,-4.706430429509056,,,
-3.564069021737556,1.8155600091048396,1953.1187022465342,269.49549135161504,-5.57064368395375,,,
-4.6579953079372025,2.5675239985443,2918.3719843728927,329.16036072756117,-6.2502156407920655,,,
-8.0,53.011484339032435,96.80543561129848,55.14659666228829,-4.023677833913304,,,
-5.071487361627419,3.3151006430469794,2646.8751710276197,313.7514171702244,-5.722964180374157,,,
-4.250841873863372,2.335227577422676,2362.9580673023843,297.4800962585328,-5.724724709781081,,,
-4.153732137610101,5.7370712090831155,352.69955076289915,112.37741777118674,-4.691408496749332,,,
-4.65363398960939,5.741862506024301,580.905024531951,145.69906619327014,-4.951318029345459,,,
-8.0,39.474074655034,174.58014492197682,77.14029219560109,-4.309843875955801,,,
-8.0,34.296782696573835,231.27244970437076,89.92424224442304,-4.525507692769442,,,
-8.0,20.55560663325451,643.8117113023903,153.8772869595513,-5.0081280937503765,,,
-8.0,35.7198865445673,213.20597873092643,86.06858337972648,-4.421351755976542,,,
-4.395055783417364,2.85207832850683,1837.4078718895046,260.7018475121249,-5.833143431545481,,,
-6.409824202033271,4.060286403772688,6728.445026856183,503.5495506199111,-6.194067378713148,,,
-4.598339131339195,2.5432665940982964,2847.694543512935,326.28632310706723,-6.469073888563603,,,
-8.0,64.44674482515283,65.49576469399916,43.4127788652658,-3.7105146077461084,,,
-2.7737945926587506,4.059175864864624,177.08714668516743,77.76616356521427,-4.317495434120868,,,
-8.0,10.315851184828901,2572.7223451344994,311.10589370498826,-5.7814330886627445,,,
-8.0,11.752554907226186,1969.5327634620287,271.62735728817535,-5.820570351045217,,,
-4.616242239793742,2.5550000538213307,2850.6252568603304,324.9924750365359,-5.935658988549066,,,
-4.38995509932343,3.2867720672874667,1382.6760727947387,228.09514470878432,-5.577193700969778,,,
-8.0,33.73747070708649,238.99839133400124,91.54326933587836,-4.54472649543334,,,
-5.971447345556513,5.7420626867354745,2170.270644314586,284.24039624346796,-5.743333425497262,,,
-3.4321166429076957,3.3065834773379628,515.1349605954065,137.13641095574695,-4.890136341504895,,,
-3.613955771738337,5.740239352270893,205.48862041733338,84.36014918566158,-4.520479431102678,,,
-8.0,10.652425385910655,2433.0538626545285,301.5341985274342,-5.988433823380257,,,
-8.0,37.091143567859255,197.7330650210813,82.60960655379282,-4.379674617492807,,,
-8.0,31.294893247065904,277.76164340688314,99.1871815158472,-4.565231815682961,,,
-8.0,37.84760733477108,189.9075594900638,80.82871573670504,-4.357461076210593,,,
-1.777039469997353,1.56297226945356,453.5517103452582,128.66646007334685,-5.278078225490253,,,
-8.0,9.481390245023844,3026.045544445164,336.07778249952514,-5.802904474938688,,,
-4.794356720887915,3.3115960982818087,2008.9269070021792,273.5310761273384,-5.5839595651994465,,,
-8.0,46.11131618938402,127.94465998393235,64.82387354584435,-4.19134351584065,,,
-8.0,10.270425883890953,2595.457386300314,311.7623170067415,-5.783516627942044,,,
-8.0,25.943020471320025,404.18345419668157,120.85172776020087,-4.764895498112206,,,
-4.435993910520485,2.5677867602503928,2336.347311862548,296.75696857022297,-5.6624359954900365,,,
-8.0,12.945182373292566,1623.3157171531946,246.24642057354905,-5.4844631295537125,,,
-3.6073932909467388,1.4727422825617353,3136.05210448913,342.84989398549067,-6.035449584698522,,,
-8.0,40.38854757254538,166.76390269734804,75.24132725499996,-4.284223265171093,,,
-8.0,13.17476566097811,1567.6165944599466,241.9041811202236,-5.58571830401431,,,
-8.0,23.520180395115904,491.7432791340016,133.9038374280674,-4.867917204696354,,,
-8.0,9.214578364675928,3270.6755120846074,349.10043889468636,-6.615274879249105,,,
-8.0,26.721013852153924,380.9898257631709,117.23103285933826,-4.73368283824733,,,
-8.0,9.085853733100437,3332.6693545079434,352.7166218620496,-6.089229412438844,,,
-4.467326623199988,2.56781681282845,2410.698663179788,301.0407605210578,-5.677126888330712,,,
-8.0,12.364432897358897,1779.4291945037648,257.6715814366874,-5.827923934475335,,,
-4.512551484143666,3.3150027472396353,1513.3798340173228,237.69797543905074,-5.565315110798972,,,
-5.203417588334027,4.060178636119952,2013.570499955377,274.6955350326095,-5.645823790272852,,,
-3.956294492236776,2.3337813293326017,1763.8539277007394,257.4068626929805,-5.5772456715975025,,,
-8.0,124.57175362947045,17.451886676826646,16.556334627933104,-2.4644160391358363,,,
-8.0,12.50252420610432,1759.5272704656177,257.1843400365485,-5.644799636436437,,,
-5.316945211413877,5.741929956757669,1127.7944675788156,204.39796436003562,-5.2930959780069555,,,
-8.0,45.20854279090709,133.09983906514282,66.2911097084826,-4.1550069749241825,,,
-5.669932069169684,5.741992783736066,1605.2495873220673,244.4848846008842,-5.471968302392284,,,
-3.36399477250901,2.309718392354476,1013.2641660081624,193.80047151549775,-5.7033789590883295,,,
-4.2296135423212915,1.7311792449484105,4181.218807091211,397.0172409410129,-5.955502482804372,,,
-8.0,42.41482862926597,151.21642117915746,71.24671651926221,-4.2882280200956995,,,
-3.712544511666151,4.059854855565636,453.18013564055514,128.0870473909106,-4.8206199261941824,,,
-8.0,11.241437574049588,2152.680450699605,283.93204868954524,-5.688119740522024,,,
-4.719384098061355,2.870422740796749,2482.6985952210016,305.0106376196892,-6.053449058067198,,,
-8.0,56.96814458655993,83.82114360279968,50.58209871623189,-3.8734522228231616,,,
-5.532484871008815,2.8709889529522155,5596.351513496826,461.6943176575167,-6.099883500657202,,,
-4.939903260777773,3.3147161454141405,2320.952565475513,294.5678927730339,-5.715934130116381,,,
-8.0,25.001835908895142,435.1870764028786,125.59577402757891,-4.803710491592113,,,
-4.528625008325872,5.741751569525737,512.6363113633646,136.51729760535497,-4.8874951779920615,,,
-8.0,9.877513527900302,2788.2022293119817,324.6539250988278,-5.76203196366391,,,
-8.0,9.716411566117882,2927.8347213609836,332.067196451538,-6.204189732780643,,,
-3.794404786070049,4.060132875522482,491.8211950827475,133.85136622174466,-4.8661260854787365,,,
-8.0,35.7198865445673,213.20597873092643,86.06858337972648,-4.421351755976542,,,
-8.0,20.38856727167515,654.4234730089029,155.01688634262635,-5.194987698140901,,,
-8.0,10.254158323943754,2587.173917114637,311.4573487815678,-5.9011347043496505,,,
-5.289719165918679,4.0601736227060785,2194.9862606565457,286.4426961721892,-5.630216652630173,,,
-5.0990647692556035,4.007407678610307,1904.634646306738,267.51638699355516,-6.151228756055283,,,
-6.057753577468801,5.732795259342367,2371.007297515948,297.38637797209657,-5.788031502292327,,,
-5.598703378713925,5.7151686427316415,1521.5917874018235,238.63170843977048,-5.504240119637414,,,
-7.918653980617997,18.319470692864396,747.2657005167566,166.35492147454278,-5.206150632454445,,,
-7.884393403629737,10.36971053274381,2253.6564234192483,291.0924843007982,-5.952899784552956,,,
-8.0,56.10515496354752,86.42406360645016,51.52036675328816,-3.952489826629817,,,
-8.0,44.24903688845557,143.46457083004415,69.1622168777799,-4.317481258257113,,,
-8.0,20.841814073008205,626.2508558268203,151.58893468025838,-4.993396554055,,,
-4.298373351005111,6.308974803423459,360.06687015946954,113.36025395835028,-4.699522548400491,,,
-6.457110313437211,5.74195550420255,3527.260643206501,362.73910824042827,-5.8679171774089784,,,
-3.9441744436617396,2.326303889332657,1763.8539199247257,256.7442544556356,-5.693108493943146,,,
-8.0,9.174795652273469,3231.7002621890983,349.04006451889285,-5.9559233882209925,,,
-8.0,15.337340883192496,1156.4298356229715,207.45331881733225,-5.30996712187274,,,
-8.0,41.37075074325956,158.93975070600143,73.26326072385716,-4.257223218726666,,,
-3.8963069013578884,2.3331347170119083,1662.652142327403,248.40040421130126,-5.665623791230609,,,
-8.0,13.050677030169231,1626.4127414422478,245.74497689946287,-5.781248024528627,,,
-8.0,15.305610648404532,1172.3270921716914,208.73040599233215,-5.376274153646808,,,
-8.0,10.758183470615752,2372.7248503042233,298.16994516333125,-5.796206186139382,,,
-5.97031283590532,5.716007438746804,2201.773532687815,286.650405937009,-5.689927540741851,,,
-8.0,11.8698876161412,1951.9252484023236,269.97939884493434,-5.756219636436718,,,
-8.0,10.332356434790734,2548.1459366894346,309.25678232062853,-5.775532706132384,,,
-4.841506918907076,4.060197011260693,1402.2326564287237,228.8881000932172,-5.8200302942858055,,,
-8.0,10.114832382035166,2692.538707753709,318.62666893672,-5.9816315075976885,,,
-4.37908212324382,3.314996218621718,1324.2308054193322,222.26282968206007,-5.3755295929751625,,,
-4.984708096128433,3.302884499603299,2460.874826536091,303.138129086161,-5.7454654002731385,,,
-8.0,10.03614219756368,2700.759739955989,317.7708934950536,-5.743352024117654,,,
-8.0,29.199608247216858,319.05483453947403,106.76012009117215,-4.639513560381003,,,
-4.595016442447919,3.314962610018503,1643.5382802521651,247.5821626162794,-5.4840281598623815,,,
-8.0,33.37901834017226,244.16843592692973,92.58896009737441,-4.614650233644753,,,
-8.0,62.01133038161787,70.7415916443983,45.56610359152831,-3.7626952805922778,,,
-8.0,30.192210341200802,298.4212062217634,103.03580808383387,-4.603745175500749,,,
-8.0,37.10361378551818,202.86524100832827,83.79341517320744,-4.513009096145959,,,
-8.0,11.782647722861034,1988.356335906285,272.1499915861673,-5.824083514341386,,,
-4.06353152765346,2.567826720033301,1609.5392224059851,243.70086977677792,-5.470440021658028,,,
-8.0,33.378399026601016,244.16782053355305,92.59956391870891,-4.49556540187171,,,
-4.0614830433873985,2.029963180474982,2570.3304816203245,312.32649936613734,-5.7741500504201815,,,
-3.1639480344260433,3.3064819468487525,393.86509190743044,119.23740858926811,-4.749861299474044,,,
-4.706659151191344,4.0367799113643965,1250.808922820357,216.49458293910862,-5.642358749341466,,,
-8.0,34.66236896451375,231.34457161665642,89.94239474191802,-4.525485186712885,,,
-8.0,28.631942565374963,331.83160060912047,108.97300822861295,-4.660640557524917,,,
-2.9152669501017727,5.740591333020938,102.02285849309568,56.870884081634244,-3.9959125610389514,,,
-8.0,11.720329132154001,1980.3585564587706,272.5463137741323,-5.643555902293045,,,
-8.0,36.389460053149705,205.43782486920426,84.35877287669365,-4.460488469180384,,,
-3.477238131443786,1.9051140571941643,1639.2624791183764,248.20169737881182,-5.537108052252709,,,
-2.8297259082071977,4.058820631060064,187.4158854631051,80.39812984370636,-4.408705746345127,,,
-3.3779325659660175,2.8287088447628816,684.8904627040905,159.22057105277298,-5.4480241362705595,,,
-8.0,37.091143567859255,197.7330650210813,82.60960655379282,-4.379674617492807,,,
-3.517184082547791,4.0596542273470355,372.72541659444533,116.32519789573671,-4.782282873285318,,,
-8.0,13.54913015177321,1494.3517647244041,236.0407395881292,-5.500717306764308,,,
-8.0,21.568156610508755,585.3110813852303,146.35627288110825,-5.13913365993338,,,
-4.196390467256279,2.8572977093204637,1497.246817714374,236.5347335630801,-5.4958424787280205,,,
-3.631067676847659,4.0596746549158595,417.719827995125,122.85014621358965,-4.77993557818884,,,
-8.0,25.943020471320025,404.18345419668157,120.85172776020087,-4.764895498112206,,,
-3.4202794973138007,3.2689643825531456,534.6483351601605,139.17594427382974,-5.079472980359445,,,
-8.0,41.039011687154094,161.51935509827558,73.93106371407046,-4.266385792563259,,,
-4.376611304925565,5.745415094225612,440.20979182994313,126.36292552350004,-5.047639937299346,,,
-5.674046680579044,5.742227941006451,1611.852656089484,244.2785933626021,-5.531348389727749,,,
-8.0,20.348331347452355,656.9948846134484,155.35743153357015,-5.018397351906623,,,
-8.0,38.36889580606849,184.78313119330338,79.6022424309006,-4.402877683045698,,,
-4.075629548481707,3.331260346217704,971.3282354230984,190.00344297713596,-5.335706330916785,,,
-8.0,58.00962867392361,83.80784747644547,50.57397435677835,-3.9329790151865103,,,
-8.0,32.69016089416983,254.55639683596672,94.66540978515694,-4.518049308259087,,,
-8.0,22.07589522831139,558.191106084446,143.00745552413463,-4.9345583917991425,,,
-8.0,47.45397255428351,125.34551123877091,64.07857231238334,-4.298378350112996,,,
-8.0,21.069883682456982,620.8429440074697,150.92031268121957,-5.048610743941974,,,
-8.0,8.678781510001787,3611.6194402213296,366.0436577537342,-5.892758405853056,,,
-3.3734275718084916,2.0124039938540927,1338.8699875552254,222.53950543497632,-5.668077824300778,,,
-8.0,32.247568888612285,267.5434190915471,97.19270206526357,-4.663859543971501,,,
-8.0,41.039011687154094,161.51935509827558,73.93106371407046,-4.266385792563259,,,
-4.0208159931767895,2.330069733106065,1892.861369705337,266.9327723449742,-5.671161215372437,,,
-3.711741101311129,2.1700493267520384,1584.8905368831995,243.18531855059382,-5.527158152915514,,,
-3.537030789291331,1.8868375600463396,1803.9424026982829,260.4998397415652,-6.293009168899867,,,
-8.0,10.071967681377744,2719.37764262135,318.4933189882275,-6.047222184349802,,,
-8.0,23.77056249243389,481.43765672695065,132.36874482074379,-4.856835953861727,,,
-3.850608602025043,1.6454648658453486,3208.5137769675016,344.6946268769948,-6.108501531385077,,,
-2.7164335650300138,4.003310378698462,176.19583588719183,77.72509201745831,-4.37368447972992,,,
-8.0,24.367622395412816,458.1350893930335,129.04054519620897,-4.8309738634938215,,,
-5.866828721786375,5.716875620246029,1986.6408982636578,273.12817518239694,-5.879333615691847,,,
-8.0,10.919895119634011,2281.3000881338135,293.66036961516824,-5.657768800745741,,,
-3.368680997161397,1.8037369702166421,1646.075493536064,247.97218787858603,-5.654821584958902,,,
-4.553110802977332,2.54234225297556,2727.4577889234833,319.227257679174,-6.330765988045305,,,
-8.0,22.53803246252397,535.5343996669293,139.88622832801437,-4.912468051153081,,,
-8.0,37.585150166804354,192.5696813015897,81.421607330123,-4.364975260632586,,,
-2.871501739931849,4.007208859218272,205.02797414641944,84.39195834070158,-4.456623971849669,,,
-8.0,12.935541356396833,1652.088908867351,248.3784130174517,-5.730514983082795,,,
-8.0,35.85466952644014,218.38341933125832,87.18469087868772,-4.553559041973051,,,
-4.850970745711293,3.3150483607407355,2123.017658788647,281.83050507936775,-5.611470478237129,,,
-3.3823760411861996,1.8155110069274116,1628.4099879042801,246.46863088200413,-5.478593263923842,,,
-3.9408131726018856,2.870023753465072,1139.526665221039,205.40315221735588,-5.4148919988783994,,,
-3.2191696264212553,5.7409585098184,138.3011676652201,67.7548096016685,-4.176692304709814,,,
-3.5652140400193533,1.721523937975385,2196.271061488245,285.38377036278126,-5.7405991136165815,,,
-2.892530531190575,3.279889998809165,311.201776369505,105.35679075623003,-4.741812192255543,,,
-2.9152669501017727,5.740591333020938,102.02285849309568,56.870884081634244,-3.9959125610389514,,,
-3.9061021373451594,1.5855911433333407,3633.619614882771,369.0529405412135,-5.996706469969302,,,
-8.0,9.70389519373394,2907.6656944175875,329.3334297307555,-6.078918391535334,,,
-4.846177262788309,2.3310688845835754,4315.666805743644,402.59588614353146,-6.203249222726871,,,
-5.513890226587675,4.060038483903915,2746.9012899904983,319.59445859236854,-5.860824433457499,,,
-4.642364181230328,2.0300372283094164,4595.605487624225,417.80513868283276,-6.239559471309643,,,
-4.903687862185856,2.344104532820671,4475.903385631546,408.6223274541012,-5.987529701439866,,,
-4.981139296142797,2.5678460715259384,4030.337511619235,390.1042850009492,-5.935462199081351,,,
-3.9461316880340043,1.8155657603296695,2863.1121375479097,327.5210487291194,-6.00053309328223,,,
-4.411136579286033,5.741770130519327,455.86284288840005,128.65974943573173,-4.885885168163428,,,
-4.897159929182736,3.314853326221572,2223.803842269595,287.9404840071135,-5.755954829482695,,,
-1.9923630885768489,0.2602972766558646,19665.336152363543,812.021075551237,-12.347672168928229,,,
-2.507894991936991,0.5486151916063908,7454.16969256124,522.6775308134861,-6.279326884708937,,,
-1.9319718870343459,0.6858359630063265,2665.922284628455,314.80662622889355,-5.732664907891818,,,
-3.57524167421623,3.3147493662758882,592.5238689191825,147.57631926632138,-5.023475459792415,,,
-8.0,19.515245542821376,722.999733181656,163.45818437604362,-5.128179961569254,,,
-3.2626370435955745,2.567457478713711,722.2551033335186,163.2405844785144,-5.0661223849550385,,,
-8.0,20.312460356731364,659.3170659678512,155.6876249684946,-5.02042489210131,,,
-8.0,31.443496945221273,275.14235501832593,98.69730282837463,-4.620995381447903,,,
-2.222572730607205,2.8694475038502674,203.8936159471964,84.35704529760619,-4.400531221612783,,,
-8.0,37.70560996970641,197.7910070242803,82.6107290233605,-4.498726746410403,,,
-8.0,25.86352010875531,406.6724504019823,121.25822718904382,-4.829039040976417,,,
-3.82125364038343,4.059884168709355,505.2558146674472,135.0062231575604,-4.937988307415857,,,
1.0798767826721267,0.16506374435975182,2101.30776932282,277.5663347037868,-6.017561406367233,,,
-3.9251805871019663,2.8552655924257166,1144.4199355187868,206.46719113695784,-5.358143932736273,,,
-8.0,17.634462760760925,891.5381832194889,181.66088924751713,-5.354579522843274,,,
-8.0,20.465762143603335,649.4770287651347,154.45556627452498,-5.012264827010931,,,
-8.0,36.38564892735898,205.47471877834624,84.36142273419769,-4.40094601345547,,,
-4.500206566871564,5.741708467888165,498.2734600645463,134.93982571511145,-4.874283991165568,,,
-8.0,26.284048962116458,393.76333457222313,119.24918272699962,-4.751261487931979,,,
-8.0,18.199661863027313,821.2827290829762,174.29371827703784,-5.134162388791913,,,
-8.0,49.76878003887119,109.82642996450463,59.367559379440216,-4.040906764011312,,,
-4.731219013974755,5.741621390573194,627.8173587555709,151.58859346991073,-4.9911750229014125,,,
-8.0,34.48924732729924,228.69252376034953,89.38425053707371,-4.459829754021737,,,
-3.233309797535207,0.6745103982142345,10373.21364011243,611.5444283402238,-6.413590887330463,,,
-8.0,22.331147575923858,545.5041844379492,141.29751796535692,-4.983197991494699,,,
-3.785567024050761,1.7225618134152432,2732.108989869025,319.78897748621534,-5.852869003387868,,,
-8.0,8.937132373165642,3424.795617457413,360.02071248671024,-5.926240611577851,,,
-8.0,45.20854279090709,133.09983906514282,66.2911097084826,-4.1550069749241825,,,
-1.6980658079932365,4.056556188839281,60.233019868591064,41.14563569804828,-3.652206628230949,,,
-3.4806103846154453,5.741313894257723,179.65951772541612,78.38825980119802,-4.325574259342259,,,
-8.0,25.745083505329674,417.0413362077374,122.86076164513655,-4.840946934485699,,,
-8.0,36.163087145972604,208.0188600520682,84.93946773791089,-4.467383052017457,,,
-6.279778839494451,5.712310748344462,3010.048084311237,337.22747789800934,-6.089219725051498,,,
-8.0,26.721013852153924,380.9898257631709,117.23103285933826,-4.73368283824733,,,
-8.0,29.942977364263047,303.42420274894715,103.98592156544561,-4.791556347699769,,,
-2.140681904013868,4.057999303803098,93.90563910000846,54.25975516140494,-3.947021913604736,,,
-8.0,9.850418580836086,2822.532217559518,325.78296133136547,-6.244364967505717,,,
-8.0,24.087068399072123,478.9031661961431,132.01984801305287,-4.973065746291315,,,
-3.1662455355089536,4.059409679029023,262.43394305771955,96.21604202745439,-4.592868809235634,,,
-3.7404750436180905,2.1521202272320976,1675.7481504441614,250.09694354731488,-5.904596950332956,,,
-8.0,31.89751984458356,267.3651896376414,97.2089248181317,-4.544807250833635,,,
-8.0,24.298322517801218,460.7507189357111,129.46224927678753,-4.833913784394086,,,
-8.0,35.72260654023402,213.18051399444715,86.06569575009394,-4.480894222478435,,,
-8.0,31.458608084910164,280.30604157837945,99.68220158309245,-4.629728370834493,,,
-4.961472210501329,3.2876743921604246,2446.6314960633354,302.43038762736967,-5.979248998778456,,,
-6.369981073815273,5.724530892697449,3271.5138809880173,350.2682156814161,-5.890502485292931,,,
-4.138644339481568,5.663068046282627,365.47351608793235,114.65379655420277,-4.827802966697031,,,
-3.6402228455857717,5.743783184613427,210.65815921413648,85.51685910340957,-4.4138771030486765,,,
-3.755208963287859,5.741508378753214,236.4732881310308,91.0014375687562,-4.47715517935848,,,
-8.0,9.439711536826815,3052.8484729888896,337.71832987312155,-5.865872631784266,,,
-8.0,25.081005846367365,432.44356959989705,125.21388511179207,-4.800587152488596,,,
-4.238147723799751,2.3279245786868485,2359.8473876981616,297.1282204539302,-6.197035048693557,,,
-8.0,23.385539810471148,504.7042881174596,135.6713223107769,-4.9409454339370456,,,
-3.8182399095366826,5.7415408765755425,251.96908885622844,94.09200151576692,-4.630679924727628,,,
-8.0,19.905186735440857,698.6915701133101,160.232740310553,-5.16895730932573,,,
-4.148503687444399,3.28647850730169,1084.311156191239,201.35104030601516,-5.389127201869305,,,
-8.0,21.019014394152553,615.736713665452,150.2978672188085,-4.984775894517204,,,
-8.0,27.580783643798753,357.606883282361,113.35890953979755,-4.700402669315317,,,
-8.0,12.575344749214727,1720.2030358794539,252.84179549396183,-5.512845424874473,,,
-8.0,22.64728893123384,530.3892005681886,139.20810596700647,-4.966969127936374,,,
-8.0,36.84796669897068,200.3510859607615,83.20883259523659,-4.386865974206674,,,
-8.0,9.54069511411672,3026.045362402358,337.2759397851349,-6.159241107844802,,,
-4.523485083647661,5.743819837614896,509.86467102668615,136.3149990272133,-5.003951563814612,,,
-3.706226552617312,2.1700474120719564,1576.1690339145912,242.2194035713743,-5.463946277101071,,,
-7.9995574717917,10.91866290457351,2280.8339168732055,292.37012549953175,-5.777469343488162,,,
-3.5231244471966163,5.742586226392884,187.4139730183777,80.31857831202554,-4.349153986016425,,,
-4.330059922231525,4.01472279256673,876.0004804129705,180.06513630125272,-5.339780754176568,,,
-8.0,32.20859384003263,262.23619940680686,96.21469604207654,-4.653359375788853,,,
-8.0,6.304907334333968,6843.245320749563,502.7059570366125,-6.226109839825601,,,
-8.0,37.33277112618754,195.18083889396445,82.01001113818006,-4.372378926779189,,,
-3.3551981178001564,3.3146239924612253,475.4174178544439,131.2855719053982,-4.846738065676231,,,
-7.913733665480437,998.8977363805567,1.0244548320770264e-08,154.16189335160811,-7.816571693722646e-10,,,
-8.0,26.196690347002583,396.40596721374123,119.62156368238229,-4.873789650125722,,,
-5.287363634248375,5.7416210181187495,1094.9948587117333,202.0024465948111,-5.277742146839681,,,
-8.0,21.61264131615011,582.3761283312238,145.9224281222056,-4.955707998257256,,,
-2.1977284405454416,4.058321868026462,99.42693081682162,56.027771169596626,-3.9801757045204416,,,
-3.658097938385675,3.3146940947074834,643.7650096423561,154.11479616107349,-5.008011309422718,,,
-8.0,21.620855976370887,589.8054287386364,146.9792250246246,-5.022072224597044,,,
-8.0,15.524713636358635,1128.6979591739353,204.8156025681675,-5.356777159215012,,,
-8.0,33.20430363925275,246.734653838778,93.12301880739791,-4.501281514104855,,,
-8.0,15.164833169444451,1182.8894307835724,209.61360187541186,-5.321269229816229,,,
-8.0,26.55037258925896,385.90244616222276,117.98964896329036,-4.740788638248207,,,
-8.0,12.135170378091733,1847.299527434863,261.50392990839396,-5.845821994949509,,,
-3.734931553143596,4.059763307363897,463.56252582398315,129.77642430292096,-4.894684116812408,,,
-4.58120123467476,5.698547336535179,556.2689059546345,142.6146856743356,-4.988688981630042,,,
-8.0,23.459008504834834,494.31088338553326,134.06100218352526,-4.870649832472746,,,
-8.0,17.049807402924884,935.7952781675951,186.4474611337471,-5.322307298866037,,,
-7.913733665480437,998.8977363805567,1.0244548320770264e-08,154.16189335160811,-7.816571693722646e-10,,,
-4.654549976938066,1.815659960879735,5814.703570468211,468.5282582978075,-6.249157303523412,,,
-4.304740089004358,3.314990248337404,1229.3229629462573,213.94035903930086,-5.335512545407284,,,
-8.0,29.811034286866757,306.10119231195864,104.41624162027335,-4.6174583973817604,,,
-8.0,56.96814458655993,83.82114360279968,50.58209871623189,-3.8734522228231616,,,
-4.186809544354729,4.058054941396482,728.9150111932297,163.6855140459424,-5.129198257550691,,,
-8.0,22.644162289003976,538.0450725944714,140.24395678311478,-4.97448029344402,,,
-8.0,30.24755379794887,303.62634695995655,103.98403163967629,-4.731979302805912,,,
-4.896086250006039,5.68508351637841,767.6130585551299,168.30067870396962,-5.214124710698203,,,
-4.956590951592202,5.741110369854977,786.6575494356163,170.38499007685436,-5.170639149149782,,,
-8.0,12.572776148839043,1720.9418635600155,252.84423621592936,-5.751035721851899,,,
-3.732680162837767,5.740148196237422,231.2754430175918,89.8395078277841,-4.525916316870817,,,
-8.0,26.8559530120788,383.5190892467431,117.63592830582662,-4.7967622723421695,,,
-3.2315116782310835,2.870509750117779,560.0765651287039,142.44847295988646,-4.993382501886083,,,
-8.0,22.932263362896357,517.6558628458321,137.38776103073693,-5.014927979551014,,,
-2.5241828489673157,1.4820194584438904,1034.7893854227839,196.513357708399,-5.3702256081163275,,,
-8.0,24.206192782930906,471.30423569653533,130.8955837617845,-5.087395280730573,,,
-3.6818028849832602,2.870634838598588,879.1491843811698,179.61491392799323,-5.282159058038299,,,
-4.856505065393411,4.059619276704868,1423.6244207814639,230.62285053112424,-5.530963723740904,,,
-0.6873028795385754,0.44732384086578425,1784.2409099554352,257.8677901556709,-5.555116386768387,,,
-3.682774718394272,2.853190961033822,900.3203237592489,183.82504891955278,-5.240846655043224,,,
-8.0,22.71409508011816,527.2749690539106,138.78673304123814,-4.964437920831808,,,
-4.746627679955007,4.029593774602894,1311.0567194189177,221.51993385859382,-5.548613598062792,,,
-8.0,39.474074655034,174.58014492197682,77.14029219560109,-4.309843875955801,,,
-8.0,20.434985165356554,651.4344283115439,154.72332311101346,-5.014314451991796,,,
-8.0,19.85607245646799,689.9737392248237,159.39865721379334,-5.044156428469324,,,
-5.123199934875527,4.002956017434153,1893.8533681707227,266.0707398996735,-5.555621533875507,,,
-8.0,27.567690581755983,365.31155943537715,114.62771890988734,-4.952367929482847,,,
-3.4410525711562583,5.659043573498347,182.18470662206448,79.00509698463318,-4.450858306365074,,,
-3.1833481591284705,1.4823461130128444,2001.3700466996497,272.56491400016245,-5.58639392177881,,,
-8.0,24.711149720845395,445.4854027726735,127.13773187532163,-4.816010322707006,,,
-8.0,20.636270524079922,638.788094703844,153.16845871224575,-5.003961742837611,,,
-8.0,27.220068823009083,376.039119564622,116.30466273174943,-4.845521425594128,,,
-2.4433629454547816,1.2237081864998065,1399.0962961671014,227.92647058885632,-5.401370802083496,,,
-8.0,44.35195432374513,138.2907325571592,67.76131702116403,-4.177185840566178,,,
-7.913733665480437,998.8977363805567,1.0244548320770264e-08,154.16189335160811,-7.816571693722646e-10,,,
-8.0,19.85621369339087,689.9750133932324,159.4009962676215,-5.103698820446638,,,
-2.5215174710233548,3.994699431515126,146.00392738753115,69.93114408086578,-4.323378684364436,,,
-3.69493138654049,0.9193588079907885,8683.463977570094,564.330958081895,-6.440466038344322,,,
-8.0,26.63479814566622,383.4611687679526,117.63686831228502,-4.737247744971064,,,
-8.0,11.929029729180753,1946.6897394843709,269.5774612467163,-5.932835110349569,,,
-8.0,10.652423708398638,2433.0537831254214,301.62288170452206,-5.987934117584463,,,
-4.68178415712942,5.697582798450491,614.9500659109826,150.29482418845092,-5.100648224733167,,,
-5.073063724263673,5.741892343710102,883.6900693769578,180.6742197067442,-5.168296631527222,,,
-3.9879496379507526,2.0299543107019624,2388.04281669095,299.55164925096466,-5.731817387225491,,,
-8.0,27.189472428622555,367.9828214189945,115.0861669218426,-4.775008657736091,,,
-7.991889006176607,11.266830862705808,2170.9772716104053,285.86057481018145,-6.170910767962332,,,
-8.0,45.20854279090709,133.09983906514282,66.2911097084826,-4.1550069749241825,,,
-8.0,28.648961535986647,341.82496492186306,110.77007957502956,-4.916297945073729,,,
-8.0,13.007291458989922,1637.181020861495,247.49816990479414,-5.786982379571825,,,
-3.6667285871635444,2.0102990871430095,1796.1379763702107,259.04117760289336,-5.819670045301785,,,
-3.689340163177062,4.0594884454806905,442.8312598538685,126.75928772204522,-4.8113536086762965,,,
-4.078215521526839,4.000243078909589,690.1941304614297,158.78892827675813,-5.393400520112042,,,
-2.9776899484196573,0.8965445220080037,4452.711889355788,408.7984205311884,-5.988984347376074,,,
-8.0,9.348434982339898,3144.2089623429943,343.4721729547093,-6.000450044429584,,,
-8.0,22.925772412958864,517.5826530108465,137.34245605134166,-4.954140641023652,,,
-2.7521836862248032,2.544912032147183,447.7027569713207,127.77766086163933,-4.8717428488075765,,,
-8.0,27.778077959562573,352.54569761144796,112.49423088479199,-4.753490287890869,,,
-4.923513751474761,5.742346066716875,760.8386270776983,167.7295455045011,-5.09279063324372,,,
-8.0,31.594106579677657,272.5329387920656,98.21769156713982,-4.614665783661619,,,
-7.913733665480437,998.8977363805567,1.0244548320770264e-08,154.16189335160811,-7.816571693722646e-10,,,
-3.156533472901527,1.120739513876397,3436.4101200840896,358.8058033083823,-6.614589249035815,,,
-8.0,31.907252904830187,272.55474189946506,98.21545317219103,-4.614641401878664,,,
-8.0,23.41837262776658,509.8272444207021,135.552803642385,-5.124833967607078,,,
-4.199779450063087,4.019638572559193,765.1294387965909,168.01991250989113,-5.211254265602229,,,
-4.0009625840244825,0.24085352213662636,174305.72950568405,655.3613120037674,-38.969903947914666,,,
-5.18915214669768,0.5723045347589412,100469.71545672829,1798.2538330472157,-12.302952634728062,,,
-2.5150499668110533,0.2011073899109501,55886.53846234641,1388.8856332649523,-9.225550588239377,,,
