Fitness_Per_Cycle,Error_Fitness,Cell_Number,Error_Cell_Number,Log_Likelihood_Value,Mean_Fitness,Kappa_Value,Inference_Time
0.08109643984951431,0.004629399362761298,247217.88767427445,329.83926897938665,-14.184099603976229,0.0,2.5,253.81628
-0.03885163594744719,0.01087892620636005,66299.85784075243,440.57877350330796,-9.310573788022584,0.12330255087170752,2.5,254.10151
-1.1142373060517368,0.32143844668309146,1239.8686454994308,209.5639914009854,-7.158106951305803,0.20416404602196664,2.5,
-8.0,77.9580806398139,26.474813153991914,22.46087874262014,-4.431307402877349,0.28638682410874056,2.5,
-0.21786127823193455,0.7420244756155355,25.418469688508548,21.106881426214333,-4.410392362786372,0.3387067373834063,2.5,
-0.09967656420320402,0.012117739545451513,64999.062879638186,591.9296876306709,-9.042355440398776,,,
-8.0,82.7012136519245,23.793929566558095,20.638641514532985,-4.336678053601781,,,
-8.0,61.5918089072266,42.4156202799177,31.87986578168338,-4.886829228945978,,,
-8.0,60.35482322776312,44.172430710822404,32.79757691534359,-4.9206638504250195,,,
-8.0,56.08973135410909,51.14600646521257,36.26040918723997,-5.037223035319265,,,
-2.8612279568753265,6.984272071889881,38.79365342253758,29.952595075607622,-4.819584648111235,,,
-8.0,73.61667844065715,29.689653551527396,24.543250977839406,-4.555019830083266,,,
-8.0,76.11442308284785,27.772966336923876,23.31814927253182,-4.4842824802790435,,,
-8.0,81.11922414693451,24.4767426194232,21.110863305806028,-4.355310738657661,,,
-1.6798648871322925,3.7304820457185457,27.047682366068397,22.823077986713898,-4.465830035130089,,,
-8.0,63.380820554612065,40.054648347911105,30.610872774447632,-4.837933567643383,,,
-1.9387382346396111,5.169439455066223,20.922129421003426,18.59376418774315,-4.148696333114075,,,
-8.0,70.02887134556842,32.81029295206775,26.468727162231904,-4.655229718401391,,,
-8.0,89.54615457825805,27.126259645677088,22.890922427742446,-4.473356203762599,,,
-8.0,64.8515695943546,38.25878971077203,29.62442795133339,-4.797945132906941,,,
-8.0,63.57462802597919,40.0538814726987,30.611378848512576,-4.8529680056220705,,,
-8.0,92.2044424429405,25.812492998460204,22.020819525239958,-4.41762895226231,,,
-3.514874357927643,11.417101319883578,25.154481917440858,21.57060037974831,-4.372644852728363,,,
-2.1480731382991776,3.2484858551652644,66.13108014345767,42.83460843805489,-5.2568600895891375,,,
-8.0,64.0538910813687,39.45900358510475,30.28542583316567,-4.839980579004065,,,
-8.0,53.44684242014318,56.32941951758761,38.6706717405538,-5.109886750466603,,,
-0.7788835219384013,0.373588946346368,475.51753078134413,125.43893015726316,-6.407037839452182,,,
-8.0,79.05299492708488,25.811184952054123,22.02003706638531,-4.446944905741709,,,
-0.6957573028312383,0.5134139172285507,211.26779790208158,82.51977801226587,-5.973362383749286,,,
-1.76657165263495,2.521364635056646,55.19737651443904,37.84091551901391,-5.116169459679174,,,
-8.0,57.06215598981064,49.41725226290513,35.42333274069375,-5.010489167923242,,,
-8.0,78.9537772575277,25.81130345212314,22.017772959804834,-4.402721352534872,,,
-8.0,56.40658492499326,50.57249921222759,35.98209230684479,-5.028467134811889,,,
-8.0,103.61702272819457,24.474715899716074,21.110253451025123,-4.370411387715978,,,
-8.0,82.2821337126199,23.790110913187494,20.63995520428874,-4.321349756888752,,,
-1.9687258658867954,4.0983368314952635,28.56548808571825,23.7315539401184,-4.517995443293255,,,
-1.9552823862674027,2.708257318269183,64.11227571709621,41.818695104619714,-5.214188434606815,,,
-8.0,61.5918089072266,42.4156202799177,31.87986578168338,-4.886829228945978,,,
-3.3039707893374453,8.044869314909041,40.070529511445116,30.609853705299482,-4.838341829979874,,,
-8.0,90.91573684722337,19.4639233477228,17.511995075465112,-4.042257700080301,,,
-3.9622848614793265,10.377717904901385,59.15385397715639,39.9461406418443,-5.157749269471571,,,
-8.0,65.8852310407025,37.067545751252766,28.953121915677645,-4.769452367277736,,,
-1.0755538631842372,0.2439986970126198,2036.149825735886,267.4072682040649,-7.305715747016455,,,
-8.0,68.86371190421953,47.08786717183117,34.28672432578986,-5.002325489923144,,,
-0.06862035561214931,0.017359561997154018,28843.758187775024,942.3423785707191,-9.046336062494381,,,
-8.0,63.86507789821494,39.44962229500852,30.283986148292247,-4.824946157947354,,,
-8.0,62.45966972136716,41.245565196204915,31.25587759765283,-4.86296357859112,,,
-0.9863145757754055,0.1977874905306473,2746.9841217710627,310.1833714033667,-7.287196363463278,,,
-2.6919721701698442,5.042701324698139,57.96305464999987,39.42385207587018,-5.1370583935161145,,,
-0.23335328833603994,0.026884393544438997,20338.691259769726,689.0276283938904,-9.211354491496179,,,
-0.23801768792869957,0.025431479866476123,22877.931268712953,484.27745813176017,-8.630676119093796,,,
-0.9333114507748814,0.18634161015642856,2668.4789180364214,308.7114933731378,-7.3245667717244665,,,
-0.9881643837820818,0.21380223901867246,2384.4156191809093,289.3598227073628,-7.234552415306981,,,
-0.868275251605557,0.20141471081120582,1950.0232222604413,261.16633156460546,-7.203140585684124,,,
-0.2188398766909246,0.02447056665428112,23401.93456916957,631.641115881926,-8.86974967280642,,,
-0.3885354294942668,0.07673688293809494,3967.7580887257186,361.1181737172179,-7.583045463082846,,,
-8.0,109.20888399500382,19.466782238407614,17.512400332337872,-4.057170913585234,,,
-3.896573778499655,11.474234756821213,37.673659225439565,29.291782151431235,-4.783841435318406,,,
-8.0,79.99003007215313,25.14666434791896,21.570028312832815,-4.372535930701257,,,
-8.0,72.10809662435847,30.945489533253827,25.33340041801381,-4.597420606459722,,,
-2.6329016150334486,2.6339749654509164,169.574293810061,74.68344807974584,-5.818803803430639,,,
-8.0,81.07407883050709,24.478569455834325,21.1093222504958,-4.340569575674894,,,
-3.3773861948436243,11.3912608981288,21.69693181877675,19.150044547814986,-4.1901255992903,,,
-3.702625496210836,5.723232157084481,122.88526666374044,62.346232037012825,-5.621751114022537,,,
-8.0,79.99003007215313,25.14666434791896,21.570028312832815,-4.372535930701257,,,
-2.836045211965621,7.958056872616799,23.81251312231634,20.638350463977968,-4.307521515799342,,,
-8.0,72.10809662435847,30.945489533253827,25.33340041801381,-4.597420606459722,,,
-8.0,36.27734215074007,122.26746380728363,62.17733190827615,-5.618909488218416,,,
-1.0544503305412878,0.27025319080752486,1689.0003081431728,244.21372537666173,-7.041234385859899,,,
-8.0,72.85094563675707,30.317576424257894,24.939569113093466,-4.576646022881399,,,
-1.5674876499272374,0.4323540988857596,1532.8201560931352,234.33058298460548,-7.087355978035108,,,
-3.427252905779372,4.030379783379281,183.20595135179792,77.76521865489383,-5.854109664854522,,,
-8.0,70.02887134556842,32.81029295206775,26.468727162231904,-4.655229718401391,,,
-8.0,89.1932273337435,20.22324868137937,18.0782226991141,-4.09590501334587,,,
-2.434874312622464,5.550859188218178,29.704843739671936,24.513468586590548,-4.558051107246494,,,
-7.870687637492646,33.229762767732,128.03298055101186,63.94436541047617,-5.648257097526273,,,
-8.0,81.07407883050709,24.478569455834325,21.1093222504958,-4.340569575674894,,,
-8.0,39.05246632864216,105.50720775969722,57.07133251880356,-5.529313852407285,,,
-8.0,39.05246632864216,105.50720775969722,57.07133251880356,-5.529313852407285,,,
-8.0,70.02887134556842,32.81029295206775,26.468727162231904,-4.655229718401391,,,
-8.0,72.85094563675707,30.317576424257894,24.939569113093466,-4.576646022881399,,,
-1.601692791235309,2.2523349576548357,52.53374912826215,36.31451966471167,-5.0891797938619705,,,
-2.9410837388097484,3.9913973760948966,107.2653647797284,57.57077332755395,-5.542172378666301,,,
-8.0,99.66990800351034,16.18434147954519,14.976659939454906,-3.757229631277112,,,
-8.0,66.4268436636169,36.46540061963619,28.611984985420417,-4.7545945289924445,,,
-8.0,67.36947523925511,35.8577655655056,28.26571743668694,-4.784401965611314,,,
-8.0,78.9537772575277,25.81130345212314,22.017772959804834,-4.402721352534872,,,
-8.0,62.92089161958903,40.642782610729746,30.934860926461,-4.850600994491018,,,
-8.0,31.02450501364886,167.17512918254175,74.12818922657897,-5.800525114902357,,,
-7.9988454388752785,801.7997841865342,1.0244548320770264e-08,100.3526464736626,-1.185878443676728e-09,,,
-8.0,89.1932273337435,20.22324868137937,18.0782226991141,-4.09590501334587,,,
-8.0,79.99003007215313,25.14666434791896,21.570028312832815,-4.372535930701257,,,
-8.0,32.66743233594729,150.78272918127288,70.03306502570744,-5.741998104217844,,,
-3.541954279664548,3.8103571847298303,232.79147375765928,88.93957498865167,-5.987165164893652,,,
-8.0,42.34347567591303,89.74423041149889,51.81985348469156,-5.428241774550736,,,
-1.9121857470069499,3.2575474623634193,41.52567220435366,31.23472585748756,-4.878168950051193,,,
-2.728456044504085,2.8046034141046468,168.33403090491856,74.10037292980795,-5.809123580544255,,,
-3.9355319590029865,5.134121588520128,196.1828061220091,80.83897485368085,-5.88902379385497,,,
-8.0,62.26525850165319,51.73125661407175,36.532578716423956,-5.075749548805776,,,
-5.430729861462756,11.571615003891942,181.42428406729468,77.63110880331743,-5.8466668186359865,,,
-2.2744124204316196,3.6740410139176904,54.81330652768139,37.85710975210698,-5.095041048111416,,,
-4.038630168926427,5.745010194428137,174.81601586975523,76.04791227599864,-5.826043973843104,,,
-3.9773022990761904,5.737356108428838,168.81827319920956,74.42845686686667,-5.818432938442588,,,
-2.627558390871203,5.698301536179958,42.92979111835709,32.17631823916891,-4.90431048100115,,,
-3.736758118008545,4.663732675262623,197.33881103402948,81.3432379681316,-5.908271421337109,,,
-3.082716056083734,6.539842871498575,47.13103573782456,34.27908657766159,-4.9734493817198615,,,
-3.8168987833279377,11.463315757823567,34.65346337591373,27.559300614095132,-4.707260913506018,,,
-4.222900303567766,5.754091767133528,211.66296440669825,84.4509254298125,-5.932814445569384,,,
-3.1441329124549036,3.2737336441114215,201.83288458372866,82.23349257636015,-5.909980691036569,,,
-8.0,32.916307768295475,148.51108700079263,69.4640444880589,-5.733362870271248,,,
-8.0,72.85094563675707,30.317576424257894,24.939569113093466,-4.576646022881399,,,
-8.0,68.75622618705496,34.036704862157954,27.19931575061752,-4.690501304595395,,,
-8.0,68.75622618705496,34.036704862157954,27.19931575061752,-4.690501304595395,,,
-4.3406994270176416,11.516191549068454,59.774024154753995,40.19186034732657,-5.152858270770914,,,
-2.4142569832361436,6.403549598550954,21.72798794975179,19.14991887703415,-4.192286594117304,,,
-8.0,73.10715494653577,30.317565500758892,24.939565899344572,-4.59168054915338,,,
-3.5429643273038063,8.062197110657182,55.18741599186437,38.145076593459464,-5.109187919745571,,,
-8.0,63.380820554612065,40.054648347911105,30.610872774447632,-4.837933567643383,,,
-8.0,90.91573684722337,19.4639233477228,17.511995075465112,-4.042257700080301,,,
-8.0,39.5896071387703,102.66426819321707,55.33119591128485,-5.512693314219209,,,
-2.1672770618729884,4.903774862159765,26.55898286231812,22.459541806482893,-4.436479522820838,,,
-8.0,27.772659292145367,208.61547533158603,83.83810568298364,-5.926251841057634,,,
-3.8474608976518523,5.128372632561029,178.92482288356337,77.02932323098197,-5.838849936899746,,,
-0.30567977201409635,0.3854557237068908,124.07079839739424,60.80971315876007,-5.670828792749624,,,
-8.0,71.38852441793455,31.572816628804745,25.71495775204549,-4.617406287832403,,,
-4.355979849387401,5.760802336342497,242.77298021458142,90.95755280443557,-6.009659099360126,,,
-2.413792919190027,3.642935381002378,77.7682205543479,47.54830404284868,-5.39506417679558,,,
-8.0,30.101440391861964,177.585379160931,76.73318670991446,-5.835468780100422,,,
-8.0,102.54610411871248,15.267912586230622,14.23481061290498,-3.6576905144793206,,,
-2.963514662681644,6.51939298514666,41.27249950198696,31.24644351517565,-4.864102981352983,,,
-2.64820408211012,5.595037977482102,38.321244224606694,29.619890355572405,-4.800284059399623,,,
-8.0,57.741662890727234,48.26083458541068,34.85344742045169,-4.991852074797171,,,
-8.0,64.0538910813687,39.45900358510475,30.28542583316567,-4.839980579004065,,,
-8.0,99.66990800351034,16.18434147954519,14.976659939454906,-3.757229631277112,,,
-8.0,65.36207778441585,37.663489085059005,29.28733278481033,-4.7838952077445365,,,
-8.0,89.1932273337435,20.22324868137937,18.0782226991141,-4.09590501334587,,,
-8.0,73.61667844065715,29.689653551527396,24.543250977839406,-4.555019830083266,,,
-8.0,52.13740130541596,59.194252592558556,39.932660024410794,-5.146161571632884,,,
-8.0,27.57722583592725,211.58255400185413,84.42670309424395,-5.9336102264739825,,,
-2.9441945310164765,2.9143798741719067,201.9018229696145,82.2204283462559,-5.9124602197892235,,,
-2.581012027775978,4.992301141625335,44.258439215674585,32.790398048873676,-4.923842982332859,,,
-4.138130161435095,5.126079611092704,243.4178692670882,91.08416049234036,-6.009882513801064,,,
-2.0749306956147278,4.12376972894748,32.95403918350093,26.460326425664043,-4.66327416269174,,,
-2.759999892648262,5.614576924812553,43.647021677731445,32.48852771483355,-4.911656419633549,,,
-2.760948897773375,2.5110114506025565,218.4730038995151,85.814301759883,-5.956928680037879,,,
-3.1553243700281017,8.020762173225895,34.05664857794471,27.197983235720304,-4.6910544570437365,,,
-7.9988454388752785,801.7997841865342,1.0244548320770264e-08,100.3526464736626,-1.185878443676728e-09,,,
-4.67163876374613,6.663436414012705,251.7651969363167,92.76346454976301,-6.027837861430572,,,
-8.0,54.28305863596082,54.60724648026526,37.878426789161715,-5.086804143184151,,,
-3.0064942003609114,3.263450953398457,173.22244327681992,75.78847500934238,-5.825314956525066,,,
-8.0,82.2327059785877,23.79347077449688,20.639852392882823,-4.30660857216774,,,
-3.7992093978402264,5.12548478419597,170.07468042346335,74.8975885757658,-5.809902829767332,,,
-4.618978801964489,8.173925469532108,158.64787772693006,72.06976066488,-5.770292490761411,,,
-4.146385968079106,11.506574833843398,48.851279120526065,35.14305009556546,-5.00109275598274,,,
-1.0554005186914432,0.21327209284034912,2638.030500047572,304.3281017777826,-7.302837904399593,,,
-8.0,76.11442308284785,27.772966336923876,23.31814927253182,-4.4842824802790435,,,
-3.189016722923158,4.012777109085356,141.39319839317548,67.5112531820983,-5.70630283205633,,,
-8.0,43.728891912036985,84.14767553544407,49.83870387048287,-5.386576112606945,,,
-8.0,66.98745787300594,35.8577702178186,28.261428745940925,-4.739297747763901,,,
-8.0,25.337356276333786,250.64468405418268,92.59722679883681,-6.026730966862951,,,
-3.4600608102889536,6.585447257575011,71.16510261163934,44.925079485640246,-5.275586081996548,,,
-1.0891776805092193,0.24325033513894903,2206.2867567829717,280.6237201102256,-7.171774289518641,,,
-2.4142569832361436,6.403549598550954,21.72798794975179,19.14991887703415,-4.192286594117304,,,
-8.0,30.295703414718293,175.31470559302008,76.19311162518822,-5.828310828603149,,,
-8.0,30.101440391861964,177.585379160931,76.73318670991446,-5.835468780100422,,,
-5.642268579680926,11.600352863893761,223.9995119927688,87.09657224206585,-5.963417510589432,,,
-8.0,78.9537772575277,25.81130345212314,22.017772959804834,-4.402721352534872,,,
-4.169626595127387,6.640891887213289,150.24295862549045,69.89624096206813,-5.739330425797057,,,
-2.9289473142954603,3.129303397483495,171.99938482049225,75.30283245947179,-5.822574876277507,,,
-5.383660786592194,11.591461206783206,172.57368661304574,75.51225532576447,-5.818186100193594,,,
-8.0,65.8852310407025,37.067545751252766,28.953121915677645,-4.769452367277736,,,
-3.7099418747535786,11.448752311914488,30.955007067094883,25.330795531201748,-4.597445966615307,,,
-3.718268308720182,4.6734275608141695,187.43100336743856,79.21037240935978,-5.868315770357935,,,
-4.8298021012483545,9.884039004464418,154.3965846565552,71.92054042777387,-5.769972708036572,,,
-8.0,71.38852441793455,31.572816628804745,25.71495775204549,-4.617406287832403,,,
-8.0,33.61301727975145,142.41839363199395,67.83999138946992,-5.708820023642941,,,
-3.0458749521162267,3.266729331872825,180.9912499277513,77.50058158983529,-5.850024009557235,,,
-3.782779112919742,11.458367274051014,33.43211704186757,26.837273634795412,-4.673157890156577,,,
-3.091479654789295,3.5820244461735715,158.6822119696026,72.03824739107965,-5.774197727375089,,,
-8.0,30.83512554498435,169.23492018999434,74.70892143759907,-5.8080835071243175,,,
-8.0,33.09151996425337,146.9422506248975,69.02470783351782,-5.726788056807059,,,
-8.0,32.73352575197774,150.17408443783896,69.86909838335416,-5.739853327465704,,,
-3.0127471828610535,7.994324623951784,29.07581529235951,24.1430125383525,-4.53317578978147,,,
-3.3818647349065447,8.054625454318767,43.61192297557537,32.49346932236223,-4.909968493520213,,,
-8.0,31.132859086529976,166.01334595293258,73.92599098845027,-5.796699350052043,,,
-8.0,27.907230775702445,206.60832122738617,83.43643598109655,-5.92028164134227,,,
-8.0,31.132859086529976,166.01334595293258,73.92599098845027,-5.796699350052043,,,
-3.3919899524893395,3.798129642458535,198.37947136843718,81.25805475714192,-5.895692580761908,,,
-8.0,83.45291172381741,23.102502936419665,20.155099606067726,-4.270399383742465,,,
-3.01328087735465,6.528747431557142,43.62800861371324,32.491166911179405,-4.910688128687776,,,
-8.0,53.17539276066154,56.90571818648526,38.92333261328547,-5.1173528301586115,,,
-3.5182750983034943,5.105818038658337,126.24577575026665,63.309475387095794,-5.638236782409743,,,
-8.0,64.0538910813687,39.45900358510475,30.28542583316567,-4.839980579004065,,,
-8.0,62.025656030408825,41.824634273858784,31.564918103061455,-4.875035231598498,,,
-3.3773861948436243,11.3912608981288,21.69693181877675,19.150044547814986,-4.1901255992903,,,
-5.629320963518917,11.57807527715666,221.65512253139033,86.6030274778052,-5.956537898578909,,,
-3.02534795709731,2.9201112444757937,221.15272568900826,86.42883451466636,-5.960336404544206,,,
-4.006699717779551,5.7390475319772625,169.2623334802468,74.68341550577027,-5.807676715860028,,,
-8.0,101.65933655169754,14.288832904522355,12.831460702419802,-3.538551034441184,,,
-7.9988454388752785,801.7997841865342,1.0244548320770264e-08,100.3526464736626,-1.185878443676728e-09,,,
-8.0,97.113990205427,17.053472504207758,15.66380990949258,-3.8425215134743667,,,
-7.9988454388752785,801.7997841865342,1.0244548320770264e-08,100.3526464736626,-1.185878443676728e-09,,,
-7.9988454388752785,801.7997841865342,1.0244548320770264e-08,100.3526464736626,-1.185878443676728e-09,,,
0.15757908861077416,8.350220878777483,0.03723929264769037,0.5713705206516276,-0.05281976505889498,,,
0.15764881643209722,17.066910333484337,0.009310732866930503,0.3080779003431433,-0.01320494127944917,,,
-8.0,57.741662890727234,48.26083458541068,34.85344742045169,-4.991852074797171,,,
-3.3773861948436243,11.3912608981288,21.69693181877675,19.150044547814986,-4.1901255992903,,,
-8.0,123.23928104643365,10.595014431691387,10.332645101167703,-2.9218507824017714,,,
-1.597821472701653,0.24059245823357073,5312.3794413989635,434.78376768231016,-8.04087398292566,,,
-8.0,33.54879772924476,142.9639147397483,67.35246774792866,-5.711101388822214,,,
-7.9988454388752785,801.7997841865342,1.0244548320770264e-08,100.3526464736626,-1.185878443676728e-09,,,
-8.0,94.83405884930306,17.886046566810407,16.311500319526985,-3.9170087817303627,,,
-1.5325400091472838,0.31071110465454144,2830.8361068359854,320.63429336288124,-7.5473837653394,,,
-7.9988454388752785,801.7997841865342,1.0244548320770264e-08,100.3526464736626,-1.185878443676728e-09,,,
-7.9988454388752785,801.7997841865342,1.0244548320770264e-08,100.3526464736626,-1.185878443676728e-09,,,
-1.5037259083183123,0.3158902005906581,2804.7934670096133,312.83655267103603,-7.53382480894139,,,
-1.458394104195167,0.27415287421041684,3372.6387153133815,344.78298822206267,-7.622383918882617,,,
-8.0,94.83405884930306,17.886046566810407,16.311500319526985,-3.9170087817303627,,,
-2.2411666290490984,2.523615044261767,111.02071013792629,58.57856403466577,-5.575973101299765,,,
-8.0,57.741662890727234,48.26083458541068,34.85344742045169,-4.991852074797171,,,
-2.4768554510823564,5.840887557915706,46.18232841711832,34.030416295910555,-5.0179397142169995,,,
-3.782779112919742,11.458367274051014,33.43211704186757,26.837273634795412,-4.673157890156577,,,
-1.8508043771653098,3.5868318947303464,31.16530383923525,25.328877127100114,-4.610752864567917,,,
-1.2170257624802874,3.235615534402671,12.229835400539033,11.612959191805215,-3.2284984680502378,,,
-8.0,36.389039533861876,144.55701874680614,68.42623715498686,-5.747642248162348,,,
-8.0,60.35482322776312,44.172430710822404,32.79757691534359,-4.9206638504250195,,,
-1.8434508859340575,2.9829062842018637,44.54888056418304,32.77879047839031,-4.940091675281627,,,
-8.0,73.61667844065715,29.689653551527396,24.543250977839406,-4.555019830083266,,,
-2.3382235737504473,4.5134409796861945,39.569677733450796,30.27646922830174,-4.830045166480024,,,
-5.070844414886442,11.547536622150309,126.20161254116192,63.33465584778725,-5.636971013795785,,,
-3.454442965878023,5.703392438605214,94.29896244088425,53.37384819841765,-5.459795288827182,,,
-7.9988454388752785,801.7997841865342,1.0244548320770264e-08,100.3526464736626,-1.185878443676728e-09,,,
-2.751318186814785,8.015927203394488,33.86456630622187,27.211436407124175,-4.7388725394240945,,,
-8.0,86.13012886209852,21.68809920546144,19.148359216988197,-4.18995547903829,,,
-8.0,65.36207778441585,37.663489085059005,29.28733278481033,-4.7838952077445365,,,
-1.618721111174664,2.2057079336509826,56.40923096738682,38.27455206861459,-5.14665181377594,,,
-3.5429643273038063,8.062197110657182,55.18741599186437,38.145076593459464,-5.109187919745571,,,
-8.0,59.566589900721375,45.34901439580861,33.40504945818631,-4.942036938065467,,,
-3.046614124255656,5.657896118668306,60.384913409824904,40.43446588073068,-5.161307052989637,,,
-3.8662155389971318,5.740149186740374,145.80499498995363,68.72607070462331,-5.722194251460077,,,
-2.206916312879119,4.485606449222478,33.536514329163694,26.829386650041833,-4.679095980674344,,,
-8.0,73.61667844065715,29.689653551527396,24.543250977839406,-4.555019830083266,,,
-2.1896827560823113,1.0612556495366785,585.0227450243906,143.704963128789,-6.583821991356271,,,
-3.401970898953745,9.967192763775904,36.42084038659301,28.61170742676716,-4.7654209521352096,,,
-8.0,62.92089161958903,40.642782610729746,30.934860926461,-4.850600994491018,,,
-2.9482854896161865,5.644264973000522,54.088849677857134,37.60946751085818,-5.08042487344654,,,
-8.0,32.19796674792256,155.2118358013853,71.18891572023256,-5.758835566221361,,,
-8.0,192.45976064933666,10.595227308945816,10.333335544552998,-2.95171275409734,,,
-8.0,50.927595318441085,62.039812814627815,41.18201305464769,-5.180006327620829,,,
-0.8894385180235794,0.2634599106133158,1228.9843601449677,207.04452355694164,-6.862413465766904,,,
-8.0,65.36207778441585,37.663489085059005,29.28733278481033,-4.7838952077445365,,,
-2.0418440771460387,3.850266036724786,36.03867226800284,28.255453010839993,-4.748844418326331,,,
-7.836149132609235,20.77468144399312,316.4423097097315,105.14975954712605,-6.159302869647145,,,
-8.0,99.66990800351034,16.18434147954519,14.976659939454906,-3.757229631277112,,,
-3.0201335445131567,2.825601265027678,234.69098743301134,89.29376294028805,-5.995782634599338,,,
-2.909709470378429,5.638550446684786,51.784969284926184,36.52998877442289,-5.04747592456933,,,
-8.0,60.35482322776312,44.172430710822404,32.79757691534359,-4.9206638504250195,,,
-2.1027523314489636,4.130529507108046,34.18121049714398,27.192813932038213,-4.698296785308651,,,
-3.779307815278941,8.102104752920978,66.6192502013961,43.0888022527027,-5.229831584646792,,,
-8.0,77.9580806398139,26.474813153991914,22.46087874262014,-4.431307402877349,,,
-0.5820886022415022,1.7311299159878595,18.88201632652542,17.413181439998382,-4.197000286428021,,,
-2.4701856242155373,5.558553229714973,31.006283023456838,25.327345126107716,-4.600329654998655,,,
-7.9988454388752785,801.7997841865342,1.0244548320770264e-08,100.3526464736626,-1.185878443676728e-09,,,
-8.0,79.99003007215313,25.14666434791896,21.570028312832815,-4.372535930701257,,,
-8.0,142.38809967983204,28.417874496032702,23.73095932405157,-4.628398447643591,,,
-8.0,123.23928104643365,10.595014431691387,10.332645101167703,-2.9218507824017714,,,
-7.9988454388752785,801.7997841865342,1.0244548320770264e-08,100.3526464736626,-1.185878443676728e-09,,,
-3.7608102879898544,5.726370542839415,130.70888518031117,64.59440723048029,-5.658361299943926,,,
-7.9988454388752785,801.7997841865342,1.0244548320770264e-08,100.3526464736626,-1.185878443676728e-09,,,
-8.0,100.1532297859733,16.184340121590445,14.976496366976768,-3.772264311729178,,,
-1.3132453902306522,3.6335413118839126,19.910654418708216,17.96038802058548,-4.150713289200725,,,
-7.9988454388752785,801.7997841865342,1.0244548320770264e-08,100.3526464736626,-1.185878443676728e-09,,,
-1.6949876497547394,0.37885249556245043,2494.2235057308203,297.0167924594729,-7.3476367072739555,,,
-8.0,66.4268436636169,36.46540061963619,28.611984985420417,-4.7545945289924445,,,
-0.9357934484487382,2.3437810906204706,17.63493561846262,16.060272906659637,-3.9609437119043194,,,
-2.9997400641058514,3.1360835739095054,186.14781950631271,79.06977571810783,-5.8661133684539255,,,
-7.9988454388752785,801.7997841865342,1.0244548320770264e-08,100.3526464736626,-1.185878443676728e-09,,,
6.641894162232351,36.0841453760352,1.0244548320770264e-08,3.8427293537061624e-05,-1.4785220393856666e-05,,,
-8.0,75.24356673011268,28.41932115167985,23.73147083559314,-4.508922500889362,,,
-0.25884363591580006,0.7378174525655452,34.96572488920372,28.04383100586312,-4.980986348103683,,,
-8.0,68.78466116908575,34.03535385595906,27.201193777050573,-4.705242479723959,,,
-8.0,136.48132723250944,8.638814458662827,8.639306082909705,-2.4478686087600017,,,
-8.0,51.543953550312644,92.51975460054081,52.812014122518626,-5.537350912151442,,,
-7.9988454388752785,801.7997841865342,1.0244548320770264e-08,100.3526464736626,-1.185878443676728e-09,,,
-8.0,75.24356673011268,28.41932115167985,23.73147083559314,-4.508922500889362,,,
0.5135887708165994,15.52686073907762,0.004544639496179746,0.17409739147017686,-0.013490617115022589,,,
-7.9988454388752785,801.7997841865342,1.0244548320770264e-08,100.3526464736626,-1.185878443676728e-09,,,
0.34952372842655616,8.05868228732245,0.025722015602743536,0.4333501239836155,-0.023561038075718604,,,
-7.9988454388752785,801.7997841865342,1.0244548320770264e-08,100.3526464736626,-1.185878443676728e-09,,,
-7.9988454388752785,801.7997841865342,1.0244548320770264e-08,100.3526464736626,-1.185878443676728e-09,,,
-7.9988454388752785,801.7997841865342,1.0244548320770264e-08,100.3526464736626,-1.185878443676728e-09,,,
-0.08816161901991577,0.05593199499658268,2950.88543968756,306.4705535859534,-7.401939076506866,,,
-8.0,123.23928104643365,10.595014431691387,10.332645101167703,-2.9218507824017714,,,
-0.2566879564498285,0.03786615506424483,11008.541860448862,520.5416095241567,-8.48362345604194,,,
-2.788308898210989,8.259892651440149,36.87213646865069,28.9964538283392,-4.832559126296413,,,
-8.0,79.25049577175076,25.81451485065563,22.018787102935573,-4.41775592108688,,,
-8.0,58.815793047186524,46.514469011747714,33.990868003781614,-4.962550877422346,,,
-3.6504319946628856,11.43964704146564,29.06382872340172,24.14439365317231,-4.532522348812106,,,
-3.574360093814997,10.119889194767964,45.29603245767411,33.40789402796739,-4.967718426312996,,,
0.7471800603608971,2.1521225877827654,0.1379330447097543,1.2309327060500628,-0.08889448982469284,,,
-3.082716056083734,6.539842871498575,47.13103573782456,34.27908657766159,-4.9734493817198615,,,
-8.0,78.9537772575277,25.81130345212314,22.017772959804834,-4.402721352534872,,,
-8.0,107.65327234508008,23.102228388826596,20.155666329606937,-4.300242893551784,,,
-2.9887609264288835,6.52401517682929,42.454246304208745,31.876425844137078,-4.887925861211999,,,
-1.6223317274583104,2.0544782888083457,71.1140626752004,44.566235445572694,-5.2854419265122665,,,
-8.0,83.92728823660055,34.031109199431896,27.200060073170604,-4.720332606053958,,,
-8.0,65.8852310407025,37.067545751252766,28.953121915677645,-4.769452367277736,,,
-3.356808378547184,8.05249195071161,42.4356392548014,31.880545302276765,-4.887188410375241,,,
-7.9988454388752785,801.7997841865342,1.0244548320770264e-08,100.3526464736626,-1.185878443676728e-09,,,
-1.1436019914486077,0.294896627641316,1544.0308781033973,232.3757304638837,-7.13632953022887,,,
-3.5416750489396938,8.078805967127813,51.751863677854686,36.533291224443644,-5.046025381397773,,,
-0.5048123920674459,0.11887688392625914,2301.796367239958,279.1007148201059,-7.248049200419157,,,
-2.350162036786631,4.515835574628819,40.15956163093701,30.601334700439917,-4.842961684451709,,,
-8.0,84.74846094957175,22.401292332147843,19.6593609913547,-4.231637918473671,,,
-4.049232189422683,11.4910954634393,44.18907362477742,32.799275486322514,-4.920543886974702,,,
-4.021069459038883,11.474153774591372,45.35198190646165,33.40079551323722,-4.9566713371799285,,,
-1.7242734308362004,3.1134904157374153,38.276757310753396,29.527824174577166,-4.799455678600711,,,
-0.2169604853193192,0.03488805434029384,11386.782421258506,634.75263317597,-8.00779140369756,,,
-0.24893541867072308,0.038920373829731535,10102.761845662122,543.0503043392356,-8.183546843991646,,,
-3.048430071177468,6.532708716952015,45.38735574388405,33.39494929564721,-4.943034545309959,,,
-3.342267460940732,5.091421004711979,104.43469546268331,56.6964221431792,-5.52366356350098,,,
-8.0,61.5918089072266,42.4156202799177,31.87986578168338,-4.886829228945978,,,
-3.2039972460311787,4.63526541002915,107.79358805447562,57.75713744399126,-5.543738189083721,,,
-4.525704871334636,11.532736401316518,72.27114104594143,45.37434006929309,-5.285560393548379,,,
-8.0,78.9537772575277,25.81130345212314,22.017772959804834,-4.402721352534872,,,
-3.2329614373402173,8.033591847563795,37.08641999901465,28.951358336018412,-4.769928475133197,,,
-8.0,66.4268436636169,36.46540061963619,28.611984985420417,-4.7545945289924445,,,
-8.0,45.44001516472907,77.92975170522782,47.54684157970787,-5.336364149468752,,,
-3.0454125801907104,4.001806543801029,120.55947926005928,61.6693763375126,-5.61330989648459,,,
-4.469899394800719,11.52101691713129,68.31109533049423,43.78889363405977,-5.2470033964448435,,,
-8.0,41.07748321004734,95.36130105589938,53.78007824873877,-5.466715432687052,,,
-8.0,40.25096725019025,99.31757107752927,55.06312873702476,-5.491994542948756,,,
-4.082795451387341,8.132044010379648,91.4567739065145,52.41774017997439,-5.439827301631872,,,
-8.0,43.44220560177235,85.26219770689059,50.24686715068698,-5.395190096911794,,,
-8.0,44.18466275523262,82.45434490605489,49.2275120716753,-5.3881128020800695,,,
-0.8846144324015116,0.23967655769464666,1469.7384304896198,226.01038927252458,-6.967122125962233,,,
-8.0,63.380820554612065,40.054648347911105,30.610872774447632,-4.837933567643383,,,
-2.7360529526404656,3.9487705480003665,91.05843821521137,52.25311594238653,-5.456407748590365,,,
-8.0,57.06215598981064,49.41725226290513,35.42333274069375,-5.010489167923242,,,
-8.0,70.31398465214428,41.25004499014788,31.258226404806873,-4.877859945201963,,,
-8.0,32.73352575197774,150.17408443783896,69.86909838335416,-5.739853327465704,,,
-8.0,38.64868641396223,107.72354551250162,57.7718381448263,-5.5422246702966484,,,
-3.0372291031129084,6.533117151288009,44.80419238602663,33.095621906847576,-4.932478761532267,,,
-5.164735944443065,11.568698623813187,138.52577843242312,66.77242117518809,-5.691743115898711,,,
-1.9429689573142592,2.1229761668252367,102.42803705361713,55.70916129239902,-5.547316828396367,,,
-8.0,39.699163834830415,102.09824281426997,55.973079837999094,-5.50930220851076,,,
-2.2775236978062825,2.84652663003925,91.70446779687897,52.33532680613588,-5.45376603435391,,,
-4.111340848525721,8.127037215221705,94.3209676523858,53.39585707058826,-5.458958207447878,,,
-8.0,68.75622618705496,34.036704862157954,27.19931575061752,-4.690501304595395,,,
-1.6337844772197772,0.5963688471963817,924.3425441229982,181.44899190281836,-6.7863707921501515,,,
-1.3065837379796101,0.4229359171117329,1037.1513667517715,190.94043026973213,-6.845947798344804,,,
-8.0,99.66990800351034,16.18434147954519,14.976659939454906,-3.757229631277112,,,
-2.6217076698201724,4.225367373388412,65.01257146909023,42.36811953143485,-5.2159561031713695,,,
-1.653933981540314,0.5730098918019103,1058.4216067484645,194.6171801508443,-6.817102601949716,,,
-1.7015916427414135,0.5611264430321035,1140.7796072014798,201.9506166657428,-6.871742173862043,,,
-1.4928853695696793,0.4990100374861195,1065.274966524756,194.9372787381851,-6.830741392849905,,,
-1.400837946221059,0.4745349396891036,967.6177799655302,184.92081486372876,-6.810216902452708,,,
-1.3377671919204148,0.44100286733315597,1059.1762118944812,192.18647167904794,-6.9250837797463,,,
-1.5756630203264868,0.4732892913569136,1299.7922293882052,215.32683782094685,-6.981168234828819,,,
-1.677894644179216,0.6036977273072688,942.3774596977938,182.65153639078287,-6.766214896204953,,,
-7.9988454388752785,801.7997841865342,1.0244548320770264e-08,100.3526464736626,-1.185878443676728e-09,,,
-1.503937192952693,0.501247992572427,1022.5669953244636,190.18021410449992,-6.860372077679491,,,
-1.5755090709790074,0.47833280024173236,1282.7559705406416,213.88882322153134,-6.97630790104273,,,
-1.3561283052592679,0.35063222613124834,1695.4055265002573,245.52855780796122,-7.169931243966294,,,
-8.0,77.30309447760585,27.126444639331858,22.892686002744114,-4.473484232547007,,,
-3.8168987833279377,11.463315757823567,34.65346337591373,27.559300614095132,-4.707260913506018,,,
-7.9988454388752785,801.7997841865342,1.0244548320770264e-08,100.3526464736626,-1.185878443676728e-09,,,
-2.2211441307415627,4.488954823890668,34.149469280898934,27.193792689699105,-4.696338443625287,,,
-0.15135332694858583,0.027456760522416895,15229.305473717464,699.3640519726424,-10.214009200833589,,,
-2.884731921202418,7.969145841561698,25.167896721323835,21.571164140437137,-4.373388692191992,,,
0.08981606750400761,0.011256836681510705,40265.57924741488,1847.0007235387493,-9.429114051588524,,,
-0.38785917585051877,0.044900730793229066,11456.135848012753,554.1524876768009,-8.007321425294144,,,
-0.011230470010935224,0.016447828798508566,26415.492035352305,896.586971548602,-8.958093960590814,,,
-0.1633184932056185,0.022146706076331655,23748.462856919894,726.1105211805327,-8.600677937145043,,,
-0.4218783890751139,0.05023010938108827,10048.574814261116,505.7065905622768,-7.953625542928502,,,
-8.0,115.67605293768482,12.02357012392914,11.553840303377019,-3.197723455028741,,,
-2.0796776999194573,1.1700453982366699,412.1527332537328,119.69302707679536,-6.389671598066465,,,
-8.0,97.113990205427,17.053472504207758,15.66380990949258,-3.8425215134743667,,,
-1.924132634677004,1.7675303918585894,153.7260646024525,70.47431160000968,-5.760516863267856,,,
-8.0,74.41564748860353,29.055564261151368,24.142056302584315,-4.532471727613284,,,
-8.0,136.48132723250944,8.638814458662827,8.639306082909705,-2.4478686087600017,,,
-3.08731271790754,8.008531633695249,31.59159128671504,25.714984283515932,-4.618029757836949,,,
-1.4765866752869108,0.4699095357164658,1250.48574017867,212.374852495996,-7.12010315728139,,,
-2.5611760050160703,11.15444458748296,8.644579309450673,8.639877486976284,-2.44851980113088,,,
-0.6598857854477204,1.6842417330807113,13.596704873742608,12.538600019557858,-3.4347532219958277,,,
-1.1552312344537823,2.4030534625925917,34.350502359262734,27.666794635950406,-4.765450130998491,,,
-0.3180455186521745,1.5361991562371937,12.043653714377884,11.89393798553711,-3.5283616129161786,,,
-1.6508635406496022,0.6352828494614748,855.0249695872944,174.7737005980335,-6.781350872519402,,,
-8.0,73.61667844065715,29.689653551527396,24.543250977839406,-4.555019830083266,,,
-7.9988454388752785,801.7997841865342,1.0244548320770264e-08,100.3526464736626,-1.185878443676728e-09,,,
-7.9988454388752785,801.7997841865342,1.0244548320770264e-08,100.3526464736626,-1.185878443676728e-09,,,
-8.0,103.26819313593951,15.267920567297931,14.232857675837968,-3.6877601374326847,,,
-7.9988454388752785,801.7997841865342,1.0244548320770264e-08,100.3526464736626,-1.185878443676728e-09,,,
-1.4879947597251793,0.5783456039377186,734.8015480092191,160.51253215159483,-6.672810930787877,,,
-8.0,180.96853029124077,17.887413223617138,16.308435859408817,-4.036262255564067,,,
-1.0613078910383225,2.6205180481412045,18.545314743916464,16.767153069949586,-4.003159993717803,,,
-0.32779788077450933,1.2579030409118037,14.453664983004279,13.606468879492445,-3.7102837505201154,,,
-2.5919889543930776,4.22260454226177,62.737462408068616,41.410889343931935,-5.1909052229880634,,,
-0.14998660773037745,1.0218934539368334,13.164688830710272,12.623711360078007,-3.622177741033986,,,
0.33584413444405725,0.3036533494329126,24.305783309003154,19.39670881128179,-4.364646456486655,,,
-0.397416376328957,0.04713335768953746,10786.208599582844,597.3462698084085,-8.029123372262742,,,
-7.9988454388752785,801.7997841865342,1.0244548320770264e-08,100.3526464736626,-1.185878443676728e-09,,,
-8.0,33.751317724162774,141.25380274672037,67.51718622991503,-5.704225831034022,,,
-8.0,46.8260610103148,73.3845747581879,45.81854636387216,-5.2964164372276,,,
-8.0,40.03542098685335,100.39036376758938,55.43017384026054,-5.498989385229565,,,
-3.6894021730221596,4.6726267461066415,181.74305924192916,77.68887946457991,-5.849696842670899,,,
-1.3882012409616913,0.4814381508024012,971.8529124121246,185.7612277071663,-6.828985366638347,,,
-8.0,35.474791891506854,127.86141338141147,63.78835738654255,-5.645542015479382,,,
-1.6083963430614208,1.3878718645184331,139.96919627511835,65.73040840284189,-5.801349924462898,,,
-8.0,123.23928104643365,10.595014431691387,10.332645101167703,-2.9218507824017714,,,
-2.6735684393328367,2.8010586314969625,157.81196668163926,71.72585108857143,-5.776116239747134,,,
-7.9988454388752785,801.7997841865342,1.0244548320770264e-08,100.3526464736626,-1.185878443676728e-09,,,
-2.5636044891315652,1.8902670915673576,320.6192003028318,105.41259430524336,-6.15896344259984,,,
-7.9988454388752785,801.7997841865342,1.0244548320770264e-08,100.3526464736626,-1.185878443676728e-09,,,
0.03380337863943656,0.02333297375449689,11392.480158000517,558.3348299380774,-8.502494925274984,,,
-0.06073737110365287,0.025589236910266797,12926.850896323273,629.7627676346743,-8.968678101238986,,,
0.08721824805334547,0.015529734924869027,21502.862484882473,1001.864036927648,-9.61839409359143,,,
0.07618841175679678,0.019681096287849337,13990.822646837854,611.2459544269077,-12.283526552371612,,,
0.0440111101316078,0.022408433988583068,17992.991232082502,526.9462989681091,-8.465759991833268,,,
-3.3818647349065447,8.054625454318767,43.61192297557537,32.49346932236223,-4.909968493520213,,,
0.15009016336185627,0.04259131435830802,21455.969452213216,977.4418496540153,-8.559046626078153,,,
-1.785766250235219,3.43424701229239,39.331851559772026,30.22874762040498,-4.834442527075317,,,
-0.25401211879444524,0.05357036302867677,5390.103028248859,415.84968109725384,-7.639812220190107,,,
-3.981270971076461,11.471019639390656,43.593008728333764,32.49654247534717,-4.9242729615899465,,,
0.04144325030633472,0.017349558971640828,20049.85323746737,593.411070523656,-8.776837164022988,,,
-2.543665647351271,6.370593586339291,34.522341680317744,27.548575221023096,-4.725427815905512,,,
-1.7116369782878336,2.7360366478303866,47.83102457410556,34.4868258833407,-4.98463369987137,,,
0.07063515073283386,0.01874647758750266,15603.493529203313,797.2728742613052,-8.646690806529485,,,
-2.9300518190825646,5.645424270370122,52.93873430794118,37.07086652942925,-5.064218650770321,,,
-8.0,49.79622107280397,64.89126210642985,42.38636679237518,-5.211724049028172,,,
-3.9465666722296504,6.633810793964503,118.95594075140919,61.190156961730395,-5.602000187914592,,,
0.03490895795813023,0.01880164732773945,17480.616676206075,634.9192418861611,-8.943936910043371,,,
-2.715269023043654,5.015065333284782,51.803997405307584,36.52543488622251,-5.048513540907159,,,
-8.0,68.75622618705496,34.036704862157954,27.19931575061752,-4.690501304595395,,,
0.07332044567117006,0.01686922432859095,19084.828902978417,755.2230443268784,-8.308986750899273,,,
0.11332939023880079,0.014544405207982678,25217.723271122886,723.6358063944441,-9.139552222015606,,,
-8.0,53.44684242014318,56.32941951758761,38.6706717405538,-5.109886750466603,,,
-8.0,70.31398465214428,41.25004499014788,31.258226404806873,-4.877859945201963,,,
-0.7605169038452191,1.0130213609713623,75.37540526780491,46.93907570309394,-5.45056837172859,,,
-3.365114402857194,3.79646118320909,192.6920995902175,80.21134874885989,-5.882868751586002,,,
0.0016847151782848787,0.022146677109967584,13946.359531030505,610.7099490696461,-8.466974084743383,,,
-0.08504104477010853,0.04018956033990754,5620.508011132662,405.3188187886715,-7.71710901604285,,,
-0.07750839322212263,0.03817423435568349,6079.979355373096,424.2709426399656,-7.864908509769023,,,
0.09361095604815889,0.015582716248764115,20946.180282420482,544.157734782458,-10.141015236821971,,,
-0.026102957893756003,0.026632782052239772,10605.283810613477,484.6804011640352,-8.258165177346411,,,
0.07920050304598837,0.020102350440547628,13238.385660444506,566.1685782899448,-9.615356037463101,,,
0.12343700407374981,0.013827201913519615,24009.99628748402,623.0372803154092,-8.927375456786564,,,
0.1039794349271438,0.018268090685843896,14693.030993678249,587.0177189046242,-9.061171330759361,,,
0.10785659347995018,0.016378511193903888,18077.597885023795,637.0642391119305,-9.806407055202992,,,
0.004395215240852225,0.022331986423852583,13599.544620615277,637.8256151819157,-8.164237926106615,,,
0.08661658633123001,0.01646640814999995,19212.867414594002,755.0726514191505,-12.87355194719807,,,
0.13090457882579565,0.01636942426596113,16672.338726993115,555.7891330464004,-9.108735603301408,,,
-0.041653667878691146,0.02239457823107659,15756.360713445949,556.6392636286093,-8.317662816716972,,,
0.06106245391307698,0.02012073752751287,13949.010101648404,687.8832645725828,-8.495796524590464,,,
0.1079031894792123,0.020405642278820205,11656.381909637188,615.7212497739209,-9.15822314754642,,,
0.10541862062404143,0.015086406181799539,21970.188422210624,605.634706881721,-8.965023930427988,,,
-8.0,68.14867365951866,34.645935321556934,27.560516873256763,-4.707280842322971,,,
-5.217187673620744,11.58796544198951,145.79237220042452,68.7325492254331,-5.7214980717713075,,,
-2.681553173679822,4.604850731587044,62.67372429992334,41.425010747495904,-5.203460042762629,,,
-4.447135051596639,8.144104913184476,133.49397740675246,65.37936384956639,-5.670210153707233,,,
-1.0982214676171824,0.5832037876468167,422.6290473029577,121.55461431273655,-6.465352622415322,,,
-1.5192128965163345,0.5058736419767172,1036.378588980676,191.52098236718197,-6.864365079143284,,,
-8.0,65.8852310407025,37.067545751252766,28.953121915677645,-4.769452367277736,,,
-8.0,78.9537772575277,25.81130345212314,22.017772959804834,-4.402721352534872,,,
-1.1075098789163387,0.5107354788276887,481.8820578115725,128.17888931042188,-6.422688688954386,,,
-8.0,58.454350674569696,47.09134969662182,34.28184238319426,-4.972506420238205,,,
0.0007007444105309106,0.356671960027928,55.68382754776677,37.11596119281641,-5.1556518276047,,,
-8.0,31.092234184956496,166.44752159641376,74.04881544284092,-5.798612824421958,,,
-1.506771046870085,1.8148214883807683,83.3015990162306,49.32886026085671,-5.4030596989361115,,,
-3.0277905749851457,1.8869753965048854,531.4587981896581,137.24073090148852,-6.439234595742328,,,
-3.642344320757339,7.417782570943399,79.55072200536884,48.18669046095486,-5.36023380479714,,,
-2.3602155673793788,3.7036872160980945,77.76831540792735,47.612030903252524,-5.3709731343844265,,,
-7.9988454388752785,801.7997841865342,1.0244548320770264e-08,100.3526464736626,-1.185878443676728e-09,,,
-1.109621946015467,0.3806922900562561,983.4896888475388,186.86066363957593,-6.773829923169077,,,
-3.6145810307077992,5.105286723126475,140.1952277598663,67.2141210660645,-5.699914246938081,,,
-8.0,90.91573684722337,19.4639233477228,17.511995075465112,-4.042257700080301,,,
-1.2121015683160536,0.42323727133815603,834.9118982814672,170.32108158409437,-6.926131817590667,,,
-3.5393317193458698,11.421351785450824,25.821160158053548,22.020313627232337,-4.4028196446303465,,,
-8.0,94.83405884930306,17.886046566810407,16.311500319526985,-3.9170087817303627,,,
-0.09063973695503515,0.05287696795596874,3322.4342093051373,318.2734144109908,-7.416069357867848,,,
0.5598279234927153,0.003858324800572971,108116.52926582788,1670.0119169027237,-20.20759989497541,,,
0.3798253659853241,0.008194479191774979,28476.48684195017,570.8502893112534,-9.40230870968276,,,
0.20971335695260168,0.013412888322449556,19061.32646667069,644.5107446011857,-8.241660378531527,,,
0.5110475610386801,0.00827804576660333,29700.130287682536,2418.9779002164355,-10.151765338977363,,,
-7.9988454388752785,801.7997841865342,1.0244548320770264e-08,100.3526464736626,-1.185878443676728e-09,,,
-0.09733438706132398,0.058969496801579216,2720.3858141555934,292.0249043158464,-7.275498988987892,,,
0.5464453288491041,0.017468026384211018,6695.260025093616,407.6539570864992,-7.87261952650549,,,
-0.07670456166266787,0.05244639583668196,3205.410506659278,315.1128873285207,-7.402071515606021,,,
-7.9988454388752785,801.7997841865342,1.0244548320770264e-08,100.3526464736626,-1.185878443676728e-09,,,
-7.9988454388752785,801.7997841865342,1.0244548320770264e-08,100.3526464736626,-1.185878443676728e-09,,,
0.47569378578110844,0.005122356545902659,52542.69475523818,430.9527634847988,-10.254997708639868,,,
0.5345808300324915,0.007245111159801415,21489.1998038973,458.8437779336805,-9.65973985158692,,,
-0.06860429928724188,0.05285903669564549,3092.064375853401,308.2145566645713,-7.346209624896385,,,
0.423178696933052,0.009505421145593159,18811.744270561496,704.7492871861698,-9.452832334219298,,,
0.3904299017151243,0.01160887797217522,13823.967654882897,574.5843604452547,-8.649803291138385,,,
-0.061302044195354594,0.04276190874495983,4597.053987489295,377.59389394685434,-7.551278806783227,,,
0.03570636573521891,0.06162799158151788,1623.106101973369,221.84276283076113,-7.08979773791709,,,
0.21722203655630262,0.01730636585889093,14482.48755936682,550.3439017641714,-8.166736988888411,,,
0.43523579325349115,0.0154070571203867,9960.22648383408,511.4539996280318,-8.05595975361004,,,
0.10307894132847173,0.030013076535409897,5419.5815516299845,392.12851802408403,-7.7482776938519935,,,
0.19162163714573377,0.017055852524429822,12492.650907786425,543.0124384432879,-8.130393785900289,,,
-0.05567533988885546,0.04521732065975617,4094.712653102614,354.05287776151346,-7.657682440722604,,,
-0.0014098722016160383,0.03748752187838909,4951.279200708818,401.7965523785477,-7.634054933557453,,,
0.8718385745279744,18.456378063011826,0.0017441362723767098,0.08339602207916691,-0.013639297191809558,,,
-0.0802003538643951,0.04836192675448877,3804.1626590425803,337.3302200982484,-7.601589395017701,,,
-7.9988454388752785,801.7997841865342,1.0244548320770264e-08,100.3526464736626,-1.185878443676728e-09,,,
-0.09042531561362217,0.03309301465002907,8430.610916970463,492.72576639232665,-7.886344028571931,,,
0.2367568803463179,0.013357459575945412,17476.129393356892,617.2555347657581,-8.7281195355589,,,
0.2559528313374797,0.03786682625765135,2034.1264181015315,239.93369016216653,-7.178912175045392,,,
-0.2071217459347934,0.09419649713788344,1520.4930876612714,221.35217493771006,-7.023776084681103,,,
-0.07687257878731746,0.0483981500703069,3790.248266906943,345.24010924962806,-7.453130016169462,,,
0.40559799087166204,0.009537692172176083,19340.613024981907,626.2290542129444,-8.723909910484078,,,
0.41724603427336515,0.009396519237089842,19084.44656407951,701.3912962201746,-8.677223770392281,,,
-0.08506315662067011,0.05910911082424984,2603.506549609064,283.5401234663305,-7.303070772040382,,,
-0.07244683961573674,0.054342765655791464,2932.8008952645946,300.75910739764413,-7.371448855735183,,,
-0.0868957450560432,0.056959747531091384,2821.105589659055,292.7651795012224,-7.317632136170783,,,
-0.02826553840876725,0.032358304587245465,7230.232051319306,468.04787418532476,-7.7993873964369484,,,
0.4555545644918804,0.01297813200005735,17659.14769729306,548.5865046973965,-9.635391229043305,,,
0.28735227820003323,0.011353336968750032,20387.47313939518,920.671031482466,-8.433985592262577,,,
-0.08556013242726875,0.04599138717683336,4293.359571507816,367.50204116764377,-7.532191093877633,,,
0.3853098468152003,0.01015935115257999,18293.526115613422,561.2345475578742,-9.457375300893641,,,
-7.9988454388752785,801.7997841865342,1.0244548320770264e-08,100.3526464736626,-1.185878443676728e-09,,,
0.46852998803014045,0.010506672401231905,19678.4118519537,628.8180962095206,-8.92948905529052,,,
0.4037713410442691,0.011461332583424999,17011.4585217195,542.8913207735294,-8.449869653814797,,,
-0.02057277857522325,0.04547571967043758,3605.991680263034,333.95989562585015,-7.55790048987723,,,
0.32412035061261874,0.017498224691846604,8156.311316951217,474.1211851111464,-8.277678947959158,,,
-7.9988454388752785,801.7997841865342,1.0244548320770264e-08,100.3526464736626,-1.185878443676728e-09,,,
-0.10683603683854197,0.05813521525645405,2899.8795722877758,297.71867687136006,-7.2995881044595725,,,
0.30621901357376985,0.013754175881104566,15313.539155530349,694.1150099867236,-8.272185341592134,,,
-0.09529191379230226,0.05247651291093322,3408.87133128903,331.8370865756291,-7.419326331922483,,,
-0.08473040412480518,0.0461426580178737,4293.359571331945,358.9503514779596,-7.541095334448379,,,
-0.31271282200991274,0.1735054053078533,595.7647808965157,134.2284388790841,-6.58679625454356,,,
-0.14992493101830254,0.06879827065984685,2394.665689851278,279.09737319782795,-7.286015061552349,,,
-7.9988454388752785,801.7997841865342,1.0244548320770264e-08,100.3526464736626,-1.185878443676728e-09,,,
0.2354261324985294,0.015022708367872034,15906.521751573006,595.9049517596015,-8.582145607482852,,,
0.2138068841115622,0.01499563109843922,16842.791869505836,689.1752436706922,-8.217268055394955,,,
0.512823366481083,0.009712150178046806,21368.445277186413,889.5287948036587,-9.166378250317008,,,
0.22131993997790203,0.014340018798548538,15954.902226497848,670.201755296294,-8.59757638647034,,,
0.5075840102643531,0.008100316662561556,23203.908384661823,539.4868857387697,-9.241348068219668,,,
0.39748495892708396,0.009927706052179084,22341.960517095755,538.657108834296,-9.852253031158138,,,
-7.9988454388752785,801.7997841865342,1.0244548320770264e-08,100.3526464736626,-1.185878443676728e-09,,,
0.2095690173854075,0.022274977845462337,6916.7245647281825,437.9510871795533,-7.769199451717244,,,
-0.09137522999210436,0.0468156463926441,4211.412782238254,366.72697662574166,-7.532663534860349,,,
-0.10849067273231197,0.04647252074052887,4582.235424137252,374.98641206374003,-7.59398495324858,,,
-0.10415556842532023,0.053684178767223735,3370.3325824973913,320.91235479508657,-7.3928418054589065,,,
-0.05505849988164159,0.03631532277053876,6270.9652702068315,438.93994916711137,-7.6992117581239645,,,
0.13981706829863957,0.022207061549699057,8801.075365792603,504.87422533429566,-7.928842605896078,,,
0.5193042283929818,0.006997889119607166,28983.997086812087,632.0265214442568,-8.488459378580751,,,
0.22658119909122287,0.01389607613666873,22127.476378843603,604.0633332667991,-9.260316685666616,,,
-0.09600959392632115,0.065034511710156,2226.0028608911894,260.47443492323055,-7.373786680826291,,,
0.29321876086042115,0.011345347082735262,20000.00992289037,898.7659288401135,-8.419950168880165,,,
-0.07251208236361195,0.052134564640948025,3198.1031206467374,314.98428071847354,-7.376082671899761,,,
-0.062203157522854144,0.06151623242220472,2244.996400738825,264.00061164290804,-7.203779788607406,,,
0.49204531698987375,0.013514272866384226,10706.871586553769,546.8886752621004,-8.257797965045455,,,
-7.9988454388752785,801.7997841865342,1.0244548320770264e-08,100.3526464736626,-1.185878443676728e-09,,,
0.21672784555587868,0.015888146667395367,13255.874339147269,650.4033021351022,-8.220800149956323,,,
-7.9988454388752785,801.7997841865342,1.0244548320770264e-08,100.3526464736626,-1.185878443676728e-09,,,
-7.9988454388752785,801.7997841865342,1.0244548320770264e-08,100.3526464736626,-1.185878443676728e-09,,,
0.37991631202178294,0.01707583933177365,7401.715855362571,441.204838631679,-8.058840237367939,,,
-0.1370644868997781,0.06002523086327049,2974.727089605755,305.6584490816064,-7.314707159181238,,,
-0.07626624284030234,0.04304609445966884,4779.222560214113,387.9245275659905,-7.590890501594748,,,
-0.09405271315736834,0.05560882369349298,3069.74505857102,314.41159216470584,-7.4929946605140785,,,
0.4912949111151445,0.008358426230162773,18729.7524013723,553.7814116679207,-8.628283113762441,,,
0.2358117960085623,0.013448927772555038,17331.170022173,616.2858977277001,-8.322364729691737,,,
-0.0771046547504313,0.044711826549177255,4456.289291337547,369.91606211852724,-7.522906676979481,,,
-0.08119245345050385,0.05199735635833565,3293.1321103434734,317.21629110046786,-7.502546975603047,,,
-7.9988454388752785,801.7997841865342,1.0244548320770264e-08,100.3526464736626,-1.185878443676728e-09,,,
-7.9988454388752785,801.7997841865342,1.0244548320770264e-08,100.3526464736626,-1.185878443676728e-09,,,
-0.07630666564829507,0.04838634005920296,3791.0689312405098,339.72077342882244,-7.431415480198625,,,
0.49667575440720774,0.010820159587329388,15664.356122299163,521.0714533461152,-8.483212299949292,,,
-0.309338418283318,0.15272574603170902,796.5022677477374,160.76031692069492,-6.66467348503734,,,
-0.08732497389960411,0.05370506146020211,3184.488274962982,319.5705538487975,-7.347772646055734,,,
-0.09287947626606034,0.04284876449539345,5087.414756906186,397.8425835699505,-7.699101084102194,,,
-0.02980717639820482,0.044175519927296965,3892.31582429764,350.15704175035137,-7.4914870480001605,,,
0.24372503096767845,0.015080932877104075,13392.97774017144,610.5625048160503,-8.205238011042393,,,
-7.9988454388752785,801.7997841865342,1.0244548320770264e-08,100.3526464736626,-1.185878443676728e-09,,,
-0.1231039859134614,0.044039758260886325,5324.212145839588,402.48882055528327,-7.644837841175055,,,
-7.9988454388752785,801.7997841865342,1.0244548320770264e-08,100.3526464736626,-1.185878443676728e-09,,,
-0.0656286662226524,0.05225923468714476,3128.125507261893,314.0095449616162,-7.41532553208213,,,
0.4906460826127887,0.016296046310132973,7676.971664535184,438.763149734017,-17.15708113808677,,,
0.5007016997189471,0.007981980877313909,19870.05010174531,1099.0034467298915,-9.389984496516181,,,
-0.007158085736394706,0.04941174355579075,2899.6538485112656,298.06006881483876,-7.318455226148043,,,
0.2162446755231153,0.015714283586612688,13538.333617702594,656.5799097362946,-8.207107709690192,,,
-7.9988454388752785,801.7997841865342,1.0244548320770264e-08,100.3526464736626,-1.185878443676728e-09,,,
-0.07768989922351363,0.058701097149874516,2570.1564511738416,283.36125027239694,-7.3624881452008735,,,
-7.9988454388752785,801.7997841865342,1.0244548320770264e-08,100.3526464736626,-1.185878443676728e-09,,,
0.23749986175767623,0.015332264125266776,13242.7781282132,688.7089126934429,-8.374281102009181,,,
0.27852282784152105,0.02902029414004516,3211.8523526456115,297.60608293144446,-7.409638688652778,,,
0.5172221637121105,0.012257118634894938,19164.85660311863,616.7155245051235,-8.66324760142321,,,
0.3959781622041705,0.011782006456867097,16472.082258957944,769.2039972347941,-8.227350972818408,,,
-0.11898329431739096,0.06986819513220716,2083.513235283433,256.113081413154,-7.129379474326314,,,
0.500790954575718,0.005686924665743192,39329.762619422545,1017.3160170533836,-10.715408680357294,,,
-0.05596502389555448,0.04871441497326518,3488.0087011347186,323.39984190196594,-7.398035334903469,,,
-0.12098924707566482,0.05723947779612782,3115.698568976821,309.01902397457684,-7.372658396637759,,,
-0.09561876190704602,0.04780294901343309,4128.276326287328,357.016459284583,-7.495140372832979,,,
0.4107842098252474,0.014437731008976086,13455.948605709398,540.6053744911457,-8.822690517478517,,,
-0.0911922452961378,0.04710864534984684,4200.737587402696,363.6027094142089,-7.5324649393318515,,,
0.2983242364661856,0.02372228244366846,4498.776089281689,354.6955382194662,-7.577056948338987,,,
-0.03365663867242789,0.026816013627636012,10762.015448694257,525.9081892813668,-8.070567662565928,,,
-0.05835067753566802,0.05215178276014347,3056.319506911627,305.5993534132442,-7.366511071199763,,,
0.22709719640541803,0.015209528637111737,13961.215156239188,667.9006864494038,-8.217533543549571,,,
-0.09095605444938597,0.04473528985373366,4641.127425897473,377.42811385342424,-7.567071385199837,,,
0.05530810725696844,0.030214481258205146,6275.795894624714,436.43109464474975,-7.757352978732545,,,
-0.1003133431290543,0.053894439462348585,3345.3788134675556,328.2261945800697,-7.665544095203904,,,
-0.10758416504333065,0.05689537562974937,3043.6205453272178,308.5300115595308,-7.372936343180411,,,
-7.9988454388752785,801.7997841865342,1.0244548320770264e-08,100.3526464736626,-1.185878443676728e-09,,,
-0.13913458882447116,0.058784950556643074,3159.468813638245,318.6535865154267,-7.422264736695316,,,
-7.9988454388752785,801.7997841865342,1.0244548320770264e-08,100.3526464736626,-1.185878443676728e-09,,,
0.4801995952177634,0.01986713829232992,26389.69678243616,559.360910809568,-9.488858038207622,,,
0.4013914087018828,0.010264924184379215,16941.202719336656,594.8362393672146,-8.54347391713256,,,
-7.9988454388752785,801.7997841865342,1.0244548320770264e-08,100.3526464736626,-1.185878443676728e-09,,,
-0.12122890389776739,0.0640382501715576,2506.344830063959,284.04649044849714,-7.239290466787597,,,
-7.9988454388752785,801.7997841865342,1.0244548320770264e-08,100.3526464736626,-1.185878443676728e-09,,,
0.0830654201657886,0.033824509567283154,4562.627640011138,364.7109899686955,-7.589453276359232,,,
-0.08286491403938659,0.04941500427356542,3699.0961422456535,337.76479633397594,-7.491130085638931,,,
0.44047235189855344,0.012700728545196221,12201.298879837881,561.7755512716826,-8.333096255108716,,,
0.4981426386694374,0.012018610909868149,15884.43405257398,631.5274642174694,-8.6334656953606,,,
0.27419714399277034,0.009529767515556705,30237.46855884724,901.0140666820865,-8.813930803489477,,,
0.09853288383684172,0.03129735471315599,5079.416804042983,399.2779633306888,-7.613383460654704,,,
-0.04775346737790777,0.04375183048830927,4208.76375778277,357.14292262116146,-7.5850680807288855,,,
-0.09254093448524718,0.051867445801831814,3451.418589181374,328.76161988437224,-7.40581092782942,,,
-0.09792060325363852,0.05958053117623739,2675.90942777972,289.6948634661732,-7.259808662291151,,,
-0.21784230347585054,0.12521788862609717,894.118908340989,170.4049901094497,-6.819351320986891,,,
-7.9988454388752785,801.7997841865342,1.0244548320770264e-08,100.3526464736626,-1.185878443676728e-09,,,
0.030194123692918344,0.039349259228903595,4037.5592845923793,345.8225684681081,-7.4677397258771965,,,
0.2132692616297992,0.01644009776373064,12505.525289068935,713.8464187012331,-8.128021574933575,,,
-2.5611760050160703,11.15444458748296,8.644579309450673,8.639877486976284,-2.44851980113088,,,
0.4663069351323946,0.013236758384622672,12077.775477283787,613.9759394332937,-8.428854400492371,,,
-7.9988454388752785,801.7997841865342,1.0244548320770264e-08,100.3526464736626,-1.185878443676728e-09,,,
-0.3906730978473808,0.1647138973626693,853.874982170857,165.84256131192495,-6.6725857683504435,,,
0.20545707899566873,0.020274292828203967,8421.690459448915,469.94608995782056,-8.075293799052469,,,
-7.9988454388752785,801.7997841865342,1.0244548320770264e-08,100.3526464736626,-1.185878443676728e-09,,,
-0.08766845859260293,0.0391399683358832,5979.026280503493,428.7407018125977,-7.712412038231903,,,
0.49997713650672226,0.008527790739974525,21798.708481936752,581.3320147056863,-12.216843521208887,,,
0.3006872054249393,0.013376570719947255,14031.637749089443,621.0757476224519,-8.271436531280813,,,
0.46922287148235137,0.007084602796891382,28058.263151285184,628.5577459808088,-10.177523038159265,,,
-0.10011230652684046,0.0490269226287942,4007.579519503543,356.4836780447441,-7.555811611523297,,,
-7.9988454388752785,801.7997841865342,1.0244548320770264e-08,100.3526464736626,-1.185878443676728e-09,,,
-7.9988454388752785,801.7997841865342,1.0244548320770264e-08,100.3526464736626,-1.185878443676728e-09,,,
-0.07768229840055516,0.05372740499972045,3076.3905983629984,310.5971018625859,-7.475415808880022,,,
0.19333105187004632,0.03896824570970688,2378.162647278223,259.02425526239546,-7.252049906418119,,,
-7.9988454388752785,801.7997841865342,1.0244548320770264e-08,100.3526464736626,-1.185878443676728e-09,,,
-0.10723252442825734,0.05228168711670483,3560.6055380947664,331.7291306912559,-7.496589509714095,,,
0.5116778705129247,0.008782827902504009,25696.261976774815,551.0730339913738,-10.126968139540768,,,
-0.07439137270952609,0.04663437344020918,4050.715145085951,352.84546932951986,-7.467780125178331,,,
-7.9988454388752785,801.7997841865342,1.0244548320770264e-08,100.3526464736626,-1.185878443676728e-09,,,
0.5138564134813127,0.009396905174838037,17977.955208619736,785.1297645491303,-9.461646016915562,,,
-0.09464766315274752,0.055493698057145,3009.7663084309816,302.25362994797956,-7.483927758247318,,,
0.4954152846220395,0.011813557472890639,11750.717525762137,636.5569160633834,-8.36278998743032,,,
-0.10001850988093623,0.06430551071515628,2351.504174901531,273.4415668993142,-7.394970305776669,,,
-0.09825652748517069,0.05184859293693345,3549.8329306126993,336.4425209929795,-7.423125208467062,,,
0.5091147144255382,0.010615635011948295,18036.29235921944,677.051528455975,-8.640080280896363,,,
-0.07501937948803475,0.05328161404229176,3076.7982268955407,303.47337411581344,-7.480452317526237,,,
-0.17290718137145153,0.13534933335274393,657.5752991230526,143.44843942864676,-6.5784886594525585,,,
-0.10928062016359756,0.053367338589105126,3465.6712918467697,332.8614781845498,-7.40852173699195,,,
0.11734376568080887,0.026216597922521834,6785.7507981434055,472.484180728632,-7.767904725864778,,,
-0.06478452140870639,0.049997218981978564,3447.635182823969,323.32984950860197,-7.5285984089334415,,,
-0.10864566836598936,0.06758932559484619,2154.473367894428,258.4421292771823,-7.161041001918479,,,
-7.9988454388752785,801.7997841865342,1.0244548320770264e-08,100.3526464736626,-1.185878443676728e-09,,,
0.2309544748995475,0.01641696078973318,11832.746385186463,579.9504086205229,-8.007754140925657,,,
-0.11192814039770359,0.05417250533724696,3369.2442054304556,322.757596427983,-7.476154974863616,,,
-0.07991176301005416,0.05571041024016235,2865.6727596805085,295.5420885412483,-7.391995729144415,,,
-0.07524687379428094,0.04583318500075746,4197.519753732177,360.8166857732114,-7.489476116543826,,,
-0.10960814274668608,0.061816458993384796,2593.0097968223486,286.2352639928806,-7.278912904847251,,,
-0.0864940217918901,0.05273510834143225,3307.1169719705194,322.3854165864278,-7.385317142388846,,,
-0.12221287307092675,0.05443736772217906,3475.5843278430566,329.2449316921089,-7.4149425337689046,,,
0.682976697208418,8.483293268770582,0.011575321226104529,0.23135791283922075,-0.024323761060511803,,,
-0.08291125078661243,0.056206633758715735,2873.3336672859396,298.75618821732274,-7.360214862086872,,,
0.09834282106805364,0.027534588749757276,6529.82483632508,419.30804698267764,-7.951616481095941,,,
0.5339371413597451,0.012091893559804796,19860.35057723103,565.0075080627233,-14.612761178741437,,,
-0.08993427932533238,0.03840677561153961,6244.350998175009,432.0174344642181,-7.892856751184897,,,
-0.0005097095023667038,0.03376480359657439,6081.133352264961,445.3101660305734,-7.700775752456727,,,
-0.09886195263769605,0.05448542010768988,3221.426725879547,319.4911530875469,-7.411495018153681,,,
0.3232049572408628,0.031689077406484405,2438.5650127079102,258.84658932138063,-7.273896461175658,,,
-0.0844208364393642,0.04548139392925491,4367.024308537763,360.09249832076955,-7.566249431185395,,,
-0.12492400581218285,0.05644155218363542,3251.672371732216,321.0378301486422,-7.483746474384085,,,
0.30971040080232326,0.014873226311782848,12528.011974992014,658.2710577933707,-8.489086353840609,,,
0.529638255255305,0.01346909294137021,10446.535788308152,494.92504302949357,-9.099243485975299,,,
0.22711448974022908,0.0226263204460389,6319.940102387061,436.0951943401972,-7.888187433217932,,,
-0.0918968316710067,0.05482293344375321,3100.919349754261,310.84948666540373,-7.457594195552329,,,
-0.07282168835716042,0.0441870391570807,4456.747507089816,375.0237277289736,-7.561112452137852,,,
-0.09374541391104375,0.06145778566253124,2493.2950050423224,279.23467768166614,-7.310184477068612,,,
-0.09898915839588589,0.048215342413739835,4114.750770220158,352.8737597431126,-7.5088216169213435,,,
0.290025309398741,0.020024183492419037,7077.948615625641,426.98313530902766,-8.183774633983804,,,
-0.07178783640992176,0.04432200517452986,4448.57843064454,372.21937386840835,-7.60426868270699,,,
-0.07934447693112485,0.052795129717750036,3205.410506423321,314.7121160941547,-7.414179059574665,,,
-7.9988454388752785,801.7997841865342,1.0244548320770264e-08,100.3526464736626,-1.185878443676728e-09,,,
-0.05349581638788662,0.04899334284053644,3428.836941466275,321.338401620786,-7.399071939309397,,,
-0.11886430483861452,0.05175962363990682,3826.6295899158795,348.9877633109586,-7.51813922922251,,,
-0.09970205408534243,0.04518241707819554,4695.794036084681,384.3966479462987,-7.547695665851074,,,
-0.13484534224333813,0.07372468443479653,1969.737238419105,248.86178650442287,-7.125598105635675,,,
-7.9988454388752785,801.7997841865342,1.0244548320770264e-08,100.3526464736626,-1.185878443676728e-09,,,
-0.07782406927923854,0.052003907342139624,3272.914008617488,320.6108180695827,-7.3820792387008245,,,
-0.07347573387169583,0.04977678998764487,3553.3596106145756,332.63871385444946,-7.468410473427713,,,
-0.10929809138662619,0.048062566258961235,4257.155537799438,363.7286888495423,-7.520168349410795,,,
-0.09832963289791462,0.04857965246155623,4046.4842721108257,356.4610190628386,-7.565648671338411,,,
-0.07858165720335783,0.04742508097886948,3960.4874370315383,347.75168611321277,-7.495618400782291,,,
-0.1463096885823495,0.07509709109240736,1962.6829845938225,248.54155596751932,-7.113237935147895,,,
-0.09307512107391169,0.05618662810381774,2960.3625668535083,309.73194835928643,-7.301023481854046,,,
-0.10305920551092698,0.052940581208085355,3448.703686031841,322.83609191004876,-7.4651558208726305,,,
-0.09670450483614305,0.045504007704319525,4572.645218996589,380.2354359049265,-7.535140604420964,,,
-0.07378945802354156,0.04620123877512257,4118.744047953237,362.3183166058408,-7.491614204130473,,,
-0.10388860299842241,0.047360015734997846,4316.727046011477,370.7856325676183,-7.526399541552665,,,
-0.08296997805509312,0.059620335770089614,2527.9082222297,279.1089805445551,-7.342926023898992,,,
-7.9988454388752785,801.7997841865342,1.0244548320770264e-08,100.3526464736626,-1.185878443676728e-09,,,
0.4967274515321521,0.008323479446626257,18515.939458571447,609.0774709877154,-9.26479422256699,,,
-0.0891350343780187,0.05010684263827045,3680.2169751339948,335.72913897573534,-7.4783465118400265,,,
-7.9988454388752785,801.7997841865342,1.0244548320770264e-08,100.3526464736626,-1.185878443676728e-09,,,
-0.08723996192031883,0.04214624794102536,5162.94890807377,389.52140684846876,-7.57906657965319,,,
-0.11296763634223206,0.054460069994304236,3369.2442054521625,323.3162622285345,-7.374325460121615,,,
-0.10796796177134563,0.050967582534558686,3777.629209474888,338.0178349825339,-7.510808222534637,,,
-0.07290371195665471,0.061866490020177425,2277.9686781420223,264.97623107781214,-7.183073166865829,,,
-0.04246824544733674,0.034760349786982545,6560.854992040366,446.39448951398657,-7.712425331285075,,,
-0.09129830237002681,0.03651560205125262,7050.974073353945,479.2134627959993,-9.28933625135829,,,
-0.12108523890468759,0.0365913372651453,7612.363061173302,450.7790403688111,-7.804105960813639,,,
-0.05756571310786992,0.058530597874282324,2443.031112445519,276.8495900439412,-7.345332194512154,,,
-0.09200500000530133,0.0583761544741121,2701.3418728487727,289.0810086582129,-7.352572008547907,,,
-0.08697725726980668,0.05173203709149994,3439.7841115381684,324.223285209099,-7.410483821837499,,,
-0.08177455299898144,0.05771119970872228,2687.2755059071083,289.342163316731,-7.288741779422576,,,
0.21531950145455625,0.014988353852425215,14983.85933534765,614.8670319754755,-8.273738872984058,,,
-0.07023656901005458,0.045122012534688234,4242.833566822564,358.5895724027891,-7.530919014206493,,,
-7.9988454388752785,801.7997841865342,1.0244548320770264e-08,100.3526464736626,-1.185878443676728e-09,,,
-0.13542773478966882,0.05275358917704927,3862.651216955583,344.1790025370491,-7.468121715104462,,,
-0.11242007416240199,0.05322492520375673,3509.283151448982,331.1643665790654,-7.41790618096249,,,
-0.09226511061510258,0.061670885530337075,2451.5785019404952,276.9868297773898,-7.228833408170276,,,
-0.10388839590631789,0.04472767433278014,4803.873958886397,380.3093554035509,-7.59945975381894,,,
0.21102617821463257,0.015706517577016722,13824.764295373354,627.8578530773839,-8.115078263162284,,,
-0.29619164372641477,0.21888944067020671,376.7555776209058,109.91317641229003,-6.323914972579137,,,
-0.08972147690908401,0.04714670507432289,4182.0221005150315,358.58672074703065,-7.554752844928544,,,
-0.1376820757633238,0.09455664335200563,1228.4784090049448,197.03939533652377,-7.106128041189597,,,
-0.07345877491269877,0.037031617508402004,6373.951249118754,436.10303926903975,-7.728049722148082,,,
-0.11159777247264414,0.0628348375725391,2548.074558967444,282.6677365339014,-7.365059045966398,,,
0.3969871308610482,0.010589828987329042,16099.76271784691,651.2537650915798,-8.59058348345143,,,
-0.03230848189286096,0.027266341280445618,10347.222092276706,589.2453689376725,-7.955912025103824,,,
-0.0902406752708517,0.04606991478326353,4345.254154089149,372.8476739329231,-7.599280514819009,,,
-0.09358739467786972,0.05288957131949544,3343.9157836066793,321.4411158357845,-7.4617202181821405,,,
-0.08518837278208928,0.0612635267030979,2426.9576730692415,277.805684101565,-7.264810497518012,,,
-0.10553003431566786,0.05365015603512384,3408.935662628187,331.5374616247969,-7.463527684124923,,,
0.28358533491864607,0.014247508535408468,14111.667994133444,625.6651699323688,-8.323378578697525,,,
-0.38618451895219574,0.17518819154062734,775.2129112309711,161.01212137277733,-6.746284987845462,,,
-0.08623516230519346,0.04729805206943179,4092.773267624836,356.18805046287065,-7.487350110261994,,,
-0.09871111984630206,0.050195404632539874,3784.755632129078,343.77841070844454,-7.4752279910522414,,,
-0.08110025919642104,0.04801266121913835,3924.183864374552,348.3052285616349,-7.490013248492498,,,
0.09301427794544603,0.028757265611086533,6126.83519878152,439.57789230244435,-7.723491866476191,,,
-0.055336289447585764,0.05215147966996298,3045.170672139444,308.57585809489535,-7.43204004800701,,,
-0.07754523636563129,0.04005201281726439,5533.760565650929,410.92414340203425,-7.632167403443813,,,
-7.9988454388752785,801.7997841865342,1.0244548320770264e-08,100.3526464736626,-1.185878443676728e-09,,,
-0.07250080759837778,0.05962537480463564,2447.92666628116,274.9147036791293,-7.236589197457228,,,
-0.08206201616851015,0.04510671027530743,4429.840001980122,367.8371807955696,-7.526252973522699,,,
-0.1323365890219796,0.06492310223055377,2525.3340327420347,282.6428437102486,-7.241078680962608,,,
-0.06648072104895496,0.04296995616495497,4655.628574395232,383.2471614249357,-7.570248761126376,,,
-0.13052897991821713,0.0409023521774942,6317.356466754376,451.1851361169713,-7.71987042992494,,,
-0.10766698406154322,0.05344738238147192,3435.564844292556,327.2887019900234,-7.389522076144789,,,
-0.08217263363977094,0.05072422897490364,3509.7936459435323,329.6428406209452,-7.534301116245145,,,
-0.08890735821898295,0.05257971065515168,3332.21622052621,322.5841673858593,-7.364944135360847,,,
-7.9988454388752785,801.7997841865342,1.0244548320770264e-08,100.3526464736626,-1.185878443676728e-09,,,
-0.04740353258301915,0.05050408253516809,3151.7698317339373,315.6084768249484,-7.344551791559939,,,
-0.0747953023370149,0.04469096320307746,4400.633643857807,368.4654419194853,-7.568741356502111,,,
-0.3811805571301263,0.1789316922938498,704.1049244320997,151.1147758388709,-6.586132588867752,,,
-0.08908667156880057,0.03419395473152253,7942.145914512008,524.870404392502,-7.927282579336408,,,
-0.09947684155299241,0.04856000887174016,4044.605397125867,358.2939498986394,-7.570144141680835,,,
-0.08492415643171349,0.044119130250691405,4638.75724120826,368.2591462554465,-7.711514522268546,,,
-7.9988454388752785,801.7997841865342,1.0244548320770264e-08,100.3526464736626,-1.185878443676728e-09,,,
-0.0936094359552666,0.053906991377386394,3217.5408407647114,311.91256325881386,-7.414478318717127,,,
-7.9988454388752785,801.7997841865342,1.0244548320770264e-08,100.3526464736626,-1.185878443676728e-09,,,
-0.10959854980745244,0.06218351099516686,2583.3826824890384,284.31606617377486,-7.345504750786991,,,
-7.9988454388752785,801.7997841865342,1.0244548320770264e-08,100.3526464736626,-1.185878443676728e-09,,,
-0.07986476464164563,0.04662193862377194,4084.129119660903,350.67752636214453,-7.5966520886038165,,,
-0.08848060929199288,0.05404976774484231,3164.717294836558,315.6167116721008,-7.361643113796447,,,
-0.09494064402908985,0.05194159576371569,3487.408821902402,332.77262709879557,-7.6601346750194885,,,
-0.1172427231360885,0.06164803845940601,2710.2618599164184,297.31509231476804,-7.516224933832262,,,
-0.08902408898711901,0.05651435358995464,2905.0655509394815,302.0392345935509,-7.350682373465182,,,
-0.08604554264439672,0.04552270727040781,4397.235634657646,358.628915401621,-7.527781985639239,,,
-7.9988454388752785,801.7997841865342,1.0244548320770264e-08,100.3526464736626,-1.185878443676728e-09,,,
-0.07677863554897299,0.04589644230123767,4175.252297582506,361.6597329897319,-7.675057791179472,,,
-0.10247701257785148,0.04645827846359584,4493.67873308677,381.7068928916222,-7.641520943053622,,,
-0.11486465233236758,0.053140368510929716,3560.561384199739,334.18451200350654,-7.4191358899788025,,,
-0.08953319439575214,0.05292188569566892,3307.0495158915583,318.263972980208,-7.478719246980697,,,
-0.4111818463010199,0.1658399277642993,908.2191847984967,173.48882072469124,-6.713027327579904,,,
-0.08219516407787049,0.05020250663009063,3580.91510569249,334.52167514827227,-7.437808642600158,,,
-0.09728225216597214,0.05548589386356419,3108.912279078314,308.8510992005026,-7.433772357943912,,,
-7.9988454388752785,801.7997841865342,1.0244548320770264e-08,100.3526464736626,-1.185878443676728e-09,,,
-0.1294391611374718,0.07777572376146305,1748.2207925920263,234.18738551765614,-7.1584443308088614,,,
-0.08429485679809798,0.057506045861658285,2746.598102170265,290.05280698241125,-7.279900041276591,,,
-0.08817651183150224,0.05042817610487223,3616.896286196474,335.4021095758038,-7.481382228569399,,,
-0.08893347055666301,0.03520027203135439,7391.048266877817,493.8484578620726,-7.982790060888128,,,
-0.08483265028677613,0.04779133622563816,4018.604502071129,354.8965243244082,-7.539637664915767,,,
-0.09792777522517578,0.05040577306529883,3746.332158792121,342.21696107799295,-7.495183081389985,,,
-0.08396256013319778,0.04992519237681717,3635.2020438173563,337.5595416259431,-7.4297242336631175,,,
0.22552487308186445,0.014394471680141411,15657.81761648954,622.6996974402723,-8.192583652747484,,,
-0.21832582173201392,0.12822320298232553,833.2802507755276,163.06308695299725,-6.724153907387336,,,
-0.08331525137223873,0.04542562452564792,4402.259481737634,374.0930216843412,-7.518930473553413,,,
-0.06793042329765887,0.04398168537819541,4446.947545895364,370.60809823131274,-7.722254689635953,,,
-0.09300419300239064,0.05665744763250619,2910.813833684471,300.5685677377805,-7.312068080760434,,,
-0.17314492085342695,0.1198759364747502,850.8294978289821,162.2190483625625,-6.697819611925595,,,
-0.08422941170701992,0.05708820777159746,2789.7958049467165,292.7807911672718,-7.270190093109923,,,
-7.9988454388752785,801.7997841865342,1.0244548320770264e-08,100.3526464736626,-1.185878443676728e-09,,,
-0.19140931822194332,0.10584477329277052,1161.152939765882,193.42478663825725,-6.916153423254124,,,
-0.08886767849372827,0.05144508069300135,3463.632721710195,329.355418481291,-7.502575128751866,,,
-0.21328606575120232,0.25880913061249244,201.46642847481985,77.47911150607779,-5.904593269399891,,,
-0.09515689294800257,0.04773758327822421,4124.423101326468,347.6225565750066,-7.482645643503125,,,
-0.0920014157080547,0.05441804814872362,3146.142178975388,315.1114075404031,-7.368627776016999,,,
-0.08393302038663411,0.061772050716454203,2396.3167035374763,272.9891810938016,-7.251586412188264,,,
-0.4133059045106025,0.19935384333499456,602.0468483556798,138.28659932460315,-6.5557628240118095,,,
-0.09377610545350439,0.03530710364390445,7484.723908120085,465.2706703803311,-7.818010349709876,,,
-0.19542003863291915,0.11234727402958176,1020.9478620185555,177.88307882986504,-6.7682428903611065,,,
-0.06584316973557745,0.042691041961527655,4681.291076299872,375.5450072787454,-7.668359998949916,,,
-0.07487707235148605,0.06036491737375755,2440.294635021535,275.42182636292443,-7.283831757327191,,,
-0.031172467305797164,0.03757124198933505,5431.262366326256,406.76544775151575,-7.657993417752908,,,
-0.07293888399204092,0.046955589222688714,3980.617713150241,347.0915753115968,-7.487775814364144,,,
1.068133523358919,4.387366306363949,0.042858538847539304,0.6794935216932658,-0.029530445467888165,,,
-0.44770791558414424,0.19616809475095393,733.9338927492456,156.17648013795372,-6.626395139941449,,,
-0.07716768917748515,0.04894755953092667,3717.5472332034105,345.38353702178097,-7.507324255676898,,,
-0.055046225046628885,0.044651618194236575,4189.704870539466,358.82221119384064,-7.658687034227372,,,
0.8718385745279744,18.456378063011826,0.0017441362723767098,0.08339602207916691,-0.013639297191809558,,,
-0.08502686341131431,0.05156151956841593,3455.1465685419603,328.38595480318713,-7.577014467018117,,,
-0.08175765712247673,0.047762539347802745,3947.69920694649,345.56331731987615,-7.4687361096530935,,,
-0.08851736392310583,0.07008364417576733,1881.0214771493277,243.30034606645006,-7.109490774570947,,,
-0.07002221822739474,0.06747036739706246,1901.598385933988,241.35911458002516,-7.115538471735454,,,
-0.09141445989502878,0.04433522370630207,4760.043937911349,392.6866470299874,-7.596207098357965,,,
-0.08762539018616802,0.05083800393518866,3565.7613817582846,333.89798879694786,-7.410903411494686,,,
-0.05560266387673421,0.050750820366709797,3206.187817266046,310.7812138944441,-7.3958477012329,,,
-0.09551515663678019,0.04480913495295861,4670.824314031077,389.0901734117058,-7.613326491898551,,,
-0.07537659033885756,0.05436102241932938,2979.4295249377556,305.6285334570589,-7.367036231622622,,,
-0.06786394111021213,0.055490520524756885,2810.90639438439,292.7330054346581,-7.322620073296864,,,
-0.0471247017392155,0.046894782983714835,3657.2576154356852,337.3982478664269,-7.480975529982112,,,
0.42360864495166345,0.013297958707189611,14220.394878111516,749.1174045939246,-8.474590727387088,,,
-0.09421871177313117,0.041091491028180785,5583.114051342984,415.6115508895721,-7.66313297177536,,,
-0.09394460636955662,0.04943810870827141,3856.6001014416156,352.77932509015136,-7.510348634094857,,,
-0.3401265764355153,0.19846164497476848,504.3394945597653,126.99944466480108,-6.406301402940684,,,
0.2165852683462923,0.12748920061592958,206.40559516674597,74.2711916945582,-5.92474818146309,,,
-0.12068856213707603,0.0559040538136992,3262.671587515234,325.8690125318166,-7.442838583398197,,,
-0.018930267847122827,0.024412835176738017,12377.343158602765,613.4159317893107,-8.067891089202,,,
-0.18660673642116504,0.10556172887300722,1132.7699471818778,189.670724133775,-6.819634321166737,,,
-0.11615581047767198,0.04498000540786805,4942.992429884933,385.52287022951793,-7.617722024615695,,,
-0.07736510942228988,0.046711034183713855,4101.020106990594,355.581002139801,-7.532908466362282,,,
-0.09797533258190053,0.050406795454023184,3728.5565720635404,344.531666510519,-7.487161657526672,,,
-0.11137057358879045,0.05215657414108194,3676.9262301386825,339.50631082156116,-7.598635419862291,,,
-0.09068393197274235,0.05067555622892934,3595.966880667941,333.34971636739397,-7.556513130744752,,,
-0.09587277347560441,0.044048779120479935,4894.286869735497,381.79695951693395,-7.713235642911446,,,
-0.06991947617251472,0.056029995718549434,2759.956460977066,289.6884070630452,-7.265512865888601,,,
-0.08240859066553628,0.04357665641057804,4793.083452221684,383.92988979403316,-7.640637394790542,,,
-0.10832643677912003,0.05029779023723512,3865.7277883959823,350.83161138527436,-7.4481991818634325,,,
-7.9988454388752785,801.7997841865342,1.0244548320770264e-08,100.3526464736626,-1.185878443676728e-09,,,
-0.32209128386096175,0.042198404829003625,10750.736470668227,537.4805869112793,-7.990728136061721,,,
-7.9988454388752785,801.7997841865342,1.0244548320770264e-08,100.3526464736626,-1.185878443676728e-09,,,
-0.07808727379373563,0.06621517603973238,2032.9728489383913,251.40526285915652,-7.172135890729698,,,
-0.09222943379168028,0.04843514310185796,3956.839004187699,351.27419246040233,-7.591035539026117,,,
-0.0899182866522294,0.0461717214546151,4368.218400921044,364.086957471963,-7.563227186743117,,,
-0.22706761218350607,0.10336701073364783,1336.858817660212,207.03503456501508,-6.9610674240663934,,,
-0.10706128697462698,0.05170243269610211,3688.797651945241,337.7039021731616,-7.473956274377573,,,
-0.0067746327876825,0.042278606146338736,3936.0108058046644,345.77006999176405,-7.488215659058438,,,
-0.12591606242279096,0.04093513238565366,6214.368299041691,431.95144919382744,-7.694248720616013,,,
-7.9988454388752785,801.7997841865342,1.0244548320770264e-08,100.3526464736626,-1.185878443676728e-09,,,
-7.9988454388752785,801.7997841865342,1.0244548320770264e-08,100.3526464736626,-1.185878443676728e-09,,,
0.37936926967371887,0.014958989615660194,11495.146691856517,492.37972237152616,-8.307483966899822,,,
-7.9988454388752785,801.7997841865342,1.0244548320770264e-08,100.3526464736626,-1.185878443676728e-09,,,
-0.10101008427941639,0.04452070033681767,4845.183311070587,387.16677231317533,-7.614407511188573,,,
-0.12155252371054191,0.9327245685947821,14.437337979513552,13.77524039247034,-3.8878596328799873,,,
-0.08692513674232515,0.053965806397392034,3138.750705378957,308.8274690580887,-7.354430361336049,,,
-0.36820708285535053,0.04376008409940002,11391.09990776354,644.6851580335644,-8.007071452732463,,,
-0.19408304211412528,0.11485196323323311,1029.4001150965819,184.10835342390476,-7.252543858935594,,,
-0.06828042417325093,0.04521665718563496,4208.378690889107,361.3518238717064,-7.543047187297214,,,
0.22766037952863152,0.1447084201155928,153.53982901419863,64.34286251969752,-5.761757317675219,,,
-7.9988454388752785,801.7997841865342,1.0244548320770264e-08,100.3526464736626,-1.185878443676728e-09,,,
-0.11419046793621662,0.052303185291046064,3654.6749250430603,340.746525359103,-7.418878112807302,,,
-0.3291891979932289,0.1534014642009901,839.1318610925197,164.2875851236151,-6.722960081270345,,,
6.641894162232351,36.0841453760352,1.0244548320770264e-08,3.8427293537061624e-05,-1.4785220393856666e-05,,,
-0.07813549543398982,0.04543114982577869,4317.219127494134,374.3335160339795,-7.498654362548901,,,
-0.0937671002134399,0.04985356725454905,3743.016668921562,337.8489391084942,-7.463883388283551,,,
-0.14462987997790525,0.07590252798920032,1888.4440974887962,241.0954563519519,-7.140643977293624,,,
-0.08075371652078141,0.045376361367590705,4358.901239221011,368.3308422012221,-7.608350595261613,,,
-0.07922787966222518,0.043536624027883504,4697.793281046195,375.78242650445463,-7.582952055467896,,,
-0.3880877396740503,0.17268137716617082,770.5631461503591,157.06738579338813,-6.619313684288227,,,
-0.12796538983755518,0.10654995931010544,920.454949435473,169.77538411896387,-6.717961322705527,,,
-7.9988454388752785,801.7997841865342,1.0244548320770264e-08,100.3526464736626,-1.185878443676728e-09,,,
-0.05696133390362333,0.05249768640370262,3034.600493423616,306.0085320605382,-7.47468587762207,,,
-0.5530866590511959,0.5403544702550801,135.13883865445104,64.80053496471892,-5.7854940897189575,,,
-0.0643742869850336,0.04254909340687179,4707.926810340406,384.1530531704861,-7.5420734127250455,,,
-0.13784230973864256,0.050685659468351546,4230.874801366409,362.4526655499607,-7.532697711004594,,,
-0.3565168776788109,0.15274383005401493,899.9801096741253,171.9654793704016,-6.71662676259846,,,
-0.12660422424473775,0.08474724470785686,1464.9969715882837,215.83749408421787,-7.00818205692284,,,
-0.4320993406293813,0.2297948582903078,499.2428908266508,127.80610428220936,-6.402656370195185,,,
0.407397721249971,0.014143424381421379,9524.807202731992,573.6096432454586,-11.295609853920865,,,
-0.08977294363020036,0.052163704775335384,3417.694720072393,329.9716581045393,-7.525567644349701,,,
-0.07364783150755107,0.04367955397212443,4592.558677161464,377.23032494742847,-7.689393595335087,,,
-0.07123408806450945,0.050740803053045194,3354.065028615596,319.5455047702137,-7.465937396444734,,,
-0.11289851827077294,0.051775499787162824,3734.6179587554725,340.01290996319653,-7.499895163819074,,,
-0.07681874814912389,0.04333011879343819,4761.491909972829,392.69678085074577,-7.615286212141692,,,
6.641894162232351,36.0841453760352,1.0244548320770264e-08,3.8427293537061624e-05,-1.4785220393856666e-05,,,
6.987686135865751,25.601390124658582,1.0244548320770264e-08,3.8329784348467745e-05,-2.1014476006989104e-05,,,
-0.5194339124533319,0.2030535854363566,808.8924306381075,162.64225487448914,-6.651779642572485,,,
-0.0681946748225572,0.06161769464885784,2267.4660107874197,266.1689630783514,-7.254019955537991,,,
-0.06153413461358929,0.04574277835066698,4029.0100926284767,355.00259801414853,-7.486773019485361,,,
-0.12998030198421873,0.05484763623543495,3502.2477998193353,333.5199135189761,-7.428900522759019,,,
-0.09342141055718052,0.05860222186946637,2740.305116295841,292.8815967266544,-7.317332392354855,,,
-7.9988454388752785,801.7997841865342,1.0244548320770264e-08,100.3526464736626,-1.185878443676728e-09,,,
-0.1034125548871059,0.04699295122186234,4373.684794241967,372.8186387561185,-7.580594439304911,,,
-0.19395796603944407,0.1013853395103657,1262.9859058176226,200.48956702635311,-6.906773812658753,,,
-0.2378023818368956,0.11916416450541262,1039.7656732337923,182.26294124245356,-6.937652102594055,,,
-7.9988454388752785,801.7997841865342,1.0244548320770264e-08,100.3526464736626,-1.185878443676728e-09,,,
-7.9988454388752785,801.7997841865342,1.0244548320770264e-08,100.3526464736626,-1.185878443676728e-09,,,
-0.3517363054518081,0.1674223652611669,763.0176205749691,158.41392468915006,-6.722003136664015,,,
-0.12795301973136952,0.09974248239503695,1057.5215660244328,181.28007022135534,-6.942279382504323,,,
-0.12383636540418189,0.055142903412674305,3405.3903381053224,329.6792042428905,-7.389491296378906,,,
0.10054476876798236,0.027628648461107366,6488.493185159055,430.64329045319965,-7.73777075514181,,,
1.3022755750469457,9.057582848139027,0.005812458132185203,0.1726684791193288,-0.011249624112725667,,,
-0.07383899157985192,0.05833649083542527,2580.365457616091,285.75181240200084,-7.331904296664336,,,
-7.9988454388752785,801.7997841865342,1.0244548320770264e-08,100.3526464736626,-1.185878443676728e-09,,,
-8.0,136.48132723250944,8.638814458662827,8.639306082909705,-2.4478686087600017,,,
-7.9988454388752785,801.7997841865342,1.0244548320770264e-08,100.3526464736626,-1.185878443676728e-09,,,
-7.9988454388752785,801.7997841865342,1.0244548320770264e-08,100.3526464736626,-1.185878443676728e-09,,,
-7.9988454388752785,801.7997841865342,1.0244548320770264e-08,100.3526464736626,-1.185878443676728e-09,,,
-0.09766627050132247,0.04883752887397345,3978.619642032788,350.4014980594506,-7.451201909993744,,,
-0.07055691545378494,0.0523461606571954,3186.2253832525703,310.3144528013506,-7.394789370174028,,,
-8.0,136.48132723250944,8.638814458662827,8.639306082909705,-2.4478686087600017,,,
-7.9988454388752785,801.7997841865342,1.0244548320770264e-08,100.3526464736626,-1.185878443676728e-09,,,
-0.06492726317544265,0.04861496438054716,3620.1860159619364,337.7884200797934,-7.4656308710480275,,,
-7.9988454388752785,801.7997841865342,1.0244548320770264e-08,100.3526464736626,-1.185878443676728e-09,,,
-7.9988454388752785,801.7997841865342,1.0244548320770264e-08,100.3526464736626,-1.185878443676728e-09,,,
-7.9988454388752785,801.7997841865342,1.0244548320770264e-08,100.3526464736626,-1.185878443676728e-09,,,
-7.9988454388752785,801.7997841865342,1.0244548320770264e-08,100.3526464736626,-1.185878443676728e-09,,,
-8.0,189.46801346204953,8.638891223718074,8.638775052645041,-2.5512410091525917,,,
-7.9988454388752785,801.7997841865342,1.0244548320770264e-08,100.3526464736626,-1.185878443676728e-09,,,
-1.4516180089987225,3.9953453208001504,16.95452151926597,15.58584374453378,-3.860193176857852,,,
-0.8864825396304857,3.1996473581917324,10.48982156417402,10.260009123816447,-2.9393423554916938,,,
-7.9988454388752785,801.7997841865342,1.0244548320770264e-08,100.3526464736626,-1.185878443676728e-09,,,
-7.9988454388752785,801.7997841865342,1.0244548320770264e-08,100.3526464736626,-1.185878443676728e-09,,,
-7.9988454388752785,801.7997841865342,1.0244548320770264e-08,100.3526464736626,-1.185878443676728e-09,,,
-7.9988454388752785,801.7997841865342,1.0244548320770264e-08,100.3526464736626,-1.185878443676728e-09,,,
-7.9988454388752785,801.7997841865342,1.0244548320770264e-08,100.3526464736626,-1.185878443676728e-09,,,
-7.9988454388752785,801.7997841865342,1.0244548320770264e-08,100.3526464736626,-1.185878443676728e-09,,,
-7.9988454388752785,801.7997841865342,1.0244548320770264e-08,100.3526464736626,-1.185878443676728e-09,,,
-7.9988454388752785,801.7997841865342,1.0244548320770264e-08,100.3526464736626,-1.185878443676728e-09,,,
-7.9988454388752785,801.7997841865342,1.0244548320770264e-08,100.3526464736626,-1.185878443676728e-09,,,
-7.9988454388752785,801.7997841865342,1.0244548320770264e-08,100.3526464736626,-1.185878443676728e-09,,,
-7.9988454388752785,801.7997841865342,1.0244548320770264e-08,100.3526464736626,-1.185878443676728e-09,,,
-7.9988454388752785,801.7997841865342,1.0244548320770264e-08,100.3526464736626,-1.185878443676728e-09,,,
-7.9988454388752785,801.7997841865342,1.0244548320770264e-08,100.3526464736626,-1.185878443676728e-09,,,
-7.9988454388752785,801.7997841865342,1.0244548320770264e-08,100.3526464736626,-1.185878443676728e-09,,,
-7.9988454388752785,801.7997841865342,1.0244548320770264e-08,100.3526464736626,-1.185878443676728e-09,,,
-7.9988454388752785,801.7997841865342,1.0244548320770264e-08,100.3526464736626,-1.185878443676728e-09,,,
-7.9988454388752785,801.7997841865342,1.0244548320770264e-08,100.3526464736626,-1.185878443676728e-09,,,
-7.9988454388752785,801.7997841865342,1.0244548320770264e-08,100.3526464736626,-1.185878443676728e-09,,,
-7.9988454388752785,801.7997841865342,1.0244548320770264e-08,100.3526464736626,-1.185878443676728e-09,,,
-1.3298850398006656,1.0658136073134008,170.28271004893887,74.0671533671609,-5.837611302937125,,,
-0.7992984961855015,0.6366291255178029,173.78506294850715,74.6223538321849,-5.841145835847566,,,
-0.9073159634210856,0.7272344520216146,168.20078506582624,73.15570288257496,-5.874386635371229,,,
-0.7324763397835293,0.5632603453862238,189.84109248776284,77.65155386168487,-5.896848448569158,,,
-0.012843452997328052,0.021508090051558428,15755.408230752757,696.099274992425,-10.056180864650013,,,
-0.05712204440131839,0.030061483559129288,9285.192287149017,516.9749009084902,-8.263435007437074,,,
-0.9495652639141459,0.8300347329131575,128.079102099514,63.07953800468838,-5.688060189969568,,,
-0.16095552105136063,0.051818451505608355,4329.409086425848,361.32513481542554,-7.607303852780019,,,
-1.1033609734180465,0.7937466882366219,258.27423289497324,94.87162340913585,-6.254608796635278,,,
-1.3418020826617554,1.3399443342429789,119.66373861316578,61.16498627900232,-5.651530836788941,,,
-0.9233329865101679,0.8105780145467031,172.00161781403108,76.00500706244091,-5.992979728856754,,,
-1.0792851446808738,0.6453152238362958,308.4263779435949,101.8865778322759,-6.150268665368647,,,
-0.06676693739408346,0.031698736670724106,8538.143792343579,532.3826599407641,-7.923768716091153,,,
-0.43783845169393093,0.3938747554445911,170.52197899399894,71.60409220362874,-5.8051521613451715,,,
-0.869840938705196,0.4186828656552498,448.88488402589996,122.87115227694055,-6.420271478268209,,,
-1.5204517255861392,2.0197524043418764,72.56007867319218,45.43855706135835,-5.333910455030347,,,
-0.01599035920377581,0.04039246208903727,4534.436271485045,366.4738873924364,-8.249642339971041,,,
-0.17462673590142586,0.04662209888933968,5577.5465146057495,414.2121208359532,-7.653214276473595,,,
-0.20461033647668914,0.07109683103441873,2655.2504177451465,293.34842870738845,-7.313054156069504,,,
-0.8104614116689848,0.8433131844622886,94.41990546572391,52.06349320171984,-5.608808364489273,,,
-0.3492838452065177,0.12135818906940278,1388.7991382874927,211.78239035084408,-6.990492327856237,,,
-0.13657502495086288,0.05254001381821443,3884.243226271713,351.56288062363,-7.438209551752456,,,
-0.19223740688985055,0.047650827742531335,5613.050056519484,418.379278940712,-7.684391389553445,,,
-0.13060744735696792,0.04986535570024038,4239.180747949359,361.5231693443195,-7.572433238671392,,,
-0.11289339651977251,0.04985393077457157,4022.3332638656466,360.8910464754668,-7.5124336147887325,,,
-1.0073093795628771,0.6240679114977251,257.7180134581243,91.31741532325879,-6.1114456584560735,,,
-0.7906002679590636,0.5511166415014068,231.22767365143645,87.20165407191976,-6.020393959913618,,,
-0.11909787014607469,0.05280286082997639,3671.0036610986663,342.07904249795723,-7.637425996108614,,,
-0.2185634650572359,0.07712162813520655,2333.0840095515573,273.05938912249064,-7.186391767570705,,,
-0.981138286347804,0.8971434617990629,114.04246159682774,58.23740335074036,-5.608763142982773,,,
-1.0587962294137159,0.8657901433897126,160.12110528644234,71.3629624219841,-5.824104839647445,,,
-1.1945946615087832,1.4930764287874343,102.48530844197707,56.70356356721097,-5.676492180933689,,,
-0.9696741606973338,1.2245477449653572,60.640669948246455,39.72128981836188,-5.174682182085039,,,
-0.8856994558084926,0.7401307636971647,136.4812789527177,64.26829371320481,-5.751572414857744,,,
-0.27598494929210504,0.0746499258514356,2968.909057242054,307.72502743276885,-7.32794726459522,,,
-0.19345990684222994,0.05659191341954176,4011.5375821432553,357.1500489757902,-7.4813253320392645,,,
-1.8207256264217648,2.436885517549127,81.45089175389678,48.86646718574053,-5.38001386930763,,,
-1.1391393975147084,1.4942886844563694,76.66625654237325,47.115108002992045,-5.409264443571662,,,
-0.12318415708225676,0.05213416196740178,3793.062286047406,347.6241612057492,-7.4932573607537645,,,
-0.13410990529061736,0.027502863775324623,14133.23649299071,627.5483383153199,-8.18064745946164,,,
-0.6038200471943891,0.5719687140053142,142.115027989967,66.78771486212014,-5.782850026348457,,,
-0.8014993993171692,0.602934232849457,202.84784281552103,81.47566864538088,-5.939379683066918,,,
-0.1241746604321878,0.058017040556392965,3074.036154091273,310.9176951079335,-7.3768982790190085,,,
-0.287762022896779,0.06304141633449464,4348.61248459027,375.45125334748496,-7.546042898962036,,,
-0.6297285886279427,0.6110970663353416,119.54955638816293,59.28460685301199,-5.657997568316059,,,
-0.8813193601369346,0.9045520037409966,119.49853181320644,61.25940961178846,-5.677789428513537,,,
-1.1751785691566616,1.299247348160371,91.01704245717083,51.831238482669555,-5.4685386435365215,,,
-0.267968013827267,0.051293378988845215,6096.923092077302,446.03781815665667,-7.951883239225264,,,
-0.23042584655627438,0.05461545422035675,4822.221859866665,387.492431834054,-7.552117222726037,,,
-2.178629907861151,2.8626178288145883,95.35597679103213,52.90983795803972,-5.568701233117152,,,
-0.21895661244329345,0.05490775626166468,4675.038383089477,392.52527257964186,-7.685810505327607,,,
-1.566083628645131,2.2460121204285763,49.64767607584103,35.1190283828974,-5.046421874502889,,,
-0.1999215286361504,0.061668769459682964,3492.657628176855,333.8538487182716,-7.485371020226353,,,
-0.6026978379786637,0.2563517144538549,605.6429233409217,141.1756182005613,-6.577185469417431,,,
-0.28774193277875276,0.14863017884162005,785.5399306796321,162.22453253615444,-6.657114327782187,,,
-0.1776335077639313,0.065663384239562,2888.2722633320755,307.1956553240272,-7.490248128922577,,,
-0.3024205807773608,0.15055646566707048,773.5660026905291,156.37108568826784,-6.662549157106072,,,
-0.9840935751600539,0.8452582693122747,153.6203469886148,70.17334860196515,-5.826185885768433,,,
-0.4214927824004743,0.22349035522947347,523.1581916311078,130.63126266621205,-6.472299954034179,,,
-0.27555179737046176,0.07668051232861252,2833.4116147846325,303.7069664044501,-7.422278434605022,,,
-0.1153774895683873,0.05126281099932589,3882.2573131246227,349.7364046316625,-7.8047877495484705,,,
-0.32265213299889206,0.20720637083195242,443.23580461401383,118.82763516383234,-6.348813785829745,,,
-0.9969778217989484,0.8184901738578643,179.61480447613098,76.63479728558212,-5.898405166599164,,,
-0.34751993351383886,0.2153057818595301,444.49381432513405,119.26216328710146,-6.356898326858101,,,
-0.347877144822079,0.17719462229590938,665.9731048059506,146.79438278042588,-6.578091583289331,,,
-0.26331625209753745,0.18131596724548713,493.54836701249616,125.70741012840604,-6.426326811553822,,,
-0.403773674470802,0.23409740611511146,450.3109396855596,120.98751534057276,-6.362256560398464,,,
-0.8242923435266771,0.6824021133365256,180.77071709651247,77.11587927661448,-5.934091022993739,,,
-0.2564077284780267,0.16159489505926725,606.787903423354,139.61088340456726,-6.556794680422704,,,
-0.17037146467541348,0.057251180660301895,3658.220911802913,336.1451810926673,-7.421824052948896,,,
-0.26310550421580237,0.09940536108776125,1599.7351293176155,226.27854526569934,-7.021785981070415,,,
-0.20916187721921206,0.04845397111509879,5791.56296644134,427.052252732975,-7.7372945586811674,,,
-0.17903629339894628,0.056764661275199725,3815.4264100474593,352.45075373849375,-7.538463313041113,,,
-0.19397627317627694,0.07459876627061968,2317.9298530351266,273.8039007708245,-7.257230243420957,,,
-0.15050833086613474,0.056877643423476336,3459.3005671854085,331.6898940832001,-7.412703437776511,,,
-0.7491637633013597,0.6850637370512074,133.34251056657496,64.131916039646,-5.7736078182836845,,,
-0.2728559226172175,0.061672701130983734,4310.638615177164,372.8655886211081,-7.653442721029744,,,
-0.3382844269699371,0.0926326121705426,2342.759506296533,279.8666876228483,-7.2183895916923335,,,
-0.2307116401919348,0.06174141134277153,3826.0505569252755,346.62057685800147,-7.533151560809994,,,
-0.5909781295601367,0.45557486327068847,204.849338489965,80.95736910635468,-5.953094585171258,,,
-0.20125292335501574,0.06374750949764332,3290.3541086683717,323.83804858361225,-7.514201769511979,,,
-1.6464048668471265,1.613258482716003,137.25966351039094,66.32876098339027,-5.736830047017406,,,
-0.1854354297316595,0.08851045071535436,1624.320854958732,228.29376439933245,-7.163886744384764,,,
-0.20858626469583771,0.08360236644215154,1971.0445475269933,253.15480409989485,-7.519826978872999,,,
-0.7131946420765419,0.653861218492405,133.76186039993746,64.67655506901336,-5.709130063352431,,,
-0.8133253720439036,0.6422794393405967,159.89357840655433,70.07724905968686,-5.8202413636706325,,,
-0.24627487811306442,0.054967257988143794,5019.873176791937,399.78177405231577,-7.569245624194158,,,
-0.1333601740460347,0.05716810492511127,3264.782772639764,318.48844890512777,-7.4142675065057535,,,
-0.24075221975377933,0.07798852085879017,2463.779508984973,279.0883177080256,-7.227128959498901,,,
-0.9281055069861537,0.5097694590940732,376.90002766012395,113.66578459833956,-6.3071905637443635,,,
-0.13095801819580075,0.05664880767580029,3289.7588819721277,323.1510158115977,-7.390924999124713,,,
-0.12651991311022467,0.08337290921726141,1486.1927069849999,213.53885986669206,-6.974875299524382,,,
-0.7151317973358011,0.5119688259551644,224.4547246065639,85.64995603879034,-5.998595573250502,,,
-0.18315891577434193,0.06429195916837974,3028.1740597107732,310.7774465387564,-7.373674543673323,,,
-0.23330773235340385,0.04324862710130391,7874.271048293959,495.30963710580494,-8.386995058615202,,,
-0.13876188672989828,0.06622706810322289,2477.646411118599,278.8616644045931,-7.303385437736908,,,
-1.2133903313291168,1.0640759323283122,130.55659145265747,63.48773796971486,-5.689449238398292,,,
-0.18447742664210823,0.056614663217081244,3918.986459539687,351.72565502877524,-7.578488380564475,,,
-0.31678622563905323,0.07992054084400962,2942.3829785586986,311.4180025423945,-7.334525897269477,,,
-0.1358464401996953,0.0527212576539145,3884.24322672057,358.1910015346077,-7.48294912222745,,,
-1.129583047990753,0.8130575816291613,209.9208378938305,83.18656651692659,-5.945016804852875,,,
-0.8785235694306472,0.746596159028498,161.65614592528996,70.99029659816831,-5.80884380255314,,,
-0.22288725981409097,0.054668943103436195,4739.330102320755,392.74272332979876,-7.5739427544627365,,,
-0.20534516315268014,0.05022220763794436,5279.420052595902,408.6241236489139,-7.640176389852486,,,
-0.9799894723796377,0.8574945542343272,133.22596006684554,64.35360619304912,-5.729551711959676,,,
-0.1899873058846623,0.05342601177677963,4443.301287075216,380.27684151379464,-7.542611312723151,,,
-0.15157137558870404,0.053550048686600384,3931.2360513905414,350.62435412707447,-7.474293958221104,,,
-0.1385331666959179,0.05465673759622269,3609.7813824620916,330.6427098897583,-7.5021473239606715,,,
-1.28741456770758,1.4025938102860105,98.54505430015934,54.57621089562577,-5.521021459775471,,,
-0.22679856965027262,0.05255971814044701,5201.076228329367,406.2337081750101,-7.774896385448523,,,
-0.6748532096839567,0.516471285014123,191.35858437749738,77.77666665092208,-5.894820789492116,,,
-1.009523132351134,0.6637552216661093,283.1316119742095,99.51181435654912,-6.209560982009569,,,
-0.25626170767402284,0.05684933572693422,4966.419829897095,406.0662616273874,-8.275523853036944,,,
-0.6986707327612738,0.9730315417717806,56.3277613486501,37.83179854712266,-5.1635151973841396,,,
0.0986405781932394,0.038972597415437994,3354.050913776383,317.12702848818446,-8.540270130637206,,,
-0.6012391344161169,0.5188599247744503,143.4742296942068,64.65061714705806,-5.760687111833998,,,
-0.2834850769946101,0.06559151444805282,3976.322949978299,355.3676673282587,-7.64224321092242,,,
-0.16074549559356838,0.05270163946791752,4175.2102401663415,369.08943341960713,-7.511416119995536,,,
-1.1267242213890645,1.5754522882324722,61.39050640582146,40.85985982456117,-5.263554633954454,,,
-0.19912566853947744,0.06029490299131395,3630.674995818578,342.0830472858571,-7.597175536826367,,,
-0.16281920280834117,0.05483977426731824,3906.4049338073382,347.5978785518105,-7.501676923584014,,,
-0.687125969085645,0.4371541684184885,256.2369889833425,89.82617825209923,-6.064722054847779,,,
-1.0111920359180882,0.6175467337122698,310.71465379206046,103.98910979595532,-6.215723753146562,,,
-0.7420964085681206,0.6096133471957503,166.73192184385243,72.7955017373699,-5.83126732404482,,,
-0.7680762252119219,0.6795675378856568,153.32583957552913,68.99424659267648,-5.81357674285936,,,
-0.3578975960956891,0.12118327370847945,1458.78259458448,218.70113552702665,-7.057796292632667,,,
-1.606372733038865,0.9238127528915261,376.24913998434266,114.21900470469285,-6.25921757140396,,,
-0.16157862508021498,0.05731499513452941,3575.073815986233,338.7493319314334,-7.453763311909615,,,
-0.08451967688980483,0.038788589274745176,6043.7543286601385,424.42105423170176,-7.677427828981071,,,
-0.2660172625337329,0.04969671846512141,6551.408103314516,440.28955939629896,-7.827104657155264,,,
-0.7186610783421412,0.562171759895874,181.7827956623056,76.79802886312117,-5.865252291112921,,,
-0.6270213406600564,0.5107598413638056,164.7992683915731,70.39260107749477,-5.834925213634784,,,
-0.22348709325736643,0.05394678009086468,4884.104426469535,398.101930471798,-7.627636429547118,,,
-0.11899103362026288,0.05598992555190958,3251.229097821723,321.5398166230076,-7.481073602057491,,,
-0.1536707463295737,0.053575957872410165,3978.7603344237345,353.5362895529672,-7.546335774841335,,,
-0.210622526841857,0.0673613422593195,2992.8264194068165,311.3626687353759,-7.328302172025831,,,
-0.649397563452415,0.6432530893457374,119.75746667734444,59.902968069556636,-5.614067059708145,,,
-0.06852624329458298,0.05079538009658519,3381.7340129982417,325.12466850453717,-7.56503008751484,,,
-0.8977201704975314,0.4762331876047543,374.9444353243915,112.18399748734491,-6.320682809278098,,,
-0.9942468400892209,0.8051798990625912,170.12704931640164,74.21696972908337,-5.8372480050110696,,,
-0.19632813660632337,0.055136687124081644,4236.262368554492,367.24383126567807,-7.542931519266997,,,
-0.8722441182999301,0.8836936084589785,98.38734688956455,54.26320524486638,-5.5885858478719035,,,
-0.5537724228958195,0.5449413130035669,123.88292284685865,61.44922345576547,-5.660854346147239,,,
-1.2314224424683946,1.1168536554406123,124.02049591117797,61.736395217469315,-5.657078875883,,,
-0.23579285687144508,0.05116598781444714,5586.128336182291,428.4675840949462,-7.630673686167987,,,
-0.17672430896335317,0.05849221305366256,3581.2149259122416,336.96584866602024,-7.431067129621694,,,
-0.1499403176174273,0.06681110640777249,2523.524620738188,282.8387545258144,-7.390331627366212,,,
-1.1582843763132908,1.3901481953089956,96.67317507551911,54.179062004805,-5.536242572660651,,,
-0.20995410373855503,0.06458109001789418,3254.814079517373,321.40460205312286,-7.355752591878284,,,
-2.157856141462052,3.1513024630952544,71.13029623275246,44.87584847487487,-5.275902385639887,,,
-0.16270468538279026,0.060657448002366,3159.044622258283,318.2376469642303,-7.3401194153752565,,,
-0.17345846882586544,0.06814264676141499,2611.930979446595,287.8535911765369,-7.26852685537388,,,
-0.20975269867956972,0.04681222432593769,6254.038882586399,460.64457377581806,-7.957444456202462,,,
-1.5087647617522066,1.8408059718534753,71.96298418941788,44.769172237283186,-5.294775382608876,,,
-0.878846821014668,0.4810937611749909,390.6574396587729,113.94411453935037,-6.317881533583181,,,
-0.27173630055903814,0.18230697816062502,514.1230876398173,130.32294308332868,-6.5380134794648015,,,
-0.2386528114038795,0.05007673861663054,5899.322963117895,431.3399607009136,-7.738298328921153,,,
-1.8504743677457296,2.3039269469334016,88.23274086864956,51.20049168588545,-5.429952877166545,,,
-0.14091592981302872,0.04842016833608464,4641.625802526046,380.7945512140794,-7.531375242953419,,,
-0.17242291079873662,0.05406271384017263,4155.729137952584,361.0876826196905,-7.556617755025837,,,
-0.19090221445829608,0.07559878703657781,2263.588201072034,269.8327580093618,-7.266299337508558,,,
-0.21833600169715697,0.05603099521390526,4454.029248180123,379.6313951434907,-7.677067617201039,,,
-0.170377806004321,0.059483637864271154,3364.054628366957,326.13679439507615,-7.418972429135475,,,
-0.2560666256639017,0.06941243276924762,3264.4578678543326,325.46697445209423,-7.466716174568561,,,
-8.0,115.67605293768482,12.02357012392914,11.553840303377019,-3.197723455028741,,,
-0.20039084119456302,0.06650718196395332,2998.6782451901863,311.1949802507605,-7.420249497574307,,,
-0.7320002242547847,0.5617462290904263,195.2589028133765,79.36687595704151,-5.953427486748203,,,
-1.2070107078394607,1.2664324993707476,90.5395036599719,51.255567817443215,-5.46344938752885,,,
-0.15004739476404158,0.06999053742393135,2264.990752879821,266.5040949402391,-7.291531100465724,,,
-0.16826435728365832,0.08657986722239085,1586.2894922012447,224.0062482209314,-7.059380680402482,,,
-0.17401036155615304,0.05186924383362433,4467.7496781421905,369.9692005960042,-7.632676510545522,,,
-0.9847695465691583,0.9989737770727375,92.71021340636705,51.87661986641344,-5.468878389734897,,,
-1.0578953533882192,0.96896269240578,138.8170042525465,66.09473034042894,-5.708895403769254,,,
-0.21126939308352766,0.06352562705152015,3336.3993562077017,323.63262563449615,-7.431546276041347,,,
-0.13838855598992983,0.054172365305192635,3701.00918773066,340.9779140925139,-7.480728469653172,,,
-0.8350480725597796,1.2652483141282338,38.26734381348802,28.712294618050834,-4.824870762530494,,,
-0.1202674146324739,0.042222523326256194,5719.827428151454,415.95489185381285,-7.6875773183076666,,,
-0.16852796782563162,0.06525939603063535,2824.332416549438,301.41620810460637,-7.413742193245177,,,
-1.5946899620261437,1.9898729193188813,84.92211030796514,50.05926986296372,-5.410803379139407,,,
-0.8585923864322355,0.9109005970901236,95.58314076621963,52.84498219360704,-5.519372743760885,,,
-0.2241619003489365,0.06244847684945193,3620.0858525036547,338.03589078546617,-7.523282858240153,,,
-0.24213888956852792,0.04883300938269279,6317.450640446246,444.015081906197,-7.791328672912301,,,
-1.1456665240108657,0.9971716500797795,127.9660262594683,62.04912699366703,-5.689908372835814,,,
-1.1048009140035726,1.1590704647959351,104.77678208331079,56.56948879008366,-5.626570870758893,,,
-0.38211602847415826,0.20177143566036546,555.8627120107699,133.60333447778,-6.481047949087272,,,
-0.22873825394486383,0.05550321857217501,4684.025164684254,386.5344006768985,-7.622223153504022,,,
-0.16710071395158038,0.056250186920993525,3751.810450022663,346.48672517765243,-7.555208770962304,,,
-0.11459092820640017,0.0547201674917257,3346.5241306753937,323.57884273704656,-7.464457283174724,,,
-0.17710873333149407,0.053911174081445544,4209.0507505001715,378.7556606348664,-7.530175006858031,,,
-0.2901605877022593,0.07336795579949225,3226.980287289863,323.205844601063,-7.375733724604092,,,
-0.7806813296992274,0.5630530477249702,204.39316358586822,81.12130876118634,-6.0378915378574485,,,
-0.21500774413786916,0.059217522955296746,3902.920465036902,352.77772786077645,-7.507146667307563,,,
-1.1480355447591264,1.0601182134991056,124.5745078081133,62.07635758997996,-5.657726474722172,,,
-1.007113413216263,1.1344872799966534,99.71512272159671,55.34300816387274,-5.578846814093735,,,
-1.1420293478492307,0.8450825519787083,199.88911725240644,80.80878314170961,-5.905508878001818,,,
-0.8868913790331789,0.5663272730349534,236.1457605681213,87.94303892220513,-6.134220941907821,,,
-0.13388482340764693,0.0496024455391438,4327.868930665557,363.9514852083392,-7.561833360915015,,,
0.19819154811326326,0.018353399713198538,10583.494842273003,548.6826282091417,-7.9400641472414755,,,
-0.13867956828541125,0.05165295793276274,4082.7604020617455,360.8568519359683,-7.539441798693243,,,
-0.19053826192507728,0.06547402178595275,2960.4049273533747,309.76632928405166,-7.3331747046642555,,,
-1.3448513229441115,1.372612990669073,107.32656871247013,57.13266941180717,-5.548991394441108,,,
-0.23719907829294778,0.06282897328125185,3741.616131166468,353.6529744177076,-7.459509909437179,,,
-0.2539532753989259,0.06203596726973645,4063.6210558772646,359.1054973157953,-7.617688378466273,,,
-1.0849509196028422,0.5534854716885941,401.1582384877532,116.62593589547477,-6.305503222999119,,,
-0.20528062675229172,0.05962047377414617,3764.914673302448,351.8111665059239,-7.44288642625209,,,
-0.2547481911984183,0.057474302622847424,4726.164967489696,393.869429812697,-7.590328245730855,,,
-0.23166089819443486,0.05403940310869356,4942.803029036733,395.4349561830242,-7.582331689930703,,,
-0.14632620989118117,0.05729199744279031,3404.5299022463782,329.0794422107268,-7.442905678751749,,,
-0.2194817002440987,0.06718344658770611,3074.370524424375,312.36496047382906,-7.3346006383773705,,,
-0.1394313292337924,0.05280152115718574,3858.0612168527528,351.0452955861096,-7.549260634750219,,,
-0.4306079484479922,0.13099281855773534,1516.052084523294,224.44361304602367,-7.045039254404393,,,
0.047931742359984764,0.03752188581047198,4248.00373637126,368.39312170505036,-8.079015260906765,,,
-0.15772720450786537,0.05807349724389257,3452.148018423302,335.26588917347027,-7.598765067465222,,,
-0.6053565810727696,0.48268133139917246,181.7303129816946,75.4459944376007,-5.920064261398467,,,
-0.1693510957442216,0.06466455765834973,2854.4523197350295,297.83788639639533,-7.349506032108914,,,
-0.8760823635196413,0.6615038043410374,162.5397305265374,70.91132195157586,-5.86683570449279,,,
-1.3688657355990699,1.7181887378365996,70.1128950815105,44.14940298134275,-5.279334826625101,,,
-0.7895286070712385,0.8280384754652084,99.96633840318012,54.25474165204495,-5.509098298311807,,,
-0.783267059508906,0.5956731642195705,193.62865928079512,79.25244754927202,-5.905454600271433,,,
-0.19497812901496928,0.06034449922308459,3575.5673705157537,336.88757980278547,-7.476534969079235,,,
-0.30592168979681617,0.11750954948983149,1320.3886377112954,205.1718971120768,-6.910270611960645,,,
-0.9350088406183771,0.8412599700600607,128.36238994908126,62.81839558855195,-5.691031092314572,,,
-0.15606734395233576,0.06091135163469548,3104.7826994825687,313.2698758100808,-7.550685034661766,,,
-0.7333615019497879,0.5276779712113929,192.66360275196016,77.15266242561755,-5.942371185807663,,,
-0.2416861679613941,0.07046859113740793,3029.34149183151,315.0413407620233,-7.524043925913762,,,
-1.1515636167531045,1.0322908466652423,152.83042025698603,70.48725675526127,-5.804847676058889,,,
-0.7241710217667405,0.5819303320133096,182.60548513639512,76.88481050455991,-5.901280743882243,,,
-1.1894559394945279,1.5077893969759408,63.914511119516796,41.62053298176515,-5.224979155747007,,,
-0.11652746202194651,0.06001950229169686,2786.802048908361,295.1703854114786,-7.310745393208712,,,
-0.9970526165654914,0.7251856475572624,184.76190958742893,76.58832199621006,-5.90467135737362,,,
-0.1670297716079465,0.07117173793524524,2365.6578188843805,273.5470609801714,-7.320368494860141,,,
-0.6599718995877637,0.6982709394459629,102.68432557837379,54.95665719304034,-5.524635161839566,,,
-0.7733731132888957,0.451639100733117,316.57799708622184,102.12869264818131,-6.193230668551528,,,
-1.0073239613986655,0.7921472077400183,149.10186234453266,68.4770722379825,-5.80854846974596,,,
-0.7368690049756275,0.7097590503408465,116.70097172933319,59.282613536779806,-5.620252961635677,,,
-0.18105319399984204,0.070938937737261,2450.472541498582,276.8098236415034,-7.281878997916799,,,
-0.7092233573838232,0.4709656958495257,274.7819063515476,95.76684649820162,-6.2572349786020665,,,
-0.12078646659807596,0.05972678749582156,2863.0500943641364,297.28048692827514,-7.344687682120376,,,
-1.0856683424097437,0.829361712193224,171.55390649899687,73.80314558483333,-5.8502278002174,,,
-0.8788940675923653,0.5484114415309317,289.29482706661344,98.51535306315921,-6.128004127335542,,,
-0.05268383722891025,0.04192153575723031,4676.473587666821,373.11383126474215,-7.565739104052399,,,
-0.6570770501029578,0.5459365889183695,147.98389971995942,66.28343774660645,-5.770444218862342,,,
-0.6597645779268261,0.2936490371699543,581.7228606687643,139.80330276807592,-6.494312704976959,,,
-0.7127956123965271,0.27909312202195463,746.1821080822216,159.39746797326129,-6.641203102337066,,,
-0.36944348295244095,0.17007039498207083,766.3418260749875,158.3081253709742,-6.642088339974625,,,
-0.9655485135134181,0.8213298187179402,134.43138638629196,64.06009041653016,-5.71918325272396,,,
-0.7652180359342252,0.4240959553456674,390.0775839238669,115.72208507789887,-6.366793955150015,,,
-1.4073936850245738,1.599144629850503,86.10812761489764,50.11712965061545,-5.413217610899299,,,
-0.821181152358392,0.42856884373821086,409.8508426556326,117.73453638063236,-6.415206357741837,,,
-1.6141724315464259,1.6253918370459979,128.30505719767243,64.24039803640707,-5.6927809640634806,,,
-0.6257767648605121,0.7631331967386001,74.59465141348487,43.97956220137864,-5.3033944472151555,,,
-1.3058025097071015,1.0013328351113255,184.6472963486401,78.02331787537375,-5.867209585406848,,,
-0.13572266954377787,0.047989110052139586,4609.231859515211,380.7760717848664,-7.615981787041486,,,
-0.2433055246703899,0.07725983729757047,2496.353018865751,279.20905746145775,-7.243323065345403,,,
-0.7287151015564691,0.5959627578677992,171.3167060186527,74.31228474819478,-5.880221220534208,,,
-0.7981097997847909,0.7452250290810137,129.00491197572904,63.12485467978916,-5.693197264489979,,,
-0.23513623083322147,0.06424668721159583,3567.069326296768,337.43779830813725,-7.422742356213372,,,
-0.2119398033230561,0.0648874896980062,3245.7856021834277,325.4797998248934,-7.573546969862703,,,
-0.21662604030886518,0.06040652762476364,3805.523560491235,352.17568461398133,-7.51506026532531,,,
-0.16531627878604244,0.053720766764303866,4079.8697629433896,357.6700133955243,-7.570784387654318,,,
-1.3916673290377948,1.3066097198803566,142.17812805174853,67.28892367319727,-5.785257648653969,,,
-0.25339892780036066,0.054760321215710304,5217.685715612976,417.7772673706859,-7.7006353979101965,,,
-0.7776972819228769,0.6387528173740655,170.32263823920186,73.72679402669979,-5.862996443891575,,,
-1.5839366651811746,1.85664808046648,86.67012293643572,50.425414658989176,-5.417207139466253,,,
-0.19228247024245892,0.05829573097195032,3760.373884697203,353.2147382318501,-7.429943348784766,,,
-0.17448818671634259,0.058151548696769355,3620.7455872247533,335.14619898256376,-7.4954202640884295,,,
-0.3125889456799275,0.09383775121783787,2125.1377300729587,264.0378790620965,-7.175152408249012,,,
-0.1405554426707766,0.05492135080395482,3613.976353257905,337.3890260833162,-7.4341009608542405,,,
-1.2478459673810876,1.5109773545109533,66.6003579806688,42.38029441828245,-5.243760617182446,,,
-0.8096268269768085,0.8093660902844719,125.91926137985169,63.50960130850534,-5.745698754839123,,,
-0.3537549338458365,0.3936118816833078,133.12519750864288,62.423608123024245,-5.704272570562474,,,
-0.19418085680894087,0.060905995635177346,3438.2831654637394,327.30534748804945,-7.492791913499613,,,
-0.8353575138308891,0.6552738572901222,137.83584449123597,62.994884556495,-5.908311188189984,,,
-0.26199202396238047,0.06219251144949185,4156.714982899494,365.3947561621382,-7.608930421832514,,,
-0.20862418817480666,0.06168837091772226,3534.977149328672,338.3365900149637,-7.500287486045249,,,
-0.2626275742712981,0.09355973418017828,1825.265727846162,242.74738882662274,-7.0734432330948005,,,
-1.3578297874373049,2.211976124921994,38.129529941631645,29.214177839500415,-4.796998820099916,,,
-0.8126098952202553,0.3743768617425264,491.415314610007,129.25542606824507,-6.456281017520627,,,
-0.6267464165178842,0.5355219102911922,157.00709091005177,70.84721475376061,-5.78933496784327,,,
-0.9486787459562324,0.7807718625406733,161.68066374366177,71.88327865684604,-5.812332144678305,,,
-0.2252858964524647,0.050162905837268644,5678.3665697634215,415.7734401321744,-7.734938871660427,,,
-0.17302882307306292,0.056395890660968076,3787.150844371135,343.31118522861715,-7.518686852110518,,,
-0.1452037266385013,0.049628981908686615,4473.94256395941,374.6207523731814,-7.515519855052477,,,
-0.09698613730692338,0.047344276683979135,4227.854783337866,352.76694715392347,-7.583819435932286,,,
-0.11753449088781971,0.04509507214223945,4966.335474009219,386.41847803355665,-7.633246822774989,,,
-0.15721871128745413,0.04845982480188079,4868.878006076997,386.38972352642213,-7.605157880821396,,,
-0.20397263672522445,0.044640471637261904,6649.832669107298,459.4870384503038,-7.714387167808463,,,
-0.23909694761647934,0.055240435605361356,4895.049603387101,392.423992379095,-7.663056027161983,,,
-0.9191380390104423,0.6444525581302544,201.425146485967,79.56232694827129,-6.012023353257688,,,
-0.21747613532757173,0.06003045649645556,3819.644978067818,352.23346089107883,-7.451578476838095,,,
0.06224158903124992,0.01303040220387248,33485.44781640363,549.3955161347523,-15.912901310826616,,,
-0.03691196732687785,0.021263824851634076,17381.877089669433,733.5117357362602,-10.524109526676785,,,
-0.6181950846377102,0.2831982083173067,562.9352071352737,138.12429763490715,-6.560898000067046,,,
-0.2685048399234578,0.09057993065990641,2015.8247776663668,257.9357532601358,-7.485643845108814,,,
-0.574654083960487,0.48434351574852147,158.38199595851376,69.04724080442016,-5.777662464466206,,,
-0.693178695431931,0.5198341596791956,195.7499901201865,78.27402762041382,-5.894437814789076,,,
-1.1716535419826117,0.9921114874538833,143.89813044983572,67.20197140901921,-5.72924950509188,,,
-0.6789086706547288,0.6936086939815322,114.62295594019605,58.875107105744114,-5.643172197109638,,,
-1.008602148875517,0.8548004295859263,157.78555371075404,71.17908350342046,-5.778970018182672,,,
-1.0147909505319457,0.8905680054850018,157.96439364430884,71.29235260137216,-5.815632095861943,,,
-0.6256697210956783,0.6901744823179132,95.04700847272606,51.930936395813255,-5.482883230438787,,,
-0.9767617498796213,0.6854384852700398,205.517289473016,81.21832389798453,-5.946334249302463,,,
-0.8026733274080391,0.49755586320033623,300.0798084883946,100.69426183964539,-6.229459762400725,,,
-0.20247517632972473,0.07682829192532928,2250.749849854904,268.2868644140721,-7.239821245931863,,,
-0.6067507184830877,0.4392435463190007,214.94790371966283,81.32892614595613,-6.003735105109077,,,
-0.7537316233107589,0.4952341734819608,277.6772297491231,96.19757046381136,-6.157081229819995,,,
-0.6547448154658314,0.641538206607487,128.56301834045598,63.222935431443275,-5.761770792067567,,,
-0.7617028066699107,0.5989181799950635,167.10878322042404,72.07359302044947,-5.8272408102450495,,,
-0.7398795822765479,0.5849514709535796,160.43123869204527,69.37563340504691,-5.794781871864339,,,
-1.0308332914638854,0.5624029934557018,385.31927321109174,114.04139003832691,-6.277502242545241,,,
-0.8355517993699186,1.4752863294558165,27.440665836867637,22.453706940534563,-4.476717678686783,,,
-0.9187262264352252,0.810207072778201,146.7800975301463,68.05297423687456,-5.767389305990179,,,
-1.0742597344907927,1.229643181227519,91.22470914983147,51.959236467834465,-5.504367720266033,,,
-0.049738261927675075,0.01932471604909912,22051.741386715756,1839.6183417876427,-12.25086137161654,,,
-0.6237744030083863,0.44249693369103776,239.4577716904016,88.44819214267922,-6.037853861564541,,,
-0.1510098078397535,0.05199666903286378,4171.6733044898865,363.3609161391627,-7.494088449117256,,,
-0.2075014709213303,0.04960139552606309,5487.077849433749,413.4290304071894,-7.674530960249093,,,
-0.846979432576456,0.931005901562887,91.1510502179853,51.52513607576906,-5.443682733043643,,,
-0.6604988425767327,0.7097666560184193,99.94707563268715,54.14501737103306,-5.507824948373592,,,
-0.6691286269522243,0.6844010667013978,120.9155658205754,61.20459596822314,-5.785243378312962,,,
-0.7198972947459554,0.5348980653873836,201.31699686111443,80.62525897649313,-5.948208793165379,,,
-0.8690048548057244,0.8842998700405422,117.36554691378514,60.31072628325515,-5.654055713282006,,,
-0.15464515743578439,0.054957537217215115,3791.435386001972,348.93211020875,-7.551061322653509,,,
-1.4079393722603473,1.1305033477620925,219.24708547625931,86.48769676509174,-6.064823974377727,,,
-0.7577625418505599,0.6789806356785077,146.91368365375686,68.31820479761959,-5.781138846461064,,,
-1.1751424699238562,1.9666477697257136,45.48271744784388,33.58694272990996,-5.031993125229556,,,
-0.2167828126577228,0.0557039837449985,4469.738733997764,381.2792898504534,-7.559629539528579,,,
-1.256453934869637,0.9251006053917595,211.57212542017433,83.85959007502343,-6.002068051806396,,,
-0.762748825062842,0.5760552864180848,174.49824023708007,72.47405542549264,-5.87508412567484,,,
-0.15031741584347533,0.060496827059954565,3070.993635129482,316.26102264580163,-7.387250026814607,,,
-0.9841033635091178,0.8080255476423118,167.84668959650296,72.53073676943643,-5.840834755402043,,,
-0.601281132247135,0.4969004257083806,164.44820389556517,70.10019808135314,-5.791683368946818,,,
-1.0024466594124917,1.0072559444725298,135.7207244047875,66.08792053953451,-5.809389216170513,,,
-0.9469107322052509,0.6743971120130889,192.8331788982684,78.16512445148875,-5.908396515959618,,,
-0.2365896330185479,0.049683444134146534,5963.232121264167,429.325928117844,-7.793775140330686,,,
-0.2041126963396805,0.04534026520878074,6449.0171604056095,445.6113252514793,-7.71587952643968,,,
-1.0047992751045216,0.6610541352871034,248.41306330652907,92.11294306043895,-6.2257775834376385,,,
-0.7847589141551954,0.8397514203090496,100.23888809728963,54.72421944297903,-5.535895840090526,,,
-0.4785997357730022,0.5382214395298692,111.72242045789957,57.20686568956682,-5.695104032100889,,,
-0.28101753474419094,0.055993760135795816,5359.484061783397,409.5796265025922,-7.701429789382431,,,
-0.8436737273789338,0.58828283042481,203.17402348117466,80.66532678320668,-5.9431127214796176,,,
-0.2542336624064715,0.054549049007514505,5261.212510526736,400.3503948149185,-7.679015550663324,,,
-0.6183337860015011,0.45994491509206126,211.5925620228068,82.3343140647272,-5.959611848229926,,,
-1.0131734228681641,0.6954120411328993,190.06149444543345,77.40357455275694,-6.016141334939962,,,
-0.3433172856527516,0.1046765265337097,1810.8683325567956,241.52981900648356,-7.140496616997662,,,
-0.8065625452199854,0.53076661498857,233.5672558152691,86.45752383546667,-6.058906567863124,,,
-0.6979578124202478,0.45469288622177956,262.0670223066431,92.26276850026898,-6.146691449812214,,,
-0.9321546215253605,0.7302771030928318,167.17283479329055,72.4831482009385,-5.836940101750177,,,
-1.0236766677111524,0.5608907351557954,323.9439279796997,103.05485355507275,-6.247892639269441,,,
-0.8743939785976564,0.6782846454548741,185.95621186329578,76.14755021426183,-5.907271854126382,,,
-0.5927350532673651,0.5087371058363807,149.62176030968078,66.96847469590665,-5.809812976732068,,,
-0.3430203580902571,0.08371677889950813,2927.6762376702977,310.57219685783156,-7.339916259842883,,,
-1.0542218340961222,0.8444230326109032,155.68515814160415,69.84940301841769,-5.822764981922079,,,
-0.6307927536141839,0.28195244598908686,595.660540213209,142.89719287382476,-6.583734929303381,,,
-0.4395985582905625,0.15251066954382606,1171.605941792545,196.69283186469212,-6.884968026418938,,,
-0.6203410185327747,0.5401747005771331,155.953363409761,70.12684001729383,-5.776604966892051,,,
-1.5483743862790917,1.5390678793420685,119.56047821358283,60.38082182517809,-5.60837894760176,,,
-1.5244440185080967,1.6183350877296498,105.84279723098956,56.86646136135784,-5.548911604607277,,,
0.012775388132226197,0.026890893910707092,9151.345055029024,471.7521998605309,-8.15944515427009,,,
-0.7540711592646856,0.5643531788021693,211.23527189605667,83.25406083334177,-5.974303737679212,,,
-0.6935592614001322,0.5164021174412432,200.00931832569495,80.36858396322657,-5.9229034603459745,,,
-7.9988454388752785,801.7997841865342,1.0244548320770264e-08,100.3526464736626,-1.185878443676728e-09,,,
-1.1690448212846432,1.0956926243049203,119.75473947315345,60.64433510974494,-5.62938789879314,,,
-0.8194390431137718,0.45201232538900504,384.65030968340136,114.28125027321322,-6.311607440466942,,,
-0.6347660294626817,0.5518695372859619,162.74606573053168,72.45709990360963,-5.868206339024254,,,
-4.148712099789919,10.490450084613993,73.91458129035003,46.04939710530449,-5.343049102946861,,,
-0.6789531636204026,0.4861033093163557,244.02343535043383,90.35327838590158,-6.134567865427426,,,
-0.6183244929204084,0.34953131101335955,389.20465480089547,115.8527313219133,-6.402922101161323,,,
-0.626194581940561,0.4506553371524422,236.56716904993664,89.78992399851171,-6.090388158363395,,,
-0.8853385749878256,0.8228946375288665,124.36979982474713,61.862856776496706,-5.705485488095721,,,
-0.7244071616538573,0.5366502175227639,171.14885771362455,71.90730012855,-5.975246860983699,,,
-0.7077796560300775,0.5321584201435647,201.24738237283853,80.89735422827893,-5.958947425169651,,,
-0.30944683958144686,0.07383490595829832,3401.7465062939077,329.5974355606996,-7.563945883149066,,,
-0.7709814807167693,0.69613013249098,157.53455738158905,72.12195286083698,-5.995901702069258,,,
-1.4415320872019886,1.6164154966593867,93.38145470228328,52.825739961022606,-5.483151746049059,,,
-0.9780892682967266,0.8500389960295768,157.15163507784035,70.47185282247216,-5.828771027372997,,,
-0.8205742786272792,0.4275039032744986,396.20282030149565,115.98602237052097,-6.2896011600384485,,,
-0.920539535061822,3.102486604233847,8.629814723618516,8.580366172980648,-2.4700950020329047,,,
-0.048522175222366584,0.03090821714722182,8529.210054181569,555.2490322692125,-8.457367907763874,,,
-0.27824953984877115,0.10678147238007815,1471.3466387020485,218.0485399295353,-6.959392828198987,,,
-0.5187159980443224,0.3293549572956172,325.1031314076512,103.77326816112677,-6.268756942755504,,,
-8.0,82.2327059785877,23.79347077449688,20.639852392882823,-4.30660857216774,,,
-1.0133397957957266,0.8289161403289976,174.0521991622895,75.39532018662705,-5.872958826146184,,,
-0.8672024365792342,0.6377341611501058,212.19251194592906,83.2109878416398,-6.005128660034497,,,
-0.7015039719122712,0.49752477405987244,193.48753175292907,78.03081235155375,-6.127189332202295,,,
-0.8853167200135993,0.46699399237144884,405.1979681702043,118.08838375108019,-6.3450162299170705,,,
-0.8693482836010576,0.4825181062227918,305.16201045602384,99.36332048652999,-6.397763586339341,,,
-0.1373539985161653,0.05607979619882974,3460.5682728795323,327.30681445530604,-7.615029665050929,,,
-1.014834976381093,0.8571771596665644,141.82769403320006,66.38060345422704,-5.760432880161317,,,
-0.936948363339957,0.7868211302699233,138.3152486013304,65.41909492237795,-5.745480814996836,,,
-0.17786298042601892,0.08918352049605334,1547.6461630186843,223.26770277555482,-7.21304325267501,,,
-1.416371689476717,1.5378530935720378,116.51787093048323,60.6605145179116,-5.69282266823912,,,
-1.0402936494055346,0.5186801399701567,402.4945807877817,115.92631796161884,-6.387069797748107,,,
-0.5225257998546673,0.4058616497901104,188.31869452234585,75.32791103546684,-5.9673539451547155,,,
-0.9017829820230088,0.5786065016288469,277.59141141991506,95.97721982296876,-6.115323939472544,,,
-0.8422136910550088,0.4997393369390487,306.25519336843837,100.94997264503677,-6.13823024749371,,,
-0.790887092703403,0.34239431797149184,568.7588637554651,138.41839181590592,-6.477501504836717,,,
-0.8173601652247088,0.5238956457176092,295.80600547559396,100.47748641516077,-6.223369205890525,,,
-0.9755969232436124,0.7924766596895333,181.01704294393264,77.21142716727623,-5.88767066773923,,,
-0.6871657441800484,0.4089188114662316,306.96809399037846,100.5562640302708,-6.1778666741616615,,,
-1.2190572908563646,0.9880767476596324,205.483606329874,83.43874226035427,-5.997210626422695,,,
-0.8581012287933696,0.698862727637148,179.37105005151798,76.55678103770171,-5.916692424680578,,,
-0.574111253928245,0.4756895053572643,170.00603220207194,72.44280681648465,-5.939868496906919,,,
-0.17453347410060058,0.061057573139439096,3293.8714649940266,327.8319776313492,-7.497928545467053,,,
-0.6613977688354457,0.5162532173332575,181.7911807231461,75.58752020016851,-5.851567899916135,,,
-0.9299050709730132,0.9351748697198908,98.20674203469572,52.92878054976202,-5.517510446465996,,,
-0.8138276441954659,0.34006684637471396,642.5097300879004,149.08762177414172,-6.550806754233336,,,
-0.7152117424690959,0.4317900631785927,291.103580903225,97.29505247820354,-6.157896525253451,,,
-0.9482689862987524,0.6346792092663763,279.28647940129866,98.87770801059641,-6.2323890602185275,,,
-1.0142451411374345,0.7280714753567076,181.22560871261496,75.41832589701197,-5.910169069234336,,,
-0.7781917171044075,0.3447563765264897,580.0282962676869,140.01359913231389,-6.533034026216959,,,
-1.7224475358603122,2.3000917447520166,96.68145018848534,54.75817054992262,-5.725201499553222,,,
-7.9988454388752785,801.7997841865342,1.0244548320770264e-08,100.3526464736626,-1.185878443676728e-09,,,
-0.6960461336772749,0.5190005296569465,193.18541888984353,78.24849157685293,-5.886884603323054,,,
-0.688490952146842,0.7969957902836682,84.02282136175722,48.92088210511379,-5.401356304331234,,,
-0.08904934777668988,0.04452761685221375,4612.091038023019,376.4307209103401,-7.702907614317479,,,
-1.2486335713771475,0.9013234152528737,219.71464879989995,85.49615517431671,-5.996253757970394,,,
-0.15936392487963585,0.05712458181555716,3516.957259357105,328.91459038070644,-7.496847745064796,,,
-0.22006636527584358,0.06235881877638207,3614.101022561374,340.85654192985567,-7.45673592423486,,,
-0.8635210655723503,0.5449466733165436,248.88001299606572,89.40972694353518,-6.088335327574974,,,
-1.3507497572872478,1.0440979920136648,181.41273843145254,76.67713430037726,-5.897452300311051,,,
-0.12862892729567768,0.058693298360039926,3075.881206701898,312.46979335039214,-7.508070906430622,,,
-0.7971930508556941,0.8043048185681458,114.20855945146106,59.1633318278136,-5.6159523138006415,,,
-0.1364891047115718,0.05567808732279062,3488.94152605795,334.7896024784621,-7.440128936993576,,,
-0.9213703839268073,1.4144146192621894,58.708616844690674,40.121465636682686,-5.2746747095143505,,,
-0.9339288588058634,0.6003502693781011,257.6574997317563,92.2528541050477,-6.062902195851746,,,
-0.2281922433315679,0.08841020586995475,1833.4632587666104,241.83512046535938,-7.107394631722245,,,
-0.17502011019312985,0.05924440585109696,3476.178584721092,336.12984431279534,-7.49233464344686,,,
-0.9398307964212149,0.7445938556404118,165.529843926875,70.95025744653213,-5.810419605590946,,,
-0.20725871201328147,0.08245572423927877,1971.044547624206,251.68096552992054,-7.133854988746135,,,
0.12441471390178331,0.025287081249450057,7200.822958007162,469.80644913039697,-8.442627075841092,,,
-0.25633666198238486,0.0659502557370888,3585.6581936622133,338.8507012668628,-7.446773159890589,,,
-0.8677199422325851,0.6956496754711109,168.55277288691966,72.76152523452569,-5.833402312887387,,,
-0.9659575619830996,0.7089387470482456,205.4936528007766,82.11845827441279,-5.946086305941565,,,
-0.6550828211306285,0.5555957500019727,150.51337796503887,68.60655875419005,-5.785258226659295,,,
-0.9245383401820131,0.5183854404522618,327.02723178325715,104.27411921568584,-6.18386349132814,,,
-1.088403837837199,0.9482977914356788,120.76627192603556,59.41673705373743,-5.6736027302618055,,,
-7.9988454388752785,801.7997841865342,1.0244548320770264e-08,100.3526464736626,-1.185878443676728e-09,,,
0.008425676011791765,0.03140270013895596,6948.610028064148,471.2804412457466,-9.690281812058824,,,
-0.5022310685697068,0.6512457502062,71.59012510382927,43.02479863175387,-5.294022517784248,,,
-1.1302706114592678,0.6886237327560255,297.4397834109844,100.27042254360838,-6.139145944769457,,,
-0.989460415778359,0.6453479019600243,245.05241452784225,89.90499731589651,-6.152922480023204,,,
-0.2950360879792167,0.006133822569037207,472450.362576811,133.67986512464051,-17.373960305973974,,,
-1.2978473905308072,0.11662303411850854,14524.217610435426,673.5181180043805,-8.126264910588327,,,
-2.2992756756687993,0.3184661177776482,8453.376248575505,551.8598631114951,-7.878690341981422,,,
