298490.2234663242,348942.7783901292,425091.90181526233,320598.99159301235,200915.266456774
83285.29162856727,85352.4492329158,91157.14759374964,60273.93298270919,33119.40473307282
1244.2127690184604,554.9229264558451,262.1187694546876,76.73613393903115,18.209699477747424
29.69737021557277,0.8875860488703926,0.025495107788154968,0.00045854409275126594,6.9732829049981195e-06
32.01584885569593,27.889656709674956,25.376265556216467,14.398176104251606,6.876754826456116
80206.81166196706,78060.77413651053,79144.68703482478,49683.9935437749,25915.827352703527
56.62940042091803,10.876059411454811,2.1404132550803183,0.24556377548854572,0.02395341798914533
41.18397486712501,0.013795445735070052,4.732196649366442e-06,1.0159950169622242e-09,1.8425223281628555e-13
40.08397615234312,0.013428866002236023,7.344756408384697e-06,0.0011101298870611876,0.0006587670925977247
11.668203973018908,0.003908512358383441,1.3407213830960375e-06,2.878507266900342e-10,5.220216460215289e-14
50.90031115441519,0.017050138620530248,5.848640950121276e-06,1.2556938144402725e-09,2.277219722356385e-13
47.70327938409612,0.015979225032343843,5.481289739359477e-06,1.1768240997467807e-09,2.1341883020123277e-13
51.95486569830535,0.017403384028042417,5.969813311343623e-06,1.281709325695903e-09,2.3243992454512844e-13
55.12381590892616,0.018618094061193757,0.001719029936076917,0.0033042201693162174,5.992253246806568e-07
62.42805289300026,0.020914888323166368,1.2008414958456704e-05,0.0021612161869916657,3.9193982392013935e-07
60.434315873010206,1.7783409415263198,0.050294735362181486,0.0008906457660423018,1.3335600044570746e-05
44.46926241260191,0.014895948892025989,5.1436265131184085e-06,2.260363655747666e-07,0.0006362587461951463
20.174476499210297,0.006961071521566052,0.00747353665355985,1.6045563110987629e-06,2.909887135897261e-10
27.17590407175198,0.0091031453649849,3.122615595186383e-06,6.704205508920775e-10,1.2158178078188582e-13
16.687257554277096,0.005589750790201904,1.9174298872375336e-06,4.116691158784768e-10,7.46568167321393e-14
33.264917331323936,0.011142789480774226,3.82226656957291e-06,8.20634490899124e-10,1.4882330597084147e-13
55.52945842194064,5.43405165820056,0.5068815039585399,0.02963714417713435,0.001468594921876629
23.156537432944567,0.0077567732740461874,2.660774954449135e-06,5.712641074077381e-10,1.035996098016214e-13
37.85121863990769,0.012679068361853117,4.3492501780149776e-06,9.337770248784747e-10,1.6934187561355356e-13
57.22289707517191,0.019432049920754393,0.004671508592811325,1.0029653887329376e-06,1.8188929003218583e-10
30.891339550856365,0.010347709268772957,3.5495333801229185e-06,7.620791133497772e-10,1.382041996989168e-13
545.1914540834339,276.9411812934366,147.35810952336158,47.764155272884416,12.93699660594204
48.77400546529298,0.01633788743921285,5.6043202722348675e-06,1.2032385574706244e-09,2.1820913205606016e-13
301.26717977300984,146.97442954089766,74.19542567103437,23.48550022150213,6.267179242001755
50.90031115441519,0.017050138620530248,5.848640950121276e-06,1.2556938144402725e-09,2.277219722356385e-13
69.14405947855442,3.232299384538721,0.22060155833220815,0.007134557206864063,0.0014704341032630828
25.877668198782626,0.008668302236835158,3.0101076346371006e-06,4.2352624606146894e-07,0.0012724967641018245
35.58801436391483,0.011920960095772154,4.0891993275023815e-06,8.779445251211032e-10,1.592165673470142e-13
38.97248191647162,0.013054659274009386,4.478087628444003e-06,9.614382184705737e-10,1.7435827490352886e-13
44.46971136742271,0.014896072853648133,5.109740373778083e-06,1.0970530479590849e-09,1.9895222932170007e-13
42.288290567196746,0.01416538546624923,4.892183187572617e-06,2.2525502433536398e-07,0.0006362581874615811
78.88930016643563,0.026425644028654896,9.064683123057932e-06,1.9461729014582357e-09,3.529413988784961e-13
29.679495161245704,0.009945361231504628,9.554887740057853e-06,0.005397897626583862,9.789168978264626e-07
42.28889933445635,0.014165563616590712,4.859156707956662e-06,1.0432531375431098e-09,1.8919553420610961e-13
66.56601821573967,0.02229769940997021,7.648690768156996e-06,1.6421616180665015e-09,2.9780849287886543e-13
63.75398862307875,5.249328846490969,0.41543413205324736,0.022457328000347505,0.003119298993973018
63.46818474857403,0.0212600143970386,7.292737822844805e-06,1.5657390926503964e-09,2.8394915232080024e-13
2568.5261985967745,1020.8655817940178,424.7085731992421,108.43109603062378,22.693416201225567
100.21003375846975,0.033567475875866414,1.151451717603073e-05,2.472148336257202e-09,4.4832783941241606e-13
37121.06763505812,37001.882732693746,38421.26901724643,24709.42053614202,13199.461290912446
59.312655848572376,0.02033477596205555,0.013586894994402925,5.444357268071082e-06,0.0012741137958400895
33.264917331323936,0.011142789480774226,3.82226656957291e-06,8.20634490899124e-10,1.4882330597084147e-13
2800.3555751710787,1163.9246326190616,502.0874120970083,132.78325227384948,28.87521364411835
85.00538250206556,0.028659812700530665,0.001689689754440836,3.62773675298099e-07,6.578955463826861e-11
26589.71000992069,22642.621027473448,20073.852245320697,11014.61454809951,5031.825248008735
28395.59318576325,24601.546174981722,22199.571875946545,12403.894633766315,5763.6462374311495
3134.54196872417,1434.104062235108,682.4510614153338,201.0009855356782,48.8752583176808
2694.089126339059,1169.0260741497473,527.1584012226582,146.8194688195453,33.43119879361143
2241.8025517312517,1154.2122863430654,619.0837331477203,208.10955155390525,57.691751431890914
29073.545135251632,24343.26498524778,21245.73532248373,11473.481633092199,5148.2818439098455
5004.517227362959,3620.1266706786178,2729.617646591702,1276.74046316683,495.7165780184316
29.678390693042264,0.00994140632687925,3.4101609048016346e-06,7.321560668409061e-10,1.3277760996188267e-13
51.95486569830535,0.017403384028042417,5.969813311343623e-06,1.281709325695903e-09,2.3243992454512844e-13
32.092120257156616,0.01074993623027753,3.6875076881714066e-06,7.917019755917433e-10,1.435763505651788e-13
29.678629972989558,0.010051192424408722,0.001586207011665356,3.405560966994692e-07,6.176036315974283e-11
215.7992902983182,0.07287777704147869,0.006551391205301477,1.4065731650538207e-06,2.550841706443843e-10
56.17759249405242,0.018817875916032966,6.455020813982598e-06,1.385882596884852e-09,2.5133190481657687e-13
62.43022723583548,0.02092133425436585,2.336466393181405e-05,0.016191752858174542,2.9363988676324945e-06
163.6842575865193,0.05482951319064094,1.8807948912266635e-05,4.038036410997695e-09,7.323040098605608e-13
28.4396961006679,0.009526479305226807,3.267830145846615e-06,7.015978815892197e-10,1.2723583685331805e-13
33.26959438363256,0.011262956185544898,0.0016597093719884423,0.002306289068228406,0.0032530327284558094
51.96060322514648,0.01761631723153864,0.003322260243277888,0.007805310931510059,0.0013581479273637516
179.70159379967865,0.06019491274216789,2.0716568202201306e-05,2.5897240697366023e-07,0.0006362814785136174
1959.8653179611524,791.3789334809367,333.69368728621833,86.18493657875929,17.721926626994485
37.85121863990769,0.012679068361853117,4.3492501780149776e-06,9.337770248784747e-10,1.6934187561355356e-13
1595.107369762203,204.86841342026867,29.955113012850006,2.604427685264976,0.17203463461118085
194.9754297440498,11.639081235841523,0.6877834499117763,0.04578934523727756,0.00139191913625371
23.156537432944567,0.0077567732740461874,2.660774954449135e-06,5.712641074077381e-10,1.035996098016214e-13
24.54239495742664,0.008220995640566527,2.8200152986609905e-06,6.054527534438775e-10,1.0979977246379569e-13
33.2645021434086,0.011142682726601022,3.8637730268491975e-06,4.279371211615025e-07,0.0012725000115889817
119.18883882360736,3.588676336151106,0.10428023226799812,0.0022596891378163387,0.0009673550061052913
24.541845226089215,0.008220839258924735,2.8556605332119187e-06,4.226666310628212e-07,0.0012724961292487377
194.7392407989195,0.06523203837409915,2.2376285576660827e-05,4.804152559267543e-09,8.712403319474443e-13
85.00164335806367,0.028473102999924324,9.767014796106065e-06,2.0969623831606034e-09,3.802872994242904e-13
20.173742905420806,0.0067576229934800175,2.3180404244666023e-06,4.976795545236642e-10,9.025493985410843e-14
29.678390693042264,0.00994140632687925,3.4101609048016346e-06,7.321560668409061e-10,1.3277760996188267e-13
43.381091715360306,0.014531416615764063,4.984653800989879e-06,1.0701971617695894e-09,1.9408187374705393e-13
170.65655058668213,0.05716503058649908,1.9609092116151724e-05,4.210040569601159e-09,7.634972241453438e-13
25.877456712082857,0.008669699842618098,5.202385370265578e-06,0.001080444838389694,1.959403053996806e-07
36.718008401902026,0.012421466477136055,0.0016027672031778662,3.441115432084182e-07,6.240514876104571e-11
37.85121863990769,0.012679068361853117,4.3492501780149776e-06,9.337770248784747e-10,1.6934187561355356e-13
21.70773624370979,0.00727146659222447,2.494302141773452e-06,5.355226620134889e-10,9.711784462755397e-14
35.58471297038027,0.01191989516729028,4.141484432067359e-06,6.331929444910622e-07,0.0019087435973836882
137.51699746951562,0.046064234507748526,1.5801230375546886e-05,3.392498772335911e-09,6.152347828420897e-13
11.66886548193396,0.0039776357701094625,0.001531820067066592,3.2887930708263393e-07,5.964275970391023e-11
1.2659557163715362e-08,4.282152081679224e-12,1.4832871968264493e-15,3.2158084819008926e-19,5.889081219803195e-23
41.19044606280601,0.013797638831758734,4.7656049451892155e-06,2.2485461604462614e-07,0.0006362579007559792
110.88656208627279,8.20380742173481,0.5802785258082985,0.02571756971380979,0.000965178973879502
179.6753822321033,0.06018607950078096,2.0645390458683266e-05,4.432532158626565e-09,8.038464102893339e-13
138.53826715327313,0.0464063304455157,1.5918578178695305e-05,3.4176931571183414e-09,6.198038226238742e-13
45.19190102120851,6.705668247418051,0.9420743527582978,0.08303858849600866,0.0062136748594809315
185.73368366166443,0.06221543603782864,2.134151252602422e-05,4.581988447961149e-09,8.309505343830425e-13
252.0486954169222,3.769776316462641,0.054279894300057696,0.0004892705552504493,3.727083382639437e-06
60.34700325211267,0.020217741347082388,1.1698431981148938e-05,0.0021611548552003717,3.919287013070362e-07
181.70458103565116,0.06086580267151257,2.0878553183020315e-05,4.482591820897681e-09,8.129248057474731e-13
88.08036402997062,0.9573780695390978,0.010022335583466078,6.567754055528439e-05,3.636753848639703e-07
236.83815356367384,0.9835555128186263,0.00393685524255148,9.863327255016646e-06,2.0875959565413817e-08
190.73343955286097,0.06389021029913136,2.191600365157259e-05,4.705330769528515e-09,8.533188509299891e-13
46.63743862827366,0.01589972182517496,0.006214565552345186,0.0011554425064709752,2.095412459252625e-07
219.76427469594154,0.07361906645123999,3.115454970954006e-05,0.0010836266760044456,1.9651733646301173e-07
90.49138451779152,9.324016340812728,1.1749244554976457,0.08108651175657516,0.011965170794409518
47.70327938409612,0.015979225032343843,5.481289739359477e-06,1.1768240997467807e-09,2.1341883020123277e-13
181.71324393424618,0.06087267119719367,2.6275136019223545e-05,0.0010831871166170287,1.964376217033576e-07
291.39446745775547,0.09761384701871177,4.0327587182929045e-05,0.0011136871298224604,0.0006588039658744471
168.68481786255398,0.05650455689770306,1.938253246471765e-05,4.161398576472547e-09,7.546759251301402e-13
41.18397486712501,0.013795445735070052,4.732196649366442e-06,1.0159950169622242e-09,1.8425223281628555e-13
51.95486569830535,0.017403384028042417,5.969813311343623e-06,1.281709325695903e-09,2.3243992454512844e-13
37.85121863990769,0.012679068361853117,4.3492501780149776e-06,9.337770248784747e-10,1.6934187561355356e-13
82.95877364942648,0.02778880046962584,9.532281232347456e-06,2.0465654641896937e-09,3.7114774195360973e-13
24.54239495742664,0.008220995640566527,2.8200152986609905e-06,6.054527534438775e-10,1.0979977246379569e-13
35.58801436391483,0.011920960095772154,4.0891993275023815e-06,8.779445251211032e-10,1.592165673470142e-13
78.88734828103351,0.026863708561302883,0.00922438830946155,1.9804613483660414e-06,3.591596605796761e-10
1.2659557163715362e-08,4.282152081679224e-12,1.4832871968264493e-15,3.2158084819008926e-19,5.889081219803195e-23
37.85121863990769,0.012679068361853117,4.3492501780149776e-06,9.337770248784747e-10,1.6934187561355356e-13
91.09309440244982,0.030513563703433177,1.046694588131644e-05,2.24723646251145e-09,4.0753973097419307e-13
49.8375779662119,0.016694153602667895,5.726528831302933e-06,1.2294765387387763e-09,2.229674296387624e-13
262.88099526128275,0.08805756405516667,3.0206034482372922e-05,6.4851870685443205e-09,1.1760984824348017e-12
169.6590517561383,0.05683089720010395,1.9494475675196813e-05,4.185432603892943e-09,7.590345323495104e-13
132.67642401409935,79.43622720569886,51.40031561546685,20.74816307573438,6.722910512019884
64.49649483444573,0.021604468666793705,7.410894595195501e-06,1.5911071618207086e-09,2.885496900289903e-13
253.86209971941324,0.08504118224213814,3.549078265767211e-05,0.001083989222304193,1.9658308478274997e-07
25.78132072601467,13.2086667196054,7.653430181102993,2.9212393917919384,0.9609335003669124
230.86594466356036,0.07733344394166693,2.6527382393626263e-05,5.695386375919959e-09,1.0328669324110694e-12
1.2659557163715362e-08,4.282152081679224e-12,1.4832871968264493e-15,3.2158084819008926e-19,5.889081219803195e-23
60.34618302047446,0.020598227420487114,0.00915450669049166,4.699630634361464e-06,0.0019103585178407933
48.77672413392606,0.016620514043822573,0.0061353539708641856,1.3172506393055246e-06,2.388853955173941e-10
54.07306577767049,0.01841383624174292,0.006330867100860687,0.004467486543517771,8.10185440850902e-07
49.8375779662119,0.016694153602667895,5.726528831302933e-06,1.2294765387387763e-09,2.229674296387624e-13
32.092120257156616,0.01074993623027753,3.6875076881714066e-06,7.917019755917433e-10,1.435763505651788e-13
32.092120257156616,0.01074993623027753,3.6875076881714066e-06,7.917019755917433e-10,1.435763505651788e-13
41.18397486712501,0.013795445735070052,4.732196649366442e-06,1.0159950169622242e-09,1.8425223281628555e-13
28.4396961006679,0.009526479305226807,3.267830145846615e-06,7.015978815892197e-10,1.2723583685331805e-13
57.22132527271048,0.01916749634379272,6.574949712879203e-06,1.4116311387771315e-09,2.5600144182828505e-13
197.7460349624865,0.06623922784169775,2.272177775686135e-05,4.878329175222447e-09,8.846923734282299e-13
223.50226547127187,14.46154556659425,1.0308167360194285,0.040270281936136555,0.0013318094419525156
55.12676698002038,0.018465879626150126,6.3342769325914766e-06,1.3599590795605067e-09,2.466306357456481e-13
221.76044143390124,0.0742834215531629,2.555684291159935e-05,2.6654065890385674e-07,0.0006362864940359291
58.27111257328287,0.01951914486206074,6.69557429956235e-06,1.4375290437193553e-09,2.6069806605498244e-13
57.98149834334921,13.287381033323603,3.3615592123657394,0.5783507261137684,0.10802947649692217
184.7093609501375,0.06187231742366715,2.122381391827699e-05,4.556718745995026e-09,8.263678357160927e-13
55.12676698002038,0.018465879626150126,6.3342769325914766e-06,1.3599590795605067e-09,2.466306357456481e-13
29.676817546863454,0.009942482449730807,5.775017008760502e-06,0.0010805626033117833,1.9596166224639755e-07
318.90082387748606,0.10682259361475042,3.664292762177925e-05,7.867177682825053e-09,1.4267245703202726e-12
62.42774317654721,0.020911496428733786,7.173187096211635e-06,1.5400717437354328e-09,2.7929433977831637e-13
220.68838108954557,13.992869278337881,0.8493313285896577,0.032295785338088585,0.0010395441583668282
33.264917331323936,0.011142789480774226,3.82226656957291e-06,8.20634490899124e-10,1.4882330597084147e-13
222.24532739726405,7.8213023229995935,0.2643712492404656,0.005595780677328099,0.00010016542104953205
202.6153187082926,5.394779407349426,0.138098747507088,0.002213417597820371,2.9993037610131927e-05
66.56587375009983,0.02230180951263854,1.3909416770130055e-05,0.0032409657101378714,5.877540328488877e-07
3002.7295176026737,1260.8417198880827,553.297066324534,147.79566674939448,32.36256538622042
62.42774317654721,0.020911496428733786,7.173187096211635e-06,1.5400717437354328e-09,2.7929433977831637e-13
186.75057797595548,0.0625600876613326,2.692395683071997e-05,0.0010832477857729435,1.9644862414653278e-07
141.5750978640812,0.04742362844177561,1.6328032093988298e-05,2.514114963788663e-07,0.0006362763941465771
81.95173915281569,0.02763624673905336,0.0017310343679240664,0.0011186570791096517,2.0287015304265125e-07
252.83150872402697,0.08469133843810082,2.9132154511302802e-05,2.7174074250525157e-07,0.0006362898990054379
74.81697213955724,0.9505445608393687,0.011628934407232889,8.905958423221224e-05,5.763652985903602e-07
2754.5259559256365,1042.9734228362167,413.66250813719074,100.6455399259541,19.428612829699045
56.17759249405242,0.018817875916032966,6.455020813982598e-06,1.385882596884852e-09,2.5133190481657687e-13
178.4912602112568,10.966527675077398,0.6451571341880907,0.023776432011323324,0.0007416981724513776
221.78603747000966,0.0742981340352745,3.404959726073984e-05,0.0021644460444525154,3.9252556345518103e-07
214.7245236737201,0.07193263078272644,3.311067954845204e-05,0.0021643355910394096,3.925055325616754e-07
51.97021502921468,0.017408554179116707,6.008260962326103e-06,2.285962974674009e-07,0.0006362605700597609
145.54776829581476,0.04875431149770488,1.672399674082987e-05,3.590615228268353e-09,6.511635017371339e-13
203.7192383221545,0.06824007897563276,2.3408121729627528e-05,5.025686123363193e-09,9.114157788216004e-13
229.60876693626116,0.07691232560201537,2.6382927851587093e-05,5.664372217852585e-09,1.0272424679428117e-12
25.880005805020755,0.008814207665625583,0.0030760227061046043,5.195101803857081e-06,0.007000429060007103
48.77400546529298,0.01633788743921285,5.6043202722348675e-06,1.2032385574706244e-09,2.1820913205606016e-13
260.35238524604415,7.213824291137524,0.19268994187417476,0.00367127726094778,0.0010506200585039263
194.7392407989195,0.06523203837409915,2.2376285576660827e-05,4.804152559267543e-09,8.712403319474443e-13
42.28220396181302,0.014166026960449808,8.94729969136202e-06,0.002160570321248323,3.918226951908409e-07
259.7856546628227,0.08702071408147209,2.9850367977234936e-05,6.408826041373367e-09,1.1622502946764986e-12
163.78488309078745,3.6599306609922255,0.07866890058776271,0.0010586796477755555,1.2043311406230498e-05
36.7178782096085,0.01229943195094335,4.219025016306886e-06,9.058178919045238e-10,1.6427144456610535e-13
137.51699746951562,0.046064234507748526,1.5801230375546886e-05,3.392498772335911e-09,6.152347828420897e-13
182.9930454544228,6.181592473575356,0.20128495855410858,0.004660114719336851,0.0011674220830328443
191.7817619286573,0.06463936651950455,0.003476684411265608,0.001135734942900999,2.0596724946808093e-07
209.845318261233,0.07029213936176414,2.4112031807637008e-05,5.176814486074592e-09,9.388231359508725e-13
51.95486569830535,0.017403384028042417,5.969813311343623e-06,1.281709325695903e-09,2.3243992454512844e-13
38.971195513456415,0.013057445268588767,9.55194673392946e-06,0.003311482918365491,0.0013277464544415236
227.5591833885296,5.452290389471055,0.12563464063180754,0.0018125123050320362,2.2105298412903054e-05
179.6753822321033,0.06018607950078096,2.0645390458683266e-05,4.432532158626565e-09,8.038464102893339e-13
176.5654662622012,0.05914434719733446,2.0288049187471258e-05,4.355811561870523e-09,7.899330140429971e-13
163.40084052527249,15.675524733972326,1.607367919369114,0.0928949638132663,0.0045497549357046375
24.54239495742664,0.008220995640566527,2.8200152986609905e-06,6.054527534438775e-10,1.0979977246379569e-13
46.293203417559305,6.160489229453039,0.9102901917655086,0.07317545503336532,0.004991506887681096
57.2299455298121,0.019574496749528363,0.010622274006835093,5.180521518953389e-06,0.0019104859073653597
157.6178430537457,0.05279743899762459,1.811089461825349e-05,3.888379974094488e-09,7.051635887025989e-13
37.84950762027122,0.012680305621695967,6.979909383123243e-06,0.001080792680106527,1.9600338702106964e-07
58.27249856017969,0.019927314179780498,0.010624391319778716,2.281039745167194e-06,4.136700074045473e-10
24.54239495742664,0.008220995640566527,2.8200152986609905e-06,6.054527534438775e-10,1.0979977246379569e-13
198.69592019457326,0.06655741204358882,2.2830923212759336e-05,4.901762529229679e-09,8.889420476157234e-13
282.86964694303947,0.09475318681820917,3.2502807215430994e-05,6.978300483895333e-09,1.2655253460445737e-12
205.7168627185207,0.06890922562910744,2.3637656433494178e-05,5.074966855468786e-09,9.203529141162456e-13
21.725017975476703,0.8547961631369657,0.03228823938376811,0.0007637725556694949,1.5281149634371224e-05
1.2659557163715362e-08,4.282152081679224e-12,1.4832871968264493e-15,3.2158084819008926e-19,5.889081219803195e-23
16.70413916196006,0.8221303257128743,0.038800410982619146,0.001146923242266331,2.8684741666647268e-05
1.2659557163715362e-08,4.282152081679224e-12,1.4832871968264493e-15,3.2158084819008926e-19,5.889081219803195e-23
15.817460194176357,16.274282142408236,17.742470360210984,11.961912304329609,6.64689885963373
1.2659557163715362e-08,4.282152081679224e-12,1.4832871968264493e-15,3.2158084819008926e-19,5.889081219803195e-23
11.668203973018908,0.003908512358383441,1.3407213830960375e-06,2.878507266900342e-10,5.220216460215289e-14
46.63253231914883,0.015620555596522659,5.358256795370692e-06,1.1504091243607657e-09,2.0862843446758773e-13
21.70773624370979,0.00727146659222447,2.494302141773452e-06,5.355226620134889e-10,9.711784462755397e-14
14.538956745545732,0.004870131877139726,1.6705818857585677e-06,3.586712465943905e-10,6.504557298874446e-14
6655.292251401338,1657.8149175724345,432.3799518596398,68.62599230331016,8.715850677392874
170.65655058668213,0.05716503058649908,1.9609092116151724e-05,4.210040569601159e-09,7.634972241453438e-13
19.365878398997975,12.638329432340345,8.670697605377358,3.8222277279729235,1.366672789246187
24.54239495742664,0.008220995640566527,2.8200152986609905e-06,6.054527534438775e-10,1.0979977246379569e-13
3697.3812431768283,889.0668414007848,225.36786426462044,32.805552328782824,4.020638594685236
0.9828404414889785,1.9272093578226919,3.6101402231755464,3.8237751048735937,3.3414004732698834
24.54239495742664,0.008220995640566527,2.8200152986609905e-06,6.054527534438775e-10,1.0979977246379569e-13
3671.9572783386266,833.510232643201,200.04051707003575,27.195886351166653,3.1474238298067982
4653.105941438129,1365.2864565348548,418.8534157425491,79.50096481451057,11.895507313031848
0.06303642373400153,0.11932363459516916,0.23599636317927897,0.2217135545690559,0.1860269079207782
117.39477629839514,0.039323869811749734,1.3489109995932976e-05,2.896090241929838e-09,5.252103451338771e-13
60.354170667469575,0.02038117657104634,0.0018098037621192193,0.013081186113099027,2.3722928843001387e-06
58.27111257328287,0.01951914486206074,6.69557429956235e-06,1.4375290437193553e-09,2.6069806605498244e-13
58.258257003035595,0.019518728982106295,1.2611055068122967e-05,0.0032406682067262728,5.877000801552794e-07
46.63253231914883,0.015620555596522659,5.358256795370692e-06,1.1504091243607657e-09,2.0862843446758773e-13
30.893375572525198,0.010506849863377066,0.003090991310847992,6.636308678582792e-07,1.203504614956626e-10
140.55209006142104,0.04708090313401965,1.614997415368562e-05,3.4673735011435086e-09,6.288134281444676e-13
41.18235362682799,0.013924079240508296,0.0016124933628854754,3.461997340697242e-07,6.27838453317165e-11
50.41381635588929,5.571666523208206,0.7048704646412505,0.05068646591273033,0.006222159842830063
42.28889933445635,0.014165563616590712,4.859156707956662e-06,1.0432531375431098e-09,1.8919553420610961e-13
56.33080567758947,4.901232594069927,0.5659313170980341,0.0301177255426205,0.0013579568258094215
166.52667314650165,0.05578164055913243,1.913455336053694e-05,4.108157861255844e-09,7.450206409096092e-13
115.38797678248156,0.03865164975741375,1.3258521035644511e-05,2.846583162664452e-09,5.162321614394986e-13
1.2659557163715362e-08,4.282152081679224e-12,1.4832871968264493e-15,3.2158084819008926e-19,5.889081219803195e-23
40.088053422881316,0.013428343607051998,4.606271072654839e-06,9.889589979784797e-10,1.7934920988698745e-13
45.550485840213184,0.015393967191231595,0.0016221414126229674,1.0657391137946951e-06,0.0006366371537909159
41.21086741665166,0.9150751452424839,0.019544900250636883,0.0002613608614278104,2.954373579833516e-06
117.37741634072663,0.03931809765791937,1.3542217428950971e-05,2.461375853457619e-07,0.0006362728022914161
50.48410568858201,6.585515462959822,0.8153614682059631,0.06331599393684299,0.004171472091539613
33.26641574128228,0.011143314260598421,3.8517995519517235e-06,2.2180196441191243e-07,0.0006362557065129806
51.95486569830535,0.017403384028042417,5.969813311343623e-06,1.281709325695903e-09,2.3243992454512844e-13
143.55793868523986,0.04808777587302836,1.6495357687743005e-05,3.541526790946054e-09,6.42261239392247e-13
85.01724588564669,1.0069776311645973,0.012197530746508829,0.0017781311856840695,1.0740709190452826e-05
14.538956745545732,0.004870131877139726,1.6705818857585677e-06,3.586712465943905e-10,6.504557298874446e-14
716.0097102279022,25.781068046598282,1.0969678349509542,0.02389464195218273,0.000440182822283459
28.4396961006679,0.009526479305226807,3.267830145846615e-06,7.015978815892197e-10,1.2723583685331805e-13
54.07357589207044,0.018113090937118784,6.213261237685403e-06,1.3339772043112504e-09,2.4191878337678187e-13
54.07357589207044,0.018113090937118784,6.213261237685403e-06,1.3339772043112504e-09,2.4191878337678187e-13
178.76363107616334,0.060642527849592225,0.012534454999428792,2.69112734811261e-06,4.880400143745526e-10
23.15649649006112,0.007758175632495226,4.786031785390376e-06,0.001080355089303786,1.9592402926722352e-07
55.12676698002038,0.018465879626150126,6.3342769325914766e-06,1.3599590795605067e-09,2.466306357456481e-13
1350.7592285241842,585.1983549296442,263.6339198038827,74.90079728333171,17.623058968339848
44.46924803027475,0.014897879986227996,7.935348490245334e-06,0.0010809613075538763,1.9603396786366185e-07
55.13000781975461,0.01847005520097705,1.0915766142203503e-05,0.0021609962873243354,3.9189994478291464e-07
448.0385557055816,0.15008001540398636,5.148134824133698e-05,1.1052962747585315e-08,2.004471509680191e-12
14.538956745545732,0.004870131877139726,1.6705818857585677e-06,3.586712465943905e-10,6.504557298874446e-14
299.23509628600755,6.424431658696917,0.1326859176258681,0.0017156980787609124,1.8752696702132942e-05
42.28889933445635,0.014165563616590712,4.859156707956662e-06,1.0432531375431098e-09,1.8919553420610961e-13
73.75332983100277,0.02470531794743476,8.572389680947834e-06,1.0643907520442622e-06,0.003181246020179425
47.70327938409612,0.015979225032343843,5.481289739359477e-06,1.1768240997467807e-09,2.1341883020123277e-13
98.20402796594931,0.03289552169601277,1.1284019417603997e-05,2.422660837884988e-09,4.3935320674262627e-13
25.876418848569347,0.008667855232408315,2.9732997596244565e-06,6.383626809164549e-10,1.157680375806607e-13
23.158233605305732,1.856215896080932,0.14927813737646536,0.013843319358604916,0.0005657078276615677
26.446212059398107,5.152379655692759,0.9441054656835794,0.10864162105599383,0.010629605036705923
1.2659557163715362e-08,4.282152081679224e-12,1.4832871968264493e-15,3.2158084819008926e-19,5.889081219803195e-23
25.876418848569347,0.008667855232408315,2.9732997596244565e-06,6.383626809164549e-10,1.157680375806607e-13
63.46818474857403,0.0212600143970386,7.292737822844805e-06,1.5657390926503964e-09,2.8394915232080024e-13
16.687257554277096,0.005589750790201904,1.9174298872375336e-06,4.116691158784768e-10,7.46568167321393e-14
1.2659557163715362e-08,4.282152081679224e-12,1.4832871968264493e-15,3.2158084819008926e-19,5.889081219803195e-23
129.4838960886002,0.04337337684910138,1.4878196220601013e-05,3.194324822393129e-09,5.792956373213218e-13
1.2659557163715362e-08,4.282152081679224e-12,1.4832871968264493e-15,3.2158084819008926e-19,5.889081219803195e-23
21.70773624370979,0.00727146659222447,2.494302141773452e-06,5.355226620134889e-10,9.711784462755397e-14
11.668203973018908,0.003908512358383441,1.3407213830960375e-06,2.878507266900342e-10,5.220216460215289e-14
1.2659557163715362e-08,4.282152081679224e-12,1.4832871968264493e-15,3.2158084819008926e-19,5.889081219803195e-23
2822.4436521205193,686.2216033629581,175.846208632806,27.303553703704516,3.388467389348808
50.95081300137605,1.7445873507205165,0.057381272980290145,0.0011818242818441749,2.058411466589787e-05
1.2659557163715362e-08,4.282152081679224e-12,1.4832871968264493e-15,3.2158084819008926e-19,5.889081219803195e-23
184.7093609501375,0.06187231742366715,2.122381391827699e-05,4.556718745995026e-09,8.263678357160927e-13
1.2659557163715362e-08,4.282152081679224e-12,1.4832871968264493e-15,3.2158084819008926e-19,5.889081219803195e-23
1.2659557163715362e-08,4.282152081679224e-12,1.4832871968264493e-15,3.2158084819008926e-19,5.889081219803195e-23
1.2659557163715362e-08,4.282152081679224e-12,1.4832871968264493e-15,3.2158084819008926e-19,5.889081219803195e-23
38.97248191647162,0.013054659274009386,4.478087628444003e-06,9.614382184705737e-10,1.7435827490352886e-13
16.687257554277096,0.005589750790201904,1.9174298872375336e-06,4.116691158784768e-10,7.46568167321393e-14
1.2659557163715362e-08,4.282152081679224e-12,1.4832871968264493e-15,3.2158084819008926e-19,5.889081219803195e-23
144.56451802591945,0.048424950968856025,1.6611017514135515e-05,3.566358769831218e-09,6.467645563164954e-13
1.2659557163715362e-08,4.0480238088984476e-10,6.443078349498299e-07,0.0008793912327065804,0.9982448915115216
21.704165485567394,0.023682841861296596,0.0038404472619145216,0.011358987721811677,0.0014614618466929216
45.545602091298235,0.015256465267104512,5.233364343903229e-06,1.1235949157069207e-09,2.0376563717706075e-13
1.2659557163715362e-08,4.282152081679224e-12,1.4832871968264493e-15,3.2158084819008926e-19,5.889081219803195e-23
1.2659557163715362e-08,4.282152081679224e-12,1.4832871968264493e-15,3.2158084819008926e-19,5.889081219803195e-23
1.2659557163715362e-08,4.282152081679224e-12,1.4832871968264493e-15,3.2158084819008926e-19,5.889081219803195e-23
1.2659557163715362e-08,4.282152081679224e-12,1.4832871968264493e-15,3.2158084819008926e-19,5.889081219803195e-23
1.2659557163715362e-08,4.282152081679224e-12,1.4832871968264493e-15,3.2158084819008926e-19,5.889081219803195e-23
3583.15515076542,3438.3485139839836,3425.480850165247,2119.070723631311,1086.9038233215967
1.2659557163715362e-08,4.282152081679224e-12,1.4832871968264493e-15,3.2158084819008926e-19,5.889081219803195e-23
13788.483634697017,11604.67455162504,10165.376002204737,5510.4145264859135,2485.726310102871
34.44964471230135,0.900823336928033,0.02264813523104252,0.0003565167113324579,4.744645014378986e-06
38.97248191647162,0.013054659274009386,4.478087628444003e-06,9.614382184705737e-10,1.7435827490352886e-13
69.5154763898495,3.8544539786422765,0.24212964305649512,0.008115690820109324,0.00023020761280016073
20.173812933807778,0.006759935846545263,6.1823006596344455e-06,0.0032388921262352503,5.873779852722644e-07
80.94302874639571,0.027593719445237724,0.010719863897614838,2.3015375542240156e-06,4.17387316075857e-10
1.2659557163715362e-08,4.282152081679224e-12,1.4832871968264493e-15,3.2158084819008926e-19,5.889081219803195e-23
30.891339550856365,0.010347709268772957,3.5495333801229185e-06,7.620791133497772e-10,1.382041996989168e-13
29.678390693042264,0.00994140632687925,3.4101609048016346e-06,7.321560668409061e-10,1.3277760996188267e-13
28.4396961006679,0.009526479305226807,3.267830145846615e-06,7.015978815892197e-10,1.2723583685331805e-13
27.17590407175198,0.0091031453649849,3.122615595186383e-06,6.704205508920775e-10,1.2158178078188582e-13
60.63036714845165,18.862312581309066,6.054572156652982,1.2465051925862671,0.19744545510872993
49.895460267551066,1.740290596537241,0.05830253106940054,0.0012231011213358963,2.1699181088662488e-05
30.900503409080553,0.010626054376590843,0.00901070807723326,3.3602366098100665e-06,0.0006371814376469569
49.8375779662119,0.016694153602667895,5.726528831302933e-06,1.2294765387387763e-09,2.229674296387624e-13
1.2659557163715362e-08,4.282152081679224e-12,1.4832871968264493e-15,3.2158084819008926e-19,5.889081219803195e-23
1802.1761059592009,677.5670583535416,265.68877706191137,62.70467351016755,12.390979194442087
61.37625045622548,0.02055927664395534,7.052366550259145e-06,1.5141317666529463e-09,2.745900857053564e-13
2465.0928277759836,1689.6632382290918,1208.3554866480754,536.2389037312698,197.50728239734264
44.46971136742271,0.014896072853648133,5.109740373778083e-06,1.0970530479590849e-09,1.9895222932170007e-13
35.2734871459202,6.687998557482037,1.1935694346663728,0.13375628499471726,0.012742386225808587
49.83326880874763,1.0505962136099916,0.02317395099603773,0.004044856268996772,4.353426179314705e-05
62.60719594023097,5.678032048198846,0.5055219775780813,0.039462511737608466,0.0018196732668885208
69.71178210580393,1.8039527471465682,0.04488469015212647,0.0006992367562596292,9.209215240679417e-06
14300.868793435124,12180.854724352488,10787.413124118533,5918.816338614722,2706.932085148462
12952.86849299394,10675.458794652215,9163.345943798233,4860.510455432118,2148.6501154814327
25.97163428063388,2.1585372664850513,0.1713212854737471,0.008521206038733811,0.0003590126677437483
100.20458601838135,0.033568596700798675,1.5600334468580148e-05,0.001082052982787453,1.9623194481821243e-07
14.538956745545732,0.004870131877139726,1.6705818857585677e-06,3.586712465943905e-10,6.504557298874446e-14
117.39477629839514,0.039323869811749734,1.3489109995932976e-05,2.896090241929838e-09,5.252103451338771e-13
102.26419559843862,0.03425853672400339,1.587560768991354e-05,0.0010820864281387628,1.9623801018325192e-07
59.309542619298696,0.019866989027071468,6.81489389414282e-06,1.4631467689539868e-09,2.653438792679919e-13
24.54239495742664,0.008220995640566527,2.8200152986609905e-06,6.054527534438775e-10,1.0979977246379569e-13
40.13491269647456,1.6908685970574466,0.0683653958187831,0.0017310861605264345,3.707785472521031e-05
110.50658277313316,4.284046470752824,0.15945185564099168,0.0037165428489724303,7.326767710802747e-05
146.45007885172402,2.6169398112937574,0.06280927411660116,0.0006795478311215616,6.2139948077506055e-06
105.29640492012192,0.9640823026101657,0.00850314741296748,4.6945907075858475e-05,2.1899758453897735e-07
138.5269922848324,0.046639219183039614,0.0017614970040286976,3.781905764052831e-07,6.858543296904999e-11
83.97334204230441,0.028312981450610997,0.0016881256421083348,3.624378628935145e-07,6.572865455084781e-11
147.8730654302,7.378833799988915,0.35304466546717045,0.010579824839288621,0.00026826002917514416
118.33965374631512,1.4049439384198192,0.027240540838720923,0.000196032899123395,1.1920849129036566e-06
79.93382714462885,0.9533952783790941,0.010950813972590798,7.873874957551675e-05,4.784047309936707e-07
2014.370024631751,838.0391203321835,361.2472799860296,94.79965712234485,20.426952458341614
30.943567410878508,1.6232742544921113,0.08162539904751506,0.0025708852532079474,6.851830599303382e-05
177.07755086638738,8.398239763481618,0.383385025819177,0.012017461621219666,0.0017842402752970177
108.33882805936605,3.822657445498418,0.13438139037130054,0.00822218565379955,0.0013971222897035708
28.4396961006679,0.009526479305226807,3.267830145846615e-06,7.015978815892197e-10,1.2723583685331805e-13
125.44985653585746,0.042022089754484085,1.4414669605783181e-05,3.0948064029826992e-09,5.612478214594444e-13
113.40964045856373,1.872213436420616,0.029748856770687906,0.0002959246562300014,2.487854952407342e-06
57.18464230824558,2.5174834515672737,0.10634018968443491,0.002813173029314294,6.295599541926268e-05
111.22423408218303,2.6828607645355933,0.0830159489159435,0.0012125466296003216,1.4972132280129962e-05
119.45150735031793,0.9671818798624864,0.007544432141432412,3.683758992721034e-05,1.5197202262545054e-07
163.67065530925606,0.05482872144946229,2.3942881427262587e-05,0.0010829626136965225,1.9639690775920782e-07
126.47738069326955,0.04236628076083513,1.4532736071939903e-05,3.120155083558268e-09,5.658448430166563e-13
95.150480765946,0.031872671307408174,1.0933155134222927e-05,2.347330840009072e-09,4.256919977062048e-13
24.54239495742664,0.008220995640566527,2.8200152986609905e-06,6.054527534438775e-10,1.0979977246379569e-13
1214.0575550099118,299.6260580318571,79.60481219171176,12.975376002560697,1.6418653353638617
1259.909583110957,211.74296332651122,37.761856513235294,3.8120425506446365,0.32693015693562516
14.538956745545732,0.004870131877139726,1.6705818857585677e-06,3.586712465943905e-10,6.504557298874446e-14
82.96031314821096,0.027789352250588296,9.578791658097979e-06,2.3770558435035302e-07,0.0006362669786972064
1337.0731348771292,363.142455888938,103.9692963035517,17.428150281810822,2.4133403862912077
1348.5072068319007,341.84647378945226,91.42801493396726,14.426172741961958,1.8655377789330383
1220.1955445863318,346.9579929982915,104.68504156958763,19.362899633406,2.9654153761945503
1126.5062271498032,253.9275140369185,60.42891161017004,8.940938734215152,1.029693930954487
1433.9968906053828,356.10251109640313,93.37464790381998,15.34917159154043,1.9483193731730784
1696.47788706861,428.75456947022326,113.77070131232882,18.241820517014038,2.351335351752673
1266.1478756939725,260.8604350350897,57.85157762814268,7.163230788770852,0.7545121906478057
1.2659557163715362e-08,4.282152081679224e-12,1.4832871968264493e-15,3.2158084819008926e-19,5.889081219803195e-23
1520.564772328788,367.8067410969141,92.87973685310563,13.84937149059705,1.7056935220409086
1584.7759274546609,371.33877363825826,91.29445275365413,13.335224411465138,1.5927951710542332
2004.5989104959874,584.1436378951105,180.9906786629207,34.91400749857379,5.209091656820949
1.2659557163715362e-08,4.282152081679224e-12,1.4832871968264493e-15,3.2158084819008926e-19,5.889081219803195e-23
21.70773624370979,0.00727146659222447,2.494302141773452e-06,5.355226620134889e-10,9.711784462755397e-14
1.2659557163715362e-08,4.282152081679224e-12,1.4832871968264493e-15,3.2158084819008926e-19,5.889081219803195e-23
27.17590407175198,0.0091031453649849,3.122615595186383e-06,6.704205508920775e-10,1.2158178078188582e-13
12563.308457099882,9836.951829012518,8648.464048672422,4595.556649281135,1997.8131637412623
1.2659557163715362e-08,4.282152081679224e-12,1.4832871968264493e-15,3.2158084819008926e-19,5.889081219803195e-23
37300.241801282085,46746.22674798975,62300.101961722474,51158.076112409515,34823.88133314189
14045.95029776565,10225.82845774435,7760.772320718829,3643.4355877838684,1423.2897157644943
25863.457037540124,28884.647611487213,34183.108410328394,24941.42512303326,15109.086769453505
25578.309549000474,23510.74721685941,22722.152121084382,13555.955053383566,6724.531009559149
11597.221498292578,8124.222043000681,5963.232137087249,2708.2707643439744,1024.2960778741285
48.77400546529298,0.01633788743921285,5.6043202722348675e-06,1.2032385574706244e-09,2.1820913205606016e-13
592.188253744649,47.555872809113396,4.284783549945741,0.23909367097103543,0.009835642061699942
42.28889933445635,0.014165563616590712,4.859156707956662e-06,1.0432531375431098e-09,1.8919553420610961e-13
205.51359230341333,47.54726244839321,11.336313292846338,1.5643409949406044,0.18378448192327151
33.26767750894814,0.011259846451902457,0.0015948591607720711,3.4241369921047507e-07,6.209724218436771e-11
1.2659557163715362e-08,4.282152081679224e-12,1.4832871968264493e-15,3.2158084819008926e-19,5.889081219803195e-23
20.173742905420806,0.0067576229934800175,2.3180404244666023e-06,4.976795545236642e-10,9.025493985410843e-14
1399.1377751472512,382.75283531323635,110.37916555567324,20.06302345566285,3.01790740033328
28.4396961006679,0.009526479305226807,3.267830145846615e-06,7.015978815892197e-10,1.2723583685331805e-13
0.004526022076356716,0.013953560780289616,0.043876402351392424,0.08571691226539473,0.1240801687566573
1.2659557163715362e-08,4.0480238088984476e-10,6.443078349498299e-07,0.0008793912327065804,0.9982448915115216
14.554410849058113,0.8029670674939058,0.04244945485469569,0.0014056871209818672,3.939234795835125e-05
1006.9131356982543,246.4974209356248,63.97492361636283,9.888068834222628,1.2363459589097276
21.70773624370979,0.00727146659222447,2.494302141773452e-06,5.355226620134889e-10,9.711784462755397e-14
1.2659557163715362e-08,4.282152081679224e-12,1.4832871968264493e-15,3.2158084819008926e-19,5.889081219803195e-23
1.2659557163715362e-08,4.282152081679224e-12,1.4832871968264493e-15,3.2158084819008926e-19,5.889081219803195e-23
11.668203973018908,0.003908512358383441,1.3407213830960375e-06,2.878507266900342e-10,5.220216460215289e-14
21.70773624370979,0.00727146659222447,2.494302141773452e-06,5.355226620134889e-10,9.711784462755397e-14
962.5700365779122,264.37783569449124,77.35377784391406,13.447683733683736,1.8882516762869637
16.687257554277096,0.005589750790201904,1.9174298872375336e-06,4.116691158784768e-10,7.46568167321393e-14
1.2659557163715362e-08,4.0480238088984476e-10,6.443078349498299e-07,0.0008793912327065804,0.9982448915115216
24.54239495742664,0.008220995640566527,2.8200152986609905e-06,6.054527534438775e-10,1.0979977246379569e-13
93.15184058235538,0.031203184394461736,1.0703503712508738e-05,2.298025048769153e-09,4.167503178996526e-13
14.538956745545732,0.004870131877139726,1.6705818857585677e-06,3.586712465943905e-10,6.504557298874446e-14
44.50380655278621,55.417502208127985,72.42060469634649,58.249229170420925,38.857730018064906
11645.932634969377,8303.871144861072,6186.435535425838,2851.4611578807926,1092.2690403412398
1.2659557163715362e-08,4.282152081679224e-12,1.4832871968264493e-15,3.2158084819008926e-19,5.889081219803195e-23
136.57374737161163,0.04575171179794182,2.0411720525066086e-05,0.0010826007934154557,1.9633129110405525e-07
73.76422246297585,0.024708890568742148,8.475792040681745e-06,1.8197389322976765e-09,3.300124073650224e-13
126.47738069326955,0.04236628076083513,1.4532736071939903e-05,3.120155083558268e-09,5.658448430166563e-13
212.77944885185934,0.07127498862469205,2.4449174664647853e-05,5.249198515756303e-09,9.519500892000846e-13
1249.7328138726532,0.4294776337555443,0.34678976924232113,0.018442926169926665,3.3446525521701843e-06
130.41669488710073,1.887488915364352,0.026299273895001182,0.00022939655880342843,1.6909578261586598e-06
163.68156461591192,0.05534367523978165,0.006447747505974201,1.384321029342144e-06,2.5104871218114667e-10
11.668203973018908,0.003908512358383441,1.3407213830960375e-06,2.878507266900342e-10,5.220216460215289e-14
129.4838960886002,0.04337337684910138,1.4878196220601013e-05,3.194324822393129e-09,5.792956373213218e-13
1.2659557163715362e-08,4.282152081679224e-12,1.4832871968264493e-15,3.2158084819008926e-19,5.889081219803195e-23
386.87912726202114,0.1295991558033618,5.218456940273745e-05,0.0010852115165608277,1.9680474969466745e-07
1.2659557163715362e-08,4.282152081679224e-12,1.4832871968264493e-15,3.2158084819008926e-19,5.889081219803195e-23
14047.780792568437,15330.270939632062,17456.141560690492,12302.232493540481,7208.121030010225
16196.825432135309,16566.62259567132,17670.537887024835,11660.886119600817,6397.267051338385
26585.201295941522,31136.0474472468,38040.37827589522,28775.738395382665,18094.162101697544
17437.767679866924,20151.415199536314,24282.91183327389,18110.173550476582,11237.066814142567
22456.97256672982,25012.091397652748,29036.61907942493,20859.793145594173,12462.778861129651
49.8375779662119,0.016694153602667895,5.726528831302933e-06,1.2294765387387763e-09,2.229674296387624e-13
23406.70663156387,30174.6890231267,40789.09751109078,34076.73778653646,23642.12594251566
40.088053422881316,0.013428343607051998,4.606271072654839e-06,9.889589979784797e-10,1.7934920988698745e-13
6788.801975117282,5689.862738207161,4979.776575744251,2698.571259219882,1214.6869540418909
49.83099183018798,0.01669197540980009,5.761694246196391e-06,2.2788476205347175e-07,0.0006362600641439196
25297.388911472877,28592.66220332162,33669.36628064824,24558.95273008248,14886.312746116237
52.1655896517711,3.757537119308969,0.25882750354303435,0.01117059027979137,0.0004082230495944451
56.43800022166492,13.519893805020526,3.626287715912355,0.550063795295478,0.0878535219472147
19269.861248476434,22273.957232366567,26824.411561334477,19987.471874144045,12388.92761303573
69.64554388058053,0.023329284906477375,8.04499763359993e-06,2.340252441235719e-07,0.0006362644045167719
37.86343104091446,5.109084260273338,0.7231132344544287,0.05861122998555027,0.004031369779848124
112.1941837395924,5.847293980768739,0.33631600472863715,0.010583344440917634,0.000281815053933044
21509.056288359207,24038.538962129525,28010.50750699521,20217.022508895505,12126.354694363392
86.96056207420405,3.711726575773412,0.1571329251664737,0.009286624063403585,0.0002019310774389172
51.95486569830535,0.017403384028042417,5.969813311343623e-06,1.281709325695903e-09,2.3243992454512844e-13
22935.382192692745,26417.10423885141,31720.868570059738,23553.986184504174,14558.579338622521
32086.263355026247,38823.372749460774,48953.7110606192,38198.4172641855,24779.611906815266
34.42979714937051,0.011533013930287024,3.985984549720778e-06,2.2226998422143317e-07,0.0006362560439005805
63.46818474857403,0.0212600143970386,7.292737822844805e-06,1.5657390926503964e-09,2.8394915232080024e-13
81.3339517338506,19.82912486970548,5.063252056456453,0.7376310740003476,0.09152907222265416
168.8067337446386,1.9113702086758064,0.02084297601445988,0.0001422786674099678,8.206834725792719e-07
15855.129566285967,17761.302309969804,20792.292417043645,15071.718918019373,9069.080618742993
7046.612490039124,6903.934372104598,7071.989403573223,4480.583548293111,2355.7363909653777
6821.633285822907,7131.9295234502815,7796.222594025035,5276.248208654202,2964.0449832441554
25660.490660101572,30495.41682352907,37786.499046960766,29005.114741894362,18487.33607177934
12595.79036111742,13552.357539213066,15228.95628234639,10588.317325833581,6114.872364694089
16742.275109737693,19397.334748528257,23434.372461637988,17542.651468849264,10902.104738514006
30214.854376547893,36667.615697247704,46374.38550509438,36310.10078478133,23623.075104995074
17565.53112493389,20937.706563796663,25999.23649794039,19997.502148518197,12789.15171821268
22977.384637077364,27186.66237759096,33543.97992239854,25620.800647995125,16253.821877366578
15479.36011571902,17100.099767833126,19731.013101779638,14087.737549708652,8351.827637950313
24099.672892896513,28364.933769788473,34837.218723286685,26508.4949742851,16750.676253043872
19758.07216379368,24585.832078996333,32013.21753477516,25781.67264388719,17243.917831112663
19081.662384145817,19746.61033143196,21290.765682074485,14215.522198147093,7884.613489468647
18199.060866573254,20834.615404732915,24869.9992277552,18388.369588744183,11306.312026898944
14529.35938542015,17360.87380987628,21615.852667391373,16652.975907566182,10667.644764171851
26926.65442285532,31834.062543640317,39236.13062661493,29930.98012014358,18974.70699753868
27.17590407175198,0.0091031453649849,3.122615595186383e-06,6.704205508920775e-10,1.2158178078188582e-13
151.72628227045507,0.1589213858475229,0.00019709450437674868,0.0011022405788623062,6.249947822840796e-07
68.96178279032877,6.396381527959308,0.5813448501044658,0.045212151627236886,0.0021315303922361598
141.53247943368456,0.047409305344538105,1.6262624652270767e-05,3.4915593821837953e-09,6.331995742474536e-13
585.5892912935666,226.543673567298,90.35282400902857,22.24671580086142,4.369553609887219
1315.1220151119592,280.1679762800981,62.70859845522186,9.068675448087365,0.9870485563501561
65.29962294424351,19.1258733610093,6.080538564342094,1.3728746064653508,0.296316884776013
42.28889933445635,0.014165563616590712,4.859156707956662e-06,1.0432531375431098e-09,1.8919553420610961e-13
468.22701761028736,152.17618280855407,51.8027568403066,10.712142496780688,1.7744927937053963
22.430604574449568,3.521035917657245,0.7450976646212633,0.0722892310435396,0.005957017805734811
64.42214851293959,64.34955937587132,67.70228119380059,44.36925641431497,24.160542630652362
176.5065624304269,3.9535879238465017,0.11225811382028317,0.005162028935727509,5.919260081262723e-05
56.18076203679569,3.750408944158028,0.250183062736233,0.020065248724986967,0.0038189544285604483
625.1738439415451,21.33370317218605,0.7659563278328605,0.015759881127404132,0.0002742192324676527
76.85319986704214,0.025743609055535667,8.830727390381552e-06,1.8959429815708673e-09,3.4383212694416855e-13
45.72018968148099,3.7737898434468256,0.2997381541535047,0.016504648194810522,0.0026536583454231264
27.175336627209674,0.009102984501524318,3.1601199763018043e-06,4.243411131892079e-07,0.0012724973653127632
1120.5272963396958,478.4425857866777,212.95640755789768,58.16257988025477,13.492731682129767
152.662532590097,0.05113755267479517,1.7541510442774895e-05,3.766134106501296e-09,6.82994115742037e-13
29.678390693042264,0.00994140632687925,3.4101609048016346e-06,7.321560668409061e-10,1.3277760996188267e-13
792.649779701625,295.7202342730525,118.37808276783592,28.109065386826334,5.37146779292467
34.42964916626924,0.011532941108360872,3.956098724058277e-06,8.493680394266677e-10,1.54034178450083e-13
24.54239495742664,0.008220995640566527,2.8200152986609905e-06,6.054527534438775e-10,1.0979977246379569e-13
3900.011428247804,3803.1962977248722,3859.2616119769073,2423.404638364833,1263.6976404526793
130342.86601096489,245564.77716910528,481867.9220878717,585599.8934670584,591933.787754549
34356.77089916417,53282.38054045721,86047.74407007276,86094.02575180655,71661.7497196622
22781.228869411654,29947.881049571726,40998.22895647224,34750.5498000457,24505.609208964815
35394.02054718365,62876.01336401381,116281.21714863896,133091.60567829726,126707.36149706409
1.2659557163715362e-08,4.282152081679224e-12,1.4832871968264493e-15,3.2158084819008926e-19,5.889081219803195e-23
3452.2077783792597,3515.3251765024097,3725.4882452638817,2443.8860158468365,1332.874908477352
8203.954722918095,14589.724868223833,27007.840238492274,30955.98951447249,29513.559466577914
4151.385898786435,4094.814259870158,4206.110692009588,2672.726793381223,1409.9250867263856
1.2659557163715362e-08,4.282152081679224e-12,1.4832871968264493e-15,3.2158084819008926e-19,5.889081219803195e-23
1.2659557163715362e-08,4.282152081679224e-12,1.4832871968264493e-15,3.2158084819008926e-19,5.889081219803195e-23
65043.1689287825,111036.32023606217,197389.81813473924,217252.19029703565,198888.94765478134
26259.826533575655,47505.953490475295,89481.37271588543,104358.60128050506,101229.04305708183
3966.0941656290197,3783.8204542431404,3760.5423268096615,2315.018886381222,1184.3385903179203
23653.407997457714,37934.87957943815,63308.05469687676,65401.21327063207,56183.64038202386
16500.22019727801,25588.368345657906,41327.282765725424,41358.7627683855,34403.0713901461
5829.49621341909,5674.656136808465,5757.2353785467,3623.062048518493,1892.9885518158435
2057.4450957887784,2195.5188201140477,2442.525768482195,1681.9680559102537,964.1035868812221
17288.7422215546,22808.372983153567,31350.137830585707,26684.773481336742,18900.321675796884
11840.166952899115,18861.926827009003,31315.41890156792,32227.618602117396,27560.991810565003
7112.669843930652,8086.081068304867,9577.532468162108,7047.734976343423,4310.561039229159
14991.358816792965,19099.14191587198,25333.77849049607,20817.441188430952,14219.344498529548
5382.8399489682015,5182.249801562186,5190.8034420681015,3222.222202109343,1659.2945952097382
6488.196137897506,6662.584035583731,7137.104528548304,4739.229643848491,2609.9010058605454
0.01260765032088239,0.023865317942524382,0.04720033916638481,0.04434383416219136,0.037206431702504233
4854.335877812696,4648.175028118601,4633.244597503116,2860.3432502883998,1468.0062584146283
1.2659557163715362e-08,4.282152081679224e-12,1.4832871968264493e-15,3.2158084819008926e-19,5.889081219803195e-23
10368.079906366678,9906.348867670573,9857.62235244877,6070.349801066628,3108.212622717875
20513.81702909595,27421.436052147274,38140.99776085139,32883.25854980327,23586.398987247157
3055.0415746803346,4072.83270388038,5657.382434189812,4864.354000483907,3478.693593576134
2072.7849018080524,1716.844476480894,1479.8160029378255,788.2465646071967,349.200963086807
4676.211884795791,4446.942591750162,4400.290455540909,2706.4871676819685,1379.5079755996057
24558.048487915417,38163.5603115229,61748.08314415107,61861.99922942093,51525.70994162332
24285.537669616933,39425.39983816045,66689.4235416581,69865.30728473715,60833.282242005844
3259.456724233032,3184.6414607063184,3241.262389380595,2044.5372873645683,1069.6991674666658
3925.02328720783,3752.7515824543384,3737.1245958833642,2295.246758964529,1172.623753464078
3424.478669299435,3388.458013492522,3495.938328865006,2233.310428769776,1185.7050079338708
8870.879966772027,9201.56225651966,9936.020033077588,6637.795979042896,3688.470015765284
24135.12194396504,38848.0864788856,65108.56411476231,67569.9408742582,58321.46005684575
25772.963616514393,37055.484847306994,55493.04227465573,51464.34778419109,39657.40654628322
5463.89310863694,5265.9400632754205,5278.018773309261,3268.789288835656,1687.0182604028084
22181.98498768446,33947.24898088562,54135.871138750954,53473.95879846954,43950.06735316314
1.2659557163715362e-08,4.282152081679224e-12,1.4832871968264493e-15,3.2158084819008926e-19,5.889081219803195e-23
24747.225696895286,41139.37508145642,71229.49465158072,76373.91971455874,68062.26631822642
20458.02723068759,32269.087232405906,53017.82428031323,53930.16249675985,45620.79133683716
4806.79739989268,4987.1538779879,5393.883541614879,3608.691373370359,2009.48924553172
10532.814072224448,15118.726402277747,22604.558234563712,20899.590282949208,16076.436446578606
1.2659557163715362e-08,4.282152081679224e-12,1.4832871968264493e-15,3.2158084819008926e-19,5.889081219803195e-23
3314.9025057975077,3208.3651630156755,3228.032104609516,2011.4398605732529,1042.3587403957843
19736.398882267815,28230.185153961032,42072.620425614274,38835.08023631158,29811.475372704754
4440.713323266467,4323.004930006334,4384.256595252281,2751.096741464379,1433.4603148128103
5723.150090691379,5659.212450005454,5823.167510706404,3710.0900774567804,1961.242921560426
869.2050865816285,705.2773426215717,595.8079102791651,313.3215941285465,137.0100451642242
3006.0065035000243,2731.4544066562885,2585.8548833417576,1519.8210692169337,741.2801733300179
1.2659557163715362e-08,4.282152081679224e-12,1.4832871968264493e-15,3.2158084819008926e-19,5.889081219803195e-23
20083.356656040076,26539.43344973946,36506.718819993504,31111.488303245966,22049.073416408868
21875.00622467298,28414.08930966076,38471.605764599364,32259.13034660056,22502.07894398968
26338.1701991272,46599.30894916918,85841.14210140012,97863.84366071905,92803.49863405518
20346.948872465844,27087.239895854946,37541.4416384881,32217.774247955444,23006.12788547725
27230.40697338645,47722.65128946472,87075.86277845775,98396.39870291,92468.25448360815
27711.323334894038,42777.44891812865,68743.75524122124,68428.40509480178,56659.98273098557
1.2659557163715362e-08,4.282152081679224e-12,1.4832871968264493e-15,3.2158084819008926e-19,5.889081219803195e-23
8873.830332966845,11452.750657267647,15398.108175202651,12830.087320200451,8899.612782545422
5492.751456649146,5281.838844902222,5294.060592961998,3284.521356593162,1696.374960473967
5426.033734700429,5134.184728441213,5058.845642608232,3092.201740181012,1569.7386380392804
4433.476033879454,4316.1599904195145,4376.864284985751,2751.8464176210155,1437.8162333032972
7966.894186530788,7930.728534328245,8226.30293996965,5281.052082597819,2816.3065023793365
10928.834352116115,13319.863407157958,16918.64788870082,13311.088746841744,8702.132262485697
36536.76304182664,64283.75646776772,117761.19047826344,133576.81777033416,126033.02843904734
28474.217704983468,36927.716748728206,49894.04467359695,41735.805068411515,29034.91170206734
2837.3577004566405,2806.3303417521647,2884.1778819768883,1840.411019680095,972.1231510073674
24569.294058691637,35134.71119680747,52342.493776115276,48289.76662065391,37010.96465820142
4112.448924197332,4013.785481347708,4072.4249932636676,2560.7573429217146,1336.0722889298395
2768.6227672499795,2775.3850484455215,2902.090756180007,1882.8294317209168,1014.3555994343652
13356.158540733193,22870.941968001505,40801.84264256995,45069.598520204854,41386.402076379476
1.2659557163715362e-08,4.282152081679224e-12,1.4832871968264493e-15,3.2158084819008926e-19,5.889081219803195e-23
16912.728306282665,22270.670869468402,30567.855843718917,25994.49808852253,18384.1493113018
1.2659557163715362e-08,4.282152081679224e-12,1.4832871968264493e-15,3.2158084819008926e-19,5.889081219803195e-23
1.2659557163715362e-08,4.282152081679224e-12,1.4832871968264493e-15,3.2158084819008926e-19,5.889081219803195e-23
8765.387507729429,13467.709110457905,21551.99963563009,21365.02053942052,17620.80187524082
3463.6570865772887,3346.0683029505904,3363.7642502955414,2095.6115792476853,1084.3920455019095
6559.670960352401,6270.321936035902,6248.255614905074,3860.419286149529,1983.2384906760985
3967.563305515077,3846.0523675183513,3888.735897265233,2442.250748245635,1271.5879799345396
22291.97203107216,39070.01224763842,71292.66352989743,80539.08733584822,75673.49900558422
21583.424696137547,28522.131399898728,39194.55475982157,33355.42100278983,23614.037937240122
5820.945849537408,5634.088249303027,5673.947995972768,3537.9018196358816,1836.4713450982092
3956.71841950709,3865.597322589679,3940.2822745809844,2486.2070335882063,1301.943410904893
1.2659557163715362e-08,4.282152081679224e-12,1.4832871968264493e-15,3.2158084819008926e-19,5.889081219803195e-23
1.2659557163715362e-08,4.282152081679224e-12,1.4832871968264493e-15,3.2158084819008926e-19,5.889081219803195e-23
5082.627244502529,4992.342283697923,5106.5293702622375,3232.834570447823,1699.0893268636285
19600.853515784045,33979.823110372665,61344.70434929214,68545.35038746038,63698.521962203
1044.484542293774,766.7388578776095,585.2837478259225,276.56665492735937,109.00700993148298
4605.665461227734,4422.227811157314,4430.212222655836,2747.9668220588824,1414.11413278535
6742.684456817515,6522.431093819241,6561.0678716259645,4101.384679466869,2130.053904612002
4871.168436771047,4952.65886930018,5235.544593453724,3429.8484084117063,1867.6036963254526
16572.974961969347,22256.5788635135,31110.575977663964,26919.213517881148,19367.229241057114
1.2659557163715362e-08,4.282152081679224e-12,1.4832871968264493e-15,3.2158084819008926e-19,5.889081219803195e-23
6678.564242117581,6544.1041848749755,6692.556908168181,4240.976837452653,2231.8887104834757
1.2659557163715362e-08,4.282152081679224e-12,1.4832871968264493e-15,3.2158084819008926e-19,5.889081219803195e-23
4103.7689383122315,4104.644983828337,4281.0101029458,2766.652386842275,1486.780775926955
10266.648584697043,17258.153586282548,30140.714141669374,32583.226507379295,29252.284517557677
24266.247507680153,42163.115872904615,76224.3768625701,85324.82947764201,79439.97986275137
3943.827042716764,4008.4420738438857,4234.473604714968,2768.4222759970094,1507.6903310444816
17151.879825999342,22893.198498887057,31814.247229151988,27374.931225946504,19574.76518367834
1.2659557163715362e-08,4.282152081679224e-12,1.4832871968264493e-15,3.2158084819008926e-19,5.889081219803195e-23
3389.530424473708,3314.262221462298,3369.906192422623,2119.107804902934,1110.847701484606
1.2659557163715362e-08,4.282152081679224e-12,1.4832871968264493e-15,3.2158084819008926e-19,5.889081219803195e-23
15854.582071755116,21112.426325626213,29267.031358858716,25153.811229825253,17965.560022161324
3981.736424481307,5410.799711871161,7663.582156589294,6724.210175068387,4904.877215143949
23434.5529097937,41692.57421506218,77263.0268634474,88692.19556956107,84689.96854586128
20017.355462288007,30463.928773940497,48273.62269272887,47347.96293064659,38633.859888593666
2600.272466011332,2479.6855613954212,2460.964941130668,1513.5473540684627,772.784434948845
51257.33122259279,87014.86563896875,153812.65535926374,168372.08452658437,153269.51742324446
4600.342972110411,4458.755103743755,4498.363173438119,2808.548296489468,1457.9101849509602
4034.2882144067044,3898.4919848133973,3926.821119226215,2448.47713578932,1267.054467438971
4961.23428090518,4722.856917708661,4681.399061864508,2873.2086262072135,1464.1436264281997
16363.878796374378,26012.429478198468,43053.589316204256,44158.500760334835,37650.315946915405
4989.646045467956,4845.936999485165,4896.541479265498,3070.097821398472,1598.873538515079
5435.026565468263,7352.772252913414,10356.495712308488,9041.624467169213,6562.953000676544
13724.184512648138,13801.712301768357,14459.484277659154,9382.302666080725,5063.400580275017
4547.05412881947,4386.967610219132,4404.255766356153,2747.6096240717857,1420.4163301922026
17660.79742244723,23582.924749491714,32804.53503033491,28272.935033596015,20253.71825158653
5719.115527233634,5651.3496147495825,5815.980958184851,3708.1826730183584,1962.6859082307033
7530.82403637451,8557.992589633513,10130.156171655191,7439.41471120342,4534.118048462487
4127.038941284046,3989.584636445836,4021.089437869366,2513.1570752451516,1304.604032040961
4014.6610771917212,3904.6325904383734,3957.8754079506257,2482.8315902541467,1293.7929880375048
1.2659557163715362e-08,4.282152081679224e-12,1.4832871968264493e-15,3.2158084819008926e-19,5.889081219803195e-23
3980.4107755466503,3863.6198032881357,3911.71176921721,2453.891285231678,1279.9265922281998
1.2659557163715362e-08,4.282152081679224e-12,1.4832871968264493e-15,3.2158084819008926e-19,5.889081219803195e-23
33553.919076285565,56881.01797207554,100447.51788787375,109835.53457770238,99827.02571888304
21670.294293583647,34403.80936944459,56888.782997336995,58231.92852463428,49567.824699516794
1.2659557163715362e-08,4.282152081679224e-12,1.4832871968264493e-15,3.2158084819008926e-19,5.889081219803195e-23
3222.2435561739294,3009.2228678072406,2925.2537863461334,1754.3528025992223,875.6440787758447
1.2659557163715362e-08,4.282152081679224e-12,1.4832871968264493e-15,3.2158084819008926e-19,5.889081219803195e-23
5953.4524525650195,6750.917914688165,7979.461979885567,5832.748410036309,3549.925936481268
5153.303168202031,4854.902164619287,4769.37302767647,2907.1720830186932,1471.6585986350374
15558.281480308397,25554.617393913577,43696.77208026507,46232.940892141494,40697.57188597427
19787.57936545796,34611.964319960665,63097.319362697264,71209.17559063429,66811.69209909142
37835.73457278183,52974.137008279016,77260.90795792588,69771.00118204126,52369.75185892968
6547.270533127945,7555.093555592907,9080.697391390846,6759.020816935562,4184.033290784306
5335.369180384522,5287.381010788262,5455.363327645999,3485.18502269358,1852.286839877283
4687.6029019305715,4389.5996656340485,4276.558668441775,2582.4106334585163,1293.4509473758744
3451.5463601211877,3355.8537410034724,3404.6740479959876,2147.2404884134207,1121.7834155720886
1192.080044010582,1009.1402871025751,890.5538935928269,488.80297182934623,221.5575886933306
1.2659557163715362e-08,4.282152081679224e-12,1.4832871968264493e-15,3.2158084819008926e-19,5.889081219803195e-23
5217.266121667325,5746.904408078624,6593.177595540859,4688.120322692891,2773.064279275018
15218.317918779492,19736.06858257483,26675.994023005034,22341.771636855483,15554.174627144648
11.667650614956457,0.0039093457289513245,2.964855312942061e-06,0.001109165165934065,0.0006587570825957204
15110.803039098824,25004.59530433002,43095.44211083008,46017.42557250507,40863.47822898203
1.2659557163715362e-08,4.282152081679224e-12,1.4832871968264493e-15,3.2158084819008926e-19,5.889081219803195e-23
1425.9331379916007,996.0965969246661,726.8641270730117,328.2212345651813,123.37950860658763
10472.208927438822,13331.79904830639,17668.535771873543,14488.089270301574,9885.850741495828
1.2659557163715362e-08,4.282152081679224e-12,1.4832871968264493e-15,3.2158084819008926e-19,5.889081219803195e-23
7610.60416587676,7575.31774321928,7843.253143641149,5026.631192051716,2677.790910143023
27334.450575066756,46821.93514037092,83591.21440884307,92408.37402207094,84953.77114191758
17240.311990921768,24598.89492003127,36527.52450496812,33589.553041816645,25681.211740424053
33800.590985905255,57211.84897175891,100851.39403284677,110114.10380611842,100007.94467624812
4904.103841972426,4864.459888864564,5039.54234183156,3235.450600463545,1722.354597493918
1.2659557163715362e-08,4.282152081679224e-12,1.4832871968264493e-15,3.2158084819008926e-19,5.889081219803195e-23
1.2659557163715362e-08,4.282152081679224e-12,1.4832871968264493e-15,3.2158084819008926e-19,5.889081219803195e-23
4205.1847492242905,3963.1698773578705,3898.2210156366027,2374.8656258950627,1203.8620550520561
3090.6503659746086,3666.5040747533803,4521.403982525817,3445.169745110864,2190.518878026145
1.2659557163715362e-08,4.282152081679224e-12,1.4832871968264493e-15,3.2158084819008926e-19,5.889081219803195e-23
4257.955865126633,4095.3143278833436,4100.828865091881,2546.1279489680446,1313.3769755807764
31508.44736947596,54924.622354216604,99663.64245649993,111988.25343311281,104665.27117767614
5011.641467773501,4924.66015459091,5032.864355602198,3186.5651548354494,1678.5562320999193
1.2659557163715362e-08,4.282152081679224e-12,1.4832871968264493e-15,3.2158084819008926e-19,5.889081219803195e-23
21543.49485474811,37554.86003739184,68178.06690149926,76680.94109654125,71723.403810303
3811.89737395186,3702.9630797484206,3748.3847378030737,2345.217120997669,1219.1751113950293
15265.46039588291,26614.254682816467,48318.02566002454,54333.38421730411,50770.982873379566
3068.587095157643,2991.853259425229,3034.473372108436,1906.5518007513538,997.5880068044869
4516.496844287342,4520.288005104157,4707.3601613903975,3032.996780132568,1625.5139825372905
21660.664122539263,38329.65141666806,70641.5138881773,80628.97779259297,76533.44808761722
3944.8580466275243,3863.1534063007653,3935.005543509256,2482.500299698651,1299.486871577762
901.4572867080927,825.3731016500045,787.2075482707097,463.6637697108233,227.01686661385168
4497.136057682088,4324.918430127209,4335.48587931179,2689.802412210956,1384.8287936374816
8533.199394932697,10149.75843485817,12584.912435611572,9668.403920420305,6173.159514390366
4391.44971513222,4260.159716151775,4303.7940937062585,2691.0019266161353,1396.4829236361209
2617.038052562256,2491.26361673628,2469.0723916039883,1516.8405799589882,774.5139096386495
1.2659557163715362e-08,4.282152081679224e-12,1.4832871968264493e-15,3.2158084819008926e-19,5.889081219803195e-23
15457.904471151083,20194.439909273566,27496.426362803417,23191.311763068643,16264.960559827978
4387.430179132034,4249.746361803463,4286.844236018752,2679.4360050791793,1392.841928076107
3540.024744269118,3540.7608135291744,3688.0492575902017,2383.8312201109197,1277.382509512466
5058.533906135407,5037.492951115478,5223.517914404317,3351.8393880357644,1789.6949989980521
3401.232688288598,3361.822487985039,3461.8580806662976,2205.423880732649,1166.5011920204322
4705.536754644348,4443.820262845549,4372.374975548227,2665.366414709692,1352.5049500472103
4283.42590743742,4077.8543349188603,4047.6519127386837,2490.0050906443503,1270.7506462431202
0.01260765032088239,0.023865317942524382,0.04720033916638481,0.04434383416219136,0.037206431702504233
3267.4015345921925,3315.823972916789,3506.1172023668532,2289.173869423417,1242.6389284350253
7923.103626307731,9155.692924803772,11010.851093038222,8207.107092163697,5086.204522885628
27105.953965250083,46361.73098909229,82600.8253979792,91189.75512297875,83734.66158501439
8185.083105080738,7912.932211582362,7969.624758435759,4976.056130574929,2582.3059704745256
7491.04903219615,7719.266356306391,8286.280848403514,5507.083351326748,3042.768023065595
3939.61928204609,3747.9014722658026,3712.1339362952135,2277.046571656348,1161.2354234020618
2883.304532002599,4189.498379253788,6329.164739040322,5920.872136918093,4605.903975924302
5515.886601730456,5144.206067685672,5006.068776239564,3018.0084251807407,1510.9627208794163
3887.55858613535,3525.445287915297,3325.768563895556,1944.042085606543,946.6359005681375
15742.787431660003,22444.22737020475,33344.697592553406,30664.281940232977,23443.62672753269
13948.791952845577,23883.823808301164,42593.631042306035,47043.05462678932,43190.43053658533
7975.433623155469,10430.786908087885,14180.693499654062,11930.869290738414,8349.251238590015
3780.409448016028,3623.3530349752373,3622.249089493547,2239.4691538872266,1150.3525009859482
5700.708433960533,5547.353968678507,5619.050316060267,3524.3230355882697,1835.437392659016
3367.7609730038216,3334.142013001862,3437.1327763630215,2194.3483418779683,1165.2797979610891
4885.006628395286,4629.9247688602245,4568.290172602364,2793.828319035999,1416.5503652033856
8268.718232234356,11713.252825645386,17253.645721736575,15729.346367414571,11924.722890138737
5446.171461614829,5277.675246900846,5324.42618799127,3328.2014615147823,1728.9897168700204
3945.4884492632427,3735.4150454882174,3679.1384890116074,2243.9070468529417,1135.569409934143
1.2659557163715362e-08,4.282152081679224e-12,1.4832871968264493e-15,3.2158084819008926e-19,5.889081219803195e-23
4687.101966402194,4421.833217004074,4346.4596655127725,2650.2634671986148,1343.1410035245938
4908.911361644257,4627.565300967729,4545.538756508719,2760.499852567391,1393.1222812551678
5787.404554470129,5650.165248188334,5746.845451663557,3617.8642041769144,1895.4152743736934
2388.3922834107952,2223.9621954326694,2166.7460029317617,1301.8923924395287,650.1796870634942
1.2659557163715362e-08,4.282152081679224e-12,1.4832871968264493e-15,3.2158084819008926e-19,5.889081219803195e-23
4361.883389241198,4275.407134352151,4363.644187692652,2759.4184888821633,1447.9729024608448
4511.760198493554,4299.98245624783,4276.195645878438,2634.514009686127,1348.9176711154637
5262.507961353795,5068.856663752462,5079.702497483039,3150.1889128001994,1625.6200152352155
4730.7255109242105,4602.010097421672,4662.339342295756,2919.9378786172456,1521.5477870799848
4923.485347044807,4763.885456462431,4799.2780575074385,2988.3893354015436,1549.011920052809
2670.3767783756716,2598.0184487209044,2632.9822452493186,1655.4106682665965,863.1745296367459
3970.3399366646913,3800.9913056408636,3790.4304864473415,2341.7557871568843,1203.9525821058219
4258.81157644596,4208.387010655673,4321.2125454582365,2748.8376147669737,1453.3337296484126
5445.299074154466,5264.415344426247,5300.445551161069,3308.8088781042957,1718.3266341828357
6132.008940110864,5866.824160794737,5851.360112021062,3614.9078912010755,1855.4093735527622
5263.761419899014,5082.693232451462,5110.7495497537875,3186.2074867085576,1653.0741655602728
3150.2512187810257,3011.1065623616996,3001.968312065821,1856.6722783670943,954.6298066377918
1.2659557163715362e-08,4.282152081679224e-12,1.4832871968264493e-15,3.2158084819008926e-19,5.889081219803195e-23
22686.236705944575,39484.72715168728,71560.91433834801,80310.60101169371,74941.83337901418
4398.803997156609,4377.985890553954,4535.191536525057,2911.631341407156,1551.8750388496592
1.2659557163715362e-08,4.282152081679224e-12,1.4832871968264493e-15,3.2158084819008926e-19,5.889081219803195e-23
6294.493873469786,6140.468524814982,6245.943565784413,3931.6637350673664,2055.561127644433
4373.152535947067,4165.218704372873,4131.051138244261,2537.0582611777436,1296.329781964925
4756.817402669893,4606.271161521695,4644.203272390811,2896.164198850745,1499.1726050725385
2734.073394061697,2626.770115394497,2629.68888336623,1627.9620679509549,838.2197706791611
8533.929432905408,8719.736794140841,9268.653778301856,6112.351831274553,3346.236300719574
8317.128870007384,8148.567209524364,8342.92259088936,5293.872499370774,2791.2522859988053
9575.458128277749,9066.446991439077,8943.468391440061,5464.279384986189,2775.9163074362345
3283.17674812933,3146.0220348846683,3146.5873751257145,1945.679163262851,1000.1300127295113
3429.0774944139002,3358.4238221832347,3427.937222802595,2169.3057166115786,1141.6892651061435
4005.9613694695545,4001.4794095831994,4161.928225838724,2680.9493244848077,1434.3638697328197
3384.5119858666653,3243.267966901858,3232.827490964859,2001.2966312929789,1030.3458623529943
18243.551365244894,24003.58626967068,32891.740246080226,27918.61488556946,19707.957257901962
5452.751224308129,5358.377673034463,5481.418541537448,3474.154038081287,1832.9667176057646
1.2659557163715362e-08,4.282152081679224e-12,1.4832871968264493e-15,3.2158084819008926e-19,5.889081219803195e-23
4951.370452999585,4543.256191265575,4340.634189065789,2573.4853587821513,1266.6473638348778
4299.819767427228,4200.119742889909,4269.592198407402,2685.7095693939928,1405.8168238975752
3121.9050097069457,2979.825108903607,2966.2321169273014,1825.1976165150627,934.1020017988811
6396.901418365501,6030.387493392605,5915.213503854235,3599.9009121051076,1822.8295989655587
17147.25763539377,22343.78513216958,30331.84659958414,25502.093772254575,17833.573838241362
422.78346430333926,309.3128209432131,235.91900195103747,111.32163727298872,43.99205530793759
4914.537674308914,4855.643370727088,5002.774375660131,3183.4206722942013,1684.0080422944095
1310.3521299749577,1305.093041318296,1349.761115788466,863.5606507363706,458.16253197507064
8176.555386025228,7978.432721477541,8117.891998977674,5112.5763357837595,2675.408735962208
3386.913779870644,3279.1922853622323,3303.9212207265546,2064.69005359619,1070.3022533930625
20060.592655673303,31884.341044579094,52773.32105169747,54063.66103371517,46061.64205985272
13005.024661339858,13591.571915925098,14798.01025431515,9973.44886721607,5593.273318802166
5796.887201157363,5426.737253002916,5292.19460324701,3198.51913125998,1604.4278462886757
4474.463919974618,4331.287894710414,4368.478725501645,2735.5231193282475,1422.071374022889
3240.7540957218243,3098.0998413327457,3083.4489570074325,1903.2701766093078,975.404315678578
3769.292934810202,3774.34256103889,3934.8622906005467,2536.4326407604453,1358.45922151395
17850.872992606455,25235.484141391087,37170.84257116958,33938.25680255506,25765.20539387577
956.5376884537145,725.3873839270785,574.6001190289883,277.88546876962903,112.83402976687798
5401.306778057386,5333.197292707767,5483.863576609787,3495.7643566087954,1851.7290844796942
4453.35554686416,4315.911985291853,4356.715433881855,2728.3644156062355,1417.7753926000876
4761.169651636736,4778.491148685585,4995.087683511134,3233.645699140438,1738.6037627283429
8096.754675701492,9275.959668447711,11058.833610998327,8162.719824605566,5013.2832080333455
4383.061972323444,4117.990385878416,4024.7970504728555,2437.856709945512,1226.4694725821673
7092.12434361384,6765.310171312759,6725.598478472395,4145.176520968185,2122.4238951107
1.2659557163715362e-08,4.282152081679224e-12,1.4832871968264493e-15,3.2158084819008926e-19,5.889081219803195e-23
3188.7702213263365,3151.366753306446,3245.86839195647,2074.5219836318033,1098.1347853164175
5764.989655816666,5492.193600677344,5448.7796301567905,3352.456013336944,1711.9931496577763
3006.654336629038,2912.0182358275,2941.5555160451772,1842.6322663173319,960.7192631675543
6384.538947858763,5978.629559044553,5832.874434393239,3520.651241208758,1766.619145776226
8016.966222650725,7839.753923254903,7980.278741835035,5032.705448290597,2633.995165820906
4539.385911826822,4348.458879985278,4334.037527061304,2676.465703838743,1375.9607961548827
4747.636249331235,4488.588538827375,4421.9095435075415,2697.070425261762,1369.3925148550068
4395.966817592849,4178.922868450903,4146.135330685566,2552.964231033883,1302.725039487791
1.2659557163715362e-08,4.282152081679224e-12,1.4832871968264493e-15,3.2158084819008926e-19,5.889081219803195e-23
4182.613655776857,4017.3073865225488,4018.1055950112727,2501.8908767974667,1293.9326428465858
5380.180784794796,5183.840716758879,5202.139760363428,3231.7493976119317,1669.512279330775
817.1634904440782,614.2409054289017,481.41828515130777,231.15504015444532,92.9362785395526
10053.141411849727,9492.41938156658,9334.399366032198,5685.973680684337,2885.375670891982
5020.210163456451,4951.695769318235,5084.516631315748,3238.74978915614,1711.8687861193612
5474.7132077858905,5349.715403176881,5443.698153869123,3433.7604961213233,1800.633287350362
1.2659557163715362e-08,4.282152081679224e-12,1.4832871968264493e-15,3.2158084819008926e-19,5.889081219803195e-23
4098.204894687818,3889.91657683672,3843.035880164737,2349.3807776765143,1194.862670574153
1.2659557163715362e-08,4.282152081679224e-12,1.4832871968264493e-15,3.2158084819008926e-19,5.889081219803195e-23
3352.210146264499,3148.227289646195,3075.6043255280492,1861.8114156346137,935.2648975567369
1.2659557163715362e-08,4.282152081679224e-12,1.4832871968264493e-15,3.2158084819008926e-19,5.889081219803195e-23
5494.599400769261,5340.912825627168,5413.81491356691,3404.387841309411,1776.2204131869305
4002.620235948596,3816.636258101815,3788.0855625539534,2331.5442061848435,1192.6248437574386
4345.206954485181,4182.112846221457,4196.535567614971,2609.4222120196114,1349.6608362643187
3699.399498721558,3537.46388131169,3523.764679415795,2176.2775047852606,1116.8075939923974
3841.6758318683874,3755.5519277031035,3824.7708563175406,2414.2112646169794,1266.5679630679501
5348.0452943893215,5073.303993093269,5009.151860638978,3063.8716845351432,1556.8061270840458
1.2659557163715362e-08,4.282152081679224e-12,1.4832871968264493e-15,3.2158084819008926e-19,5.889081219803195e-23
5347.0560547460245,5225.165097610202,5319.725394364026,3347.0605397398363,1751.207391726221
5622.307953920358,5479.2316930252155,5567.135432037163,3497.989523856981,1826.8910317451316
4378.817961291652,4251.806813158099,4301.827008407154,2689.990956745906,1396.3792262848694
4215.43551566946,4100.444589044154,4159.054842342272,2614.038986722364,1364.5276051360897
1021.051447179093,802.8445317697001,657.0713522282671,333.6037583390415,140.3746574570064
4636.679702114868,4589.856992313985,4735.016729826185,3022.720592711975,1606.0957120316773
3779.407286358363,3818.6669040834927,4018.4605047759715,2616.541311099235,1414.559150251273
1.2659557163715362e-08,4.282152081679224e-12,1.4832871968264493e-15,3.2158084819008926e-19,5.889081219803195e-23
2463.9435844683617,2228.0404142762936,2094.933388639154,1222.9082504448907,594.2269292449512
3355.2024831798235,3224.591581624945,3224.1740103174475,1998.3009190151972,1029.6853539558647
4475.563760552033,4342.693689504498,4392.158921631602,2749.321173288578,1428.1741142475366
9155.223370216117,9040.350808450637,9291.701329463309,5913.760319223181,3124.9394112914465
5081.799664745798,4801.885795895696,4726.087183089515,2882.8934576013885,1461.4808039721077
4423.351380421875,4408.578364796504,4571.285685036729,2939.314940137229,1569.4295740744692
4672.8336132602,4378.831700244062,4278.9511653297195,2584.400380056111,1298.3241009183484
19278.57020195082,25760.378483062417,35845.66678833082,30894.356662355673,22132.902683947217
1147.984741910472,1017.6868385968401,941.4416796425573,540.1954401055012,256.90554996423555
5732.438777844476,5534.323140026453,5565.864650400392,3469.8612032534334,1796.1244160600272
5861.94072197316,5802.714082909088,5979.611226159349,3814.788612103996,2023.3106947471392
4209.916175954226,4075.73626973894,4110.999871774762,2566.936063908799,1329.9381868202165
1083.7626403972358,975.5292384509595,911.8134471115877,528.8138178598908,255.01485169644744
3228.8881532349146,3204.95133717962,3310.105542726269,2118.6859676403997,1126.3625314988387
1.2659557163715362e-08,4.282152081679224e-12,1.4832871968264493e-15,3.2158084819008926e-19,5.889081219803195e-23
1465.0411514430937,1281.3301597572038,1166.6601295060698,659.7416837650271,308.76316216366274
4257.492048772539,4184.818502988081,4283.999371058283,2714.8101203955675,1431.2614609677883
223.6881004929101,187.3514806059596,163.98556451005288,88.06237725188781,39.485872401624874
5258.677969179568,5059.546074284723,5065.12499786632,3138.7806309169086,1614.8081634637938
3778.4034491997472,3749.011778103641,3873.470777168016,2481.693493696986,1318.2274804065494
3315.860952127411,3219.199026914466,3261.0176160770493,2049.4122971336083,1068.6850862300776
688.7056454049856,527.1463617588602,420.37697976707295,207.69986502404984,84.85518699431893
10069.305913938511,9892.53889265964,10114.526131039154,6418.908956369122,3382.6656686213296
1325.8375263919893,1069.877835934403,896.4492459152887,467.65928987592014,202.56035303352695
5728.518940437017,5641.447444428105,5790.831234975986,3680.839704731201,1944.2515530629655
3393.7240183581384,3458.996054030618,3669.517786536225,2409.5860300119557,1312.5310862213692
6817.4139380809565,6811.21608440536,7087.471001290277,4559.858615004578,2442.516325065705
4638.899308227874,4668.586895694764,4884.791808840003,3170.003490576858,1707.561044374927
11.66886390816632,0.003977648893550349,0.0015324067549310973,1.031831744173222e-06,0.0006366259033478229
792.9893564541845,607.1350189878627,484.6721283194332,240.67206660316228,98.86340861406057
4459.825347076851,4492.312233250186,4711.328337884268,3066.913791367762,1655.9329522741768
5426.795311655922,5348.244793120275,5498.079114429368,3498.443256375472,1846.2912955173217
0.0018746362830724063,0.012533041917993098,0.0857251925553364,0.3636067391401484,1.2500661017642947
4655.012526992109,4502.5359287607225,4527.9237541626135,2814.2375980373117,1452.9380333475845
5445.299073997042,5287.932492157587,5339.0394705341,3345.1016809918538,1737.3583454750458
2318.112672330202,2237.985260170606,2250.447478282191,1406.7147365017288,729.6446038660885
2794.703256897251,2600.5492100516403,2524.412453185841,1522.4214785923405,760.0199935186339
5610.867815623223,5486.534608947638,5575.638781219712,3510.5977040652315,1838.712880668183
4588.288228250356,4413.288982353463,4426.645113434736,2752.790739678453,1423.6270450148108
3770.0553854402774,3640.508393724227,3663.0575739426317,2281.905615030231,1182.1444872200523
5732.30323172199,5458.422447368892,5413.96632894328,3331.8930574277415,1706.786488169134
3735.6357241800833,3680.2821904909015,3776.4712800765733,2406.2085261983393,1273.7766865662154
3654.3688842223423,3417.0119068069926,3327.529736297456,2014.5265703506013,1011.470155008109
4600.748131607416,4505.681886082736,4590.997111682054,2900.3822324638054,1524.6042606472606
17983.77848225664,28243.355151845637,46187.36607146071,46742.90532140672,39317.972567533645
7528.973338475216,7103.3002541056385,6987.290161748781,4259.4483891598375,2155.3971207785657
5313.20899796261,4966.752991839406,4833.393639355234,2909.439311296105,1458.3583976390346
652.1790116559462,394.4851439699841,248.06364278211555,98.84490098514569,32.56723993193299
250.20246115737604,317.2552546482517,418.81363033763245,342.2173014470743,231.86746250449957
3798.53633460023,3724.202875430869,3800.1665538494426,2402.063501888897,1262.9790373814628
15953.030182807883,16187.11727383208,17111.886330540914,11194.934439759882,6089.889261222602
1355.0503420472778,1220.3524954073225,1138.46341736205,657.5127923754802,316.92845110867694
6212.742362420354,5817.272642939242,5672.471495911561,3429.1395469300323,1719.569153315951
4579.877928761581,4630.222367170807,4872.67895641327,3176.4186163800236,1715.172122956305
4584.905830257694,4582.57099254724,4772.861519666378,3079.355180036926,1649.863236279802
4768.497097515495,4644.7528009554535,4710.077475217697,2959.5559579986925,1542.2969434061763
4501.235098919718,4564.566435903528,4821.617484662149,3152.0060757854567,1713.5298300268287
6430.899956913911,5894.210232403711,5635.3624242551505,3336.2587608538647,1638.1133066401858
3600.648133867358,3421.7186043484344,3384.635971398723,2079.0467795018153,1060.0957807799552
5833.495992604667,5595.864713181196,5590.92259048938,3468.895147825382,1787.092557999961
4553.759713088666,4393.745011459131,4415.377649625502,2755.2989021220337,1428.809778744799
1.2659557163715362e-08,4.282152081679224e-12,1.4832871968264493e-15,3.2158084819008926e-19,5.889081219803195e-23
13406.249879039155,9806.586554771702,7457.164856180636,3508.521859502354,1378.9345827953496
0.004526022076356716,0.013953560780289616,0.043876402351392424,0.08571691226539473,0.1240801687566573
2662.525723037163,2575.868288645253,2599.808809560259,1624.581456596182,843.5497470577908
4628.443381025525,4609.808625700254,4783.533397327914,3068.6590219502573,1636.7940606992463
5882.385413902487,5538.653387056508,5429.041033157586,3289.7680682586806,1656.9890986711812
1353.8319481732765,1192.0615788681405,1088.9963197478764,615.3297039263825,288.6425774235841
4400.0025188051095,4225.076823309798,4222.659674578595,2613.042445451511,1345.7718034793131
4768.840934766824,4881.976195017026,5202.675262659701,3438.0609888812446,1891.8312530499395
7527.217617999541,7163.082230260962,7110.396618326014,4378.576579927188,2238.7337313692583
1.2659557163715362e-08,4.282152081679224e-12,1.4832871968264493e-15,3.2158084819008926e-19,5.889081219803195e-23
1.2659557163715362e-08,4.282152081679224e-12,1.4832871968264493e-15,3.2158084819008926e-19,5.889081219803195e-23
15513.783868425926,23638.255944747183,37519.800543582205,36875.59398303582,30151.743325121686
1.2659557163715362e-08,4.282152081679224e-12,1.4832871968264493e-15,3.2158084819008926e-19,5.889081219803195e-23
6449.173265661913,6332.814280346156,6466.808006855884,4088.117715059005,2147.5775214859186
18.44646451180111,15.19494987869397,13.600582923433512,7.7172433685680275,3.6416484600564005
4550.2556542797265,4351.821699214359,4338.455836591392,2678.7683050901787,1373.9699321971264
14297.228299503653,10498.558432001108,8019.397878574753,3789.481151718476,1492.5177965768253
1081.4809633910672,1345.8039323916628,1755.5890341073825,1429.1056877764063,968.7329515385154
5519.323665626036,5230.064576574458,5165.7385190682235,3164.8250469754967,1611.8247384671154
226.89171511666532,283.25500947514735,368.80351049744786,297.126532375993,199.40353126147951
1.2659557163715362e-08,4.282152081679224e-12,1.4832871968264493e-15,3.2158084819008926e-19,5.889081219803195e-23
4612.851227474743,4478.885915257711,4523.5144116818665,2838.4682732421034,1477.5522387242122
1119.6723667817134,879.4254184035075,721.9136750111833,366.41751515699224,154.32967806114803
0.05931842598211179,0.09516744559892998,0.13746976503211505,0.10740023344469381,0.07421244214225996
5614.3832737103985,5375.601864744307,5363.452839951761,3310.8296316933643,1697.7372736864263
4975.890789511221,4613.994049604647,4457.2663564123895,2670.0780367826483,1328.0342068929453
1932.7692416867883,1722.3360064141134,1601.8678020541338,924.995043758026,444.2652039040668
5775.613823464644,5574.943912303859,5612.553190503667,3500.333837911715,1813.1670861450075
5983.068480242547,5791.328537953885,5828.051941005234,3641.1382260657874,1893.3270431260692
936.566805597843,810.1864686222472,728.2164200684205,403.912225062142,187.0721446624254
1018.0172375319684,1021.8590733100227,1065.4401699735633,686.5940520925518,369.2358655512133
1.2659557163715362e-08,4.282152081679224e-12,1.4832871968264493e-15,3.2158084819008926e-19,5.889081219803195e-23
4477.927363327415,4044.857082158328,3817.185506266723,2235.587359931344,1087.1542818429666
176.65880707819062,68.52470419368332,27.953886217821516,6.910600711991019,1.4531975927967755
6299.905963038405,5917.87196167327,5786.5534544613865,3503.880979792895,1764.1992433883404
5317.884426692554,5322.096712527662,5537.620242746142,3570.3251542097073,1912.6428319580862
1185.7277063871811,872.4477481904187,669.2442757829378,316.5894607530981,124.89750179640721
1749.840749069179,1642.4628157834577,1608.815477797541,975.8490743860053,491.2440611279304
750.2424615638511,520.4954904347175,376.8853033146644,167.75409941423848,62.151548853111414
12821.007471029307,19621.243349697994,31268.627692848637,30845.156998453724,25282.94402625468
3692.2847607791787,3775.1350833924485,4028.856537470517,2666.3468332357807,1460.5373682583333
5826.997269927712,5694.076812491551,5790.890104672611,3654.13442091877,1917.002648644892
4091.8533385241026,4044.9416723268773,4171.257179774967,2667.9703138192367,1418.0940225400527
4541.566177317996,4441.329266751919,4522.489350155777,2852.1432844589003,1497.148155374146
5539.244643668956,5461.112059223958,5594.154250756957,3553.173934668955,1873.1164003298272
0.00905190172285632,0.027906829920668102,0.08775230909031075,0.17143364232840416,0.24816130858257093
1.235736e-08,1.5611763413411237e-09,6.893486283209754e-07,0.0009089908916264371,0.9982216111367332
994.1839730827859,674.1652600706419,476.7090538302757,210.4994271007157,76.9007796402179
3040.0059787102637,2825.5316885524667,2733.2024795231155,1639.1555385154334,816.9042945970812
5121.4651541202475,5050.184466770223,5180.993538990305,3288.650423220426,1738.0034054548526
4333.661793357614,4142.854290381918,4122.89273922449,2543.099410571653,1304.1285821613333
3193.431359313659,3048.614058259925,3023.7319380026934,1860.792566958738,947.8133736741413
1.2659557163715362e-08,4.282152081679224e-12,1.4832871968264493e-15,3.2158084819008926e-19,5.889081219803195e-23
5610.8678156101205,5483.288946269334,5576.715535168648,3518.209450710542,1841.077420141375
1616.9323763946882,1379.5850377418208,1227.9639933195706,677.4510581755558,309.95885532631206
1073.9261659596532,874.6244346435327,741.20226754365,390.2485287812282,170.85303186041037
11.668434038416052,0.003910613544284373,5.191232992526201e-06,0.004375688393962212,0.0006816576735723081
1.2659557163715362e-08,4.282152081679224e-12,1.4832871968264493e-15,3.2158084819008926e-19,5.889081219803195e-23
1010.2361260423943,720.9977033593501,534.7740220866605,245.98199813744586,94.63759305414405
1525.617761875696,1361.9065135070548,1266.5947342154861,727.0594298485795,347.9460938162451
4118.987527792103,3931.757262392909,3915.253563978334,2414.9460662794127,1239.3731956091724
8305.446293637444,10192.008086484127,13023.22511459747,10302.05038762358,6777.584213342678
11.668989616152304,0.004006394258177236,0.0030107757152811796,6.464087083798792e-07,1.172271968291674e-10
3641.779908705058,3363.8629267654574,3239.217164319577,1926.9019016329646,954.7701318567957
1.2659557163715362e-08,4.282152081679224e-12,1.4832871968264493e-15,3.2158084819008926e-19,5.889081219803195e-23
0.11821871607491671,0.23664163691693643,0.4521668065497513,0.49521971113184005,0.44311384624267464
1.2659557163715362e-08,4.282152081679224e-12,1.4832871968264493e-15,3.2158084819008926e-19,5.889081219803195e-23
0.05931842598211179,0.09516744559892998,0.13746976503211505,0.10740023344469381,0.07421244214225996
1.2659557163715362e-08,4.282152081679224e-12,1.4832871968264493e-15,3.2158084819008926e-19,5.889081219803195e-23
5141.673700616183,4897.549922384449,4866.353658021195,2993.387966861482,1529.8657570467003
4180.998071379189,4100.796374482439,4185.206597223036,2642.6315757076823,1388.6546925170655
1.2659557163715362e-08,4.282152081679224e-12,1.4832871968264493e-15,3.2158084819008926e-19,5.889081219803195e-23
1.2659557163715362e-08,4.282152081679224e-12,1.4832871968264493e-15,3.2158084819008926e-19,5.889081219803195e-23
4715.292770401819,4582.792892069193,4636.14024505303,2909.8842361869342,1518.0387619015667
1.2659557163715362e-08,4.282152081679224e-12,1.4832871968264493e-15,3.2158084819008926e-19,5.889081219803195e-23
0.004526022076356716,0.013953560780289616,0.043876402351392424,0.08571691226539473,0.1240801687566573
0.019487877293978655,0.02471854543682136,0.022552897722074028,0.013358944618130685,0.006919156078080663
1.2659557163715362e-08,4.282152081679224e-12,1.4832871968264493e-15,3.2158084819008926e-19,5.889081219803195e-23
11.269998120156966,2.571653225511718,0.7185409413763331,0.13524953706797485,0.026691678195848886
0.00930499320653581,0.045660244428264565,0.22854649223091586,0.7093682267398171,1.7532943965624017
20.700117231330278,9.641842875180533,4.828361807109949,1.5338857817392275,0.4250065464834963
0.1330401977242394,0.3918441690786677,1.1274389634393156,1.9381913245080573,2.7871799901700713
1.2659557163715362e-08,4.282152081679224e-12,1.4832871968264493e-15,3.2158084819008926e-19,5.889081219803195e-23
1.2659557163715362e-08,4.282152081679224e-12,1.4832871968264493e-15,3.2158084819008926e-19,5.889081219803195e-23
1.2659557163715362e-08,4.282152081679224e-12,1.4832871968264493e-15,3.2158084819008926e-19,5.889081219803195e-23
1.2659557163715362e-08,4.282152081679224e-12,1.4832871968264493e-15,3.2158084819008926e-19,5.889081219803195e-23
1.2659557163715362e-08,4.282152081679224e-12,1.4832871968264493e-15,3.2158084819008926e-19,5.889081219803195e-23
1.2659557163715362e-08,4.282152081679224e-12,1.4832871968264493e-15,3.2158084819008926e-19,5.889081219803195e-23
1.2659557163715362e-08,4.282152081679224e-12,1.4832871968264493e-15,3.2158084819008926e-19,5.889081219803195e-23
1.2659557163715362e-08,4.282152081679224e-12,1.4832871968264493e-15,3.2158084819008926e-19,5.889081219803195e-23
1.2659557163715362e-08,4.282152081679224e-12,1.4832871968264493e-15,3.2158084819008926e-19,5.889081219803195e-23
1.2659557163715362e-08,4.282152081679224e-12,1.4832871968264493e-15,3.2158084819008926e-19,5.889081219803195e-23
1.2659557163715362e-08,4.282152081679224e-12,1.4832871968264493e-15,3.2158084819008926e-19,5.889081219803195e-23
1.2659557163715362e-08,4.282152081679224e-12,1.4832871968264493e-15,3.2158084819008926e-19,5.889081219803195e-23
1.2659557163715362e-08,4.282152081679224e-12,1.4832871968264493e-15,3.2158084819008926e-19,5.889081219803195e-23
1.2659557163715362e-08,4.282152081679224e-12,1.4832871968264493e-15,3.2158084819008926e-19,5.889081219803195e-23
1.2659557163715362e-08,4.282152081679224e-12,1.4832871968264493e-15,3.2158084819008926e-19,5.889081219803195e-23
1.2659557163715362e-08,4.282152081679224e-12,1.4832871968264493e-15,3.2158084819008926e-19,5.889081219803195e-23
1.2659557163715362e-08,4.282152081679224e-12,1.4832871968264493e-15,3.2158084819008926e-19,5.889081219803195e-23
1.2659557163715362e-08,4.282152081679224e-12,1.4832871968264493e-15,3.2158084819008926e-19,5.889081219803195e-23
1.2659557163715362e-08,4.282152081679224e-12,1.4832871968264493e-15,3.2158084819008926e-19,5.889081219803195e-23
100.34729746635763,44.18596057770675,19.969025273288437,5.5129431370100415,1.311027074766443
263.23936242033267,90.74293112272677,33.4113219780744,7.129324375617481,1.2556816859426942
209.51983600124606,90.51721942551931,41.22007023780338,11.272595909997527,2.718151811308905
238.05541389234125,98.40958328176615,42.55133739112445,11.516549875928218,2.629668197752258
19211.639124626785,21127.970405245,24277.419093500812,17293.093709172197,10223.024961889787
11832.643123665233,12204.658024283088,13125.689198846272,8746.434956886986,4850.950957489459
134.6860841208182,68.11911449349446,35.56653027803859,11.874818011101404,3.2833051357062226
4880.190160117323,4348.4352149955785,4030.773113731796,2306.4094963595467,1100.7987651685787
241.46606516150675,120.25986416544632,63.24023084107349,20.31991356899976,5.5084829350250715
142.45657469273587,73.20461904558198,39.83944784211521,13.714431517810686,3.902125159402535
281.898592277034,143.06736345717206,75.94784564703751,25.303716342957042,6.85503792625116
353.9111881141147,127.09026282720319,46.800491300726094,10.730184043035925,1.9551932081690766
11000.079360083353,10663.880820277542,10779.148480480986,6762.683217062393,3525.343137394518
214.60177834182437,83.37634753761708,34.10276021141484,8.488737838520917,1.6828923026515614
541.9257096276478,271.9948830759246,141.2594720322577,45.3572800779677,12.176863781524721
108.75621768690655,54.345166207729974,28.19116381972829,9.608927701857743,2.823816175354953
5509.863661983555,5737.100234069316,6208.791724346343,4155.906549752058,2314.5860688677594
6970.724223171975,6219.317291200568,5775.113481754077,3322.167358127924,1592.135739180037
3114.0432467882497,2561.0375165830324,2194.234491613641,1163.0795246054568,514.2895540581009
141.60106431869102,54.68582812093792,22.214786005032046,5.398696887202735,1.1708413074127288
1481.7774325765583,1141.567497489962,915.7358193839513,452.8378917838063,185.85046932023025
4304.781206114164,3984.8922078772075,3832.0529124326026,2285.3978347518114,1130.2018373813241
7096.155231323234,6070.387309483058,5401.990402196447,2975.539752398424,1363.4936197003678
5406.9847762735735,5095.166337217214,4995.423676977248,3031.0138579662835,1527.794198274737
4671.894873738847,4328.0517456290445,4167.6741883000695,2480.7898369336363,1231.1319648702997
216.92633538750957,88.10745912938252,38.005787211994786,10.027102789587158,2.2353437028781666
274.1963908615158,118.83243789779715,54.12440789700138,15.154314002340085,3.3513192023980087
4746.849726062121,4358.343799701525,4163.501006567476,2461.039332312645,1211.586936386333
2959.9262158383162,2462.6947180823586,2133.9530616292195,1146.0237009879404,513.9471993351428
112.89558162435063,38.184696506176564,12.90395532139578,2.569338118978183,0.4370892411462212
109.16023957580961,54.51219157560292,28.189569064507687,9.335749210691697,2.5581541207569054
73.91657833962523,24.896129537649266,8.96857971264918,1.8035607875657638,0.30991190720776557
47.2579941283677,10.57796321824494,2.4063231057231422,0.32073938026308935,0.03638738486806238
148.26734131491483,90.48255999117262,58.68349791943468,23.420746332899082,7.676955701745204
3167.298129007147,2581.3844385832376,2189.9731612322853,1146.3615703934101,500.5853295950958
5078.773757526356,4367.711171705894,3909.0584994812634,2164.121294694084,995.8821261104082
116.05045972678461,61.98964415136638,34.998591911846226,12.24077418651855,3.4815929674374746
74.58438890705696,37.587446289218114,19.95649262412311,6.559962099278616,1.827361811015843
4682.702938923509,4317.477938917053,4141.378419173057,2450.4417833006155,1208.633103007737
16306.689273120583,15264.408787749206,14849.338056400029,8947.198534837753,4485.912666168
168.3888601040912,98.4697366451454,59.97240176160746,22.78178454502868,7.221866188211858
202.82824877621658,68.36906551225125,23.926643363102748,5.12713572733405,0.8792096435584221
3876.6317225267344,3570.9132524849733,3420.621002067661,2029.4491081809874,1001.7482383649177
5331.199906164601,4364.208074777841,3723.5202720926973,1968.4481882826542,864.9394316251528
186.19112264613807,86.06794025337088,41.841332398800475,12.580937616333031,3.0970840809975497
177.48092456256808,79.55244732804674,37.10608532067144,10.59962198907164,2.6627846139834923
124.56052647304588,36.647535019614786,11.273988984926499,2.170215071578492,0.368102842733301
7265.8514360147565,5913.636857566915,5015.392010545785,2630.111634049806,1150.6319198948322
5837.297985068857,4977.9468555785525,4422.03349196361,2426.3258307758556,1108.3702483373547
127.2762632486967,33.20304350288494,9.148849133321587,1.540165263558489,0.22886292381098475
5596.56866666878,4709.7552683383055,4122.657320080817,2234.3675848382604,1008.7477770010024
87.52529901611037,21.896949295185163,5.664996732666685,0.9078673157744502,0.11558991412010937
4284.904250048681,3536.3502284662536,3032.2752778246318,1610.304773937991,712.345156149669
850.4174995645615,383.25560003033917,179.89304428865609,51.65534073404713,12.40799112599257
1093.6721784795714,830.3138308633274,655.83966969544,320.36962065863923,129.7235144629993
3340.3386940763457,2819.6565525725387,2478.963424309237,1349.6639586478775,612.7362185297446
1018.0573695361751,789.2402432416027,640.1651293756992,320.7738856043981,134.04919590420369
177.6798276992927,99.69774465293625,58.5622470442073,21.13323670940248,6.384071312668721
565.7936387414062,364.82784290848275,244.0649097769597,100.01692847164475,33.89731478824959
3541.4919892754933,2889.964619449283,2458.479513845544,1295.6245988293024,568.167156480835
4319.77852519568,4126.720415864325,4099.890962501253,2513.6902493862285,1285.6042580680921
614.6587440410229,481.2852557114363,393.1064956265437,199.119824966215,83.97038599696297
95.29990400222431,59.05974295721932,37.88670043478807,14.942373181036158,4.891515567215676
519.0729261332266,443.5088446653355,394.9273170348383,218.71247648464862,101.19710864161243
809.7908846315948,553.9562818751796,394.77894214827745,172.4794265327305,63.32733953320764
593.728824346761,479.38789170359763,401.6094900622609,208.4592149919803,90.33354495645833
644.3344001359494,481.84004008083144,374.47630412270547,180.97110696559685,72.74227908946155
275.45198540856484,127.72586288704248,61.82010327133441,18.89008633235203,4.579351230107308
826.723154492422,695.2072811044593,608.4076570600362,327.7058632026516,146.7896525643845
4300.833083255395,4063.4523421158856,3989.1158135499627,2416.013802555112,1221.1187546487995
1936.22585981759,1530.3556367132098,1258.3648079962643,642.3632429582851,273.7629544598213
7103.950639900924,6218.761728871852,5671.672783043369,3205.457329042298,1508.188504781803
4553.928982974023,4136.241333004911,3908.80343452667,2286.1466737624046,1110.9817025900275
2779.2908647825834,2469.5475679416622,2286.1951845378567,1304.6124321126933,620.9088241463786
4169.683091504485,3653.2396299930015,3331.726005567276,1878.7495704307516,882.2497872891881
128.8558550609073,39.13261464908771,12.588340264548224,2.3860352658036397,0.3698540510309499
5086.786569965863,4270.725596218262,3735.4400826069023,2023.8958490184632,911.6472739940689
2579.6539151290367,2005.7843137629907,1621.6244462370687,809.1341650674229,337.5551481695215
4667.083694063037,3912.747151199956,3410.3927763177676,1839.461766311271,826.106464105161
287.10967204935486,126.37394192849057,59.189807181954514,17.41546118723864,4.166632391934312
4041.7219696999787,3583.1891237178984,3308.2258665816207,1890.4544560801714,897.5716640726488
154.3556708702705,70.53419912467629,33.72774650895015,10.140151677063534,2.365295316512464
2144.060959484443,1871.324221062292,1703.5265036027413,959.0769777877565,447.0854815062471
2568.2424051595294,2122.5298810928134,1820.3152306375252,967.2977260006413,426.9853714291122
157.11587075988672,67.69114594276176,30.720046991686747,8.766408168640261,2.058301354625567
237.34786863113638,108.32519904956389,51.63361976850697,15.611120898201463,3.8376151047495983
5833.748728026884,5071.776586532027,4585.456870842289,2564.4590184083117,1191.7617114465654
3745.677587132976,3462.162086362984,3329.5955731818754,1977.6288068821698,976.9166680770699
3103.1995227961934,2559.3015033169486,2200.305218653764,1170.4372781013178,518.187132977509
492.86945057252626,228.97398968351408,111.64125914627706,33.55652843932685,8.098969411204852
4310.7228458732825,3815.188950206022,3511.611297809962,1997.9358223555953,949.0331091696811
1743.2678593837381,1625.7385776425301,1575.5321614900956,945.5254697927828,473.3665054871749
334.25402671344705,163.94195236040352,84.76943728300185,27.177153897929237,7.050261067817462
3558.185812370657,3236.7707490760654,3064.9441932191694,1797.1084338134647,878.5025535624509
9495.831333800143,8341.819129666672,7629.708503062436,4313.158484109668,2028.8293910834198
2844.9168679325917,2617.9310107074857,2503.862749895586,1484.7993365123518,732.6995817699634
184.20280784603898,70.1846239609415,28.07678835366609,6.665895292885852,1.3959448002252173
4905.366227051483,4253.00436580133,3843.3251026230323,2148.178532558848,998.4301681229055
3330.995390517675,2593.369064880684,2100.787924548669,1051.9600768740013,439.31466376273966
4612.110199769875,4257.270543423441,4086.000621654522,2420.965979335212,1194.5533269044302
151.37463304434962,71.58092325464038,35.517191334284405,10.973196459202137,2.8205971327151858
161.01875215287362,65.60475370319055,27.556088947120337,7.2316736640080315,1.5869965129117913
5771.927432384717,4714.206091133117,4009.6701063321707,2112.758215581904,926.1027459401321
6266.9949864578375,5456.021836451998,4949.298978996004,2781.1123036881754,1299.4554977829969
165.09367487917658,74.6039834107974,35.441306243660556,10.276079641017633,2.4484854607725643
4949.493333232258,4459.027262292679,4170.266193906484,2420.6083877896394,1170.0699501297079
4674.66303878791,4501.398495705798,4506.446009058382,2789.6015687864383,1438.693018295508
4673.794287722038,4442.030990499482,4388.495402936479,2678.8138148794574,1358.5745196333366
115.89335468102918,47.642179230131,20.345422365505737,5.365884088038325,1.2005125154059861
5996.566313189046,5195.685913577476,4678.855173629294,2609.7376712336636,1212.1087267828636
239.60194205872693,137.56677771714638,82.52905414721234,31.16125424318672,9.486752085911354
278.8989339409523,110.11937141607328,45.18120831411722,11.467905825035187,2.441159507184819
6260.198304581652,5239.968402456138,4568.750101273674,2463.536601000982,1105.44795765329
110.15093906953207,40.24293125358793,14.99414852689494,3.2320130247439516,0.5957834950571047
4290.657888776142,4918.703415837019,5874.28216833638,4363.341768315595,2697.912002314826
262.0087852357766,124.6742587581675,61.47037239685301,18.89903780244837,4.929460463732648
5166.329531778678,4254.237370679445,3645.7652532554407,1934.5429430077368,855.6127887405338
5397.940200426834,4959.562569991237,4746.993127851939,2814.0156669940925,1385.2666336096743
74.59200015465345,40.03966546078293,22.42984781181628,7.606566932359975,2.0734763112217016
4439.766448913092,3784.303325227151,3357.1668596730165,1839.0388674611122,840.1541004493845
4681.0519981722955,4155.082462410533,3841.9465057240227,2196.2164650264435,1044.2530004897603
312.8335050773472,114.52759331125712,43.833563663139245,10.292766656797564,2.064669536232252
220.06679269724376,111.55784637732768,59.21394909314763,19.56269741072046,5.295447076310709
177.12852880609694,75.76865406045766,33.823412828932014,9.383813518995439,2.045509813926453
181.55267851679048,82.48620915489118,39.332770629310254,12.03085901786241,2.7976569500214934
1533.3577108121592,1118.0244328011117,849.0858003483767,398.72004003157826,155.7188895909536
394.9380437068976,161.70580118274592,69.88041545559476,18.348539160848368,4.012158436098798
4315.695024271947,3931.0006896458704,3723.878633454498,2183.5810577347556,1065.5281857517987
7165.474140730985,7256.526251218894,7641.387710036019,4982.507506403697,2703.2915365452996
8011.027452646117,6876.4994488092725,6146.3496341692335,3398.5190090785977,1563.6636995785486
193.46058982821376,60.52220051858532,19.6079653562741,4.026434237314308,0.6830066586851697
127.2470354729204,74.92574981978052,46.283290013056416,17.548206077647336,5.653938100794121
5985.61685382776,5023.04513227814,4393.001962777171,2374.001357838051,1068.180752590826
4143.982810564077,3783.961213187455,3599.452445038213,2120.4551374270986,1039.7307229565822
4761.02066217056,4300.413556512867,4044.5965942341054,2358.462973330454,1143.250326290797
3729.1637370124668,3129.1891015898354,2737.4727505995547,1486.1756726302037,668.2895589542468
181.20983783070486,66.6953568985147,25.668715140347935,6.247607382924899,1.3463344562563138
3987.4427467629475,4075.780259647651,4335.388243075775,2855.993162494615,1565.6971404377641
325.3403768314411,166.31196319977997,89.58836814809315,30.064346404554573,8.372852536407242
167.23466792768494,105.21674210628878,69.39314511019187,28.47229786663185,9.49815290197383
5340.922243784221,4633.107922853322,4183.008166612189,2338.0198369302916,1087.2422602373524
172.2573463671657,72.69864589924926,32.073050397396855,8.400861974273887,1.8017076823176246
156.0626598863724,42.31825848134277,11.920191998786816,2.058024506171668,0.31181618497753777
180.45179946920427,72.71520148759875,31.167210217534397,8.388545083674183,1.871962611848074
6843.195245638228,5783.029099855485,5084.3298982383985,2767.1494938732485,1254.2888035335911
4091.1938966079547,3630.6459856979723,3362.051395385758,1924.612873290259,916.1982474197712
3079.850660514008,2883.6854866916524,2808.5088405226825,1689.6769765365548,847.3172990335917
135.59004655177455,69.9716796718216,37.29864241712053,12.319584149148264,3.3895614561425256
4084.0940614045717,3544.0018068241025,3197.006208953448,1782.8660970123622,829.2945948690951
78.27205164589586,18.75216011879203,4.726708726088821,0.6773108767944972,0.0826547241866348
3792.7057111414447,3462.398585849965,3284.5648879108276,1929.0462415262618,940.4327815700739
3001.2331941029033,2628.3485385054737,2393.6490211293135,1348.1952224629028,634.3498685990841
7640.997615590724,6703.8028638871165,6121.882352886667,3461.3920255670937,1631.0227030898584
78.2720757956005,17.413448989035217,4.117637072354484,0.549198242300759,0.06234657434019661
354.25416182937676,166.7343681706574,82.19322534274461,24.601925075288406,6.073884605972803
619.339148127414,420.2514857444977,296.9898502463961,129.89662447530137,47.041307499214085
6965.285989254651,6050.3232350300705,5476.999489760532,3063.212189249152,1428.7860402480455
76.83484747349421,13.854883372698435,2.3547378883896113,0.2512539512525885,0.022783450579075666
5674.025561955367,5115.581328924778,4795.932833655944,2779.731205359085,1341.6171151561202
5155.374229337601,4703.505318564285,4472.595210800007,2627.220151130093,1285.2825808692355
2570.2474031769925,2279.3846114904954,2101.4142095861034,1196.5897404964865,566.6333335353532
5105.048597249091,4517.891761024052,4164.313020477793,2373.049929455076,1125.434735906694
3949.477174016233,3601.369054210556,3416.0509419976584,2000.7426088342372,974.4518350359692
4022.6887629289263,3323.326126188687,2858.788169879763,1522.1761136761631,674.881788710946
11.712400542095255,4.985044468062483,2.260648946979249,0.5711530255619813,0.12367204026209386
3624.957960993723,3393.4409109987505,3310.854908941408,1996.6331162767526,1002.3647491550375
182.21757496530523,105.51771431875208,63.98914636996337,24.04364756859334,7.547439039435259
90.90270859005297,22.149986921191125,5.44569208142266,0.7882217033042959,0.09716958488837808
2953.04984176058,2653.297406110192,2488.1699944831394,1445.8226151880742,698.7352271371185
2109.4180741009263,1747.183148827254,1507.3366577593922,802.8959335895876,355.5550752442381
5404.12825403198,4910.455821774644,4639.599270336128,2706.4652799286227,1319.3109339573111
97.82272030074925,45.70467860062475,22.437270054845047,6.8637583076653215,1.7332076710575575
193.7324484602442,39.29509357214224,8.274204351742318,1.071688569421988,0.11071758050159851
3791.0046578687197,3207.563070057637,2821.1544147912487,1527.9269763882141,691.2646481843133
4467.199902303242,3993.96900077459,3716.6194628770772,2140.9657952582024,1026.4531499212244
64.61149744839528,3.3409198479222146,0.16659641856896648,0.005969447723556628,0.001424673225289435
7039.168091223825,6607.895992852539,6450.594554140209,3900.3444268494277,1963.9249296803162
3507.9730614129903,2962.338931349977,2605.1349223455327,1421.336809638483,645.5133962737125
152.94562002505583,54.03880370482099,20.396154606080493,4.994406738595242,0.9073463137918062
118.60154340209927,26.493241704094032,5.928106228751562,0.8474064575907783,0.0959029850445275
4390.383744023653,3772.054182538035,3374.319451878455,1868.1705042262438,860.4315055613921
7672.930771294355,6590.676874843051,5890.283615350556,3267.4351443871474,1508.5219707484152
100.87835688211861,39.1449868809637,15.498650220772317,3.729735883831644,0.7319339986356961
113.61568224426361,48.73759668125985,22.169475114147453,5.997710980624856,1.3981453339235643
520.032616303509,351.58469505561015,247.449748565403,109.09543248079031,39.81595236448217
5242.368344460148,4781.582819035418,4528.700032697217,2655.846130089458,1295.0687708748303
4405.441746396025,3862.543318693039,3520.841834953122,1991.04128090811,935.6970828322483
4134.3400511864775,3771.807613566506,3589.2430886089655,2114.376690784973,1036.4713004370117
5655.603354813031,4953.243972618471,4527.017370382457,2564.4330898920084,1207.397323472549
4020.04954065411,3191.0853649182013,2647.7336612837353,1357.0901609242765,579.5628695247993
298.7320653007537,171.2254050159477,102.02069602410045,38.04065147681937,11.709759228841133
4741.903495617856,3977.617937568124,3469.8140927204677,1879.0637245456674,845.2251485074382
194.6537306549961,72.49162900527908,28.12974610217067,6.568120109767623,1.3259166572987424
125.7304127028627,69.03031251179047,39.959236366061866,14.296037501804275,4.293378718662095
257.79298349398,94.9729479028573,35.803405834372164,8.18812773415784,1.6180124392908546
284.30696209186783,129.8101759373101,61.77662292694517,17.868654587285477,4.253582291309958
4966.1114930694375,4675.889802938834,4580.16106028564,2777.526660821801,1401.9926801752606
12709.887529250365,16761.127384748906,23004.22914788503,19589.044252650565,13873.341179026043
5290.9799039030195,4750.816993550181,4437.692097183903,2563.963034714655,1234.0432654868584
3402.9079075079544,3004.5568402957083,2763.7351457310333,1574.283545013788,744.7843044598562
188.20382423450582,80.42979098314281,35.678531076888305,10.068802690171097,2.269986087985702
4160.307497648744,3589.0482693810336,3225.6274353886733,1788.7661783979333,824.9906772703529
5059.071633895773,4143.7081588949895,3538.194563947123,1866.4390294855775,820.3347739540545
425.6921929247121,192.7417416256982,90.89352050742261,26.632079185162436,6.398990514568782
4804.176168697816,4042.380473752299,3540.4599862677856,1919.9240612490116,866.5420530360755
5837.148895967385,4898.460529946701,4280.188241808254,2317.945219180727,1046.5921152534384
5975.316029974683,4868.416890853853,4131.560781633208,2168.604731479918,949.6907096275992
4120.708223423195,3758.715534167921,3574.241335250129,2102.9267856166407,1028.6861882544465
3597.5834471338003,3174.7872240364354,2912.194143957882,1652.1980613705398,779.6409309362247
4841.147281938202,4382.481406198885,4132.350722438672,2408.4482212279345,1167.572679694791
1827.536264002051,1336.247468176415,1018.2181689303236,479.79236497251287,188.5597802381686
5618.832200481656,6439.066558409151,7682.364850288853,5682.2268721548035,3486.551497709819
4214.960588083199,3656.2707009314904,3307.804409064473,1851.3121256057846,862.397249037459
241.4660817876665,119.6333805110198,63.20205411038091,20.794167550218173,5.498951438799703
3286.259561285529,3026.2658407780646,2889.3538574426702,1706.4175041605774,838.4188945644315
191.19002127790262,109.11135073799097,65.37197155641938,24.36974927604339,7.446869299115739
88.44788698839726,36.941026645947645,16.054591895230324,4.098041575183966,0.9664675906149385
152.79821581244374,57.3141239632255,22.446152276248693,5.335183110667442,1.071059624182803
136.15746730082924,68.80352816347173,36.336190149455426,11.396187228321766,3.011646116458487
4172.136271031007,3686.697563936482,3392.2981029919865,1936.798692218037,920.5581627262006
1582.7920372134106,1209.3003228228456,966.8997084597089,478.3715913172338,196.2760051090863
185.20753936573246,44.319207222329396,11.240106960897169,1.7335712642556946,0.2119885723078649
3764.4582737744586,3399.0314788970663,3193.1833036401026,1852.0854370781212,893.2011298945695
208.89636249795194,129.46130926878513,83.01323264602607,33.39462322165379,10.680270846477415
3509.534694452628,2958.7691705670163,2599.8399846571633,1412.71513493724,639.6709429192181
151.59631806584514,49.716616477213215,17.201360513895242,3.636674939676172,0.6800268057891624
275.0958328410139,128.21964237566345,63.05313062462668,18.951325269197365,4.806369390354776
75.57923723862802,19.352095535778044,5.307252078287684,0.8145697321200704,0.10653499049979921
3324.4881823346136,3032.6314541341126,2877.661868742746,1685.8344049230313,823.5614011370259
200.86188942831637,63.071222843954764,20.178331830973658,4.109918102707769,0.6967580097863038
3024.356930124335,2782.915963154181,2666.39949332157,1580.759928100981,778.1127460280023
158.46324088732098,76.00201740215826,37.73362937132983,11.246897237719946,2.7320725233481533
400.43463649915833,172.79251026780318,78.2581628574593,21.952207568216814,5.2522278575037324
158.24600702621476,64.52766213670358,27.736246747668734,7.71268250590555,1.706028692362604
167.77609347250575,62.18362736514791,23.869695667561608,5.800122582612868,1.1717354125020027
3305.1973846960473,2895.4657660652306,2644.699617089732,1496.7878308412971,706.0355133647013
350.97022156645573,197.79788440483082,116.24055809022988,42.93439391748586,13.106804204759385
3710.5714743088583,3413.0245657557016,3276.7632255168305,1949.2660350012802,962.9841121963094
216.82719812710425,117.176966760116,66.47420303650745,23.54176019780189,6.798849628735608
300.350922334062,144.7399086952335,72.8417906649653,23.74234401790936,6.2136373614658895
5923.39156888294,5982.820225013864,6285.844239141109,4083.288997455088,2207.0010078473115
120.1438143629491,62.32559141013176,33.66619240495678,10.971499710443968,3.068015111213605
667.0908784649628,375.2665336611639,219.05772471080383,79.56552493313694,23.934952987306147
1103.766001338092,558.5827964349284,294.18866625046667,95.69736066950533,26.206059993491476
1018.0003500840575,821.749901084507,693.8022815304504,361.1496493113523,156.25153676555033
170.83495656426615,80.74609451354333,40.54851153948863,12.783783692427773,3.2856819394084398
377.78166305332553,207.34577189860659,118.39697952491647,42.07741718354152,12.52422786527669
120.10050785997424,23.304433957637197,4.941487645359617,0.6516188776348546,0.06492941020998177
580.3896054729456,285.4595978370354,145.87085736552098,46.761591448387954,12.18392626806942
121.2845076262261,26.623067931968954,5.770353818433789,0.7513380901545748,0.08325139208878403
149.80038188667854,49.736455307935586,17.90131815362873,3.9102620596565005,0.667416348777634
171.8914800890866,70.69762730022549,30.86748523455436,8.365299444033907,1.9337712841286643
5583.167149511639,5100.916337034212,4852.811633090084,2856.4336713640787,1399.9807250184324
3190.823901651762,2690.4938000214956,2359.5793953830807,1283.5514846090289,580.3878353217119
181.95610247712642,91.24801491578408,48.295829341824096,15.401601731472713,4.085813662375429
142.8207637220668,64.71196360917814,30.80633192430122,9.463539239736543,2.432957725228522
4295.018744059786,3508.4719918923565,2982.82151292926,1572.5566192008073,690.435304726662
4153.931344795365,3511.7121629986636,3094.836397983567,1692.1303122174497,767.5884855657482
4649.70362884327,4071.9909410218756,3706.7452612107086,2089.4643553870446,982.3317051910961
4773.1254460558985,4137.4825568174865,3740.994924057813,2089.531595053895,972.1521703726954
160.56356664036196,45.445403853572664,13.312853689919013,2.518594241520873,0.3633168618086961
6701.775881022333,5707.27392160736,5063.136856458784,2773.6240365230606,1266.3415628975324
178.42841242984267,110.10459938614508,70.28619679832823,27.83193730062477,9.155892010623853
82.55563811014058,13.161003210921747,2.0660217072751794,0.25939993088654434,0.021003801556023244
4694.422940436734,4131.335927099795,3793.8274404498798,2150.5568062896778,1014.5222444311134
4843.874857021104,4205.701007604174,3807.6695883748903,2133.2581736302955,994.0196561115406
2435.3238679064216,1928.5741226862715,1582.3393282251393,801.8594538763456,338.2446230515245
4540.656586526159,4121.334921228725,3883.609972985223,2265.8333044589567,1102.6273413323042
115.56789539966906,32.420718758752614,9.627787917019424,1.6138895628479342,0.23071776661815677
98.33481989709672,43.50538281881434,19.725541269118153,5.4044375211313636,1.208723944823823
139.8297192728009,70.6147481088271,37.77184145892847,12.50397239293295,3.485329995786496
4031.2545126433943,3720.903460182778,3571.3734470358063,2117.0116494413137,1046.4298823698427
159.61450461513874,97.06601114727704,61.906398559652416,24.153115062196505,7.729190791769042
4947.4846676279085,4215.365147174973,3745.1338288313755,2056.88169660424,940.3395236704124
4475.106657822329,3812.622439163669,3383.460689244978,1861.4312658183724,852.626578767675
2205.7299035249766,1796.6953648728525,1523.370604604362,799.4316332871501,349.288571489687
37.6560127044535,7.154886320152712,1.2795264388711913,0.14368600548451857,0.013716885984008017
597.3460096440242,303.055640163597,160.07804434717858,51.81177400980997,14.132512247320108
223.09877739398894,79.70370132753482,29.86936740054262,7.077723605727807,1.4920062937020722
178.40419007462427,71.89786700311186,30.190525728879102,7.707749807937816,1.7118261403473416
6774.245614091184,5812.603053220794,5189.204318078122,2867.6303427744815,1319.9567468172395
4748.592400950572,4396.925142545452,4240.743731105754,2531.749062986624,1257.4316725673314
5141.967000087062,4636.752606765241,4341.365740313749,2514.516842921387,1215.2785677324378
5237.924388989532,5183.2959635732905,5346.74938221555,3422.2233726906984,1817.246147430712
6010.077665526264,5532.203133416278,5297.587310626505,3137.675670680711,1548.5348357785047
5719.371772722817,5114.017914790943,4759.767458947987,2738.23003934047,1314.7628352587367
8111.9654306262955,7060.3798619954405,6394.9272199839925,3584.2262661109826,1671.0053742071934
6383.8292317446385,5285.5098594867195,4554.966631675101,2426.0465695002144,1077.4558237786064
212.27635252505587,81.90362694857903,33.7422828877745,8.630338580039433,1.826474842599331
4467.406315462272,3704.0682692300566,3194.5239060138188,1708.7687355393357,760.5901611876346
40278.229612792704,48705.0489536216,61627.97233808758,48316.18642846108,31414.40612577598
21131.59460137995,22806.53730262397,25692.751851144618,17946.541729479883,10406.116128998914
659.3796940991723,300.18572289013304,142.76942291042917,41.774331959435465,10.174412681195783
2316.3800122956413,2043.054233514202,1889.4698137023968,1084.1924167906875,514.9674660459563
248.7270543222072,116.63853897658545,57.01840182778377,16.847753113226034,4.014047084377271
222.74990265114124,88.54155727319146,35.84248482171575,8.58533585292524,1.7215834924040325
163.36367312393403,85.34569529187046,46.71476171357187,16.022224981241827,4.491998531740915
181.9300599278775,69.26989056396626,27.70661258832144,6.90610419484105,1.4478889272771225
202.14485760852395,76.62799991870057,30.591142551180738,7.607232438283885,1.6162928011594622
181.5996020055993,88.77693591928531,44.77165797142732,14.087247052136085,3.6658389455026836
119.8137586446068,55.25366022018735,26.65224055651681,7.932815446594633,1.9355889008638272
211.0862468012318,125.77623343559787,78.05772297530773,30.687861883240515,9.891834015815057
402.4703746423574,156.06358525200574,63.038984847023094,16.211439662834483,3.338600188355235
2871.0498989339458,2585.0499674494117,2433.638552103271,1419.3711405019803,685.0028076869353
336.81429249298134,142.4213106198918,63.18327824732215,17.006883732387045,3.6642477242254015
291.7850050526914,141.66018844610343,72.17867766931354,22.711244945899555,5.624655088549847
109.50687760710723,51.976252358091756,25.75317842067797,8.0244911233466,2.09008613792862
228.95289664958676,121.74065149556439,67.27312058168513,23.072801100755935,6.5618780428322445
214.97967073172643,110.74911926116017,60.42378122237845,20.22880347261468,5.540410161729515
317.591414933023,167.65737054965962,92.86383206685505,31.482821911642667,8.733410095377462
44.72126403157445,22.55848402569257,12.120163873268288,4.133349461093199,1.1965042476862073
249.31194063994414,118.33315592936574,58.35405545020761,17.91249479715255,4.47949049725313
136.52700007131008,46.58027749025842,16.696565981448533,3.6763163771474066,0.6401044907587694
27331.422014849188,29537.87648078806,33370.97610393377,23389.95082869586,13608.219810947277
180.5041351912229,79.25976235892436,36.144864134518286,10.617615036144171,2.609494468135046
4822.918494088276,4409.673795557836,4195.127889982716,2473.0991247985785,1213.1453175617328
6204.932198349895,5313.933163604077,4737.231509895434,2615.27419492069,1203.4638215720258
80.34300360891064,41.05711857638026,22.116535513237203,7.389210584582705,1.9298686495036854
179.7397025583503,90.57744088017556,47.506254425163895,16.085756349971927,4.465229200581308
227.0509768923897,76.58208802171644,27.152508879452938,5.880329201797732,1.0120397524879752
228.95289870790563,122.0245931087808,67.69683072715097,23.10261969223648,6.679013039895485
156.1684189068689,52.18657716981746,18.084015936862865,3.9906331475153416,0.8117005915475338
4868.079192531875,4455.795377179868,4246.798899519874,2499.951712943733,1225.5992014861354
249.8542840298987,110.55549987910723,50.95991350425945,14.802344820528953,3.4343076358511477
224.08732879174238,91.35855247898732,39.07217711336357,10.4961885608535,2.35929560368257
49.84393714685408,22.382977763090754,10.551999659923581,3.2567608622861366,0.8146272554551803
5577.476762422783,4824.170743524949,4345.128208552549,2422.2792663416117,1123.8019798363625
227.66146115194445,132.77672994674057,80.60222195694307,30.201108123987975,9.671123439952662
172.1732391374463,81.57229792113483,40.26775098235798,12.360218332544958,3.072238320942545
3794.5777542781266,3377.617223676612,3128.5120379879772,1795.2489296569404,858.1726979221938
239.35752666239483,102.83752336461176,46.65909622033229,12.783726389564466,2.9546734001521457
192.11382806584328,78.2049210943582,32.8961529795247,8.344848507657876,1.7226276940595822
191.8627668560789,96.85359798196068,50.50854339325832,16.397821112531172,4.509547371752062
186.40081231262857,62.531691475324926,21.509314028268474,4.271215655769305,0.7246251074040572
7497.8190485112145,6217.549213373193,5370.960363379419,2869.417733342015,1276.9419773971297
7844.703463692149,6885.272135920102,6295.220330037081,3564.768596651869,1679.6275969786702
366.74342144521347,140.4625273984493,55.50923890682886,13.649157268367775,2.7403701711076582
161.9686627692677,72.09268048667649,33.504652235008805,9.834781896050346,2.543157588130252
186.19622100008237,91.09861654539444,46.66533604335975,15.253503325984727,4.143954092250472
6177.9352332994295,5351.638113328116,4827.271391867271,2693.315955131568,1249.8078400056754
211.52398700643562,105.58052100858662,54.7691090991631,16.899277502409667,4.461000387650494
6791.010694850281,5757.4104628953255,5087.085405629831,2787.446841265529,1266.3491134364592
321.4106856001246,126.11025716282688,51.63562674649879,13.175193374643097,2.75436107832567
206.0824461958902,123.96013855278046,77.27397768481279,29.269220164964963,9.391249746722874
2151.779544014786,1689.401121042017,1382.2712007232305,696.674184217126,292.9965124730612
309.419533242344,158.9108395516147,84.84261718488396,28.130082567547024,7.633274157695817
246.54617980123078,136.0682791945526,79.14009538683199,28.006102975452976,8.214614585361675
174.9039799402658,32.14700717119517,6.295450282534798,0.8246682982189472,0.07762077261593717
379.4580089375105,201.8292200232134,111.669213663558,38.08977084249884,10.675508104163864
265.7946943092687,118.65272595289893,55.3316513044672,15.43430517607364,3.5011581477330997
171.10160576927873,85.21083778755104,43.9907290276713,14.182367686482939,3.763951237322223
3512.953070867609,2532.2276884882217,1902.566918946762,886.3052408818767,343.77657767399415
164.14019597190386,100.9121815652605,65.30597906688857,25.732715426988722,8.36339421614983
589.476334122406,359.06963191747593,228.2150558455595,89.58448241583471,29.302764145059136
1398.0575533145786,925.9037099642616,641.475629975364,275.7192923867076,98.47883965235462
207.04632104393798,89.02550936466227,40.47189340224581,11.187709849375596,2.538823160723636
148.77090008647284,52.21710890500876,19.608974369674804,4.500986511458453,0.9537971931552822
96.08838335476511,33.595919807748054,12.17492607315069,2.7673231015471633,0.5566496657475389
11292.644308250676,12259.52011894058,13879.607249367897,9721.60732618529,5663.423222521973
206.76889500028904,99.66711994653139,50.10484347368268,15.952864693565996,4.179615069857833
235.6818846040546,124.90555450625075,68.74786107659646,23.718815418382523,6.62742276369163
1.2659557163715362e-08,4.282152081679224e-12,1.4832871968264493e-15,3.2158084819008926e-19,5.889081219803195e-23
102.30814959214803,37.720783616675114,14.673196949955397,3.4677987270529442,0.6527926102511202
403.52269866947285,263.8446600088667,178.95080469179118,74.76254781484764,25.948516392852216
234.22039407932027,102.08737231758748,46.5108230973294,13.338784294331983,2.967024946007578
85.20321239627006,4.970150003104986,0.28025734162501215,0.011855418977374792,0.0038974190504722766
342.90502489387177,113.24982786903225,39.345013504288204,8.453893747388703,1.5502408370380185
540.5703249449128,253.15927710470953,125.6320101292403,39.76661569485203,10.047176123806436
321.9714961577947,159.2191152012139,82.21269031084917,26.55896583681687,7.227963927707231
163.6556537007621,53.201831438507945,18.113551330511157,3.9555915651268165,0.6991129355566477
192.42611594247336,90.1471776207585,43.99090564861468,13.070697869484663,3.112235659869478
212.9548071820387,122.2709933053054,73.72822582289702,27.94350301393974,8.659830878866956
4606.82448579794,3530.688771447001,2816.716595703832,1389.559453480087,570.5061458083399
207.95500237826994,57.62614634468087,16.69394453376881,2.758526572042964,0.3886829195833041
90.45046084869105,9.529504631727713,0.9869010295505155,0.08764792243783712,0.004694127658458754
158.0720400362942,85.09823596684069,48.266197536792305,16.538284858493213,4.695639903766612
528.5013547157996,266.66049491305415,140.31561197672886,45.81962632420213,12.805313985053074
1.2659557163715362e-08,4.282152081679224e-12,1.4832871968264493e-15,3.2158084819008926e-19,5.889081219803195e-23
10477.496212585651,10647.845708688703,11278.093278997581,7410.235740514252,4047.883379517955
1877.7791938429289,1443.0753215172983,1161.3392447637832,576.7217992011163,237.511695194151
341.77990442919327,246.9537046534799,187.51853129299775,88.16862501481718,34.253203837277766
24.793899601431203,3.4654200138707156,0.4591374051357831,0.038160050976217795,0.002691681849914794
206.1476061235767,112.87769520725125,64.78864616000358,22.46073164633276,6.440442813755118
320.84049377961105,147.24021829110845,70.223389384885,20.84191828550075,5.455125021129235
271.56629755325656,140.65942427988733,76.62692279987122,25.496313682570644,7.096903850309748
511.00823229201995,213.38678797300992,92.62797700387202,24.243542226775727,5.377915278117694
403.7096776602387,136.3517563038774,48.40007736483104,10.376868951348202,1.7872271476444128
4058.429564509094,3670.481169415779,3456.1631276880457,2011.2245874029004,974.0058043950743
150.00565076596027,81.45659436239698,46.30790217374624,16.657350000828515,5.037011848386984
179.73970249316721,90.31202009879114,48.12676131325469,15.951276266459894,4.411080160177374
2013.496898566906,1675.8109546640158,1460.843223396985,794.0538882480612,357.2350978336235
263.7356249391301,84.40487532083078,28.89356279330931,5.851933180454679,0.9582727746819386
472.1309656002791,235.68754922716775,122.06830862755544,39.59145923564717,10.52665472556884
238.9166800908243,157.60713456315435,109.08588031021374,46.56633465126246,16.213053137825856
279.0255137445178,159.93899871054234,95.15765462399227,34.206640287207435,10.339188678013752
380.1548981812507,191.642404459215,101.10045719988119,33.219833605027944,8.847966863599462
671.8168213656928,342.73738801889414,182.7613223132843,59.86614900883674,16.527272262155694
335.92607823092794,163.78020060751467,83.16008237968822,26.098817272478506,6.74149557830402
214.1927160297924,97.77553929144128,46.55386226085717,13.595532658105844,3.289510084089154
460.6378575965681,253.68424210705422,147.1161913404744,52.82482275774664,15.653916619862542
104.38906456522348,39.8115999644988,15.404540752628737,3.5181157485310584,0.7191815478054558
239.62717280973342,97.52917808664772,41.78902750801476,11.19380107943801,2.5413135759329566
267.74777512302006,84.81043948396616,27.331437601512967,5.344073978588759,0.8568761727553627
3856.498147824091,3347.8800681870885,3025.7942579976093,1686.3059281882943,783.3192217778037
280.3115174094278,86.60756780633649,28.382368080742367,5.508159488907753,0.8690835716109073
154.71455902993995,65.04140103512574,28.153551969934917,7.578844701106936,1.7506998558422968
852.2268547161366,384.7479687804844,181.9556919531021,52.78011846016828,12.719665759493774
363.19304569505186,154.65041711063844,68.5435215248706,18.892003037346115,4.332872196100107
319.9782162860454,149.63962290758195,73.74086941322922,22.74911709888901,5.967119972927584
158.74178042296623,78.67774056768447,40.74764039182964,12.776626114908993,3.2192248880107117
705.4893354349823,380.48514030785293,212.09799566461714,74.33209845812226,21.567014783966844
144.2823634929229,44.10524048047312,13.788800472200066,2.4988891574238132,0.38651698047847705
1.2659557163715362e-08,4.282152081679224e-12,1.4832871968264493e-15,3.2158084819008926e-19,5.889081219803195e-23
324.3521350317846,159.84789805689616,82.47574293238948,26.95526462398541,7.322685841140622
92.79220996891407,54.46678273386733,33.904950368240414,12.913433717945818,4.087443672767148
5646.5596504873365,5553.9491407719315,5690.489419120264,3605.254403299907,1902.6713308922813
248.74890566075564,157.8993324477012,104.47276862165997,42.88262977536875,14.28772994545926
4430.2000001395345,3821.188402467782,3431.0459368930965,1908.0196373395356,883.1879515884589
4454.28003559056,3976.315168183633,3695.182258566789,2120.1341961115436,1012.9541816657651
348.43642088509245,177.32869645438583,94.8893636810741,31.137428158354496,8.507702177570183
192.89866308333353,75.22014591714986,30.77785104198951,7.901818341026636,1.666328569845472
3938.9860579001447,3553.2442102097893,3340.778060160106,1943.5093151224282,939.8044541559697
150.47481549148927,78.28131635035122,43.10576512725591,14.437739974643415,4.044424782911852
4408.140795103153,4039.857542077445,3846.6599187167044,2260.857532707104,1109.48258491574
105.7203262787309,47.655125143911775,22.90889928533318,6.840759444636738,1.731315587663227
266.4671254336624,121.94900442703134,58.40515776688875,17.128999680455053,4.096935160932256
2359.4827593468967,2026.8713488285666,1813.43088747434,1003.1974191824455,459.5181600840167
4141.227156703858,3588.163044334906,3240.1708994600226,1812.4476646644825,843.5008625675188
232.56121584781172,109.25477724620231,54.26483386938289,16.850804617117095,4.334334391399943
2465.2540119194045,2198.4351780474713,2045.8174711157474,1185.1163899548553,568.5557097548005
9511.432875855146,11365.567156502448,14169.853103665946,10942.560867925149,7027.004804781099
4008.2547122337223,3373.7364570218224,2952.4233202648843,1597.6079795544492,717.8521656358137
156.197217035505,100.33379846090968,67.3542323598884,28.21003177668995,9.913325341012062
301.5541065261507,145.88290382665082,73.3275247276259,22.650874876540314,5.74287674793502
175.8762442031323,84.96915080293245,42.62169582805306,12.84645604061368,3.2394077959228653
400.7048050582733,213.22699624703804,118.28830559461738,40.26031118744484,11.523489449127329
211.5950437895327,107.95436968946915,58.07890623902954,19.339907562265278,5.400600344110201
1.2659557163715362e-08,4.282152081679224e-12,1.4832871968264493e-15,3.2158084819008926e-19,5.889081219803195e-23
7808.219348526271,8796.611694312784,10344.559420941101,7543.4107713180565,4566.141809743287
155.94085115554964,39.404294919862615,10.321460821297915,1.6856838100509337,0.2515962813437705
321.4106898810253,126.88172489588543,51.66876813786442,13.264338089339809,2.8324911341961694
288.8650795119893,164.88550354073178,98.20973251710957,36.35507377106987,10.988669626089083
593822.1831635197,458284.1198237602,368303.6802284155,183584.2207024646,76219.30540360273
17549.246532309087,5758.2103310829725,1974.2642304034757,420.2513200694465,75.056330770811
10200.822172464768,934.6237577180625,92.0974401988601,5.794845273399222,0.3507577717268346
