443845.7001378158,333949.90856033267,212797.20355590235,106749.74431676883,299897.8722495634
119032.2718926321,79460.04668474423,44913.808300856406,19981.39022062547,49769.98059296635
2226.0135470686073,507.3131964568925,98.2327074506074,14.71966924195074,11.828408609053797
47.53188408370249,0.01063430205307658,2.039951471396868e-06,3.115539804909418e-10,2.559250695558052e-13
45.635364744287955,25.41227512371885,12.051639188125133,4.485497106154445,9.328509494157073
116696.87352933812,73301.28344393635,38994.47678138874,16324.271362827354,38251.05366262417
42.7187264920467,0.009558384452463013,2.5329849361560355e-06,0.0001283237229716488,1.0541113188612889e-07
76.1514098232417,0.0170373447095408,3.268231072942717e-06,4.991444229024951e-10,4.100206678419483e-13
79.30552121481581,0.01774301362828138,3.40359777043909e-06,5.198184605069429e-10,4.2700329314360616e-13
91.82561691779955,0.02054413296124311,3.940929461443706e-06,6.018830730841155e-10,4.944150195121406e-13
69.64866671345528,2.756331536358398,0.09841681039379728,0.0025569919168757266,0.00035813702605827887
53.30368765543875,0.011925626892310437,2.2876630741610885e-06,3.493860254866679e-10,2.870020878359522e-13
49.862539497778855,0.011155739276378744,2.139977465167528e-06,3.268305676788086e-10,2.684739756313089e-13
43.944623373389916,0.009831743800833723,1.899239061576519e-06,6.061915215060801e-08,0.0007502336400451403
48.56039192718223,6.269983989674323,0.6977187882052235,0.05876872238342502,0.026824125942013832
71.91260958906172,0.016088998501476694,3.0863122001404976e-06,4.713606497379564e-10,3.87197771891614e-13
37.562804490403316,3.743343643490728,0.32247378818338857,0.02100264174381936,0.007399902339679674
58.906366299127434,0.013179113434068116,2.528116251292255e-06,3.8610951891644557e-10,3.171684898043625e-13
48.70146662048597,0.010952831095853459,0.0002260659536419287,3.4526187852103694e-08,2.836143198563094e-11
68.68839251622697,0.015367644848067297,2.947936739360326e-06,4.502270952329515e-10,3.6983767782980173e-13
71.91123277013986,0.016089543212097265,3.7045432255099696e-06,6.432021253539707e-05,5.2835642931046634e-08
46.342779379698705,0.010423730169701387,0.0002250013727421121,3.4363598485864815e-08,2.822787344531587e-11
45.161411026053216,0.9330330224341987,0.015867259179361007,0.00021466759069679975,1.563908444800026e-05
118.7292547609505,9.624703581223566,0.6482157078269262,0.03858654911457096,0.011027447798107454
70.84321137816227,0.01585058857319603,3.6543080345545732e-06,6.431761688223388e-05,5.283351073965148e-08
101.13172181570293,0.022626186562309015,4.340324577909555e-06,6.628811605721341e-10,5.445217129286163e-13
853.7262953056678,271.6537200409411,73.39143259439234,15.635008688876782,18.43931744102164
46.340430962363776,0.010367772387789855,2.0124018107658605e-06,1.717934964318627e-07,0.0022506683748902637
379.30226068419614,131.20205764285427,38.32049810775822,8.90325720931287,11.629592841638841
99.0992943726669,11.812368573733682,1.1509984362823118,0.08895165487413481,0.03722863324657343
88.72187662413478,0.019849733561484145,3.8077245674877773e-06,5.815391994602857e-10,4.77703606408033e-13
46.340643712932085,0.010367786004642998,1.988826366764762e-06,3.0374583893733837e-10,2.4951109542824424e-13
90.79596355966304,0.020313768753480885,3.896739273668687e-06,5.951340748393086e-10,4.88871075433774e-13
43.94098467703241,0.00990733824480967,0.0004240335664720325,6.476102365595465e-08,5.319774588512187e-11
42.71187062536649,0.009555939923919411,1.8461455908606058e-06,6.050115569064201e-08,0.0007502332636330887
51.28540324674652,4.988643473748353,0.3973978994719196,0.025122087670454547,0.0085898252335013
115.10476920090757,11.348713273685744,0.9162432358217302,0.05870112400281588,0.020342927305608487
76.1514098232417,0.0170373447095408,3.268231072942717e-06,4.991444229024951e-10,4.100206678419483e-13
71.94112203293892,1.8355957862854337,0.03854181039344274,0.0006436782963089967,5.790391983351759e-05
34.94479613498364,0.007818194553958702,1.499744638097895e-06,2.2905025843550734e-10,1.8815263804208307e-13
106.20260524567703,1.3973637210662389,0.018727431275690314,0.00016204007438893017,7.546739579527474e-06
66.54967790207897,0.0148891505141981,2.8561483722855778e-06,4.362086092415571e-10,3.5832223515511246e-13
3655.626837892762,866.0070045861297,173.7518418746606,27.294172483593503,23.253250739153724
84.53978621650002,0.01902002758344514,0.0004462069274666278,6.814747621406296e-08,5.597953703770356e-11
51784.998925023414,33523.372437594,18402.96466956356,7952.269554306661,19232.612779653227
70.82636856266,0.01584597394228064,3.0396934089266317e-06,4.642407401852011e-10,3.8134914384761145e-13
74.05073692001493,0.016567361442555464,3.178075362466045e-06,4.853752863044746e-10,3.9871005246794824e-13
4931.832005624788,1275.5165251148812,279.92543254929103,48.40518100111357,46.79113527368574
104.06468890775491,4.883097420188282,0.20097550588344112,0.006181954852859728,0.0010255398745428524
36515.3215529992,20051.420870811977,9332.492033398437,3418.639810267114,7026.0519558762435
41074.17758963153,22462.411780081035,10405.635856426597,3792.8236951938584,7746.25739461248
4790.886714635272,1307.4305646771047,302.58926049044385,54.96487589027682,55.277149384159884
4280.890148650123,1104.837334421574,242.04389141844658,41.84187136671278,40.49503833972022
3500.9983723732394,1019.8413509158195,252.0388948416136,48.74581892128894,52.2031447833567
42014.95341274724,23414.3287748676,11055.026824389459,4109.1968306631015,8562.626956134976
7123.563684794019,3348.721214261397,1336.0790481137,419.42482528032485,735.9278569312373
34.94992887982487,0.007867520980914441,0.00021946900313042845,3.351866084973228e-08,2.7533801994337162e-11
67.63787124376732,0.9537839580156975,0.011074967670002975,0.0001023297870708488,5.0895215905376795e-06
45.14737565567422,0.010100816302183444,1.937614238819497e-06,2.959244066461901e-10,2.4308620366475626e-13
55.558368357597466,0.012430066303501797,2.3844284202979957e-06,3.6416462644127463e-10,2.991419246349725e-13
304.4473111131362,15.210528341458378,0.6244523355953474,0.02037342405649895,0.003585459018424535
43.947903206793406,0.009832458492017958,1.8861358336570683e-06,2.8806230685481725e-10,2.366279057069156e-13
38.95385558279539,0.9235010467409958,0.018018768885171156,0.0002796555249997849,2.337645205750812e-05
220.62358728205302,3.7773461518935587,0.05324559984414753,0.0005971700420939924,3.6058160870238645e-05
45.14737565567422,0.010100816302183444,1.937614238819497e-06,2.959244066461901e-10,2.4308620366475626e-13
42.75209070931336,1.7426906532182436,0.058404451039221886,0.0015560274898555424,0.00022349811274067553
55.558368357597466,0.012430066303501797,2.3844284202979957e-06,3.6416462644127463e-10,2.991419246349725e-13
219.51440726295786,0.049111928904934016,9.421018053909238e-06,1.4388360292524922e-09,1.18192747942294e-12
3032.3676468286662,732.6256993812142,150.31255048661924,24.241413036612553,21.80883542863543
54.431036771239064,0.012177848558835965,2.336046123389793e-06,3.5677538341348666e-10,2.93072053427192e-13
2751.967674211746,398.8189547763958,48.78541778048834,4.593826110580737,2.346165779515904
328.92107651324716,7.41826185183861,0.13770304065468694,0.0020333587014590136,0.00016170086921521229
58.906366299127434,0.013179113434068116,2.528116251292255e-06,3.8610951891644557e-10,3.171684898043625e-13
36.3080602883981,0.00812319746021867,1.5582525800671874e-06,2.3798595247845643e-10,1.9549283673210627e-13
53.33095954808238,3.249503075401307,0.16257549015181905,0.006461705953249392,0.0013862134039860873
229.86559924121798,0.05852711693294582,1.2776955132603674e-05,2.2207500146882228e-09,2.0760549519352002e-12
43.947903206793406,0.009832458492017958,1.8861358336570683e-06,2.8806230685481725e-10,2.366279057069156e-13
189.42367374074863,0.042379733128509324,8.12959783551548e-06,1.2416023620949367e-09,1.0199104835029937e-12
189.42367374074863,0.042379733128509324,8.12959783551548e-06,1.2416023620949367e-09,1.0199104835029937e-12
58.906366299127434,0.013179113434068116,2.528116251292255e-06,3.8610951891644557e-10,3.171684898043625e-13
54.431036771239064,0.012177848558835965,2.336046123389793e-06,3.5677538341348666e-10,2.93072053427192e-13
94.31711791591464,13.273608700761134,1.5241014027013278,0.1387284125783103,0.06846907438896077
192.58020274780864,7.066315441534766,0.2132266459039538,0.005115608483636675,0.0006615097372618503
29.0567581611358,0.006500864607524866,1.2470445408907247e-06,1.9045633977653497e-10,1.5644978095881186e-13
65.46860917343152,0.014647283152485117,2.809751563360395e-06,4.291226021941346e-10,3.5250145622098713e-13
64.37768404432349,0.01440460812816817,3.814588032717039e-06,0.00019248691229832314,1.5811778858002043e-07
46.340643712932085,0.010367786004642998,1.988826366764762e-06,3.0374583893733837e-10,2.4951109542824424e-13
72.96852373067802,0.016325238030805878,3.131629436105011e-06,4.78281777739067e-10,3.9288311143469307e-13
300.1399411494782,0.06715026879127145,1.288126751918046e-05,1.9673066862817498e-09,1.6160380930806172e-12
1.839267686009407e-08,4.119744844001505e-12,7.911932631445603e-16,1.2097550999276948e-19,9.948976541769087e-23
36.3080602883981,0.00812319746021867,1.5582525800671874e-06,2.3798595247845643e-10,1.9549283673210627e-13
45.14737565567422,0.010100816302183444,1.937614238819497e-06,2.959244066461901e-10,2.4308620366475626e-13
270.70964254144013,0.06056583202964463,1.1618191541729329e-05,1.7744019265582619e-09,1.4575770650042492e-12
417.94505902508814,8.404058252006834,0.13910355487851242,0.0018317070857311487,0.00012987938023176595
161.12341689774163,0.036048120459459376,6.915020469170435e-06,1.0561046096214972e-09,8.675339190007446e-13
74.55363051042167,7.675959155629884,0.6469273033526388,0.04326125178199075,0.01565246511051403
302.22058972712875,13.721124123292766,0.5120277544749815,0.015187064601990046,0.0024291582988851066
352.21923363794497,4.7769082811902575,0.05334879986148666,0.00047410932758872515,2.2679530901807082e-05
92.87635302965572,0.02085867615993909,0.000248194952280698,6.709078471483263e-05,5.511152102001889e-08
325.72233806133994,0.9900682948936357,0.002479554620738656,4.94351974515117e-06,5.301950179755648e-08
98.40974955947372,7.042976871624624,0.4135808579799725,0.019287419851253783,0.004857857281239611
313.8581018103618,3.839460616616275,0.038679807945611704,0.0003100963269113985,1.3380649853526701e-05
303.08998013478856,3.940807725050973,0.04272805847745426,0.0007331788120217624,3.36375878865852e-05
77.07453281375226,3.8554956525149247,0.17014816903947247,0.005580920294752427,0.0009874317580012564
354.2946813912016,5.859672836757171,0.08062850895823981,0.0014104014244001877,8.230470980194446e-05
84.61728943674647,2.694331182742428,0.07057263658688322,0.0014699543841696053,0.00016498051933864992
62.215525174892576,0.9501195418790687,0.01194711460481494,0.0001195351416387377,6.438325091880073e-06
380.0117277683243,3.8661206310500584,0.03239510136298346,0.0002160309583513804,7.75298732072313e-06
362.36317206516605,10.850009851692654,0.26727636601838545,0.005236037774293647,0.0005526606935601028
266.63122158435186,0.05965336745574096,1.1443155752747407e-05,1.7476693804411978e-09,1.4356176963143265e-12
54.431036771239064,0.012177848558835965,2.336046123389793e-06,3.5677538341348666e-10,2.93072053427192e-13
61.10822012941557,0.01367173389629878,2.6226143981148674e-06,4.005418591972869e-10,3.290238918262113e-13
61.10822012941557,0.01367173389629878,2.6226143981148674e-06,4.005418591972869e-10,3.290238918262113e-13
107.3160354641371,0.9704307481464549,0.007228004448714007,4.28473554299705e-05,1.3668397310316682e-06
39.00961259263745,2.4265260794712664,0.12392611706306418,0.005027789632787436,0.0011010676255170761
54.43101715959968,0.012178586071307004,2.8776310480416827e-06,6.427495346244062e-05,5.279846500324047e-08
99.081411624952,1.9886073059176317,0.033449553215324515,0.0008391564263034755,5.944132049850992e-05
71.91260958906172,0.016088998501476694,3.0863122001404976e-06,4.713606497379564e-10,3.87197771891614e-13
34.94479613498364,0.007818194553958702,1.499744638097895e-06,2.2905025843550734e-10,1.8815263804208307e-13
184.31956693761785,0.04123779199779226,7.910542134612107e-06,1.208146823312464e-09,9.924285329387954e-13
47.682999213250326,3.7998528200198605,0.24831459294758426,0.01288372048571627,0.0036119373302110017
374.54038046845704,0.08379586910465979,1.6074351247863622e-05,2.4549741429153564e-09,2.0166310418928604e-12
321.23489943180925,4.757975657172886,0.05802805448567274,0.0005631306884319896,2.9418026787818036e-05
222.75204638066188,113.61624578955633,49.31491250131114,16.83001710241758,32.08837975253665
56.68464783745079,0.012682048660520315,2.432765563384623e-06,3.7154697329871565e-10,3.052061310045991e-13
435.8654804132034,3.881667612008408,0.02847325661158159,0.0001662302291199116,5.222366808765465e-06
139.62213909818337,8.667422416170483,0.4501736966930475,0.0228430382311018,0.005004864249459867
318.83011253527906,0.07133181832947973,1.3683403671662514e-05,2.0898138707444984e-09,1.7166712471019841e-12
27.411436183805215,0.00613275694213784,1.1764313713671562e-06,1.796718606609191e-10,1.4759090339468014e-13
74.0990937598861,2.6584902779398023,0.07844222396030817,0.0018402827538169754,0.0002326922248422977
68.80052100207601,3.385134903148122,0.13686525359283308,0.00439775688419534,0.00076219514526181
86.64568780726592,0.019385228115856894,3.7186196537332293e-06,5.679305470238032e-10,4.665248202603504e-13
70.84321137816227,0.01585058857319603,3.6543080345545732e-06,6.431761688223388e-05,5.283351073965148e-08
29.0567581611358,0.006500864607524866,1.2470445408907247e-06,1.9045633977653497e-10,1.5644978095881186e-13
67.61961215612534,0.01512852676140147,2.902067316966927e-06,4.4322163391200266e-10,3.6408306293767553e-13
36.3080602883981,0.00812319746021867,1.5582525800671874e-06,2.3798595247845643e-10,1.9549283673210627e-13
53.30368765543875,0.011925626892310437,2.2876630741610885e-06,3.493860254866679e-10,2.870020878359522e-13
106.27513540078215,0.023776921794081234,4.561067229145688e-06,6.965943408222743e-10,5.722153022927082e-13
379.86736195089844,0.08498767395749646,1.6302972181426322e-05,2.4898905430717984e-09,2.045313012588901e-12
362.4869414511022,13.25920857903931,0.39885604543427544,0.009539461677425672,0.0012297357823290633
79.45993765050764,4.18187991425412,0.18081463346012502,0.0062125061840029045,0.0011515503551208785
437.0232899702457,4.8391930382093475,0.0441351428048236,0.0003203418836825238,1.2513592591555535e-05
59.16444287818427,5.172757919020766,0.3706529068442186,0.021082337702418612,0.006482211473354491
78.36222159218394,3.447062747125268,0.12464308200988121,0.003582486964716419,0.0005552227800683976
392.23821661624277,17.237709304010178,0.6227114086524631,0.017881014813154433,0.0027686156710497304
61.1440263268554,1.8103991785687117,0.044100908234561094,0.0008543537688252952,8.917295490483892e-05
1.839267686009407e-08,4.119744844001505e-12,7.911932631445603e-16,1.2097550999276948e-19,9.948976541769087e-23
452.0097682080582,2.9355329037306035,0.01570495425317453,6.687769974872243e-05,1.5323210637738472e-06
98.03979709820058,0.021934430659820665,4.207626779400032e-06,6.426147336949704e-10,5.278739182189718e-13
310.99706149533523,10.687820406162066,0.3021015260198516,0.006789843245869736,0.0008224155019602237
42.71790279403057,0.009557270664586278,1.8333472434253889e-06,2.8000010751243617e-10,2.300052365815836e-13
305.3456864243022,4.7463269943958055,0.06074666997624417,0.0006186294454714257,3.391488052938995e-05
284.8304345107277,1.9499442872191908,0.01099610771783707,4.935654176193243e-05,1.1920187804317044e-06
87.70574972489756,0.963283446760359,0.008713266595334578,6.272303036793698e-05,2.430020109656272e-06
4736.220769838608,1144.2042082246182,234.28424342676047,37.52878536158014,33.583756085347204
49.862539497778855,0.011155739276378744,2.139977465167528e-06,3.268305676788086e-10,2.684739756313089e-13
253.85203201084767,7.266938697744786,0.17115970464775357,0.0032061512368060023,0.0003235541838419361
151.07557270373613,0.03380011762512733,6.48379172780952e-06,9.90244694443665e-10,8.134334920177027e-13
64.37769239691131,0.014403212488341968,2.762932100460186e-06,4.2197204482277733e-10,3.466276526196219e-13
449.9980415107591,0.1006780014924573,1.931280833069971e-05,2.9495712982662056e-09,2.422916370636878e-12
127.76714942107907,2.7885004258496293,0.05009223101976052,0.0007158316034977168,5.5088498110919995e-05
3961.084286746092,924.7656512437096,183.09050866426315,28.494987998613517,24.618400577642753
39.00961259263745,2.4265260794712664,0.12392611706306418,0.005027789632787436,0.0011010676255170761
314.7534305887779,0.07041974282418156,1.3508442516734646e-05,2.063092723200854e-09,1.6947212417355236e-12
318.83011253527906,0.07133181832947973,1.3683403671662514e-05,2.0898138707444984e-09,1.7166712471019841e-12
402.1603014501661,0.9893757988925922,0.0020054152964937722,3.2360216608101767e-06,2.808928543723325e-08
46.340643712932085,0.010367786004642998,1.988826366764762e-06,3.0374583893733837e-10,2.4951109542824424e-13
269.74055878096124,2.894466879597295,0.025580223523434843,0.00017991337181518546,6.810092360211094e-06
308.8012283298425,11.469254898220933,0.3503079763070039,0.008506783274619841,0.0011134612128172467
309.83230817444564,0.9872094781313865,0.0025915435615359696,5.415758071257033e-06,6.088361969566472e-08
66.54967790207897,0.0148891505141981,2.8561483722855778e-06,4.362086092415571e-10,3.5832223515511246e-13
55.575455779996425,0.9445825932807388,0.013217840506160906,0.00014716362415932192,8.821218327114863e-06
336.50657604017255,5.671911695040219,0.07871094712467122,0.0008690855495705913,5.1662390896337944e-05
277.1978227807961,1.5447738458359848,0.007055582919759404,2.5651455831823515e-05,5.017541785538479e-07
56.68464783745079,0.012682048660520315,2.432765563384623e-06,3.7154697329871565e-10,3.052061310045991e-13
255.69262899528135,0.0572060776024106,1.097369828273022e-05,1.6759709378528019e-09,1.3767212287501397e-12
324.9448848492874,10.73542044939412,0.2917378848937492,0.006304202916867496,0.000734106180165663
60.02276588936826,0.9484646871941164,0.012340118604742772,0.00012774871650944017,7.119538312037642e-06
284.89207691905443,8.992061971659004,0.23347550980299767,0.004820697179973019,0.0005363307250996841
303.83801247611666,0.06797763779335106,1.303997963820402e-05,1.9915461807634903e-09,1.6359495520883365e-12
263.81459174331746,0.059023203239053836,1.1322272932733786e-05,1.7292074100089186e-09,1.4204521668623424e-12
269.6169046541212,0.06032135392862665,1.1571293921236062e-05,1.7672394324768587e-09,1.4516934560287266e-12
52.20162552524727,1.7827765219146168,0.05007801682373965,0.0011185198639726236,0.00013463550549419246
78.29920670204413,1.8479751305828462,0.03589548340062914,0.0005546202925000629,4.61536384421974e-05
298.0541192220873,0.06668360813111868,1.2791749176032937e-05,1.9536348923564424e-09,1.6048074395490098e-12
370.936811458771,0.08298964309328132,1.5919694935678638e-05,2.4313540762888267e-09,1.9972284100125627e-12
298.0541192220873,0.06668360813111868,1.2791749176032937e-05,1.9536348923564424e-09,1.6048074395490098e-12
356.1630438267686,8.321239810284428,0.16000610836234133,0.002447378655698903,0.0002016109100602212
41.47736511793745,0.009279725336642519,1.7801064197876591e-06,2.7186884029283286e-10,2.2332583185860552e-13
78.32808625193688,2.6736265730927826,0.07506186675300093,0.0016756550432667717,0.0002015898870202797
102.16638677701182,0.022857672015377056,4.384729851357332e-06,6.696630080285203e-10,5.5009264089191e-13
226.65691894086052,4.66680288591978,0.07909482396535408,0.001066442569398763,7.742931060060466e-05
70.84321137816227,0.01585058857319603,3.6543080345545732e-06,6.431761688223388e-05,5.283351073965148e-08
75.09037576903737,0.016799959702854764,3.222694102931917e-06,4.921897357615079e-10,4.0430776124550133e-13
38.95385558279539,0.9235010467409958,0.018018768885171156,0.0002796555249997849,2.337645205750812e-05
397.951272760251,0.9917308215017308,0.002036383993100342,3.3288102640175033e-06,2.9271258260212665e-08
397.0492883595595,13.389927707481112,0.3714156040972059,0.008192095960757892,0.0009737298603063071
303.88722926669624,3.8380786597337995,0.03992011731117334,0.0003304162109200551,1.4720045399150439e-05
25.653633336662224,0.005739483946828866,1.1009907997680923e-06,1.6815011090277115e-10,1.3812639710394983e-13
1.839267686009407e-08,4.119744844001505e-12,7.911932631445603e-16,1.2097550999276948e-19,9.948976541769087e-23
30.617163323488448,0.006849973845282344,1.3140132897270036e-06,2.0068422046928185e-10,1.6485144244159894e-13
1.839267686009407e-08,4.119744844001505e-12,7.911932631445603e-16,1.2097550999276948e-19,9.948976541769087e-23
1.839267686009407e-08,4.119744844001505e-12,7.911932631445603e-16,1.2097550999276948e-19,9.948976541769087e-23
0.06685802582225973,0.06630478788600948,0.041989069139415754,0.02136063061973297,0.06123294954821803
0.01671613970573123,0.016578378177550916,0.010499311556122723,0.005341552905148812,0.015313304774434355
86.64568780726592,0.019385228115856894,3.7186196537332293e-06,5.679305470238032e-10,4.665248202603504e-13
38.95385558279539,0.9235010467409958,0.018018768885171156,0.0002796555249997849,2.337645205750812e-05
19.021890538116086,0.004255765019679584,8.163727220163974e-07,1.2468148123850716e-10,1.0241922349380319e-13
9537.646303620702,1339.8794765884068,159.64003158148932,14.58683384618131,7.227221552729787
256.6720370805499,0.05742520044201083,1.1015732067065871e-05,1.68239059685376e-09,1.381994638108466e-12
1.839267686009407e-08,4.119744844001505e-12,7.911932631445603e-16,1.2097550999276948e-19,9.948976541769087e-23
32.11193549070049,0.007184399021836936,1.378165231958824e-06,2.1048190107041037e-10,1.728997173677549e-13
5082.376706775711,762.4561240505797,96.83351779237283,9.439709786217843,4.992526218332615
1.839267686009407e-08,4.119744844001505e-12,7.911932631445603e-16,1.2097550999276948e-19,9.948976541769087e-23
1.839267686009407e-08,4.119744844001505e-12,7.911932631445603e-16,1.2097550999276948e-19,9.948976541769087e-23
5035.6207304347,776.0757652725136,102.07616656361684,10.479436418097093,5.704445610480797
6055.108738257949,977.031822407947,134.2262662662619,14.329950716087543,8.162206270456878
32.11193549070049,0.007184399021836936,1.378165231958824e-06,2.1048190107041037e-10,1.728997173677549e-13
199.32240860293166,14.748669449553743,0.8952964414352128,0.043157706182207864,0.011237441268172941
86.64568780726592,0.019385228115856894,3.7186196537332293e-06,5.679305470238032e-10,4.665248202603504e-13
82.91401598454574,4.7976439180038675,0.2596648596957715,0.01154983026842438,0.002375889991818125
60.02276588936826,0.9484646871941164,0.012340118604742772,0.00012774871650944017,7.119538312037642e-06
55.95301469753861,6.127573702476349,0.5490097067818883,0.03902277545341726,0.015012720796099348
21.956986636316717,4.560729943032826,0.7673210258176097,0.10222150367858039,0.07411908905887686
259.53223611411084,0.05825064320528976,0.0005087845804492976,7.770472164362284e-08,6.383030722355624e-11
79.30552121481581,0.01774301362828138,3.40359777043909e-06,5.198184605069429e-10,4.2700329314360616e-13
79.981385127025,8.823998362841927,0.7964147430976183,0.05702309575149961,0.022099661656420477
53.30368765543875,0.011925626892310437,2.2876630741610885e-06,3.493860254866679e-10,2.870020878359522e-13
71.04191158275478,4.769129399355417,0.2627737220178318,0.011499892141429302,0.002717387369679888
226.57762997577055,0.987048296860619,0.003542685870240506,1.012181349605323e-05,1.5558007041904036e-07
169.3008115253758,3.7158127375258454,0.06712621632117562,0.0009646491066000146,7.465505662872323e-05
1.839267686009407e-08,4.119744844001505e-12,7.911932631445603e-16,1.2097550999276948e-19,9.948976541769087e-23
60.799169038497624,2.672854474527755,0.11518804602012789,0.0033395244701974088,0.000522080779083922
38.93799784095535,0.008711593036236073,1.6711230265778606e-06,2.5522422377228786e-10,2.0965316224919257e-13
67.61961215612534,0.01512852676140147,2.902067316966927e-06,4.4322163391200266e-10,3.6408306293767553e-13
101.27501229176191,14.010178612172238,1.5816481197437875,0.14155505620500147,0.06868456011034439
99.081411624952,1.9886073059176317,0.033449553215324515,0.0008391564263034755,5.944132049850992e-05
81.41791532329349,0.01821561927894595,3.494256526194928e-06,5.336644252850886e-10,4.3837701879246575e-13
108.41280306325542,3.579050264460809,0.09718982195686009,0.002098638982101815,0.00024419986183019316
261.7728057371511,3.805271653496121,0.0455468971170683,0.00043380232183845016,2.2240839633881184e-05
60.21019685364172,4.611033369192675,0.28963841111232597,0.014446336565242466,0.0038926157265216426
53.30368765543875,0.011925626892310437,2.2876630741610885e-06,3.493860254866679e-10,2.870020878359522e-13
1050.327839561578,81.83947758206804,5.229848503755516,0.26536384202034075,0.07274614589489085
65.38860740649055,1.5057476452564182,0.03345004490909637,0.0005065618497996111,4.131527720614849e-05
72.96852373067802,0.016325238030805878,3.131629436105011e-06,4.78281777739067e-10,3.9288311143469307e-13
97.1090869708768,3.5375780947833726,0.10598133851694908,0.002524434823326172,0.00032409730830598065
278.661494032781,0.06234489869763562,1.1959465435302e-05,1.826523382127694e-09,1.5003920761330971e-12
19.0222727299345,0.00430618709656883,0.0004049093467660408,6.184025477653367e-08,5.07984891738311e-11
111.38394723042094,0.024919915579748115,4.780324858205983e-06,7.300807193192908e-10,5.997225860466072e-13
2206.4723103923334,629.1522851624113,151.85498317961518,28.906994108290178,30.696686198863784
67.61961215612534,0.01512852676140147,2.902067316966927e-06,4.4322163391200266e-10,3.6408306293767553e-13
64.70247713589502,5.84805882255475,0.43310076737119874,0.025458685244822813,0.008091140396891964
568.1286246220068,0.14973715265123363,3.383760515100558e-05,6.087956908470731e-09,5.8912930052680105e-12
29.0567581611358,0.006500864607524866,1.2470445408907247e-06,1.9045633977653497e-10,1.5644978095881186e-13
421.35537445610106,14.283790424155114,0.3982797867937953,0.008830459615929306,0.0010550944939771447
92.97278673931136,3.5202924491737266,0.10960776465523969,0.002713272523603068,0.0003620412293368447
79.30552121481581,0.01774301362828138,3.40359777043909e-06,5.198184605069429e-10,4.2700329314360616e-13
61.3676601130576,5.217606705409274,0.36363354602318004,0.02011836153369586,0.006016089033836083
119.60569692777898,1.8965554234565178,0.02476114905965278,0.0002572255996616811,1.4385237606708648e-05
47.53188408370249,0.01063430205307658,2.039951471396868e-06,3.115539804909418e-10,2.559250695558052e-13
33.90006214882986,12.929806812217617,4.315652119937662,1.1377819695592077,1.7285439737407833
55.66751470407272,3.273901321492772,0.1581217835988114,0.006067382502104548,0.0012564602969548165
1.839267686009407e-08,4.119744844001505e-12,7.911932631445603e-16,1.2097550999276948e-19,9.948976541769087e-23
45.14737565567422,0.010100816302183444,1.937614238819497e-06,2.959244066461901e-10,2.4308620366475626e-13
51.02038335809606,0.01157976553087499,0.001593397767058912,2.4335354237257893e-07,1.9990202712291968e-10
19.021890538116086,0.004255765019679584,8.163727220163974e-07,1.2468148123850716e-10,1.0241922349380319e-13
1.839267686009407e-08,4.119744844001505e-12,7.911932631445603e-16,1.2097550999276948e-19,9.948976541769087e-23
234.6698177986479,3.790581556942713,0.05041292549238661,0.0005334714915838554,3.0391171499334097e-05
1.839267686009407e-08,4.119744844001505e-12,7.911932631445603e-16,1.2097550999276948e-19,9.948976541769087e-23
29.05675572311491,0.006501406123178392,1.650343461128632e-06,6.419339820751567e-05,5.273147168716594e-08
35.746840302742584,6.6199099136821316,1.0707683240718864,0.14141170164087313,0.09312912077807768
1.839267686009407e-08,4.119744844001505e-12,7.911932631445603e-16,1.2097550999276948e-19,9.948976541769087e-23
4478.035099385299,570.8644702540156,61.637031076992066,5.1143276719795825,2.2993238670446092
65.46860917343152,0.014647283152485117,2.809751563360395e-06,4.291226021941346e-10,3.5250145622098713e-13
31.661100335808534,8.573615495203946,2.0208803498201773,0.3648028575588812,0.3504158013516422
334.2027959836204,11.563377356449097,0.329063331333118,0.007445840815825232,0.0009079847850448035
1.839267686009407e-08,4.119744844001505e-12,7.911932631445603e-16,1.2097550999276948e-19,9.948976541769087e-23
1.839267686009407e-08,3.699333040025247e-09,1.4199716525936562e-06,0.0005034617701444198,0.9990071592484472
51.022980629250696,0.011415364615133554,2.189780742257214e-06,3.344368315710373e-10,2.7472211796802677e-13
62.77614775482052,33.17443723963063,15.104100256518302,5.452474288721207,11.222598362420174
61.10579458368391,0.01367121375852966,2.6381234917057093e-06,6.21260356903743e-08,0.0007502384152208019
15.509802659659593,0.003470006069525509,6.656425548150313e-07,1.0166103970834947e-10,8.350915182491547e-14
166.10648866703798,0.03742030488005349,0.001292975158986698,1.9747114728291685e-07,1.6221207324653165e-10
1.839267686009407e-08,4.119744844001505e-12,7.911932631445603e-16,1.2097550999276948e-19,9.948976541769087e-23
51.022980629250696,0.011415364615133554,2.189780742257214e-06,3.344368315710373e-10,2.7472211796802677e-13
0.00815927487299606,0.010904320526439946,0.01207803487422396,0.008601552825464277,0.03520148711029079
1.839267686009407e-08,4.119744844001505e-12,7.911932631445603e-16,1.2097550999276948e-19,9.948976541769087e-23
0.04618033966537908,0.053664107222161445,0.045715255476324254,0.027904730760035048,0.09691911594912128
1.839267686009407e-08,4.119744844001505e-12,7.911932631445603e-16,1.2097550999276948e-19,9.948976541769087e-23
1.839267686009407e-08,4.119744844001505e-12,7.911932631445603e-16,1.2097550999276948e-19,9.948976541769087e-23
1.839267686009407e-08,4.119744844001505e-12,7.911932631445603e-16,1.2097550999276948e-19,9.948976541769087e-23
5297.908765122513,3363.694043579474,1811.0946414034875,767.7168932374984,1818.8518918054335
19.021890538116086,0.004255765019679584,8.163727220163974e-07,1.2468148123850716e-10,1.0241922349380319e-13
19764.322135075934,10602.925066974469,4821.820287613772,1725.3235343385165,3463.8598195367586
66.19884742348422,2.802837917395783,0.11691196550719425,0.0036306757044734586,0.002577699917136438
46.34640933710873,0.01036976053744138,2.4910018060905647e-06,6.425155980961196e-05,5.277924835828571e-08
83.510328719657,0.018683754647568183,3.584057758966716e-06,5.473794238599744e-10,4.4964316265204487e-13
52.18010529003544,0.9412878652237369,0.01397908322061035,0.0001651723081103015,1.0507760046092985e-05
81.32279354368768,1.5751818106913726,0.03027332792636277,0.000763810186258907,5.2431944186561855e-05
0.24763980218941176,0.40619845692292805,0.5065878834388998,0.4816200496411314,2.6133451287853133
84.61728943674647,2.694331182742428,0.07057263658688322,0.0014699543841696053,0.00016498051933864992
46.340643712932085,0.010367786004642998,1.988826366764762e-06,3.0374583893733837e-10,2.4951109542824424e-13
41.476872205511846,0.009353873038916485,0.0004224264335035021,6.45155723888316e-08,5.299612068838379e-11
76.22075753491534,2.666352395082854,0.07671438317988158,0.0017549697287900584,0.00021637278380318029
127.6755142382982,17.541734110329585,2.0115157056638515,0.17938383839351937,0.08672593217262516
61.09817388695412,0.013759581494592095,0.00043422776615791497,6.631794475657346e-08,5.447667398721479e-11
66.54967790207897,0.0148891505141981,2.8561483722855778e-06,4.362086092415571e-10,3.5832223515511246e-13
76.18735113803446,1.8438047642357553,0.03672273202018722,0.0005817785468822544,4.964205231316167e-05
1.839267686009407e-08,4.119744844001505e-12,7.911932631445603e-16,1.2097550999276948e-19,9.948976541769087e-23
2772.0949829858228,614.1711981267258,114.87991075762557,16.706533934048892,13.235011923351776
92.91335017714601,1.86880169253757,0.030940947705969328,0.00040754215301115344,2.890533359784878e-05
4132.558650199212,1729.5751795776002,614.4343823517631,171.7043000811191,268.0561061164583
72.10096695266698,4.782622388697735,0.26039537668784246,0.01126108616419505,0.0026293794130943867
40.218437964546546,0.008998065733408544,1.726076365047586e-06,2.6361703682768156e-10,2.1654741300338226e-13
79.33540127675708,0.9602793120153428,0.009572124969883945,7.593107044231019e-05,3.2418708361945126e-06
81.42324308034156,1.01296615656274,0.01063725115958649,0.00029961572081909683,1.315744915901016e-05
68.72065086965176,8.510265356613928,0.8903342095323927,0.07175853563140351,0.03133044130349744
20443.40101610848,11415.965959093624,5402.016902005081,2012.1449709548617,4193.022773401752
18138.118753856375,9812.346996541108,4495.697764279502,1620.457937098596,3275.0097271277186
81.48675193799345,2.6852407145151194,0.07278604705890054,0.0015688373974465147,0.00018222038333124278
187.49812548915222,4.604147743014545,0.09304244075372967,0.001495580986773574,0.0001294842665054357
76.1514098232417,0.0170373447095408,3.268231072942717e-06,4.991444229024951e-10,4.100206678419483e-13
193.52855495409466,5.4576284713247984,0.12663449880822758,0.002336895325527799,0.0002323251984621507
129.75288923897992,0.9751023493906813,0.0060362865370718445,2.9741788480595863e-05,7.885219899654396e-07
46.340643712932085,0.010367786004642998,1.988826366764762e-06,3.0374583893733837e-10,2.4951109542824424e-13
66.58356401683893,1.8240424874273162,0.041116066374021466,0.00073712314072703,7.118985589852836e-05
65.46860917343152,0.014647283152485117,2.809751563360395e-06,4.291226021941346e-10,3.5250145622098713e-13
139.9121460529019,0.03130252567730381,6.004684933260877e-06,9.170725474515245e-10,7.533264544539325e-13
216.44795602709024,7.154294708681067,0.19450969654544745,0.004205126174257647,0.0004899012341459447
122.6431720591849,0.9745655800967518,0.0063791552452002916,3.323422472503886e-05,9.316832576584785e-07
171.20809433084202,0.03830436398943564,7.347830002493137e-06,1.1222059531053104e-09,9.218326665313312e-13
178.31103277192352,0.03989350345451245,7.652670637436401e-06,1.1687630965293772e-09,9.600768903744941e-13
164.19805309705723,1.9218615351817694,0.01852507290494669,0.00014210351103444805,5.866845535346709e-06
153.0765439043176,0.0342477946435476,6.56966848661127e-06,1.0033603231296872e-09,8.242072853053027e-13
148.03543056096245,0.033119982097311484,6.37760493120652e-06,6.780176848411003e-08,0.0007502559008594865
2638.713115936077,756.0509945179739,183.43319933332748,34.98390692870552,37.53686087336095
71.91260958906172,0.016088998501476694,3.0863122001404976e-06,4.713606497379564e-10,3.87197771891614e-13
163.4828961743136,7.358822253370246,0.27496932132435664,0.009594908694177296,0.001523082849138987
88.72187662413478,0.019849733561484145,3.8077245674877773e-06,5.815391994602857e-10,4.77703606408033e-13
74.05877977361986,0.016639258894974845,0.00023631585445476686,3.609161597265128e-08,2.964734815336676e-11
269.6169046541212,0.06032135392862665,1.1571293921236062e-05,1.7672394324768587e-09,1.4516934560287266e-12
193.40280320783413,0.043269983230667476,8.300372278139415e-06,1.2676840890926756e-09,1.0413352388070778e-12
80.43976237223849,2.68065896754331,0.07347970682646167,0.0016015938751232537,0.00018812042034066544
248.7039740283034,0.9863686592364557,0.003222998258755907,8.383377426114192e-06,1.1731082219901832e-07
183.89544643187097,18.356863460122845,1.5003551974292644,0.09730760957284529,0.03413984053466396
183.30334625481046,0.0410104330806804,7.866928444199452e-06,1.201485871303318e-09,9.869569141728842e-13
164.64275339452735,11.746442455807566,0.6876412574609377,0.03196906947485712,0.008026928638524394
169.34031885470972,1.9262036352037695,0.01804453535198103,0.00013452461928196305,5.3976473733727856e-06
61.10822012941557,0.01367173389629878,2.6226143981148674e-06,4.005418591972869e-10,3.290238918262113e-13
1659.529848438772,224.83016044304316,25.88002779180107,2.2818648403871733,1.0906407353958627
1862.0625669747408,350.25670464656116,55.699213476041585,6.901534393147008,4.575503901222162
29.0567581611358,0.006500864607524866,1.2470445408907247e-06,1.9045633977653497e-10,1.5644978095881186e-13
116.72112634291736,5.897429792030208,0.2448348783088487,0.008077656088472406,0.0014375652484057025
1900.2503561037793,252.28407845616553,28.350257591116968,2.521227306915207,1.1810083863677447
2048.112813456306,259.4357530570776,27.784763047088585,2.290374566220096,1.0229396967463293
1912.5546205598057,298.2747067682953,39.50015272922322,4.068964768594358,2.2390687687820243
1737.2245797215862,297.38991637280844,43.048911145868125,4.816352516247128,2.905878535049972
1901.6051458097843,346.264569467073,53.497539916188416,6.522325851891677,4.1913406897579515
2333.5980964557584,335.40116974885746,40.71174617442831,3.802623311230265,1.9262689850622525
1691.9090577489344,219.51586436325488,24.037703276502786,2.0286543799834074,0.927775839500752
1.839267686009407e-08,4.119744844001505e-12,7.911932631445603e-16,1.2097550999276948e-19,9.948976541769087e-23
1835.8783348865177,283.55900087112263,36.968839610577874,3.707504550048833,2.0177411428942293
2303.0118378841753,330.95667363552485,40.24676305973665,3.75976618655437,1.904852371591063
3043.8673350307654,544.301165712906,82.71324726953917,9.75933109357946,6.157386189493742
48.70179875113798,0.010896748675299113,2.6039777625877748e-06,6.42585722134584e-05,5.2785008676094275e-08
62.215525174892576,0.9501195418790687,0.01194711460481494,0.0001195351416387377,6.438325091880073e-06
1.839267686009407e-08,4.119744844001505e-12,7.911932631445603e-16,1.2097550999276948e-19,9.948976541769087e-23
61.310673126880985,4.628763816806573,0.28665322855708575,0.01409634337672195,0.0037446498264471157
27342.122425626523,16277.411593788822,8221.746138974262,3278.846792242067,7307.72192509566
45.18549546054809,1.7542281966330149,0.055999836819002724,0.001421223554265204,0.0001944350796453822
72291.30699502896,54922.33736260875,35317.927268745894,17864.355904194756,50549.39208704799
20567.91555081421,9684.412663536918,3862.657737707223,1211.9392842513662,2127.8392281123192
47425.381177771,32555.781917297078,18921.78110207377,8649.480880880119,22138.427260315962
42637.09727111056,25135.28175286361,12549.967136839152,4927.574916504529,10828.938192156507
18040.83339511139,8213.423364756398,3165.7089193252473,959.7253612035415,1627.0234943313678
21.586665714265717,0.004829581825960143,9.264465597202667e-07,1.4149263717305072e-10,1.1622869639824792e-13
739.9635203409814,64.38752500586978,4.591880873118098,0.2599505508561462,0.07954878921803833
30.617163323488448,0.006849973845282344,1.3140132897270036e-06,2.0068422046928185e-10,1.6485144244159894e-13
275.99399628721415,28.015516587351534,2.374823623966557,0.1569340154832472,0.056106384349050374
52.165267585254945,0.011670928322645071,2.238804886819943e-06,3.419241015344854e-10,2.808725131039164e-13
15.509802659659593,0.003470006069525509,6.656425548150313e-07,1.0166103970834947e-10,8.350915182491547e-14
56.7183551523358,1.7976863686407623,0.0468710177268652,0.0009718053059588978,0.00010857048292262931
2245.0750796529533,355.1654450042995,48.21130751470064,5.1061893402714285,2.8560042570736304
15.520152656005703,0.8332081258032651,0.036746743120379045,0.0012877759493186147,0.00024348436826136663
24.411012694214225,8.839087355435625,2.6905562193334642,0.6202123775499877,0.7850386785899292
61.6716003569316,13.372174660942894,2.5233284199991064,0.3794209571155454,0.3230253613390442
21.622723037414392,10.659002843612598,4.585178834640092,1.5849122756617453,3.1514735974428474
1535.0796814581718,204.30281668398476,23.216127137156537,2.012589405768736,0.945648280274923
53.30368765543875,0.011925626892310437,2.2876630741610885e-06,3.493860254866679e-10,2.870020878359522e-13
1.839267686009407e-08,4.119744844001505e-12,7.911932631445603e-16,1.2097550999276948e-19,9.948976541769087e-23
1.839267686009407e-08,4.119744844001505e-12,7.911932631445603e-16,1.2097550999276948e-19,9.948976541769087e-23
27.411450512713376,0.006133504725299851,1.7480682072832176e-06,0.00012824830792393426,1.0534918242458942e-07
1.839267686009407e-08,4.119744844001505e-12,7.911932631445603e-16,1.2097550999276948e-19,9.948976541769087e-23
1319.2350707575467,207.1770996311313,27.354626975877483,2.7870079475907197,1.5411527120112203
32.114389134945,0.007278301140216605,0.0008178357190061653,0.0001436609247812716,0.0015264189243003612
33.29556078739325,7.9652938777605184,1.6454840450793446,0.26372745736348835,0.22344496244213738
25.94956665268252,12.813390771371632,5.471307359052594,1.8390397701287837,3.510887393611851
112.63648107885984,5.863142348395295,0.2507444844624737,0.00852141776401199,0.0015622867090724813
23.635387334357187,13.8844252788269,7.0171410359066035,2.843642206531678,6.505548059941117
43.63768945553184,42.44195844060862,34.824642290387374,22.481749350069077,81.67637584661767
19365.15335824769,9027.546229653863,3566.0974114036644,1108.95371013991,1932.2665426583046
1.839267686009407e-08,4.119744844001505e-12,7.911932631445603e-16,1.2097550999276948e-19,9.948976541769087e-23
253.60176630847846,0.05673828917383042,1.0883963602595907e-05,1.6622661036075124e-09,1.3654634343481887e-12
131.75190626083963,0.02947683632273267,5.654467526741612e-06,8.635851833802718e-10,7.093894219412312e-13
180.2370844306523,0.040324418733879104,7.735332033906427e-06,1.1813876552329928e-09,9.704472957188357e-13
326.2946550239321,5.660987347956125,0.08085929342647559,0.000918927630525013,5.622502870874805e-05
1744.8281772752218,302.0430105790972,44.4374279267397,5.126941955593868,3.132605043738745
229.557573995843,0.05135888525151676,9.852046050151822e-06,1.5046652853967368e-09,1.2360027216361028e-12
251.29543215056754,35.12748043044037,4.006591603895019,0.3622753355491024,0.17760553318318245
19.021890538116086,0.004255765019679584,8.163727220163974e-07,1.2468148123850716e-10,1.0241922349380319e-13
283.3296712502679,13.590799286549222,0.535746771480886,0.016784674614437757,0.002836170185044319
1.839267686009407e-08,4.119744844001505e-12,7.911932631445603e-16,1.2097550999276948e-19,9.948976541769087e-23
575.6276569417728,30.781019521861705,1.386025116599997,0.04845528467288705,0.009139390773976271
1.839267686009407e-08,4.119744844001505e-12,7.911932631445603e-16,1.2097550999276948e-19,9.948976541769087e-23
20453.630518420185,14676.071801364762,8922.732993668635,4268.0363544226175,11439.398120087191
23208.382049665102,15153.177727786431,8378.193607173289,3645.4734667132925,8896.733400611276
38605.43079772856,29234.802193814176,18740.75710504157,9454.70851512626,26730.947262658494
25118.59692520116,18801.168063038367,11916.159628265052,5944.070971972502,16651.93549701141
32303.939921610596,23417.229909385453,14380.96074087743,6951.9985305260025,18819.097630710377
78.29920670204413,1.8479751305828462,0.03589548340062914,0.0005546202925000629,4.61536384421974e-05
38521.2408100522,31071.46170521762,21224.606549478307,11404.825735714285,34287.88863715028
70.61492741279605,8.200832637560739,0.8148936006618751,0.06581292575962079,0.02702079674167035
9677.188309044139,5210.49438750577,2374.828182009367,851.736644343973,1710.5827358497254
78.26524877372225,1.0132034774152574,0.011071583720193416,0.00031288181475693714,1.429788136232591e-05
35996.75262806719,26034.836492437335,15948.029205661382,7686.935003361321,20753.43422844371
61.98011421279529,3.3643186230422715,0.16628492356795346,0.005930006513852938,0.0011410130114917014
85.87402307382514,10.775661377414636,1.1377783416753078,0.0928595565392064,0.041058917155437746
28013.92559097493,20862.24448092732,13153.67191976263,6528.697236267586,18152.92726371593
95.04421308006762,3.52622572291591,0.10758349644006975,0.0026096504973306153,0.0003412026469944986
116.50333207442894,0.02606527486450219,5.0000362550189205e-06,7.636364000284121e-10,6.272867978918284e-13
213.56902328170779,2.8647473601418776,0.03164266384743134,0.0002781239030910711,1.3158354065001154e-05
31384.04190927336,22547.67979678764,13719.619060641855,6570.083459264344,17630.830587781777
93.0069491111868,4.278767051840475,0.161786869146946,0.004862230209196159,0.0007880332541453665
61.10822012941557,0.01367173389629878,2.6226143981148674e-06,4.005418591972869e-10,3.290238918262113e-13
34264.1842228407,25581.58084940476,16176.765709958712,8053.225372556912,22440.338594101657
45274.95217457903,35194.10066276222,23162.32768483664,11995.688702257901,34795.57847988987
101.13172181570293,0.022626186562309015,4.340324577909555e-06,6.628811605721341e-10,5.445217129286163e-13
74.05877977361986,0.016639258894974845,0.00023631585445476686,3.609161597265128e-08,2.964734815336676e-11
135.32616850257887,43.53997917692027,12.084398675892173,2.6498402313505496,3.325844286662698
345.95215038133193,8.303044708173656,0.1640030774344905,0.0025767512336956934,0.000218050585647389
25038.7695188938,17413.561071100445,10253.993464792213,4747.534509653076,12306.257571066868
10090.848752086364,6432.078607817589,3474.079582069239,1475.3616736256743,3505.328895693236
10915.766327413094,7012.916531385062,3814.6858417222124,1631.4819862324398,3908.542592103686
37605.984502679115,28653.2360180919,18485.820359282792,9386.041879852206,26716.510441813964
19040.327794904155,12872.753488638538,7372.357852435339,3320.4817501083203,8377.02402017975
23767.69985146123,17846.230668747332,11346.960895548575,5679.590051452636,15942.918784951391
43106.6445586884,33841.67743940565,22501.866102794505,11773.2808318367,34496.36629076767
26379.315388084564,20312.708703831944,13243.011448274172,6793.757908109072,19531.465486516696
32455.839525091244,25085.808324400077,16414.07634914166,8454.237534065775,24409.204309799028
24416.111068974933,17024.28521726951,10051.492759755503,4668.975531053211,12130.859282363255
34494.05975234728,26104.71470583232,16720.51923364208,8425.721427271412,23832.69034519214
29932.890070507303,23689.899109290745,15864.749514600142,8360.033180131188,24679.006640712432
28288.37758575803,18833.379099239446,10618.235036351825,4709.302432178765,11693.190603032393
25043.52825371972,18478.571298085997,11540.089841235302,5672.111254159268,15615.890587515423
20927.429800602804,16174.55962752541,10582.655831994016,5451.352747615405,15742.935039083852
39444.450214152275,30426.059161724177,19866.664533928477,10206.832786367318,29368.376805772878
62.202009589155224,0.013916447265473452,2.669557149508123e-06,4.0771124594831133e-10,3.3491316276422694e-13
261.7501432554474,0.985095311907505,0.0030543667789702175,7.538861148637931e-06,1.0010258848365393e-07
112.52204807604869,5.3503566186865275,0.21013228272566045,0.00707024498676017,0.003820457633414461
239.67006766253286,1.9483578727161384,0.013046852479321773,6.953603974450259e-05,1.994247795399979e-06
758.7723006755516,174.981091805983,34.67792022378347,5.370271527910527,4.6174753446527035
1860.6751508209602,282.96518216546804,36.369102199341945,3.5925511106063404,1.9255400612081013
66.54967790207897,0.0148891505141981,2.8561483722855778e-06,4.362086092415571e-10,3.5832223515511246e-13
46.340643712932085,0.010367786004642998,1.988826366764762e-06,3.0374583893733837e-10,2.4951109542824424e-13
865.1529278295235,198.7164499834023,38.54091448837004,5.8090140683923535,4.818982807160323
84.54603861056621,0.018915473882595603,3.628507878220983e-06,5.541681204447422e-10,4.552197168110132e-13
99.97265026734465,69.22537119549695,40.67899357058579,18.870260769069695,49.09437723087369
298.8336218473892,0.06685800614896349,1.2825203510067798e-05,1.9587442447500545e-09,1.609004501530564e-12
149.5565587336174,22.982350045907708,3.023605762869756,0.3023787447513086,0.1640983784758213
954.1611434189001,32.10008877533343,0.8882355019269693,0.019543586535082706,0.002317324791991794
142.82237518129182,2.589435816799744,0.044301563904900136,0.0005276990957881104,3.3843221102170394e-05
139.6223093947334,9.112379487721148,0.5299758548340507,0.02269099555684847,0.0052451792527528854
1.839267686009407e-08,4.119744844001505e-12,7.911932631445603e-16,1.2097550999276948e-19,9.948976541769087e-23
1765.7204081445705,403.4421263887888,78.37462253607987,11.992370301760786,10.396740059401187
251.70124057950017,4.706125653071595,0.07244089575552166,0.0008871471498911115,5.849765361482337e-05
34.94479613498364,0.007818194553958702,1.499744638097895e-06,2.2905025843550734e-10,1.8815263804208307e-13
1498.9694294871708,310.13595846397357,54.32170387906245,7.271963542047072,5.298806387889755
46.35834007214739,0.9346047864429038,0.015510138209886648,0.00020477224847635425,1.4557749586223722e-05
32.11193549070049,0.007184399021836936,1.378165231958824e-06,2.1048190107041037e-10,1.728997173677549e-13
5964.973455860173,3778.6837098013375,2029.5367275575675,857.8252898435538,2027.3148041871048
194108.35146236696,235953.69210974107,242798.220871839,196643.25053502963,890460.70640907
51125.61376013207,51913.756323691814,44611.25158682004,30170.894117474618,114121.38116805442
34221.98883238541,29285.73409381423,21227.818906268254,12112.521754915071,38670.12275183245
53322.4971936064,61702.48792587528,60469.89619781282,46644.45367491504,201185.81354619528
1.839267686009407e-08,4.119744844001505e-12,7.911932631445603e-16,1.2097550999276948e-19,9.948976541769087e-23
4884.078404228339,3074.73423522615,1640.1061910772328,688.337385741426,1615.4883677088562
12020.418107276133,14416.329828415925,14636.006414396013,11693.389691455273,52260.46018989888
5754.873500221017,3700.1315785582315,2014.4888200050887,863.0892332985511,2066.2495262723323
1.839267686009407e-08,4.119744844001505e-12,7.911932631445603e-16,1.2097550999276948e-19,9.948976541769087e-23
1.839267686009407e-08,4.119744844001505e-12,7.911932631445603e-16,1.2097550999276948e-19,9.948976541769087e-23
94333.17855823183,105400.47634297526,99696.07591559789,74215.30863388558,309002.9998474101
38580.901334004586,45705.72508628383,45862.038081871775,36218.65728629638,159937.99443163845
5551.376118786664,3596.8552755669793,1973.9822309383749,852.3543136057136,2060.5945680175128
33773.89834178153,35788.888533452104,32118.9188522518,22695.218914534747,89649.60247246982
24819.031746392928,25457.176953546856,22118.783657073964,15119.384896535006,57796.28178080551
8253.37787990835,5389.590315237572,2978.527146105714,1295.5271016615206,3152.9976212252163
2914.0636666935525,2093.7582149406485,1275.8225925297638,612.2424457452232,1641.96285745448
26001.313622554957,22413.63460470103,16365.938966724156,9410.15448211981,30277.21111959238
17882.216124559913,19179.298722565756,17418.06642397146,12449.796391941927,49806.617796142455
9730.112941530133,7491.534586211614,4881.669182749938,2501.745246483943,7174.862341790969
22428.835716165613,18859.746582518306,13426.1326252349,7522.4856405806795,23573.491742092898
7351.493136184676,4820.085660862462,2679.27901285781,1172.9575263668503,2877.116478639242
8889.340508854666,6157.715607437838,3613.4122658177084,1670.4387076086593,4317.797699673073
0.0031313566839013033,0.005743831790727762,0.008625516724123929,0.01001669348990993,0.05865356954087309
6829.850601529069,4376.507118363836,2374.6360752974797,1013.9427077938018,2417.3356803618167
1.839267686009407e-08,4.119744844001505e-12,7.911932631445603e-16,1.2097550999276948e-19,9.948976541769087e-23
15136.00184935829,9597.44695783121,5154.255919163956,2177.9126812136196,5145.523765957534
31375.985610367774,27595.41727336553,20558.142545158902,12052.469172800327,39503.65644066982
3651.9940879061687,3276.395195015722,2487.1065585849765,1486.1359477016501,4965.44956306952
2729.8361190469504,1538.875080575447,735.3423626693705,276.9089770792148,582.6157448433544
6804.86922506989,4372.996146997723,2378.792112689688,1019.4099568641419,2443.777190964997
34723.409418002775,36147.932101553444,31854.026361088836,22111.486347827697,85888.14003218121
34263.49778595754,36098.14963496119,32206.008401744606,22616.351756816384,88819.69200607145
4674.237767321848,2980.8523136225594,1607.5984788160229,683.0869905336165,1624.3261895386233
5265.440454044391,3402.0367191117766,1859.6930645456944,799.6105916953858,1922.2428278401826
5064.906902103696,3221.826526185926,1736.8477129760267,736.3662597939091,1746.9267032065916
12980.886768213551,8759.606331640347,5003.067426127384,2249.5138006554685,5661.600822406819
31704.569791766542,34679.36334775183,32115.705062332843,23436.96311341801,95733.78293923751
36602.90270548006,33863.85499854494,26533.519803194402,16358.261129777089,56426.44409419682
7708.136344365244,4912.533488690607,2650.247938763137,1125.4639502076673,2671.702224377377
32843.50895139039,33486.113843443265,28931.573783074775,19671.640197609056,74898.04029890065
1.839267686009407e-08,4.119744844001505e-12,7.911932631445603e-16,1.2097550999276948e-19,9.948976541769087e-23
35329.88073071204,39157.08626898823,36748.4762318321,27163.436875245312,112382.07989501819
30541.732999054777,31755.03227273245,27952.423809903383,19361.283200388447,75023.17694496637
6474.061877457073,4397.661755303183,2530.9200347789592,1147.455268742179,2915.0218244835173
14643.534661148697,14042.05786007591,11406.155666858856,7297.6887997104395,26143.886473491806
1.839267686009407e-08,4.119744844001505e-12,7.911932631445603e-16,1.2097550999276948e-19,9.948976541769087e-23
5206.334748613554,3245.5076961077793,1714.3766302832169,712.9425354290091,1659.0326313440637
27493.35241076694,25905.119355178424,20679.578490527496,12994.441196763491,45700.22366116998
6120.159414634268,3860.9700334110635,2063.83678888749,868.0165418006717,2040.5652037372815
7708.136344049491,4911.8459805811435,2652.069816923833,1128.111065379627,2683.6486634611324
1069.6136868658425,544.5343693939296,233.59710239275958,78.84617993218168,148.71214819697556
4299.292740129045,2565.362062887808,1297.9230141313408,517.234320036858,1154.5545249584084
1.839267686009407e-08,4.119744844001505e-12,7.911932631445603e-16,1.2097550999276948e-19,9.948976541769087e-23
28557.971067556315,25099.295917423817,18662.577378582966,10924.28201107862,35766.94317298144
30238.91523353648,25986.121377601958,18915.25482401597,10835.603126665606,34733.29771739627
38364.103197118064,44478.00838952894,43661.81115784375,33737.36624014478,145782.61532970896
28644.83155313052,24823.697471219934,18201.92943459425,10504.96286168406,33906.10924785296
41659.42464686657,48040.37811194,46904.32560068727,36056.68211256854,155002.90862432687
40111.91585467827,41462.794011991595,36269.37024461071,24967.84626505451,96102.60500279383
1.839267686009407e-08,4.119744844001505e-12,7.911932631445603e-16,1.2097550999276948e-19,9.948976541769087e-23
12418.027214669344,10624.360085530056,7700.899822524956,4392.891673576534,14024.057674510768
7561.012160109949,4792.528192322927,2570.3303429889183,1084.5746946561057,2559.8203944026127
8226.773188444075,5118.735651904643,2698.2791733974464,1120.726125294633,2605.9386012033624
6050.968394110714,3782.2605426913956,2003.0384617210095,835.498282948456,1948.788330361628
11258.655257835186,7395.264528376467,4112.060815280696,1800.5495313275792,4411.90295338724
15801.119791310286,12609.776185915427,8522.199948135847,4535.747102802346,13499.776953348355
52036.77857137196,60708.74954316093,59971.18893399192,46634.11533367713,202886.70193204723
39726.839097463955,34572.199131956,25467.796948057054,14779.864685203316,48026.476104810885
3996.4818387364717,2518.8038621874325,1345.389723163322,566.0589890371272,1328.5535080746654
35907.26581518427,33421.761465193296,26338.379900464704,16334.52215834423,56670.0864341237
5741.754094131816,3708.1930459852165,2026.8259585214898,871.7562944135516,2096.437224965192
4030.582126021818,2627.4539728168006,1450.9365978607846,630.7104048383213,1535.6648675648478
19222.71466812698,21801.709776966174,20954.97512092254,15858.366963231512,67167.16993232672
1.839267686009407e-08,4.119744844001505e-12,7.911932631445603e-16,1.2097550999276948e-19,9.948976541769087e-23
23799.098367629853,20517.81689881305,14973.275115751772,8601.42000337129,27658.634074985348
1.839267686009407e-08,4.119744844001505e-12,7.911932631445603e-16,1.2097550999276948e-19,9.948976541769087e-23
1.839267686009407e-08,4.119744844001505e-12,7.911932631445603e-16,1.2097550999276948e-19,9.948976541769087e-23
13288.762342201799,13495.855020580895,11593.41292962347,7840.672707378128,29671.615189799897
5340.713166939603,3232.2256457319536,1656.5659061914916,668.0360467467233,1506.558278357288
8580.436485840155,5517.923519304277,3004.2549803676166,1287.3019906837862,3088.9826486489183
5511.304855744206,3476.0990523422024,1860.145489654691,784.3042201301256,1850.305924406376
33626.693222733535,38147.913662731386,36649.08860577362,27715.120894318337,117221.02779974478
31115.731005816568,27334.04663516076,20339.631222352826,11913.767887840073,39028.37806520505
8000.654237190078,5138.2512138681695,2795.5565185812125,1197.6631201373343,2871.5102980445026
5912.365569143323,3787.5726739019865,2051.515083309732,874.6209623443002,2084.0775526248226
1.839267686009407e-08,4.119744844001505e-12,7.911932631445603e-16,1.2097550999276948e-19,9.948976541769087e-23
1.839267686009407e-08,4.119744844001505e-12,7.911932631445603e-16,1.2097550999276948e-19,9.948976541769087e-23
6806.342614957396,4375.2257804275,2382.2244934185246,1021.4305110014054,2450.3004699661715
28123.196002185716,32089.51433065124,30987.3527673947,23557.41837720145,100180.47977950635
1430.0102230290204,727.9477920038429,313.71778727090486,106.63883591717068,203.21645368249244
5717.310512109399,3634.8376646597,1958.0126711471432,830.2337499006318,1969.0869093907484
9133.753167754507,5774.684802235667,3093.571383136905,1305.0168581941293,3075.9201467535186
6988.117479868989,4707.23673112948,2685.991903530937,1206.2915536537942,3028.0855158566515
24045.248658740773,21298.34153905873,15976.218027683013,9429.43156501551,31130.727069884386
1.839267686009407e-08,4.119744844001505e-12,7.911932631445603e-16,1.2097550999276948e-19,9.948976541769087e-23
9558.890296263711,5861.798554905266,3046.960792413002,1246.9730085520682,2854.001525887271
1.839267686009407e-08,4.119744844001505e-12,7.911932631445603e-16,1.2097550999276948e-19,9.948976541769087e-23
5616.118918218929,3649.756504956561,2008.694496662771,870.7731078260564,2108.8816748136073
13782.94627237188,15592.73382498351,14934.783747755815,11284.001093906443,47824.00540927511
35673.9408387897,40859.023520046554,39630.35527897553,30254.346413879,129145.55418393016
5205.929492632422,3587.407080751677,2092.307302298026,961.0363982237003,2471.12298159218
24306.21513587921,20946.696339413546,15285.84003975505,8777.660323684042,28191.699049747705
1.839267686009407e-08,4.119744844001505e-12,7.911932631445603e-16,1.2097550999276948e-19,9.948976541769087e-23
4614.362254554951,2962.976410776624,1611.856288272231,690.2722874114728,1650.326335404941
1.839267686009407e-08,4.119744844001505e-12,7.911932631445603e-16,1.2097550999276948e-19,9.948976541769087e-23
23775.585922936356,20934.026679674054,15595.584140167799,9149.852364960967,30025.17389100025
5766.438948291471,5289.993154227736,4107.227740221873,2510.467246949153,8581.231160868425
34407.862946630914,40054.56305113424,39496.20949498888,30651.962531605626,133049.7381276101
29573.357137440154,30491.352831206335,26620.051758734066,18300.258971626314,70392.55806213607
3740.661322530229,2304.1684666086903,1202.284494093318,493.9696700941826,1135.1825951425863
70611.17700783674,80809.90174486134,78330.29454771093,59793.10946386058,255512.58189071927
6262.239672890111,4110.227433884172,2283.5877175161886,999.0078374034063,2444.404511925843
5593.808060474791,3439.1791855910897,1791.2095964857838,734.5433542420916,1683.1971426878874
7411.752093026399,4672.8004745118415,2496.6443094639644,1049.9732800964907,2469.294970235745
24158.304183023076,25285.283047623638,22416.344117840938,15642.55041009765,61026.23505987022
7541.8463166895135,4775.1605985073165,2561.9840556059366,1082.7317680514764,2558.3075159598993
8076.933436715386,7553.892981144164,5984.094703090533,3731.0536326714764,13009.691691256467
19321.7178848048,12960.204561690804,7364.425676226878,3294.0971890690294,8251.117946787468
5487.201125095675,3593.99802609146,1992.2038429907154,869.3834018409449,2120.571819011126
25065.440749821963,21825.17895127499,16102.60614910528,9348.868616959448,30362.189339688775
8332.505674065109,5277.933844317181,2833.362704761441,1197.0903994199305,2828.070891464183
11267.327979283573,8267.447990350549,5136.110883306569,2510.720621409949,6862.627633720171
6006.167335456263,3762.990813669795,2001.9447813269185,838.5950240640722,1967.4494207560126
5464.401886947982,3402.2913248230416,1796.3503793708971,746.7663166299228,1736.5684743612305
1.839267686009407e-08,4.119744844001505e-12,7.911932631445603e-16,1.2097550999276948e-19,9.948976541769087e-23
5672.3915119787125,3421.471346906684,1750.4479147585982,705.2722396753335,1589.426109586612
1.839267686009407e-08,4.119744844001505e-12,7.911932631445603e-16,1.2097550999276948e-19,9.948976541769087e-23
47379.06935058686,53147.68187292601,50461.11470369612,37733.85837448625,157935.15113413482
30415.598373074783,31537.811128508914,27697.74166187244,19143.54600481138,73998.16814480802
1.839267686009407e-08,4.119744844001505e-12,7.911932631445603e-16,1.2097550999276948e-19,9.948976541769087e-23
4499.797269331221,2764.619261115963,1439.5905406470022,590.0488290939116,1354.0125871411258
1.839267686009407e-08,4.119744844001505e-12,7.911932631445603e-16,1.2097550999276948e-19,9.948976541769087e-23
8191.570110076733,6181.456632605643,3947.9411366052213,1983.600804944028,5575.368435559159
6641.218127772898,4244.438778386201,2294.3715537608314,976.8584245499279,2328.2828539077295
21905.75324002305,23629.9079297931,21576.15344335243,15505.547009066588,62323.7621970628
28518.315643270947,32596.625578595005,31525.7860219021,23997.75862662274,102200.46751733772
54287.21412173651,49578.966765625824,38333.506138191726,23327.863623918125,79399.03481444984
9119.39394390694,6986.064887759152,4530.759648672338,2312.2140751282805,6604.800509563011
7556.2562012058925,4999.473266879205,2801.3192607239,1236.1186647586921,3047.544519654277
6196.547161677286,3921.3175426593307,2101.429718515226,885.9736248480988,2088.482830360111
4804.227172441224,3023.3050480268416,1610.4644791441506,675.5430367414687,1586.103525676264
1605.267469164458,894.7415393855882,423.05581318784135,157.8333326565178,328.40030000184976
1.839267686009407e-08,4.119744844001505e-12,7.911932631445603e-16,1.2097550999276948e-19,9.948976541769087e-23
7248.882127328056,5184.485993002622,3140.3784383035595,1497.615787965313,3994.3930258359483
22451.949896243495,19292.677845084832,14033.566656328994,8033.3302025106195,25733.78672815759
15.520152656005703,0.8332081258032651,0.036746743120379045,0.0012877759493186147,0.00024348436826136663
21683.983967557364,23987.550470880637,22477.741144445525,16580.684995140342,68393.74886424397
1.839267686009407e-08,4.119744844001505e-12,7.911932631445603e-16,1.2097550999276948e-19,9.948976541769087e-23
1533.015037290227,719.9853046710631,286.38724669079784,89.57162937487412,156.629070310041
15119.986395333306,12895.691753331976,9310.020498520447,5286.224244091318,16796.23888461648
1.839267686009407e-08,4.119744844001505e-12,7.911932631445603e-16,1.2097550999276948e-19,9.948976541769087e-23
10734.518972627824,6826.907604395831,3674.0105711547903,1557.0908381331465,3690.518097906012
39136.58157703032,44746.72957755566,43344.64049625842,33048.5250022374,141146.8983470532
25191.87482513582,23622.2808535952,18752.49108952643,11719.798521951541,40963.80294747609
50374.75067112293,55932.56270160305,52565.0407447631,38880.97947905467,160811.65959780855
7195.057584326727,4515.562727588984,2399.3035020889465,1004.8315872126152,2356.9643880831018
1.839267686009407e-08,4.119744844001505e-12,7.911932631445603e-16,1.2097550999276948e-19,9.948976541769087e-23
1.839267686009407e-08,4.119744844001505e-12,7.911932631445603e-16,1.2097550999276948e-19,9.948976541769087e-23
5523.236008014429,3545.729437591261,1928.6836390114252,826.2075380647168,1976.126830503748
4269.663798007784,3596.691455643241,2564.576830151296,1439.667583325114,4518.287040663796
1.839267686009407e-08,4.119744844001505e-12,7.911932631445603e-16,1.2097550999276948e-19,9.948976541769087e-23
6392.577304327111,3985.2529101455207,2105.547907954125,874.8999518226244,2031.2392941058138
46134.10257365117,53424.79336894049,52383.057110120084,40434.07712316321,174508.08522968
7272.501664597861,4683.753514818895,2555.96005060349,1097.7962491380533,2637.701110191141
1.839267686009407e-08,4.119744844001505e-12,7.911932631445603e-16,1.2097550999276948e-19,9.948976541769087e-23
32276.94481044003,37460.62879854353,36815.845875933825,28478.102678155174,123168.81853327034
5403.621262943787,3416.5229883061807,1825.7656438845233,767.6500029901794,1804.1892266485818
21096.79641877437,24034.812433258096,23174.758352754114,17592.593144140596,74752.28116942107
4221.802179061232,2646.9980523989316,1407.008091728436,589.615002370653,1385.2055564874452
6373.236569903849,4007.563068990136,2134.407256460492,895.2798711541346,2102.165749218111
32381.68113714987,37404.75972484306,36574.53283388264,28155.66704816963,121229.38808089076
5523.967848954922,3558.824881939098,1940.9844792101537,832.9324652112496,1995.7021541920205
1180.5859672142815,688.8131519906806,340.8413252597909,132.72586841614094,288.59496567832394
6222.135928141117,3869.5622308808174,2038.7435417163003,846.030443418959,1963.1714485867358
12182.881838756659,9511.414324539634,6286.471622794294,3269.550229896202,9512.111201322388
6189.754576159279,4021.344243283272,2214.7590539355083,961.7256769158024,2335.3952603142493
3868.0604765190233,2407.496382178143,1268.9905812574482,526.9245997453241,1223.43767186059
1.839267686009407e-08,4.119744844001505e-12,7.911932631445603e-16,1.2097550999276948e-19,9.948976541769087e-23
21244.067948699692,18572.776979774633,13750.157762343362,8014.5634583952815,26134.14413144087
6049.014362847715,3753.0032967487523,1973.5566652080333,816.3806737029098,1886.4355107756887
5144.921123434621,3299.8550541254076,1789.2703918286204,763.5235165653075,1823.8198697846783
7536.069139108011,4850.4090062995065,2644.3319210687796,1134.8229464530114,2723.3341387548
4655.392292046484,2893.618688969652,1524.332321685785,631.9848502029175,1467.6201375936607
5937.4734638777245,3776.7093485020405,2035.932648354828,864.1161151104992,2052.849696000956
6239.933420238696,3831.533119328962,1991.7188777651036,815.7831470156244,1870.1674859415887
0.02078189649726997,0.032201883107692064,0.041020401451073496,0.03709638887663256,0.17983740507197085
5158.675228899286,3292.7589160381,1782.4283377214617,759.0032501388339,1808.8260417999713
11723.401989724201,8984.021837136488,5827.26434619075,2973.426045725159,8480.946551844385
35656.52667717889,42172.35612234254,42226.047060759556,33314.212276415,147238.5078750465
11210.87299452588,7112.849776655783,3820.706472831539,1616.158128818947,3818.0811862697437
10917.838170042465,7572.2104740180475,4446.588625554342,2056.086391011476,5322.415978861857
5783.628417999245,3633.1458571816256,1935.3637796632192,811.1898701717847,1902.859412819861
4378.107933771304,4197.639114273998,3408.3597776952006,2179.144975275664,7789.831621411405
7840.3912434346985,5004.020468303287,2702.626296814317,1148.151274677154,2729.6955778536185
5837.930313326843,3574.011921363603,1854.3627845276012,757.8463385194844,1729.550138992311
22492.3216466504,21274.515570145657,17038.438400730105,10741.027896200454,37915.03271602817
18755.317564582816,22097.483686476055,22037.10324834128,17315.09769677508,76164.15558347243
11346.58283007788,9879.424884445692,7284.266001155024,4231.577632779449,13745.45358104726
5567.2740059812495,3521.9573127681565,1889.828865636062,797.8360000058362,1882.3195778282864
8001.476900522789,5165.745423372399,2822.7875574674053,1213.7872159840977,2917.8659266494055
4476.368104160796,2826.971223342298,1513.007844084213,637.1251334628912,1503.671509675593
7387.468818224312,4640.912839704007,2470.559564035877,1035.9664139672511,2429.272314611095
12707.482813626328,11771.320700419015,9247.180137287489,5721.482477747016,19795.451162795005
7986.810447830215,5156.319931797312,2821.357879504122,1215.5703837167664,2926.982056855086
5754.873499797389,3688.0435711717932,2003.056685340638,856.3255927535058,2045.61806780197
1.839267686009407e-08,4.119744844001505e-12,7.911932631445603e-16,1.2097550999276948e-19,9.948976541769087e-23
6156.004920439551,4048.617079293971,2255.664941342295,989.5513551741103,2427.250791290038
6870.186884462389,4229.5174062214255,2206.9598495423643,907.1315031782896,2088.426475965388
8430.652050530678,5293.336075914202,2815.3362268878573,1179.3704672401097,2764.6034607649517
3536.3921757374965,2143.3711032081083,1101.3518028600645,445.4027546292787,1007.2054821240172
1.839267686009407e-08,4.119744844001505e-12,7.911932631445603e-16,1.2097550999276948e-19,9.948976541769087e-23
5876.066749505114,3774.256034300352,2052.131088075576,878.0823430980879,2100.5503927344976
6379.568238576049,4110.895457128112,2245.5650290598946,965.9623055377308,2322.80850124655
7643.13698351689,4754.073060247188,2505.9389011078033,1039.205476135324,2410.046968630319
7264.905714339145,4566.774790687263,2432.366106043692,1020.981708150592,2395.3513487304626
7110.510230118791,4561.460770378847,2478.4039207607634,1060.2779661204063,2535.232253661293
3523.727233659528,2113.21896342688,1072.3069386464044,428.4659357440072,958.5135021903184
5314.923642896275,3360.634362948725,1799.4116111026058,758.4200244896248,1788.7719427549703
6191.672926642972,3873.6777082325325,2055.1562555765886,857.9585660113257,2002.254907632392
8209.555294726242,5170.504963076878,2759.236956926666,1159.0384646009757,2723.4147023468067
7394.638198919039,4766.678746751663,2601.601588536012,1117.8042224823344,2688.769961841659
7750.089429472076,4846.327919839307,2568.1847229158093,1070.710991153367,2497.9662215003837
4538.511372842047,2900.33277363936,1568.7973167868245,668.1573291223023,1588.88574588629
1.839267686009407e-08,4.119744844001505e-12,7.911932631445603e-16,1.2097550999276948e-19,9.948976541769087e-23
33242.82150459553,37930.053110163455,36642.44453269808,27860.99246159805,118454.86180385291
6607.323180997309,4194.210744313229,2254.5406141536946,953.6441517435621,2259.6233303645176
1.839267686009407e-08,4.119744844001505e-12,7.911932631445603e-16,1.2097550999276948e-19,9.948976541769087e-23
9269.364342676703,5895.21792118716,3175.0445417754418,1346.2072544628347,3193.2227566167417
6049.014362886687,3747.9574759431657,1967.6096538048762,813.202695481682,1880.8431213917418
6782.213443832937,4223.119261844489,2228.799706240699,926.1531976011677,2150.44169373309
4089.7793131138887,2639.441733666295,1442.529349271297,620.1842071163586,1491.2056908625198
11779.112364561572,7834.913265568825,4413.054722961941,1956.8796086144084,4853.1409603292595
12659.053734674513,8002.339288541008,4296.802269369299,1818.8641773571997,4295.178479204346
13666.950415179446,8405.793348699206,4375.992137098155,1792.9846461173256,4110.606103725391
4386.126201314856,2874.0351004843583,1592.8610654854456,695.6621724692495,1702.7039548159885
4849.887628058267,3073.1420350911594,1647.5155326595266,694.6417960905669,1636.696473306413
6175.659057973034,3926.482883734938,2115.385075199234,897.7719841636049,2130.8004465399363
4824.6334017466,3086.9346693716348,1672.1571276787286,712.492159593726,1697.2569018637682
26901.45765757216,23150.8425879164,16870.640461444058,9683.384001428303,31087.50601374546
7617.423855331118,4929.225287126645,2701.479837171888,1164.5328710187175,2806.949060359674
1.839267686009407e-08,4.119744844001505e-12,7.911932631445603e-16,1.2097550999276948e-19,9.948976541769087e-23
6934.8587592362965,4200.546443610347,2156.582082721348,871.6360708827015,1971.338090346277
6300.435021065008,3906.591754003672,2052.343385278983,848.7582197504381,1962.2216229298674
4401.471863032292,2784.59329250129,1492.9182138568542,629.6732337276791,1486.0956725954186
8624.694680123783,5398.159151197444,2859.468257043166,1191.6645791359322,2777.2819816394267
24820.46200477581,21270.235799879607,15439.625278520365,8821.575078394304,28193.68821811038
676.4127980508557,348.8722435367912,152.10036193098384,52.42423097447424,101.58802746820076
7508.245235233708,4759.5961492296,2557.795050081255,1082.688726225567,2562.4728058246205
2205.563944739299,1332.8415034440166,681.0932054020236,274.9263537191364,622.9815588637932
11443.552412100844,7381.870475871117,4030.6327241964314,1732.4113047659578,4163.778971998965
4574.717255566731,2836.4193521011775,1489.8153678344893,617.3155371820615,1432.5474765893196
28904.90863254415,29842.37717006562,26092.87758412953,17955.43565608123,69096.66200397408
18577.013488922927,12477.391951613796,7100.998784807213,3181.4332942962774,7973.93360273854
7801.305926695463,4947.6478540854005,2657.388305525846,1123.493543584527,2653.718584825396
6003.540666653968,3793.305521441841,2030.5840783775798,856.0325565413281,2015.821641947551
4357.268552620008,2777.531158710782,1498.755115083854,636.3147783590189,1513.6013009764463
6120.274912701731,3817.837577257797,2019.6672471318436,841.4230339793191,1961.7552083354014
25335.558117950604,23348.046366976196,18227.171731808,11197.688642633315,38471.823498057885
1391.7881128186232,654.8079479849379,261.8850130156204,82.67529763128825,145.83795488991797
7348.011236418768,4678.17950143554,2521.107895897494,1070.1274664115542,2542.2424977070395
6795.007955112778,4272.069998567016,2274.2681769873857,952.9655990334708,2236.731227962782
7045.332160784769,4506.4308768232,2441.1863370520728,1041.8122863659682,2489.482064270737
10999.889546888868,8378.397763923898,5405.852676087188,2743.805576318974,7792.345351331578
5467.184926341885,3587.8428910668144,1996.1345903185763,874.3343734630702,2139.676491851604
9935.105650172409,6381.870092812077,3469.9037540240233,1485.2973659396755,3557.500027010197
1.839267686009407e-08,4.119744844001505e-12,7.911932631445603e-16,1.2097550999276948e-19,9.948976541769087e-23
4394.915494598543,2838.0358127576737,1551.1112230126018,667.3494132451622,1604.9638551169094
7953.168177571036,5085.070240975947,2752.380544144301,1173.2640838950308,2796.9041974169704
4533.889769825418,2754.6876576421223,1418.7621427666134,575.1345757700211,1304.8611285553384
8358.540490834803,5425.035544899129,2984.103460598141,1292.1855003674839,3129.3652922125443
11341.944267807656,6904.3265736547,3562.3248805923995,1446.7645432272661,3287.213286816867
6168.083944204709,3842.942610343892,2027.4450625132426,842.5866403986151,1958.71602710744
6301.35154368593,4025.681411690188,2180.6646143720313,929.8862312306629,2214.961411951786
5982.535711002865,3798.6701246442285,2042.5413814790502,864.640540488212,2046.953850993819
1.839267686009407e-08,4.119744844001505e-12,7.911932631445603e-16,1.2097550999276948e-19,9.948976541769087e-23
5658.569049349438,3746.410169276586,2099.6448815815193,926.1632068886922,2285.3727247384813
7900.732180357298,5087.610439637965,2775.491546838272,1191.6888770752637,2859.4681932571034
1264.123506980233,599.2728229060747,240.6603389825117,76.06539552761001,134.11245768133264
14259.030150228473,9044.716319737687,4863.971488782306,2058.974727186733,4879.902392603516
7261.532452836849,4562.242831635069,2426.5353935047247,1017.0274162186298,2381.852041671014
8328.25033359304,5311.518819841424,2868.8467797750304,1218.8941622036127,2892.2737649922788
1.839267686009407e-08,4.119744844001505e-12,7.911932631445603e-16,1.2097550999276948e-19,9.948976541769087e-23
5776.65184597335,3650.140665369605,1953.8843134844842,823.5591349586934,1939.3857445503363
1.839267686009407e-08,4.119744844001505e-12,7.911932631445603e-16,1.2097550999276948e-19,9.948976541769087e-23
4638.1081329519575,2881.388235836321,1516.8368249592008,629.6180345245181,1463.8854455973
1.839267686009407e-08,4.119744844001505e-12,7.911932631445603e-16,1.2097550999276948e-19,9.948976541769087e-23
7332.491858184286,4701.24915770892,2551.4267193681226,1089.4201158055937,2598.4998030427028
5681.81443777927,3607.7798973678887,1940.2874521727094,822.1340043166376,1948.6451920889742
6261.162672271868,3948.770283041927,2112.1849287475484,889.5290394414262,2091.0477287781077
4865.902237448005,2997.478137544228,1566.679070705835,645.6392708263706,1490.6752643138188
5215.645459692029,3310.0703087914962,1778.903889458213,752.9679827850704,1785.5462516170692
7894.631522404475,5028.6500852155605,2710.9615478929845,1150.7734517054002,2731.827036173741
1.839267686009407e-08,4.119744844001505e-12,7.911932631445603e-16,1.2097550999276948e-19,9.948976541769087e-23
7496.090985593241,4820.887196544512,2623.9743716211947,1124.226676342798,2689.691673390194
8067.781835063623,5049.095057183386,2678.535794878351,1119.7438177854851,2617.0360028730943
6392.498032084166,3953.3340919867,2071.09491371016,854.7062890888735,1972.5857290693946
5937.352355769905,3765.8808951948913,2023.6078057801685,856.887588247218,2027.0640721705186
1630.5825753458726,749.753344364762,291.99076411099435,89.64349811497257,154.03564122242713
6429.040338352323,4109.061131624113,2224.240834334296,948.2673595132082,2259.797885578798
5581.624210755512,3509.827524567503,1872.2665731026411,786.6420291251042,1849.3944141719164
1.839267686009407e-08,4.119744844001505e-12,7.911932631445603e-16,1.2097550999276948e-19,9.948976541769087e-23
3138.6898779179223,1913.3352311555757,986.669516242801,401.56614427079916,914.390376555002
4931.138960547852,3145.0370272708656,1699.1530815617475,722.7003417186083,1718.7135465154684
6493.639596936789,4124.777239400483,2220.417652407007,940.9578255767982,2228.264991864439
13269.610154937596,8427.76710227436,4534.329398888053,1918.6147319002823,4535.708902026409
7214.851423489226,4596.486243751632,2480.7322319200543,1054.93194836082,2512.408582765239
6726.023895806203,4229.498961607237,2255.2809025594706,946.2386866505468,2220.59962911522
6526.505065872833,4164.099910621029,2250.986879910084,957.5161835605919,2277.347170562482
28111.457014702937,24450.177035449582,18003.693399983822,10435.332481409654,33839.54113710418
1496.040030904953,835.2900540288495,394.58752579638866,146.76366515670827,304.3030660995693
7903.651148555235,5044.76571456297,2727.7800277733277,1161.32745093486,2766.912651804237
7983.882418672811,5175.248587657563,2843.3756274846205,1229.7401643469514,2969.990934909079
5225.965710396952,3303.861546711277,1769.985590177363,745.9803710424577,1759.2076840776276
1527.547289213036,890.6152824479992,439.9999953687137,171.4086945881984,374.035681546159
5008.694491879069,3194.916560432555,1725.7419019508202,733.9475264125896,1746.6347155528429
1.839267686009407e-08,4.119744844001505e-12,7.911932631445603e-16,1.2097550999276948e-19,9.948976541769087e-23
2084.690328705129,1192.4262542563997,579.0511836049392,221.6117968037194,474.7168590361523
6218.475955968147,3949.1199975752706,2124.8778629363683,899.3690772325706,2126.3751546984436
361.7052505459809,202.98954240384325,96.38592111401174,35.99311853535508,75.09813926642657
7404.83415781293,4673.229313995578,2496.396943777152,1050.14983094404,2471.193738078081
5648.465373186482,3574.1331609322815,1916.7027260659268,809.0027065262605,1909.0093831385375
4302.2569080231315,2743.088600986436,1482.4538912039516,630.797158534405,1503.3170342647647
1080.8922745762893,497.43949636850994,193.1658739897085,58.8984769514904,100.18157601556844
13437.791879019855,8492.794154837933,4545.146688740636,1914.2312817403638,4507.2787380049995
1832.9714038285026,1046.1811701055772,505.9755942304552,192.49251881478963,409.3573159953664
8404.61398184432,5460.290039692337,3007.149119786735,1302.0053568386431,3152.428742265257
4381.213232639388,2818.335398631217,1537.1083952869885,660.0171312084415,1587.588427194296
9751.084237037185,6558.257802029965,3735.452381452362,1674.8652239670264,4205.1593113277495
7146.651370963928,4608.540018945381,2518.7720202760092,1083.6997760947404,2607.341032546846
0.07694660916581139,0.16876664158678434,0.2866617964215712,0.380789968939507,2.871850249230889
1317.6773151276282,583.5853626646705,219.1799985111848,64.98439329604983,107.99078138903891
6674.344522717434,4284.6162151600765,2332.5852939783263,999.4568252304614,2394.3525521815627
7522.038591663425,4933.902601243403,2744.91732930416,1203.1223939241274,2950.8324357723723
0.0031313566839013033,0.005743831790727762,0.008625516724123929,0.01001669348990993,0.05865356954087309
6203.240235649258,3951.9923143614114,2132.1122638556444,905.9676875667803,2158.7955473764337
7087.550722661546,4533.299715555554,2454.5846691635816,1046.0655791632803,2495.7879815300253
3377.1152336663617,2143.721135111547,1153.6788460037224,488.723678396269,1157.7975085802373
3414.0582420065707,2210.3336828760475,1210.444273818322,521.872122936734,1259.8357455732148
8546.00390847397,5409.102104077257,2900.732419671,1225.6105315148584,2897.6955429158284
6401.833912180869,4068.129948225263,2190.3165682137137,928.7679043697655,2202.8919455773507
5756.269054457529,3779.755536534883,2100.7358671642,919.5491062703219,2249.7566475439276
8385.822350417187,5290.031680864326,2826.983225372164,1188.650930569472,2792.862024514133
5349.1557425231085,3442.4989707223344,1876.9550329467643,805.4945022507418,1931.423179917054
5046.595650397305,3271.733609447267,1795.4453420748846,776.5825420713919,1879.8215627028326
6566.1028098668885,4347.575925550009,2436.96022242445,1075.986398049056,2655.1055884536186
25530.762277314,27050.43341383384,24278.943798070854,17163.984963420266,67863.41210281993
10023.713042692862,6326.823077727733,3384.385837957405,1425.5474780921422,3360.110996144337
6923.994813964462,4370.415329484752,2339.3787105986107,985.5996517634119,2323.671044683334
905.4721653676071,447.44919392196755,187.19401732289805,61.58526398874599,113.13068115719197
370.57284471199745,319.3184649052039,232.92654321633458,133.8684565232849,430.42102557349295
5857.67789177316,3601.8959741796843,1877.772460815852,769.5928123995428,1764.7004290164782
22221.81651885264,15126.076066894835,8721.61485650803,3960.4343328239274,10065.033806622256
2033.7325710203293,1170.7326363182556,570.8890321004525,219.1952903993758,471.10964189233476
8874.462752100044,5485.811107797972,2870.8149324919473,1182.1250037894781,2720.806583673982
7362.81730173489,4725.47370923,2570.2109372442674,1101.4403471286798,2640.887930319496
6694.110275755771,4211.195614829313,2245.340184194997,941.8508429379723,2208.187495975227
6601.415101164737,4092.860217801265,2153.451010937538,892.0874488919824,2067.0474090604685
6456.063729196508,4091.24253734491,2198.2274776238396,928.6393486500934,2191.9543366715366
8787.01862073681,5538.810732340472,2955.3474414870343,1242.6211814536339,2927.5514115111832
4955.122055675291,3206.932757014786,1757.3094755174675,757.9524345474555,1829.304913045275
8605.321810181007,5494.131066835106,2974.275129484549,1267.812302941036,3025.1946923578207
6940.382319921303,4323.364468909856,2279.8579727082865,946.2435136190094,2196.5050474686354
1.839267686009407e-08,4.119744844001505e-12,7.911932631445603e-16,1.2097550999276948e-19,9.948976541769087e-23
19301.468031746437,9702.602456906377,4131.730412974333,1386.124528455648,2601.163484539997
1.839267686009407e-08,4.119744844001505e-12,7.911932631445603e-16,1.2097550999276948e-19,9.948976541769087e-23
3649.9230132048674,2342.881049813032,1273.3207871761288,544.4591173782043,1304.6082875451546
7103.959970972037,4495.812276704375,2410.355921568485,1017.1992090186534,2397.2262917288417
7842.535072001768,4971.041108616249,2670.4196766317364,1129.508269570581,2675.2248661511785
2400.1460553356005,1327.0037331053836,621.3083216538811,229.35208854329622,472.6143262918298
6622.7286055107725,4125.474452404324,2178.6363679656984,906.1385395626116,2110.005992257439
7066.565806735396,4873.0846902537,2844.838077556148,1306.411659008506,3357.639550280334
11157.043183851407,6823.947359798165,3536.1572187095944,1443.0484390966164,3293.8543230041546
1.839267686009407e-08,4.119744844001505e-12,7.911932631445603e-16,1.2097550999276948e-19,9.948976541769087e-23
1.839267686009407e-08,4.119744844001505e-12,7.911932631445603e-16,1.2097550999276948e-19,9.948976541769087e-23
20637.954153043574,20924.00168676324,17963.16976595566,12144.422751699984,45961.3046892329
1.839267686009407e-08,4.119744844001505e-12,7.911932631445603e-16,1.2097550999276948e-19,9.948976541769087e-23
8698.859937803634,5454.618062460359,2898.2751969070414,1212.7146652496306,2836.429071096854
25.9202537645106,15.600387828301265,8.170762268851288,3.396949749215236,7.972609231477005
5635.194999410856,3586.1583739817434,1931.614772145583,819.2766454865127,1943.1904629651162
20451.15246904213,9821.194291993428,3994.378195214428,1278.0966667701528,2289.3054167912037
1848.1462612000753,1052.1409395605685,508.9384277671877,194.6676481890312,418.8078460658079
7555.564866583525,4897.059696860147,2689.36375486834,1162.0721111963169,2806.6816789068243
275.6596359145213,240.46526836136695,177.30856375840554,103.00505121799392,334.6931722336055
1.839267686009407e-08,4.119744844001505e-12,7.911932631445603e-16,1.2097550999276948e-19,9.948976541769087e-23
6561.465944645129,4061.556459402596,2129.7250084249577,879.133275092698,2029.1761989194865
1506.5457920475326,752.022803999038,317.4811339117285,105.80786158205672,197.90551287088206
1.839267686009407e-08,3.699333040025247e-09,1.4199716525936562e-06,0.0005034617701444198,0.9990071592484472
7750.972894063774,4974.3018857954285,2703.4536934647526,1156.9625915086256,2769.326347753668
6720.071389955021,4248.787305396253,2273.5811606901857,957.2547997059092,2253.3498159832375
3390.4415271333187,2038.579158673257,1036.4093289271764,414.55465679624024,926.7573813934648
7825.807390210807,5007.597495284086,2716.8083123551573,1159.4501861311498,2766.070479294606
8434.241419762971,5407.992843941309,2937.5734846754,1255.0157054775714,2998.5589765397835
1383.4400994240593,651.5767671583999,259.6588793774682,81.4776061658623,142.81681035746507
1652.5502071103494,1009.3770411755821,521.655766810438,212.28328005267133,483.8094447340453
1.839267686009407e-08,4.119744844001505e-12,7.911932631445603e-16,1.2097550999276948e-19,9.948976541769087e-23
5448.207624914207,3571.5001438282393,1980.3679615942924,865.9620709046314,2120.3046193160576
242.62318969986796,96.70891064532734,32.51694698732921,8.74467879319127,13.234198097822203
8452.434777237095,5499.272452690526,3030.846017996048,1314.6926604804491,3190.860703297411
7595.953537480719,4589.452248505446,2349.4262303005958,947.6898674379232,2139.7306433852405
1615.7904496568008,785.5019788953724,322.93080494867587,104.54929332147405,189.4568263444818
2630.2004789034727,1606.7423045583625,831.8271401667818,339.2383522632183,775.3752509285434
896.3219146574737,403.6352809446994,154.05192737825834,46.28852916471053,77.73081824792078
17100.480719034196,17817.100013141153,15719.184134735387,10927.501071789802,42578.919204506004
6136.0005950965,3888.3095440741954,2090.6196936426163,884.8775613756472,2093.5604459574156
8245.307168769432,5314.372622538932,2903.2622632366633,1248.2363997163638,2997.919979796123
6021.762239531365,3893.8503981160916,2132.310982138183,918.0366656495361,2209.0757623501954
6704.992661514326,4153.347799430845,2181.343988708562,901.4693186508333,2085.9231699939787
8548.603543069401,5489.307065841386,2987.080346098285,1280.7968640138072,3073.286500092136
1.839267686009407e-08,3.699333040025247e-09,1.4199716525936562e-06,0.0005034617701444198,0.9990071592484472
1.839267686009407e-08,2.6245822774623797e-09,1.4225193477555819e-06,0.0007127697910703486,1.9985886527627947
1452.2550556122662,599.8733080080922,209.56657228298081,57.58614100565945,88.70747082287532
4070.9232190457274,2640.1060056021847,1448.9312809912954,625.542904814543,1513.3484850244167
7233.533229525684,4721.5412551971,2608.82436627874,1134.4036615892587,2761.5910734906897
6287.8040152783615,3830.870009959165,1977.102152259225,803.6978888207808,1826.1076976229065
4919.84077032518,3107.1265823880794,1663.6370537137154,701.5893432227135,1654.5100421538284
1.839267686009407e-08,4.119744844001505e-12,7.911932631445603e-16,1.2097550999276948e-19,9.948976541769087e-23
7852.3492290337645,4911.994341744774,2605.030885608844,1086.8451036041774,2535.1387252751647
2267.5174070349008,1295.3278230825372,626.758746836459,239.15650786682735,510.43466762115156
1866.756194534637,1020.7581642008514,473.02057029716036,172.90817996018654,351.98732163683934
1.839267686009407e-08,4.119744844001505e-12,7.911932631445603e-16,1.2097550999276948e-19,9.948976541769087e-23
1.839267686009407e-08,4.119744844001505e-12,7.911932631445603e-16,1.2097550999276948e-19,9.948976541769087e-23
1369.893146517766,668.1244066214022,275.7448307879088,89.92323203840301,164.91031261504682
1898.634456829384,1159.8295433603664,598.5830798623006,243.6575533607143,556.6161873234977
6113.909770357583,3747.2443395286446,1945.4540482501839,795.6300330958517,1820.3982324955414
11649.196697290805,8936.971357214265,5809.459104413614,2971.6411720360193,8505.927277107763
0.010435468782099543,0.028439525454845044,0.06353125803958239,0.10628174607791606,1.0114466635518404
4632.691120862723,2986.625560430754,1630.2910833129818,699.9387553878579,1683.9925013598472
1.839267686009407e-08,4.119744844001505e-12,7.911932631445603e-16,1.2097550999276948e-19,9.948976541769087e-23
15.509802659659593,0.003470006069525509,6.656425548150313e-07,1.0166103970834947e-10,8.350915182491547e-14
1.839267686009407e-08,4.119744844001505e-12,7.911932631445603e-16,1.2097550999276948e-19,9.948976541769087e-23
1.839267686009407e-08,4.119744844001505e-12,7.911932631445603e-16,1.2097550999276948e-19,9.948976541769087e-23
1.839267686009407e-08,4.119744844001505e-12,7.911932631445603e-16,1.2097550999276948e-19,9.948976541769087e-23
7143.064109207126,4495.819693167489,2395.953781555258,1005.353032727682,2360.47158986341
5720.4292510172545,3697.1263432330206,2024.7647172978952,873.6634516735664,2107.6394718305796
15.509802659659593,0.003470006069525509,6.656425548150313e-07,1.0166103970834947e-10,8.350915182491547e-14
1.839267686009407e-08,4.119744844001505e-12,7.911932631445603e-16,1.2097550999276948e-19,9.948976541769087e-23
6499.54585406386,4224.361211688406,2328.0021908495387,1009.4368645124719,2448.587659961763
1.839267686009407e-08,4.119744844001505e-12,7.911932631445603e-16,1.2097550999276948e-19,9.948976541769087e-23
1.839267686009407e-08,4.119744844001505e-12,7.911932631445603e-16,1.2097550999276948e-19,9.948976541769087e-23
1.839267686009407e-08,4.119744844001505e-12,7.911932631445603e-16,1.2097550999276948e-19,9.948976541769087e-23
1.839267686009407e-08,4.119744844001505e-12,7.911932631445603e-16,1.2097550999276948e-19,9.948976541769087e-23
15.509940480753418,0.003502184091107689,0.00020786197285049802,5.469251953237123e-07,0.004501926646821697
1.839267686009407e-08,4.119744844001505e-12,7.911932631445603e-16,1.2097550999276948e-19,9.948976541769087e-23
30.439510445680998,4.928275854284992,0.69555476841323,0.0734668381702547,0.04213054130424643
18.833031219027223,5.358009300150506,1.2987562285504182,0.25083841894860714,0.2935918150763001
1.839267686009407e-08,4.119744844001505e-12,7.911932631445603e-16,1.2097550999276948e-19,9.948976541769087e-23
1.839267686009407e-08,4.119744844001505e-12,7.911932631445603e-16,1.2097550999276948e-19,9.948976541769087e-23
1.839267686009407e-08,4.119744844001505e-12,7.911932631445603e-16,1.2097550999276948e-19,9.948976541769087e-23
1.839267686009407e-08,4.119744844001505e-12,7.911932631445603e-16,1.2097550999276948e-19,9.948976541769087e-23
1.839267686009407e-08,4.119744844001505e-12,7.911932631445603e-16,1.2097550999276948e-19,9.948976541769087e-23
1.839267686009407e-08,4.119744844001505e-12,7.911932631445603e-16,1.2097550999276948e-19,9.948976541769087e-23
1.839267686009407e-08,4.119744844001505e-12,7.911932631445603e-16,1.2097550999276948e-19,9.948976541769087e-23
1.839267686009407e-08,4.119744844001505e-12,7.911932631445603e-16,1.2097550999276948e-19,9.948976541769087e-23
1.839267686009407e-08,4.119744844001505e-12,7.911932631445603e-16,1.2097550999276948e-19,9.948976541769087e-23
1.839267686009407e-08,4.119744844001505e-12,7.911932631445603e-16,1.2097550999276948e-19,9.948976541769087e-23
1.839267686009407e-08,4.119744844001505e-12,7.911932631445603e-16,1.2097550999276948e-19,9.948976541769087e-23
1.839267686009407e-08,4.119744844001505e-12,7.911932631445603e-16,1.2097550999276948e-19,9.948976541769087e-23
1.839267686009407e-08,4.119744844001505e-12,7.911932631445603e-16,1.2097550999276948e-19,9.948976541769087e-23
1.839267686009407e-08,4.119744844001505e-12,7.911932631445603e-16,1.2097550999276948e-19,9.948976541769087e-23
1.839267686009407e-08,4.119744844001505e-12,7.911932631445603e-16,1.2097550999276948e-19,9.948976541769087e-23
1.839267686009407e-08,4.119744844001505e-12,7.911932631445603e-16,1.2097550999276948e-19,9.948976541769087e-23
1.839267686009407e-08,4.119744844001505e-12,7.911932631445603e-16,1.2097550999276948e-19,9.948976541769087e-23
1.839267686009407e-08,4.119744844001505e-12,7.911932631445603e-16,1.2097550999276948e-19,9.948976541769087e-23
1.839267686009407e-08,4.119744844001505e-12,7.911932631445603e-16,1.2097550999276948e-19,9.948976541769087e-23
305.719174991967,56.24229529179054,8.67689205542615,1.0469255818284142,0.7239415508219967
312.0071676993829,97.2240072082809,25.77786688914841,5.36549818643781,6.238206963504817
301.98136515766595,84.44766059437724,20.15075240234418,3.7749988292507304,3.837402187312009
340.83355942745186,113.57721607845684,32.14075359872597,7.141765957861368,8.965870651953132
28286.66753414402,19339.849256879676,11231.233937167224,5136.930338394265,13135.152877563769
16670.285109117347,10914.849811602913,6060.896745165351,2648.8367380659674,6484.337472389641
229.94840413522846,61.85309984076965,14.100995595576482,2.4955372893972467,2.364332163677376
7772.858287987317,4591.450691973495,2297.6044415800175,904.3278628041313,1994.7600312860231
463.6958466284781,106.1037071339812,21.00760098230491,3.2669869238778366,2.912342684394206
214.83977694950596,38.88807143563396,6.0503931829054345,0.7259557904282268,0.4646311411054751
308.8052373624816,84.52915241274155,19.96072759181705,3.7235487685544446,3.9915830600619864
553.7371221281196,130.52038227759596,26.143876255244272,4.095986375452248,3.5859029471476256
15329.062330567069,9950.745260781958,5471.83596445596,2366.796612292515,5731.0665048346045
306.1487494594155,137.18097683015836,52.03981404910575,15.534655257062704,25.870644669567913
805.9110427084614,234.6001096723655,57.66758596530409,11.200178209985916,11.910828343282033
130.27163699089112,19.7110124296859,2.582813159177009,0.2548179789463426,0.13640856912350988
8140.956387020441,5552.848517698103,3208.6908609746524,1461.652360016408,3736.4258273377177
10013.717296574214,5834.758735713709,2879.642336408611,1119.2009065041314,2432.196490183324
4767.136762603928,2694.4386806072416,1289.8985713828874,486.98299158198796,1028.3939787002616
169.5179480847152,52.24652914184994,13.792736760407703,2.8306314736941256,3.0820508043036385
2493.3977540337646,1221.68767704369,505.50846219156904,164.77930544425067,300.7678123455159
6973.6242409029255,4222.169302653707,2164.6415376163354,873.4215238112089,1971.6946031867951
10077.459020792956,5773.457626126594,2798.5668132900723,1067.6508411309865,2279.8609588313693
7610.865721672156,4633.2461264770745,2391.385899831639,970.5656581022747,2204.1855064328615
7221.54590221366,4475.334704674814,2349.135774752438,970.6021334584876,2246.568386867632
462.6972311654103,117.51486580130612,25.20535515351569,4.2272270946284864,3.7802633466869366
415.13747111325966,130.40857989271242,34.91100243400584,7.3230102612987285,8.659662459771093
6590.781943398888,4058.2977487773323,2116.861139734979,869.0510177615153,2001.3324074132593
4188.731306790107,2336.363671546818,1103.5296450165822,410.13483607328925,853.2350377762646
204.74754755438846,53.449399879119284,11.752675585855176,2.007640826990245,1.8429708072210498
287.4754118777198,69.25109177878345,14.117423222287393,2.2364057668260866,2.0325643680086296
183.9982693291282,38.4564658877786,6.840250376655451,1.0073595795433328,0.9274019435922828
108.87197873589163,28.734025960113865,6.392904117236456,1.1105628910367837,1.0312272990875477
245.03335653562073,70.38106406401536,17.01741011867805,3.2229467690081237,3.254873596278126
5330.267690391832,2806.461591334834,1252.248939987246,439.58393505507024,862.5489736749817
7202.163741166912,4119.817268437222,1994.3677203658342,760.2721302353459,1622.5062683417718
146.23386850141634,16.410820791667142,1.5684752556148867,0.11829392553475974,0.05950959792400947
137.64371434493094,30.510254967623897,5.717118638921062,0.8590120285538304,0.806411546564206
6809.921409227557,4178.900864338318,2169.8370827983986,887.428130442895,2032.6887583725088
25374.281389823384,15392.413911257569,7912.877547776487,3201.323405816927,7250.1393959564
255.1479777281343,96.45977440823786,30.997607440215038,7.903407630252569,11.432761678631886
364.1853899120966,113.11339428447103,29.90017547572491,6.257906839842994,7.3126286344908555
5519.008927296078,3382.753458621073,1755.3774531015185,717.0230273549588,1640.9141897328839
7807.335347003949,4061.483611338586,1790.231775022924,621.0894018494105,1207.4739655099686
214.6347784759875,79.28332574456478,24.95604200858266,6.10963446750198,8.384403283390943
214.54317087263465,61.46572425652019,14.94406647859518,2.906737865306306,3.2972311343681797
163.40857578680811,34.97343477187705,6.391177989770294,0.9134820827836723,0.6906560914202347
10946.186475207325,5816.68734258978,2612.471324142456,923.2851653798672,1828.3878423529547
8657.63581166268,4772.409064419854,2227.3977663217834,818.1094765113888,1681.5654519183656
171.19853534589174,13.443324477906009,0.8838337241329359,0.05477699795056781,0.015183317053701096
8393.388131555643,4675.489741287654,2206.4595612021417,820.7777911678894,1711.3132015786114
89.13557087394452,13.003156648764481,1.5468876817835076,0.14586394676913386,0.07460052147319013
6270.586181701905,3559.4708940499795,1712.7197689025238,649.2611023519568,1379.384752013172
1087.348532392373,414.2080654872961,132.94069460037664,33.46668519225356,46.98563778527266
1410.3288552408178,733.3715834350596,323.33802929178916,112.26151983769586,218.25673897344504
5185.495422549307,3007.8578522735875,1480.4057714294272,574.1637261760934,1247.78837400899
1388.8313151488746,713.5768504634698,309.729874193704,105.67350295030452,201.44121002174649
275.80419485831226,71.35834475831183,15.77738864136928,2.756384115972206,2.610572323900805
939.2585465064856,427.15850767743365,164.54455808586377,50.13105621223901,85.42358402729504
5087.0006769076135,2677.9083247639073,1195.9102765536145,419.8022295399562,826.004443787829
6970.058807108973,4303.360488892697,2253.824858481457,929.5510809751628,2150.44509321431
795.7688979377469,400.22815379079395,170.08982718867904,56.99893909917112,106.91293923653544
322.4736664397972,82.25928365836518,17.971898499328315,3.1013882046244308,3.0110175200953946
798.0274812719271,390.9400057841892,162.55977290997387,53.09557218169896,97.06219730938588
1195.663071779863,585.4926282898639,242.80070086970392,79.49767430417371,145.7125433081917
886.0981807156359,471.75194762549273,213.28566929745995,75.94104604221944,151.3355133959728
808.4713294201215,374.1999463661099,146.94863924944886,45.46910526561741,78.79629236724114
324.54894849611566,98.40255251332545,25.363260000159872,5.23163253495311,6.149307663513848
1089.404186581121,584.7048443409759,265.4796499900116,95.26701962123653,191.31288901168597
6567.832275944666,3843.031334789292,1904.2469337506614,743.3012998567643,1623.3709798154123
2872.1043011359843,1532.9038022026857,692.3147915556949,246.18503043771986,488.8623803223294
10397.954387181244,5850.408312554128,2789.5665037020894,1047.110125070955,2202.470956063392
6850.07311656619,3974.2884521892524,1953.0612790465784,754.8457910114048,1635.114419418308
4161.524103976792,2377.5392661274573,1151.8212262883249,438.74014832020123,935.6751083359886
6210.698168623356,3709.5644724446315,1874.7181589247057,745.7582647971781,1660.6856060417938
239.39812979283136,78.59811147033618,21.753899576931172,4.73209712384033,5.968233983565888
7739.158489677149,4086.3638110806965,1829.897652086179,644.6700516333858,1267.8490594646678
4206.102329847358,2080.1410512791135,871.9934878669412,287.60845599532763,531.3840925826752
6869.147310402699,3781.344424718939,1764.9453068582638,648.5026598816038,1335.580559790521
367.7787999897559,141.06467908940874,45.94024639639152,11.837369610165695,17.04839406071297
5907.378049388708,3346.9973895769567,1609.4027543313864,609.5839958970428,1292.7454018617543
246.43083890320787,32.89951763305571,3.786208821501297,0.32967909811113977,0.15559736774824257
2916.244588528761,1680.2166453319144,819.240504617678,315.096823184332,680.265848755334
3538.7392693549764,1991.7522777108393,948.4960162801048,356.48419348463875,753.6350455231221
240.15101471609668,81.51713685585597,23.583373262734856,5.353089287355675,6.768478659756772
287.06691867257956,88.69045602603087,22.941520968154926,4.668458764184104,5.318175947442184
9012.491554380797,4888.085521247544,2245.5732669226695,812.3573687519645,1643.975953753493
5861.468234165181,3558.8954787061516,1830.3994800755795,740.8419367180664,1680.1534270137015
4423.377092322082,2411.743516630385,1113.9477577504913,405.24050301940395,825.7073178824909
676.6721382199465,185.2129978387098,43.200118791760445,7.963971974378588,8.145016050355693
5906.3094017587955,3596.410292472711,1853.1804377234207,752.0088490460453,1708.7010335993873
2668.254505275086,1632.5759918016686,845.6174817695938,344.38333732560847,784.8257153622905
402.9775730609796,136.49015707424488,39.361493645119126,8.915135669458614,11.405735261965367
5436.669847460077,3139.254086752205,1536.8979160436486,592.0146543523206,1277.270707049185
14137.170167515558,7760.65019776817,3614.0555139066278,1323.8633082278536,2721.2992247370803
4448.273207017275,2687.1613831912045,1373.2412051860583,553.0966135255012,1248.223992853266
234.3963953662626,48.46835002270791,8.454607917875132,1.1303650999450843,0.822593731794212
7036.000935566675,4058.3540230854805,1983.7156947401745,762.8010745815325,1644.4383023594655
5282.643766104294,2670.896962151188,1142.5740694588937,385.264392196715,727.079215551087
6973.624241708786,4221.816102652922,2165.7652018858294,875.2866932327928,1980.0211839026747
376.8839793310785,84.51143645930802,16.109545332525304,2.385816900811568,1.9639964826309786
290.2313661231788,83.3959009586719,20.462589432871614,3.965906558414303,4.307976403244529
8508.815066894836,4722.514742900286,2221.3154141537884,822.5344905683197,1705.4185948235981
9478.472256236704,5357.624998295638,2563.4114914137526,965.261740435434,2035.6830401726463
239.18887940791598,62.316928276518965,13.807221574095491,2.3884780368281198,2.19509142321867
7977.336062686449,4577.954889959257,2225.9942936561674,851.2105728675823,1821.2430280863757
7057.993392191045,4208.953121382698,2125.7213885167107,844.8014522999362,1880.205314613579
6480.865766292459,3918.0956648736937,2003.1965878782748,806.4480902933999,1818.398786753649
176.92408519646438,33.83729831483718,5.526090452515634,0.7097114672760875,0.4796231761487346
9337.816699876359,5163.556385079546,2417.6023381407153,891.4545493043358,1843.8785811785601
343.5580073085862,121.32262328728346,36.39919451974494,8.548625708991182,11.288152298176733
508.3238503898854,128.0111924435824,27.657107982050846,4.701833899589317,4.5386686172492245
8916.52342521164,4779.627485026424,2174.3182239060666,779.3842183778717,1570.391177620806
101.12874480153967,34.89344252008371,10.236873845882087,2.3247319498803867,3.0178887154210785
6021.73689827976,4600.786693885719,2980.0672948390074,1523.6844439241002,4369.736191595888
257.5882373619424,98.45699327226501,31.536873762933375,7.957579466734998,11.123666013751047
7138.940714648119,3730.699321595468,1649.7767768553076,574.8667950010628,1124.2592761404085
7496.0154772896185,4430.176814941416,2216.404246687782,872.7922973930274,1924.8611078462675
110.21820691797099,24.669780887191074,4.785919598584149,0.7238299040755644,0.5744361865153392
6518.377374112832,3705.01429959568,1783.7048178805478,676.0791431077032,1437.9195723286764
7013.412537332184,4133.403019299867,2064.3426331286555,811.6016484768165,1787.6425326520055
460.0382555099073,161.03457385049657,47.52328622916783,10.992101796394792,14.077871801195368
557.8454065472828,140.49998547607748,30.21657886133175,5.082879749420896,4.884187486408024
299.3442233581913,98.70543673041887,27.74146397381896,6.1133583200520425,7.546875524930345
275.27544732233696,88.25667397992868,24.160476638431245,5.252960502091722,6.375265003756028
2619.0434200914187,1269.403765521241,522.2703150236109,168.80930238654324,306.24012429929905
675.5035589602254,94.0493763738345,11.097414831749038,1.0281565435889042,0.5050749284433669
6418.553106446201,3786.260472037121,1893.0658348233721,745.7753217042256,1644.9058984843819
10850.729276513655,6919.166958752214,3737.4779376976094,1588.5845907675446,3779.013815676395
11762.151775746197,6252.505831169302,2817.3176323202892,998.8150285261233,1984.30396413342
326.36599629898654,110.23751708563941,31.69412103243807,7.145382963761221,8.986423235298242
295.8744100177388,109.71339030297058,34.592028913164675,8.510381829604606,11.54432171935624
8768.737444956967,4863.187813936834,2285.629330169006,846.5843582109151,1753.5682048687872
5837.134476015043,3595.7379519436977,1875.9424097730634,770.058677448811,1772.2456408395658
7143.316703035798,4248.158148621145,2141.4486313318453,849.6200867101512,1888.7166672631079
5373.208023129629,3020.018472307716,1438.0723544496473,538.7820811523699,1130.383119276171
215.00805279175714,77.81750919909678,23.903883381994596,5.792889206681957,7.912391183636764
6071.438093738154,3929.758087631,2157.0774814404385,932.1157158717255,2257.0698619000273
673.1611412706443,190.4748826799607,45.54441973187845,8.626243444882846,8.931958095850677
305.4397075656132,78.3288816474379,17.100722890945093,2.916417713528672,2.8233919662986
7605.626173037677,4338.918025828531,2096.2374537746105,796.1326573976839,1691.7552171459906
176.64094324128115,51.22098399592592,12.689853909852422,2.4399845151232995,2.497535348539625
222.41474168135096,88.63797286709685,30.04278694407029,7.973894901952739,11.810599614960358
222.66173518828268,45.195672461221506,7.755343545705953,1.0185617957910065,0.7279856052390875
10029.124776356244,5499.014513600138,2552.5939675761815,932.5230582688354,1906.625881169993
6429.578624301624,3737.843415196131,1840.70310905726,713.6390071494224,1549.8476990806403
4530.641219547602,2706.0273517668998,1368.3096114561554,544.5122939212648,1215.9048255698804
173.56338361920416,37.644370452544834,6.984805428604179,1.0452346343508225,0.917272539040351
5843.5708173561015,3286.420750221012,1565.5512855553393,587.1721543351006,1232.9933360752113
127.7046593571454,10.240456857859781,0.698014365383442,0.03655745548854673,0.010345853534491533
5671.629934724724,3345.7833612597315,1670.8348407729718,656.7557103492038,1443.9080104433483
4689.362671893589,2734.8900497117056,1351.403624060544,525.6282491856495,1145.2041468226787
11228.266257933636,6312.385299694289,3006.5168049947565,1128.4057854929893,2375.469887431901
129.19963600547533,19.906607358162525,2.55016445136058,0.25452831823665967,0.13785523990895357
701.3716784436297,201.52954321165925,49.37564603811092,9.547538286770608,10.46648426557069
923.0372605204327,486.6640000976567,217.89907436506684,77.16456020187526,153.16893102372427
10591.422633438455,5787.83568755124,2681.055651207659,976.5339199830814,1991.1821969774517
158.40974540451674,17.267148733649105,1.6066067670088844,0.11423262087059377,0.04396172398191361
8333.400440725087,5023.344595043321,2564.090590555297,1030.0843763434882,2316.015751910088
7461.039838864482,4354.7952095921555,2153.190352543193,838.8921510797775,1831.062477488612
4063.961145288369,2327.2275448893492,1130.1603162832118,432.33164270865035,927.0083266235953
7996.596640682862,4459.681819024355,2105.939983672535,783.0037382996126,1633.1009044787288
6039.697191316008,3536.4124295888155,1752.5545564277418,683.1608167398769,1491.3170280766903
5860.884912329837,3145.9154652720213,1432.0467522107851,512.7640510704848,1029.2191847586155
21.586665714265717,0.004829581825960143,9.264465597202667e-07,1.4149263717305072e-10,1.1622869639824792e-13
5383.714171112441,3054.0378148276336,1470.0035450608298,557.0239851224895,1181.1536372199007
350.56049237639036,116.93584164367682,32.955096542389434,7.344803573242265,9.385252947183776
162.55122058577592,33.83636136780358,5.934732662608338,0.7984799280587236,0.5847918270626324
4066.479234068122,2432.0765261458437,1229.267686627537,488.776853895497,1088.3766362840818
2847.9645098132078,1669.7289146986247,829.9184298204253,324.19405701359074,709.7035669891695
8021.229784748591,4681.329552327343,2310.2992333608454,897.3556469547101,1951.7374883243322
166.4484312457673,43.301713822056335,9.475513815914617,1.6158253444295967,1.4779162241708874
249.22682991566208,59.93022942906329,12.278090414972642,1.980626470722131,1.809176928424704
5990.045955519514,3367.656513731072,1602.317411390859,599.3649601821472,1254.7862269284658
6644.6527377061675,4013.4065069727953,2053.859243647072,827.3311955178834,1867.1517772706711
68.703750230609,20.825497276638625,5.304093831631941,1.0296179819873112,1.0938423395919061
10269.163098991821,6317.093925101395,3293.542374207149,1350.9819716459665,3099.5707226626337
5070.700225773999,2969.3509487040956,1474.650954529035,577.4093010297133,1264.0027245546282
152.46596377557302,21.44504785984303,2.572689090033364,0.2468711972553137,0.1226989237486263
171.6063770055779,50.44216950222936,12.611268017746564,2.442294552973204,2.7116313733905337
6499.3660243570075,3605.42921368664,1693.3461507821066,625.3795568794951,1294.8237089467498
11342.11334371311,6172.982339647122,2849.1106889964717,1035.3607392737172,2105.2600909321773
229.74539202366202,50.8764585308488,9.48482845267047,1.3558290520037435,1.0558048847699042
188.11229494536985,43.097687437174166,8.50431192881234,1.3134322703416117,1.0654525738150957
997.9750127061646,472.48723755685586,189.8087128432099,59.83266951837247,105.50520987613722
8409.522661327917,4639.910974231841,2170.122269422217,798.6227461827776,1646.725713902754
6735.859413897769,3954.176927913452,1966.4604228994851,769.2630903120263,1687.1337436704796
6008.223594907288,3719.2023510348677,1947.9650227736029,803.2231914904246,1855.9236395224395
7556.771457139789,4393.33205302406,2161.7296529462483,837.6705024665332,1818.166007774856
5793.599073341418,3007.6552188677247,1321.9618482084109,457.51003154774617,887.2515303738081
366.95980071911697,116.48388615191466,31.603163385992108,6.684157628387758,7.71142484564194
7007.156653117768,3922.103938444023,1860.3356458821627,693.5925226618962,1446.8777573817738
223.656387317193,49.24285224977348,9.229714661264884,1.342188688241314,1.0427097948000281
179.0247820457404,45.12525400049935,9.813667842967739,1.6768373085708124,1.6182523194276122
358.87340528416183,79.56397161127458,14.866521522046419,2.195051819625956,1.8184941740801155
423.9672194434076,121.44388334326923,29.52576284719517,5.545043846292514,5.593302833021837
7770.093150245148,4718.0002168245965,2423.8544063405548,980.5639367286484,2221.589568496468
19001.20870041088,16074.858041597061,11518.1191260362,6497.079479565128,20503.848522622287
7330.03451407054,4425.090467012447,2264.0201403021556,911.9367935290072,2057.8685592427623
5314.99969534498,3048.8021441370165,1481.5133970507807,566.0761799200557,1210.5947637226134
192.6900859873853,34.867333725450855,5.3412183376775335,0.6397216421125694,0.40819240122737044
6717.556917129745,3676.3447581237506,1704.5411151406183,621.884707997135,1271.142841541494
7295.672451570339,3924.5339042777523,1789.8909652447446,642.2251027492662,1292.360173398315
720.2244178311449,169.15065229359752,33.53520552223523,5.182497331268267,4.48699607321381
6759.386243655499,3819.668507429737,1827.5256033077428,688.7438108789348,1453.301086095793
8485.178878828223,4562.093313966368,2078.734557986589,745.3973424604754,1497.0654819365018
8874.12270893866,4885.036394464652,2278.0375460387977,835.563775634501,1714.8385481762346
6112.364976168823,3660.9061847392527,1859.2326169068492,743.4225268596023,1664.4875910920136
5519.609243219805,3076.2494099687747,1451.720083993238,539.2145438147846,1119.5030726864925
6926.618045635678,4185.37084062774,2138.485747274094,859.7499356354343,1934.8835066635163
2721.862908994744,1227.6916794651,469.8563589947316,141.1059566892216,236.88544466858824
7626.706183340472,5545.223544862854,3416.189233320391,1658.8942399904422,4517.430338113114
6197.856751511703,3667.5353904794697,1842.3510384861852,728.7769400025851,1613.4559035322948
326.2717708675664,123.57879209384859,39.61723736323275,10.062705408640271,14.093437465322658
5124.77636744505,3002.9377372515487,1488.5336265638011,581.6396323046348,1271.7973045478332
291.81772069347744,84.69039068691217,20.713909808834288,3.9161375587586114,3.993149620914916
125.87805558448888,22.23660582883277,3.3382981144525776,0.38271230263470524,0.23840588339181415
179.47580523474562,56.53412064164525,15.082750323855915,3.167201409159888,3.755019196791857
347.6336144351506,110.08230009065385,29.621069917981313,6.255960531747256,7.488203430778866
6419.4392156908525,3662.9869733414903,1771.7132634092657,674.5945470487583,1439.2198028099726
2370.5761135340817,1211.4986946943097,523.9848388432513,178.54096245159243,340.9635563435533
230.4570084887184,62.77196019210437,14.572124374101051,2.614404519828752,2.600842130551068
5574.210118821503,3308.3669119517117,1662.3335251836731,657.721182590779,1460.4577889234388
345.90098822940575,115.59135035880956,32.68553600603727,7.179014054064681,8.669718346557696
5438.7658111942,2962.493747316308,1367.446810050037,496.44731764951,1011.8622437756948
274.385990105591,59.98350538240063,11.269868548989008,1.6555558046873575,1.3708085344421672
327.84302204764265,109.93662095989187,31.404809487708672,7.10537859460849,8.993672670922876
114.74971007836236,24.30921444241377,4.31142115099749,0.6076177740023365,0.4528889237071275
5003.319614853032,3091.6426052469324,1616.9462481521143,665.2381968380706,1532.505064168234
331.7145854254694,85.14440106996481,18.452112110296376,3.1164178620655263,2.815636693309951
4247.213099291026,2492.3353420689764,1238.2088886834642,485.20036893773994,1065.753206661457
184.35557721277056,66.02617495791438,20.104389359686248,4.813267731655682,6.454792307713938
568.3722326359123,182.2279714162631,49.19404601964889,10.524402274213136,12.634882037415293
267.69187742334975,68.20706610725676,14.531547832676145,2.4055046507333575,2.1511284489327656
209.52053668630776,69.59185656479308,19.61485447574845,4.312166748075536,5.359814909473466
4399.486263238993,2548.569810244066,1249.3728360630607,481.7901677306512,1041.3084390185627
493.33310286388974,168.15963165934633,48.42259076296826,11.102118847689683,14.672901365062234
5140.212488737822,3162.001469328744,1646.3820420059776,674.6026716055,1548.6993670258892
308.0014333014146,72.34401239666266,14.321021198449595,2.219097420979122,1.8348982198800778
519.3890550299001,149.483144069091,36.50472410810607,7.032045576661994,7.687964487761015
8395.964843890113,5527.312982121821,3080.8510064518136,1352.0058484053277,3322.1600924396234
265.68472936258564,96.02561147753563,29.123894063103567,6.926482054656512,9.11968683729116
1044.403351265138,374.2441870201789,113.77980301549472,27.305388053317827,36.65868308767537
1339.6673004035567,455.0608197549706,131.32467728850648,29.84844552309028,38.23697257600391
1375.861300082372,659.3932265817662,267.7850504948664,85.79671548051796,153.58396389722284
241.35305649782046,63.9561204317974,14.279830844772633,2.499074219441012,2.330140690259646
700.330627259755,225.4352066565089,61.66521551892459,13.406549225643529,16.546433803953594
154.5952946541889,26.285327344554513,3.789391121071163,0.41816872727582344,0.2506476404922775
735.8307925122389,224.12537967906744,58.305170983573724,11.843981518001454,13.527356781896293
230.35407542255044,31.760612293277696,3.77454892373452,0.33934410462262293,0.16540533367216503
133.9244323888776,49.783922755966955,15.632624258507732,3.848250799315512,5.318637805567392
331.50881312600575,62.40254988165481,9.937323368784186,1.2301759247420994,0.8162059941878173
8275.241573455693,5018.343802721048,2574.7376484257484,1039.0141684788618,2345.371525117811
4481.85834719806,2439.657431645495,1124.2762175299986,407.3690775755223,826.1775038024105
307.57557247774275,102.98728048363031,29.043950496776745,6.532899960648886,8.31961868679756
231.61056837653362,72.2507183104575,19.162186534687056,3.9817246824235455,4.719796876879729
6404.182146626548,3511.2091253494186,1631.2153173902,596.683508692381,1222.4930311764583
5827.361428621483,3270.782883317071,1555.502699678847,581.573772687647,1220.1944151063508
6832.293912820089,3817.408835697858,1805.4977568077868,672.5738289480574,1404.4481546946092
7324.844769285474,4309.9790436733165,2145.407621445085,841.0282974440144,1847.2974802907952
255.26126520649456,43.90942605962913,6.533492580140256,0.745982093227702,0.45422427662858655
9367.63674882863,5040.507733687439,2299.908015218677,826.7891361444072,1663.2138448638502
305.79086056346523,97.43142656644055,26.21585997388553,5.600710432989031,6.844975973068353
155.60427992345427,22.19014504364568,2.6506047047251076,0.25350850966542154,0.12735997633348203
6751.233882527293,3866.4624524156807,1874.467733107804,715.2645836933842,1527.5898127090884
6500.550487269242,3784.94406436466,1868.5751702983143,726.546427538878,1582.3752434576174
3815.392375394339,1935.737816796492,832.1831337268359,281.74143840247996,534.8413318403177
6488.39725912836,3912.4036385465183,1996.88582424151,802.6974036930428,1806.7815100036003
119.57177854503269,23.932642349079533,3.9986857591392435,0.5167180442281686,0.36329246538886867
226.07070731715783,69.38989236921395,18.317900039888123,3.807955044608563,4.509935857333637
239.0079740995911,116.40280384594308,48.14985938866723,15.643020160307618,28.209167842957584
6172.964315826576,3530.532881806134,1709.0522204314846,650.091653267106,1384.4623091159547
247.4652925718122,75.21360033511061,18.994930160068204,3.6861292551657217,3.914846895790679
7462.809787814394,3981.120154456655,1801.2758950176203,641.5819115432632,1280.663928005646
6346.565058763883,3574.2797511009367,1706.4732500809082,640.2524790770233,1344.9839388501905
3277.013457783632,1748.7965906779502,789.8573428023368,281.12864429359075,560.2615432043756
68.45632438687964,12.272108135581876,1.8320976083093565,0.21234383371362084,0.1337448447181888
882.2685786349772,271.96949954465606,70.80524302923433,14.550411728603903,16.430690909018164
281.88462755328874,104.56775630189439,32.75698894710821,8.117987567126153,11.248935000391645
290.27538449241354,77.88726200137557,17.831654241191252,3.190396398992313,3.1615547100134767
10194.725832770224,5643.321542820484,2648.9784455738745,978.5434702327782,2024.0832236812723
6799.308229112187,3969.6757001180817,1961.9446406928748,762.8250042335242,1662.1631238469267
8032.3482590923195,4821.383136972574,2450.7321227353164,980.2301378191737,2193.992554467176
7590.531510664951,4781.075568404408,2549.5241067657203,1069.8863727666605,2515.7669940184946
8916.371975822329,5503.39483989436,2874.3805986438697,1181.8420017959604,2721.241731049366
8741.40050229761,5184.541144666375,2604.3957123823616,1028.847450522082,2275.2588660047213
11938.859540406884,6757.207466874899,3238.649460287187,1221.4737058397156,2577.6570352092144
8788.388004056114,4799.79473282857,2219.826791216443,808.8939426684498,1652.2250975492739
361.63113441539724,100.26769710463469,23.519833167201597,4.33017689888993,4.2292605491541115
6857.646974971785,3830.1641825275483,1811.2998720916896,673.8917891634518,1401.6820007500671
60118.513956733186,44295.971625180486,27727.966875804635,13676.943325283815,37682.722750756526
31206.768568213927,20836.40473825109,11812.611049949397,5275.236974118186,13156.731888918766
1010.6727045268821,377.1168066049172,119.89284350295175,29.980252888786744,41.771918173047005
3619.1360108105546,1915.3682623737188,862.5173208283993,305.6513614981334,605.4520305858813
284.35308038086754,111.3748873213327,36.76878181015296,9.52956112054547,13.770450501127758
351.4421720621543,121.91145240089075,35.87568037579112,8.29005491806311,10.679787102053234
258.3492928399301,55.631814081402645,10.141819332836125,1.431971584525427,1.086493451382021
205.78974527188464,72.20648878629552,21.547679624310653,5.119296661972715,6.7542703214646505
283.2822503954683,71.58359009855953,15.402787561930246,2.606146021690055,2.474545157491301
283.60333288779105,71.12808509823114,15.215205347244272,2.5670587317685256,2.5183433455717297
170.6438252444138,63.322353716939155,19.912251888403908,4.915003270041673,6.861375200714128
368.97801406976873,96.67977118685337,21.265175567852474,3.6842674914100333,3.5411608414919904
538.7520051592644,167.2921543905769,43.95173002449007,9.235267955794477,10.843551493090564
4040.9116522351396,2288.7293786209616,1098.7417183038579,415.6536007047799,878.4789721310269
385.90938429710275,146.38622729926496,46.64046001414063,11.722820001285367,16.631862004222743
498.53125762773703,162.2347177181592,44.99445657213652,9.885964638919543,12.27586702598653
230.81720915896506,82.91657051535829,25.325872566471553,6.186543936925526,8.388874501884848
300.02082610370024,97.33129526624849,26.74679937308446,5.725585639925311,6.828872166263007
288.0322137331232,95.67343688487043,26.80759158888698,5.850799162533888,7.086631546442113
691.7877351185214,171.0745441203415,35.8639501868668,5.942603926569944,5.631945969090426
49.26593967447669,14.959638596738847,3.784872366343276,0.7343467564098481,0.7797601310956005
263.5234681739575,72.79643869383425,17.13807920016591,3.1962644926964634,3.292945729954625
163.78141275854338,38.69863792983288,7.845455301636435,1.2311193376211451,1.1281562821726991
39590.86734023332,26082.92755511723,14599.834776221958,6439.241136976748,15865.760430089958
429.9134796807314,159.48714063983007,50.328676430557515,12.538270049302035,17.536643951942978
7489.665395964893,4466.95627925958,2258.0231463060923,898.417329795851,2000.0126009926128
9851.293256746214,5552.487500203353,2652.28925961553,997.1544877774732,2099.7446150588003
163.6491682818826,48.65159174957502,12.27245681983136,2.429298043642133,2.7281379050764523
179.4412215808827,64.22294007312883,19.544752149997063,4.679389277491024,6.277127512889146
217.0872604489862,76.63428083002334,23.31658311252961,5.549228444673697,7.490026868617894
361.4369666453629,121.91366468147628,35.040696742951724,7.877038884784819,9.899889812383286
210.71368998444586,61.142697569728355,15.078670154727169,2.9485058024355957,3.3521584983967028
6807.000534057426,4044.8823713814018,2036.5998636357926,807.0323609248711,1792.8670698649778
393.6279735736621,66.51809215934597,9.730326672601338,1.1202921649043367,0.7360796989483622
263.7633036774497,85.4842035289509,23.671289333642807,5.15769063191959,6.34855519886822
81.65796075568286,17.39535522358845,3.222038121130986,0.4688823185993427,0.35452049477607334
8024.8008608431865,4481.215129737587,2121.3952830264366,790.207935091283,1647.3968624998577
379.8486388674652,74.92629476402728,12.648284049724795,1.661325524096039,1.1580281264095627
313.28757938782064,101.7710352115684,27.767227973690968,5.966221701890958,7.017279487286836
5513.54650315079,3292.7960401165947,1664.045787006922,662.2238267471439,1476.5968368449037
301.34563546603255,77.99561206829992,17.252964781329563,2.971437568596855,2.9032738766813986
295.2441220216312,112.47078936950207,36.195282127477164,9.152229690165484,12.898188037475927
243.66788549711782,61.753029182875174,13.34635891747379,2.311499694518543,2.4048956809126922
346.20543886642446,93.52126924970932,21.226711545527703,3.7643471129223207,3.6802270408407263
10706.162732989926,5863.425111922985,2720.5159611960285,992.7375328570969,2030.4024719081751
11578.322926747,6551.919702913017,3139.70463394315,1184.4855984993007,2498.1903667317433
445.99147352936194,113.09780771676098,24.57414827911711,4.168998575484683,3.7375614961000743
179.96513070768134,56.95836095600285,15.192671137542852,3.227720356220386,3.9246511936464326
200.58223292710366,85.74482062964039,31.438232454979037,9.07281563366954,14.617093977162003
9622.216167925188,5042.618209622142,2237.4006370108305,780.764790669828,1526.915975808329
364.77100241481804,109.13521174965118,27.594226821610768,5.439075493104938,5.860552846676453
9445.783119809306,5079.896247558096,2315.5545536440527,831.0295327469402,1671.3492899131802
379.88532997541523,141.8246458836332,45.04436468035076,11.237812542679489,15.68340753748332
341.22926081514004,86.53092818264209,18.312506728602997,2.9831963081584307,2.6521713974869154
3251.1649156231665,1602.9528119323807,668.1792992546939,218.7602240864831,400.3695720999304
419.3378689619155,130.1918094689602,34.07066257095028,7.029764029429866,7.900252009893607
470.50527812930824,162.51201983232002,47.50986716673717,10.870825547851254,14.19721555526045
300.1358218892856,82.22441398928406,18.899061427632425,3.4209063893732727,3.4998874329363354
581.5967480030608,145.37974079683377,30.69806341582635,5.020262419439339,4.416565464045819
333.85879082579515,96.40831437563666,23.77610458553898,4.603806681253457,4.942793998356457
268.6252826818132,103.16506353777952,33.66998755090138,8.53171069524829,12.009544093362663
5256.239836486716,2586.535188429246,1078.7646913603403,354.38333482439214,652.5150263379777
279.51127916548995,67.76711321799719,13.814820432076448,2.223465473600124,1.897243378200018
1069.4265370624832,393.99750118432434,123.61458049706678,30.483365006035672,42.32472393374679
2103.457255510924,939.5383342391845,356.12710519609647,106.14491585700887,177.558296153614
279.9928048194207,104.31058561975001,33.022291976333406,8.240796553750553,11.511832445043686
214.65438711068578,31.685581880302657,3.967581978179507,0.3807510736210029,0.1982102300864951
190.02617845934276,28.710214188203313,3.6964911826613394,0.36325205891511686,0.1936804744431807
16429.98082122504,11550.296972036751,6876.359687546725,3219.7149738304583,8444.425038836594
379.2438647159568,123.50733670644306,34.14817597004594,7.494120071676246,9.329313302072357
359.0892097715836,124.54696875075163,36.59582336028649,8.435245644802839,10.967635252143557
1.839267686009407e-08,4.119744844001505e-12,7.911932631445603e-16,1.2097550999276948e-19,9.948976541769087e-23
215.0031564718955,46.375781701593496,8.504178441922488,1.2052922315172427,0.9168916619782924
690.5867031539346,210.59775823246744,54.68521986391892,11.230987140574353,13.05085010327245
292.1881671605251,107.12185396088103,33.43562611444451,8.249767925479588,11.503250777266292
132.70346006043792,1.4483305010441654,0.016780095958886465,0.0004965153686256683,1.919134022671948e-05
438.1105005469997,153.59617160732867,45.76132428178605,10.887900667260528,14.627386454159868
698.7634031345071,260.4144945682463,82.63499087779222,20.696018641394165,29.41059898067563
424.72380038669996,156.9457717536053,49.556250892866196,12.328086016312142,17.187524085464688
223.28886230087758,63.818054805035864,15.617187504900864,2.9509386208794317,3.1164767343254693
307.27422394199147,103.8845421852452,29.555063732728215,6.551471023553328,7.774423106662701
361.3119834106171,123.3332894796693,35.83512381685038,8.155777868500765,10.493789278862186
6107.367771731445,3108.148302794388,1340.7851231223772,455.03947089166184,867.1236698971633
282.8316210235474,90.08784339585125,24.800616589137565,5.369594027277292,6.558835938356123
167.65355262978258,27.50359392833521,3.861346719445139,0.41194360073056496,0.23862926894069203
282.1441367172756,73.36461901903296,16.323810870044504,2.87689532999818,2.805631028835879
711.3276463432619,217.2004967067413,56.29271572288701,11.457753665819062,12.966036805028667
15.493644873751075,4.279438402518369,1.0190072319235897,0.1818570650717811,0.17737006221796275
15313.02303297955,10119.051159081753,5663.695740719439,2495.05699742811,6164.865547266492
2641.6004324920427,1387.6993542954763,617.1395996744557,216.2220743299886,424.37843936126774
583.6779382515559,240.25552304255726,84.38948707559315,23.356220439488986,36.09676066052749
42.71790279403057,0.009557270664586278,1.8333472434253889e-06,2.8000010751243617e-10,2.300052365815836e-13
312.48677401328604,78.51252996125902,16.867324235936856,2.8297203046137436,2.713277604342843
380.9624575092718,110.7595907434698,27.516643683823155,5.3433571183078294,5.9105824849811786
347.38023937801495,119.86906035914046,35.09734402585808,7.975537129140475,9.683581634254171
727.4771966091816,207.83741173102962,50.640063195489816,9.68025985820396,10.40716974014843
547.876399481152,159.8285012616299,39.587316969689084,7.5048789288288935,7.7041709157217575
6212.974159760852,3755.92814535942,1923.0941398871933,775.4998750819151,1754.7467703751224
254.63210914591173,64.13265226161286,13.668945594114684,2.2861662304683033,2.029111704658428
248.3259966854812,67.6415667297002,15.628495741239865,2.797280821530867,2.683860537595748
2778.585729588016,1611.8840575613974,793.909133169111,308.01831027846794,666.3294318717938
209.1918043966426,35.04873730989461,5.101089735902231,0.584833576421199,0.34741236384219065
722.6236365501455,177.44431106354781,36.95024073678655,5.962746059943071,5.15926580830695
338.10030336250566,139.56398752641437,48.78307459607725,13.272922885263013,19.867449556300304
498.3771826262461,140.0646555607816,33.52424867061964,6.313318773593341,6.737358529801562
549.8390589784236,164.29745333770984,41.655704123313846,8.296843160722712,9.21568699538149
1021.1282786532847,321.63338071198797,85.52963601825456,17.907546996432984,21.045476485735534
531.0789799250755,162.16117093789188,42.185055719123895,8.703795849074448,10.270548163740482
324.99119266072194,84.73561895916215,18.87168556203098,3.3328838733061437,3.2950637705802057
551.1189739499914,192.4188044198234,56.93799078000385,13.25922985756525,17.038707864542946
368.91754062105775,75.36782158931774,13.165731021622156,1.8385236184651124,1.5150446144132614
322.0360389110134,94.48862405824332,23.5911365697022,4.644348656666666,5.298607293953033
305.2224379887891,119.30445645505279,39.61714299553795,10.225165899085974,14.962440601035132
5913.6929786831915,3442.3997770334267,1699.2840140574142,660.8247310649026,1439.896270007361
326.38105052194135,116.98502950418668,35.438176918428354,8.463413796076246,11.270362558886191
176.3166920755922,48.37883307212586,11.239184234544084,2.009445092315231,2.0186584354765094
1153.537811033965,354.20717737191944,92.42985455529289,19.011561828714814,21.967907597267182
522.6364236590082,177.46943026383343,51.108223675623655,11.552815059531465,14.33949970696023
501.4204439454661,134.19278933085,30.773068947884326,5.5613358379146,5.8229736397357295
325.3656437997413,82.29140341709547,17.41888820013854,2.872554574331003,2.551071325543088
1041.3609940550652,331.11254808557453,89.64768784030122,19.155222651408298,22.856197883417078
173.5782404458795,21.340539837049445,2.3731616374383275,0.1916174800938359,0.08381486413097101
1.839267686009407e-08,4.119744844001505e-12,7.911932631445603e-16,1.2097550999276948e-19,9.948976541769087e-23
346.8378373030748,120.10268328892532,35.21318584096292,8.083614935613712,10.361135364887945
150.85141421481572,52.58135650390697,15.48830787131321,3.618554179168834,4.713165345624977
8280.374835043498,5261.957675999209,2829.046144006487,1195.6479681233725,2829.114453085056
394.46741918454546,78.49882014554034,13.289720449393748,1.740765954689338,1.3100791712595559
6314.212825856795,3739.2396966251595,1873.1158057873906,738.0749286233407,1629.0472737941316
6488.621085708242,3610.8995664336667,1703.626507233012,632.5711772672355,1315.4149729885767
446.8298174446477,131.23194121294887,32.343928886829126,6.234132628927061,6.751533685301817
325.70160946086486,58.69959942795892,8.842806806993416,1.0646847307541536,0.6753567433018217
5522.321465379216,3365.60175984214,1739.9752657291501,707.9935894671734,1614.8311433559593
205.04575339731778,63.90541610812868,17.015096216591072,3.5635707402462,4.202422634779247
6263.914431683063,3789.7603479848935,1943.2201298701045,784.4837535968895,1773.9673586165688
105.40324323896427,28.896928957148425,6.836155703335938,1.2684173593191566,1.4143141300358089
462.58858709640526,126.26002831428784,29.075862073288633,5.30673943458357,5.357495730282398
3291.7309965710424,1818.2306741464658,850.6075755752726,312.97803918905265,645.538783945607
6241.000326693463,3633.795862455196,1793.0342524925748,696.1065375965838,1514.9646032628104
297.1860578641797,80.65632969293729,18.492661798788728,3.347823344771117,3.3015979866867187
3538.7392695295084,1995.4375708297214,953.8861814800458,358.7140424900921,753.9593888070075
12928.086787862838,10152.036475358047,6754.396308402128,3538.3483875499546,10389.877181247362
6437.5559001530555,3457.6764177912946,1572.6039878459605,562.5921091991765,1127.616856355004
302.613310856915,88.25828031794181,21.666890648016405,4.232417694492122,4.636242815041507
368.93557767716896,97.29993101932178,21.871164662786256,3.853357259399905,3.773423206219869
270.2260594954193,97.42510095200062,29.863436278440133,7.133176357459513,9.444952406261512
587.1323957197449,161.8173356916224,37.74384432756755,6.8814077135263245,6.932343304901283
216.8192238041798,50.966498684684616,9.994294125191765,1.511718317098187,1.2465751794963087
1.839267686009407e-08,4.119744844001505e-12,7.911932631445603e-16,1.2097550999276948e-19,9.948976541769087e-23
12475.273176649314,8702.609981724328,5162.76370392461,2414.2411037399233,6311.407829780153
128.53021882271116,54.2025911130634,19.170577224888927,5.359428644450226,8.32470198780913
534.0122034002251,119.61438763072836,22.783438387594835,3.397622644721424,2.7773512114549583
439.9578910725017,113.46024601953852,24.9233002859642,4.290606300119268,3.906041457355566
848219.6168367736,437909.32347090606,191565.29757419284,66047.26307391464,127565.66021033071
26076.23418719361,4940.5785132742285,793.5275771782093,100.493677902359,71.28461278324698
15176.873869745516,1056.4273844049935,62.40829449828956,2.9291350549261814,0.7196346048660085
