410080.6537991497,271371.0962906199,234333.8530110643,167188.43281214818,119118.84376454432
101037.26121033836,61121.30696031969,48265.93413676077,31510.49925438081,20529.600381820812
2936.3034539591486,696.2301983408142,212.27475313858739,51.35217299530653,12.489511191407143
84.92617465394359,4.546730289794082,0.30366561578221046,0.01676851026726492,0.0009243385077247384
39.536985034859725,21.67973343238828,15.559759530872796,9.296834478881603,5.534439728126667
98690.67120998821,57127.46968397366,43155.569374577135,26945.83908250526,16790.786669032805
82.86017515314657,14.010402292448301,3.0267096690441315,0.524243388601077,0.09105018437516404
96.48816912799779,17.484461455356477,4.0774131170069685,0.7571441755660637,0.14104738931711497
105.55465663719312,5.555971850148695,0.36639789582467414,0.021147277198510048,0.0027692135453100323
102.59557571224069,9.327168599506326,1.053331997721075,0.09838320702013245,0.009186357192144416
96.05747332527872,0.02061711420844379,5.765837834205372e-06,1.3328780496826872e-09,3.0693943564721785e-13
77.67583666307226,4.285690742177058,0.35830232854679844,0.020650679037508116,0.001188218960871745
104.35405832777734,2.6343776792455293,0.08320459755034243,0.0021724421503776276,5.655984452709689e-05
91.82862282886539,9.857269078022929,1.3186627457016462,0.1501136720668348,0.02173319613343398
46.55425119200348,2.2329970568081774,0.15608482857591527,0.007795263273947534,0.0003885543307008381
99.34182634089075,2.619176188359336,0.0863873364218172,0.002355425175530778,6.404225660614221e-05
110.94215697926295,7.152908881773358,0.5746289985636168,0.03817068697774065,0.0025321799940427455
113.87239254816247,11.445528665135761,1.5474790717489522,0.16106022357081973,0.016764653914294964
62.8034458166879,21.232660460881874,9.56249320480956,3.3883320944836335,1.2589719096394318
118.67625499160168,5.362922814892733,0.30780829004969673,0.019186666830222295,0.0008946948293397047
105.27959999815637,0.022596487934167405,6.319394835462857e-06,1.460842796080373e-09,3.364075681979757e-13
98.79480609706098,17.268328347357212,3.933610550676832,0.7064630333012121,0.127256238894477
45.570841326679954,0.009781011384980696,2.7353840566696857e-06,6.323336644950018e-10,1.4561582596925414e-13
130.67593310041752,49.7055163175425,24.434116652328516,9.64883300412573,3.988235160355997
88.18483697822414,10.76530739074953,1.8396739803009226,0.23367886500384985,0.029711159647974338
114.50369169930084,0.02457628342001856,6.8730697872965395e-06,1.5888348088942298e-09,3.658819797465712e-13
1013.1753091615001,249.72953659353743,80.11827011505484,21.06124820175366,5.476858615196178
138.02808028040124,18.011947128364007,3.1134157389704895,0.4194900180871776,0.056592024746314196
402.6394376165837,82.7985032607495,22.18048321458132,4.99076477758344,1.1157412881893063
121.39857750162344,8.416208816016452,0.7788931760541726,0.0559117232580738,0.004009020088069462
98.10306611526612,1.972460977756079,0.05053009433105316,0.0019740459832150517,0.008151698434106623
76.30238886746245,0.0163803277758397,8.667630022821577e-06,0.002500792090482706,0.002538654643238129
93.54249363733615,47.91859909568557,32.68648402847456,19.366673542503154,11.350656614869346
73.13964294283144,0.015777612170224078,0.00047449173386250766,1.0968737501934558e-07,2.5259160801753564e-11
68.88809396460859,0.01478566582800778,4.134999232828118e-06,9.558801116804078e-10,2.2012314036939222e-13
81.55237165950834,0.017503839131598965,4.895170919094196e-06,1.1316075920135355e-09,2.6059022860300713e-13
141.17906347970248,12.134085197919232,1.2962770204587042,0.11452694832626135,0.010113487089632367
69.95345355099077,0.015014327268967433,4.1989473088866536e-06,9.706628699453405e-10,2.2352736139338456e-13
131.45212904062868,22.314523029118373,4.885911901606044,0.8509576031423053,0.14861812741182567
121.86058918788726,8.77292062182739,0.8733097609873363,0.065287068454162,0.004875794521068988
100.30648239560638,3.364471141867806,0.14107372299612658,0.004890179517499009,0.0001690842394961864
122.6507940284071,0.026324921327849714,7.36209858664079e-06,1.7018826904079606e-09,3.9191500877064324e-13
5889.23464302314,1188.1911108677687,312.0510738334525,64.56433965661188,13.412328638555984
153.18196298752304,3.5510715697171342,0.10301532013591863,0.0024704257112433195,5.906985533546571e-05
55724.17136470645,34536.658052065046,27965.084719932776,18705.340926337063,12472.346854995485
117.71665414226321,14.312750321294752,2.269315183832063,0.2844042025577887,0.03567555855155834
193.70376523418983,23.022887600020713,3.387330713616033,0.41231668703666835,0.05022712152582095
7358.246567075384,1659.5852622987745,486.6889785244588,115.64211616115597,27.995531420106854
133.50635131772665,15.284697570779118,2.316944013888686,0.27404135737438823,0.0324335011018158
37778.66530222129,19762.256951615298,13495.615342453464,7602.804585299613,4272.381545684608
42807.466733935435,22508.347733793442,15466.470108525928,8769.070378485849,4948.5899795722335
7923.46256238452,1973.8163039569897,640.634640130005,169.69359551423537,45.16327617433459
6226.31820809402,1295.881191669157,348.1091768007579,74.14107674931398,15.857972701453098
3284.9124363324563,1313.7946589887943,688.2279429783376,296.4876496209992,126.33481313300119
43127.403679593546,22542.31704598163,15378.592124360946,8665.80861425469,4859.569154733368
7586.253039124697,3658.4126485015013,2304.379420494671,1195.959562130708,616.79297621031
56.9585941980792,0.012225200196111806,3.418932499903776e-06,7.903482916974082e-10,1.8200394152795696e-13
93.99844195260833,0.020175177901985242,5.642244733331725e-06,1.3043072615364394e-09,3.0036006284436223e-13
55.86459930065418,0.9190141390198839,0.01893125768361426,0.0003223682811301247,5.471861366216159e-06
72.06526161077124,0.015546447816238783,0.00047401682251745986,3.761518169030242e-07,0.00035217189618745294
145.0919224502798,1.4188498188517513,0.0230331306843141,0.0002341268716730064,2.371629406043287e-06
77.2471849137603,4.735795110650076,0.3877486128727569,0.024619320692691977,0.001560902363462379
67.81846192152565,0.014556157870373043,4.1444438210236976e-06,1.3458344097822037e-06,0.005631804630188825
108.45872909039895,2.645556771398949,0.08074302590222593,0.0020371494269559084,5.124899959941941e-05
26.815676197729296,0.005755531970668025,1.6096076132160688e-06,3.7209000980401506e-10,8.568608181851403e-14
53.62374513908336,0.011509431172244048,3.218758601818721e-06,7.44074462542142e-10,1.7134785561707076e-13
78.39411867092272,0.016908196567510386,0.00047771927360134464,1.104334794010633e-07,2.5430976113674166e-11
133.9008111724585,2.7041223816389954,0.06835719127782242,0.0014284469760986857,2.9758943380799096e-05
4836.712741245602,979.4585574591977,257.2303589188382,53.37738237693782,11.121075853994894
61.43805000494676,2.4427778379468252,0.12133781274592802,0.0049827908176017545,0.00020415218421361307
4077.0479449874733,1410.2980402774806,637.6196339342814,237.22101104078882,88.49594145518294
161.20995410829084,2.74852045741751,0.05867497085025602,0.0010354362277247152,1.8214360682194193e-05
52.49110269280194,0.011266328601835612,3.1507718805015604e-06,7.283580981352291e-10,1.6772864077394818e-13
61.34613105019977,0.013166910874547078,3.6822938512404016e-06,8.512290473525377e-10,1.9602375735957815e-13
45.570841326679954,0.009781011384980696,2.7353840566696857e-06,6.323336644950018e-10,1.4561582596925414e-13
140.9605115021278,1.868444140506456,0.031021746738331243,0.00042575799727105244,5.823915764914598e-06
1.7773066088557243e-08,3.819095230051293e-12,1.0692923246488222e-15,2.4747187963629235e-19,5.705445363707165e-23
97.0025146953479,1.5110496102416173,0.0367643187432375,0.0005954482456186428,9.612974769211458e-06
89.86643351992429,0.019288312082826935,5.394221443444134e-06,1.2469721771294356e-09,2.87156755568906e-13
53.43722857543729,7.299984564477882,1.2315396079465235,0.17192944590096756,0.024037080825197666
59.16444486069343,0.012698648783332989,3.551338410311595e-06,8.209563206960518e-10,1.8905245669358218e-13
113.52540272288111,0.024366310214837462,6.8143481137217395e-06,1.575260228408431e-09,3.627559817796524e-13
104.29222777245704,0.022384565162947366,6.260127940984981e-06,1.4471421778885498e-09,3.332525458635488e-13
52.489338162207325,0.011333248341544741,0.0004606416017114731,1.0648566563032977e-07,2.4521860886577616e-11
62.46269814688864,0.9265891648360927,0.017214380945283162,0.00026436778012577767,4.046766535258057e-06
91.31081859592759,1.77804089769745,0.08896599548687133,0.0018290556466837137,3.74884700120577e-05
45.570841326679954,0.009781011384980696,2.7353840566696857e-06,6.323336644950018e-10,1.4561582596925414e-13
82.59099286100779,0.01772676162986325,4.957514026941044e-06,1.1460193327505201e-09,2.639090105197453e-13
98.11835050958533,0.021059446687193704,5.8895417296918525e-06,1.3614744500143125e-09,3.13524706506334e-13
66.73103520798345,0.014322689599296582,4.0055220504808676e-06,9.259491113214293e-10,2.132305335320835e-13
1.7773066088557243e-08,3.819095230051293e-12,1.0692923246488222e-15,2.4747187963629235e-19,5.705445363707165e-23
47.913269408159856,0.010283774008325981,2.875988009579902e-06,6.648368197902936e-10,1.5310075690158195e-13
136.88417774983697,0.9644390893192585,0.008516323774325983,6.216287330687069e-05,4.5212679191626123e-07
210.3719395949355,1.3457415031718039,0.015303918780921332,0.00010173095113836812,6.738187738110529e-07
147.98363743659638,0.031875119724811926,0.0005138353690485204,1.1878237027277814e-07,2.7353585502473412e-11
87.98695238986349,3.9610327399701157,0.22265238680791793,0.010347235207989414,0.00047986059156709325
144.33507625148343,10.15639733776186,0.9722156617004242,0.07094379212868689,0.005171257011312982
126.71254134499668,0.027196706785170586,7.605904461813764e-06,1.7582428428690488e-09,4.048938055881887e-13
51.35797658132186,0.011023122220861537,3.0827561272412817e-06,7.126350224678136e-10,1.6410788044021478e-13
138.87299917943943,0.029806743665390018,8.335834423906961e-06,1.9269793998544105e-09,4.437510015533193e-13
139.9509748094917,3.514887127197363,0.11044677283611777,0.0028689701596345853,7.431148279767504e-05
195.37850340440008,0.04193469575160356,1.1727570254786774e-05,2.711040687961208e-09,6.243071517139616e-13
165.16029402065465,0.035448867502409005,9.913726012218226e-06,2.2917376749419157e-09,5.277487079673945e-13
117.58629187647969,0.025237911481966965,7.058102477768404e-06,1.631608473137888e-09,3.7573203644653517e-13
162.12295544124723,0.034796954077939646,9.731410143497258e-06,2.249592053348919e-09,5.180432789449605e-13
133.86132425411586,9.016333892589648,0.7938949290441316,0.055280460127825934,0.0038446358469212964
59.15380216166754,0.012797450433357463,0.0008836785956557598,2.0427834375371585e-07,4.7041872706689776e-11
118.59903007898266,0.959426996109345,0.00972652279191782,8.150912537157549e-05,6.806484198991319e-07
136.81524441774744,0.02936508136191563,8.212317951447789e-06,1.8984263257567653e-09,4.3717570799843566e-13
122.6507940284071,0.026324921327849714,7.36209858664079e-06,1.7018826904079606e-09,3.9191500877064324e-13
54.734338294512355,0.011747801234790443,3.28542181720747e-06,7.594848745356624e-10,1.7489661475636964e-13
66.73103520798345,0.014322689599296582,4.0055220504808676e-06,9.259491113214293e-10,2.132305335320835e-13
75.24878251510616,0.016430799258804543,0.004945599192269105,1.143265002494193e-06,2.6327473450727406e-10
137.67699375750882,9.702929819696795,0.8514764170968239,0.06178756345801832,0.004478708168514767
60.39850610538381,3.0731317014202113,0.19511763780423608,0.010242510857061845,0.0005366723032293464
72.07963911202036,0.015470677087701994,4.32657133152581e-06,1.0001654788079744e-09,2.303213168618336e-13
153.24313241113404,5.063064711335384,0.20912942987126565,0.007141098736514274,0.00024322380227719933
43.18277692504429,0.009268453696325722,2.592040789344263e-06,5.991972669615142e-10,1.3798506998168883e-13
82.59099286100779,0.01772676162986325,4.957514026941044e-06,1.1460193327505201e-09,2.639090105197453e-13
75.26493515319859,0.016154347082292554,4.517768328402647e-06,1.0443641343425705e-09,2.404995251303128e-13
79.45684082023136,0.017054068831120744,4.769386942298011e-06,1.1025303431393413e-09,2.5389422639804657e-13
184.2781190068444,0.0395521857296394,1.106127106828916e-05,2.557013539480628e-09,5.888372855546118e-13
178.25236672894033,0.03825885978003163,1.0699576040710863e-05,2.473401170072924e-09,5.695827607425055e-13
232.79687513379895,65.40725742071004,24.218084687671105,7.236936092176278,2.3569562066669962
47.913269408159856,0.010283774008325981,2.875988009579902e-06,6.648368197902936e-10,1.5310075690158195e-13
154.08914473596315,1.8781934258436002,0.028678300976618203,0.000361972295086355,4.553389980912574e-06
51.35797658132186,0.011023122220861537,3.0827561272412817e-06,7.126350224678136e-10,1.6410788044021478e-13
124.72550292439666,1.8530711825759163,0.034479918654290245,0.0005303387033081468,8.13061341638833e-06
21.153624129370005,1.883914701391035,0.20846260593589833,0.01907775790547075,0.0017452677698139535
53.62374513908336,0.011509431172244048,3.218758601818721e-06,7.44074462542142e-10,1.7134785561707076e-13
44.77647282968242,4.644894490258035,0.5976045836277131,0.06359909301271352,0.006769699489414409
102.21856449871386,0.02193948836606093,6.135656562077661e-06,1.4183683598364555e-09,3.266264186822751e-13
90.89737478552155,0.019509586212566325,5.4561035640980356e-06,1.261277352311105e-09,2.904509972275045e-13
43.18277692504429,0.009268453696325722,2.592040789344263e-06,5.991972669615142e-10,1.3798506998168883e-13
54.734338294512355,0.011747801234790443,3.28542181720747e-06,7.594848745356624e-10,1.7489661475636964e-13
49.072251839443155,0.010532530011624472,2.945555785205685e-06,6.809186735924887e-10,1.5680413781582392e-13
44.39085280692894,0.009527746779592028,2.6645553932082873e-06,6.159603335879125e-10,1.4184532277169334e-13
54.734338294512355,0.011747801234790443,3.28542181720747e-06,7.594848745356624e-10,1.7489661475636964e-13
178.40339739472444,4.402980649106188,0.13596092187967324,0.0034706587843977865,8.834037801509453e-05
181.2883841815518,0.03903547404681165,0.0005283704707796065,1.2214242281056157e-07,2.81273491862086e-11
100.1991074614493,0.9527632489108602,0.011351837809758791,0.00011180269355063538,1.0973127982229388e-06
149.68540672121162,0.1395399668327239,0.00016949536215124836,1.7018107820831126e-07,1.7022042977223154e-10
99.16523095090791,0.021284178802983895,5.99083291276466e-06,2.7683352944070337e-07,0.0010559868520458318
138.87299917943943,0.029806743665390018,8.335834423906961e-06,1.9269793998544105e-09,4.437510015533193e-13
176.46833901833747,5.906385674947685,0.24714214931904327,0.008549112470884412,0.00029498077231647626
69.95345355099077,0.015014327268967433,4.1989473088866536e-06,9.706628699453405e-10,2.2352736139338456e-13
34.26953409435216,0.007355376670182333,2.057024502119687e-06,4.755185430761685e-10,1.0950393645265104e-13
181.25407920504364,0.038903126663162806,1.087975345703239e-05,2.515052449586685e-09,5.79174351084159e-13
97.0958432088558,0.020839982765560858,5.828165856725328e-06,1.347286303172603e-09,3.102574145095073e-13
142.8946751814913,0.03066992849186246,8.577235023431624e-06,1.982783529200168e-09,4.566017555831039e-13
83.64507362869327,0.017953002262892433,5.020785093316569e-06,1.160645587941337e-09,2.6727719151347563e-13
169.05776312048332,3.8078598739903446,0.12099056343312985,0.0028286492627430846,6.59357483326573e-05
174.2388379874834,0.037397423625436126,1.045866447948543e-05,2.417710090804752e-09,5.567580402474634e-13
73.15364768106318,0.9363462285419576,0.015012689990281002,0.000198971239273548,2.6282705341031063e-06
7147.769624600705,1577.8322973804698,452.87206961545974,104.78935133244178,24.662262962756316
93.99844195260833,0.020175177901985242,5.642244733331725e-06,1.3043072615364394e-09,3.0036006284436223e-13
125.7217370334829,0.026984047374699494,7.546431556813706e-06,1.7444946016064915e-09,4.017278164601692e-13
60.26334102709931,0.012934508284751383,3.617299515395741e-06,8.362044271512668e-10,1.9256383959254035e-13
93.99844195260833,0.020175177901985242,5.642244733331725e-06,1.3043072615364394e-09,3.0036006284436223e-13
169.19355596282134,0.03631453905523691,1.0155822056350643e-05,2.3477025689291888e-09,5.406364833948609e-13
155.40252377937375,8.086822418829868,0.5874033949882853,0.03175039852465373,0.0017130908317631477
5928.096913656595,1110.3138674654817,269.3086575954889,51.726272739727534,9.969431870593123
79.45684082023136,0.017054068831120744,4.769386942298011e-06,1.1025303431393413e-09,2.5389422639804657e-13
157.11756037843864,1.8803669691976947,0.028191264861116117,0.000349377545065904,4.315282825375443e-06
148.97629009226125,0.0319752444120775,8.9422831985678e-06,2.067171039516401e-09,4.760347823317285e-13
117.58629187647969,0.025237911481966965,7.058102477768404e-06,1.631608473137888e-09,3.7573203644653517e-13
63.513654186744944,0.013632133105661456,3.8123991566848533e-06,8.813052497641635e-10,2.0294980179165028e-13
168.11304132132148,0.03608262483766989,1.0090964300002252e-05,2.3327095215570284e-09,5.371838363202554e-13
105.35222373265333,1.8291981930525611,0.03976588452426836,0.0007146240450414429,1.280177005900828e-05
161.15485002211113,0.03458916660132601,9.673299736675996e-06,2.236158778266033e-09,5.149498212397964e-13
134.16488082392956,6.279250584524007,0.3668808114374745,0.017722505302233113,0.000854376279659225
58.051252341905986,0.012459720811345762,3.48451916846204e-06,8.055098403546591e-10,1.8549539161936057e-13
213.4255459779749,0.04580818861981671,1.2810841730332127e-05,2.9614585479704063e-09,6.819741803258482e-13
137.9158763016518,0.029601313405778262,8.278383242757905e-06,1.913698516748811e-09,4.4069263716184355e-13
69.95345355099077,0.015014327268967433,4.1989473088866536e-06,9.706628699453405e-10,2.2352736139338456e-13
133.802981402915,0.028718549983848162,8.031507240357307e-06,1.85662864866458e-09,4.275504047525055e-13
159.24084166267562,4.3432436315491625,0.1481782693220721,0.0041791750491787585,0.00011754119435301582
56.9585941980792,0.012225200196111806,3.418932499903776e-06,7.903482916974082e-10,1.8200394152795696e-13
205.19534185769302,11.280056178019581,0.7734380738950046,0.04384768138153677,0.002481587758995884
173.3383593762855,3.5953820742496343,0.093344186442995,0.0020033302042108143,4.286477514870478e-05
132.80192965611502,0.02850369113447525,7.971419234334582e-06,1.8427382156382189e-09,4.2435167124870004e-13
117.6082987575227,0.9588788729407899,0.009797149554992618,8.274442859145599e-05,6.963808920308074e-07
80.48507133050077,0.01735807223576594,0.000478976381439778,1.1072408269101216e-07,2.5497897172082596e-11
60.26334102709931,0.012934508284751383,3.617299515395741e-06,8.362044271512668e-10,1.9256383959254035e-13
181.25407920504364,0.038903126663162806,1.087975345703239e-05,2.515052449586685e-09,5.79174351084159e-13
143.99033297514922,0.9661833476443247,0.008125607253209887,5.648761301014659e-05,3.9128677002604863e-07
67.81836747639537,0.01455606710532843,4.070789034032807e-06,9.410367589880528e-10,2.1670496546615286e-13
125.97430191931365,5.56932878637691,0.30746087888775886,0.014033071467867577,0.0006391396254897638
23.19352982120493,0.005022868602422343,0.00043545095907276114,1.0066239144260402e-07,2.3180858614670564e-11
165.8168204202414,9.04443162713355,0.6153534067500193,0.034615724930044306,0.0019439135894608413
99.16450127359583,0.021283985278874318,5.9523367985876245e-06,1.3759906697496228e-09,3.1686754818217063e-13
124.71146976530855,0.026870890722110664,0.0005028164244929973,1.162351412748347e-07,2.67670014325511e-11
51.35797658132186,0.011023122220861537,3.0827561272412817e-06,7.126350224678136e-10,1.6410788044021478e-13
103.25177696759711,0.022161249971224335,6.197675011425029e-06,1.432705049869615e-09,3.2992791768203334e-13
114.74244620807406,4.827402754879306,0.2536680454394967,0.011020167882497166,0.0004776993367190546
119.58786798386869,0.025667515986170304,7.1782468335224305e-06,1.6593820212643725e-09,3.8212781825860227e-13
162.89348101297924,10.130985387042836,0.7852787758809153,0.05032988459853283,0.0032211557658226456
191.37001711600837,0.9742482790618233,0.0062172830586384115,3.2796740931155984e-05,1.7237638553272952e-07
52.49110269280194,0.011266328601835612,3.1507718805015604e-06,7.283580981352291e-10,1.6772864077394818e-13
1.7773066088557243e-08,3.819095230051293e-12,1.0692923246488222e-15,2.4747187963629235e-19,5.705445363707165e-23
1.7773066088557243e-08,3.819095230051293e-12,1.0692923246488222e-15,2.4747187963629235e-19,5.705445363707165e-23
41.781525989586484,13.25750036422428,5.489512870732549,1.7723969002976774,0.5771169953085852
32.908189231118385,4.037325484005287,0.6486045457534496,0.0820613033036484,0.01039226316901277
1.7773066088557243e-08,3.819095230051293e-12,1.0692923246488222e-15,2.4747187963629235e-19,5.705445363707165e-23
0.021246765320280765,0.04377302044027579,0.11376465533791844,0.24164308602440127,0.47257640374258375
70.81143753893167,11.592037353776126,2.43852442290416,0.48610912140148,0.08226804244381453
27.84110250193814,6.920643281218106,2.2966948277466614,0.6565628738768546,0.17001577711421134
15.10614852489999,0.003242279633287178,9.067446777311044e-07,2.0961048721221165e-10,4.826977581780361e-14
16363.676111489664,5520.443038049532,2432.529416523645,877.8165376386854,318.1085863583375
281.04418542189785,24.227835122163803,2.595926133806248,0.23003303709055595,0.020373976062419117
36.93263872799668,0.007926967099122289,2.2168770250058393e-06,5.124713546306954e-10,1.1801354851117706e-13
49.072251839443155,0.010532530011624472,2.945555785205685e-06,6.809186735924887e-10,1.5680413781582392e-13
8869.375620968749,3306.3553805902566,1614.4312597067808,649.5751534670259,261.29317314346144
1.7773066088557243e-08,3.819095230051293e-12,1.0692923246488222e-15,2.4747187963629235e-19,5.705445363707165e-23
30.11707171539944,2.564587423869162,0.2714650443964142,0.023764358604021773,0.002079257626937387
8831.343119396859,2744.483536961015,1113.1791507105506,368.4507018219064,124.91625510604959
9660.712829775845,3685.449320150425,1836.6340259787496,748.5019237080634,307.526958662261
35.61693890884831,0.00764457435552436,2.137902307754909e-06,4.942149155613904e-10,1.1380939712148743e-13
353.89915385106156,32.75143501565737,4.008413226630981,0.4080113634979502,0.06754747827348323
160.46330416248918,30.571832571907745,7.7211789320068895,1.5149072990581163,0.29830145319288187
83.77767705685902,3.269690226933899,0.15943504231939654,0.006427223817338379,0.00025849703655896175
110.94215697926295,7.152908881773358,0.5746289985636168,0.03817068697774065,0.0025321799940427455
111.47332716002326,17.39008326101544,3.5699136890338234,0.5737711030932834,0.09242694548831482
100.15278376878638,0.021496103424065913,6.011658331877978e-06,1.3897039186944964e-09,3.20025479166953e-13
362.588643724027,39.45828280642633,5.6341725700630345,0.6328849977355508,0.07112109113404633
76.30681961604044,0.016377969984486467,4.580307313103833e-06,1.0588211555690684e-09,2.4382873438352056e-13
164.73006320036154,20.986276416996155,3.423270371475487,0.4482760808053388,0.05876739417293713
93.15736355027693,5.7913694854215745,0.44871774592240404,0.028747165871903742,0.0018390778066588787
132.50716268702422,41.8535366026983,17.55571792466999,6.3011631396146806,2.2866203410264565
200.77406792077548,40.47594268912677,10.719651899102303,2.2681082776100117,0.5182299980351115
279.393402626531,36.903144451248885,6.023186818039493,0.813463810300926,0.11000299286378261
25.083558962015896,0.00538376226202507,1.505637492566149e-06,3.4805542964030924e-10,8.015132155051957e-14
75.49803850158773,4.426120240835994,0.3235259260093543,0.019552992108596425,0.0011798883662656244
39.810893414580256,4.087733253924772,0.5206351422801566,0.05485021003387064,0.0057794552417648705
172.76371464044087,14.737289299669948,1.5626745329898504,0.13703637332542945,0.01201090449190286
128.89922027965272,6.229325507581303,0.3757596795036976,0.018739868229089324,0.0009327657679645721
150.31112863659197,5.745930565614885,0.2744506146254079,0.01083748546321756,0.0004269448649693278
80.39049445439456,11.375709191109314,1.9865894560011537,0.287106259443315,0.0415612005969345
182.5237753264448,6.762962723776196,0.3141005829475789,0.012838068645279763,0.0016730319812426355
374.86106686816777,19.190851955577816,1.3315425279869866,0.07067635067963086,0.0037445156937679323
108.90123884570616,11.8631251937174,1.6017647485743167,0.1789051020072381,0.019990108661668345
38.24225139119003,0.8874460594093964,0.025770801962518235,0.0006186450441170071,1.4807429440666618e-05
959.571800301353,88.17731078400271,10.643301552939604,1.0104377633755068,0.09590356092896565
128.74383456453867,0.02763268956556623,7.727832583511694e-06,1.7864287408639785e-09,4.1138454465155084e-13
131.40400039992332,8.56125104780961,0.6949630246217474,0.046647253903748825,0.0031269725808103434
93.99844195260833,0.020175177901985242,5.642244733331725e-06,1.3043072615364394e-09,3.0036006284436223e-13
342.3145188276015,20.51455252587418,1.5326236898442125,0.0946741637283503,0.005839463667138162
21.075349004420996,0.004523467694549615,1.2650451906774684e-06,2.9243815296151613e-10,6.734359655265653e-14
85.72483902916146,0.01839938877821356,5.145622751618116e-06,1.189504078122383e-09,2.739228172643908e-13
2518.7228075810176,758.9458819817905,297.72666595858016,94.9936156951361,30.064288763543875
62.43827774166295,0.013401321715169771,3.7478498199344424e-06,8.663834991790545e-10,1.995135731700203e-13
54.734338294512355,0.011747801234790443,3.28542181720747e-06,7.594848745356624e-10,1.7489661475636964e-13
184.2781190068444,0.0395521857296394,1.106127106828916e-05,2.557013539480628e-09,5.888372855546118e-13
0.01728256122443726,0.04332385336829982,0.13717026111804412,0.3356343034403143,0.8455532492364246
137.9158763016518,0.029601313405778262,8.278383242757905e-06,1.913698516748811e-09,4.4069263716184355e-13
73.12905491839616,0.015695916465578726,4.3895623841816015e-06,1.0147270037459854e-09,2.3367459156517203e-13
213.75982687910354,22.403814379085617,3.0647938739941387,0.33142252446082243,0.03584862847306802
84.66676194291527,0.018172290402904374,5.082111806720309e-06,1.1748223706579964e-09,2.705418665431082e-13
77.39794155231142,1.7772320159558208,0.05106897568186854,0.001213102052780844,2.8731475304441997e-05
32.88679046376798,0.007058594104850684,1.9740254884642784e-06,4.563318148629124e-10,1.0508555509278441e-13
18.55172012298471,0.003981813380031988,1.113564682390463e-06,2.574206845109224e-10,5.927966151630544e-14
33.56264640672725,5.478808049152505,1.100331557262262,0.18293902545031215,0.030490163411617234
32.88679046376798,0.007058594104850684,1.9740254884642784e-06,4.563318148629124e-10,1.0508555509278441e-13
46.484006937058666,6.87138916863515,1.2524423850796345,0.18893614154580957,0.028555380940753296
112.47068721862472,0.02413993334632421,6.7510389473628505e-06,1.560625165715049e-09,3.593857725659603e-13
25.083558962015896,0.00538376226202507,1.505637492566149e-06,3.4805542964030924e-10,8.015132155051957e-14
15.10614852489999,0.003242279633287178,9.067446777311044e-07,2.0961048721221165e-10,4.826977581780361e-14
388.9458911470804,37.05802885369234,4.38369893738824,0.42890262920880234,0.04195817147205693
36.93263872799668,0.007926967099122289,2.2168770250058393e-06,5.124713546306954e-10,1.1801354851117706e-13
29.992927081446176,0.8994263575024302,0.03397925074472417,0.0012772665898485472,0.0006271797966976333
35.61693890884831,0.00764457435552436,2.137902307754909e-06,4.942149155613904e-10,1.1380939712148743e-13
1.7773066088557243e-08,3.819095230051293e-12,1.0692923246488222e-15,2.4747187963629235e-19,5.705445363707165e-23
7400.065903429682,2453.0110430883683,1064.5203091406406,379.22320914909125,135.014944196527
96.18695919933394,3.34324845290763,0.1452476754666618,0.00521677247222149,0.0001869023820559582
33.00217660119738,16.45295313911065,10.890456565459285,6.008703059527663,3.1145970064385455
337.8069921982419,16.3487084693995,0.98758628815723,0.0493235191219711,0.0024585777444335218
1.7773066088557243e-08,3.819095230051293e-12,1.0692923246488222e-15,2.4747187963629235e-19,5.705445363707165e-23
1.7773066088557243e-08,3.819095230051293e-12,1.0692923246488222e-15,2.4747187963629235e-19,5.705445363707165e-23
15.10614852489999,0.003242279633287178,9.067446777311044e-07,2.0961048721221165e-10,4.826977581780361e-14
55.849804411204566,0.011987217196166142,3.3523775314871767e-06,7.749629029558887e-10,1.7846094482345036e-13
1.7773066088557243e-08,3.819095230051293e-12,1.0692923246488222e-15,2.4747187963629235e-19,5.705445363707165e-23
43.18277692504429,0.009268453696325722,2.592040789344263e-06,5.991972669615142e-10,1.3798506998168883e-13
288.1677564738735,41.22122109466664,7.746565228050941,1.1421109512313061,0.16868111706211966
31.460514753174568,0.006752468113815534,1.8884134671455436e-06,4.365410425092819e-10,1.0052807250936873e-13
37.571781540333674,5.323755037577463,1.0603669735019983,0.156463077809538,0.02312749562585342
72.07963911202036,0.015470677087701994,4.32657133152581e-06,1.0001654788079744e-09,2.303213168618336e-13
1.7773066088557243e-08,3.819095230051293e-12,1.0692923246488222e-15,2.4747187963629235e-19,5.705445363707165e-23
1.7773066088557243e-08,3.819095230051293e-12,1.0692923246488222e-15,2.4747187963629235e-19,5.705445363707165e-23
1.7773066088557243e-08,3.819095230051293e-12,1.0692923246488222e-15,2.4747187963629235e-19,5.705445363707165e-23
1.7773066088557243e-08,3.819095230051293e-12,1.0692923246488222e-15,2.4747187963629235e-19,5.705445363707165e-23
1.7773066088557243e-08,3.819095230051293e-12,1.0692923246488222e-15,2.4747187963629235e-19,5.705445363707165e-23
4675.019499145252,2717.1802745314785,2061.303802281245,1289.9623247510588,805.2763708144703
1.7773066088557243e-08,3.819095230051293e-12,1.0692923246488222e-15,2.4747187963629235e-19,5.705445363707165e-23
20090.4861604856,10293.219824776425,6877.761856434252,3801.425495946368,2089.3222200101864
59.16444486069343,0.012698648783332989,3.551338410311595e-06,8.209563206960518e-10,1.8905245669358218e-13
78.44969560334732,1.7796758081061315,0.0505242709676665,0.0011857301446239225,2.774516889193656e-05
100.41380883106994,4.70715206166409,0.27546531743477176,0.013327809202491672,0.0006435404117232342
66.77997526131067,0.9309126469057576,0.01625349184074595,0.0002345826718816712,3.3745239177149114e-06
121.04550642153336,7.561091288379487,0.5910104097048982,0.03993316530599885,0.004821978445993392
1.7773066088557243e-08,3.819095230051293e-12,1.0692923246488222e-15,2.4747187963629235e-19,5.705445363707165e-23
68.93499796527423,1.7542948676847772,0.05585432011892922,0.0014700867470746918,3.858261873253737e-05
108.41015641943652,0.955700527603325,0.01055741835742029,9.64045606744667e-05,8.772386188425566e-07
49.07141938715975,0.010532366330853438,2.961118269490077e-06,9.514163058581251e-08,0.00035199828090369995
91.9376244067607,0.019732858223623216,5.5185444176362906e-06,1.2757116887384774e-09,2.9377498255235424e-13
65.8665160043644,15.463008270953539,4.895427154567916,1.1852505024993853,0.28850886761361444
78.39082209327415,0.01682526591676975,4.705399301408814e-06,1.0877384387458075e-09,2.50487899174202e-13
92.06491897547386,3.3207111078941427,0.1496920861752808,0.005578556641313855,0.00020738974974670292
62.43827774166295,0.013401321715169771,3.7478498199344424e-06,8.663834991790545e-10,1.995135731700203e-13
18.552062444673716,0.004021946488153025,0.0004304529116602243,3.5728642911573594e-07,0.0003521630237972508
4173.850245856215,835.8764423967118,217.6384929424862,45.20974330224214,9.324982409043082
102.36115165534022,10.127489825239786,1.2434809084430112,0.1262852820073732,0.012825300153184229
9199.329249288974,5760.154660044331,4700.490828093043,3152.7673491178784,2104.688924515722
71.00395927843303,0.015239800579991969,4.262003783918275e-06,9.852395184527631e-10,2.2688411880083184e-13
80.49205215921995,0.01727625945999071,4.831525373573694e-06,1.1168947691725774e-09,2.572021125329314e-13
75.26493515319859,0.016154347082292554,4.517768328402647e-06,1.0443641343425705e-09,2.404995251303128e-13
90.58625853916226,7.70163624027431,0.8139644716995035,0.07114479269752311,0.006215106450865579
104.40929774575022,3.38309904683611,0.13704965830035012,0.0045897387774045655,0.00015331277006401696
23126.165671720122,11572.24875750734,7561.038362898192,4073.6334264570405,2186.5537072325947
19247.842048670347,9919.984523043873,6677.462279835763,3709.1467764163876,2052.450726483144
53.63493081359057,0.9160023688730377,0.019588028399308614,0.0003462593161930333,6.1014464815904464e-06
90.89737478552155,0.019509586212566325,5.4561035640980356e-06,1.261277352311105e-09,2.904509972275045e-13
50.71663027114137,2.1905119758681555,0.1707217401040515,0.010626450721669239,0.008496309076781172
78.59579374076617,3.873619344267614,0.2382694875417693,0.012117411376031936,0.0006150595557374478
120.60288552927736,0.025885372358327826,7.239173134861645e-06,1.6734662414659247e-09,3.8537117769514237e-13
53.62374513908336,0.011509431172244048,3.218758601818721e-06,7.44074462542142e-10,1.7134785561707076e-13
79.45684082023136,0.017054068831120744,4.769386942298011e-06,1.1025303431393413e-09,2.5389422639804657e-13
76.30681961604044,0.016377969984486467,4.580307313103833e-06,1.0588211555690684e-09,2.4382873438352056e-13
105.38123649779963,0.9545789415468137,0.010835157492168346,0.00010166299170924928,9.505500328058226e-07
109.4095669567093,0.023580033303607285,0.0004950725026881278,1.1444499321847818e-07,2.6354760391989402e-11
61.34613105019977,0.013166910874547078,3.6822938512404016e-06,8.512290473525377e-10,1.9602375735957815e-13
100.55620549713714,5.900097507575383,0.4316241439267647,0.026107824394249447,0.0015767397649483878
107.34638898600615,0.023040089281695653,6.44345358621835e-06,1.4895212276470921e-09,3.4301172947321873e-13
77.34640279552771,0.01660109895507772,4.6427081635592015e-06,1.0732462445578839e-09,2.4715059017853643e-13
103.25534425144033,0.022256365269094934,0.0004918240867458039,1.1369406292347804e-07,2.6181833753267564e-11
51.35797658132186,0.011023122220861537,3.0827561272412817e-06,7.126350224678136e-10,1.6410788044021478e-13
4757.45966792556,1207.5227436445405,398.02343970790946,105.99382115804629,28.181751496050055
62.478214584747256,1.7335849090978732,0.060166491792393514,0.0017262391285017505,4.9391102804482716e-05
107.40041623999659,1.8321646860303764,0.039135330374474676,0.0006910191485159332,1.2162740190689587e-05
82.59126542157037,0.017726839578825766,4.977778861520362e-06,9.998821755275962e-08,0.0003520026989007732
75.26493515319859,0.016154347082292554,4.517768328402647e-06,1.0443641343425705e-09,2.404995251303128e-13
120.60288552927736,0.025885372358327826,7.239173134861645e-06,1.6734662414659247e-09,3.8537117769514237e-13
111.47483394740865,0.9569008528379142,0.010293215332794408,9.152480208895626e-05,8.109665090774315e-07
79.45684082023136,0.017054068831120744,4.769386942298011e-06,1.1025303431393413e-09,2.5389422639804657e-13
62.43827774166295,0.013401321715169771,3.7478498199344424e-06,8.663834991790545e-10,1.995135731700203e-13
56.9585941980792,0.012225200196111806,3.418932499903776e-06,7.903482916974082e-10,1.8200394152795696e-13
77.34640279552771,0.01660109895507772,4.6427081635592015e-06,1.0732462445578839e-09,2.4715059017853643e-13
84.65932930178485,0.018397188738320604,0.002953120300443632,6.82667348565159e-07,1.5720682830155104e-10
76.29446122972719,0.016375343900600563,4.607101151828672e-06,1.86493408377512e-07,0.0007039930460678503
69.64492846689315,10.29066705407159,2.0962018790840102,0.3901542728813913,0.07409167738415866
3015.2687695003374,891.3679794265818,343.8207303527755,109.13530045194231,34.48190434645492
2964.793959092774,774.8623602714495,264.3554440354399,71.05830251221131,19.51839845088012
54.734338294512355,0.011747801234790443,3.28542181720747e-06,7.594848745356624e-10,1.7489661475636964e-13
96.06432007745379,3.73982684081423,0.1848249906588497,0.010049224760750358,0.008150844367479877
3224.9058527009456,1008.4321226605999,410.85525881172134,136.62218609908507,45.439671938465494
3916.6593245932877,1153.6667746875296,445.0585174933094,139.17686633043684,43.91948824370985
3002.845144238241,866.2065678748672,326.37696855071516,99.34822953726342,30.34134292414043
2739.9928244244984,834.5195226259693,330.774056045686,107.47461927673271,35.302840580758584
3363.4137437482395,907.8719759449691,319.4069420988481,91.12219807177107,26.140384255562427
3893.0472268561793,1360.988894069676,620.0501087115657,233.58631820892418,87.2651522607379
3053.9690288349548,978.3441683380685,408.592804844068,138.69513699991998,48.744746854277665
32.88679046376798,0.007058594104850684,1.9740254884642784e-06,4.563318148629124e-10,1.0508555509278441e-13
3363.891107904972,1129.2014518323542,494.5631448289327,178.40426719758491,64.82136211019031
4192.350718526915,1411.3110157750957,621.7134280591589,223.89896615287432,80.9475092586314
5363.3761714383645,2150.8414799619136,1127.5995862145385,484.69041335760437,207.68499698238747
72.08117255907447,0.015628900815376687,0.0017185307732625063,3.972695749084471e-07,9.148451289391263e-11
93.14837425413286,4.0031719200689695,0.21485901732827176,0.009534008086127563,0.00042214020849107927
1.7773066088557243e-08,3.819095230051293e-12,1.0692923246488222e-15,2.4747187963629235e-19,5.705445363707165e-23
43.96218104522083,30.67164659389298,28.63596622716767,22.170036583126524,17.145592696814674
19083.072444967387,1952.1010002808357,247.71213295644924,26.000657603087756,2.729472704184808
1.7773066088557243e-08,3.819095230051293e-12,1.0692923246488222e-15,2.4747187963629235e-19,5.705445363707165e-23
56488.62072114599,31535.485343749504,22879.781991141917,13451.010040215186,8284.553904454553
19846.832802546098,11669.948821599828,8938.107442759183,5649.464390265537,3567.8055988515152
37056.522502138,17381.158265722126,10602.332754237477,5222.315767860966,2703.9278641228775
33621.818398929885,13306.622533413372,6834.342534558718,2850.229406181448,1235.4745950216952
14785.311527232114,4442.443416867746,1728.732580020756,538.4270630196703,175.26775819867544
18.55172012298471,0.003981813380031988,1.113564682390463e-06,2.574206845109224e-10,5.927966151630544e-14
1450.6844983038281,270.8401476897358,65.53125636755905,12.548629303531595,2.411197718494133
39.810893414580256,4.087733253924772,0.5206351422801566,0.05485021003387064,0.0057794552417648705
516.6001621205533,160.22961798095966,65.36144369326816,22.194142125672837,7.125710946859626
51.35797658132186,0.011023122220861537,3.0827561272412817e-06,7.126350224678136e-10,1.6410788044021478e-13
15.10614852489999,0.003242279633287178,9.067446777311044e-07,2.0961048721221165e-10,4.826977581780361e-14
43.8583678793618,5.903580195978394,0.981625674734448,0.13506411466361848,0.018609313081036232
3292.210193166998,1001.9020667444969,397.8389324599048,128.77414258317134,42.38269541233771
25.096190966485764,0.8412159752969394,0.035249236195619996,0.0012210718336162383,4.2192182524918016e-05
18.666573406680023,2.171320490167349,0.3127545714195069,0.03726880961386969,0.004444052293467195
45.57580547425345,0.009844793686711137,0.00045546137165167314,1.0528816144489237e-07,2.424609577892142e-11
49.07239951282033,0.01066291098494048,0.0016885004623121487,3.9032752356364144e-07,8.988587502714306e-11
2095.744315693644,630.1388788243104,248.3661437836017,80.35267319435135,26.229002703478816
96.24423015371862,4.026962325156523,0.2104514553325465,0.009092764022927396,0.000391994510568603
25.083558962015896,0.00538376226202507,1.505637492566149e-06,3.4805542964030924e-10,8.015132155051957e-14
1.7773066088557243e-08,3.819095230051293e-12,1.0692923246488222e-15,2.4747187963629235e-19,5.705445363707165e-23
28.440345518634015,0.006104251211843711,1.71901879728426e-06,9.133787200321043e-08,0.00035199473411515636
1.7773066088557243e-08,3.819095230051293e-12,1.0692923246488222e-15,2.4747187963629235e-19,5.705445363707165e-23
2614.9221742318737,759.3177449912649,287.37099437315726,89.1949049082846,27.390532441756775
41.970281446777804,0.009008212021344428,2.51926089975964e-06,5.823728747265834e-10,1.341106949337041e-13
44.39085280692894,0.009527746779592028,2.6645553932082873e-06,6.159603335879125e-10,1.4184532277169334e-13
1.7773066088557243e-08,3.819095230051293e-12,1.0692923246488222e-15,2.4747187963629235e-19,5.705445363707165e-23
210.89253983037005,21.90467774464046,3.048876221094938,0.32774699206716185,0.03524007556873022
1.7773066088557243e-08,3.819095230051293e-12,1.0692923246488222e-15,2.4747187963629235e-19,5.705445363707165e-23
89.2025820604375,86.29124442612982,109.85460343359264,115.67557328058885,120.47769576144007
14673.451913683632,5179.940351137584,2366.035268391709,877.2654018739041,334.1378304300644
1.7773066088557243e-08,3.819095230051293e-12,1.0692923246488222e-15,2.4747187963629235e-19,5.705445363707165e-23
39.48983879237942,0.008475826901031573,2.3703726393545703e-06,5.479546514161621e-10,1.261847559917315e-13
88.80132664701648,0.019059704882546148,5.330288536480321e-06,1.2321929254760267e-09,2.837533420586711e-13
81.69315833878147,12.484644812676574,2.350880340091118,0.3664045863494696,0.05722551583178617
157.11756037843864,1.8803669691976947,0.028191264861116117,0.000349377545065904,4.315282825375443e-06
2448.3412944880674,511.31207776854234,141.79674537835695,30.94590768765188,7.130350339875773
75.26493515319859,0.016154347082292554,4.517768328402647e-06,1.0443641343425705e-09,2.404995251303128e-13
391.9990616409538,0.08458640075722253,0.002816976486140535,6.51195235248312e-07,1.49959329025531e-10
50.44487456691913,15.993100963698245,6.739031959317568,2.185041015308761,0.7145295958958644
97.21463590419623,3.3486801832115485,0.14418414171491684,0.005132308595734876,0.0001822313065502368
1.7773066088557243e-08,3.819095230051293e-12,1.0692923246488222e-15,2.4747187963629235e-19,5.705445363707165e-23
613.4347447650714,23.15002797611591,1.1533163085047355,0.04507273046579759,0.0017573228619007495
1.7773066088557243e-08,3.819095230051293e-12,1.0692923246488222e-15,2.4747187963629235e-19,5.705445363707165e-23
17321.85994509996,12014.98267324502,10892.650860364785,8175.173437185174,6118.726876158584
20787.349003877465,12191.49673144775,9324.335809347353,5892.683323428678,3719.08628392184
33025.51287664608,22642.079342611734,20256.28030237595,14979.192735726358,11055.509750064348
31123.32020709213,28046.70063874213,32994.65031872508,32051.49854020525,31015.86119701372
41182.681000963225,35956.039264428895,40961.514749474394,38504.20595945594,36066.32520594857
160.12974859883238,15.484528063987435,1.9637656828324819,0.19611288821390718,0.01958375068777213
36762.023207503844,34722.1437538274,42782.6333997217,43534.77317948425,44287.38112818132
62.43827774166295,0.013401321715169771,3.7478498199344424e-06,8.663834991790545e-10,1.995135731700203e-13
11393.819876878157,7587.209275270113,6589.045555140175,4721.411748851688,3371.76749591646
79.39540273887987,8.536300181176447,1.137764732705971,0.12544478117015379,0.013835582297562526
31182.211792523765,19831.434312393525,16455.006977974852,11282.269430818189,7722.3478051289585
78.54128126635662,3.2332242243130307,0.16625561282808987,0.00706780706973091,0.0002997931582678632
112.47068721862472,0.02413993334632421,6.7510389473628505e-06,1.560625165715049e-09,3.593857725659603e-13
38172.54263120677,35454.50731013197,42984.48231167448,43008.62538985692,42878.83609875838
169.7680537775078,9.09432507985452,0.6077497916109229,0.033580077559560925,0.001852152807374957
72.07963911202036,0.015470677087701994,4.32657133152581e-06,1.0001654788079744e-09,2.303213168618336e-13
73.12905491839616,0.015695916465578726,4.3895623841816015e-06,1.0147270037459854e-09,2.3367459156517203e-13
27630.356634991535,18700.592893616184,16518.56832056464,12063.785366139691,8800.945640925504
136.43018898666193,13.239391647780211,1.5947661649462281,0.158888907251294,0.015829221117345263
79.50104979986702,1.7825665905729657,0.050019766504221116,0.00116028240586277,2.6834715271876583e-05
41000.9973963272,36673.55047622848,42801.23048691909,41241.97040485188,39586.697857613246
38318.32168199581,28025.158859837687,26738.035472628082,21074.813215305847,16575.46979211679
98.13049037763399,12.964026412118749,2.116361940733701,0.2858834910890988,0.038667226373981865
115.52395067655293,0.024795264776991857,6.9343107049272475e-06,1.6029917583609938e-09,3.691420875117556e-13
171.68527853570046,26.816964107291664,5.546737285859124,0.8935165057557665,0.14426220662005895
114.26233162025778,8.730252079491873,0.830010838542546,0.0652561703274866,0.00512604497127453
20562.08357393592,15898.373737949403,16017.708337581913,13315.258426665765,11071.40987241916
7890.040146310513,4983.62122048905,4106.408544804201,2793.6828143641683,1903.5376552090484
9222.00207346805,6841.955520315927,6617.433761343175,5286.517905922467,4221.766143200517
32190.578302514015,24874.257184042184,25093.962225292336,20931.679830545618,17407.013271732332
15694.93484333866,12012.516152916389,11981.328681567638,9864.570944269775,8117.794250213338
23032.735417092295,15637.249169716604,13852.005712074595,10133.398748080937,7405.30609108419
36802.93497415565,27411.04911419547,26656.138158206555,21446.045212546494,17245.632356963448
21259.455648047162,14788.714742588529,13431.749783371193,10077.849557601328,7544.734935458129
29718.19091201183,20403.085576041525,18293.22653011808,13564.768526695038,10031.692548009287
20649.586075869505,15595.712499442616,15365.320930202135,12494.514059308083,10160.921217817322
31127.953468552856,21885.540860354355,20082.82735261045,15226.244590487817,11516.629164591144
25214.339751887215,21627.88551229893,24198.44279322845,22354.535927835575,20630.198515647924
24400.74021498112,15473.141623227639,12805.42850043821,8757.214237901964,5972.695878556027
21788.052013746095,15316.233275394321,14069.017791320164,10685.697239443669,8093.8208144034315
19313.051825681843,13996.219693003384,13241.096258443482,10353.600709292808,8078.896463394848
34670.11028320079,24904.19897332884,23346.101238391682,18095.888349981375,13985.679619723742
59.16444486069343,0.012698648783332989,3.551338410311595e-06,8.209563206960518e-10,1.8905245669358218e-13
108.37202742566913,0.023260247527421164,6.528208840741559e-06,1.0312731862376866e-07,0.0003520055034734043
147.33471317620555,18.859296102999707,3.3681358317707177,0.4579265395827776,0.0707159317489277
123.6826028668576,1.852805109236036,0.03476060582803156,0.000539086047875841,8.333239030733654e-06
647.2833000755979,182.83956874331614,66.64164513084795,20.052926297825458,5.8239364248815075
3464.092781584828,1125.4746127148194,478.8670523633029,168.18526910141924,58.63219279177688
60.28356706635032,2.6930436690660313,0.1522465077551416,0.008770515664019504,0.004363278545699021
25.083558962015896,0.00538376226202507,1.505637492566149e-06,3.4805542964030924e-10,8.015132155051957e-14
859.4986054016211,189.86025138394479,55.690370271172,13.372085721078852,3.484898028099153
55.849804411204566,0.011987217196166142,3.3523775314871767e-06,7.749629029558887e-10,1.7846094482345036e-13
65.41686480070652,38.8385488237154,30.284910509114724,19.58267313092882,12.687963917596257
157.11756037843864,1.8803669691976947,0.028191264861116117,0.000349377545065904,4.315282825375443e-06
202.62527445849375,17.29334600248247,1.8346206293399734,0.160964494199104,0.014115204084784099
336.57244945530437,0.07223959146143355,2.020271922465683e-05,4.6702251732958475e-09,1.0754744437258298e-12
74.19464319519892,0.015924626991074504,4.453524187354058e-06,1.029512935282411e-09,2.3707954334030965e-13
80.17188026632552,7.4044405350428955,0.8493390975551929,0.08057801347615232,0.007642630892524327
18.999282376842658,3.959834689927067,1.0082336046177385,0.21268250172373848,0.045051981658913796
2928.887158957222,574.2888383934016,145.73548698578264,29.28265467745804,5.906101325812798
148.97629009226125,0.0319752444120775,8.9422831985678e-06,2.067171039516401e-09,4.760347823317285e-13
96.05747332527872,0.02061711420844379,5.765837834205372e-06,1.3328780496826872e-09,3.0693943564721785e-13
2009.445258422394,576.681766408932,213.00629375049448,62.128639085580964,18.253501189341648
34.26953409435216,0.007355376670182333,2.057024502119687e-06,4.755185430761685e-10,1.0950393645265104e-13
49.072251839443155,0.010532530011624472,2.945555785205685e-06,6.809186735924887e-10,1.5680413781582392e-13
4991.708070378806,2983.5888827048393,2327.456136867047,1498.4743344798487,964.2914095074527
174144.9292565204,208265.79035547806,324924.4516359888,417919.56814976106,535458.0785056534
45880.14737600023,49044.392185230776,68400.91195301476,78686.17875550866,90168.9204083181
33820.018392346225,31090.394922603922,37297.50704725353,36892.646299776265,36358.658496961994
53453.76408674874,62455.485756941256,95183.92674043332,119586.98161693719,149665.94732346595
1.7773066088557243e-08,3.819095230051293e-12,1.0692923246488222e-15,2.4747187963629235e-19,5.705445363707165e-23
4432.13439159951,2532.439117676013,1889.3542085953545,1164.5970222633675,714.1902080544294
11273.416568880315,12088.987764202973,16924.0337008817,19524.134140648923,22433.7226246833
5180.003862399437,2786.3729551754,1959.4664212658372,1137.9875551555401,657.9724683663021
1.7773066088557243e-08,3.819095230051293e-12,1.0692923246488222e-15,2.4747187963629235e-19,5.705445363707165e-23
1.7773066088557243e-08,3.819095230051293e-12,1.0692923246488222e-15,2.4747187963629235e-19,5.705445363707165e-23
99662.58644660706,117035.83283128955,179317.60479574342,226513.7104051686,284980.9944108149
38183.98244763496,42839.12363263836,62701.517188469144,75634.65386862689,90849.44054416187
5073.032828649635,2871.8104178526023,2119.046680569884,1288.2461611051776,779.5260456480917
28741.170453129736,24642.12455387452,27546.04707428668,25388.75383391142,23304.986633180306
19689.396878666797,16923.78189741421,18984.212730789128,17538.262392803164,16145.834382390116
7239.94163913627,4228.699684411659,3216.3940585182368,2018.899124631007,1265.3105456773105
3612.490994781687,3215.525331093868,3736.8933457459025,3580.6611491276813,3416.4497299978466
25551.93632913396,23488.62252824615,28175.63547787115,27876.276663566645,27495.43755231901
14080.887821350658,11882.968130871055,13079.876870090813,11856.721683334612,10715.271033537303
8841.006126959655,5928.776455775075,5191.677372397526,3756.9905748632245,2705.5226359210947
22980.318521502544,20303.023094424123,23385.79274377939,22221.004395148753,21027.524752677633
7100.222580275655,4080.193935446881,3058.059844135217,1895.0115820028507,1167.1634818102925
8181.101921521069,4805.606171863009,3687.7597813008974,2339.096822507446,1478.3714132010248
1.7773066088557243e-08,8.531275422012419e-10,8.702813313087368e-07,0.0009335609050448461,0.998141444710513
5757.7263091285895,3202.4677798547623,2320.857758523824,1390.6523670697804,832.1427271082807
1.7773066088557243e-08,3.819095230051293e-12,1.0692923246488222e-15,2.4747187963629235e-19,5.705445363707165e-23
13389.866130143442,7456.53526619776,5417.533173215515,3251.96755077359,1943.085816953068
31217.79361097043,27324.41268639186,31203.227324563704,29393.224403342003,27598.46432022278
3557.1492569150487,2887.428811127982,3061.1127920770177,2677.6955138739427,2332.1694916082965
2363.134833785621,1109.0718790555077,679.3923127575342,341.77583538594473,171.18253272271176
6179.689695598998,3533.191369111431,2635.5750978212654,1625.1038685746944,996.7353188152052
35907.25581183901,35670.16686653674,46229.07076612054,49377.523984262276,52554.584368082076
40566.27200229909,45528.27871903302,66669.55125130698,80510.76037752393,96891.95716976628
4363.394094056008,2496.791968866117,1864.39502360921,1148.3145903970376,702.7356036156327
4690.67116294354,2756.7451114996798,2115.5178882315117,1339.8415864580818,844.598812179106
4467.987203833275,2629.3943462528187,2019.4273045218256,1278.9695548664904,808.5637948171473
13489.399976907813,9904.211562166392,9477.971978702853,7489.966379167148,5897.018046558843
36405.6221388242,38470.47428375843,53028.03801531859,60225.06099365741,68161.46237697537
33327.38381828866,29408.811046924548,33863.52641146564,32171.3799778919,30461.698502637206
6458.696341607308,3704.137029193604,2768.130348234446,1708.8772745419983,1050.4235177417163
25236.003135754658,22076.387893695875,25200.967929967414,23700.327757673385,22197.367187661355
1.7773066088557243e-08,3.819095230051293e-12,1.0692923246488222e-15,2.4747187963629235e-19,5.705445363707165e-23
32332.593435559436,32880.217685793534,43629.40405273589,47710.816773414714,52007.94080732211
22944.128953727515,20047.966159610096,22851.581951081662,21469.46308044522,20097.20119929178
7414.443823724919,4827.653153574932,4103.999402844793,2883.6548611310413,2018.598501868847
13873.396737041709,11293.96036891996,12005.390887687641,10508.749050533988,9157.510894005123
1.7773066088557243e-08,3.819095230051293e-12,1.0692923246488222e-15,2.4747187963629235e-19,5.705445363707165e-23
4599.991473490088,2553.6796730748792,1849.2643789644296,1106.5457291903208,657.7332528528548
24181.745885851622,19180.1852486741,19847.682000844965,16944.931112239934,14407.511397112643
5807.669061984757,3286.065489759679,2429.480080976899,1482.7089238879478,905.4808048171662
7403.304717478415,4139.70254773496,3019.1131214731813,1819.8467063842795,1094.5085329975518
1335.7321182998055,507.3346643753156,249.87483948111208,101.16372901039219,39.98458414201607
3834.477226981055,2151.3785862457157,1573.3050452744485,949.7926480438919,571.8167731695136
1.7773066088557243e-08,3.819095230051293e-12,1.0692923246488222e-15,2.4747187963629235e-19,5.705445363707165e-23
28593.07496062522,26198.50596635018,31337.65520529592,30910.45432195813,30376.32290604363
31207.254931820586,28862.479238794138,34850.98837402204,34699.47193166589,34414.45409555538
34695.484461470296,36745.51484932951,50761.066682505974,57780.45005648169,65507.82784988114
28437.675028184934,26379.2527503606,31915.100490234552,31841.703170359993,31638.69311952338
36354.89721681776,37502.39825049068,50488.23477982191,56003.29647451592,61864.12440435296
32072.758634251342,27272.50499570204,30257.223362747463,27679.117987096488,25232.27037464483
1.7773066088557243e-08,3.819095230051293e-12,1.0692923246488222e-15,2.4747187963629235e-19,5.705445363707165e-23
11823.66995998166,9504.227024810587,9973.052004991343,8634.331502195735,7443.419927513084
6674.352082438703,3545.5379338309804,2460.2422433229644,1407.9923056938821,802.7065871001123
6728.403311524542,3915.7847109681807,2974.703646478098,1865.5346253020928,1165.0813030374798
5158.932745500114,3002.2298941248596,2276.324484282314,1425.2932038737526,890.0684320925473
13090.541528673484,8886.556349761939,7870.041721014745,5744.770609196098,4184.73426252117
14709.578242571422,10406.706765286806,9612.111472713717,7334.056637741447,5569.153363481206
52804.52388929625,64828.94224938644,103851.64925748234,137131.9021124893,180359.75595374376
41216.457832123226,37565.20926301077,44680.53769691364,43826.72541653731,42834.55373791191
3452.837274192757,2031.0698567202305,1559.1555593626947,986.0117862083054,621.8769609179709
31479.147429760767,27654.177834633414,31700.448245202973,29987.370954764283,28275.410530326066
4858.261417963214,2835.630911992222,2158.8893134583964,1354.2744922758948,843.3283393676543
3146.681001573268,1415.5393795782068,837.198672067388,408.4622699641954,196.20348544391507
18961.586701850043,19669.505701033857,26625.219613945777,29678.957360279415,32934.19785215408
1.7773066088557243e-08,3.819095230051293e-12,1.0692923246488222e-15,2.4747187963629235e-19,5.705445363707165e-23
23133.932591873545,21307.597722777107,25601.106663467843,25356.215830459107,25011.98474610323
1.7773066088557243e-08,3.819095230051293e-12,1.0692923246488222e-15,2.4747187963629235e-19,5.705445363707165e-23
1.7773066088557243e-08,3.819095230051293e-12,1.0692923246488222e-15,2.4747187963629235e-19,5.705445363707165e-23
13349.588583590212,13088.749812024862,16737.226826226666,17628.339166494618,18493.08687478516
3982.237284790356,2369.4832040407173,1837.5338859110477,1175.749086859952,751.4690524949579
7913.851193244168,4632.619343201345,3541.3938920694504,2239.5226128526183,1409.8133869301791
4617.198751627976,2705.65594885075,2074.066886401071,1314.7526961619658,829.115659181268
29687.4572143465,31425.347454317798,43385.52810949505,49369.26474355511,55921.433721218855
30755.969623411518,28319.163267910088,34037.42331448099,33764.12723321027,33353.808046041544
6842.501567353473,3824.177083896736,2782.024103200763,1669.7336720662006,998.8633468990797
5057.963805433616,3008.4500816348345,2336.500611575625,1496.3283266961312,953.4083556523864
1.7773066088557243e-08,3.819095230051293e-12,1.0692923246488222e-15,2.4747187963629235e-19,5.705445363707165e-23
1.7773066088557243e-08,3.819095230051293e-12,1.0692923246488222e-15,2.4747187963629235e-19,5.705445363707165e-23
6274.986349212296,3617.2535747374955,2720.0737973328564,1688.856715948111,1043.9909265006195
25824.18755631447,27421.63167266479,38022.76572274975,43452.1058755037,49434.44323191736
1413.1629877841815,744.2515595308628,509.6614100404421,287.7686944777156,162.105591749518
5414.9604456526695,3145.159362521643,2388.4762826585334,1496.4734113327181,936.2150758481761
8195.121027806352,4753.6164227153395,3597.547571301407,2250.423746655206,1398.2816068031352
5981.54490474095,3562.5530853669325,2768.5919605421723,1778.777539324369,1139.1920497194624
23429.71699088647,21765.88325833314,26404.77455428644,26435.433124509138,26354.245992986635
1.7773066088557243e-08,3.819095230051293e-12,1.0692923246488222e-15,2.4747187963629235e-19,5.705445363707165e-23
8989.69834280931,4979.56228571178,3600.632027302986,2148.8591060681606,1277.874472873296
1.7773066088557243e-08,3.819095230051293e-12,1.0692923246488222e-15,2.4747187963629235e-19,5.705445363707165e-23
4239.939364913238,2442.781139977202,1838.1416243271128,1140.5906736436182,705.9660560317401
15941.274860182746,18310.310366711663,27472.738210159285,34026.03402910999,41913.90119999216
31430.2139886283,33342.03815991039,46139.948626613215,52648.473626008716,59804.19566042331
6145.394788908466,4769.7562177474065,4826.410768703517,4030.632237346264,3352.872541973596
20997.10611495894,16490.93538538081,16906.313665328686,14309.487416593718,12067.351299281316
1.7773066088557243e-08,3.819095230051293e-12,1.0692923246488222e-15,2.4747187963629235e-19,5.705445363707165e-23
4322.729120747291,2426.7273325670344,1776.6525831147378,1073.8700482408258,646.4562221045157
1.7773066088557243e-08,3.819095230051293e-12,1.0692923246488222e-15,2.4747187963629235e-19,5.705445363707165e-23
24778.402810900054,22395.422837470185,26412.864130042035,25688.628555506188,24900.775296862335
5216.20654040243,4333.626832682562,4690.920149781587,4184.867946288821,3713.793215543688
30526.614389698327,33392.66151288096,47653.193913731935,56033.46184132969,65600.86061577607
25905.435067537626,23062.35089930083,26782.368003649237,25642.512110187556,24455.64174130941
3141.4094838508986,1803.2612251759958,1351.26578169071,836.8068872168018,516.406920174245
80110.28923034367,92960.54530577948,140750.56459785113,175668.66309771957,218406.73977602934
5388.622119665861,3227.458388614042,2522.764464670209,1631.0331237250446,1049.4412341953087
4762.435123868343,2666.32068629978,1950.594433881009,1176.5605228868922,705.1590365795082
6662.332914892838,3737.2439082633537,2733.6853692979257,1652.490170455958,998.2353030648759
20803.574461677992,17913.082638746346,20129.611504917975,18647.457763543563,17198.660123467434
6276.175696074509,3532.515365169388,2596.098882279931,1574.7174580056364,950.6088081892741
9647.539517229472,8719.659789450245,10283.370985064495,9995.380907889985,9680.227279846733
21220.637890291324,15342.538692342889,14481.270100168622,11273.12922906,8742.663284795222
4900.478150569847,2948.303655992707,2314.11363689007,1498.281819935696,962.7932193092414
24925.57822992468,23000.19466654306,27701.57786724572,27500.49563590752,27194.64779697326
7100.222580389026,4081.138753916108,3062.9392093809056,1896.8295418953542,1169.0819585054487
9820.180301787608,6578.883191564757,5750.544102452821,4143.942450818325,2973.068011528053
4932.043084285528,2908.1802808803745,2239.0740277020413,1419.684015296713,896.8005744010699
4205.313333948251,2414.781919370465,1807.8467895334668,1119.525798238876,693.6352078722337
1.7773066088557243e-08,3.819095230051293e-12,1.0692923246488222e-15,2.4747187963629235e-19,5.705445363707165e-23
4942.003054341038,2870.4357027958968,2177.175288378506,1359.4020068513616,846.9142136035382
1.7773066088557243e-08,3.819095230051293e-12,1.0692923246488222e-15,2.4747187963629235e-19,5.705445363707165e-23
46760.15148268011,49285.129825197975,67790.5927732215,76876.35875325168,86816.91647544259
23920.409431418273,20980.834684864298,24004.511149812322,22656.90933966237,21307.832856197092
1.7773066088557243e-08,3.819095230051293e-12,1.0692923246488222e-15,2.4747187963629235e-19,5.705445363707165e-23
3604.2441680464303,2053.334500922356,1527.7475877568475,936.9403358596189,571.4950835875798
1.7773066088557243e-08,3.819095230051293e-12,1.0692923246488222e-15,2.4747187963629235e-19,5.705445363707165e-23
7144.075926082916,4895.794321533759,4384.795001075114,3240.7442852319555,2388.030064498528
6757.8610234025655,3812.614436886608,2806.278316620012,1704.2256563578617,1028.2718078099274
18693.319684263875,17067.16186148526,20344.679165893,20002.360545574622,19578.27121029463
24787.233534213025,25872.580115817796,35224.08123085128,39520.691643278755,44160.659228698736
46208.40712580964,40086.21317923278,45394.19256158723,42414.27589672501,39478.51782103598
8163.033882005677,5345.934884061878,4569.511454376357,3224.4242817721743,2264.747869986207
6633.541575688612,3851.185864791216,2921.438356261255,1833.3670702768613,1144.279501506313
5369.56957272307,2978.408572365036,2156.924898122249,1289.6130241446047,770.5565605062084
4184.552415258827,2350.6625971712083,1726.225989486026,1044.6071364840184,631.517697761199
1460.5838669143852,721.5431753824744,466.77994403107147,249.24191665257956,132.84284540151612
1.7773066088557243e-08,3.819095230051293e-12,1.0692923246488222e-15,2.4747187963629235e-19,5.705445363707165e-23
7171.673412064659,4858.665171505504,4294.186811680819,3127.141080439324,2266.169832483949
20444.525379983184,19111.602861326173,23308.270621651267,23459.229437743896,23515.728614903335
0.038985404849397665,0.0958374934743044,0.29750485960410783,0.734962807760916,1.7897786519135759
20008.711132261913,20393.483010483673,27105.650703297066,29696.03322736965,32405.77023115575
1.7773066088557243e-08,3.819095230051293e-12,1.0692923246488222e-15,2.4747187963629235e-19,5.705445363707165e-23
1482.923677253101,644.4830760844554,366.1867828228712,169.94526159098353,78.66320836343091
16914.46845692214,14707.635926460463,16695.052364387124,15650.25064166701,14612.386906326245
1.7773066088557243e-08,3.819095230051293e-12,1.0692923246488222e-15,2.4747187963629235e-19,5.705445363707165e-23
9213.609355266148,5272.323322671734,3936.633461373046,2429.1607672090768,1490.9900054968566
40931.79140226154,42087.42951898834,56474.41274227681,62452.09962882635,68778.16323938136
23366.778262931326,19790.59665435541,21860.548897327877,19899.8837600599,18069.315933014193
48009.14072893186,54594.49201713114,80966.92134010076,98971.53886090129,120487.66906511471
7001.763614680854,3816.1996966870947,2714.939248666488,1592.7083093369213,929.2286995493897
1.7773066088557243e-08,3.819095230051293e-12,1.0692923246488222e-15,2.4747187963629235e-19,5.705445363707165e-23
1.7773066088557243e-08,3.819095230051293e-12,1.0692923246488222e-15,2.4747187963629235e-19,5.705445363707165e-23
5293.546494488191,3121.8369944472975,2400.4772052663016,1523.5417988518766,964.0948790826234
3316.74279439017,1754.2904678024058,1217.988077241116,700.4557424270997,400.59813578561847
1.7773066088557243e-08,3.819095230051293e-12,1.0692923246488222e-15,2.4747187963629235e-19,5.705445363707165e-23
5231.0319748061,3135.970699115339,2459.091180944063,1589.6675540321187,1021.0437108677099
44796.12552741598,46770.070181469055,63686.64781264897,71468.71574339845,79847.62927342352
6200.725847612375,3639.375634371508,2791.0253296689816,1767.3654765931121,1116.5248726561747
1.7773066088557243e-08,3.819095230051293e-12,1.0692923246488222e-15,2.4747187963629235e-19,5.705445363707165e-23
28834.939548223763,31203.07719406955,44056.367780174056,51290.40281438895,59469.87835424734
4805.111056109122,2654.3960981806745,1910.5563484850456,1135.8259109715407,672.0098990538339
20090.961018740585,20827.715718309864,28177.80784419182,31423.14986103626,34883.0657560584
4168.669634152574,2372.326260617718,1765.7914079514596,1085.5009269727507,665.5993118799757
5629.452159135937,3098.69278158856,2227.6136773704907,1323.0111148079864,780.9205297578661
32994.799205513176,36554.189473796614,52842.148371272335,62952.33041353804,74733.06528089366
4598.071806182543,2573.99749615862,1878.2900593564261,1131.031536237979,678.4074941196691
1204.7587418766002,613.2142959920998,406.5465724168134,222.01007116406413,121.07292267411621
5347.103971595971,3071.6280080275724,2305.815629728557,1430.1051244092992,883.3439888188444
11493.69478765479,8359.176105413258,7932.766983507829,6209.72054376021,4846.626529494735
5778.9734546800955,3398.2875534025807,2606.6085001652295,1653.0176299025818,1043.5010806948724
3187.6234207249972,1849.1940382948317,1399.7928355728345,874.3990961487101,545.075488679099
1.7773066088557243e-08,3.819095230051293e-12,1.0692923246488222e-15,2.4747187963629235e-19,5.705445363707165e-23
23699.465955718155,21961.134843631407,26564.715068037338,26518.16057554693,26361.235692811275
5857.473715460672,3231.5225729452927,2327.9919235563975,1380.8194983215271,814.5191163443766
4041.3653571371574,2311.0078111279163,1724.102062932374,1060.7448170466423,647.9461218918137
6884.767733890324,3980.085795668487,3001.75380350615,1870.861953530586,1161.3399899188862
4013.356138596678,2213.7709207169646,1591.1519888567352,941.4293882297975,553.9529628414437
5234.169114635592,2973.6243024009837,2203.530778415891,1346.9870376266451,822.3246552513194
5568.140975405926,3246.0822822122523,2471.4311380734284,1552.8120678129676,973.1566837041421
1.7773066088557243e-08,3.819095230051293e-12,1.0692923246488222e-15,2.4747187963629235e-19,5.705445363707165e-23
4912.036681462641,2525.8932582562156,1695.8744461053857,940.2766243345297,516.8292364235114
9299.346211884436,6211.156789593026,5417.472485133179,3903.9919415853046,2805.1583591629187
39411.4366558426,44664.539366442186,66064.6834946594,80500.15834170119,97671.64457808262
10258.03665263595,5802.100993482821,4284.188072429732,2610.226892174437,1586.324690316166
10892.965737758268,8426.8959356676,8498.399843568406,7070.3068219969155,5854.003728362066
5194.378398566411,2932.3738674634787,2161.7207552711116,1316.5627274587432,799.961265908499
2979.8286058527897,2410.829219808049,2542.7244016868344,2208.5771316520077,1904.9764882877994
6488.833132738565,3733.4811399886794,2802.009754809369,1735.450392153297,1068.8519801183957
5906.152200063344,3713.3959313144683,3043.8231619023964,2055.510846616383,1383.5068149221854
21498.709034598905,19062.74684292773,22061.09999150097,21054.39641003547,20020.654686749647
19394.96770738438,19871.886311752434,26551.237207455673,29225.551853889363,32036.82944706774
11128.147539815682,8939.883723228955,9368.147361172038,8090.78198674589,6967.094878059465
4458.246699505458,2526.273228066444,1867.925376465132,1142.524084436901,697.4220731442672
7199.6163872554325,3980.748043084762,2871.4741447127362,1708.58420311108,1014.6942744354535
4117.956905385087,2434.6512487279197,1880.5363302350754,1199.9149798446795,761.6461539388988
6047.329879823615,3301.273631598197,2347.539202544944,1374.542542913195,803.9257025483289
9230.316396694341,5753.222765050806,4681.490627773057,3136.694080900867,2094.1386536685663
7166.862572803607,3880.9206014669685,2742.391635682746,1597.5916770329418,928.133275728759
4847.949005591522,2853.447335593297,2193.53553720919,1390.2097045130524,874.1657195406588
1.7773066088557243e-08,3.819095230051293e-12,1.0692923246488222e-15,2.4747187963629235e-19,5.705445363707165e-23
6357.344933601401,3619.1266785394064,2690.670531713094,1651.6287738812268,1008.4959864240159
7213.46292601813,4044.9843038699723,2957.6014425179,1783.802205355962,1069.9949027374792
7744.315594777636,4232.0313346055855,3015.6321084951674,1773.308770756468,1038.162791238224
3153.17835468864,1569.9481806458762,1019.7680037641165,549.6378989889319,293.33020762973524
1.7773066088557243e-08,3.819095230051293e-12,1.0692923246488222e-15,2.4747187963629235e-19,5.705445363707165e-23
5515.760512280855,3085.488115129483,2255.081348180346,1361.1457394079216,819.6973371035837
5937.508126667759,3325.65648383277,2431.3643644827607,1466.4475342817523,880.0883084220823
6272.484603358643,3538.2317539318874,2607.3787526628225,1585.9748364724585,957.8109804532303
5867.1510572906745,3525.824199849427,2765.117114784361,1793.2607758220138,1155.7751701634597
5714.373821389833,3307.838428262422,2496.8470048582158,1555.0780541079575,966.6021549621361
3793.287341433405,1988.1717422551435,1357.8749698748047,763.93907985527,427.9945819450872
4598.071805594559,2659.2781781261215,2009.7698502529324,1253.3707631117243,778.8078367099563
5772.707824129363,3320.3503448442934,2487.488358213757,1538.9846926816886,950.661355554231
6830.558203063385,4028.967457507507,3105.613468274006,1978.5353769563035,1255.3163577897574
7744.236200368213,4116.719039967638,2849.8797877054944,1629.1929417312465,926.4142508632435
6622.1482952039905,3839.1668812995335,2907.3109698136504,1820.7355002181378,1134.5398344404214
4219.241593521067,2229.225070789547,1537.478673106873,877.4746085335029,497.0285734432893
1.7773066088557243e-08,3.819095230051293e-12,1.0692923246488222e-15,2.4747187963629235e-19,5.705445363707165e-23
29889.25219101263,31033.57347953294,42041.50113966446,46936.472921878296,52176.37959787034
6206.867350696514,3446.862910219799,2500.576943989233,1497.9593769763915,893.7677386214482
1.7773066088557243e-08,3.819095230051293e-12,1.0692923246488222e-15,2.4747187963629235e-19,5.705445363707165e-23
7515.488921899873,4276.06599363685,3174.150792154958,1944.4216448420218,1188.264914311771
5372.896924986138,3022.570606477327,2213.013148652361,1338.1654274555096,806.7866400571834
6122.248668733663,3398.1288409195727,2461.217333068279,1469.9669522989345,876.4337566106044
3423.1493192429675,2026.6768404620502,1564.0472049367718,996.1709273168782,630.1357683041756
11225.261383288664,6897.75494483668,5528.885108060377,3660.239220750739,2413.870829318945
13582.037678980321,12068.204835976137,13988.549305001568,13369.925820938468,12740.267356261638
12175.469017240552,7036.994638500896,5305.701961276163,3297.4689116299655,2043.8575878980414
4381.076075849133,2502.8607454090534,1868.468134291192,1146.6741642144507,703.8657922580408
4359.273607172565,2401.6256190847853,1727.9137582823114,1027.8973242814586,607.6801225865083
4986.690386689013,2774.916224115406,2011.4202651545834,1200.3403510429484,713.1991829748364
3994.17360272282,2238.9639504407783,1636.4220246114028,986.6401505970097,592.0306863523231
27418.20268023369,24404.092130276233,28340.594460014603,27144.060138141343,25909.92846754968
6519.332537663619,3901.1271248464204,3048.374498767846,1964.8875022464454,1259.4909748731948
1.7773066088557243e-08,3.819095230051293e-12,1.0692923246488222e-15,2.4747187963629235e-19,5.705445363707165e-23
5594.11497577557,3120.5251136977313,2271.1194197337722,1364.9309746300319,816.8370559264275
5172.110259675796,3061.258391699796,2365.8053595429833,1508.4969857533656,955.3283824268597
4119.552424739672,2309.03318276544,1690.5606002093136,1021.7151968427123,613.5463446587137
7439.537846292541,4044.1432869436294,2865.819593220748,1674.7810078516704,975.6477886245178
21925.298500653178,18006.500668594086,19322.71184429031,17117.707160159982,15100.19270273891
545.4293930204353,260.92197589361626,163.66314362320284,84.88211200761799,44.269805352184726
6309.2223815324405,3677.605080724026,2797.06772264218,1757.8901393079361,1099.5369286789905
2024.4513100452007,1094.3028374859432,773.710346531034,453.49330391111636,265.766636759877
9357.634735429448,5088.751269396019,3607.697964219004,2110.603499228006,1229.702683078197
4128.920037840255,2416.9310954342354,1846.2202487153556,1164.142633963077,731.5464676461369
22813.55623197315,20066.019054258082,23025.597624965663,21774.916417157623,20515.727046709188
18458.256064605073,13364.846587133306,12632.589212331091,9868.33822547122,7684.95158293038
7186.8582637353875,4191.652163925703,3193.9918499016653,2008.8519351098494,1260.9467962892356
5735.621036934063,3352.9422218483546,2555.392545739615,1606.48480268305,1009.3146268644418
4446.888827987357,2406.759392851577,1699.274282161947,989.7064549443686,573.8602302709636
5314.671782270814,3151.557292403221,2435.192820957748,1555.2581760541061,988.137979458691
23630.018035516925,20788.921889668964,23877.32324009983,22628.70814951126,21365.127232212773
1309.6950373605036,502.24178076598224,250.2071239690265,103.61161283855293,42.26100732616469
6194.090226768794,3710.6035434338214,2902.6536514661043,1875.7314813456185,1204.4867541502467
6809.866705218008,3852.4482639119233,2843.1762785446313,1729.7457701166984,1048.1095549057115
5814.91565760962,3226.022319023511,2334.2770822211273,1393.7603819370177,829.8369995024143
8727.117366840142,5928.571642960505,5252.7091312817465,3847.582844305239,2814.7125379651775
5676.464529413141,3276.6095212998466,2471.946263587419,1542.3096708929693,957.626729963268
9166.638620830388,5188.749158468415,3828.398313300035,2330.882850735782,1415.818345320667
1.7773066088557243e-08,3.819095230051293e-12,1.0692923246488222e-15,2.4747187963629235e-19,5.705445363707165e-23
3929.8757119436636,2209.8120619480487,1619.464697259391,976.0542021039098,585.341510267087
7029.0798164638045,4000.029724986703,2966.5324059737877,1816.9005532627687,1107.8895842396912
3995.751763627538,2258.0041713868864,1666.3902777459089,1017.8701913306859,621.2257883066468
7703.5612242439865,4265.5362725905525,3078.8716282593878,1837.425456901609,1090.3071524880638
9536.622633092611,5476.941608524906,4107.250875433167,2546.667033456957,1574.1894787104043
5508.1186113370295,3038.5847040485614,2185.1591773794867,1298.3338907484806,768.0836814800629
6014.759870500213,3402.1692318802407,2511.504821370367,1530.7730843913625,930.8483480867561
5265.364513644825,3066.8134668966113,2330.0085457894697,1463.08798986648,915.858897778543
1.7773066088557243e-08,3.819095230051293e-12,1.0692923246488222e-15,2.4747187963629235e-19,5.705445363707165e-23
5178.1983151928,2722.20092250269,1864.3673743311126,1055.8210904801194,593.5184872766794
7437.761577991746,4249.604435411096,3169.522624490422,1953.0479049504424,1200.4641992597883
1269.6194608079309,518.497154783289,275.70254783065513,120.26535650688035,52.53575066314907
11421.572008260444,6625.136703924223,5023.99773315313,3145.2042747755963,1961.2395789817526
6479.5455550023735,3839.188326144935,2967.5329211081234,1892.655647506381,1198.9792548379376
6783.816858590429,4039.4670514616255,3137.769013367087,2010.6652672890998,1280.9574948121879
1.7773066088557243e-08,3.819095230051293e-12,1.0692923246488222e-15,2.4747187963629235e-19,5.705445363707165e-23
5158.656011011508,3076.668467257839,2399.0216537792485,1544.199368492112,988.7717663755069
1.7773066088557243e-08,3.819095230051293e-12,1.0692923246488222e-15,2.4747187963629235e-19,5.705445363707165e-23
3822.0498424349234,2133.3688221090806,1553.8126525936755,932.0140809992447,558.0123657581516
1.7773066088557243e-08,3.819095230051293e-12,1.0692923246488222e-15,2.4747187963629235e-19,5.705445363707165e-23
7185.585029728401,4271.853571766261,3313.1579505183936,2120.9419858699152,1353.2374272844013
5088.535576847181,2740.0515493264693,1928.1440877104928,1115.8783437950776,644.6111142716157
5315.595629204825,3027.861423001619,2250.418166437816,1380.2714057152236,843.4268484008275
4573.460975675577,2570.588290988135,1886.0032624626979,1145.0035029941812,691.8971971982293
4917.706447221238,2785.529429386766,2060.4295612156975,1254.6496292630493,761.0716435043008
6980.053697212286,3934.0330169521762,2891.8010102003104,1753.7056766392097,1059.4897795396
1.7773066088557243e-08,3.819095230051293e-12,1.0692923246488222e-15,2.4747187963629235e-19,5.705445363707165e-23
7119.115160304275,4017.8986404432776,2962.80746672758,1801.5705799675293,1090.4972184729945
6587.184317192456,3861.9000706654847,2956.2592800664493,1866.459519615616,1176.890772632102
5719.58756509412,3276.4026546284204,2447.992202415907,1508.6912612236802,927.3761457667329
5038.862042379323,2900.5862390534608,2176.9634805376777,1353.9751303104076,836.7080797931752
1385.6063203497638,596.0877277377559,335.2375875981074,153.8536103687664,71.238409009296
5857.399814506365,3359.4153520419068,2512.9939720334405,1552.703504495512,954.2530697138434
4612.955142570435,2644.33556783037,1978.6753390326567,1222.5187362050806,750.5995581527956
1.7773066088557243e-08,3.819095230051293e-12,1.0692923246488222e-15,2.4747187963629235e-19,5.705445363707165e-23
3209.190396751134,1825.8211521115354,1357.4901804445537,831.8475086522882,509.7487057164968
4273.416777309109,2448.9715037104156,1830.6825042113264,1126.4547675674617,691.1342771238477
5825.985989491819,3210.272698303574,2304.889571514871,1365.5044272287762,805.2592687092044
10980.62806729386,6320.285701677268,4748.161691643045,2944.54225475747,1816.6267141858445
6288.498715417309,3489.219331000953,2523.676852814309,1507.2974414411126,897.8315030421303
5616.521886784446,3377.921469078121,2653.0442768808,1711.3091371678793,1096.362379612146
5676.887577034965,3084.6734691088686,2186.838168096352,1278.7791539115624,747.6856464997536
30047.043750994806,27466.57531255071,32771.81339095805,32245.335268501352,31607.20164871351
1396.7482036837048,757.4086953114144,537.7103170743808,314.4591023788709,183.84883181524097
7311.285636163323,4076.4493869360103,2966.857986829101,1783.9652380459947,1067.076733022108
6932.534357647931,3977.8589206947013,2980.2601307624236,1840.9832000086594,1133.3900726269155
5318.813117082627,2955.8623758268927,2145.8534677104803,1291.2482136520014,774.7988960444073
1546.1427785974786,780.2298962544912,513.575006939191,279.042156461785,150.6756932575349
4368.3139336219765,2559.527987249923,1958.3321855311128,1235.9891903745456,776.7692735711745
1.7773066088557243e-08,3.819095230051293e-12,1.0692923246488222e-15,2.4747187963629235e-19,5.705445363707165e-23
1851.3715281441569,1034.8517508843622,756.6274962107685,455.8989288770517,272.514565251518
5686.532058635193,3166.917053596049,2302.5399501730517,1381.4446500699871,823.50311315661
289.76918411021916,193.27548312406162,169.02916722083688,122.26804872440994,87.93567860843768
6337.33711467602,3541.4122742450004,2584.3500657491863,1555.648656608127,934.3936667038238
4834.576466879915,2808.676234634196,2129.0583264381357,1330.3323850790425,830.6579979784237
3595.7710576017002,2173.0393142509606,1714.020190363722,1115.4404089802827,722.7153634793566
953.3830351025796,408.5264878315547,228.74703042407697,105.665964428645,48.39041563433544
12055.288134998787,6649.779345353175,4787.430877483883,2842.0335388917483,1682.6866424344546
1424.5121716396127,667.7947549512272,406.402010661574,203.94467009056427,103.07562753218177
7202.936756303806,4246.265862502829,3261.0849347664184,2068.1143600834243,1310.3628661118594
4052.2048312270144,2386.8693911867385,1830.7741479908088,1158.556400875133,729.7493847911876
9933.428131620032,7593.912902546163,7575.506325773475,6237.092103306224,5108.032723657989
5989.061207059792,3478.528067012164,2634.350714379904,1645.8647886604726,1026.4665435120091
0.031351971335103555,0.08492346851449442,0.2742450210529479,0.753963244063501,2.0554866986032136
996.4104230457332,531.4093975865944,370.3160118754247,213.9429503862005,123.08549120344627
5592.502998488219,3187.984665254711,2370.5682302562564,1451.9937305611254,885.8667151283105
6871.821811755672,4093.22038589966,3176.910715861508,2038.9433439069999,1306.2286968134763
0.015173528021347586,0.01450520110834595,0.013470739053159141,0.010627267963080703,0.008610378991241762
5813.6999040059545,3442.451018916662,2662.7547764536757,1696.92638956392,1076.9869131389187
7008.002470260085,3883.1316760471086,2810.6425071235267,1675.7014910615849,994.1043161016133
2882.9778243689566,1718.3807187493385,1335.284441156813,856.5915425249362,549.1962451355887
3500.5860027491203,2030.571133750754,1539.9510591231851,964.6868596280556,601.8327864314878
7019.420123154348,3845.60749806131,2752.0106579820663,1625.0630460043453,956.4017590491653
5482.841379096225,3009.868810345313,2154.6730426354834,1273.5389445404815,746.5178873374832
5057.7771089683765,2804.356212733569,2029.8076694987838,1213.6067857367368,723.0303575646741
6902.323173217247,3997.3712166641344,3024.2860864628556,1889.4843743443553,1172.5821103088708
5314.463051659961,2859.6428041413983,2009.1017140608265,1162.4780216211695,671.5338360300552
4774.190443492631,2586.084882481742,1829.6499250482664,1068.8871855539605,625.3527926721343
5926.298485524948,3418.433037210046,2571.6896939526064,1601.3537033053408,993.9645641673713
22542.542206893497,18835.323463298486,20515.52882899599,18396.383988400437,16447.32686957503
9709.375847877096,5322.788209697944,3815.434452659923,2256.215889381164,1328.0462760865685
6960.216563691035,3883.5850723800845,2828.1842765370207,1702.652138397983,1020.3607243058553
695.4028014614296,221.8874840075888,92.27540396418509,31.21740080180696,10.471885479832938
424.30474154234867,385.59988009312,456.6063871268382,446.04287024396723,434.3192139046295
4805.111056214431,2682.5713960131275,1956.089088048517,1180.0861452209056,708.676075586773
25074.991790058353,17948.04571378756,16760.612603827518,12898.349744472798,9904.831003215422
1756.6114166086168,916.5105514068877,624.2357675432492,350.15117715007835,196.16595272053206
8536.435302107095,4612.47874896106,3247.3110532476726,1890.0173543613141,1094.5037377669078
7325.75676755613,3865.949928758919,2661.725241654683,1512.068306609507,857.588824510741
5852.5766628439305,3227.362675106622,2324.270273963765,1377.3373470553388,812.7298832373671
6149.305306776129,3530.202416555873,2644.520694257955,1635.5188110672086,1009.3369239300984
5714.373822351689,3304.9012612803517,2498.0443583537526,1556.6389060962595,966.8752905051253
8362.392047036235,4678.275835773038,3421.4431766596517,2060.9647165315564,1235.6596460607336
4272.583496466432,2484.16581367134,1883.4242508768923,1176.8712410356168,730.6298078926874
7041.702850660811,4065.3713150397416,3063.1293739226785,1903.3611130913005,1177.6368759947004
5863.287723996317,3390.604073579248,2552.0711156851085,1586.96956563261,986.651429616464
1.7773066088557243e-08,3.819095230051293e-12,1.0692923246488222e-15,2.4747187963629235e-19,5.705445363707165e-23
17988.897884785034,8355.115629446631,5064.410938300683,2532.5193952905074,1263.5055370399457
1.7773066088557243e-08,3.819095230051293e-12,1.0692923246488222e-15,2.4747187963629235e-19,5.705445363707165e-23
3185.010316758664,1952.974923350168,1563.8338033490825,1031.8826777943068,677.7631984019549
6114.563434321602,3739.5817654173743,2983.9145417299806,1968.04035379277,1293.6413462499681
8007.455924454605,4551.1452673838685,3381.9930362688933,2071.3263227977714,1261.8405399494338
2047.553761335575,1094.0481024480332,762.0350989413967,437.63832040524176,248.705680487043
5564.624231798494,3233.2711424040453,2452.483789262271,1535.0311016416886,955.2456422710186
5785.896004713162,3565.075172499521,2867.724316960796,1906.2481406686647,1261.229461634806
9246.610537406512,5074.89318726265,3633.2830100026877,2144.7949983361323,1262.1952870568725
1.7773066088557243e-08,3.819095230051293e-12,1.0692923246488222e-15,2.4747187963629235e-19,5.705445363707165e-23
1.7773066088557243e-08,3.819095230051293e-12,1.0692923246488222e-15,2.4747187963629235e-19,5.705445363707165e-23
20620.216018577514,19135.575398241283,23182.545420914455,23154.802177140456,23035.724981653766
1.7773066088557243e-08,3.819095230051293e-12,1.0692923246488222e-15,2.4747187963629235e-19,5.705445363707165e-23
7458.716920646307,4237.977662178096,3139.508968844307,1914.8768723019691,1162.0134316249062
14.642650606564256,5.433560826275152,2.7143404771646176,1.1214716965913027,0.4608216407739754
5187.593994294766,3049.0320438063413,2338.7238836426613,1478.7610689981113,932.9560703508682
18973.442445887078,8385.75806345426,4840.576624374034,2298.013656150396,1088.9489721734603
1639.4595973623905,985.2800427321679,773.7242998579577,507.3454425616792,333.66283678961406
6342.34104078001,3838.0368658943403,3028.8345751737766,1974.4094678559943,1279.348403663726
292.06923020252395,278.3326115201887,346.13355977934106,355.1191462642959,362.65921663926946
1.7773066088557243e-08,3.819095230051293e-12,1.0692923246488222e-15,2.4747187963629235e-19,5.705445363707165e-23
5898.2873307060045,3289.7391168617214,2393.9962204530425,1438.8002555337755,860.0584050550998
1300.5572018026173,594.4696639189116,353.3292626800426,173.9289178710739,86.57714392320177
15.106099838113382,0.0032789700139234422,0.00043844653274976536,0.00035798056353516925,8.24369132422251e-08
6999.137116265934,3878.9940379559557,2804.8554982621563,1674.228920685134,995.0690112602291
6116.173139915357,3252.9806958903177,2255.792788801416,1288.52931332962,735.6774818674531
3284.1056861819657,2208.221859029525,1934.8660776805018,1402.0011390402271,1011.4561439040548
7322.637996154154,4028.3107881676515,2892.357770441266,1713.2780218455753,1014.3279225475208
6825.448428766689,3819.285365557024,2791.735161843471,1684.9567656074328,1010.1353239314391
1028.977048550678,556.3575800695545,392.4028195555959,228.7439876720848,133.2777490194091
1498.35169757816,839.5567732300253,612.7771431222716,368.63873168615396,221.11493571552967
1.7773066088557243e-08,3.819095230051293e-12,1.0692923246488222e-15,2.4747187963629235e-19,5.705445363707165e-23
5013.112397038953,2979.583062908684,2308.0556599798856,1474.6661766109414,937.2929781108755
173.05238334672393,62.47223694191243,29.303198484417347,10.94723895187578,4.05189158208235
7344.177731199612,4295.336765198621,3274.45983810355,2061.1846440080035,1290.6215087309524
6462.994330151008,3615.349700656934,2642.041706597097,1593.7076592023482,956.1357987886561
1477.245012953767,686.512791728038,415.9078211220861,206.02466267575434,102.42272287541286
2449.0837688492447,1290.8276378702074,889.6084257102704,503.2949908149955,283.62324172604764
882.8697191801604,323.0152762753113,154.78499672639774,60.611088388055975,23.83485089939379
15707.02991870424,13583.924879631548,15333.072072669747,14266.260697094725,13226.437717738678
4858.261418293088,2834.8926570502176,2155.761172040389,1352.3098982397967,847.697673235529
7242.3832720155315,4038.9905690320625,2938.285170971763,1760.7580761189554,1052.275350816791
5011.808883055212,2850.2659659838587,2117.290422558877,1300.7643102717573,794.9933804276868
5333.154138070731,3209.017333014656,2515.024340106059,1622.7799106675384,1046.577454213932
8207.135546500966,4501.929037448818,3222.319699561199,1902.058601979883,1121.2117607163348
1.7773066088557243e-08,3.819095230051293e-12,1.0692923246488222e-15,2.4747187963629235e-19,5.705445363707165e-23
0.005311994614617401,0.010943688311017887,0.028441890841729458,0.060411540935872525,0.11814409222466257
1103.137758621195,480.07065300350206,273.26402020115984,128.6797145820889,60.08654014010864
4412.30317727622,2818.3153138481016,2348.191014712007,1612.7887632899096,1101.1438114362809
6911.962533305574,3978.214766695548,2985.1924307544477,1849.775776890706,1142.3242795873582
5427.794544607225,3027.674300560065,2204.3017482678542,1321.0416958106268,788.9475769204297
4434.945879602358,2520.1693621525424,1867.7077905996384,1142.6881138625452,698.3916277353721
1.7773066088557243e-08,3.819095230051293e-12,1.0692923246488222e-15,2.4747187963629235e-19,5.705445363707165e-23
6314.551192284016,3651.8883917352214,2754.6043816290917,1718.677336060184,1065.3850376852538
2020.57578602892,1015.7416755940961,664.8784624912917,359.75958930871593,194.23854192503606
1532.908526934218,626.5426074787565,333.57167973795436,145.61233209759243,63.77539520306859
0.010316123929687409,0.014056194755368321,0.024403276435107864,0.02884346050486346,0.03556708396940091
1.7773066088557243e-08,3.819095230051293e-12,1.0692923246488222e-15,2.4747187963629235e-19,5.705445363707165e-23
1302.4388707849914,566.8730780399667,321.05923503104935,149.5751850469422,70.22513570792661
1933.2657592825874,1071.6453420773387,775.7213598102832,463.28081697059264,274.4576442329026
5235.8818047587965,3047.823798042505,2320.2905939554857,1460.4059436136029,917.1247403899024
11101.823321553786,8023.9853101025055,7570.048639963134,5886.59567216175,4559.218082152911
0.02062554246033298,0.028105587441356474,0.04879785908468544,0.057679311529461805,0.071128229827943
4509.3996321705345,2609.3971306572066,1969.3755756681537,1228.0762055999323,764.1548014197787
1.7773066088557243e-08,3.819095230051293e-12,1.0692923246488222e-15,2.4747187963629235e-19,5.705445363707165e-23
1.7773066088557243e-08,3.819095230051293e-12,1.0692923246488222e-15,2.4747187963629235e-19,5.705445363707165e-23
1.7773066088557243e-08,3.819095230051293e-12,1.0692923246488222e-15,2.4747187963629235e-19,5.705445363707165e-23
15.11980201062752,0.7685245699329512,0.04874528293384923,0.002556241195991344,0.0001338021321512496
0.005311994614617401,0.010943688311017887,0.028441890841729458,0.060411540935872525,0.11814409222466257
6496.7027606125175,3620.3529753778544,2633.5325655215797,1581.105530567025,948.8089957362613
5162.579792412058,2988.098238325495,2258.6534600526397,1405.9066410786181,869.0426366804811
1.7773066088557243e-08,3.819095230051293e-12,1.0692923246488222e-15,2.4747187963629235e-19,5.705445363707165e-23
1.7773066088557243e-08,3.819095230051293e-12,1.0692923246488222e-15,2.4747187963629235e-19,5.705445363707165e-23
6643.27863476843,3576.526703589695,2516.244906832404,1458.3351887223935,839.4637003049205
1.7773066088557243e-08,3.819095230051293e-12,1.0692923246488222e-15,2.4747187963629235e-19,5.705445363707165e-23
0.005311994614617401,0.010943688311017887,0.028441890841729458,0.060411540935872525,0.11814409222466257
1.7773066088557243e-08,8.531275422012419e-10,8.702813313087368e-07,0.0009335609050448461,0.998141444710513
1.7773066088557243e-08,3.819095230051293e-12,1.0692923246488222e-15,2.4747187963629235e-19,5.705445363707165e-23
20.457990191117755,5.369649133599771,1.9080861700067184,0.5688107196290026,0.17808980179047057
0.030788218001457843,0.061975255108901235,0.14010549522715854,0.2751883861646102,0.5522486985783895
0.12498219666733203,0.2872746986798759,0.8115251518492035,1.8566145828006575,4.221186796853689
14.889881761922535,6.400553231851385,3.6547707180130917,1.689256926374344,0.7869242300907966
1.7773066088557243e-08,3.819095230051293e-12,1.0692923246488222e-15,2.4747187963629235e-19,5.705445363707165e-23
1.7773066088557243e-08,3.819095230051293e-12,1.0692923246488222e-15,2.4747187963629235e-19,5.705445363707165e-23
1.7773066088557243e-08,3.819095230051293e-12,1.0692923246488222e-15,2.4747187963629235e-19,5.705445363707165e-23
1.7773066088557243e-08,3.819095230051293e-12,1.0692923246488222e-15,2.4747187963629235e-19,5.705445363707165e-23
1.7773066088557243e-08,3.819095230051293e-12,1.0692923246488222e-15,2.4747187963629235e-19,5.705445363707165e-23
1.7773066088557243e-08,3.819095230051293e-12,1.0692923246488222e-15,2.4747187963629235e-19,5.705445363707165e-23
1.7773066088557243e-08,3.819095230051293e-12,1.0692923246488222e-15,2.4747187963629235e-19,5.705445363707165e-23
1.7773066088557243e-08,3.819095230051293e-12,1.0692923246488222e-15,2.4747187963629235e-19,5.705445363707165e-23
1.7773066088557243e-08,3.819095230051293e-12,1.0692923246488222e-15,2.4747187963629235e-19,5.705445363707165e-23
1.7773066088557243e-08,3.819095230051293e-12,1.0692923246488222e-15,2.4747187963629235e-19,5.705445363707165e-23
1.7773066088557243e-08,3.819095230051293e-12,1.0692923246488222e-15,2.4747187963629235e-19,5.705445363707165e-23
1.7773066088557243e-08,3.819095230051293e-12,1.0692923246488222e-15,2.4747187963629235e-19,5.705445363707165e-23
1.7773066088557243e-08,3.819095230051293e-12,1.0692923246488222e-15,2.4747187963629235e-19,5.705445363707165e-23
1.7773066088557243e-08,3.819095230051293e-12,1.0692923246488222e-15,2.4747187963629235e-19,5.705445363707165e-23
1.7773066088557243e-08,3.819095230051293e-12,1.0692923246488222e-15,2.4747187963629235e-19,5.705445363707165e-23
1.7773066088557243e-08,3.819095230051293e-12,1.0692923246488222e-15,2.4747187963629235e-19,5.705445363707165e-23
1.7773066088557243e-08,3.819095230051293e-12,1.0692923246488222e-15,2.4747187963629235e-19,5.705445363707165e-23
1.7773066088557243e-08,3.819095230051293e-12,1.0692923246488222e-15,2.4747187963629235e-19,5.705445363707165e-23
1.7773066088557243e-08,3.819095230051293e-12,1.0692923246488222e-15,2.4747187963629235e-19,5.705445363707165e-23
333.9458395160407,62.668090277736816,14.78084768054091,2.8286711079445466,0.5431907567175931
432.5394549096697,78.32772786298308,18.280269699614077,3.393176129405178,0.6318610696189407
345.3628985753302,103.04184065331171,39.91273515870843,12.317584200935121,3.774012366539265
427.5690656186818,230.26626721327537,160.99564099069516,92.70462747509524,53.44133719099858
39590.70514606075,38076.26779871752,47768.33376788771,49404.16277995475,50932.501518491925
21192.448373614312,16750.425651694386,17265.203618714586,14669.988766368122,12430.112538903202
219.9407936447237,86.59289040130913,44.34855462357281,18.697041708270426,8.181416041166036
7817.743420070164,4248.030131350123,3011.0035902380355,1755.419876550507,1021.8083271576824
525.6146640518424,239.34180846805535,142.35157829912018,69.50653148673794,34.644824120525236
236.11149291510102,67.92402043390418,25.374967336375853,8.107393690300293,2.5138849996134516
381.0160853733084,159.41513715553234,87.12615460429626,39.230721388206696,17.616981241641188
490.3340822918005,294.2861028589931,229.4660554833528,148.73728638981106,97.06106503729596
15990.157831587258,9940.254899976278,8072.437188332041,5417.281777269071,3626.563059790768
508.1591791836094,241.59650519462227,150.1166209007723,77.03571968097306,39.83946606290215
923.1807178204537,342.6449327214029,165.61298010695964,65.05539151807346,25.75245468086779
287.36610644770934,113.03644361198158,58.783907189472316,24.829597716146512,10.100037366081569
10017.311121708293,5899.992341569144,4541.104339473778,2872.811221396063,1812.464845510492
12441.163388237379,6849.014747116948,4920.1819096788195,2915.1039292961536,1717.4417017459755
5427.774220086546,3249.2394962317794,2538.2894596980386,1638.0199270540202,1053.6551558389226
231.03523776435807,108.14565714569302,65.91913790558078,33.67757870073485,16.97608773839615
2477.9409806846365,1157.6069264823534,706.0169566705433,354.5802872370008,177.8169647580718
6477.391542472369,3428.1149998036235,2370.895496862827,1349.283509010559,764.4268718071022
11476.054704171698,6125.367832209648,4262.684819258022,2448.6763197235773,1397.7823769450451
7372.858641449945,4117.152997394511,3003.5406740626613,1808.3747808538076,1086.2094146646198
7174.01942881646,3891.3986263700194,2755.2097230235445,1606.1498463567732,932.226371206466
409.7375892085296,105.81467843026098,35.90933175391844,10.101019342230074,2.698365037249287
614.2301455227304,200.53067422543018,85.26816795381204,29.324967671346506,10.216804256587594
6805.106139376036,3904.6790487854037,2925.696801616789,1809.1942250002298,1113.1483424435614
5087.568464429204,2803.219917865931,2012.5475185047223,1189.717882095016,699.6524926624714
199.95759408636215,42.97142253165983,11.795727627055614,2.5871948226299386,0.5700124757736298
233.4186287875979,102.72974568399093,59.19233739498519,28.280929046287813,13.49976597157463
252.44919535705284,75.59760921711221,29.70543466689447,9.37707583821007,2.8957039538673888
176.57961709145096,76.86850156454078,43.58699430107019,20.67813400954128,9.79380014105214
207.0028860195771,88.51486410351829,49.34894476112588,22.690322734740683,9.990619745910324
5035.968386463464,2370.053768973475,1453.6548895861247,733.2688637648212,369.64007072216594
8313.924988314833,4517.496494339465,3202.4523993749713,1870.7412636454178,1085.7025567607227
408.2086572867773,164.7285807399335,87.6617381103375,38.253190599293475,17.008292664676354
142.53120404388275,36.467371469929425,12.03705156631301,3.365036834291266,0.8870600913587295
7485.983947705668,4112.973432084785,2949.0294246154112,1741.5535134601296,1026.2244297696775
24237.70191231392,13774.46132717159,10229.171479024995,6265.66436969527,3821.1999316817833
324.3794043404218,125.21177071824592,62.64714792760622,25.596405220872274,10.395416823117577
531.907861228159,107.19886917834107,28.001485276743196,5.782437117593821,1.1988879527581644
6001.421777129962,3020.9283591529042,1986.5057330797863,1074.839131001945,581.9592132127163
8239.560002653112,4295.301773883676,2925.060996215892,1639.6466193509,916.9445602190812
330.18139395032443,119.20302054190078,56.08580375625053,21.67743652190163,8.060767443894346
328.3201862307793,111.76761642540649,50.17144685209645,18.22925237128928,6.411583079028735
312.8620459125432,88.69934148209316,32.896040716924276,10.182506249918362,3.050255715414364
11692.974007667937,6027.236537442738,4053.5152106788037,2250.4775064357505,1239.7347440541496
9020.734481858226,4985.824484540205,3594.4376316978114,2137.1031349426844,1264.957663769148
245.24212802728883,69.18978775908518,25.486824676022305,7.757102107482173,2.3409983304056254
8955.855133287294,4920.825383353449,3524.842372585663,2080.2735751176056,1223.6902516406726
234.47867257742175,73.48178058742576,30.15307125871489,10.158002103595813,3.4598704093001014
6744.874566570481,3547.212033244731,2431.908145276396,1374.134105123617,775.1247967141541
1402.0074325053522,432.97144405451695,174.80763178300043,58.02732963254749,19.36397939736786
1527.2486463826854,580.5865457148791,287.2012403881567,116.8114903546397,47.16948041256716
5096.775898423897,2827.627896799295,2051.08097554995,1229.9883258163732,734.5319457655643
1481.2514956011307,715.9146946258173,451.2048821766827,234.34701902453213,123.07481678485189
416.2951757692012,139.24836052016656,61.18698894230988,22.2837666910021,8.186844390800909
1031.055028647482,486.84595240899677,301.16910827704163,152.7860670778501,77.55705068874215
5271.293247473176,2741.8213283011955,1861.4240502354705,1043.5329080252177,583.7203309279987
7556.931103947268,4071.8826958320415,2865.794755968879,1662.3254931945326,963.8882518858895
1225.097255068868,400.44715848984333,171.00385889063662,59.580192775001436,21.034856773746473
274.761160540857,74.40030540646919,26.032573509028538,7.739772603831209,2.2173089498330087
981.1665457181489,409.8605975226442,223.483215507662,100.32150555660236,44.900962903887816
1486.860142365364,586.5533153330342,299.5272091454099,125.91292098749501,53.0603962858205
1165.2335464932585,484.1304676586536,261.83715049057304,115.84530285030638,51.45711397580517
1183.1921285056947,443.0120622526274,216.279230842784,85.77980740191678,34.73171982050179
367.59064201540997,94.87349635237891,31.851146625639576,8.458943153627668,2.3022355930674614
1370.6408557400518,588.0297058782203,329.0446136510506,153.24785302236214,71.07904770684078
6121.507384355818,3470.385951200989,2567.7022980766883,1565.7776944623338,953.5645843901203
2292.60968734305,1087.8082769481045,675.6260902262399,345.88603827203144,176.59306201069987
10112.486041709231,5527.257327110123,3937.8351565604858,2316.3403855984334,1361.0400774336435
6558.847524990649,3572.9827396359037,2540.8378409034785,1489.818099540549,866.9089273797766
4049.9744288962106,1948.6913877312993,1226.1713155050404,636.4199219249773,329.05715863884126
6046.905518618548,3274.7933750999478,2312.126467037465,1347.5399050886658,783.3151879284172
300.69969969159524,53.73252487055695,12.614714565484714,2.318943576543139,0.42762652386012784
6931.847286134867,3672.80317479593,2542.5400023904335,1453.0757036569794,827.3192349615811
3548.4605022082824,1584.6782392673865,923.491996219157,443.3703576437387,211.37922695647165
7496.774829131933,3837.7223191080843,2560.751988892217,1410.012537269039,771.8043972772441
574.9775360593453,246.67824064345638,138.7157539390326,63.853719940064394,29.201019539092634
5889.0332816640275,3023.1203635896422,2028.6343435751373,1119.694471068717,616.0500245753531
300.45641269170517,87.43025200414132,32.82796274275861,10.068008418652727,3.0762113864935126
3431.404862713101,1775.6116942058584,1202.2020629990268,671.6514477166912,372.91062266093223
3788.2549752129785,2094.5995694427365,1515.7997279776603,904.4620584717817,537.0604579921794
193.9260946850347,48.78557494206474,16.04949716341391,4.244947090763905,1.1009478801001893
436.38567463792884,157.00813112404376,73.9997421165231,28.639876630339213,10.76212072002797
9081.322525254169,4791.935683180381,3299.7373952528033,1877.2920712428388,1064.6057120998023
5592.7663358320515,3049.3047298077486,2172.6685338583356,1277.5466523148386,747.3384412194852
4667.16405628747,2401.441161058261,1612.9181151303517,892.7567876319623,492.7353375082318
952.0252357177864,247.71676697369864,84.265131208842,23.41267096772619,6.4219704814266105
5855.433424245045,3069.700298521694,2098.8823227136304,1184.3851476227576,667.2683439266586
2777.653232250834,1624.6427316792071,1241.1950173776643,782.0625173510643,491.14468992262124
731.4078393923159,441.34887726661975,347.7033890881477,227.696454849165,148.77821940704854
4959.410744060815,2725.235465799358,1954.1360988309518,1153.128289703403,678.3815637110412
14930.976110094227,9126.723079644042,7280.430319161667,4796.736983973952,3153.8247346337525
4463.562262065854,2300.260935762457,1546.8143373872522,859.1749791223114,477.3340067046607
350.8279374209298,73.0605883336279,19.526962896184084,4.2424950136050965,0.9902356610183303
6500.775293123469,3550.9785570766426,2530.72531376462,1486.4604561361332,867.4215912294763
5589.757632938352,2726.603559552486,1738.691295305459,913.2145032115636,477.3727900887152
6434.1642054380945,3677.700544020528,2745.612799337104,1693.8246535524515,1039.7168912615202
281.9996717386653,133.2948064692226,82.36747088798313,42.68564140079548,21.856642105180136
296.41084489562155,99.78983726482008,44.354383036252045,16.037930636218075,5.714770427870063
8209.01186712721,4604.364047849371,3368.0466622694134,2031.1244640605496,1217.3320025787173
9730.180056447545,5476.466443358902,4029.4767267965995,2447.9079345252017,1483.769382630933
276.0862257373801,55.22274404658006,14.617517257827851,3.2595211241551585,0.7725323149548247
7607.291315549701,4171.048250906637,2986.404985366442,1761.7935424529396,1037.0591457948522
6551.677279692499,3769.757875730837,2830.272442017311,1750.7842901969257,1078.7350983992471
7505.840685780923,4398.429221008557,3366.166101066844,2128.9236628649373,1344.2573001669696
149.1943445796851,42.19962944776121,15.783838920216999,4.72758944358538,1.4468698562788525
9265.883267549063,5177.493629160492,3772.639288113127,2267.1110423127216,1356.4177206503434
384.09314216020175,166.04657842282523,93.60303489666741,43.947225280649306,20.02703883347158
519.3424955715628,206.9234998366601,108.00318109049857,46.99168961603503,20.511200328348618
9686.722060931766,5136.451218211026,3560.2114879204723,2034.3587299389994,1156.6019587821543
114.19987659551627,48.1305589451935,26.447323141362677,11.547369369761407,5.075040095168454
7066.614399473413,4747.060956928105,4168.64806531822,3025.843711922448,2185.7792062275453
358.17148734897097,103.71367682878247,39.41446388227075,12.209486742738564,3.650814905957044
8341.06170173101,4529.321385317741,3215.456231947416,1887.5118789690046,1102.2403047736598
7550.505109023864,4089.517548144716,2891.66939511112,1687.412616840563,980.6848978857016
185.79434456668346,27.55156516327891,5.342304253924207,0.846850412013063,0.1617797896334306
6580.235548065215,3576.104370068856,2539.5130143006213,1490.2136576759626,869.797547204807
6555.951781561489,3747.4262826373365,2795.194306653723,1719.973399730588,1053.9309208873722
623.9852156513567,190.1550870349007,75.46654035164332,24.004182077904733,7.876818584756189
598.2304274467026,169.69855655087338,63.13374716635705,19.551647352500417,6.0147358819134205
244.18473445931448,107.91019567053614,62.68247486399557,30.022533989932757,14.328498293055787
375.24328870668404,88.89209892112669,27.320400073841967,6.939097381431249,1.6940848726518072
2529.003231866053,1146.8168655295524,678.5027848754851,331.44834360721677,162.37713902588197
539.8246722426738,187.95829599233696,85.5667188416032,32.58950917648566,12.375962019294294
5505.198720594647,3083.8764551438258,2255.717070234869,1365.4269463802536,822.040429743139
11059.07581907129,6877.86082433067,5584.439659047786,3743.848058917186,2500.918303676622
11752.4663948372,6514.6921814807965,4709.504592849803,2809.605515114133,1671.107894324522
182.2471345507874,40.41099656246283,11.681648544488635,2.6536206384030665,0.6056956058625157
385.06434399095446,119.49803103920028,49.035585744448646,16.523533014654387,5.684791252624574
8437.524647849434,4704.422131483818,3423.246700386571,2056.869773909913,1229.4976420459154
5799.037144669153,3104.461394232093,2163.9555341536984,1244.1296496755942,714.4876519559725
7149.136248241107,4264.8018869387915,3318.894919666486,2133.579535085195,1368.872859628669
6202.042957842003,3305.8780780394627,2295.023512557787,1315.2276752523278,752.6015311194059
249.34932733125768,94.76674315605818,46.933500988801725,19.26548200848578,8.457841031709282
6479.933023207672,3996.4837510454927,3224.5964871957513,2144.5808152346544,1418.73588978733
759.549855999105,252.39952660314748,108.4332296240173,38.34079036917622,14.124174573658491
290.1232603863696,91.77539730564455,37.825076735539255,12.637636797851282,4.193438241700767
8551.782197954179,4619.702698942639,3256.1134361482905,1890.6046791826852,1095.8284664522337
276.38660809356463,87.88233294927073,36.46178126299636,12.477293944076703,4.420922886266554
228.01297095628348,65.07562571010635,23.752749250237393,6.940730552749601,2.081078250898727
262.9767127891897,78.66828197737668,30.939971618673553,10.107175097024266,3.44887463146174
9811.573549129494,4721.649406459758,2961.765239373289,1533.4916070669801,793.754584317238
6119.7961723434155,3257.8397643705193,2266.342796989839,1301.0702254519933,743.9080166980539
4558.098602181484,2499.861515783928,1790.4367577701566,1060.4403320684162,621.851609503401
306.28654934945854,92.29744597991174,36.32628667924569,11.389514489210438,3.531237027623571
6162.449030590388,3355.619199158039,2384.569555982533,1397.1182237531532,817.2967326750867
319.90953258652706,57.924361370071935,13.754191733909698,2.5608018003492856,0.4783189600363671
5904.210954283937,3265.123359933321,2359.5809377745218,1411.0554067265955,836.7160996044894
4668.511607187089,2461.4399816434766,1698.4772412280252,966.017720789134,546.8440018569603
11403.022434097798,6497.036121622442,4839.85066068869,2976.6208959292644,1823.8177844479135
117.88041330879228,40.11822412911377,17.661243922055846,6.089260793156682,2.119092574136956
866.9641586426266,453.8016903053226,309.1734459668086,172.7195473007128,98.37182136180438
972.6482402108463,359.9105497983468,172.97674945532893,69.05172924535955,27.783397683150763
10606.625553215592,5915.171212943774,4304.088372453947,2578.6385793401287,1539.2403762098352
190.96806305431605,28.975850511483085,5.635875561552778,0.8775893657636405,0.13693591539214536
9085.830100765324,4812.958578876229,3329.3211619132753,1895.9543634384681,1077.748154705368
7760.607104870034,4166.180736239899,2925.152310017112,1693.3096622815383,976.8015773001251
3888.18527189909,2027.15868157844,1381.0637533971944,776.7824425449832,436.61280247624467
8344.587641140271,4606.8441989219355,3321.144298275279,1976.9635427204473,1172.8902392485672
6276.304636373823,3425.4802985723536,2440.972986766418,1435.0576536956014,838.890351674812
6037.615365414703,3280.299848798354,2329.229402187224,1361.9911051710183,789.8867364016884
33.25054395782362,4.149300411503396,0.6404572962094202,0.08179244315514861,0.010456085935597412
4926.90291491806,2732.2185171106607,1979.0649495684288,1180.1024473230518,701.8558557797624
352.2631900591704,136.36493377275224,68.87210226986586,28.442142085533234,11.633248202855683
211.55387457486262,55.022007397725595,18.766388592227788,5.21548600064383,1.6101851711356248
4378.574764817751,2286.393546455545,1560.9143020992444,878.3388200646859,491.03020984012613
3188.646359700385,1669.9930054028953,1139.8875554547851,641.6979481393466,359.5054797423835
7807.1909471718845,4226.161083810578,2986.95046431519,1743.084693095234,1011.9129762812839
178.75815277887347,70.28398857562377,36.22184232303118,15.459056843751718,6.278781777207141
296.6941161445176,63.925816426249,18.034552392921377,3.9860825962474533,0.8850466183789862
6006.66294597375,3026.069092272076,1994.7432466678129,1083.2043912821125,586.5627536373715
6365.918346415432,3533.019086751792,2559.7703385184172,1530.9000597063775,910.8394821085466
195.11570588510523,50.05419131652942,16.61611636037479,4.492573529551675,1.185461319980932
11043.5987216878,5841.9105907438025,4030.4476690222477,2288.1993452936936,1294.1520099344816
6316.646141732924,3144.530789939935,2045.5972898832465,1093.351298164586,583.0127185079136
186.03185897442177,69.56833258659657,34.106590166187914,13.297513854401496,5.425250590097283
308.80631651416724,58.649853149750506,14.404296861023656,2.8961977981134535,0.5665373685909518
7184.66704677963,3910.2457949765617,2775.921996403468,1628.4248377631914,951.9012418263571
11320.604540582335,6223.842265313143,4466.463805021776,2640.962893591852,1556.2336473595105
393.2214968431135,183.0547670743455,111.01156083133219,56.31956893186536,28.237716658370253
159.8539263173984,48.252004396834984,19.0715302035109,6.003022933115227,1.9852987256326868
1132.8509531198647,582.670745503145,393.9677792160225,220.5659650490571,122.70615756425798
7961.896692025836,4311.14805485249,3047.919703429571,1776.8616577537396,1030.1310493110855
6109.35630630464,3370.8599505313773,2433.186682027371,1450.7979717841263,860.5306036451007
6681.345364079819,3662.97306021259,2627.2755166935744,1552.3718114695416,913.2713513600668
8261.135047386797,4380.311559992278,3030.884761009931,1733.3094243572907,990.5617494956094
5874.617954130485,2833.314508240448,1784.214356641817,929.9945366312455,480.03604202221686
589.0051701011985,283.79231654639045,178.51186217661734,93.17715728020016,48.20602930362456
7931.642388405985,4249.7106019771445,2975.8609399730444,1722.0585158684426,991.2201527095932
283.8330907318568,87.76811324506092,35.55997869918743,11.837304754153676,3.7797008785325263
248.61039412810166,92.21014673345397,44.35496326531404,17.305288221249906,7.021288558872685
416.7553718630894,93.36534654166523,26.7475961416011,6.112683347107872,1.40372716065953
531.927731905892,191.18166158988984,88.94477436626082,33.84138870637353,12.48936636516995
7491.5010651160965,4028.0311470665997,2825.630960535031,1631.0058344546246,940.5246627031336
19575.740549457765,14161.408208294388,13379.599194555933,10424.460612221405,8088.667866917814
7336.619013162295,4114.753374234102,3012.8063706268913,1822.9961054136234,1096.5221216456653
5629.452179289481,3105.9322701455576,2236.479058346733,1328.1043202723088,786.2799937820449
198.49576558341138,65.98983790551738,28.455056898277505,9.797174048415764,3.51682487864371
6427.345727571612,3422.4541667112444,2378.2764555483054,1365.6709008312316,779.5425276242186
7215.2209099483025,3897.343355394606,2751.1749634662033,1604.2078675601115,933.4751971677144
1021.2395364298287,328.63689270065413,138.14074629005748,47.47156500642668,16.285028454585007
8070.60059336766,4119.781259792002,2745.6008930181965,1509.6394712987017,823.8693513408195
7931.6423878584155,4255.819258574833,2980.9851967028653,1720.5062705550426,989.8950089447987
8656.987343823395,4557.852581172288,3127.477349505361,1770.0636166991899,997.4316207829881
6123.326788850054,3444.833808200409,2533.3158636666717,1539.5722445848974,931.0861228386143
5630.373453088403,3184.0540622421804,2346.5577937505245,1429.7414865430108,866.1017626151345
7184.836414780669,3999.5208240610336,2903.6873423512,1738.1545214532,1033.6576696676932
3376.923099280515,1446.441215187625,810.393990687282,373.8026585964677,171.552859215521
8574.72126189589,5816.4873560558935,5145.225428406199,3753.800488469256,2731.8181328683518
5974.9099055531715,3275.711667941926,2349.8799619377296,1392.8115662459284,820.0911097859563
497.27769313782636,341.1787542899123,306.2031390705133,226.61419767559897,168.51138101651696
5238.722353647427,2879.400331165229,2066.935928039374,1222.9894534497282,718.214979675955
336.1155744803782,119.1362887836362,54.74939093345617,20.453465624112795,7.44479009563376
247.28355708025185,44.330759389792235,10.49449806666764,1.9371629404710395,0.35871119382017275
262.20491631211536,57.949670244342656,16.601735530502403,3.7545524745390515,0.8531531812331258
317.8934575845599,103.32412202796179,43.961292168598064,15.130193589724879,5.220344947827863
6618.978021959574,3303.1962611436165,2151.4496001827397,1155.1626825949647,618.2048071858104
2980.752007647469,1290.5481800825062,732.0236911414329,341.1632117789061,158.53905237571652
418.42965202176396,135.5014678170192,57.76804953886138,20.39079994008226,7.141704850560225
5958.906725905527,3253.873453453596,2323.0275756587553,1368.9027259482182,804.143800081642
394.8171736819775,179.55758007077884,106.71900370352864,52.673222605956894,25.56789991133741
5854.024282003612,3033.1684155981434,2052.6403287778053,1147.7355192314574,638.6870638187892
265.05600430129664,63.97477568531981,20.318305722132482,5.142757343509852,1.3891545396035716
448.0259910047531,116.5048475322097,40.10388306246514,11.324698563599807,3.0507383237098193
121.26254123551641,12.704432491889326,1.6505974969580417,0.1773907660367248,0.019068634108425284
4638.463284104409,2670.4924032426857,2011.2230412482643,1249.234574701233,773.6697116579506
281.39883525821244,62.994379509424476,18.630463094593313,4.284261982012644,0.9900469374310168
4520.883607289241,2534.8775174245416,1856.6888498753672,1117.8079616311736,669.2217088660364
163.7726436072892,77.45134573000094,47.8651272507944,24.702339448046757,12.552321569382789
735.7708867902379,239.98179015036914,102.16542481672477,35.666550663227454,11.992175564886182
249.9844895848262,85.15241961063613,38.095427853099046,13.895577189890052,4.8867864348626755
305.26684328953877,77.03897331577669,25.729845095501314,6.913546063398617,1.8049897327930735
4589.278149023299,2512.0760723274016,1793.9400336920341,1057.903850014403,619.2918238469148
781.635849843936,399.045533806101,265.2500406204147,144.88210425596475,78.41208298877307
5648.418057954676,3061.25592521166,2163.6621178278338,1260.9893527888678,730.4018916941976
479.1875819403617,128.9751575964562,45.19023210875688,12.729661788824343,3.526444297655533
439.21039113928447,145.06854935763664,62.371990902174495,22.362559435557266,7.726373487650795
8328.082363219683,4633.762642334425,3366.1030973638644,2019.5410475587519,1208.5392897674105
316.67573348471046,106.49954702797669,46.661513941496146,16.634430476664043,5.9882462336848405
1164.8252497725675,431.76063569054196,207.85472421240323,82.12360846033626,32.65165576888837
2138.5974677360555,721.6623192045869,316.7137974732805,114.0757458134479,40.365240465733336
1739.899521584318,713.8518126713655,382.65592022492706,168.2949156146516,74.13782314542267
369.92349385157456,123.78198975850727,54.76827483059232,19.767304660895004,7.272280389100319
922.3203790942074,392.5933587253965,218.54610969020263,100.2512644506643,46.05248411133534
177.09982526389047,52.19184941761109,20.184814699189747,6.447657060894284,2.1785973233389355
659.7141287058183,204.43250483926687,82.92749599974194,27.393758867467174,8.91805330414889
309.547638323256,47.15942981160363,9.221963982185217,1.4420787949249534,0.22597559364095487
224.88544885208373,84.9271766709048,41.900559870154005,17.265772824933528,7.221524791479117
480.10524295979843,168.1893294456652,77.4387295288763,28.910343028298325,10.630892099135082
7659.920114851244,4258.043181949688,3087.9892180139523,1849.1479897063857,1104.1781578525613
4756.6144221735785,2561.99370936537,1803.9249916659087,1046.8460426364989,606.2448856280015
388.9633600324398,127.71520347739204,54.59573489723981,19.486248031532522,6.701094953636898
233.21393832072937,85.29866815944462,40.776652257067,16.135547787391015,6.383910695071812
6183.189803811096,3373.981336073951,2403.667451860951,1409.6675331563365,822.4158510402235
6564.320021184883,3547.5883382779007,2502.965858073606,1457.807641882095,842.1235741715143
7429.672245318431,4016.990485929456,2839.9854603459466,1653.8906077082852,959.1397472809747
6621.131137288782,3616.8666923764545,2581.51314006294,1517.5459192754636,890.3882209915158
311.695342010373,69.38566685460187,20.487769809966625,5.155646942182526,1.1917447380695498
9961.081682527883,5343.827379373071,3739.4638861478275,2156.3508055608486,1241.1820754122596
286.80475142066405,108.34365947249407,53.295228189785746,21.592324181182537,8.399140150532054
175.28225707978928,43.718241053077385,13.969911900678513,3.5484224064302685,0.9065760758232518
7224.913583708591,3626.8848802393204,2373.936532283148,1280.481838362246,688.1662427277023
6581.879125105847,3540.3878751475722,2487.921235106968,1440.8636931569902,831.3185685220461
3351.1696746420284,1554.557447436019,940.0900493030061,469.6669167622817,233.00261821100517
6896.355457841666,3689.588758709922,2578.138069124424,1484.1220057647943,851.555198888961
329.06494057379734,57.046102701446785,12.896486656272987,2.2976465134008257,0.41054690320958975
221.7370101290724,98.49059651251684,57.35112411401106,27.93320998121603,13.376633400903971
393.11164025629506,276.82401226587496,254.11965072843398,192.91614210569108,146.82241782218622
5564.258288014178,2967.5961041658766,2066.3587113573694,1186.2309675743365,678.5924823084557
311.42957016845844,125.93771110929104,66.75095602946698,29.56869395195472,12.873871260230779
7308.308618118475,3974.979584533596,2827.0238809470147,1658.2679915547574,968.2716826237452
6659.339175439215,3607.0593228273274,2551.062421219794,1488.8245286249687,863.6491016007185
3172.8460452546547,1571.8752481112365,1018.0387815095339,545.7057290113022,290.78881189857793
52.16789588732287,4.167868463531526,0.43865202461806213,0.05840251404581532,0.007807634959361576
1361.6110999481139,489.6119271127651,229.30127104057289,88.10519776725941,33.74523697717203
394.30399310230683,155.08982305406826,79.7142348872156,33.50848132209862,13.575943906987318
173.10590320964758,56.142392503488914,23.94420466685804,8.529978799116313,2.997338831014776
10105.565533268413,5464.542662399445,3859.443633790536,2247.312385104807,1306.7184826168345
7945.386649848729,4177.620346690643,2865.5148854441686,1623.2009004774427,915.5100108649009
8410.995024050391,4371.69493828295,2963.169014887897,1657.4507870569673,922.6437036860343
7680.7511027101655,4622.510457374975,3632.1548337366335,2357.419160958458,1524.4421128978654
9043.24579192356,4874.370777186417,3430.880422080081,1990.5290934372858,1151.710528901165
8581.939530290869,4587.824968697351,3199.4175842579407,1837.6566380109793,1052.26634050452
12963.874066552922,7117.644524321885,5098.038128837069,3013.82876549463,1773.3501122932082
10034.196531846488,5348.613872279472,3721.7551482519557,2133.9665978175767,1221.5101542828586
498.10792913371307,223.34849468296775,130.91148865819272,63.16940724487089,30.13834798687632
6884.980703917904,3565.8113248287596,2408.3483491579127,1341.2304454194161,743.0509848502564
105754.48816371206,144851.56611409248,258790.2834754074,381093.1893858529,559307.8703802034
41130.995417232916,39461.53287411777,49366.78454903706,50888.1544113778,52256.820931502385
1615.7762268730212,828.0228832518923,553.0183898491157,304.99628596624166,167.2546111960212
3726.9950541369135,3354.7707532583468,3931.6769362010386,3801.8186083024575,3661.5492916575695
492.13877484410466,201.8554217857017,108.7569776883545,48.77817699079166,22.098790359131353
502.6771037987133,248.5212542399316,160.69413897056748,85.40314102708443,44.746022301118245
283.70625071563177,164.2879267061672,124.27088199686561,77.88865128171852,48.23799845614216
270.32623096288734,117.71327302680038,67.30823600345933,31.859115059933874,14.795633097396754
317.6551198450091,112.52740999828428,52.06597267244773,19.389649813111912,7.065660352364658
230.96405850249258,76.58055962356065,33.256429384862614,11.498239857845274,4.169981635915433
356.0731826944591,195.30231600869146,139.27785951931102,81.57333953993819,47.48901696891358
362.1918244904703,137.43873468524816,67.7849547396401,26.980114008791965,11.085623214038492
923.6931103080215,411.92351391883983,239.55895111183344,113.97895447099762,55.026134759590136
6158.21548222305,4734.189112426123,4752.725704618956,3931.2186233760017,3241.521982471383
523.6583964211834,215.38342936637986,115.34523406281433,50.73635032570061,22.78927331064206
571.6669586317385,274.36007357044105,171.22625807990397,88.1818641707335,44.949268207287666
293.4652257853814,87.1767653707897,34.16885007589436,10.991612043686391,3.37941685820613
420.8515905377602,179.21717139355167,99.84306385550943,45.626615334920615,20.9063270758758
313.6530794608883,141.85658602411647,82.88427283932498,40.71251621065358,19.566662860188327
554.7653118421093,258.82730719781097,156.4468087121567,77.6224436344193,39.09639252810231
63.40103475257004,63.032051330505965,82.24191367930551,87.90607008983982,94.35284475811427
327.88963226937886,157.18786667414977,98.33528035412843,50.02372096887094,26.172495971978528
267.7607798601929,69.27083995169531,23.295529028211334,6.365014937481279,1.8936682938580442
51855.69229790762,49775.839089734545,62351.07829146858,64362.54897129816,66214.22761500005
420.4780764864168,221.4065698775525,151.48417675856447,85.6750112944484,48.509582075829755
6866.788217158463,4011.440329512793,3054.9476249668082,1917.428157827866,1200.027144647183
10198.220606181281,5543.486755349652,3930.2402127974037,2300.6038395264977,1339.9521910907772
233.5433728983307,48.64595783252199,13.024415443552575,2.838775862372029,0.6077834044598128
165.96114682529537,23.63480427933729,4.438854593321351,0.6519331417438641,0.09591464331903866
336.41813758592207,93.30498410114716,33.54255446054916,9.54967523005871,2.782478021832188
491.1407311278338,249.05839561645138,164.89897178515585,90.28732555226382,49.919756224554966
182.26256765384372,53.20176935659461,20.45254806223945,6.242403442427504,1.879703257154282
7068.349363901424,3812.7054305093347,2684.8196465823753,1558.434537358526,901.7615627733372
356.38915877232466,119.53223064692197,51.91542177610194,19.378844088781253,7.303012711321059
276.45428735654343,89.26106928555683,37.47551825217925,12.620694195533538,4.47687710150915
92.92597342530053,45.036528947477045,28.91084831255941,15.186453738551469,7.846524017200499
8329.877165874568,4390.631681536,3017.735725665304,1706.6982793905777,962.0603777997737
362.19182889933404,139.81727362357776,70.17826978692322,29.319760317966715,12.151746203895552
444.60079206583424,131.5097336122331,51.232921353533925,16.28683539565062,5.226647756170569
5381.7237573467255,3024.637196401031,2219.5580138281125,1348.1001643387342,813.877919176581
384.36481467736286,89.67285962397885,27.113115445340327,6.825129382879869,1.8483055308478278
352.7755118102787,149.63279735021024,81.90233625996957,37.063585017563724,16.963970355770336
293.6893040082415,138.53398561466702,85.68889855525907,43.916133912003566,22.23847479978462
259.8271395247248,116.08211829173709,68.15078930120421,32.50401787788334,15.188385504284787
10708.18063691051,5559.344675596486,3761.7558281134066,2098.050987645716,1168.6119414795364
11391.832551859992,6243.889529898876,4465.161051471955,2633.6557770076947,1546.3545778762011
404.0652004311492,146.67694919993576,69.3130544359055,26.075357252524462,10.219290074926239
235.40959188044891,79.11417369478794,34.645227282811305,12.14120637584517,4.192913114239978
277.8909310187542,102.80397177522869,49.533983662255196,19.58025330968295,7.45690564753
9815.25596241244,5004.948378751989,3332.03421623809,1826.99706736112,999.052150893601
335.17086989841505,169.6247307295239,112.58071899599021,61.54909541284103,33.68519833119405
9132.65817765475,5304.0010835753565,4023.104816890611,2520.255724945214,1571.0707467553814
396.8892166534459,205.77276437248017,139.46291658922453,77.97065949807136,43.74729107831364
375.93054550411966,121.6882828898622,50.776603447532466,17.329566701901893,5.756090365937464
3272.8730636554787,1497.9297064837306,894.2027479566144,439.8091603666901,216.81966882483005
759.0469849925398,395.38882896593657,269.4725173764502,151.6744305706096,85.62385197803201
500.140507704814,251.06460648759634,165.08201846095017,89.40124942177538,48.121918880380335
446.2705027906747,241.6014834004034,170.38268321492487,99.43146272243074,58.43431489959302
1003.7834663241472,458.66791305008854,273.8447599403292,134.6488472675369,65.95003918558548
494.94038479759695,223.7802396441657,131.88272688690003,65.00388682886144,31.500189737758127
305.69055584341504,113.70758598824133,55.44715411762844,21.75827433215509,8.5313887351155
6539.883625096864,3354.194745758417,2238.735094561291,1234.2364969607686,677.1115620475182
526.6506507658796,217.35717097072535,116.76928989857089,52.10604926774757,23.137210255810746
1448.561653760949,551.4138087930585,273.77090297954754,112.13109301895878,45.49973047990065
4526.482919025807,4173.973887867197,5020.301634255782,4977.823579990477,4920.597356848725
356.5830400491496,106.92524908761881,41.788825835327074,13.590434005106525,4.205448116038376
415.95338857134436,163.46618828123053,83.42352818678823,34.621572986195474,13.969037246063937
248.58621847325853,36.88650241274924,7.219550976362324,1.160958963825129,0.23752912362849998
18713.830887622906,15186.3165221137,16091.410159431995,14059.955320834613,12235.556388832432
427.4385369556438,184.5410481146075,104.69571336221814,48.32271364240222,21.698848964287258
485.079414049495,225.6641132230246,136.39925705254157,68.371248050381,34.571869387233995
1.7773066088557243e-08,3.819095230051293e-12,1.0692923246488222e-15,2.4747187963629235e-19,5.705445363707165e-23
201.86620709148573,59.73805315749588,22.897244630807002,6.892808034487385,2.090837055966418
912.5555555819869,359.5483148078952,185.26671984485023,78.61708186165654,33.6376823570099
419.38107556965514,201.23879450234907,126.02769709925484,65.3219870693163,33.326632570178454
151.84832196393,24.90652820376643,5.209066599944506,0.8752744717892708,0.1474444872604696
648.5140832915052,301.50627428664603,183.27821154565797,92.6529079701979,46.61770669106458
1136.7112421166814,955.0397978339565,1048.202817208789,947.5580434292629,856.1354326078857
769.0700772706724,382.9033114554712,248.9914469603943,133.85129208727716,70.9031953213957
223.44372856305898,54.84995235114172,17.29310108387693,4.519172625181634,1.3243410211922262
599.5038853957432,269.10801001424073,157.40507173730032,75.02568659152969,35.7868387385108
472.9616305031522,209.0051514286584,120.6463150908476,57.392533575489736,27.357015565703378
6831.888195356055,3863.71899458596,2845.633866796646,1725.9854124179485,1043.6707934153628
412.0122883716592,166.80887097337842,87.5164116110944,38.055254909848465,16.476548111380502
293.8044183255748,110.55677727707528,54.497933346190685,21.756731293789542,8.798185484131517
335.42196016785897,148.83373572890437,84.65543512321032,39.2040134638494,18.15420688726892
1016.8964296770606,505.53203230669055,327.6065816090473,174.8567525009947,93.09282879827347
29.982885685125254,0.00643531999197677,1.7997189669619926e-06,4.1603769922742487e-10,9.58064968053404e-14
18119.8980814593,14213.640949195855,14563.855962012507,12309.217660035618,10363.723610689382
3246.866946939879,1702.7076074017104,1165.3702314692043,658.4787396906494,371.30728430185115
598.7467323962044,318.79280828972946,222.11475743760727,128.48901840124944,73.70547545235867
30.363371418064435,11.174854326831476,5.526305671512853,2.2411835312051087,0.8596496942911761
673.0104029126115,317.0063386425708,195.16258021133294,99.40589701894491,50.06187302917479
476.9753230165574,254.95871339770142,176.26124675374433,100.64370611099773,56.50768742425971
398.9800200140639,133.4550516591077,58.337214227392,21.171314930202758,7.3117212484793255
775.8832164570205,383.05179046200783,247.65286589380207,132.342409053072,70.25976446579737
755.530065829598,294.0951494269105,148.9651193140863,61.24098894516911,24.830002126373273
6149.533143798567,3409.391276014962,2474.4791323230797,1479.1307162014552,879.8134916473156
272.27686316114426,119.89759263246393,68.21972930364045,32.32115363287525,15.077849678378481
378.0423847412854,318.1855222491228,351.3839738039529,320.0904305535883,290.8674938127288
3171.1279166999425,2800.6384995449534,3224.801548690652,3066.129039095954,2900.307198917787
492.64556914358786,114.09594287435364,35.121785707472554,9.039428405939585,2.312741607020243
952.28554495101,363.42728463492847,180.98365478710238,73.84149477944682,30.233670410772994
608.2485261990497,441.47654948865534,418.83717845093486,328.526275600533,256.0839283101395
616.1140387724334,213.72516735146,96.3056597629656,35.84953161844336,13.418051419728382
962.3411700897705,448.3493445466978,272.0731177362844,135.37955978994674,67.42911661592085
1549.1977035665734,637.1759089660472,342.56340704332877,151.66451472430768,67.9442415092907
553.0061367827943,204.70579455421702,98.74430751771963,39.66603217068996,15.852661147682074
274.67183345426247,151.27649500284008,108.17497448677841,64.1503818557945,37.45867952538694
1172.4383027579038,533.3277581479717,315.7575801896338,152.57900775718548,74.3011286499184
187.66306631475447,81.26743307599311,46.05973981596557,21.804111045852324,10.247099150581127
605.9794970931789,299.3287729897898,193.10793325099942,102.65946045053813,55.07185084493026
397.29732892129607,213.2116818081686,149.25861432919191,85.14208489888654,48.83961974176822
6006.851271384439,3224.5599981337004,2260.6821911645525,1309.0185853391927,755.8602540931508
415.825678143751,196.4755034772109,120.57166058117708,60.33613335936282,30.190823881991832
280.642125202624,58.349625788199866,15.936013356846367,3.402721026271077,0.7296714593820885
1957.1785273694713,597.9750128210043,236.95401641501795,76.63258281550077,24.46021068950685
593.020128190723,246.76654893633275,134.02817869584374,59.64851537568434,26.411723426543308
571.1570401774306,269.75756067739974,166.5231157247636,84.84176505394797,43.03395508739017
492.53177052071,321.7385048079673,273.7593002703323,191.33681564105433,132.71668585878047
1333.981188072181,504.9252740337451,248.09595188273326,101.10570420184328,40.798298004986954
357.9200414770346,210.1127372139882,161.9790463328332,102.37820788746087,65.70928148059289
1.7773066088557243e-08,3.819095230051293e-12,1.0692923246488222e-15,2.4747187963629235e-19,5.705445363707165e-23
627.4191514034594,347.4082356550602,251.40204095470503,151.38512385101956,90.66646860625943
304.08496590672377,182.12405425744564,142.25238390198714,91.69631695103297,58.759628340768046
8467.995939754861,5347.2767471055595,4399.563549145791,2984.9557342600547,2020.0722210151087
442.83807057027957,122.58865857597925,44.11612766629156,12.970016041034228,3.9460244088234377
6185.51974929569,3380.052769392428,2411.2035609248924,1419.026732894547,834.4692962123028
6306.415344159968,3509.926506337316,2550.1865557484634,1526.7349926769548,913.4255389500561
493.53320471103365,161.09836075608615,68.20968572462174,23.276379825959594,7.802108942337111
511.82745719849135,105.49538010916768,28.376905917813417,5.999462650108954,1.2737350496536097
6128.239033166837,3420.446140956176,2493.663824781996,1497.9374673788736,895.3968232788086
413.15678926341093,208.22756098986835,136.06663652285516,72.89859633691688,39.12471902898203
6254.945736155264,3408.922560680951,2421.682063678073,1420.7658533060844,831.17532304608
141.62696108274773,92.61663540072595,79.22538601207553,56.31238535939867,40.25104571813972
501.6577678713577,299.73072638211704,233.58723411673648,149.11623296930455,94.9212449489682
3723.840829650664,1726.3521039494067,1044.7415836099735,522.1654268045576,259.85149283885363
6069.180406602407,3236.9696701482985,2254.601710585052,1296.0764255186414,743.0204091072262
446.1516338178046,176.49287064683134,91.65045965774098,39.33222043761478,16.912909359977437
3844.4718423630757,2729.594180992103,2529.226125653781,1930.0889069770108,1467.2663165585186
15869.029888049661,14546.612222036598,17419.434197648552,17195.049838955576,16899.054277238574
6272.944378956619,2912.519612799566,1765.085391988538,879.2320200978226,435.2355904838117
412.8711351648265,185.44847335725228,108.51743156121167,53.1035521236758,25.26319469952759
492.6677633505928,235.17011662453845,146.31338779073,74.77831387615456,38.77067903352377
389.81371175349824,166.3088591377158,92.89806586666616,42.92087711139303,19.7942437809848
682.9593097675205,337.71611622084777,218.77568314054346,116.65767978047117,61.63896858149447
247.64113648041854,79.30873573147998,33.21136716123902,11.095233226612997,3.6562067734154287
1.7773066088557243e-08,3.819095230051293e-12,1.0692923246488222e-15,2.4747187963629235e-19,5.705445363707165e-23
16674.64046528669,14136.54790023351,15625.770399961928,14224.95954550785,12915.779194518504
242.47048750526844,86.43887517564595,40.07918391311488,15.336066529081862,5.877923981764325
863.0516011127158,392.4531786748806,231.94382114514133,112.62465223605409,55.132522626112674
877.9413240706082,343.54174616813475,175.2415960548254,74.7180443735671,31.485714328939086
780824.5730317665,364795.2017447602,222486.47825410758,112017.75293285034,56259.374486543544
43780.21246667044,11664.955523601158,4051.3271749012697,1156.4496340663445,331.2164105154055
20069.42463078259,1545.4362457095417,155.6912123867884,12.75470497640306,1.116856129476159
