Fitness_Per_Cycle,Error_Fitness,Cell_Number,Error_Cell_Number,Log_Likelihood_Value,Mean_Fitness,Kappa_Value,Inference_Time
0.84059499887753,0.0032848997551464384,211889.39379111555,231.97167104883104,-42.67548949156057,0.0,2.5,246.67852
0.6250496567234428,0.008509265815864987,62642.86994377396,590.0673054081727,-11.90858021496973,0.45312049490436035,2.5,247.14205
-0.6766442064280982,0.2517280307312881,1758.3735957385118,248.55629133275076,-7.3183985384563535,0.7480574712298486,2.5,252.59929
-2.4810026000407253,5.752323395055075,46.14311661344164,33.7862995677628,-5.025637574355077,0.9375127763411261,2.5,
0.46577602468033485,0.532118865482221,28.66087798075468,23.69273768440403,-4.793200027989188,1.1118933594129248,2.5,
0.5747467136051182,0.009458744247889742,59259.108478577924,434.5089988353537,-11.457684338681668,,,
-8.0,86.83758019480094,33.85250977587438,27.077731146369793,-4.752966752490088,,,
-3.70974894547876,8.336873076905375,91.76111181556305,52.49720852899033,-5.510247923102608,,,
-8.0,60.55537766931022,69.616903522875,44.30269987828004,-5.328409686550393,,,
-3.0962716762278424,7.307179774246098,72.73147964468602,45.56781748578276,-5.366378225633581,,,
-8.0,71.54694083048038,49.86911589002473,35.62620195487734,-5.085411645775461,,,
-2.8764833843922464,8.219197153134624,36.709631292238264,28.723196407422055,-4.828706742484262,,,
-8.0,88.3462621423263,32.70557740519745,26.390917180297492,-4.719736735416814,,,
-8.0,66.0827164482312,58.45759221564121,39.606192607798604,-5.205004193194099,,,
-3.764895480576285,10.501000862948297,75.39319280271022,46.59576887206343,-5.393079910923642,,,
-8.0,77.23350233691143,42.795304431338984,32.0649967371016,-4.9620153127392195,,,
-3.0355016623761197,6.733569006739265,65.95140417834875,42.794247729517274,-5.291618665459666,,,
-8.0,66.7017041796255,72.27999812485281,45.356536242601905,-5.367673986955691,,,
-8.0,75.8049528201141,44.42378608048671,32.915331282329525,-4.993254268003407,,,
-3.0992995862797077,8.26220642219619,47.18722721436219,34.29629021931581,-5.042069948733795,,,
-8.0,61.01698648330688,68.56711070480134,43.8845762916604,-5.3178754447382435,,,
-8.0,70.41213066312362,51.489287392621335,36.40118994428527,-5.110090727284461,,,
-3.292199548798139,11.724863951496063,29.209990528622544,24.22332640014511,-4.605410263289266,,,
-1.7141892170819004,2.6169795366916278,104.87397045890211,56.97003820277766,-5.632724795006272,,,
-8.0,75.8049528201141,44.42378608048671,32.915331282329525,-4.993254268003407,,,
-8.0,58.37550768838477,74.91250492214695,46.383005888978175,-5.378008030624629,,,
-0.23330042972736598,0.2589403188002819,693.9114798627028,152.51101675296061,-6.711561774474325,,,
-8.0,59.54490538265377,72.26249342085748,45.34850733851238,-5.367874953994014,,,
-1.2373094635732131,1.0212537973156608,282.6479049369075,97.92096838210942,-6.212495718757149,,,
-2.461543882989339,4.693355023253499,67.6185481262287,43.47677955888891,-5.311632056502484,,,
-0.8700841866962064,1.855778655480997,57.23716364708293,39.47916877732268,-5.275096862253714,,,
-8.0,91.66363288723417,30.381381841317282,24.967598233958846,-4.646195389763216,,,
-1.5155777929972851,2.190647638535743,82.21263364639788,48.72646678046201,-5.484504419659185,,,
-8.0,98.06370168572903,37.24591417175764,29.042749756379123,-4.855423272818271,,,
-8.0,68.98630862269492,53.63989092987784,37.42077796940092,-5.141233175869651,,,
-8.0,76.26367368431174,43.89059111211961,32.63989472605345,-4.983051825510036,,,
-3.3094631515847754,5.866198007198239,119.01693738052883,61.13021805593405,-5.6713103944079615,,,
-8.0,83.63287431210752,36.685559749649805,28.72801087007582,-4.841855269756109,,,
-8.0,49.71377581945447,103.29141918704804,56.345663750801556,-5.584280524332008,,,
-8.0,64.62425803037978,61.12606332636042,40.76980465296909,-5.237239543421203,,,
-0.7193112493590306,1.5048942509464058,47.95070440517429,33.9873998844263,-5.084155258473121,,,
-2.7429236927799665,5.7910038112983635,62.97163812034823,41.528932746657595,-5.257809461891709,,,
-0.47592894591567164,0.1627760165317308,2731.4798792420497,303.4402773108138,-8.309621341051804,,,
-2.829578589514941,5.1651411414277755,93.87138845129547,53.22238052222952,-5.553142173976466,,,
0.01331611338318181,0.02817369981203956,33051.98538869229,828.0286996687132,-9.040765860038325,,,
-8.0,67.32810351443236,56.3144718956132,38.65077061739527,-5.177648514578681,,,
-8.0,53.20981104566277,90.16486328125771,51.95402297818154,-5.499139634998793,,,
-0.4015746256350952,0.1366061920474466,3413.3344407867407,347.87892065888644,-8.52573429926289,,,
-8.0,64.91498132582912,60.57906176545094,40.541778999089125,-5.23095503476646,,,
-0.5893585923985523,0.0684252258131783,20459.723480969722,619.9456028512453,-11.318548804098802,,,
-0.47397868729183207,0.059473117096683396,22438.663715392035,576.6760794532165,-9.205797677824876,,,
-0.41010687419420166,0.13398239626038871,3506.38703468649,342.3745638091772,-8.838311622320193,,,
-0.41753568171631655,0.1451246517342207,3146.262717302602,330.3102453182697,-8.340025112452235,,,
-0.2926740141181204,0.1462581647119696,2412.1652931517765,287.9707385032531,-7.545970049790067,,,
-0.518474585877698,0.06212489181514334,22281.955319619243,735.8516853021789,-9.89069428990614,,,
-0.06776273760273592,0.07734532186519194,5233.931379418939,418.9917942947366,-7.891597701853404,,,
-8.0,81.5665426765323,38.36944044468879,29.67122994741175,-4.8680061873149345,,,
-8.0,64.91498132582912,60.57906176545094,40.541778999089125,-5.23095503476646,,,
-8.0,94.4617189060236,28.607621032445547,23.844018428424025,-4.5834142477772195,,,
-8.0,70.41213066312362,51.489287392621335,36.40118994428527,-5.110090727284461,,,
-8.0,46.62933222625433,117.40896136251357,60.724603091681935,-5.662437769498527,,,
-8.0,79.30550911162179,40.58809771507051,30.890078937801434,-4.917158315972111,,,
-8.0,88.3462621423263,32.70557740519745,26.390917180297492,-4.719736735416814,,,
-8.0,59.23068870736517,72.76476508810094,45.56608070449063,-5.358751387274248,,,
-8.0,120.74142576907444,17.407316696422455,15.888473829551351,-3.941020473496372,,,
-8.0,80.98688593207449,38.92018472155133,29.97772792050231,-4.880741143479671,,,
-8.0,68.64217395881553,54.17937764990874,37.65919951581001,-5.148728750766131,,,
-8.0,66.83298479158579,57.38758815412909,39.12256156089835,-5.205566706023438,,,
-0.42066362311580136,0.17693898838990557,2113.3515754593213,269.7885401972269,-7.865442649025966,,,
-8.0,87.58031434109355,33.27992305652777,26.739216906629643,-4.73661601670911,,,
-0.4613937100972887,0.16084941428574057,2870.746383056315,314.86392228150333,-8.212480476562494,,,
-8.0,53.998695025705835,87.54900858701969,51.05441601235207,-5.480230480581885,,,
-8.0,97.60219437625078,26.796274479367092,22.663770298943277,-4.51221631440702,,,
-8.0,73.56906500685808,47.165397609426996,34.301592351917336,-5.0414143160335065,,,
-8.0,79.30550911162179,40.58809771507051,30.890078937801434,-4.917158315972111,,,
-8.0,63.52839567660116,63.25281245293704,41.68439208468486,-5.261623403990432,,,
-8.0,89.95558115151134,31.546016317095564,25.686289115901545,-4.684252105426759,,,
-8.0,60.55537766931022,69.616903522875,44.30269987828004,-5.328409686550393,,,
-8.0,93.76657005184431,29.20202366812904,24.226571086039954,-4.619234076573547,,,
-2.806392634827564,8.204462812422982,33.87638311402331,27.07728652889946,-4.753961246276339,,,
-8.0,113.99670099758517,19.63610652619333,17.628539085170033,-4.1211669987099775,,,
-8.0,98.00683827892622,54.18120901672905,37.66601317182968,-5.288593348976269,,,
-8.0,58.48402699954362,74.9028526232797,46.38791250704326,-5.392063347445679,,,
-8.0,87.58031434109355,33.27992305652777,26.739216906629643,-4.73661601670911,,,
-8.0,72.73684518063055,48.250799219413786,34.83732293232311,-5.059472378723319,,,
-8.0,95.47424124756498,28.004252800402305,23.457368729273828,-4.560720737019438,,,
-8.0,119.51494366455853,16.611866854068527,14.858562403670597,-3.8660178221147534,,,
-8.0,85.41313826802146,34.99062554314889,27.74789210671907,-4.7842050352107695,,,
-8.0,65.4873394173098,59.52513922585745,40.07448954880966,-5.218146201187529,,,
-8.0,108.43577583616909,21.706195280338587,19.14948751964122,-4.257849579359856,,,
-8.0,173.24825969922222,8.50516606602314,8.505106240981183,-2.4629443924958947,,,
-8.0,94.4617189060236,28.607621032445547,23.844018428424025,-4.5834142477772195,,,
-8.0,67.98477018657282,55.23181040924976,38.15301298556034,-5.163395234246094,,,
-8.0,52.76123680396569,91.70404895278183,52.5032591820761,-5.510152755157196,,,
-8.0,76.26367368431174,43.89059111211961,32.63989472605345,-4.983051825510036,,,
-8.0,66.69833841272961,57.3836403677526,39.12781509968317,-5.191511331083469,,,
-8.0,71.15426272074815,50.420940244269566,35.89140972908482,-5.093772024549284,,,
-8.0,56.05520658815971,81.24279477398751,48.77951973037132,-5.4317138614488485,,,
-8.0,73.1494048909258,47.70823158642833,34.56935699056328,-5.050523416930762,,,
-8.0,62.736130280554434,64.86077207186113,42.35057010192826,-5.279167778167177,,,
-8.0,55.349859186325084,83.32694761939372,49.53757402227681,-5.448412094382218,,,
-8.0,55.17117536416391,83.8673776526239,49.727499423661605,-5.452501366710211,,,
-8.0,53.84833608249696,88.03851668911035,51.22773682433434,-5.484069833256065,,,
-8.0,72.73684518063055,48.250799219413786,34.83732293232311,-5.059472378723319,,,
-1.9444256348150906,3.0235532289579785,81.6235871905415,48.737284323667694,-5.450100685247799,,,
-8.0,86.16640504363336,57.40170847660915,39.13251887526401,-5.233159225085452,,,
-8.0,112.01101921331018,20.340515597315385,18.152798843884206,-4.170504658942762,,,
-8.0,53.369842134101845,89.62429233858482,51.774283435645145,-5.49541439279554,,,
-8.0,55.349859186325084,83.32694761939372,49.53757402227681,-5.448412094382218,,,
-8.0,58.17529191547283,75.42911346252191,46.58837433892776,-5.382709202035797,,,
-8.0,65.4873394173098,59.52513922585745,40.07448954880966,-5.218146201187529,,,
-1.9565624536083477,3.7724955814805803,53.335556442397994,37.154671948970226,-5.145296433984459,,,
-2.243447849129832,4.663978535706804,51.614062776031155,36.39720273389242,-5.115838143897018,,,
-8.0,66.1694576962659,73.31326127890323,45.76931771096332,-5.377488852790747,,,
-8.0,95.47424124756498,28.004252800402305,23.457368729273828,-4.560720737019438,,,
-8.0,77.72924073533288,42.25098970650316,31.773749789649717,-4.951163690670437,,,
-8.0,62.48950286134813,65.37365647955971,42.573838533162885,-5.284882780087259,,,
-8.0,65.79505981039368,58.97012571231668,39.8385523403087,-5.211618102295667,,,
-8.0,80.98688593207449,38.92018472155133,29.97772792050231,-4.880741143479671,,,
-8.0,79.85663556360338,40.0301342715813,30.59016783488386,-4.905303504521016,,,
-8.0,87.82088829698405,33.278066272832376,26.739132333205514,-4.750671506777455,,,
-8.0,46.84553620689041,116.3274101699479,60.405249207766886,-5.657048124070246,,,
-4.085331532605476,11.851758946133922,68.04490628236807,43.66358941902117,-5.312414344955191,,,
0.10834648403672834,0.3885149851751557,120.45896454635685,57.71077471732731,-6.132324760301582,,,
-8.0,72.33328855419683,48.790829241705495,35.10165578667461,-5.068266652875054,,,
-8.0,47.16026469565732,114.779716297024,59.950193107906806,-5.648853183470793,,,
-1.3303749917308632,2.1814368772006905,61.52402348438576,40.7712364170089,-5.300368540420339,,,
-8.0,64.91498132582912,60.57906176545094,40.541778999089125,-5.23095503476646,,,
-8.0,147.18326746521922,11.784796796614854,11.340094419435358,-3.217028066741876,,,
-8.0,95.47424124756498,28.004252800402305,23.457368729273828,-4.560720737019438,,,
-8.0,68.98630862269492,53.63989092987784,37.42077796940092,-5.141233175869651,,,
-8.0,68.30490739917427,54.71481918765726,37.91831837853558,-5.156115025507802,,,
-8.0,78.24993703340752,41.691739389061475,31.481738111953607,-4.940077185984185,,,
-8.0,86.1143106295274,34.423490838691436,27.41641969600302,-4.768820218447544,,,
-8.0,69.69462412458662,52.554797229458636,36.91640636054886,-5.125901045229059,,,
-8.0,87.82088829698405,33.278066272832376,26.739132333205514,-4.750671506777455,,,
-8.0,89.13757340259043,32.12782892879568,26.04444971668499,-4.702294644158707,,,
-3.6704045242044097,11.795401427351024,43.939992187789414,32.657597882793745,-4.983117697877275,,,
-8.0,47.59487955438773,112.69294771861354,59.29703891087282,-5.637714198543069,,,
-8.0,55.83650094708957,82.27991260853386,49.1469200674153,-5.468243220302779,,,
-8.0,112.01101921331018,20.340515597315385,18.152798843884206,-4.170504658942762,,,
-8.0,52.90490863424892,91.20706765421001,52.32027815411608,-5.506508336485919,,,
-1.402659699880276,2.6260242820205053,47.78986097149842,34.31104431811604,-5.082279095458548,,,
-8.0,80.98688593207449,38.92018472155133,29.97772792050231,-4.880741143479671,,,
-8.0,55.17117536416391,83.8673776526239,49.727499423661605,-5.452501366710211,,,
-8.0,69.69462412458662,52.554797229458636,36.91640636054886,-5.125901045229059,,,
-7.997877886024469,1009.7299309143884,9.778887033462524e-09,126.44018557321085,-1.1497466752580978e-09,,,
-8.0,46.84553620689041,116.3274101699479,60.405249207766886,-5.657048124070246,,,
-8.0,65.19120055665,60.06725137115447,40.30983124637504,-5.224591200800117,,,
-8.0,58.589524104189664,74.36659917128833,46.17534694331345,-5.3732624950928685,,,
-8.0,61.49641439610612,67.50256008697879,43.45304143214945,-5.307116143726926,,,
-8.0,52.76123680396569,91.70404895278183,52.5032591820761,-5.510152755157196,,,
-8.0,56.261198314282815,98.00054850038192,54.62741253149789,-5.565780957765136,,,
-8.0,68.98630862269492,53.63989092987784,37.42077796940092,-5.141233175869651,,,
-0.4283825976900777,0.1421703097249855,3327.763193393,335.6429930666274,-8.468388317326268,,,
-8.0,80.41075356665006,39.480185786681744,30.28387884590686,-4.893168845299155,,,
-2.2736598548841513,3.3009454212646987,107.23088935435896,57.466658761131185,-5.616868046965538,,,
-8.0,83.4145487169726,36.68786550750345,28.719205757116388,-4.827799800213225,,,
-8.0,96.80326215166056,27.40384993335539,23.06394875280508,-4.551073712901154,,,
-8.0,60.78066037116702,69.10173359947127,44.09334669622727,-5.323170139588819,,,
-2.9940521373042817,4.757993318678634,125.85896649750478,63.157172412015484,-5.705897891658755,,,
-0.4281545667623954,0.15312159430438563,2795.3149298088333,312.31918462496765,-8.450112559887911,,,
-8.0,80.41075356665006,39.480185786681744,30.28387884590686,-4.893168845299155,,,
-8.0,60.3307530168456,70.13557213839368,44.52138540544264,-5.333595350073744,,,
-8.0,51.878879615602344,94.8497430326153,53.58176582214532,-5.531479204793805,,,
-8.0,59.82759025631413,72.26534177921044,45.35866141839509,-5.522487576158045,,,
-8.0,66.0827164482312,58.45759221564121,39.606192607798604,-5.205004193194099,,,
-3.9908539593037164,11.83689852444503,61.66913764567637,40.998440278797105,-5.2433770563183595,,,
-8.0,59.4391254893993,72.25534618771779,45.357235522323066,-5.353819627339067,,,
-8.0,60.3307530168456,70.13557213839368,44.52138540544264,-5.333595350073744,,,
-8.0,59.23068870736517,72.76476508810094,45.56608070449063,-5.358751387274248,,,
-8.0,80.98688593207449,38.92018472155133,29.97772792050231,-4.880741143479671,,,
-8.0,54.9895951872647,84.42228412114984,49.935886303575074,-5.4565578731269655,,,
-8.0,59.4391254893993,72.25534618771779,45.357235522323066,-5.353819627339067,,,
-8.0,80.41075356665006,39.480185786681744,30.28387884590686,-4.893168845299155,,,
-8.0,53.05141815140513,90.70381957606217,52.14386425243646,-5.502837522101937,,,
-8.0,50.10017628587531,101.70473819566436,55.83172831294637,-5.574794168275916,,,
-8.0,80.98688593207449,38.92018472155133,29.97772792050231,-4.880741143479671,,,
-8.0,48.74245186066564,107.44953897335175,57.67585284588265,-5.608733958875866,,,
-2.679851122616407,4.371694385650678,102.3350431489849,55.98154088608772,-5.582055261790096,,,
-8.0,63.43573308257848,63.79060607507596,41.898017179533454,-5.295650579575721,,,
-2.8141056164199103,5.17242833597502,90.21991038152139,51.955618417792586,-5.514323068894982,,,
-8.0,89.95558115151134,31.546016317095564,25.686289115901545,-4.684252105426759,,,
-1.2939059279070633,3.0829185390554557,28.9909781189523,23.88597572297892,-4.616222438486876,,,
-8.0,52.90490863424892,91.20706765421001,52.32027815411608,-5.506508336485919,,,
-8.0,60.10740405539576,70.65761349182306,44.72255921984307,-5.338728165312679,,,
-8.0,64.34775673375817,61.65192167526874,41.00263872856284,-5.243446859564854,,,
-8.0,57.95657888377755,75.99978939630563,46.79043455899935,-5.3873672268396,,,
-8.0,173.24825969922222,8.50516606602314,8.505106240981183,-2.4629443924958947,,,
-8.0,53.998695025705835,87.54900858701969,51.05441601235207,-5.480230480581885,,,
-8.0,69.69462412458662,52.554797229458636,36.91640636054886,-5.125901045229059,,,
-8.0,72.73684518063055,48.250799219413786,34.83732293232311,-5.059472378723319,,,
-8.0,105.2864298455473,23.025908368223885,20.09051611941726,-4.333340216197513,,,
-8.0,67.00640861556462,56.8567800839961,38.889480034717614,-5.184627394713319,,,
-8.0,67.00640861556462,56.8567800839961,38.889480034717614,-5.184627394713319,,,
-8.0,54.484133803034815,85.99514312015981,50.491660900771414,-5.468533685565327,,,
-8.0,53.05141815140513,90.70381957606217,52.14386425243646,-5.502837522101937,,,
-8.0,51.031427535253215,98.02635995311132,54.625794086656796,-5.551936046564893,,,
-3.292199548798139,11.724863951496063,29.209990528622544,24.22332640014511,-4.605410263289266,,,
-8.0,130.86024460954656,14.90289452814857,13.934216569740437,-3.6799308589773334,,,
-7.997877886024469,1009.7299309143884,9.778887033462524e-09,126.44018557321085,-1.1497466752580978e-09,,,
-8.0,156.65063707285245,10.403565622746445,10.15359177870692,-2.939531605444938,,,
-8.0,84.06480372738365,36.12229645318309,28.403482192276073,-4.8136716302741265,,,
-7.997877886024469,1009.7299309143884,9.778887033462524e-09,126.44018557321085,-1.1497466752580978e-09,,,
-8.0,108.43577583616909,21.706195280338587,19.14948751964122,-4.257849579359856,,,
-8.0,54.16773695851422,87.00372608691053,50.849561774101296,-5.476361688512317,,,
-8.0,106.81465586469682,22.371367186896975,19.626474321105416,-4.296880518443085,,,
-7.997877886024469,1009.7299309143884,9.778887033462524e-09,126.44018557321085,-1.1497466752580978e-09,,,
-0.7442730828254154,0.11509841892269074,9885.60242559588,536.7655493203162,-8.788838564588106,,,
-2.4925020451686537,2.99683096669599,198.6098898761291,81.57902799017937,-5.970888941248153,,,
-8.0,120.74142576907444,17.407316696422455,15.888473829551351,-3.941020473496372,,,
-8.0,181.33724514830826,14.903281421878074,13.938012481590063,-3.70786877085352,,,
-0.7919543734277148,0.15270068188924088,5941.01200347208,449.05400232818243,-8.282066836716815,,,
-7.997877886024469,1009.7299309143884,9.778887033462524e-09,126.44018557321085,-1.1497466752580978e-09,,,
-8.0,127.0882099232532,15.780195038360615,14.630637447302965,-3.7801418209787445,,,
-0.8102679700247968,0.16911925946687856,5042.066142225139,432.1267248594285,-8.536181274417272,,,
-0.6133626200148458,0.1317412330297199,5713.768784227499,427.29407354132456,-8.482828045719927,,,
-8.0,94.73897824707157,28.607806189114665,23.842006477447338,-4.597469757754722,,,
-8.0,39.27297396524288,165.51285114962477,73.75813735070707,-5.863002078472846,,,
-1.7767086030625538,2.9705453203009156,107.01291441533661,57.983111948256294,-5.745836461126089,,,
-8.0,60.3307530168456,70.13557213839368,44.52138540544264,-5.333595350073744,,,
-2.006149249553718,3.767798093385395,66.40863087536839,42.98066559243345,-5.296693138812192,,,
-8.0,57.770793423817516,76.48915348437751,46.99569712117933,-5.391981765507761,,,
-8.0,69.69462412458662,52.554797229458636,36.91640636054886,-5.125901045229059,,,
-1.879054606347624,1.7631649734361963,218.7376092517039,85.54840846832089,-6.0741673785660275,,,
-4.315972589813809,11.874048952157773,86.48627179937922,50.66218442639674,-5.47224817039046,,,
-1.0292862487325782,1.7340340828301808,75.99280925070872,46.68219443508699,-5.417951424510641,,,
-1.8442757356819943,4.604149462188573,30.513933104140474,24.971095371128357,-4.654928684081049,,,
-7.715699862213641,46.55377772921695,88.6168874767609,51.59140512769396,-5.491822266587847,,,
-2.091841545450689,2.296924561040906,185.7361160745084,78.59768313680588,-5.9857438550615925,,,
-2.4613958292317664,2.571293390593219,225.27482199557048,87.17123161295666,-6.0498213932677265,,,
-7.997877886024469,1009.7299309143884,9.778887033462524e-09,126.44018557321085,-1.1497466752580978e-09,,,
-8.0,64.91498132582912,60.57906176545094,40.541778999089125,-5.23095503476646,,,
-8.0,80.98688593207449,38.92018472155133,29.97772792050231,-4.880741143479671,,,
-8.0,68.98630862269492,53.63989092987784,37.42077796940092,-5.141233175869651,,,
-8.0,66.39285396354349,57.91249023856848,39.37130250516655,-5.198302826297192,,,
-1.049462909960175,1.7799455075289927,82.2103288511339,49.31675098842416,-5.5503801201787235,,,
-8.0,77.23350233691143,42.795304431338984,32.0649967371016,-4.9620153127392195,,,
-8.0,49.84249735009447,102.75843678048031,56.194923435889386,-5.581138272954574,,,
-2.7617194644097514,3.09780586845618,225.172351811538,87.24277487273515,-6.040900847143616,,,
-8.0,57.18345264620734,78.06829192315776,47.59112221781609,-5.405577694672599,,,
-0.10881454010721285,0.7746262553624961,52.698881599620215,35.22699840948492,-5.1570481890618005,,,
-1.6464574276678112,1.0023959896440733,534.0762458850933,137.7551525619272,-6.523330519769497,,,
-8.0,69.69462412458662,52.554797229458636,36.91640636054886,-5.125901045229059,,,
-8.0,64.0674742380125,62.1929737513039,41.22943072224767,-5.249578736049217,,,
-8.0,57.770793423817516,76.48915348437751,46.99569712117933,-5.391981765507761,,,
-1.7529662637268553,1.7818348877959307,202.9838144868129,82.21533677515505,-5.979502538011143,,,
-8.0,88.3462621423263,32.70557740519745,26.390917180297492,-4.719736735416814,,,
-8.0,81.5665426765323,38.36944044468879,29.67122994741175,-4.8680061873149345,,,
-0.6773546828688612,0.27076363895628414,1575.4050806515902,234.30869255535058,-7.2520093683545115,,,
-4.031884900469835,11.848879449715255,64.32459202433022,42.129434421014494,-5.273300188660688,,,
-3.177943933914313,8.273066939674518,51.5142469498734,36.405288303728284,-5.110665354856695,,,
-8.0,42.78473162138058,139.82262885037605,67.11891280070874,-5.780240462575391,,,
-8.0,147.18326746521922,11.784796796614854,11.340094419435358,-3.217028066741876,,,
-8.0,50.10017628587531,101.70473819566436,55.83172831294637,-5.574794168275916,,,
-1.2340072867108627,2.5700741588945313,46.149014789648085,33.623629182903294,-5.033184891907788,,,
-8.0,57.18345264620734,78.06829192315776,47.59112221781609,-5.405577694672599,,,
-8.0,81.5665426765323,38.36944044468879,29.67122994741175,-4.8680061873149345,,,
-8.0,69.33335867627311,53.10485396555648,37.16249232752277,-5.133625054324474,,,
-8.0,103.83727896449012,23.673943223637146,20.544469147423996,-4.367534825305008,,,
-8.0,106.81465586469682,22.371367186896975,19.626474321105416,-4.296880518443085,,,
-7.997877886024469,1009.7299309143884,9.778887033462524e-09,126.44018557321085,-1.1497466752580978e-09,,,
-8.0,92.57036608004479,29.78855952532907,24.596858656731488,-4.626084575040994,,,
-8.0,102.47158322254599,24.308918722543375,20.985703573959757,-4.399719707435839,,,
-8.0,96.51502708490509,27.403296121786337,23.06436823855546,-4.53701819777252,,,
-8.0,118.43241525665694,18.173263518218636,16.513838871466838,-4.007504786167655,,,
-8.0,157.42453730361206,10.403323923759277,10.153378816306613,-2.9535872280075988,,,
-2.1157760932272143,2.425156793449876,160.83090602947954,72.37557411424879,-5.872549233744761,,,
-8.0,147.18326746521922,11.784796796614854,11.340094419435358,-3.217028066741876,,,
-8.0,135.20553324890182,13.963604358627737,13.1674857669281,-3.5600032486069266,,,
-7.997877886024469,1009.7299309143884,9.778887033462524e-09,126.44018557321085,-1.1497466752580978e-09,,,
-7.997877886024469,1009.7299309143884,9.778887033462524e-09,126.44018557321085,-1.1497466752580978e-09,,,
-0.8753059848602184,0.19150829026215602,4451.25404291501,387.3484737581088,-8.18304814925274,,,
-3.2696386507199726,6.766707265444702,85.488040524592,50.2960471916,-5.465300732624679,,,
-8.0,130.86024460954656,14.90289452814857,13.934216569740437,-3.6799308589773334,,,
-2.5282009774253793,2.9740278953784993,183.19887674688178,77.91755884018731,-5.931102122751019,,,
-7.997877886024469,1009.7299309143884,9.778887033462524e-09,126.44018557321085,-1.1497466752580978e-09,,,
-8.0,135.20553324890182,13.963604358627737,13.1674857669281,-3.5600032486069266,,,
-8.0,274.59204087153387,8.505737133788001,8.505687836767361,-2.4768370246944555,,,
-8.0,89.95558115151134,31.546016317095564,25.686289115901545,-4.684252105426759,,,
-7.997877886024469,1009.7299309143884,9.778887033462524e-09,126.44018557321085,-1.1497466752580978e-09,,,
-2.5769783149975303,11.533472121832508,12.94616431780564,12.31734328916325,-3.4119907436326025,,,
-4.948643728124357,11.895547651650462,165.93698847471964,73.88769101573662,-5.864210880037125,,,
-7.997877886024469,1009.7299309143884,9.778887033462524e-09,126.44018557321085,-1.1497466752580978e-09,,,
-8.0,108.43577583616909,21.706195280338587,19.14948751964122,-4.257849579359856,,,
-1.717471690963497,3.971412699904269,34.05346507534509,27.07630285523098,-4.76621623250163,,,
-7.997877886024469,1009.7299309143884,9.778887033462524e-09,126.44018557321085,-1.1497466752580978e-09,,,
-7.997877886024469,1009.7299309143884,9.778887033462524e-09,126.44018557321085,-1.1497466752580978e-09,,,
-7.997877886024469,1009.7299309143884,9.778887033462524e-09,126.44018557321085,-1.1497466752580978e-09,,,
-7.997877886024469,1009.7299309143884,9.778887033462524e-09,126.44018557321085,-1.1497466752580978e-09,,,
-7.997877886024469,1009.7299309143884,9.778887033462524e-09,126.44018557321085,-1.1497466752580978e-09,,,
-0.20637209455279915,0.13248892965107242,2558.365087968213,300.36467940480765,-7.513866433560399,,,
-7.997877886024469,1009.7299309143884,9.778887033462524e-09,126.44018557321085,-1.1497466752580978e-09,,,
-0.5685993819112408,0.09247779362079343,11041.522584988967,619.5567739513729,-8.311497133830374,,,
-8.0,74.43681418111045,46.07195472824929,33.752235871657035,-5.022692392845876,,,
-8.0,87.59989769655411,33.27909800626231,26.738690627011735,-4.750505828252219,,,
-8.0,78.24993703340752,41.691739389061475,31.481738111953607,-4.940077185984185,,,
-8.0,85.63537606481707,34.9942797772298,27.749576171487725,-4.798260519811118,,,
-8.0,54.83586410553429,84.89656063294217,50.0971920091972,-5.460581428591516,,,
-8.0,118.53499193073968,18.173246781796212,16.51367132767057,-4.049174228040484,,,
-2.177618179086106,5.097006080629129,39.57979681467012,30.281073677507415,-4.898306949182333,,,
-8.0,79.85663556360338,40.0301342715813,30.59016783488386,-4.905303504521016,,,
-8.0,94.4617189060236,28.607621032445547,23.844018428424025,-4.5834142477772195,,,
-3.726553960403868,11.807358252655156,46.628190926316904,34.028448544102964,-5.032180667857587,,,
-0.5057620743920118,1.2493404056787603,53.39209915523257,37.077982400292115,-5.255645563699857,,,
-8.0,86.1143106295274,34.423490838691436,27.41641969600302,-4.768820218447544,,,
-1.1240059834757077,1.7810238797787747,75.08271179936304,46.02096023557709,-5.384496681337216,,,
-8.0,89.95558115151134,31.546016317095564,25.686289115901545,-4.684252105426759,,,
-8.0,120.74142576907444,17.407316696422455,15.888473829551351,-3.941020473496372,,,
-0.3471793714634626,0.17093590426170335,1968.9242162267064,260.63938730380943,-7.480962853493369,,,
-8.0,58.17529191547283,75.42911346252191,46.58837433892776,-5.382709202035797,,,
0.4123347356496971,0.04065292088627881,5150.367713269742,391.32377956126726,-8.965502026483492,,,
-8.0,68.64217395881553,54.17937764990874,37.65919951581001,-5.148728750766131,,,
-1.3234015540547588,2.48686824697916,46.7959020845773,33.775982227117936,-5.071773708265713,,,
-8.0,73.1494048909258,47.70823158642833,34.56935699056328,-5.050523416930762,,,
-8.0,62.48950286134813,65.37365647955971,42.573838533162885,-5.284882780087259,,,
-2.530247196206835,6.650421486599745,36.73013172416049,28.721823611140575,-4.829886774503298,,,
-0.5206463104325935,0.08832982474169206,11125.560937076343,590.1425289327807,-8.706670764233932,,,
-0.570888044897441,0.09633700276621987,9891.754837419261,558.3693427983693,-9.532028851840106,,,
-8.0,62.736130280554434,64.86077207186113,42.35057010192826,-5.279167778167177,,,
-8.0,66.69833841272961,57.3836403677526,39.12781509968317,-5.191511331083469,,,
-2.05929248826381,5.0783977530562625,33.95344247476923,27.07884923940991,-4.758790897286583,,,
-8.0,57.95657888377755,75.99978939630563,46.79043455899935,-5.3873672268396,,,
-8.0,84.72628456235476,35.56037996867128,28.07994782217976,-4.799147462059585,,,
-8.0,78.76970642976113,41.1433641004162,31.185194318484214,-4.928745688726657,,,
-8.0,109.71177190708427,30.965485862039962,25.332540845963354,-4.6794420882779955,,,
-8.0,68.98630862269492,53.63989092987784,37.42077796940092,-5.141233175869651,,,
-8.0,65.19120055665,60.06725137115447,40.30983124637504,-5.224591200800117,,,
-8.0,78.24993703340752,41.691739389061475,31.481738111953607,-4.940077185984185,,,
-8.0,72.33328855419683,48.790829241705495,35.10165578667461,-5.068266652875054,,,
-8.0,88.3462621423263,32.70557740519745,26.390917180297492,-4.719736735416814,,,
-3.6057244164716185,11.763597442440574,43.34540195328621,32.3518081870011,-4.986517313794386,,,
-8.0,123.63491455618619,25.564347789916695,21.841825046134346,-4.4727665928759714,,,
-8.0,79.30550911162179,40.58809771507051,30.890078937801434,-4.917158315972111,,,
-8.0,78.24993703340752,41.691739389061475,31.481738111953607,-4.940077185984185,,,
-0.21128506587009643,0.1439764547169981,2065.9869270805984,263.5822727759882,-7.426481709399587,,,
-1.4814004898830873,3.838800742925473,28.156010503446215,23.462276640109813,-4.585193338455262,,,
-8.0,65.79505981039368,58.97012571231668,39.8385523403087,-5.211618102295667,,,
-8.0,61.49641439610612,67.50256008697879,43.45304143214945,-5.307116143726926,,,
-8.0,82.16806241677271,37.809005733949114,29.356748373279725,-4.854948760423849,,,
-8.0,78.24993703340752,41.691739389061475,31.481738111953607,-4.940077185984185,,,
-8.0,73.1494048909258,47.70823158642833,34.56935699056328,-5.050523416930762,,,
-8.0,89.13757340259043,32.12782892879568,26.04444971668499,-4.702294644158707,,,
-3.958101013616291,11.839941671703667,59.538133589468615,40.07561004891608,-5.218090623107638,,,
-8.0,97.60219437625078,26.796274479367092,22.663770298943277,-4.51221631440702,,,
-8.0,71.54694083048038,49.86911589002473,35.62620195487734,-5.085411645775461,,,
-8.0,73.1494048909258,47.70823158642833,34.56935699056328,-5.050523416930762,,,
-8.0,63.00304672728214,64.31227530794995,42.12662658139229,-5.273387185241996,,,
-8.0,98.73759932100322,26.183661954600453,22.255869320926834,-4.486212314253435,,,
-0.853062171495281,0.2887930382144663,1848.1533015350299,254.03782001273993,-7.300912765354001,,,
-0.7419236009926751,0.26924787948580314,1771.3795042544825,249.21014242150596,-7.272009911692788,,,
-2.1766053199729676,5.698631966054817,31.621197643807033,25.68910496883484,-4.688366817881761,,,
-8.0,60.3307530168456,70.13557213839368,44.52138540544264,-5.333595350073744,,,
-0.7900151794085535,0.2818692887616547,1805.7719111916542,254.88797628654748,-7.308671413310858,,,
-0.9295847996644842,0.2754210241011687,2348.3044791484513,289.93197757813755,-7.573810485344565,,,
-0.8662401631586985,0.2907767765857069,1880.9584518530469,257.17806589270475,-7.279625569489857,,,
-0.8620207935391745,0.301702529553094,1779.1526012282975,251.5219159800954,-7.565626447626399,,,
-0.8442554261068349,0.28222306045683976,1990.0223013089471,266.5177948085314,-7.2820646910068385,,,
-0.8212654040983541,0.2619942299680048,2255.3679922539472,282.955778017304,-7.514335242886248,,,
-0.7208624535665493,0.26525018092416347,1663.6266465370354,242.7931205835507,-7.590265987923296,,,
-8.0,120.74142576907444,17.407316696422455,15.888473829551351,-3.941020473496372,,,
-0.7473336634926693,0.24894842710387816,2070.6892793759957,269.6320971328648,-7.373022517737239,,,
-0.8605309584152225,0.2509214102065201,2427.625075703361,295.70668371187196,-7.746953884233608,,,
-0.5454451261587752,0.16254422157695805,3300.4591733836564,345.232343728129,-7.987320636328709,,,
-8.0,98.73759932100322,26.183661954600453,22.255869320926834,-4.486212314253435,,,
-3.8587588957157655,11.823021296884098,53.653021935536934,37.420180654454406,-5.141219157029788,,,
-7.997877886024469,1009.7299309143884,9.778887033462524e-09,126.44018557321085,-1.1497466752580978e-09,,,
-8.0,90.79237032454212,30.96703806324561,25.331573366306184,-4.665567627667825,,,
-0.5169069071198259,0.09370534899875081,8667.4362711099,545.1687098549551,-13.910119264462244,,,
0.6646459790702312,19.070394591554344,0.007857168238866577,0.27222269679565614,-0.012438551813835033,,,
1.1817105314633738,0.006828120627195716,38208.622226158266,901.9095163911037,-27.91516620477852,,,
0.7247771382208968,0.015604946199713367,13230.85437251408,622.0752118368172,-15.909816661046285,,,
1.0392815844436705,0.0093818166996336,23657.270918890776,578.4490023875213,-19.58413561682904,,,
0.761250490632548,0.014461200984076376,18651.07582797749,1058.8241898894191,-18.080684193653,,,
0.4237873225513535,0.03232420482919504,7777.4375700836035,466.37014618933745,-10.134659622195546,,,
-8.0,147.18326746521922,11.784796796614854,11.340094419435358,-3.217028066741876,,,
-1.1610614313294922,0.5493169690780568,877.779122545151,176.89242721873447,-6.795352365601139,,,
-8.0,96.51502708490509,27.403296121786337,23.06436823855546,-4.53701819777252,,,
-3.3268032482867995,3.38701581682111,364.0125126146338,112.73651576315302,-6.296612918426844,,,
-3.379642739556852,11.742335637861176,32.1371415520541,26.04418551420071,-4.702485785150231,,,
-7.997877886024469,1009.7299309143884,9.778887033462524e-09,126.44018557321085,-1.1497466752580978e-09,,,
-8.0,83.4145487169726,36.68786550750345,28.719205757116388,-4.827799800213225,,,
-0.5031025796665999,0.21620181021781187,1956.397469651412,264.36270497178054,-7.493435405399181,,,
-8.0,103.83727896449012,23.673943223637146,20.544469147423996,-4.367534825305008,,,
-8.0,106.81465586469682,22.371367186896975,19.626474321105416,-4.296880518443085,,,
-8.0,147.18326746521922,11.784796796614854,11.340094419435358,-3.217028066741876,,,
-8.0,127.0882099232532,15.780195038360615,14.630637447302965,-3.7801418209787445,,,
-1.543089525788394,0.6207482154217239,1276.4501895544622,213.8912126577382,-6.972805747946553,,,
-8.0,113.99670099758517,19.63610652619333,17.628539085170033,-4.1211669987099775,,,
-8.0,196.2776727631269,12.938772839634591,12.316181183826497,-3.425219998858529,,,
-8.0,156.65063707285245,10.403565622746445,10.15359177870692,-2.939531605444938,,,
-8.0,173.24825969922222,8.50516606602314,8.505106240981183,-2.4629443924958947,,,
-8.0,116.13015307010595,18.915938529446564,17.08534439221777,-4.067143664944597,,,
-0.8030574828421403,0.3076080264855193,1487.9296163010538,230.85939130014387,-7.187853590258683,,,
-0.26304494448301163,1.6321792302026221,17.37032286379666,15.691077130215195,-3.998030171423225,,,
-8.0,110.16384405957719,21.029462449526818,18.658902608430527,-4.215876221825993,,,
-8.0,112.01101921331018,20.340515597315385,18.152798843884206,-4.170504658942762,,,
-3.524694045505862,6.796386433406976,112.7654303925468,59.30247921026664,-5.638095481930658,,,
-7.997877886024469,1009.7299309143884,9.778887033462524e-09,126.44018557321085,-1.1497466752580978e-09,,,
-1.2974853744224022,2.971390918231925,31.397471454105375,25.371735140778416,-4.70078659339999,,,
0.4150541167892816,0.032422017101264224,8031.097351388885,461.68608295001275,-9.12577168402552,,,
-7.997877886024469,1009.7299309143884,9.778887033462524e-09,126.44018557321085,-1.1497466752580978e-09,,,
-8.0,80.98688593207449,38.92018472155133,29.97772792050231,-4.880741143479671,,,
-8.0,56.37296677944023,80.70480116720553,48.577950303767025,-5.969153876461732,,,
-8.0,64.62425803037978,61.12606332636042,40.76980465296909,-5.237239543421203,,,
-8.0,59.87340705158333,71.21120551420138,44.9402774648083,-5.343809031999188,,,
-1.4832120071894317,0.4852606995036109,1592.1238167449005,237.03747501197432,-8.164650321732942,,,
-8.0,63.00304672728214,64.31227530794995,42.12662658139229,-5.273387185241996,,,
-2.8075199595664064,4.386068485178943,118.70508380566606,61.06012339737741,-5.671253902499519,,,
-8.0,147.18326746521922,11.784796796614854,11.340094419435358,-3.217028066741876,,,
-8.0,56.258702692520615,80.65619517419061,48.569025873768354,-5.4274515512292,,,
-7.997877886024469,1009.7299309143884,9.778887033462524e-09,126.44018557321085,-1.1497466752580978e-09,,,
-3.011510341977122,3.1161437300187216,299.48903108127547,101.67642079119075,-6.195623700467695,,,
-7.997877886024469,1009.7299309143884,9.778887033462524e-09,126.44018557321085,-1.1497466752580978e-09,,,
0.7675563166564774,0.017154021685433687,9815.592089692416,500.48629405898987,-8.453423286636841,,,
0.6102790308301854,0.020019639534454493,11793.534286669677,585.1049599459882,-8.315707484140292,,,
0.7839663912381029,0.011899127642296517,19234.529926893007,721.0688969948732,-8.425244482039131,,,
0.7985692219599905,0.011816867123550746,18764.6719212709,863.1567907556374,-12.553475256302653,,,
0.7793527057038198,0.0115196960758989,23540.347157304117,690.2351393042434,-14.365232454711276,,,
-8.0,70.78273958030296,50.95177256619095,36.14999788975033,-5.101996926225048,,,
1.4373654126040245,0.005119964888567527,27368.924459053105,548.7307089216935,-15.110534775255516,,,
-8.0,79.85663556360338,40.0301342715813,30.59016783488386,-4.905303504521016,,,
0.7887204105020084,0.018968835050370614,7545.654999269151,420.218055321993,-8.171429262016813,,,
-8.0,61.987984808032216,66.43563141746547,43.01681290069539,-5.296122063314351,,,
0.7133947982609218,0.013734556602581157,18144.26107521006,717.3336891895233,-9.06032038665691,,,
-1.415697526101432,2.5724635903742468,54.7172499988496,37.65222667379217,-5.192873583452579,,,
-8.0,65.19120055665,60.06725137115447,40.30983124637504,-5.224591200800117,,,
0.8890537712782793,0.00951079904407117,22690.944616661873,597.1900833746225,-16.21378940703466,,,
-8.0,66.0827164482312,58.45759221564121,39.606192607798604,-5.205004193194099,,,
-8.0,66.69833841272961,57.3836403677526,39.12781509968317,-5.191511331083469,,,
-8.0,64.91498132582912,60.57906176545094,40.541778999089125,-5.23095503476646,,,
0.7844427132661538,0.014258735003509392,15005.768369766116,734.1154988931032,-8.660401050788238,,,
-2.1007631332216787,3.035448078243385,100.52585910033004,55.282829745688666,-5.580722639064436,,,
-8.0,73.1494048909258,47.70823158642833,34.56935699056328,-5.050523416930762,,,
0.7940459156704393,0.014192657731406273,25503.740697409557,617.6186162144503,-16.146376293305902,,,
0.8241139448520121,0.02111025048702474,23380.379641466174,676.7807114449188,-9.241646137559933,,,
-8.0,93.13334283480732,40.602666083223994,30.887379908710468,-4.931027339014635,,,
-8.0,69.33335867627311,53.10485396555648,37.16249232752277,-5.133625054324474,,,
-1.4406414894590485,2.212521084766434,110.25864299517704,58.99984759434365,-5.769779146233101,,,
0.2502615582464612,0.49596323826466965,64.61595710935923,42.810560887967775,-5.5377711826988,,,
1.190597159196184,0.010085893106718797,14677.385174507051,552.6972074540922,-12.24369331088338,,,
1.0305711800843895,0.018961320646807753,5826.839078555149,369.30189237361316,-7.8628771358528455,,,
1.1118147859809333,0.016997435535828845,6526.595048967213,380.14407139701433,-8.541407840685379,,,
1.0362246533284334,0.007710768504073544,20088.526686879803,1649.7815072112846,-8.952133288378862,,,
1.1881001556603505,0.012458984702554536,11456.2555793766,508.1531672961208,-9.597514020868111,,,
0.7893602596361619,0.01629051741004257,12870.90459791082,541.1165026272321,-8.84879542247646,,,
0.8912376001094701,0.01949667096399162,21003.832356764422,582.7782592420533,-13.701553078870223,,,
0.7921929571816412,0.014623554002457524,12403.041972076546,579.3071352827345,-8.32676303203609,,,
0.7885992988603209,0.01555469324597528,16766.14706832248,598.4773267907909,-8.78686169542762,,,
1.181701491622656,0.010257278078179768,14593.107893435412,581.1491340033857,-9.209171298058372,,,
0.7758808479255259,0.012316539017751307,18463.46580798062,1108.3941338971972,-9.402857322033562,,,
1.3310378475915163,0.007029286127685465,18678.48599832192,594.7505007375213,-9.875456916037017,,,
0.6598636684095242,0.0167618374155399,14420.805988797863,527.6204218712825,-8.759100764029718,,,
0.7921684390660578,0.014415417196826437,12802.556324566203,560.2544306105157,-8.529570540667741,,,
0.828586405197642,0.01569926424203047,11049.60425241079,637.2712743110973,-9.678709644835036,,,
0.8029335771033378,0.011203671729365709,20381.17145601185,1233.622238402835,-8.482252326349101,,,
-8.0,89.95558115151134,31.546016317095564,25.686289115901545,-4.684252105426759,,,
-8.0,64.91498132582912,60.57906176545094,40.541778999089125,-5.23095503476646,,,
-8.0,56.622988487313535,79.62218369435324,48.18671840441469,-5.418815773378442,,,
-8.0,64.91498132582912,60.57906176545094,40.541778999089125,-5.23095503476646,,,
-1.8014025807384106,1.4372985029687073,293.7270746338925,99.9571906498724,-6.268678270699912,,,
-0.8424027065532173,0.27313612255367503,2095.6893124497715,272.62720300225743,-7.363135876436086,,,
-8.0,105.2864298455473,23.025908368223885,20.09051611941726,-4.333340216197513,,,
-8.0,80.60700559379255,39.48361037067191,30.284142795545144,-4.907224312534814,,,
-1.4717920974474092,0.9308179898780894,425.1654827663579,121.64029869473511,-6.674863831066333,,,
-8.0,80.98688593207449,38.92018472155133,29.97772792050231,-4.880741143479671,,,
0.7900439133268805,0.28163548147676076,35.73110763988018,27.086937482065515,-5.076742796708886,,,
-8.0,64.60597124934866,76.491462046804,46.99435037663855,-5.405834400682721,,,
-4.585301742491952,11.885529494849507,114.29108991459567,59.758951449696916,-5.64573871008012,,,
-8.0,32.409995570488434,243.0307210201501,91.039449695046,-6.077535118701697,,,
-8.0,66.0827164482312,58.45759221564121,39.606192607798604,-5.205004193194099,,,
-1.2520668856722228,2.3700405112370038,69.923942706491,44.740913077441625,-5.445669155733662,,,
-8.0,112.01101921331018,20.340515597315385,18.152798843884206,-4.170504658942762,,,
-0.4321208092467926,0.2298622894031918,1305.5618741625208,214.63472159734584,-7.337806411729739,,,
-8.0,50.49269164236444,100.12906459810405,55.33826640176398,-5.565125039422931,,,
-8.0,94.4617189060236,28.607621032445547,23.844018428424025,-4.5834142477772195,,,
-0.03339954679016151,0.16609831570689254,1070.9939632999922,189.3021467328099,-6.8652984329388005,,,
-8.0,119.51494366455853,16.611866854068527,14.858562403670597,-3.8660178221147534,,,
-2.1079513021629004,6.46576659370073,24.96358202009939,21.418053724218243,-4.4454023675720835,,,
-0.22595009152566872,0.12129985466813194,3138.8643503677085,331.10789676579395,-7.411089293433155,,,
0.3352467109652848,0.009673696767331305,114401.12668405639,2041.0356854431384,-18.675981870679284,,,
0.4792855667020474,0.015391317035114378,29922.831521635224,950.9713101891567,-8.570017653478617,,,
0.4920488362403142,0.018334255712091248,20285.68942953592,599.8640006990748,-8.760395702524173,,,
-1.2564433310659733,0.095675859874993,33672.83831813865,704.398727825363,-10.13316060545129,,,
-7.997877886024469,1009.7299309143884,9.778887033462524e-09,126.44018557321085,-1.1497466752580978e-09,,,
-0.2186815744855085,0.13327745043392228,2520.1694041379983,292.54232954278547,-7.406581094968193,,,
-1.9877887652783943,0.34404419052453156,7178.401004820181,498.3028664836357,-8.095607256213885,,,
-0.1992156544784078,0.11756701195291601,2972.4954016571387,316.7208301817564,-7.911490934852188,,,
-7.997877886024469,1009.7299309143884,9.778887033462524e-09,126.44018557321085,-1.1497466752580978e-09,,,
-7.997877886024469,1009.7299309143884,9.778887033462524e-09,126.44018557321085,-1.1497466752580978e-09,,,
-0.35778281661569306,0.03093922549473029,62656.06768197309,1405.5220900626077,-12.510275603526203,,,
-0.9559013717015163,0.08794989163766685,23367.601364047154,902.289421975562,-12.315686273550488,,,
-0.161071521330009,0.11437512723515227,3044.2404750204732,320.9027967470144,-7.415845418586863,,,
0.37221737394335236,0.02413447577516135,16300.842084047721,703.6972740757158,-10.475258968031861,,,
0.35112536870755057,0.030369676607478628,10932.70401617987,528.3507875613333,-9.83384428579083,,,
-0.1629669164498974,0.09908805600789511,4021.929590500568,369.88466865543774,-7.780535533653345,,,
0.8635793821591465,0.03511053677971106,2285.970969947575,247.18051783085826,-7.865214643539139,,,
0.4686626951749318,0.022412364996078675,14601.602451182755,541.0381277185134,-8.325711674135462,,,
0.23792971808865393,0.037057183627560615,9580.943812763902,537.8181320108579,-20.387905816946663,,,
-0.24324540847015677,0.10605182990938354,4449.980195594439,403.1033673135941,-8.021500852885525,,,
0.449326110423,0.024242864201368213,13270.636965633237,506.25726338251906,-8.381954246735315,,,
-0.1550328461639505,0.09598203522691387,4084.829258669307,372.58114455816747,-8.053781519420737,,,
0.19040741511841797,0.056037070923810814,5088.715802863294,402.2442493325911,-8.396304720010779,,,
-7.997877886024469,1009.7299309143884,9.778887033462524e-09,126.44018557321085,-1.1497466752580978e-09,,,
-0.15456334341972833,0.10942910150169906,3330.545159159936,346.92890001283456,-7.634716652247953,,,
-7.997877886024469,1009.7299309143884,9.778887033462524e-09,126.44018557321085,-1.1497466752580978e-09,,,
-0.18042895443289,0.07500867048476166,7322.455533634019,489.46311569464376,-8.179160269966529,,,
0.507176644250658,0.019181749045106587,17866.449723339614,642.2706328894234,-9.096312960877297,,,
0.16406014593742752,0.09203668968470004,1982.6300863729914,252.3436608399114,-7.773483114695667,,,
-0.5201922847023878,0.25527870311992823,1331.0365038687694,217.55594137064543,-7.070589451681177,,,
-0.12270978481792127,0.10694978641119442,3098.265649580638,322.88322890634527,-7.512750128412657,,,
0.4688925678262709,0.018895848610451495,20696.07619870587,602.6792543837175,-9.364440739115313,,,
-0.9903474487402757,0.08458767800005997,26839.741081505235,599.55778402721,-12.580509924967727,,,
-0.15820617531004905,0.1295360936979717,2411.7338512356782,287.36837648780306,-7.403167909479635,,,
-0.2387163223200352,0.1251019319378474,2889.761847246811,310.28981947475523,-8.298773979860613,,,
-0.20935460628885463,0.13245062871170357,2528.8065628859345,294.84645035231136,-7.521434204221144,,,
0.4901068958549623,0.02788241532102788,8782.98732917044,496.7602255927683,-9.047146267523885,,,
0.4287994218154995,0.01957104154261742,21549.01449874447,695.5355027535394,-8.74638937335096,,,
0.6863227212787527,0.013720933671191662,19628.81516000562,734.5303706418748,-9.380274055981463,,,
-0.19699075931673618,0.10819788789469416,3711.6569832210585,354.313519268432,-7.748892104513805,,,
0.36402506672464596,0.02560674235658217,14789.582565983546,629.3307007902653,-11.055092987039416,,,
-7.997877886024469,1009.7299309143884,9.778887033462524e-09,126.44018557321085,-1.1497466752580978e-09,,,
-1.3430474471308833,0.12490357063266852,22613.842925902572,1211.4229916190575,-9.197355963802215,,,
0.3532556688109487,0.02696195669867175,13773.87935656399,555.15439632409,-10.605246009990978,,,
0.5718133376679437,0.03492789265193384,4373.628736915119,360.14907649857514,-7.711415163858836,,,
0.34742837638452184,0.03698799994902554,7507.023338016811,442.71513179318146,-8.491135475869092,,,
-7.997877886024469,1009.7299309143884,9.778887033462524e-09,126.44018557321085,-1.1497466752580978e-09,,,
-0.24982343080205582,0.1359948985426086,2618.975232025453,306.2644255225866,-7.680206754301578,,,
0.34760699455376504,0.02821358596183025,13124.787561888066,1021.6409893585089,-8.555846439118193,,,
-0.06624933252764292,0.10280150490252586,2979.214006063658,319.7811662180514,-7.502490809799708,,,
-0.09644584740935264,0.09299716827914797,3907.1339796630455,368.4624390729274,-7.635905367126268,,,
-0.5206473738609427,0.36001613985024994,662.7187016493517,151.98777853848378,-6.717974828435918,,,
-0.1516787140041063,0.13335495491772648,2150.1032561220945,267.92725325238086,-7.291485155116667,,,
-7.997877886024469,1009.7299309143884,9.778887033462524e-09,126.44018557321085,-1.1497466752580978e-09,,,
0.4849185559653669,0.05055625149681171,17009.203151836806,631.2747176900319,-8.43340096139797,,,
0.472233287665039,0.02650081536031745,18492.66321697029,532.522697133199,-8.39629578043004,,,
-1.9836654815080599,0.19662956892512573,21686.088323022454,637.2151725398601,-9.485398343643661,,,
0.48848465812743197,0.02024742206830288,16957.61289714732,722.2831224157428,-9.000688641346306,,,
-0.8432865884280504,0.07868956747547987,23988.316447089455,912.6772493845871,-13.266796963344731,,,
0.3586544121033241,0.023642356306000256,18041.44454143927,533.9114551046962,-8.690509205320378,,,
-7.997877886024469,1009.7299309143884,9.778887033462524e-09,126.44018557321085,-1.1497466752580978e-09,,,
0.3989698929259039,0.03688730161577157,6565.65737260491,453.75607576852036,-7.914290513107692,,,
-0.1409682661828207,0.09953850622181427,3752.928862842995,358.5907885387353,-7.749755404820038,,,
-0.13080322807108816,0.09503201374662272,4085.9644940466237,365.1680603201904,-7.61019110489816,,,
-0.11547116170378914,0.10556118651360881,3168.640755553264,328.51361826830515,-7.698344317903882,,,
0.31779235803802625,0.03764594776091475,8222.035593647197,513.1862387432845,-9.859800335838207,,,
-0.020011413041757506,0.05905996037441007,7982.784815196285,515.3626738987883,-8.270606900325085,,,
0.006383747094615218,0.027510451348787778,34633.89034612901,556.602874884613,-9.599756203949262,,,
0.45915799270590285,0.01720865708437543,25397.574313936006,638.4495609934454,-8.602688419347231,,,
-0.19323414278587997,0.13669844405745593,2282.500453450166,279.03736731935965,-7.409717608645909,,,
0.41338596311239584,0.02105412740069342,19465.96284758798,542.4680462771485,-9.796733154586873,,,
-0.16193252294967744,0.11556505295427222,2910.4710373469393,312.74420282535016,-7.960454205440128,,,
-1.066332253512802,0.36259449637920854,1741.9011379911865,248.5393931400171,-7.38162201518487,,,
-1.9680249535544956,0.26890125709661095,11484.96069275355,643.5881925773708,-8.549198358579018,,,
-7.997877886024469,1009.7299309143884,9.778887033462524e-09,126.44018557321085,-1.1497466752580978e-09,,,
0.44799614783661185,0.023504307967269013,14070.023869485387,558.6923005615553,-8.469854893377725,,,
-7.997877886024469,1009.7299309143884,9.778887033462524e-09,126.44018557321085,-1.1497466752580978e-09,,,
-7.997877886024469,1009.7299309143884,9.778887033462524e-09,126.44018557321085,-1.1497466752580978e-09,,,
-0.9922591921515823,0.14693616176904084,8922.27436944631,560.1428260892637,-9.283454758273164,,,
-0.21964038495158325,0.1365301934820905,2423.880454207319,287.52777190584226,-7.548042861314243,,,
-0.11621795115606723,0.08895653873249705,4564.252706006188,396.63870921180285,-7.639329447086878,,,
-0.2081716136586104,0.1314530922159643,2544.4623954756767,295.68635386446846,-7.7258654795593085,,,
-1.9400261981234725,0.2073873357209204,19307.36217758779,702.8963455352458,-8.440578218658754,,,
0.47531040333246344,0.01956628467803063,18787.145832522077,655.6058983243137,-8.609234855438848,,,
-0.11764824916019113,0.09624902799065939,3803.455474037509,363.1841353157181,-7.706264788025996,,,
-0.1052512153610954,0.10878405433247616,2937.3968896647743,314.877451118896,-7.835403026765229,,,
-7.997877886024469,1009.7299309143884,9.778887033462524e-09,126.44018557321085,-1.1497466752580978e-09,,,
-7.997877886024469,1009.7299309143884,9.778887033462524e-09,126.44018557321085,-1.1497466752580978e-09,,,
-0.17316295353772243,0.10449600248550864,3676.766035565856,352.29355211998177,-7.762467892397737,,,
-2.0060796923512356,0.2242470551984767,16840.92000993112,780.1748195920509,-9.69590560994304,,,
-0.709982926210797,0.3946220561154852,750.1244210787223,160.9812259540108,-6.7982461835984545,,,
-0.2832942609192625,0.13626121813122097,2810.4017763765846,313.050694323103,-7.728928928223635,,,
-0.20093677746988875,0.09367975960579314,4797.04779189679,411.4066012313009,-8.039750100886428,,,
-0.19898203908203269,0.10876248192549968,3563.527416975265,343.10498900849996,-8.163323131308076,,,
0.481065002155835,0.022117745071671753,14377.0328500453,560.4413335778069,-8.193910366326266,,,
-7.997877886024469,1009.7299309143884,9.778887033462524e-09,126.44018557321085,-1.1497466752580978e-09,,,
-0.26145687875869744,0.10176936829399766,4728.841490362943,404.081890511075,-8.34695995409887,,,
-7.997877886024469,1009.7299309143884,9.778887033462524e-09,126.44018557321085,-1.1497466752580978e-09,,,
-0.47423037025648,0.17258635664819186,2566.6134380921612,300.92389652974146,-7.6960948248823575,,,
0.23812031862747704,0.03746695549800987,10359.480440809402,644.7709551183236,-9.591794386136616,,,
-2.1464829797087233,0.22575844886849883,20514.567374635473,632.7918198557774,-8.975850392591619,,,
0.5599827984754777,0.03882998618787528,3722.207287387494,333.9564403971998,-8.308281739825915,,,
0.3257630870595968,0.030701592001670597,11779.747168479118,607.6848426990138,-8.081898277502626,,,
-7.997877886024469,1009.7299309143884,9.778887033462524e-09,126.44018557321085,-1.1497466752580978e-09,,,
-0.14790486853953919,0.12288974281775017,2548.437036717174,290.9110956119331,-7.414695881033101,,,
-7.997877886024469,1009.7299309143884,9.778887033462524e-09,126.44018557321085,-1.1497466752580978e-09,,,
0.47128490772584236,0.022564043240402322,14249.198750907637,587.275450571583,-8.161635130147015,,,
-0.27033050700235317,0.1155361159325675,3418.3247913166742,341.1107683116784,-9.86756600574543,,,
-1.9416087647069489,0.20230946541805664,19659.824855436804,1037.1907542701501,-8.933584132583901,,,
0.4161716027061253,0.023004623592526415,15753.767397968493,551.0803399533405,-11.04219033002002,,,
-0.2602159189473951,0.15839232558249597,1920.5897349636964,256.5820493955198,-7.442464790548425,,,
0.3502218504230508,0.014285282316014801,50689.366771413166,435.1454741159436,-9.768509428819657,,,
-0.11668206093018627,0.10355287478676972,3299.273046960849,337.70449760642873,-7.615430332059713,,,
-0.12511878895154546,0.11691394940012867,2714.429086479235,310.5345509817227,-7.390333636437144,,,
-0.23937815128013362,0.11282280486835515,3692.132924499403,355.1258734887822,-7.595074210861213,,,
0.39754963462583665,0.0282765090226057,11132.456203864325,611.5902054691012,-8.792635432944744,,,
-0.2787738486986913,0.12341536304418393,3427.3747914147793,345.326650039945,-7.5061041721253074,,,
-0.348717219155403,0.10738759124459342,5435.338345729968,428.78855468953566,-7.918939837874362,,,
0.5121057808281131,0.022566635892113898,12609.174122474133,584.9272329429025,-9.115959566712736,,,
-0.09486307377064694,0.10585878417874818,2954.139743404879,318.03240805402766,-7.631252873576553,,,
0.4751996242625096,0.0215997530101705,15341.005110631611,1561.7649316357702,-8.463306321978855,,,
-0.08605273317376536,0.09611751356232784,3579.040900420813,348.1871713196574,-7.763649817116124,,,
0.42221644154654653,0.03660325863121686,6218.84579025311,441.7855785526256,-8.012569617089126,,,
-0.17321426785290503,0.11717095707483076,2927.978939036862,314.3990983904908,-7.738818838185294,,,
-0.08244215047048029,0.11207379250800693,2591.399003500831,295.6059454366374,-7.439096852111934,,,
-7.997877886024469,1009.7299309143884,9.778887033462524e-09,126.44018557321085,-1.1497466752580978e-09,,,
-0.11321725688937426,0.11424620668814525,2642.4018695573036,296.50035204206625,-7.606036709663005,,,
-7.997877886024469,1009.7299309143884,9.778887033462524e-09,126.44018557321085,-1.1497466752580978e-09,,,
0.5122031738419744,0.015218082038665308,27546.896333735964,528.1470085182369,-9.21931992767721,,,
0.38645031919875156,0.025547776561293298,14132.37074867413,704.1363100976059,-8.90171343756628,,,
-7.997877886024469,1009.7299309143884,9.778887033462524e-09,126.44018557321085,-1.1497466752580978e-09,,,
-0.16068145065984668,0.1288904526793762,2323.6042115795935,280.8091004471668,-7.840134603931023,,,
-7.997877886024469,1009.7299309143884,9.778887033462524e-09,126.44018557321085,-1.1497466752580978e-09,,,
-0.2028522686530044,0.10401672966104941,3953.0202687184683,365.11532565006723,-8.289492364961205,,,
-0.17550805360385968,0.10497256316120133,3659.6848500673423,353.378875758446,-7.928590906201347,,,
0.4431241444345392,0.025844419854068396,11416.584425055382,605.3875640802614,-13.331603033816716,,,
-2.3930885893438276,0.28373980898527745,16950.169626896,543.5008968441001,-9.638060934710136,,,
0.6531104351240683,0.012011380133740607,28312.946322672156,894.8197190512063,-13.381115766348977,,,
-0.3303090861042981,0.12132395942653142,4067.7363360894233,376.0482483811742,-7.697013875104956,,,
-0.15404482359676608,0.10087570445734298,3758.486425373332,353.75642672423356,-7.704268619443562,,,
-0.169172173083807,0.1137924870790074,3122.1493913963395,333.65675228972975,-7.65600133941642,,,
-0.1347456229271977,0.12485566137042516,2390.5305372629014,289.00760246185496,-7.548237402930242,,,
-0.36138268857228883,0.2714214179037704,861.8452193371972,173.20044566221273,-6.887196509728908,,,
-7.997877886024469,1009.7299309143884,9.778887033462524e-09,126.44018557321085,-1.1497466752580978e-09,,,
0.17356092515042346,0.06736307528450929,3807.1077154679856,355.1491751150964,-7.767422926276324,,,
0.48461980578477704,0.02407530370287674,12103.879877802292,607.7207668551185,-8.362409684617829,,,
-7.997877886024469,1009.7299309143884,9.778887033462524e-09,126.44018557321085,-1.1497466752580978e-09,,,
-2.0157696954074082,0.2652990789032924,12465.26716539308,567.4034362339155,-8.65001259807552,,,
-7.997877886024469,1009.7299309143884,9.778887033462524e-09,126.44018557321085,-1.1497466752580978e-09,,,
-0.5721419908820098,0.3136936325517487,923.8336342867909,178.36939883958044,-7.018364662916663,,,
0.13948628295431395,0.04665859874057914,8948.55029696315,575.0248147847524,-10.606201331870755,,,
-7.997877886024469,1009.7299309143884,9.778887033462524e-09,126.44018557321085,-1.1497466752580978e-09,,,
-0.15676704062601476,0.08681278486208475,4999.804477134274,398.27959222840224,-8.410637354888792,,,
-1.9669288345796354,0.1938434546545205,22821.627947020876,747.155181802786,-8.566604876780518,,,
0.4013635053532511,0.0260980659628685,13102.466813919507,572.4063813550716,-8.278125818798669,,,
0.3242389480229247,0.019576296812570178,29172.116591898724,3895.7108315870937,-8.871589066565559,,,
-0.17587918817519443,0.10587896173551922,3500.756829593767,340.10697369452754,-8.499679638965038,,,
-7.997877886024469,1009.7299309143884,9.778887033462524e-09,126.44018557321085,-1.1497466752580978e-09,,,
-7.997877886024469,1009.7299309143884,9.778887033462524e-09,126.44018557321085,-1.1497466752580978e-09,,,
-0.13801399095701505,0.11519203017253016,2815.5415113579948,309.3392193397294,-7.405502964781996,,,
-0.9485350527420505,0.3302892546524339,1779.0689726467676,252.49583049933406,-7.261084919132798,,,
-7.997877886024469,1009.7299309143884,9.778887033462524e-09,126.44018557321085,-1.1497466752580978e-09,,,
-0.06831063948845299,0.10387727538193565,2961.754392871913,318.2015252578432,-7.850015347297281,,,
-1.7007439237771789,0.14985065862355781,25851.139467453246,895.480886849674,-9.525236402474134,,,
-0.08547617032375074,0.09885283719275705,3341.017419084424,333.55342393474115,-7.598225223381811,,,
-7.997877886024469,1009.7299309143884,9.778887033462524e-09,126.44018557321085,-1.1497466752580978e-09,,,
-1.718566719856234,0.18080548299134652,18398.64924685539,816.1333066966162,-8.78183769130005,,,
-0.11744990529047089,0.11731379213844062,2578.646075837369,297.2983018880964,-7.529656322287312,,,
-1.9753440313368427,0.2573199911070339,12733.766077275262,633.8499146570439,-8.472177307948739,,,
-0.1621283389237801,0.133882214439303,2354.786683612221,285.6735811758999,-7.836937217900514,,,
-0.0959760678871203,0.1023684706418263,3313.163208917612,335.4355040612653,-7.487608917032607,,,
-0.8909474104920232,0.09150848062486833,19294.464884880606,695.7554866279943,-11.868532272492324,,,
-0.21417558602079367,0.12443709644339536,2813.370148014068,311.2660083079806,-7.657580866745075,,,
-0.4274585640916963,0.31417293523142037,695.2883041866226,153.90232499006123,-6.847372793584156,,,
-0.19512145057577965,0.11998032262577164,2935.8526706606253,320.4022576069373,-7.561023946409625,,,
0.2874156573856855,0.04188824393415954,7074.259789836056,457.2864162874962,-7.83580511394626,,,
-0.18523994065751048,0.11341433399037613,3157.2127562236965,327.02861937129336,-7.903966010562285,,,
-0.16106092585281537,0.14624712907167922,1878.359736724489,253.88043777544482,-7.1783953383537815,,,
-7.997877886024469,1009.7299309143884,9.778887033462524e-09,126.44018557321085,-1.1497466752580978e-09,,,
0.4409375237782431,0.0256722177782382,14478.608816075779,773.7002924287633,-8.432833035393012,,,
-0.16736920265289132,0.11550699733124285,2958.1532834658783,319.2666680080688,-7.471827112952893,,,
-0.09933943074711692,0.12218721668159807,2340.463253633395,285.6259803194491,-7.476515519782765,,,
-0.20802371065669914,0.10902831947427152,3729.5198839484765,359.5186695014928,-7.553884987480318,,,
-0.3163405022187203,0.14724745754340327,2611.830175382056,298.35062159870984,-7.348287206873597,,,
-0.18300802348158257,0.1185838164573818,2945.2007422470183,317.1174131165712,-7.498030407675145,,,
-0.11841761817333567,0.10701267374323228,3149.3682445419977,331.6228389942248,-7.518724476765335,,,
-7.997877886024469,1009.7299309143884,9.778887033462524e-09,126.44018557321085,-1.1497466752580978e-09,,,
-0.20231754935451193,0.1303516594589247,2530.419761250878,295.19219835935934,-7.6809156938808965,,,
-0.25393807144371316,0.09965280305490906,5112.187675371349,426.8332601411691,-8.136034777229149,,,
-1.0458031496140867,0.08939893379889523,26764.2891462405,540.8393897460337,-11.333979302565332,,,
-0.21311450340619448,0.08821666332910111,5700.2755519796265,432.8912837911949,-8.305385906627794,,,
0.5378366870932278,0.02863916081835149,7294.28202518507,475.91408166270844,-8.68659107765231,,,
-0.1511214217328129,0.11498872890024753,2992.7824767302177,324.8221932788154,-7.425910874749945,,,
-0.752945735843237,0.26496511850583915,1790.8439688593865,252.2583511275436,-7.576736722277579,,,
-0.27910113434551864,0.11182452019243819,3947.735580531525,368.0901132708,-8.753667289024333,,,
0.15560498223827407,0.07255927932138968,3393.867103657295,333.3907919956613,-7.468664238063148,,,
0.38678815523051274,0.026746733255734314,13149.453120252148,550.4470195550166,-8.44014567141205,,,
-1.8402276878155728,0.239838567263155,12241.106792545364,663.8698715773869,-8.490771859375716,,,
0.37336991090940613,0.038030132214654414,6522.564373175155,436.69383027835363,-9.253274669917563,,,
-0.12679524533705464,0.11625193931435827,2719.0623791935773,303.2854212853624,-7.361835598541654,,,
-0.12747446034831608,0.09394204748359282,4118.915232652856,376.88774090717783,-7.660686312901452,,,
-0.22680043944463524,0.13949775108463608,2445.656782039122,292.5041457336137,-7.416504549861786,,,
-0.15395035461839776,0.10634858617118192,3349.0245179286712,339.65446747901575,-7.740105141932982,,,
-3.0225644917701953,0.7584028830353895,5058.504855359206,421.52358406113535,-7.740201876808466,,,
-0.2204961769278501,0.11152024207344373,3759.3998196516445,362.98038069764283,-7.740008936715294,,,
-0.24832749869390253,0.12702307148298278,2897.62315400495,314.8347979658378,-7.903690305192878,,,
-7.997877886024469,1009.7299309143884,9.778887033462524e-09,126.44018557321085,-1.1497466752580978e-09,,,
0.05198479634813672,0.08413800167840489,3331.7300695554336,329.13851229271125,-7.655970529647565,,,
-0.1685928566513747,0.10553289624888747,3589.933350067414,352.16819641517344,-7.511743080178495,,,
0.4108574566719674,0.04429655115583692,4376.7314956850105,360.27821876271855,-7.789990336852613,,,
-0.10204292433602188,0.1457178886771055,1660.1253214702565,237.94585920593636,-7.291703581477288,,,
-7.997877886024469,1009.7299309143884,9.778887033462524e-09,126.44018557321085,-1.1497466752580978e-09,,,
-0.25612229820360166,0.12830769838371162,3026.6755805947337,322.60123505700204,-7.58061817798876,,,
-0.21075441896149472,0.11326288457095154,3457.091658432496,346.20901266794186,-7.8312319919905855,,,
-0.13626741063095418,0.10285163351248902,3564.3426386741057,353.8782872073685,-7.85318799562377,,,
-0.19146111769393773,0.10959512960814295,3540.0142145466925,349.78868726528646,-7.503877675965897,,,
-0.1455497930375914,0.10849099201920606,3188.5820959378866,331.65030641109996,-7.945248480820468,,,
-0.1629260151065672,0.1455109490617148,1973.6930247011344,260.9079209954848,-7.475402930429913,,,
-0.28476190981222216,0.13537018626946334,2845.5799504404436,314.82536125012,-7.718793807363704,,,
-0.19102832805369227,0.1147522048648981,3255.1708266919522,334.8361803728189,-7.527274746136237,,,
-0.11399315618931695,0.09593440415847755,3875.5635354736833,369.9431580087235,-7.514248313602846,,,
-0.14684099894525007,0.09692100271777285,3985.404350367429,371.24298783690523,-7.885392475239743,,,
-0.18545882590878912,0.10563395506269638,3784.6615187311622,355.6496761031395,-7.664411625159328,,,
-0.07690961814774862,0.11939075581973667,2320.522315745152,281.11617644709054,-7.303102789240701,,,
-7.997877886024469,1009.7299309143884,9.778887033462524e-09,126.44018557321085,-1.1497466752580978e-09,,,
-2.0940514769576604,0.21920954620132813,19111.016394414662,614.5601758891854,-11.396459819276778,,,
-0.19432713174327132,0.11188625442707165,3300.467582949995,334.77955208161075,-7.883400275618824,,,
-7.997877886024469,1009.7299309143884,9.778887033462524e-09,126.44018557321085,-1.1497466752580978e-09,,,
-0.12296600624550662,0.09187563437090812,4232.21159306185,378.7058826674733,-7.675715592198584,,,
-0.24266684741724992,0.1251415493054681,3037.9171221347347,328.60244851651953,-7.722821524587938,,,
-0.11962889700123751,0.10347631181904982,3240.741398693253,329.46536602118505,-8.134037363939122,,,
-0.03158899085551975,0.12174383220732432,2019.797937576676,261.55533725856276,-7.403401572853085,,,
-0.04552590737052371,0.06811101749291666,6302.8658003262335,457.04622300951473,-8.254828785582594,,,
0.8106475018717836,0.019984765171429802,7788.5369564389575,471.87141218349444,-8.108635798772797,,,
-0.18627461338656384,0.08154015548247956,6384.7427858011215,461.6738214286719,-7.866774297197779,,,
-0.15889933853123137,0.1311364209504954,2424.3230214357764,294.92311990594,-7.804825025727356,,,
-0.17524423631898128,0.12253532706757411,2749.4465492876993,307.3107550923956,-7.538382001720795,,,
-0.1772980578617342,0.12081091421382023,2878.8784578666155,311.4156677280959,-7.670254510685612,,,
-0.16980030484526779,0.13078989603960584,2321.3733790084007,279.22099052259034,-7.341443394425045,,,
0.4642468487757142,0.021508353874961934,15932.474278746564,692.9984209143379,-8.411373902444835,,,
-0.11639002836536695,0.09602833555112665,3810.3065149136423,352.49547949756675,-8.044955407312836,,,
-7.997877886024469,1009.7299309143884,9.778887033462524e-09,126.44018557321085,-1.1497466752580978e-09,,,
-0.06378115680823412,0.09782317354855463,3378.4954112693545,339.52024563504204,-7.706808226958716,,,
-0.0973977918318579,0.11096275430238146,2745.9590920590545,310.4042447177508,-7.385742482436809,,,
-0.28191776955810544,0.1590777393866526,1990.6142878641786,260.41885630829086,-7.4014473986328415,,,
-0.21007152609691818,0.1017361855313941,4150.709507082122,382.5717034849831,-8.409611177837656,,,
0.25278126469567624,0.03367308005497553,12245.96433695631,669.860327026242,-8.607783542836,,,
-0.5806578900805262,0.48961287887511346,384.2123990592248,113.63867338822405,-6.380712822622405,,,
-0.19778168669242335,0.11118654786518221,3563.723901175373,353.2737692849386,-7.604516617508571,,,
-0.17183020722375977,0.18229014373719657,1199.228313818508,201.7369741909078,-7.005887546764864,,,
-0.17756145732136314,0.08598727108071891,5452.197181328412,422.3601854030285,-8.010388601509653,,,
-0.17848095762418836,0.13167415922215125,2452.339237887645,292.3718219690967,-7.3548360366084795,,,
0.3881225530597531,0.025252815756608742,14363.058033721443,710.3912582043081,-9.392303675809321,,,
0.3484168731808553,0.030633418306111097,11322.352205733101,545.6244159391484,-10.07442467400004,,,
-0.24781308020902365,0.10698836920958232,3991.8142754191,371.3564676644077,-8.828353056011986,,,
0.42954614745319286,0.04809362533260991,3531.299151309691,326.5657096399472,-7.6070628471809885,,,
-0.21430618938868645,0.13948821325294533,2320.097246137724,286.53619883607564,-7.409799731743004,,,
0.47022958492101485,0.046750599366966746,3330.025936905722,316.94067908284546,-7.4441655709124195,,,
0.6740441249798574,0.016702350997393662,13779.034615019815,660.2180976496654,-10.017187010020086,,,
-0.5172026396732176,0.3961055718556141,525.243444599986,135.40609785822605,-6.596540668262102,,,
-0.1514383048208842,0.09887073187029743,3896.4342202366174,368.40690016769037,-7.799350306406327,,,
-0.23193161409638277,0.11551085346694065,3516.9504766706514,349.31499253537913,-7.478517435210124,,,
-0.22174632392979307,0.11696065514069853,3310.0919253985403,337.05775368628514,-7.749498096713385,,,
-0.35061042587698005,0.11261870937609855,4832.835784091958,407.76780466870974,-8.3092936497296,,,
-0.23284479558416665,0.12457920190702351,3015.9732300685514,317.88574704913043,-7.478429553827363,,,
-0.2096323805678927,0.09378071590926082,4962.113124009317,427.2405483258078,-7.91549199897899,,,
-7.997877886024469,1009.7299309143884,9.778887033462524e-09,126.44018557321085,-1.1497466752580978e-09,,,
-0.18474551400675376,0.13804914292356488,2230.291383196412,275.6535320354494,-7.306319564530203,,,
-0.1710514602026649,0.10056945783110115,4055.128530969595,366.2777546093446,-7.5524439052211525,,,
-0.2701120276391933,0.1506155500613049,2121.9113435889176,266.9483869965976,-7.691610297238531,,,
-0.274774946714079,0.10810483917112412,4287.465627153584,381.0399094821976,-7.844835495400514,,,
-0.1451510378805624,0.0853459132148516,5343.608975208137,421.70524239309793,-8.00307918438617,,,
-0.24831557451545083,0.12119756288211975,3166.1937887194563,326.5808036239502,-8.00027338659186,,,
-0.18652043242384647,0.11036658424766571,3325.570376674067,332.0957618625814,-7.868218419170448,,,
-0.20015339088151127,0.12246946203616926,2809.2603306082906,311.2459191931653,-7.714710091460541,,,
-7.997877886024469,1009.7299309143884,9.778887033462524e-09,126.44018557321085,-1.1497466752580978e-09,,,
-0.1931105372981954,0.12133886452434084,2935.8526701413184,318.2450632725985,-7.458495321188219,,,
-0.23223417623768028,0.11145751002944186,3841.8292209129004,365.13088685422554,-7.551145686819067,,,
-0.7850991313871324,0.46959346574833516,648.4097515071917,149.11509697881345,-6.607010979930757,,,
-0.17421774515006105,0.07545808012943585,7153.800329105311,493.0765750644994,-8.100020322420239,,,
-0.014382202962683381,0.09154191801779553,3330.6033719242087,342.0892185536027,-7.52324479778439,,,
-0.22839152398822193,0.10770506147057833,3853.0920528368642,364.27862278137303,-7.855462702306817,,,
-7.997877886024469,1009.7299309143884,9.778887033462524e-09,126.44018557321085,-1.1497466752580978e-09,,,
-0.08620909538230873,0.10729377434737236,2907.7066286065347,316.4830715742938,-7.48207431164982,,,
-7.997877886024469,1009.7299309143884,9.778887033462524e-09,126.44018557321085,-1.1497466752580978e-09,,,
-0.18455942370359465,0.14255870576505028,2117.8879819775657,270.6528457311603,-7.399185619511753,,,
-7.997877886024469,1009.7299309143884,9.778887033462524e-09,126.44018557321085,-1.1497466752580978e-09,,,
-0.17828227930937626,0.10704134832380234,3710.0009378491104,363.892197851091,-7.746608947559729,,,
-0.14323522503664426,0.11281606665471526,2975.8833710401364,319.4061951316129,-7.648323866294373,,,
-0.16604517836453556,0.11443729229097822,3048.558891251023,318.6332391594025,-7.550271639221016,,,
-0.08881915020655819,0.11534584423572261,2534.9057211327704,292.2381227275526,-7.3099176439238684,,,
-0.21593252054525897,0.12303026639704795,2848.3218654959037,311.26264842669127,-8.058637636117572,,,
-0.11540656506550995,0.09250987727461564,4141.951698075953,375.3212360973717,-7.861395176370208,,,
-7.997877886024469,1009.7299309143884,9.778887033462524e-09,126.44018557321085,-1.1497466752580978e-09,,,
-0.22899711467043085,0.10748361060935735,3930.9286274003166,366.76468459096577,-7.665512611243497,,,
-0.2860220999562069,0.11664595839538423,3892.0691287640393,366.7595021299516,-7.641534639282307,,,
-0.19733673393740325,0.12112894146464405,3007.0240252662916,324.60801781102333,-7.425237718339694,,,
-0.16289297912316503,0.11322056247880544,3094.2823100818673,324.258287504002,-7.433084221858296,,,
-0.4548871880431742,0.3202161453067421,744.7789328049677,159.57289492492154,-6.831835328854148,,,
-0.10818446798117988,0.10350034046557548,3249.737356832626,332.72678762283863,-7.858367316041707,,,
-0.10720403298869631,0.11346363077020752,2703.202167473966,302.0348490511171,-7.628059683723343,,,
-7.997877886024469,1009.7299309143884,9.778887033462524e-09,126.44018557321085,-1.1497466752580978e-09,,,
-0.283676958948403,0.16692610295978835,1842.4250843764992,251.91395022660384,-7.263861543661684,,,
-0.13912676788986983,0.12535053557054246,2460.316829825466,293.3358077977379,-7.380954304058204,,,
-0.18257407313571536,0.11279097425083326,3210.0845813777228,328.45672089929116,-7.728670686325357,,,
-0.18743016937944712,0.08380100888594172,6135.9584842320055,457.95746575066073,-7.981372101801198,,,
-0.1771941823665956,0.10604428252621236,3727.110453595237,355.02263982807943,-7.856441844753959,,,
-0.19537068713808237,0.11421972487927468,3346.560990156228,337.6533338673867,-7.817045415369593,,,
-0.1282194381606277,0.10737166022340625,3145.35014733734,327.01999932570885,-7.521740718417667,,,
0.47782318102816534,0.02048398859714874,16998.666777437382,520.9603142656163,-8.320381750037628,,,
-0.4336929640051031,0.30241618327097647,729.7881250767197,158.2924423551164,-6.974105052582998,,,
-0.22940939127349758,0.10301548457492526,4290.818093122554,390.3453704456571,-7.930835018954288,,,
-0.21644446429487177,0.10340246376097502,4015.685943899896,373.80576144565504,-8.361520141835857,,,
-0.18541597994725598,0.12103010725209765,2816.3782329707083,307.4659209774217,-7.659601754886099,,,
-0.3543674866731359,0.27177741465570676,821.1940830192735,166.7551885341249,-6.777537062297148,,,
-0.24177067959984694,0.13691507195396785,2445.0945219024534,287.4188784537516,-7.566215517912572,,,
-7.997877886024469,1009.7299309143884,9.778887033462524e-09,126.44018557321085,-1.1497466752580978e-09,,,
-0.3694733757660416,0.235149101441521,1151.6231134367558,200.03666941255625,-6.977360004302452,,,
-0.08230936771826063,0.10769910141761672,2895.9818545828384,314.7205360932004,-7.410005452247812,,,
0.7430394863666204,0.11977849857233391,225.54252240841836,78.99749725049807,-6.306907701410479,,,
-0.1515416853318687,0.10243585344433523,3693.3613492055283,354.9396459289219,-7.740243740213353,,,
-0.1764710844082126,0.13610754870349664,2335.0730566480893,286.40777369998256,-7.504860167976176,,,
-0.14617743247747425,0.13333775382488297,2177.6325913948813,275.15279416016415,-7.3850376127864585,,,
-0.5775267523580339,0.4526764339165917,464.8362397044685,126.21237096059504,-6.5097926532251424,,,
-0.27031551680106797,0.0887045507879645,6316.975170620826,457.6450635676915,-8.669307629013941,,,
-0.13841005563375877,0.22728734870202988,732.6800149921734,156.30713655025878,-6.780992394335015,,,
-0.056955571446829195,0.08636624289011056,4148.828766366129,365.22626766012576,-7.696087185707446,,,
-0.18121325628518659,0.12449181286613945,2554.9539582153498,290.00077650978903,-7.839443083840234,,,
0.5444200409146387,0.029943816809590493,6520.5637408644225,434.4344081286857,-8.62573299494421,,,
-0.2653861074823622,0.11976152100764012,3345.873543580242,337.7071247079411,-7.979664132634041,,,
-2.152989511978914,11.500261003993636,8.509887455018891,8.507615569409959,-2.477482632580752,,,
-1.0224555744343695,0.5972994397319523,570.6756906226726,140.8175718264853,-6.599418497319646,,,
-0.15969653544881243,0.11689292374534478,3002.6495037245504,320.244857007173,-7.551821426581769,,,
-0.12461573388264531,0.09527248006126775,3986.111162571717,372.1379776005068,-7.926573438402718,,,
-7.997877886024469,1009.7299309143884,9.778887033462524e-09,126.44018557321085,-1.1497466752580978e-09,,,
-0.17789181562100395,0.11070764539932004,3448.8336451849345,345.7717618601899,-7.541531881929429,,,
-0.22515600979843353,0.10463617375337086,4151.5537219407925,373.79656959075777,-8.261572064113912,,,
-0.2726676676498222,0.1726194396945289,1769.5842118320122,247.3456801583644,-7.2985419176603745,,,
-0.22405426166945694,0.1517410127155912,1959.8280216963635,257.7448236047502,-7.2954009882304005,,,
-0.21206032661823243,0.10247589396203709,4215.416186900274,382.6132657889741,-7.935850363124505,,,
-0.1517712206700202,0.11179788385961802,3062.81304690547,325.363987435331,-7.460115040602825,,,
-0.13670832012043824,0.11727121585334901,2696.7166813455146,304.8664755786094,-7.456623231666056,,,
-0.17130614310554243,0.09882515636165026,4058.321330462653,369.2253016821682,-7.730174998995161,,,
-0.2467149818697455,0.13926923676224928,2482.9333956756586,293.0806298714607,-7.49759863596746,,,
-0.45951952156140646,0.17572943396648968,2513.612169484223,298.6074696379716,-7.342297108618925,,,
-0.12528615639352858,0.10410286625645351,3337.487634481153,336.24713415335657,-7.493930967641468,,,
0.36123191355280015,0.028310723560565323,12161.442669425933,644.5925746141426,-11.163708912247436,,,
-0.22206199320725045,0.0884051509067661,5539.399141680737,426.7409228545598,-9.579038525028672,,,
-0.12305603243121215,0.09450551585130244,4086.9650476301863,375.027325558699,-7.5956248749752175,,,
-0.9771930188688256,0.7425070602878832,368.2596733971436,112.27973806860787,-6.304411143817244,,,
0.4276482794833544,0.19077986984492537,232.75810362048557,82.61485889802566,-6.10718863216148,,,
-0.13108317653397936,0.11305845054304126,2837.272245807193,312.70338394517614,-7.442658569003624,,,
0.5377763259331364,0.019597313686552525,15521.175476843866,603.6787999436714,-10.14781442262461,,,
-0.2635414987777358,0.22642511398448015,968.1350901857771,181.00924812547436,-7.012035873606483,,,
-0.09043953264011781,0.0862086425523445,4472.879193859777,396.89027706107123,-8.111026873161187,,,
-0.18510083806305225,0.10729329664343527,3671.215693922191,349.359252429162,-7.741614298421703,,,
-0.16010967129615084,0.11313852570356733,3127.3577093232393,326.86277929939325,-7.5117687460900795,,,
-0.19593809070634674,0.11182754140372922,3440.265155149862,340.4228902560304,-7.464276822194131,,,
-0.15550120698885514,0.1118468243653837,3114.254746519346,325.4477705575207,-7.611323893635525,,,
-0.17355881073204638,0.09013980744984734,4970.750016927009,409.69622136095836,-7.906851074237287,,,
-0.30887269983124527,0.13759555899137865,2711.708226075906,301.95171111148386,-8.692425892435187,,,
-0.19612499443658096,0.10336855488302141,4025.142146699457,374.03544524190283,-7.690856402675216,,,
-0.03890268634229544,0.095606042574158,3277.875053559805,338.4418728438215,-7.573703899837246,,,
-7.997877886024469,1009.7299309143884,9.778887033462524e-09,126.44018557321085,-1.1497466752580978e-09,,,
-0.6429987967990305,0.11069746771164736,9215.255155212315,571.8230572805096,-8.079291635590364,,,
-7.997877886024469,1009.7299309143884,9.778887033462524e-09,126.44018557321085,-1.1497466752580978e-09,,,
-0.12447456926485952,0.13334447305062896,2042.49618583,263.81673177804504,-7.203463273040091,,,
-0.0314529060146419,0.09027158199119872,3530.6885731439756,345.9783241479401,-7.593834911025727,,,
-0.17863562029742583,0.10093522463726926,4165.982686795247,382.04134568564433,-7.753395731940046,,,
-0.32638397722036117,0.20778894117299943,1335.7250106437316,213.97266854786176,-7.200549041027353,,,
-0.21509752444120686,0.11705425920659268,3177.643182727255,330.48848213426476,-7.7637262504947095,,,
-0.3134926891949565,0.1414909900013663,2966.3158537695313,322.3391825046092,-7.975246332273407,,,
-0.20730688727535065,0.09322109977707241,5302.222006430866,429.36940558285244,-7.972922227211237,,,
-7.997877886024469,1009.7299309143884,9.778887033462524e-09,126.44018557321085,-1.1497466752580978e-09,,,
-7.997877886024469,1009.7299309143884,9.778887033462524e-09,126.44018557321085,-1.1497466752580978e-09,,,
0.3768344874467911,0.02671560241624082,12955.881702683548,624.025041891172,-12.765401261458244,,,
-7.997877886024469,1009.7299309143884,9.778887033462524e-09,126.44018557321085,-1.1497466752580978e-09,,,
-0.12485895903911476,0.09375447325332409,4117.502481691812,365.9769225101805,-7.626141637694513,,,
-0.988626590745077,4.609058061212966,10.362663637719594,10.113849020628795,-2.9463685719788097,,,
-0.26847682661152794,0.13267254102483655,2805.1960356577665,310.97670998426736,-7.492742955987834,,,
-0.5158166379302054,0.09456702194010343,9663.372120558262,510.5406261419317,-8.262325400740078,,,
-0.8322944871254349,0.44205127552130563,791.9426947399713,167.76179067932173,-6.779483024822352,,,
-0.11664434753174108,0.09878476291300124,3653.9802353054715,351.0318009986491,-7.5956330570385,,,
0.5403477889236978,0.1970919409313905,152.3975814361158,65.48676175849,-5.851338100844353,,,
-7.997877886024469,1009.7299309143884,9.778887033462524e-09,126.44018557321085,-1.1497466752580978e-09,,,
-0.237236595690681,0.1202732921853142,3200.0324419514604,332.1360923964274,-7.986006870307976,,,
-0.48570216314382636,0.31038031714846664,812.5573833832175,169.30868299498837,-6.930049604071461,,,
-7.997877886024469,1009.7299309143884,9.778887033462524e-09,126.44018557321085,-1.1497466752580978e-09,,,
-0.1922047511027166,0.10415818919589898,3853.1226724063895,368.1524749392117,-7.659649970274855,,,
-0.1019354677721312,0.09725704306413317,3707.725321854911,354.500281943145,-7.601229045652053,,,
0.6365285767517916,0.048100666507697475,1881.8068611025928,232.93028936281056,-7.213832185091063,,,
-0.14577284327568257,0.09779879072564525,4041.138902175375,369.1949304854077,-7.6241624834821415,,,
-0.15211210097455036,0.09610829100264193,4099.07055982058,369.84789971334465,-8.054117734125288,,,
-0.576973030918651,0.37904651551224694,690.4463525211539,155.24262100572486,-6.948750939914028,,,
-0.2335942767028585,0.25523214396143046,675.027900682986,150.6963576539652,-6.939016764559784,,,
-7.997877886024469,1009.7299309143884,9.778887033462524e-09,126.44018557321085,-1.1497466752580978e-09,,,
-0.1383937572478221,0.11205238583103744,2982.1222400461274,317.5363368941334,-7.397280781951959,,,
-1.4169242537360744,2.0696378833768354,101.055098784748,55.55762498315052,-5.610849722419826,,,
-0.11517150626542935,0.09011356941418608,4373.676071156414,388.75902950030337,-7.753470735846902,,,
-0.4315619611190024,0.1367929552016652,3646.3012049839926,355.78020084739666,-8.528548661307505,,,
-0.4736181177833487,0.3115965925920717,782.477717764962,164.51255550364223,-6.902136647902983,,,
-0.31173812546203095,0.22185783731122832,1204.4780370474168,206.13417456731614,-7.151207436452662,,,
-0.9498190817704437,0.619502784513077,490.23928522516775,131.21828834212153,-6.528244823866059,,,
0.3407482506939671,0.03282895539455551,9757.680999445123,573.2241579175875,-8.40548701962991,,,
-0.1310271391257039,0.11382891137857826,2870.8533820778894,315.3822564536631,-7.4284728189873945,,,
-0.2170832176508796,0.104315246319601,3975.330912345273,365.82810885022144,-8.365143278605938,,,
-0.18965732659317347,0.11867691877399279,3022.1314828642617,322.01868184136083,-7.484052656489296,,,
-0.1962922221364751,0.11292163458136174,3260.7452690039277,325.87485078120676,-7.93288890332335,,,
-0.17291139317174467,0.09507185881692905,4537.847575059719,384.5985319787453,-7.589673649478908,,,
-7.997877886024469,1009.7299309143884,9.778887033462524e-09,126.44018557321085,-1.1497466752580978e-09,,,
-8.0,147.18326746521922,11.784796796614854,11.340094419435358,-3.217028066741876,,,
-0.4742270516517473,0.3808596227435297,565.4690879083028,139.04879908021402,-6.823131452673599,,,
-0.2510265941778006,0.15084891371883097,2220.2852487129985,279.14797549206946,-7.396394141114798,,,
-0.1278021765174818,0.09652524799725506,3824.3872592392404,366.01518001207717,-7.737158505638095,,,
-0.10581502466080815,0.10774777393428953,2984.561906399885,314.0194012984308,-7.433998290081614,,,
-0.24871560110451432,0.14545351357235084,2314.3408863725053,283.0458434246655,-7.39523902453579,,,
-7.997877886024469,1009.7299309143884,9.778887033462524e-09,126.44018557321085,-1.1497466752580978e-09,,,
-0.18883628344353645,0.10534703462064003,3760.0826816376098,353.5198736517963,-7.6796820313221215,,,
-0.347647829650593,0.22527594978687968,1198.667164571417,204.1601243005225,-7.326993781207195,,,
-0.5334929696471564,0.3280805692559706,904.7510141227318,178.9775381210421,-6.9162000031819515,,,
1.0850914129206042,8.88560378536322,0.013603020030182152,0.2646905304412491,-0.022702263328354996,,,
-7.997877886024469,1009.7299309143884,9.778887033462524e-09,126.44018557321085,-1.1497466752580978e-09,,,
-0.7664773740650056,0.4440084687429433,673.9076382854505,152.7124121137665,-6.8040616162365355,,,
-0.16197777087709989,0.1916969162500659,1074.4195614454254,189.31078724639374,-6.882498512405106,,,
-0.1719386928852543,0.11136348587245988,3206.6768329652814,326.84426411306345,-8.130537313265243,,,
0.2725098509837106,0.04651347536753674,6068.490225333287,454.4571734439904,-8.139074184479133,,,
0.6646459790702312,19.070394591554344,0.007857168238866577,0.27222269679565614,-0.012438551813835033,,,
-0.10383200076818792,0.11471310218755225,2600.735735208464,300.1597666603322,-7.59264012882493,,,
-7.997877886024469,1009.7299309143884,9.778887033462524e-09,126.44018557321085,-1.1497466752580978e-09,,,
-7.997877886024469,1009.7299309143884,9.778887033462524e-09,126.44018557321085,-1.1497466752580978e-09,,,
-7.997877886024469,1009.7299309143884,9.778887033462524e-09,126.44018557321085,-1.1497466752580978e-09,,,
-2.2347739990036164,11.416296022082285,8.5122922566142,8.506849933000593,-2.4639102961091743,,,
-2.152989511978914,11.500261003993636,8.509887455018891,8.507615569409959,-2.477482632580752,,,
-0.2104172429181892,0.11025473004622209,3695.82507781365,355.2391452206896,-7.670611324016192,,,
-0.14690026328655487,0.11260917744896538,2932.225864980786,316.9845415623703,-8.081171192418307,,,
-7.997877886024469,1009.7299309143884,9.778887033462524e-09,126.44018557321085,-1.1497466752580978e-09,,,
-7.997877886024469,1009.7299309143884,9.778887033462524e-09,126.44018557321085,-1.1497466752580978e-09,,,
-0.20055311282850777,0.11281127383089277,3429.406249636277,351.4428429445042,-7.512055641369672,,,
-7.997877886024469,1009.7299309143884,9.778887033462524e-09,126.44018557321085,-1.1497466752580978e-09,,,
-7.997877886024469,1009.7299309143884,9.778887033462524e-09,126.44018557321085,-1.1497466752580978e-09,,,
-7.997877886024469,1009.7299309143884,9.778887033462524e-09,126.44018557321085,-1.1497466752580978e-09,,,
-7.997877886024469,1009.7299309143884,9.778887033462524e-09,126.44018557321085,-1.1497466752580978e-09,,,
-8.0,326.739652708004,10.403481255070032,10.153621484633467,-2.9673255907938865,,,
-8.0,147.18326746521922,11.784796796614854,11.340094419435358,-3.217028066741876,,,
-0.7893184897437774,3.9519259955875348,8.535901150063216,8.499102695188538,-2.4650974042341622,,,
-8.0,143.9489902742959,12.938658913547878,12.315651769579038,-3.4673825639360456,,,
-7.997877886024469,1009.7299309143884,9.778887033462524e-09,126.44018557321085,-1.1497466752580978e-09,,,
-7.997877886024469,1009.7299309143884,9.778887033462524e-09,126.44018557321085,-1.1497466752580978e-09,,,
-7.997877886024469,1009.7299309143884,9.778887033462524e-09,126.44018557321085,-1.1497466752580978e-09,,,
-7.997877886024469,1009.7299309143884,9.778887033462524e-09,126.44018557321085,-1.1497466752580978e-09,,,
-7.997877886024469,1009.7299309143884,9.778887033462524e-09,126.44018557321085,-1.1497466752580978e-09,,,
-7.997877886024469,1009.7299309143884,9.778887033462524e-09,126.44018557321085,-1.1497466752580978e-09,,,
-7.997877886024469,1009.7299309143884,9.778887033462524e-09,126.44018557321085,-1.1497466752580978e-09,,,
-7.997877886024469,1009.7299309143884,9.778887033462524e-09,126.44018557321085,-1.1497466752580978e-09,,,
-7.997877886024469,1009.7299309143884,9.778887033462524e-09,126.44018557321085,-1.1497466752580978e-09,,,
-7.997877886024469,1009.7299309143884,9.778887033462524e-09,126.44018557321085,-1.1497466752580978e-09,,,
-7.997877886024469,1009.7299309143884,9.778887033462524e-09,126.44018557321085,-1.1497466752580978e-09,,,
-7.997877886024469,1009.7299309143884,9.778887033462524e-09,126.44018557321085,-1.1497466752580978e-09,,,
-7.997877886024469,1009.7299309143884,9.778887033462524e-09,126.44018557321085,-1.1497466752580978e-09,,,
-7.997877886024469,1009.7299309143884,9.778887033462524e-09,126.44018557321085,-1.1497466752580978e-09,,,
-7.997877886024469,1009.7299309143884,9.778887033462524e-09,126.44018557321085,-1.1497466752580978e-09,,,
-7.997877886024469,1009.7299309143884,9.778887033462524e-09,126.44018557321085,-1.1497466752580978e-09,,,
-7.997877886024469,1009.7299309143884,9.778887033462524e-09,126.44018557321085,-1.1497466752580978e-09,,,
-7.997877886024469,1009.7299309143884,9.778887033462524e-09,126.44018557321085,-1.1497466752580978e-09,,,
-7.997877886024469,1009.7299309143884,9.778887033462524e-09,126.44018557321085,-1.1497466752580978e-09,,,
-0.2858197645108,0.5698693963265131,159.9256336733638,69.67363629076648,-6.005419749905013,,,
-0.2730257458287982,0.45659778121919986,279.9858612471963,97.36082248817634,-6.341255999138471,,,
-0.34724308285663513,0.5772913819656801,208.1324132534545,82.94029260263359,-6.142323430578214,,,
0.2026048011235713,0.24279170243735593,260.7978368349128,87.42585087678506,-6.18729136438698,,,
0.8789187572060626,0.0138186653533578,20888.7756006509,642.432622783956,-9.535097609628046,,,
0.8242607934222491,0.014900123543439664,12382.952098324839,501.115036749946,-8.812866795130827,,,
-0.49524918331492324,0.7008571667306056,164.73705405494923,72.6293766695278,-5.912632680864132,,,
-0.12283961621067632,0.0942067113334291,4174.539966826802,375.14925817047066,-7.834029110314889,,,
-0.059524309612649054,0.2885065335662571,382.2614776754887,112.32018673231852,-6.336365324431832,,,
-0.48967113506456705,0.6638821576957873,159.4025799770069,69.58355518303347,-5.9791170574475245,,,
0.5768862907254436,0.15553233226914784,214.43112152785577,76.60941072713892,-6.244829597466759,,,
-0.02466893757642403,0.26758330909236855,408.03775589711876,115.6712945287781,-6.47268518983917,,,
-0.3173239705825677,0.08667532328407176,8425.007406891067,604.6720747223566,-11.112996528647047,,,
0.00034666209034742043,0.2721341012184474,376.627832435791,111.89582855809256,-6.402150723397018,,,
0.10233110817310641,0.1641381457632458,722.3265849269297,150.90556575117077,-6.952689652832983,,,
-0.3024595986341476,0.6178099594952,149.12598684292013,68.48428095013684,-5.900915958172352,,,
-0.37850100885190385,0.10824158610898245,5715.218242959903,454.0114572167869,-8.375008540737381,,,
-0.2148575503246535,0.08604179326267981,6204.65106140891,462.53206346142014,-7.89895502502206,,,
0.12713582323583755,0.078313724251026,3143.7085631834443,325.3852600729206,-7.823852956049019,,,
-0.11691383709683119,0.4920523403031225,152.33857801639815,69.0652713899415,-5.878713140742798,,,
-0.7669370919630226,0.3046511183759187,1458.613128984322,225.28620460711875,-7.166251500005128,,,
-0.22546368373761427,0.11177392818595396,3768.6206477699866,351.41682929032334,-7.535847727437382,,,
-0.3085260949114422,0.0999776261947877,5617.482615070012,441.1516535558919,-8.139839480265595,,,
-0.18344657780204585,0.10015209581812566,4161.222275210242,378.24291374332756,-7.720251521051356,,,
-0.2396699619147792,0.10495737522267612,4338.34349947862,391.09172772695194,-7.658157658520763,,,
-0.6477279039114123,0.6272149078962954,268.52174403695005,94.46871881057024,-6.167389211150173,,,
-0.4587510409919659,0.5394279756652228,284.5186475296789,96.448317992886,-6.411446045648227,,,
-0.17850550628522663,0.10547072952499842,3683.0127841237463,355.17898095513607,-7.642440116669906,,,
0.03412250907953699,0.09567669026121278,2764.9663280097348,308.4766164584504,-7.6203005983372005,,,
-0.7807054895527753,1.0081110343379376,111.93183335272833,56.8403416725466,-5.911106618146431,,,
-0.3774165996269542,0.5502080042224888,238.16239257083768,89.26169252988261,-6.3763466083054405,,,
-0.6877383175654486,1.1873434270504741,87.59222562699613,50.93622437055842,-5.528072295450745,,,
-0.9992834755465568,1.0923531063140322,137.8377996372149,65.21289677038924,-6.082751665755782,,,
-0.4757754246543843,0.6163953640912514,225.52218521613142,86.04856275973455,-6.175925394361909,,,
-0.23609713249373973,0.13276707073069702,2694.7408636327036,307.3245279777425,-7.346338424733297,,,
-0.290100214125095,0.11346520253476972,4206.1176848636305,378.2855426144794,-7.640591254894296,,,
-0.8679429957093536,0.8807533638465269,198.260453581919,80.27188187147067,-6.000452165797443,,,
-1.110519864954113,1.495469712942102,109.79290076174277,58.035938913468506,-5.628389050395778,,,
-0.1352985341950304,0.09981786370049445,3816.8917713826204,365.4783330639693,-7.7169400020502845,,,
-0.17684780749495158,0.053860948060745185,14173.899451880783,651.869115584582,-8.742153819867204,,,
-0.5321171618760767,0.7364190965491444,158.4395719716969,70.80991700170635,-5.876785202355784,,,
-0.9519755742471607,0.8537883696670107,260.52638043553196,93.66907427463656,-6.157204067128921,,,
-0.19397886884566162,0.11396919961372423,3293.13091703467,332.34768095869924,-7.460695588820946,,,
-0.48676577308215324,0.13408425645823982,4277.697968979221,392.3257287559426,-8.514892881344442,,,
-0.40368027506732984,0.6595134107581645,143.83400028922077,65.87379873750338,-5.8616711144860405,,,
-0.5143171701661956,0.5838370856316774,219.87544485174138,84.07354929711698,-6.182002442775615,,,
-1.2245763383786143,1.3464911854803994,141.18070776390815,66.51033805434847,-5.930407097205479,,,
-0.2332717561081892,0.08743772174558864,6203.50762078738,462.7606439567348,-8.42694502305076,,,
-0.24019731138296146,0.09950516364438615,4795.6686524154775,396.2346250468,-7.706166073673355,,,
-0.8596700778331695,0.9255567942497839,174.9793173565594,74.95819475515576,-5.972778465193944,,,
-0.1820213015155034,0.09856334629555798,4300.995487061474,383.23669222123885,-7.690653005574341,,,
-0.8571850396489239,1.2866053614224022,92.52720835245847,52.073348538628856,-5.542564834807415,,,
-0.4455048128408024,0.1399992386599098,3751.1236210292936,365.4767346530721,-7.914094659681309,,,
-0.683319615979709,0.3721520088149136,833.0405738986115,170.52271573330347,-6.850954137156027,,,
-0.26718327168907646,0.21945691857780095,978.4982209682519,181.90331548837625,-7.392236951960816,,,
-0.19099634641718058,0.12137698638097859,2933.8675074388457,318.8177728120271,-7.557500622230233,,,
0.09559775998680935,0.15011937527224128,888.8595386034895,169.43539960144025,-7.051774355711765,,,
-0.4499361570716836,0.5755025194684761,217.56091839918795,84.34271022854658,-6.081165394331548,,,
0.34875060194561514,0.1346972805080652,589.2057718990404,136.91475447086006,-6.677464823474027,,,
-0.3415742281107748,0.14789107939153548,2651.0197838274894,305.3280278297023,-8.597062155574148,,,
-0.29975054161319087,0.1151884822744089,4098.210132089212,371.67004933485475,-8.138595007758854,,,
-0.12289125306801021,0.25078302791940404,572.6014675153478,138.03583102536555,-6.626483636020644,,,
-0.6867632545883211,0.8067235392794802,179.78086368836702,77.2412947654588,-6.103071045611778,,,
-0.5227921764843122,0.406036388628252,519.7910804450999,133.68748787913282,-6.545727417465987,,,
-0.17373253084458445,0.22612532044812467,784.0142430388869,161.69368131671354,-6.728626612581213,,,
-0.24152670598628864,0.30151515034252924,554.1563857722248,138.6800072497528,-6.6088962794349495,,,
-0.20171896700707304,0.2581523942672371,567.9031114969274,133.28350889784346,-7.228945060430235,,,
-0.4506478535644262,0.5408300196767953,213.30493992929667,81.62839205605876,-6.3943721631059365,,,
-0.3279900260948627,0.2733365368921962,723.1381600803988,154.28718353384875,-6.962915021385598,,,
-0.052369180713846865,0.09068997489068142,3763.10518816351,354.25105432592244,-7.530406172703314,,,
-0.02038597583351685,0.14869659404505034,1273.7815043982678,206.90193963922457,-7.086370469861025,,,
-0.17090651725777706,0.0870567638109958,5503.218828462268,434.70169508359584,-7.813023325702379,,,
-0.1737703700177594,0.10844172972022227,3494.340308927681,347.9067129079867,-7.457882387225455,,,
-0.41065394559278956,0.17600599161122868,2162.4668617303523,273.44148313182313,-8.064576791682544,,,
-0.2652279742810711,0.12445893981543595,3207.381280360904,334.8565141732632,-7.7525471207490675,,,
-0.8679735531995191,0.970112507147056,171.60304323786136,74.51905934789433,-5.911071351184542,,,
-0.25255613124388165,0.11307400340782565,3811.848934004009,362.6226768423061,-7.868024951780792,,,
-0.2167741861804127,0.14176154129921534,2291.5739101806003,283.2953300727353,-7.774764677155358,,,
-0.2508323555398164,0.11148491386748252,3834.775630247799,365.5972948990864,-7.990191719551451,,,
-0.796326440584657,0.6313698779417343,388.54153413606656,114.94495161472094,-6.344522332568548,,,
-0.29343357541550513,0.12867289051839642,3228.5091500062986,335.63341584076124,-7.543125327808157,,,
-0.6085494533096603,0.6963792211682086,217.7003920444159,84.22303171507698,-6.063583846455661,,,
-0.3222550819483723,0.1757824076634018,1866.9011746444316,256.75725667354794,-7.175744945323873,,,
-0.3696004169062255,0.17470922547809203,2198.6003417787,278.66357848353346,-7.593898338366618,,,
-0.47673730740529685,0.792795934623185,124.026446180859,61.97358978075427,-5.7375199230507645,,,
-0.3552432722196431,0.4336992518916294,302.5853215776775,100.27775662844572,-6.375574808624452,,,
-0.10451384052534805,0.08895162714407237,4477.423800605236,400.55417096777853,-7.83056904287201,,,
-0.15833718709390113,0.11038918685573854,3269.520166884319,330.26210676352315,-7.5117832075162365,,,
-0.2976477550788368,0.1521121870565862,2339.9466527449804,286.9312786963062,-7.374457992144707,,,
-1.4834353962832754,1.0236051671856772,400.37639616720014,117.85585566205258,-6.378999453431617,,,
-0.1342188013951235,0.10805808548031917,3270.6957077424863,337.57021176302277,-7.648250475941351,,,
-0.3742405783701818,0.19919120660427464,1615.8147157628866,237.83411293299193,-7.305803042902288,,,
0.39213656388667456,0.15737457149767037,374.18226427256116,107.5331054216946,-6.556042224637797,,,
-0.29614197870549464,0.13266676229214394,3124.5837512694898,328.8352405533898,-7.434999951072332,,,
0.3873621877793707,0.03356156422300176,8479.807722978223,500.25385757894634,-9.321522938844016,,,
-0.25241770217480514,0.13673404193071753,2521.0896365216786,294.37435558265383,-8.141827953273324,,,
-0.509151878112568,0.5927123324675535,221.4784927612854,83.79786327266098,-6.16380515413599,,,
-0.25840453260160595,0.11437282047920154,3781.4205510168363,364.85764876749136,-7.858136477507127,,,
-0.39026212804410826,0.15161755601348736,2826.174736414056,314.1861991410595,-8.148262146296785,,,
-0.22250360747981932,0.10684292991339228,3921.6550696265335,365.71775208317797,-8.055315953119516,,,
-0.39274504947236116,0.5650003296454871,185.85928703606987,76.26442422216512,-6.041754060195377,,,
-0.6329981004074998,0.7576714481413005,162.88722759244783,70.36127431810992,-5.975568158687247,,,
-0.2314369273973392,0.09916839026396865,4801.204037939172,417.0004623809027,-7.866911149203233,,,
-0.1765578315300563,0.08994267550764112,5234.051167125785,418.8912150923479,-8.054394678479389,,,
-0.38845867215234264,0.5973288186676796,178.77644779682424,75.08037943104553,-5.99348057644877,,,
-0.19320243849165433,0.09899420395386466,4339.594620487817,383.9320000626904,-7.7987146738708395,,,
-0.1939730031014433,0.1044540198057829,3820.4575270042765,363.1004458022265,-7.917986486754852,,,
-0.49544558338220523,0.1345562213753151,4417.013139067885,408.5662392126371,-8.674991137556058,,,
-0.4133562508733796,0.8062608948867004,105.50724729591057,56.37417601816022,-5.66131575908546,,,
-0.205001320743564,0.09287330493533645,5243.852385975918,430.52069653918335,-7.9950737624674275,,,
-0.96057354252505,0.9094611511830988,235.91079135036878,88.95642945058249,-6.108747592143404,,,
-0.41601028676009094,0.4415598917015606,358.2032024169272,108.87521047271,-6.517342018958798,,,
-0.12409773377071419,0.08836848239345389,4706.495028684216,403.7522808707687,-7.723437654640772,,,
-0.6802376832319393,0.9185046676015398,125.45748638085267,61.66928998574712,-5.7616909321662,,,
-0.037997919245171055,0.08585235948322732,4153.08762480317,371.75160611643827,-7.867641085174506,,,
-0.5834195441893208,0.5229605953604579,349.25179911552624,108.72679665970807,-6.408517603985496,,,
-0.20135237204293588,0.10170707464719296,4228.077362202202,373.67391021274466,-7.685891980928325,,,
-0.13445864880537522,0.09288336865207143,4245.116604521594,374.7876708938372,-7.8122996157562055,,,
-0.7236369256274414,0.9536384385797977,140.7912297019222,66.55142329465461,-5.810676202443954,,,
-0.34282145232130085,0.12647545218768247,3724.1461906197987,363.91731196882483,-7.525830253611972,,,
-0.17895681553882883,0.10204637797094364,3942.7611221449297,369.42240438654824,-7.566489228483869,,,
-0.4388427477020541,0.44762135155902505,361.180604540155,109.95023741412396,-6.488663672259348,,,
-0.13820113890576052,0.3131579174532528,370.2405184993096,109.66568853677667,-6.489080839385761,,,
-0.5876393050204555,0.7573582944443655,164.9135456494922,72.6743482557854,-5.947243647058915,,,
-0.2446142333526002,0.453607983051416,219.61169351974698,83.85321213992191,-6.10093554181856,,,
-0.21668063256042186,0.19913634285928902,1223.5598659187729,207.48560414299794,-7.349183050983866,,,
-0.38133732612222127,0.4105604361690846,372.31833378875734,110.57526455688371,-6.469559659326294,,,
-0.22029605359142668,0.11173564345420517,3672.3158298248613,361.03123875132076,-7.547350565395939,,,
0.2106553068744534,0.04748558796973583,6696.897509722136,464.2535403937619,-8.911726787984191,,,
-0.15212570914343956,0.0804473608112911,6265.142230379041,465.80702517563554,-8.294811817418225,,,
-0.5594752563756918,0.8995756535358701,129.88300097478322,64.73516385194739,-6.18782128959915,,,
-0.4443079290990925,0.543528696949708,222.478832735781,83.34938760215275,-6.463024800533581,,,
-0.2032423638558369,0.09635944913621218,4843.39639036354,406.12114029728025,-8.289036232553636,,,
-0.4866590797185126,0.15114162555719338,3425.543105515046,343.0230256161913,-8.313783244225064,,,
-0.2084430226949581,0.10464340220352057,3945.406943370188,362.7346386880275,-7.820788827667868,,,
-0.2878905954114261,0.12693966936796583,3248.8767729401306,337.31506956832703,-7.675803334494907,,,
-0.28297074895273183,0.5210141947125323,188.13424424678843,76.65143826743392,-5.961099741344743,,,
0.0024602784755406717,0.0872722624976129,3643.8845811271813,353.6244559515443,-8.131168115483456,,,
-0.5218664712480275,0.4376313668065771,448.9228711954167,123.78871908091092,-6.540420873452057,,,
-0.8354214839033088,0.8248958802002054,241.02493925924108,90.19976713903465,-6.15004821114586,,,
-0.4319051875136707,0.12331676510675083,4448.412612767897,380.4876045123593,-8.833703489548425,,,
-0.6188166619416849,0.85020555895413,144.63336964866357,67.72494566079244,-5.8369877341805445,,,
-0.820613719913892,0.9406789424813318,175.59589455246655,76.16621381287365,-5.937373974972601,,,
-0.4075523395845794,0.5244745473534117,228.70445446911785,85.55967677849074,-6.176536616249826,,,
-0.2941739804413395,0.10562953187106662,4960.395064501959,418.7633888259533,-7.824394480335756,,,
-0.2565378903401228,0.12229695647510609,3358.9692196479427,346.8054834087853,-7.614482902528715,,,
-0.32518299230206615,0.14028222371228616,2959.843638741644,326.56076052724865,-7.4489443980523635,,,
-0.17450138235054943,0.4385718358131855,219.20299271774226,84.40488468645206,-6.041500374393787,,,
-0.19952729931381757,0.1155025931770629,3278.0126368580145,337.4549574302282,-7.559020517907552,,,
-1.4266014285835475,1.7122186550624048,143.00450209494196,67.78819814027165,-5.797040144107865,,,
-0.2984293935542327,0.12372772161972863,3509.767168251683,346.8910430607273,-7.537843069044944,,,
-0.2546494036773478,0.13059397468172607,2920.1049766860874,319.42538662503165,-7.383590679722158,,,
-0.19037200400155482,0.08368314992028912,6327.838742046009,475.311912553829,-8.440572839555553,,,
-0.7624295084096366,1.0075382302478813,132.61661411345148,65.00542324709829,-5.741962248413486,,,
0.16361132496269662,0.1832849051051739,502.27871986197647,125.18857615439534,-6.563866579541863,,,
-0.2791709188976576,0.32760961925697724,514.0299786100912,132.59978623977247,-6.743592752431408,,,
-0.27378990316097995,0.09318812852809857,5987.60098755995,448.8265018402967,-7.773834776556623,,,
-0.9580401733587642,1.0998984564373397,183.69497397637932,78.31084514920154,-5.977407460841564,,,
-0.267462956376641,0.10357251504019782,4702.561901651159,416.34984916239296,-7.737594942736323,,,
-0.17929799624807313,0.10077617494796844,4074.0424555688496,366.0884065788621,-7.6871622442803895,,,
-0.29736638298121226,0.1601388535899501,2139.6758189909774,272.55477157567634,-7.2684343519136325,,,
-0.14409899323496966,0.09588761930932037,4221.2344810849,380.7133722287206,-7.816011214031046,,,
-0.23179640217996372,0.12263181424687124,3154.516986042311,333.47256724056433,-7.5530394167256985,,,
-0.36544923662935974,0.1376910285289456,3365.66211295713,347.73086192983993,-7.6954708239010605,,,
-8.0,135.20553324890182,13.963604358627737,13.1674857669281,-3.5600032486069266,,,
-0.20168487883202132,0.12041783053417196,2848.801426267073,312.3765756008683,-8.127502494623492,,,
0.29837591112970635,0.23433579774911598,210.46826983900968,76.76953216299363,-6.139373802825974,,,
-0.42975613535326,0.7351582788923738,117.65079365337176,58.91030387546064,-5.750687999294528,,,
-0.4267010587665949,0.1777090586722532,2380.333468626941,290.52311938674745,-7.526003504549252,,,
-0.6926058103262219,0.2648351596899197,1763.917517622172,251.0054345344825,-7.51451975711313,,,
-0.31340459689993744,0.11271453084438288,4421.473036272927,385.51205709287785,-7.644110712536156,,,
-0.15810497301392143,0.5716408157863403,126.95290999166875,63.39262678482058,-5.851282223251841,,,
-0.5173030478842916,0.686103204954769,165.57348155324502,71.78868668197465,-5.922313144334355,,,
-0.3959551697005168,0.1418180166406355,3427.456971321846,344.16479200861903,-7.848890334879757,,,
-0.2270758660145236,0.1141060868356567,3576.849987023466,353.8090227713053,-7.587238022583685,,,
-0.5631208885627749,1.0875102061906268,77.92685989230131,47.177489539069626,-5.506181101165381,,,
-0.14110825937250404,0.07951285195497446,5863.4016170758,452.30194515527523,-8.152208493973498,,,
-0.33019582030271377,0.1383194102717122,2814.4020635324296,310.9117222970032,-8.55890792281283,,,
-0.9953040550122038,1.2481527030088748,127.5852070424524,62.87592018304172,-6.06310543538838,,,
-1.6140956878665582,1.9216417609542682,124.48074031881038,62.33736859592624,-5.753689623591171,,,
-0.13264308426629262,0.09726595913789499,3904.7354264834603,373.8686024776115,-8.173627130588764,,,
-0.25906915943432085,0.0924934612508275,5889.665833221245,445.9493887553221,-8.433635662329335,,,
-0.22514087121449475,0.5073443592237833,180.07403294442562,74.12647619580173,-5.913667382983018,,,
-0.8815420031522273,0.9781562242636234,170.11440814321554,74.1960827701856,-5.8992251751032185,,,
0.29190727504377767,0.14831983464737775,574.8743986458888,135.29236419899271,-6.669357444741821,,,
-0.23859171987421104,0.10418478905360734,4424.214352685255,391.53713672666566,-7.787340994558872,,,
-0.25967816555871187,0.12129024002631907,3479.7882108640906,346.6156909272223,-7.557001851766944,,,
-0.2673033178084113,0.12038256077316559,3360.7871157872924,338.148945810037,-7.894950274491672,,,
-0.3517002969605991,0.12778643478843754,3783.9234045376274,365.43809090477725,-7.756158934863428,,,
-0.6469940059852659,0.19894577642431052,2688.7990690616234,307.9410222363667,-7.6285802160973235,,,
-0.15777623085585496,0.2963661064441902,408.65303006779254,113.6500473320437,-6.6509950248364635,,,
-0.1378720095917993,0.0962566749090786,4009.2469171239304,372.3731689896359,-7.781429546571637,,,
-0.39446351461775003,0.5802695238987627,188.35987084640126,77.10443053313018,-6.016883276969822,,,
-0.450637673038311,0.6399286907919816,161.43913034198434,71.47965885992541,-5.967119401318716,,,
-0.25880037168469194,0.4824544353093943,191.0581112278561,75.72444558465672,-6.06581859879039,,,
-0.7042510801086211,0.6038870464596342,320.1512608185934,102.63369053323214,-6.318366878895984,,,
-0.20429039946483485,0.09980881613396143,4376.705406270503,369.520936523133,-8.157326394854323,,,
0.05422695939768818,0.050880258183339924,9413.823310469803,542.3310432593381,-9.781092394394916,,,
-0.23784317332542737,0.10370613489685622,4449.255371974869,382.45294867935496,-7.605451275351117,,,
-0.3383695419037837,0.15261045062025044,2570.832353618676,298.4165464048315,-7.387468698798942,,,
-0.39840058502923115,0.5859628827723268,191.578513208363,78.34303987562818,-6.0487642677044935,,,
-0.31848428511357274,0.1291147575893158,3423.256920385457,346.5670516021818,-7.61101544889163,,,
-0.2694581985171502,0.112511713035698,3939.831626100714,370.79316670620125,-7.855427797956196,,,
-0.48239278421012777,0.38295789766995647,510.8036693860608,129.02154368450334,-6.594042790024926,,,
-0.23152075933944904,0.10837760133382826,3943.488465787428,367.78371126832906,-7.78090237302916,,,
-0.19394566293775112,0.09824392758855825,4324.1797235126805,396.0650244340566,-8.513927223847126,,,
-0.3006758395218556,0.11140919030633277,4408.292703981865,388.9906182520014,-7.62231792273897,,,
-0.21634514461259935,0.11414811488513792,3449.4385132413504,346.6328113937243,-7.563751870138276,,,
-0.31992526331308907,0.13863268045207439,2896.566832614949,319.7487160304289,-7.489056786130944,,,
-0.1790944959538142,0.10087999613202679,4050.549066808131,378.92569586352187,-7.633357290242405,,,
-0.8580074932094588,0.30561475007695954,1740.2541039261685,250.04058901031743,-7.268624366783325,,,
0.2853214271934309,0.048838930185624976,5246.87385640006,418.0704380982422,-8.045881043234488,,,
-0.18730089669404362,0.11656132097818883,3155.591440455426,332.68811694179504,-7.560887485915159,,,
0.5949491334099575,0.1231196421361002,325.604264957992,96.61925457646053,-6.29663454157138,,,
-0.3323886702535068,0.14107180231118496,2839.387182029416,316.3466259826826,-7.682724978695236,,,
-0.4906356674509926,0.6577009414130153,210.30212425040446,83.45497893444376,-6.119838048670268,,,
-0.8564712679054035,1.1694376946583136,136.69127979219547,66.31124887742435,-5.7958478749046085,,,
-1.517432414371022,1.6831407684199937,139.63444925444907,66.43271324217146,-5.846564170522636,,,
-0.6101360956670664,0.6729738056014483,235.26269316859845,88.11463928745096,-6.218358760553666,,,
-0.2682130172291205,0.11916297931217702,3460.2168151007604,342.27684687915234,-7.829367051516858,,,
-0.9356809652774346,0.34279481867675826,1504.559938304021,230.4745384435231,-7.2371613781433854,,,
-0.39718369409749693,0.5335367074427194,202.94991599955307,79.25398872461345,-6.192777532438881,,,
-0.43950673866370543,0.14781324137957128,3385.8278238077946,345.51587923644047,-7.531305662668043,,,
-0.36227776881059404,0.4730285099008075,294.4731734094264,99.35603863986695,-6.246814285111529,,,
-0.598579719612064,0.18299925948478055,2928.928048490388,322.9583540833771,-7.816827140899147,,,
-0.5283279687288998,0.70038747152883,195.6052557454291,81.13970180655193,-6.192026738737186,,,
-0.2341921414400059,0.4422737241554639,270.7112992463446,97.24320624556327,-6.319771969700827,,,
-0.7552076362534923,1.3098151430680667,73.998309298108,44.97076404457793,-5.382206573585336,,,
-0.15886132665701855,0.11176386395148522,3226.608570581296,336.2852953593241,-7.5045813788445,,,
-0.5549166824179733,0.6397791527662643,214.43069314834926,82.93247270223951,-6.065917607461659,,,
-0.2334517439516783,0.1353195158659831,2574.7967866071917,297.2231803425295,-7.495115984622421,,,
-0.48574004299747253,0.7704228369289213,125.29872751321801,62.2395468437102,-5.750529218033591,,,
-0.24970649007492957,0.337138859744912,391.8300400076709,111.51025423623085,-6.643682839194626,,,
-0.5639886292935171,0.7068253018717502,163.95417735260745,71.16659262247332,-5.982560209252041,,,
-1.0436523457061078,1.1704184586404467,171.41089141102816,74.313366127628,-5.898697056267753,,,
-0.28165418591517355,0.1476873788644275,2494.470914719639,295.56749475716805,-7.452511796022719,,,
-0.3825179381888803,0.3678648292048672,466.5160080014566,124.3070127423241,-6.499209844307116,,,
-0.12656579083477604,0.11192559821492226,2954.142965605705,324.3813661807787,-7.383889086275381,,,
-0.4958530769150184,0.5700541297436703,244.49504820177165,89.5304721080664,-6.196962384692574,,,
0.02273771457609327,0.3359642956899377,241.45077766997812,87.94244779350541,-6.234086308276107,,,
-0.5964313547725502,0.1558228985919987,4103.043727676193,381.02209862318284,-8.30232415202969,,,
-0.21534153565599615,0.5264588484561509,178.01973083467348,76.00859672179392,-6.0418747285793435,,,
-0.11989714439939633,0.25196541163118225,590.6711833250611,141.87939138834378,-6.608762208770176,,,
-0.5655603891518287,0.2943922901564562,1049.8884974816106,189.87706549255805,-7.006398869243267,,,
-0.2109986211133613,0.21434920066784593,928.6586026465498,175.801689643496,-6.887595066967132,,,
-0.7519784118477942,0.7360454527888979,239.5221992513377,89.97896485194052,-6.145215407600985,,,
-0.12727471312929012,0.2711359426228626,493.0103859254399,128.15574358466594,-6.77278832421442,,,
-0.43200748385395954,0.8298184421880705,100.39390049709134,54.43935127428793,-5.758422644393608,,,
-0.7931070462756517,0.5419690443799923,482.2949516190674,129.70592107532815,-6.477409521374606,,,
-1.336252313217408,1.4928279810251674,152.836963969512,70.72556497783955,-6.027687727169455,,,
-0.5373054277350406,0.7697021119932087,135.61144588043794,64.41937712209726,-5.814285156790159,,,
-0.7658634386468689,0.6855734868591045,290.78608949536977,98.97106568408203,-6.209611163801602,,,
-0.12783970444816628,0.09267063681160118,4311.468864009011,385.69000273332676,-7.726681935876273,,,
-0.4491876708439154,0.17403479685822076,2486.135237330648,295.5880629194023,-7.5167263016551376,,,
-0.6483190329174471,0.65397405319585,263.742982920188,94.38711524533447,-6.278520111242843,,,
-0.4261732782829956,0.6659802981708964,164.0608279178897,71.94696938989388,-6.004012212669212,,,
-0.46235394396839236,0.1570193947327595,3087.448901354774,327.0514291771269,-7.559944645755473,,,
-0.25373312243701135,0.11755177490648583,3623.2931612329166,352.78441635666877,-7.642680181764508,,,
-0.3983290237672343,0.12948207853729776,4041.611811246445,363.7962488865634,-7.681879650182096,,,
-0.2070807102314458,0.1093067653906708,3729.5198838787446,367.5105732378016,-7.75482628301721,,,
-0.6653348676937335,0.8998960129855452,144.9958882631286,67.98244053951409,-5.8582804041259955,,,
-0.15565534774057488,0.08815342534923433,5140.043840060035,413.9028007702267,-8.076807008115324,,,
-0.5195949628679031,0.591654236630663,233.33042401897612,86.67704668693573,-6.151519830154041,,,
-0.7234314646545736,1.2559013614040695,80.22356758110482,47.97400076992178,-5.468260627630801,,,
-0.3257473231647523,0.12107322724077899,3903.6513624825025,364.97381660379995,-7.547230716381369,,,
-0.26891216470611423,0.11799925992570562,3595.9686386910425,354.16415581709487,-7.662047054282466,,,
-0.3539156999560069,0.1701867611937715,2047.8142248221848,264.1845870890785,-7.462610738888196,,,
-0.16934061785266574,0.10380617236611459,3756.838807582532,356.5217342265309,-7.5454637704212875,,,
-1.1538386289849178,1.3624807592102286,150.24556611524181,68.95991382975934,-5.926163999842792,,,
-0.49368322485932936,0.6421764431096307,179.9015762448018,75.79450447764934,-6.022838727103929,,,
-0.10330143667574924,0.3643434277203066,243.36068885338113,86.62228636879622,-6.141998856350973,,,
-0.1756637408832282,0.11407627973699967,3172.285327402592,330.47196994368505,-7.493526465330027,,,
-0.5196642050439353,0.6826532106036354,190.44587707090642,78.42043961262662,-6.087581990656747,,,
-0.4211937363363979,0.1332316485273415,3823.96624249736,356.1293129965266,-8.768845162927686,,,
-0.41229608207310475,0.14009119336737444,3523.1100833533887,348.98897130893505,-7.612793057536846,,,
-0.4419693055842549,0.22135579719669643,1496.3173495805731,228.18372826404433,-7.055539235878692,,,
-2.0991459793946654,4.6414904413881,42.92470423931997,32.102352603651376,-4.968717401074505,,,
-0.11895831786254733,0.2230645799053633,779.8085003415632,164.71067795105955,-7.018092211958952,,,
-0.19088944492174614,0.4303630633562785,215.58520313507375,82.40078480292242,-6.1126978011705795,,,
-1.1680281068959006,1.229550427882307,171.35070236796741,74.55712873478677,-5.896312540169712,,,
-0.18326376078722975,0.08760834789868184,5405.966449440545,433.0161730124064,-7.887677434650955,,,
-0.2126834434865467,0.1033235961409994,4213.980645412101,379.4231438836351,-7.575355834222715,,,
-0.298777302270813,0.11476444070805436,4279.673798906426,380.5240060346718,-7.824708030848157,,,
-0.2647568512075438,0.10277816136244067,4739.584981167441,399.4610600573855,-7.722332153902411,,,
-0.17190348488171078,0.08987846836541548,5078.225836692592,415.04440833457556,-7.645040327198957,,,
-0.18469721625666882,0.09729080962023741,4383.528765165741,389.1363084749881,-8.0913955571937,,,
-0.09331451954854303,0.07037519205611188,6770.134473747514,478.01937262537655,-9.238306834110137,,,
-0.22779466143914995,0.09591323070095022,5002.762422196334,418.36369408211857,-7.823754000101877,,,
0.22639529725006952,0.25780879158557274,235.91772438417917,87.57991456055034,-6.252573135048367,,,
-0.2270382207892581,0.11658067425923274,3539.077169122447,349.8740983232204,-7.950029159971257,,,
1.4087105355171878,0.0023660403147872672,61350.07854324133,519.0166471124425,-35.15552484403419,,,
0.8309169688493031,0.010078616376870981,23077.375862649013,980.5549905754955,-9.15670076668927,,,
0.20720034907400636,0.12479482570640249,1004.2914860293131,180.49812755544983,-7.018877597877643,,,
0.8218042411705287,0.03196563206354262,2607.242074613457,257.86091646169973,-8.653719159097022,,,
-0.23406646355147606,0.34877455481024255,352.0684834291429,105.81439064182159,-6.510874449291266,,,
0.2660704569423088,0.20090787148891961,314.95188720252213,96.66750901514274,-6.3220979572917955,,,
-0.0023635262966397765,0.32793488687248373,241.2972245742252,86.41971461771722,-6.138883068882811,,,
-1.0065435708314836,1.0998653241609697,181.89161479568708,77.49912708336052,-5.989174370146289,,,
0.09769241155604882,0.3202151722642188,190.92761824527705,74.111579374444,-6.047568682312904,,,
-0.3326849189703871,0.5413860763701454,192.6358936402816,77.99492476932659,-6.057436629086092,,,
0.19514513326854116,0.2774506495489964,200.44717973936375,76.3941547937905,-6.068378637118744,,,
0.08444862558502154,0.35023097342180964,201.5165311322067,82.95779839571861,-6.416324669823133,,,
-0.24166813672788948,0.27415134316643375,585.8699394240499,136.4956756896415,-6.8852617817047115,,,
0.579046167777696,0.03929301885449685,3332.3453637581565,306.1539028482867,-7.738796626265934,,,
0.18419262292916136,0.21302759118116527,359.14683775606517,105.1207249234344,-6.334420973104161,,,
-0.09149483740972024,0.3001995561863388,414.6021322066938,118.96706853673457,-6.692918898867474,,,
-0.6187211109318141,0.7877255895614644,158.4170260734121,71.40984629827133,-5.889784750116467,,,
0.12768195488828438,0.25133873280563834,308.87631836313636,97.59469629922715,-6.311235781559898,,,
-0.3726188727624292,0.507517877326407,226.32265147145063,84.45968622181024,-6.124653170401918,,,
-0.032043994013107716,0.2673157097767484,383.75893191382613,109.13476877455581,-6.6556524156594135,,,
0.38994613217057844,0.3941705533388987,57.36820973637762,35.960155923313685,-5.187792704348415,,,
-0.03187814537560459,0.3373778125269129,235.9235780158107,85.8193377135295,-6.643230320904484,,,
-0.4373166482237359,0.6716124053866488,152.83557392509255,69.25024622623846,-5.960265989171972,,,
0.8362275254881865,0.008840286134491311,29419.746732147672,524.0113949873914,-8.767147988971296,,,
0.14462446248759311,0.2545800858808746,278.395880966717,91.91448377809566,-6.210275408454181,,,
-0.16591759864676422,0.10135645887586825,3970.2106596843882,368.2147321001276,-7.841101528961223,,,
-0.2622961346300684,0.09793262709812574,5280.592666011537,432.37677773944637,-7.980252562944701,,,
-0.6309581513075856,0.8664706387045045,134.43522797398037,64.50831073172179,-5.7956455406478105,,,
-3.401611881532909,5.8659331078218635,136.2026278690408,66.11921280637395,-5.764805237650819,,,
-0.3626998423694634,0.557986189847261,209.3315983657653,82.05367393513069,-6.156663388060364,,,
0.019086664231292634,0.3126649212189345,242.638192684292,86.25906970147463,-6.2032637940557205,,,
-0.7107960782813657,0.6998023503330802,261.0749772042892,93.01411615015594,-6.192694365218453,,,
-0.19947186474898682,0.10432520399044062,4051.110502678528,371.9929939734021,-7.6862834080155125,,,
-0.6271019339761742,0.7058882881722451,222.20084772969784,86.62580224799783,-6.101595398512985,,,
-0.7950870991341116,0.7421956182496541,244.88049591634297,89.5582985927821,-6.142855980726726,,,
-0.6810146697115868,1.3945127281833627,53.48717487255352,36.49327419827475,-5.3585892287354255,,,
-0.3360847274685242,0.11240769099324745,4734.390626378918,395.11958886205673,-7.893658101863319,,,
-0.14851614326488333,0.40559921909105795,243.25970671994097,89.2064144241692,-6.197858226063636,,,
-0.3977254754834183,0.5537719787423656,234.5138274778527,88.17332038257858,-6.168986606577617,,,
-0.2521912617455722,0.13221999928069833,2867.7576524893216,319.90450000703925,-7.637248156068507,,,
-0.5596480348464378,0.6873369618137793,181.03172480840692,75.16221014097218,-6.324360885857169,,,
0.1981084898286208,0.2397355266239518,282.88667862346125,94.01724228307968,-6.248510524629399,,,
-0.39971906036632276,0.5001261123253571,241.74047586298886,86.70349020365177,-6.215243236851864,,,
-0.26099746003788893,0.48315429305953617,195.60524751357093,78.02101938646145,-6.075110932481866,,,
-0.2562026761190614,0.08964925911652298,6222.977144663361,468.9553575235004,-7.941742984022658,,,
-0.15210640220885865,0.07778008545763974,6584.178916047855,491.71165601436195,-7.942453090253403,,,
-0.2252551855499277,0.4327678906964689,230.89397446528167,85.20324448108528,-6.44169174940601,,,
-0.6475767362663677,0.7887531235300594,226.48707847754096,89.70003279616355,-6.297856069331358,,,
-0.5653687128021678,0.6723503262201784,219.4180892499105,85.3174287063563,-6.0496112148359975,,,
-0.22537823322928213,0.0971425775421906,4958.076123359974,417.7110309407985,-7.877877321735009,,,
-0.4975368382744148,0.5696477425072302,231.37751964996812,85.41048655062578,-6.131829072028293,,,
-0.07701493962802228,0.08204388379725874,4918.326786943576,408.7428232355953,-7.854848394867269,,,
0.04495202195582325,0.2590589532067278,373.70804404774015,111.31369823837743,-6.390470630939601,,,
-0.7504764750002699,0.6732201756193529,285.29521089465146,97.74964797658455,-6.181803179378449,,,
-0.4369450718666603,0.2076492677961624,1744.381706725563,248.26393667565083,-7.237571382567167,,,
-0.05623603744393026,0.22485067663896402,560.5185199597223,132.97060299422859,-6.829259065758231,,,
0.2367558224168047,0.21221836967250665,320.6827928272797,100.81222828547698,-6.252120872782819,,,
0.05018058928074449,0.26142748879980915,347.1531042795254,105.4422996073914,-6.315438189639239,,,
-0.00872444286419559,0.20763130836318786,654.6403580310473,148.16956160460214,-6.681950644934979,,,
0.08399669973361312,0.2769789892766872,284.2892513623324,96.01727452555073,-6.194970061436067,,,
-0.2557337932318474,0.5101141110666046,164.27939574356364,70.95174048650965,-6.123781789773476,,,
0.26416900168826096,0.05808897227794823,3907.651119777519,350.3591682129675,-7.535098133484105,,,
0.03737131383192584,0.2926466894894375,288.07329418386496,94.90546527941991,-6.16970827918415,,,
0.04643715903218678,0.16727499971897306,849.1908335438494,167.54976999874984,-6.798713110973399,,,
0.7472441895990963,0.0356995013150268,2621.9071169435915,271.1627652092142,-9.17311903907743,,,
-0.6289989892867098,0.6640523152067709,224.68376571110227,85.88150063071019,-6.119440771196905,,,
-0.07212017420713666,0.3742587996143317,217.67566233153846,82.35931173933427,-6.3697299411532775,,,
-1.2950465795872639,1.642955315156948,137.38949880226576,65.79128168515558,-5.827185792520068,,,
0.850923375445692,0.014223930391350023,11418.136648232752,522.4646452690153,-8.681474202650907,,,
0.40433556678563926,0.18937091868172215,245.19511596374085,83.46810834240591,-6.095044130193493,,,
0.29682133477511785,0.20384850860817014,292.8435299381401,92.85140703323074,-6.365381190885645,,,
-7.997877886024469,1009.7299309143884,9.778887033462524e-09,126.44018557321085,-1.1497466752580978e-09,,,
-1.7596589490118166,2.320226651806779,111.80097441659862,58.74509478798211,-5.671483489296551,,,
-0.2032384768285625,0.25645227905126555,618.9061047250378,143.2064240156825,-6.828746827260029,,,
-0.04112019142868597,0.33947131346369364,263.8546607484128,91.87115384856328,-6.412688553957818,,,
-1.4376098669540558,1.832841120772266,103.78156052400463,55.951393355011504,-5.659183730919375,,,
0.04344197773107427,0.2529557187486587,400.51845977777094,115.92715426176994,-6.574131662539956,,,
0.5138415126502195,0.08371444594863792,933.0127668417006,168.6546854165152,-7.2687696288127075,,,
-0.1399297623937266,0.28839580589128083,441.39027070347123,120.50729418443149,-6.509764355492893,,,
0.03086674581553466,0.3685804317249069,181.24257061000068,74.03718124207421,-5.95534819168513,,,
-0.04578745676122944,0.27895532633653225,359.7023380062534,106.93142343900048,-6.434688276045948,,,
0.18496871197880765,0.2613712312705166,239.84054973942983,86.78604652228256,-6.701006094726682,,,
0.44910700371050466,0.04315248100369098,4181.639556146791,362.5048179449861,-7.574611153888972,,,
0.33261670993236175,0.19667774770538135,299.7325580092519,98.83385606471289,-6.487721371626262,,,
-0.21764350222592294,0.608587454953698,131.66457350911622,64.30656443880291,-5.8373291993375265,,,
0.05053739396061657,0.2980391138389473,278.909838078638,94.15587650833172,-6.221824395276237,,,
-0.18084365731622268,0.25081131467608686,605.295530635189,139.98091104131944,-6.855882540293065,,,
-1.8466392552985293,5.639013839111644,20.410438434764345,18.16054651254569,-4.1763105557436395,,,
0.8107115698948499,0.016386730424781375,11298.920381459913,542.2637408444016,-9.263377750436579,,,
0.09753330807004054,0.10679994267683408,1805.0101884914563,242.75825254030076,-7.165799812304474,,,
0.1756353148140277,0.19750156079332484,428.4257828261654,115.4100650533471,-6.55472651218958,,,
-0.5558693955609436,1.5185978870612802,38.40625788357079,29.232555306154442,-4.878735313912809,,,
-0.074737218512624,0.2857430742378248,373.9997758210796,109.98504231323425,-6.599424820103458,,,
0.1624963206455695,0.24879681319578217,285.9948654430638,95.17663022716695,-6.184255875498744,,,
-0.4540361301303946,0.519501997646035,261.08808598395825,93.12440918279744,-6.223972574799044,,,
-0.05997619300735584,0.2377684519333539,544.159352407886,134.21621096270547,-6.511288879341441,,,
-0.12047934071929467,0.25597939121156754,507.61691608112955,127.05630293137439,-7.130180083535141,,,
-0.23120794471655676,0.11497977861542653,3479.0794761783354,342.70148719926675,-7.968485662924241,,,
0.11236001986113185,0.3736444893469459,152.63206545716312,69.9344826176385,-6.165181539689719,,,
0.47650143693269836,0.18472333711576572,203.70971555486568,74.1433680565044,-6.149848305811834,,,
0.8079862631057063,0.03309674954626773,2434.6163161470963,251.71130388473338,-8.153062085086928,,,
-0.44707021378762934,0.5821516454622012,240.3464189480837,88.61843918024458,-6.246042942118961,,,
-0.036013437289895076,0.22004188349967982,610.2611496068992,143.5773045619296,-6.687365828817255,,,
0.6217131902139663,0.09584034806170928,507.7176252833874,124.20337777296153,-6.6498306572154995,,,
-0.08077798345368016,0.23231187517604285,522.9247987557733,125.27920468543945,-7.4540191356845344,,,
-0.0659269744403467,0.23446706045122004,576.1488891882914,142.0588557669051,-6.689203374372441,,,
-0.047611164876710375,0.2083485845008163,713.6130528207257,154.46402706673305,-6.725851764847556,,,
-0.30633072167315034,0.3662475541257147,387.96552494222124,113.75808045123534,-6.544822227693777,,,
0.06387777682184224,0.27607250841764364,293.0040089714459,96.46964560333645,-6.272567159081688,,,
0.16970831008768178,0.16510087183400096,645.6716253443756,145.0228603994899,-6.684299763677761,,,
-0.5894831062867539,0.9721828613152181,109.48542329385498,57.940155218032714,-5.699435671709069,,,
0.025691675528829307,0.2852519177595226,302.93487869540047,99.10127147668385,-6.418974576357842,,,
0.292702729430009,0.18126134551134862,363.17616065770335,105.25117196045403,-6.632206645843955,,,
-0.13783432171814258,0.10459754778056397,3463.6138179943864,344.58088635003634,-7.46983014123202,,,
0.05635591617697721,0.2732495500008849,309.3236841085925,99.11967768541071,-6.246595003326919,,,
-0.48987625765928056,0.7003476595295142,161.04933816885276,72.24679725094869,-5.891329169837966,,,
-0.04419055830619008,0.18029086016196885,880.8010334076192,170.3273893397199,-6.910354544434032,,,
-0.6657199691190177,0.6221421390362695,309.7718104087426,103.37706900449325,-6.462785504084804,,,
0.034202479538871,0.23272877163748823,456.0597626128014,121.99112713716855,-6.5272626848602515,,,
0.52832174102855,0.13263144453601577,351.38468830363445,102.90884285407274,-6.326952318955806,,,
-0.04891383049003908,0.1940274676760591,792.6131514643938,161.54269538660253,-6.719630129660552,,,
-0.16451338503443363,0.3794472111190141,260.7119281396745,91.40752038686726,-6.19957450995015,,,
-7.997877886024469,1009.7299309143884,9.778887033462524e-09,126.44018557321085,-1.1497466752580978e-09,,,
0.010915049559423396,0.2650651211379817,340.16126460131767,101.9886526095853,-6.46309421929729,,,
0.45921281179824974,0.21494379670575184,154.81797762130233,63.64545010405889,-5.921116526424142,,,
0.7095823408874614,0.0249980992720754,5461.310583895098,392.9960819635259,-8.606476677416946,,,
-0.8813283347909567,0.8094495858172346,252.4625109070077,90.90314954362852,-6.134147352766421,,,
-0.233784658583833,0.1118563903410705,3684.3162776322165,356.2355711402585,-7.708487379645413,,,
-0.2777310207303079,0.1246431000358129,3364.2934880837515,340.5727716147737,-7.731506660140759,,,
-0.4290329359693795,0.4324935702604574,378.24656203972063,113.99691392855658,-6.517354215972497,,,
-0.5709297259801682,0.8528276383378252,124.99127919038813,61.55102464995519,-5.798337224177563,,,
-0.2320063190709908,0.11549809829394188,3392.3469593660157,338.4315252192947,-7.978972923297323,,,
0.021062928000059454,0.29771495587106866,284.69495940245923,95.23520805608561,-6.177350927266442,,,
-0.27492865320064397,0.12092005783614766,3540.4593869636697,347.24118898291096,-7.502188091847974,,,
0.6985783069818254,0.1565760986212361,144.83823356194162,60.23329833748184,-5.772878639074581,,,
0.187680509705217,0.21506456280570954,362.62188374057706,106.38795179600226,-6.339082247727399,,,
-0.3731716549571201,0.17589210079559586,2059.7355895542455,269.121968468195,-7.321667857746107,,,
-0.2787167220020328,0.12289062237073003,3413.165222173969,339.77628988256157,-7.526263882063128,,,
-0.1582960568124681,0.39514708816226257,242.09234787310973,88.14725185117466,-6.165692469456591,,,
0.8173664861786862,0.03338068524146541,2411.7144348242427,248.0524207947436,-8.618137196558015,,,
0.8501825214027987,0.016255456584873623,10084.084605070948,459.7178474305794,-8.618440559850919,,,
-0.24554796813514623,0.11281007663969513,3841.0934631423634,362.22536829212595,-7.524869782081296,,,
-0.057034928750714205,0.3673419779617066,209.08254068810103,80.02339472783841,-6.326322461698034,,,
0.14038722966886788,0.24023316332282377,330.6218654536249,105.27181316742629,-6.301731242271069,,,
0.018471629090231645,0.31881973864676294,232.69960350461912,83.59850764770903,-6.164471070412893,,,
0.1998496323270454,0.19379640533217649,424.3367069411759,113.44971047096799,-6.519591739661529,,,
-0.7869894342832547,0.9188464567962613,157.80798878824183,70.51029612994697,-6.087684876392354,,,
-7.997877886024469,1009.7299309143884,9.778887033462524e-09,126.44018557321085,-1.1497466752580978e-09,,,
0.7973240714009555,0.017977595558626002,8390.13123369091,458.01381856902486,-8.720774248949526,,,
-0.40455503581912744,0.6656556659347262,139.91125364948886,65.53895216793366,-5.90901240417103,,,
0.027650559332886515,0.21608089615740705,519.3741322371374,128.3107302646201,-6.698376920224584,,,
0.17067709586202354,0.20842484456716004,400.3294251421803,113.98636775941941,-6.430552308328301,,,
-0.6254094568546166,0.016268204259122305,403657.0169559547,2148.8656905322423,-18.926731201832546,,,
-0.8732267661855629,0.08674310485445333,22910.472255539247,3595.105975157882,-8.733892831844704,,,
-3.041318049342833,0.5546212671972467,10116.30881700647,604.1924454350709,-8.06460851367182,,,
