285379.4846004173,393514.89682793175,362568.63510538044,578140.1590313542,459923.49838731106
82756.33069325706,89203.52911916334,64213.86585916761,79987.42542478352,49620.693359763165
2564.801154822489,739.4250791284975,141.8876142463157,46.40809601769604,7.499880626910029
97.3882813855821,12.964840652183568,1.1592898308812736,0.1902862102263857,0.01386877683375253
26.384916113795015,29.486560079362835,22.354042310151225,29.486886624974588,19.297769294750516
82941.95178534104,84228.71208651294,57039.174401473225,66658.77407934348,38789.744366707004
74.17650507029968,0.9658828950755151,0.008147345138066286,0.00011635030722221113,8.282451174085449e-07
59.61209202800245,0.011352431611751958,1.4596018051247735e-06,3.176918829130399e-10,3.445561491278591e-14
75.17701288071787,0.014371092215414692,0.0002726785158362346,5.9350263079827614e-08,6.436896627323741e-12
64.85418453213498,0.012350727337184432,1.5879544165055096e-06,3.4562866857826884e-10,3.7485529054613835e-14
65.87051267265784,0.012544275245299533,1.6128392064539895e-06,3.5104500592922996e-10,3.8072963748541945e-14
48.993429316750714,0.00933023044187657,1.1996038964106558e-06,2.6110163694127663e-10,2.8318058909957115e-14
52.2096051465192,0.00998814219054734,0.0002652629568159204,5.7736218139800245e-08,6.261843647072633e-12
34.42668358747676,0.9296220133615286,0.016246543102202818,0.0004807451184952226,7.093826855895716e-06
94.75800487079695,22.467543314987264,3.4105792735522455,0.8989044599583015,0.14136407064194526
70.03156695975166,0.013336699778980221,1.7147226019538707e-06,3.732205935725766e-10,4.047804096139923e-14
81.35577796918537,0.015493264440077087,1.991995857574877e-06,4.3357093182947933e-10,4.702340181786594e-14
95.60978957269515,0.018209587548749382,3.909479940307448e-06,0.002554386693746906,2.7703875670685327e-07
73.12818280506384,0.013926414355601024,1.7905432269953888e-06,3.897234486995776e-10,4.2267875866854116e-14
118.89750286128984,0.022642650578456908,2.911204822666612e-06,6.336427773733925e-10,6.872240905009792e-14
94.42161356160969,3.604740371475248,0.0890020973048749,0.00372100017795751,7.76011470963206e-05
58.5890165974973,0.9572075897494534,0.010128332388807976,0.00018144234160805684,1.6203918368127806e-06
45.73736999708799,0.008752674450759931,0.00026290989586597605,5.722405902820405e-08,6.206296879678316e-12
156.12436391597828,0.029911464674767917,0.0013360984578549603,0.006465026699559405,7.01171425339413e-07
57.53350382499046,0.956495673998803,0.010298630445993865,0.00018773516131149313,1.7060667038541784e-06
86.47468796924045,0.9705511920279853,0.007057166604041635,8.687547894786592e-05,5.330670902654351e-07
749.6836064531292,366.5439413047309,119.22239134846726,66.65441117432121,18.895018272370237
68.28202710895538,6.179017273353137,0.3602710532247884,0.03558419006989322,0.001755797459880167
308.5884297890948,28.34798356954482,1.6981412238588056,0.20127063603069778,0.010097944620985158
99.99602989971616,7.530609660655329,0.36709720991285605,0.03202713899533358,0.003802632274041608
82.15400909023283,3.1090617312490654,0.08879123912198894,0.0036987847179375676,7.685910046073034e-05
90.69830947989205,11.075639630377474,0.8727719211701526,0.12066411240704428,0.01322502426370551
118.75123596825644,1.7327722810315775,0.02394084920979629,0.0004790106303885189,0.0007474621506634954
66.90801335540748,0.012793275349894037,0.0002701483882076502,5.879956424709592e-08,6.377169993015246e-12
46.82721582041966,0.008917700202843848,1.1465641686982779e-06,2.495571931710801e-10,2.7065993842128237e-14
29.515087128823488,0.005620806060412591,7.226767755677661e-07,1.5729532860369526e-10,1.7059634071395366e-14
140.1356699193625,0.026687224619985347,3.4398536544876645e-06,8.432226714830415e-08,0.0006442881220976726
64.95257146323631,3.453045095879764,0.11860023458345137,0.006898434347440729,0.000200238847730659
96.5101535089829,2.620196420532244,0.0529342809768543,0.0015801157976447027,2.3520985560099042e-05
136.06148756740055,0.025911332416862234,3.3314649109789763e-06,7.251151353140173e-10,7.864314203032768e-14
42.44237873763361,0.9420205992398273,0.013536299620172693,0.0003293251589050755,3.994869281190832e-06
83.40659969002732,0.015941233345322554,0.00027514982849222836,2.5780096175564115e-07,0.0006444030411771186
4830.6173670535945,2220.348474350746,681.2894394188642,359.004743823302,94.70148600935774
95.6494188645759,0.9732831886116542,0.006416631376900281,7.161880453397666e-05,3.984299453001303e-07
41131.99309108309,21114.081851153467,7252.716907826029,4313.0179734329195,1281.6126216183
82.36682659393432,0.015685806925639027,2.016751378603384e-06,4.3895913295421533e-10,4.7607784967111713e-14
120.9581772799445,1.9170119913964705,0.019677506758883887,0.00034196593187353137,2.9625815099264096e-06
6269.341179049057,2595.7501739305603,716.3963491811409,340.07355649505286,80.13883054002956
73.12818280506384,0.013926414355601024,1.7905432269953888e-06,3.897234486995776e-10,4.2267875866854116e-14
26765.507186228293,7419.839895417312,1378.7753142194954,448.4439877816244,72.94585546381407
29365.731748965565,9075.83040418556,1878.878438645396,672.4598580914658,119.87910845217112
6801.5261526774075,2789.007554111403,760.2087559415977,358.2247135800342,84.61477475960201
6078.683006834361,2888.710359344744,916.4588962412388,492.860758165069,133.3202340447797
2759.305882905881,1162.0947366764813,325.0966412529533,158.1365060639404,38.86394305362421
28954.75248395697,8938.098753748234,1845.2692624938563,660.960664030545,117.91312080323489
6842.411840068383,3149.9123572939643,975.2918255948744,524.283539703577,142.9595781938066
45.732635281819185,0.008709250032999457,1.1197633691349072e-06,2.4372382379117975e-10,2.6433329490886676e-14
17.49487284670607,0.003331695647507746,4.2836188294625497e-07,9.323576655191762e-11,1.011198535812329e-14
71.05230397645452,0.013531087306434542,1.7397153432157835e-06,3.786604272332214e-10,4.106802397286979e-14
50.07032639360963,0.009535313001505473,1.2259717164928384e-06,2.668407655041553e-10,2.894050227201067e-14
94.45874992819572,3.78014663147286,0.10787235587910453,0.004742976769889265,0.00010403155794202069
81.35577796918537,0.015493264440077087,1.991995857574877e-06,4.3357093182947933e-10,4.702340181786594e-14
53.28054813485956,0.010146662503532338,1.3045739813853057e-06,2.839490627447049e-10,3.079600105318416e-14
97.9843493541029,13.823022310130298,1.2513420966134186,0.19199302122757178,0.014736708427250122
63.235033013007204,7.1873478963209,0.5254012861871838,0.06507686713801024,0.004029344351759786
32.01217262970495,0.0060963470356251,7.838179028230447e-07,1.7060309499104545e-10,1.8502942190530928e-14
58.58989391887627,0.011157765836189744,1.4345732890214488e-06,3.1224426262409075e-10,3.3864787394166276e-14
69.03394896159615,1.8593779856177328,0.032412823738696576,0.0009566766988239039,1.408070712118391e-05
3990.5084836388255,1555.6171257624721,405.52491226478446,182.0307365518707,40.026119345746366
42.42764774206926,0.008079853483636976,1.038840764092497e-06,2.2611048933524302e-10,2.4523056355233495e-14
3710.3167968587936,1662.2797911589573,499.8214453727224,257.18162835107415,66.92052146081765
115.91200694073703,0.0221913594449412,0.000780423885262903,1.6986436486236558e-07,1.8422822419749012e-11
76.20990770156607,0.0145132931237097,1.8659992472222857e-06,4.0614694520310404e-10,4.40491038474314e-14
43.54922406384506,0.9433855180826204,0.013230969316266326,0.0003141796038113624,3.7197219461127104e-06
46.82721582041966,0.008917700202843848,1.1465641686982779e-06,2.495571931710801e-10,2.7065993842128237e-14
91.53161822712411,0.0174311352090831,2.2411512605117807e-06,4.878012354774087e-10,5.290500773729688e-14
35.594127537204294,0.006778488808214861,8.715220526187886e-07,1.8969247703350968e-10,2.0573301655013168e-14
75.17167611699584,0.01431558232427832,1.8469020420020266e-06,8.012871430079404e-08,0.0006442842559312298
60.67239338034216,0.011603321621461627,0.0002681435669694646,5.8363201787261325e-08,6.329843833024648e-12
54.73018059937353,11.183575167238889,1.4580037073786576,0.32240384422802587,0.035728293499336074
42.42764774206926,0.008079853483636976,1.038840764092497e-06,2.2611048933524302e-10,2.4523056355233495e-14
66.92873535333457,0.012745801482740491,1.6387497840296625e-06,3.5668461266887525e-10,3.868461336419785e-14
72.09857141053212,0.013730344998613296,1.7715265862948784e-06,7.989484607667371e-08,0.0006442840373765887
41.30882703117321,0.00786678705408955,1.0114464440195198e-06,2.2014793633308178e-10,2.3876381255272644e-14
67.9674287760098,0.01299543381457462,0.00027048028475181823,5.887180370149973e-08,6.385004800752933e-12
37.91021318188756,0.007219560459850172,9.282313992093303e-07,2.0203563736248535e-10,2.191199238642974e-14
29.515087128823488,0.005620806060412591,7.226767755677661e-07,1.5729532860369526e-10,1.7059634071395366e-14
79.29819303719388,0.01510142125136914,1.9416158997716592e-06,4.226054043826184e-10,4.583412374264343e-14
46.82721582041966,0.008917700202843848,1.1465641686982779e-06,2.495571931710801e-10,2.7065993842128237e-14
39.05463941460561,0.007437503164084132,9.56252670368925e-07,2.081346503707267e-10,2.2573467403144465e-14
1.2956663500517605e-08,2.514037370557689e-12,3.293375362051527e-16,7.303599902276201e-20,8.070769082092687e-24
29.515087128823488,0.005620806060412591,7.226767755677661e-07,1.5729532860369526e-10,1.7059634071395366e-14
74.17650507029968,0.9658828950755151,0.008147345138066286,0.00011635030722221113,8.282451174085449e-07
125.9694893151441,0.02398942838553175,3.0843623791740183e-06,6.71331652499685e-10,7.280999654506413e-14
78.40530279187296,15.224346739856502,1.9335811890454824,0.46726749293361397,0.06149833648061411
103.75668635677327,0.019759257661582458,2.5404819986685163e-06,5.529525291281002e-10,5.997106137554021e-14
99.66291137487835,0.01897964569134608,2.4402459366537563e-06,5.311354943961273e-10,5.760487140439295e-14
76.35333700253625,5.2146105018967575,0.23112282460162423,0.01912724233380396,0.003919203248765771
51.389280480199815,6.442191259719807,0.5245405986892191,0.07903440395546907,0.015452122273021708
93.62290512369627,1.8942428793772836,0.024815508340477476,0.0005504152896302869,6.086763016925605e-06
89.50322546659949,0.01704485133089256,2.1914860728956005e-06,4.769912824384257e-10,5.173260265183724e-14
94.6139879900129,0.018018136784516654,2.316623070289252e-06,5.042281686799269e-10,5.4686608448760304e-14
131.0022839997587,0.024947884896441713,3.222053836788303e-06,2.323692074901114e-07,0.0019328452177984983
72.10327157346242,0.01373123189732719,1.7654482801004641e-06,3.8426136931418686e-10,4.167548017137577e-14
72.09498850230467,0.013729666068577357,1.7740072038525957e-06,1.5336399174358613e-07,0.001288562003760845
117.91672395264429,0.97844283344398,0.00526089648157934,4.7888493194389353e-05,2.1726232209798266e-07
47.91372034311377,0.009124612389115555,1.1731672270485135e-06,2.553475228821408e-10,2.7693990279786608e-14
96.63741462627901,0.018403484407038647,2.373336113637042e-06,8.165231103675097e-08,0.0006442856720249466
110.79963720682045,0.021100505974634996,2.712928618547333e-06,5.904866642455934e-10,6.404186637639328e-14
104.72554347682805,0.019943765264365705,2.5642044608943965e-06,5.581158782452445e-10,6.053105795842206e-14
64.85418453213498,0.012350727337184432,1.5879544165055096e-06,3.4562866857826884e-10,3.7485529054613835e-14
35.594127537204294,0.006778488808214861,8.715220526187886e-07,1.8969247703350968e-10,2.0573301655013168e-14
87.48453559585832,0.9704793148968046,0.0069746669876280636,8.486238592689067e-05,5.146633142674328e-07
97.65237961367421,0.01859676323334405,2.3910180755255853e-06,5.204207283286428e-10,5.644278992432285e-14
29.515087128823488,0.005620806060412591,7.226767755677661e-07,1.5729532860369526e-10,1.7059634071395366e-14
56.453275531246106,0.010750871642397835,1.3822581974124711e-06,3.008575406430204e-10,3.2629828212643504e-14
93.57005890555531,0.017819341930072646,2.2981173095462067e-06,8.144495169728149e-08,0.000644285480077872
87.48975069795068,0.016661408411252424,2.142186152243386e-06,4.662608321440547e-10,5.056882012206819e-14
50.00074123711765,20.345605635040314,5.157285254870237,2.224606206139113,0.4835525224865448
48.993429316750714,0.00933023044187657,1.1996038964106558e-06,2.6110163694127663e-10,2.8318058909957115e-14
65.87051267265784,0.012544275245299533,1.6128392064539895e-06,3.5104500592922996e-10,3.8072963748541945e-14
76.68745801027325,9.905497314144233,0.8281938499729903,0.12472686174521652,0.018961609730307524
81.35577796918537,0.015493264440077087,1.991995857574877e-06,4.3357093182947933e-10,4.702340181786594e-14
146.0830444438124,101.93131251920906,47.45468495413353,37.2501648617727,14.870368483633715
45.732635281819185,0.008709250032999457,1.1197633691349072e-06,2.4372382379117975e-10,2.6433329490886676e-14
148.12367078840924,0.02820843532746967,3.6268074128804314e-06,7.893983632491188e-10,8.561504866758028e-14
66.79938009407478,32.74214091758878,10.632830840501924,5.768431620385978,1.5345793313368123
107.80747515284814,0.9761442751530024,0.0057269046148040615,5.688201978312344e-05,2.815925794821173e-07
25.545637185413902,0.0048648703519717255,6.254848115610096e-07,1.3614086172039114e-10,1.4765303609021148e-14
57.505916546434136,0.01095133491637644,1.4080321079337645e-06,3.064674009040808e-10,3.323825164196527e-14
51.13955065088438,0.009738934361625427,1.2521516676220205e-06,2.7253900316020565e-10,2.95585107667765e-14
76.376939475345,14.865820110905604,1.8477619524636884,0.38950478340280253,0.04113705789084687
87.48975069795068,0.016661408411252424,2.142186152243386e-06,4.662608321440547e-10,5.056882012206819e-14
55.40847815374118,0.010551902098254164,1.3566763383245627e-06,2.95289481633009e-10,3.202593838297124e-14
62.77259607753606,0.011954312955962143,1.5369867325592353e-06,3.3453521869093826e-10,3.628237701349992e-14
49.00766427015364,0.9493008346534704,0.011906967823463786,0.0002528575121761111,2.6771242815301232e-06
30.773629501785905,0.005860480860163558,7.534921799078626e-07,1.6400250298040485e-10,1.7787067883546198e-14
47.912382250220496,0.009124364243564144,1.178184275176386e-06,7.786007964049301e-08,0.0006442821221840682
108.81555736137273,0.9825752746885196,0.005772207157675205,0.00010142982775128884,0.0013395703705247123
122.91888204203688,0.9791034355486685,0.005053704782080752,4.4160847681253056e-05,1.9232807029637224e-07
42.44237873763361,0.9420205992398273,0.013536299620172693,0.0003293251589050755,3.994869281190832e-06
127.99377969336484,0.024374931012587406,3.1339271199779453e-06,6.821197426327677e-10,7.398003046554573e-14
40.86606494831866,21.6186108946827,8.204533954753892,4.753333907010117,1.393138857949329
76.23324259559386,0.9667728590176116,0.007942320004107422,0.00011046613810725679,7.658552863759577e-07
118.89750286128984,0.022642650578456908,2.911204822666612e-06,6.336427773733925e-10,6.872240905009792e-14
32.01217262970495,0.0060963470356251,7.838179028230447e-07,1.7060309499104545e-10,1.8502942190530928e-14
1.2956663500517605e-08,2.514037370557689e-12,3.293375362051527e-16,7.303599902276201e-20,8.070769082092687e-24
127.99341651911215,0.024374872766256835,3.1421684190100865e-06,8.36205624171478e-08,0.0006442874819848677
53.28054813485956,0.010146662503532338,1.3045739813853057e-06,2.839490627447049e-10,3.079600105318416e-14
100.71056581888209,0.9793148464972564,0.006188531727540135,9.932702178151174e-05,0.0006815502340823587
70.03156695975166,0.013336699778980221,1.7147226019538707e-06,3.732205935725766e-10,4.047804096139923e-14
97.65237961367421,0.01859676323334405,2.3910180755255853e-06,5.204207283286428e-10,5.644278992432285e-14
78.2005469987998,1.4092609664506786,0.020629841412944327,0.00040913085672442877,4.045114438695943e-06
55.39519049044265,0.010596163813982588,0.0002663710522904876,5.7977402369996934e-08,6.288001542208306e-12
5787.149699330738,2309.649221589411,615.2131855957322,284.0538304491966,65.44510658586687
53.28054813485956,0.010146662503532338,1.3045739813853057e-06,2.839490627447049e-10,3.079600105318416e-14
84.42291345788449,0.01607736482466145,2.0670946562173497e-06,4.4991667671789093e-10,4.879619716338601e-14
59.61209202800245,0.011352431611751958,1.4596018051247735e-06,3.176918829130399e-10,3.445561491278591e-14
80.31321277512589,0.015294719989384215,1.966468653488588e-06,4.280147688381729e-10,4.642080218369923e-14
108.77729921236252,0.020715375156425384,2.663411681851055e-06,5.797089789893183e-10,6.287296092801869e-14
142.1671233953977,3.727251749883445,0.06324781979421674,0.0018171862205051245,2.6034871933921873e-05
5210.089132012481,2035.7637997236272,530.0213122608933,237.19247074854223,53.480596114846776
54.347425364678806,0.010349836899491618,1.3306964655577985e-06,2.8963479234163147e-10,3.1412652972942384e-14
145.0787112599178,0.027628558097334655,3.552251592523881e-06,7.731708011372904e-10,8.385507096222759e-14
88.47289119648822,0.016907757177947038,0.0002764928586880659,6.018047975838987e-08,6.52693867028819e-12
113.05223388304643,6.038364042838765,0.2083670905901663,0.01217647244175277,0.0003550992267384244
46.84089933652275,0.9471584405697395,0.01240093402175433,0.0002748944215569515,3.038126833877696e-06
103.75668635677327,0.019759257661582458,2.5404819986685163e-06,5.529525291281002e-10,5.997106137554021e-14
111.84482660640994,0.021299550174838443,2.7385200762942183e-06,5.960568124665343e-10,6.464598279368433e-14
81.34924594505948,0.01554872230583622,0.00027456177825929993,2.575353310667936e-07,0.0006444029028352598
57.505916546434136,0.01095133491637644,1.4080321079337645e-06,3.064674009040808e-10,3.323825164196527e-14
58.58989391887627,0.011157765836189744,1.4345732890214488e-06,3.1224426262409075e-10,3.3864787394166276e-14
113.86137026201706,0.021683577528410245,2.7878951386298003e-06,6.068036178399348e-10,6.581153913114321e-14
88.51003666698699,0.016855710041909396,2.167167849605212e-06,4.716982620275866e-10,5.115854242930612e-14
60.66107620244877,0.011552198482819291,1.4852861779169576e-06,3.232822547015235e-10,3.506192469884997e-14
108.77982766378679,0.020781406860597887,0.0002818459481203546,6.13456146980526e-08,6.653304633542719e-12
88.51003666698699,0.016855710041909396,2.167167849605212e-06,4.716982620275866e-10,5.115854242930612e-14
76.20990770156607,0.0145132931237097,1.8659992472222857e-06,4.0614694520310404e-10,4.40491038474314e-14
123.93422733375614,0.023601854948722346,3.0485973565332615e-06,2.3167299751706833e-07,0.0019328445560361346
114.02700702759641,7.057005087689571,0.2835520585932362,0.021496640570701338,0.005029284945836164
59.61209202800245,0.011352431611751958,1.4596018051247735e-06,3.176918829130399e-10,3.445561491278591e-14
96.66584893854005,0.018408889906954242,2.366862876383096e-06,5.151631911902445e-10,5.587257807827482e-14
62.77259607753606,0.011954312955962143,1.5369867325592353e-06,3.3453521869093826e-10,3.628237701349992e-14
75.18994406072473,0.014319052876719446,1.8410254420648639e-06,4.007112331094986e-10,4.34595678449478e-14
88.51589649133534,0.017176502529540068,0.006904130773329378,1.5027292358475618e-06,1.629801158083771e-10
71.05275180701793,0.013531184092614498,1.748424559441958e-06,1.5325263648991097e-07,0.0012885618974426832
86.47468796924045,0.9705511920279853,0.007057166604041635,8.687547894786592e-05,5.330670902654351e-07
125.9694893151441,0.02398942838553175,3.0843623791740183e-06,6.71331652499685e-10,7.280999654506413e-14
1.2956663500517605e-08,2.514037370557689e-12,3.293375362051527e-16,7.303599902276201e-20,8.070769082092687e-24
134.01644350597115,0.025521877491517696,3.281392016335054e-06,7.1421644217286e-10,7.74611125416261e-14
82.36682659393432,0.015685806925639027,2.016751378603384e-06,4.3895913295421533e-10,4.7607784967111713e-14
100.6975914941651,0.019176688520990852,2.465580074719708e-06,5.366496353048961e-10,5.820291348839349e-14
26.90734583722341,0.005124191973120951,6.588262417745563e-07,1.433978421559901e-10,1.555236722873303e-14
28.22630549581137,0.00537537254426658,6.911209630813912e-07,1.5042699954953227e-10,1.631472205534201e-14
100.69564997130331,0.01923938817023997,0.00027977427705540774,6.089470193603176e-08,6.604400404876282e-12
119.90002513450408,0.02283356931924823,2.935751576016148e-06,6.389855388468544e-10,6.930186399308387e-14
69.00435998214797,0.013141088137581943,1.6956305946898204e-06,7.965463582892987e-08,0.0006442838125619724
97.73719808661093,3.6161102069004127,0.08653260498542743,0.0035062867714669337,7.086790885803828e-05
33.218524239185996,0.0063260827097216775,8.133554165540938e-07,1.7703212811558636e-10,1.920020989397225e-14
35.594127537204294,0.006778488808214861,8.715220526187886e-07,1.8969247703350968e-10,2.0573301655013168e-14
1.2956663500517605e-08,2.514037370557689e-12,3.293375362051527e-16,7.303599902276201e-20,8.070769082092687e-24
22.649748586181072,0.004313381951554576,5.545789922367195e-07,1.2070774621482363e-10,1.3091488464962417e-14
15.318628596408269,1.5075545216115476,0.09553426301109225,0.010256393908814394,0.0005501948786916639
15.276413413135817,0.0029092157756183015,3.7404291369561777e-07,8.141288749097038e-11,8.829722291314173e-15
1.2956663500517605e-08,2.514037370557689e-12,3.293375362051527e-16,7.303599902276201e-20,8.070769082092687e-24
118.4669100269264,3.910065415243491,0.10484007155488256,0.0038162111862646633,6.928285080234736e-05
55.56471237491477,4.068857772979572,0.19222137344850487,0.015380943333237706,0.0006145296151672795
1.2956663500517605e-08,2.514037370557689e-12,3.293375362051527e-16,7.303599902276201e-20,8.070769082092687e-24
13056.306732849513,3300.5800170951356,561.1520737446804,164.72717609256958,24.079147093242938
205.70041740745663,12.639521519172519,0.5014759608174388,0.03369609797562929,0.0011301690908000711
0.020366830509008567,0.024247472260210318,0.015223895510613136,0.01658409262695465,0.009264482659296734
36.75714989029391,0.007000534650796879,1.3742535961876054e-06,0.0006387336290333237,6.927454284326984e-08
7169.525215846435,1964.7128990912477,359.93420347848735,114.85786946777898,17.778451161114113
1.2956663500517605e-08,2.514037370557689e-12,3.293375362051527e-16,7.303599902276201e-20,8.070769082092687e-24
12.298637831048211,0.002342132948950941,3.011320919645189e-07,6.554337009303209e-11,7.108576710566713e-15
7510.171136688855,1852.12000019047,305.22987538550933,87.39953446050595,12.345991962431567
8320.581793512327,3011.3083028243705,728.7196600547547,305.77421175974547,65.01089686043635
24.16840161929074,1.651370536236757,0.07282004102245543,0.005438656811031579,0.00020279207280156803
268.0098542864165,26.379374832976932,1.6718992323078965,0.17951682447693046,0.009631339659827824
163.57310114180845,10.109939498583204,0.40346584484375025,0.027269442784413404,0.0009199929601206513
94.52771302478254,0.972944324120421,0.006488201330777044,7.325091736415822e-05,4.122001892444011e-07
66.92873535333457,0.012745801482740491,1.6387497840296625e-06,3.5668461266887525e-10,3.868461336419785e-14
166.33934598677794,5.483280600471751,0.11693767396408102,0.004222654921638159,7.605044044201185e-05
62.77259607753606,0.011954312955962143,1.5369867325592353e-06,3.3453521869093826e-10,3.628237701349992e-14
383.49720787492873,0.07303262859153334,9.41466242101131e-06,2.5083317657504904e-07,0.0019328624198912611
100.72614952519419,1.9187113154113014,0.02373945353924514,0.000617234211677079,0.0007792503556003757
147.16137277403786,2.8481872926818235,0.0356945307990357,0.0007573770276073409,8.011989486976294e-06
86.46064782390849,0.016465436675068175,2.1237703155941024e-06,8.095192633986063e-08,0.0006442850227138956
97.8246414986043,33.24082556726694,7.503275106144313,3.2244042705142273,0.6584248173113691
215.04654628278115,16.83343247898975,0.8497830656938716,0.07266316544056645,0.0031028507549483927
419.53873284190246,3.912993343728729,0.023648603944278986,0.000241964556043527,1.2339355998275455e-06
1.2956663500517605e-08,2.514037370557689e-12,3.293375362051527e-16,7.303599902276201e-20,8.070769082092687e-24
85.56749148500086,19.020246908123642,2.692633946604991,0.646703928897942,0.07787888531847438
43.53758055095636,0.008291227315318839,1.0660174639247694e-06,2.320256758681474e-10,2.516459427381746e-14
109.80085972370615,0.02091031049618376,2.6961153590030364e-06,8.250967695931101e-08,0.0006442864630909269
135.51154972189198,7.842365372019719,0.29397036446330693,0.0198597219791631,0.002543506129766406
106.76881389672205,0.020332882420248544,2.614233927933305e-06,5.690051190840281e-10,6.171206228750155e-14
72.01616278424815,33.25876520071979,10.273727829993975,5.67146194724274,1.435147160308376
98.68259393690354,0.018792955603919043,2.4162428685951625e-06,5.25911069583517e-10,5.703825079125825e-14
245.60868133530897,7.375368676477812,0.14331172480820098,0.004715068772111066,7.736478017475585e-05
113.86137026201706,0.021683577528410245,2.7878951386298003e-06,6.068036178399348e-10,6.581153913114321e-14
62.77259607753606,0.011954312955962143,1.5369867325592353e-06,3.3453521869093826e-10,3.628237701349992e-14
849.4895258892041,88.20458337845905,5.894867939135249,0.6674651908992093,0.03776900965660289
87.55148779307258,2.7544429848159315,0.05606863667267404,0.0019324969683665759,3.321881888680474e-05
149.11959249551714,0.02839809706699209,3.6511925513985502e-06,7.947059481970928e-10,8.61906885026539e-14
155.60730589195893,10.021659538483991,0.416657736395584,0.02933861659856019,0.001031265165273363
321.7683787005328,10.101847217072967,0.20519955182891966,0.007057720203683983,0.00012106488560639847
19.381997163364133,0.003691076588838765,4.7456811334989653e-07,1.032928549219829e-10,1.1202737696034546e-14
67.96342847369225,0.012942873170040474,1.6840698212798472e-06,7.947466617441288e-07,0.007087043786634692
2450.32781982137,595.3531447477927,97.09307264124894,28.228161068645854,4.135260415395829
69.00433408964318,0.013141075191576507,1.689570809750545e-06,3.677461414338792e-10,3.9884303365651265e-14
64.85418453213498,0.012350727337184432,1.5879544165055096e-06,3.4562866857826884e-10,3.7485529054613835e-14
136.0278634973947,0.025904948594111153,3.3453796365055093e-06,2.3285348186948752e-07,0.0019328456775271942
35.594127537204294,0.006778488808214861,8.715220526187886e-07,1.8969247703350968e-10,2.0573301655013168e-14
106.57828016140856,13.387135699875115,1.0861582497574742,0.15602709672569323,0.019393201666846067
39.06670047045808,0.9374271727686116,0.014561201434761528,0.0003829547465930708,5.021951787115049e-06
107.76360575128031,0.02052233900871454,2.6461620299581658e-06,8.238020110236445e-08,0.0006442863438917509
37.04090032530498,27.23946532573899,14.206121304311672,11.280257010943618,4.5570943147571406
75.32904930175488,4.271886875920484,0.15647546551798755,0.009706584613950596,0.0003005127660036088
1.2956663500517605e-08,2.514037370557689e-12,3.293375362051527e-16,7.303599902276201e-20,8.070769082092687e-24
17.49487284670607,0.003331695647507746,4.2836188294625497e-07,9.323576655191762e-11,1.011198535812329e-14
21.078679700690373,0.004014190101828746,5.161113776433513e-07,1.1233501820884832e-10,1.2183415242259563e-14
17.506544651305383,0.8717060129846423,0.0280490766162003,0.0015284019202233446,4.15573729556157e-05
37.91517482856407,0.007259226139430142,0.00025984678123735236,5.65573520876335e-08,6.133988461240479e-12
100.87553659625202,13.486267182099139,1.2179785128904683,0.26627035228073126,0.08789607906608268
1.2956663500517605e-08,2.514037370557689e-12,3.293375362051527e-16,7.303599902276201e-20,8.070769082092687e-24
1.2956663500517605e-08,2.514037370557689e-12,3.293375362051527e-16,7.303599902276201e-20,8.070769082092687e-24
207.78140830404405,11.191778382185428,0.38944037809406906,0.022949165346623168,0.0006748918830837284
24.131084609931936,0.0045954852183843434,5.908494981140748e-07,1.286022591332976e-10,1.3947696355918856e-14
24.77735786733028,3.657902756447785,0.428308832384965,0.07048471728067439,0.005804492039222456
1.2956663500517605e-08,2.514037370557689e-12,3.293375362051527e-16,7.303599902276201e-20,8.070769082092687e-24
1.2956663500517605e-08,2.514037370557689e-12,3.293375362051527e-16,7.303599902276201e-20,8.070769082092687e-24
6482.445745848029,1661.2046550411953,285.17412029922787,85.81742633780352,13.549287793384364
92.6919192125494,4.3890258771691775,0.13432162154653624,0.006961233065642324,0.00018000641185235506
22.649748586181072,0.004313381951554576,5.545789922367195e-07,1.2070774621482363e-10,1.3091488464962417e-14
348.6793422464265,2.9336041415818137,0.015993201743551046,0.00014761032734225785,6.790180560664942e-07
1.2956663500517605e-08,2.514037370557689e-12,3.293375362051527e-16,7.303599902276201e-20,8.070769082092687e-24
21.078679700690373,0.004014190101828746,5.161113776433513e-07,1.1233501820884832e-10,1.2183415242259563e-14
1.3249629999999999e-08,7.912845542745665e-09,8.69780906664728e-06,0.017705179499779025,17.964593700958257
70.03156695975166,0.013336699778980221,1.7147226019538707e-06,3.732205935725766e-10,4.047804096139923e-14
12.299030311730188,0.0023642832549149416,0.0002466475517511501,5.36844534287322e-08,5.822405146719163e-12
1.2956663500517605e-08,2.514037370557689e-12,3.293375362051527e-16,7.303599902276201e-20,8.070769082092687e-24
210.79268928188495,26.839704193825206,2.1954763905399464,0.3043357068243205,0.021096754911142972
42.42764774206926,0.008079853483636976,1.038840764092497e-06,2.2611048933524302e-10,2.4523056355233495e-14
30.773629501785905,0.005860480860163558,7.534921799078626e-07,1.6400250298040485e-10,1.7787067883546198e-14
63.79994888706445,0.012149968091336403,1.5679678469490126e-06,7.923897638235257e-08,0.0006442834227409171
1.2956663500517605e-08,2.514037370557689e-12,3.293375362051527e-16,7.303599902276201e-20,8.070769082092687e-24
12.298637831048211,0.002342132948950941,3.011320919645189e-07,6.554337009303209e-11,7.108576710566713e-15
1.2956663500517605e-08,2.514037370557689e-12,3.293375362051527e-16,7.303599902276201e-20,8.070769082092687e-24
1.2956663500517605e-08,2.514037370557689e-12,3.293375362051527e-16,7.303599902276201e-20,8.070769082092687e-24
1.2956663500517605e-08,2.514037370557689e-12,3.293375362051527e-16,7.303599902276201e-20,8.070769082092687e-24
3436.8721665651165,1579.7825966615685,483.6096709117647,255.78448419795174,66.5875469993733
1.2956663500517605e-08,2.514037370557689e-12,3.293375362051527e-16,7.303599902276201e-20,8.070769082092687e-24
14196.977431706446,3853.971499564849,701.3071986447,218.7623726449813,32.98511460977465
43.53758055095636,0.008291227315318839,1.0660174639247694e-06,2.320256758681474e-10,2.516459427381746e-14
45.73533912275179,0.0087103915277467,1.6430703180084963e-06,0.0006388153158787928,6.928340227796838e-08
66.94394347878624,0.9625479752495103,0.00896461521411055,0.00014135279709936622,1.1110504474788705e-06
64.86241534731195,0.9611684972628728,0.00922549772904268,0.00014991489231074086,1.2144000537454826e-06
113.86137026201706,0.021683577528410245,2.7878951386298003e-06,6.068036178399348e-10,6.581153913114321e-14
1.2956663500517605e-08,2.514037370557689e-12,3.293375362051527e-16,7.303599902276201e-20,8.070769082092687e-24
74.03402061396892,2.68118045620318,0.07088041503371471,0.0028221833150616515,5.6049379973571364e-05
65.9041855736375,0.9618525483105368,0.009092744425526635,0.00014552766022621528,1.1610619344688907e-06
40.181064164787465,0.007652017694730319,9.838331753096064e-07,2.1413772772753253e-10,2.322453761558166e-14
44.6369914428915,0.008500597369938731,1.0929365346678087e-06,2.3788478774413914e-10,2.5800050555164625e-14
75.77101298933306,11.561984688525213,1.3079942616765847,0.29691680843104434,0.033891693878645116
55.40847815374118,0.010551902098254164,1.3566763383245627e-06,2.95289481633009e-10,3.202593838297124e-14
43.52921652322428,0.008290245764263966,1.5774985209849202e-06,0.0006387960469067542,6.928131244087765e-08
52.2092889627123,0.0099426536174736,1.2783442053746243e-06,2.782399803771971e-10,3.0176816383571204e-14
0.020366830509008567,0.024247472260210318,0.015223895510613136,0.01658409262695465,0.009264482659296734
3491.1955292991556,1449.5973648582662,399.78916968115027,188.3444065658705,44.31047851050695
52.2092889627123,0.0099426536174736,1.2783442053746243e-06,2.782399803771971e-10,3.0176816383571204e-14
8156.603285090388,8850.113645568481,6418.662383019997,8040.773634984777,5026.64457788405
46.83037205009903,0.008918307873062465,1.1516339760618598e-06,7.775884421994868e-08,0.0006442820262481415
39.05463941460561,0.007437503164084132,9.56252670368925e-07,2.081346503707267e-10,2.2573467403144465e-14
63.80710041844339,0.012151322310653042,1.5623165666923584e-06,3.400484228205665e-10,3.688031749811108e-14
99.66291137487835,0.01897964569134608,2.4402459366537563e-06,5.311354943961273e-10,5.760487140439295e-14
37.91021318188756,0.007219560459850172,9.282313992093303e-07,2.0203563736248535e-10,2.191199238642974e-14
14444.080400603185,4301.903217510201,858.0143864245824,295.78568765371176,50.45157948340282
13213.9457783114,3631.4380372344094,669.0916246181305,217.46021459964675,35.20792155253451
72.10327157346242,0.01373123189732719,1.7654482801004641e-06,3.8426136931418686e-10,4.167548017137577e-14
106.55946573005971,22.568060266044885,3.0951538442796447,0.7702358526441634,0.10461027537455822
45.732635281819185,0.008709250032999457,1.1197633691349072e-06,2.4372382379117975e-10,2.6433329490886676e-14
53.28054813485956,0.010146662503532338,1.3045739813853057e-06,2.839490627447049e-10,3.079600105318416e-14
74.16716776581967,0.014124276992380804,1.815982769085345e-06,3.952605314838188e-10,4.2868406136638365e-14
35.605288468873425,0.9317444510851035,0.0157814121770877,0.00045257630333942487,6.472011712655795e-06
61.73369310024507,0.9593085782730184,0.009655139554130564,0.00016452256062267476,1.3975368208659276e-06
47.91372034311377,0.009124612389115555,1.1731672270485135e-06,2.553475228821408e-10,2.7693990279786608e-14
57.530016590123054,0.9668890393001411,0.010566555911999786,0.00026817057429975643,0.0007262782578122379
90.53590087226324,0.017241525369670194,2.2265883814042936e-06,1.552213849524188e-07,0.0012885637714785004
76.20990770156607,0.0145132931237097,1.8659992472222857e-06,4.0614694520310404e-10,4.40491038474314e-14
55.40023880743393,0.010550340191968726,1.361904280366277e-06,7.853307225375437e-08,0.0006442827583677496
58.585320605241606,0.9673428670965154,0.010385739699595753,0.0002596220221715511,0.0007241866063631172
86.46064782390849,0.016465436675068175,2.1237703155941024e-06,8.095192633986063e-08,0.0006442850227138956
63.839404587413945,1.8491707265392479,0.03466193814793727,0.0011001042136853966,1.7412082348845142e-05
58.5890165974973,0.9572075897494534,0.010128332388807976,0.00018144234160805684,1.6203918368127806e-06
3794.63661572248,1604.9522015606199,453.4404285071628,221.61558866256715,52.955033633582964
37.91021318188756,0.007219560459850172,9.282313992093303e-07,2.0203563736248535e-10,2.191199238642974e-14
59.62801418020019,0.01135547433781396,1.4679608871392171e-06,1.5197677176752067e-07,0.0012885606765236297
54.347425364678806,0.010349836899491618,1.3306964655577985e-06,2.8963479234163147e-10,3.1412652972942384e-14
28.22630549581137,0.00537537254426658,6.911209630813912e-07,1.5042699954953227e-10,1.631472205534201e-14
69.00433408964318,0.013141075191576507,1.689570809750545e-06,3.677461414338792e-10,3.9884303365651265e-14
88.5059653444285,0.01685494754295687,2.1767748595047326e-06,1.550263097514081e-07,0.0012885635863204125
48.99375893999769,0.009374301881935212,0.00026411193366654315,5.748569042030975e-08,6.234672393754506e-12
64.85418453213498,0.012350727337184432,1.5879544165055096e-06,3.4562866857826884e-10,3.7485529054613835e-14
76.20990770156607,0.0145132931237097,1.8659992472222857e-06,4.0614694520310404e-10,4.40491038474314e-14
62.77259607753606,0.011954312955962143,1.5369867325592353e-06,3.3453521869093826e-10,3.628237701349992e-14
118.89750286128984,0.022642650578456908,2.911204822666612e-06,6.336427773733925e-10,6.872240905009792e-14
56.453275531246106,0.010750871642397835,1.3822581974124711e-06,3.008575406430204e-10,3.2629828212643504e-14
38.07923912071671,3.763903726715893,0.2395561641728766,0.025830174973188805,0.0013916785091961051
2600.7380699571004,720.8658633304442,133.8108457874905,43.519594822029084,7.375952555903246
2386.01272854861,490.435242421748,67.66241633353202,16.120362393818972,2.0685660650892426
25.545637185413902,0.0048648703519717255,6.254848115610096e-07,1.3614086172039114e-10,1.4765303609021148e-14
85.4386009420099,0.01627080333999723,2.101500959118023e-06,1.547274819732121e-07,0.0012885633024582255
2745.890259851904,907.4061787795312,200.19512546113035,77.08006033738071,14.65007935846712
3130.9117340156313,797.6083507384469,136.8756280673523,41.01995533181311,6.542710641555659
2884.89453245814,597.3711309395695,83.61596896825594,19.96206758990281,2.2640159791158774
2624.889270786303,550.8586689141293,76.40329484584866,17.60480414085921,2.179216260457869
2706.655685753641,894.2789289250006,197.85792322715557,74.81308261612641,14.27419864989918
3139.763629443105,825.5779702317678,146.03882757037223,45.121831438877685,6.956382813043984
2368.567713977669,531.1092355411876,78.9489062828996,20.15860874157246,2.581838039558143
15.276413413135817,0.0029092157756183015,3.7404291369561777e-07,8.141288749097038e-11,8.829722291314173e-15
2909.4079873727183,974.9029068288357,219.87048882722019,84.49115329601513,16.996231399102747
3198.6079808012846,947.637548299328,190.08564291658644,64.2987780031034,10.601705019655869
4331.115367014466,1461.1032760022363,331.93520700615596,128.9309646664713,24.71968527668497
36.75794654997929,0.007000124642514692,9.000181559108341e-07,1.9589484036215778e-10,2.1245985641904892e-14
62.77259607753606,0.011954312955962143,1.5369867325592353e-06,3.3453521869093826e-10,3.628237701349992e-14
1.2956663500517605e-08,2.514037370557689e-12,3.293375362051527e-16,7.303599902276201e-20,8.070769082092687e-24
100.6975914941651,0.019176688520990852,2.465580074719708e-06,5.366496353048961e-10,5.820291348839349e-14
9441.512002395748,4518.157435918494,1427.0492193910534,771.7344157312841,200.64469854539715
0.009018212645481909,0.015858600798063966,0.018559298985398025,0.031008841644605784,0.026993890389927232
57032.907902128565,115150.33053775625,154985.14466713034,360177.8111447274,417048.32022386533
17605.552394008813,22287.87372028175,18832.215908536476,27451.128577202246,19940.782021863808
33900.41648103721,59960.21861295638,70765.63583036768,144331.56219943924,146672.7764600808
30231.230456492514,39675.67810020827,34668.41571623588,52289.89326779402,39298.701965645734
11843.022510818839,10852.62725140555,6644.46255730154,7028.656889554914,3704.3794931630023
34.41538784852771,0.006554011504223033,8.426606166444163e-07,1.834105966562183e-10,1.9891993561071767e-14
1127.5996110161989,170.80585331308447,17.615527398492862,2.9563104023491107,0.2821721924145289
35.59441518786566,0.006816062242586409,0.00025888199236075735,5.634735947612612e-08,6.11121348666359e-12
357.66534765710037,18.65281989980478,0.6645131797474008,0.0380121638051984,0.0010850845543492983
24.131084609931936,0.0045954852183843434,5.908494981140748e-07,1.286022591332976e-10,1.3947696355918856e-14
1.2956663500517605e-08,2.514037370557689e-12,3.293375362051527e-16,7.303599902276201e-20,8.070769082092687e-24
25.547098512880407,0.004896941915015642,0.0002543116433189575,5.5352593103844835e-08,6.003325029655404e-12
3230.997916016648,962.7035377055591,191.64263402515778,65.72517289875493,11.314659263321335
35.594127537204294,0.006778488808214861,8.715220526187886e-07,1.8969247703350968e-10,2.0573301655013168e-14
25.545714559707054,0.004864889963736927,6.291754846393348e-07,7.547260373825889e-08,0.0006442798428163751
28.265388122852283,1.6929295400846522,0.0654778631720968,0.004288987026408996,0.00014022655763712988
11.885863308944243,17.05032196279952,17.052951772638774,30.367057820167336,26.78930847684212
1814.2106835524155,287.67534190410186,30.655778983187872,5.835663074868816,0.5066164591533221
46.82721582041966,0.008917700202843848,1.1465641686982779e-06,2.495571931710801e-10,2.7065993842128237e-14
0.053491891228163994,0.07816663253140271,0.06833669626442981,0.0935595076422858,0.06618823317558077
0.12219789859735189,0.14547912799971974,0.09133784566353902,0.09949631864555898,0.055581020200985314
1.2956663500517605e-08,2.514037370557689e-12,3.293375362051527e-16,7.303599902276201e-20,8.070769082092687e-24
25.545637185413902,0.0048648703519717255,6.254848115610096e-07,1.3614086172039114e-10,1.4765303609021148e-14
2133.2710024102867,446.3777525630597,63.34966409794692,16.369647016667244,1.979989555475526
12.298637831048211,0.002342132948950941,3.011320919645189e-07,6.554337009303209e-11,7.108576710566713e-15
1.2956663500517605e-08,2.514037370557689e-12,3.293375362051527e-16,7.303599902276201e-20,8.070769082092687e-24
15.276413413135817,0.0029092157756183015,3.7404291369561777e-07,8.141288749097038e-11,8.829722291314173e-15
167.21100890594082,0.03192465546611779,0.00029514058879463734,6.423928022630545e-08,6.967140241219149e-12
17.49487284670607,0.003331695647507746,4.2836188294625497e-07,9.323576655191762e-11,1.011198535812329e-14
45.460232917719125,30.664618251436416,13.878237299960729,10.523220052617466,4.344628037114975
11745.187340560302,11441.953807115802,7422.481852132045,8309.905337018354,4633.716233953336
1.2956663500517605e-08,2.514037370557689e-12,3.293375362051527e-16,7.303599902276201e-20,8.070769082092687e-24
75.18994406072473,0.014319052876719446,1.8410254420648639e-06,4.007112331094986e-10,4.34595678449478e-14
66.92873535333457,0.012745801482740491,1.6387497840296625e-06,3.5668461266887525e-10,3.868461336419785e-14
46.830593342032955,0.008979223564688287,0.0005064747772347471,1.1023754907860949e-07,1.1955931971424006e-11
95.61878337142211,0.018270948648281007,0.00027843458797283387,6.060310984175878e-08,6.572775470616842e-12
2581.7516708201483,238.7050371262989,14.341571219353964,1.4480407566671243,0.07304309956020512
60.68979986756368,0.95855845698821,0.009805681950994653,0.00016982607934932587,1.4662397608291646e-06
281.9768797820682,7.4495920819478965,0.12738319009741106,0.0036879870134700105,5.32440716104513e-05
34.41538784852771,0.006554011504223033,8.426606166444163e-07,1.834105966562183e-10,1.9891993561071767e-14
124.95952819778974,0.023867345454494097,0.0002857936912944644,6.220486682958367e-08,6.746495747793281e-12
1.2956663500517605e-08,2.514037370557689e-12,3.293375362051527e-16,7.303599902276201e-20,8.070769082092687e-24
518.2068914343931,9.519549581869372,0.11324406695452599,0.0022808097787292937,2.2901734240812637e-05
15.276413413135817,0.0029092157756183015,3.7404291369561777e-07,8.141288749097038e-11,8.829722291314173e-15
14324.527634346958,17449.71000347044,14170.251490062792,19919.922856909252,13964.446957737635
14892.851757947461,15931.59465717001,11405.85666935773,14149.240491716551,8734.077815456722
26115.32661232246,32709.49224632045,27363.56232281018,39583.54853975812,28493.38387043743
23070.04731103252,29419.257090846633,25156.76671754943,37281.013861263615,27517.673312758794
31884.9871146553,39439.52386898285,32664.49770403339,46777.60783360851,33392.208101334174
64.85418453213498,0.012350727337184432,1.5879544165055096e-06,3.4562866857826884e-10,3.7485529054613835e-14
40355.44545801527,106168.6772472989,186189.90980450012,563663.8568585971,850276.2876987108
64.85418453213498,0.012350727337184432,1.5879544165055096e-06,3.4562866857826884e-10,3.7485529054613835e-14
10976.60858197142,14526.639588769438,12846.026242091722,19588.29923352306,14880.940959154379
77.25700291149286,0.014712708744221639,1.8980482995293133e-06,8.028488780800518e-08,0.0006442844017010252
24080.257632280867,28151.60035710943,21965.05524290779,29630.964017247425,19918.80854777207
80.31321277512589,0.015294719989384215,1.966468653488588e-06,4.280147688381729e-10,4.642080218369923e-14
52.07237060657416,21.55891360129525,5.95212577950997,2.8327880305039055,0.8100975157323731
30477.9603599901,42969.585945096296,40530.610017181025,66069.38019582258,53677.86527730363
96.66584893854005,0.018408889906954242,2.366862876383096e-06,5.151631911902445e-10,5.587257807827482e-14
60.68979986756368,0.95855845698821,0.009805681950994653,0.00016982607934932587,1.4662397608291646e-06
67.96345204310234,0.012942859231205344,1.6700981357408487e-06,7.957270433368987e-08,0.0006442837358041556
21982.472516495774,26667.593867540298,21576.980568924628,30179.0092330598,21026.655036812892
124.03291626258488,3.7354242703170115,0.07300036502917574,0.002737693645553717,0.0010299283250363143
82.3832711373987,0.01574599053923355,0.0002747809639975131,5.980787467823645e-08,6.486527385496795e-12
35360.74777790049,44017.188159322985,36618.73399016479,52598.08442164248,37654.23221445779
33485.33464708007,42441.465229708476,35858.29882028861,52342.34671703579,38062.02477073715
60.93393737707233,6.291573515813665,0.4201306668340183,0.04999544760132611,0.006153961260348121
40.181064164787465,0.007652017694730319,9.838331753096064e-07,2.1413772772753253e-10,2.322453761558166e-14
124.98215386151044,0.02380140179840964,3.0601874750335894e-06,6.660698264395574e-10,7.22393195393962e-14
43.52932676728614,0.008289661843847001,1.0706289164445316e-06,7.74429653137581e-08,0.0006442817265028576
19673.50128381597,41307.15977783038,57848.275087783426,139960.351176569,168655.0494110184
7190.0277809055415,12289.849783676034,14009.38273968586,27584.266628139398,27048.511696698468
8433.455215726133,16664.516912575968,22006.153800208973,50252.05102475967,57121.38334804949
27053.9943311676,44308.70896557961,48482.54755648802,91823.45580162863,86506.35306375113
15247.896512144986,32336.250229103713,45761.896585743474,111879.64700949247,136187.2500841759
15996.767564489332,20986.544802179065,18415.715378381967,28026.487731092304,21260.010963439083
28839.694714748362,40540.5102242269,38030.51839325867,61730.46576985168,50028.819570735526
18061.182468380932,22158.839973549373,18146.712607532485,25688.653339469016,18113.052216188804
22040.925919574587,27364.425704323112,22674.547866212262,32564.999511717146,23266.514335449352
20480.432365992674,42085.20009162732,57639.732661678354,136353.39944520456,160714.40457299585
23436.79211248685,30298.29465338047,26207.04573277448,39272.5230072999,29283.010329795903
23766.650465895444,58201.47056059524,95196.52256479823,269211.59520470165,378999.79570114956
20064.503876131424,21949.785385089388,16009.82262126964,20164.098866716773,12659.309367224783
18346.62789923141,22657.176869914725,18660.018255899016,26560.101742145987,18828.84862856811
14491.887037727516,19234.593225135824,17064.155826331345,26184.041195884427,20017.29856473204
27726.357123429378,36004.87530571377,31182.17142193751,46672.09197406018,34774.10318543692
33.218524239185996,0.0063260827097216775,8.133554165540938e-07,1.7703212811558636e-10,1.920020989397225e-14
56.0868352448727,9.275041785720042,0.9876018867323074,0.18402075851157673,0.023743061516725554
111.84482660640994,0.021299550174838443,2.7385200762942183e-06,5.960568124665343e-10,6.464598279368433e-14
70.03524413823678,0.013338183496599283,2.357576740386408e-06,0.0006523711944663944,0.0006577071940188364
507.1418061009235,10.40996463952037,0.13835499998212555,0.0031133009020605043,3.4928468289588213e-05
2910.947561339619,822.0812541802627,155.73300635335582,50.69083732442878,8.39435890620126
55.40847815374118,0.010551902098254164,1.3566763383245627e-06,2.95289481633009e-10,3.202593838297124e-14
15.276413413135817,0.0029092157756183015,3.7404291369561777e-07,8.141288749097038e-11,8.829722291314173e-15
709.1865146484569,39.43061872735342,1.4161533807267728,0.08613445393683083,0.0026146057009934615
69.00433408964318,0.013141075191576507,1.689570809750545e-06,3.677461414338792e-10,3.9884303365651265e-14
68.86267353006147,93.50809063638683,84.37701554381538,130.8561850824866,101.24605472337426
90.5498429788178,0.017244176680078153,2.22405263392734e-06,8.123769496859848e-08,0.0006442852879814863
105.54607693181285,0.975963249876636,0.005847407835434617,5.9312050501097076e-05,2.9985824542365637e-07
249.43728693993825,0.04750246499482409,6.1274225633608926e-06,2.421469579373089e-07,0.0019328544091101515
72.10327157346242,0.01373123189732719,1.7654482801004641e-06,3.8426136931418686e-10,4.167548017137577e-14
120.98593070870722,2.817643045339961,0.04248009244830156,0.0010843599478100356,1.3801542766921296e-05
0.020366830509008567,0.024247472260210318,0.015223895510613136,0.01658409262695465,0.009264482659296734
2408.057840896312,963.9365413275406,258.27019874228284,120.19996235779186,28.21516768647463
73.1340857391957,0.013927546752384425,1.7969254288300165e-06,7.997415914137869e-08,0.0006442841115320684
40.710808954130606,5.840626893715503,0.6645951176515124,0.11107046841843801,0.014326030243647042
2200.5115733806906,1142.659494119706,395.0551342567333,235.25790795036997,69.44159834370909
40.181064164787465,0.007652017694730319,9.838331753096064e-07,2.1413772772753253e-10,2.322453761558166e-14
46.82721582041966,0.008917700202843848,1.1465641686982779e-06,2.495571931710801e-10,2.7065993842128237e-14
3729.4614349511485,1775.1073155292781,562.0127002743751,302.6915388110197,80.3005163423906
143963.2554175094,142751.6136371837,94929.14679107496,109095.59188407975,62621.5396792501
36975.524788760296,38427.36526505433,26708.746960701566,32070.10646386686,19203.427373588947
26212.244039645644,26321.8050092563,17692.30928950379,20542.520508956746,11903.3826022208
45579.17372395694,10136.523825545937,1529.1152703019602,403.831501560554,52.379832494087964
1.2956663500517605e-08,2.514037370557689e-12,3.293375362051527e-16,7.303599902276201e-20,8.070769082092687e-24
3198.108819164459,1304.96025671856,356.1501739878791,165.92507187547213,38.35100376712323
9609.537984661321,1037.8756551777894,76.86848562032111,9.10095346706269,0.5385625156431629
4033.5461710374943,1939.4892831345173,620.3160602431842,340.2523299693021,91.56335549230202
1.2956663500517605e-08,2.514037370557689e-12,3.293375362051527e-16,7.303599902276201e-20,8.070769082092687e-24
1.2956663500517605e-08,2.514037370557689e-12,3.293375362051527e-16,7.303599902276201e-20,8.070769082092687e-24
83411.39360492257,41253.85879317932,13757.146939625138,7984.197338940425,2324.514775747229
31329.989269822214,9571.826197254924,1981.028888086071,716.5704132767222,131.86962354279402
3457.525427389589,1589.664640049345,486.12832921137914,258.48400421539685,68.83988594183421
22022.060864109346,19990.49889107032,12103.657281449214,12645.677378372806,6595.914427860999
15025.77454377315,13782.81717275327,8455.598788345935,8940.202415269645,4713.5498132791045
5126.033719098259,2862.2069176671675,1067.751101334997,685.7052091117389,219.24303722390056
3321.9335304652272,4742.1876426157905,4518.4479611998895,7435.359894779799,6094.011405357279
19149.179427979227,18721.55188360777,12250.897265225274,13854.494926192372,7809.725682300892
12079.53435170262,10626.821193252745,6277.16130402476,6425.395525571038,3267.478903952966
5806.817800409284,2400.177892703422,665.7503375763727,321.82197424150417,77.33448394388586
18323.793106507877,17420.69437388225,11086.37428148334,12160.980551991577,6647.7572779355105
4703.295288636659,2326.678027803451,772.4886228707484,440.0532521913787,123.75436413166338
6231.673543481713,3909.1790232499034,1640.19787082198,1189.7557714059044,428.9220477857655
1.2956663500517605e-08,2.514037370557689e-12,3.293375362051527e-16,7.303599902276201e-20,8.070769082092687e-24
4270.5352485509875,1856.2540075577758,536.9883050326862,266.72073557056456,65.7088160517196
1.2956663500517605e-08,2.514037370557689e-12,3.293375362051527e-16,7.303599902276201e-20,8.070769082092687e-24
9909.001814310515,4882.197268549918,1597.4744538064276,896.6475460640623,248.04117310129558
22936.042191391454,22356.60980398614,14575.808831917326,16421.67472795014,9224.961308172475
2986.6157537776676,2117.6761441746057,1005.842604503784,831.8055881531839,342.75063530335683
1462.6389682728018,643.0337919840182,188.3724812630689,94.61308388174416,23.80247776200872
4401.0817930256135,2306.8758880398796,805.8296790901416,484.2718295761171,144.75124037128768
26398.94379815364,25339.01979979499,16309.68719532552,18145.596419434678,10070.673156412851
35652.829532193624,6352.297477812334,776.1888562999446,167.33449225799467,17.352125725485788
3201.225929436855,1502.7107085166217,470.93569088993195,254.76090977274208,68.84561907157841
3593.1357749952776,1626.6265718283153,489.11701209826924,253.67117623820647,64.92896556335951
3440.974152781535,1603.7271115893677,499.09717716152727,268.20445055315116,71.58441184009489
11285.247622887866,10703.892276367895,6780.106361328025,7415.676906373597,4050.375163427886
25807.738533803848,26556.50816498055,18335.56833928078,21906.063683581175,13040.350038582961
27689.597698707417,30931.59263242445,23066.853130094532,29747.130934288496,19095.141890719293
4739.734778346758,2263.570166461282,719.5103417080634,392.63545769242677,108.08792563068741
19479.059168130352,17533.384971820487,10565.901304516738,11030.920557676918,5727.121270617668
1.2956663500517605e-08,2.514037370557689e-12,3.293375362051527e-16,7.303599902276201e-20,8.070769082092687e-24
30383.34027614648,5256.47607559373,620.2709609633106,130.48595375027264,14.039961638081765
18181.50753596384,15839.982580768252,9227.083875933558,9279.8748653688,4651.064632835396
6117.6844337920975,5696.312642213555,3548.225158911391,3813.9507210318875,2041.6944971115176
10154.815600829681,8692.461329252163,4988.767098251312,4961.551241441207,2454.9546959480144
1.2956663500517605e-08,2.514037370557689e-12,3.293375362051527e-16,7.303599902276201e-20,8.070769082092687e-24
3294.4772717708297,1466.9482823459728,437.4345397674541,225.31262938893155,58.001381706646214
16583.77134948749,12552.99150564798,6359.602361496759,5585.758725939822,2439.053483079651
4004.119791801501,2052.070976464662,702.8335360278851,413.03518442957176,122.25824336595618
4963.57229088734,2590.480948430371,901.3065507215894,534.236969478673,156.98437555452418
847.6941127569804,228.16626766090616,41.060503101953884,13.297331321431063,2.1669369645967436
2985.786777612461,1399.1650796004662,437.1552436702116,233.44986066854895,62.04183433930032
1.2956663500517605e-08,2.514037370557689e-12,3.293375362051527e-16,7.303599902276201e-20,8.070769082092687e-24
22606.97244305217,22088.873462373052,14432.869033061135,16295.47081124275,9186.99110631299
22859.125628696256,22022.262084304202,14213.312276287685,15860.885267731877,8828.31684642076
29471.626578596486,3359.6881372466587,259.36337072478614,34.127746693885946,2.1300964508239124
22159.191110092226,22060.3777978217,14693.389609507225,16897.493048018525,9698.54373149177
33660.57451683197,9956.745854725921,1993.3963650487117,695.681229195084,122.89464940782405
24284.09475653985,20368.93178321383,11405.62200517668,11038.190713411197,5331.688434476657
1.2956663500517605e-08,2.514037370557689e-12,3.293375362051527e-16,7.303599902276201e-20,8.070769082092687e-24
8197.498850871485,7199.685709632131,4233.138077709752,4318.721148727849,2193.634244917437
4527.239581166819,2303.183754244148,781.760023516215,458.87571256536614,133.65340060551802
5215.974890461883,2462.2676127255104,769.9457118087429,419.5275695778858,112.4987158573336
3928.4926771206915,2059.389455407606,719.6758645840056,432.3685891670156,129.1405304383372
10695.383393520335,8293.99920348264,4305.674494362814,3854.3817617388986,1712.9551215543227
10361.365654734165,6278.192380037522,2539.859113585811,1766.1615140080228,607.175796251671
43115.15429474621,31239.528941526423,15227.137687221752,12839.9536082521,5412.407676952191
30271.337508444878,30329.234123570786,20397.939981820382,23724.88691630168,13755.038331213038
2632.3927342698894,1145.0048619548816,332.13389067734124,166.66220457850466,41.554541586886025
24838.533717479717,21481.033315710603,12383.43096667189,12328.72932049836,6108.5771686170365
3683.172091005641,1752.192787272536,553.7713696864729,301.9315242809344,81.81184090605097
1853.5584616877743,251.13079785937745,23.301886568892783,3.9380803624585967,0.29276779584629165
16455.993479690605,1698.5520947160305,120.19919728574666,15.25844999984646,0.863457579812286
1.2956663500517605e-08,2.514037370557689e-12,3.293375362051527e-16,7.303599902276201e-20,8.070769082092687e-24
17372.944639850193,16545.67953601976,10547.952883379601,11645.375082393892,6412.790105668282
1.2956663500517605e-08,2.514037370557689e-12,3.293375362051527e-16,7.303599902276201e-20,8.070769082092687e-24
1.2956663500517605e-08,2.514037370557689e-12,3.293375362051527e-16,7.303599902276201e-20,8.070769082092687e-24
11681.332266939698,2003.465689905728,233.85331236149054,47.40985313689257,4.458554284439043
3178.0258531344903,1317.9424474393506,362.2354733932316,172.26520703384364,40.491448296434314
6064.497566936464,2712.6164819275855,810.7786930457413,418.0202597467069,108.22203941396027
3192.2039711901457,1457.6921134243203,442.65009465534877,232.63145929280608,61.00402575330723
26386.67345910371,3398.3502436162903,296.218672100769,42.89561144771221,3.024258625193549
23861.184566031454,23475.10432584806,15469.131363309329,17606.319273587716,9993.618054023143
5052.722041985273,2422.2726807084996,767.6260028538463,422.2195028286933,115.76336792131923
3586.422391337333,1830.0329736336034,621.8528652364076,363.1931470397032,106.63216038765555
1.2956663500517605e-08,2.514037370557689e-12,3.293375362051527e-16,7.303599902276201e-20,8.070769082092687e-24
1.2956663500517605e-08,2.514037370557689e-12,3.293375362051527e-16,7.303599902276201e-20,8.070769082092687e-24
4394.371021984423,2241.3622969110274,759.338058934994,442.25426886564526,127.34548990980417
23429.256826772922,3059.985910534927,270.8573599807035,41.50660825865006,2.969191338542091
695.8324398792805,269.22911008265504,69.95961164301218,30.483736478190934,6.442660476726744
3724.7315866142094,1508.2408409307468,404.2524488382118,187.1366300351432,42.27837082709925
5827.843140076092,2757.3539667348996,868.0390374389176,472.53778761289146,129.147643285351
4346.20633418028,1942.654725534928,577.7986187746973,298.1889126437239,75.5450704237932
18970.46339384988,18538.484717608248,12128.740506597338,13695.201577642669,7712.0959350614
1.2956663500517605e-08,2.514037370557689e-12,3.293375362051527e-16,7.303599902276201e-20,8.070769082092687e-24
6185.330995158146,3136.43677986081,1058.920216074256,615.4648046469009,179.79678957016588
1.2956663500517605e-08,2.514037370557689e-12,3.293375362051527e-16,7.303599902276201e-20,8.070769082092687e-24
2940.8907500697173,1316.4157076121933,394.9826908065057,202.3393751459131,51.162820587678425
12114.984141660656,10233.969719500239,5830.92932645623,5784.264753009036,2858.1722086619516
27804.88013954719,3037.2760289300545,224.63170675776112,29.671654253338577,1.7750537892546654
4825.694170826826,4610.6521960130385,2946.5426561055087,3248.035253078647,1789.2288000640526
15105.61667192532,12357.832963657118,6749.455225219941,6374.246904284716,3006.0744598343967
1.2956663500517605e-08,2.514037370557689e-12,3.293375362051527e-16,7.303599902276201e-20,8.070769082092687e-24
3340.47334103235,1516.9079050258915,454.82319740802257,234.42608996402674,59.87223567310365
1.2956663500517605e-08,2.514037370557689e-12,3.293375362051527e-16,7.303599902276201e-20,8.070769082092687e-24
18928.20449632092,18265.961912524323,11787.452084341929,13142.76953932762,7319.815825826416
4690.878864310521,2592.9597389756236,962.9941946464774,619.3413133272276,199.38461623783832
27965.882128267476,3771.146801920337,344.52306555538854,54.513600150455105,4.026363963318576
19793.61021322041,18389.735397795666,11443.944398475915,12320.554087589559,6615.572029938493
2321.7576114316894,1183.6245819248015,402.7411481244481,236.3067495035705,67.99297055201333
63165.89081862151,59211.80012317619,37325.92001287712,40836.36526701831,22287.320053281957
3920.31472827698,2023.299014171413,694.8933579679076,410.0903624537005,120.34984288962369
3042.2543042047278,1473.9370426965288,478.5133146044283,269.51867380029364,74.91200899447196
4508.549256237516,2078.754262010187,639.8158381172293,338.2347596985331,89.03776516440975
15901.701786227848,14684.407327395584,9054.018597901659,9627.718029129317,5102.329146414921
4777.258488529993,2219.565092588572,682.7008321240279,363.8130216206541,96.98267995087666
7300.33472450586,2905.3823934506095,783.1975688838941,370.4033777153434,89.2014472065237
17438.378663487867,16140.570999051768,9963.624323228294,10608.787891274424,5631.753108570012
3986.650125850638,1992.6768988556428,659.5172893499798,374.13929437988395,105.59226254857894
20285.29727761728,19085.56210072122,12010.645144606988,13066.585208013268,7094.653654798061
5168.135119457677,2780.3821595947716,993.8094515925176,609.6382433870001,185.9919267357758
8922.575829341751,7757.151096025696,4494.395630885508,4482.537934660755,2224.3390901260386
3444.044985998622,1572.4039922569568,479.03794346782195,254.4974841760876,67.68046575693668
3258.2288448552677,1553.2259961095976,491.9381682560189,270.0440215826784,73.59189405810108
1.2956663500517605e-08,2.514037370557689e-12,3.293375362051527e-16,7.303599902276201e-20,8.070769082092687e-24
3194.281838681866,1597.4150590256252,532.816114381232,307.14830869418773,87.12020999011338
1.2956663500517605e-08,2.514037370557689e-12,3.293375362051527e-16,7.303599902276201e-20,8.070769082092687e-24
35887.372366464406,38015.29995318539,27008.2664978691,33230.61299295333,20369.434720551766
18183.942141453783,16732.145887559745,10287.15472796845,10918.863540634142,5776.323623789624
1.2956663500517605e-08,2.514037370557689e-12,3.293375362051527e-16,7.303599902276201e-20,8.070769082092687e-24
2768.3688829357147,1218.0014792374423,358.3270425507873,184.89768525807784,47.191555169038374
1.2956663500517605e-08,2.514037370557689e-12,3.293375362051527e-16,7.303599902276201e-20,8.070769082092687e-24
5344.186604824968,2225.2640847972084,622.1088544682054,299.2737472092285,70.67381207968825
4627.608124435706,2031.3727452960534,593.3483957062944,301.184478647822,75.95567400320692
15597.130555720689,15546.067375049628,10361.122293112023,11923.53252995919,6832.135995384765
21852.881981356986,2186.3252865249037,148.9648258257208,18.286361290020714,1.0023724273307255
40085.18962079382,42680.40747436375,30307.089030523177,37157.00356973754,22694.083960235643
5272.158949744064,2076.754586975931,546.1900717762568,251.32377308965738,57.60950212181758
5030.028558518608,2484.873197867841,819.5545425760943,467.39124716557035,133.31528028209183
3998.5234321341877,1900.6071735559992,603.1942867125709,331.9059812155402,91.50375200983189
3063.1956179030294,1492.2226204135607,481.96503036028815,267.4235946375337,74.09715645110352
1239.5328360803128,521.9669269369546,145.35196573231158,69.34694707140031,16.398680406552163
1.2956663500517605e-08,2.514037370557689e-12,3.293375362051527e-16,7.303599902276201e-20,8.070769082092687e-24
4978.884276626498,3131.8517494078264,1312.8113009259514,951.6114224698451,343.37145179376773
16838.50452956188,16488.230906488272,10807.890585828109,12255.704621269919,6932.378830393653
1.2956663500517605e-08,2.514037370557689e-12,3.293375362051527e-16,7.303599902276201e-20,8.070769082092687e-24
17354.197506828114,2075.5325278107766,166.54533794850602,23.494268549746074,1.5374187726751196
1.2956663500517605e-08,2.514037370557689e-12,3.293375362051527e-16,7.303599902276201e-20,8.070769082092687e-24
1011.3836745305588,288.4023532014548,54.371713620199166,17.37020238439068,2.699137079520035
11380.525825908013,6299.5593964373365,2345.361842020186,1512.3320769080767,492.0735300084577
1.2956663500517605e-08,2.514037370557689e-12,3.293375362051527e-16,7.303599902276201e-20,8.070769082092687e-24
6465.590326384734,3258.136390876772,1096.9800533641778,633.2083463414724,181.00589605192036
31210.53163876487,3186.9440096070934,222.53368854667016,27.434777851198216,1.5353084487038215
16751.89930562751,14585.427262227593,8488.427008907269,8535.861385885159,4284.379583497959
39207.43031279115,35673.79673436207,21760.617662592525,22969.771952668318,12109.93204229837
4514.670525644738,2029.6709871597643,605.1606096136613,312.27063770593355,81.72834102973194
1.2956663500517605e-08,2.514037370557689e-12,3.293375362051527e-16,7.303599902276201e-20,8.070769082092687e-24
1.2956663500517605e-08,2.514037370557689e-12,3.293375362051527e-16,7.303599902276201e-20,8.070769082092687e-24
3627.4688437656127,1770.9677424404554,572.7438794961147,321.0018492029485,88.66085471208795
2182.4031308314184,433.8672031487547,59.26666196486279,13.834776398124323,1.5106105370908978
1.2956663500517605e-08,2.514037370557689e-12,3.293375362051527e-16,7.303599902276201e-20,8.070769082092687e-24
4154.654753017555,2203.2224972129325,776.1002380769403,470.88851730116056,142.61533752679
36791.753575414325,5392.335790435854,536.227596865241,95.03197725761494,7.633794715320527
4586.416076588098,2319.935252348395,778.3276194139407,448.17126536485483,128.2865776528611
1.2956663500517605e-08,2.514037370557689e-12,3.293375362051527e-16,7.303599902276201e-20,8.070769082092687e-24
26487.835332492017,4321.790633904616,478.84491896504665,93.76975989389452,8.387619304666218
3551.650120537177,1655.6211251842865,514.493266435165,276.6325221236107,73.93439331745037
17181.07713360644,1407.671716107206,78.86170603935076,7.08432921482768,0.3178485985426101
2997.936548877356,1366.778006593361,414.7765513856901,216.61722173424525,54.99995743673454
4077.9254353503356,1982.2880130814017,641.7387860902456,358.37661339620195,99.79293765465029
27406.152075641985,7953.403740706137,1562.2936780037237,540.1915345154969,95.6225920454604
3632.947852327465,1581.5851448722867,455.5872602602753,226.84799393722082,56.22984234548136
874.7391342222165,310.92266831087414,73.374230426804,29.419089296443612,5.699322113515099
4185.490565878339,1914.2967897998817,580.4397007643288,305.44948857250006,80.73800979250876
8606.07124484108,6155.107861353938,2941.3791088559406,2419.3515898836163,990.3357323740464
4268.014538858469,2083.035131553095,675.7501215711167,375.5781939152975,104.41416854249535
2439.1529695629365,1092.9746569620186,327.45358040425896,168.34639992309283,43.29276289026331
1.2956663500517605e-08,2.514037370557689e-12,3.293375362051527e-16,7.303599902276201e-20,8.070769082092687e-24
17508.497549819913,17054.180601291813,11124.13007377174,12528.122722082142,7027.996459370441
4124.2105758168145,1874.8205179675715,565.3548345122069,293.35051615108233,75.19151479466059
3193.914866693216,1661.150093422073,574.6221954246704,344.1196140846746,103.2698603750284
4919.352626505469,2554.288599516252,884.4475711039461,529.5505283525745,159.06017779801363
2957.088913532068,1427.7526917360829,458.2363596038349,252.92551849509925,67.885068344405
3975.7852975495994,1739.423329051511,506.3289699487005,252.6741423376245,63.195192711666174
4011.538829709816,1783.396057076348,531.0214509194382,274.05902089752976,69.64428524766322
0.0061451700474036966,0.016915536318158855,0.030564653668764652,0.09520452959556533,0.13471428336899702
3352.7735965684533,1438.6816563657137,412.45495938970595,205.23939382838532,49.70133635205066
6648.261516343328,2630.7517909141884,696.7829441653437,317.38044464600887,71.25670329698436
35978.84854276464,8448.022414613453,1352.6681527471294,386.50322274776704,55.2631804450504
7074.614247430095,3266.17599194846,1005.74778560431,530.4446359557732,139.69631120197215
8736.559865840045,8582.576359576675,5637.649772038355,6393.557945513029,3617.084901127408
3664.013331150929,1811.3373809383309,596.0319257822946,340.50941617171577,96.59915444072828
2502.6078584630413,896.4980949444498,216.38529501007218,91.05161973012414,18.66765047756279
5156.797701239137,2264.3663414378984,661.9145815525654,332.5399755778525,82.46555751049335
4582.416685273066,2677.537607709397,1048.5979678014608,705.9891702797015,235.47232346424084
15668.910479972024,13848.031200850703,8208.098113461221,8430.48117088212,4321.949699412983
17121.13470762438,1764.4580385895813,122.81446962538027,15.139120686534717,0.8541418686204906
7932.720131819987,7002.9466803119585,4134.240081723187,4238.443526304426,2165.040785516512
3476.915355259231,1690.978021944888,546.6889597604847,303.8966939727156,84.21144785806698
5241.754050436038,2396.091796575955,728.6815785072586,381.69002043611806,99.73521760057574
2771.422067895188,1370.7670840708183,450.61617821381384,257.49301356900986,73.7868988876096
4510.025107808334,2122.197204540862,663.5485931864547,362.4078571764313,97.3071317693556
7910.21853587309,420.6603608197148,14.723249391447423,1.1020116090836096,0.0320377676144874
4898.627721680506,2121.594023488458,610.2581964483151,304.0479241648417,74.8717589882681
3789.884519366477,1771.593328328833,548.5982500947022,291.0008239238013,76.67947458509754
1.2956663500517605e-08,2.514037370557689e-12,3.293375362051527e-16,7.303599902276201e-20,8.070769082092687e-24
4746.485971229945,2614.6904263558745,960.0890366663908,604.1284207475749,189.1308162403861
4255.086648181004,2113.714501296716,702.9347103378271,404.4639370547618,116.16467560246285
7126.017281898912,5985.046115148159,3350.509746891151,3223.799631759528,1550.8280420327246
2057.249491405365,895.7783389934871,257.94724586676654,127.5982200592108,31.756399477493897
1.2956663500517605e-08,2.514037370557689e-12,3.293375362051527e-16,7.303599902276201e-20,8.070769082092687e-24
3514.0230010259856,1732.418474837911,570.0117331635917,324.6492368931285,91.7831755010558
3941.6655162582447,1841.8804433788575,570.9836930919096,304.70090833309234,80.56850058102722
4689.337342732341,2072.125219083612,608.1124279647659,306.78290570768826,77.87533720476698
4346.924995704617,2209.085397107713,747.3532002686593,437.98866293317235,128.91014452546793
4213.798555989814,2216.8489478426704,778.5881581075365,474.4445901490233,143.8817350088482
2873.713926120178,1195.8952470815534,333.3823349499836,162.11434504512388,38.36395923775579
3158.465389074351,1533.8699949564386,500.10820295289295,281.45070896046934,79.60072298482152
4045.764620195586,1944.202886022282,625.5154343785601,345.51967540240184,94.0787707815677
5311.554483616093,2543.1536359753845,810.3029023194294,442.1807683788557,119.65247725195026
5294.535522860316,2630.240171484003,869.4958325117677,494.2132596229439,139.1380947411736
4541.955113528579,2031.9042761928247,607.1616552154295,316.74024939519444,82.1258144752826
3200.9448778423625,1280.0033438204157,341.20379182523976,156.10023825215376,35.115710151275294
1.2956663500517605e-08,2.514037370557689e-12,3.293375362051527e-16,7.303599902276201e-20,8.070769082092687e-24
26324.243625126823,3314.073011878309,285.48884070886027,42.6347330254688,2.9428534093059926
4310.014366540481,1867.602702458356,538.9319918656138,270.3410171460488,68.4615999744336
1.2956663500517605e-08,2.514037370557689e-12,3.293375362051527e-16,7.303599902276201e-20,8.070769082092687e-24
5631.217957157083,2942.239765724652,1023.6003989267225,610.2506299667851,180.72171354634241
4047.8443491808434,1965.3223978862318,632.3590558023419,348.0803730053164,95.56411802378427
3945.4400545076383,1752.668062298789,514.9000823278232,262.55361640721014,67.84872216412339
2674.7845618267756,1268.7728846968828,400.55139289313587,216.25386176107367,57.45739372678455
7756.986174876839,4312.9649747664,1596.0161124408717,1013.4934115029055,318.88138777608486
10245.594198757357,14199.266300244133,13169.027459641742,21094.228592512867,16852.704900944627
8161.5448576954595,3911.469626799641,1246.1381957870854,685.9545634276535,187.4988143415091
2830.620525385845,1415.5335714938817,474.53160476890395,277.377299716301,81.12355771545853
3292.3938236207205,1522.4795332125768,470.01799969066894,248.98333785003575,66.23945979754521
3742.2092077569337,1879.282751203699,627.3797762267799,362.6185796938378,103.39346635532107
2903.3521426853786,1163.0721860250837,309.5128946684989,141.84564974454145,31.271585398238184
20056.40713039138,19050.48179133674,12117.05493679947,13345.99345220756,7332.842819952411
5173.942226275275,2618.844149659623,883.079059132905,512.3852515629054,147.5987686392187
1.2956663500517605e-08,2.514037370557689e-12,3.293375362051527e-16,7.303599902276201e-20,8.070769082092687e-24
4680.609908249973,2426.3555900249344,836.5203202332708,494.5846884194834,145.83144602090542
3544.280763817446,1567.5354075357152,459.61150523793,234.61172790893957,60.46112089889191
2961.3718183899764,1548.3326008056372,537.7055101273286,320.3344608677884,96.19419239328258
5141.036083976499,2408.4817877170226,749.5271873123066,400.8997308379862,107.49871322414018
17048.20120195438,12214.300039365924,5844.461708098335,4841.249290627842,1995.1803102031117
352.40696813987006,100.43479028821127,18.756297379274073,5.833166231883377,0.9526600868887405
4895.40767580512,2191.405594672103,647.7806260049273,333.12426778758163,86.02244057025823
1463.0047112738525,506.1598968191423,116.47431317352854,47.08344434017738,9.337170843882957
7104.778584863478,3464.7022512152857,1122.6402525949654,627.4439717685606,174.46989345186338
3102.8981321156166,1448.2496856882358,452.30112815537717,244.89195881715878,66.2693805499079
19010.838253468082,17939.530893508014,11306.391209504345,12307.780414230367,6690.566747026047
14374.699377855766,10671.864448070071,5292.821224073475,4531.958113053291,1937.0735591399198
5251.5536821486885,2474.602423370818,777.5707159394256,419.9600318554309,111.989119856161
5394.850784275783,4639.877042092899,2662.6324121770554,2631.638959465748,1301.919955782476
3184.9787614721954,1534.3958096275192,494.17111921198205,276.19782514025184,76.90130828477751
5104.390183804356,4306.277680089155,2426.987689775856,2367.121254539888,1146.0637184798882
18754.603969500855,20541.27652920469,15004.070514847841,18924.247542984493,11901.67216655517
753.2352284721454,281.39252685730435,70.35921421242381,30.147394115717457,6.33609360647582
4230.1695044502985,2149.1116003271563,729.3649199228169,426.06611841001205,124.154762821634
5093.444657379664,2223.2987579171004,645.9409244599927,325.5836212108204,82.03661327971685
4524.019441285944,2029.3290270092116,607.563329144016,312.847974480984,79.52619457831118
5835.572363341636,2470.3157691856463,702.1129806364352,342.3823507656773,83.85771717709724
3744.5670691831197,1952.9079024348478,676.1651884472404,399.79790106623756,117.65989469417353
6269.207920711495,3039.776702761938,981.1907953930696,544.6747054984105,148.0898231790648
1.2956663500517605e-08,2.514037370557689e-12,3.293375362051527e-16,7.303599902276201e-20,8.070769082092687e-24
3034.169927322482,1354.9625184853996,403.0704464086582,207.5363484398266,52.10844009874397
4801.605336462051,2377.579707858234,785.7685647249256,443.2860246325398,125.75105004803855
2680.308189597467,1292.5187576325002,414.6818967223185,229.68799709169375,63.00398038272147
5656.3664993722605,2688.7702930744704,849.146578483683,462.03974245766034,126.13691021918665
7139.459567456058,3489.5119627791887,1135.338732365804,639.0351990724205,177.10095868605816
4051.21636053983,2143.5219069847617,753.5035773927743,454.39986335418405,135.9204691892466
4099.979992750032,1744.923809815899,492.29784244083066,242.4580321800375,59.04211010873336
3817.660240464059,1936.9945197624102,654.5231209124925,380.9048363961143,109.95106360718397
1.2956663500517605e-08,2.514037370557689e-12,3.293375362051527e-16,7.303599902276201e-20,8.070769082092687e-24
3920.0213775053676,1829.1666199710241,570.9696586266621,309.294051484442,83.60972281592046
4801.291976187235,2529.690869223447,883.8422733153554,531.2507071384941,159.29039392616772
810.5018078506421,181.4605101525068,27.12431202008122,6.658665758877141,0.860537431811818
8855.567201551521,4255.710439841816,1366.3275340330497,754.4367819725592,207.89300907092323
4207.977372618788,2108.3288151446973,705.9912779586364,410.2644102325939,118.80596401957862
5331.620479779844,2679.2114747042474,892.0878185373889,510.90125392107035,146.19147708894263
1.2956663500517605e-08,2.514037370557689e-12,3.293375362051527e-16,7.303599902276201e-20,8.070769082092687e-24
3891.8932517419903,1688.101259300534,485.00287224945384,244.22573441266982,60.488777655363144
1.2956663500517605e-08,2.514037370557689e-12,3.293375362051527e-16,7.303599902276201e-20,8.070769082092687e-24
2968.0881080297518,1356.6866338192099,413.10442162991166,218.62297224596716,57.23571701441234
1.2956663500517605e-08,2.514037370557689e-12,3.293375362051527e-16,7.303599902276201e-20,8.070769082092687e-24
4864.5792630966525,2442.1767262007875,817.5560309142362,471.1351304343617,135.843747080841
3788.4355010610566,1809.5320599740144,574.7485119085107,314.9090838142082,86.73976359723841
3880.549152727841,1820.171671072264,569.7834781691615,305.7549217006415,82.45316174967773
3191.94685657999,1429.3995628294997,427.1148717383484,222.67908501603227,57.19486652020581
3595.366539808368,1600.7720156861644,475.07542538201193,242.90679520612522,61.77146359342922
5208.674883104589,2660.0242037264893,905.3496912890803,531.3874842378435,154.57295963361494
1.2956663500517605e-08,2.514037370557689e-12,3.293375362051527e-16,7.303599902276201e-20,8.070769082092687e-24
5026.726107809433,2534.6174683465124,848.9922501731646,490.02759090117263,140.04931666105333
4898.627720151737,2177.9903633309095,644.3773835172685,328.4267698656186,82.58167240544905
4324.261969452789,2069.3167328251243,661.6468830538288,365.71766618430195,100.51500658093006
3936.0278838290847,1905.4973873291328,611.6681291285352,339.34241093339824,93.62887374806975
848.8637446968061,241.79189690248145,45.179178997920374,14.00211098699843,2.2436209800677296
4289.60350864127,2210.5599241337436,756.4544513270645,445.3245828778101,130.69868528591311
3433.2794820537765,1478.3307009747773,424.02865991643444,208.08556963845254,51.626610527866816
1.2956663500517605e-08,2.514037370557689e-12,3.293375362051527e-16,7.303599902276201e-20,8.070769082092687e-24
2247.641481337031,893.4130247814618,235.30081583141728,108.91200090994663,25.166283551729133
2892.8055199421274,1482.9792822057577,507.8224121185108,297.834496291212,87.83531665275396
3936.557829906421,1930.407241401111,632.3809824029896,358.7121539688002,100.65635747533331
8082.519925229009,4100.759242153028,1383.0598402869437,798.4296927209639,228.44880556573838
4610.600224993087,2200.8545987215093,703.4589505625497,390.2455243809996,107.4004352812331
4396.7998010874735,2113.5459033882007,675.0993214549683,374.08803391705857,104.33819336863714
4221.954589834227,2164.0461653628677,737.9736927933794,432.6878706858192,127.03725802492636
22040.61301666091,22043.731227907774,14747.130366048135,17060.571198680922,9844.624234414723
992.6366434934953,425.32247751344084,120.39904078891766,58.7956282522148,14.57872441997886
5125.223274194723,2349.9252949599813,716.5966726754003,381.0629959053314,101.2081527921116
5051.908331351104,2379.127368003726,746.225674428308,402.08529284236556,107.19631148833867
3781.02804634397,1845.3100499338855,598.2729307580896,336.76855004694767,93.25820644622952
953.7168141694585,327.40742052710164,74.2584046653316,29.57322584250791,6.088731501125835
3088.334869221274,1570.1671515012745,533.1475979212146,311.58940454676394,89.84155266326168
1.2956663500517605e-08,2.514037370557689e-12,3.293375362051527e-16,7.303599902276201e-20,8.070769082092687e-24
1495.4909452831998,561.4579965280168,141.99966043626452,60.65519201121078,12.975129307804409
4162.925997902106,1970.2065339232026,621.6993615510137,337.8226451086445,90.43520915628518
371.52670829030296,258.4273012071228,120.47599643555907,95.43873428003144,37.74622370068199
4123.6862048783505,2085.57273160433,704.1305479188322,409.49953459866776,118.20944284262852
3099.7614050830607,1412.9299746759414,427.55762187457304,224.7051730625902,58.157939273556856
2624.9789674662115,1267.6037419705922,407.0283860092959,225.3985427946572,62.27745894708474
610.6823207552699,140.3293552634612,21.13783713747365,5.631872172519889,0.7054208888093577
8693.400390481995,3478.025234718647,928.704298257855,425.3014217181629,96.43430712403632
956.5870654422603,481.6255350342263,162.95699328903115,94.14512968757052,27.167511412282444
5495.314216436013,2589.2158160096415,809.5796944667314,435.41061244794173,116.81356553317241
2934.5230898517957,1385.7298538242776,436.05466739223493,238.56261746810762,64.66664952383971
7937.349360187018,7491.352682045567,4729.28415817464,5156.953974079928,2799.465470500779
4603.236878133213,2228.70615927782,719.7361118407475,398.6452592122797,108.20731292761901
19.381998323712505,0.003691484709865933,8.326418438424597e-07,0.0006385399105158022,6.925353289306274e-08
717.4346968319874,167.91070869340686,26.034917847317864,6.9224446770769275,0.8841555381155836
3957.2495443181465,2053.720172581318,711.619271198801,424.0704055705531,124.61463117980861
5134.217076738523,2649.225769679725,906.3524914534922,530.8700554181611,154.91484300597043
0.009018212645481909,0.015858600798063966,0.018559298985398025,0.031008841644605784,0.026993890389927232
4539.500291783757,1943.1446357950401,556.3182449212765,275.65930310601544,68.00844537001622
5554.889859530159,2550.980604685133,783.2223518986834,415.1886676627614,110.48765034137884
2025.8453733257045,947.1273646248011,294.87549037849976,157.85979465304544,42.53225083887831
2224.107796278204,1125.2725660117205,381.51234228332316,223.5334208478976,65.94615636324207
5105.329591547693,2490.9650933472535,812.3935784542316,456.15093874744906,126.21887945079379
4128.624221466141,2016.862402641243,656.5297416171273,368.32351869523154,101.70056061032201
3754.609746977295,1797.038975701993,571.2616446550428,309.67269817185763,83.90747516580159
5072.140818209196,2346.7930893645375,721.609309286509,382.30016325713774,100.954469847916
3112.515086615445,1526.5867907875015,494.1113337486387,277.2058114486503,77.43528358570163
3056.580751575113,1091.2125691677065,258.1839519433537,105.49030817649589,21.503539605569415
4430.074474988685,2250.4204278351144,759.3760775805574,442.4253896043397,128.18311078496117
16021.803958444605,14189.843923168331,8412.001656644152,8616.24825584117,4397.898479896676
6578.477450045079,2843.2287847681864,823.0051990091171,414.0884006413269,103.71351638481913
4864.511020323425,2313.5862883385275,733.7970920934549,402.57715973635504,109.63078148947679
454.15709094414245,45.80734431462177,2.979635165666056,0.33472115875296576,0.025938415979413668
303.077352437339,299.78167927419094,198.51391075886917,227.40277486517076,129.48843163573142
3623.873390215496,1764.1209540170735,573.450304204522,319.88132265810776,89.19539655194185
18920.918141082173,18640.35702895895,12288.576451185532,13988.126236187616,7938.979122115257
1214.053421339057,423.54208258180876,97.78187611563969,40.01419350418461,8.024908678300413
5387.814851624483,2554.122227906864,804.7584963743661,435.91470449340864,117.5154223736841
4381.201121091246,2044.9005367378834,634.0178737792695,336.9005904362889,89.27757910189058
3753.2423224396643,1788.2989312605575,566.7650443806896,308.34092679301926,83.57467698402769
4374.474651699843,1760.0553754869543,472.0368278068995,216.83843129085415,48.54994587322824
4293.75623978955,1948.3575894936225,586.7758705121472,304.7650362861629,78.14817421762808
5987.714846108038,2333.3238491271995,611.9422203555129,280.75524384582394,63.97187329391562
3111.8208355792744,1595.830391396408,546.8078812517565,319.6425368238879,92.94472233935782
5319.638679579868,2574.265862017607,827.9225366598337,458.6570786813523,127.28428470210189
4377.613514432208,2253.927222137568,769.9393482864814,452.1701930576709,131.74072225878987
1.2956663500517605e-08,2.514037370557689e-12,3.293375362051527e-16,7.303599902276201e-20,8.070769082092687e-24
11733.842790278068,4300.034404225323,1059.2085001717564,456.10926968317887,100.27490531413994
1.2956663500517605e-08,2.514037370557689e-12,3.293375362051527e-16,7.303599902276201e-20,8.070769082092687e-24
2466.274782236906,1103.026850684076,328.47445444589187,169.84497600217932,42.622613070283435
4330.279367185069,2363.129668018183,855.5475954618514,533.3059706496884,164.491688816362
5300.828227268493,2123.377032611276,566.7013936583726,261.2015795884367,58.82520530807959
1326.3401641060707,597.6150494713895,179.22043712084457,93.40710766813329,24.003659697165222
3801.720344767545,2005.2083994207808,707.1271900394187,429.88073008142624,130.81466384273625
3992.791586596379,1680.0088222229947,471.70744142687823,227.8244277910702,55.408864802104965
7070.247401024382,3591.6710317338757,1213.1203097510677,701.6323945023745,201.26621689487325
1.2956663500517605e-08,2.514037370557689e-12,3.293375362051527e-16,7.303599902276201e-20,8.070769082092687e-24
1.2956663500517605e-08,2.514037370557689e-12,3.293375362051527e-16,7.303599902276201e-20,8.070769082092687e-24
16819.377907570863,16084.299970865686,10316.365139207684,11444.418814893566,6325.889349018467
1.2956663500517605e-08,2.514037370557689e-12,3.293375362051527e-16,7.303599902276201e-20,8.070769082092687e-24
5416.558350034374,2581.6225599381532,820.0623871162228,443.87258928385614,119.228823039634
12.29871478546425,0.002342472532233969,5.965396571776421e-07,0.0006384354311824672,6.924220147457412e-08
3568.1062912279335,1692.623096239809,532.0851846149186,289.67304708390003,77.48337541552313
12271.401165784926,3236.1428462770145,570.1151376870118,172.37615977255913,26.079185600130263
1158.704358369712,312.2185518062039,56.78665955127729,17.46287069412398,2.5762501573543175
4864.579263086936,2442.2246591370435,813.4874337468012,468.6534263581839,133.51090144366182
248.7284809913665,241.11285632343,156.31234984610364,175.13805243453967,97.89687856945801
1.2956663500517605e-08,2.514037370557689e-12,3.293375362051527e-16,7.303599902276201e-20,8.070769082092687e-24
4129.773569809537,1973.3865822670643,629.157150719254,345.6765044877023,95.11558242041025
979.4591949681238,486.77196810699576,160.72646133408247,92.36784652104146,26.296128630641405
12.298637831048211,0.002342132948950941,3.011320919645189e-07,6.554337009303209e-11,7.108576710566713e-15
4702.807018275672,2263.349499730055,726.909912745617,403.43165664015794,112.31892269538231
4391.405186615282,2161.9304558236477,709.1783527104035,404.1959746782292,113.35488807990195
3291.2352352242833,3669.52173650149,2729.6649919216384,3498.1451729748674,2236.5836788143865
5395.848042576931,2479.2170444192334,756.7959707670495,401.42736254622366,105.49637269708167
5731.019727806023,2697.676173425539,845.6013353766866,457.99398192545334,122.84771996318177
927.3778826423267,242.08111914898976,41.78436570361049,12.276419768088429,2.0085081283334336
931.2490805762051,471.82547299329866,161.5892902722994,96.29987275706063,28.275029914691782
1.2956663500517605e-08,2.514037370557689e-12,3.293375362051527e-16,7.303599902276201e-20,8.070769082092687e-24
3753.0170275929877,1766.290756897771,555.4853123266263,303.23579474268894,82.53253226513282
79.67028760847006,13.312898984125766,1.5009452192187098,0.3223646878530736,0.029539397315229466
5845.557589358007,3017.281859642833,1039.1564592572977,616.759309102621,183.28648138699364
4415.981017966928,1459.6050969333837,321.0236077964561,120.56865768812223,22.9307842579353
971.4996027162153,263.90541426526084,46.59759213635529,13.681028195438007,2.0168123719162008
1851.979189975739,644.0695855944923,149.69950030720767,60.559800583454894,12.175986879292127
578.1391171459743,156.0714438032192,28.291182485144333,8.517162108195917,1.3144692303271932
12026.359989330784,10576.991533504473,6256.147200332152,6417.476506049888,3275.5382717566317
3670.389585639698,1711.4937998478415,530.9941794383602,282.9356883012024,74.75760204067983
5575.949345099981,2704.786303582996,874.2229434002215,483.9377293364666,133.31259573114156
3809.28568817343,1794.924939049929,560.86122186575,300.6442034762594,80.59410403197757
3833.129954005004,1985.6435441684598,686.697468307928,407.09771778242384,120.10340216627328
5758.953614465942,2540.4605203046603,747.6563322987417,381.74464766200344,96.13837499378185
1.2956663500517605e-08,2.514037370557689e-12,3.293375362051527e-16,7.303599902276201e-20,8.070769082092687e-24
0.0061451700474036966,0.016915536318158855,0.030564653668764652,0.09520452959556533,0.13471428336899702
799.4676665287407,424.8344473535518,150.97746714967158,93.81331746820695,29.64287267295728
3024.0024270596728,1277.844930206366,362.5875626964591,175.80615187064583,42.1763899304722
4471.523129224889,2395.36489367379,854.7550885542215,526.7544586494917,162.40314466706164
4093.4696061581576,1935.9933286200678,607.9141609610645,326.97043587812954,87.5690194841511
3128.975878833847,1344.0194533795268,386.04130063548433,187.75761231333843,44.48927412797394
1.2956663500517605e-08,2.514037370557689e-12,3.293375362051527e-16,7.303599902276201e-20,8.070769082092687e-24
5015.107859105697,2203.3383881492427,646.8159892434887,320.71065176692787,78.27495297500053
1353.6169914785212,442.8381691258343,96.40851004971843,36.492340454679386,6.918388238620509
1081.7559809315471,369.9448721291105,82.58211074280555,31.7688053087296,5.899720129352985
1.2956663500517605e-08,6.507889477516198e-10,5.519222919819863e-07,0.0010510634871561308,0.9979056584846576
1.2956663500517605e-08,2.514037370557689e-12,3.293375362051527e-16,7.303599902276201e-20,8.070769082092687e-24
879.397100454515,333.4178641285458,84.56085513866937,36.51406720711161,7.560737668391601
1416.8963143336302,587.5498288501292,163.57110253435164,80.7831697135423,19.486709056112574
3757.6048654377214,1871.789205121971,623.5595356145361,359.0795678602503,102.73621052077236
7139.186687257894,5013.05928825704,2355.1278731903117,1910.7644178563783,773.9633891473804
1.2956663500517605e-08,2.514037370557689e-12,3.293375362051527e-16,7.303599902276201e-20,8.070769082092687e-24
3360.4177599351788,1532.2802307166191,466.76238606889757,245.3609734678029,63.483578113472085
1.2956663500517605e-08,2.514037370557689e-12,3.293375362051527e-16,7.303599902276201e-20,8.070769082092687e-24
12.29871478546425,0.002342472532233969,5.965396571776421e-07,0.0006384354311824672,6.924220147457412e-08
1.2956663500517605e-08,2.514037370557689e-12,3.293375362051527e-16,7.303599902276201e-20,8.070769082092687e-24
1.2956663500517605e-08,2.514037370557689e-12,3.293375362051527e-16,7.303599902276201e-20,8.070769082092687e-24
12.29871478546425,0.002342472532233969,5.965396571776421e-07,0.0006384354311824672,6.924220147457412e-08
4732.981933199475,2024.3708806941358,576.3675194991786,281.1667933099844,68.2814737291789
3746.0577661193115,1932.2821569051237,662.2516195541509,391.01744098073186,114.3774174636147
1.2956663500517605e-08,2.514037370557689e-12,3.293375362051527e-16,7.303599902276201e-20,8.070769082092687e-24
1.2956663500517605e-08,2.514037370557689e-12,3.293375362051527e-16,7.303599902276201e-20,8.070769082092687e-24
4375.668790884644,2048.9126969885724,643.5630372994552,345.889946332196,92.02753587470308
1.2956663500517605e-08,2.514037370557689e-12,3.293375362051527e-16,7.303599902276201e-20,8.070769082092687e-24
1.2956663500517605e-08,2.514037370557689e-12,3.293375362051527e-16,7.303599902276201e-20,8.070769082092687e-24
1.2956663500517605e-08,2.514037370557689e-12,3.293375362051527e-16,7.303599902276201e-20,8.070769082092687e-24
1.2956663500517605e-08,2.514037370557689e-12,3.293375362051527e-16,7.303599902276201e-20,8.070769082092687e-24
0.023067931603896637,0.08090555622242028,0.18618643756508635,0.7153962318553237,1.3664815721425745
12.298637831048211,0.002342132948950941,3.011320919645189e-07,6.554337009303209e-11,7.108576710566713e-15
12.29923982930776,0.002373824840932745,0.0004931308639874507,0.0006545155992289454,7.098619339801269e-08
15.242754251647742,2.5700025724533426,0.2958949312198578,0.05459561762739007,0.005043529738943455
1.2956663500517605e-08,2.514037370557689e-12,3.293375362051527e-16,7.303599902276201e-20,8.070769082092687e-24
1.2956663500517605e-08,2.514037370557689e-12,3.293375362051527e-16,7.303599902276201e-20,8.070769082092687e-24
1.2956663500517605e-08,2.514037370557689e-12,3.293375362051527e-16,7.303599902276201e-20,8.070769082092687e-24
1.2956663500517605e-08,2.514037370557689e-12,3.293375362051527e-16,7.303599902276201e-20,8.070769082092687e-24
1.2956663500517605e-08,2.514037370557689e-12,3.293375362051527e-16,7.303599902276201e-20,8.070769082092687e-24
1.2956663500517605e-08,2.514037370557689e-12,3.293375362051527e-16,7.303599902276201e-20,8.070769082092687e-24
1.2956663500517605e-08,2.514037370557689e-12,3.293375362051527e-16,7.303599902276201e-20,8.070769082092687e-24
1.2956663500517605e-08,2.514037370557689e-12,3.293375362051527e-16,7.303599902276201e-20,8.070769082092687e-24
1.2956663500517605e-08,2.514037370557689e-12,3.293375362051527e-16,7.303599902276201e-20,8.070769082092687e-24
1.2956663500517605e-08,2.514037370557689e-12,3.293375362051527e-16,7.303599902276201e-20,8.070769082092687e-24
1.2956663500517605e-08,2.514037370557689e-12,3.293375362051527e-16,7.303599902276201e-20,8.070769082092687e-24
1.2956663500517605e-08,2.514037370557689e-12,3.293375362051527e-16,7.303599902276201e-20,8.070769082092687e-24
1.2956663500517605e-08,2.514037370557689e-12,3.293375362051527e-16,7.303599902276201e-20,8.070769082092687e-24
1.2956663500517605e-08,2.514037370557689e-12,3.293375362051527e-16,7.303599902276201e-20,8.070769082092687e-24
1.2956663500517605e-08,2.514037370557689e-12,3.293375362051527e-16,7.303599902276201e-20,8.070769082092687e-24
1.2956663500517605e-08,2.514037370557689e-12,3.293375362051527e-16,7.303599902276201e-20,8.070769082092687e-24
1.2956663500517605e-08,2.514037370557689e-12,3.293375362051527e-16,7.303599902276201e-20,8.070769082092687e-24
1.2956663500517605e-08,2.514037370557689e-12,3.293375362051527e-16,7.303599902276201e-20,8.070769082092687e-24
1.2956663500517605e-08,2.514037370557689e-12,3.293375362051527e-16,7.303599902276201e-20,8.070769082092687e-24
188.54035090538198,74.89647702669545,20.009064597845573,9.089606252748714,2.1021293440337083
345.3527549709107,153.98835832152892,46.59855183437805,24.471425432378823,6.6037515758082845
245.50326202056527,42.212138739607575,4.644789366336589,0.8665295211043147,0.0809432051643652
331.33371358463626,210.10912078981414,89.69602719564966,66.52103060501523,24.683374448513646
28324.139803429967,41239.10928920831,40224.83439733399,67928.78337751348,57186.16052204298
17660.972872592676,25266.176956613326,24169.124759034807,40004.71652523784,32967.45378862556
192.4482845345887,54.17458247220857,10.001687643315117,3.0464739630477746,0.4660558150599773
5609.86947750389,2346.8374774922763,657.5928850060089,316.644298587202,76.03711219645187
430.8528855476339,280.1875169259489,122.99871569992162,94.00243138355368,35.632546575586225
187.29928580797008,67.9949970767181,16.4274349020975,6.534160885096884,1.3751311322049733
291.9554617826524,297.83809016549884,204.7459049415238,243.54147588818108,144.16716421988576
523.5881310163188,389.7649886987528,193.55564197713116,165.44024626646353,70.65427302711961
10272.036951112059,3906.085597599081,1006.2333883354023,459.7397307849909,106.61865626681377
503.14561534363804,218.83687927271959,63.53963554351099,31.711828700142817,8.366317342004736
921.0020801652269,531.1624552130593,205.55055674468883,138.24435832645037,45.78635877435117
230.21125740090866,104.2164817064463,32.232498185272306,16.881318637797225,4.1994654177884065
6679.71618588544,1867.7109268942152,353.2135810575434,118.12687516933157,20.58160054136517
7745.918484209576,3467.211245497756,1040.52932983067,540.3982080301794,139.79342957312582
3800.0229738100793,2730.4126301782467,1311.917103438116,1086.3332714910475,448.2006309313808
199.87664231700893,69.13143420046053,15.876451012156435,5.936168429179669,1.1167678564385395
1690.6529870293716,444.43237182213323,77.5891398577021,23.30565178435667,3.34446556621294
4850.255196800479,2338.1319537033323,753.8807231749547,417.765333546227,115.94403490963921
7343.929718497046,3050.751503534021,851.38663635987,411.696189880426,100.24138157671031
5554.649625854936,2646.7410993997564,842.1807079095063,461.3871606729237,125.9893681652788
5626.690280165876,2175.3618319347647,564.7542170374863,253.63151506377548,56.41835868702201
325.90389768717387,140.76249825286038,41.41293664018107,20.581206009686753,5.0416767766002915
301.0080233179689,120.45683191357183,31.774264307831135,15.306203400474677,3.6336787347441195
4881.078085664181,2147.2210321858042,632.3103821991987,322.48495023851615,82.85882514986923
4640.473941627234,2690.1171597110438,1045.0897371398219,703.5149512069203,236.59967841596753
214.6052288021569,61.24027940779847,11.334631040914198,3.8140743184574095,0.6921807348664095
245.5364536792638,70.7202400950068,13.705530778224958,4.849434033182277,0.8118304290815482
189.19867325684615,9.954970449278765,0.38175137032911877,0.041420872629851876,0.0035992949270445655
126.33191138333413,9.224020937719985,0.43584238475322423,0.03669535575120499,0.004047975777583231
238.60821629564643,78.25569614343826,17.268644933527597,6.923690791073206,1.3474997389378212
3821.914142754253,1848.2785575123642,594.566526747283,328.93720131130027,91.3729921179812
5980.977260645479,2532.301778372725,717.5125950589984,351.31216129482,86.50494956852091
326.35269787286785,7.583008773202769,0.11434011665339429,0.0033629237150311583,0.0018001197126292408
158.1438606516317,15.200367563554076,0.9769508365673583,0.10811683732370021,0.01238514814310611
5374.397175859483,2533.890509957698,800.7720112936491,432.93606821873004,117.49103483890104
17642.941977067672,8450.942463791855,2705.988209044766,1495.1430377104866,411.0427488694227
175.5806075801707,76.98753537122734,22.78355047350424,11.557499426463291,2.9272170808643008
511.4759631514678,43.05070588726694,2.4689697321426394,0.22778722947823118,0.010496857528992437
4294.525514821175,1971.378478331663,605.6480249258317,319.98142992170057,84.31390165897052
5182.451411101304,1766.9453664488358,401.5067697835016,156.73953152505803,30.429594020183984
182.58061502509742,69.60263982677638,17.71280060633055,7.852897840086271,1.7704516456062922
166.54082829737945,90.2598950916285,33.19791169038193,21.201877378068264,6.314515605113771
219.39625280974735,19.200108847634134,1.0854788954409869,0.10733221786932125,0.009402352451020042
8011.1867732650235,3597.9521908281918,1081.9153143537756,560.8168564025052,147.05957975417058
6145.763573765589,2636.1579587385354,756.628381204616,377.03138607552137,94.04921950950656
249.3577149587461,56.02107924922897,8.275079567366845,2.2154281908452287,0.3195438870106004
5979.981846147088,2530.3634298287257,719.112420078994,356.71735032720466,88.53298717469653
113.23958939261814,27.544606236642927,4.521789300459081,1.198630500382543,0.15941472859459163
5010.484652755887,1609.733092149739,344.5282539404892,125.27863097669145,22.93522377212845
1046.4726000742785,315.6123070329134,64.3285358050144,22.654339412095112,4.344320282232662
1265.0087706289046,601.2711600187283,189.61732392276045,103.73652768124894,28.0242890516664
3429.13011781777,1637.117358064983,522.1617861065414,289.0500795649048,79.68111617000586
1084.5798971914533,782.2929762251687,376.9897103997282,313.8130277641517,128.40406757963262
220.31971224295677,119.88816515460022,43.29830890300182,26.396456507166214,8.13099666755261
901.2110409599403,628.1153482610686,293.8127302441065,237.62209228603092,94.92700852285648
3650.8850146818518,1349.23593754537,335.7030819084219,144.08998053761206,31.350134418012473
5075.625579600725,2321.790862862346,709.2559373666893,373.3656767733543,98.11023827463526
813.2006562225314,323.0408183133931,85.07422038372373,39.610566299621325,9.421900940770186
238.53179861297835,57.790238868690864,9.620993261535688,3.0654403557322283,0.507114128646153
933.8890579776414,347.22255497210807,86.86516419808888,37.57487328513995,8.00243762297692
1078.5171178671203,563.7115205047301,196.73720534215198,118.55537444093798,35.841262873936124
990.2838800997213,427.7371897844025,124.34632129847378,63.06679188924201,15.628003417254208
932.7392356151911,544.6580866739114,212.44634616509714,143.09666900697084,48.72303038103727
300.76838930203553,93.50143683822428,19.53935132388887,7.468130847372731,1.3571881298002502
1082.739699053404,511.5992726909838,160.5924881774962,86.6192628376441,23.287550409446663
4908.938733677054,2399.655889950788,784.1303824665839,438.50607136469563,120.17728799656905
1655.7174297278302,811.8895805676627,264.72419275516273,149.35177862361667,41.073545660786756
7430.661027560715,3351.209838091053,1010.4743017447639,530.4393884752695,138.47358113984401
4547.274638634666,1953.0131814429412,561.2281806558713,276.60336341250024,67.48309864979166
2938.3556508720585,1173.142355910647,312.5266053797098,143.23536514221226,32.64978803694419
4837.571080322405,1999.2413189041488,551.1502500093899,262.46641190436907,62.741127983910374
224.19920914497823,32.85842921678541,3.20303771635479,0.6789261379855256,0.05452972668764562
4951.269338343907,2129.0969775836274,613.3666613413426,306.0005390755222,76.2479188977251
3106.877573231284,1538.787345215965,508.17241387330444,289.36679494026487,81.9985743161739
4849.8653174605,2258.622628574437,707.6990596660265,381.8885281046443,102.96179368478644
375.7287727982141,170.7771815914867,52.07713810355838,26.1162663180333,7.0212541034920735
4253.086807534075,1858.0589728888262,543.3588232461254,276.91700232456844,70.61443428380709
261.39877403948293,98.29880814556282,24.79857384493871,10.709723263170941,2.2021424723189282
2245.630530807315,939.2841660793816,262.1856812355093,127.38344516592507,31.094669688793722
2674.323954463869,858.472537523458,185.55477391445282,69.12398844683263,12.749950297542483
237.16296527777445,29.586715373063257,2.475774829920566,0.41398345284083377,0.02828965269916103
357.3052917969225,64.97905494417766,7.932077013973999,1.6876179001129292,0.1679592717171838
6391.686311704306,2862.429352174662,853.1514524939212,440.8670854560834,114.1115915515316
3916.7507662351586,1820.3398692872593,563.9776681667093,303.7461519460631,80.76568310529812
3221.3729732925544,1141.2350290432562,272.2261331351026,113.28670425741788,23.709669449724228
591.3900356611653,54.03027892959679,3.1850184015541796,0.3240578249311849,0.02324155802430403
4344.346554734872,2008.7136654518672,620.0915336442978,331.6259756643738,88.6301418607026
1938.9434921863287,908.2381035164206,286.2123845274035,155.33455076422163,41.72840589389555
488.9087568752402,373.0785803940466,191.76097643542417,169.84864448373813,73.95951454537725
3778.114275078716,1470.2502816355561,382.0616499570797,174.2045414446363,39.25157781197368
10556.49550558192,9286.908085549701,5489.969025436513,5643.423839326116,2896.1010727745133
3398.0117618944173,1437.428176716544,404.8011086807466,195.93818370463953,46.85331059729919
316.2403541807915,105.60869739831257,23.337846652111836,8.986011073413929,1.702788661330649
5015.831174468354,2273.2508820896105,688.7232976976006,361.332510271907,94.10867962133035
3880.0747761474295,1333.722178761376,309.42792678805944,123.69350767741108,24.329987403085443
4930.913533370689,2002.2893354125192,541.0918565227611,253.64492824373934,59.772397442679235
225.5423480035971,121.89180931939923,43.91388667240785,26.69858072910794,7.997018319887664
197.45596640965726,43.196336175767215,6.25843454405152,1.6746651442201044,0.26000749290056663
6337.7897475653235,3024.5145989625744,969.6908533379574,538.6711273646607,148.9963372012899
7202.820659189133,3159.977137335058,929.5444162492381,471.4003793186034,119.99161631980125
251.27095747386338,62.31312343706526,10.326720843772517,3.225198281328023,0.43843672257463134
5451.2284126955665,2429.164030955231,722.0066381511097,369.52297891260696,93.86812277806365
4882.847400123798,2394.476385091483,785.1583320530268,446.8311858270475,128.25395296503163
5492.772752475236,2194.0053344624785,589.6920892688646,273.4993160815357,63.82521096267177
103.18724549256511,10.354609708151067,0.6724053883456215,0.07827690570692054,0.010273715699496472
6896.788405542393,2903.1157153250547,818.2235420070007,400.5766954876443,97.704669566169
393.99180084181336,141.65705082390735,33.86676763043844,13.717685963182214,2.8988100037269633
586.0078222945846,192.29272225401988,42.00255005930638,16.453360150938718,3.207520291904453
6669.742191512422,2908.9584722995573,852.9676095315779,431.84724764088054,110.59740069460061
196.04661349521166,50.935054152919115,8.905812594409992,2.686178497982965,0.38210481313083283
4820.641199093907,2775.378021589476,1081.3738935776303,736.614000576385,253.11928921678063
316.9748212188755,68.34920950132715,9.779329651115097,2.5892712294185176,0.33415490653387775
5650.0467345155585,2360.9447842261866,659.345852128206,322.3972008090012,78.8542392475253
5934.116804589973,2917.1658106076534,959.3619253388551,548.8111354627142,156.06201127265706
194.55360105976254,45.37950190005213,6.922313454077369,1.7509076710956932,0.22212926775490177
4964.485701891097,1896.7532480846498,487.59374945077735,218.7916216622626,50.029956188815866
5057.79586353049,2131.7251220748917,603.2191659843415,296.7619576222796,72.39342338086756
456.29422834000644,93.41911840770625,12.982416390158024,3.494079550572083,0.4596197981754892
400.84065917572735,141.65362123152036,33.26190739734887,14.018676915116075,2.7939512014055246
201.86357977326577,53.08505589524071,9.337317706566797,2.79082351034306,0.4010971534997544
318.44114196354366,103.90904693397322,22.530824797758935,8.50202815252372,1.514670986577843
1935.437762127399,659.2696834747807,150.32613239492068,60.132928651590184,11.596237903679043
447.72230426897494,143.0045552737378,30.134824864841853,11.028547727051892,2.081404924250425
4163.462291948493,2008.3721479566561,645.5935654975679,357.12300136655256,99.5290296468101
8321.824490867937,5708.113058028081,2605.739332303126,2055.648188953244,811.0253634444806
7976.240359428998,3192.17060171649,855.2741376007647,397.4411587252982,92.25741859360996
153.9827041392464,35.05658626653119,5.099040720533407,1.2753410387017758,0.1782529743898903
238.5924649272691,84.79983818238482,19.633989451141577,7.750482063163028,1.7283009417948534
5924.915780570918,2483.580820037893,695.1440520988724,338.50462785677456,80.82139466772836
4466.588505978739,1572.6560498816393,369.44370198164773,148.31915747724054,29.71804237778237
5201.939377252234,2446.0194454319376,770.1691292723633,419.5492412451086,113.10028890545091
4489.581567762392,1689.679817134562,426.40820694115894,186.73139631593176,40.87596996809402
253.30259872236047,55.40654429502767,8.04801997190359,2.0174187355891546,0.24099893599695182
4726.012851915925,2216.3854996736923,694.6157709150403,374.83709147358604,100.03026819114638
522.4105596245113,221.18328854669463,62.718417540189684,31.436186240190125,8.243557084102756
347.48417389419296,122.93439204827204,28.24677235424696,11.172672618542817,2.1428200879125363
5705.046913556812,1987.5616592036786,462.8980980469838,185.50670375466385,37.50568727903129
185.17309506573426,64.32681658595004,14.618991329339767,5.9769533332390425,1.1305690569848041
173.7472858801585,79.82683548268156,24.665254230662264,13.541892383969346,3.7541488166509054
188.7887994048375,87.26326063703057,26.465422797783347,14.194300114605978,3.567713062859754
6047.924846929079,2236.0251401700502,552.8820225977346,237.01587638248307,50.90830408812884
4461.714632989234,1920.5654683165646,551.1668271098196,273.6501753013558,67.97205832087673
3555.8011726400355,1526.0470653012565,438.5362956886906,220.3943608502047,55.97823882107362
262.5003216833716,48.061952363493724,6.022127262399545,1.4625385521224596,0.19415949321129872
4326.992091492159,1911.177367389504,563.7819253925114,288.8105297987879,75.0350318500247
204.41761059969127,0.9872114798447851,0.0030899889811287053,1.6373506939355447e-05,4.3238004286317704e-08
4202.886948232637,1693.351127571586,453.90943210016235,212.1256220430805,49.86353429375895
3068.0502563853374,1285.0042844869492,359.65162626961325,175.17172446482124,41.91516790702842
8159.482793235215,3872.244927222329,1233.5875445260283,686.1115514113851,190.6474032708784
157.72886299142553,31.42106660025311,4.3065925574667405,0.9560196646987145,0.12160253963845809
1072.734040409639,470.0355345101123,138.51658770215337,71.85865699665955,18.480372419173214
935.4318198725662,373.12038509154763,99.3206787039728,45.96439603992898,10.302139308571622
7351.515740242899,3035.591535759895,841.3672381179179,404.86230770971133,95.5531774240485
160.05821072594333,45.96858840349922,8.47480570635128,2.770007984618244,0.4312893417723203
5892.1108243848375,2622.287909097131,780.3565860929399,398.65872923721133,101.35237358381983
5143.322209647435,2212.1507079824532,638.4796962272057,319.4624150144717,78.72747212814525
2926.010702673941,1123.218124424758,287.18597661421296,126.4221030040645,28.075708863423525
5939.708286137226,2376.9015431613198,637.4644119293929,298.95570530599764,70.72146592257434
4255.094773779688,1967.7305363612802,605.7297575832075,319.74596467188024,85.42064394438917
4006.5155842807376,1411.2771579651596,333.99486742703164,139.4401304802357,28.791149370988123
28.22630549581137,0.00537537254426658,6.911209630813912e-07,1.5042699954953227e-10,1.631472205534201e-14
4052.713044247953,1747.5183535953909,504.18921486484055,250.803217921942,60.42118200860118
290.7621285224688,204.4089283165742,95.75248166645036,77.27156303725282,31.78616329646525
127.25324155926408,72.18918326945827,27.6728204846647,18.48171202255232,6.1997462362337155
3593.5668724170537,1051.5636380301617,205.47794943587712,68.65118508012799,10.9753216302132
2372.2106348685816,654.7531949807137,119.92497520630279,37.206795387669445,5.601429849289534
5801.805353171458,2574.292181216674,760.8456500552466,389.5119553767334,98.72920347500114
224.5616603023846,99.62101550887759,30.197808669853192,16.16315040949512,3.953625273113298
370.85595848014503,161.71413174572697,46.26569431320715,22.5088322402489,5.323113911372355
4342.219703413393,1902.7392915981663,558.3066944641528,283.0094412984702,72.20481279841331
4540.028726467671,2062.376936250288,627.3883420294424,330.0169587836865,85.68841561675428
175.7215309767468,42.60840056796091,7.161941202922591,2.1458400279103196,0.28686979885917474
7824.02413564902,3897.4827969547414,1302.5443552807387,751.5252037120517,215.7118247270922
3715.680800206301,1466.3918992155243,387.5364022657112,177.61324832694788,39.774234678197686
187.8841967811878,38.12251700342239,5.176897560456533,1.3599915884908917,0.15128754997308136
169.7031249568085,8.597662175101139,0.3370067700501161,0.01883255606347198,0.0005251544603271471
4857.438835320669,2037.848083769677,573.8511569237863,282.1488947506107,69.22528212568325
7245.859757268694,3174.1767658289805,930.6471307348421,474.22370689999104,121.4259180031064
377.3850765970178,140.65621347990592,35.02999906651011,14.720851932619238,3.2339073264155327
157.56199695714793,93.03712051236099,36.86457899870756,25.0343745256493,8.474162236948812
940.3540148961868,606.6086049651333,263.0851093000346,197.50107520843144,74.63167072425323
5377.75603034631,2419.9489774596937,730.3092067332601,378.92394254697155,97.3254195700302
4444.856142856312,2126.80637045863,681.7860681380605,377.82565311046346,104.2461426223255
4034.7113396978134,1877.1880349013156,580.4808990162039,309.3086363526406,81.47585141893842
5291.185945912439,1942.267704448588,476.35484211314485,202.6791624420032,42.21672909090694
3738.973739758793,811.2887432671525,118.54395514326673,29.37276594606093,3.488088895094195
508.80535340922563,356.7411360577058,168.7136333655673,136.92104706257953,56.03112502657802
4862.27330965903,2258.5289404880527,702.6289040014659,375.7588118403136,98.90888723934772
249.78206791083392,96.6274345727371,24.894969776510194,10.970832175437604,2.4528499449305596
235.72871509805904,22.951683238471432,1.602055953618745,0.22696719024308903,0.012170197151139147
431.6918760228298,127.99756867596555,24.8268011677677,8.041384068479886,1.3785488912464965
466.3079005735371,141.39569399020175,28.7015971513354,9.906424843276103,1.641629126500244
5242.005930072215,2444.358732652436,762.3969276047588,409.7437051164301,109.68093619905707
12998.13633118068,7739.141441647784,3082.035387073834,2131.5012027575813,730.8503685283325
5413.298294380042,2215.466515761142,606.1364527410997,287.5875191857529,67.91426183444372
3953.921046066599,1356.7320302295195,311.561073381688,124.54320512306624,24.377484208447992
163.08200967992494,45.69814901489064,8.561677903864993,2.7262576439050235,0.4174212127073563
4426.613655780358,1745.318313141136,459.746188072166,208.98226948626606,47.492457860364546
4548.981110303624,1893.0863601465755,525.6858191891042,253.1417742146938,59.94976297403366
742.1713765007188,223.51176724936346,44.86280587810801,15.464271302556199,2.5435381010398124
5253.9665019289,2144.7055588564185,589.0140067863057,281.46164034245544,65.34934598276331
5808.899100680221,2291.113915603946,605.9357127608779,275.22250615438793,63.50832615952931
5692.012814706584,2528.7539657177913,751.5590831788547,385.29300296522734,98.17101091774116
4501.5588601131685,1867.7978452779146,516.3934285299156,247.62150930938776,58.37384514963639
3675.697685615853,1505.203573412043,412.6116980545323,194.4195994895022,44.27176400396209
5113.647164682594,2451.8705337972738,787.1909624784487,435.787027269455,121.68580896423452
2026.412677685448,484.87618106379244,76.50289095008628,19.87216320095618,2.5895259031533024
5892.105840747899,4128.802102767083,1937.5989602654417,1573.619428179476,637.2499115893586
4496.831215582296,2143.550115592963,681.780043217335,376.530352872169,104.69202728283594
441.55775681786497,478.7342516081515,347.99518947391715,433.4129042653913,269.78897923561686
3313.7415820955416,1391.610528809534,391.82357701456704,191.6473702806564,47.456163095499946
285.0112948496733,111.93956808754986,29.689892990725443,12.912397476628273,2.8570282344011604
156.3502258978373,33.76598668447921,4.6471655084796355,1.0849929309932294,0.12699185547821212
194.85233735782504,4.686234362722833,0.07295739721991215,0.0019231156098759809,2.5276501312915916e-05
234.014122189294,74.98830787484484,16.389339367906597,6.3554497953792435,1.2890296995979678
4769.073892208563,1815.9019544112032,461.08871277589446,204.84168913865068,44.77834418262295
1970.0113728143901,478.98993774794775,76.04843017289205,20.933692704796943,2.8557032046525315
288.80756182272523,79.28792415923554,14.206530806563682,4.720230885452034,0.7827210572867469
4555.579424629448,1674.8467619155283,413.0623060014188,174.99510474800206,37.18901340949759
286.99862868380205,209.83079595877408,102.12862684642833,86.39399322638108,35.992588293098876
3961.7306459894207,1164.338723797601,229.04423674697088,77.69362693986682,13.241556559734677
179.05510041299817,49.2715666906075,9.050043137064394,2.935474405968346,0.4764077998405562
210.46529798028297,73.39594418477971,16.910183106362147,7.332466446555847,1.4866919312382014
97.8404768698237,52.68083968417882,19.065003871000023,12.242990725911799,3.6170453321780727
3256.431630776271,1423.6841985132182,414.8093022098944,207.35795601974064,51.56322994400676
226.234366060612,42.00510695776005,4.984755140343928,1.0031052607977142,0.10111014170166026
2973.011319647282,1448.9022686763592,474.0599407524212,267.66262836228066,75.65154000286854
183.6492550579866,105.341275005699,40.66317653731866,26.51767981683831,8.646187797174221
546.4686098798247,227.62858246936466,63.39278833934524,30.06830245682875,7.291823923061524
223.8655348507361,86.00043929813296,21.862399828176663,9.575193615859225,2.152065629122495
205.48455862678082,57.18726700109927,10.865501485227835,3.7988057869244543,0.6218090828387595
2947.7375385476566,1253.3763993790815,355.8596099049519,175.30080074065756,42.639609512809876
547.3066181776733,243.0993819912533,72.44699366527345,38.52201964073116,10.176854673227682
3676.239977283895,1493.9173578136408,407.27676568561486,192.57678244031965,44.78273441556243
377.18660570896753,106.55993755195776,19.75028732688913,6.355429115116995,0.9775916002635777
373.15682185987515,57.820275957013145,6.059218063478321,1.077815565400164,0.14951572271276417
5344.292183619466,1686.3981214450685,354.82778919418394,129.69002965911469,24.0148988372872
200.51608035164926,78.7089127301763,20.696416208587014,9.404281523416042,2.018624086319647
842.0345355848106,346.8808461763123,94.90064748510734,43.979916134272514,10.028570313887142
1400.1464700456822,487.4857485006707,113.68908471192964,45.82711502703097,9.2118656141436
1462.7779539135452,576.7868603221742,152.05304620143278,70.80477619824298,16.985040853458035
258.7721001836699,133.7613823340691,46.172269204619326,27.104421593354484,8.18491579208391
684.9162250750302,323.0751785522709,102.68252052051984,55.13070599944669,14.65825790253564
201.57654766249613,41.37783471088007,5.622640271820478,1.2558486145687393,0.14058208354593052
767.6965843052496,177.88273649219943,27.264327845517958,6.864381395688133,0.8668129134334195
295.4420248735539,31.59695271206863,2.2645629232478144,0.27136299354233523,0.022913271419667026
168.78165972153715,22.37937170554315,1.9605552001760804,0.2942440923949195,0.033081088247055565
394.1013675839363,35.434720892332926,2.060340456247088,0.2125227908743414,0.023369335741062095
5575.242764395529,2479.4991307902915,741.7832739628756,383.42550125602605,99.39347553040443
3059.741662342615,1180.3109740274695,305.8288035525226,136.97956625742555,29.47599964415865
291.277164731473,125.46492901004851,36.53314425877119,18.556230819553857,4.677695229961973
178.93674653226927,83.1974334975771,25.922515731569074,13.497912161481231,3.7154357374401714
4155.216046867012,1603.8064868129156,413.41165599511686,184.10287721354084,40.76936305734124
4553.765934323399,1849.0334136833983,506.28171311980634,241.18232827802564,58.06382269661423
5022.817744597603,2128.2773091008135,604.5652270133319,296.5661492647094,72.50502262187335
5006.423035659701,2151.8113850432132,620.6151749237908,309.5036591936237,76.89988768366082
311.301451518389,107.11712558552634,24.576777417107426,9.379342651100892,1.7594287892869138
6910.632997652206,3079.3501939534017,924.9414753005447,479.110416943511,123.83550575492792
307.6323555515334,151.626025882746,49.943607345909356,28.441299489719547,7.800487093141329
199.53785633200877,12.664583843589691,0.5519959664478699,0.03843306039966648,0.001335782344672367
4963.733776210522,1854.8080163210439,463.9119451081412,198.2988428046965,42.3271456193964
4828.659797245238,2188.9253087643856,661.585907175326,344.51461898485303,88.11519495222794
2545.226988664902,963.7398123973445,244.9608342842442,108.56932366460411,23.639454825397088
4705.1441208166325,2035.1555795647814,588.0692289728385,294.18714037510057,73.4763958653758
281.61346022825524,50.81478255497061,6.248012430305655,1.382630477209329,0.17145792212344757
194.88094421793284,64.76846396192549,14.366744275165562,5.224968770570035,0.9968887338555353
311.18599611504953,174.01476105355627,65.36449035070714,42.58930763424572,14.162016712380376
3915.885689408221,1556.462927052936,413.83434970858644,191.0475401325182,44.672345105005554
188.0728976902979,73.56656115364987,19.11579845070132,8.436801578360544,1.8969833465948038
5426.782921552657,2128.820824655921,555.0425995552039,249.1767185306555,55.31875679892594
4757.107433953535,1667.4757182473668,392.88753680531437,158.99019132042633,32.33911636004197
2125.9694597859007,880.3309709797448,244.69664947814653,116.69790474771239,27.463759898882223
73.12818280506384,0.013926414355601024,1.7905432269953888e-06,3.897234486995776e-10,4.2267875866854116e-14
1039.8734717392988,721.8356899537441,335.87264584353153,267.2480084721107,105.48377323204178
314.8261092231732,140.42361277207988,42.20233794015959,21.63115450163139,5.279790044197466
241.37510837920323,52.93918113433331,7.760145278033817,2.1448372062366166,0.2577606389383903
7236.511781777984,3542.694560623937,1159.2988086105474,655.5496785605459,183.64410977895736
5630.693388137459,2403.264409752717,688.9929300379252,340.6137028284277,82.80417877558148
6108.6147576522335,2701.477875881838,797.5331279963507,406.32521423024895,103.33620424496392
6174.276278378459,2938.4916703709964,932.034005669637,509.6074257670942,138.6179566616895
6683.813680728671,3092.5179341091725,955.1709396331595,507.235633735198,132.35589618215138
6198.2495868723645,2764.448520930617,822.5809162379282,418.6768044536431,106.91050703902205
9284.904117933567,3948.361991952028,1122.9129309485018,555.2259552641519,138.49221692898809
6859.650326789835,2872.24048633254,809.8765667747276,392.90527580473065,95.09499644444605
414.303868536405,284.378041004014,129.4186564994702,100.70988577276901,38.53481090940515
5095.916853597754,2128.231599660887,594.6025755469624,287.8232372831201,69.52914551949002
95408.60864325454,245634.94068293725,422438.79405361036,1253897.1550829057,1855917.9195540159
32776.36057877799,45507.047938763855,42280.709968895375,67820.92380337905,54273.98375645976
1535.1752229661615,1275.6963510592143,703.5635276035398,668.0324531605119,316.2219094491279
3643.1820411387325,5442.003397465856,5427.509675995223,9338.243208226115,7999.767351125522
350.0411652410642,277.5088035719119,147.14149113416707,134.12874475120546,60.88946467104383
591.2562838985957,420.8995465756221,199.25421878459545,163.06328329408151,66.12536127363741
350.1769503136048,238.73650438612597,108.71395158734566,86.50676782478179,34.36680646666352
269.45274682833144,84.2201243633768,17.47095566632004,6.417867622032063,1.0957990218950486
338.98194139998657,174.121990433085,59.96254300724013,35.05423993157929,10.156384495699765
122.89794184733395,49.440006212564086,13.121373898939096,6.317106222849132,1.4488965273393342
259.2429178003627,160.86038328216574,66.35220623809502,46.119826426870034,16.344991594154582
342.6857322459692,227.3424094787403,101.75572724928584,78.97298547895407,30.430059786418447
920.5997502057492,491.43703374679853,176.51282719913206,110.01733241644231,34.04408283931453
4063.6303906666226,4435.405068944241,3250.4370022631674,4120.969226839049,2598.26161642778
589.2821571169044,341.32859994687055,133.1033577199116,89.62657563299874,30.55855307728638
518.2847499467358,359.13761870777734,167.60553317178,134.26869396035858,53.01195062215538
169.49163465117135,66.5095794564874,16.988425054104695,7.356167018317239,1.562960487681369
352.4051806964971,242.87080205465773,112.82806883513297,90.46098986125632,36.08243167454666
330.77045337570866,122.28401264845772,29.535318109686656,12.427768976306274,2.6803789626964973
535.5988473753705,346.9530011253236,150.0268512571665,111.49575821802054,41.66672760475455
112.18391878165778,159.11635144275465,152.10383003845172,251.57718015657505,206.71780225119034
412.74855276572526,229.28228555094637,85.02349228112664,53.76372422433349,17.18184028282044
241.14581438474187,101.2423837245791,27.692715969467457,12.743105094032035,2.98232552420659
41345.11164828301,57701.70147632717,53862.6499692244,86837.15298546791,69842.63868918948
365.9667099328603,296.61544359633405,160.66283842884107,150.250068247959,70.0059089553861
5399.499807325295,2347.3526237778315,682.2116526496069,337.9299201395891,85.18007239714045
6746.681087438066,2592.3772199209575,666.8892196757349,298.4639415354934,66.38072895344212
151.23472236842932,54.936432534529445,13.344312919271857,5.794199589537379,1.2656590487912254
96.66584893854005,0.018408889906954242,2.366862876383096e-06,5.151631911902445e-10,5.587257807827482e-14
287.44816684157075,65.7279862244974,9.826260935925195,2.7699411046332982,0.3456417397902416
532.7950089584888,334.3636949028133,140.67550381353823,103.757850552057,38.30306523300085
182.35309064599284,90.09635826356875,29.628942797151463,16.866700354384196,4.656550208715339
5006.349449939723,2230.9361915648847,666.8140353335049,346.02389777090184,89.63679900080766
361.24095511885116,74.91472854841466,10.106715587754453,2.5239847427787425,0.3422448187474936
353.50592405465187,109.72958430894857,22.931631442519606,8.43079137336175,1.6128374893438324
61.71344678020501,0.011752617834954135,1.5167838771751972e-06,7.90679061267792e-08,0.0006442832620079129
5370.20141223318,2110.2149679688005,554.593653898618,254.0675824096798,57.7325822297569
391.91258940216153,143.16912581217278,34.83284354753096,14.743309398382067,3.030403259092612
251.1451741590476,65.20770979985473,11.286082557242121,3.1841142187803424,0.45091577836173435
4571.4894051881265,1580.726928670351,365.27298534341634,147.48860615538405,29.65087576199271
254.07800147281566,55.675934127586274,7.8288683732312485,1.9270597768282416,0.22926943081622958
440.1452424797366,285.86218307086557,123.62661314798584,92.30348305268596,33.9054650975513
294.78234680966784,113.84112496496142,29.36075445421299,13.61052263984816,3.3031149891991443
254.95291191566693,88.63794538494774,20.550652626844066,7.7981289416185895,1.5396767968624465
8074.052051993849,3417.8604777251653,969.0500142925971,477.59297585555083,117.53822201976591
8096.164768291294,3817.559580722058,1206.090332182593,657.3500543290158,178.40547868089178
463.03723624109216,73.29612868775224,7.761785632939096,1.3415058598773597,0.11605081325446424
192.2623532322434,36.5400821643908,4.806314523148789,1.0010099558935084,0.10444548572703644
187.8503823147202,103.93142642515195,38.52392580124611,24.663089651017216,8.05824417534262
6761.2213140539125,2840.4093166630473,798.2409513203077,388.8403578914013,94.19233666174773
345.82286813506164,36.21459945057506,2.488231135368019,0.3555652041161418,0.028240702743060134
7018.793154933181,3079.222487956857,908.4133455188919,466.956359072288,118.58130344745163
476.129900832247,358.90997727231235,181.1680171682841,157.90005708406227,68.50865792662114
301.3515931107042,145.48085919923736,48.030012631192804,26.404985840592698,7.39135148078234
2413.8738100390697,918.8442208683994,235.63243212135416,102.53688148491652,21.356586071082265
787.8863587304562,383.7125376037402,125.4710589547725,71.15059328910432,19.788316843087586
455.9800311050985,308.11857590876957,139.52501612421887,109.23005098872308,42.42294897559008
458.30128972050875,262.4041819601305,102.14487778006603,69.34247492990508,23.6952319233374
970.9020513362417,509.61140865774956,180.28968720188502,108.55373373065049,33.174192948712154
511.10425988420104,302.55453931453917,120.25167165241453,82.36566507022631,28.48908610729116
210.89431461519712,57.71900087323414,10.295403957630727,3.046584743646752,0.45269002375555467
5563.152812373807,4270.992404148485,2192.9919076048445,1944.4573188337215,859.5567586763011
463.84207127347486,345.159919053275,172.0179422036872,147.63973212462588,63.84816764260726
1142.1436954891903,850.124039396759,422.11615552933443,362.02407768185986,154.4972699328409
3923.4710281554558,5388.368351285527,4958.3734848979575,7873.344828095154,6237.633314372446
308.2411150006836,92.9058532614987,18.288642509483758,6.403289061784057,1.050408806662747
304.7359414588601,122.76709698771425,33.284884631934254,15.002989354761112,3.434941724780538
191.38677082959006,19.288366925021705,1.3040833460199024,0.1438303582655799,0.007927114642665175
17585.152276929923,24880.5924634852,23511.56221377775,38373.858610699994,31219.26126268636
342.76643654427016,286.3758331341008,159.77886806988226,155.66403171366457,76.3352019875202
444.8649803634825,222.3393614990085,74.74412460379236,44.83168934056266,13.487183548898766
1.2956663500517605e-08,2.514037370557689e-12,3.293375362051527e-16,7.303599902276201e-20,8.070769082092687e-24
272.005383938945,77.75731802380227,14.549928900565353,4.497740292604643,0.6983860532416669
841.704007134729,574.6206581868863,262.8269669398367,205.27263438437515,80.18397241669197
455.1902968626074,286.11659801575746,119.96668401786042,87.76242619166185,31.206596621864858
115.13025806621206,12.801144715783861,0.95416733829528,0.17719254841597257,0.010806766550748002
501.47762371173957,324.2292684951098,141.2646156996618,106.69705498788832,40.32079709724061
939.6232686830307,905.7759704988619,586.0849458552173,652.4367083340511,362.62309331081514
677.6983715541134,274.67552642674747,75.38591341962244,36.26980957400277,8.58940033377096
211.2290953840422,122.441887904472,47.27886751514588,31.697873575590418,10.465835773658945
486.41871182339537,211.2451940757464,61.50797536134981,31.449673093498085,7.997500750297696
392.9857986249291,222.76158606005666,84.77821192235835,56.43999481631617,18.660641496594913
5843.251832680526,5039.497810777017,2916.75597944486,2923.6976483691033,1456.6540626229455
438.19256429656417,289.95900980401643,128.960742022889,99.51564670248044,38.46693144749212
209.86714689224615,130.02445604304427,53.58139953002794,37.67076490400542,13.065874341079462
333.14452747393307,171.2484621830841,59.47249127843376,34.7431955326908,9.766038305292096
936.3087421778079,556.3347006159446,221.5079145494368,153.39548450064976,52.78728872520007
17.506544651305383,0.8717060129846423,0.0280490766162003,0.0015284019202233446,4.15573729556157e-05
15658.729551346685,21641.107847036586,20036.127533528364,32079.23837455478,25564.857834032944
2461.7890102586525,1483.2052572375553,600.0174839676143,423.94434782648574,149.76229570518265
465.254083284344,455.32179903946667,299.23216812428285,339.22075657889,192.1173418105756
35.594127537204294,0.006778488808214861,8.715220526187886e-07,1.8969247703350968e-10,2.0573301655013168e-14
515.5747891336342,284.64903279681096,105.3244737103296,66.26659694326278,20.936623634193328
589.9135737608624,358.5877502734938,146.36281443100222,102.31837726786416,35.32368392340504
354.73260582147196,148.22193216820273,41.193942993679094,19.538019326092204,4.449690273403632
713.9182450129113,476.5586952006367,212.13012082071006,165.02678846393232,64.15160773234014
761.8499025064324,440.12363573555155,169.00431000708008,113.150871147218,38.42625771862322
4340.408898708303,1970.3917247516436,598.3513275206792,312.2726779260635,80.8766884807333
240.3735488588444,155.62856020112335,67.06098203194222,50.1367016431191,18.86479999382446
309.9691653938581,400.66037496526684,346.5156442048009,514.8923294501936,382.8524436415015
2926.0702547760393,4413.242510767184,4454.854047282846,7761.523518482676,6734.419264982682
531.7358516261362,143.5127208575627,25.269325678306146,7.790285329702386,1.269185583016273
950.92825714632,540.5825238603043,205.19312042342463,135.35897115583776,44.222370318927084
651.4315047672817,809.0489202353091,675.0412724229222,974.1122604557752,702.5414528916243
744.5772009215625,409.0829007034868,150.59266166583117,96.60516868734241,31.125066382041084
855.3755010366458,505.9770603033099,202.53550456182953,139.50458818793027,47.844913756513265
1139.1123292846028,670.9849861216977,263.5175767245024,179.13609411702882,60.43038781154319
545.5015663347648,224.17830209285583,62.096598959883025,29.93937007835084,7.103525176501503
293.61733213741405,237.3655475035783,129.72766487290855,121.10062302211931,57.168994888081286
1068.271633923368,620.6406964204435,242.06023405304768,161.08454196542317,54.17540833606964
164.2798414648717,64.30870093704982,16.722056398175525,7.467154401825801,1.593715974169935
489.81110352986786,216.42597868283292,64.1856574795881,33.324135867076336,8.063751517446518
430.9423478599108,278.7713655632349,121.95259053054917,91.2531636444915,34.3168154200562
4288.284012907224,1773.6524571076654,491.9734005921688,239.5478785297051,59.20091552457578
424.9391705707231,278.3554005217931,121.9458475791094,91.98815395002276,34.844397292651784
263.848768205941,35.48389426411752,3.088936725768577,0.48727652289376877,0.03572097178340626
1521.4025010653547,859.8529520069558,322.8126392918997,208.17089300418448,67.02269173348553
567.1346239792053,77.57788663983106,7.047382746146761,1.0525714746134929,0.07863846714350123
424.5681154388522,259.6164280412988,106.75676617561469,76.4779575193574,27.542293387239898
386.3674806827134,427.49939192896113,316.11958034737995,405.8402265889558,260.57908818602476
1292.8955529106781,732.6503929109651,277.703442822483,181.42288598551784,59.60370229652251
419.92488986465963,161.52898848771545,40.89750015200199,18.111208055283733,3.9355374882362386
1.2956663500517605e-08,2.514037370557689e-12,3.293375362051527e-16,7.303599902276201e-20,8.070769082092687e-24
492.73704439743216,314.4000219575741,135.32877111147866,99.81810860052578,36.265598517141875
226.36785598019537,207.8633360752066,127.30111679372351,134.83426187665788,72.13901863825208
7512.17531809678,8936.826717811267,7088.440281276727,9721.764151353684,6636.806806140697
366.8409362630205,140.59796547701052,36.52548281186631,15.996692548095375,3.3594596082785637
4399.237596253308,1828.1450072323437,506.00880085012983,241.1683173697101,57.09349632517423
4412.221684309724,1822.14652128933,501.14587192743846,235.9723010263015,55.87100125474654
328.1608836951851,153.53760516933286,48.94497173541813,26.24340236361872,6.928818398900072
267.7426073074328,141.12142717794887,50.60310227986091,30.73741470485292,9.160659840463884
4522.712227205132,2126.154987691785,668.1371078897664,360.6949474199194,97.4554745900019
399.8303644584878,227.78060835354853,86.89567145956978,58.29434155681927,19.362371166576636
4268.014538496531,2084.25047482252,678.8495130447108,378.91647404242553,105.0280325449882
137.83010866031324,191.09631058241735,177.67818918420073,287.872619122699,231.20800521847448
484.7877717816215,342.6840965097616,163.76774318106007,135.98020571121873,56.533569216362004
2811.865713766287,987.7585194449703,232.7672586625209,94.8528447195177,19.296561959855552
4324.944978369806,1769.844046996608,484.8124336880839,230.6871747352587,55.056571955366465
319.9078908993418,154.02610151540574,49.601102373000764,28.107679965337496,7.8109804605121385
3116.781702163925,4423.659575810531,4196.355641064141,6886.109282834481,5618.412462273795
13979.052085960247,19522.09739015184,18265.99819308113,29590.967741270535,23888.132055810187
4890.118190040991,2156.7460707703617,634.3566456730109,324.24927320876606,82.2461884924747
348.0400747965609,134.8191367608645,34.95893370690141,15.686770443855513,3.4564728489559737
384.58661050686936,281.3805304344445,137.43458970790616,116.21016161566412,48.52684836867265
365.71998775857946,166.7741282972166,50.46047004795008,26.607189835530747,7.085620855155723
685.5164139967875,428.72364500815684,179.13384986982015,130.31203341631436,46.52276996077405
166.20133834501166,82.03877812931015,27.320994957487574,16.202996198027282,4.947204687369823
1.2956663500517605e-08,2.514037370557689e-12,3.293375362051527e-16,7.303599902276201e-20,8.070769082092687e-24
11390.748210331907,15080.171462776629,13366.606244496877,20475.86497832383,15644.524465556202
138.214532034343,30.04153815860453,4.160629503633661,0.9775389686672326,0.11514259349351282
718.5819562151273,315.7560443156894,93.5396888440774,48.90274095961507,12.914515702631025
597.9783957703045,391.6442803528724,169.7702214704334,127.77800448987462,47.6235891360317
508938.3015118687,152688.7355928517,30609.995033583265,10618.72015252296,1843.4636016082354
36169.53537646794,7198.188135673084,962.0139856089396,223.591821562819,28.10955321845335
14559.07965236697,433.7648497669112,9.657360159490423,0.4043677580175696,0.0985377185262899
