Fitness_Per_Cycle,Error_Fitness,Cell_Number,Error_Cell_Number,Log_Likelihood_Value,Mean_Fitness,Kappa_Value,Inference_Time
0.8264099792931666,0.004272232528282353,221235.27246733225,326.57153796376866,-34.991129859793396,0.0,2.5,234.62531
0.5927887846050374,0.011232274525141016,64659.47845921426,742.9306396691462,-9.430530858757503,0.46097759626309154,2.5,237.37466
-0.7342041340095957,0.31342916902911844,1825.6278592749657,254.18806572611663,-7.600592190458808,0.794856444789803,2.5,233.14397
-2.488886023872681,6.4294214031262165,48.68333477579212,35.00068331320502,-5.2607472644512905,1.0199351536456747,2.5,
0.34855278271909884,0.7792285210659122,29.71811558062904,24.35990350390951,-4.950736879049454,1.1746204245333087,2.5,
0.554028187782746,0.012185534605790119,61640.204958718205,753.9600345532749,-9.82928037097635,,,
-8.0,73.65284905327584,61.89612449909483,41.06782628499296,-5.45158291627348,,,
-8.0,51.64123447331148,108.2069763085032,57.867833361487094,-5.807277005690784,,,
-8.0,66.20809456876458,65.83016780633955,42.72199610563012,-5.483581464049503,,,
-8.0,64.73170948835873,68.86750097696917,43.97757341505104,-5.515032553568678,,,
-3.239881705956796,9.215890311500159,54.425357947416586,37.7421706584448,-5.345918067238986,,,
-8.0,84.82807936233854,40.10116434910636,30.59413409864579,-5.100139863879375,,,
-8.0,73.72107674639709,53.09558515967222,37.129004285523116,-5.327241334727785,,,
-8.0,67.5829064265123,63.179854893621986,41.625254315388815,-5.454967537820509,,,
-8.0,60.48620574141188,78.87505344170222,47.85343836066276,-5.606394043083147,,,
-8.0,66.65891926403603,64.94311028129287,42.3586060568089,-5.474222711275398,,,
-1.506178601088048,2.9848116355022523,63.959533287323836,41.76410963171289,-5.47390720024403,,,
-1.5591157487320997,3.425424429265096,52.44374156666334,36.61139986794948,-5.324541566760198,,,
-8.0,63.73152567235295,71.04624203756764,44.855115663807396,-5.536352911952414,,,
-8.0,68.36570526113302,71.06423304882459,44.84423709999552,-5.547905950786463,,,
-8.0,65.56432525249676,67.129795021114,43.275075232973116,-5.497301564571196,,,
-8.0,54.53653328555904,97.02225148604285,54.25169659382128,-5.739615946259635,,,
-3.151705913789049,13.018325565503448,24.81092893430336,21.299837578027205,-4.615903411913364,,,
-2.929094339525871,7.491012961272059,58.831369075936635,39.724942325536006,-5.4036799705051735,,,
-3.2229415492994478,7.522602647156888,80.2126157976355,48.33521992355259,-5.617293610644729,,,
-2.5930980012957243,5.742606511767915,77.31028505211647,47.36370926431383,-5.616968425150315,,,
-0.30782829593355177,0.37193735311647647,652.0891203904753,150.73524847928763,-6.8600462726083205,,,
-8.0,58.43692806741265,84.50326867840431,49.918548448519225,-5.6515259353599685,,,
-0.9454181316352848,1.0322128020862114,256.0813155100248,92.8781082959337,-6.349549576452063,,,
-8.0,65.99725254080947,66.25185604907354,42.90278797244351,-5.488196449519931,,,
-8.0,62.225741875188135,74.52545473421468,46.20243681814179,-5.568691617148145,,,
-8.0,87.3680259276983,37.80371715402247,29.329729422895586,-5.048322711407991,,,
-8.0,57.011184370127395,88.79182989260647,51.448479900444134,-5.695245169237705,,,
-4.020300296438321,12.252361851367302,79.2867934201826,48.01763927586692,-5.619745703145299,,,
-8.0,106.75382615894792,25.3194663149031,21.65171960856827,-4.640005803516755,,,
-8.0,88.53802086294854,44.161651702155034,32.76114322030408,-5.19354194512212,,,
-8.0,83.4293448026195,41.457224690863214,31.32536806325389,-5.128896864997601,,,
-1.5795578861302566,3.5679017495283407,49.760688170941016,35.429114404533564,-5.283094429451723,,,
-8.0,56.85751364745206,89.2629433319871,51.60290998852576,-5.686782544297024,,,
-8.0,68.28245072107056,61.89074520322927,41.06445771534502,-5.440027750226926,,,
-8.0,78.82099772291282,61.471555301835224,40.87895865849481,-5.4696519072983065,,,
-8.0,72.23905692225294,55.29733010999839,38.147811512329994,-5.35788140276164,,,
-0.5689194301941026,0.21244645315946278,2966.0664536179465,319.5892034378093,-7.9263963053813145,,,
-2.585009261756656,5.766259064327241,67.60746649425455,43.435258194100854,-5.502843864281491,,,
-0.12294266780949004,0.041014534679825417,32966.60606647879,559.2660662751939,-8.975065486505732,,,
-8.0,57.850462599040874,86.22588939510395,50.529161192483365,-5.66463466416718,,,
-4.046258787857862,9.274315787864433,125.01847375968829,62.90787907746964,-5.893909127571187,,,
-0.45374228654046694,0.17838086046551535,3439.7296205791267,344.5338145033358,-7.985048522843442,,,
-8.0,59.52269158645677,81.4489707708823,48.81695869024325,-5.6277288856693515,,,
-0.6349733287167324,0.08871247940451604,20311.4469256782,844.4937813374456,-9.387344512905802,,,
-0.6629620241319008,0.08494492316244306,22855.353166153942,529.1927980987103,-9.7764766484759,,,
-0.5135296697944759,0.17377450619270435,3849.9444262428624,368.6773143986419,-8.74264281151193,,,
-0.3849396848827659,0.16205216292437483,3526.7438269314016,343.3846827249624,-8.315897838435784,,,
-0.18750050265379614,0.15863076257598027,2572.067333281283,298.73644276179874,-7.763372683872948,,,
-0.6253053908033239,0.0842064770483267,22812.51986022881,646.8871897444055,-8.595584590439202,,,
-0.11092820626795888,0.10033666657304097,5337.09896428326,427.23154076181265,-8.002280337298801,,,
-8.0,91.37913001845106,34.55729873528428,27.467512545053996,-4.965761117435008,,,
-8.0,85.59131612935346,39.6417000292415,30.341847826299418,-5.101704836064831,,,
-8.0,126.78534757942393,44.63105333150115,32.98471476062811,-5.340834176321743,,,
-8.0,83.8851436558216,41.00807679202888,31.08423182910301,-5.119488992344797,,,
-8.0,55.77382348708016,93.14950801546053,52.94364425605223,-5.725413584451758,,,
-8.0,95.37742656023134,31.721554715623082,25.770795776453305,-4.882796670585437,,,
-8.0,79.22209780340205,45.978327389792284,33.66690314079953,-5.214538260471774,,,
-3.13676728144204,7.51761058467408,73.2362420035295,45.68294945568001,-5.556986616315335,,,
-8.0,89.0085963802017,36.423074497066864,28.544963143013618,-5.014536016071113,,,
-8.0,83.8851436558216,41.00807679202888,31.08423182910301,-5.119488992344797,,,
-8.0,78.10359724830994,47.304385935445424,34.34144743068207,-5.237660497162126,,,
-8.0,60.16267467005573,79.72523224903323,48.17779242418718,-5.6136067359317945,,,
-0.5365750278051038,0.22860196688636003,2382.5469429306377,286.4722559868511,-7.834649130408228,,,
-8.0,112.74572229300503,22.697049052923933,19.8314186141808,-4.506848407217683,,,
-0.3933819514078247,0.17838691504492984,2919.1704394994917,322.0885401414044,-8.278263973506304,,,
-8.0,57.850462599040874,86.22588939510395,50.529161192483365,-5.66463466416718,,,
-8.0,84.35099360004918,40.556466348844204,30.840377380532296,-5.109905514039681,,,
-8.0,89.58464916731556,35.955749686447945,28.28056512781449,-5.002765284312551,,,
-8.0,78.46310523639454,46.87167044361495,34.12205368701938,-5.230069043217483,,,
-8.0,57.0101557690933,88.78556789440816,51.450856197121254,-5.6836779446343675,,,
-8.0,71.38799116061229,56.623249264271436,38.74924789650839,-5.375413214307892,,,
-8.0,65.14325977191928,68.00018463906761,43.618210536949725,-5.506245065512074,,,
-8.0,86.83251938264209,38.27196151857625,29.5870147837972,-5.05911124413682,,,
-1.0379485303752778,2.5317936765610476,42.03669887833381,31.312450278675747,-5.160929755538381,,,
-8.0,107.8471549142436,24.806717513454387,21.29965851099065,-4.615847139453392,,,
-8.0,69.78604254452073,59.253236116952095,39.919152984851884,-5.408752685039789,,,
-8.0,61.51389957593677,76.26077360130836,46.87184728440369,-5.584113426177099,,,
-8.0,87.3680259276983,37.80371715402247,29.329729422895586,-5.048322711407991,,,
-8.0,99.20559525129289,29.319312221392504,24.26753949731894,-4.801985309335913,,,
-3.311325708229133,13.043971912970889,29.320123448489355,24.269055189043744,-4.802004414442936,,,
-8.0,94.6619680970136,32.201465272599485,26.060219772375508,-4.897570180362732,,,
-3.8097323324848222,13.09319430472613,49.10441720098062,35.223521038273695,-5.26684481120494,,,
-8.0,58.29510067377575,84.91532829192613,50.07556770084564,-5.6548353560248525,,,
-8.0,111.43937435244509,23.23289030776401,20.20903639656553,-4.536194420237836,,,
-8.0,136.62374277588717,15.456291834063089,14.353192666808793,-3.931528123799823,,,
-8.0,87.90130739860366,37.347045442244124,29.0689640676902,-5.0373039582824255,,,
-4.327477353358638,13.132202046103973,83.21108208159208,49.4510481094667,-5.641219560877427,,,
-8.0,57.13890504673867,88.38612477725393,51.30574522289591,-5.680553610539909,,,
-8.0,68.77460399083809,61.00938438826894,40.68383153295799,-5.429816459642834,,,
-1.3393534728183183,3.139919899722322,44.9369024814623,32.96047711031256,-5.205461959713534,,,
-4.2189787477110965,13.126265217705907,74.52933670857226,46.205677077226625,-5.568481321803211,,,
-8.0,53.48372718449996,100.88033618501392,55.545528813244196,-5.764083511971024,,,
-8.0,77.72877497669246,47.76222708964255,34.567880365797045,-5.2451404093227385,,,
-4.252117736586426,13.174792069133911,76.7165091623851,47.03947885459465,-5.5876770134890394,,,
-8.0,63.438658670237245,86.22915512099239,50.53727787620764,-5.687754923147381,,,
-4.389872079163869,13.113911122893107,88.8413488129876,51.45196127704189,-5.683410267313011,,,
-8.0,59.67870610065536,81.02373691354595,48.657757618958264,-5.624235347987586,,,
-8.0,82.52399745925284,42.37180968443291,31.80864777979009,-5.147210184389108,,,
-8.0,48.643450545093195,121.95518366964038,62.02889368070653,-5.879691182313976,,,
-8.0,64.52566859958488,69.30740613461644,44.15025939341958,-5.519369451666162,,,
-2.009810254054552,5.164953754653112,42.310120287988916,31.7338135358914,-5.149923619372645,,,
-8.0,51.03495063480071,110.79426532830874,58.67111835403591,-5.821675168313889,,,
-8.0,56.45447202728969,90.54270685366318,52.056571216803704,-5.695983352031646,,,
-8.0,82.52399745925284,42.37180968443291,31.80864777979009,-5.147210184389108,,,
-8.0,74.65888168264634,51.7704102588283,36.50724666250132,-5.307926853559707,,,
-8.0,99.20559525129289,29.319312221392504,24.26753949731894,-4.801985309335913,,,
-8.0,74.9849876083919,51.321390027756905,36.29027490442912,-5.301321711399293,,,
-8.0,58.86813705224565,83.63381745556501,49.605779229310805,-5.656360531791889,,,
-3.0437206977978444,12.998077812147008,22.144322536773814,19.446367079146526,-4.475938408780364,,,
-8.0,75.97555456913332,49.99149699949459,35.64930366705878,-5.280974539162045,,,
-3.343000878652159,9.229907453728533,60.580153429094906,40.4956541357135,-5.424656187744205,,,
-8.0,75.65082846311144,50.42165949366397,35.86738612283558,-5.287847934910743,,,
-8.0,85.31852282622366,39.64163518428754,30.34449477088237,-5.090185127516185,,,
-8.0,82.77392636778042,42.3764387674848,31.80966213072119,-5.158729903388551,,,
-8.0,69.78604254452073,59.253236116952095,39.919152984851884,-5.408752685039789,,,
-8.0,47.64164394020299,127.13818462733938,63.542598550517496,-5.904359635746573,,,
-8.0,48.89505059414483,120.70384056941691,61.64937301603518,-5.873329408839281,,,
-0.2358583772901023,0.7450827261829982,135.55182722756854,65.20919260933191,-6.041210631205505,,,
-8.0,85.31852282622366,39.64163518428754,30.34449477088237,-5.090185127516185,,,
-8.0,56.187208497252485,91.40587947801866,52.35315134822837,-5.7020248738613954,,,
-1.047157179821826,2.149780675798166,66.95294444075363,42.91824425828319,-5.500856055179139,,,
-7.623104987600742,47.12199043183559,89.1345619908534,51.15603484154847,-5.6778156536086755,,,
-8.0,188.2312714386417,8.14511993881584,8.14509279433337,-2.5049533304620217,,,
-8.0,69.78604254452073,59.253236116952095,39.919152984851884,-5.408752685039789,,,
-8.0,80.412427201595,44.62723513024987,32.981097020598625,-5.190317755415409,,,
-2.7858998833252175,7.474078043864481,50.45638095041375,35.8696783086101,-5.288297199591429,,,
-8.0,68.77460399083809,61.00938438826894,40.68383153295799,-5.429816459642834,,,
-8.0,91.37913001845106,34.55729873528428,27.467512545053996,-4.965761117435008,,,
-8.0,80.412427201595,44.62723513024987,32.981097020598625,-5.190317755415409,,,
-8.0,86.32191017510827,38.72523767645976,29.836388254727808,-5.069678776132298,,,
-3.4564049124754135,13.062859921884744,34.09507837159248,27.191179083916676,-4.952803041028501,,,
-8.0,74.03555957409067,52.64659020427454,36.92146003346628,-5.32088454203355,,,
-1.7158975085191641,2.4935610490160602,123.31330611331022,62.231099897515705,-5.899993874884687,,,
-8.0,49.89983455508432,115.89193511435361,60.24677745113505,-5.849288668386993,,,
-8.0,90.76696809314272,35.02535365051027,27.74059930950792,-4.978390936414103,,,
-4.362738096139221,13.133709736331554,86.24396065684967,50.53836160146113,-5.664377372241976,,,
-8.0,80.412427201595,44.62723513024987,32.981097020598625,-5.190317755415409,,,
-4.103483825371286,13.119835745322634,66.26177555316156,42.90216501755003,-5.488020733049573,,,
-8.0,55.788757177430355,92.71635907954096,52.79541426383294,-5.710952983028324,,,
-8.0,83.8851436558216,41.00807679202888,31.08423182910301,-5.119488992344797,,,
-8.0,117.67941766269074,17.478446143539745,14.982063962225734,-4.136618839866285,,,
-8.0,56.58476418337045,90.1268688464396,51.90577484252544,-5.69293512427519,,,
-3.50808532137157,13.070725095038952,35.96363631453508,28.280722188339702,-5.002739358306436,,,
-8.0,60.16267467005573,79.72523224903323,48.17779242418718,-5.6136067359317945,,,
-3.755525490859624,13.094346956916004,46.41953165461308,33.89856302719163,-5.222278605571086,,,
-4.38321843158661,13.144517483787808,87.96591044042314,51.150246366957724,-5.677145832565138,,,
-8.0,56.85751364745206,89.2629433319871,51.60290998852576,-5.686782544297024,,,
-8.0,75.31421861741333,50.87308247318308,36.07593343062921,-5.294629500631542,,,
-0.5018090254863246,0.1880867137810962,3356.859694420951,343.26854032465593,-8.07743017533683,,,
-8.0,70.04118337458112,58.8217753858548,39.72514565601079,-5.403346586473417,,,
-8.0,72.23905692225294,55.29733010999839,38.147811512329994,-5.35788140276164,,,
-8.0,99.20559525129289,29.319312221392504,24.26753949731894,-4.801985309335913,,,
-8.0,92.64044442070045,33.622664984568935,26.91267325114067,-4.939543489736488,,,
-8.0,55.666507702541224,93.12395418851635,52.93825608709672,-5.713894096833892,,,
-3.594683922540364,7.546161393864057,118.11356005044786,61.00573653584239,-5.860220343754981,,,
-0.45157875620315546,0.1910351880802058,2950.0637573668514,322.8657949468898,-8.098597665721583,,,
-8.0,62.58969578059281,73.66215098054002,45.86735506007773,-5.560799702475559,,,
-8.0,56.85751364745206,89.2629433319871,51.60290998852576,-5.686782544297024,,,
-2.548564116562306,4.553200537096702,103.98101975988759,56.49412009209822,-5.784096843274157,,,
-8.0,58.43692806741265,84.50326867840431,49.918548448519225,-5.6515259353599685,,,
-2.073099679122508,5.178272278119964,45.57892617154715,33.43382045898098,-5.209102228437511,,,
-8.0,56.58476418337045,90.1268688464396,51.90577484252544,-5.69293512427519,,,
-2.681886344951381,5.274702730823865,90.17258912435847,51.890095762137626,-5.694014958551574,,,
-8.0,64.12344572014335,70.17971612653676,44.49446914271617,-5.527932789561595,,,
-8.0,73.72107674639709,53.09558515967222,37.129004285523116,-5.327241334727785,,,
-8.0,90.16491010586967,35.493517729627136,28.010260331953308,-4.990721138684659,,,
-8.0,51.435297537601706,109.07579925369151,58.13566395602412,-5.812122436394034,,,
-8.0,53.591697735028696,100.47435256756538,55.3897725448957,-5.761423000091152,,,
-8.0,105.8265561821208,35.02548109236684,27.739778720321247,-5.001529438646922,,,
-8.0,58.29510067377575,84.91532829192613,50.07556770084564,-5.6548353560248525,,,
-8.0,60.98993923530308,77.57731786109447,47.3649256967128,-5.595377171233342,,,
-2.8112959734623946,9.158235507750799,34.567660461842316,27.46641008254222,-4.9660463980734635,,,
-4.389723003029019,9.284022111832114,177.37172615731652,76.59368361117659,-6.096337241725844,,,
-1.959074345902267,3.2592448092470128,99.59926621955671,54.99403588582836,-5.763269617772519,,,
-8.0,59.52269158645677,81.4489707708823,48.81695869024325,-5.6277288856693515,,,
-8.0,53.941125795350096,99.17757780978177,54.965268338638296,-5.753356010589914,,,
-2.196835741346772,6.371979743767572,35.06058329160645,27.73885591151511,-4.979824623890601,,,
-8.0,93.29607474700116,33.15221209120977,26.630653031789606,-4.925923364589544,,,
-8.0,54.06373425679734,98.72665144342241,54.81594273812778,-5.750638004668627,,,
-8.0,61.68875325409477,75.82969185715933,46.69500654574987,-5.580302079048465,,,
-8.0,54.29970089842562,97.87149491770889,54.53201431474157,-5.7451572322750035,,,
-8.0,62.04828450396201,74.95360874866903,46.36886500556298,-5.5725916395637665,,,
-8.0,117.07078600513667,21.04840439204522,18.645629169117573,-4.408153158864344,,,
-4.142607089322439,13.132610207844413,68.88211623243062,43.96680151469013,-5.5148457423221675,,,
-8.0,59.52269158645677,81.4489707708823,48.81695869024325,-5.6277288856693515,,,
-8.0,63.93111698038503,70.6029279986181,44.67277775506725,-5.532160486826442,,,
-8.0,100.04942358302257,28.82675920457401,23.957648457980625,-4.784227703083148,,,
-3.8525352235892574,13.10306485559236,51.273167058511504,36.26817915490571,-5.3012143002060785,,,
-8.0,107.8471549142436,24.806717513454387,21.29965851099065,-4.615847139453392,,,
-8.0,61.51389957593677,76.26077360130836,46.87184728440369,-5.584113426177099,,,
-8.0,59.04217015955224,82.77899750998414,49.31058619239854,-5.638065946418929,,,
-8.0,54.659856566082496,96.58559079225283,54.10649098392686,-5.736822207429954,,,
-8.0,117.67941766269074,17.478446143539745,14.982063962225734,-4.136618839866285,,,
-8.0,136.62374277588717,15.456291834063089,14.353192666808793,-3.931528123799823,,,
-7.934938055966217,1040.1706555751828,9.778887033462524e-09,130.25310392492077,-1.2005844912838076e-09,,,
-8.0,136.62374277588717,15.456291834063089,14.353192666808793,-3.931528123799823,,,
-8.0,107.8471549142436,24.806717513454387,21.29965851099065,-4.615847139453392,,,
-8.0,124.02309143380229,18.721811218191647,16.900918794424985,-4.242049399284087,,,
-8.0,188.28682820328342,8.1451162895841,8.145085091433005,-2.5165206318278655,,,
-8.0,92.23202688645279,41.003885781343925,31.08853088485805,-5.1310497555404835,,,
-0.6492071270639271,2.4069879271930485,22.168820670412288,19.14312676336766,-4.497129108892364,,,
-7.934938055966217,1040.1706555751828,9.778887033462524e-09,130.25310392492077,-1.2005844912838076e-09,,,
-0.7272134800405252,0.13689119543160605,10014.706491394618,566.7621523836137,-8.539549115786617,,,
-2.5315221384234,2.9547492162261113,242.2050269001613,90.71845195697081,-6.2740003431375415,,,
-8.0,153.87424273374495,12.187703493180118,11.651173792254516,-3.468407950968838,,,
-8.0,171.63675981375806,22.69822132412873,19.799894120354292,-4.576315400055484,,,
-0.8163005828952838,0.19240439840064905,5849.257906004908,441.9484518356424,-8.21467211376795,,,
-7.934938055966217,1040.1706555751828,9.778887033462524e-09,130.25310392492077,-1.2005844912838076e-09,,,
-8.0,148.38945578007494,13.105640927630683,12.425606911697367,-3.6197433794964318,,,
-0.7163922053401637,0.17786993614989166,5716.0889509771005,441.3241258017984,-8.203588430026958,,,
-0.41407322123866225,0.12841554534437946,6290.78034110266,468.63735350561154,-8.227744831879596,,,
-7.934938055966217,1040.1706555751828,9.778887033462524e-09,130.25310392492077,-1.2005844912838076e-09,,,
-1.6314874158904389,2.127588667245285,150.6671072734398,69.65920162933364,-6.02825319580426,,,
-1.1729563729228836,1.8669571488152108,111.33107840004071,58.58788069413454,-5.8287518632579935,,,
-3.2434813288326874,7.527062937263729,81.9168357725136,48.972633198964886,-5.631302776643938,,,
-8.0,75.97555456913332,49.99149699949459,35.64930366705878,-5.280974539162045,,,
-2.5448457486935046,4.867157574593789,90.61187352748692,52.04432743927484,-5.697545614689926,,,
-8.0,89.0085963802017,36.423074497066864,28.544963143013618,-5.014536016071113,,,
-2.9393645596343925,3.4690263687802663,277.479854533081,97.60684031708591,-6.342503562778368,,,
-2.6681944929463564,5.271964932813761,88.87006380397447,51.44565972351665,-5.684781721389166,,,
-1.6594933986935696,2.929485973845395,82.6545510512818,49.086763936853174,-5.647047136948034,,,
-2.2852456172011624,6.430890160695383,47.21903755605972,34.33954843423904,-5.2521330828449475,,,
-8.0,80.86683311597984,77.99494986756953,47.52787990841223,-5.73798252397512,,,
-2.1212212690221546,2.760604155871145,180.937390211878,77.38956345636393,-6.121568579240143,,,
-8.0,36.517999430606494,216.389164200822,85.39969573077386,-6.20794177867283,,,
-8.0,153.87424273374495,12.187703493180118,11.651173792254516,-3.468407950968838,,,
-3.401538558962011,13.05590147950294,32.20793258638782,26.06123529087058,-4.897568627602286,,,
-3.972716009540871,13.1182961237681,57.94401936597138,39.33739178965634,-5.392218510981469,,,
-3.0373810027077464,8.266911951367824,67.93042092294716,43.55166792375205,-5.558731763787603,,,
-8.0,60.48620574141188,78.87505344170222,47.85343836066276,-5.606394043083147,,,
-8.0,66.81898770341878,69.73363349347028,44.319526858873324,-6.2034601895315555,,,
-2.067422423790027,3.9630202996674293,102.2665497739714,56.131023709955606,-5.878964880199075,,,
-1.940302240337045,3.556268945472935,89.65248321120133,51.85215444908094,-5.691428094113934,,,
-1.9617436728138045,2.1674963477654203,226.12309101489012,87.19638496950759,-6.246776565602033,,,
-1.6846610390285757,2.912942419718887,94.06540586769214,53.179547498229695,-5.720900884582757,,,
0.040251025304342526,0.9770035717917975,64.75232149567648,45.403814678706645,-6.260793403841886,,,
-1.9796669502751463,1.5761922656350027,581.6556905417094,144.21010250453205,-7.297788136957099,,,
-8.0,80.24339623057372,45.083958334736806,33.21179981282261,-5.2100393400767,,,
-8.0,71.6719051569698,56.175721793427435,38.5480727763678,-5.369636502402036,,,
-8.0,56.70330772096109,89.74979873559836,51.76427716101465,-5.689869047111461,,,
-2.133816580836565,2.0901684883879605,301.63580418989864,102.68096794826215,-6.41073871299941,,,
-8.0,148.41894157636904,13.105640166111927,12.425619119061402,-3.6313106804592445,,,
-1.6862403152773529,3.3267834311786504,66.51256174593243,42.86737996983445,-5.497542615807401,,,
-0.8998253218858246,0.3663849216196662,1737.2438489082945,247.26490847328583,-7.6596268529828775,,,
-8.0,71.95716538479537,55.730470256369905,38.34597330510624,-5.363793098286079,,,
-8.0,77.72877497669246,47.76222708964255,34.567880365797045,-5.2451404093227385,,,
-8.0,43.50635593990384,152.45664365922957,70.41183802687125,-6.010612336581067,,,
-8.0,130.4492488182205,22.155035807125888,19.442590106233183,-4.4874232390983275,,,
-8.0,57.99366274740162,85.80069990808289,50.38087221653272,-5.661389424218999,,,
-8.0,76.66712763886508,49.093553036948045,35.22184219476001,-5.266942417844889,,,
-3.349422822499127,9.22652155843261,61.02243931172711,40.68386907576151,-5.429837163737363,,,
-8.0,82.52399745925284,42.37180968443291,31.80864777979009,-5.147210184389108,,,
-8.0,63.53699547173899,71.48229170031784,45.01378219366199,-5.540510736461319,,,
-8.0,148.38945578007494,13.105640927630683,12.425606911697367,-3.6197433794964318,,,
-8.0,126.19578907161811,18.108834584938393,16.365112318840975,-4.203242068957729,,,
-8.0,140.00460101379036,14.721251312823481,13.760454006289182,-3.8439965639384024,,,
-3.02108415370457,12.995848007030848,21.615657321165372,19.05567248094719,-4.443118714533546,,,
-1.7972916195219755,5.112605006217738,32.749156491819086,26.342860323121403,-4.915444949445181,,,
-3.628751736648568,9.248991452825827,81.50595637818975,48.81629738535114,-5.627621176254447,,,
-2.6628385457730004,12.911893263013713,14.724900555531901,13.762930544029828,-3.844182160853232,,,
-7.934938055966217,1040.1706555751828,9.778887033462524e-09,130.25310392492077,-1.2005844912838076e-09,,,
-2.649096066724515,3.3343106666478555,217.48486433070892,85.57633493287834,-6.212980138438967,,,
-7.934938055966217,1040.1706555751828,9.778887033462524e-09,130.25310392492077,-1.2005844912838076e-09,,,
-8.0,122.14703619177415,19.321327650335835,17.362786058126865,-4.288332322620596,,,
-8.0,125.72835190843078,18.108875671513673,16.383818643910367,-4.191722237467312,,,
-7.934938055966217,1040.1706555751828,9.778887033462524e-09,130.25310392492077,-1.2005844912838076e-09,,,
-0.7248730065839986,0.19349377081964927,4902.424927849677,410.99811024751057,-8.09684347982767,,,
-8.0,74.03555957409067,52.64659020427454,36.92146003346628,-5.32088454203355,,,
-8.0,140.00460101379036,14.721251312823481,13.760454006289182,-3.8439965639384024,,,
-2.2698796220978896,2.5782938968464655,254.55345319751544,93.2221201370133,-6.302029910193808,,,
-7.934938055966217,1040.1706555751828,9.778887033462524e-09,130.25310392492077,-1.2005844912838076e-09,,,
-8.0,188.2312714386417,8.14511993881584,8.14509279433337,-2.5049533304620217,,,
-8.0,170.81091951147687,9.891181307410578,9.671120885052058,-2.988753595758501,,,
-8.0,80.00354993994229,45.084039059998744,33.21091941466095,-5.198519657505554,,,
-7.934938055966217,1040.1706555751828,9.778887033462524e-09,130.25310392492077,-1.2005844912838076e-09,,,
-8.0,118.25733527308951,17.47826262048445,15.029556775801954,-4.1597534425835665,,,
-1.3932920937858213,1.7265411301622577,161.48407447521893,72.22653740559883,-6.086343965980789,,,
-7.934938055966217,1040.1706555751828,9.778887033462524e-09,130.25310392492077,-1.2005844912838076e-09,,,
-8.0,108.9944450712749,24.287721926458058,20.94170232724152,-4.590564797710129,,,
-8.0,98.9183233057597,29.803161267492662,24.576703574076056,-4.842207028690238,,,
-7.934938055966217,1040.1706555751828,9.778887033462524e-09,130.25310392492077,-1.2005844912838076e-09,,,
-8.0,153.87424273374495,12.187703493180118,11.651173792254516,-3.468407950968838,,,
-7.934938055966217,1040.1706555751828,9.778887033462524e-09,130.25310392492077,-1.2005844912838076e-09,,,
-7.934938055966217,1040.1706555751828,9.778887033462524e-09,130.25310392492077,-1.2005844912838076e-09,,,
-7.934938055966217,1040.1706555751828,9.778887033462524e-09,130.25310392492077,-1.2005844912838076e-09,,,
-0.13088315261409716,0.15061657783473725,2562.7551989500594,300.51267097232596,-7.786907861505563,,,
-7.934938055966217,1040.1706555751828,9.778887033462524e-09,130.25310392492077,-1.2005844912838076e-09,,,
-0.6254344625214752,0.12122410947238398,10698.722047713705,555.5812634922721,-8.667413394051925,,,
-8.0,93.97503386907873,32.674669243515204,26.347318833659795,-4.911938745072386,,,
-8.0,123.30646558764622,35.02784458520235,27.740448410568078,-5.04784709383565,,,
-0.6842497570192118,1.8105464394201685,45.399766443244744,32.77213950356175,-5.270582781784429,,,
-8.0,78.8425820372733,46.42214930840827,33.89535090561365,-5.222362781637471,,,
-2.183985559545561,3.8408502432703706,95.00135573011389,53.51077544233644,-5.729497930793805,,,
0.8424156346965613,3.638944076908685,0.15738927070743602,1.382701209804284,-0.2450417140637244,,,
-8.0,76.31868277035889,49.54347649355771,35.43655462627711,-5.274006895523455,,,
-8.0,91.99952254769158,34.092596771517755,27.191376518536703,-4.952817157346519,,,
-8.0,91.37913001845106,34.55729873528428,27.467512545053996,-4.965761117435008,,,
-8.0,77.01341524285009,48.65289655473163,35.00028949990126,-5.2597783952805335,,,
-0.664296563481721,1.819644656241555,49.790451451999736,35.403939167325895,-5.336845692453975,,,
-8.0,80.412427201595,44.62723513024987,32.981097020598625,-5.190317755415409,,,
-8.0,80.82177603588485,44.17615462216715,32.752080221452545,-5.181982048300499,,,
-8.0,97.6058396706255,30.28787293581136,24.88405025621872,-4.835808809167947,,,
-8.0,120.35307014778039,19.910068841714775,17.804901583574985,-4.331148933516349,,,
-0.45915402609365735,0.2286479840851435,2116.1318299215336,272.35087968484055,-7.60255550952907,,,
-8.0,93.97503386907873,32.674669243515204,26.347318833659795,-4.911938745072386,,,
0.5111297999975576,0.04370217566601595,5387.334604497048,405.0634943303576,-8.24254462025168,,,
-8.0,66.20809456876458,65.83016780633955,42.72199610563012,-5.483581464049503,,,
-8.0,71.11491008686176,57.05862812092231,38.94729789291041,-5.381124695171647,,,
-8.0,91.99952254769158,34.092596771517755,27.191376518536703,-4.952817157346519,,,
-0.6001249059917819,1.8190040736949753,41.796908054938676,31.068684112577113,-5.146163426893455,,,
-8.0,77.3766499131161,48.197720534144544,34.78709245890398,-5.252512059624786,,,
-0.7090112347055544,0.1276035621680153,11181.085830451959,667.9277182424531,-8.616899530765217,,,
-0.653503577585791,0.1289151169478901,9936.469273467046,624.5693200953577,-8.56740950977128,,,
-8.0,69.27432486536298,60.13151357079894,40.3048071407264,-5.419394375858626,,,
-2.594000880217961,5.26398724230243,81.95168898466999,48.97276799627008,-5.632441287765276,,,
-8.0,103.67211715381507,26.846464265173886,22.66771025446932,-4.706609932758541,,,
-8.0,73.72107674639709,53.09558515967222,37.129004285523116,-5.327241334727785,,,
-8.0,77.01341524285009,48.65289655473163,35.00028949990126,-5.2597783952805335,,,
-8.0,75.31421861741333,50.87308247318308,36.07593343062921,-5.294629500631542,,,
-8.0,68.77460399083809,61.00938438826894,40.68383153295799,-5.429816459642834,,,
-8.0,110.1975830094202,23.760799368846467,20.577269272980867,-4.564053882430984,,,
-1.6777437354296436,3.9329691349319322,47.0239437856893,34.01815248920546,-5.236807360225885,,,
-8.0,68.52898834018364,61.447143735939555,40.87950279671898,-5.4349479225740405,,,
-3.6956251119734738,13.068389533166059,43.73977336250025,32.51845852675256,-5.173438024935235,,,
-8.0,65.56432525249676,67.129795021114,43.275075232973116,-5.497301564571196,,,
-8.0,87.3680259276983,37.80371715402247,29.329729422895586,-5.048322711407991,,,
-2.6250592934494694,7.449792547750314,42.38808204948725,31.80652741130548,-5.147802146651206,,,
-8.0,71.6719051569698,56.175721793427435,38.5480727763678,-5.369636502402036,,,
-8.0,82.0952874055959,42.81517947836566,32.04774705776107,-5.156127142224684,,,
-0.5155818803959139,0.2177064919135693,2383.6121903169915,286.1356084496969,-8.530315645755715,,,
-8.0,126.13130523290738,28.3407116516801,23.642436864189197,-4.8005766146230835,,,
-8.0,72.82584671742443,63.20215536023067,41.623043987977304,-5.466522259974592,,,
-8.0,86.83251938264209,38.27196151857625,29.5870147837972,-5.05911124413682,,,
-8.0,78.46310523639454,46.87167044361495,34.12205368701938,-5.230069043217483,,,
-8.0,72.23905692225294,55.29733010999839,38.147811512329994,-5.35788140276164,,,
-4.1773966682555,13.112868036802144,74.52313319811756,46.20708215575611,-5.579842757657153,,,
-8.0,92.64044442070045,33.622664984568935,26.91267325114067,-4.939543489736488,,,
-8.0,74.65888168264634,51.7704102588283,36.50724666250132,-5.307926853559707,,,
-8.0,84.82807936233854,40.10116434910636,30.59413409864579,-5.100139863879375,,,
-8.0,75.10471267902207,59.70395446598983,40.11393906784085,-5.425657258182634,,,
-8.0,75.31421861741333,50.87308247318308,36.07593343062921,-5.294629500631542,,,
-1.3959898795521406,2.878663475205435,58.33477917652865,39.29560500575691,-5.409344400959764,,,
-8.0,72.30040343289376,64.05586712879663,41.99420936791529,-5.476241672003069,,,
-0.6448916277050206,0.2762992931616612,2071.937513761924,271.16851593007067,-7.501128013052782,,,
-0.6590648507981953,0.30303425811932283,1904.9004550039144,259.1794589985121,-7.498461753866004,,,
-1.8823340264877189,7.256206959834914,31.5452224918915,25.807694383805767,-5.009959925802789,,,
-8.0,60.82500395327433,77.99832845277533,47.51931500132453,-5.599076323778549,,,
-0.5855699017095002,0.2764530747158622,1983.1742168213823,264.9522996606449,-7.527913184153144,,,
-0.8212572496015519,0.284480301637025,2547.9225549185576,299.1383433422921,-7.98756613928232,,,
-0.8215468949389022,0.3343642704516196,2004.291874586236,265.7525780435917,-7.482565371786424,,,
-0.8745128965007039,0.3511428581725536,1939.304517277585,264.6767219968897,-7.523715141058515,,,
-0.9187305194312456,0.3388821626860884,2121.697357315551,274.4630761682525,-7.790458223152472,,,
-0.6367133754529662,0.25254067877743064,2450.8631062609466,291.25042948311557,-7.596220666384314,,,
-0.5200973752857115,0.2597025525797808,1881.6925862689625,257.4152970478982,-7.499235229596681,,,
-8.0,188.2312714386417,8.14511993881584,8.14509279433337,-2.5049533304620217,,,
-0.5080592769346877,0.24636701998676563,2257.8442661927384,286.035144352481,-7.627003474599858,,,
-0.8752411684496321,0.30924529887049085,2378.218925175818,290.73039618875606,-7.966032326591071,,,
-0.5477762418407691,0.18534386737422473,3669.190771834395,359.35848206711046,-8.379472296711032,,,
-8.0,87.90130739860366,37.347045442244124,29.0689640676902,-5.0373039582824255,,,
-2.053952432165099,5.1984547035859805,46.020428447837844,33.664081986015965,-5.228076063192802,,,
-7.934938055966217,1040.1706555751828,9.778887033462524e-09,130.25310392492077,-1.2005844912838076e-09,,,
-1.6108473999538413,4.297172139253218,41.47981210015422,31.315258421961836,-5.140198790886852,,,
-1.0001366297469811,0.20228069841388516,8774.795341898658,622.9582199586548,-18.722367125545617,,,
-7.934938055966217,1040.1706555751828,9.778887033462524e-09,130.25310392492077,-1.2005844912838076e-09,,,
1.2372576248660248,0.007706421306341654,37941.13051263258,537.072087213036,-10.679877020083557,,,
0.7696354830496039,0.018958135019491208,13176.27731910105,620.4526544967506,-8.836170403974531,,,
1.0603401731751723,0.00911617016278602,22903.863462476027,783.3889604406049,-10.788313870440993,,,
0.7378724016031647,0.016177031795192212,19950.49413943862,658.9403600380748,-9.589619353859723,,,
0.359978635972183,0.04344933019208272,8378.075000053843,518.0534421225004,-8.408373716670496,,,
-8.0,107.8471549142436,24.806717513454387,21.29965851099065,-4.615847139453392,,,
-1.3500046466553384,0.7640772771098278,828.6963275901754,171.83714159375882,-6.962911543147182,,,
-8.0,96.84325667040578,30.76765794474818,25.184021090179574,-4.851941745960083,,,
-3.0766081812348296,3.3567005412515307,344.0509285365799,109.02900779023881,-6.460390894745038,,,
-8.0,108.9944450712749,24.287721926458058,20.94170232724152,-4.590564797710129,,,
7.84453234563877,14.270235002972079,9.778887033462524e-09,3.4226363899424165e-05,-3.9651078023870686e-05,,,
-1.1450660879847632,3.4579706304558018,27.076852475939212,22.671232043229804,-4.721924730595332,,,
-0.4396182063233185,0.219294324229678,2268.5281702273537,278.6932371344376,-7.471548591446535,,,
-8.0,82.77392636778042,42.3764387674848,31.80966213072119,-5.158729903388551,,,
-8.0,115.55448256987924,21.605732750218827,19.050381912745575,-4.443030676452894,,,
-8.0,93.97503386907873,32.674669243515204,26.347318833659795,-4.911938745072386,,,
-8.0,112.75964076018596,22.697297920842864,19.830650442217056,-4.5184157075486615,,,
-1.2116576080832444,0.5669832828572419,1372.6698606837892,223.38002868007933,-7.236932673828088,,,
-8.0,85.80267705794594,39.639586273084525,30.34492372377409,-5.1247447368647014,,,
-8.0,160.9183033070142,11.144248025996742,10.75877836055202,-3.2707633479346407,,,
-8.0,108.9944450712749,24.287721926458058,20.94170232724152,-4.590564797710129,,,
-8.0,143.85838958706452,13.943869858937221,13.122901991225374,-3.741888313918672,,,
-8.0,153.87424273374495,12.187703493180118,11.651173792254516,-3.468407950968838,,,
-0.6850001032444636,0.3368560547579315,1498.7966686729646,231.02539682946372,-7.333480024732665,,,
-8.0,107.17838246720483,25.32071126100629,21.651557072999736,-4.651525582926619,,,
-1.0470290597221907,3.1761331296485347,27.13844203589415,22.677199053774444,-4.726749825399392,,,
-8.0,240.57153168123253,8.144950798297963,8.144937861253618,-2.516527680544378,,,
-3.571451613200668,7.5372388301445445,115.46932567997132,60.08696263130182,-5.846921427937812,,,
-7.934938055966217,1040.1706555751828,9.778887033462524e-09,130.25310392492077,-1.2005844912838076e-09,,,
0.36747480499174684,0.6845747013575357,30.714484472757555,24.022260850524514,-4.920403480322573,,,
0.4213256565177197,0.039535580295947635,8597.535383908793,526.3877374536513,-8.271867652912867,,,
-7.934938055966217,1040.1706555751828,9.778887033462524e-09,130.25310392492077,-1.2005844912838076e-09,,,
-8.0,62.40641694708109,74.09588710358334,46.03436168268507,-5.564761135841868,,,
-8.0,62.58969578059281,73.66215098054002,45.86735506007773,-5.560799702475559,,,
0.08714719060288155,0.682853779656037,74.18704364769928,45.706809132513584,-5.792018667437883,,,
-3.147420652331192,6.510060926392309,98.7747603680149,54.82214437244251,-5.750867353746566,,,
-0.769318819507458,0.3390216438476552,1781.0955790320268,250.59593532471592,-7.358852637729576,,,
-8.0,69.78604254452073,59.253236116952095,39.919152984851884,-5.408752685039789,,,
-2.6397797925287794,3.33070900556045,225.9306258072508,87.3904803916768,-6.242915438511725,,,
-8.0,188.2312714386417,8.14511993881584,8.14509279433337,-2.5049533304620217,,,
-3.4351074680349782,9.234884883957331,66.70208263927174,43.083091278117365,-5.492751074693445,,,
-7.934938055966217,1040.1706555751828,9.778887033462524e-09,130.25310392492077,-1.2005844912838076e-09,,,
-2.87097501739302,3.5854558078618353,240.48683189799516,90.70412879912057,-6.267417344477964,,,
-7.934938055966217,1040.1706555751828,9.778887033462524e-09,130.25310392492077,-1.2005844912838076e-09,,,
0.7099059538538549,0.023719788060769194,10281.145202878542,560.0792190059631,-9.27479448215855,,,
0.543307102375746,0.028513300494384983,11661.801137734916,639.2102198171499,-11.465684443335766,,,
0.7379725298609662,0.016440353244718247,19470.778815149617,495.8786754643918,-10.943433568004393,,,
0.6486206706345699,0.019229101475992737,18758.490234375484,930.5721214413969,-25.197604489928988,,,
0.6865514542258117,0.015629975158353338,25160.314687320504,870.3676951565077,-9.846393684926046,,,
-8.0,63.344235775050855,71.9179880085356,45.180429468781746,-5.544634496117851,,,
1.5177137172187616,0.006122840176102133,27523.762806650288,1228.0327192497236,-16.882274316993414,,,
-2.1765933325355267,5.198996831075741,51.38262588623572,36.281188909916146,-5.303528600878062,,,
0.7713635776783166,0.024594677424796773,7814.7585602887375,450.0725790813607,-8.462299279683219,,,
-8.0,68.04380065485535,62.32609902947906,41.25769323951652,-5.445056948670437,,,
0.6615324710197038,0.01884637936176806,18708.00136622546,759.5665127849633,-9.173836832395441,,,
-8.0,80.412427201595,44.62723513024987,32.981097020598625,-5.190317755415409,,,
-8.0,68.77460399083809,61.00938438826894,40.68383153295799,-5.429816459642834,,,
0.8134490971997816,0.013311313803237204,23601.412841430007,1055.181001754699,-13.107070489162517,,,
-4.342479130264962,13.132982415595567,84.48724802507813,49.91781112260982,-5.651275526324189,,,
-8.0,77.5896852807522,48.21124151772596,34.78203407627641,-5.264031715223805,,,
-8.0,68.52898834018364,61.447143735939555,40.87950279671898,-5.4349479225740405,,,
0.7095583185976211,0.018727704841530485,16398.84810710341,559.8505404099872,-8.671638300423,,,
-2.412393409493793,4.850159277498905,78.2625348717864,47.51633965782786,-5.600979200947885,,,
-8.0,76.31868277035889,49.54347649355771,35.43655462627711,-5.274006895523455,,,
0.7394528354392613,0.013882434310506233,27224.845743874354,906.7741503891492,-9.349408541602747,,,
0.7874814428939345,0.013731568910852157,23893.12989734969,451.9294261173457,-8.710168152514601,,,
-8.0,71.11491008686176,57.05862812092231,38.94729789291041,-5.381124695171647,,,
-8.0,78.8425820372733,46.42214930840827,33.89535090561365,-5.222362781637471,,,
-2.2418273832135034,4.837009968977653,71.9721067138485,45.22292165678485,-5.548418398312791,,,
-1.7232887435322335,3.459405005990451,64.71997736306855,42.144532032651476,-5.477777687651304,,,
1.2475552537487682,0.01054801947080079,14800.148777209526,545.2725578389345,-12.80314176253757,,,
1.0433806762770703,0.020673079065512672,6281.569548757783,399.69893147377303,-8.054128888003358,,,
1.1351951924084698,0.0211372930596794,6302.185250234724,390.32176069316336,-16.093674759914954,,,
0.9895935515495058,0.02072965555150364,20687.13016121392,758.0343003669633,-18.534628890848474,,,
1.243250938125784,0.016853535974838036,10745.349224838299,511.8594329058435,-12.993349169002455,,,
0.7357325922947167,0.02009732603919845,13193.466715483002,631.9934590319546,-9.588209338687754,,,
0.8719523577104681,0.012826250444819508,21913.545243122957,797.2212567605078,-14.716725043576634,,,
0.7066581518965083,0.020823739155266047,13365.114918362571,721.0688969923295,-10.289983822636913,,,
0.7295760221612777,0.02386535682512592,16867.99298396659,716.3420486126398,-8.978046555094929,,,
1.2326205355187545,0.009913485874221261,14684.503007857698,598.5709290631295,-8.678431800652548,,,
0.6795704170062375,0.018609472556432208,18269.55208601892,1234.1689840907998,-24.99871313264415,,,
1.383205899941255,0.008267303254508323,17853.06483527779,640.5732791162179,-18.572713238256966,,,
0.6146272727505568,0.02257880168106204,14968.355019681378,989.5538399020999,-8.565405194032035,,,
0.777733060387697,0.018889492566199716,13117.911221314047,625.9754746219664,-8.997625283945492,,,
0.7887160313845764,0.020167975603046173,11120.078054236965,506.8502351354873,-9.402966815404426,,,
0.7837037202283541,0.014755502444994805,20956.67005080872,982.233058669008,-8.826158520788475,,,
-8.0,111.43937435244509,23.23289030776401,20.20903639656553,-4.536194420237836,,,
-8.0,59.996549055020004,80.16672710731221,48.33701907465347,-5.617174627063176,,,
-1.9882724958895146,3.648696785337705,82.49340486326963,49.11089018270493,-5.640216585596418,,,
-8.0,64.93099725358434,68.44589732207056,43.79538585306195,-5.510657988674817,,,
-1.7592058342343762,1.3973142219190136,416.542841265978,120.54916344082943,-6.604616826654181,,,
-0.9089423763468505,0.35335587084746684,2180.4595882355643,279.2414252242751,-7.531224749991704,,,
-8.0,80.00354993994229,45.084039059998744,33.21091941466095,-5.198519657505554,,,
-8.0,107.8471549142436,24.806717513454387,21.29965851099065,-4.615847139453392,,,
-1.7853914749472866,1.3159743139885027,523.226052562796,135.87701164513342,-6.685023873974943,,,
-8.0,82.97851660325234,41.910127302955296,31.570782524897147,-5.138135302949045,,,
0.7030730351581388,0.3289141126343416,56.346801573254275,37.10670432655286,-5.484468357795372,,,
-4.286168416756398,13.129352994951804,79.79957913135173,48.17314633281098,-5.613375984434712,,,
-2.7474024649084603,6.468213967024439,64.53850045408433,42.17142982809091,-5.470120044313774,,,
-2.389876100127538,2.9420565510617034,207.15514660403207,83.42728106706826,-6.189693605816796,,,
-8.0,74.03555957409067,52.64659020427454,36.92146003346628,-5.32088454203355,,,
-8.0,74.81363075371665,60.13376871052789,40.308567019665155,-5.430949950191023,,,
-8.0,153.87424273374495,12.187703493180118,11.651173792254516,-3.468407950968838,,,
-0.3404134117531384,0.25799906441935155,1341.1467457038943,217.6181594503787,-7.551127663018401,,,
-8.0,67.2736490665273,73.22488739150543,45.70531872657553,-5.568359325582129,,,
-2.0713687691293465,6.341974244853615,30.321886015789783,24.8770733263338,-4.837486277673832,,,
-0.12497519845045708,0.22225380551520055,1103.661580052368,191.92472520077615,-7.202944314285575,,,
-2.382046571949375,9.065475593769813,21.616617813698014,19.05026902054763,-4.443592973445927,,,
-8.0,84.35099360004918,40.556466348844204,30.840377380532296,-5.109905514039681,,,
-0.24625082250147703,0.16046329393972764,2773.007365988312,310.6482180220997,-7.673801884877757,,,
0.492928294870807,0.010015280363644246,110321.72616352119,453.0998314706188,-15.674305923562656,,,
0.5322838342787334,0.018385878267916923,28916.747809848537,945.2785652986616,-9.036850431705087,,,
0.5254032730732648,0.02248447994929999,19902.148570936577,681.093418195969,-9.537812768202794,,,
-1.0581904468839516,0.10123413891428654,35247.64907195193,564.3497718833607,-11.815578449694442,,,
-7.934938055966217,1040.1706555751828,9.778887033462524e-09,130.25310392492077,-1.2005844912838076e-09,,,
-0.22214064534502953,0.16674222595089944,2457.4922383152134,287.4477602308521,-7.578743905053285,,,
-1.6728471932903244,0.33533784189049753,7379.230931058848,497.05637388741064,-8.225172231572879,,,
-0.15755264650981315,0.14137405884705412,2978.1728047258484,320.0811786487274,-7.611188765339028,,,
-7.934938055966217,1040.1706555751828,9.778887033462524e-09,130.25310392492077,-1.2005844912838076e-09,,,
-7.934938055966217,1040.1706555751828,9.778887033462524e-09,130.25310392492077,-1.2005844912838076e-09,,,
-0.16294743343489504,0.031609555231433106,64250.69750055274,608.8753568637135,-13.991708797847672,,,
-0.6629535240891854,0.17829973639776317,23625.39273730936,7831.520769519048,-11.384657755641522,,,
-0.26196916104974305,0.16362981758403664,2724.7583367659886,306.4838144591982,-7.77712168000807,,,
0.4252546766437862,0.02951647382452935,15236.002524498708,618.2142903037293,-9.27190143729593,,,
0.36080324057676094,0.03746742556276576,11336.6748803073,528.0344948836647,-8.356909496730411,,,
-0.12568108651000875,0.12431232604116549,3683.9765914074164,358.7719258607268,-7.982180722446014,,,
0.820816650360398,0.041177335968713785,2400.7774035355296,265.2264715189091,-7.953520297957698,,,
0.5135427880023837,0.026667276086681964,14585.302501805701,549.7421238471462,-8.626295290179648,,,
0.4268369235137272,0.03886857637149744,8685.81241946261,486.6088398597744,-8.501426131304871,,,
-0.31974646357779246,0.14433271881109655,4238.08550345157,389.9179887605499,-7.929553188278814,,,
0.4929154103193473,0.02839625071142228,13692.862638904116,659.8916940967616,-8.689328519468548,,,
-0.15862784620741768,0.12672660401266872,3850.7919793412775,366.1575582326233,-7.765058791017068,,,
0.07073871548038019,0.08666027095314374,4595.590148291792,391.8154912745545,-7.818859981435054,,,
-7.934938055966217,1040.1706555751828,9.778887033462524e-09,130.25310392492077,-1.2005844912838076e-09,,,
-0.19066503577375601,0.13915709278086216,3462.064934421556,352.01470480641115,-7.964439803692206,,,
-7.934938055966217,1040.1706555751828,9.778887033462524e-09,130.25310392492077,-1.2005844912838076e-09,,,
-0.15685908710820537,0.09176051703314939,7272.663306719974,544.6980483150838,-8.52202411659911,,,
0.5056363804352833,0.024579000290781593,17754.220502758715,1309.5092636327201,-10.175870513369937,,,
0.1459976163746942,0.10737003649298396,2461.5213795455825,285.9547957094546,-7.634150577330299,,,
-0.6636590327031038,0.36246988810349595,1311.8417432701317,215.2858179680601,-7.282941750446889,,,
-0.25952551823627884,0.15191354592721004,3095.0159992160584,324.01372547435767,-8.01650741634105,,,
0.5011559980427861,0.023897104279218585,18886.408693373385,596.5387563917429,-9.062615720764356,,,
-0.7090712528764523,0.08773023591093893,26235.07913737104,671.5286364735681,-12.078985775778808,,,
-0.18824030388211513,0.16639084262431936,2291.775564710283,280.0815236195491,-7.501366454881311,,,
-0.19274645634686816,0.15798678490229023,2596.287661261145,299.9418595416663,-7.56586807334636,,,
-0.03625404629619636,0.13498935041849108,2502.573523765562,292.0857600046996,-7.572830667584786,,,
0.47291750112828357,0.03608290992834773,8882.680163926136,490.9399404325164,-8.125498573614248,,,
0.5087341054421706,0.023757144787430948,18767.95937923419,665.8399822628553,-10.068795342545569,,,
0.6683737619702872,0.018119953833280064,19632.97662445847,590.723137256532,-9.139146640985945,,,
-0.20287551010843782,0.13150458190505998,3713.160190908175,349.45163587469006,-7.9859667492437465,,,
0.3589983653758367,0.03392003206523209,13958.295773475744,671.6873340142412,-8.66780794008716,,,
-7.934938055966217,1040.1706555751828,9.778887033462524e-09,130.25310392492077,-1.2005844912838076e-09,,,
-1.2522711218158113,0.1435693126987871,22563.843791253148,645.90224840573,-9.039674868824159,,,
0.41148545916835555,0.03186943272414291,13634.627199551085,767.5190678441455,-8.74808228307956,,,
0.45465394515061003,0.05327868149540828,4235.09838662504,363.1960957088744,-8.06280101797325,,,
0.36295774296049477,0.04681154493409862,7249.318229419669,468.76178409826315,-8.048570767053954,,,
-7.934938055966217,1040.1706555751828,9.778887033462524e-09,130.25310392492077,-1.2005844912838076e-09,,,
-0.194213959891995,0.17000348219149064,2237.755704219223,277.2478402779988,-7.51623156182164,,,
0.27734061507323643,0.04011532704623297,12538.078994141348,527.5397536820122,-8.492155059533234,,,
-0.12213684037420966,0.13714940313637022,2910.438949397865,312.9791418085166,-7.750017686851734,,,
-0.2252689427810058,0.1346253064033905,3834.243722789712,371.5675722643507,-7.7568683934222245,,,
-0.40530861772309645,0.43271079045361044,618.4781213216949,148.61518712299582,-7.044555332097164,,,
-0.0851689972045071,0.15277323305578766,2167.904144335113,272.5471390794795,-7.614630398932716,,,
-7.934938055966217,1040.1706555751828,9.778887033462524e-09,130.25310392492077,-1.2005844912838076e-09,,,
0.5248338282787869,0.024386498815559165,16944.151488012205,640.3286220720746,-10.249359141028801,,,
0.4987110909425522,0.02438315253772541,18243.585038698966,656.9426747607324,-8.985575466251639,,,
-1.730149016418296,0.1957157370157395,22883.977901136896,533.907942654351,-8.765437193428296,,,
0.5311725555586997,0.02400205598971776,17044.215969653236,574.792888686631,-9.916760484416246,,,
-0.677122762034167,0.08722929330162492,24378.880520963663,659.8130425975328,-9.244178591727403,,,
0.329170293060124,0.03133940363188713,17781.236195716636,659.5522046588784,-8.85584213025434,,,
-7.934938055966217,1040.1706555751828,9.778887033462524e-09,130.25310392492077,-1.2005844912838076e-09,,,
0.36773525888362507,0.04919948511563687,6516.185496622265,459.3445238865267,-8.049533370836837,,,
-0.12036944863386878,0.1273118682269738,3488.6410460970596,343.48691778353896,-7.813928432272725,,,
-0.2476540900740315,0.13723567574357434,3774.5720836864457,359.2466964216126,-7.926224929057055,,,
-0.15216471844598725,0.14083585937211324,2999.6775860479574,325.7786457191246,-7.658981770648846,,,
0.3327430031917872,0.047707768608636236,7614.199892316877,499.4186269291612,-8.117599794245926,,,
-0.009501126925020004,0.07400986725200782,7722.251992213897,532.8681823649504,-8.13985966987956,,,
0.13833599182710637,0.028938472764761608,35900.734812660805,1115.324633698768,-12.040662288844764,,,
0.5052477042002302,0.021163439999468275,23807.84976956419,633.1906790461405,-9.410307537022208,,,
-0.21630371230879,0.1814766116175125,1957.1409201434433,258.9206696004863,-7.85644091348659,,,
0.36707590060406986,0.029292801035330038,18196.29320584299,1350.5223144946383,-8.751099909190312,,,
-0.17188336695205972,0.14909094687100868,2761.7938440730904,307.99237592175234,-7.674267299016581,,,
-1.0240729655785457,0.44470151491694443,1685.642414185219,247.2349097394592,-7.348807064677436,,,
-1.796389477591573,0.2728928585733571,11938.740850066244,655.4958021735927,-8.62358310217893,,,
-7.934938055966217,1040.1706555751828,9.778887033462524e-09,130.25310392492077,-1.2005844912838076e-09,,,
0.5189652304412502,0.02800573138320705,13027.60111984902,642.6700435615016,-8.581802416003049,,,
-7.934938055966217,1040.1706555751828,9.778887033462524e-09,130.25310392492077,-1.2005844912838076e-09,,,
-7.934938055966217,1040.1706555751828,9.778887033462524e-09,130.25310392492077,-1.2005844912838076e-09,,,
-0.8253427927697294,0.16481895911132308,8578.991598332434,579.2984271566816,-8.344026276722238,,,
-0.15182581590940925,0.1594145996845317,2333.623248616416,286.2355678574697,-7.5186556087344805,,,
-0.08568026988127544,0.11139340787033226,4261.6720084073795,385.0420596207381,-8.245082320478181,,,
-0.0817127754968173,0.14452791844271448,2410.0515087992508,286.86550375217956,-7.522528244139845,,,
-1.762618831977923,0.2143391210083284,19353.711001482643,702.2998034069421,-8.55442575760406,,,
0.5398899578274858,0.02901745771029469,18050.74909522239,932.4599620153147,-8.979965184627293,,,
-0.2853182074609381,0.1412764495722995,4053.469045556009,377.62295727042806,-7.726947185788714,,,
-0.15391714823556832,0.13911106329323447,2943.106371446374,318.69813466769267,-8.071082023966769,,,
-7.934938055966217,1040.1706555751828,9.778887033462524e-09,130.25310392492077,-1.2005844912838076e-09,,,
-7.934938055966217,1040.1706555751828,9.778887033462524e-09,130.25310392492077,-1.2005844912838076e-09,,,
-0.19509959222507345,0.1337037580565952,3713.9503476453488,357.7685562874505,-7.717249789614989,,,
-1.6254934243608576,0.20785091715318038,17411.441226381234,786.9201710147313,-8.549705913867234,,,
-0.9555760007459398,0.6009164181013873,690.2390450801821,154.46941525691324,-7.01713288559778,,,
-0.48076602440005484,0.20167658816559964,2903.700604246533,317.8026396061331,-7.670007535776436,,,
-0.22905234618839795,0.1222620170697933,4624.201284804235,409.3049128957638,-7.931389111831889,,,
-0.17629257985872215,0.14156380040621985,3160.3930515994166,331.03494164502104,-7.6479098492310875,,,
0.4728276952728549,0.028572576855811632,14402.597689346083,604.4919912644203,-9.216560965423746,,,
-7.934938055966217,1040.1706555751828,9.778887033462524e-09,130.25310392492077,-1.2005844912838076e-09,,,
-0.262244033973938,0.1262640576394087,4751.429078935311,414.9108128852155,-7.897958767692938,,,
-7.934938055966217,1040.1706555751828,9.778887033462524e-09,130.25310392492077,-1.2005844912838076e-09,,,
-0.2939449165966206,0.18145480663658742,2457.549813619858,292.98905404649963,-8.019624797106014,,,
0.3229275547268316,0.045076931506918105,8892.42033218568,594.0327482895984,-9.254170616250295,,,
-1.8756600253420257,0.2178644735053644,22020.05506882837,639.1192625536534,-8.653149346205746,,,
0.5165118469629245,0.05195743653936168,3795.181487542864,349.31960582310546,-7.797564225884765,,,
0.3149611421364267,0.03914695389972771,11916.463218556777,592.6318838735876,-8.77211827316506,,,
-7.934938055966217,1040.1706555751828,9.778887033462524e-09,130.25310392492077,-1.2005844912838076e-09,,,
-0.1584539580634281,0.15478399373080784,2489.0244797654955,292.0668716117104,-7.602223182409037,,,
-7.934938055966217,1040.1706555751828,9.778887033462524e-09,130.25310392492077,-1.2005844912838076e-09,,,
0.5110572916132908,0.027602329852958917,13700.986653641143,661.1960156424851,-8.656622000446422,,,
0.007271883621846487,0.11187156046121849,3245.008102224271,339.861838193346,-7.687581512432471,,,
-1.8428717992904369,0.21122904175383395,21210.655994058674,729.5679765092735,-9.074366689573358,,,
0.43786018619378736,0.02907384799956183,15122.78139185548,813.4726285285966,-8.608739191361876,,,
-0.243911752849422,0.19878097512577808,1756.4214488485022,243.24121704389972,-7.677622881197527,,,
0.44031382387872575,0.016551045008265805,47163.57333454934,580.2287843809489,-11.161303537812229,,,
-0.15368327594874462,0.13631848648352768,3197.8789505088657,335.08393813267236,-7.628225860093219,,,
-0.12705416584685464,0.14352783898615082,2763.098894615773,307.3599949297594,-7.661277717276143,,,
-0.1703244056970216,0.13227851864283546,3497.2737124053474,342.34139834987667,-7.7260362458751315,,,
0.4268681616637048,0.0337419987963287,11644.995443292708,646.9674654721381,-9.056761655682166,,,
-0.1904313066896445,0.14187170737376825,3248.2224908492135,337.84705391880624,-7.617121846689072,,,
-0.08072108814374503,0.10012076969556633,5278.432193076759,429.82614032814564,-9.181027352137995,,,
0.4880571289235998,0.02935106876405381,12944.937852486522,577.0752173033511,-8.614906023948567,,,
-0.20496892132022926,0.1514806081109941,2914.689395136452,319.51417938629453,-7.613083753013763,,,
0.5176262447253398,0.02610734276977176,15101.639757174436,612.4258061644637,-9.810901847208394,,,
-0.19005839875912017,0.12869429312328498,3918.059889166645,377.4655762782762,-7.7257692496921155,,,
0.41685294370621473,0.04708900568383959,6125.054923828667,456.36299974278694,-7.984500705334903,,,
-0.07724464850044029,0.14147826740424468,2502.1999231425325,293.77937981866637,-7.512404598795062,,,
-0.13907004435291703,0.1549447452716767,2503.7505491131424,294.79709279764603,-7.7712097464382675,,,
-7.934938055966217,1040.1706555751828,9.778887033462524e-09,130.25310392492077,-1.2005844912838076e-09,,,
-0.20325188224986152,0.1630941928476408,2544.582275967125,301.0704641897872,-7.639994687340292,,,
-7.934938055966217,1040.1706555751828,9.778887033462524e-09,130.25310392492077,-1.2005844912838076e-09,,,
0.5645099093028206,0.05045097452641804,25486.09295042304,885.1872977735538,-9.303153475535671,,,
0.4008592585339972,0.031432486797267796,14408.494970402948,605.5765284023739,-8.904516235741518,,,
-7.934938055966217,1040.1706555751828,9.778887033462524e-09,130.25310392492077,-1.2005844912838076e-09,,,
-0.1369383202042487,0.1643016571963885,2154.8432950970796,273.38103264034896,-7.418829151692802,,,
-7.934938055966217,1040.1706555751828,9.778887033462524e-09,130.25310392492077,-1.2005844912838076e-09,,,
-0.5022504091707162,0.1780516352848339,3933.0306171351776,379.43566354898365,-7.776298132543461,,,
-0.18654683126666358,0.13645349766165746,3447.3765001855463,342.9153360773416,-7.75632816626892,,,
0.5236198657324799,0.0305381256237115,10668.768798611416,575.2217054930932,-8.439304279967823,,,
-2.232607156643662,0.2953200821170585,17046.622563820467,674.7959717813167,-9.138111338058613,,,
0.6190644155212152,0.016187222814954154,28535.88201216365,915.1118214829737,-10.462018760670333,,,
-0.2919593784984379,0.14249418578756556,4107.906499141803,395.43731812960493,-7.821024700204339,,,
-0.12989041467066,0.12873212171153148,3405.0949037402256,344.9878035129117,-7.8926754856108285,,,
-0.3289990922558996,0.17385770177767718,2896.329168379896,319.4925174047344,-7.576869543507613,,,
-0.26656604444222665,0.17322999502971573,2484.6122611643027,292.0876127663127,-7.610181120451568,,,
-0.3545888034972177,0.3126626450142639,877.8032725280289,172.98529125673363,-7.217352220199725,,,
-7.934938055966217,1040.1706555751828,9.778887033462524e-09,130.25310392492077,-1.2005844912838076e-09,,,
0.12455473662334651,0.08683081995758188,3999.3282951405395,369.0344790016862,-7.729386078575756,,,
0.4733280708230042,0.030307256192599694,12739.014033807307,639.5392248899548,-8.897399193575886,,,
-7.934938055966217,1040.1706555751828,9.778887033462524e-09,130.25310392492077,-1.2005844912838076e-09,,,
-1.8768170869735687,0.28612942799927216,13132.492169934949,813.7007491106679,-9.017980498417305,,,
-7.934938055966217,1040.1706555751828,9.778887033462524e-09,130.25310392492077,-1.2005844912838076e-09,,,
-0.7134340276117264,0.472476572916134,797.2466728274602,165.53704552127576,-6.946523868746521,,,
-0.007225022583746257,0.06935714221763917,8904.469959698094,552.4536778172787,-8.38856869967973,,,
-7.934938055966217,1040.1706555751828,9.778887033462524e-09,130.25310392492077,-1.2005844912838076e-09,,,
-0.12585016917057504,0.10834704879139548,4803.449532864245,406.1625119712087,-8.04520483065155,,,
-1.8890850840035598,0.21068311323694486,23374.140905088334,924.0393321200024,-8.798403653150238,,,
0.4341942182075781,0.03277873460814575,12178.505755922408,853.4185240326798,-9.366986366872396,,,
0.44059639750797597,0.020959646832091696,29419.788626224392,670.7017062903988,-11.112152923255739,,,
-0.08707107643739258,0.12460158227687279,3333.8500087351613,340.8506531643578,-7.950541693416484,,,
-7.934938055966217,1040.1706555751828,9.778887033462524e-09,130.25310392492077,-1.2005844912838076e-09,,,
-7.934938055966217,1040.1706555751828,9.778887033462524e-09,130.25310392492077,-1.2005844912838076e-09,,,
-0.16863764308779763,0.14940913181472407,2730.1473374449847,312.53799822972104,-7.577197476266167,,,
-0.9993458303024259,0.39198391251995623,1899.3728683713505,260.25812349819654,-7.416826008205498,,,
-7.934938055966217,1040.1706555751828,9.778887033462524e-09,130.25310392492077,-1.2005844912838076e-09,,,
-0.15249134116119048,0.1385154648650657,2991.6538161919507,320.03898461186776,-7.766194295550205,,,
-1.4935291517006208,0.1534327771410568,27661.452525367153,2561.983351076754,-9.094461623216398,,,
-0.2175196748163292,0.13881097003519322,3434.3739502583794,342.9341973553461,-7.903801742594772,,,
-7.934938055966217,1040.1706555751828,9.778887033462524e-09,130.25310392492077,-1.2005844912838076e-09,,,
-1.4954007843646366,0.18065781837927677,19902.7284725698,625.6815987024736,-8.602917364481545,,,
-0.24176642576274382,0.1646373580997866,2728.996237521075,312.6312077105397,-7.5868557675506505,,,
-1.723423860712439,0.2547699369682114,12891.268413952752,680.7188714943006,-8.476724737377573,,,
-0.2907625981794848,0.19095553355186587,2172.293381108756,275.19197849703664,-7.801947823355251,,,
-0.2647466646105123,0.1505488608706812,3267.919495120303,330.2323379016162,-7.816230041074621,,,
-0.6339664682270227,0.09343782598682028,19939.07438642618,710.9712071714921,-12.872925406782375,,,
-0.143727183141911,0.15022672624065544,2646.282756157393,300.1828645870921,-7.543219411283553,,,
-0.38234719393035055,0.4065322642773139,591.6120298752099,142.50061920624984,-6.797308639732091,,,
-0.08030848428451343,0.1284820903886166,3103.3003941131756,330.03391545585305,-7.9461749861485815,,,
0.22272838797040131,0.0592999748969971,6602.7970224802975,451.82905735164877,-8.264031201748356,,,
-0.14003430651741333,0.14260200995190447,2834.4343321999054,311.22173512958125,-8.064736772202949,,,
-0.20135834614897052,0.1924694157326888,1755.291460051894,247.33296414151596,-7.373229002248515,,,
-7.934938055966217,1040.1706555751828,9.778887033462524e-09,130.25310392492077,-1.2005844912838076e-09,,,
0.5474755548267658,0.026622156885681866,13291.285253711825,906.3404738802074,-9.108796274397328,,,
-0.31341270492934464,0.16116232473997308,3085.9488802905453,327.3894986885152,-8.029815403888977,,,
-0.22459850673669918,0.16404819032516815,2598.321015061438,302.30315416270037,-7.914550605504588,,,
-0.17140791512890655,0.1328884771799626,3465.576516064586,344.44406785675193,-7.820855717629182,,,
-0.2093859424502254,0.16855903072465458,2320.2115847853734,280.68141691795455,-7.572190865896431,,,
-0.20401744982209138,0.14288544363083236,3199.389593053351,329.37297437548585,-7.783741812912401,,,
-0.15637420062328306,0.1424120449056544,2885.0192182066658,315.8128227029174,-7.680352465641007,,,
-8.0,189.59253667756747,8.145119799904212,8.145088644916864,-2.51647324648702,,,
-0.09208220144975174,0.1481326767046344,2365.0771333605257,285.35346272752406,-7.451716482373026,,,
-0.34691294221360963,0.13682153388334595,5227.782161813787,423.07553241918157,-8.455689924820922,,,
-0.8875040745040381,0.10339880316931202,24914.12576239539,951.3700776383572,-10.0649513732139,,,
-0.11731188817935863,0.10148288355935228,5478.2216953310835,442.30178912579385,-8.306963389627963,,,
0.5174543433383127,0.038808503533139874,6746.823389097431,459.6977018054857,-7.991920273067513,,,
-0.1139585871148944,0.13424524638060922,2960.089885155739,315.93103207508034,-7.683073891640868,,,
-0.5275722893869602,0.26248789121893434,1835.6472652807154,253.2481546972329,-7.469383927591031,,,
-0.24846381647613608,0.13642103876667813,3868.9299864094687,368.5498124089749,-7.916120444065873,,,
0.06379581127377232,0.10163102511189546,3438.146776237396,343.07029796566803,-7.943325175063931,,,
0.3570655797401706,0.03674073223218799,12056.462056562283,520.7726713083839,-8.45165739908782,,,
-1.8096078973050929,0.29106657118053014,11851.546239483145,618.5044354668119,-8.693244575542124,,,
0.3543744683915425,0.05054920331928154,6294.79096461001,437.0914071658626,-8.043132273236292,,,
-0.1660450425296067,0.15520989176576613,2513.7693112311435,292.84909867910585,-7.596275476534512,,,
-0.0959251974291848,0.11830268701009425,3836.5052272814414,363.9296298758061,-7.920591417795054,,,
-0.14880833012710312,0.16200145492466483,2161.850816446885,271.4787324134806,-7.799716165846272,,,
-0.18135271044233287,0.14271792384781737,3073.4194508821665,326.6845781805535,-7.7737707701107,,,
-2.9911887359881884,0.8056170169639865,5444.977197357919,435.6577488459985,-7.911618288647418,,,
-0.2815575130164164,0.14374594367399324,3689.11933519004,349.4289042009997,-8.062437153669286,,,
-0.15077332705003918,0.1454759029994079,2785.0427818553776,311.2575196586023,-7.6472219755900115,,,
-7.934938055966217,1040.1706555751828,9.778887033462524e-09,130.25310392492077,-1.2005844912838076e-09,,,
0.009129101483843154,0.11332109522803441,3125.8673745511855,322.85630623575787,-7.675773019026468,,,
-0.21261504310089496,0.13887882056191994,3484.2832693115392,347.7100319994774,-7.734188590364045,,,
0.3239106607882869,0.06205415572636818,4509.076779053039,377.72253857420844,-8.151341415068213,,,
-0.1965839051060693,0.20674944496652892,1479.6380351493349,225.79631728660658,-7.3391937817641875,,,
-7.934938055966217,1040.1706555751828,9.778887033462524e-09,130.25310392492077,-1.2005844912838076e-09,,,
-0.11464665093560995,0.13429604611654355,2936.8860208488486,321.1541133073689,-7.8054518660948276,,,
-0.2712871297584307,0.15305768586393023,3264.7454181602225,334.7663804652701,-7.726628273429459,,,
-0.3409136131999024,0.15280522825300863,3649.287268747232,357.24997682941023,-8.208971306213071,,,
-0.1352145449235445,0.13145675945654203,3307.429446324926,337.7179577678212,-7.659566978980297,,,
-0.058689049241806325,0.12454135125589122,3044.211894462659,324.8392913990923,-7.925748624921172,,,
-0.06546358832681282,0.15656545720137227,1944.4364935492367,257.6841846058312,-7.824158822400216,,,
-0.21589484486666322,0.16969480262317382,2415.731707685429,291.1340171230681,-7.662365733124467,,,
-0.15461923662802643,0.13635977822658674,3226.1691111499717,332.76348613482764,-7.7599890328616805,,,
-0.10697127850861192,0.11993267178503456,3676.355644208333,358.2576025539844,-8.16819763657146,,,
-0.16171919208271074,0.12573635928217605,3780.684462937655,359.76806098542596,-7.853334750807179,,,
-0.1338201543664305,0.12826627772339044,3452.836500443834,340.88011787896306,-7.665290264612357,,,
-0.2039657048608635,0.16948331639179842,2281.104142239273,281.9017012742591,-7.589599159488778,,,
-7.934938055966217,1040.1706555751828,9.778887033462524e-09,130.25310392492077,-1.2005844912838076e-09,,,
-1.897070329549438,0.22960689227562694,19642.914645343117,839.7934213560833,-8.683838683168588,,,
-0.27365849385575125,0.15487921113874517,3224.0860215417697,330.7444500088063,-7.707856179065379,,,
-7.934938055966217,1040.1706555751828,9.778887033462524e-09,130.25310392492077,-1.2005844912838076e-09,,,
-0.15552057324179536,0.11701520234644915,4463.7418049872895,397.31630786861547,-7.94735574594574,,,
-0.2175615549323284,0.15585313877086482,2871.617422824857,315.07929129582124,-7.590562534200674,,,
-0.14849122782260143,0.13820488192387015,3083.247774933202,327.82698676325725,-7.683276238242042,,,
-0.3417919950344114,0.20581206654100748,2060.8352956161625,266.07235206473,-7.536971913073295,,,
-0.048838040243027604,0.08827380250245863,5971.956226978456,451.30906842483023,-8.029511051062862,,,
0.8601602468705103,0.021589374823886457,7779.539407732991,515.8955752043097,-8.732192284178968,,,
-0.2458909314882356,0.10467263516300437,6576.211920075518,461.71038508027686,-8.189435813408972,,,
-0.20122920027652555,0.16756665617069472,2338.8934862649658,285.94843193440465,-7.539689619329237,,,
-0.03675803846696552,0.13285542169169648,2636.660042105235,300.03201257415515,-8.359972131684142,,,
-0.08352313380169113,0.12981394158419496,3029.0334778917677,324.08855915764616,-8.594040657246392,,,
-0.2896578816738618,0.1876076294876035,2269.766198926518,278.7156953482076,-7.467079119618829,,,
0.5035227254721936,0.026162825218607428,15607.665852468579,621.5137301657986,-8.709109897373478,,,
-0.2188478996263667,0.12978551006078892,4054.359664487918,367.893549227646,-8.159974530829354,,,
-7.934938055966217,1040.1706555751828,9.778887033462524e-09,130.25310392492077,-1.2005844912838076e-09,,,
-0.28547449602225067,0.15376159912157178,3273.510638343004,335.07631621963793,-7.802240797564523,,,
-0.21427427884893077,0.1503087527659455,3028.3401505275087,324.81814124309375,-7.665973959314776,,,
-0.19289824569148012,0.17584450249241032,2088.2160514537595,267.5593326665842,-7.5821737901947115,,,
-0.15395326566619053,0.1242773312226476,3850.791979386022,362.1725586803223,-8.051864556709416,,,
0.2105534932992737,0.04450545024687422,12298.881681520643,736.2854818777947,-8.686823042491383,,,
-1.0442248011542452,0.9531737120786651,339.8345608831243,107.88946898258921,-6.49053199262473,,,
-0.14968638584667915,0.12692813011379378,3597.111342579031,348.5319323604996,-7.805834838345698,,,
-0.1843071837993284,0.2523562212333853,993.2802798985114,183.17000457721136,-7.0350098075895735,,,
-0.170474372927091,0.10639959679762333,5397.892445705559,424.14680399817826,-8.015011073290527,,,
-0.05627261040699293,0.14879995557840264,2218.0553056328913,276.13570212326727,-7.790292900204849,,,
0.44651341456241406,0.030995684509418128,13016.060057386516,577.3452706178856,-9.491433352093171,,,
0.24526653704647122,0.044282267299346596,11187.375655955073,639.9345116930583,-8.310819158971729,,,
-0.19947220103850585,0.12858792194341997,3923.4987747331097,370.0971906308121,-7.901798820135529,,,
0.42830351739258127,0.06198583746417323,3378.8800541596847,323.06805820697184,-7.923074148119014,,,
-0.15634764393767295,0.16348438797146156,2216.596749001418,272.65873985856575,-7.546179727836944,,,
0.35676251374109713,0.06927563297922487,3333.0823827571194,326.08225809206544,-7.679757227389746,,,
0.6286911921877263,0.023318721553675956,13365.27848261674,524.658539772629,-8.95800184070478,,,
-0.9892591687510496,0.651085698703157,645.0002378699312,150.10309714769164,-6.883633061760643,,,
-0.2704653671361624,0.14525545612223703,3742.3199886891352,353.1242846413855,-7.760488255897929,,,
-0.19257169442718425,0.14339212340710428,3154.181746506404,326.8468681058734,-7.815529894338124,,,
-0.25025120186254834,0.1466823213289568,3432.2013051603226,346.5064940743885,-7.6606817351348075,,,
-0.4120798041911575,0.15390688091896287,4533.757139938831,399.19952688969244,-7.941420459117738,,,
-0.2850673735736006,0.16347879927092518,2957.314295601721,322.11891891256755,-7.718463837364721,,,
-0.11296507080706616,0.10708657165152806,4864.80010771194,421.8711849236346,-8.192949492375687,,,
-7.934938055966217,1040.1706555751828,9.778887033462524e-09,130.25310392492077,-1.2005844912838076e-09,,,
-0.292367174740723,0.20226583491745598,1970.0939597870847,261.9660788577483,-7.527066123475753,,,
-0.060344410299373555,0.11392053804874351,3662.5445380029064,353.1864658828631,-7.841727554444644,,,
-0.08808195708000545,0.1463328842148028,2318.387674793075,280.8894383953121,-7.739353943877566,,,
-0.12460940294877725,0.11841075572763324,3978.974845959696,365.87092985700514,-7.971727500727225,,,
-0.07120246514707908,0.09642252934568007,5274.925922304034,424.55465538426597,-8.026409825583023,,,
-0.15589297408446898,0.13219115094033182,3338.712022059794,336.98170036748826,-7.7804074433303505,,,
-0.1429988658832657,0.13193815890354768,3305.695004129133,335.73232250833655,-8.092587592678477,,,
-0.099407001074211,0.1360869319036033,2857.3981657060476,309.6765561267094,-7.620175860750274,,,
-7.934938055966217,1040.1706555751828,9.778887033462524e-09,130.25310392492077,-1.2005844912838076e-09,,,
-0.02610353953196541,0.1303363857369104,2609.984065805868,300.57669925158257,-7.871723518883574,,,
-0.15501345782937712,0.12338937243621444,3873.6889493194844,367.75362654444547,-7.788268972797311,,,
-0.8477188861534818,0.5792356578701235,713.6131822324991,159.5629831842357,-6.87811151711798,,,
-0.15972291664706886,0.09532913423999889,6780.395095140826,502.10255396073586,-8.601416378512331,,,
0.025050564067824323,0.10437108219332333,3518.640706510612,343.74140939621407,-7.707441059884433,,,
-0.17794428617371078,0.12571371360503306,3981.5127666525827,374.38874833702084,-7.959605082671391,,,
-7.934938055966217,1040.1706555751828,9.778887033462524e-09,130.25310392492077,-1.2005844912838076e-09,,,
-0.25395417582188906,0.15988001726291198,2919.8432442135177,319.823258332833,-7.61513737990203,,,
-7.934938055966217,1040.1706555751828,9.778887033462524e-09,130.25310392492077,-1.2005844912838076e-09,,,
-0.2085119504302586,0.18298330972890112,1973.5889512114056,260.122244773688,-7.440734447192665,,,
-7.934938055966217,1040.1706555751828,9.778887033462524e-09,130.25310392492077,-1.2005844912838076e-09,,,
-0.22312442658928414,0.13757278506325135,3690.679655832313,352.74302344672424,-7.8060273281237205,,,
-0.2424145882039999,0.16094892233743713,2894.090075994153,320.42705239760664,-7.650859341714089,,,
-0.025788720698316454,0.12306605923022391,2902.1933053721905,309.97427763878034,-8.14298229799375,,,
-0.23245745127955694,0.17851245427867563,2281.84250060492,281.61982670576384,-7.516175869741732,,,
-0.08030845266623578,0.13747528587217475,2655.3878001611643,305.2785741675546,-7.724707750686209,,,
-0.21004445346097034,0.1322469185027061,3932.7745346938605,371.7860830130272,-7.731553092658647,,,
-7.934938055966217,1040.1706555751828,9.778887033462524e-09,130.25310392492077,-1.2005844912838076e-09,,,
-0.22033363287354504,0.13301801395120139,3946.771848660836,369.58356922647374,-7.725533565958578,,,
-0.2015121926227335,0.1332045351980029,3699.5476877196397,360.42280765284494,-7.777631951352441,,,
-0.1877301180335573,0.14294784031647984,3179.8230701959315,332.64268064225473,-7.764602181783878,,,
-0.22454776075023297,0.15885711176441636,2751.153498523005,305.0495943112474,-7.619515265223465,,,
-0.6802269419577219,0.4776954433592914,686.0895492620551,154.1140513978459,-7.110293742225922,,,
-0.1414866018748542,0.13260027340648375,3220.9993700227255,330.87395439366406,-8.925038253063095,,,
-0.18939418300356553,0.15668856869000886,2654.641257819223,303.4057243952968,-7.671956870642366,,,
-7.934938055966217,1040.1706555751828,9.778887033462524e-09,130.25310392492077,-1.2005844912838076e-09,,,
-0.15625616210177054,0.20153204154487822,1450.74025550373,221.61380245374858,-7.4276986262171505,,,
-0.271650403531068,0.18171530622559426,2270.418959073371,278.7847480016632,-7.569948006067675,,,
-0.24136334031766993,0.1515534814960558,3220.3281880788545,337.0135584916684,-8.219915735570094,,,
-0.1805148277159977,0.09975192769279434,6196.574088165567,474.346130944427,-8.354943470953412,,,
-0.16012729301977063,0.13106931873457914,3467.9808347284024,341.90144406491623,-7.723270864689159,,,
-0.19002576672535584,0.14332756639503902,3190.5046480512747,334.0504048043531,-7.609197074368739,,,
-0.13404769210753725,0.13587999784825053,3151.9013702327807,335.4317539590288,-7.827749723127634,,,
0.5020337354340483,0.02528632090050656,16714.428543676062,731.1257120763653,-8.881456304162853,,,
-0.5322983108420649,0.3923723856050995,787.6215733142291,164.27200546234354,-7.091655543650482,,,
-0.2941332160866535,0.14542719932205006,3866.46804482055,359.4485116473958,-7.827207129021771,,,
-0.2279340379552657,0.13217750296665426,3963.1236964031896,363.686101430176,-7.893917873519258,,,
-0.24047781165868898,0.16350949031339918,2729.318667860003,307.7532565348426,-7.606013046041875,,,
-0.41486959677452023,0.3845646058677144,744.5203172170471,160.36581716399533,-6.964135391080761,,,
-0.12422991650508902,0.15141172576621348,2422.8534688434047,287.92227332453615,-7.560670786093871,,,
-7.934938055966217,1040.1706555751828,9.778887033462524e-09,130.25310392492077,-1.2005844912838076e-09,,,
-0.2608715888371392,0.27204395161937756,994.586490838961,184.1422487119452,-7.070534669762455,,,
-0.1824946026579049,0.142515428432926,3029.4180266599205,321.5093746439609,-7.764179538844795,,,
0.19349617054106355,0.3926199234499916,155.151384657233,67.07074182912525,-6.0703890231839415,,,
-0.18905098715277352,0.1356997679756694,3493.591046908466,351.808037864935,-7.6924199218119815,,,
-0.18652232477030653,0.16062329503257333,2436.2273464563787,287.0022428802211,-7.829415389374578,,,
-0.2404345823225269,0.1830237999938346,2143.8171248272765,274.8641183237844,-7.553378946550161,,,
-0.5110577249091582,0.5362016698845468,453.87342120315935,125.17567438383993,-6.665880084257782,,,
-0.3675551087972744,0.12574215982393322,6207.325153702389,451.25043227477204,-8.128623158094117,,,
-0.4780736711344613,0.34853361210718814,913.0806184098586,177.19423029805756,-7.117628449451783,,,
-0.24371843768556817,0.1351136073410323,3964.8975854720543,369.43055505880136,-7.756065823393063,,,
-0.07401484064714454,0.15218853106366775,2178.121593355475,278.22684437844197,-7.459246242493719,,,
0.45739581739629465,0.04330215031998729,6485.647817679825,470.06356008952935,-7.994138865786494,,,
-0.2492649821510159,0.149054985017145,3440.2777917963995,349.9442729056488,-7.827276907986796,,,
-7.934938055966217,1040.1706555751828,9.778887033462524e-09,130.25310392492077,-1.2005844912838076e-09,,,
-0.6612113185989169,0.5710687837266635,497.62667329825416,130.45494188810795,-6.687251953798818,,,
-0.20923204459540748,0.14786807020039236,2999.6947472944316,321.9020109686435,-7.718971592802356,,,
-0.054975839989470546,0.11263045962985188,3671.8043232210052,353.4894992669201,-7.844651810306061,,,
-7.934938055966217,1040.1706555751828,9.778887033462524e-09,130.25310392492077,-1.2005844912838076e-09,,,
-0.2405856693832369,0.1535023381071964,3061.191187832592,327.758716270612,-7.614684745346982,,,
-0.20652506535524653,0.1272163698244321,4024.9604916172175,374.12305809888034,-7.934848405879597,,,
-0.20558334371442769,0.20282220324464015,1629.0357967022333,236.61012385225163,-7.32335290982282,,,
-0.16492937007146935,0.1886202798193024,1771.6647768837183,248.9007593107132,-7.492249955913381,,,
-0.2105285138554431,0.12472558448872248,4139.259592337004,373.1566394524552,-8.310303159195692,,,
-0.30144842730390736,0.1626127573244231,3130.496268762518,327.4719182843446,-7.826630636960934,,,
-0.1342666561178294,0.1474758238770225,2628.4482879969178,301.027323623725,-7.619756455460971,,,
-0.2085883289576882,0.12922497752097808,4029.4170221429717,375.98189712509424,-7.865260115327898,,,
-0.16239582220961207,0.15661131864067215,2440.479617704348,287.4028997418462,-7.692423659914354,,,
-0.30827397282101243,0.19218649711093966,2411.9548448619253,291.93754441967116,-7.691907330045388,,,
-0.15348911662135417,0.13253810991415166,3383.591841593508,340.44095743558324,-7.860661278594593,,,
0.3688224122832407,0.036792514319056634,11536.267172813226,579.3410873465444,-8.543227455695074,,,
-0.2515233951570761,0.11903895308128254,5218.815590841321,423.4074638008566,-8.018697725452705,,,
-0.19829019239049875,0.132376307812934,3663.2602162744015,360.4284819816093,-7.834329461409937,,,
-0.7452425736490885,0.7997424874086311,395.16858062589347,118.7091548002139,-6.935129949550788,,,
0.45609255639690344,0.22209305098895005,249.68365244557785,87.46740687221094,-6.349884490813165,,,
-0.20390916166614448,0.15856973867860932,2666.5806880432688,306.4941835275136,-7.518454795689613,,,
0.4655510289605408,0.028234322480226476,14959.78198181282,690.3548035139675,-8.55262741028864,,,
-0.40978930417384724,0.31015818902008,1001.7531769329485,185.88697407660598,-7.207140470865789,,,
-0.23014708834688774,0.12426186792776475,4552.709539778619,397.1666806732117,-8.120511860783786,,,
-0.10721271122301505,0.12563792202554475,3399.8479523035476,346.00254576666583,-7.910676105505825,,,
-0.07994655589822924,0.13015916601270547,2996.5684739855874,323.30958444552647,-7.894317105614733,,,
-0.21317821479709068,0.14979879829351328,3090.918900295396,328.08192218579364,-7.599376149346577,,,
-0.10580397344411625,0.134147728092916,3025.0546009832524,322.2996061689264,-8.106280201764593,,,
-0.24200803886041916,0.12985843612407555,4312.001985400146,395.66518213922427,-7.768695270053445,,,
-0.10060115755264466,0.1504066132392231,2358.537536760437,281.7384119366894,-7.540915981726045,,,
-0.2881884500931788,0.14104133632581223,4020.6015771528528,372.2234075192566,-7.758698345300477,,,
-0.182482421380542,0.13672073795137113,3346.8815618715107,341.40448180516216,-8.111689558315405,,,
-7.934938055966217,1040.1706555751828,9.778887033462524e-09,130.25310392492077,-1.2005844912838076e-09,,,
-0.6270013473311016,0.13118479500397218,8929.592571527864,498.2503499863373,-8.676998414472996,,,
1.264390319273416,19.68903187586371,0.002872029765574572,0.12027296947665866,-0.010477935835765267,,,
-0.10902035599026819,0.18138820794519536,1667.528538740069,240.42910294389824,-7.346350547760255,,,
-0.08127306775880791,0.12005039869757918,3368.1919002912737,332.0717804037269,-7.959533263359715,,,
-0.22481024146616024,0.13312617774967336,3874.7266103273396,368.21990837201554,-8.011126783434223,,,
-0.38263441524167907,0.28053174802477077,1138.6438397129907,197.55269746094467,-7.39890311146233,,,
-0.22162499333819602,0.15531474079054622,2777.1199094650547,309.2326302105859,-7.82000905542387,,,
-0.41360640180356695,0.1836811130735528,3058.8512395185785,327.86444351454185,-7.672143792782627,,,
-0.12637525854008394,0.10390585278716896,5091.858430321678,426.29031405816556,-7.963880695230224,,,
-7.934938055966217,1040.1706555751828,9.778887033462524e-09,130.25310392492077,-1.2005844912838076e-09,,,
-7.934938055966217,1040.1706555751828,9.778887033462524e-09,130.25310392492077,-1.2005844912838076e-09,,,
0.49620447417670815,0.03042533568493445,11696.03476175457,528.3615193100586,-8.369197623378529,,,
-7.934938055966217,1040.1706555751828,9.778887033462524e-09,130.25310392492077,-1.2005844912838076e-09,,,
-0.24237527414477544,0.1299742681895412,4273.432324627114,391.65845278404606,-7.9204981666096455,,,
-1.9720716542053067,10.370804928173659,13.08166523394089,12.419397107609566,-3.627173223145608,,,
-0.11782520097170326,0.14459920589210973,2633.463967339409,300.4550540009154,-8.033501405465813,,,
-0.6558378642990812,0.13172166490442985,9534.435316566594,611.4487239809657,-8.533858679008725,,,
-0.6257750427548081,0.43183706194360805,845.5660789348016,171.68490803128066,-7.254135553898446,,,
-0.28629259188809614,0.1419864302249078,3769.933497698396,358.62384995890073,-8.181314349617391,,,
0.5319042902770537,0.23883637796145615,171.70931676707832,70.82755631773013,-6.085174062533446,,,
-7.934938055966217,1040.1706555751828,9.778887033462524e-09,130.25310392492077,-1.2005844912838076e-09,,,
-0.1404827835349115,0.13278074228196637,3275.491970607259,333.18493467476844,-7.713279280835832,,,
-0.2815055733082672,0.33324243932878805,736.8978360620387,159.71904467364507,-7.145006550992136,,,
-7.934938055966217,1040.1706555751828,9.778887033462524e-09,130.25310392492077,-1.2005844912838076e-09,,,
-0.1911178340937985,0.13305799488940906,3572.491149918016,347.8185053328537,-7.8276137617916834,,,
-0.21657541389204152,0.14322220201960337,3278.489250914082,338.5773255666161,-8.073032761255321,,,
0.6380019769005056,0.05791737091002776,2113.758229209374,255.0423269906705,-7.580306276134973,,,
-0.17915749430200087,0.12710904203721224,3981.512766816242,367.94329497509307,-7.784003053015258,,,
-0.2594986397044637,0.13195438194353565,4196.9748590977615,387.07633384464236,-8.201924931493995,,,
-0.5064942170123742,0.48607014099235324,472.6448655504969,127.10983393521379,-6.823296814310026,,,
-0.1969965558628976,0.3028103327518227,728.6485507147001,158.16509834361892,-6.91433965687935,,,
-7.934938055966217,1040.1706555751828,9.778887033462524e-09,130.25310392492077,-1.2005844912838076e-09,,,
-0.13124505487553387,0.1486530558348271,2600.777415955809,300.09566028006645,-7.729751029890798,,,
-0.07635557223098571,0.7067899491483745,106.22217266052164,56.22706647500389,-5.9696581269670945,,,
-0.16755844255107655,0.12487683238902067,4077.862838616112,379.9199128153984,-7.822161298545585,,,
-0.40531866582507786,0.17187804271472223,3455.061352713777,340.7434218352686,-7.742784072710542,,,
-0.7058015375553867,0.5197273044981371,669.4847829082113,153.03824001265002,-6.905042128644252,,,
-0.3279322605681018,0.27627608216622573,1121.8523584642937,198.37026225441713,-7.257940144277553,,,
-0.9732111337694969,0.8194990107860886,463.47120023463197,128.89186277844098,-6.634114445655193,,,
0.3543679027302346,0.04340204636550117,8688.675808137583,475.56858703932994,-8.410447885894794,,,
-0.18137193065917906,0.15099691588237546,2751.5794435819007,307.19721088248207,-7.569400813300354,,,
-0.2552069811208057,0.1318041196354285,4215.645768557028,388.30602261261475,-7.890171550008072,,,
-0.13226430969734307,0.1419072406037229,2703.6934829985466,304.1460098716752,-8.048754443285867,,,
-0.3195943049757016,0.16378000306690557,3279.9842465683178,337.3187260785482,-7.662831342685217,,,
-0.1703374960958977,0.12433806970116752,4058.027724315324,378.99531389197085,-7.805736968049276,,,
-7.934938055966217,1040.1706555751828,9.778887033462524e-09,130.25310392492077,-1.2005844912838076e-09,,,
-7.934938055966217,1040.1706555751828,9.778887033462524e-09,130.25310392492077,-1.2005844912838076e-09,,,
-0.30773954631310485,0.3817985490008275,554.6918503845619,135.8401180652236,-6.8252222761245,,,
-0.43466471321935274,0.22223707342673285,2265.0156560475166,281.17715959540396,-7.432820424057337,,,
-0.12862245541372047,0.1292084666330729,3493.0039173451432,345.6664030683435,-7.827484759947762,,,
-0.10059824600036049,0.1342910162703191,2873.007141083154,313.4733378814334,-7.7930864633850145,,,
-0.208534819213009,0.1707056242329988,2295.883799536119,283.6652260055418,-7.483928622167355,,,
-7.934938055966217,1040.1706555751828,9.778887033462524e-09,130.25310392492077,-1.2005844912838076e-09,,,
-0.24274434386248858,0.13908820680263956,3673.971703711185,358.49521034948714,-7.82049223724704,,,
-0.18042877298838336,0.2351829971068409,1117.079601759852,194.83612305302282,-7.114154066733293,,,
-0.4291006617493009,0.3600202770458844,846.0859666572059,171.57592068756566,-7.1114378863561205,,,
-1.7875627588592204,12.16783712102807,8.136256736336913,8.145363377458434,-2.5153687578913067,,,
-7.934938055966217,1040.1706555751828,9.778887033462524e-09,130.25310392492077,-1.2005844912838076e-09,,,
-0.8441602634489783,0.5566485543759175,735.4177752581929,160.59237187057184,-6.887617209993959,,,
-0.23284964861267368,0.26360349638088454,998.3570781864315,185.35869943250225,-7.064113204666246,,,
-0.22980871424508753,0.15552422320578632,2866.8685403213663,312.9997915307344,-7.759091707935072,,,
0.18012523894931873,0.06564375598019921,5994.486796902962,445.89213136926327,-8.035994693464474,,,
-8.0,188.2312714386417,8.14511993881584,8.14509279433337,-2.5049533304620217,,,
-0.1914516368737379,0.16450530310839098,2412.330247732786,286.31151873399534,-7.531056956382954,,,
-7.934938055966217,1040.1706555751828,9.778887033462524e-09,130.25310392492077,-1.2005844912838076e-09,,,
-8.0,188.2312714386417,8.14511993881584,8.14509279433337,-2.5049533304620217,,,
-7.934938055966217,1040.1706555751828,9.778887033462524e-09,130.25310392492077,-1.2005844912838076e-09,,,
-7.934938055966217,1040.1706555751828,9.778887033462524e-09,130.25310392492077,-1.2005844912838076e-09,,,
-7.934938055966217,1040.1706555751828,9.778887033462524e-09,130.25310392492077,-1.2005844912838076e-09,,,
-0.25767650364568995,0.14587065834678753,3512.8437907280695,352.6790612802456,-7.756642326833237,,,
-0.10459594880887427,0.1371137556330073,2813.737524179675,311.4564239911259,-7.555793786188741,,,
-7.934938055966217,1040.1706555751828,9.778887033462524e-09,130.25310392492077,-1.2005844912838076e-09,,,
-7.934938055966217,1040.1706555751828,9.778887033462524e-09,130.25310392492077,-1.2005844912838076e-09,,,
-0.1556311404544337,0.13341922657614577,3403.6323496477803,342.49286091522896,-7.692297898243366,,,
-7.934938055966217,1040.1706555751828,9.778887033462524e-09,130.25310392492077,-1.2005844912838076e-09,,,
-7.934938055966217,1040.1706555751828,9.778887033462524e-09,130.25310392492077,-1.2005844912838076e-09,,,
-7.934938055966217,1040.1706555751828,9.778887033462524e-09,130.25310392492077,-1.2005844912838076e-09,,,
-7.934938055966217,1040.1706555751828,9.778887033462524e-09,130.25310392492077,-1.2005844912838076e-09,,,
1.264390319273416,19.68903187586371,0.002872029765574572,0.12027296947665866,-0.010477935835765267,,,
-8.0,188.2312714386417,8.14511993881584,8.14509279433337,-2.5049533304620217,,,
1.9088576507600301,6.564837086600221,0.016132391239353054,0.3283921292912287,-0.012353491249864998,,,
-2.0117232156932006,12.434025444496932,9.882554020226063,9.672002868173543,-2.9993596467543093,,,
-7.934938055966217,1040.1706555751828,9.778887033462524e-09,130.25310392492077,-1.2005844912838076e-09,,,
-7.934938055966217,1040.1706555751828,9.778887033462524e-09,130.25310392492077,-1.2005844912838076e-09,,,
-7.934938055966217,1040.1706555751828,9.778887033462524e-09,130.25310392492077,-1.2005844912838076e-09,,,
-7.934938055966217,1040.1706555751828,9.778887033462524e-09,130.25310392492077,-1.2005844912838076e-09,,,
-7.934938055966217,1040.1706555751828,9.778887033462524e-09,130.25310392492077,-1.2005844912838076e-09,,,
-7.934938055966217,1040.1706555751828,9.778887033462524e-09,130.25310392492077,-1.2005844912838076e-09,,,
-7.934938055966217,1040.1706555751828,9.778887033462524e-09,130.25310392492077,-1.2005844912838076e-09,,,
-7.934938055966217,1040.1706555751828,9.778887033462524e-09,130.25310392492077,-1.2005844912838076e-09,,,
-7.934938055966217,1040.1706555751828,9.778887033462524e-09,130.25310392492077,-1.2005844912838076e-09,,,
-7.934938055966217,1040.1706555751828,9.778887033462524e-09,130.25310392492077,-1.2005844912838076e-09,,,
-7.934938055966217,1040.1706555751828,9.778887033462524e-09,130.25310392492077,-1.2005844912838076e-09,,,
-7.934938055966217,1040.1706555751828,9.778887033462524e-09,130.25310392492077,-1.2005844912838076e-09,,,
-7.934938055966217,1040.1706555751828,9.778887033462524e-09,130.25310392492077,-1.2005844912838076e-09,,,
-7.934938055966217,1040.1706555751828,9.778887033462524e-09,130.25310392492077,-1.2005844912838076e-09,,,
-7.934938055966217,1040.1706555751828,9.778887033462524e-09,130.25310392492077,-1.2005844912838076e-09,,,
-7.934938055966217,1040.1706555751828,9.778887033462524e-09,130.25310392492077,-1.2005844912838076e-09,,,
-7.934938055966217,1040.1706555751828,9.778887033462524e-09,130.25310392492077,-1.2005844912838076e-09,,,
-7.934938055966217,1040.1706555751828,9.778887033462524e-09,130.25310392492077,-1.2005844912838076e-09,,,
1.0012320494365141,1.9022652853581397,0.4519644313737137,2.318303059150455,-0.674880194907177,,,
-1.1744804958360129,1.5127606028611043,148.59560939662663,68.53220603207124,-6.063667428617612,,,
-0.6073630023395127,0.8324879126021268,228.00284659732574,87.99845626598915,-6.257259352347883,,,
-0.10921301457810041,0.6201350857937576,164.79796200663563,72.92541887460196,-6.220212471882772,,,
-0.031177908497290078,0.3793480344929507,314.8580193319934,101.43891362172263,-6.460967833172584,,,
0.8494383937402822,0.013173404356409896,21608.597333166614,1539.0441822407022,-14.046614145961883,,,
0.8165734412540028,0.01822578757757379,12361.841705668638,542.6307269659798,-10.063104025703291,,,
-0.929788835107201,1.2413542032711171,168.84474475438233,74.18670453816887,-6.073495399290872,,,
-0.42032916541613513,0.15330624641739823,4360.553431323321,389.62699166255277,-8.074028524836057,,,
0.053854351608309134,0.28129231246201286,450.1341527485871,121.00465068060748,-6.6241178017293505,,,
-0.8744577612510699,1.1846722875310123,162.65000973035023,71.6660934325396,-6.073752078063832,,,
0.6105444710504666,0.19564734241779225,205.1388463961559,77.70703103154709,-6.323655787036957,,,
0.12718790397028268,0.2547226875419401,452.4954982728523,120.07473790362215,-6.682795050094029,,,
-0.35230817736615916,0.11382374950693509,8171.439076724028,521.1981794422775,-10.662168746801207,,,
-0.25177077976540563,0.456441333925386,338.0336216344353,105.73562998418187,-6.554196336879231,,,
0.09311502220580178,0.20671398729495552,790.5983905644782,163.58717392092473,-6.966496456017289,,,
-0.5426539980136261,0.8734754015767892,165.30988830441348,72.3747486297208,-6.169798729168408,,,
-0.5609206534837893,0.16595510774801706,5088.373584998497,433.4417136672444,-7.887405822031608,,,
-0.1941740387919585,0.10401848952072346,6058.467122113269,471.676974469924,-8.069832532199735,,,
0.1297609373533961,0.10166667657971126,2811.1948064986755,303.3162276113642,-7.788378419475619,,,
-0.4536869746102127,1.0031492675794127,122.95210920178195,61.76654461873608,-5.901612990471958,,,
-0.5956028966994005,0.35071677588949174,1209.8432446644624,206.45247406284273,-7.194106003708082,,,
-0.20176400265419334,0.13910658049764166,3414.645519308514,345.33622912700827,-7.677165679982353,,,
-0.3070474717740513,0.12452724341484236,5686.71350735546,446.6733349051303,-8.261248043359648,,,
-0.28988346093445466,0.1358683742687913,4224.647903416066,373.91285967844914,-8.001254085548295,,,
-0.2147933147250246,0.12739460768798805,4244.11932825105,395.04751626015826,-7.882946376249449,,,
-0.3655187423500133,0.6029536032360835,279.8644412019997,98.10942185868849,-6.536046124561129,,,
0.1774697764758683,0.3292353812477104,252.91728162592938,90.02604494480424,-6.837690934590998,,,
-0.29519009702276355,0.14753283254829858,3638.7569339948936,353.23428833872265,-8.009235067445866,,,
-0.2596012932569734,0.15880551781753172,3022.779371431066,325.97176324337136,-7.9067557689442465,,,
-0.6638025757726661,1.192467466736084,115.33325206031215,59.364094639182774,-5.895752307964629,,,
-0.6650452683386926,0.9547068181783337,181.94542562805066,76.7681944898579,-6.202579388233944,,,
-0.7394797451210434,1.108949317270903,144.7838928435916,66.88934967766254,-6.03146102698213,,,
-1.2038179047538087,1.7745014650932924,113.34102506345128,58.889711879224045,-5.881279830592122,,,
-0.3041899319646742,0.6971462949910231,175.4061170469125,74.95126165754,-6.202117127822409,,,
-0.19983269768338005,0.15418078703929483,2710.7337637884616,304.9877612238892,-7.664748943459149,,,
-0.4126474641448804,0.15207283019552587,4394.33381078983,386.05137009004056,-8.170008544240142,,,
-1.1300560941426185,1.2651502209716297,209.03122885123742,82.22648801589848,-6.215712193615655,,,
-1.7884283627701743,3.2761505767645227,89.5764875709165,51.713222088338036,-5.6954951441311055,,,
-0.2538557495121901,0.13439598722837462,4099.043029879674,374.7458904125444,-7.782306980582566,,,
-0.24782553136306504,0.07228921840651756,14059.90914908286,829.2665568373319,-8.597385644473182,,,
-0.484569244477787,0.8683483864344769,169.4538117075322,73.84429743971653,-6.184779978334628,,,
-1.9503792921295962,1.963547730111781,304.34822310432287,103.02956321716457,-6.407798141545608,,,
-0.24797823281126402,0.14589022346190278,3492.25817124432,347.151488857527,-7.654636549489339,,,
-0.35288309212447966,0.1507455650338328,4171.636902026544,390.1684958934988,-7.777460714882728,,,
-0.7212640215141549,1.0967342822078532,149.5704033720245,68.87754470531686,-6.109077055569725,,,
-0.3362552895719268,0.5964373096875293,226.12195385329522,84.91098088844414,-6.299492446144904,,,
-0.6418902248203021,1.0483604794043475,131.15818826306375,63.785151217601474,-5.97715564433982,,,
-0.2994676682931912,0.11520703885530706,6241.502729239869,467.0442862473464,-8.006357875924284,,,
-0.10835090736529766,0.1108200785392006,4497.236957179374,387.96945249743186,-8.059830576002355,,,
-1.2388608237268675,1.3705342040836723,235.4552373356921,89.17067757062169,-6.291041325272877,,,
-0.2719211975011158,0.12983200329279715,4528.256758857556,385.5279774284307,-7.891874098486845,,,
-1.6039810583864782,2.552066882285825,153.24248742584527,71.1539440060409,-6.292518844599522,,,
-0.3925660538840735,0.16689988102665967,3627.602805310627,352.8849098984986,-8.234683835258187,,,
-0.9502385581707079,0.5720671187958573,776.880542357314,164.99046537749805,-7.02336762643337,,,
-0.21374808433897685,0.26656849439313524,949.1952141356523,180.31956721148262,-7.0310189206428815,,,
-0.4132164228851226,0.19221017399022017,2809.0194693426156,311.0330833887084,-7.649728233648976,,,
-0.03362265298459885,0.22819231235204934,870.5862639737045,171.93287550581204,-6.989147471800526,,,
-0.01785539644762924,0.42867948785819343,229.00384864647293,85.60585831048868,-6.3054147063264905,,,
0.21713373485342571,0.18621612022465547,653.6663747497306,145.00000309806128,-6.939142434035455,,,
-0.41505059461255417,0.19142473331891097,2787.1276998982853,313.1918721128024,-7.73937448030737,,,
-0.2507914027187115,0.13481576758386293,4003.9367176608575,364.20328017098115,-7.846607477009783,,,
-0.5089294474926078,0.44661288204265776,568.1640056513517,138.57955414383093,-6.949816760650381,,,
-0.47275343804113745,0.7643140800378627,167.39738195607785,71.8844581328273,-6.223014116576825,,,
-0.23605663754662462,0.3272356905924104,663.9792226041723,150.15632181135715,-6.870077160487525,,,
-0.15741787522627707,0.27696235022693116,796.0319138804886,164.02995422163798,-6.904649605424019,,,
-0.2765071018282285,0.3676958374348625,591.2462880162988,142.68699645995713,-6.785221779924114,,,
-0.2552601518209013,0.3322366895026331,678.1319028570454,152.10438989153013,-7.008027272667449,,,
-0.28609699734650634,0.5380461364721952,287.79532494073226,97.30745195962882,-6.486163170614462,,,
-0.17882255601008976,0.2821251781773986,691.9670105948643,150.3379496027467,-7.406227184705917,,,
-0.0061755209999287825,0.10526202773527744,3720.360698568655,356.4534395408237,-8.060335299698558,,,
-0.13152929869970165,0.1919444071195973,1477.4971451335587,224.90816385338783,-7.380693475543379,,,
-0.2443595507805452,0.11419566525592895,5761.538893208579,440.52223790933215,-8.184193332048553,,,
-0.24906632787724575,0.14377005393646577,3498.697904984023,353.2662208707215,-7.802721756365849,,,
-0.5799721236412252,0.24219985040287656,2281.7011794850846,280.13853656950363,-7.864980494959837,,,
-0.2996393638548734,0.15516588373572054,3339.774236555138,340.0654758538213,-7.9030555518366405,,,
-1.6723232833188928,2.154099575361597,169.7996214810886,74.22475508936249,-6.0685934384625915,,,
-0.10622178163481777,0.11808425506707482,3924.7023978750603,366.6543076750656,-8.448484711659644,,,
-0.16925573357000792,0.16025370893509308,2382.8006042663333,286.335909667297,-7.520842396852638,,,
-0.355488024625288,0.15735699365608652,3844.633283377038,367.37576545202546,-7.746168396452988,,,
-0.3350072397938993,0.5657810451323042,286.84889190824515,97.98532699890667,-6.367988564413077,,,
-0.32093590089775303,0.16408175527759378,3137.1955857591074,327.96480279159164,-7.795009507720964,,,
-0.5055980642520153,0.9204689554986016,148.57152089180732,68.53996458887649,-6.006277903204809,,,
-0.2708043019598063,0.21296913837819098,1661.517983241124,240.29024513339434,-7.345412968716266,,,
-0.37137061152305745,0.22135441182642346,1922.9043706471034,258.15766254424136,-7.417818430577124,,,
-0.5795727364861928,0.8849598474415858,159.34130496674788,69.61543142321513,-6.122792196375722,,,
-0.4707545655936164,0.5471443174329669,434.08181942589545,123.19253140763843,-6.779900700298253,,,
-0.25595936788420703,0.12454711244897702,4867.841336942753,411.1653970780323,-7.840821648412971,,,
-0.298640638405572,0.1568388908618348,3293.9575541021586,337.321169654105,-7.797304313320052,,,
-0.4958700166438927,0.225892199526606,2299.41530433655,284.6150944096647,-7.687652106844675,,,
-1.6518916823521872,1.4342815812797374,341.14594866187065,108.46982250023522,-6.504125967263073,,,
-0.2657505553421537,0.1523321994626025,3224.0860204383926,333.4041979066383,-7.834023663416695,,,
-0.25228052624368064,0.207884358786055,1717.1638487983896,243.43270165260546,-7.44593186410173,,,
0.32011912997731723,0.1870855383624907,519.5211478141919,128.58838814557413,-6.71367689557063,,,
-0.2675581569840842,0.1582577381172736,3087.668036091276,330.1838159447917,-7.643249864283415,,,
0.2791943858798688,0.04937349597438926,8426.177918067662,579.8684635708039,-8.987870783741196,,,
-0.2219092785361536,0.17189874476060718,2365.7848323059543,288.08391914082404,-7.776967876638789,,,
-0.6911304725352698,0.851508332924272,217.76933227023193,83.12535961629277,-6.291523159127399,,,
-0.2905779468404827,0.14470909998527645,3748.2525256405993,359.231358948497,-7.870350195934735,,,
-0.5478353020328741,0.21453726976021073,2886.8065823966376,321.50948039620135,-7.677881424697513,,,
-0.3067701872764196,0.14783419497075861,3887.4729571868947,367.8756058379932,-7.725347949981623,,,
-0.3608536132413563,0.5811367912620492,230.6265388059269,85.28536152385023,-6.552277959093607,,,
-0.4271338766764244,0.7751640721082633,167.06653408940102,72.51970476237089,-6.2023107904167585,,,
-0.30927812301464835,0.13429279945577638,4699.3483168582425,403.69337540550845,-7.869347995102606,,,
-0.17380259560118988,0.10732386569036174,5408.202168232003,430.5121693258172,-7.996863029190093,,,
-0.528777660252036,0.7430191420778213,211.20819452718857,82.80867434457168,-6.357425031559103,,,
-0.2881381844085861,0.133785952584588,4365.781525236788,383.0231956778564,-8.082975710097614,,,
-0.30454834153572585,0.13873060106200916,4324.69731604893,386.32625542911785,-7.898219183585628,,,
-0.5166039161367512,0.16833243465371545,4424.716101198653,384.4343639146151,-8.19265416387599,,,
-0.8688782584666017,1.4434111466315023,103.3863472903703,55.58373098464306,-5.811898291162228,,,
-0.2197019761070738,0.11877344662787535,4865.283594016631,409.7808696904205,-7.903687619381377,,,
-0.4464806363253018,0.7122057884679714,229.54121456797787,87.00244076030924,-6.313430083153419,,,
-0.6484909453210868,0.6361461367975367,424.230903478188,121.1426078218303,-6.6038628513141715,,,
-0.23983631634283453,0.12094763150111001,5045.402871897522,413.6386109165712,-7.846889883575667,,,
-0.9331680898754519,1.704401293313446,92.9438317645557,52.55304942964841,-5.712473323509886,,,
-0.0021764912625236604,0.10785644273509744,3841.6095228168174,368.332523749319,-8.753218271673468,,,
-0.4085367572928013,0.5942374848640868,319.65602531423895,104.5474085527196,-6.58147674966281,,,
-0.2296691237064418,0.13049494606704645,4155.083923967862,380.9115411675794,-7.842372649200795,,,
-0.22146401127244178,0.12332705586634142,4532.584573318216,408.99381703346705,-7.91611686325451,,,
-0.6063864017222911,1.1343651309653013,99.72822077171467,53.527302289761856,-5.884033445433825,,,
-0.3611490636054996,0.15770975035085072,3786.15336463147,358.3747880226146,-7.726063105535104,,,
-0.21823585735545414,0.1373045773630803,3623.352606206396,356.70254914039185,-7.740881875067495,,,
-0.2506304252717485,0.4330427496886419,427.10478909870335,122.37563972690222,-6.712191202132078,,,
-0.46245261478718847,0.5074917800774411,397.61345271357675,114.80123701226782,-6.841588079026961,,,
-0.5617217549692459,0.962614056814666,182.83388700970758,77.63479581772467,-6.233872610724519,,,
-0.615398166966642,0.8701212294262803,178.13130139770735,76.19865124216176,-6.200432822363819,,,
-0.4395997956379072,0.2724385733879004,1441.94729479298,224.67664731599356,-7.414699070916504,,,
-0.19472604756312717,0.4111655338122918,358.20612915575265,107.07742260556975,-6.759466568065586,,,
-0.2111408291012981,0.13830749561683786,3477.886605742905,350.49806900756295,-7.829065492632324,,,
0.06209193107280074,0.07342034140824825,6459.944673558299,480.4317746887769,-8.119287078290194,,,
-0.2822838439862814,0.11297326116677382,6334.765616765137,484.60834367905795,-8.034337470982173,,,
-2.0306301715867257,2.9049761475610163,137.31538208687783,66.26236166039385,-5.956876028885356,,,
-0.8092003474961083,0.8689112901777206,257.0401653616652,92.11748711327533,-6.525084858045566,,,
-0.3156228947527166,0.13207417196430826,4734.810692144199,408.57090690595624,-8.111501008589757,,,
-0.47324751445900126,0.1818693391982909,3534.71569203733,357.96783706472416,-7.93888086226529,,,
-0.3662189914865589,0.14973102879708947,4099.290990008299,373.6540638874767,-7.9529495928086265,,,
-0.3790464126550506,0.1752569862009952,3082.7268627306903,327.56436514842943,-7.732951617120067,,,
-0.5029583736880263,0.6930066669473818,218.8797655158471,83.43022157567584,-6.399269838750678,,,
-0.07217959813100729,0.11309926790696613,4010.8676362080064,374.255588143953,-8.010751561876662,,,
-0.36694245741022274,0.4168744433927392,556.704482374236,138.05660324323836,-6.826078632073333,,,
-1.0221904104895454,1.18214473903213,216.92810993670653,84.64879022120016,-6.241868881095823,,,
-0.39957575460558004,0.1453353075800663,4624.703514513786,398.8336245935424,-8.341611108974442,,,
-0.520430052050882,0.8138476754171595,163.04556332497472,71.02132528881701,-6.1832519589619785,,,
-0.535121574788725,0.7940836657652912,180.3605038315386,75.40956878589019,-6.229556334488338,,,
-0.191430025903949,0.544147925672219,214.01402081326512,82.34781895230027,-6.198464530863648,,,
-0.37912007334864184,0.14345606768803154,4893.943151455882,414.71079112559227,-8.021536443936442,,,
-0.26332364599137703,0.14952105455796733,3512.206617587778,350.61317177268563,-7.7352752493599235,,,
-0.2234287807495177,0.16264116821316796,2603.93969725073,301.9570507451899,-7.816136286319534,,,
-0.8945489934086833,1.1071719585478395,206.1030396245442,82.65077444119635,-6.283424695475776,,,
-0.3378276735961948,0.1666228753510211,3276.6708142929615,340.66703122300567,-7.648588630250081,,,
-1.7220720744765399,2.9773665683978487,127.52516375978387,63.98152367383244,-5.975354995434138,,,
-0.23836004144622164,0.14486794130706068,3457.238323279308,344.0740829976259,-7.7909839052376135,,,
-0.36976010738094306,0.18671525431370972,2732.680947453441,309.46550629726806,-7.611399017435115,,,
-0.21489353222075813,0.10704684327679084,6064.86480237615,472.8393841255419,-7.993580613067468,,,
-1.0423893963186204,1.5143774488752848,124.44919280995363,62.0711527265744,-5.928297989070159,,,
-0.20084808370168136,0.30022195565587373,716.43334314734,155.35574958513803,-6.93761075342634,,,
-0.3234926561570824,0.3918024641053196,516.8726900383054,130.54986774893254,-6.919330789686002,,,
-0.3740567435627046,0.1260420401584577,6045.739341267181,443.7163904950783,-8.02066762178042,,,
-0.7701373999558765,1.563973884734236,87.86755228634165,50.967449733552314,-5.829125470510593,,,
-0.27765685087300257,0.1282622120006456,4772.4041885050065,407.23808771903026,-7.953655256254714,,,
-0.34342908292963803,0.13764237888187644,4492.412624525358,392.8002705503797,-8.49841845846008,,,
-0.2200302337373709,0.18309001833777608,2103.604417389564,269.5883388392065,-7.401993189956091,,,
-0.3366796001964293,0.13965017955382625,4540.064328308793,396.80566708680425,-7.873007258395164,,,
-0.25574927713620105,0.15580445485074182,3141.7552674061812,328.44955036357067,-7.725475944738293,,,
-0.3737670029628376,0.17597405714548267,3211.9651101219956,335.71075337568595,-7.631727648617749,,,
-8.0,143.85838958706452,13.943869858937221,13.122901991225374,-3.741888313918672,,,
-0.191557084864282,0.15151043624474247,2910.731935283553,317.64438080054566,-7.623453110807506,,,
0.33504403472664146,0.2973387161147587,192.80171303302484,76.73537371548137,-6.237328169295462,,,
-0.7475424707058792,1.449549701622583,92.11554943771819,52.17799777043916,-5.785020352585891,,,
-0.6734193009621187,0.26156256679682155,2564.195262657017,301.68033331784227,-7.623680181383121,,,
-0.5510624012931831,0.2927863478593024,1657.06782729383,243.1378637635725,-7.461627263452128,,,
-0.27431746478966507,0.12851440431548092,4516.472028954846,393.4472889173625,-8.517277023505962,,,
-1.4303952453311635,2.227119280527695,135.0151343259015,65.89936915878101,-5.96443622918383,,,
-0.6979194500636074,0.8669178714621285,215.58953935468406,83.78718173700427,-6.284077196326117,,,
-0.4667802458492797,0.1882769365170811,3219.7228118749867,331.57709168950305,-7.762182741474439,,,
-0.29979742033145196,0.15067257233484313,3555.29597306526,356.6809730096026,-7.768570709177212,,,
-1.0609819901551434,1.9837858596658466,78.70946239474881,47.410392791637015,-5.636430909758328,,,
-0.2918350195636283,0.11155006977899977,6384.01840987058,482.61458025713756,-8.253165855108024,,,
-0.2605687824969491,0.16554835907192078,2683.7764369274655,304.54942852680466,-8.074672040960666,,,
-0.8261369831569968,1.115990914587344,196.09804073311915,81.12621057772569,-6.176807513426291,,,
-1.0322822088346817,1.5054105284578516,128.26219412870861,62.74147103414531,-5.924883143997653,,,
-0.2667841973116815,0.1356499591014122,4049.491477428929,369.33493604485597,-7.944987750598333,,,
-0.22209603779548326,0.11150445569767098,5488.63990971732,441.1209696143446,-8.029882746941057,,,
-0.16051216652561054,0.457071976665322,284.22426006340385,97.56203072703944,-6.471622677375134,,,
-0.6729551898278923,0.889798406477756,194.26320402610958,79.26765243678003,-6.230827520381035,,,
-0.005878681921901249,0.23800154891200925,746.6710699496474,160.01718363362713,-6.978875771319257,,,
-0.28472778139044885,0.1340727559189558,4482.736530553463,401.0508948849746,-8.168153482474041,,,
-0.4720458934414857,0.18022445427441888,3515.4647936386727,347.5661982527939,-7.846756318438926,,,
-0.2108134173219963,0.14559393750659258,3241.457406350957,330.3373058762398,-7.715633068323495,,,
-0.5313155842126728,0.17483406785372121,4072.551000038047,375.65756130948233,-8.369831785856093,,,
-0.7162312899023888,0.2437388623469292,3079.986520501046,332.0820800744016,-7.702534236245084,,,
0.019976639617037776,0.2784807099231134,478.84789917177227,125.10807891190169,-6.74962735392186,,,
-0.12391611883906786,0.1262688451667828,3545.6943538571527,350.74844064913805,-7.8587632894403,,,
-0.2733053650906484,0.7274462768389431,143.529522287508,66.03530045715002,-6.016135065611255,,,
-0.21256790173158002,0.6651665251576222,163.2084229033458,71.95298771930246,-6.091028638647342,,,
-0.6762643127120894,0.8302195436828183,233.65848844095444,87.71996920672126,-6.391051222353433,,,
-0.06252585445541209,0.367757979966349,358.5416053293545,108.40691748330612,-6.484788820671931,,,
-0.3288695155971364,0.144535127047187,4110.351756369415,377.56290364176107,-7.856619938886618,,,
-0.03865748870420086,0.07045730802300373,9576.742896327274,577.7828118860086,-8.948127014260109,,,
-0.1568818107144188,0.12096549081488517,4075.0765960251656,373.88459695526285,-7.850745968195599,,,
-0.436168738608798,0.20167185040255217,2806.4148294517363,314.1745289918715,-7.6820687876540115,,,
-0.0008332881761753697,0.5277073706281799,154.78416329002135,69.34362970915036,-6.201478999645717,,,
-0.4396781015700047,0.1800042767785371,3419.1473011405146,343.57743510692467,-7.788732296661973,,,
-0.3594107394073212,0.15556047673639062,3916.311912715813,362.9363924536057,-7.918305396988743,,,
-0.8552076293691022,0.6064955777702211,579.7187884802606,141.15074175425644,-6.882874827252025,,,
-0.42054004962926667,0.1610635615539711,4055.68854010812,381.29667036897047,-7.822023505325043,,,
-0.33421491526167973,0.14053445490301542,4476.214545796677,402.95472557866697,-7.981907039408191,,,
-0.2842470983890144,0.1359482465095537,4448.6453989816,389.82890915671203,-7.814294916734318,,,
-0.21636283215612026,0.14230336453958245,3402.970241849723,340.81823460010025,-7.665128906552605,,,
-0.35667357118120263,0.17864931131649386,2879.3774913222805,320.2490389772986,-7.642068444725777,,,
-0.32564401845521423,0.14456696187460383,4014.279836994631,375.07780240690767,-8.048127213127163,,,
-0.8841487271733621,0.4074710560719485,1563.496043492924,236.90412021244154,-7.287032529993235,,,
0.11257720497622334,0.08001363698334008,4806.7387298207805,403.89392703026584,-8.082984846855425,,,
-0.3413266934393723,0.1660082530896632,3169.704436517515,330.5961017309441,-7.8095969094725906,,,
0.5926752911108553,0.15076681152966645,362.3110517502539,105.49936356113355,-6.764921561697373,,,
-0.14943121823889136,0.14518413480735048,2746.3472708045592,305.5720760146388,-7.9249879812144615,,,
-0.28034126838466134,0.5638793109656779,216.4464669086387,82.46124437080682,-6.343194490056697,,,
-0.4207681221775728,0.856992452984661,122.77523185786771,60.45333241456641,-6.014817085602004,,,
-2.11799851737292,3.77326764617471,99.59918773828497,55.10152665447459,-5.75811943175631,,,
0.1386950573780941,0.4558733000743983,139.91671964248007,65.70230360017267,-6.286595580952662,,,
-0.28546862124532335,0.1516075244424552,3479.183998965571,351.70033021778704,-7.748212926896444,,,
-0.8040799333361894,0.3966073502637479,1379.4277609856517,224.45932176116983,-7.295824425365998,,,
-0.6797722580081833,0.9091108502494095,190.14515267401674,77.2809120814422,-6.210516823111821,,,
-0.4623153309776529,0.19052388420931587,3123.5784019522303,331.5894137288418,-7.7062750532646245,,,
-0.2186254564132425,0.5163692286783695,251.95148682323733,89.91321234439557,-6.820873232737894,,,
-0.8557905711646244,0.2674566033877854,3060.2261011822275,326.08898486068887,-8.285137955102758,,,
-0.7792453295088283,1.016224330371075,189.44175496760027,79.03875424976752,-6.208928812124465,,,
-0.764788876708078,0.913195257194404,258.1996978922189,93.574430210321,-6.373867123962938,,,
-1.3173744592344163,2.986010456294667,61.51762593778655,40.96058979814338,-5.477579397486644,,,
-0.3396897470342401,0.17872087612618823,2758.4708390509386,310.3459322166253,-7.6065278177449756,,,
-0.2269950363021238,0.585943272133288,231.76893144801514,89.2915890919376,-6.603351338225791,,,
-0.2690387695322774,0.17661647160178984,2415.326341154657,291.25061349104493,-7.573382582712661,,,
-0.7343014552071223,1.159406468265501,134.26746409752727,64.64359233033693,-5.9792221556481016,,,
-0.25273766802001657,0.44093400499694196,388.1822237742657,113.77787170362718,-6.540023280230194,,,
-0.7274933139782841,0.8823581917880846,229.1216001377116,86.56423605732299,-6.3484300420439075,,,
-0.9306261885736866,1.5342917584991553,173.7380435617164,77.06008770549784,-6.431515657499992,,,
-0.2729065865370469,0.17527233708721207,2476.473856166814,292.37856175447007,-7.563561318860693,,,
-0.41160809778142,0.5262720919318926,370.6335678668356,111.66114046316441,-6.5096225849498355,,,
-0.24744725131525017,0.15865791420493122,2907.8879528568054,314.3037414189734,-7.593698780278819,,,
-0.13769994852171435,0.5392267894553286,225.47791647748082,87.35295308287638,-6.391573687508875,,,
-0.6884654588852437,0.7304168311939728,327.3040654544386,105.79683977659577,-6.448257065040732,,,
-0.620009882582891,0.18722130817222601,4562.014309214533,405.1199628980401,-7.786354567492784,,,
-0.5042025409783023,0.7088943406352094,211.27762874081708,81.89734559701101,-6.360884385373585,,,
-0.35464330272261024,0.36924202744031703,658.6115648095109,148.8203078410185,-6.831658975621208,,,
-0.44687143043492167,0.31768801353037524,1040.0219503716937,188.20417618023907,-7.191597785508361,,,
-0.212147786389147,0.24359813767659128,1071.339926440603,189.45767058979305,-7.411851002545383,,,
-0.5902539203212978,0.8514415947860039,205.97372823429777,82.1784688149486,-6.210005798802339,,,
-0.48945465592618703,0.4673439245670012,482.90630995219584,127.35132892159143,-7.048850336541211,,,
-0.9326004194271204,1.3567197084108369,130.99605019342013,63.82494729052667,-5.949434108944504,,,
-0.777999950554795,0.6877891623476017,408.33076962453157,118.11989039908076,-6.682883203454874,,,
-1.2967785082310506,1.5278267752652528,199.83067680324785,81.5149290336482,-6.1752437391632995,,,
-0.4444528590718155,0.9164672545149456,110.75170712586407,56.9145223661484,-5.919393245230203,,,
-0.13626003980680415,0.4864258485142617,230.1904714485888,85.51261310555213,-6.416645545914552,,,
-0.2576478708070723,0.13151845064753245,4310.794606835706,385.88227814553875,-8.084807497729225,,,
-0.5659517918781927,0.24242987848683903,2379.2041644762994,294.23796675807716,-7.598827775549336,,,
-0.4701813170077464,0.7379130296001507,191.38158398581623,77.85961515002768,-6.204283354786221,,,
-0.38528883794306534,0.703520814153185,167.33430097967144,71.72049396356334,-6.255436294372855,,,
-0.29176833090097654,0.16428510219176498,3039.8589968157676,328.64835556320804,-7.602220980732101,,,
-0.35432823599223323,0.16294127001867162,3544.2357026505247,348.5496464316526,-7.870689817133269,,,
-0.4117395466773642,0.166431184553002,3794.0372594711484,364.07610485279764,-7.782992222818393,,,
-0.33156644872252566,0.14974163735207213,3863.901778449043,362.0791936301977,-7.963182606629904,,,
-0.5457258080779529,0.7420436288572375,209.14285551949683,81.37908060220191,-6.338794598971425,,,
-0.2147873433347597,0.11490468726616362,5283.016112644565,416.46897310739945,-8.189799339370333,,,
0.08696584685841463,0.3920421919841658,208.04734093352937,80.31906226936192,-6.213255057889591,,,
-1.1132766194869002,1.9642727349983629,79.5317214341271,47.5952626400871,-5.651918461955565,,,
-0.39918271086995555,0.16263063232774566,3847.5979308676483,361.3134548025645,-7.802139467865103,,,
-0.2575096176234499,0.14740001784394957,3442.1748887142626,344.6199461385316,-8.106748142953238,,,
-0.5082205465420941,0.2513359723380608,1989.289115399642,265.3680704154805,-7.395077008994256,,,
-0.2135530042340751,0.13433197055066226,3844.793871854354,372.35268402363357,-7.800586263636575,,,
-1.0546334879287609,1.1287017138436286,217.76676741274997,84.33764350260991,-6.35590405432785,,,
-0.7547017020303457,1.1902228239526915,130.90879951773334,64.13154604111195,-5.966191933708665,,,
0.06915868025143927,0.347036776258975,297.4565723667379,98.56576564909464,-6.403387106303941,,,
-0.3525542131380538,0.16925445077265633,3232.7863167842024,331.6987227081473,-7.67657535942313,,,
-0.5619291769206396,0.7618311547120944,212.3549049729156,82.3887649770568,-6.329980519022691,,,
-0.49227267468002023,0.1730656086608334,4053.14092082182,376.6620969757528,-7.939088713876985,,,
-0.46536229998752754,0.17882377146525058,3503.8766698848444,351.86231509277235,-8.000659951744433,,,
-0.3372284425733822,0.24065817486608818,1526.7463293331637,230.2597464984239,-7.277057400002685,,,
-1.4991288705828416,3.4116867443063303,48.45225635859508,34.75920963393711,-5.2633539648319525,,,
-0.03989287632043044,0.2564434800620989,695.0296871546492,152.9428111546349,-6.873325724493675,,,
-0.13193720177310475,0.45540267507486726,257.2384042541188,90.06965372324039,-6.3647745196980585,,,
-1.219817689912426,1.5672760932371648,177.40479348129412,76.66899902370388,-6.136751963058996,,,
-0.20508694758209492,0.1129298500824359,5389.380055704878,434.78759877851775,-8.321637221229437,,,
-0.26859890445839274,0.1372302942817637,3964.1826400995833,373.45305067949977,-8.029451817874612,,,
-0.3229474641857412,0.13561007412075518,4585.376998420923,397.43942306101997,-8.622436121175312,,,
-0.3771363643728422,0.14217910502861913,4813.360514004214,404.5305203993538,-7.876506076064255,,,
-0.2711524678606731,0.12409857598841972,4947.639762038511,424.3524417773354,-7.938237977963552,,,
-0.34268480720915045,0.1351423931641513,4887.5858699219725,423.96731520725206,-7.907082075664388,,,
-0.2399803421567101,0.10134660339957356,6911.320638213465,504.0514890545731,-8.200195097997025,,,
-0.24369730748971263,0.12234763449958991,4939.747907902468,421.0732981067077,-7.863311162872316,,,
-0.05980947765573914,0.37791799768738704,319.1905172402523,101.62104521558337,-6.485181553982064,,,
-0.2679975538470165,0.14948123720991832,3518.200940705655,356.3561642064231,-7.977282858331557,,,
1.4632999048631883,0.005163705978271387,71158.22000333476,362.70341089301445,-48.64881313755268,,,
0.8391603435062354,0.01261018762176067,24098.34897737172,839.6015882334877,-8.886084614151548,,,
0.20256493063119282,0.1445779244474633,1105.2895987678621,187.04132087217855,-7.710765489009314,,,
0.9034852841049384,0.033593553998506664,2816.1699643553643,285.23263562873507,-7.874297730740506,,,
0.07928445674579533,0.3437804419773246,278.8842363755108,93.90535889654811,-6.369982541344604,,,
0.052094145033857925,0.2866209294698835,459.515122067943,122.94272796341119,-6.813943618307142,,,
0.03442388385900626,0.3803229856133048,279.8075710265633,96.31943184778578,-6.435852203750355,,,
-0.17443406255575294,0.48033092970628044,224.71469052529633,83.0261257755354,-6.668868791067214,,,
0.11185498108076204,0.3711783777396667,227.04576959596957,83.88648152583441,-6.301201360536075,,,
-0.436542639419486,0.7637192241171478,151.50496008404454,66.81420741612787,-6.2118089036869755,,,
0.0650890723706448,0.4103670584266069,217.16169299590328,82.75217159518569,-6.240789571210791,,,
0.1587058074292513,0.3011693849010451,289.97748142036056,93.86271308110476,-6.414318550595145,,,
-0.32544189737293444,0.36080852219414133,637.0364201168563,146.7058052386417,-7.122795164174252,,,
0.5814252577881445,0.05103469397086639,3257.23695662567,320.81230859025226,-7.718829921461533,,,
0.2681823529544683,0.23514443348294506,349.00858047052077,105.04283208178917,-6.6382746739254905,,,
0.21900820756769446,0.23486827393520668,441.740194814029,122.03296923309773,-6.707040209600689,,,
-0.8906772282234799,1.2145725087864951,153.20274901617452,69.9097699261464,-6.0455025110129075,,,
-0.10134712010842835,0.40683732720454546,300.3346929072232,98.55616030229334,-6.539509209876509,,,
-0.18022064590996212,0.4752719075546298,275.9810861501261,94.99795273052938,-6.448510395541717,,,
0.337178630243906,0.19636946566540228,456.1592759822955,122.48195913264881,-6.721595925506088,,,
0.7633833104736406,0.3429776913046594,41.69524431766588,29.28733105564487,-5.163893403985291,,,
0.22701910328961505,0.32734545447371616,211.38878088123502,80.26751402930147,-6.223318310222312,,,
-0.8571899522236714,1.3888151572872212,157.76484021137168,72.2458891875023,-6.13319778479229,,,
0.839844573512909,0.01120614579220241,30549.161100023714,534.9565632083418,-9.432339956288235,,,
0.099289132665264,0.2955961640305889,342.28232765041764,102.68260198433578,-6.588089152010585,,,
-0.22295918786480248,0.12568413603569287,4340.303811278248,389.9587154289021,-7.996149627203746,,,
-0.21944258197854977,0.11703890260999135,5080.332378597449,419.2797881691744,-8.510119567095408,,,
0.0197732958672078,0.6782370488707451,101.59574992094605,55.45070292729164,-5.951552279738353,,,
-0.1737119524860843,0.949325298628147,75.13674851285717,45.741193939032264,-5.89228922439454,,,
-0.06798259443618576,0.5149218784139915,197.5313335002925,80.08410439695865,-6.242835972809464,,,
0.07697782432806635,0.3205646441019285,310.93511932890164,98.60049610932089,-6.504695766855281,,,
-0.009306791102551722,0.536486640143715,144.05205816848184,65.918576635506,-6.003781230473321,,,
-0.27108946419148,0.13553713405981754,4214.796933424656,385.2691975381565,-8.092335821850078,,,
-0.3848713892022966,0.672041654830202,189.9883466325699,78.87913861674977,-6.331880492455376,,,
-0.8346221325486434,1.0435628292775672,226.86967186308175,88.05917628030465,-6.257267543943389,,,
-1.2126253915891485,2.462003903010254,68.47351861725559,43.66688662706481,-5.517554708660549,,,
-0.34113141149232357,0.144763398718364,4348.205102854077,393.9654518309338,-7.872858687066341,,,
-0.5105019610005598,0.7158906486227673,264.5660958750674,94.54444831777401,-6.37911775886767,,,
-0.41178336070875526,0.5937567807597743,242.43358653956957,87.85242167037254,-6.573684124894326,,,
-0.5435928813083402,0.20591153069622317,3109.939440785606,331.3768242526238,-7.722086853935068,,,
-0.6035427693299604,0.7828494057690166,225.0184057614515,85.67525399755044,-6.375476935649131,,,
0.23511654922649314,0.2908010966495004,256.5345518398574,88.43789136888721,-6.4180849311554145,,,
-0.7153265437478642,0.8964318738727741,216.0645754408264,83.39093082224754,-6.306994886638366,,,
-0.6091051542875224,0.8594046999513343,190.72322422915607,78.86262383914026,-6.279974076989301,,,
-0.3724419136599844,0.12281412390393347,6279.350599313335,452.841634755911,-8.109730058691701,,,
-0.2574053617432147,0.10820868703482135,6267.893126198691,436.634537097449,-8.177355033342355,,,
-0.14093765915312506,0.45797560359891754,331.3151272512302,108.32869269377173,-7.615093037892628,,,
-0.22620953817699344,0.6484709316685708,176.77198633426065,75.08997480203153,-6.237845985093841,,,
-0.4184413946548023,0.7933120612382724,137.5039859759351,64.1681335971941,-6.110229370074666,,,
-0.22977083404095433,0.11727448439844482,5156.57194562472,411.38513381980596,-7.982300163171904,,,
-0.4138668177949468,0.694948400170484,203.81595299236145,81.19113706361004,-6.219112123982842,,,
-0.24513113472553424,0.11753130692389495,5381.796020454607,431.2041187809187,-7.936476350022006,,,
0.2116173665698975,0.24751077672399321,392.7817939620295,111.7967039353159,-6.665240033660222,,,
-0.16824665591864715,0.49192180897188126,275.244975538741,96.56898599867246,-6.800305914098727,,,
-0.4585496910900013,0.2586603736877293,1670.215266436098,243.62040791382094,-7.3609009938581025,,,
-0.08899526902710277,0.2853349004169804,614.7961838465876,143.3592859503087,-6.812327949200187,,,
0.03521005140369666,0.3002183428960962,410.2033876850328,116.3224661559132,-6.6082369715800615,,,
0.006564904037090011,0.3364293185994414,358.6889587307438,108.52255887061843,-6.7014019734485055,,,
-0.17475899754776578,0.3079769091933701,618.8414114300766,143.0956260144385,-6.965704665908842,,,
0.09127314435043643,0.2939720521398188,369.6842386805973,109.42867189950451,-6.530713411349798,,,
-0.3727904108558777,0.8025063570189215,149.232724376115,68.4021236906362,-6.026560848293054,,,
0.21260159204621745,0.07713974383870117,3955.061264254748,351.20624859830497,-8.006483210211819,,,
0.024621935928433987,0.34676157656740103,298.1167951997056,97.11582896183725,-6.49497450959163,,,
-0.18358584124899702,0.25549065418417716,939.2180443821973,178.84670118198932,-7.178608947106912,,,
0.7079676179058837,0.0451012482491998,2849.9245986233736,292.8336702737823,-8.392085351874186,,,
-0.8895103527862439,1.0459530511911959,216.42120686520875,85.03220098654046,-6.25921985044513,,,
-0.8416128741430254,0.9235383014294809,237.90721914236275,89.13289032186292,-6.344123259620812,,,
-1.529209156840366,2.196270465965363,157.40554602682303,71.87173531517567,-6.125833120948935,,,
0.8350382820416371,0.0183063300073318,11597.458898434696,509.3661668881283,-9.522026499502017,,,
0.30318138642053166,0.2615168790315003,272.7403827817607,92.04221237783568,-6.438604126454464,,,
0.20750510010394585,0.26916442119351625,343.47088618810807,104.72497143294264,-6.615108597780905,,,
-7.934938055966217,1040.1706555751828,9.778887033462524e-09,130.25310392492077,-1.2005844912838076e-09,,,
-0.4457629314317078,0.7334631207155743,193.00644683122394,78.33476985221319,-6.3237762784225735,,,
-0.0672600997750916,0.2889473595089634,581.8254996272027,138.89207568963408,-6.751605054614953,,,
-0.044193977782448365,0.3851496501841613,296.5382548209533,95.36198343817169,-6.444489625864566,,,
-0.5055744065550923,1.0359315055811522,118.48909525161345,60.285287717037086,-5.879698557127955,,,
0.017309200568447113,0.3014035679292047,413.79463704533424,114.65045558237043,-6.692022357870914,,,
0.6068430245319304,0.08578773512942309,1062.9066758036784,179.71548651213138,-7.134971665323576,,,
-0.22493098067189227,0.32398848576270023,612.9127804773499,143.31418181822224,-7.099362133582501,,,
-0.18728919429029203,0.5160937096021642,227.419733476044,85.27028863865146,-6.3012597153983325,,,
-0.5344472609512736,0.5948170684704817,337.0211662209854,106.29532838442351,-6.734661993124895,,,
0.2338817336909752,0.2720869058633428,316.1382892164392,101.00280471700961,-6.470931678492302,,,
0.31425044587428297,0.06515802417579242,4285.54170421373,374.17942425563086,-8.336726405090912,,,
0.17854942277896355,0.28353253773809145,314.1345144729947,99.29192639203887,-6.5023663329895225,,,
-0.024501163482923888,0.6765809092724966,90.96401711603528,50.450706142047125,-5.74407233924105,,,
-0.00133024381316343,0.3927011878708594,250.90027037417482,87.76770228605788,-6.478144165348928,,,
-0.1847817123009577,0.3160005753878271,574.6197137854085,137.05985514771672,-7.295652337447873,,,
-7.934938055966217,1040.1706555751828,9.778887033462524e-09,130.25310392492077,-1.2005844912838076e-09,,,
0.7703365891005067,0.02084070204082203,10973.284060099622,543.20592894753,-12.886681290125965,,,
0.008603850089113458,0.14936421799846628,1787.3245189140512,245.30381181849586,-7.367652124543567,,,
0.20486164601704449,0.24702809470139794,408.9371076250281,114.88320673524119,-6.895025267331469,,,
-0.7955060310998903,2.2572770044870922,41.82653690326489,31.35737702287608,-5.170679315798238,,,
-0.4433033850530563,0.517312281148245,382.1991413788153,114.56309988361245,-6.820462112639888,,,
-0.0311139096929172,0.3198519563153344,390.86014022765676,110.53853097807578,-6.987145660581169,,,
-0.37872051516901606,0.6470294372493363,235.8071150806926,86.94179733509576,-6.293852500189129,,,
0.025314660813382347,0.24655748793317997,602.5749950775797,139.21069844772575,-6.882104557116688,,,
-0.1983204722750167,0.3377717088691088,535.5683124349815,132.57014214328848,-6.851897862385352,,,
-0.3661803450770954,0.17172729785868976,3379.0821849241465,349.82922389274137,-8.0070590736395,,,
-0.07621452219099635,0.5401582406595584,166.33738242365297,71.60286459254765,-6.178365330057754,,,
0.7344590068338559,0.135568610515259,287.57135909419566,88.55879796461741,-6.488676412133444,,,
0.8957593098786392,0.035984893924048925,2460.8512846363433,261.0146186748675,-7.7338322052166495,,,
-0.4230525220921979,0.6394813733141687,254.72690116779634,91.66365767647983,-6.431376907201866,,,
-0.11687850550874043,0.31314502063073,546.730564445808,134.97895463648928,-6.800975763464683,,,
0.7575026648366495,0.10510219704081368,444.86497026638983,112.86742007968974,-6.673639663693119,,,
-0.12770645038323467,0.35245449496927755,407.49492939316247,114.32693414921047,-6.815399362099692,,,
-0.14028363566563612,0.29376057268608574,650.421149232807,147.22320860568536,-6.950642395649648,,,
-0.03299117633348507,0.21988393108201387,872.9180324262788,169.46156011576977,-7.1272205565988,,,
-0.07917024479896133,0.34305604174215604,423.59843039100474,117.94616109815047,-6.932616063455979,,,
0.0778114985636627,0.34254629254135754,283.09850653655604,95.38177220930113,-6.383322963395837,,,
-0.005042602547727929,0.22875752261065307,762.9053682566198,158.47733324066596,-6.977686842787722,,,
-0.3457832014046397,0.6838900313120304,176.7047875635723,73.8953475195283,-6.169342074255723,,,
-0.19308579663995876,0.4651728320159836,283.09924659681496,96.90297217128017,-6.424159293476249,,,
-0.06699545516004779,0.3705922290747779,315.7557660492826,100.02396154060087,-6.775047143392374,,,
-0.1935365643326745,0.14095285813377795,3233.920281266801,335.1247511529042,-7.698416700745852,,,
-0.12047184950772062,0.4198315917540024,356.15252555665035,109.7575436347654,-6.711675436202844,,,
-0.36427284214943395,0.7464082846091363,168.71798862496777,73.54100719737373,-6.107332828928077,,,
-0.040015531497907444,0.2063317067255946,1053.707545530773,190.08331152125692,-7.298911920802913,,,
-0.7061216962312217,0.7313350497250687,329.379135928471,105.16849553799271,-6.551967917510729,,,
0.18109593731499082,0.2566854724260004,407.1760072439293,117.39159647525047,-6.6116619219570785,,,
0.6955297833436975,0.14566607323510652,286.9133748610117,93.95140352725193,-6.553542125245934,,,
-0.08091742046047755,0.2409847346137817,845.8928827889131,168.19434210395096,-7.179692898573063,,,
0.249899658538616,0.2798317470741111,278.6526030846433,93.84296715638743,-6.4108297016095985,,,
-7.934938055966217,1040.1706555751828,9.778887033462524e-09,130.25310392492077,-1.2005844912838076e-09,,,
0.13013472666251696,0.27074811297763096,400.13363851413726,113.41927558700303,-6.667056120893039,,,
0.31362914013077736,0.3188849692947258,202.0722974283042,82.85562039386728,-6.640292064379079,,,
0.7324603842378173,0.03175997396993824,5260.776182388525,403.0509831105188,-8.075898127545809,,,
-0.12756523583425564,0.42413675957659985,326.01804478928636,106.31307687183248,-6.4885133410899,,,
-0.2609126935156526,0.1433066483435625,3650.8196998992516,352.1558231013383,-7.870815395858235,,,
-0.3744594020973967,0.1704879206585443,3187.4224635064243,331.85907260823086,-7.956641931719821,,,
-0.09722848992493455,0.39698899429373125,326.58922506047185,105.27846324977679,-6.477434673744723,,,
-0.35604273335805825,0.6106638265513982,200.10768363070153,78.14656791294772,-6.494931661686168,,,
-0.1957570355786388,0.13919462215657116,3338.980347874778,335.6667161267736,-7.691731859702957,,,
-0.0484085969025517,0.3601885205934898,315.4534643656481,98.71404794546318,-6.681316522065619,,,
-0.34367411693965594,0.1598337961170901,3418.3141940434075,343.0483850222696,-7.953038471114836,,,
0.8251652698161707,0.17279443399463673,134.3518312420391,59.834989979855614,-5.953384692156872,,,
0.11041627165174907,0.28783479162296244,357.23810064047115,105.73139136538391,-6.56353123580209,,,
-0.7649659935186353,0.3084669355720968,2150.2026427024953,277.0154581883438,-7.46254605269192,,,
-0.3030748033875788,0.15663663007180414,3331.4426379333763,342.4974922992581,-7.703558949271889,,,
0.1841046145899402,0.3253890500234841,252.76414580619854,89.32504719615326,-6.370913892350538,,,
0.7448336334485961,0.047401832450967914,2288.6867242692383,261.3934731683898,-7.688231970259543,,,
0.8191071788102144,0.020629365992897376,9616.409570219328,550.275996991057,-10.414038425985034,,,
-0.2332793833914586,0.14343756223424867,3384.3839164134115,347.74519366065414,-7.791973493600176,,,
0.08724430893688996,0.37332567960284885,226.0867356719157,83.69316928201906,-6.466786460769812,,,
-0.13589878442208184,0.36786459161958884,408.7931787320579,116.05884899805339,-6.601783617842757,,,
-0.07278529031899142,0.4813630968567592,221.31179639058493,84.48644844053405,-6.501681517329545,,,
0.06360926405694002,0.2894247878652375,423.50027080395824,116.21960996701154,-6.721669804076015,,,
-0.4396352326214124,0.7668135872598413,165.41544429739298,71.86428551162057,-6.264769940585028,,,
-7.934938055966217,1040.1706555751828,9.778887033462524e-09,130.25310392492077,-1.2005844912838076e-09,,,
0.7293707781977646,0.025223461898051965,8543.752530224549,473.94138120253734,-8.721880758998706,,,
-0.4077129820420907,0.8265225122681295,171.73791700562424,74.26920414350457,-6.155614208352458,,,
-0.1446714627196947,0.32243033208588867,522.0474688075775,130.07891588261364,-6.800834244064381,,,
0.08515304162798797,0.263489443036457,480.8158521498182,126.93007673870984,-6.697568943962962,,,
-0.6429155624440623,0.020376827209537218,397410.03580392635,162.8852114668149,-14.367072649292473,,,
-0.9629290039622613,0.10790302556211881,25088.518222179973,657.5536207767843,-8.668254368849531,,,
-3.3877489219650356,0.7178501706216256,11471.699799699749,607.8329910984236,-9.025513680604313,,,
