253053.925049782,1236056.9963938384,277122.73407501,165611.53122853846,35446.92710272735
95108.1591018811,219772.83118290245,23088.483387530385,6398.443416049691,640.8191432258424
9698.97113814227,1328.266958973705,8.497530997450585,0.1599771762319331,0.0009440106842365492
273.76681212239504,0.04030929080215384,2.8700036807305037e-07,5.396785558464927e-12,3.6967075705637185e-17
20.31199610418418,81.1039137548008,15.073016963654556,7.4869685516255045,1.3192351953306842
92401.23514364334,198035.81090781174,19301.969293819464,4961.829977243408,460.57105800626033
265.70638165361163,0.039122476983349995,2.7855030616293903e-07,5.237889692265144e-12,3.5878665678689414e-17
352.89174822717655,0.05195960748744854,3.6995010770648786e-07,6.95658131739656e-12,4.7651414981507664e-17
232.78885194243335,0.03427571651890612,2.4416698077812523e-07,1.3010634383510393e-09,3.7654422689369606e-05
395.69025149892474,0.05826123806459291,4.148174387636791e-07,7.800271400172629e-12,5.3430550510277807e-17
193.58634205249567,0.028503558201734093,2.0305842531886687e-07,1.2874871108996667e-09,3.765441662873058e-05
96.90102826365445,0.014267807657410298,1.4999839925406032e-07,0.000336150481562865,2.3025744057830314e-09
99.94661926834812,0.01471609107600237,1.0477791772966489e-07,1.970255150005779e-12,1.3495917245672887e-17
246.91274541477003,0.03635531122462145,2.5884820832221486e-07,4.86740934127403e-12,3.334093742653422e-17
208.67480616220038,0.030725175851171488,2.1876189342245246e-07,4.113621996694558e-12,2.817762057224242e-17
102.97761331309768,0.015187245729061393,0.00013248512032453392,2.4912643453368153e-09,1.7064742828695295e-14
137.294131131048,0.02021512068421227,1.4402706870416518e-07,1.2654530377307833e-09,3.765440672402859e-05
153.44869376110705,0.02259371021664143,1.6086621767023128e-07,3.0249455295005255e-12,2.07203694093567e-17
153.4105410532015,0.022618448653674416,0.00013415856443807717,2.522731967087632e-09,1.728029075865042e-14
299.8377757148316,0.04414796666206798,3.14331570453064e-07,5.910724405617891e-12,4.048747058976809e-17
195.59143734029274,0.028798787059098604,2.0504609040596333e-07,3.85570857261387e-12,2.641095688508957e-17
174.55868287643796,0.025701934633923038,1.8299663807856553e-07,3.441088317275823e-12,2.3570877693109984e-17
124.19950960498984,0.018287193125538437,1.6754657817728676e-07,0.0001680904723373099,1.151391536494016e-09
235.60435448806734,0.03469026973186343,2.471193372509393e-07,1.3019953435922582e-09,3.765442310422117e-05
250.73217291958179,0.036917681852367115,2.628522623242728e-07,4.942702000160514e-12,3.3856679508738994e-17
293.50474833326325,0.04321549482443885,3.076924122021575e-07,5.785880965139319e-12,3.9632313966343494e-17
1869.0637727029368,648.7822796576094,10.296328209207193,0.4223393968785931,0.006313021846027475
253.85062220683508,0.0373768407920397,2.6612145367117237e-07,5.0041762232329944e-12,3.42777676238117e-17
707.721130394508,50.333747759177214,0.16018107445883556,0.0013464390907260747,4.123101848197434e-06
174.53604080835643,0.02573097887946915,0.000134778300497093,2.53438555009804e-09,1.7360115847255607e-14
204.57512566271353,0.03012154091029397,2.1446403933556414e-07,4.032804689649836e-12,2.7624035576973914e-17
138.3604776672822,1.9933233752578308,0.0012854171498642747,2.1892505330408045e-06,1.3582540753733397e-09
202.6177158140529,0.029833332846661374,2.1241201066678504e-07,3.994218123508553e-12,2.7359724072224935e-17
252.7429886390913,0.037213753370163125,2.6496027843898093e-07,4.982341360211691e-12,3.4128202475153053e-17
226.7325984572558,0.0333839967281332,2.378163336197902e-07,1.2990407307691488e-09,3.765442178841954e-05
222.71483590869738,0.032792422927378155,2.3348060119335534e-07,4.39039414883708e-12,3.0073463382860794e-17
246.91274541477003,0.03635531122462145,2.5884820832221486e-07,4.86740934127403e-12,3.334093742653422e-17
91.80999934120203,0.013518059158812578,9.624798345509906e-08,1.8098573553384401e-12,1.2397219260687293e-17
209.61469805289735,0.0308635650710005,2.1974721854819603e-07,4.132150155542258e-12,2.830453535204772e-17
260.9393570582024,0.03846016966820321,0.00013699942089294588,2.576151735125718e-09,1.764620720796051e-14
119.18662128075337,0.0175489795117465,1.2494795812454603e-07,2.3495347427380157e-12,1.6093918827585647e-17
123.14851091812838,0.01813244440221251,1.6639992205583373e-07,0.00016897120373829603,3.807194187000201e-05
14106.17380429715,3074.504194423327,30.65669615666948,0.8472372630119586,0.007952963936701824
177.34193550482013,0.02611173938236406,1.8591442976629157e-07,3.4959547836453757e-12,2.3946703783291143e-17
34880.20425995446,11559.153920889976,175.37710378766732,7.062371257827519,0.10079802077948229
276.1039598705755,0.04065341174942374,2.89587056106383e-07,1.3148643940587059e-09,3.76544288179625e-05
361.8598656995553,0.05328006869434011,3.7935173311002424e-07,7.133370485105876e-12,4.886239112199856e-17
18602.64755611119,3773.622358357513,35.23218272303764,0.9083369766570015,0.009944007885161284
173.56959292649887,0.02555630151604257,1.8195973671901378e-07,3.421590313421846e-12,2.3437319637713802e-17
23237.520285829694,2777.351092454097,15.024975640979436,0.2122407061936648,0.0010922675697736452
25411.623137862505,2343.0740717331296,9.665816002181007,0.10532440282280466,0.0004181110155827121
18510.126570362077,3160.728722838388,24.695451207999774,0.5306760691207715,0.0039026753634350607
16434.489581646627,3685.3135111838924,37.901499420375,1.0636247549388507,0.010273011869611914
6339.742091961974,3105.6112234649795,69.48929438450561,4.126290879803821,0.08703893381390862
23859.704875084015,2474.869191787478,11.794448709700632,0.1446320187917613,0.0006461435473296536
10684.19071292376,176.56487153753025,0.13096866616846042,0.0008386358211106462,5.968582736629392e-07
124.23325674867915,0.018330683406713736,0.00026160248800968387,4.919201110535881e-09,3.3695702357341723e-14
220.6625677783043,0.03249024797698635,2.3132912890845295e-07,4.349937634322636e-12,2.979634304545997e-17
109.06476262832912,0.016058642020814782,1.143368210904106e-07,2.1500017892118436e-12,1.4727151569768295e-17
115.16842467297477,0.016957342517421262,1.2082373296820769e-07,1.25562681773304e-09,3.7654402279181106e-05
687.9235102567536,25.822975573042598,0.04338327546690833,0.00019250371518487043,3.111726046245212e-07
109.06476262832912,0.016058642020814782,1.143368210904106e-07,2.1500017892118436e-12,1.4727151569768295e-17
152.41306796791818,0.022441225184083147,1.5978053098115853e-07,3.0045301611024154e-12,2.0580527560731138e-17
808.1436424249819,10.97350044432265,0.006669880488417189,1.0707187374028371e-05,6.261329054487101e-09
160.38742532371626,0.023615365640054307,1.681403591083053e-07,3.1617292616148954e-12,2.1657315027371914e-17
92.83098955553211,0.013668389634814074,9.743033264437032e-08,2.4338731149711354e-09,7.53087692128713e-05
105.02004016975941,0.01546309907485829,1.1009658164953983e-07,2.070267874121183e-12,1.4180987627634253e-17
600.1443600310549,3.9952975484248348,0.0011906310992982163,9.370982310005779e-07,2.6867262080203117e-10
11223.314107598753,2806.4522389207473,32.011268715981316,0.9819857999980693,0.010574003841738287
109.08022792466411,0.01608651779328169,0.0001327061059959344,2.495419783491996e-09,1.7093206882938052e-14
14643.710924443598,12304.226854138344,476.84047042571495,49.767144369657125,1.8673531329267037
993.9803678468181,0.14635318060852584,1.0420281743350387e-06,1.9594409026449503e-11,1.342184146545957e-16
208.67480616220038,0.030725175851171488,2.1876189342245246e-07,4.113621996694558e-12,2.817762057224242e-17
115.13201658891036,0.016951981510622067,1.206973587552207e-07,2.269606018446777e-12,1.5546420475109016e-17
115.15779508440826,0.01698207898148429,0.00013292029710559747,2.4994474559829495e-09,1.7120795763814934e-14
687.9050441867815,0.10128680045409029,7.211575404276839e-07,1.3560723373593708e-11,9.288868014934301e-17
105.00945525574,0.015461540842261853,1.1016971188892935e-07,1.2508130614344347e-09,3.7654400095352786e-05
694.3688835106582,0.10230310362134348,0.0001448374402077253,2.72353868702748e-09,1.8655783102713194e-14
448.25091780601383,44.203918957691755,0.19502283301947673,0.0022727544182490106,9.649277768439858e-06
150.39017612997912,0.022143375584547563,1.5765985500308958e-07,2.9646527436291626e-12,2.0307373940912627e-17
112.09783196832241,0.016505229953434272,1.1760352793905652e-07,1.254194091623899e-09,3.765440162964294e-05
120.19181552751847,0.01769698412321523,1.2609185125001406e-07,1.2579318489119597e-09,3.765440332340873e-05
449.42425800260617,0.06622495668263088,0.00014085073492718834,2.6485722553524467e-09,1.8142275622178666e-14
126.17245305645199,0.0697614816386594,1.8651764578011405e-06,1.3170427197800615e-10,3.3877179082766696e-15
71.31390388982157,0.010500224142751426,7.476113158652164e-08,1.4058162990855141e-12,9.629605807664338e-18
95.89401011016844,0.014119386896273305,1.0052941035568203e-07,1.8903657638182796e-12,1.2948688352607472e-17
102.99004763475712,0.015164204254364566,1.0805187490351983e-07,1.24982995399759e-09,3.765439964883582e-05
180.51418859427247,0.02657882036741639,1.892400257259897e-07,3.5584896450780976e-12,2.4375057093197818e-17
341.8299801403123,0.05033087819355572,3.583536271548226e-07,6.7385198591815725e-12,4.615773057493141e-17
79.55427240041952,0.011713531950354126,8.339982952534211e-08,1.5682592973059923e-12,1.0742313093883654e-17
1.311178794130683e-08,2.128228578618913e-12,1.6704272575674558e-17,3.462679437319129e-22,2.6147143056012303e-27
89.77498054992955,0.013218524657115878,1.2621592351279315e-07,0.0001680843942666577,1.1513499027297106e-09
463.8948788029641,0.06830365445061672,4.864960069897837e-07,1.3654578181664377e-09,3.765445101438469e-05
748.302378195216,3.9960989966165905,0.0009552850169562446,6.031267711111091e-07,1.3871198961192351e-10
484.8938035212097,0.07139552520179265,5.083329823949264e-07,9.558747665376072e-12,6.547581792328064e-17
112.09122431334846,0.01653020618273077,0.00013281292644735495,2.497428446663565e-09,1.7106965888688065e-14
619.6667505922883,0.09130042671305082,0.00014370358170078576,2.70221749062387e-09,1.850973648421253e-14
696.5165564877261,0.10255475529088734,7.301853227979287e-07,1.3730482756997352e-11,9.405150344666335e-17
505.8639530200081,1.9817162442473644,0.0003474127292912348,1.6085254425515605e-07,2.7129338391309776e-11
682.9446747807816,0.10055643810182985,7.15957392775514e-07,1.3462939242027816e-11,9.221887525247506e-17
145.3132192220204,0.021395846945826302,1.5233748415039565e-07,2.8645703139533155e-12,1.9621826087556098e-17
562.1897512130915,4.141049272064602,0.002318036349178479,2.020062717799807e-06,6.412689484362531e-10
788.6907214619462,0.1161267323858838,9.173454165495802e-07,0.00016815214749797135,1.1518140009978633e-09
145.3132192220204,0.021395846945826302,1.5233748415039565e-07,2.8645703139533155e-12,1.9621826087556098e-17
603.2067388478439,11.95690280076496,0.010608881290063448,2.4860461781869568e-05,2.1221965960595388e-08
72.34005626491715,0.01065140467636551,1.048935672111891e-07,0.000168080864120807,1.1513257218228548e-09
179.5381738060922,0.026435112802501156,1.8832695887946883e-07,1.282309896242673e-09,3.765441430914766e-05
750.0768713747149,0.11044094971853526,7.863346784028072e-07,1.4786321233721508e-11,1.0128381988376272e-16
588.9557012520688,0.08671754785507849,6.174251061611351e-07,1.1610127606233464e-11,7.952742637671547e-17
577.946358914396,0.08509653770271819,6.058835855558477e-07,1.1393099620717134e-11,7.804082108474866e-17
95.88118051349035,0.01414149849961477,0.00013221998426884702,2.486278698642469e-09,1.7030591985235826e-14
131.26637950453414,0.019327597172839748,1.3761163722275819e-07,2.5876639163454513e-12,1.7725063718021288e-17
166.5015616980594,0.024515608073411195,1.7455004542594697e-07,3.2822576873642815e-12,2.2482914523792555e-17
161.4310048558923,0.023769021777230108,1.692343840104695e-07,3.1823014226620838e-12,2.1798230879339965e-17
70.28446570684879,0.010348650170878833,7.368193160924486e-08,1.3855229075084675e-12,9.490599479800125e-18
155.44698860816615,0.022887938167334525,1.6296110766868748e-07,3.0643380646604935e-12,2.0990201666673542e-17
117.12779271597827,0.9984393761151367,0.00038098884951298607,3.839581542093096e-07,1.4095706033885816e-10
89.77283290358372,0.01321810777423923,9.41123428605002e-08,1.76969854161849e-12,1.212213812378619e-17
121.19253412787634,0.017844329133023116,1.2705083436795775e-07,2.389077452100656e-12,1.6364779752997428e-17
259.78599798693824,0.03825076260339964,2.7234373832406863e-07,5.121180728073423e-12,3.507922885318229e-17
146.37141975210776,0.021551655871545224,1.5344683681179272e-07,2.885430699821353e-12,1.9764716231194087e-17
941.3697480849197,0.13860681882411857,9.86874420966768e-07,1.855729196046283e-11,1.2711433674032655e-16
728.4561199362657,3.0124907499447,0.0005744210247048399,0.0003558008393592441,6.33800948788232e-08
252.33980114071827,74.69570911237267,1.034968429203764,0.03624432826238562,0.00046251382379093364
188.60318930620167,0.027769841236639767,1.9783291181257606e-07,1.2856716601069372e-09,3.765441581587361e-05
656.9850955387631,0.09673416241890212,6.887429589304434e-07,1.2951196122870929e-11,8.871352073675988e-17
257.8599087490476,1.0055064981654174,0.00018197960323153742,0.00017563802109537739,2.9502871916063103e-08
478.6408319410462,0.07047484074099786,5.017777497458539e-07,9.435482370873431e-12,6.463147133503988e-17
21.23825184015779,0.003127109757816649,2.2264883197852024e-08,4.186712404232599e-13,2.8678277602162134e-18
189.52430712704847,0.02790546578978837,1.9868568247028648e-07,3.7361067828194075e-12,2.5591704689506836e-17
175.6176005122457,0.025857849145935627,1.8410674250970447e-07,3.4619628395023393e-12,2.3713864668432032e-17
225.69497193721944,0.033231216690845604,2.3660479338620312e-07,4.449141792338145e-12,3.0475874885282856e-17
166.5015616980594,0.024515608073411195,1.7455004542594697e-07,3.2822576873642815e-12,2.2482914523792555e-17
55.631291855256784,0.008191124058129022,5.832044109020728e-08,1.0966637999531188e-12,7.511963052322966e-18
179.6047866744251,0.026444920475902956,1.8828666441933925e-07,3.5405625372967558e-12,2.425225941236417e-17
122.20585244243358,0.017993529623396568,1.2811313526191372e-07,2.4090530715109666e-12,1.6501609394829258e-17
164.4677914553105,0.02421615709949788,1.7252336988059965e-07,1.2765376525628513e-09,3.765441171744226e-05
155.44698860816615,0.022887938167334525,1.6296110766868748e-07,3.0643380646604935e-12,2.0990201666673542e-17
833.4285009562071,3.8665045000228453,0.000801932641783599,4.392742006042806e-07,8.765221858453829e-11
864.4715339586638,0.1272843635880334,9.062590403539835e-07,1.704139173774781e-11,1.1673067452358314e-16
75.43396906908592,0.011106860513855989,7.908035572390602e-08,1.4870354508410136e-12,1.0185943371787821e-17
702.0979535969263,0.10337655745679954,7.360365178799178e-07,1.3840509253932724e-11,9.480516649252151e-17
91.80999934120203,0.013518059158812578,9.624798345509906e-08,1.8098573553384401e-12,1.2397219260687293e-17
193.58148704658672,0.02850299078517307,2.489763277209924e-07,0.00016810055298141033,1.151460587214965e-09
858.9371737087911,0.12646948710616002,9.004571558361027e-07,1.6932292481923827e-11,1.159833629237832e-16
112.10831375614988,0.016506772992320923,1.1752749379161136e-07,2.209999539288756e-12,1.513812609251587e-17
28.415249445415846,0.004183847504412871,2.983262979751254e-08,1.2024595525637562e-09,3.765437792161284e-05
716.5359704325882,0.10556799702049667,0.00014516284439205848,2.729657622046499e-09,1.8697696781075145e-14
154.45040120276605,0.022741201127798566,1.6191634643576308e-07,3.0446922629085752e-12,2.0855631220471176e-17
813.7179650980943,0.11981143306520156,8.530521054772601e-07,1.6040882854498587e-11,1.0987735651964214e-16
152.41306796791818,0.022441225184083147,1.5978053098115853e-07,3.0045301611024154e-12,2.0580527560731138e-17
773.2749065194677,0.11385661700646921,8.106540784553568e-07,1.5243625828399663e-11,1.0441627963945699e-16
839.8894330764089,0.12366490794731311,8.807268440676794e-07,1.4437773844823874e-09,3.7654484578998315e-05
189.52430712704847,0.02790546578978837,1.9868568247028648e-07,3.7361067828194075e-12,2.5591704689506836e-17
15694.934379086251,3860.7731763794277,42.98081779354911,1.3077712506430488,0.013849054013618455
152.41306796791818,0.022441225184083147,1.5978053098115853e-07,3.0045301611024154e-12,2.0580527560731138e-17
690.9196683996539,12.955657115899523,0.010874076753426845,2.4105343694679024e-05,1.9465723950367987e-08
531.7463700915365,0.0782940740655834,5.574503452578842e-07,1.048235579991763e-11,7.180237869951646e-17
196.65896120258463,0.02895596874766692,2.061652170781458e-07,3.876752750024088e-12,2.6555105969958477e-17
587.7261802719835,0.08659592022239908,0.0001431994145392422,2.692737077498484e-09,1.8444797244746705e-14
382.77863946547996,65.5234764610594,0.534606389297557,0.010829032168027048,7.992007812975858e-05
15574.768548780166,4191.240827855838,52.11491551487389,1.7057703993808888,0.019777023038853023
120.17708666087822,0.01769481514729121,1.2598630140091203e-07,2.3690598605496946e-12,1.6227662609043426e-17
779.8660206842407,0.11482708941515275,8.175637990918214e-07,1.5373556952858747e-11,1.0530628604463341e-16
691.4577419489817,0.10566022919990424,7.807471241776616e-07,1.5236480269838986e-11,1.0831438650071379e-16
802.8423566740785,0.11821011382852942,8.416507833209593e-07,1.5826491175583146e-11,1.0840880948562213e-16
241.6819837222619,0.03558513644505097,2.533645979480652e-07,4.764294946424447e-12,3.263462112038296e-17
801.3421092879005,0.11798921814107995,8.400780157941153e-07,1.5796916687115816e-11,1.0820622920106508e-16
710.9945436496374,0.10468648700159018,7.453631583149956e-07,1.4015888396290517e-11,9.600648419590167e-17
791.9556007494232,0.11660745222371338,9.209504419645704e-07,0.00016815235894107876,1.1518154493476772e-09
172.45520750106164,0.025392219953959183,1.8079148325250976e-07,3.3996223505269316e-12,2.3286842777249864e-17
147.44432366328755,0.021709629715866357,1.5457160359790688e-07,2.9065809345360225e-12,1.9909591790806212e-17
922.8228598394089,0.13587598411859883,9.67430998618366e-07,1.8191675771042884e-11,1.2460992717891747e-16
556.3743041143407,0.08192027896122153,5.832687637675157e-07,1.096784809768263e-11,7.512791949255978e-17
187.55525422658715,0.027615543408933685,1.9662144793869147e-07,3.697290696330764e-12,2.5325821008882995e-17
579.9759001774042,0.08539536636033135,6.080112323841363e-07,1.1433108118802052e-11,7.831487258476685e-17
664.324629534463,0.09781483179548342,6.964372771055363e-07,1.3095880903201959e-11,8.970458720957186e-17
116.15132841777647,0.01713954157491445,0.00026278621059838263,0.00016987190092196587,1.1635940234447654e-09
295.89717324813955,6.971779886106401,0.007352563615668722,2.0479773931732586e-05,2.0780221420900673e-08
818.9505548463422,0.1205818770068003,8.58537632273149e-07,1.6144033285947126e-11,1.1058391967045073e-16
798.5053426301814,0.11757153401327292,8.371041232737219e-07,1.5740995294700045e-11,1.078231770444427e-16
838.8090569292699,0.12357680154604843,0.00014687966840940586,2.7619409641392443e-09,1.891883225852646e-14
176.50316241289806,0.02598823884474523,1.8503511139952108e-07,3.479419987209605e-12,2.3833443201599198e-17
210.65495941671242,0.031016732642698417,2.2083776488576154e-07,4.152656905289396e-12,2.84450031475839e-17
702.0979535969263,0.10337655745679954,7.360365178799178e-07,1.3840509253932724e-11,9.480516649252151e-17
820.3949030633363,0.12079454212806544,8.600517985327087e-07,1.6172505829928764e-11,1.1077895182014406e-16
740.1624180931856,0.10898115049243015,7.759409724638642e-07,1.459087687772005e-11,9.994505883308267e-17
721.4386445647239,0.10622427128482549,7.563121144122811e-07,1.4221773735542269e-11,9.741676423025697e-17
56.70444425773045,0.008349134490186072,5.9445468379383295e-08,1.1178189331951735e-12,7.656872166025886e-18
197.6201412443443,0.029097492424390723,2.0717285939837764e-07,3.895700563779302e-12,2.6684895315478523e-17
219.7788382075667,0.03236012806953241,2.3040268092115882e-07,4.3325166074714595e-12,2.967701193409734e-17
730.2199042799615,0.10751721964743603,7.655178495811282e-07,1.4394879362367249e-11,9.86025087336445e-17
132.2873664565821,0.019477927429253774,1.3887107690380007e-07,4.8262193824445715e-09,0.00015061751926678194
138.33060012587634,0.02036772954355584,1.450173337085981e-07,2.7269214236214808e-12,1.8678954280891e-17
119.18662128075337,0.0175489795117465,1.2494795812454603e-07,2.3495347427380157e-12,1.6093918827585647e-17
831.9168409578471,0.12249102659816462,8.721306929428939e-07,1.6399638649836922e-11,1.1233477353249828e-16
891.6124162751811,0.1312805737547881,9.347118800326846e-07,1.7576421972399805e-11,1.2039554187377133e-16
910.080572836648,0.13399981604586267,9.540727649028425e-07,1.7940486118267988e-11,1.2288932019722308e-16
49.2215414798284,0.007247355564609637,5.160085114888938e-08,9.7030791338199e-13,6.646446426893725e-18
70.28446570684879,0.010348650170878833,7.368193160924486e-08,1.3855229075084675e-12,9.490599479800125e-18
43.76542182149291,0.006443999188962221,4.588098927793032e-08,8.627510201666163e-13,5.909699752214507e-18
42.64179192772276,0.006278556475907125,4.470304447669657e-08,8.406008203788964e-13,5.7579745996070836e-18
44.86963336345266,0.0066065827534450144,4.7038577067758106e-08,8.845184245387518e-13,6.058802820443301e-18
29.702850024782194,0.0043734330323663235,3.113864980142256e-08,5.855344949092209e-13,4.010813060307715e-18
15.406401023599678,0.002268430911184499,1.6151127779788405e-08,3.0370753090009216e-13,2.0803456364031137e-18
324.72768028884394,0.04781274397285162,3.4042462285289617e-07,6.401380948371313e-12,4.384838559462355e-17
97.91085988325355,0.014416346865150755,1.0264375220280371e-07,1.9301240736170318e-12,1.3221026104837279e-17
17.637342134582312,0.0025969135833824515,1.848990988064825e-08,3.476862391890794e-13,2.3815924102729946e-18
38059.50094310676,5249.982543861288,32.60449235764811,0.5647115122335498,0.0033537026996956283
1461.8510839608095,7.998250829951175,0.001984246726172039,0.00019869990516536564,4.6821374193918287e-08
34.61299383862681,0.005096400193134414,3.628614401717501e-08,6.823285256359817e-13,4.673835932527921e-18
59.86691590287294,0.008814775475332862,6.282440998983668e-08,1.2260094483099242e-09,3.7654388775631096e-05
22195.288376050477,3522.1784553735697,26.048349523569623,0.5302268669888781,0.0036254972305474068
27.090185955593316,0.0039887456595002905,2.83996927171241e-08,5.340308535130719e-13,3.658021757043668e-18
24.303520427117917,0.003578438397327719,2.5478323153850074e-08,4.790971083897788e-13,3.2817348186861294e-18
22055.3593582876,3245.692006527128,22.16043792925408,0.41849709503319366,0.002653268899925716
26816.731069310936,5223.157508375017,47.55230563430077,1.199397402103314,0.010067799674590688
68.192155940301,0.010040579509668609,7.1488482124018e-08,1.344277049238064e-12,9.208072270092039e-18
870.1662093412864,0.1281228447912239,9.122289894438626e-07,1.7153651297724502e-11,1.1749963367665354e-16
409.887796682118,0.06035167763624634,4.297012760766129e-07,8.080148665851042e-12,5.534766282770023e-17
447.02456122156724,0.06581967658639855,4.6863318681201306e-07,8.812228471291477e-12,6.036228668056693e-17
160.38742532371626,0.023615365640054307,1.681403591083053e-07,3.1617292616148954e-12,2.1657315027371914e-17
216.7268282008513,0.03191075161685714,2.2720314044910794e-07,4.2723521068848505e-12,2.9264895198332574e-17
168.49684726919983,0.02480939293979771,1.766417806837332e-07,3.321590900443921e-12,2.2752340434811066e-17
1367.018247033563,3.9915164527092024,0.0005218036972567946,3.2463815059108896e-07,3.773171545691044e-05
299.83447251413037,0.04422099150159187,0.00039711879673260943,7.467464246094677e-09,5.115087733688665e-14
246.91274541477003,0.03635531122462145,2.5884820832221486e-07,4.86740934127403e-12,3.334093742653422e-17
236.69203441857027,0.03485041876319922,2.481334405417939e-07,4.665927704132146e-12,3.1960822012862256e-17
332.9108597541549,0.04901763129354687,3.490033672972815e-07,6.562696574682412e-12,4.49533705723926e-17
1063.1211869453402,40.62052151556383,0.06945701265848862,0.0003136807605091978,5.160662434435101e-07
1459.1839084785329,8.003343329787025,0.001965143800898626,1.2743720384349421e-06,3.0104260118404833e-10
0.03709136786993239,0.21609921450350486,0.05233245576579636,0.03387337616401651,0.008036309595718348
290.0086039529141,0.04767765656749451,3.790284969658621e-07,7.958005769519084e-12,6.086447388631076e-17
210.65495941671242,0.031016732642698417,2.2083776488576154e-07,4.152656905289396e-12,2.84450031475839e-17
319.9801207146638,0.04711371613297947,3.3559458719082055e-07,1.327844256821898e-09,3.765443455265032e-05
169.5529711748793,0.02496489610435993,1.77748956339215e-07,3.342410349660331e-12,2.2894950169253e-17
308.78314594935927,0.045465078576843475,3.2370934904483647e-07,6.087065155333156e-12,4.169537514222677e-17
193.60339906702595,0.02850606928128741,2.029619527716477e-07,3.816518226057015e-12,2.61425095857847e-17
278.7844500661517,0.04104808534575389,2.922605525546947e-07,5.495698628981176e-12,3.764461364492327e-17
1396.18793005138,0.20557402429676913,1.4636779627062664e-06,2.7523156657994132e-11,1.8852900579647766e-16
291.85517621214797,10.921585358481256,0.018291457905768086,8.091175164191833e-05,1.303827959982292e-07
185.5478121382297,0.027319969001691022,1.9462892354065052e-07,1.2845472953471525e-09,3.765441531215836e-05
2171.5862642093707,34.89754268437978,0.025102728389025514,4.769064289694772e-05,3.3005051679055544e-08
192.5874464540218,0.02835648091810596,2.018968902404502e-07,3.796490676525212e-12,2.6005324231332504e-17
206.60459150907792,0.030420358463597565,2.1659160710165935e-07,4.072811701040829e-12,2.789807689338816e-17
359.964956711868,0.053001063226744714,3.773652265180999e-07,7.096016003092236e-12,4.8606519186828356e-17
1586.6715097697672,28.946849074266478,0.023799271647862684,0.0004051232619869153,3.1830586648657605e-07
215.72735151177437,0.03176358916061332,2.261553502680349e-07,4.252649348468606e-12,2.912993460853467e-17
193.60339906702595,0.02850606928128741,2.029619527716477e-07,3.816518226057015e-12,2.61425095857847e-17
7478.851601222674,1151.7695154813596,8.053785129753473,0.15668331809373726,0.001039030967685724
171.54474317836832,0.02525816363477312,1.798370081877472e-07,3.3816742995191558e-12,2.31639016388286e-17
148.41168973700078,0.02185206422089325,1.5558573097538078e-07,2.9256506939998913e-12,2.0040216443972838e-17
1165.1505450240184,0.1715565559805992,1.3310012144268665e-06,0.00016817418059878592,1.1519649240421492e-09
62.990130575926514,0.009274635852922505,6.603499715728165e-08,1.2417291357653634e-12,8.505636266338956e-18
753.9642461151113,0.17753967689919567,2.021589939747556e-06,6.079476529224262e-11,6.659882673469714e-16
185.5168358588595,0.027348788412308464,0.00013508614027835222,2.54017420220666e-09,1.7399767143089913e-14
125.24311261272625,0.01844073462859178,1.3138919559711022e-07,1.2602036714983664e-09,3.765440435165648e-05
198.5707912777714,0.02923746566786538,2.0816946270243428e-07,3.914440798695941e-12,2.6813262780777983e-17
166.4201995084659,0.024535244894477767,0.00013454473831238395,2.5299936218440638e-09,1.7330031875509912e-14
55.631291855256784,0.008191124058129022,5.832044109020728e-08,1.0966637999531188e-12,7.511963052322966e-18
29.702850024782194,0.0043734330323663235,3.113864980142256e-08,5.855344949092209e-13,4.010813060307715e-18
70.28446570684879,0.010348650170878833,7.368193160924486e-08,1.3855229075084675e-12,9.490599479800125e-18
30.96694868582423,0.00455955829764419,3.2463853459919754e-08,6.104537659687694e-13,4.18150588658515e-18
62.990130575926514,0.009274635852922505,6.603499715728165e-08,1.2417291357653634e-12,8.505636266338956e-18
251.73484015381229,0.03710419683082874,0.0001367816247157153,2.5720562725593854e-09,1.7618153976439807e-14
58.820728310444615,0.008660735113502962,6.166405103871805e-08,1.1595373983544613e-12,7.942636653637855e-18
15.406401023599678,0.002268430911184499,1.6151127779788405e-08,3.0370753090009216e-13,2.0803456364031137e-18
1305.6617481287965,0.1922449937834041,1.3687758548480869e-06,2.573860729105207e-11,1.7630514201061348e-16
45.95941678540829,0.0067670419286329,4.818103929974459e-08,9.060014063065902e-13,6.205957641547662e-18
142.42743658677287,0.02097094572958979,1.493122062795171e-07,2.807682665921639e-12,1.923215524206473e-17
36.96626506173407,0.005442894690890269,3.8753169519541397e-08,7.287187365368504e-13,4.991601094733232e-18
1.311178794130683e-08,2.128228578618913e-12,1.6704272575674558e-17,3.462679437319129e-22,2.6147143056012303e-27
18648.89936865441,2572.53216482862,16.527837774492177,0.28324615642671813,0.0016834092921083155
283.77170201855375,0.04178240653335399,2.976846873756173e-07,2.5347899003708384e-09,7.530881520079916e-05
42.64179192772276,0.006278556475907125,4.470304447669657e-08,8.406008203788964e-13,5.7579745996070836e-18
1201.113094900426,18.001975741035764,0.012224998172144976,0.0005283986897757788,3.410871568865087e-07
27.090185955593316,0.0039887456595002905,2.83996927171241e-08,5.340308535130719e-13,3.658021757043668e-18
25.723256545390214,0.003787479645279181,2.6966687595660434e-08,5.07084472236122e-13,3.473443565846961e-18
12.409562037126367,0.0018271778124013727,1.3009425228242536e-08,2.446306207448425e-13,1.6756787126379548e-18
287.75149285461004,0.04236838831671343,3.0166105132539217e-07,5.6724666113663215e-12,3.885544466949768e-17
22.815999064687205,0.0033711295129612295,0.0001285119181886188,2.416551828234709e-09,1.6552974620388366e-14
45.95941678540829,0.0067670419286329,4.818103929974459e-08,9.060014063065902e-13,6.205957641547662e-18
929.5204374270967,2.0565344009801114,0.0006480672634980655,1.6961435644495858e-07,1.6170869170233083e-11
58.820728310444615,0.008660735113502962,6.166405103871805e-08,1.1595373983544613e-12,7.942636653637855e-18
84.66730510294691,0.012466372371328732,8.876002003279796e-08,1.6690528918072208e-12,1.1432732306988363e-17
107.06129603101292,0.015763762513793758,1.4707605597758802e-07,0.00016808756914942432,1.1513716501440411e-09
12.409562037126367,0.0018271778124013727,1.3009425228242536e-08,2.446306207448425e-13,1.6756787126379548e-18
24.303520427117917,0.003578438397327719,2.5478323153850074e-08,4.790971083897788e-13,3.2817348186861294e-18
1.311178794130683e-08,2.128228578618913e-12,1.6704272575674558e-17,3.462679437319129e-22,2.6147143056012303e-27
1.311178794130683e-08,2.128228578618913e-12,1.6704272575674558e-17,3.462679437319129e-22,2.6147143056012303e-27
1.311178794130683e-08,2.128228578618913e-12,1.6704272575674558e-17,3.462679437319129e-22,2.6147143056012303e-27
2593.590630295987,1207.6643134491296,25.513065689527714,1.402804534880127,0.028111617025853727
1.311178794130683e-08,2.128228578618913e-12,1.6704272575674558e-17,3.462679437319129e-22,2.6147143056012303e-27
12315.276775571017,1422.4788898253396,7.349896710121333,0.10031608633605507,0.0004988194822316945
115.13201658891036,0.016951981510622067,1.206973587552207e-07,2.269606018446777e-12,1.5546420475109016e-17
115.13201658891036,0.016951981510622067,1.206973587552207e-07,2.269606018446777e-12,1.5546420475109016e-17
93.83980694318561,0.013816927032045505,9.837590949686604e-08,1.8498711037834113e-12,1.2671306724791078e-17
85.5993966486547,0.997853307997763,0.0005206941455110899,7.175990775730085e-07,3.602582094237674e-10
355.9053947731624,0.05240333584760172,3.732644780458809e-07,1.3378649983416405e-09,3.765443896080961e-05
1.311178794130683e-08,2.128228578618913e-12,1.6704272575674558e-17,3.462679437319129e-22,2.6147143056012303e-27
167.49811849148435,0.024662340605654986,1.7559477456715053e-07,3.301902885660053e-12,2.261748083642155e-17
76.47597690654268,0.011260285235474149,8.017273295753289e-08,1.5075766289531357e-12,1.0326646995848401e-17
111.10539484793364,0.016359103705423605,1.1647609499869711e-07,2.1902289241502313e-12,1.5002700695554062e-17
117.15576616066905,0.017249957402463496,1.2281893392892272e-07,2.309500344490702e-12,1.5819689915800045e-17
138.0218759649511,95.24916830709931,2.9418467581727112,0.2521937421214857,0.007480056698506641
141.31733048650938,0.020807494253240792,1.4814843899558012e-07,2.7857990616826155e-12,1.9082256224241554e-17
95.89401011016844,0.014119386896273305,1.0052941035568203e-07,1.8903657638182796e-12,1.2948688352607472e-17
114.10740818561916,0.016801118673134927,1.196232220233226e-07,2.249407836676331e-12,1.5408066318447532e-17
54.60057898472483,0.00803936240188699,5.7239904808519296e-08,1.0763452803652732e-12,7.372784601800278e-18
11628.33135995274,3097.2237857258337,38.02489105023119,1.2470560192767028,0.014309411761092265
87.74701653927877,1.991995359699171,0.0020241221828162913,5.432200454288732e-06,5.3107159832982e-09
22728.20145825172,40128.9635516587,3269.5828113025696,716.1572438559591,55.74412851584635
115.13201658891036,0.016951981510622067,1.206973587552207e-07,2.269606018446777e-12,1.5546420475109016e-17
141.33530971848927,0.020839278766622095,0.0001337857130644775,2.515720830056673e-09,1.7232265646183324e-14
110.03820279734877,0.016202082320134654,1.506454472403985e-07,0.00016808808927276607,1.1513752129016755e-09
159.39634371280914,0.023469573404593914,2.0909414148162758e-07,0.00016809586324541343,1.1514284633101417e-09
87.70599414069831,0.012913787451083826,9.194559561638733e-08,1.7289547951404514e-12,1.1843050295621057e-17
11262.618323270739,1426.346908187143,8.304657158289398,0.13365042732587246,0.0007290403488060754
12215.816626013931,1269.8094057990518,6.071841261474771,0.0746181716918582,0.00033407707072265094
112.10831375614988,0.016506772992320923,1.1752749379161136e-07,2.209999539288756e-12,1.513812609251587e-17
384.82087032384584,0.056660835724992184,4.034226448739826e-07,7.586002479479309e-12,5.1962844349485283e-17
135.2620146205415,0.019915912522614255,1.4180041649841056e-07,2.6664301689959855e-12,1.8264599334776436e-17
286.8366109928751,0.04223368156125104,3.007019451831038e-07,5.6544314770823846e-12,3.8731907025243876e-17
245.81430420319134,0.03619357728074663,2.576966697935464e-07,4.8457556878544906e-12,3.319261353324776e-17
88.76843234067827,0.013070220329234014,9.305939079150439e-08,1.7498987185107167e-12,1.1986512657134987e-17
72.34805168892495,0.010673341131057513,0.00013126405359200304,2.468303276149728e-09,1.6907463356734428e-14
79.56549164628748,0.011737048451294476,0.00013157443322163093,7.000374371780929e-09,3.76559515606317e-05
258.68071457988526,0.03808802121802756,2.711850268564878e-07,5.099392193944867e-12,3.492998104966676e-17
529.9673000016219,0.07803212466033659,5.555852770756791e-07,1.0447284858723876e-11,7.156214863587348e-17
344.77373471194323,0.050764315169199756,3.6143967925523976e-07,6.796550312313126e-12,4.655522944363887e-17
306.8043170001646,0.04521664128063399,0.00013803385468917392,2.595603338655545e-09,1.7779447428920435e-14
297.73088687632406,0.04383774938547113,3.1212283716120576e-07,5.869191149016048e-12,4.0202974749703863e-17
254.60566382001707,0.03748801274790072,2.6691299308098525e-07,5.019060414791754e-12,3.4379721839003166e-17
314.5789765331415,0.04631845382211332,3.2978534305572067e-07,6.201318795324705e-12,4.24779934088702e-17
243.77544902999256,0.035893377247576776,2.555592588319354e-07,4.8055635839642585e-12,3.291730436426501e-17
11683.687172820333,3015.941447484554,35.59831153917277,1.168669055970234,0.01299239027560676
90.80031446419568,0.013369393653997516,9.518949163466228e-08,1.7899533621532025e-12,1.2260880246481129e-17
359.2598388030777,2.995463302802401,0.0011180183110403204,1.102084180413387e-06,3.9574172104881397e-10
238.79477287826154,0.03516002494005995,2.503378228305534e-07,4.707379144007251e-12,3.224475742207398e-17
187.55525422658715,0.027615543408933685,1.9662144793869147e-07,3.697290696330764e-12,2.5325821008882995e-17
338.69923485567153,0.04986990879727388,3.5507154543692184e-07,6.676803244196746e-12,4.5734982115923035e-17
391.99522005745354,6.977229727344661,0.005558897638036442,1.1697193443135916e-05,8.96624292284447e-09
100.97006118402247,0.9981298951889875,0.0004416777857961023,5.161857793925641e-07,2.1975485946890027e-10
300.790300166994,0.044288400153647996,3.7213712118321977e-07,0.00016811304083172557,1.1515461268946514e-09
254.60733460728875,0.037527362655986204,0.00013684999586180662,2.57334193088909e-09,1.762696052031503e-14
408.0105704482434,2.0064742394133184,0.0004417789589001198,2.568946700217485e-07,5.441701428380467e-11
223.6975465028586,0.03293734147329821,3.0562681284434107e-07,0.00033617680435767453,2.30275471251154e-09
253.85062220683508,0.0373768407920397,2.6612145367117237e-07,5.0041762232329944e-12,3.42777676238117e-17
121.19253412787634,0.017844329133023116,1.2705083436795775e-07,2.389077452100656e-12,1.6364779752997428e-17
7445.925395560443,1082.8139657440063,7.263431107425222,0.13496874486783303,0.0012399851109096331
8024.1784842782445,1155.935696740549,7.804529085696913,0.15255838747069173,0.0009470439134032249
62.990130575926514,0.009274635852922505,6.603499715728165e-08,1.2417291357653634e-12,8.505636266338956e-18
461.91137579464885,0.06801160384409627,4.842396119618941e-07,9.105693355791917e-12,6.23724719074485e-17
8568.569646902784,1214.0510806389518,7.953083076149274,0.14695615030683118,0.0008969650387313561
9802.296422091691,1521.3254460007265,11.02254361024542,0.2230239757696071,0.0014914808859585957
8553.617882175651,1445.9793109338996,11.435123161383794,0.2572044276114247,0.0018737466749344613
7534.199236022298,651.1307739597976,2.597003508431239,0.03477177695309474,0.0004022102881238559
9330.914940322848,1102.4336282183208,5.984455059234103,0.09707825732544599,0.0004940213105707753
10234.997432080438,1641.9415270813322,12.097622061335366,0.24201950645061762,0.0016722979989742754
7528.111163586205,922.3782581967793,5.167273613246915,0.0852092792719743,0.0004496396493546169
28.415329614800896,0.004183859160291421,2.9788892215024556e-08,5.601535091682998e-13,3.836957565920569e-18
9814.173728246102,1784.886233650616,15.065821005512252,0.36424216475213145,0.002854238506274594
10231.919757840576,1594.6483805042403,11.482528809255745,0.22879352870721387,0.001536069904406846
13289.249511072894,2965.6001517111254,30.686501049630873,0.8628083407021672,0.008296284668573977
165.48609038166282,0.024397618298603988,0.00013451750706647736,2.529481562589108e-09,1.7326524355517006e-14
80.59196703147362,0.011866321597582418,8.448768505739546e-08,1.5887154488590355e-12,1.0882434300278677e-17
1.311178794130683e-08,2.128228578618913e-12,1.6704272575674558e-17,3.462679437319129e-22,2.6147143056012303e-27
165.49465109912603,0.024367351051935455,1.734944619888234e-07,3.2624083837293326e-12,2.2346950123831104e-17
12772.483661996752,6430.913491842063,144.46133498473108,8.577439354260477,0.18562479169495744
0.0046475675539267005,0.05688778898023907,0.03279410501483223,0.04562337831731703,0.023431788195834403
62982.2555322842,847037.6949472376,521256.96881870937,850643.5907560763,500320.0445933284
24619.459419685805,152120.12710452368,43159.8234586423,32568.221883506474,8890.801164695553
38616.6265502868,445809.68812500563,235340.895809302,330649.78238636605,167424.85621710453
36391.9859871984,277881.5237069771,97198.52546851606,90381.66757988873,30328.50258660459
19681.30520767534,79148.25883261002,14607.623070799144,7179.898152370549,1274.816610777738
32.20137985428664,0.004741315335902531,3.3757955535196754e-08,6.347881995373588e-13,4.348192674162407e-18
4934.515150888999,556.339416034691,2.914779021878433,0.03885843260930085,0.00018873267515187082
110.06329004827634,0.01620566470713872,1.1538361611583446e-07,2.1696858346150273e-12,1.486198397856604e-17
620.2586259900546,33.665132006419086,0.08176958364632353,0.0005245843753109251,1.226005849671072e-06
161.52147157626362,0.023782477077451795,2.1158537903185558e-07,0.00016809616864006156,1.1514305552122476e-09
21.23825184015779,0.003127109757816649,2.2264883197852024e-08,4.186712404232599e-13,2.8678277602162134e-18
149.31000749468035,0.021984332566323542,1.5666951246060954e-07,2.4698069786056526e-09,7.530878569538823e-05
9510.512079345961,1677.0276092425827,13.789478161760625,0.301643141576508,0.002291961655240273
96.88483886251692,0.014265276034565545,1.0156813456924465e-07,1.9098980448136667e-12,1.3082481200671948e-17
67.17458699659865,0.009890753158749925,7.042172513065491e-08,1.3242176368588157e-12,9.070668660480172e-18
30.96694868582423,0.00455955829764419,3.2463853459919754e-08,6.104537659687694e-13,4.18150588658515e-18
22.815906335959088,0.003359402830024937,2.3918799600197544e-08,4.497716610081377e-13,3.080860423786665e-18
4855.003515331311,561.9903526675342,2.9703839884540466,0.046597380673577125,0.0005721316364627249
113.10003000901865,0.016652792805753384,1.1856714840639398e-07,2.2295493156480038e-12,1.527203878088776e-17
12.409562037126367,0.0018271778124013727,1.3009425228242536e-08,2.446306207448425e-13,1.6756787126379548e-18
21.23825184015779,0.003127109757816649,2.2264883197852024e-08,4.186712404232599e-13,2.8678277602162134e-18
61.95054595132713,0.009121567923973941,6.49451602716853e-08,1.2212357266287884e-12,8.365259851747109e-18
69.2595425568178,0.010197740990236483,7.260746491613094e-08,1.365318521112096e-12,9.352202822491945e-18
6603.928875127189,953.4489591134744,6.325857667311407,0.11665959167489916,0.0007254608633405412
39.271058291885794,0.0057822513128006165,4.116937366151785e-08,7.74153297151778e-13,5.302820212800643e-18
60.92998236901787,0.008971300643939282,6.387526388251394e-08,1.201117280715631e-12,8.227451872331487e-18
65.09398596848126,0.009584406486428854,6.824055037008576e-08,1.2832025938211994e-12,8.789722496394899e-18
665.1156231832944,21.861037456821034,0.03215888370263871,0.00012494782925433106,1.7684779541460486e-07
44.86963336345266,0.0066065827534450144,4.7038577067758106e-08,8.845184245387518e-13,6.058802820443301e-18
49.2215414798284,0.007247355564609637,5.160085114888938e-08,9.7030791338199e-13,6.646446426893725e-18
18099.044525638008,80162.56706755236,16300.776991336194,8821.639177683875,1722.6382101748416
1.311178794130683e-08,2.128228578618913e-12,1.6704272575674558e-17,3.462679437319129e-22,2.6147143056012303e-27
220.6625677783043,0.03249024797698635,2.3132912890845295e-07,4.349937634322636e-12,2.979634304545997e-17
193.55088583143979,3.9836516651416747,0.003669929379193019,8.929420663694154e-06,7.914546772395963e-09
580.9106163947781,6.005398295309347,0.002779366889928113,3.397286981652666e-06,1.512692955375737e-09
435.0127550351781,0.0640515073292426,5.964217387769098e-07,0.0006723514625194242,4.605494723941042e-09
4415.39964979717,0.6501212733259673,4.628834718339998e-06,8.704110217064243e-11,5.962169477713093e-16
367.3193421793958,0.054083919326735314,3.850751140671721e-07,7.240993551593605e-12,4.9599591072492135e-17
498.15283229355026,0.07334777807859295,5.222329365509897e-07,9.820123887143408e-12,6.726620119366479e-17
62.990130575926514,0.009274635852922505,6.603499715728165e-08,1.2417291357653634e-12,8.505636266338956e-18
343.2863627216751,0.053469065828375816,0.00013961074467513278,2.774618646271322e-09,2.008699581642003e-14
1.311178794130683e-08,2.128228578618913e-12,1.6704272575674558e-17,3.462679437319129e-22,2.6147143056012303e-27
1359.072957064259,0.20010923392406657,1.4247688969004275e-06,2.6791506431047845e-11,1.8351732448422936e-16
1.311178794130683e-08,2.128228578618913e-12,1.6704272575674558e-17,3.462679437319129e-22,2.6147143056012303e-27
15140.704589685809,35271.647156679515,3727.130837605053,1041.8387008004668,105.5581009180986
16345.326506077858,34670.52640996448,3310.15075621078,842.0514029915324,77.28434650589394
26436.760352644458,66360.67855152284,7540.069759108467,2270.0398512369284,247.00659695502713
24653.37200148659,29367.44717071466,1569.3001822016488,223.77815406634292,11.440818808321174
35034.8558722936,37849.135231221226,1858.8575830814355,240.8305318868028,11.191427546661865
169.5529711748793,0.02496489610435993,1.77748956339215e-07,3.342410349660331e-12,2.2894950169253e-17
79808.21627645791,966036.7233078048,536346.9685087452,786266.0364398216,412763.8283730872
102.98660083055209,0.015163696466422313,1.079648483167726e-07,2.0301825329698153e-12,1.3906409765502113e-17
23325.069388956646,72036.14883479998,10207.072096139256,3819.5636415378663,515.0495827242823
116.13950335306018,0.017100323366380978,1.2175354620868916e-07,2.28946668006955e-12,1.5682462675381646e-17
25418.65826882133,62190.469997984714,6901.4431346235715,2019.7950786137926,213.78235762968512
128.25510009996978,0.018884217873997435,1.3445479622080944e-07,2.5283023411528003e-12,1.7318446886505604e-17
119.18662128075337,0.0175489795117465,1.2494795812454603e-07,2.3495347427380157e-12,1.6093918827585647e-17
36627.492813008765,49937.36170064563,3094.1101579519495,505.1788623299866,29.614184044869262
129.29026977349645,0.01903663574772094,1.3554000474194818e-07,2.5487087180300393e-12,1.7458227144721604e-17
100.95001679518184,0.014863830834469587,1.058298182770407e-07,1.9900352001887607e-12,1.3631407271106386e-17
245.81430420319134,0.03619357728074663,2.576966697935464e-07,4.8457556878544906e-12,3.319261353324776e-17
23050.28116116928,58180.218233724365,6670.365690147605,2019.1352244481973,220.74408968183832
248.65343828998016,0.03661160998764577,2.606730441816619e-07,4.901723749575853e-12,3.357598536678414e-17
150.39017612997912,0.022143375584547563,1.5765985500308958e-07,2.9646527436291626e-12,2.0307373940912627e-17
36674.78444823121,43918.770127454394,2401.3216533972577,344.5358072237275,17.756734690006702
32713.670298745168,86731.74443997102,10433.32708404989,3312.5067070407663,380.32646807235875
184.572205490589,0.027176320779849668,1.9349420224161786e-07,3.638485634410276e-12,2.4923016199920425e-17
139.34923614809156,0.020546644896802222,0.0001337229349110702,2.514540342958449e-09,1.7224179507600122e-14
204.67155977319186,8.928847852622784,0.017432782774857533,8.989651838994514e-05,1.6887581495017837e-07
388.007891152996,0.05713009110477614,4.0676372242802033e-07,7.648828458464649e-12,5.2393191765789225e-17
41176.40240450922,356378.5097576239,141104.51266902682,148069.07796342063,55650.70795600194
11400.55740820817,89664.66663282944,32281.02919508756,30796.370776220992,10570.92567006444
17299.38549050422,135736.87052803524,48590.43754544166,46332.96636832414,15806.635828902612
36608.86651417104,137916.55195479546,23555.731769273123,10711.55462055223,1753.325573694825
31336.218936569152,275223.1089309515,110591.81110244084,117855.61138379342,44962.032456018154
18039.67112496378,43801.8663302181,4814.327117643405,1405.1797353378558,148.01232085987107
28355.59878513621,82366.66313379214,10871.071819489534,3786.956826770418,477.50039475451644
17537.15466552669,44580.47895321831,5135.030595970397,1567.1544894110273,172.8560069463033
21401.195810935544,54836.09128821985,6372.408162172738,1958.1782507936719,217.34263439430154
42652.010537378555,379952.99386700714,155088.0795731325,167129.27604407535,64584.27911216184
24363.65579167189,55851.95944917096,5750.918911921827,1587.2883111942194,158.00028423199504
45852.48967037876,466905.4422733289,217543.74278174585,268608.52028744045,118768.35461796395
22286.786064509826,51275.80957892285,5351.483019177961,1475.5967073700554,146.9056521919289
18606.906217311436,48422.74758927695,5724.4509476198555,1787.2628707375616,201.5356084048712
14895.616914200233,41386.0182971316,5218.36270794105,1741.8177134785258,210.07423176810298
26689.88147300892,74814.22534742736,9529.007490971126,3201.924849179782,388.76018449612917
47.05082103465586,0.006927739753634264,4.93252007078502e-08,9.275163395635597e-13,6.353331324992357e-18
288.7318080785164,0.04251272944824751,3.02688753799288e-07,5.691791638392446e-12,3.898781786264182e-17
360.52744385220456,0.05308388355670555,3.779549036051853e-07,7.107104353985678e-12,4.8682472530256195e-17
240.58630102996221,0.03542397345529383,3.0326922000626764e-07,0.00016810636909880052,1.1515004266433714e-09
606.3979285492089,6.0005985087795075,0.0026582092757223555,3.110038470595588e-06,1.325483516659758e-09
8193.169834412833,1028.8114325852289,6.084398821033461,0.10437245989884561,0.0005647818078033365
130.27956893298682,0.019182299669512872,1.3657712542398745e-07,2.568210846047485e-12,1.7591813449945676e-17
136.23699340737232,0.02005946791977731,1.4282252457832914e-07,2.6856499984405634e-12,1.8396251942135028e-17
830.6486286072318,21.89424197120597,0.025829886667445304,8.048375432208496e-05,9.135534495151898e-08
194.27189766210066,10.529556380725538,0.03596520556937026,0.0002311381550708856,5.411459485629375e-07
55.23443956911771,306.79847664575175,78.77802749954797,53.87664917292919,13.182973552552548
324.72768028884394,0.04781274397285162,3.4042462285289617e-07,6.401380948371313e-12,4.384838559462355e-17
411.96502366081717,0.9999491627445587,0.00010865451849273012,3.1181327867423493e-08,3.2596408671711884e-12
1104.2093358117222,12.97411607891369,0.006823808662756827,9.478926351668699e-06,4.796498791724354e-09
183.54988034344626,0.02702579412787512,1.9242245913570373e-07,3.6183324626383494e-12,2.478497035419789e-17
339.9337607811321,0.05005167978750606,3.563657468496355e-07,6.701139545717098e-12,4.5901681698656483e-17
41.5197484862306,0.006113347351305358,4.352676281492145e-08,8.184818944430967e-13,5.6064636676387836e-18
7487.368242683615,1549.1781625414608,14.62044461417437,0.38752717091224914,0.004815029622729549
411.7427954445194,0.06062480674189498,4.3164594323132356e-07,8.11671639462096e-12,5.559814563513744e-17
69.2595425568178,0.010197740990236483,7.260746491613094e-08,1.365318521112096e-12,9.352202822491945e-18
5368.526544310526,2984.904981502076,76.59489071211729,5.3484395937266305,0.12817660823987853
65.09398596848126,0.009584406486428854,6.824055037008576e-08,1.2832025938211994e-12,8.789722496394899e-18
50.308577166862264,0.007407410164658736,5.274043282377762e-08,9.917367288466539e-13,6.79323021790833e-18
3304.5566151794387,1256.9116908840067,21.798728705525548,1.0054534163419286,0.016466659825701082
60113.78783990853,8.851124562806826,6.301961549892222e-05,1.185027577170316e-09,8.117240102269962e-15
21032.76718541663,4006.3114063439666,34.67722204700503,0.7805928203993846,0.006402135597330288
19121.666662831936,6241.640658490246,94.15221738486026,3.633725558047679,0.05110461998477709
9755.002756279237,1.4363218091712053,1.0226547768522373e-05,1.9230109592077446e-10,1.317230246443647e-15
1.311178794130683e-08,2.128228578618913e-12,1.6704272575674558e-17,3.462679437319129e-22,2.6147143056012303e-27
2983.0178119612156,1272.8313185666595,24.75856487284746,1.2479797140838085,0.022925817494216783
1917.1484673900025,0.2822799976513496,2.0098211011261037e-06,3.779289053348755e-11,2.588749599833434e-16
3160.032471360129,1569.383990693794,35.57057828008768,2.086734985585095,0.04461830054962616
1.311178794130683e-08,2.128228578618913e-12,1.6704272575674558e-17,3.462679437319129e-22,2.6147143056012303e-27
1.311178794130683e-08,2.128228578618913e-12,1.6704272575674558e-17,3.462679437319129e-22,2.6147143056012303e-27
23254.070867727514,3.4239179602312486,2.4378144474469137e-05,4.5840923105889397e-10,3.140026329587429e-15
7076.569899654989,1.0419506723825673,7.418642713301733e-06,1.395009495192259e-10,9.555581013955179e-16
2768.373812007706,1116.4612885859985,20.743695013240867,1.0342044786241067,0.01797062284346649
12624.627767245742,2310.2827549427807,19.427221338680226,0.4202754609798779,0.0033126367891184835
8879.534612219166,1424.5882270769614,10.429370420856445,0.1977723963388836,0.0013664025949514794
3888.769605929516,1698.8412893433397,33.99161395667525,1.8148492731990369,0.03414716347296831
4571.263727323409,9610.2091850644,919.2853511056455,232.59073792587415,21.097015498639387
14683.278926734532,4287.594833639669,57.1589926696957,1.9723762153686581,0.02480073426190498
7790.876257694421,614.0821562671061,2.1657223396829917,0.020174738051605506,6.846657912113141e-05
3764.4967206996434,435.6351313870257,2.255132281633199,0.03083722115498281,0.0001536250498117837
12846.530807221565,4779.845543930268,82.60628503898222,3.6350651160828686,0.05829349697737809
4075.609168900942,1941.5974904089626,41.598723068722656,2.395187567497188,0.04908069685988027
6585.143263093778,3937.9338831997084,107.38336610923288,7.708115556735611,0.19843923352120185
1.311178794130683e-08,2.128228578618913e-12,1.6704272575674558e-17,3.462679437319129e-22,2.6147143056012303e-27
3192.5649449244484,1751.9047380131838,43.42877546537883,2.812473970249296,0.06638867098422503
1.311178794130683e-08,2.128228578618913e-12,1.6704272575674558e-17,3.462679437319129e-22,2.6147143056012303e-27
7851.627345896349,3487.540377592227,70.18724011848771,3.7936205992017067,0.07252251201843328
18205.437981719355,4849.775002190812,60.15908344620309,2.004124055910869,0.023009871352167362
1967.6905080432714,89.25944223075591,0.18120911022947275,0.0009716546322848545,1.8979864270039792e-06
1312.38221074152,418.09789276083103,6.043318486378662,0.23998496581034112,0.0032914350086837986
3367.43715284091,1438.037232572105,27.97558294642168,1.442275341387712,0.026517236705545743
17258.118259022755,1629.5485698715722,6.883889154471904,0.07681391860833084,0.0003122620286234381
8576.497755017208,1.2945968306438242,9.449569857482197e-06,1.821650069585753e-10,1.2792195813705182e-15
2641.0826147501148,996.4456244833627,17.04549879297458,0.7595560108178904,0.012334484442265856
2539.1044424726933,1256.635536328982,28.166249846114887,1.7040297747298632,0.03629343384579966
2751.2587917339647,1121.5443279562771,21.067997365657025,1.061120337488236,0.01863780791363616
11704.88555724454,11278.367440545742,496.7707617867252,57.569831830665144,2.407281311905587
15649.40551067511,1528.5058603449506,6.856315773564474,0.0791696369854769,0.00033304376152793716
24742.503882423753,25467.16762572121,1197.4339752409728,147.64777926702655,6.541707685191326
3737.568206269457,1802.3483263394942,39.57400830268389,2.3094881824968736,0.04794516239235676
12022.91343054335,2031.4498456489096,15.733043906438477,0.314240256415271,0.0022867594151750594
1.311178794130683e-08,2.128228578618913e-12,1.6704272575674558e-17,3.462679437319129e-22,2.6147143056012303e-27
7590.896325342554,1.1176798423997263,7.957831055152438e-06,1.4963990465761056e-10,1.0250082431727532e-15
10556.445609052713,1755.1844424378883,13.050228915454285,0.25633174090655797,0.0018344034825973465
10661.419084536044,13858.577382605872,828.5890432593136,131.2233182362627,7.352393160143121
7783.6817106634835,1181.6536119709724,8.300264825400085,0.14898910540932936,0.0009743574564448604
1.311178794130683e-08,2.128228578618913e-12,1.6704272575674558e-17,3.462679437319129e-22,2.6147143056012303e-27
2288.689174943557,1126.4670419349145,25.204016530253476,1.4649425863583858,0.03103405837529786
10482.99093380252,1929.297278101879,16.256594294862015,0.3536510249039223,0.0028030911264631023
2837.650853216715,1320.046797909951,27.810154016349575,1.5778837549310252,0.033808645552037137
4009.8356481323644,1677.8451499649882,31.9983006366962,1.581689089113824,0.02849354862642102
639.5325365686178,16.919014628983337,0.020034028948029796,6.265485552947913e-05,7.138076949705302e-08
2160.0169819263656,987.5686076775308,20.43676993580175,1.1031948254758206,0.02170412024225251
1.311178794130683e-08,2.128228578618913e-12,1.6704272575674558e-17,3.462679437319129e-22,2.6147143056012303e-27
16716.59909324179,4712.707394380904,61.105185942721306,2.036387773067724,0.02472905995764412
18078.976183331913,4825.435342950622,59.27880336245419,1.9060816550153,0.021915333421382025
6409.07095652148,0.943668456213612,6.718877680124369e-06,1.263424931356121e-10,8.654248826428467e-16
15214.58571400426,4965.487999821919,75.18824909382582,2.9019238209656484,0.04081393960068817
9257.998668649578,1.3631431716920706,9.705519105560288e-06,1.8250361732275272e-10,1.2501191616814703e-15
15166.042818055232,2971.3983556285716,27.143878468593314,0.6803635839758987,0.0057443237122744295
1.311178794130683e-08,2.128228578618913e-12,1.6704272575674558e-17,3.462679437319129e-22,2.6147143056012303e-27
6527.256824008475,1209.3959528992373,10.363924264440419,0.2270487427180554,0.0018123060773837564
3658.1697777496397,1830.3560882783534,41.74878898055319,2.5082980487343844,0.05403172739955175
4097.517879969343,1878.3873891511778,39.041724820190574,2.1896289195325305,0.043202940722703496
3006.505073548162,1727.1207646731852,44.78148423640849,3.0354994483526645,0.07500131192746246
10291.861391702798,5346.634187113293,126.84342793104504,8.003199518557981,0.17902770431603307
6248.99659335077,2423.786242416009,42.51137994880558,1.9470984012229746,0.032500259581207724
15521.417123461222,2.285365825173181,1.6271703618542127e-05,3.0597485184345846e-10,2.095876404497267e-15
25232.969562764716,7028.259875063386,90.37055564673247,2.976020960699662,0.03571150107778203
1889.924747445574,950.7080443377266,21.97048524689362,1.3360387946094858,0.028951932338518036
23069.641297219423,18170.363638225022,652.5355455770393,61.750569076152495,2.0935193804338685
2718.2590518839565,1204.1364573802502,24.334514916042114,1.302954039891915,0.0248519546694017
781.7363310228667,61.1219817143052,0.2138321950181227,0.0019759554974989645,6.651912257974031e-06
3962.1538942503157,0.5833855911461566,4.153679612207782e-06,7.810623483224057e-11,5.350146054250487e-16
1.311178794130683e-08,2.128228578618913e-12,1.6704272575674558e-17,3.462679437319129e-22,2.6147143056012303e-27
13043.094256224234,3566.945057751218,44.852544256127906,1.5275356507820983,0.017995030729016932
1.311178794130683e-08,2.128228578618913e-12,1.6704272575674558e-17,3.462679437319129e-22,2.6147143056012303e-27
1.311178794130683e-08,2.128228578618913e-12,1.6704272575674558e-17,3.462679437319129e-22,2.6147143056012303e-27
2632.8261342590336,0.3876560254130098,2.760093759161965e-06,5.190109768661712e-11,3.5551381217611066e-16
2073.0432997525195,1046.1368099184613,23.756161923756174,1.4146089919880702,0.030702203935927364
4572.291640137333,2125.098709881943,44.96643924119472,2.526581876899634,0.05055436174693587
2575.5085944296984,1074.1199860767483,20.325868489485938,1.0272982893498896,0.018441507515623526
5623.329248644463,0.827976233505348,5.895154170240962e-06,1.1085310832348079e-10,7.593251951935872e-16
18273.752088563855,4517.579222449069,51.9321591086765,1.5183287344792338,0.016174954813366522
4639.701472332575,1736.3543200727156,29.601690448037022,1.351129166261359,0.021771157629903722
2906.375889593355,1204.716772263858,22.892024574822702,1.1213605514336566,0.020018693077659414
1.311178794130683e-08,2.128228578618913e-12,1.6704272575674558e-17,3.462679437319129e-22,2.6147143056012303e-27
1.311178794130683e-08,2.128228578618913e-12,1.6704272575674558e-17,3.462679437319129e-22,2.6147143056012303e-27
3865.1877179100647,1875.1512430992825,41.35349636264195,2.4094195753869796,0.050314595859195496
4103.634505614555,0.6044889992720979,0.0004597300385372098,8.64481272072317e-09,5.921551687499862e-14
858.0481545360244,54.36745379070522,0.15415060603283667,0.0011544357446634228,3.1495778824784244e-06
2565.580778000061,880.6119888199264,13.605787844644578,0.5708697159877956,0.008431715009480154
4804.213057980257,2350.0514299547767,52.38185483434862,3.0330369404624147,0.06700993991698534
3149.160572033747,1229.9687731736312,21.770039168259533,1.0569173684967867,0.017768870228450008
13616.161341666748,4112.191705980497,58.19748170840022,2.3361182315273226,0.04396215410238872
1.311178794130683e-08,2.128228578618913e-12,1.6704272575674558e-17,3.462679437319129e-22,2.6147143056012303e-27
4928.81418449821,2200.5553957323264,44.652383088623125,2.411243903682028,0.046341430542633885
1.311178794130683e-08,2.128228578618913e-12,1.6704272575674558e-17,3.462679437319129e-22,2.6147143056012303e-27
2262.190318035162,913.9184397805291,16.484476445167925,0.7857757063919657,0.01365041875206455
5293.01553051648,0.7793410040677898,5.548873487248876e-06,1.0434160939511913e-10,7.147225199095265e-16
5855.2488460445575,0.8621239609886167,6.138284479941988e-06,1.1542495662120013e-10,7.90641589055372e-16
4954.814274928215,5062.539406764499,236.62630575158124,28.909239172511665,1.271687827608249
10168.783124828606,2651.716342733111,31.627592656341974,0.974753031278937,0.010946553912908172
1.311178794130683e-08,2.128228578618913e-12,1.6704272575674558e-17,3.462679437319129e-22,2.6147143056012303e-27
2738.0820171944933,1028.1750393430295,17.764993771569458,0.7885441497737048,0.012755496272652184
1.311178794130683e-08,2.128228578618913e-12,1.6704272575674558e-17,3.462679437319129e-22,2.6147143056012303e-27
14107.263544459965,4372.898311033656,62.32949117880366,2.283848141396335,0.030494342298103
2320.8973196601264,0.34172778013097377,2.4330866836569458e-06,4.575202173089523e-11,3.133936734542114e-16
5769.030899851059,0.8779450093865104,6.46077629089544e-06,1.2556757519505773e-10,8.889913635047276e-16
12805.591059783876,2105.916573505621,15.577780461509048,0.3026871688566525,0.002142840240012553
1600.5049187869874,875.4941729779019,21.988283946427984,1.4525299154510591,0.034226514573075496
34788.62720672453,293.54984994587414,0.11088064143399846,0.00011061412879516218,4.019728706592961e-08
3102.642865651027,1451.1789258440765,31.297456643082466,1.779219463810903,0.03585815678579343
2951.7451893215134,1419.6037694192046,31.153337705365328,1.8191375727889108,0.03767075542171354
3877.717613181519,1280.9813940736576,19.295436737006177,0.7926815918439349,0.011275861610374893
9302.456254609519,1692.349912028047,14.037795106440237,0.30183765899495446,0.0023646335548190337
3868.0954079225503,1651.897770444009,32.260685581953126,1.661176774155456,0.030550291154992172
2825.504854772888,0.4160259454788051,2.962086335539696e-06,5.569938765548226e-11,3.8153146125812053e-16
17076.786796320248,16103.725891864582,695.1768633382486,78.70724205173873,3.196065350913518
2884.4303920539337,1201.844297467397,22.793694442772008,1.1700431703545728,0.020989609772134824
14660.38308181186,3856.5170157772022,46.49644788063247,1.445687702760183,0.016378898513524826
4303.2264835791275,2075.509127174619,45.537995311352745,2.593913298438496,0.053851688431880845
9184.417097062822,9826.394741695945,480.5213997072779,61.54020207766795,2.834305033689848
2748.910137334539,1426.4730098142288,33.521100300766946,2.0909140294602446,0.04668899888188441
2422.125016240252,1283.5741169586747,30.40415959683597,1.9627185775511955,0.04471354595582181
1.311178794130683e-08,2.128228578618913e-12,1.6704272575674558e-17,3.462679437319129e-22,2.6147143056012303e-27
2625.4894879166363,1316.46255786531,30.038532747403515,1.7787682757156653,0.038391198376633504
1.311178794130683e-08,2.128228578618913e-12,1.6704272575674558e-17,3.462679437319129e-22,2.6147143056012303e-27
22006.489934030862,2455.2971751381847,12.889844738995198,0.17009058091214038,0.0008177008609705971
11746.5204318845,1977.513082181164,15.138732984299903,0.30120539617256015,0.0021834599946849702
1.311178794130683e-08,2.128228578618913e-12,1.6704272575674558e-17,3.462679437319129e-22,2.6147143056012303e-27
2501.1095556245805,1141.219763040206,23.832304759096257,1.2848696015572822,0.025246535793138097
1.311178794130683e-08,2.128228578618913e-12,1.6704272575674558e-17,3.462679437319129e-22,2.6147143056012303e-27
3181.57734573528,372.8810625606927,1.9549122275554145,0.02707318185161088,0.00013659526533127048
3880.243806557696,1726.3112640831375,35.12364724814839,1.881791280294229,0.036053086678188295
8346.077405306314,1338.784294698519,9.792718656404542,0.18566599246488916,0.0012825279972842384
4708.383662583739,0.6932600953045633,4.935981223270156e-06,9.281671783716364e-11,6.357789461642349e-16
37224.93759391331,35620.93216440291,1557.937848050399,179.58396404238897,7.398580314053344
3715.570600943772,384.62365046858696,1.781204499102156,0.021789000099984357,9.710429866748808e-05
4023.98205012485,1684.3098076902336,31.874735190552798,1.5753041518053996,0.0283735339600893
3368.8246092976283,1152.2375730865588,17.866737573276772,0.7440495422274723,0.010954748035863673
2245.917492134394,1168.0657201596173,27.655161474521783,1.7326642478601304,0.03879176227369103
895.3543934076171,347.63084079997685,6.109296630500307,0.2801154764535934,0.004680577389007482
1.311178794130683e-08,2.128228578618913e-12,1.6704272575674558e-17,3.462679437319129e-22,2.6147143056012303e-27
3321.2729367734787,1902.3947015054023,49.62926764368601,3.3568604532543764,0.0827627920154487
12308.91078576232,3563.791305070119,47.62161050188996,1.630125717506526,0.020333239289456295
1.311178794130683e-08,2.128228578618913e-12,1.6704272575674558e-17,3.462679437319129e-22,2.6147143056012303e-27
3670.422060886238,0.5404311394500151,3.847845815536023e-06,7.235530347194164e-11,4.956216903886832e-16
1.311178794130683e-08,2.128228578618913e-12,1.6704272575674558e-17,3.462679437319129e-22,2.6147143056012303e-27
854.3864342883306,64.11526779173597,0.21528582871891502,0.0019093945417597738,6.169353623694926e-06
6808.451498605258,1096.4425085539638,8.270775029103689,0.15753487120109375,0.001093233580038099
1.311178794130683e-08,2.128228578618913e-12,1.6704272575674558e-17,3.462679437319129e-22,2.6147143056012303e-27
5084.416494314311,2204.2921504816736,43.405372820580396,2.290066586863919,0.04273764344859354
6110.169887721941,0.8996584098171608,6.405528095863795e-06,1.204502341031846e-10,8.250638967616642e-16
10924.926538022897,2350.9784005640004,23.572077768673832,0.5999217467219417,0.005563185559475475
19682.77123311353,234.49825569093954,0.1250585191370105,0.00017614499369558243,9.037749285991808e-08
3667.330064368362,1599.8058548279264,32.03527273163451,1.6991613507583354,0.031928703451276894
1.311178794130683e-08,2.128228578618913e-12,1.6704272575674558e-17,3.462679437319129e-22,2.6147143056012303e-27
1.311178794130683e-08,2.128228578618913e-12,1.6704272575674558e-17,3.462679437319129e-22,2.6147143056012303e-27
2823.542930103561,1225.8704423304018,23.958961544759653,1.2277993426875522,0.022931133236576137
2066.787180368231,0.30442412146617837,0.00016011413754314207,3.010803334506372e-09,2.062349774615475e-14
1.311178794130683e-08,2.128228578618913e-12,1.6704272575674558e-17,3.462679437319129e-22,2.6147143056012303e-27
3040.6611043966464,1797.8571491217726,48.15578846605507,3.48814577786552,0.08874881851314849
7217.374185811796,1.0626826262409736,7.566253308026416e-06,1.422766348998238e-10,9.745710806010098e-16
3463.7130803678906,1729.2948537346736,39.343903595225164,2.3200315394403885,0.04986329104556359
1.311178794130683e-08,2.128228578618913e-12,1.6704272575674558e-17,3.462679437319129e-22,2.6147143056012303e-27
5455.258383677135,0.8032295619902163,5.718958963327369e-06,1.0753991484388222e-10,7.366303756828078e-16
2556.329425527968,1024.8169017137998,18.80101554553607,0.890636870612413,0.01537597793302872
4039.3593621237496,0.5947532862728956,4.234617098841559e-06,7.962819197095904e-11,5.454397565003017e-16
2430.438726564302,1101.3501144303618,22.591594681601677,1.2494843714825963,0.02436705012494253
3477.6778368334567,1298.4292697427902,22.20450601605984,1.0055959589996182,0.016170226078502516
6923.880612179141,1.0194687767739574,7.258572610696353e-06,1.364909742223899e-10,9.34940275568493e-16
2501.795579637664,999.825241096869,18.06520378367921,0.852496744231551,0.014661032547879064
770.1955091808671,192.70703000258544,2.209646155907562,0.07214914250324377,0.0007775543420127334
3022.0679641447746,1590.515231844803,38.289575558159676,2.4378243071056187,0.05525254023929691
6368.2677139928655,1600.410599801755,18.350525669114433,0.5643211898030172,0.006107122027313438
2900.2438051070403,1484.0062627519756,34.41738498974198,2.1325281547252,0.04695893136516941
1742.0496093162192,995.0054681911647,25.51452583788432,1.7674715102891245,0.043407597527265473
1.311178794130683e-08,2.128228578618913e-12,1.6704272575674558e-17,3.462679437319129e-22,2.6147143056012303e-27
12735.416724691739,3142.9142244429913,36.08170355671061,1.0530877368006606,0.011199269631853708
2897.8560915511994,1443.2752654673825,33.05459359033307,1.9973926646794224,0.042857588060718446
2106.4492290054327,1081.2038237051177,25.207957745251413,1.5601259320709389,0.03446672084606981
3985.868798225413,1881.3355632261678,40.042048703064836,2.309141383563859,0.046891987305223044
2291.8795989123128,1013.2187834501285,20.126316821964995,1.0768684246663631,0.02047800018344336
3203.265247250473,1523.3509584358526,32.73928140884605,1.8881555279350573,0.03863688381267801
3354.669922014338,1475.366452178236,29.66558902779181,1.5739356619623202,0.02980871416605698
1.311178794130683e-08,2.128228578618913e-12,1.6704272575674558e-17,3.462679437319129e-22,2.6147143056012303e-27
2922.147124391927,1060.092401261897,17.56897200363661,0.7531167550363839,0.011764741209509747
4503.730911464759,489.14735037776995,2.3766218738510716,0.030502096018772556,0.00014261966045679017
7076.569899654989,1.0419506723825673,7.418642713301733e-06,1.395009495192259e-10,9.555581013955179e-16
5457.115769578427,2957.360017697086,73.47266282068804,4.802899161625876,0.11210646646497996
9339.577541181481,9515.838613761658,442.4069520061704,53.87828433075502,2.3625663977612494
2975.647178215231,1340.9942395883318,27.588550331005898,1.5136946357198924,0.029373651430948576
878.4317834501011,0.20410608637676228,2.481457985916957e-06,0.00016826698249876312,1.8188681009242883e-09
3773.90723735005,1603.400157693885,30.541725553895514,1.531291179046525,0.027980542425392066
4059.558111628029,879.3227856674146,8.631827635620395,0.2209216095444578,0.002060185994923597
11269.032393735635,1972.390118412676,15.800199022450624,0.32688952932930837,0.0024640641274091186
4064.1867136441083,0.5984088533028177,4.260644574448923e-06,8.011761540070662e-11,5.487922248879352e-16
6387.825904738741,904.8564242264459,5.9738209246926,0.10007015384860926,0.0006107355847286912
2687.8963679869357,1253.5369873713973,26.496965427452515,1.4590815887234911,0.02928313083099381
4257.470009863158,1830.0072226999066,36.02638218853017,1.8799149340192374,0.034801931977129205
2177.5511623543734,862.7596112326834,15.585422798039374,0.7295221040608755,0.012444536031982242
3094.613787660435,1273.0041173909187,23.761783508594128,1.1544098894928634,0.02043942896778533
2058.574697286519,0.31298178775588703,2.301041456222907e-06,4.4679184165615526e-11,3.1601904431860254e-16
3850.2317933054596,1823.3541122702973,39.383386407142815,2.2474691194683167,0.04849049597756656
3045.8522758602144,1188.3163525964278,21.007147295869192,0.9679150353035502,0.016252671369045412
1.311178794130683e-08,2.128228578618913e-12,1.6704272575674558e-17,3.462679437319129e-22,2.6147143056012303e-27
3122.2434301364697,2032.8791675482012,60.65084898935513,4.82566191613506,0.13533410643568322
3385.0392564401786,1572.6570999369053,33.354901429048645,1.8920975624567797,0.03785209455039122
13249.16155624016,16386.33188507409,933.0105571488988,139.55287651920372,7.439238788248531
1697.0706671464484,658.5889099559586,11.412131901220983,0.5225929386783913,0.00872120482674387
1.311178794130683e-08,2.128228578618913e-12,1.6704272575674558e-17,3.462679437319129e-22,2.6147143056012303e-27
3009.8064430674544,1273.6754802863836,24.420550446954064,1.249214415392947,0.022752095160198802
2929.1239724186516,1325.8613943293071,27.34225510685602,1.5067068486428299,0.02936324162087116
3698.2400342352303,1634.7968954067412,32.88435519047608,1.7857643797934912,0.033985106414178456
3363.7373788108825,1794.2572376080025,43.92639947949186,2.8122536675781977,0.06461486706938951
3299.4759722661897,1803.8965885254493,44.991044831533976,2.994616631888602,0.0704924357560774
2259.204182197467,839.4160752096338,14.053068410031818,0.6164928763452149,0.009855830250010576
2936.1287603574037,1195.0462581141403,22.127264052055736,1.0907889491629799,0.01911320354831462
3572.872802820777,1491.4091527330927,28.224760971315263,1.426345064739545,0.02762906213657087
3678.9815580713557,1455.5790576520246,25.911512205639628,1.2389620131662564,0.02108969836960743
3837.7848255951417,1557.2374106574007,28.630980266513404,1.3719470504950593,0.023958711359106457
4003.381996356703,1628.3740907674899,30.15179305197789,1.4487333574216206,0.02536817847105193
2712.6114468118253,1366.142740022711,31.34027509838661,1.864158994545564,0.04041437115285039
1.311178794130683e-08,2.128228578618913e-12,1.6704272575674558e-17,3.462679437319129e-22,2.6147143056012303e-27
5277.223127208399,0.7770157383700406,5.532317698301927e-06,1.0403029257243424e-10,7.125900519009395e-16
3167.602528597593,1566.3738659531218,35.165249098747616,2.0907543070701218,0.04449800282492006
1.311178794130683e-08,2.128228578618913e-12,1.6704272575674558e-17,3.462679437319129e-22,2.6147143056012303e-27
4380.786539654575,1796.059137324423,33.35325337737754,1.6192006073883052,0.030682295739254652
3272.2354300790466,1375.1706605517538,26.343311293913082,1.307834869575226,0.023662878161758466
3183.120947453745,1546.607984252656,33.93621292803615,1.9827685885803752,0.041448944349876275
2033.6029687513903,976.176664526452,21.592734004726008,1.2834968581956674,0.02654853619451624
5514.156424298378,3726.396069026036,114.06684743421502,9.207301235573855,0.2676701971617136
14290.723049103028,16225.869482624377,856.9369246712989,120.16967643192537,6.036077488231853
6395.216869272852,2620.2975418899337,48.56542420787813,2.3896368598998947,0.042135743057388333
2361.81108895779,982.9780914332673,18.670866874038026,0.9431272359038202,0.01690194581681707
2566.6575951048553,1220.8319410906272,26.558902111577552,1.5244658307722823,0.031226209787549402
2954.9903068655167,1525.6838991562372,35.69750591102839,2.2144452982123632,0.04920094537675647
2106.5083743219934,1131.211039197838,27.671631918208323,1.8245576769410539,0.04218333352159932
16027.159941037487,4776.494118684191,66.25004256779052,2.4487655943724618,0.03145506897870612
4311.719834605478,2003.940173217405,41.982758796954876,2.3426806702528387,0.046840657617100816
1.311178794130683e-08,2.128228578618913e-12,1.6704272575674558e-17,3.462679437319129e-22,2.6147143056012303e-27
3545.639382618194,1651.037793282577,34.9450404567209,1.9945046091989471,0.039980599035141735
3000.4779404668384,1299.3750375696031,25.944393061595587,1.328208487069995,0.02478149422475874
2073.4761887600907,716.2759015642969,11.28793520126864,0.46073534550410655,0.0068530547169275225
4367.044394901071,1949.0770741818951,39.40451505525465,2.161224691665133,0.04151505940156414
12020.370999874991,2688.185172777649,27.864538965314647,0.7368618684737708,0.007099971552090344
347.83390956544235,111.99086039944254,1.6107568256640419,0.06121740971795306,0.0008478205829906113
3420.14619085626,1667.692804708489,36.8816114017305,2.177354405948431,0.04569379709012342
988.4649193105269,620.0374221136362,17.541421713997757,1.2980250712191466,0.03501338233235522
5229.904454321522,2478.6138122588345,53.6424202549097,3.0673865626370755,0.06259642703185773
2383.030528306933,1064.3981712944656,21.59658710920753,1.167137462447887,0.02243990951357327
11371.819569934089,1869.3925304250959,14.12374971990518,0.274444841282367,0.0019429762114769368
11277.54219043928,6685.6018491072045,180.43534687962278,12.838114814931012,0.32760009342031365
3988.4926696218195,1874.0302535572926,40.088340212494614,2.263674573156431,0.04578803440348333
9462.902846744484,12527.83853585009,765.863208498336,123.31290560699259,7.041294814131216
2337.1615194825727,1193.5411364561776,28.037840704410122,1.7263222530698885,0.037980945528094445
10326.559032231984,12973.990998346202,747.9542959028665,113.87243797259414,6.1634195635967135
17024.836248499403,16763.848026418927,753.5116218883184,89.2120039412352,3.7812410993830423
678.3006680555379,142.0235617452503,1.3561880971306979,0.03355990369795045,0.00030258735496514847
4139.303849514857,1808.2007549639009,35.827231777533704,1.8481984470970523,0.03474754051361819
3458.164724782035,1231.0499327929656,19.715958936319318,0.8701079755016197,0.013328159566592803
3280.1008035397,1406.1959089669722,27.44977847615806,1.4337278799427542,0.02646260383059961
3966.605917930521,417.8421159258326,1.9690992172274946,0.024511503756675455,0.00011116058871503802
3169.015145834295,1155.7274405235971,19.0403322683041,0.8612416054887958,0.013517976377479458
5003.41165824148,2781.723035275337,70.18020385318022,4.685644689427723,0.11210809720788131
1.311178794130683e-08,2.128228578618913e-12,1.6704272575674558e-17,3.462679437319129e-22,2.6147143056012303e-27
2117.651184740141,1039.6703743895355,23.76469472562202,1.3846811299496944,0.03145050042026452
4003.874418933524,2603.0040537878644,76.8108755964775,5.893865614882685,0.16486244403545822
2169.9520690581817,1012.6511049578526,21.360139487841124,1.1767652038001684,0.023628173427635592
3887.3501761342313,2041.5137963204816,49.14176985879439,3.128584085021487,0.07076770029080322
5070.210191919469,2390.684753551071,51.08365410590745,2.942888634231258,0.05972067356581234
2990.3908089064416,1306.5034112096866,25.483195251376735,1.3175338464576438,0.026717734825396754
3724.0161193648623,1716.3340237882478,36.00873601086607,2.0119850921634197,0.03992061374457946
3091.9596000898646,1538.257333883567,34.555051821835704,2.066340909368484,0.044227839664689676
1.311178794130683e-08,2.128228578618913e-12,1.6704272575674558e-17,3.462679437319129e-22,2.6147143056012303e-27
2467.886037043464,1087.2784537679886,21.80859313204422,1.1627719216997403,0.02205468607571164
4204.114544429295,2205.9108414177813,52.74636710401551,3.3506849604174396,0.07569039691437525
709.2580267593548,88.67005506886275,0.49867442576188864,0.010851097753625675,5.841110150523963e-05
6877.997108486226,3801.54440699805,96.67854602123796,6.544169633090318,0.1558468804607658
3720.273686376253,2094.444230286006,53.71871305418946,3.657148596959027,0.08863519417996706
4006.724494937859,1910.4506439678637,41.27913145697422,2.380304159191799,0.04884429650717526
1.311178794130683e-08,2.128228578618913e-12,1.6704272575674558e-17,3.462679437319129e-22,2.6147143056012303e-27
2866.0212331670837,1230.3853388082132,23.934264518038987,1.2634295136312854,0.02334514407585245
1.311178794130683e-08,2.128228578618913e-12,1.6704272575674558e-17,3.462679437319129e-22,2.6147143056012303e-27
2252.5663465056396,991.2276329970294,20.0471835728152,1.0805226847782086,0.020483523872776046
1.311178794130683e-08,2.128228578618913e-12,1.6704272575674558e-17,3.462679437319129e-22,2.6147143056012303e-27
3885.3873379825077,1446.085846146406,24.42174319475412,1.1346207365457661,0.01817917944136103
2655.8981339276256,1217.0001275650518,25.109018442806484,1.4109389338902032,0.027814151696465027
2914.20122814358,1129.3911973853767,20.14639455949947,0.9585633819086518,0.01600463940956591
2680.1575363398442,1100.1918297973066,20.605957173099988,1.0582563417993955,0.018706653738715162
2769.1620664867905,1211.976403810638,24.113798835429552,1.246492957017561,0.023483054289762266
4302.860919643795,2161.982280551676,49.43428255046102,2.933358300212079,0.06344160057029723
1.311178794130683e-08,2.128228578618913e-12,1.6704272575674558e-17,3.462679437319129e-22,2.6147143056012303e-27
3902.2201489052745,1969.9758051932101,44.97286493465768,2.680011534660776,0.05820977984373655
3469.564402822631,1438.8568354347638,27.232481854177927,1.3770434661552724,0.024590309186186182
2785.1621037035834,1170.615664189969,22.218468285873133,1.1062242275633176,0.021779665355186818
2986.4120354359216,1599.1392508446304,39.100556181117504,2.5142147044117,0.05796715356027797
912.7167389247521,92.27252540510264,0.41733312979772713,0.004985829002227011,2.170043074092851e-05
3552.8817739035844,1840.8263634999303,43.26167309709085,2.6888912831532368,0.059955780309669096
3088.46333420264,1345.6144179050384,26.953590892839966,1.3939653726287087,0.02904500211136928
1.311178794130683e-08,2.128228578618913e-12,1.6704272575674558e-17,3.462679437319129e-22,2.6147143056012303e-27
1574.3839017865803,525.7174772180897,8.003615975485824,0.315776810952034,0.0045400877487312965
2332.7556089298555,1142.0441033981817,25.319479478723718,1.495064217232275,0.0314974540302949
2979.5377606280877,1596.6001272367664,39.11798769178005,2.517368403818152,0.0580873995716647
6320.823817306291,3312.5662749512694,79.47319100926994,4.9207317820249665,0.11105075721992928
3394.1976367759057,1622.858862679015,35.0731032289461,1.9796058084757182,0.04072334296592094
3282.808968068145,1505.8474196656332,31.18733772414007,1.7227236448043055,0.0340004438644067
3125.1351610479974,1702.2340049196605,42.31363773028472,2.808830455209421,0.06587580385935098
16672.225461939834,5196.792571850832,75.01494734740577,2.7649148173460754,0.03713598978711077
735.0131896677124,199.31695792864647,2.422103326242434,0.08495628579759738,0.00099139819373134
4342.000591034984,1806.0431200751611,34.54523250517072,1.7466282902267651,0.03129772515495824
3945.5772820586467,2026.949501237967,48.290838852226415,2.997295567587991,0.06637864771696936
3108.4577069755005,1383.138216603936,28.03226118255603,1.5183131728700936,0.02908653597821163
740.615818994422,284.5344226230615,4.933688641794374,0.2238047299869095,0.0036998251609637943
2344.8155290736863,1114.5911861417876,23.933998852780604,1.3732868339924105,0.028087096425386322
1.311178794130683e-08,2.128228578618913e-12,1.6704272575674558e-17,3.462679437319129e-22,2.6147143056012303e-27
1205.5079604376765,390.1969992758914,5.7553353824062015,0.23767126374198697,0.003312692881515713
3012.456280334917,1378.5877352975358,28.73238782958615,1.6038879859860127,0.033820053774451554
560.6950656830529,142.10370105429772,1.6096183426437463,0.048171470057794215,0.0005253002059007691
3620.004064941161,1625.851425596489,32.926830222311644,1.7456372038752825,0.03372904758798286
2300.2613957688964,1026.971664065987,20.655255434315265,1.1271791718586326,0.021650827147240162
2336.3563632248906,1170.5418799545566,26.5757024664705,1.5719605385519058,0.03388986881999514
565.239153600856,38.45582787830099,0.1283048428048956,0.0010783572104527688,6.263856618961093e-05
7172.822792243631,3214.932571152184,64.92230986824933,3.434676789817317,0.06622521121038691
931.28432859098,373.26813495726014,6.983894673049056,0.3311658828950269,0.005722903268185937
3868.568896187547,2314.6269441275745,63.570512779947144,4.590418088674568,0.11830971684867515
2445.5831313813846,1427.7242627710768,37.829655031896245,2.673684431053877,0.07039306934557808
8641.166024420943,8261.871356328757,359.92778493861755,41.182649921169315,1.7303603909562644
3013.408521369049,1517.617992389009,34.861931036959845,2.0738192655243304,0.04496381173350609
1.311178794130683e-08,2.128228578618913e-12,1.6704272575674558e-17,3.462679437319129e-22,2.6147143056012303e-27
581.3887186387897,90.85088284872623,0.6349689476885447,0.011951123769869584,0.00022804109550799472
3040.8029008732574,1616.3681318246684,38.82394338870446,2.4357095427721616,0.05569773415105378
4053.3395321023445,1892.1460198239283,40.25680820494888,2.2586689562398856,0.04539396084234891
1.311178794130683e-08,2.128228578618913e-12,1.6704272575674558e-17,3.462679437319129e-22,2.6147143056012303e-27
3440.511874324954,1299.8502273932475,22.417130157610522,1.0596282403651172,0.017239873722830333
3910.10385639207,1964.8552140841168,45.1549203481627,2.6806993081784647,0.05800472596897125
1406.4438197268007,512.6151987026384,8.546857404545245,0.39073688166441745,0.006133629712046939
2240.75428761637,870.0459673346625,15.361929598904164,0.7045833537541789,0.011777021875246292
4156.748030383897,1938.240872286047,40.73687774869338,2.2419996520475416,0.04497153492731407
3131.7101880229816,1319.4707864062407,25.573125621745742,1.3030634446847196,0.023651691814660748
2878.3318573053693,1169.1608101666163,21.801005491404577,1.08453053700576,0.01897620255955006
3547.853052200583,1608.8367179653105,32.86700329022582,1.7591608880332887,0.03431619562932442
2501.1482935161484,1041.1154354792136,19.68716549793769,0.9936256237253412,0.017804317678485154
2372.194708654183,750.3999662579655,10.626348185941689,0.42030620242121264,0.005720285392264165
3009.806445447418,1283.1714808802699,24.722731114952715,1.3469001010709116,0.024713922933983182
8790.224893519626,1302.9356684780078,8.925125904986471,0.15641629497960152,0.0009987323617131987
5640.11937334899,2033.9614496151257,33.1270657841123,1.4805557032730123,0.02297902000374148
3975.884390285865,1919.0626814958823,42.2085598159642,2.476745638868614,0.05146913216214682
465.5029136566608,70.9734926849554,0.48394885278943267,0.00871730245768244,5.72092509463473e-05
242.06220141652614,63.61181684500304,0.7795579989305063,0.0284387904791028,0.0003221556530781819
3147.2918898103535,1470.9634630778612,30.91589891748896,1.7535378391415444,0.03525311543216414
19758.338119658714,19026.838125106664,840.4582737396772,97.57145469130688,4.04721616977132
1217.292854397853,269.41439444762534,2.7479839524669076,0.07902800135930745,0.0007534981974619768
4713.99963442491,2178.2721398012277,45.83445422907247,2.6115928034413454,0.05195695606461738
3717.5155803618154,1733.315167479051,37.134404558766775,2.1112412910782066,0.04240633255368421
2582.79792190599,1128.695528319045,22.279868607418344,1.1892248550977798,0.02236315667208052
3518.5891253677432,1311.43265386128,21.870090564747297,1.0066732568383712,0.016139162799490105
2845.324135727153,1441.2918065502674,33.249878080981674,1.9891754626782672,0.043374080193747576
5119.65940588394,2013.5953656735755,36.1680817815474,1.739585788374523,0.02946285260340859
2512.6500489030454,1025.3116043592124,18.98874376307528,0.9151391187475045,0.01607326542269462
3855.2331261270665,2079.537540799274,51.036919179992736,3.2508605203569454,0.07547486777441559
3109.7097824262783,1712.615095364233,43.340198853601834,2.919360463727798,0.06926647325560481
1.311178794130683e-08,2.128228578618913e-12,1.6704272575674558e-17,3.462679437319129e-22,2.6147143056012303e-27
10302.597915313867,1264.4728017912544,7.162175100736766,0.11608802504347837,0.0006137343510171801
1.311178794130683e-08,2.128228578618913e-12,1.6704272575674558e-17,3.462679437319129e-22,2.6147143056012303e-27
1846.3276835035513,711.3624028912759,12.539039373747746,0.570873646270736,0.009471763017268195
3345.257857477394,1940.3016220501697,51.22333347174949,3.5081319479534008,0.08757777959699142
3781.1486920334146,1702.7437267229893,34.819745200586034,1.851758441140598,0.03589134928728118
1090.4630537568842,462.14414705647124,8.930875252144512,0.47774309513546687,0.008718696116508816
2839.4315204435334,1353.83407781304,29.66242014479723,1.7193935885120226,0.035316501572334714
2747.542900055233,486.7621556731387,3.856100550533169,0.08070051672713525,0.0006153437757170306
5155.906650513761,2942.360858126193,75.72796264746316,5.158098386869115,0.12660703307941387
1.311178794130683e-08,2.128228578618913e-12,1.6704272575674558e-17,3.462679437319129e-22,2.6147143056012303e-27
1.311178794130683e-08,2.128228578618913e-12,1.6704272575674558e-17,3.462679437319129e-22,2.6147143056012303e-27
10627.770171026083,599.7933613891951,1.5148134663504045,0.010104858355070983,2.4555907201609317e-05
1.311178794130683e-08,2.128228578618913e-12,1.6704272575674558e-17,3.462679437319129e-22,2.6147143056012303e-27
3764.8652982311355,1860.6600854144167,41.87853148832739,2.4444612748955152,0.0520047506682667
1.311178794130683e-08,2.128228578618913e-12,1.6704272575674558e-17,3.462679437319129e-22,2.6147143056012303e-27
2954.1798551934617,1182.2397241566055,21.539739658458828,1.0556956092607916,0.01818967989760814
11985.955521893035,1236.499357629564,5.861241453060303,0.07148439037765786,0.00031762180518551866
944.0298118248163,136.3201492609392,0.8804136401398371,0.015020599873374054,9.33652703811118e-05
3492.1617923001218,1374.4043829252175,24.413638011943714,1.1344750446771474,0.01921216819803072
238.94200740096588,39.80687726614364,0.29671642232453427,0.006008823693943488,0.0001612998572912983
1.311178794130683e-08,2.128228578618913e-12,1.6704272575674558e-17,3.462679437319129e-22,2.6147143056012303e-27
3224.225079302075,1228.5640131868686,20.956294869731256,0.9937003412164335,0.01629013080211277
1042.8667163899675,126.48976367086486,0.6914353324250249,0.01652382916115506,8.630162801977565e-05
1.311178794130683e-08,2.128228578618913e-12,1.6704272575674558e-17,3.462679437319129e-22,2.6147143056012303e-27
3999.3221360617767,1431.0601840318798,23.214664607715758,1.0070401811140695,0.015511069231940925
3270.5855092130078,1703.7606967799125,41.01004811379695,2.6428057762882116,0.062366929327112894
6150.677558491734,11156.534645729833,937.3311451289226,208.00905836014152,16.45244524487513
3917.4857729880446,1599.9015746345651,29.92503062152683,1.4441978963017363,0.02540067152969602
4204.2986814591095,2014.3699319850953,43.72008117132833,2.5142341594762017,0.0518397463035845
485.0694694686008,53.446554003096686,0.29019483970810356,0.003784751529486079,1.7983161282093394e-05
570.6295662939635,327.9462681529815,8.702811759726675,0.6232101306711619,0.017001378891802095
1.311178794130683e-08,2.128228578618913e-12,1.6704272575674558e-17,3.462679437319129e-22,2.6147143056012303e-27
3154.7918620921782,1534.9242869785373,33.572998758181555,1.936557567404489,0.04491537778151653
71.31390388982157,0.010500224142751426,7.476113158652164e-08,1.4058162990855141e-12,9.629605807664338e-18
4856.983240057294,2196.0537624900567,44.67301014212369,2.3838807321921527,0.046362974173581394
2923.7099257548484,1007.4884533628677,15.789935365864439,0.663786745821891,0.009847896447114786
930.6608935045424,70.57553110750796,0.3050953634957162,0.002742757543862034,8.9826293778752e-06
1306.3421947101124,128.65525526022273,0.5668648158754668,0.006597414142318795,2.7973266099746938e-05
594.0699249694828,45.93773846119628,0.16809428251966027,0.0015372672101778167,5.121659235376908e-06
7360.260306490848,1337.3266782171368,10.996646697288305,0.23610017132683384,0.0018469200729731281
2636.673560172642,1503.2011014910559,39.17702737663064,2.7429630433319283,0.06734485652032529
4258.595614007631,1696.5049426370574,30.628797012199886,1.4409855032251337,0.024706467616422114
3293.0062774483044,1215.9803226439233,20.803437037166272,0.936504611339517,0.016439513470990996
3211.087966556655,1275.8501478956862,23.35382979616751,1.0969091601236176,0.01877605152696981
4080.0000298527216,1949.01677661329,42.29225962321902,2.385766785245284,0.04905182108798791
1.311178794130683e-08,2.128228578618913e-12,1.6704272575674558e-17,3.462679437319129e-22,2.6147143056012303e-27
1.311178794130683e-08,2.128228578618913e-12,1.6704272575674558e-17,3.462679437319129e-22,2.6147143056012303e-27
847.8757939582653,516.2484542666521,14.499047573350856,1.0859668185758578,0.03060807146450554
2365.2443113658755,186.90831978902327,0.6931315793992162,0.006477240756719826,2.205109253706535e-05
3910.5160110364013,1529.7931090632092,26.93425110428953,1.24387924717554,0.020934825341484588
3278.9380041750455,1308.0495466587938,23.924041278569664,1.1672501923921523,0.020056415978969504
3158.320750736251,950.6334101336887,12.784063595234896,0.45426321668366687,0.00588193271856037
1.311178794130683e-08,2.128228578618913e-12,1.6704272575674558e-17,3.462679437319129e-22,2.6147143056012303e-27
3538.53646340001,1637.2693243565768,34.00585448145451,1.8566416077992542,0.03694494494852429
1160.1475789614942,377.4087780708403,5.620108062078309,0.21606712835638142,0.0030270429848627844
860.6938909174421,313.0384272415723,5.191717363737339,0.22309464503322282,0.003493588856525202
1.311178794130683e-08,2.128228578618913e-12,1.6704272575674558e-17,3.462679437319129e-22,2.6147143056012303e-27
1.311178794130683e-08,2.128228578618913e-12,1.6704272575674558e-17,3.462679437319129e-22,2.6147143056012303e-27
998.5032052453921,103.03054219544325,0.47560976659065046,0.0057993729074728466,2.5762546127943353e-05
1059.8940537089368,563.5911244634442,13.62707589179116,0.8798830909525167,0.020139558358497685
3403.044318534061,1459.348780947592,28.36812114865776,1.4910503457903022,0.027521633687304422
5746.907695457978,1095.5815325744409,9.52260894068586,0.2267390497520336,0.00186142400540448
1.311178794130683e-08,2.128228578618913e-12,1.6704272575674558e-17,3.462679437319129e-22,2.6147143056012303e-27
2563.292965996865,1124.092141005028,22.041750276467052,1.1800097907875766,0.022252851534687215
1.311178794130683e-08,2.128228578618913e-12,1.6704272575674558e-17,3.462679437319129e-22,2.6147143056012303e-27
1.311178794130683e-08,2.128228578618913e-12,1.6704272575674558e-17,3.462679437319129e-22,2.6147143056012303e-27
1.311178794130683e-08,2.128228578618913e-12,1.6704272575674558e-17,3.462679437319129e-22,2.6147143056012303e-27
1.311178794130683e-08,2.128228578618913e-12,1.6704272575674558e-17,3.462679437319129e-22,2.6147143056012303e-27
1.311178794130683e-08,2.128228578618913e-12,1.6704272575674558e-17,3.462679437319129e-22,2.6147143056012303e-27
3473.0509086406983,1812.1227455427127,42.53487277236459,2.6608448015321122,0.059710002909994925
3331.7407202104596,1197.621145024468,19.22614077519098,0.8156218507546261,0.01260920959126188
1.311178794130683e-08,2.128228578618913e-12,1.6704272575674558e-17,3.462679437319129e-22,2.6147143056012303e-27
1.311178794130683e-08,2.128228578618913e-12,1.6704272575674558e-17,3.462679437319129e-22,2.6147143056012303e-27
3460.338939463126,1506.4752749565703,29.805635804498653,1.5975849408348965,0.029941363429414843
1.311178794130683e-08,2.128228578618913e-12,1.6704272575674558e-17,3.462679437319129e-22,2.6147143056012303e-27
1.311178794130683e-08,2.128228578618913e-12,1.6704272575674558e-17,3.462679437319129e-22,2.6147143056012303e-27
1.311178794130683e-08,2.128228578618913e-12,1.6704272575674558e-17,3.462679437319129e-22,2.6147143056012303e-27
1.311178794130683e-08,2.128228578618913e-12,1.6704272575674558e-17,3.462679437319129e-22,2.6147143056012303e-27
1.311178794130683e-08,2.128228578618913e-12,1.6704272575674558e-17,3.462679437319129e-22,2.6147143056012303e-27
1.311178794130683e-08,2.128228578618913e-12,1.6704272575674558e-17,3.462679437319129e-22,2.6147143056012303e-27
1.311178794130683e-08,2.128228578618913e-12,1.6704272575674558e-17,3.462679437319129e-22,2.6147143056012303e-27
15.410663633452565,1.953952112800811,0.011081773999504177,0.00016602227149241665,9.061756710721809e-07
1.311178794130683e-08,2.128228578618913e-12,1.6704272575674558e-17,3.462679437319129e-22,2.6147143056012303e-27
1.311178794130683e-08,2.128228578618913e-12,1.6704272575674558e-17,3.462679437319129e-22,2.6147143056012303e-27
1.311178794130683e-08,2.128228578618913e-12,1.6704272575674558e-17,3.462679437319129e-22,2.6147143056012303e-27
1.311178794130683e-08,2.128228578618913e-12,1.6704272575674558e-17,3.462679437319129e-22,2.6147143056012303e-27
1.311178794130683e-08,2.128228578618913e-12,1.6704272575674558e-17,3.462679437319129e-22,2.6147143056012303e-27
1.311178794130683e-08,2.128228578618913e-12,1.6704272575674558e-17,3.462679437319129e-22,2.6147143056012303e-27
1.311178794130683e-08,2.128228578618913e-12,1.6704272575674558e-17,3.462679437319129e-22,2.6147143056012303e-27
1.311178794130683e-08,2.128228578618913e-12,1.6704272575674558e-17,3.462679437319129e-22,2.6147143056012303e-27
1.311178794130683e-08,2.128228578618913e-12,1.6704272575674558e-17,3.462679437319129e-22,2.6147143056012303e-27
1.311178794130683e-08,2.128228578618913e-12,1.6704272575674558e-17,3.462679437319129e-22,2.6147143056012303e-27
1.311178794130683e-08,2.128228578618913e-12,1.6704272575674558e-17,3.462679437319129e-22,2.6147143056012303e-27
1.311178794130683e-08,2.128228578618913e-12,1.6704272575674558e-17,3.462679437319129e-22,2.6147143056012303e-27
1.311178794130683e-08,2.128228578618913e-12,1.6704272575674558e-17,3.462679437319129e-22,2.6147143056012303e-27
1.311178794130683e-08,2.128228578618913e-12,1.6704272575674558e-17,3.462679437319129e-22,2.6147143056012303e-27
1.311178794130683e-08,2.128228578618913e-12,1.6704272575674558e-17,3.462679437319129e-22,2.6147143056012303e-27
1.311178794130683e-08,2.128228578618913e-12,1.6704272575674558e-17,3.462679437319129e-22,2.6147143056012303e-27
1.311178794130683e-08,2.128228578618913e-12,1.6704272575674558e-17,3.462679437319129e-22,2.6147143056012303e-27
1.311178794130683e-08,2.128228578618913e-12,1.6704272575674558e-17,3.462679437319129e-22,2.6147143056012303e-27
1.311178794130683e-08,2.128228578618913e-12,1.6704272575674558e-17,3.462679437319129e-22,2.6147143056012303e-27
1136.3432034647683,192.68961260342456,1.5238280258799606,0.030558775031443025,0.00022327795635259783
1855.323825185332,336.6584797983599,2.8904795468778994,0.062055083115294306,0.0004854009096863572
672.4111198495207,186.25110199063445,2.306054542812648,0.0761980162791292,0.0013155360618456425
1771.6873925880839,1379.3927208336381,48.82938226258463,4.710538816192783,0.15786013747480673
36208.454460939174,26341.83946568561,881.1228929443558,78.3260224551638,2.45531164880532
41042.201754945796,82547.2892829738,7613.172074598293,1878.3692783897327,165.06411686194787
485.38522784939096,254.53120780444968,6.031645072050982,0.39184050176313323,0.0100332524137626
7610.981533003178,1899.808754642861,21.791012139705693,0.6949622367872275,0.007472535258141868
2101.0165633950546,1096.1849588504676,25.884912277147894,1.6935842127778495,0.04045836153840279
646.4201070831461,145.16088172434795,1.4623498980257428,0.044602626773090584,0.0007235818500332151
590.8059964523773,1089.9229376546423,92.85116296490948,21.228426092561993,1.7560665689242025
2833.7736540383557,1604.086368339608,41.135407725012534,2.8098852114720425,0.06844089906252972
7638.389320300212,490.65135737881167,1.4856172690949598,0.015516271270329342,4.293898294251177e-05
2470.201026807151,770.8654416419934,11.100488126440554,0.42633275279735716,0.005732180069564434
4108.377865285927,2325.0593004808366,59.91781681350093,4.272034785576922,0.10809504549858627
734.1930180755253,114.9713018134524,0.8287594552271105,0.018723592012914327,0.00012630233664352814
9020.030439216896,715.93726033147,2.5788191253894976,0.024195114555189776,8.26990184520017e-05
8302.40565531574,1660.9705201045106,15.369718534070397,0.3793752578226269,0.003269815181052735
6685.3705717188095,4244.778652003579,124.39477955213142,9.766643881407367,0.2763508474829033
587.3000140703191,130.48665228678013,1.2959908539080727,0.03400677477077779,0.00032513551735886674
2185.136969244477,102.33084282967314,0.21524878756339078,0.002254551924714822,4.546661574586292e-06
7036.518566858494,1843.7609836045438,22.215845112934257,0.7418737790091071,0.008373958368435495
7201.112876452462,997.2308072868427,6.401715260025665,0.11703519553211356,0.0006982251781760557
8523.122720300431,2285.874287342462,28.053385660754877,0.9641589655477715,0.011137159572149035
7960.56618137702,1848.971306619709,19.724899258762367,0.5608315832649841,0.0056108121363453375
727.3162259386019,421.4803077443196,11.305761778424655,0.8268288518433274,0.02065909064333518
859.1041737106862,299.8170491600699,4.761983877948508,0.19633470473289397,0.002949874758308678
6880.036613727411,2009.8657248620077,26.93013950522073,0.9805963829056353,0.012338756810744249
11919.414263227287,2176.513146860987,18.314892349932002,0.3953872919858958,0.0031099778770075992
1158.6681186672226,269.5108181004021,2.9125199164383204,0.08762781989546398,0.000878346939796216
574.1812018369804,184.05125026922443,2.9085783175142854,0.11939190811154071,0.001654419608534624
819.0796269404866,337.12503344609604,6.268012386757279,0.31911339757977764,0.005652340815580721
687.7281185845284,51.95406888614892,0.18522766017581999,0.001654842454069609,5.386063751199838e-06
782.8712410166439,185.39609983673725,2.0428200891746378,0.05721331985924352,0.000583857594022056
5896.219259255272,1803.570841807008,25.530358384821827,0.9672734117515827,0.012751526599654435
5279.250471060742,685.471051828061,4.072632348795086,0.06250979316275118,0.00034955169864037247
1402.0915651965984,12.972697623164807,0.005372842112847079,5.8770504500651475e-06,2.3417817816525557e-09
615.4667868171425,41.90134493745719,0.1358512275846547,0.0010938691893318659,3.2086887674728467e-06
7721.278959232903,1996.1190951436831,23.453048019873066,0.7756960554677275,0.008634588877598768
24321.807146120125,7214.146014275023,98.05274200463926,3.606152209581289,0.04606989741261581
614.061359221666,151.11752393684418,1.7302334041155565,0.05892936959136695,0.0006250448526820418
994.435698322386,86.5628574478587,0.3371247737778617,0.003468040818400444,1.2997126314333172e-05
5510.829275038555,1463.1944197215348,17.86589487132231,0.5885740890451956,0.006731773760516274
5889.1102827581335,818.8550298332262,5.14419897026385,0.08452920912050012,0.0005060469644839282
462.88932389932785,126.46501084430807,1.5852307198508098,0.051192252917795875,0.0006023882027061386
614.1257539899424,93.34281977809187,0.6345053446062944,0.011393802568114814,7.454239823398471e-05
682.4878115108054,54.206575745080876,0.19263867019118083,0.0018082738925907034,6.183734627618e-06
7474.148594699797,1553.1515242518947,14.9729450672118,0.3905160946548214,0.0034965498789115523
6173.839358559449,1006.1319076135874,7.532659864527616,0.1594289407476915,0.0011191071245941968
920.5366998556502,33.773862438662945,0.05545907973145352,0.0002405274984730514,3.800159797057722e-07
5521.053717460641,953.5493777326828,7.452779551653673,0.15210453485388342,0.0011310386296053388
561.4276169816167,23.82259580552296,0.04526060195191821,0.0002512460659874404,8.752513189038471e-05
5127.552618956595,509.6244170528884,2.2660484100348572,0.026615279560607732,0.00011388551928335367
2613.8127477076077,521.9426380058326,4.854911266467862,0.13037067967539978,0.001121874790199375
3890.7741446448717,1337.9428973500792,21.15871914598046,0.9022812396657556,0.013366437681355687
5673.728336423892,1232.207040210226,12.287388250422248,0.34119104540840295,0.003191733049141866
1795.285449041714,780.8969506496724,15.508134138285829,0.8203089909090395,0.015364416236023063
606.7239185021806,209.774806444975,3.2923248549266386,0.14536369126016338,0.002772385499889328
2394.2811044567684,2048.14372944576,80.89029121915456,8.378143825656052,0.31582634530105996
3833.3694036802494,520.7977207302893,3.1647103717849667,0.05080035997426835,0.0002970934056848824
7765.660700015746,2273.8554185740086,30.731918605072533,1.1246084301832417,0.014187795630158285
2406.7484353043546,934.10983276906,16.79087851748018,0.796603637923497,0.014779260955481379
621.6410884508318,122.67917850116983,1.1671071775581847,0.027268175001570954,0.00023212664366135008
2126.392528088301,680.9137053058072,10.095125202098583,0.40804482855955737,0.00700860876971448
3390.055061002919,1142.9113256273965,17.80109953195325,0.7641603631778892,0.011101510103399307
2962.4157711417984,1045.759679633698,17.08728362576517,0.7605936130147015,0.012929085772064624
2517.834423118382,781.4517146427738,11.165346186324772,0.40965428655234665,0.005476983334160097
672.3833326204667,186.60311557188095,2.32434584786729,0.08747957376812929,0.001479214552508008
3519.246640522129,959.321858914413,12.270867595022983,0.4309212183121341,0.005975665420927115
7176.265073113694,2733.1814866088885,48.246739771039394,2.340972084889382,0.04190824648512381
3762.3958354709125,1148.601880169279,16.08546068433129,0.6436540890092696,0.009631307932646537
6430.98070988598,1203.743263767081,10.201367320361443,0.2256341731066429,0.0018183178810445345
6443.136296759916,1739.3957748556982,21.70500299727984,0.736686893013641,0.008568949445521197
3978.2387258383314,788.4170879577266,7.232642959736252,0.18848649109761093,0.0016094170305402738
6170.046992093097,1662.4378565380316,20.69867953447637,0.69640516596264,0.008084508468079265
503.4386747276159,146.7410349416607,1.9111013954627287,0.06576457143281073,0.0008246496114755236
4979.357845069432,1069.1039406969974,10.558010334035668,0.28731289607814,0.002657275183659517
5845.919739484297,2004.9653641377247,31.810846160924658,1.363294877720113,0.02014907051068781
4239.065293774537,862.1329677296239,8.267900113359483,0.21564035174310414,0.0018906426821531698
1260.653612138852,416.8424977366177,6.365730389072309,0.2635764788143257,0.004545114677169271
5486.305550286804,1902.468127858147,30.486346101052916,1.3086876070057265,0.019554887239527925
451.22369301151673,234.8422894097305,5.597041455867781,0.3619581111849579,0.00925756950938698
3099.8651795085866,796.0111558851348,9.34309881060933,0.28342178724570405,0.003132765513801247
2815.3094067355432,522.2490683085632,4.387793553641497,0.105145104852149,0.0012331047833682024
468.0643717768707,71.92940359980325,0.49434873461348006,0.00897512674702563,5.936764744740013e-05
671.0421613843785,314.20839297806646,6.7292807160323305,0.37227665315686,0.007506171887607115
5130.238773691629,964.9307609758137,8.27630023452464,0.18398126941372317,0.0014901496681624061
5689.1194943291275,1760.954926860564,24.936789342069897,0.9684792332700612,0.01291084358762769
3343.7162352220134,325.2146137994989,1.4153202583897422,0.016482300190859393,0.0002086270612808323
1136.528479992263,36.78286666458163,0.05328131379680598,0.0002038456692596682,2.840998421477857e-07
5572.786855822945,1610.5926012266286,21.348883407302445,0.7681756538804843,0.009562609866506137
2823.1664441629737,678.6491881777388,7.433193003324336,0.22835569795923824,0.00236384519454987
1002.4099395508842,804.7412742057181,29.387545868945615,2.882494508321088,0.09959588276165328
5190.542242349867,1674.5340646245484,24.705905851233744,0.9860596322166975,0.01370025310218118
17448.487781885357,15045.605186916879,594.3595365606183,64.22098100352466,2.418928847284426
4052.7058893384597,1220.2697923858284,17.14304718563527,0.6567754551530517,0.008524893764842166
1516.7449817483039,184.8111524745507,1.007302094898366,0.014502724308975331,7.607220748661528e-05
6615.3804102641225,2032.6762531379093,28.276278009849246,1.0262881709081106,0.013573547865048208
4223.621798162278,724.6616187092266,5.567732566063836,0.12173379585835743,0.0008990246303460513
6192.849878062975,1651.8793387838643,20.221448898034822,0.6375675306550834,0.007324827659583232
592.5629946028763,236.0239468499981,4.367666216833336,0.2057571167117633,0.0035324979655080033
540.7793042427513,194.53604122505615,3.1344560330625364,0.14273743383245463,0.002209002207223026
6882.318709402987,1190.5690931176505,9.499301292800158,0.19428304788577758,0.0014477371561957384
7086.732846782961,1447.448634372801,13.230709910374811,0.33401472692403095,0.002936113425645048
632.623959482658,139.15201772087423,1.450629688816246,0.03775923915277431,0.0003581166386167313
8182.593643234092,2333.242163041764,30.609411608921427,1.1077022229566662,0.013607031208074431
8006.349117163786,2151.4629860691875,26.6499385648467,0.8706894259271022,0.010079499992896203
6916.411674196479,1233.375404015576,10.03972945479017,0.21160946348333773,0.0016250334653038758
253.95543530412786,64.44716511913836,0.7513535330579351,0.02294883939040977,0.00048288467059600537
6766.102612001369,1219.7393889785683,10.203116372998677,0.21749918244219296,0.0016892641053831365
633.5885323717886,262.6563134186414,4.935111825690124,0.2642338873805125,0.004715474736725037
1168.8918320460366,199.64898614579047,1.600815026328573,0.03234163538525718,0.00023806378812831795
5093.356391712765,922.5116771705883,7.471152426379208,0.1598462610722753,0.001246042417458151
372.59873364131164,200.04414761852857,4.865942270585991,0.30840078562709705,0.007124474386570885
6460.253180792331,845.3876280050932,4.948265196954537,0.07650935344240746,0.00043098987061811894
836.948081172734,233.43555312244763,2.9787181426714913,0.09818864710189719,0.0011793870660310585
5520.367194527591,846.6737619304076,5.8075255207083485,0.1052315920142237,0.0006947092686686702
8214.717115045081,2373.926459543992,31.24498006625143,1.0938843331729455,0.013611296508509878
325.46287988366595,124.35197683517546,2.132552979970008,0.10790882111769536,0.0017740212947912504
7500.081381274362,1832.8955929713159,20.407783255654298,0.6347495449153124,0.006679884159558426
7710.85092823998,1990.7402287889902,23.63494569033099,0.7435339362391645,0.008268846070139996
1259.4350230771895,372.0310142872768,4.926562597535389,0.1895900469918326,0.0035664628804196567
1252.5829016023986,432.56205357524675,6.880697965044299,0.29655619076793266,0.005265185992557078
551.5397255891259,176.0790005284487,2.511210551508369,0.09463555757305037,0.001299595738493962
596.7718265378037,228.932147208049,4.046675844043376,0.18351441344681943,0.003032887539437926
1699.776790226761,239.6863450613801,1.5116687422676984,0.025184970270224913,0.0001528699649497003
1669.8566078499152,618.9770152042976,10.73851569195055,0.49222954647741013,0.009483033036935217
6054.277328152285,2100.7956459566376,33.85394040955324,1.451181620772044,0.02170385124665839
15513.794738176572,12900.702719703955,487.46642716439976,48.7878041324229,1.7455893364256223
7172.789405472179,1288.06317062412,10.68733715698575,0.2394383867054704,0.0018523124306612509
217.7131352848582,14.916670099226849,0.04617168816137381,0.0010433372124617171,3.07846411025603e-06
609.2664178448076,301.76769335896154,6.879818674419968,0.4264550893652701,0.00910149423361365
6236.429833019127,1343.0303686242132,13.391212587289031,0.34352677832822726,0.004500320960839414
5758.893044084939,837.0800784134711,5.583889687961887,0.0959490456271367,0.0006006791543184899
7490.497636064592,2112.4591276548,27.08932049495454,0.9026577285610421,0.010960056583765249
4284.062518581873,569.0689133202044,3.439712773590275,0.05398949538912127,0.0003087367231646344
382.1404663607632,137.32731909405058,2.2040200749388004,0.09347557696129698,0.0014447177022173957
5432.208052695717,1899.77446921652,30.16013448377707,1.2872763102723386,0.019380339311852735
1700.2075271377716,543.85694974943,8.134685329126897,0.32854723942253866,0.004531153799365142
588.7495556509541,243.09594083822944,4.481126658097434,0.21830254674587043,0.003875775847382296
6621.1995438732865,1117.1056282048448,8.441858534931525,0.18364434474573052,0.0013336869224312665
363.6718810417091,181.9743763582231,4.259205493948907,0.25220606413864977,0.005443197362233372
404.8831580683511,252.63664546414566,7.167344411474476,0.5550916751161676,0.014909744355937468
711.6099562914068,240.9654872043962,3.7362877455548347,0.15073652593302875,0.0028113220931412237
5657.079422394605,1095.5046726113494,9.771163085641215,0.2237030514953973,0.0018660324954518762
6784.312296082075,1730.602362775647,20.583701301913518,0.6416531998346178,0.00705439138325692
4981.010644740831,1277.2949139909763,15.199372419961456,0.46091338062543363,0.005092901768747151
516.762796438677,247.54113131150743,5.4294702135067325,0.30937264691724686,0.007400048545040005
4503.644987161864,912.5090103996656,8.465382603546237,0.21458916168845296,0.0018725988212067832
737.3714356666006,47.630434184093254,0.13841675135084652,0.0020677488084330153,5.751694760719304e-06
5812.7429551976165,1347.637591624022,14.356775427911764,0.42838725656395726,0.005118591172328009
4752.490308774134,1169.4874894809034,13.173821539243784,0.4062105313352209,0.004305174500685882
7179.660789425216,1310.77266569911,11.116296512933905,0.23999050084711648,0.0018877489678625458
791.2561273468317,176.70309340546925,1.8386616107630762,0.0544479591982263,0.0005240316958736874
4589.202326427391,1418.6342211389035,20.248768707235588,0.7908355644021138,0.010533515354321708
2465.060593266313,878.4604098449433,14.701400290810057,0.6559096752394196,0.010081264790414613
7496.6204108527745,1192.6634228579503,8.727974686105178,0.16415764811677377,0.0011248990366719298
475.2884840671249,113.79562480236842,1.217791871493403,0.03443184173187558,0.0003547245886183193
7758.128885198459,2321.506669785695,31.769422690095983,1.1918861028225443,0.01536031233465951
7485.156790482939,2131.6874264884295,27.800096297031708,1.0168006354960464,0.012472359417319497
4011.291441790024,778.2111245775656,7.02736460009825,0.16123040825530283,0.0013477932309362126
4493.562103032663,891.8566100021637,8.037069152405829,0.19993186212158184,0.0017085952980292552
5867.356233855936,1515.4285402043868,17.938737459513153,0.5814022017193153,0.006467811905147314
4312.798462443961,584.127634745904,3.549725023934866,0.06984300032198731,0.0004072543114662732
1.311178794130683e-08,2.128228578618913e-12,1.6704272575674558e-17,3.462679437319129e-22,2.6147143056012303e-27
5582.112249848809,1516.7227432688703,18.61634192456714,0.6262128095512535,0.007324081224040068
921.3163058642394,1685.926453092916,142.35182582960297,32.057814106016494,2.5976581554617977
744.5548468885507,259.6573434434035,4.13984613784411,0.17060419987882963,0.0025620789455488868
3947.73096403938,585.5015084191759,4.069172238778686,0.08151400777017777,0.0005209770582556868
2481.081202916823,264.7619010986211,1.263945637237331,0.015938564658005226,7.322328649391857e-05
8415.233905166751,1882.9635718257289,19.301657347737848,0.5676150329285424,0.00547043018097183
754.3620681596387,176.59402948598012,1.917508931749656,0.05986364203369755,0.000943130807931063
1490.2283892165403,272.28301568247696,2.3093140888640287,0.04989445930232706,0.00039276968893107246
6205.204754102359,1665.697120569361,20.516807749157564,0.6986496647809185,0.008078215035807992
6810.1856051515815,1812.7177589487912,22.209531706271104,0.7429224430307187,0.008518849049182787
653.3131530628167,194.65378485283807,2.6843423160032875,0.09457082356630078,0.001214084807237704
11387.110750017104,3514.6529940545784,50.0746272789254,1.9279176764793724,0.025638720729795148
5092.103414008329,1539.2167192034055,21.531805663928193,0.8021352308397214,0.010447890345262861
1111.9046244156118,123.62532241069367,0.6615167604825426,0.011289302966634959,5.410859077667031e-05
408.7743311395107,33.351725550499246,0.12173262550661194,0.0011736169700103723,4.122044843146689e-06
5602.11574991898,1101.2566674012721,9.822896431156698,0.22818253507311925,0.001931293456683526
6008.998139342311,1341.5424006146293,13.643455918921543,0.375698995778952,0.0036118288807925974
1715.5217466998681,1140.3740222011647,35.4607923433041,2.905441568945044,0.08694150721170532
278.0179728760646,164.42467558507403,4.350332660275888,0.3178609780169049,0.008081078348250486
2404.488225352709,1392.4287221857317,36.94963597175714,2.534572498106847,0.06633401839562403
5797.433002279916,1006.3719770814984,7.992104641514925,0.1746592192873645,0.0013057729775506374
6002.81123058169,1525.6856021249507,17.612369547874355,0.5559391654000602,0.006083698354440828
6354.425525145406,1624.6830454160631,19.09766750067646,0.5970933487076194,0.006576018625435233
4945.230798503818,851.7888909329345,6.736850359724984,0.14694887523816064,0.00109020703264141
4272.690351603762,401.8421787329032,1.6940009286745643,0.022554275739686235,9.1329760729215e-05
2520.8295263278555,1130.8601668353158,23.744728762196925,1.3021291717514973,0.02519550254459787
4744.838849566058,1140.2179250794554,12.842399057200398,0.38092674286629763,0.003945899962799159
667.924116034291,416.2043518839034,12.01697452182292,0.9205500744723885,0.024733179811331295
300.0742477551989,140.2221233330235,2.9928548231107275,0.17595950882600786,0.0035410852769795723
1641.5345542669959,311.5911767116946,2.703547113662862,0.06721287173759644,0.0005494663911028682
752.4255343611022,338.1403733736867,6.937866488903226,0.38428911556839856,0.0074367856738122625
7316.207672318412,1559.142572195109,15.269642368169178,0.4009359627742195,0.0036803369509971116
10292.4675537702,1384.4986159338557,8.55042209848597,0.13597701428739853,0.0007878367488172168
7988.504216815141,2243.354676750034,29.310794643865346,1.0183599971723625,0.01232532719015326
3475.7857308877933,533.2223960456901,3.811680760414151,0.06915170890532829,0.00045707907967175606
379.27205187966473,130.19395887737574,2.0785561195753117,0.08439060748104155,0.0012485939475762632
3876.5509047999044,646.2792841518295,4.9942301164611775,0.09845167856215942,0.0007071087582359854
4005.723318078575,604.256354373657,4.216395194397886,0.07520317813498317,0.0004886881924077909
1930.1880708850354,259.52464510624736,1.5894206500345662,0.025259781503620078,0.00014625579135884025
5939.339856274818,624.9700035723924,2.946420402016514,0.04176960570628078,0.0001892300927145522
4972.778763717526,783.2289338411911,5.600823749793754,0.1127973968545779,0.0007650036985355836
4408.025978192755,762.2935727549122,6.000062027916191,0.13188249287687273,0.0009821124156813817
6199.456061813246,1723.3221525970284,22.0432175992052,0.7692179785137567,0.00921143710858975
3912.748896584811,543.8838343010854,3.3814108779217236,0.05553411148666218,0.0003322895210017407
7413.496017780225,2077.5842347244593,26.695808200342316,0.9088386233432669,0.010969941442602984
2800.1315926168,199.38825585073468,0.6352986174015837,0.005346626912707669,1.6392444942215774e-05
6268.632883429019,3342.9327540412737,81.2882834732712,5.2224095890603826,0.11990230389202605
5807.311298831555,1753.861923760318,24.222302868194262,0.8989919005328032,0.011692696423286048
1351.343871751801,1504.1866992169334,77.24007974802593,10.600012979016038,0.5088544912054822
4691.89731622531,1155.997796713445,13.139008674309448,0.3827287850848868,0.00406225369971567
653.8048044089345,357.4671345303378,8.920809381655591,0.576092579513222,0.013560449510981391
637.2418442846687,232.60812796806394,3.8572313847749613,0.16631697145105417,0.002613380188627414
435.27013347092935,100.57219942039254,1.0387261654764621,0.028343797597985818,0.0002818089538691913
573.8661110415802,214.84786855725466,3.719928932014044,0.16467216235086288,0.0026565355377467332
6313.3150451476195,1712.79335721407,21.163145233812752,0.7090125762628932,0.008282666880531624
2389.003623272032,237.62616167718937,1.057427072556185,0.012429382210735104,5.322606058800284e-05
516.7324460500832,102.17804700051674,0.9033367634040366,0.02109854224379133,0.00017954725481086125
6852.07440113372,1160.2533558420455,8.905620298530653,0.17824306268041237,0.001299783015538555
969.3589635615197,713.3351502043316,24.290467732890093,2.179784240307006,0.06916278010903117
4029.629678354337,388.0787941667824,1.672098285977936,0.01903024912037104,7.890440834274668e-05
515.431537923706,272.6086689717326,6.554786325332729,0.4093631836014962,0.009318457428131088
665.2637002382761,311.59178146058076,6.707861860035402,0.3713235745057857,0.007491635286992832
435.9333584424679,80.44010508082924,0.7171597742055754,0.019081420158099847,0.00015189309082317424
5206.714191910233,1283.1396854648194,14.669179673466243,0.4518214891542261,0.004797998373363322
418.65564201921524,123.43072667920154,1.6317656595200558,0.06316017702178262,0.0008013237091872895
4322.1266671759695,1391.4757662758059,20.588979278263288,0.82382357038788,0.01142522887419392
416.36110075437966,167.68784628434685,3.07390648523465,0.14624119923939372,0.0025355511921960274
1478.8222798862673,429.7000897143033,5.593955600613119,0.20833992048843983,0.002604920243419593
461.46604540639635,194.6796258651688,3.6663677140941453,0.1824819909234268,0.0033100658115647217
655.8533381322263,164.13956733688147,1.8359801118836157,0.05425876537157101,0.0005842799465367969
4002.4508684647776,1059.268930739895,12.77677309876406,0.3995828693118198,0.004553536105967204
1280.2462297989475,263.0563923962913,2.4524831810652103,0.05954662751832293,0.000526787754825775
5474.908511102295,1533.2762156558877,19.36525367333544,0.6405670173053598,0.007720930601810407
959.2699850759061,472.5521282024918,10.577529354957775,0.6153154119228463,0.013046038848282517
872.4792012509685,255.54301116177243,3.3442281654593127,0.11563915236646836,0.0014570813105856675
5219.647409422525,449.8361217294794,1.7345339587372275,0.01766628146049832,6.555059972037265e-05
454.1019718130861,245.03750863571216,5.897659278757357,0.3752148192710688,0.008701018948808632
1462.7218819293143,280.45898377917,2.5185868058013456,0.05711960887419129,0.0004719916181424487
4433.9366298242485,885.3067664606699,8.033191096728276,0.1895465744161585,0.0016295523781673892
3400.0812887731654,1288.6227536026788,22.60999243643696,1.0783453351320806,0.017614044550609356
454.0504804686785,175.6075890557206,3.032663925246429,0.13840403109508165,0.0023019121657810383
2019.0799880420143,443.33591591310676,4.46015424983424,0.11575814135705005,0.001094680773721186
1053.7023929920767,202.6377523567824,1.7423628648482152,0.039578904118601724,0.00032757430961700523
1273.1679314995263,528.4223471129458,10.06152901553549,0.49352249550207705,0.008822254268974993
991.621398470531,70.09255444643465,0.22169579952641813,0.0018521080519675781,5.636854231999952e-06
359.22147635131813,175.12995021660007,3.980863801166143,0.22961087704458857,0.004826950874262067
1256.4930983398717,137.22278177003594,0.6704155278227817,0.008651900814446183,4.067798324402143e-05
8045.330602105183,2129.6881113876875,26.041758044332813,0.8782159036179171,0.010016324931450455
3503.47208898377,425.3918356608975,2.3104509226406287,0.033148382708854146,0.00017326638160742564
655.0189430784887,267.46099912106126,4.928424823836224,0.23759178389027086,0.004174273213991479
532.7602620596197,137.51695977085066,1.689489288394104,0.05162263419645024,0.0005747489112392225
3609.665553175033,585.5109719884845,4.294605309828828,0.08231887674886862,0.0005748861953140057
5258.223085008628,801.8227215986216,5.490322262622583,0.12490360347342178,0.0008199831906348082
4674.147573219244,531.927116814193,2.800465575879062,0.03768165675574689,0.00018471936404013196
6628.4762402927345,1641.3605654753983,18.69745014857166,0.5953588139540134,0.006350782889101866
1403.873033089749,223.08893496761894,1.7136720715084455,0.032233876074849024,0.00022090326338853776
7181.6917755262175,1266.1283893757159,10.340170675763474,0.21555269861844203,0.0016371648598427738
509.1335834022223,242.72584339708354,5.1637539293319685,0.2903506880474992,0.005950308387752013
465.8703175560668,55.17292676476795,0.2937744096293248,0.005942240521897044,3.0300995728640513e-05
5474.3970003863815,554.9679977777728,2.5531084487873303,0.030592580887993638,0.00013354867264711841
5992.857545401749,1832.0642092346868,25.865943156352646,0.9707480400576547,0.012786448198011993
3928.3880167862603,742.9838153031096,6.50559496663808,0.1598144263109428,0.001302250331236048
6567.015091458242,1900.1541589660392,25.36224532876737,0.9099887740327004,0.011344034849858776
740.2283598822996,95.69503551736497,0.5533604980919059,0.008452599599388263,4.703949336884448e-05
444.86279639643374,257.66409198528277,6.761786904764862,0.48014614768261626,0.011967318979237827
1175.6983225072343,611.1631346388288,14.649257137657566,0.9001962225443427,0.020162279477236134
6242.139193411645,1485.9313312208985,16.117902538387987,0.4534184451580899,0.004647646736100712
539.6312557591634,120.850987184041,1.2098399978786056,0.031998864532824564,0.00030837383364175624
4849.76917552682,672.2456288100617,4.233989028418348,0.06936522761470881,0.0004140270077309265
5191.978416357288,778.5687188911032,5.32664152784809,0.09441308839080982,0.0006096930511734086
3340.912170926392,677.5375338579903,6.3412984057071276,0.17007067715753416,0.0014858880960840148
165.4300033230167,20.526062845782768,0.1139217770813304,0.0016701968930086055,8.921055729000036e-06
4445.078110934278,3221.8366482750403,108.20308600106394,9.823835099529475,0.31681345835993907
719.3528209759587,236.16703744235505,3.47253466651861,0.14427957815208092,0.0020379577918473984
443.54313665510784,72.75475780092049,0.5336819688206892,0.010341677825293353,7.301407884225015e-05
6943.850642155833,1346.9439081130492,11.930385175266318,0.3013284176098683,0.0025172591809426814
7291.112792436541,2324.0940157863715,34.05506298734257,1.334601336650634,0.018325654207749738
8533.234599345755,2178.5861566883054,25.839069091212135,0.8128979675829303,0.008943473490765998
8160.641505891614,1804.2183048864235,18.45113705310778,0.5140491595427791,0.004896533203886848
10001.508362324676,2767.807995573034,35.170880153283804,1.219696030712494,0.01453941080918325
8686.49456004198,2202.187477702884,25.792496812991125,0.7961050006956095,0.008695368287855961
8881.278044459781,1849.0091070091564,17.86541685985185,0.4398293548871974,0.003945336380108949
7061.810444228913,1063.3172980320658,7.247395903912911,0.12896244404474552,0.0008360747714428551
1839.2997246112275,1454.5044611210517,52.75801693970183,5.093560723961975,0.17351895251732988
5175.784726020552,779.6503702506988,5.410947870693624,0.09636312813336974,0.000625243354257173
111731.39889090827,295025.1544906613,35958.70198341616,11413.07150103647,1301.8199559277482
41282.69792218571,29579.781415056957,987.8555213880915,86.43572913701776,2.672292561041478
5878.7157858397895,7050.112303729667,391.3191601292459,57.67846249685384,2.984836098398111
9771.945461092626,23009.534245496507,2497.371117114174,715.3477424939374,72.8175698369742
2089.6244743156035,1121.6338103580126,28.05948336280069,1.860463821372271,0.04307251508214065
2078.0441605712117,1160.9186651779828,29.96239738272119,2.0311277470657143,0.048905285686505554
1238.9048074570007,817.624038780275,24.66823384975698,1.9858928309822814,0.056438733393764595
754.5520755380737,213.78553689914784,2.881950716699371,0.09756213489799372,0.0016539184154207931
895.2060048273278,702.2690983212989,24.90126928578728,2.3036773209797476,0.07770178620668546
634.4610757908767,270.2651424262245,5.152107520011615,0.2723545266966018,0.004989721996121693
1227.0656333324373,658.465451374745,16.348913296485684,1.1137051040773764,0.025765332465277426
1407.7807024815334,1091.5750865198931,39.26372800825376,3.733089430900695,0.12485361332342101
4022.701652387543,2010.6315295345335,46.75889560578703,2.93416367497216,0.06870472576170847
7859.10367110996,3888.286203559755,88.98281724577065,5.453061209928602,0.11628863162457988
2051.6879388574935,1304.782873293091,38.16900607544853,2.965066438354794,0.08478588784819939
2415.745144979907,1551.0997027564474,45.74258660434933,3.576462453057931,0.10282983894254748
490.555947889523,186.95575899656436,3.256516639301418,0.14792796021390772,0.0030700853003537906
1856.1077348582642,1049.5039729815583,27.301407123630007,1.8954891260469098,0.046179933709045336
692.1099645755521,195.38857236649383,2.4725583899749033,0.09090499041008185,0.0015498697572269053
2070.923471575162,1400.2496415559788,43.818954521225976,3.588390555107814,0.10460246917938465
366.27995402580075,806.7310188031838,81.16484081125527,22.420622510022692,2.1950577759372245
1261.1398593159097,550.0966861570424,10.979369987756025,0.614783635333918,0.011550705085149347
1416.177250450567,501.3464323743947,8.007751056514003,0.3499479370254439,0.005331562490784593
51999.96968211868,39285.431577693336,1376.1988855735437,126.68597490239964,4.1277257918679044
1824.0225223827933,1348.3971922806431,45.55482343941406,4.115588792739644,0.1310127152673228
7940.77592980012,2466.793393590039,34.69207749546498,1.3457591445917638,0.017996205523843505
7549.513029107332,1420.5724797625005,12.309986802415025,0.2738361317240827,0.002219437312252821
352.97504283672924,278.5210319075993,10.06915144185434,0.9383667129264709,0.031883377185382054
181.59552335464605,5.965178858147453,0.008770153867327974,3.405559690217512e-05,4.817402746806093e-08
427.71952014044416,164.8565749162654,2.9518153095779307,0.15157319034029718,0.0025187619762078012
2101.1008179525147,1271.8933758421686,35.26930118841765,2.6246366164803514,0.06843474196812548
500.462758126533,249.6407563581853,5.658021449618484,0.33640773187750733,0.008773150766255684
7925.368020690599,1959.1069698575545,22.450474457165402,0.6774323696326938,0.007215509450043417
751.5505119700379,243.71731992489592,3.680782396852024,0.1511079204417849,0.0021123490321000578
607.300857399731,203.84373348228718,3.123381203665068,0.13318665327132567,0.001925214620141254
142.50232594499934,20.45114132910553,0.13127069302451846,0.0022258259425659457,1.3750286780078779e-05
7282.939001485632,819.8569495481279,4.242715642237596,0.05646463439329091,0.00027377336509895215
748.7959492669313,219.48594920777262,2.914347022064091,0.10091313823009135,0.0012732809634397875
613.2215558971907,171.62660120035588,2.1536378300493313,0.07906791108703302,0.0013687006073754438
4416.138860797438,697.3527921768874,4.924662009230694,0.09187205541130862,0.0006244455658070649
647.6292263488178,300.9472918323664,6.241042633542565,0.3420763101599549,0.006833485648742202
1438.7280987562394,899.6742893912103,25.451966702590497,1.9489389310153893,0.056485140443418555
567.6603637071846,70.34278352092541,0.41889379836330004,0.006142017889967212,3.2809974305999077e-05
575.6640313308131,315.79269123772576,8.025242563345236,0.547510830948398,0.012949049846056791
8378.857539711398,1559.2007905985686,13.423550013207818,0.29535581251611115,0.0023677815204086908
7959.924830313524,1292.1298687750086,9.730000221929124,0.19814213629702765,0.0013857304376559125
1292.491457175913,409.5066099861522,5.8643787720104825,0.23178407219722905,0.0031609883788732583
668.3788579962522,286.60356612084064,5.664062459814637,0.2871142350162432,0.005304174920970934
438.4729570801627,216.09983181386914,4.87226043766935,0.2857298455930699,0.007057567465196556
6618.248587264652,1015.0655853804659,7.056697650673653,0.13735102463950927,0.0009070710682789085
818.7688548938861,374.7898687312962,7.808046598588033,0.424525572413506,0.00952553004712102
6379.35366084631,1255.7745396235007,11.331439040726718,0.277157516857163,0.0023498411465103035
2097.9013413449343,1228.3557745217092,33.15264562928511,2.3835874525108953,0.060145006612809554
618.118058301888,321.4060643970109,7.665454861885625,0.4709831027756571,0.010547597552844899
2284.028274806032,282.5311610198953,1.5919284404420435,0.02327607953936022,0.00012398913224026252
3941.3809685522724,1502.714872399075,26.43391580768418,1.273063900973116,0.020915286097949848
2723.0298003470275,1549.4518029052085,40.17194920216971,2.8027760421518124,0.07191622955778251
1745.1613481737224,1257.2041235521276,41.36162911267953,3.649134116734287,0.11319582926264661
5092.323542283871,1738.1852163633941,27.185807035075335,1.1643048193597438,0.017117715628181332
1728.2947824821676,1026.0670191276386,28.051676388838263,2.058933702670358,0.05267594409540197
738.3200363212453,274.0640926396317,4.777032356514161,0.20984686051344728,0.00335935008278929
11152.24628574772,6747.817369262875,187.62099638277252,14.070127611144208,0.36681136826919336
1939.9834369159069,1242.6936045216294,36.28688334257648,2.860098466757927,0.07887913628473422
4923.358059860506,3245.2337716562497,97.68098535296014,7.954323947199609,0.23410442723463418
12480.172039087502,15852.032926596847,920.6358779338094,141.655387088446,7.746865582131454
972.4477268028768,206.3656643456798,1.9902558817192904,0.049910455117370876,0.0004560419613635116
1748.0674393667587,451.13330364765943,5.30530600228836,0.17240140977081606,0.00191592298732266
612.4726764295924,62.80929488353665,0.28815873149291416,0.0034920842024322315,1.5417529815080414e-05
37028.12458799336,77699.88015801055,7495.750710635583,1925.5960064149049,176.46047148897784
1807.1540226470502,1885.0047385265507,89.80336192852782,11.457635332129628,0.5145923437585317
2098.6754221802694,1477.8947912260799,47.67037160503333,4.139434869435711,0.12556254124721564
1.311178794130683e-08,2.128228578618913e-12,1.6704272575674558e-17,3.462679437319129e-22,2.6147143056012303e-27
1386.226705711238,256.22300338775426,2.175962671352573,0.047545594506359416,0.00037851793495048084
3322.843611280113,2463.181433964185,84.31595629336412,7.746087761282008,0.25370970905491624
1890.7140805538322,1185.0096857248566,34.043313069078756,2.6041749179679456,0.07030373229887403
645.6133070648327,214.18334985986266,3.2858122751717813,0.12888985732659314,0.0018423995404269965
2318.671829350387,1406.2760099422255,39.12024403456211,2.9878500438893596,0.08154102430413487
2634.7009095208814,1728.5328403334195,52.12211017827124,4.146248087637662,0.11719516162051995
4030.672431923938,1310.6542609910193,19.569830730254804,0.8033541871945366,0.011252875732881066
1134.991835022027,552.2738179374859,12.130444927554999,0.7185795703651313,0.015043732115916739
2596.572888624545,950.6806321311552,16.032352256909114,0.6939042731225379,0.01094479676959404
2018.6106829541645,1120.459845421665,28.4551224820893,1.9279831246376156,0.046088028854944806
17041.954788263676,9926.193088417347,265.2617070510569,18.984102331646955,0.47633360854470147
1725.1737257943055,1052.4911363449262,29.275191408568727,2.1691680711158448,0.05994149040700535
998.2755101305128,754.1641633413315,26.068129274790127,2.424328958408308,0.07888236260832299
1603.1889526660643,966.8595932345,26.647041119693164,1.9341957167033081,0.050227531347030605
3342.1567650625357,2179.428825112335,65.61305453349564,5.3237299551611965,0.1496555219299295
58.78298492604249,16.14882798650459,0.198248218598145,0.006430458428822351,7.600385480159094e-05
35118.70601151758,61087.46415499161,4859.2980981448945,1037.1725765800754,78.65287837243085
4894.239700972312,2162.3909184411423,43.74318820092234,2.3809336529945484,0.0453075567107168
1401.169814195876,1201.369187807661,47.164874939796626,4.890304432549953,0.18057598163275698
356.8658143940225,64.51821295762524,0.5478691421061399,0.014692306650992236,0.00011449432242555875
2859.38159039277,1113.4998102831853,19.924294709135594,0.9675053045132533,0.016230971801480216
1999.669163144329,1268.3699293935942,36.17512878949283,2.8120734626394923,0.0766973756235283
897.0188612325019,275.7781149305953,3.8427911546127267,0.14942649452529336,0.0019777116865463563
3771.8758373423457,2651.8302792768854,84.96962840948532,7.273519708373632,0.2201389937673578
2930.2007593477642,2475.706191023573,95.11137778640291,9.826452814329866,0.3572998838334027
6332.226496619042,1590.8225507995064,18.162470230400483,0.5825956258238819,0.0063021034363884955
984.5865002007873,553.9650120670499,14.363545969846502,0.9808766142325491,0.0237809133945137
1282.1499938024313,1300.7678172076426,60.444694662054374,7.506360347098424,0.32803241395166044
9022.899647542708,20697.864576669053,2179.549058882637,609.5098193281699,60.35980127110419
1490.2283894760715,275.3924878598385,2.3618598800653734,0.05213971645175471,0.0007028383530737143
3328.300916346279,2323.4461431968234,74.1135934892864,6.315456524356858,0.18984518201911138
2363.0942487809402,2012.4215487733138,79.1945052261564,8.397363290162266,0.3152670252807317
2952.138011129209,1740.6619420839768,47.209609877554655,3.4268506845595574,0.09226053229863075
4942.922830851043,1675.1529417069119,26.0132154747229,1.079717158738937,0.015760142433933054
4924.360390583638,4017.3470846026576,150.90036359191984,15.176855205383555,0.5336633564436906
2384.016635034384,1043.2380284887672,21.082280726977068,1.1457003715226328,0.021605922007214885
2027.2908607942627,1140.5547457336202,29.318835539420025,2.097583662049802,0.053632699715755766
4543.555405625123,2275.2774786984796,52.429965949596486,3.242279776635057,0.06995733495990555
600.1420381589205,91.46676063245592,0.6234713204755852,0.011226619149836872,7.365173303018275e-05
1411.710687801382,880.5032882215052,24.54864996168199,1.8718443062762897,0.052963675493821416
2041.118890724856,1383.985313683532,42.80730070364212,3.495861722811992,0.10204532715300307
7025.758247945732,1980.9984214453077,25.49527691948526,0.8914500210291146,0.010824232564251053
1606.4573798642082,970.5526215265529,26.773756605148577,1.9792304104624237,0.05431250838082202
592.1254635271408,74.2659626287902,0.4166503889044638,0.006174680870592568,3.333846180022372e-05
6135.588424760738,4321.196906606596,140.6737130546719,12.299364537564754,0.3734837066182905
878.7135223266447,57.313290131520944,0.16727734771305047,0.0012895508817893702,3.6215859593256187e-06
2336.6971556527674,1218.770862273491,28.999524976273403,1.836080075494484,0.04123306230729834
1687.574284202925,1257.6727918490649,43.12651762352779,4.04619101943256,0.14706794721014743
5272.949480164951,4185.576926375407,153.54453989925744,15.062207258401875,0.5244012237743447
1190.910417698374,478.9230999872285,8.684968678180882,0.4292000904500111,0.0074271006275263935
1.311178794130683e-08,2.128228578618913e-12,1.6704272575674558e-17,3.462679437319129e-22,2.6147143056012303e-27
2214.447175517466,1387.3920027022054,39.47532168240327,2.9970480377281485,0.08080893479457009
600.7579056453467,418.7932611353214,13.3749276827853,1.1568019233349913,0.03473826875816505
13955.3519793086,43916.71260654731,6329.395102203521,2418.9762413743324,333.5020333779662
877.6910242059577,315.2753033735082,5.177256605848323,0.21975623654300006,0.00339926562896376
6580.36125225039,1700.3393124957868,20.344391355286547,0.6508750960042067,0.007246721758422359
4699.230889466782,585.8711297982957,3.346332099941442,0.0577992063209083,0.0003103646630786599
1002.3969785730155,575.367317406483,15.091003282833533,1.0231532489140194,0.025285430237076245
1166.0252604687867,287.9049695821306,3.2493272450327866,0.09482076794085764,0.0010082334219386538
5821.051261424532,1678.2228315220393,21.950847516902165,0.7728035794569974,0.010831477002088679
1659.2149102953558,1084.8829125001996,32.125626734262326,2.5503047145830395,0.07174375411846613
6847.069607544609,1654.0805842119935,18.34034854769925,0.5426647492564715,0.005646532835256332
430.91804002593005,692.0294282556705,50.81622962126654,9.976823674002082,0.7002740613608706
1281.4900755214676,768.7156889775572,21.089586020471017,1.526358450934163,0.0394281087960152
4128.333283974603,672.4407422962814,4.898162731198543,0.09425381820369934,0.0006608018785690438
6642.102853845146,1698.0064009897624,19.610151047781724,0.6273073267202635,0.00690329032040307
1417.9914562358135,719.1440106485613,16.646942192261587,1.0343501608227283,0.022588113559464645
7074.366346545306,16543.22640836063,1770.4492830916922,508.19756514035475,52.180070229492735
29689.211417510603,39552.74858647865,2415.326233540988,396.38738382285294,23.103746116299337
8042.508995330683,1825.638543798973,19.23864183452386,0.5431385705908852,0.005312608361592603
1516.4082939738835,785.0793278439876,18.668094761495226,1.1818350406234406,0.02635878931496664
1903.75769179329,1228.7229817137309,35.9733519833046,2.837600905921979,0.07881203080196682
1618.29115035802,927.8495197102799,24.15492013330475,1.7103023175689893,0.04220701722364889
2838.6486211449533,1705.3599084021412,46.880552312840294,3.47893865618981,0.0900170698100819
526.1697969114373,235.8370266178094,4.717906177840133,0.24944449731561918,0.0048066664490167225
1.311178794130683e-08,2.128228578618913e-12,1.6704272575674558e-17,3.462679437319129e-22,2.6147143056012303e-27
20411.739702513678,12636.482509945472,357.98597035590853,27.437461960777963,0.7315990952172574
507.2469850147759,69.2377610336264,0.42270910140185863,0.006817239396200014,4.005615008546329e-05
2556.9056197214304,2375.082782135702,101.06155281928311,11.478133461064882,0.45925424232954465
2258.004198259178,1583.2679806919602,50.59042998316647,4.295378481145766,0.12965034867507763
443666.88946550916,52835.539356514426,290.0192014307879,4.599152609579555,0.031457482423794036
137619.17094084193,12287.175463552547,50.955012602990436,0.6770782260990138,0.005938976634497745
45125.57409878872,149.66260927350424,0.032924452792709044,0.0022206919382627864,0.0004761026710494463
